game_id,team,athlete_id,minutes,gs,os
400899364,NYK,1975,39.0,10.0,6.4
400899364,NYK,3445,35.0,4.6,2.4
400899364,NYK,3456,33.0,15.2,12.8
400899364,NYK,6485,31.0,12.9,10.1
400899364,NYK,6615,19.0,6.6,5.5
400899364,NYK,2284101,16.0,10.3,8.7
400899364,NYK,2566748,1.0,2.0,2.0
400899364,NYK,2580349,17.0,-0.5,-0.6
400899364,NYK,2580898,2.0,-0.4,0.0
400899364,NYK,3102531,33.0,15.2,13.6
400899364,NYK,3138120,15.0,8.2,7.4
400899364,ORL,3209,24.0,7.0,5.6
400899364,ORL,3415,27.0,12.5,12.4
400899364,ORL,6427,21.0,7.4,6.7
400899364,ORL,6478,27.0,6.6,4.3
400899364,ORL,6588,38.0,11.3,11.9
400899364,ORL,6619,37.0,2.7,0.6
400899364,ORL,2583639,21.0,0.4,0.4
400899364,ORL,2995706,21.0,-0.6,-1.0
400899364,ORL,3064290,24.0,3.5,4.6
400899365,CHA,3190,20.0,8.4,7.1
400899365,CHA,3211,13.0,9.0,6.8
400899365,CHA,3231,15.0,8.8,9.2
400899365,CHA,3416,36.0,9.3,6.0
400899365,CHA,3436,17.0,9.3,7.9
400899365,CHA,6479,33.0,7.9,7.6
400899365,CHA,6601,33.0,9.7,9.6
400899365,CHA,6603,19.0,9.2,7.4
400899365,CHA,2579258,31.0,6.8,5.1
400899365,CHA,2579294,22.0,-0.7,-1.5
400899365,DAL,2382,11.0,1.2,2.0
400899365,DAL,2798,30.0,11.0,10.9
400899365,DAL,4032,39.0,5.6,5.5
400899365,DAL,6578,38.0,10.6,6.6
400899365,DAL,2234666,27.0,4.3,2.5
400899365,DAL,2531367,24.0,6.5,5.4
400899365,DAL,2578185,25.0,0.7,0.9
400899365,DAL,2968458,27.0,3.2,1.7
400899365,DAL,2982340,18.0,9.8,10.4
400899366,IND,2389,16.0,9.9,9.2
400899366,IND,2751,21.0,-0.5,-0.3
400899366,IND,2778,21.0,13.5,13.5
400899366,IND,3235,14.0,2.0,1.5
400899366,IND,3244,29.0,9.7,7.1
400899366,IND,4015,34.0,10.3,11.2
400899366,IND,4251,33.0,-1.8,-2.8
400899366,IND,6424,19.0,4.2,4.7
400899366,IND,2991039,21.0,14.6,13.2
400899366,IND,3133628,32.0,10.2,8.4
400899366,ORL,3209,16.0,2.8,1.9
400899366,ORL,3277,19.0,3.5,2.7
400899366,ORL,3415,21.0,6.3,5.7
400899366,ORL,3439,36.0,18.4,12.6
400899366,ORL,6427,17.0,-1.5,-0.8
400899366,ORL,6478,38.0,13.5,9.0
400899366,ORL,6588,30.0,6.3,6.4
400899366,ORL,2583639,32.0,7.7,7.1
400899366,ORL,3064290,32.0,2.8,1.5
400899367,BKN,1781,7.0,4.4,3.8
400899367,BKN,3003,23.0,5.1,1.6
400899367,BKN,3448,28.0,10.4,9.2
400899367,BKN,3593,27.0,6.0,5.9
400899367,BKN,4270,27.0,8.9,7.6
400899367,BKN,6590,17.0,2.5,0.6
400899367,BKN,2488689,30.0,7.8,6.5
400899367,BKN,2528794,23.0,7.8,7.0
400899367,BKN,2991018,3.0,1.7,1.7
400899367,BKN,2991473,3.0,0.6,-0.7
400899367,BKN,3064291,17.0,4.4,2.6
400899367,BKN,3136477,31.0,5.5,4.4
400899367,BKN,3153165,3.0,-1.7,-1.7
400899367,MIL,841,14.0,-2.6,-2.1
400899367,MIL,3418,17.0,4.8,2.3
400899367,MIL,4260,20.0,1.9,0.1
400899367,MIL,4385,19.0,4.3,2.6
400899367,MIL,6592,25.0,11.3,7.1
400899367,MIL,6616,3.0,-0.7,-0.7
400899367,MIL,2489716,24.0,7.0,6.8
400899367,MIL,2528353,28.0,11.5,11.4
400899367,MIL,2566769,26.0,10.7,10.2
400899367,MIL,3032977,30.0,27.8,22.2
400899367,MIL,3056600,29.0,18.3,17.1
400899367,MIL,3137733,3.0,-1.0,-1.0
400899367,MIL,4017843,3.0,0.0,-0.7
400899368,LAC,165,22.0,4.3,3.0
400899368,LAC,2745,8.0,4.9,4.4
400899368,LAC,2753,19.0,-1.2,-3.5
400899368,LAC,2779,37.0,26.0,25.2
400899368,LAC,3024,38.0,12.7,11.4
400899368,LAC,3442,39.0,14.1,6.2
400899368,LAC,3451,22.0,5.2,4.7
400899368,LAC,3460,9.0,-0.5,-0.7
400899368,LAC,3989,40.0,33.6,32.8
400899368,LAC,6569,6.0,-2.6,-1.4
400899368,LAL,3191,10.0,6.1,5.0
400899368,LAL,6618,22.0,13.5,11.7
400899368,LAL,2528393,25.0,9.2,7.5
400899368,LAL,2528426,31.0,0.7,1.9
400899368,LAL,2580365,23.0,6.1,5.8
400899368,LAL,3059281,19.0,6.3,4.4
400899368,LAL,3062744,35.0,17.0,15.7
400899368,LAL,3064514,23.0,10.0,8.7
400899368,LAL,3136776,29.0,-1.1,-2.7
400899368,LAL,3913176,24.0,12.9,12.3
400899369,CLE,1006,28.0,4.9,2.7
400899369,CLE,1966,34.0,31.5,26.8
400899369,CLE,2009,9.0,0.8,0.7
400899369,CLE,2011,24.0,17.1,16.9
400899369,CLE,2754,22.0,15.6,12.0
400899369,CLE,6442,31.0,13.4,13.2
400899369,CLE,6453,3.0,0.3,-0.3
400899369,CLE,6468,28.0,9.1,4.3
400899369,CLE,6474,39.0,21.4,18.0
400899369,CLE,2531797,4.0,4.9,3.3
400899369,CLE,3062892,17.0,6.6,5.4
400899369,MIN,4011,38.0,13.5,13.4
400899369,MIN,4267,3.0,-0.1,0.0
400899369,MIN,4269,20.0,5.7,3.3
400899369,MIN,2531100,3.0,0.2,-0.7
400899369,MIN,2534781,21.0,2.0,2.4
400899369,MIN,2991139,10.0,-3.4,-3.0
400899369,MIN,2993875,31.0,12.6,11.1
400899369,MIN,3059319,36.0,12.9,13.4
400899369,MIN,3064440,37.0,0.5,-0.2
400899369,MIN,3135046,3.0,-0.3,-0.3
400899369,MIN,3136195,39.0,26.1,21.0
400899374,ATL,2011,39.0,14.5,10.4
400899374,ATL,2384,34.0,5.0,4.7
400899374,ATL,2433,6.0,0.9,-0.7
400899374,ATL,3015,47.0,23.0,21.3
400899374,ATL,3028,16.0,2.7,1.9
400899374,ATL,6637,19.0,2.8,1.7
400899374,ATL,2282205,20.0,1.9,1.1
400899374,ATL,2490089,19.0,1.5,0.3
400899374,ATL,2528210,31.0,24.7,24.3
400899374,ATL,3032979,33.0,11.5,11.2
400899374,SAS,272,21.0,11.5,8.4
400899374,SAS,996,38.0,15.0,12.1
400899374,SAS,1015,32.0,17.8,17.6
400899374,SAS,2772,18.0,2.8,3.4
400899374,SAS,2983,43.0,26.5,21.4
400899374,SAS,3988,31.0,6.2,6.0
400899374,SAS,4004,21.0,1.9,2.3
400899374,SAS,6450,28.0,8.3,7.2
400899374,SAS,2579466,19.0,2.3,1.4
400899374,SAS,2580913,6.0,-1.9,-1.7
400899374,SAS,2993874,8.0,-0.4,-0.3
400899375,CLE,1006,26.0,11.2,8.4
400899375,CLE,1135,6.0,2.4,1.7
400899375,CLE,1708,23.0,8.3,4.1
400899375,CLE,1966,32.0,22.2,20.3
400899375,CLE,2009,6.0,3.6,4.0
400899375,CLE,2444,25.0,3.0,1.5
400899375,CLE,2754,14.0,3.7,3.0
400899375,CLE,3449,25.0,19.3,14.5
400899375,CLE,6442,30.0,23.8,21.9
400899375,CLE,6453,12.0,5.0,3.8
400899375,CLE,6468,14.0,1.3,1.1
400899375,CLE,6474,22.0,-1.7,-1.3
400899375,CLE,2531797,6.0,-0.8,-0.4
400899375,NYK,1975,30.0,8.6,8.4
400899375,NYK,2421,3.0,-0.8,-0.4
400899375,NYK,3224,20.0,3.2,1.1
400899375,NYK,3445,20.0,-3.9,-4.8
400899375,NYK,3456,30.0,6.6,6.0
400899375,NYK,3997,21.0,5.1,5.3
400899375,NYK,6485,17.0,0.8,-0.7
400899375,NYK,6615,15.0,2.1,0.7
400899375,NYK,2284101,26.0,8.5,6.0
400899375,NYK,2580349,7.0,4.0,3.7
400899375,NYK,2999409,9.0,2.0,2.4
400899375,NYK,3102531,33.0,9.8,8.5
400899375,NYK,3138120,9.0,5.0,4.7
400899376,POR,4239,26.0,4.8,2.0
400899376,POR,4248,28.0,7.9,5.7
400899376,POR,4259,24.0,8.6,7.5
400899376,POR,6591,22.0,-0.8,-2.7
400899376,POR,6605,9.0,-0.8,-0.7
400899376,POR,6606,35.0,32.3,31.1
400899376,POR,2488653,15.0,-1.0,0.3
400899376,POR,2490149,35.0,16.9,16.8
400899376,POR,2531210,29.0,13.6,13.5
400899376,POR,3078284,16.0,10.1,9.5
400899376,UTA,1007,31.0,24.9,22.7
400899376,UTA,2167,32.0,-4.9,-3.5
400899376,UTA,3438,39.0,14.9,12.4
400899376,UTA,6454,15.0,6.0,4.1
400899376,UTA,2333797,5.0,1.6,0.0
400899376,UTA,2581177,38.0,20.5,18.4
400899376,UTA,2968436,14.0,1.6,1.4
400899376,UTA,3032976,41.0,13.1,9.9
400899376,UTA,3102528,8.0,3.2,3.7
400899376,UTA,3136196,18.0,0.6,0.0
400899377,GSW,2016,20.0,-0.1,0.1
400899377,GSW,2177,11.0,-1.1,-2.3
400899377,GSW,2386,27.0,2.2,2.1
400899377,GSW,2393,13.0,0.9,-0.7
400899377,GSW,2419,3.0,-0.6,0.6
400899377,GSW,3202,37.0,26.8,21.2
400899377,GSW,3452,4.0,0.6,0.6
400899377,GSW,3975,34.0,15.9,15.4
400899377,GSW,6475,33.0,3.0,4.3
400899377,GSW,6589,33.0,23.7,16.7
400899377,GSW,2489785,13.0,1.9,1.2
400899377,GSW,3137730,9.0,3.4,1.7
400899377,GSW,3155535,4.0,0.0,0.0
400899377,SAS,272,21.0,8.1,6.0
400899377,SAS,996,18.0,-0.7,-0.7
400899377,SAS,1015,26.0,4.4,5.1
400899377,SAS,2772,11.0,6.0,5.5
400899377,SAS,2983,35.0,23.7,21.3
400899377,SAS,4004,18.0,13.7,9.8
400899377,SAS,6426,4.0,4.7,4.4
400899377,SAS,6450,32.0,31.7,26.5
400899377,SAS,2579466,28.0,14.2,13.4
400899377,SAS,2580913,17.0,3.8,1.4
400899377,SAS,2968338,4.0,-0.0,0.4
400899377,SAS,2993874,22.0,5.3,4.1
400899377,SAS,2994526,4.0,0.0,0.0
400899378,MIA,3423,29.0,10.9,11.6
400899378,MIA,3999,25.0,10.4,10.2
400899378,MIA,4250,19.0,3.5,3.6
400899378,MIA,4262,31.0,15.9,11.3
400899378,MIA,6628,34.0,4.3,3.6
400899378,MIA,2326015,17.0,11.8,10.6
400899378,MIA,2488826,24.0,4.6,3.6
400899378,MIA,2530276,28.0,14.6,11.9
400899378,MIA,3135047,34.0,12.5,10.2
400899378,ORL,3209,25.0,3.1,2.9
400899378,ORL,3415,17.0,4.9,5.4
400899378,ORL,3439,36.0,7.2,5.9
400899378,ORL,6478,36.0,17.7,14.2
400899378,ORL,6588,39.0,12.5,10.8
400899378,ORL,2583639,38.0,11.7,10.1
400899378,ORL,2995706,14.0,2.2,2.3
400899378,ORL,3064290,35.0,9.9,6.8
400899379,DAL,609,38.0,16.7,11.3
400899379,DAL,2747,20.0,6.1,5.4
400899379,DAL,2798,40.0,15.7,16.0
400899379,DAL,3055,39.0,15.0,14.1
400899379,DAL,4032,40.0,6.6,3.7
400899379,DAL,6576,1.0,-0.4,0.0
400899379,DAL,6578,35.0,13.1,12.5
400899379,DAL,2326307,16.0,8.3,6.1
400899379,DAL,2531367,16.0,1.7,0.6
400899379,DAL,2982340,19.0,5.1,4.0
400899379,DAL,3929314,1.0,0.7,0.7
400899379,IND,2389,11.0,5.5,3.7
400899379,IND,2751,44.0,19.9,16.0
400899379,IND,2778,13.0,7.3,5.7
400899379,IND,3235,22.0,3.8,2.9
400899379,IND,3244,34.0,6.9,6.8
400899379,IND,4015,37.0,14.9,12.9
400899379,IND,4251,43.0,21.4,19.8
400899379,IND,6424,11.0,3.9,2.4
400899379,IND,2528386,3.0,-0.4,0.0
400899379,IND,2991039,10.0,-3.1,-3.1
400899379,IND,3133628,37.0,30.2,24.0
400899380,BKN,1781,22.0,2.4,3.3
400899380,BKN,3448,21.0,2.4,1.9
400899380,BKN,3593,23.0,13.2,12.1
400899380,BKN,4270,24.0,14.1,9.3
400899380,BKN,4291,18.0,1.2,1.4
400899380,BKN,4299,28.0,11.9,11.0
400899380,BKN,6590,25.0,17.2,17.6
400899380,BKN,2488689,22.0,6.9,6.0
400899380,BKN,2528794,25.0,10.4,7.0
400899380,BKN,3064291,24.0,3.1,1.9
400899380,BKN,3136477,4.0,0.6,0.7
400899380,BKN,3153165,4.0,2.4,2.4
400899380,BOS,2761,15.0,7.6,6.8
400899380,BOS,2769,20.0,6.3,5.2
400899380,BOS,3213,27.0,13.5,10.3
400899380,BOS,3998,19.0,3.8,-0.1
400899380,BOS,4240,34.0,14.2,13.3
400899380,BOS,6472,33.0,23.2,20.6
400899380,BOS,6581,29.0,16.9,13.5
400899380,BOS,6631,16.0,13.8,12.6
400899380,BOS,3074752,28.0,5.5,3.4
400899380,BOS,3917376,19.0,9.3,6.7
400899381,DET,4305,15.0,-2.8,-3.5
400899381,DET,6440,35.0,13.6,9.2
400899381,DET,6443,33.0,20.1,18.9
400899381,DET,6452,28.0,2.0,2.1
400899381,DET,6462,31.0,4.7,5.6
400899381,DET,6585,36.0,21.1,15.7
400899381,DET,2581018,40.0,20.6,17.2
400899381,DET,2968439,9.0,1.5,1.4
400899381,DET,3134881,13.0,0.5,0.0
400899381,MIA,2184,21.0,4.0,2.7
400899381,MIA,3981,37.0,13.6,12.4
400899381,MIA,3999,34.0,15.8,13.1
400899381,MIA,4250,17.0,4.3,5.4
400899381,MIA,6480,13.0,9.8,8.4
400899381,MIA,2326015,18.0,4.2,4.1
400899381,MIA,2488826,33.0,4.1,3.0
400899381,MIA,2530276,29.0,9.2,7.3
400899381,MIA,2581190,38.0,10.4,9.7
400899382,DET,2448,15.0,2.8,2.9
400899382,DET,4305,33.0,6.4,5.1
400899382,DET,4376,5.0,-0.2,-0.7
400899382,DET,6440,36.0,13.1,11.8
400899382,DET,6452,23.0,6.5,4.3
400899382,DET,6462,32.0,12.5,10.8
400899382,DET,6585,24.0,6.7,6.2
400899382,DET,2566747,2.0,1.3,1.3
400899382,DET,2581018,39.0,0.8,-0.4
400899382,DET,2968439,15.0,5.7,7.1
400899382,DET,3134881,14.0,0.8,0.3
400899382,DET,3906522,2.0,0.3,0.0
400899382,TOR,3012,38.0,7.8,6.4
400899382,TOR,3970,29.0,5.0,3.1
400899382,TOR,3978,34.0,24.8,23.3
400899382,TOR,4264,26.0,1.6,0.2
400899382,TOR,6446,22.0,6.0,4.8
400899382,TOR,6477,35.0,28.5,28.6
400899382,TOR,6619,19.0,5.5,3.1
400899382,TOR,2595516,2.0,-1.1,-1.4
400899382,TOR,3134908,13.0,-1.0,1.0
400899382,TOR,3149673,22.0,7.1,4.8
400899383,IND,2389,14.0,8.2,7.4
400899383,IND,2751,16.0,8.4,5.5
400899383,IND,2778,16.0,4.6,5.4
400899383,IND,3192,18.0,12.0,11.5
400899383,IND,3244,32.0,3.4,1.6
400899383,IND,4015,27.0,13.2,11.7
400899383,IND,4251,31.0,13.3,13.3
400899383,IND,4289,16.0,6.3,4.8
400899383,IND,6424,3.0,1.4,1.4
400899383,IND,2528386,3.0,0.0,0.0
400899383,IND,2990969,1.0,-1.1,-0.7
400899383,IND,2991039,32.0,7.7,5.3
400899383,IND,3133628,31.0,23.5,20.2
400899383,ORL,3209,23.0,12.0,12.5
400899383,ORL,3277,19.0,4.1,2.7
400899383,ORL,3415,15.0,3.3,2.7
400899383,ORL,3439,32.0,12.8,10.0
400899383,ORL,4003,30.0,6.8,6.3
400899383,ORL,6427,23.0,7.5,7.5
400899383,ORL,6478,30.0,13.2,9.4
400899383,ORL,2202117,4.0,2.1,2.1
400899383,ORL,2488999,4.0,3.4,3.4
400899383,ORL,2583639,29.0,-0.5,-0.6
400899383,ORL,2995706,4.0,4.7,4.0
400899383,ORL,3064290,28.0,9.3,7.0
400899384,CHA,2797,29.0,9.9,8.4
400899384,CHA,3190,26.0,4.1,3.3
400899384,CHA,3211,13.0,3.0,2.1
400899384,CHA,3231,13.0,0.6,1.0
400899384,CHA,3416,34.0,10.0,7.0
400899384,CHA,3436,32.0,17.7,14.0
400899384,CHA,6479,35.0,12.8,11.3
400899384,CHA,6601,35.0,21.5,17.2
400899384,CHA,6603,9.0,-1.5,-1.4
400899384,CHA,2579258,14.0,12.8,12.8
400899384,MIL,841,18.0,3.1,3.7
400899384,MIL,3418,19.0,0.4,-0.5
400899384,MIL,4260,29.0,15.7,11.1
400899384,MIL,4385,27.0,-1.3,-1.5
400899384,MIL,6592,10.0,2.8,2.7
400899384,MIL,6616,8.0,1.3,-0.7
400899384,MIL,2489716,29.0,5.8,6.1
400899384,MIL,2566769,21.0,7.4,6.4
400899384,MIL,3032977,39.0,26.0,23.9
400899384,MIL,3056600,30.0,8.8,8.8
400899384,MIL,3137733,8.0,-0.2,0.3
400899385,MIN,4011,27.0,2.5,1.7
400899385,MIN,4267,10.0,3.2,0.7
400899385,MIN,4269,15.0,3.4,3.4
400899385,MIN,2534781,38.0,8.8,6.7
400899385,MIN,2991139,21.0,11.7,8.9
400899385,MIN,2993875,23.0,6.3,5.0
400899385,MIN,3059319,38.0,11.4,10.2
400899385,MIN,3064440,36.0,5.6,5.2
400899385,MIN,3136195,34.0,9.3,5.7
400899385,POR,4239,30.0,8.9,4.0
400899385,POR,4248,36.0,2.2,-0.4
400899385,POR,4259,8.0,-1.6,-1.8
400899385,POR,6591,33.0,9.1,5.3
400899385,POR,6605,10.0,-4.0,-4.2
400899385,POR,2488653,29.0,16.0,14.0
400899385,POR,2490149,39.0,35.0,31.3
400899385,POR,2530780,9.0,1.0,0.7
400899385,POR,2531210,40.0,4.8,2.9
400899385,POR,3078284,7.0,-0.5,0.0
400899386,MEM,136,28.0,3.9,1.6
400899386,MEM,1017,25.0,14.6,12.0
400899386,MEM,3195,30.0,16.8,17.8
400899386,MEM,3206,32.0,9.2,6.6
400899386,MEM,2327577,29.0,9.1,9.1
400899386,MEM,2579321,28.0,13.0,11.7
400899386,MEM,3064511,38.0,-0.4,-0.8
400899386,MEM,3136696,25.0,12.4,7.2
400899386,MEM,3937101,6.0,0.5,0.0
400899386,MIN,3457,14.0,-2.2,-2.4
400899386,MIN,4011,33.0,3.3,4.0
400899386,MIN,4267,10.0,3.9,2.7
400899386,MIN,4269,15.0,-0.0,0.2
400899386,MIN,2534781,34.0,16.1,11.9
400899386,MIN,2991139,15.0,6.5,5.8
400899386,MIN,2993875,14.0,-0.8,-1.1
400899386,MIN,3059319,34.0,18.4,17.2
400899386,MIN,3064440,34.0,12.6,11.3
400899386,MIN,3136195,36.0,14.6,13.5
400899387,LAL,2429,30.0,0.5,0.3
400899387,LAL,2799,17.0,1.0,1.4
400899387,LAL,3243,30.0,18.8,17.4
400899387,LAL,4298,21.0,3.0,1.6
400899387,LAL,6618,17.0,14.2,13.4
400899387,LAL,2528393,14.0,8.3,7.7
400899387,LAL,2528426,17.0,-1.5,-1.8
400899387,LAL,3064514,36.0,17.7,13.1
400899387,LAL,3136776,31.0,23.5,22.4
400899387,LAL,3913176,26.0,3.8,4.0
400899387,TOR,3012,39.0,37.4,36.2
400899387,TOR,3970,17.0,1.1,2.0
400899387,TOR,3978,35.0,18.6,17.8
400899387,TOR,6446,27.0,7.9,7.3
400899387,TOR,6477,31.0,12.4,9.2
400899387,TOR,6619,24.0,6.0,5.3
400899387,TOR,2595516,8.0,3.0,1.0
400899387,TOR,3032980,20.0,5.3,4.1
400899387,TOR,3134908,9.0,3.9,4.4
400899387,TOR,3149673,31.0,2.4,-1.1
400899388,DEN,2439,20.0,3.9,3.1
400899388,DEN,3194,30.0,3.1,2.2
400899388,DEN,3428,38.0,12.7,8.9
400899388,DEN,6433,28.0,10.0,4.6
400899388,DEN,6579,35.0,17.3,17.2
400899388,DEN,3102530,26.0,21.2,19.6
400899388,DEN,3112335,21.0,0.6,0.4
400899388,DEN,3892818,28.0,3.0,1.9
400899388,DEN,3936299,13.0,0.1,-1.1
400899388,DEN,4017839,1.0,0.0,0.0
400899388,NOP,3410,11.0,-2.3,-0.7
400899388,NOP,3414,17.0,0.5,1.0
400899388,NOP,3974,9.0,-2.1,-1.7
400899388,NOP,4244,26.0,6.3,5.5
400899388,NOP,6460,28.0,6.8,6.4
400899388,NOP,6583,41.0,44.2,33.8
400899388,NOP,6597,18.0,7.6,4.0
400899388,NOP,2488945,37.0,19.4,16.3
400899388,NOP,2488958,27.0,-4.1,-3.8
400899388,NOP,2530572,11.0,4.2,3.0
400899388,NOP,2990984,17.0,1.6,2.0
400899389,OKC,2767,20.0,9.9,8.1
400899389,OKC,3468,36.0,28.4,25.9
400899389,OKC,6447,24.0,15.7,13.1
400899389,OKC,6469,22.0,-0.3,0.2
400899389,OKC,2527963,26.0,-0.1,-0.9
400899389,OKC,2530596,32.0,4.9,1.9
400899389,OKC,2983526,15.0,4.0,4.1
400899389,OKC,2991235,36.0,10.0,7.7
400899389,OKC,2995702,13.0,-0.9,0.0
400899389,OKC,3155942,16.0,2.7,2.3
400899389,PHI,3025,32.0,13.4,12.6
400899389,PHI,3993,25.0,5.4,5.6
400899389,PHI,6634,13.0,3.1,1.2
400899389,PHI,2490620,32.0,12.6,9.1
400899389,PHI,2530530,16.0,5.3,3.9
400899389,PHI,2991042,23.0,12.7,11.5
400899389,PHI,2991070,22.0,3.3,1.8
400899389,PHI,2993370,12.0,6.6,5.1
400899389,PHI,3032978,27.0,-2.3,-2.9
400899389,PHI,3059318,22.0,8.7,6.8
400899389,PHI,3135048,16.0,0.8,0.3
400899390,ATL,1708,12.0,0.9,0.0
400899390,ATL,2384,37.0,12.6,10.2
400899390,ATL,2433,7.0,-1.5,-2.1
400899390,ATL,2767,34.0,7.5,8.1
400899390,ATL,2806,11.0,3.7,3.1
400899390,ATL,6637,21.0,3.3,2.6
400899390,ATL,2490089,18.0,7.3,7.8
400899390,ATL,2528210,37.0,13.8,13.4
400899390,ATL,2990962,26.0,4.1,1.4
400899390,ATL,3032979,37.0,24.4,23.1
400899390,CHI,3026,36.0,19.9,15.4
400899390,CHI,3447,36.0,2.8,2.7
400899390,CHI,6430,43.0,29.4,28.7
400899390,CHI,6459,31.0,10.4,6.4
400899390,CHI,2596108,11.0,4.3,4.4
400899390,CHI,2959753,12.0,1.6,1.3
400899390,CHI,2999549,28.0,7.5,7.0
400899390,CHI,3064482,17.0,-0.3,-2.1
400899390,CHI,3893023,27.0,8.8,8.4
400899391,BOS,2761,6.0,0.9,0.0
400899391,BOS,2769,15.0,2.8,4.1
400899391,BOS,3213,32.0,7.8,7.4
400899391,BOS,3998,19.0,4.5,3.3
400899391,BOS,6472,38.0,34.9,34.9
400899391,BOS,6581,34.0,10.4,8.3
400899391,BOS,6631,16.0,5.2,4.8
400899391,BOS,2990992,35.0,8.1,6.4
400899391,BOS,3074752,23.0,4.5,3.0
400899391,BOS,3917376,23.0,4.7,4.5
400899391,TOR,3012,38.0,24.3,22.5
400899391,TOR,3970,38.0,2.9,1.6
400899391,TOR,4264,21.0,8.5,6.9
400899391,TOR,6446,23.0,2.3,4.0
400899391,TOR,6477,12.0,1.0,1.0
400899391,TOR,6619,23.0,0.5,-1.5
400899391,TOR,6624,16.0,10.3,10.3
400899391,TOR,2595516,32.0,5.0,5.5
400899391,TOR,3032980,28.0,11.5,8.1
400899391,TOR,3134908,9.0,5.4,5.5
400899392,MEM,2367,27.0,7.1,4.3
400899392,MEM,3206,32.0,21.4,17.5
400899392,MEM,2327577,27.0,10.2,8.1
400899392,MEM,2489530,29.0,15.6,15.4
400899392,MEM,3064511,30.0,10.1,9.4
400899392,MEM,3064517,28.0,1.3,0.5
400899392,MEM,3078286,35.0,-1.4,-5.6
400899392,MEM,3136696,18.0,6.9,6.4
400899392,MEM,3937101,14.0,2.1,2.7
400899392,ORL,3209,27.0,9.5,8.7
400899392,ORL,3277,12.0,1.2,0.2
400899392,ORL,3415,19.0,1.3,1.6
400899392,ORL,3439,32.0,9.3,6.6
400899392,ORL,6427,34.0,-0.7,-2.7
400899392,ORL,6478,30.0,14.7,10.3
400899392,ORL,6588,36.0,21.2,22.0
400899392,ORL,2583639,29.0,0.7,-2.1
400899392,ORL,3064290,21.0,7.2,5.6
400899393,TOR,3033,21.0,6.0,3.8
400899393,TOR,3439,36.0,16.0,12.1
400899393,TOR,3970,30.0,1.2,-1.0
400899393,TOR,3978,34.0,12.5,11.8
400899393,TOR,4264,21.0,-3.4,-4.2
400899393,TOR,6446,28.0,7.9,6.0
400899393,TOR,6477,21.0,4.8,4.4
400899393,TOR,2595516,16.0,10.6,11.2
400899393,TOR,2991230,5.0,-0.5,0.3
400899393,TOR,3064447,20.0,6.9,5.4
400899393,TOR,3134908,7.0,2.7,2.4
400899393,TOR,3149673,2.0,2.0,0.7
400899393,WAS,2758,18.0,10.1,9.2
400899393,WAS,2774,21.0,4.1,1.3
400899393,WAS,3232,10.0,10.3,8.2
400899393,WAS,3593,25.0,20.0,20.2
400899393,WAS,4237,34.0,13.2,12.0
400899393,WAS,6461,33.0,11.5,10.5
400899393,WAS,6580,32.0,18.0,15.8
400899393,WAS,6621,18.0,2.8,1.0
400899393,WAS,2594885,2.0,0.0,0.0
400899393,WAS,2594922,19.0,-1.7,-2.8
400899393,WAS,2991050,2.0,-0.4,0.0
400899393,WAS,3133603,24.0,0.7,0.3
400899393,WAS,3153165,2.0,0.6,0.6
400899394,BKN,3003,17.0,1.4,0.3
400899394,BKN,3448,31.0,7.3,5.2
400899394,BKN,3593,29.0,7.9,7.3
400899394,BKN,4270,16.0,9.5,7.2
400899394,BKN,6590,19.0,9.5,7.8
400899394,BKN,2488689,19.0,-1.1,-2.4
400899394,BKN,2528794,9.0,0.5,1.3
400899394,BKN,2580782,19.0,0.0,0.2
400899394,BKN,2991043,27.0,6.5,3.7
400899394,BKN,3064291,30.0,11.1,10.9
400899394,BKN,3136477,23.0,-0.7,-0.0
400899394,NYK,1975,27.0,0.9,0.0
400899394,NYK,2421,22.0,6.7,6.6
400899394,NYK,3224,13.0,1.7,0.3
400899394,NYK,3445,28.0,7.5,5.7
400899394,NYK,3997,43.0,8.0,2.9
400899394,NYK,6615,6.0,2.1,1.4
400899394,NYK,2284101,28.0,12.7,7.8
400899394,NYK,2580349,5.0,-3.0,-3.6
400899394,NYK,2999409,25.0,19.5,14.9
400899394,NYK,3102531,26.0,13.4,11.6
400899394,NYK,3138120,17.0,8.0,5.1
400899395,CLE,1006,22.0,10.2,9.4
400899395,CLE,1135,8.0,0.7,1.2
400899395,CLE,1966,34.0,7.8,5.4
400899395,CLE,2009,7.0,0.4,0.4
400899395,CLE,2444,24.0,1.3,1.0
400899395,CLE,2754,15.0,2.1,2.2
400899395,CLE,3449,25.0,8.1,8.1
400899395,CLE,6442,34.0,14.7,14.9
400899395,CLE,6468,20.0,2.5,1.6
400899395,CLE,6474,34.0,4.4,2.7
400899395,CLE,2531797,6.0,3.3,2.0
400899395,CLE,3062892,11.0,-1.5,-1.4
400899395,LAC,165,21.0,6.1,6.9
400899395,LAC,662,15.0,1.9,2.7
400899395,LAC,2753,19.0,4.4,4.0
400899395,LAC,2779,25.0,18.6,18.0
400899395,LAC,3024,25.0,16.0,15.8
400899395,LAC,3442,30.0,12.2,9.8
400899395,LAC,3451,30.0,5.3,1.0
400899395,LAC,3460,16.0,4.4,4.4
400899395,LAC,3989,31.0,11.6,9.7
400899395,LAC,6569,5.0,0.4,1.3
400899395,LAC,6617,23.0,11.5,12.6
400899396,BKN,3003,11.0,0.5,-0.7
400899396,BKN,3448,28.0,22.6,20.1
400899396,BKN,4270,24.0,22.5,20.1
400899396,BKN,4299,28.0,5.3,3.0
400899396,BKN,6590,19.0,8.2,7.4
400899396,BKN,2488689,22.0,10.7,10.2
400899396,BKN,2580782,20.0,8.6,6.1
400899396,BKN,2991043,20.0,5.5,5.0
400899396,BKN,2991281,16.0,8.7,7.4
400899396,BKN,3064291,25.0,1.7,0.3
400899396,BKN,3136477,26.0,9.2,8.6
400899396,ORL,3415,16.0,1.0,-0.3
400899396,ORL,4003,18.0,7.0,6.7
400899396,ORL,6427,16.0,-0.4,0.0
400899396,ORL,6478,32.0,20.9,18.7
400899396,ORL,6588,37.0,11.0,9.9
400899396,ORL,6619,33.0,2.0,1.2
400899396,ORL,2583639,35.0,24.4,20.7
400899396,ORL,2995706,17.0,1.0,0.4
400899396,ORL,3064290,35.0,22.4,18.3
400899397,ATL,1708,20.0,8.9,7.7
400899397,ATL,2384,25.0,9.0,5.4
400899397,ATL,2433,16.0,8.2,6.0
400899397,ATL,3015,24.0,7.1,4.0
400899397,ATL,6622,14.0,-2.2,-2.8
400899397,ATL,6637,23.0,10.1,7.4
400899397,ATL,2282205,11.0,0.5,1.3
400899397,ATL,2488721,12.0,-0.3,-0.4
400899397,ATL,2490089,14.0,4.6,4.4
400899397,ATL,2528210,26.0,7.1,5.9
400899397,ATL,2990962,6.0,2.9,1.7
400899397,ATL,3032979,26.0,5.0,3.7
400899397,ATL,3062667,22.0,3.5,1.3
400899397,MIA,3423,30.0,22.7,21.8
400899397,MIA,3981,26.0,2.0,2.2
400899397,MIA,3999,23.0,13.7,10.4
400899397,MIA,4250,19.0,6.6,4.4
400899397,MIA,4262,30.0,18.7,12.5
400899397,MIA,6628,30.0,17.7,13.6
400899397,MIA,2326015,18.0,5.5,4.0
400899397,MIA,2488826,29.0,2.6,1.0
400899397,MIA,2528473,3.0,0.0,0.0
400899397,MIA,2530276,32.0,10.1,8.1
400899398,ATL,2384,32.0,17.1,10.9
400899398,ATL,2767,26.0,15.8,15.5
400899398,ATL,3015,38.0,14.5,12.9
400899398,ATL,3028,32.0,8.2,4.4
400899398,ATL,6637,30.0,11.4,10.1
400899398,ATL,2282205,15.0,0.4,1.3
400899398,ATL,2528210,22.0,5.8,3.9
400899398,ATL,2990962,12.0,-1.6,-2.1
400899398,ATL,3032979,33.0,9.4,7.9
400899398,DAL,609,28.0,3.5,2.7
400899398,DAL,2382,16.0,1.5,1.3
400899398,DAL,6578,38.0,17.9,15.1
400899398,DAL,2326307,35.0,18.4,16.2
400899398,DAL,2531367,11.0,3.3,2.7
400899398,DAL,2566745,14.0,1.6,2.4
400899398,DAL,2578185,24.0,1.3,-0.1
400899398,DAL,2968458,13.0,4.5,0.3
400899398,DAL,2991018,32.0,9.9,9.3
400899398,DAL,2991280,16.0,5.6,4.4
400899398,DAL,3136469,4.0,-0.4,0.0
400899398,DAL,3929314,9.0,2.0,2.4
400899399,MIN,3457,22.0,7.9,7.7
400899399,MIN,3554,12.0,3.2,3.0
400899399,MIN,4011,37.0,14.1,11.8
400899399,MIN,2531100,7.0,5.1,3.9
400899399,MIN,2534781,37.0,13.7,9.4
400899399,MIN,2991139,19.0,1.9,2.7
400899399,MIN,2993875,16.0,1.8,2.3
400899399,MIN,3059319,39.0,24.3,23.4
400899399,MIN,3135046,11.0,6.1,4.8
400899399,MIN,3136195,40.0,17.2,15.4
400899399,SAC,3187,26.0,10.5,10.7
400899399,SAC,3276,28.0,5.4,3.3
400899399,SAC,3973,26.0,4.0,3.4
400899399,SAC,4000,25.0,23.3,22.9
400899399,SAC,2530572,15.0,15.8,15.2
400899399,SAC,2578213,18.0,0.7,2.4
400899399,SAC,2990984,34.0,15.8,14.8
400899399,SAC,2991282,27.0,14.8,12.4
400899399,SAC,3936296,20.0,2.4,1.7
400899399,SAC,4017846,20.0,3.4,2.4
400899400,DET,4305,27.0,15.5,14.6
400899400,DET,6440,28.0,18.7,15.3
400899400,DET,6443,21.0,3.0,3.0
400899400,DET,6452,17.0,0.4,-0.4
400899400,DET,6462,34.0,4.9,4.4
400899400,DET,6585,26.0,12.7,9.4
400899400,DET,2528779,5.0,0.9,1.0
400899400,DET,2581018,39.0,32.5,28.1
400899400,DET,2968439,19.0,7.4,6.8
400899400,DET,3134881,25.0,5.6,4.5
400899400,NOP,3974,22.0,3.0,2.4
400899400,NOP,3983,18.0,4.6,4.6
400899400,NOP,3995,35.0,21.0,18.1
400899400,NOP,6460,28.0,7.9,7.1
400899400,NOP,6464,12.0,-0.5,-1.0
400899400,NOP,6583,41.0,23.4,16.8
400899400,NOP,6597,27.0,5.8,5.7
400899400,NOP,2488958,35.0,4.3,4.3
400899400,NOP,2990984,21.0,2.2,0.6
400899401,PHX,2807,9.0,0.2,0.7
400899401,PHX,3201,16.0,5.0,3.4
400899401,PHX,2579326,16.0,6.9,6.4
400899401,PHX,2596107,16.0,11.5,11.6
400899401,PHX,2982334,43.0,18.8,18.1
400899401,PHX,3136193,42.0,17.7,14.9
400899401,PHX,3136194,38.0,5.3,6.0
400899401,PHX,3907487,34.0,18.2,12.9
400899401,PHX,3936099,26.0,4.6,3.4
400899401,POR,4239,26.0,15.7,12.7
400899401,POR,4248,26.0,8.9,6.3
400899401,POR,6591,26.0,9.9,10.2
400899401,POR,6605,22.0,4.5,3.9
400899401,POR,6606,35.0,25.2,24.2
400899401,POR,2490149,35.0,25.1,23.3
400899401,POR,2530780,6.0,-1.5,-2.8
400899401,POR,2531210,24.0,2.4,1.9
400899401,POR,2578239,3.0,2.0,1.0
400899401,POR,2982268,3.0,0.0,0.0
400899401,POR,3078284,35.0,14.1,11.7
400899402,DAL,609,28.0,4.4,2.3
400899402,DAL,2382,19.0,13.3,13.8
400899402,DAL,4032,31.0,4.6,3.6
400899402,DAL,6578,32.0,12.1,9.4
400899402,DAL,2326307,34.0,20.7,16.9
400899402,DAL,2531367,10.0,4.0,3.3
400899402,DAL,2578185,18.0,5.9,5.7
400899402,DAL,2968458,21.0,19.9,16.3
400899402,DAL,2982340,5.0,6.0,5.1
400899402,DAL,2991018,38.0,6.8,5.3
400899402,DAL,3929314,5.0,0.0,0.0
400899402,PHI,2767,31.0,10.6,8.7
400899402,PHI,3025,13.0,4.6,4.4
400899402,PHI,3993,24.0,8.6,7.4
400899402,PHI,2530530,29.0,8.0,5.8
400899402,PHI,2580898,12.0,7.2,6.1
400899402,PHI,2991042,35.0,4.0,4.3
400899402,PHI,2991280,17.0,5.2,4.4
400899402,PHI,2993370,6.0,2.4,1.7
400899402,PHI,3032978,24.0,6.6,4.5
400899402,PHI,3135048,24.0,5.2,6.1
400899402,PHI,3893019,23.0,3.3,4.1
400899403,MIA,3423,23.0,9.3,7.3
400899403,MIA,3981,25.0,15.0,14.8
400899403,MIA,3999,26.0,12.4,10.7
400899403,MIA,4250,23.0,8.2,6.4
400899403,MIA,4262,22.0,17.7,11.9
400899403,MIA,6628,24.0,7.6,6.4
400899403,MIA,2488826,19.0,4.4,4.1
400899403,MIA,2528473,25.0,5.2,2.7
400899403,MIA,2530276,28.0,21.0,18.8
400899403,MIA,2581190,24.0,7.8,5.1
400899403,PHI,3025,18.0,6.7,7.1
400899403,PHI,3993,11.0,0.3,0.7
400899403,PHI,2490620,26.0,13.9,11.5
400899403,PHI,2530530,32.0,15.3,13.3
400899403,PHI,2982340,26.0,6.0,5.2
400899403,PHI,2991042,26.0,1.2,0.4
400899403,PHI,2993370,26.0,11.9,9.5
400899403,PHI,3032978,28.0,3.0,3.7
400899403,PHI,3135048,22.0,-1.3,-2.7
400899403,PHI,3893019,24.0,3.9,2.2
400899404,DEN,558,8.0,-1.1,-1.7
400899404,DEN,2439,4.0,0.2,0.7
400899404,DEN,3194,25.0,1.8,0.0
400899404,DEN,3413,16.0,10.4,9.3
400899404,DEN,3428,30.0,5.9,6.5
400899404,DEN,6433,28.0,10.8,10.0
400899404,DEN,2581084,7.0,0.2,-0.1
400899404,DEN,2999547,25.0,11.1,9.5
400899404,DEN,3102530,19.0,3.2,2.6
400899404,DEN,3892818,26.0,11.7,11.3
400899404,DEN,3907822,6.0,7.1,6.1
400899404,DEN,3936299,32.0,4.3,0.1
400899404,DEN,4017839,15.0,6.6,6.1
400899404,MEM,136,26.0,16.6,15.9
400899404,MEM,1017,21.0,7.2,6.5
400899404,MEM,2367,30.0,2.5,0.6
400899404,MEM,3195,27.0,15.7,14.2
400899404,MEM,3206,24.0,20.2,19.2
400899404,MEM,3242,5.0,2.0,1.7
400899404,MEM,3979,5.0,0.9,0.7
400899404,MEM,6466,22.0,5.0,4.0
400899404,MEM,2327577,26.0,5.7,6.1
400899404,MEM,2489530,6.0,3.7,3.7
400899404,MEM,2579321,20.0,12.2,10.8
400899404,MEM,3064511,21.0,8.8,8.0
400899404,MEM,3937101,5.0,-0.9,-1.5
400899405,DEN,3194,36.0,9.3,7.6
400899405,DEN,3413,6.0,2.7,2.4
400899405,DEN,3428,34.0,18.6,16.1
400899405,DEN,6579,20.0,10.7,11.5
400899405,DEN,2488653,18.0,5.4,3.7
400899405,DEN,2999547,34.0,7.5,7.1
400899405,DEN,3112335,30.0,18.4,14.8
400899405,DEN,3892818,18.0,5.2,4.0
400899405,DEN,3936299,30.0,7.0,4.7
400899405,DEN,4017839,14.0,5.2,5.4
400899405,MIL,841,22.0,1.5,2.0
400899405,MIL,4260,23.0,12.3,11.6
400899405,MIL,4385,8.0,-1.1,-1.4
400899405,MIL,6592,18.0,9.0,5.1
400899405,MIL,6609,31.0,18.2,16.2
400899405,MIL,2489716,23.0,12.5,12.3
400899405,MIL,2528353,31.0,3.1,4.0
400899405,MIL,2566769,34.0,13.3,10.4
400899405,MIL,3032977,34.0,8.7,5.7
400899405,MIL,3037805,5.0,-1.1,-0.7
400899405,MIL,3137733,5.0,-0.7,-0.7
400899405,MIL,4017843,7.0,1.9,2.0
400899406,CHA,2797,31.0,3.4,-1.1
400899406,CHA,3190,17.0,5.1,3.7
400899406,CHA,3416,31.0,13.9,9.2
400899406,CHA,6479,34.0,21.9,17.4
400899406,CHA,6601,36.0,14.7,11.1
400899406,CHA,6603,11.0,11.0,9.1
400899406,CHA,6616,12.0,-0.2,-1.0
400899406,CHA,6641,14.0,4.3,3.4
400899406,CHA,2579258,28.0,10.2,7.6
400899406,CHA,2579294,26.0,14.6,13.0
400899406,OKC,3468,36.0,28.8,23.6
400899406,OKC,3986,13.0,4.0,1.1
400899406,OKC,6447,17.0,3.2,3.6
400899406,OKC,2527963,33.0,13.1,11.8
400899406,OKC,2528588,12.0,-0.5,-0.7
400899406,OKC,2530596,37.0,11.5,9.2
400899406,OKC,2983526,16.0,1.6,0.0
400899406,OKC,2991070,23.0,7.6,7.5
400899406,OKC,2991235,26.0,-0.3,-3.0
400899406,OKC,2995702,13.0,-4.0,-3.8
400899406,OKC,3155942,13.0,2.6,2.3
400899407,MIL,841,17.0,4.0,2.4
400899407,MIL,3418,17.0,3.0,1.4
400899407,MIL,4260,24.0,9.7,8.0
400899407,MIL,4385,8.0,2.8,3.0
400899407,MIL,2489716,26.0,2.3,1.8
400899407,MIL,2528353,22.0,5.4,3.7
400899407,MIL,2566769,31.0,9.7,6.5
400899407,MIL,3032977,39.0,4.6,3.6
400899407,MIL,3056600,32.0,10.6,8.3
400899407,MIL,4017843,24.0,11.7,9.6
400899407,UTA,1007,27.0,14.0,12.5
400899407,UTA,2167,20.0,-2.3,-2.4
400899407,UTA,3438,34.0,4.9,3.7
400899407,UTA,4249,32.0,25.9,22.5
400899407,UTA,6429,25.0,2.7,-0.5
400899407,UTA,2333797,14.0,5.6,4.7
400899407,UTA,2581177,8.0,0.6,1.0
400899407,UTA,2968436,23.0,2.4,0.1
400899407,UTA,3032976,34.0,23.9,21.9
400899407,UTA,3102528,8.0,1.5,1.3
400899407,UTA,3136196,15.0,4.0,4.7
400899408,LAL,3191,13.0,6.4,3.4
400899408,LAL,6618,20.0,10.4,8.7
400899408,LAL,2528426,35.0,1.5,1.3
400899408,LAL,2580365,40.0,15.6,11.5
400899408,LAL,3059281,22.0,8.2,7.0
400899408,LAL,3062744,15.0,1.6,0.6
400899408,LAL,3064514,36.0,16.8,12.7
400899408,LAL,3136776,36.0,19.2,18.2
400899408,LAL,3913176,23.0,8.9,7.4
400899408,MEM,1017,30.0,3.5,2.5
400899408,MEM,2367,33.0,15.5,11.6
400899408,MEM,3195,36.0,20.3,18.9
400899408,MEM,3242,32.0,10.6,10.5
400899408,MEM,2489530,31.0,15.6,14.8
400899408,MEM,2579321,37.0,14.3,10.5
400899408,MEM,3059316,27.0,1.6,2.0
400899408,MEM,3136696,15.0,2.1,0.4
400899409,DET,4305,19.0,7.4,5.1
400899409,DET,6440,27.0,13.0,10.6
400899409,DET,6443,29.0,0.6,0.2
400899409,DET,6452,39.0,15.8,12.8
400899409,DET,6462,25.0,6.4,6.3
400899409,DET,6585,29.0,10.9,8.7
400899409,DET,2528779,3.0,-1.0,-1.0
400899409,DET,2581018,33.0,2.1,0.2
400899409,DET,2968439,13.0,2.8,1.0
400899409,DET,3134881,22.0,-1.1,-1.4
400899409,NOP,2768,8.0,0.7,-0.3
400899409,NOP,3410,19.0,10.0,7.4
400899409,NOP,3974,33.0,15.6,13.8
400899409,NOP,3995,30.0,14.1,12.6
400899409,NOP,6460,26.0,6.8,7.7
400899409,NOP,6464,6.0,-0.5,-1.7
400899409,NOP,6583,36.0,30.1,26.3
400899409,NOP,6634,40.0,7.9,5.3
400899409,NOP,2488945,13.0,2.5,1.7
400899409,NOP,2488958,27.0,2.9,1.0
400899409,NOP,3919335,2.0,0.0,0.0
400899410,MIL,841,16.0,2.0,2.4
400899410,MIL,3418,10.0,1.5,1.0
400899410,MIL,4260,27.0,13.7,10.7
400899410,MIL,4385,16.0,6.9,6.7
400899410,MIL,6592,27.0,13.0,11.6
400899410,MIL,2528353,31.0,-0.6,-1.7
400899410,MIL,2566769,32.0,4.9,6.3
400899410,MIL,3032977,41.0,22.7,18.6
400899410,MIL,3056600,41.0,9.4,8.3
400899410,OKC,3468,36.0,16.7,12.8
400899410,OKC,6447,22.0,0.0,0.3
400899410,OKC,2527963,35.0,14.5,13.9
400899410,OKC,2530596,19.0,-0.3,-0.7
400899410,OKC,2959753,14.0,2.6,2.0
400899410,OKC,2983526,12.0,8.3,8.4
400899410,OKC,2991070,29.0,4.2,1.9
400899410,OKC,2991235,34.0,22.8,19.4
400899410,OKC,2995702,14.0,4.5,4.0
400899410,OKC,3155942,26.0,-0.2,-1.0
400899411,CLE,1006,29.0,10.7,7.4
400899411,CLE,1966,39.0,19.5,15.7
400899411,CLE,2009,8.0,2.7,2.7
400899411,CLE,2754,25.0,8.2,6.9
400899411,CLE,3449,24.0,6.5,3.5
400899411,CLE,6453,19.0,2.3,-0.4
400899411,CLE,6468,31.0,2.1,0.2
400899411,CLE,6474,28.0,4.2,2.1
400899411,CLE,2531797,16.0,2.4,-0.1
400899411,CLE,3062892,22.0,7.6,8.1
400899411,NOP,3974,33.0,3.7,2.7
400899411,NOP,3983,19.0,1.9,0.7
400899411,NOP,3995,35.0,13.4,9.6
400899411,NOP,6460,20.0,4.3,4.7
400899411,NOP,6583,40.0,12.2,6.9
400899411,NOP,6597,18.0,5.6,3.7
400899411,NOP,2488958,27.0,1.3,1.2
400899411,NOP,2530572,13.0,1.5,0.6
400899411,NOP,2990984,35.0,13.0,12.7
400899412,PHX,984,23.0,6.9,6.4
400899412,PHX,2166,3.0,-1.9,-1.4
400899412,PHX,3033,6.0,-1.0,-1.0
400899412,PHX,3201,26.0,2.8,1.9
400899412,PHX,4238,29.0,11.4,9.8
400899412,PHX,6448,26.0,2.8,2.9
400899412,PHX,2596107,24.0,7.7,6.8
400899412,PHX,2982334,30.0,9.2,8.3
400899412,PHX,3136193,25.0,8.3,9.7
400899412,PHX,3136194,14.0,2.6,0.0
400899412,PHX,3907487,22.0,1.8,1.7
400899412,PHX,4011991,12.0,9.1,8.8
400899412,SAC,1765,28.0,12.1,11.9
400899412,SAC,3005,33.0,19.4,16.1
400899412,SAC,3187,26.0,4.6,3.9
400899412,SAC,3276,15.0,6.3,5.8
400899412,SAC,3444,13.0,-1.7,-2.5
400899412,SAC,3554,9.0,3.7,2.1
400899412,SAC,4000,36.0,11.7,8.9
400899412,SAC,4023,18.0,9.1,9.6
400899412,SAC,4258,25.0,17.8,16.9
400899412,SAC,2578213,17.0,2.3,2.3
400899412,SAC,2991282,19.0,4.0,4.1
400899412,SAC,3934663,2.0,-1.1,-0.7
400899413,BKN,3003,11.0,2.0,-0.3
400899413,BKN,3448,31.0,6.4,3.5
400899413,BKN,3593,25.0,5.5,5.4
400899413,BKN,4270,34.0,15.6,12.8
400899413,BKN,6590,16.0,3.5,1.7
400899413,BKN,2488689,28.0,3.0,2.6
400899413,BKN,2528794,22.0,3.3,4.1
400899413,BKN,2580782,13.0,6.3,5.0
400899413,BKN,2991043,14.0,-2.2,-1.4
400899413,BKN,3064291,14.0,7.9,7.6
400899413,BKN,3136477,31.0,4.9,3.9
400899413,UTA,1007,21.0,4.8,4.0
400899413,UTA,2167,13.0,1.9,2.0
400899413,UTA,4249,35.0,24.6,21.1
400899413,UTA,4257,18.0,2.4,3.0
400899413,UTA,6429,3.0,-1.7,-1.7
400899413,UTA,6454,32.0,12.0,9.1
400899413,UTA,2581177,28.0,4.5,5.5
400899413,UTA,2968361,13.0,2.9,1.4
400899413,UTA,2968436,28.0,6.4,2.7
400899413,UTA,3032976,38.0,16.9,12.7
400899413,UTA,3136196,12.0,-2.6,-2.8
400899414,NYK,1975,35.0,15.2,10.9
400899414,NYK,3224,33.0,11.9,7.4
400899414,NYK,3445,34.0,8.2,7.4
400899414,NYK,3456,28.0,12.2,11.9
400899414,NYK,3997,24.0,7.6,7.4
400899414,NYK,6485,20.0,6.8,6.7
400899414,NYK,6615,17.0,1.0,-0.3
400899414,NYK,2284101,14.0,2.5,1.7
400899414,NYK,2580349,2.0,2.7,2.7
400899414,NYK,2999409,16.0,1.6,1.0
400899414,NYK,3063982,2.0,1.7,1.7
400899414,NYK,3138120,16.0,4.8,5.0
400899414,ORL,3209,27.0,5.6,4.2
400899414,ORL,3277,18.0,1.9,1.0
400899414,ORL,3415,14.0,6.0,5.4
400899414,ORL,3439,31.0,12.0,12.4
400899414,ORL,4003,32.0,18.8,17.9
400899414,ORL,6427,19.0,3.8,1.4
400899414,ORL,6478,31.0,17.7,13.7
400899414,ORL,2202117,2.0,0.4,0.4
400899414,ORL,2488999,2.0,0.0,0.0
400899414,ORL,2583639,31.0,18.2,17.5
400899414,ORL,2995706,2.0,0.6,0.0
400899414,ORL,3064290,32.0,16.9,15.4
400899415,HOU,1713,22.0,7.1,6.0
400899415,HOU,2426,33.0,3.6,1.6
400899415,HOU,3191,15.0,1.4,2.6
400899415,HOU,3412,34.0,10.7,7.3
400899415,HOU,3431,34.0,12.0,9.9
400899415,HOU,3992,37.0,31.1,30.9
400899415,HOU,2566741,12.0,9.8,10.2
400899415,HOU,2991184,14.0,3.2,2.7
400899415,HOU,3059281,12.0,-1.1,-1.9
400899415,HOU,3102529,26.0,13.9,12.2
400899415,LAL,25,2.0,-1.2,0.0
400899415,LAL,2429,28.0,4.9,3.0
400899415,LAL,2799,14.0,12.3,9.3
400899415,LAL,3243,27.0,1.1,1.5
400899415,LAL,4298,22.0,10.0,9.6
400899415,LAL,2528393,12.0,3.0,2.7
400899415,LAL,2528426,25.0,19.6,17.2
400899415,LAL,2580365,23.0,7.3,5.4
400899415,LAL,2968363,5.0,2.1,1.4
400899415,LAL,3064514,29.0,16.9,15.7
400899415,LAL,3136776,29.0,10.8,10.3
400899415,LAL,3913176,24.0,6.3,5.4
400899416,CHA,2797,28.0,4.6,4.3
400899416,CHA,3211,26.0,5.6,4.8
400899416,CHA,3231,16.0,5.7,4.4
400899416,CHA,3416,36.0,14.9,13.5
400899416,CHA,3436,22.0,2.5,3.0
400899416,CHA,6479,38.0,30.6,27.0
400899416,CHA,6601,27.0,2.6,2.7
400899416,CHA,6603,27.0,14.4,12.4
400899416,CHA,2579294,20.0,4.9,4.1
400899416,CHI,3447,23.0,4.8,1.9
400899416,CHI,3986,27.0,4.2,3.1
400899416,CHI,6430,38.0,51.5,45.1
400899416,CHI,6459,28.0,9.6,6.3
400899416,CHI,2528588,30.0,3.8,4.3
400899416,CHI,2531047,27.0,10.9,7.5
400899416,CHI,2596108,31.0,6.1,5.0
400899416,CHI,2999549,18.0,6.3,6.1
400899416,CHI,3113587,19.0,8.9,8.3
400899417,HOU,1713,14.0,8.9,6.6
400899417,HOU,2426,44.0,13.9,8.1
400899417,HOU,3191,16.0,2.3,2.4
400899417,HOU,3412,32.0,6.8,5.4
400899417,HOU,3431,36.0,21.2,21.5
400899417,HOU,3992,42.0,15.2,9.9
400899417,HOU,2991055,33.0,11.9,9.1
400899417,HOU,2991184,17.0,2.8,-0.7
400899417,HOU,3059281,6.0,0.3,0.3
400899417,WAS,2758,40.0,12.1,8.9
400899417,WAS,3232,9.0,1.5,1.7
400899417,WAS,4017,18.0,2.7,1.6
400899417,WAS,4237,37.0,14.7,12.3
400899417,WAS,6461,33.0,7.5,6.7
400899417,WAS,6580,35.0,19.3,16.4
400899417,WAS,2579260,11.0,-0.1,0.7
400899417,WAS,2594922,33.0,3.3,1.9
400899417,WAS,3133603,23.0,0.5,-2.1
400899418,LAC,165,31.0,11.1,10.1
400899418,LAC,2745,14.0,6.7,6.7
400899418,LAC,2753,37.0,10.0,7.6
400899418,LAC,3024,34.0,14.6,14.5
400899418,LAC,3442,31.0,12.1,7.3
400899418,LAC,3451,23.0,8.2,8.1
400899418,LAC,3460,18.0,8.0,5.6
400899418,LAC,4247,15.0,3.6,2.0
400899418,LAC,6617,37.0,2.8,3.2
400899418,PHX,984,23.0,12.8,12.2
400899418,PHX,2166,9.0,4.0,4.4
400899418,PHX,3033,36.0,7.6,4.4
400899418,PHX,3201,5.0,0.3,-0.7
400899418,PHX,4238,41.0,12.0,8.5
400899418,PHX,6448,7.0,4.3,5.1
400899418,PHX,2596107,20.0,8.9,7.8
400899418,PHX,2982334,41.0,19.1,17.7
400899418,PHX,3136193,33.0,2.0,1.7
400899418,PHX,3136194,7.0,-1.1,-0.7
400899418,PHX,3907487,12.0,0.2,-1.4
400899418,PHX,4011991,5.0,-1.9,-1.7
400899419,DEN,2439,17.0,0.2,1.8
400899419,DEN,3194,37.0,14.5,11.7
400899419,DEN,3428,32.0,16.3,13.4
400899419,DEN,6579,27.0,11.6,10.9
400899419,DEN,2999547,31.0,9.5,8.4
400899419,DEN,3102530,21.0,15.5,13.2
400899419,DEN,3112335,25.0,21.1,19.4
400899419,DEN,3892818,31.0,4.5,3.7
400899419,DEN,3936299,19.0,5.6,3.7
400899419,GSW,2016,19.0,8.4,8.5
400899419,GSW,2177,13.0,2.3,2.4
400899419,GSW,2386,22.0,6.4,3.8
400899419,GSW,2393,18.0,8.1,6.8
400899419,GSW,3202,34.0,12.9,11.1
400899419,GSW,3452,9.0,9.6,7.7
400899419,GSW,3975,35.0,13.2,13.1
400899419,GSW,6475,37.0,17.8,16.0
400899419,GSW,6589,36.0,17.7,16.8
400899419,GSW,2489785,16.0,12.7,10.8
400899420,ATL,2011,22.0,4.5,3.8
400899420,ATL,2384,30.0,15.1,9.2
400899420,ATL,2433,9.0,-0.8,-1.7
400899420,ATL,3015,31.0,23.8,21.6
400899420,ATL,3028,22.0,19.0,13.6
400899420,ATL,6637,26.0,-0.5,-0.8
400899420,ATL,2282205,20.0,0.9,0.4
400899420,ATL,2490089,26.0,11.6,7.4
400899420,ATL,2528210,23.0,16.8,16.5
400899420,ATL,2990962,4.0,0.3,-0.3
400899420,ATL,3032979,25.0,5.8,5.4
400899420,ATL,3062667,2.0,2.0,1.7
400899420,WAS,2758,32.0,2.9,0.4
400899420,WAS,3232,9.0,-0.5,-0.9
400899420,WAS,4017,20.0,-0.6,-0.1
400899420,WAS,4237,30.0,9.9,5.7
400899420,WAS,6461,28.0,17.9,15.1
400899420,WAS,6580,24.0,5.2,6.8
400899420,WAS,6614,19.0,9.2,6.4
400899420,WAS,6621,4.0,3.1,3.1
400899420,WAS,2579260,18.0,4.7,3.7
400899420,WAS,2594885,4.0,7.4,5.4
400899420,WAS,2594922,26.0,11.2,8.8
400899420,WAS,2991050,4.0,-1.1,-1.4
400899420,WAS,3133603,22.0,2.0,1.1
400899421,MIN,4011,30.0,6.7,4.9
400899421,MIN,4267,8.0,-0.2,-0.7
400899421,MIN,4269,23.0,4.7,3.6
400899421,MIN,2534781,27.0,11.4,8.5
400899421,MIN,2991139,18.0,-1.7,-0.3
400899421,MIN,2993875,19.0,6.7,5.3
400899421,MIN,3059319,37.0,-2.2,-3.6
400899421,MIN,3064440,40.0,17.4,15.7
400899421,MIN,3136195,37.0,19.5,15.9
400899421,PHI,2767,32.0,12.1,11.4
400899421,PHI,6634,4.0,-0.5,0.0
400899421,PHI,2490620,39.0,10.7,4.9
400899421,PHI,2530530,35.0,8.2,4.5
400899421,PHI,2991042,32.0,3.8,3.3
400899421,PHI,2991280,11.0,7.4,6.8
400899421,PHI,3032978,24.0,6.5,2.7
400899421,PHI,3059318,30.0,17.7,15.6
400899421,PHI,3135048,10.0,0.4,-0.1
400899421,PHI,3893019,22.0,1.4,1.3
400899422,BOS,2761,10.0,0.9,-0.4
400899422,BOS,2769,16.0,3.1,3.3
400899422,BOS,3213,30.0,9.2,8.4
400899422,BOS,3998,10.0,1.4,1.9
400899422,BOS,4240,41.0,13.2,11.8
400899422,BOS,6472,35.0,16.8,14.7
400899422,BOS,6581,35.0,13.7,11.8
400899422,BOS,6631,20.0,2.3,0.9
400899422,BOS,3074752,23.0,9.9,7.1
400899422,BOS,3917376,20.0,3.5,4.4
400899422,CHI,1987,32.0,14.4,14.1
400899422,CHI,3026,33.0,5.4,2.0
400899422,CHI,3447,27.0,6.5,6.7
400899422,CHI,3986,28.0,13.8,12.2
400899422,CHI,6430,37.0,19.5,17.1
400899422,CHI,6459,29.0,9.7,8.8
400899422,CHI,2490589,7.0,0.2,-1.4
400899422,CHI,2528588,22.0,1.1,1.6
400899422,CHI,2596108,17.0,5.5,5.8
400899422,CHI,3113587,8.0,2.2,3.0
400899423,BOS,2769,28.0,6.3,3.4
400899423,BOS,3213,31.0,16.1,15.9
400899423,BOS,3998,13.0,-2.2,-1.7
400899423,BOS,4240,36.0,8.8,9.1
400899423,BOS,6472,35.0,30.9,29.9
400899423,BOS,6581,35.0,19.6,18.5
400899423,BOS,2489663,21.0,6.4,3.0
400899423,BOS,2990992,28.0,6.3,6.5
400899423,BOS,3917376,13.0,7.3,6.1
400899423,UTA,1007,21.0,16.0,13.5
400899423,UTA,2167,15.0,11.1,10.5
400899423,UTA,4249,34.0,14.8,14.0
400899423,UTA,4257,29.0,11.9,12.3
400899423,UTA,6454,26.0,5.5,5.0
400899423,UTA,2581177,35.0,5.3,4.8
400899423,UTA,2968361,14.0,4.9,3.7
400899423,UTA,2968436,26.0,6.1,5.1
400899423,UTA,3032976,34.0,8.8,6.1
400899423,UTA,3136196,6.0,0.7,-0.3
400899424,SAC,1765,27.0,-0.9,-0.7
400899424,SAC,3005,32.0,13.3,10.8
400899424,SAC,3187,36.0,4.4,2.6
400899424,SAC,3276,15.0,-1.8,-1.4
400899424,SAC,3444,24.0,6.9,5.2
400899424,SAC,4000,36.0,10.4,8.9
400899424,SAC,4023,12.0,-0.1,0.7
400899424,SAC,4258,37.0,29.0,25.3
400899424,SAC,2578213,10.0,6.9,7.1
400899424,SAC,2991282,11.0,-0.9,-0.1
400899424,SAS,272,19.0,6.2,5.4
400899424,SAS,996,21.0,3.7,1.0
400899424,SAS,1015,25.0,1.8,1.2
400899424,SAS,2772,16.0,15.0,12.6
400899424,SAS,2983,32.0,8.5,9.2
400899424,SAS,4004,23.0,2.5,2.6
400899424,SAS,6450,35.0,26.1,22.2
400899424,SAS,2579466,18.0,3.5,4.4
400899424,SAS,2580913,24.0,14.7,12.6
400899424,SAS,2993874,27.0,5.8,2.1
400899425,DET,4305,16.0,0.6,1.0
400899425,DET,4376,10.0,4.7,2.7
400899425,DET,6440,30.0,18.3,17.2
400899425,DET,6443,32.0,20.9,18.8
400899425,DET,6452,34.0,10.8,9.2
400899425,DET,6462,29.0,8.6,9.1
400899425,DET,6585,35.0,21.6,18.7
400899425,DET,2581018,39.0,13.1,13.1
400899425,DET,3134881,15.0,-0.5,-0.4
400899425,IND,2389,12.0,4.6,4.0
400899425,IND,2751,20.0,14.8,14.9
400899425,IND,2778,12.0,3.2,0.6
400899425,IND,3192,15.0,2.6,3.0
400899425,IND,3244,33.0,9.3,6.5
400899425,IND,4015,33.0,15.1,13.6
400899425,IND,4251,36.0,27.1,24.2
400899425,IND,4289,15.0,12.1,10.2
400899425,IND,2991039,28.0,8.7,7.1
400899425,IND,3133628,36.0,15.8,12.1
400899426,LAC,165,26.0,11.6,7.5
400899426,LAC,2753,16.0,2.9,2.4
400899426,LAC,2779,33.0,21.1,19.4
400899426,LAC,3024,30.0,2.0,1.9
400899426,LAC,3442,28.0,2.8,2.6
400899426,LAC,3451,17.0,1.2,-0.1
400899426,LAC,3460,16.0,10.4,11.6
400899426,LAC,3989,37.0,22.8,18.7
400899426,LAC,4247,12.0,2.5,2.0
400899426,LAC,6617,26.0,6.8,5.4
400899426,POR,4239,23.0,-0.3,-1.4
400899426,POR,4248,25.0,-2.7,-4.2
400899426,POR,4259,13.0,-0.4,-0.7
400899426,POR,6591,32.0,20.7,21.4
400899426,POR,6606,36.0,14.9,14.6
400899426,POR,2488653,31.0,16.8,14.5
400899426,POR,2490149,38.0,11.0,7.6
400899426,POR,2530780,1.0,-0.8,0.0
400899426,POR,2531210,32.0,7.8,9.1
400899426,POR,3078284,10.0,1.7,2.9
400899427,DAL,609,24.0,8.2,6.3
400899427,DAL,2382,17.0,13.8,12.4
400899427,DAL,2747,20.0,1.2,-0.3
400899427,DAL,2798,32.0,12.6,13.9
400899427,DAL,4032,38.0,9.0,7.7
400899427,DAL,6578,35.0,18.5,17.7
400899427,DAL,2326307,22.0,13.3,12.8
400899427,DAL,2531367,13.0,7.1,6.0
400899427,DAL,2578185,26.0,0.4,-2.0
400899427,DAL,2578204,3.0,0.9,1.3
400899427,DAL,2968458,4.0,-0.1,0.0
400899427,DAL,2982340,5.0,0.6,0.0
400899427,WAS,2758,40.0,14.4,10.9
400899427,WAS,3232,8.0,2.6,1.7
400899427,WAS,4017,15.0,-0.9,0.3
400899427,WAS,4237,39.0,24.2,19.3
400899427,WAS,6461,26.0,8.3,8.3
400899427,WAS,6580,35.0,14.0,13.6
400899427,WAS,2579260,9.0,0.3,0.7
400899427,WAS,2594885,6.0,-0.4,-0.7
400899427,WAS,2594922,37.0,13.5,8.4
400899427,WAS,3133603,25.0,6.8,7.1
400899428,SAS,272,18.0,2.2,2.3
400899428,SAS,996,19.0,6.5,2.9
400899428,SAS,1015,22.0,15.9,15.7
400899428,SAS,2772,15.0,9.8,7.5
400899428,SAS,2983,30.0,21.0,19.4
400899428,SAS,3988,22.0,3.5,2.0
400899428,SAS,4004,18.0,6.6,5.1
400899428,SAS,6426,8.0,5.4,3.4
400899428,SAS,6450,28.0,25.7,21.5
400899428,SAS,2579466,20.0,2.1,0.0
400899428,SAS,2580913,24.0,4.4,3.7
400899428,SAS,2993874,8.0,1.6,2.1
400899428,SAS,3907497,8.0,-0.7,-3.0
400899428,TOR,3012,29.0,0.9,0.9
400899428,TOR,3970,19.0,9.2,7.7
400899428,TOR,3978,32.0,14.9,14.8
400899428,TOR,6446,24.0,7.1,5.2
400899428,TOR,6477,22.0,-0.7,-1.4
400899428,TOR,6619,25.0,13.2,10.7
400899428,TOR,2595516,8.0,-0.5,-1.1
400899428,TOR,2991230,5.0,2.0,1.0
400899428,TOR,3032980,22.0,-1.7,-3.8
400899428,TOR,3113297,3.0,0.0,0.0
400899428,TOR,3134908,26.0,5.1,3.0
400899428,TOR,3149673,26.0,0.5,0.3
400899429,CLE,1006,20.0,1.0,0.5
400899429,CLE,1708,16.0,-3.2,-2.4
400899429,CLE,1966,39.0,14.1,13.1
400899429,CLE,2444,34.0,5.6,2.6
400899429,CLE,3449,36.0,16.0,12.7
400899429,CLE,6442,38.0,11.7,11.8
400899429,CLE,6468,20.0,6.0,2.6
400899429,CLE,6474,36.0,15.0,11.9
400899429,TOR,3012,39.0,3.2,4.2
400899429,TOR,3970,36.0,9.7,6.7
400899429,TOR,3978,38.0,19.3,17.0
400899429,TOR,4264,34.0,6.1,4.4
400899429,TOR,6446,21.0,3.7,2.4
400899429,TOR,6477,31.0,5.9,2.7
400899429,TOR,6619,14.0,-0.2,-2.4
400899429,TOR,3134908,11.0,8.0,7.5
400899429,TOR,3149673,15.0,1.9,2.1
400899430,LAC,165,32.0,11.7,10.0
400899430,LAC,2745,6.0,7.4,7.1
400899430,LAC,2753,30.0,10.0,10.4
400899430,LAC,3024,31.0,11.9,10.0
400899430,LAC,3442,23.0,9.6,4.1
400899430,LAC,3451,13.0,5.1,5.1
400899430,LAC,3460,21.0,6.9,6.3
400899430,LAC,3989,34.0,30.1,26.7
400899430,LAC,4247,11.0,1.7,1.7
400899430,LAC,6569,12.0,-0.2,-0.7
400899430,LAC,6617,28.0,9.5,8.2
400899430,PHX,984,27.0,6.0,7.1
400899430,PHX,2166,20.0,3.7,3.9
400899430,PHX,3033,34.0,11.8,9.1
400899430,PHX,4238,40.0,28.6,28.6
400899430,PHX,6448,8.0,-2.4,-3.1
400899430,PHX,2596107,6.0,0.8,1.3
400899430,PHX,2982334,29.0,4.7,6.0
400899430,PHX,3136193,35.0,14.2,14.1
400899430,PHX,3907487,28.0,6.3,2.5
400899430,PHX,4011991,13.0,5.3,5.1
400899431,DAL,609,26.0,14.6,12.8
400899431,DAL,2382,23.0,5.7,4.0
400899431,DAL,3055,23.0,11.5,11.3
400899431,DAL,4032,34.0,4.9,5.4
400899431,DAL,6578,39.0,23.3,22.5
400899431,DAL,2531367,4.0,0.7,0.7
400899431,DAL,2578185,16.0,-2.2,-2.4
400899431,DAL,2968458,8.0,2.3,1.7
400899431,DAL,2991018,31.0,12.8,11.1
400899431,DAL,2991280,19.0,8.5,6.5
400899431,DAL,3929314,17.0,6.2,6.4
400899431,MIL,841,20.0,4.0,4.4
400899431,MIL,3211,4.0,-0.8,-1.7
400899431,MIL,3418,7.0,-0.5,0.0
400899431,MIL,4260,24.0,6.9,6.0
400899431,MIL,4385,7.0,2.0,2.0
400899431,MIL,6609,37.0,7.8,7.3
400899431,MIL,2489716,34.0,12.1,11.9
400899431,MIL,2528353,33.0,7.6,6.7
400899431,MIL,3032977,40.0,32.8,24.0
400899431,MIL,3134903,9.0,2.0,1.7
400899431,MIL,3137733,5.0,2.7,1.7
400899431,MIL,4017843,20.0,8.0,8.8
400899432,BOS,2769,11.0,4.3,5.1
400899432,BOS,3213,32.0,15.1,12.4
400899432,BOS,3998,19.0,5.2,3.4
400899432,BOS,4240,22.0,4.3,4.5
400899432,BOS,6472,35.0,21.8,19.6
400899432,BOS,6581,33.0,16.2,13.4
400899432,BOS,6631,5.0,0.3,-0.7
400899432,BOS,2489663,19.0,7.2,8.2
400899432,BOS,2990992,33.0,9.0,8.9
400899432,BOS,3074752,10.0,-1.3,-2.8
400899432,BOS,3917376,23.0,3.4,2.0
400899432,CLE,1006,18.0,6.2,5.4
400899432,CLE,1966,40.0,25.5,22.6
400899432,CLE,2011,26.0,0.3,0.9
400899432,CLE,2754,13.0,0.4,0.6
400899432,CLE,2798,24.0,0.8,0.6
400899432,CLE,6442,32.0,18.1,17.4
400899432,CLE,6468,21.0,-1.2,-0.7
400899432,CLE,6474,35.0,9.0,7.3
400899432,CLE,6480,31.0,7.4,5.6
400899433,CHI,1987,24.0,21.0,17.3
400899433,CHI,3026,17.0,-1.4,-1.6
400899433,CHI,3447,21.0,11.3,11.9
400899433,CHI,3986,22.0,7.4,4.7
400899433,CHI,6430,30.0,26.4,23.6
400899433,CHI,6459,20.0,3.9,3.0
400899433,CHI,2490589,7.0,3.0,2.7
400899433,CHI,2528588,14.0,6.6,6.7
400899433,CHI,2531047,26.0,10.7,10.2
400899433,CHI,2596108,6.0,7.7,7.1
400899433,CHI,3064482,7.0,0.9,1.0
400899433,CHI,3113587,24.0,9.5,8.9
400899433,CHI,3893023,24.0,5.0,4.3
400899433,OKC,1978,3.0,0.0,0.0
400899433,OKC,3468,29.0,21.9,18.4
400899433,OKC,3474,24.0,0.7,1.9
400899433,OKC,6469,3.0,-0.8,0.0
400899433,OKC,2527963,25.0,4.5,4.6
400899433,OKC,2530596,30.0,4.4,2.0
400899433,OKC,2531364,7.0,8.1,7.5
400899433,OKC,2959753,14.0,3.2,1.6
400899433,OKC,2983526,13.0,1.4,2.0
400899433,OKC,2991070,20.0,11.9,11.4
400899433,OKC,2991235,29.0,5.9,5.4
400899433,OKC,3064230,19.0,5.3,4.7
400899433,OKC,3155942,22.0,-4.5,-4.9
400899434,MIA,3220,24.0,6.0,5.1
400899434,MIA,3423,37.0,18.1,19.1
400899434,MIA,3981,34.0,14.1,13.1
400899434,MIA,3999,24.0,22.5,21.1
400899434,MIA,4250,8.0,1.2,0.6
400899434,MIA,4262,36.0,6.9,3.9
400899434,MIA,2326015,12.0,5.3,5.1
400899434,MIA,2488826,36.0,10.2,9.1
400899434,MIA,2530276,30.0,7.3,4.0
400899434,UTA,1007,33.0,15.6,14.9
400899434,UTA,2167,14.0,-4.3,-3.8
400899434,UTA,4249,40.0,29.2,26.6
400899434,UTA,6454,33.0,8.7,7.0
400899434,UTA,2333797,13.0,7.7,5.0
400899434,UTA,2968361,7.0,1.3,1.7
400899434,UTA,2968436,22.0,15.0,14.6
400899434,UTA,3032976,35.0,10.6,7.2
400899434,UTA,3102528,18.0,-0.5,-0.7
400899434,UTA,3136196,25.0,12.1,10.1
400899435,CHA,2797,31.0,7.6,7.0
400899435,CHA,3190,30.0,15.8,15.3
400899435,CHA,3211,25.0,4.7,3.1
400899435,CHA,3231,8.0,0.6,0.6
400899435,CHA,3416,24.0,14.9,14.0
400899435,CHA,6479,25.0,4.3,4.4
400899435,CHA,6601,23.0,4.3,2.3
400899435,CHA,6603,24.0,1.1,-0.2
400899435,CHA,6641,15.0,9.4,8.8
400899435,CHA,2579294,24.0,22.1,19.2
400899435,CHA,2595231,6.0,4.2,3.3
400899435,CHA,3058254,7.0,4.7,3.7
400899435,GSW,2386,25.0,7.6,6.5
400899435,GSW,2419,6.0,0.9,0.7
400899435,GSW,3202,33.0,17.7,14.9
400899435,GSW,3452,17.0,8.7,5.4
400899435,GSW,3975,30.0,39.3,35.9
400899435,GSW,6475,33.0,28.2,25.0
400899435,GSW,6589,31.0,11.1,4.7
400899435,GSW,2489785,16.0,-0.7,-1.4
400899435,GSW,2594818,18.0,1.9,2.4
400899435,GSW,3064559,4.0,4.0,3.4
400899435,GSW,3137730,18.0,1.7,0.1
400899435,GSW,3155535,9.0,-0.9,-0.4
400899436,GSW,2016,8.0,3.0,3.1
400899436,GSW,2177,3.0,-2.6,-2.4
400899436,GSW,2386,42.0,11.6,11.8
400899436,GSW,2393,20.0,5.6,4.8
400899436,GSW,3202,49.0,32.1,24.3
400899436,GSW,3452,4.0,1.5,-0.4
400899436,GSW,3975,38.0,17.3,15.4
400899436,GSW,6475,47.0,3.3,1.9
400899436,GSW,6589,47.0,21.0,17.7
400899436,GSW,2489785,12.0,2.0,2.0
400899436,GSW,2594818,8.0,5.3,4.1
400899436,GSW,3137730,9.0,-0.4,-0.3
400899436,GSW,3155535,1.0,0.7,0.0
400899436,HOU,2426,43.0,7.7,7.0
400899436,HOU,3191,13.0,2.2,1.0
400899436,HOU,3412,45.0,19.0,19.7
400899436,HOU,3431,39.0,13.9,13.8
400899436,HOU,3964,29.0,4.3,-0.7
400899436,HOU,3992,46.0,23.0,17.7
400899436,HOU,2991055,25.0,13.6,12.6
400899436,HOU,2991184,26.0,9.7,8.1
400899436,HOU,3102529,25.0,3.6,2.9
400899437,IND,2751,24.0,6.4,4.6
400899437,IND,2778,28.0,11.7,11.0
400899437,IND,3235,17.0,-1.4,-1.7
400899437,IND,3244,11.0,-0.1,0.7
400899437,IND,4015,31.0,11.0,9.2
400899437,IND,4251,34.0,11.0,9.8
400899437,IND,4289,15.0,7.6,6.9
400899437,IND,6424,20.0,7.1,6.1
400899437,IND,2596110,13.0,-3.3,-1.7
400899437,IND,2991039,16.0,8.3,4.7
400899437,IND,3133628,32.0,15.2,12.2
400899437,SAS,272,23.0,1.3,2.2
400899437,SAS,996,21.0,15.3,13.1
400899437,SAS,2772,21.0,18.2,17.0
400899437,SAS,2983,32.0,3.2,1.0
400899437,SAS,3988,28.0,2.7,-0.4
400899437,SAS,4004,27.0,0.1,0.3
400899437,SAS,6426,7.0,1.6,0.7
400899437,SAS,6450,34.0,24.9,20.8
400899437,SAS,2579466,11.0,0.3,-0.3
400899437,SAS,2580913,16.0,3.2,3.4
400899437,SAS,3907497,21.0,3.9,3.4
400899438,BOS,2761,6.0,-2.4,-2.7
400899438,BOS,2769,20.0,4.2,4.8
400899438,BOS,3213,26.0,11.9,10.5
400899438,BOS,3998,22.0,1.7,0.9
400899438,BOS,6472,24.0,18.5,16.9
400899438,BOS,6581,28.0,3.2,1.1
400899438,BOS,6631,9.0,1.1,1.3
400899438,BOS,2489663,19.0,10.1,7.7
400899438,BOS,2990992,27.0,10.0,9.9
400899438,BOS,3064509,8.0,0.8,-0.7
400899438,BOS,3074752,24.0,13.2,10.4
400899438,BOS,3917376,27.0,12.9,14.2
400899438,NYK,2421,25.0,2.1,0.2
400899438,NYK,3445,30.0,15.8,14.2
400899438,NYK,6615,17.0,8.6,7.0
400899438,NYK,2284101,28.0,-1.4,-1.9
400899438,NYK,2566748,12.0,7.0,4.4
400899438,NYK,2580349,29.0,3.7,2.4
400899438,NYK,2580898,22.0,3.9,4.3
400899438,NYK,2999409,19.0,10.3,8.2
400899438,NYK,3063982,14.0,-0.9,-1.1
400899438,NYK,3102531,28.0,9.5,8.6
400899438,NYK,3138120,16.0,8.7,8.4
400899439,CHI,3026,34.0,10.0,6.2
400899439,CHI,3447,26.0,4.7,4.2
400899439,CHI,6430,39.0,32.8,30.2
400899439,CHI,6459,17.0,4.8,1.9
400899439,CHI,2596108,14.0,3.8,3.5
400899439,CHI,2959753,22.0,12.6,12.9
400899439,CHI,2999549,26.0,5.5,4.4
400899439,CHI,3064482,31.0,16.2,14.8
400899439,CHI,3893023,31.0,6.1,4.4
400899439,NOP,3974,14.0,8.3,7.4
400899439,NOP,3995,39.0,14.0,13.8
400899439,NOP,4243,24.0,12.0,11.4
400899439,NOP,4258,42.0,17.6,13.8
400899439,NOP,6460,22.0,7.0,5.0
400899439,NOP,6583,40.0,24.9,19.3
400899439,NOP,2488945,21.0,2.6,2.4
400899439,NOP,2488958,36.0,3.1,2.0
400899439,NOP,2566745,2.0,0.0,0.0
400899440,PHI,3233,7.0,5.5,5.5
400899440,PHI,3993,18.0,8.9,7.1
400899440,PHI,2530530,35.0,4.4,1.9
400899440,PHI,2581180,18.0,9.9,8.1
400899440,PHI,2982340,24.0,9.0,7.8
400899440,PHI,2991042,31.0,10.3,10.1
400899440,PHI,2991283,24.0,9.3,8.4
400899440,PHI,2993370,23.0,2.5,1.7
400899440,PHI,3032978,24.0,7.7,6.9
400899440,PHI,3893019,36.0,13.0,12.3
400899440,TOR,3439,28.0,22.7,17.2
400899440,TOR,3970,23.0,5.4,3.6
400899440,TOR,3978,31.0,15.3,15.7
400899440,TOR,4264,17.0,3.8,4.0
400899440,TOR,6446,32.0,6.8,4.7
400899440,TOR,6477,28.0,16.1,12.3
400899440,TOR,2595516,20.0,7.0,6.4
400899440,TOR,2991230,12.0,3.5,3.0
400899440,TOR,3064447,27.0,6.7,2.8
400899440,TOR,3134908,20.0,12.1,10.1
400899440,TOR,3149673,3.0,-0.8,0.0
400899441,ATL,1708,12.0,-0.1,0.0
400899441,ATL,2384,25.0,6.6,3.7
400899441,ATL,2767,20.0,1.4,0.9
400899441,ATL,2806,17.0,-0.5,-2.4
400899441,ATL,3015,26.0,6.8,6.8
400899441,ATL,6637,16.0,3.7,1.7
400899441,ATL,2490089,12.0,6.7,6.1
400899441,ATL,2528210,36.0,5.3,4.3
400899441,ATL,2990962,36.0,9.8,7.5
400899441,ATL,3032979,41.0,10.0,6.1
400899441,BKN,3003,14.0,5.3,3.4
400899441,BKN,3448,31.0,25.3,19.0
400899441,BKN,4270,22.0,4.8,2.3
400899441,BKN,4299,31.0,12.6,11.5
400899441,BKN,6576,16.0,-3.1,-3.8
400899441,BKN,2488689,25.0,3.2,0.2
400899441,BKN,2580782,22.0,7.1,4.2
400899441,BKN,2991043,18.0,3.5,5.3
400899441,BKN,2991281,10.0,-5.6,-5.1
400899441,BKN,3064291,27.0,9.9,5.7
400899441,BKN,3136477,23.0,2.8,3.8
400899442,MIN,3457,24.0,6.9,7.1
400899442,MIN,4011,29.0,15.8,13.0
400899442,MIN,4267,5.0,1.6,0.0
400899442,MIN,4269,32.0,15.2,11.4
400899442,MIN,2534781,23.0,8.1,3.9
400899442,MIN,2991139,20.0,3.5,2.6
400899442,MIN,2993875,24.0,12.6,13.5
400899442,MIN,3059319,31.0,13.9,10.6
400899442,MIN,3135046,17.0,5.7,3.4
400899442,MIN,3136195,35.0,17.1,13.6
400899442,UTA,1007,22.0,4.3,3.4
400899442,UTA,2167,4.0,-1.8,-1.7
400899442,UTA,3438,20.0,0.2,0.4
400899442,UTA,4249,25.0,9.8,6.3
400899442,UTA,4257,27.0,7.8,6.5
400899442,UTA,6429,28.0,2.8,2.6
400899442,UTA,2333797,10.0,8.0,8.2
400899442,UTA,2968361,8.0,1.6,1.3
400899442,UTA,2968436,26.0,2.4,-0.1
400899442,UTA,3032976,21.0,6.5,5.1
400899442,UTA,3102528,29.0,9.2,8.3
400899442,UTA,3136196,20.0,-2.7,-1.5
400899443,ORL,3209,23.0,10.8,10.1
400899443,ORL,3277,6.0,-0.7,-0.7
400899443,ORL,3415,22.0,7.5,7.8
400899443,ORL,3439,25.0,12.4,11.0
400899443,ORL,4003,17.0,8.5,5.6
400899443,ORL,6427,32.0,8.6,6.7
400899443,ORL,6478,27.0,14.0,10.2
400899443,ORL,6588,30.0,13.4,10.6
400899443,ORL,2309097,3.0,-0.4,-0.7
400899443,ORL,2488999,2.0,-0.3,-0.3
400899443,ORL,2583639,24.0,1.7,2.0
400899443,ORL,2995706,3.0,-1.4,-1.4
400899443,ORL,3064290,25.0,13.7,12.8
400899443,PHI,2767,17.0,2.7,2.1
400899443,PHI,3025,25.0,7.4,5.8
400899443,PHI,3993,22.0,5.8,6.4
400899443,PHI,6634,25.0,-0.6,-1.1
400899443,PHI,2490620,23.0,8.4,6.0
400899443,PHI,2530530,17.0,4.2,4.1
400899443,PHI,2991042,25.0,-3.4,-3.7
400899443,PHI,2993370,8.0,-0.2,0.3
400899443,PHI,3032978,16.0,-3.1,-3.1
400899443,PHI,3059318,27.0,20.5,19.9
400899443,PHI,3135048,28.0,16.1,13.0
400899443,PHI,3893019,6.0,3.5,2.3
400899444,DEN,3194,31.0,18.3,15.9
400899444,DEN,3428,37.0,22.3,21.2
400899444,DEN,6433,23.0,7.9,5.4
400899444,DEN,2488653,13.0,5.1,3.9
400899444,DEN,2999547,37.0,6.1,3.9
400899444,DEN,3112335,35.0,19.9,16.0
400899444,DEN,3892818,32.0,17.3,16.2
400899444,DEN,3936299,28.0,5.7,2.3
400899444,DEN,4017839,5.0,0.0,0.0
400899444,MIA,3423,34.0,14.9,16.2
400899444,MIA,3981,13.0,2.1,2.6
400899444,MIA,3999,29.0,7.3,7.9
400899444,MIA,4250,13.0,8.3,7.1
400899444,MIA,4262,33.0,14.6,11.0
400899444,MIA,2326015,15.0,7.5,5.1
400899444,MIA,2488826,27.0,10.9,9.5
400899444,MIA,2528473,9.0,1.6,0.0
400899444,MIA,2530276,30.0,9.7,8.9
400899444,MIA,2581190,38.0,13.8,11.7
400899445,HOU,1713,22.0,16.6,14.9
400899445,HOU,2426,33.0,6.1,3.3
400899445,HOU,2799,21.0,0.5,-0.5
400899445,HOU,3412,30.0,18.4,17.3
400899445,HOU,3431,27.0,7.4,6.9
400899445,HOU,3472,1.0,0.0,0.0
400899445,HOU,3964,32.0,16.1,13.9
400899445,HOU,3992,36.0,17.9,17.6
400899445,HOU,2991184,11.0,3.5,2.4
400899445,HOU,3102529,26.0,9.9,10.1
400899445,LAC,165,16.0,6.0,6.4
400899445,LAC,2745,9.0,-0.2,-0.4
400899445,LAC,2753,19.0,11.6,9.4
400899445,LAC,2779,36.0,17.4,16.3
400899445,LAC,3024,31.0,5.5,4.3
400899445,LAC,3442,35.0,13.5,8.1
400899445,LAC,3451,18.0,8.6,9.1
400899445,LAC,3460,8.0,-1.6,-0.7
400899445,LAC,3989,35.0,8.0,9.3
400899445,LAC,4247,5.0,-1.9,-2.1
400899445,LAC,6569,3.0,-0.7,-0.7
400899445,LAC,6617,26.0,12.3,10.8
400899446,LAL,2429,32.0,14.0,12.8
400899446,LAL,2799,23.0,7.8,8.0
400899446,LAL,3243,24.0,0.3,1.2
400899446,LAL,4298,17.0,-2.5,-3.0
400899446,LAL,2528393,26.0,11.2,9.1
400899446,LAL,2528426,29.0,15.4,15.2
400899446,LAL,2580365,20.0,8.9,5.8
400899446,LAL,3064514,6.0,-0.8,-0.7
400899446,LAL,3136776,31.0,11.0,8.7
400899446,LAL,3913176,21.0,7.0,3.6
400899446,LAL,4017837,11.0,3.0,1.7
400899446,WAS,2758,33.0,24.4,21.2
400899446,WAS,3232,15.0,3.5,1.7
400899446,WAS,4237,41.0,28.4,25.9
400899446,WAS,6461,35.0,8.6,3.4
400899446,WAS,6580,34.0,17.9,16.5
400899446,WAS,6621,9.0,3.7,3.1
400899446,WAS,2579260,12.0,1.1,0.5
400899446,WAS,2594922,38.0,11.8,8.4
400899446,WAS,3133603,24.0,-0.2,1.0
400899447,BOS,2769,15.0,11.1,10.6
400899447,BOS,3213,36.0,27.1,19.9
400899447,BOS,3998,17.0,3.7,1.7
400899447,BOS,4240,35.0,13.8,10.1
400899447,BOS,6472,34.0,12.9,11.9
400899447,BOS,6581,37.0,10.4,10.1
400899447,BOS,6631,4.0,-1.0,-1.0
400899447,BOS,2489663,17.0,1.7,1.7
400899447,BOS,2990992,23.0,-1.5,-1.3
400899447,BOS,3064509,2.0,0.3,0.0
400899447,BOS,3074752,16.0,1.9,-1.4
400899447,BOS,3917376,4.0,-1.1,-0.7
400899447,SAC,1765,31.0,14.5,8.7
400899447,SAC,3005,35.0,3.9,1.7
400899447,SAC,3187,17.0,7.3,4.7
400899447,SAC,3444,9.0,-0.1,-1.0
400899447,SAC,3554,27.0,4.8,3.9
400899447,SAC,3973,28.0,10.9,10.1
400899447,SAC,4000,21.0,7.8,6.5
400899447,SAC,4023,26.0,1.2,-0.7
400899447,SAC,4258,34.0,19.2,15.2
400899447,SAC,2991282,12.0,4.0,3.7
400899448,BKN,3003,14.0,7.2,8.1
400899448,BKN,3448,30.0,13.6,13.0
400899448,BKN,4270,24.0,6.5,4.2
400899448,BKN,4299,20.0,13.3,13.1
400899448,BKN,6576,11.0,4.2,2.6
400899448,BKN,6590,12.0,-2.2,-1.4
400899448,BKN,2488689,21.0,0.4,-1.1
400899448,BKN,2528794,21.0,0.9,1.6
400899448,BKN,2580782,27.0,5.4,5.7
400899448,BKN,2991043,25.0,14.4,10.6
400899448,BKN,3064291,19.0,6.0,3.8
400899448,BKN,3136477,18.0,8.2,8.4
400899448,SAC,3187,26.0,12.6,10.7
400899448,SAC,3276,27.0,-1.2,-1.0
400899448,SAC,3444,24.0,-3.4,-3.5
400899448,SAC,3973,31.0,5.7,4.4
400899448,SAC,3983,20.0,12.2,10.7
400899448,SAC,4000,32.0,11.7,13.1
400899448,SAC,2578213,14.0,1.4,1.9
400899448,SAC,2990984,26.0,9.6,8.4
400899448,SAC,2991282,25.0,5.9,3.6
400899448,SAC,3936296,15.0,9.3,8.2
400899449,ATL,1708,22.0,6.5,6.0
400899449,ATL,2384,37.0,26.9,19.5
400899449,ATL,3015,29.0,11.3,9.7
400899449,ATL,6637,31.0,8.4,5.5
400899449,ATL,2282205,25.0,-0.7,-3.8
400899449,ATL,2490089,20.0,8.7,6.7
400899449,ATL,2528210,33.0,25.2,23.5
400899449,ATL,3032979,21.0,-4.1,-3.5
400899449,ATL,3062667,21.0,8.2,8.9
400899449,HOU,1713,17.0,4.4,2.7
400899449,HOU,2426,37.0,0.2,-2.9
400899449,HOU,3191,11.0,0.2,0.3
400899449,HOU,3412,34.0,5.0,5.6
400899449,HOU,3431,30.0,6.6,5.5
400899449,HOU,3964,31.0,7.3,4.9
400899449,HOU,3992,39.0,34.5,29.9
400899449,HOU,2991184,12.0,-2.6,-2.1
400899449,HOU,3102529,31.0,22.1,19.0
400899450,DEN,2439,19.0,1.2,1.7
400899450,DEN,3194,30.0,5.9,5.6
400899450,DEN,3413,18.0,7.8,7.4
400899450,DEN,3428,33.0,21.4,19.9
400899450,DEN,6579,16.0,1.1,-0.7
400899450,DEN,2999547,32.0,13.5,12.5
400899450,DEN,3102530,18.0,17.1,14.3
400899450,DEN,3112335,28.0,18.3,16.3
400899450,DEN,3892818,28.0,4.0,4.1
400899450,DEN,3907822,1.0,2.0,1.7
400899450,DEN,3936299,14.0,-2.2,-2.4
400899450,DEN,4017839,1.0,1.0,0.7
400899450,SAC,1765,28.0,5.2,3.7
400899450,SAC,3187,30.0,15.1,13.9
400899450,SAC,3276,25.0,5.2,4.7
400899450,SAC,3444,29.0,16.9,14.9
400899450,SAC,3554,17.0,1.1,-0.7
400899450,SAC,3973,36.0,22.3,22.4
400899450,SAC,4023,25.0,10.8,7.2
400899450,SAC,4258,34.0,23.0,21.7
400899450,SAC,2578213,15.0,3.8,4.0
400899450,SAC,2991282,1.0,-1.7,-1.7
400899451,MIA,2184,16.0,4.9,3.8
400899451,MIA,3423,38.0,16.8,15.9
400899451,MIA,3981,37.0,4.4,3.9
400899451,MIA,4250,23.0,0.4,-0.3
400899451,MIA,6480,24.0,0.2,-0.2
400899451,MIA,2326015,32.0,25.8,21.2
400899451,MIA,2488826,33.0,3.6,5.0
400899451,MIA,2581190,37.0,4.1,0.9
400899451,PHX,984,32.0,10.9,6.5
400899451,PHX,2166,13.0,7.6,7.8
400899451,PHX,3033,32.0,8.3,7.9
400899451,PHX,4238,35.0,12.8,9.3
400899451,PHX,2596107,16.0,7.4,4.7
400899451,PHX,2982334,17.0,-0.8,-0.7
400899451,PHX,3136193,35.0,14.5,14.4
400899451,PHX,3136194,13.0,1.2,1.0
400899451,PHX,3907487,31.0,16.1,14.2
400899451,PHX,4011991,16.0,-0.8,-1.4
400899452,BKN,1781,15.0,1.8,0.7
400899452,BKN,3448,26.0,15.0,13.8
400899452,BKN,3593,28.0,-0.4,0.2
400899452,BKN,4270,27.0,8.2,6.1
400899452,BKN,4291,14.0,3.1,3.3
400899452,BKN,4299,34.0,21.9,18.9
400899452,BKN,6590,28.0,5.7,4.7
400899452,BKN,2488689,25.0,14.3,12.5
400899452,BKN,2528794,18.0,2.7,1.6
400899452,BKN,3064291,25.0,1.8,0.7
400899452,IND,2389,12.0,-2.2,-2.7
400899452,IND,2751,33.0,4.0,3.7
400899452,IND,2778,21.0,10.7,10.8
400899452,IND,3235,4.0,0.3,0.0
400899452,IND,3244,36.0,20.1,17.2
400899452,IND,4015,29.0,-1.0,-1.7
400899452,IND,4251,36.0,14.5,10.9
400899452,IND,4289,3.0,-0.8,-0.8
400899452,IND,6424,6.0,-1.2,-2.2
400899452,IND,2528386,13.0,2.7,2.9
400899452,IND,2990969,2.0,0.3,0.0
400899452,IND,2991039,13.0,3.0,1.7
400899452,IND,3133628,33.0,12.1,9.8
400899453,LAL,2429,31.0,6.4,5.2
400899453,LAL,2799,17.0,12.0,10.7
400899453,LAL,3243,27.0,13.7,15.3
400899453,LAL,4298,38.0,9.3,8.8
400899453,LAL,6618,4.0,-2.5,-1.7
400899453,LAL,2528393,10.0,3.9,3.5
400899453,LAL,2528426,18.0,14.5,14.5
400899453,LAL,3064514,37.0,21.4,18.0
400899453,LAL,3136776,33.0,16.4,14.2
400899453,LAL,3913176,25.0,3.6,2.8
400899453,MEM,136,21.0,10.6,9.0
400899453,MEM,1017,28.0,9.0,6.6
400899453,MEM,2367,24.0,7.0,5.1
400899453,MEM,3195,32.0,13.3,13.4
400899453,MEM,3206,35.0,21.0,18.6
400899453,MEM,6466,15.0,-0.9,-1.1
400899453,MEM,2327577,22.0,3.0,0.6
400899453,MEM,2489530,19.0,7.6,6.0
400899453,MEM,2579321,14.0,-3.1,-2.4
400899453,MEM,3064511,17.0,4.9,6.2
400899453,MEM,3064517,5.0,-0.9,-0.7
400899453,MEM,3136696,8.0,4.0,3.7
400899454,DET,2448,20.0,11.7,11.9
400899454,DET,4305,26.0,14.9,13.7
400899454,DET,4376,2.0,1.0,1.0
400899454,DET,6440,27.0,12.5,9.4
400899454,DET,6452,28.0,8.2,5.1
400899454,DET,6462,29.0,12.9,10.8
400899454,DET,6585,28.0,13.1,6.7
400899454,DET,2566747,5.0,-0.4,0.0
400899454,DET,2578259,2.0,-0.3,-0.3
400899454,DET,2581018,24.0,3.9,2.0
400899454,DET,2968439,18.0,12.4,10.8
400899454,DET,3134881,28.0,0.6,0.7
400899454,DET,3906522,2.0,2.6,1.7
400899454,ORL,3209,19.0,6.1,6.0
400899454,ORL,3277,8.0,-0.4,0.0
400899454,ORL,3415,16.0,2.3,2.7
400899454,ORL,3439,19.0,2.0,1.0
400899454,ORL,6427,23.0,-0.5,-1.4
400899454,ORL,6478,26.0,7.3,3.3
400899454,ORL,6588,27.0,1.6,1.2
400899454,ORL,2488999,12.0,1.9,2.0
400899454,ORL,2583639,28.0,13.4,10.2
400899454,ORL,2995706,24.0,6.8,4.2
400899454,ORL,3064290,29.0,13.3,11.3
400899454,ORL,3936102,8.0,2.0,1.4
400899455,OKC,2767,16.0,3.4,1.7
400899455,OKC,3468,45.0,32.9,29.1
400899455,OKC,6447,12.0,-1.4,-0.5
400899455,OKC,6469,33.0,0.7,0.6
400899455,OKC,2527963,44.0,12.7,9.6
400899455,OKC,2530596,40.0,13.4,6.4
400899455,OKC,2959753,6.0,1.3,2.1
400899455,OKC,2983526,11.0,-0.5,-1.5
400899455,OKC,2991235,40.0,4.2,2.8
400899455,OKC,3155942,17.0,4.4,4.4
400899455,PHX,984,38.0,4.5,3.1
400899455,PHX,3033,4.0,0.3,0.0
400899455,PHX,3201,25.0,7.1,6.3
400899455,PHX,4238,38.0,12.3,9.8
400899455,PHX,6448,35.0,8.4,6.3
400899455,PHX,2596107,14.0,-1.7,-0.8
400899455,PHX,2982334,46.0,23.0,19.6
400899455,PHX,3136193,44.0,7.0,7.0
400899455,PHX,3136194,2.0,2.4,2.4
400899455,PHX,3907487,11.0,5.4,4.0
400899455,PHX,4011991,7.0,0.9,-0.7
400899456,CHA,2797,34.0,9.3,3.7
400899456,CHA,3190,28.0,8.8,8.7
400899456,CHA,3211,20.0,8.9,6.8
400899456,CHA,3231,17.0,0.3,0.2
400899456,CHA,3416,31.0,7.8,5.0
400899456,CHA,3436,4.0,-0.8,-0.7
400899456,CHA,6479,31.0,18.5,16.6
400899456,CHA,6601,28.0,4.1,0.6
400899456,CHA,6603,22.0,13.4,12.5
400899456,CHA,2579258,23.0,8.9,6.7
400899456,MIA,3423,34.0,10.9,10.2
400899456,MIA,3999,23.0,-3.8,-5.5
400899456,MIA,4250,20.0,3.8,3.3
400899456,MIA,4262,27.0,16.6,13.8
400899456,MIA,6628,34.0,4.0,2.8
400899456,MIA,2326015,21.0,5.2,5.7
400899456,MIA,2488826,20.0,5.5,5.3
400899456,MIA,2530276,29.0,6.6,6.3
400899456,MIA,3135047,32.0,1.9,0.9
400899457,DAL,2747,27.0,3.8,0.7
400899457,DAL,2798,34.0,7.5,7.7
400899457,DAL,3055,29.0,9.0,8.0
400899457,DAL,4032,37.0,5.5,4.5
400899457,DAL,6576,8.0,-0.2,-0.1
400899457,DAL,6578,39.0,21.9,20.5
400899457,DAL,2326307,20.0,4.1,5.7
400899457,DAL,2531367,20.0,6.6,3.1
400899457,DAL,2578185,1.0,0.0,0.0
400899457,DAL,2968458,1.0,1.7,1.7
400899457,DAL,2982340,20.0,7.5,4.2
400899457,DAL,2991178,1.0,0.7,0.7
400899457,DAL,3929314,1.0,3.0,2.0
400899457,HOU,1713,19.0,5.9,4.4
400899457,HOU,2426,36.0,22.8,21.8
400899457,HOU,3191,11.0,2.2,2.0
400899457,HOU,3412,25.0,1.1,1.0
400899457,HOU,3431,33.0,15.5,15.1
400899457,HOU,3472,1.0,-0.7,-0.7
400899457,HOU,3992,36.0,20.1,18.9
400899457,HOU,2566741,22.0,6.3,4.4
400899457,HOU,2581029,1.0,-0.4,0.0
400899457,HOU,2991055,4.0,1.6,1.7
400899457,HOU,2991184,13.0,-0.3,-0.7
400899457,HOU,3059281,15.0,-0.5,0.4
400899457,HOU,3102529,25.0,3.1,-0.3
400899458,LAL,2429,34.0,10.9,6.0
400899458,LAL,2799,27.0,14.4,14.2
400899458,LAL,3243,24.0,8.0,9.3
400899458,LAL,4298,23.0,7.5,5.6
400899458,LAL,6618,2.0,-1.1,-0.7
400899458,LAL,2528393,10.0,8.3,8.2
400899458,LAL,2528426,25.0,-4.0,-4.5
400899458,LAL,2580365,16.0,2.7,2.6
400899458,LAL,2968363,15.0,2.3,1.4
400899458,LAL,3064514,27.0,3.4,2.7
400899458,LAL,3136776,32.0,1.8,0.1
400899458,LAL,3913176,4.0,0.6,1.0
400899458,UTA,1007,32.0,7.8,6.7
400899458,UTA,2167,18.0,0.6,0.4
400899458,UTA,3438,35.0,16.3,16.3
400899458,UTA,4257,20.0,12.7,9.3
400899458,UTA,6454,23.0,5.7,4.3
400899458,UTA,2581177,32.0,7.3,6.1
400899458,UTA,2968436,8.0,-1.8,-1.7
400899458,UTA,3032976,32.0,15.1,11.0
400899458,UTA,3102528,22.0,3.4,3.4
400899458,UTA,3136196,18.0,0.8,0.2
400899459,GSW,2016,17.0,9.4,7.5
400899459,GSW,2177,9.0,-0.2,0.6
400899459,GSW,2386,30.0,8.2,7.8
400899459,GSW,2393,15.0,1.9,2.4
400899459,GSW,3202,39.0,30.2,22.5
400899459,GSW,3975,34.0,14.6,14.8
400899459,GSW,6475,39.0,21.1,19.5
400899459,GSW,6589,34.0,8.6,6.5
400899459,GSW,2489785,5.0,-0.7,-0.7
400899459,GSW,3137730,10.0,3.3,2.7
400899459,GSW,3155535,7.0,5.6,5.8
400899459,NOP,3414,8.0,1.6,0.7
400899459,NOP,3974,32.0,11.3,8.7
400899459,NOP,4244,31.0,12.7,12.9
400899459,NOP,6460,26.0,3.4,0.7
400899459,NOP,6583,40.0,39.7,33.8
400899459,NOP,6597,13.0,6.3,6.4
400899459,NOP,2488945,34.0,17.0,18.1
400899459,NOP,2488958,24.0,3.1,2.0
400899459,NOP,2530572,14.0,-4.3,-4.9
400899459,NOP,2990984,19.0,-2.5,-3.1
400899470,PHI,2767,39.0,20.5,15.7
400899470,PHI,3025,17.0,4.5,2.7
400899470,PHI,2530530,32.0,6.2,3.2
400899470,PHI,2580898,15.0,1.8,2.3
400899470,PHI,2991042,28.0,3.6,2.2
400899470,PHI,2993370,19.0,3.6,2.1
400899470,PHI,3032978,36.0,2.2,0.9
400899470,PHI,3135048,25.0,6.0,5.4
400899470,PHI,3893019,30.0,2.2,1.6
400899470,SAS,272,9.0,-0.7,-1.1
400899470,SAS,1015,26.0,3.1,1.3
400899470,SAS,2772,17.0,12.5,7.7
400899470,SAS,3247,13.0,6.0,4.1
400899470,SAS,3988,29.0,9.4,7.7
400899470,SAS,4004,18.0,9.7,9.5
400899470,SAS,6426,30.0,8.1,5.7
400899470,SAS,6450,25.0,16.0,11.8
400899470,SAS,2579466,19.0,7.0,6.2
400899470,SAS,2580913,22.0,12.4,10.2
400899470,SAS,2993874,24.0,6.2,1.4
400899470,SAS,2994526,3.0,-0.7,-0.7
400899470,SAS,3907497,5.0,-3.1,-2.7
400899471,CLE,1006,11.0,-0.1,-0.7
400899471,CLE,1966,52.0,38.3,34.2
400899471,CLE,2444,42.0,16.9,14.1
400899471,CLE,2754,19.0,9.1,6.7
400899471,CLE,2798,17.0,9.1,9.5
400899471,CLE,3449,37.0,15.1,13.2
400899471,CLE,6442,46.0,15.3,14.3
400899471,CLE,6468,23.0,1.5,0.0
400899471,CLE,6474,43.0,10.4,9.8
400899471,IND,2751,36.0,6.5,6.1
400899471,IND,2778,34.0,25.7,23.9
400899471,IND,3192,14.0,-4.6,-4.1
400899471,IND,3244,29.0,17.3,17.0
400899471,IND,4015,44.0,16.4,15.3
400899471,IND,4244,18.0,-0.1,1.0
400899471,IND,4251,48.0,33.2,28.8
400899471,IND,4289,4.0,-1.4,-1.4
400899471,IND,6424,16.0,5.2,5.1
400899471,IND,3133628,47.0,7.2,5.0
400899472,GSW,2386,30.0,12.7,9.2
400899472,GSW,2419,8.0,-1.3,-0.7
400899472,GSW,3202,37.0,25.8,23.6
400899472,GSW,3452,15.0,11.5,10.2
400899472,GSW,3975,37.0,24.9,21.7
400899472,GSW,6475,33.0,13.2,12.8
400899472,GSW,2489785,21.0,9.0,9.5
400899472,GSW,2594818,17.0,11.2,10.6
400899472,GSW,3137730,28.0,7.8,6.7
400899472,GSW,3155535,13.0,4.9,5.8
400899472,LAC,165,34.0,15.0,14.5
400899472,LAC,2745,16.0,3.5,3.7
400899472,LAC,2753,33.0,9.6,7.8
400899472,LAC,3024,37.0,12.6,9.7
400899472,LAC,3442,25.0,9.6,6.9
400899472,LAC,3451,4.0,0.2,0.0
400899472,LAC,3460,17.0,7.8,7.4
400899472,LAC,3989,30.0,26.6,22.8
400899472,LAC,4247,7.0,0.3,-0.7
400899472,LAC,6617,36.0,12.4,12.4
400899473,SAS,996,28.0,12.6,9.2
400899473,SAS,1015,30.0,12.3,12.0
400899473,SAS,3247,3.0,0.0,0.0
400899473,SAS,6426,34.0,9.1,7.7
400899473,SAS,6450,36.0,22.2,20.6
400899473,SAS,2579466,34.0,9.7,10.4
400899473,SAS,2580913,23.0,11.7,7.2
400899473,SAS,2993874,32.0,10.4,6.5
400899473,SAS,2994526,21.0,7.3,7.1
400899473,UTA,1007,29.0,9.6,9.1
400899473,UTA,2167,19.0,15.6,16.1
400899473,UTA,4249,36.0,6.2,5.8
400899473,UTA,6454,25.0,10.5,9.0
400899473,UTA,2333797,7.0,3.9,2.3
400899473,UTA,2581177,27.0,1.4,0.9
400899473,UTA,2968436,28.0,5.0,3.4
400899473,UTA,3032976,41.0,25.4,19.1
400899473,UTA,3102528,27.0,5.1,5.4
400899474,GSW,1765,20.0,2.2,1.3
400899474,GSW,2016,14.0,7.5,6.1
400899474,GSW,2177,18.0,9.7,7.5
400899474,GSW,2386,26.0,9.4,7.5
400899474,GSW,2393,21.0,15.6,14.6
400899474,GSW,3452,8.0,12.5,8.8
400899474,GSW,3975,36.0,37.3,37.2
400899474,GSW,6475,33.0,13.9,12.7
400899474,GSW,6589,35.0,15.1,10.9
400899474,GSW,2489785,12.0,2.1,2.7
400899474,GSW,2594818,4.0,-0.8,-1.0
400899474,GSW,3137730,13.0,2.7,2.7
400899474,WAS,2758,16.0,4.1,4.0
400899474,WAS,2774,21.0,7.9,7.9
400899474,WAS,3593,29.0,15.8,13.1
400899474,WAS,3997,23.0,6.6,6.4
400899474,WAS,4237,27.0,15.4,13.2
400899474,WAS,6461,24.0,8.9,7.8
400899474,WAS,6580,31.0,14.6,12.4
400899474,WAS,6621,16.0,4.1,4.1
400899474,WAS,2594922,23.0,14.0,10.1
400899474,WAS,2991050,2.0,-0.7,-0.7
400899474,WAS,3133603,29.0,-1.6,-1.0
400899475,HOU,1713,23.0,11.6,8.9
400899475,HOU,2799,30.0,14.2,14.4
400899475,HOU,3431,37.0,17.2,14.0
400899475,HOU,3964,35.0,24.4,23.5
400899475,HOU,2581029,5.0,-2.1,-1.7
400899475,HOU,2991055,12.0,1.3,0.2
400899475,HOU,2991184,19.0,-0.4,-1.0
400899475,HOU,3059336,15.0,2.1,0.9
400899475,HOU,3078286,39.0,17.0,16.8
400899475,HOU,3102529,25.0,5.0,2.8
400899475,PHX,2807,11.0,2.3,0.7
400899475,PHX,3201,34.0,11.6,7.9
400899475,PHX,2579326,7.0,-1.5,-1.7
400899475,PHX,2596107,28.0,11.4,6.7
400899475,PHX,3136193,39.0,13.6,12.7
400899475,PHX,3136194,45.0,29.8,28.3
400899475,PHX,3907487,28.0,4.7,2.2
400899475,PHX,3936099,34.0,10.6,8.6
400899475,PHX,4011991,14.0,5.3,4.6
400899476,ATL,2011,24.0,14.5,11.9
400899476,ATL,2384,19.0,3.1,1.4
400899476,ATL,2433,22.0,3.9,-1.8
400899476,ATL,3015,27.0,11.0,10.0
400899476,ATL,3028,19.0,11.9,10.1
400899476,ATL,6637,24.0,2.1,0.3
400899476,ATL,2282205,20.0,8.6,7.4
400899476,ATL,2490089,21.0,15.7,13.3
400899476,ATL,2528210,19.0,2.7,0.8
400899476,ATL,2990962,6.0,3.7,3.7
400899476,ATL,3032979,28.0,14.9,13.0
400899476,ATL,3033031,4.0,1.2,0.9
400899476,ATL,3062667,6.0,1.3,1.0
400899476,PHI,3025,29.0,9.4,7.9
400899476,PHI,3993,18.0,-1.5,-2.8
400899476,PHI,6634,20.0,1.3,0.6
400899476,PHI,2490620,23.0,-3.9,-6.8
400899476,PHI,2530530,19.0,3.8,3.0
400899476,PHI,2991042,29.0,0.6,-0.4
400899476,PHI,2991070,19.0,1.2,0.1
400899476,PHI,2993370,20.0,7.1,6.8
400899476,PHI,3032978,26.0,0.7,-0.1
400899476,PHI,3059318,15.0,8.8,7.0
400899476,PHI,3135048,15.0,6.8,5.3
400899476,PHI,3893019,6.0,0.3,-1.0
400899477,BOS,2761,11.0,0.9,1.3
400899477,BOS,2769,21.0,-0.4,0.0
400899477,BOS,3213,31.0,11.9,10.1
400899477,BOS,3998,19.0,0.8,1.4
400899477,BOS,4240,36.0,26.6,24.2
400899477,BOS,6472,35.0,14.8,15.3
400899477,BOS,6581,34.0,9.5,3.7
400899477,BOS,6631,12.0,3.1,2.4
400899477,BOS,3064520,8.0,2.6,2.3
400899477,BOS,3074752,21.0,2.9,2.4
400899477,BOS,3917376,13.0,4.3,4.7
400899477,CHA,2797,30.0,4.3,3.5
400899477,CHA,3190,23.0,2.4,1.9
400899477,CHA,3211,20.0,7.1,4.8
400899477,CHA,3231,18.0,7.8,7.1
400899477,CHA,3416,33.0,10.8,9.0
400899477,CHA,6479,36.0,22.3,19.5
400899477,CHA,6601,25.0,6.1,4.6
400899477,CHA,6603,9.0,2.4,0.5
400899477,CHA,2579258,21.0,6.8,4.2
400899477,CHA,2579294,24.0,8.9,8.8
400899478,MEM,136,25.0,4.2,4.4
400899478,MEM,1017,21.0,7.9,7.0
400899478,MEM,3195,24.0,6.9,6.8
400899478,MEM,3206,31.0,14.7,14.0
400899478,MEM,2327577,30.0,4.7,4.3
400899478,MEM,2489530,12.0,0.8,1.6
400899478,MEM,2579321,27.0,12.8,13.1
400899478,MEM,3064511,25.0,-0.1,0.7
400899478,MEM,3064517,13.0,8.0,8.7
400899478,MEM,3078286,9.0,3.5,1.9
400899478,MEM,3136696,22.0,3.3,3.1
400899478,MEM,3937101,1.0,0.0,0.0
400899478,NYK,1975,36.0,11.8,10.8
400899478,NYK,3224,22.0,6.4,5.4
400899478,NYK,3445,34.0,12.9,11.4
400899478,NYK,3456,32.0,11.5,8.7
400899478,NYK,3997,16.0,5.3,4.1
400899478,NYK,6485,19.0,4.6,4.4
400899478,NYK,6615,19.0,9.3,9.7
400899478,NYK,2284101,19.0,4.9,5.4
400899478,NYK,2999409,8.0,0.9,0.6
400899478,NYK,3102531,36.0,16.9,16.7
400899479,CLE,1006,23.0,2.3,2.0
400899479,CLE,1135,9.0,6.5,6.0
400899479,CLE,1708,20.0,2.1,1.9
400899479,CLE,1966,39.0,20.4,18.0
400899479,CLE,2444,28.0,13.8,13.1
400899479,CLE,3449,33.0,6.5,7.6
400899479,CLE,6442,37.0,12.4,10.6
400899479,CLE,6468,19.0,4.4,3.4
400899479,CLE,6474,27.0,6.0,2.3
400899479,CLE,3062892,5.0,1.7,1.7
400899479,ORL,3209,28.0,7.2,2.8
400899479,ORL,3415,21.0,8.5,7.7
400899479,ORL,3439,31.0,15.0,14.4
400899479,ORL,6427,19.0,2.1,2.0
400899479,ORL,6478,25.0,6.4,5.1
400899479,ORL,6588,38.0,14.2,15.6
400899479,ORL,2488999,9.0,-0.7,-0.7
400899479,ORL,2583639,34.0,7.7,7.0
400899479,ORL,2995706,10.0,-0.9,-2.4
400899479,ORL,3064290,26.0,6.7,3.3
400899480,CHI,1987,21.0,16.0,13.5
400899480,CHI,3026,25.0,10.7,9.1
400899480,CHI,3447,19.0,13.3,11.9
400899480,CHI,3986,25.0,10.4,7.4
400899480,CHI,6430,26.0,16.7,15.6
400899480,CHI,6459,26.0,6.3,5.0
400899480,CHI,2490589,14.0,10.4,9.8
400899480,CHI,2528588,27.0,20.0,17.9
400899480,CHI,2596108,23.0,3.2,1.3
400899480,CHI,2999549,5.0,-2.4,-2.7
400899480,CHI,3064482,7.0,1.7,1.7
400899480,CHI,3113587,20.0,6.1,5.4
400899480,CHI,3893023,3.0,0.3,0.0
400899480,IND,2389,15.0,5.6,5.8
400899480,IND,2751,28.0,-0.7,-1.3
400899480,IND,2778,20.0,6.2,4.3
400899480,IND,3244,27.0,11.4,8.2
400899480,IND,4015,28.0,1.9,-0.6
400899480,IND,4251,24.0,13.6,13.9
400899480,IND,4289,12.0,10.3,7.5
400899480,IND,6424,6.0,0.9,0.7
400899480,IND,2528386,20.0,10.4,9.8
400899480,IND,2596110,7.0,-0.1,0.0
400899480,IND,2990969,16.0,1.0,0.7
400899480,IND,2991039,18.0,8.4,8.1
400899480,IND,3133628,22.0,17.7,15.5
400899481,BKN,1781,18.0,17.5,16.4
400899481,BKN,3593,31.0,20.2,19.2
400899481,BKN,4270,31.0,16.9,11.4
400899481,BKN,4291,7.0,-0.1,-0.4
400899481,BKN,4299,33.0,10.3,6.0
400899481,BKN,6590,30.0,6.8,3.0
400899481,BKN,2488689,24.0,9.8,10.0
400899481,BKN,2528794,18.0,0.8,-0.4
400899481,BKN,2991473,18.0,4.7,4.6
400899481,BKN,3064291,23.0,-2.3,-3.0
400899481,BKN,3136477,8.0,0.8,1.0
400899481,MIL,3418,9.0,2.0,2.4
400899481,MIL,4260,19.0,12.7,8.1
400899481,MIL,4385,16.0,6.8,7.4
400899481,MIL,6592,21.0,11.3,6.1
400899481,MIL,6616,8.0,-0.9,-0.4
400899481,MIL,2489716,36.0,17.0,15.0
400899481,MIL,2528353,21.0,0.7,2.0
400899481,MIL,2566769,13.0,-1.6,-2.5
400899481,MIL,3032977,35.0,16.5,11.2
400899481,MIL,3056600,35.0,13.1,9.7
400899481,MIL,3137733,27.0,13.8,13.3
400899482,NOP,3410,15.0,0.7,-0.0
400899482,NOP,3414,15.0,2.8,1.4
400899482,NOP,3974,23.0,6.4,6.7
400899482,NOP,4244,18.0,1.2,2.4
400899482,NOP,6460,25.0,13.4,11.7
400899482,NOP,6583,32.0,11.3,8.1
400899482,NOP,6597,14.0,1.1,-1.1
400899482,NOP,2488945,25.0,3.1,3.1
400899482,NOP,2488958,27.0,1.9,0.6
400899482,NOP,2530572,23.0,2.4,1.6
400899482,NOP,2990984,18.0,4.7,1.9
400899482,NOP,3919335,6.0,0.0,-0.7
400899482,SAS,996,22.0,11.3,9.2
400899482,SAS,2772,15.0,5.6,4.4
400899482,SAS,2983,25.0,5.4,4.8
400899482,SAS,4004,24.0,17.3,17.3
400899482,SAS,6426,12.0,0.9,-0.7
400899482,SAS,6450,28.0,18.9,16.1
400899482,SAS,2579466,26.0,4.7,2.9
400899482,SAS,2580913,16.0,6.8,3.3
400899482,SAS,2968338,22.0,6.5,6.1
400899482,SAS,2993874,26.0,4.0,0.6
400899482,SAS,2994526,15.0,0.8,0.3
400899482,SAS,3907497,9.0,-2.3,-2.5
400899483,DEN,2439,15.0,2.5,3.7
400899483,DEN,3194,30.0,4.3,2.9
400899483,DEN,3428,42.0,8.3,7.1
400899483,DEN,6433,30.0,10.1,6.1
400899483,DEN,6579,41.0,11.3,10.3
400899483,DEN,3102530,23.0,9.4,8.0
400899483,DEN,3112335,34.0,23.2,17.2
400899483,DEN,3892818,38.0,11.1,7.2
400899483,DEN,3936299,12.0,0.9,0.0
400899483,POR,4239,25.0,6.6,6.1
400899483,POR,4248,32.0,6.6,0.8
400899483,POR,4259,13.0,3.1,3.1
400899483,POR,6591,32.0,0.7,2.2
400899483,POR,6605,11.0,0.5,-0.1
400899483,POR,6606,41.0,27.1,24.0
400899483,POR,2488653,32.0,9.3,9.7
400899483,POR,2490149,41.0,18.0,12.4
400899483,POR,2531210,29.0,9.1,8.4
400899483,POR,3078284,7.0,1.2,0.0
400899484,MIN,3457,12.0,4.0,3.7
400899484,MIN,4011,28.0,7.6,5.5
400899484,MIN,4267,12.0,-0.3,-0.3
400899484,MIN,4269,13.0,-2.7,-2.8
400899484,MIN,2534781,35.0,15.4,12.9
400899484,MIN,2991139,20.0,3.1,3.6
400899484,MIN,2993875,11.0,9.1,8.8
400899484,MIN,3059319,37.0,16.0,14.8
400899484,MIN,3064440,37.0,14.7,14.4
400899484,MIN,3136195,37.0,13.7,11.8
400899484,SAC,1765,27.0,12.1,10.5
400899484,SAC,3005,33.0,20.8,18.4
400899484,SAC,3187,30.0,2.9,3.0
400899484,SAC,3276,13.0,1.3,1.4
400899484,SAC,3444,20.0,1.4,1.4
400899484,SAC,3554,10.0,-0.2,-0.7
400899484,SAC,4000,34.0,6.2,3.7
400899484,SAC,4023,14.0,1.0,0.3
400899484,SAC,4258,33.0,22.7,23.5
400899484,SAC,2578213,18.0,6.6,7.0
400899484,SAC,2991282,8.0,2.3,2.7
400899485,LAC,165,21.0,8.9,8.0
400899485,LAC,2745,2.0,0.0,0.0
400899485,LAC,2753,19.0,0.2,0.0
400899485,LAC,2779,29.0,11.4,7.9
400899485,LAC,3024,28.0,6.2,5.0
400899485,LAC,3442,28.0,7.3,4.0
400899485,LAC,3451,16.0,2.0,2.0
400899485,LAC,3460,17.0,0.5,-1.6
400899485,LAC,3989,30.0,13.3,11.0
400899485,LAC,4247,19.0,3.8,1.7
400899485,LAC,6617,29.0,11.6,11.8
400899485,LAC,3924880,2.0,0.3,0.0
400899485,UTA,1007,25.0,6.3,4.0
400899485,UTA,2167,19.0,-5.1,-5.4
400899485,UTA,3438,32.0,14.0,12.9
400899485,UTA,4257,23.0,3.3,0.1
400899485,UTA,6454,14.0,-2.6,-1.0
400899485,UTA,2581177,28.0,-3.9,-3.6
400899485,UTA,2968361,4.0,0.0,-0.3
400899485,UTA,2968436,20.0,8.1,6.1
400899485,UTA,2983551,4.0,4.3,3.0
400899485,UTA,3032976,26.0,8.2,5.9
400899485,UTA,3102528,26.0,9.2,8.4
400899485,UTA,3136196,19.0,3.4,3.7
400899486,GSW,2016,22.0,5.9,4.5
400899486,GSW,2177,8.0,1.5,1.3
400899486,GSW,2386,28.0,7.0,4.8
400899486,GSW,2393,14.0,1.5,2.0
400899486,GSW,3202,38.0,33.3,28.2
400899486,GSW,3975,34.0,19.1,20.8
400899486,GSW,6475,40.0,5.8,4.5
400899486,GSW,6589,38.0,8.6,4.1
400899486,GSW,2489785,16.0,-1.7,-1.1
400899486,GSW,3155535,3.0,-1.2,-0.4
400899486,PHX,984,28.0,9.0,5.7
400899486,PHX,2166,15.0,6.3,5.7
400899486,PHX,3033,8.0,-1.2,-1.7
400899486,PHX,3201,27.0,8.1,5.7
400899486,PHX,4238,36.0,20.8,19.1
400899486,PHX,6448,26.0,2.4,1.6
400899486,PHX,2596107,18.0,6.9,3.3
400899486,PHX,2982334,37.0,18.7,18.1
400899486,PHX,3136193,28.0,-0.1,-0.8
400899486,PHX,3907487,14.0,5.4,3.7
400899486,PHX,4011991,3.0,-1.8,-1.4
400899487,MIA,3423,34.0,18.1,17.4
400899487,MIA,3999,14.0,0.5,-0.7
400899487,MIA,4250,25.0,6.1,5.4
400899487,MIA,4262,35.0,27.9,19.7
400899487,MIA,6628,33.0,0.7,-0.4
400899487,MIA,2326015,13.0,2.9,2.4
400899487,MIA,2488826,16.0,-2.2,-1.4
400899487,MIA,2530276,30.0,5.4,7.0
400899487,MIA,3135047,39.0,11.3,10.7
400899487,SAS,272,28.0,-1.0,-3.0
400899487,SAS,996,31.0,17.8,14.8
400899487,SAS,1015,22.0,0.5,0.4
400899487,SAS,2772,25.0,8.6,7.1
400899487,SAS,4004,25.0,12.0,12.4
400899487,SAS,6426,17.0,5.3,5.4
400899487,SAS,6450,30.0,19.5,18.4
400899487,SAS,2579466,25.0,3.5,3.3
400899487,SAS,2580913,16.0,9.0,9.4
400899487,SAS,2968338,1.0,-0.4,0.0
400899487,SAS,2993874,20.0,1.9,2.4
400899488,DET,2448,17.0,3.0,2.9
400899488,DET,4305,31.0,1.8,2.0
400899488,DET,6440,31.0,13.9,11.5
400899488,DET,6452,27.0,4.8,4.4
400899488,DET,6462,36.0,1.9,0.5
400899488,DET,6585,37.0,24.9,16.7
400899488,DET,2581018,34.0,21.1,18.9
400899488,DET,2968439,11.0,5.1,4.0
400899488,DET,3134881,16.0,3.6,1.4
400899488,MIL,3418,16.0,4.8,3.7
400899488,MIL,4260,18.0,8.4,6.0
400899488,MIL,4385,16.0,1.6,1.0
400899488,MIL,6592,12.0,-4.1,-2.7
400899488,MIL,6616,17.0,8.0,6.9
400899488,MIL,2489716,31.0,9.2,8.9
400899488,MIL,2528353,26.0,2.8,1.3
400899488,MIL,2566769,17.0,4.2,2.6
400899488,MIL,3032977,35.0,15.9,11.4
400899488,MIL,3056600,29.0,7.1,6.6
400899488,MIL,3137733,22.0,2.1,-0.8
400899488,MIL,4017843,2.0,0.3,0.0
400899489,MEM,136,32.0,17.6,16.1
400899489,MEM,1017,25.0,15.7,11.8
400899489,MEM,3195,38.0,17.1,17.3
400899489,MEM,3206,29.0,17.2,13.2
400899489,MEM,2327577,39.0,6.3,5.1
400899489,MEM,2579321,34.0,4.8,3.6
400899489,MEM,3064511,30.0,5.0,7.0
400899489,MEM,3064517,19.0,0.3,0.3
400899489,MEM,3078286,1.0,-0.4,0.0
400899489,MEM,3136696,18.0,0.9,-0.7
400899489,MEM,3937101,1.0,0.0,0.0
400899489,WAS,2758,38.0,15.8,14.1
400899489,WAS,3232,5.0,0.3,0.7
400899489,WAS,4017,16.0,10.6,10.1
400899489,WAS,4237,37.0,17.0,16.0
400899489,WAS,6461,36.0,6.9,4.1
400899489,WAS,6580,40.0,6.6,3.8
400899489,WAS,6614,25.0,3.6,2.6
400899489,WAS,6621,1.0,0.0,0.0
400899489,WAS,2579260,16.0,1.9,0.9
400899489,WAS,2594885,1.0,0.0,0.0
400899489,WAS,2594922,36.0,7.5,7.0
400899489,WAS,3133603,15.0,2.7,2.4
400899490,LAL,25,4.0,-0.4,-1.4
400899490,LAL,2429,22.0,1.3,-0.3
400899490,LAL,2799,20.0,2.8,1.9
400899490,LAL,2806,4.0,-1.7,-1.7
400899490,LAL,3243,30.0,9.5,8.6
400899490,LAL,4298,24.0,6.8,5.9
400899490,LAL,2528393,11.0,0.8,0.7
400899490,LAL,2528426,29.0,6.5,3.4
400899490,LAL,2580365,12.0,2.7,1.4
400899490,LAL,3064514,32.0,19.2,15.4
400899490,LAL,3136776,32.0,12.8,10.0
400899490,LAL,3913176,21.0,5.7,3.9
400899490,OKC,2767,26.0,-3.1,-5.5
400899490,OKC,3468,34.0,32.3,29.7
400899490,OKC,3474,6.0,5.0,4.4
400899490,OKC,6447,22.0,10.9,10.2
400899490,OKC,6469,18.0,1.5,1.4
400899490,OKC,2527963,38.0,8.7,8.6
400899490,OKC,2530596,30.0,9.2,6.0
400899490,OKC,2959753,8.0,3.9,1.7
400899490,OKC,2983526,20.0,3.2,1.6
400899490,OKC,2991235,30.0,15.8,9.5
400899490,OKC,2995702,2.0,5.7,4.7
400899490,OKC,3155942,7.0,-0.6,-0.7
400899491,DAL,2747,28.0,6.9,5.1
400899491,DAL,2798,31.0,7.2,5.6
400899491,DAL,3055,31.0,18.4,15.8
400899491,DAL,4032,41.0,13.4,12.9
400899491,DAL,6578,38.0,4.2,3.5
400899491,DAL,2326307,24.0,-2.5,-3.4
400899491,DAL,2531367,12.0,5.6,4.0
400899491,DAL,2968458,17.0,8.4,7.6
400899491,DAL,2982340,17.0,6.1,4.3
400899491,HOU,1713,22.0,8.2,8.5
400899491,HOU,2426,33.0,8.3,4.5
400899491,HOU,3191,15.0,1.4,2.0
400899491,HOU,3412,32.0,12.8,11.2
400899491,HOU,3431,33.0,4.0,2.5
400899491,HOU,3992,39.0,13.4,12.2
400899491,HOU,2566741,16.0,1.2,1.0
400899491,HOU,2991184,15.0,6.6,6.7
400899491,HOU,3059281,9.0,-1.5,-0.7
400899491,HOU,3102529,26.0,4.0,-0.3
400899492,DEN,2439,22.0,9.8,10.1
400899492,DEN,3194,31.0,4.8,4.8
400899492,DEN,3428,37.0,11.2,10.9
400899492,DEN,6433,15.0,6.9,5.0
400899492,DEN,6579,30.0,16.7,14.8
400899492,DEN,3102530,38.0,14.4,6.8
400899492,DEN,3112335,22.0,5.2,6.2
400899492,DEN,3892818,33.0,9.4,7.6
400899492,DEN,3936299,12.0,-2.0,-1.4
400899492,TOR,3012,36.0,23.0,20.1
400899492,TOR,3970,29.0,5.7,6.0
400899492,TOR,3978,39.0,23.9,22.4
400899492,TOR,4264,33.0,8.9,4.4
400899492,TOR,6446,24.0,4.5,4.1
400899492,TOR,6477,31.0,7.7,6.8
400899492,TOR,6619,15.0,5.1,4.3
400899492,TOR,2595516,2.0,1.6,1.7
400899492,TOR,3134908,17.0,0.6,-0.8
400899492,TOR,3149673,15.0,-0.0,0.3
400899493,BKN,1781,16.0,6.8,6.2
400899493,BKN,3448,22.0,7.6,7.7
400899493,BKN,3593,21.0,9.9,10.0
400899493,BKN,4270,19.0,5.7,0.9
400899493,BKN,4299,24.0,13.4,8.8
400899493,BKN,6590,17.0,1.8,-1.4
400899493,BKN,2488689,25.0,5.3,4.1
400899493,BKN,2528794,23.0,4.7,4.3
400899493,BKN,2991473,12.0,4.2,2.9
400899493,BKN,3064291,30.0,-0.8,-1.7
400899493,BKN,3136477,21.0,-3.3,-2.7
400899493,BKN,3153165,10.0,-0.1,-0.7
400899493,CHI,1987,29.0,6.1,2.7
400899493,CHI,3026,25.0,9.7,6.9
400899493,CHI,3447,19.0,5.6,3.7
400899493,CHI,3986,25.0,13.1,9.9
400899493,CHI,6430,27.0,18.4,18.1
400899493,CHI,6459,25.0,12.8,8.4
400899493,CHI,2490589,22.0,17.8,17.0
400899493,CHI,2528588,24.0,7.8,7.7
400899493,CHI,2596108,5.0,-1.5,-2.7
400899493,CHI,2999549,7.0,1.6,1.3
400899493,CHI,3064482,4.0,4.8,4.8
400899493,CHI,3113587,23.0,3.4,3.1
400899493,CHI,3893023,4.0,2.0,0.7
400899494,ATL,2011,32.0,10.3,9.7
400899494,ATL,2384,30.0,14.5,12.5
400899494,ATL,2433,13.0,5.0,5.1
400899494,ATL,3015,32.0,14.4,9.9
400899494,ATL,3028,24.0,7.5,2.1
400899494,ATL,6637,28.0,9.7,6.6
400899494,ATL,2282205,16.0,4.8,5.4
400899494,ATL,2490089,20.0,8.2,8.6
400899494,ATL,2528210,13.0,0.4,0.5
400899494,ATL,3032979,32.0,12.6,12.0
400899494,SAC,1765,28.0,8.3,7.4
400899494,SAC,3005,31.0,17.7,16.8
400899494,SAC,3187,25.0,8.9,8.5
400899494,SAC,3276,14.0,0.9,1.0
400899494,SAC,3444,25.0,4.0,0.1
400899494,SAC,4000,23.0,11.3,9.2
400899494,SAC,4023,25.0,6.2,6.1
400899494,SAC,4258,32.0,4.2,2.5
400899494,SAC,2578213,26.0,7.1,7.3
400899494,SAC,2991282,12.0,-0.5,-1.0
400899495,LAC,165,27.0,12.7,10.1
400899495,LAC,2753,18.0,2.9,1.9
400899495,LAC,2779,30.0,21.8,19.9
400899495,LAC,3024,26.0,6.5,5.0
400899495,LAC,3442,31.0,19.3,16.5
400899495,LAC,3451,20.0,1.9,0.6
400899495,LAC,3460,13.0,4.3,4.0
400899495,LAC,3989,32.0,17.4,15.4
400899495,LAC,4247,17.0,1.6,1.3
400899495,LAC,6617,24.0,2.0,2.0
400899495,LAC,3924880,4.0,-2.1,-1.7
400899495,PHX,984,18.0,3.2,4.1
400899495,PHX,2166,13.0,9.0,7.8
400899495,PHX,3033,27.0,5.4,2.7
400899495,PHX,3201,19.0,2.2,1.0
400899495,PHX,4238,32.0,5.5,4.6
400899495,PHX,6448,31.0,8.5,9.3
400899495,PHX,2579326,4.0,0.0,-0.3
400899495,PHX,2596107,25.0,4.6,4.4
400899495,PHX,2982334,29.0,8.3,7.9
400899495,PHX,3136194,18.0,5.3,3.8
400899495,PHX,3907487,18.0,4.3,4.3
400899495,PHX,4011991,7.0,2.0,0.7
400899496,ORL,3209,12.0,-0.2,-1.1
400899496,ORL,3277,8.0,1.3,1.3
400899496,ORL,3415,13.0,4.3,4.3
400899496,ORL,3439,32.0,18.0,17.2
400899496,ORL,6427,21.0,4.8,4.5
400899496,ORL,6478,31.0,24.9,22.1
400899496,ORL,6588,37.0,10.7,9.0
400899496,ORL,2488999,4.0,0.0,0.0
400899496,ORL,2583639,38.0,17.1,13.5
400899496,ORL,2995706,12.0,-1.4,-1.7
400899496,ORL,3064290,32.0,5.6,2.7
400899496,PHI,3025,32.0,10.7,10.0
400899496,PHI,3993,31.0,13.2,11.7
400899496,PHI,6634,28.0,21.3,19.6
400899496,PHI,2490620,28.0,0.2,-4.5
400899496,PHI,2530530,16.0,4.3,5.2
400899496,PHI,2991042,22.0,-2.3,-1.1
400899496,PHI,2993370,23.0,4.8,3.1
400899496,PHI,3032978,31.0,14.0,13.2
400899496,PHI,3059318,25.0,15.1,11.0
400899496,PHI,3893019,3.0,0.0,0.0
400899497,CLE,1006,20.0,4.9,4.4
400899497,CLE,1708,18.0,10.8,10.4
400899497,CLE,1966,36.0,16.5,15.1
400899497,CLE,2444,34.0,9.7,10.0
400899497,CLE,2754,15.0,5.0,4.9
400899497,CLE,3449,31.0,18.6,15.1
400899497,CLE,6442,35.0,23.1,23.2
400899497,CLE,6468,26.0,6.5,5.1
400899497,CLE,6474,27.0,10.0,9.7
400899497,HOU,1713,25.0,14.0,13.9
400899497,HOU,2426,31.0,4.4,5.3
400899497,HOU,3191,21.0,8.6,7.4
400899497,HOU,3412,31.0,7.1,8.0
400899497,HOU,3431,33.0,10.0,9.4
400899497,HOU,3472,5.0,-1.4,-1.4
400899497,HOU,3992,38.0,42.4,40.8
400899497,HOU,2566741,20.0,0.4,-0.1
400899497,HOU,2991184,14.0,3.2,3.0
400899497,HOU,3059281,4.0,0.6,0.7
400899497,HOU,3102529,19.0,6.1,5.7
400899498,IND,2389,14.0,1.6,1.7
400899498,IND,2751,38.0,10.5,9.3
400899498,IND,2778,23.0,13.4,11.8
400899498,IND,3192,16.0,6.3,6.0
400899498,IND,3244,28.0,17.0,13.6
400899498,IND,4015,33.0,3.9,1.2
400899498,IND,4251,37.0,23.5,18.1
400899498,IND,4289,8.0,3.7,3.1
400899498,IND,6424,19.0,5.7,4.8
400899498,IND,3133628,25.0,5.7,4.5
400899498,LAL,25,3.0,1.2,1.2
400899498,LAL,2429,21.0,6.5,5.4
400899498,LAL,2799,27.0,11.5,11.5
400899498,LAL,2806,17.0,7.0,5.8
400899498,LAL,3243,21.0,5.0,5.0
400899498,LAL,4298,19.0,3.2,3.4
400899498,LAL,2528393,19.0,7.4,6.1
400899498,LAL,2528426,31.0,6.5,7.3
400899498,LAL,2580365,30.0,11.5,5.7
400899498,LAL,3064514,20.0,4.6,3.0
400899498,LAL,3136776,19.0,4.5,5.3
400899498,LAL,3913176,15.0,-0.6,-0.7
400899499,MIA,2184,16.0,-0.8,-0.7
400899499,MIA,3423,41.0,24.9,20.5
400899499,MIA,3999,18.0,4.0,0.6
400899499,MIA,4250,24.0,5.7,4.9
400899499,MIA,4262,28.0,6.0,2.9
400899499,MIA,6628,42.0,15.2,12.0
400899499,MIA,2326015,9.0,3.6,3.4
400899499,MIA,2488826,14.0,1.4,1.4
400899499,MIA,2530276,32.0,21.7,17.5
400899499,MIA,3135047,41.0,3.3,2.9
400899499,SAC,1765,23.0,-2.7,-4.4
400899499,SAC,3005,42.0,20.1,16.3
400899499,SAC,3187,41.0,7.2,6.9
400899499,SAC,3276,14.0,3.5,3.4
400899499,SAC,3444,25.0,6.8,4.8
400899499,SAC,4000,37.0,0.3,0.0
400899499,SAC,4023,30.0,0.5,-0.7
400899499,SAC,4258,35.0,20.0,19.9
400899499,SAC,2578213,18.0,0.5,-0.8
400899500,DET,2448,16.0,-1.3,-0.4
400899500,DET,4305,32.0,6.8,6.8
400899500,DET,6440,36.0,21.8,19.2
400899500,DET,6452,26.0,7.6,5.4
400899500,DET,6462,32.0,17.1,16.4
400899500,DET,6585,35.0,6.9,1.3
400899500,DET,2581018,34.0,17.1,15.2
400899500,DET,2968439,13.0,1.2,0.0
400899500,DET,3134881,17.0,1.1,-1.1
400899500,NYK,1975,35.0,17.4,13.6
400899500,NYK,2421,5.0,2.3,1.7
400899500,NYK,3224,31.0,9.2,7.7
400899500,NYK,3445,29.0,2.5,2.7
400899500,NYK,3456,32.0,12.3,10.4
400899500,NYK,3997,19.0,8.6,8.0
400899500,NYK,6485,26.0,-3.4,-3.8
400899500,NYK,6615,11.0,0.1,-1.7
400899500,NYK,2284101,12.0,0.5,-0.7
400899500,NYK,2999409,5.0,-0.1,-1.0
400899500,NYK,3063982,6.0,2.8,1.6
400899500,NYK,3102531,30.0,11.4,10.3
400899501,MIL,3418,13.0,6.6,6.7
400899501,MIL,4260,18.0,9.1,7.6
400899501,MIL,4385,13.0,5.0,5.0
400899501,MIL,6592,16.0,-0.0,-0.6
400899501,MIL,6616,14.0,0.3,-0.1
400899501,MIL,2489716,29.0,13.6,11.6
400899501,MIL,2528353,33.0,9.6,7.7
400899501,MIL,2566769,24.0,13.8,9.9
400899501,MIL,3032977,34.0,21.5,19.3
400899501,MIL,3056600,29.0,13.6,13.7
400899501,MIL,3137733,17.0,4.6,3.0
400899501,NOP,3410,6.0,2.6,1.7
400899501,NOP,3414,13.0,6.0,3.2
400899501,NOP,3974,38.0,0.5,-0.9
400899501,NOP,4244,15.0,0.9,0.4
400899501,NOP,6460,36.0,11.0,11.8
400899501,NOP,6583,37.0,33.9,26.0
400899501,NOP,2488945,37.0,20.7,18.0
400899501,NOP,2488958,36.0,18.3,16.0
400899501,NOP,2530572,8.0,-0.1,-1.0
400899501,NOP,2990984,14.0,1.6,0.6
400899502,MEM,136,14.0,4.4,1.6
400899502,MEM,1017,10.0,-3.0,-2.8
400899502,MEM,2367,19.0,2.9,1.7
400899502,MEM,2327577,27.0,1.0,-0.5
400899502,MEM,2489530,12.0,-2.8,-2.8
400899502,MEM,2579321,21.0,2.3,0.3
400899502,MEM,3064511,32.0,13.4,8.7
400899502,MEM,3064517,26.0,0.2,0.5
400899502,MEM,3078286,30.0,9.9,8.7
400899502,MEM,3136696,23.0,2.8,-0.4
400899502,MEM,3937101,26.0,15.2,13.1
400899502,MIN,3457,19.0,5.3,4.3
400899502,MIN,3994,5.0,1.2,2.1
400899502,MIN,4267,10.0,1.4,1.4
400899502,MIN,4269,18.0,6.0,4.1
400899502,MIN,2534781,34.0,18.3,13.6
400899502,MIN,2991139,29.0,12.9,8.2
400899502,MIN,2993875,19.0,7.3,6.7
400899502,MIN,3059319,29.0,11.5,11.4
400899502,MIN,3064440,29.0,21.6,21.2
400899502,MIN,3135046,19.0,4.7,3.5
400899502,MIN,3136195,30.0,9.4,6.4
400899503,SAS,272,23.0,5.3,4.0
400899503,SAS,996,27.0,9.1,6.1
400899503,SAS,1015,33.0,6.2,6.5
400899503,SAS,2772,14.0,3.5,3.4
400899503,SAS,2983,35.0,15.6,13.7
400899503,SAS,4004,15.0,5.7,5.1
400899503,SAS,6450,36.0,24.5,20.8
400899503,SAS,2579466,29.0,-0.2,-0.4
400899503,SAS,2580913,12.0,-1.8,-1.8
400899503,SAS,2968338,1.0,0.0,0.0
400899503,SAS,2993874,14.0,1.9,-0.1
400899503,SAS,2994526,1.0,0.0,0.0
400899503,SAS,3907497,1.0,0.0,0.0
400899503,UTA,1007,34.0,7.2,6.1
400899503,UTA,3438,33.0,22.2,21.4
400899503,UTA,4257,16.0,6.3,5.1
400899503,UTA,6454,19.0,9.0,8.1
400899503,UTA,2333797,11.0,3.5,2.6
400899503,UTA,2581177,33.0,13.7,12.0
400899503,UTA,2968436,19.0,6.5,6.4
400899503,UTA,3032976,33.0,4.3,2.9
400899503,UTA,3102528,14.0,3.9,1.0
400899503,UTA,3136196,29.0,10.7,8.0
400899504,GSW,2016,19.0,6.9,5.4
400899504,GSW,2177,11.0,7.7,4.8
400899504,GSW,2386,24.0,10.9,9.8
400899504,GSW,2393,18.0,6.7,5.2
400899504,GSW,3202,31.0,17.5,12.8
400899504,GSW,3452,6.0,1.4,1.4
400899504,GSW,3975,30.0,16.4,15.7
400899504,GSW,6475,30.0,6.0,6.7
400899504,GSW,6589,30.0,16.6,10.6
400899504,GSW,2489785,25.0,22.1,19.3
400899504,GSW,2594818,9.0,3.6,3.3
400899504,GSW,3155535,8.0,1.2,1.4
400899504,POR,4239,21.0,10.7,9.8
400899504,POR,4248,30.0,4.5,-1.5
400899504,POR,4259,16.0,-1.7,-1.4
400899504,POR,6591,26.0,1.5,0.2
400899504,POR,6605,10.0,1.3,1.1
400899504,POR,6606,32.0,20.6,20.5
400899504,POR,2488653,22.0,9.4,6.6
400899504,POR,2490149,26.0,9.2,8.1
400899504,POR,2530780,10.0,-1.4,-2.0
400899504,POR,2531210,20.0,0.9,0.7
400899504,POR,2578239,8.0,1.7,1.4
400899504,POR,2982268,8.0,15.8,14.5
400899504,POR,3078284,12.0,2.2,0.9
400899505,TOR,3012,36.0,13.2,9.7
400899505,TOR,3970,22.0,3.7,1.1
400899505,TOR,3978,37.0,32.7,30.7
400899505,TOR,4264,30.0,6.2,6.4
400899505,TOR,6446,17.0,5.4,2.1
400899505,TOR,6477,31.0,8.6,8.5
400899505,TOR,6619,18.0,14.8,12.9
400899505,TOR,2595516,15.0,7.0,5.5
400899505,TOR,3134908,17.0,0.2,-0.3
400899505,TOR,3149673,18.0,1.7,1.0
400899505,WAS,2758,43.0,15.4,11.1
400899505,WAS,4017,14.0,4.4,4.4
400899505,WAS,4237,37.0,27.2,23.5
400899505,WAS,6461,36.0,1.6,0.9
400899505,WAS,6580,39.0,8.0,7.1
400899505,WAS,6614,9.0,1.5,1.6
400899505,WAS,6621,10.0,2.2,1.4
400899505,WAS,2579260,6.0,-3.5,-3.0
400899505,WAS,2594922,38.0,21.6,19.1
400899505,WAS,3133603,7.0,-0.8,-1.0
400899506,CHA,2797,30.0,8.1,5.2
400899506,CHA,3190,21.0,7.8,7.7
400899506,CHA,3211,15.0,7.2,6.5
400899506,CHA,3231,22.0,7.7,6.1
400899506,CHA,3416,34.0,13.5,11.8
400899506,CHA,6479,33.0,18.2,17.3
400899506,CHA,6601,32.0,8.7,3.3
400899506,CHA,2579258,26.0,7.9,8.9
400899506,CHA,2579294,25.0,9.6,8.1
400899506,CHA,2595231,1.0,0.0,0.0
400899506,PHI,2767,23.0,8.5,9.4
400899506,PHI,3025,26.0,6.4,5.1
400899506,PHI,3993,25.0,7.6,7.5
400899506,PHI,6634,20.0,0.9,-0.1
400899506,PHI,2490620,26.0,0.2,-0.8
400899506,PHI,2530530,22.0,4.6,2.1
400899506,PHI,2991042,31.0,4.2,3.0
400899506,PHI,2993370,12.0,9.6,9.9
400899506,PHI,3032978,29.0,8.5,6.9
400899506,PHI,3135048,24.0,9.0,8.0
400899506,PHI,3893019,3.0,-0.7,-0.7
400899507,BKN,1781,14.0,1.4,0.7
400899507,BKN,3448,29.0,27.6,23.0
400899507,BKN,3593,32.0,7.5,7.4
400899507,BKN,4270,30.0,4.1,0.7
400899507,BKN,4299,16.0,9.8,9.2
400899507,BKN,6590,23.0,6.7,6.2
400899507,BKN,2488689,28.0,22.1,17.9
400899507,BKN,2528794,26.0,8.6,7.8
400899507,BKN,3064291,22.0,1.8,1.4
400899507,BKN,3136477,20.0,-0.3,0.1
400899507,DET,2448,17.0,9.8,8.8
400899507,DET,4305,31.0,7.0,5.8
400899507,DET,6440,36.0,16.8,15.0
400899507,DET,6452,27.0,9.2,7.8
400899507,DET,6462,32.0,19.4,16.7
400899507,DET,6585,25.0,4.1,1.7
400899507,DET,2581018,37.0,10.5,6.6
400899507,DET,2968439,19.0,3.9,2.4
400899507,DET,3134881,17.0,-2.6,-3.1
400899508,HOU,2426,30.0,8.7,3.9
400899508,HOU,3191,14.0,5.9,5.5
400899508,HOU,3412,29.0,9.2,8.4
400899508,HOU,3431,29.0,14.7,14.0
400899508,HOU,3472,4.0,-1.8,-1.4
400899508,HOU,3992,34.0,33.3,30.2
400899508,HOU,2566741,19.0,6.6,2.3
400899508,HOU,2581029,4.0,-2.9,-3.1
400899508,HOU,2991055,27.0,15.4,11.6
400899508,HOU,2991184,19.0,4.1,2.0
400899508,HOU,3059281,10.0,-0.6,0.3
400899508,HOU,3102529,21.0,8.2,7.4
400899508,NYK,1975,31.0,11.3,9.7
400899508,NYK,2421,10.0,0.2,0.0
400899508,NYK,3224,18.0,1.2,1.3
400899508,NYK,3445,28.0,11.6,10.1
400899508,NYK,3456,30.0,10.2,8.1
400899508,NYK,3997,23.0,8.7,8.6
400899508,NYK,6485,10.0,1.2,1.0
400899508,NYK,6615,5.0,5.1,3.4
400899508,NYK,2284101,18.0,1.0,0.6
400899508,NYK,2580349,16.0,2.2,1.6
400899508,NYK,3063982,19.0,5.0,3.4
400899508,NYK,3102531,28.0,2.8,0.2
400899508,NYK,3138120,6.0,5.6,4.6
400899509,ATL,2011,27.0,-0.4,-0.4
400899509,ATL,2384,32.0,26.3,22.5
400899509,ATL,2433,14.0,6.2,7.4
400899509,ATL,3015,35.0,4.9,2.9
400899509,ATL,3028,19.0,4.3,1.4
400899509,ATL,6637,31.0,10.7,8.1
400899509,ATL,2282205,18.0,2.5,3.1
400899509,ATL,2490089,15.0,9.5,9.3
400899509,ATL,2528210,21.0,19.8,19.1
400899509,ATL,3032979,29.0,7.9,7.1
400899509,LAL,2429,26.0,13.8,9.4
400899509,LAL,2799,23.0,16.6,14.5
400899509,LAL,3243,26.0,12.0,12.1
400899509,LAL,2528393,16.0,2.4,3.4
400899509,LAL,2528426,23.0,11.5,10.8
400899509,LAL,2580365,26.0,13.3,9.2
400899509,LAL,3064514,28.0,7.0,5.7
400899509,LAL,3136776,31.0,20.2,15.6
400899509,LAL,3913176,22.0,1.9,1.4
400899509,LAL,4017837,19.0,5.8,5.8
400899510,MEM,136,32.0,-1.7,-3.4
400899510,MEM,1017,20.0,0.7,-0.2
400899510,MEM,2367,28.0,-2.0,-2.3
400899510,MEM,3195,38.0,11.6,10.7
400899510,MEM,3206,38.0,5.2,-1.9
400899510,MEM,2327577,31.0,18.6,18.0
400899510,MEM,2579321,38.0,15.8,11.8
400899510,MEM,3064517,17.0,5.8,3.0
400899510,MEM,3136696,24.0,4.9,4.8
400899510,NOP,3414,35.0,1.3,-0.6
400899510,NOP,3974,5.0,-2.4,-2.4
400899510,NOP,4244,45.0,15.3,14.3
400899510,NOP,6460,27.0,0.7,-0.1
400899510,NOP,6583,36.0,1.6,-2.3
400899510,NOP,6597,28.0,4.8,1.4
400899510,NOP,2488945,15.0,0.8,1.3
400899510,NOP,2488958,11.0,-0.6,-1.4
400899510,NOP,2530572,32.0,14.0,12.3
400899510,NOP,2990984,31.0,10.9,8.6
400899511,BOS,2761,14.0,4.7,5.1
400899511,BOS,2769,30.0,26.4,21.3
400899511,BOS,3998,22.0,6.3,5.4
400899511,BOS,4240,39.0,7.4,8.1
400899511,BOS,6472,36.0,20.7,17.9
400899511,BOS,6581,14.0,8.2,7.1
400899511,BOS,6631,25.0,7.1,7.0
400899511,BOS,2990992,34.0,1.7,-1.1
400899511,BOS,3064509,1.0,0.3,0.0
400899511,BOS,3064520,6.0,-1.7,-1.7
400899511,BOS,3074752,13.0,3.8,3.6
400899511,BOS,3917376,8.0,1.7,2.0
400899511,CHI,1987,35.0,12.6,10.3
400899511,CHI,3026,34.0,10.2,7.6
400899511,CHI,3447,14.0,5.9,4.3
400899511,CHI,3986,26.0,5.8,2.0
400899511,CHI,6430,36.0,12.4,12.3
400899511,CHI,6459,35.0,13.6,11.5
400899511,CHI,2490589,19.0,2.5,2.3
400899511,CHI,2531047,13.0,6.4,6.2
400899511,CHI,2999549,7.0,1.0,1.0
400899511,CHI,3064482,11.0,5.6,4.5
400899511,CHI,3113587,10.0,-1.2,-1.7
400899512,DAL,609,29.0,1.5,0.5
400899512,DAL,2747,17.0,1.2,-2.0
400899512,DAL,2798,34.0,11.0,11.6
400899512,DAL,3055,27.0,7.6,5.4
400899512,DAL,4032,36.0,7.9,7.7
400899512,DAL,6576,2.0,-0.4,-0.7
400899512,DAL,6578,36.0,7.9,7.0
400899512,DAL,2326307,15.0,5.4,5.1
400899512,DAL,2531367,16.0,6.1,7.0
400899512,DAL,2578185,2.0,0.0,0.0
400899512,DAL,2968458,5.0,-0.2,0.0
400899512,DAL,2982340,20.0,4.2,2.8
400899512,DAL,3929314,2.0,-0.1,-0.1
400899512,UTA,1007,33.0,11.6,9.1
400899512,UTA,3438,35.0,19.3,18.6
400899512,UTA,4257,23.0,1.9,2.8
400899512,UTA,6454,14.0,0.7,-0.5
400899512,UTA,2333797,9.0,-0.1,-1.0
400899512,UTA,2581177,35.0,15.4,14.2
400899512,UTA,2968361,1.0,-0.4,0.0
400899512,UTA,2968436,23.0,0.6,0.3
400899512,UTA,2983551,1.0,0.0,0.0
400899512,UTA,3032976,23.0,13.5,9.0
400899512,UTA,3102528,20.0,6.2,7.1
400899512,UTA,3136196,23.0,-0.6,-1.4
400899513,PHX,984,28.0,9.2,4.1
400899513,PHX,2166,11.0,1.7,1.7
400899513,PHX,3033,20.0,3.6,-0.1
400899513,PHX,3201,21.0,4.4,1.7
400899513,PHX,4238,40.0,11.3,10.7
400899513,PHX,6448,32.0,8.0,8.3
400899513,PHX,2596107,21.0,18.8,16.9
400899513,PHX,2982334,38.0,21.6,18.8
400899513,PHX,3136193,39.0,7.2,5.5
400899513,PHX,3907487,16.0,3.0,2.2
400899513,POR,4239,27.0,8.9,6.2
400899513,POR,4248,23.0,8.8,2.9
400899513,POR,4259,15.0,4.3,0.7
400899513,POR,6591,35.0,10.6,8.8
400899513,POR,6605,27.0,9.0,9.8
400899513,POR,6606,40.0,16.4,15.9
400899513,POR,2488653,21.0,2.9,-0.7
400899513,POR,2490149,39.0,15.7,15.4
400899513,POR,2531210,37.0,11.5,11.8
400899514,LAC,165,26.0,-0.2,-0.4
400899514,LAC,2745,13.0,3.9,3.4
400899514,LAC,2753,16.0,5.6,4.4
400899514,LAC,2779,33.0,19.1,10.5
400899514,LAC,3024,26.0,-1.0,-2.2
400899514,LAC,3442,32.0,6.3,3.6
400899514,LAC,3451,24.0,2.8,0.5
400899514,LAC,3460,16.0,12.3,11.8
400899514,LAC,3989,34.0,7.4,4.5
400899514,LAC,4247,1.0,0.0,0.0
400899514,LAC,6617,20.0,-1.7,-0.4
400899514,OKC,1978,7.0,2.7,2.1
400899514,OKC,3468,33.0,15.9,13.0
400899514,OKC,3474,10.0,0.9,0.3
400899514,OKC,6447,24.0,2.9,-0.4
400899514,OKC,6469,5.0,2.3,1.0
400899514,OKC,2527963,33.0,3.5,2.8
400899514,OKC,2530596,24.0,-0.0,-1.5
400899514,OKC,2959753,17.0,6.0,5.1
400899514,OKC,2983526,15.0,0.1,1.0
400899514,OKC,2991070,18.0,2.4,0.8
400899514,OKC,2991235,31.0,1.1,-0.6
400899514,OKC,2995702,8.0,3.4,3.4
400899514,OKC,3155942,17.0,5.0,5.4
400899515,ORL,3209,19.0,11.0,10.4
400899515,ORL,3277,12.0,2.3,0.7
400899515,ORL,3415,14.0,4.1,4.1
400899515,ORL,3439,33.0,11.5,11.0
400899515,ORL,6427,22.0,6.7,4.5
400899515,ORL,6478,29.0,6.9,4.2
400899515,ORL,6588,36.0,20.1,19.8
400899515,ORL,2583639,34.0,4.9,4.4
400899515,ORL,2995706,12.0,-1.9,-2.4
400899515,ORL,3064290,31.0,13.4,10.8
400899515,SAC,1765,9.0,1.0,0.4
400899515,SAC,3005,32.0,6.9,6.5
400899515,SAC,3187,18.0,-0.5,-0.1
400899515,SAC,3444,20.0,3.7,1.7
400899515,SAC,3554,23.0,6.4,6.0
400899515,SAC,4000,35.0,10.3,9.5
400899515,SAC,4023,13.0,0.9,-0.3
400899515,SAC,4258,36.0,28.2,24.9
400899515,SAC,2578213,28.0,7.4,7.5
400899515,SAC,2991282,25.0,-0.0,0.3
400899516,IND,2389,19.0,2.6,1.5
400899516,IND,2751,34.0,13.5,10.0
400899516,IND,2778,24.0,18.9,16.1
400899516,IND,3192,14.0,4.9,5.9
400899516,IND,3244,28.0,4.8,3.3
400899516,IND,4015,30.0,13.9,10.4
400899516,IND,4251,37.0,10.3,7.2
400899516,IND,4289,5.0,1.6,2.4
400899516,IND,6424,15.0,3.0,2.4
400899516,IND,2528386,2.0,0.0,0.0
400899516,IND,2990969,2.0,0.0,0.0
400899516,IND,2991039,7.0,-0.7,-0.3
400899516,IND,3133628,24.0,10.8,10.5
400899516,MIL,841,18.0,3.9,4.7
400899516,MIL,3418,13.0,-0.6,-0.7
400899516,MIL,4260,26.0,21.3,18.4
400899516,MIL,4385,15.0,0.1,1.3
400899516,MIL,6616,22.0,3.3,2.3
400899516,MIL,2489716,24.0,-1.0,-0.6
400899516,MIL,2528353,29.0,11.8,9.5
400899516,MIL,2566769,24.0,16.4,12.5
400899516,MIL,3032977,34.0,26.2,21.7
400899516,MIL,3056600,33.0,21.1,19.7
400899516,MIL,3137733,1.0,0.0,0.0
400899516,MIL,4017843,1.0,5.4,5.4
400899517,DEN,2439,34.0,11.6,9.6
400899517,DEN,3194,27.0,13.4,12.4
400899517,DEN,3413,9.0,0.8,1.0
400899517,DEN,3428,37.0,16.6,15.5
400899517,DEN,6433,19.0,8.3,6.2
400899517,DEN,3102530,27.0,13.6,11.6
400899517,DEN,3112335,14.0,8.9,9.5
400899517,DEN,3892818,33.0,2.7,-2.9
400899517,DEN,3936299,29.0,-3.7,-3.8
400899517,DEN,4017839,11.0,0.5,0.7
400899517,MIN,3457,12.0,1.0,0.0
400899517,MIN,4267,9.0,-1.2,0.0
400899517,MIN,4269,22.0,6.0,5.0
400899517,MIN,2534781,28.0,-3.3,-3.0
400899517,MIN,2991139,30.0,4.8,1.8
400899517,MIN,2993875,13.0,4.0,3.0
400899517,MIN,3059319,35.0,15.8,16.4
400899517,MIN,3064440,36.0,9.9,8.5
400899517,MIN,3135046,18.0,2.2,0.3
400899517,MIN,3136195,38.0,28.7,25.2
400899518,BOS,2761,9.0,2.2,2.6
400899518,BOS,2769,26.0,4.6,3.8
400899518,BOS,3998,13.0,0.5,1.3
400899518,BOS,4240,39.0,18.4,15.5
400899518,BOS,6472,34.0,20.8,21.1
400899518,BOS,6631,28.0,15.6,13.3
400899518,BOS,2990992,28.0,10.4,10.7
400899518,BOS,3064509,2.0,0.0,0.0
400899518,BOS,3064520,10.0,-0.3,1.0
400899518,BOS,3074752,16.0,6.2,6.1
400899518,BOS,3917376,35.0,15.8,13.1
400899518,CLE,1006,14.0,1.9,1.0
400899518,CLE,1708,13.0,2.5,2.6
400899518,CLE,1966,36.0,28.5,26.5
400899518,CLE,2009,1.0,-1.0,-1.0
400899518,CLE,2444,35.0,4.3,1.3
400899518,CLE,2754,15.0,7.9,6.7
400899518,CLE,3449,33.0,19.3,17.5
400899518,CLE,6442,34.0,14.8,14.8
400899518,CLE,6453,1.0,-0.4,0.0
400899518,CLE,6468,26.0,11.3,12.3
400899518,CLE,6474,31.0,21.3,15.6
400899518,CLE,2531797,1.0,0.0,0.0
400899519,GSW,2016,23.0,17.6,13.5
400899519,GSW,2177,6.0,-0.8,-1.0
400899519,GSW,2386,25.0,1.1,-0.1
400899519,GSW,2393,17.0,5.3,5.8
400899519,GSW,2419,5.0,0.3,-1.0
400899519,GSW,3202,31.0,28.5,27.2
400899519,GSW,3452,5.0,2.0,1.7
400899519,GSW,3975,30.0,19.7,17.1
400899519,GSW,6475,33.0,13.3,11.8
400899519,GSW,6589,29.0,9.8,5.4
400899519,GSW,2489785,19.0,6.6,5.7
400899519,GSW,2594818,7.0,0.0,-0.7
400899519,GSW,3155535,11.0,8.4,5.5
400899519,OKC,3468,29.0,13.9,11.2
400899519,OKC,3474,9.0,-2.4,-2.4
400899519,OKC,6447,3.0,-1.7,-1.7
400899519,OKC,6469,17.0,2.8,1.9
400899519,OKC,2527963,30.0,14.0,13.9
400899519,OKC,2530596,18.0,-3.7,-3.1
400899519,OKC,2959753,19.0,10.6,8.5
400899519,OKC,2983526,19.0,4.2,2.4
400899519,OKC,2991070,25.0,0.9,0.8
400899519,OKC,2991235,24.0,12.0,9.5
400899519,OKC,2995702,19.0,3.2,2.6
400899519,OKC,3155942,27.0,10.2,7.8
400899520,ATL,2011,21.0,-4.0,-5.5
400899520,ATL,2384,29.0,14.3,12.2
400899520,ATL,2433,6.0,-0.1,-0.7
400899520,ATL,3015,33.0,9.9,5.3
400899520,ATL,3028,27.0,6.5,5.1
400899520,ATL,6637,27.0,0.1,-1.7
400899520,ATL,2282205,15.0,7.4,7.4
400899520,ATL,2490089,22.0,8.0,6.8
400899520,ATL,2528210,28.0,8.4,7.4
400899520,ATL,3032979,33.0,11.0,9.6
400899520,WAS,2758,31.0,13.0,9.9
400899520,WAS,3232,14.0,-5.5,-4.4
400899520,WAS,4017,17.0,2.0,2.0
400899520,WAS,4237,33.0,18.3,15.4
400899520,WAS,6461,33.0,13.2,8.8
400899520,WAS,6580,39.0,17.2,16.6
400899520,WAS,6614,7.0,-2.6,-3.2
400899520,WAS,6621,22.0,-1.6,-1.7
400899520,WAS,2579260,7.0,-1.5,-2.1
400899520,WAS,2594922,38.0,4.3,5.1
400899521,MIA,3423,36.0,11.2,9.8
400899521,MIA,3999,19.0,7.8,8.1
400899521,MIA,4250,27.0,1.8,0.6
400899521,MIA,4262,38.0,18.2,14.2
400899521,MIA,6628,24.0,1.8,1.0
400899521,MIA,2326015,10.0,-0.5,-0.8
400899521,MIA,2488826,6.0,2.0,1.7
400899521,MIA,2530276,30.0,15.4,11.4
400899521,MIA,2581190,12.0,-4.3,-4.8
400899521,MIA,3135047,39.0,6.3,4.5
400899521,TOR,3012,41.0,10.5,5.4
400899521,TOR,3970,20.0,-1.5,-1.4
400899521,TOR,3978,37.0,21.0,20.9
400899521,TOR,4264,29.0,2.4,-0.4
400899521,TOR,6446,13.0,1.5,0.7
400899521,TOR,6477,28.0,6.9,3.0
400899521,TOR,6619,21.0,13.7,12.7
400899521,TOR,2595516,14.0,5.9,5.7
400899521,TOR,3134908,20.0,4.2,3.4
400899521,TOR,3149673,16.0,5.7,5.1
400899522,BKN,1781,16.0,2.9,0.4
400899522,BKN,3448,29.0,7.8,7.6
400899522,BKN,3593,33.0,2.8,3.1
400899522,BKN,4270,28.0,14.5,10.2
400899522,BKN,6590,20.0,8.6,6.4
400899522,BKN,2488689,33.0,12.5,10.1
400899522,BKN,2528794,23.0,-3.4,-3.1
400899522,BKN,2991473,4.0,0.3,-0.7
400899522,BKN,3064291,32.0,16.9,12.9
400899522,BKN,3136477,23.0,4.8,3.1
400899522,CHA,2797,30.0,2.5,1.9
400899522,CHA,3190,21.0,1.5,-2.4
400899522,CHA,3211,27.0,7.2,6.1
400899522,CHA,3231,21.0,1.3,1.5
400899522,CHA,3416,36.0,11.6,9.7
400899522,CHA,6479,32.0,16.2,15.2
400899522,CHA,6601,34.0,10.1,5.8
400899522,CHA,2579258,21.0,13.4,11.5
400899522,CHA,2579294,18.0,6.8,6.8
400899523,CHI,1987,33.0,25.3,24.1
400899523,CHI,3026,30.0,1.4,-0.0
400899523,CHI,3447,29.0,4.9,3.7
400899523,CHI,3986,31.0,7.5,6.4
400899523,CHI,6430,37.0,21.0,19.1
400899523,CHI,6459,21.0,8.3,6.6
400899523,CHI,2490589,14.0,2.3,2.0
400899523,CHI,2528588,26.0,5.4,4.1
400899523,CHI,2531047,6.0,-2.1,-2.1
400899523,CHI,3064482,3.0,-1.5,-0.7
400899523,CHI,3113587,9.0,3.0,3.8
400899523,NYK,1975,36.0,17.4,17.1
400899523,NYK,2421,1.0,-0.7,-0.7
400899523,NYK,3224,35.0,19.2,16.0
400899523,NYK,3445,41.0,15.4,16.0
400899523,NYK,3456,38.0,13.9,10.9
400899523,NYK,3997,23.0,9.0,7.5
400899523,NYK,6615,13.0,8.3,5.0
400899523,NYK,2284101,14.0,2.6,2.6
400899523,NYK,3063982,7.0,-1.7,0.0
400899523,NYK,3102531,33.0,20.7,21.8
400899524,LAC,165,24.0,2.3,2.2
400899524,LAC,2753,18.0,7.3,7.8
400899524,LAC,2779,33.0,31.9,25.2
400899524,LAC,3024,28.0,6.9,4.6
400899524,LAC,3442,36.0,8.1,2.8
400899524,LAC,3451,18.0,5.0,1.4
400899524,LAC,3460,12.0,5.7,7.0
400899524,LAC,3989,36.0,9.1,6.9
400899524,LAC,4247,12.0,2.6,0.3
400899524,LAC,6617,23.0,3.8,1.7
400899524,MEM,136,23.0,5.4,3.7
400899524,MEM,1017,28.0,8.6,7.0
400899524,MEM,2367,19.0,0.7,0.3
400899524,MEM,3195,37.0,28.0,25.8
400899524,MEM,3206,37.0,17.0,12.7
400899524,MEM,2327577,17.0,-1.6,-1.0
400899524,MEM,2489530,6.0,-2.4,-2.4
400899524,MEM,2579321,36.0,9.1,7.8
400899524,MEM,3064511,3.0,-1.4,-1.0
400899524,MEM,3064517,13.0,-0.2,-1.0
400899524,MEM,3078286,6.0,-0.8,0.0
400899524,MEM,3136696,14.0,-3.5,-3.0
400899525,NOP,3414,25.0,2.5,-0.3
400899525,NOP,4244,28.0,3.7,4.6
400899525,NOP,6460,36.0,11.0,9.6
400899525,NOP,6583,43.0,22.7,16.6
400899525,NOP,6597,28.0,22.1,15.8
400899525,NOP,2488945,25.0,10.1,9.9
400899525,NOP,2488958,30.0,8.3,6.3
400899525,NOP,2530572,28.0,8.4,8.0
400899525,NOP,2990984,23.0,3.0,2.5
400899525,PHX,984,36.0,14.9,11.2
400899525,PHX,2166,11.0,-0.5,-0.4
400899525,PHX,3033,33.0,5.0,1.7
400899525,PHX,3201,20.0,3.4,4.4
400899525,PHX,4238,36.0,10.6,11.1
400899525,PHX,6448,23.0,4.2,3.3
400899525,PHX,2596107,15.0,4.3,3.4
400899525,PHX,2982334,40.0,14.6,9.7
400899525,PHX,3136193,41.0,22.7,23.9
400899525,PHX,3907487,10.0,-0.2,-1.0
400899526,DAL,609,16.0,5.1,2.3
400899526,DAL,2798,37.0,7.3,5.2
400899526,DAL,3055,30.0,14.7,15.1
400899526,DAL,4032,29.0,-1.5,0.5
400899526,DAL,6576,11.0,-0.2,0.0
400899526,DAL,6578,35.0,8.9,7.7
400899526,DAL,2326307,26.0,4.8,4.0
400899526,DAL,2531367,23.0,13.5,8.8
400899526,DAL,2578185,1.0,0.0,0.0
400899526,DAL,2968458,13.0,7.4,6.8
400899526,DAL,2982340,18.0,4.6,4.4
400899526,DAL,2991178,1.0,0.0,0.0
400899526,DAL,3929314,1.0,0.0,0.0
400899526,POR,4239,25.0,-2.9,-4.2
400899526,POR,4248,33.0,10.7,7.3
400899526,POR,4259,9.0,0.8,1.3
400899526,POR,6591,32.0,8.4,7.1
400899526,POR,6605,4.0,-2.1,-1.7
400899526,POR,6606,37.0,35.2,35.6
400899526,POR,2488653,34.0,21.8,17.0
400899526,POR,2490149,23.0,2.8,3.6
400899526,POR,2530780,9.0,3.6,3.4
400899526,POR,2531210,33.0,2.3,-2.4
400899527,SAS,272,14.0,5.5,4.7
400899527,SAS,996,23.0,7.3,4.4
400899527,SAS,2772,14.0,5.1,5.5
400899527,SAS,2983,29.0,14.0,11.0
400899527,SAS,4004,30.0,11.5,11.8
400899527,SAS,6426,16.0,-1.6,-1.4
400899527,SAS,6450,32.0,27.6,24.6
400899527,SAS,2579466,21.0,2.3,0.3
400899527,SAS,2580913,12.0,7.4,4.4
400899527,SAS,2968338,18.0,-5.4,-4.5
400899527,SAS,2993874,24.0,5.1,1.0
400899527,SAS,2994526,3.0,-0.4,0.0
400899527,SAS,3907497,3.0,1.3,1.3
400899527,UTA,1007,24.0,11.0,10.8
400899527,UTA,3438,28.0,7.5,7.7
400899527,UTA,4257,27.0,2.3,-1.5
400899527,UTA,6454,21.0,2.1,1.6
400899527,UTA,2333797,7.0,1.7,1.2
400899527,UTA,2581177,24.0,13.3,12.7
400899527,UTA,2968436,21.0,2.3,1.2
400899527,UTA,3032976,29.0,4.3,3.3
400899527,UTA,3102528,29.0,4.4,3.0
400899527,UTA,3136196,29.0,6.4,3.2
400899528,GSW,2016,19.0,1.4,1.5
400899528,GSW,2177,6.0,3.0,3.4
400899528,GSW,2386,23.0,0.1,-2.4
400899528,GSW,2393,20.0,11.6,12.0
400899528,GSW,3202,35.0,22.9,19.4
400899528,GSW,3452,4.0,-2.4,-2.4
400899528,GSW,3975,31.0,12.0,8.1
400899528,GSW,6475,38.0,-1.1,-4.3
400899528,GSW,6589,34.0,19.5,13.8
400899528,GSW,2489785,13.0,-3.3,-4.1
400899528,GSW,2594818,4.0,0.0,0.0
400899528,GSW,3155535,13.0,10.0,9.5
400899528,LAL,2429,19.0,0.5,0.0
400899528,LAL,2799,26.0,17.7,13.4
400899528,LAL,3243,24.0,7.7,8.0
400899528,LAL,4298,16.0,5.7,5.2
400899528,LAL,6618,1.0,0.0,0.0
400899528,LAL,2528393,15.0,4.1,4.1
400899528,LAL,2528426,29.0,5.9,4.0
400899528,LAL,2580365,30.0,15.4,13.0
400899528,LAL,3064514,30.0,14.9,12.0
400899528,LAL,3136776,22.0,13.9,13.1
400899528,LAL,3913176,27.0,10.7,8.3
400899528,LAL,4017837,1.0,0.0,0.0
400899529,MIN,2866,6.0,2.3,0.3
400899529,MIN,3457,19.0,-2.6,-4.5
400899529,MIN,3994,6.0,3.3,2.7
400899529,MIN,4267,15.0,3.7,2.3
400899529,MIN,4269,11.0,-3.6,-2.4
400899529,MIN,2531100,6.0,5.0,4.7
400899529,MIN,2534781,27.0,5.4,2.4
400899529,MIN,2991139,28.0,3.5,3.5
400899529,MIN,2993875,21.0,12.8,12.2
400899529,MIN,3059319,27.0,-1.4,-2.9
400899529,MIN,3064440,26.0,1.6,0.3
400899529,MIN,3135046,16.0,4.6,4.7
400899529,MIN,3136195,31.0,24.5,23.6
400899529,OKC,3468,28.0,26.2,23.2
400899529,OKC,6447,21.0,15.8,12.8
400899529,OKC,6469,3.0,-2.5,-2.1
400899529,OKC,2527963,31.0,8.5,6.6
400899529,OKC,2530596,25.0,5.8,5.6
400899529,OKC,2959753,23.0,2.7,3.7
400899529,OKC,2983526,20.0,8.3,9.5
400899529,OKC,2991070,20.0,4.6,0.6
400899529,OKC,2991235,28.0,16.5,12.0
400899529,OKC,2995702,17.0,2.9,1.7
400899529,OKC,3155942,24.0,5.8,5.1
400899530,CLE,1006,14.0,3.5,3.0
400899530,CLE,1708,13.0,1.2,2.0
400899530,CLE,1966,36.0,22.0,17.6
400899530,CLE,2444,32.0,10.2,7.0
400899530,CLE,2754,18.0,10.1,8.7
400899530,CLE,3449,38.0,14.3,11.0
400899530,CLE,6442,34.0,-2.0,-5.0
400899530,CLE,6468,26.0,8.4,7.2
400899530,CLE,6474,30.0,10.5,7.8
400899530,PHI,2767,28.0,15.5,16.1
400899530,PHI,3025,31.0,10.0,6.6
400899530,PHI,3993,24.0,6.0,5.4
400899530,PHI,6634,20.0,4.1,4.7
400899530,PHI,2490620,30.0,1.0,-5.0
400899530,PHI,2530530,17.0,5.7,5.5
400899530,PHI,2991042,19.0,3.6,3.0
400899530,PHI,3032978,18.0,0.4,-0.1
400899530,PHI,3059318,25.0,16.3,12.5
400899530,PHI,3135048,23.0,11.5,7.3
400899530,PHI,3893019,4.0,-0.7,-0.7
400899531,ORL,3209,27.0,14.5,13.0
400899531,ORL,3277,13.0,-0.4,-1.7
400899531,ORL,3415,20.0,7.1,5.1
400899531,ORL,3439,21.0,6.0,5.3
400899531,ORL,6427,24.0,10.6,7.0
400899531,ORL,6478,26.0,6.7,4.3
400899531,ORL,6588,30.0,5.4,7.2
400899531,ORL,2583639,29.0,0.8,1.6
400899531,ORL,2995706,26.0,6.9,5.3
400899531,ORL,3064290,24.0,9.6,8.4
400899531,WAS,2758,37.0,6.4,3.6
400899531,WAS,3232,11.0,0.7,-0.3
400899531,WAS,4017,17.0,3.4,3.0
400899531,WAS,6461,38.0,11.6,8.8
400899531,WAS,6580,33.0,9.3,9.0
400899531,WAS,6614,10.0,5.2,4.7
400899531,WAS,6621,32.0,5.8,5.4
400899531,WAS,2579260,16.0,-0.1,0.3
400899531,WAS,2594922,29.0,9.5,8.1
400899531,WAS,3133603,17.0,1.9,2.3
400899532,DEN,558,4.0,1.0,0.7
400899532,DEN,2439,24.0,2.0,-0.4
400899532,DEN,3194,31.0,13.5,12.1
400899532,DEN,3413,7.0,1.9,1.3
400899532,DEN,3428,29.0,10.1,9.9
400899532,DEN,6433,16.0,2.5,3.0
400899532,DEN,2999547,16.0,1.5,0.9
400899532,DEN,3102530,24.0,9.8,5.9
400899532,DEN,3112335,23.0,3.0,1.3
400899532,DEN,3892818,24.0,-0.4,-1.2
400899532,DEN,3907822,5.0,-1.4,-1.4
400899532,DEN,3936299,27.0,2.3,1.0
400899532,DEN,4017839,11.0,4.3,4.0
400899532,DET,2448,20.0,7.1,6.2
400899532,DET,4305,28.0,11.6,7.8
400899532,DET,4376,2.0,1.3,1.0
400899532,DET,6440,34.0,1.7,-0.1
400899532,DET,6452,28.0,15.1,13.9
400899532,DET,6462,28.0,12.4,12.1
400899532,DET,6585,34.0,18.0,10.9
400899532,DET,2566747,2.0,-0.7,-0.7
400899532,DET,2578259,2.0,0.7,0.7
400899532,DET,2581018,28.0,10.0,8.7
400899532,DET,2968439,12.0,1.1,-1.7
400899532,DET,3134881,19.0,8.2,7.7
400899532,DET,3906522,2.0,0.3,0.0
400899533,CHI,1987,22.0,-3.4,-3.9
400899533,CHI,3026,29.0,3.3,2.4
400899533,CHI,3447,27.0,12.1,9.9
400899533,CHI,3986,25.0,10.7,7.2
400899533,CHI,6430,32.0,8.1,8.1
400899533,CHI,6459,13.0,-3.9,-3.5
400899533,CHI,2490589,14.0,3.0,1.0
400899533,CHI,2528588,21.0,8.7,7.9
400899533,CHI,2531047,12.0,8.6,5.3
400899533,CHI,2999549,8.0,2.8,3.3
400899533,CHI,3064482,18.0,14.3,13.8
400899533,CHI,3113587,13.0,4.4,3.1
400899533,CHI,3893023,8.0,1.0,0.7
400899533,IND,2389,17.0,5.9,3.4
400899533,IND,2751,32.0,9.3,5.6
400899533,IND,2778,22.0,13.7,14.1
400899533,IND,3192,22.0,2.8,3.7
400899533,IND,3244,25.0,10.1,8.2
400899533,IND,4015,29.0,17.5,17.0
400899533,IND,4251,29.0,12.5,10.5
400899533,IND,4289,3.0,-0.7,-0.7
400899533,IND,6424,20.0,4.6,5.5
400899533,IND,2528386,3.0,4.0,4.0
400899533,IND,2990969,3.0,-0.7,-0.7
400899533,IND,2991039,8.0,1.9,1.6
400899533,IND,3133628,28.0,14.5,8.5
400899534,ATL,2011,30.0,10.1,6.8
400899534,ATL,2384,29.0,21.4,17.8
400899534,ATL,3015,34.0,22.3,15.1
400899534,ATL,3028,24.0,9.8,5.8
400899534,ATL,6637,32.0,18.6,15.2
400899534,ATL,2282205,16.0,1.3,1.0
400899534,ATL,2488651,2.0,1.0,0.0
400899534,ATL,2490089,21.0,3.6,2.1
400899534,ATL,2528210,19.0,0.4,0.9
400899534,ATL,2990962,2.0,0.0,0.0
400899534,ATL,3032979,32.0,13.7,12.2
400899534,ATL,3062667,2.0,0.0,0.0
400899534,HOU,1713,12.0,0.5,0.7
400899534,HOU,2426,31.0,8.5,5.7
400899534,HOU,3191,15.0,-2.5,-4.1
400899534,HOU,3412,31.0,3.4,3.2
400899534,HOU,3431,30.0,3.0,1.5
400899534,HOU,3472,3.0,-1.1,-0.7
400899534,HOU,3992,37.0,24.5,20.7
400899534,HOU,2566741,19.0,10.3,9.8
400899534,HOU,2581029,2.0,-1.0,-1.0
400899534,HOU,2991055,15.0,4.0,4.2
400899534,HOU,2991184,17.0,2.9,1.7
400899534,HOU,3059281,7.0,1.7,1.4
400899534,HOU,3102529,21.0,7.9,6.2
400899535,MIL,3018,4.0,-0.7,-0.7
400899535,MIL,3418,16.0,7.6,5.7
400899535,MIL,4260,14.0,5.8,4.4
400899535,MIL,4385,21.0,19.1,18.8
400899535,MIL,6592,16.0,3.6,4.5
400899535,MIL,6616,15.0,7.6,6.1
400899535,MIL,2489716,21.0,11.4,8.2
400899535,MIL,2528353,23.0,0.3,-1.4
400899535,MIL,2566769,27.0,1.9,1.1
400899535,MIL,3032977,25.0,21.0,16.0
400899535,MIL,3056600,25.0,19.3,15.1
400899535,MIL,3137733,25.0,11.6,10.1
400899535,MIL,4017843,9.0,3.4,3.0
400899535,SAC,1765,14.0,3.9,3.3
400899535,SAC,3002,25.0,9.1,6.8
400899535,SAC,3187,23.0,0.6,1.5
400899535,SAC,3444,13.0,4.6,4.5
400899535,SAC,3554,24.0,2.6,2.1
400899535,SAC,4000,20.0,0.2,0.7
400899535,SAC,4023,28.0,20.1,16.6
400899535,SAC,4258,28.0,9.3,6.2
400899535,SAC,2578213,23.0,2.5,1.6
400899535,SAC,2991282,17.0,5.8,5.1
400899535,SAC,3934663,6.0,1.3,1.3
400899535,SAC,3936296,15.0,7.4,7.4
400899535,SAC,4017846,6.0,-0.2,0.7
400899536,LAC,165,26.0,12.0,10.8
400899536,LAC,2753,19.0,6.8,4.8
400899536,LAC,2779,29.0,12.9,9.6
400899536,LAC,3024,24.0,12.0,10.1
400899536,LAC,3442,30.0,8.4,5.4
400899536,LAC,3451,24.0,8.9,8.4
400899536,LAC,3460,18.0,14.1,13.1
400899536,LAC,3989,29.0,23.7,22.3
400899536,LAC,4247,19.0,-0.7,0.0
400899536,LAC,6617,22.0,1.1,-0.1
400899536,SAS,272,13.0,4.1,3.3
400899536,SAS,996,21.0,8.5,7.3
400899536,SAS,2772,14.0,4.1,3.6
400899536,SAS,2983,25.0,13.8,12.4
400899536,SAS,4004,25.0,1.1,1.7
400899536,SAS,6426,16.0,-2.5,-3.1
400899536,SAS,6450,28.0,8.3,5.5
400899536,SAS,2579466,19.0,6.0,3.1
400899536,SAS,2580913,19.0,2.0,1.0
400899536,SAS,2968338,22.0,11.2,11.3
400899536,SAS,2993874,16.0,2.6,1.4
400899536,SAS,2994526,14.0,3.6,3.7
400899536,SAS,3907497,9.0,2.6,3.0
400899537,NYK,1975,35.0,20.2,19.8
400899537,NYK,3224,20.0,4.9,3.5
400899537,NYK,3445,36.0,7.6,4.3
400899537,NYK,3456,36.0,14.4,14.0
400899537,NYK,3997,16.0,4.9,3.4
400899537,NYK,6485,29.0,3.0,3.0
400899537,NYK,6615,13.0,3.3,2.3
400899537,NYK,2284101,13.0,2.0,1.7
400899537,NYK,3102531,33.0,20.7,18.8
400899537,NYK,3138120,8.0,3.3,3.7
400899537,UTA,1007,24.0,9.2,7.7
400899537,UTA,3438,35.0,25.2,23.0
400899537,UTA,4249,36.0,16.2,16.2
400899537,UTA,4257,27.0,6.6,7.7
400899537,UTA,6454,12.0,1.0,0.1
400899537,UTA,2581177,38.0,16.8,14.8
400899537,UTA,2968436,4.0,-0.7,-0.7
400899537,UTA,3032976,33.0,15.0,12.5
400899537,UTA,3102528,11.0,0.7,0.7
400899537,UTA,3136196,21.0,3.6,2.3
400899538,MEM,136,26.0,6.8,5.7
400899538,MEM,1017,20.0,12.2,10.8
400899538,MEM,2367,22.0,13.8,9.1
400899538,MEM,3195,31.0,17.4,13.2
400899538,MEM,3206,28.0,13.7,12.6
400899538,MEM,6466,22.0,-6.0,-6.9
400899538,MEM,2327577,33.0,5.1,4.4
400899538,MEM,2579321,35.0,0.9,1.6
400899538,MEM,3064511,17.0,1.9,1.1
400899538,MEM,3064517,7.0,1.5,1.6
400899538,POR,4239,23.0,1.7,0.8
400899538,POR,4248,34.0,2.8,0.9
400899538,POR,4259,13.0,1.3,1.3
400899538,POR,6591,34.0,12.4,10.1
400899538,POR,6605,11.0,1.5,1.3
400899538,POR,6606,33.0,16.7,15.1
400899538,POR,2488653,24.0,6.2,4.3
400899538,POR,2490149,39.0,27.4,26.1
400899538,POR,2531210,27.0,2.7,3.0
400899538,POR,3078284,3.0,0.3,0.0
400899539,SAC,1765,30.0,5.4,4.3
400899539,SAC,3002,11.0,2.3,2.4
400899539,SAC,3005,35.0,13.7,13.0
400899539,SAC,3187,36.0,9.0,8.7
400899539,SAC,3444,25.0,11.9,10.8
400899539,SAC,3554,10.0,0.0,-0.3
400899539,SAC,4000,36.0,6.9,7.1
400899539,SAC,4023,21.0,6.9,5.4
400899539,SAC,4258,36.0,19.4,15.2
400899539,TOR,3012,39.0,15.5,13.1
400899539,TOR,3970,22.0,2.3,0.9
400899539,TOR,3978,38.0,12.5,12.1
400899539,TOR,4264,31.0,6.1,3.6
400899539,TOR,6446,17.0,5.2,4.9
400899539,TOR,6619,19.0,2.1,-0.1
400899539,TOR,2595516,10.0,2.6,3.0
400899539,TOR,3032980,21.0,7.9,6.8
400899539,TOR,3134908,18.0,5.4,7.2
400899539,TOR,3149673,24.0,8.4,8.4
400899540,DAL,2747,34.0,3.7,0.8
400899540,DAL,3055,46.0,13.1,11.1
400899540,DAL,4032,44.0,-0.9,-3.0
400899540,DAL,6578,48.0,26.6,23.1
400899540,DAL,2326307,25.0,3.7,3.7
400899540,DAL,2531367,10.0,-1.6,-1.0
400899540,DAL,2578185,32.0,4.4,1.6
400899540,DAL,2968458,13.0,3.0,1.4
400899540,DAL,2982340,10.0,2.9,1.3
400899540,DAL,3929314,2.0,0.3,0.0
400899540,MIL,841,24.0,-1.2,-2.1
400899540,MIL,3418,10.0,6.5,5.4
400899540,MIL,4260,29.0,10.9,5.4
400899540,MIL,4385,23.0,5.1,5.0
400899540,MIL,6592,6.0,-0.7,-1.0
400899540,MIL,6616,18.0,2.6,2.1
400899540,MIL,2489716,33.0,-2.2,-3.3
400899540,MIL,2528353,36.0,-2.8,-2.1
400899540,MIL,2566769,20.0,2.6,1.5
400899540,MIL,3032977,26.0,5.1,1.2
400899540,MIL,3056600,39.0,6.2,5.4
400899541,BOS,2761,10.0,7.6,8.2
400899541,BOS,2769,16.0,4.4,4.1
400899541,BOS,3998,18.0,5.6,5.1
400899541,BOS,4240,34.0,12.3,9.7
400899541,BOS,6472,33.0,20.9,20.8
400899541,BOS,6631,26.0,3.9,2.7
400899541,BOS,2990992,27.0,8.2,8.1
400899541,BOS,3059273,11.0,9.4,9.1
400899541,BOS,3064509,9.0,-1.8,-1.7
400899541,BOS,3064520,19.0,5.9,6.1
400899541,BOS,3074752,16.0,2.9,2.3
400899541,BOS,3917376,21.0,2.5,2.7
400899541,DEN,2439,36.0,8.1,8.2
400899541,DEN,3194,25.0,16.7,15.4
400899541,DEN,3428,41.0,12.4,11.5
400899541,DEN,6433,24.0,12.9,10.6
400899541,DEN,2999547,22.0,8.6,7.7
400899541,DEN,3102530,13.0,3.4,0.2
400899541,DEN,3112335,22.0,9.9,7.5
400899541,DEN,3892818,39.0,19.9,17.6
400899541,DEN,3907822,2.0,0.0,0.0
400899541,DEN,3936299,13.0,5.6,5.3
400899541,DEN,4017839,2.0,-1.1,-1.0
400899542,LAL,2429,21.0,6.2,3.9
400899542,LAL,2799,26.0,10.2,7.7
400899542,LAL,3243,36.0,17.7,15.8
400899542,LAL,4298,22.0,11.7,10.9
400899542,LAL,6618,5.0,0.7,0.0
400899542,LAL,2528393,17.0,2.6,0.4
400899542,LAL,2528426,30.0,7.9,8.7
400899542,LAL,2580365,3.0,3.7,2.7
400899542,LAL,3064514,28.0,16.8,15.9
400899542,LAL,3136776,28.0,6.0,5.3
400899542,LAL,3913176,25.0,6.7,4.8
400899542,PHX,984,30.0,11.0,5.8
400899542,PHX,2166,14.0,-0.2,0.3
400899542,PHX,3033,20.0,-1.5,-1.7
400899542,PHX,3201,25.0,7.0,8.7
400899542,PHX,4238,30.0,8.0,7.7
400899542,PHX,6448,17.0,-2.6,-1.4
400899542,PHX,2596107,18.0,4.8,2.0
400899542,PHX,2982334,39.0,15.3,13.7
400899542,PHX,3136193,45.0,26.9,27.5
400899542,PHX,3907487,1.0,0.0,0.0
400899543,PHI,2767,26.0,3.1,2.5
400899543,PHI,3025,28.0,5.0,2.1
400899543,PHI,3993,24.0,2.7,1.6
400899543,PHI,6634,18.0,-0.2,-0.4
400899543,PHI,2490620,29.0,12.0,10.4
400899543,PHI,2530530,20.0,1.6,0.4
400899543,PHI,2991042,22.0,4.8,5.4
400899543,PHI,2993370,5.0,2.3,2.0
400899543,PHI,3032978,23.0,0.6,0.0
400899543,PHI,3059318,19.0,7.8,6.6
400899543,PHI,3135048,22.0,7.4,7.7
400899543,PHI,3893019,4.0,0.8,0.9
400899543,UTA,1007,22.0,8.0,7.1
400899543,UTA,4249,30.0,14.9,12.9
400899543,UTA,4257,29.0,16.1,10.9
400899543,UTA,6454,28.0,8.7,7.5
400899543,UTA,2333797,6.0,5.1,5.5
400899543,UTA,2581177,29.0,13.3,11.4
400899543,UTA,2968361,2.0,0.0,0.0
400899543,UTA,2968436,21.0,8.2,4.3
400899543,UTA,2983551,2.0,1.6,0.0
400899543,UTA,3032976,20.0,5.7,3.2
400899543,UTA,3102528,20.0,8.5,9.1
400899543,UTA,3136196,31.0,3.8,2.6
400899544,HOU,1713,21.0,3.4,2.4
400899544,HOU,2426,34.0,12.8,8.7
400899544,HOU,3191,16.0,3.8,3.7
400899544,HOU,3412,34.0,19.0,17.6
400899544,HOU,3431,32.0,6.6,5.0
400899544,HOU,3992,40.0,26.5,25.8
400899544,HOU,2566741,14.0,3.6,3.7
400899544,HOU,2991184,14.0,6.3,5.1
400899544,HOU,3059281,8.0,-1.5,-0.7
400899544,HOU,3102529,27.0,12.2,8.4
400899544,WAS,2758,37.0,14.7,11.4
400899544,WAS,3232,11.0,2.6,1.4
400899544,WAS,4017,17.0,2.6,2.2
400899544,WAS,4237,35.0,16.8,14.4
400899544,WAS,6461,33.0,1.3,-0.8
400899544,WAS,6580,34.0,16.2,12.4
400899544,WAS,6621,13.0,2.7,1.7
400899544,WAS,2579260,6.0,0.7,0.7
400899544,WAS,2594922,39.0,21.2,16.8
400899544,WAS,3133603,14.0,6.2,7.0
400899545,CHA,2797,19.0,6.0,5.2
400899545,CHA,3190,27.0,13.3,10.1
400899545,CHA,3211,22.0,13.3,8.8
400899545,CHA,3231,21.0,9.7,8.8
400899545,CHA,3416,30.0,11.8,7.4
400899545,CHA,6479,25.0,28.0,24.7
400899545,CHA,6601,19.0,14.8,12.5
400899545,CHA,6641,4.0,1.3,1.0
400899545,CHA,2579258,23.0,10.8,10.1
400899545,CHA,2579294,30.0,1.1,0.2
400899545,CHA,2595231,14.0,0.6,2.0
400899545,CHA,3058254,3.0,-0.1,-0.7
400899545,CHA,3064510,3.0,0.3,0.0
400899545,IND,2389,19.0,11.1,9.1
400899545,IND,2751,17.0,1.4,3.4
400899545,IND,2778,25.0,15.9,14.4
400899545,IND,3192,21.0,2.7,2.4
400899545,IND,3244,16.0,-1.8,-2.1
400899545,IND,4015,19.0,5.8,5.5
400899545,IND,4251,33.0,6.5,3.8
400899545,IND,4289,8.0,1.2,0.3
400899545,IND,6424,22.0,4.1,3.8
400899545,IND,2528386,16.0,6.2,4.6
400899545,IND,2990969,9.0,-1.2,-1.7
400899545,IND,2991039,13.0,6.5,4.2
400899545,IND,3133628,21.0,9.5,7.4
400899546,CHI,1987,25.0,15.7,12.9
400899546,CHI,3026,22.0,9.9,8.0
400899546,CHI,3447,24.0,7.9,6.8
400899546,CHI,3986,28.0,15.1,13.2
400899546,CHI,6430,31.0,21.1,16.2
400899546,CHI,6459,21.0,0.7,-0.2
400899546,CHI,2490589,21.0,7.4,6.6
400899546,CHI,2528588,25.0,9.3,8.1
400899546,CHI,2531047,8.0,0.5,0.3
400899546,CHI,2999549,6.0,2.3,2.0
400899546,CHI,3064482,17.0,10.4,9.5
400899546,CHI,3113587,6.0,3.0,2.4
400899546,CHI,3893023,6.0,-0.8,-1.0
400899546,ORL,3209,15.0,3.5,3.7
400899546,ORL,3277,10.0,2.5,2.0
400899546,ORL,3415,23.0,0.8,1.2
400899546,ORL,3439,26.0,6.7,4.1
400899546,ORL,6427,19.0,2.1,-0.0
400899546,ORL,6478,23.0,12.5,10.5
400899546,ORL,6588,30.0,5.9,5.4
400899546,ORL,2202117,6.0,-0.1,0.0
400899546,ORL,2309097,10.0,-0.8,-1.7
400899546,ORL,2488999,10.0,4.0,3.7
400899546,ORL,2583639,19.0,4.4,3.9
400899546,ORL,2995706,21.0,1.3,0.9
400899546,ORL,3064290,30.0,11.2,9.4
400899547,MIA,3423,25.0,4.9,5.4
400899547,MIA,3999,25.0,12.7,10.7
400899547,MIA,4250,23.0,9.0,7.4
400899547,MIA,4262,31.0,2.4,-1.5
400899547,MIA,6480,3.0,0.3,0.0
400899547,MIA,6628,27.0,-0.8,-2.1
400899547,MIA,2326015,17.0,12.1,11.2
400899547,MIA,2488826,4.0,4.3,4.0
400899547,MIA,2530276,27.0,9.9,5.7
400899547,MIA,2581190,25.0,2.4,3.0
400899547,MIA,3135047,32.0,0.2,-1.6
400899547,OKC,3468,27.0,9.0,8.9
400899547,OKC,6447,21.0,22.8,21.1
400899547,OKC,2527963,33.0,13.7,13.5
400899547,OKC,2530596,30.0,7.9,3.7
400899547,OKC,2959753,16.0,0.4,-0.8
400899547,OKC,2983526,21.0,4.4,3.5
400899547,OKC,2991070,15.0,2.1,1.9
400899547,OKC,2991235,29.0,6.7,1.7
400899547,OKC,2995702,17.0,-1.3,-1.8
400899547,OKC,3155942,30.0,8.6,7.2
400899548,DET,2448,24.0,2.4,1.9
400899548,DET,4305,24.0,-4.7,-3.8
400899548,DET,4376,8.0,5.6,6.0
400899548,DET,6440,30.0,4.4,3.9
400899548,DET,6452,29.0,10.5,10.5
400899548,DET,6462,26.0,5.7,5.1
400899548,DET,6585,25.0,13.3,9.4
400899548,DET,2578259,12.0,3.2,2.6
400899548,DET,2581018,23.0,-4.5,-4.0
400899548,DET,2968439,15.0,-0.4,-1.8
400899548,DET,3134881,25.0,11.6,10.1
400899548,LAC,165,19.0,3.2,1.3
400899548,LAC,2745,9.0,5.0,4.4
400899548,LAC,2753,23.0,10.4,7.4
400899548,LAC,2779,25.0,29.5,25.4
400899548,LAC,3024,24.0,16.4,16.1
400899548,LAC,3442,27.0,6.1,2.8
400899548,LAC,3451,25.0,4.6,1.7
400899548,LAC,3460,19.0,2.7,3.9
400899548,LAC,3989,28.0,14.8,12.9
400899548,LAC,4247,18.0,4.4,3.3
400899548,LAC,6617,23.0,8.0,7.8
400899549,GSW,2016,11.0,0.2,0.7
400899549,GSW,2177,14.0,11.1,8.2
400899549,GSW,2386,31.0,7.6,3.8
400899549,GSW,2393,17.0,2.5,2.7
400899549,GSW,3202,37.0,15.4,13.1
400899549,GSW,3975,36.0,37.2,35.4
400899549,GSW,6475,38.0,17.5,14.1
400899549,GSW,6589,35.0,12.2,7.0
400899549,GSW,2489785,13.0,2.0,0.7
400899549,GSW,3155535,9.0,-0.6,1.0
400899549,NOP,3410,6.0,3.6,3.0
400899549,NOP,3414,14.0,7.6,6.7
400899549,NOP,3974,26.0,5.6,6.1
400899549,NOP,6460,31.0,10.7,10.9
400899549,NOP,6583,35.0,25.2,22.0
400899549,NOP,6597,15.0,-1.2,-1.7
400899549,NOP,2488945,32.0,12.7,11.7
400899549,NOP,2488958,32.0,4.1,0.0
400899549,NOP,2530572,21.0,9.0,6.7
400899549,NOP,2990984,28.0,4.7,4.7
400899550,ATL,2384,27.0,8.3,3.3
400899550,ATL,2433,4.0,0.2,0.0
400899550,ATL,3015,36.0,9.8,10.6
400899550,ATL,3028,35.0,3.4,2.7
400899550,ATL,6637,33.0,20.8,20.1
400899550,ATL,2282205,14.0,2.9,2.5
400899550,ATL,2490089,22.0,8.6,7.9
400899550,ATL,2528210,29.0,2.5,2.2
400899550,ATL,2990962,9.0,0.8,0.0
400899550,ATL,3032979,32.0,20.8,21.7
400899550,CLE,1006,7.0,1.2,2.0
400899550,CLE,1708,13.0,1.8,1.3
400899550,CLE,1966,37.0,22.1,18.2
400899550,CLE,2444,32.0,1.4,-0.5
400899550,CLE,2754,27.0,8.1,6.6
400899550,CLE,3449,38.0,22.0,18.8
400899550,CLE,6442,39.0,16.7,16.9
400899550,CLE,6468,22.0,7.3,5.2
400899550,CLE,6474,25.0,-0.4,-0.8
400899551,BKN,1781,17.0,8.2,8.5
400899551,BKN,3003,14.0,1.3,1.0
400899551,BKN,3448,28.0,16.7,14.5
400899551,BKN,3593,27.0,10.6,9.3
400899551,BKN,4270,27.0,12.8,7.6
400899551,BKN,6590,24.0,6.0,5.4
400899551,BKN,2488689,28.0,8.5,6.8
400899551,BKN,2528794,23.0,6.9,7.4
400899551,BKN,3064291,27.0,10.8,10.8
400899551,BKN,3136477,26.0,9.4,7.6
400899551,MIN,4267,23.0,5.1,3.4
400899551,MIN,4269,12.0,3.7,1.6
400899551,MIN,2534781,19.0,7.4,6.7
400899551,MIN,2991139,16.0,0.8,-0.3
400899551,MIN,2993875,24.0,-0.4,0.2
400899551,MIN,3059319,41.0,21.3,20.2
400899551,MIN,3064440,40.0,8.1,7.5
400899551,MIN,3135046,32.0,17.1,10.9
400899551,MIN,3136195,32.0,15.9,16.3
400899552,DEN,2439,23.0,6.4,6.5
400899552,DEN,3428,38.0,19.5,15.0
400899552,DEN,6433,28.0,7.3,4.7
400899552,DEN,2614962,1.0,0.2,0.6
400899552,DEN,2999547,30.0,7.7,7.3
400899552,DEN,3102530,29.0,5.4,4.9
400899552,DEN,3112335,28.0,9.9,8.3
400899552,DEN,3892818,36.0,13.4,13.8
400899552,DEN,3936299,17.0,6.6,7.4
400899552,DEN,4017839,10.0,2.3,0.7
400899552,MEM,136,31.0,18.3,17.2
400899552,MEM,1017,23.0,11.9,11.5
400899552,MEM,3195,30.0,7.7,2.2
400899552,MEM,3206,30.0,16.1,15.2
400899552,MEM,6466,21.0,5.5,4.4
400899552,MEM,2327577,26.0,0.6,1.7
400899552,MEM,2579321,32.0,10.1,7.8
400899552,MEM,3064511,26.0,11.8,8.2
400899552,MEM,3064517,17.0,7.4,8.1
400899552,MEM,3078286,4.0,-1.8,-1.4
400899553,PHX,2166,15.0,11.0,9.8
400899553,PHX,3033,30.0,18.8,14.6
400899553,PHX,3201,22.0,0.0,-1.0
400899553,PHX,4238,31.0,25.9,25.9
400899553,PHX,6448,19.0,6.6,5.2
400899553,PHX,2596107,17.0,4.8,3.7
400899553,PHX,2982334,31.0,5.1,5.3
400899553,PHX,3136193,31.0,11.4,11.6
400899553,PHX,3907487,20.0,3.0,3.3
400899553,PHX,4011991,23.0,4.9,4.7
400899553,POR,4239,23.0,1.6,1.4
400899553,POR,4248,4.0,1.7,1.7
400899553,POR,4259,17.0,-3.4,-1.7
400899553,POR,6591,33.0,15.9,13.9
400899553,POR,6606,37.0,25.1,25.8
400899553,POR,2488653,31.0,11.9,10.5
400899553,POR,2490149,37.0,30.0,26.3
400899553,POR,2530780,11.0,3.1,3.3
400899553,POR,2531210,32.0,-0.8,0.9
400899553,POR,3078284,15.0,2.7,0.3
400899554,DAL,2747,29.0,1.8,-1.3
400899554,DAL,3055,34.0,14.0,12.6
400899554,DAL,4032,38.0,10.0,8.2
400899554,DAL,6578,40.0,22.2,22.8
400899554,DAL,2326307,31.0,21.3,18.2
400899554,DAL,2531367,27.0,12.0,5.4
400899554,DAL,2578185,20.0,5.6,5.1
400899554,DAL,2982340,21.0,10.2,8.4
400899554,LAL,25,3.0,-1.1,-0.7
400899554,LAL,2429,30.0,1.1,0.7
400899554,LAL,2799,23.0,10.0,8.9
400899554,LAL,2806,6.0,-1.7,-2.0
400899554,LAL,3243,29.0,13.8,14.4
400899554,LAL,4298,20.0,3.3,2.7
400899554,LAL,6618,2.0,-0.4,0.0
400899554,LAL,2528393,15.0,2.9,2.4
400899554,LAL,2528426,28.0,18.6,15.6
400899554,LAL,3064514,31.0,7.7,6.8
400899554,LAL,3136776,26.0,9.1,9.2
400899554,LAL,3913176,26.0,4.5,2.0
400899555,NOP,3414,26.0,5.0,4.0
400899555,NOP,3974,23.0,5.1,4.0
400899555,NOP,6460,33.0,9.7,10.9
400899555,NOP,6583,37.0,28.3,22.2
400899555,NOP,6597,26.0,8.4,4.0
400899555,NOP,2488945,32.0,4.5,4.2
400899555,NOP,2488958,26.0,3.2,3.3
400899555,NOP,2530572,16.0,1.9,1.3
400899555,NOP,2990984,22.0,5.3,5.5
400899555,SAC,1765,27.0,5.0,3.4
400899555,SAC,3005,33.0,20.9,16.8
400899555,SAC,3187,29.0,14.0,14.2
400899555,SAC,3444,23.0,3.0,2.7
400899555,SAC,3973,28.0,6.4,4.8
400899555,SAC,4000,21.0,-2.3,-2.1
400899555,SAC,4023,19.0,5.3,3.7
400899555,SAC,4258,33.0,21.4,19.1
400899555,SAC,2578213,16.0,4.3,3.4
400899555,SAC,2991282,12.0,3.9,3.6
400899556,BKN,1781,14.0,-0.1,0.2
400899556,BKN,3003,15.0,0.9,1.3
400899556,BKN,3448,24.0,17.2,15.4
400899556,BKN,3593,29.0,3.7,0.9
400899556,BKN,4270,29.0,5.6,1.9
400899556,BKN,6590,23.0,17.7,15.8
400899556,BKN,2488689,28.0,0.2,0.2
400899556,BKN,2528794,29.0,5.5,4.3
400899556,BKN,2991018,14.0,4.1,2.8
400899556,BKN,2991473,4.0,4.7,4.4
400899556,BKN,3064291,29.0,7.2,5.4
400899556,BKN,3153165,3.0,-2.1,-1.7
400899556,NYK,1975,34.0,14.9,12.3
400899556,NYK,2421,13.0,0.3,-1.4
400899556,NYK,3224,21.0,4.9,3.2
400899556,NYK,3445,31.0,9.2,8.3
400899556,NYK,3456,22.0,10.7,10.5
400899556,NYK,3997,27.0,3.2,2.9
400899556,NYK,6485,10.0,4.6,3.7
400899556,NYK,6615,5.0,3.3,3.0
400899556,NYK,2284101,5.0,-1.4,-1.4
400899556,NYK,2999409,15.0,14.7,11.9
400899556,NYK,3063982,8.0,2.9,1.7
400899556,NYK,3102531,31.0,16.6,11.9
400899556,NYK,3138120,17.0,5.5,4.4
400899557,BOS,2761,11.0,-2.9,-2.4
400899557,BOS,2769,24.0,10.6,9.9
400899557,BOS,3998,12.0,3.3,2.0
400899557,BOS,4240,38.0,17.6,15.5
400899557,BOS,6472,35.0,18.2,18.9
400899557,BOS,6631,14.0,6.8,5.8
400899557,BOS,2489663,26.0,0.3,-1.1
400899557,BOS,2990992,36.0,8.4,7.7
400899557,BOS,3059273,4.0,0.9,0.9
400899557,BOS,3064509,4.0,-1.1,-0.7
400899557,BOS,3064520,8.0,2.0,1.7
400899557,BOS,3074752,14.0,-2.2,-2.5
400899557,BOS,3917376,13.0,0.8,-0.4
400899557,WAS,2758,32.0,13.6,12.6
400899557,WAS,3232,14.0,2.8,1.7
400899557,WAS,4017,34.0,14.5,12.1
400899557,WAS,4237,31.0,10.1,9.7
400899557,WAS,6461,17.0,0.9,-0.7
400899557,WAS,6580,11.0,0.7,-0.5
400899557,WAS,6614,5.0,2.0,0.7
400899557,WAS,6621,32.0,4.6,4.8
400899557,WAS,2579260,17.0,15.0,16.2
400899557,WAS,2594885,3.0,1.7,1.7
400899557,WAS,2594922,38.0,40.4,34.0
400899557,WAS,2991050,3.0,0.5,0.7
400899557,WAS,3133603,3.0,0.2,0.0
400899558,CHA,2797,30.0,16.2,14.5
400899558,CHA,3190,27.0,7.9,8.8
400899558,CHA,3211,19.0,12.0,9.4
400899558,CHA,3231,16.0,2.6,3.0
400899558,CHA,3416,34.0,4.5,4.9
400899558,CHA,6479,34.0,16.3,12.0
400899558,CHA,6601,33.0,3.2,-1.1
400899558,CHA,2579258,27.0,7.6,8.2
400899558,CHA,2579294,20.0,12.3,10.8
400899558,UTA,1007,23.0,-0.2,-0.7
400899558,UTA,4249,36.0,21.1,18.5
400899558,UTA,4257,35.0,14.8,12.2
400899558,UTA,6454,24.0,3.5,2.7
400899558,UTA,2333797,4.0,-1.8,-1.0
400899558,UTA,2581177,33.0,15.0,13.0
400899558,UTA,2968436,12.0,1.6,2.0
400899558,UTA,3032976,30.0,10.5,6.8
400899558,UTA,3102528,24.0,5.2,6.1
400899558,UTA,3136196,18.0,7.5,6.4
400899559,MIN,2866,1.0,0.0,0.0
400899559,MIN,4267,12.0,1.0,0.7
400899559,MIN,4269,7.0,-1.3,-0.7
400899559,MIN,2531100,1.0,-0.4,-0.7
400899559,MIN,2534781,35.0,16.2,13.1
400899559,MIN,2991139,17.0,3.0,1.4
400899559,MIN,2993875,19.0,8.3,8.2
400899559,MIN,3059319,39.0,22.6,22.5
400899559,MIN,3064440,36.0,30.7,28.9
400899559,MIN,3135046,31.0,11.6,9.1
400899559,MIN,3136195,41.0,18.7,15.1
400899559,ORL,3209,21.0,4.2,4.0
400899559,ORL,3277,7.0,-0.4,0.0
400899559,ORL,3415,19.0,7.8,8.0
400899559,ORL,3439,27.0,7.4,7.3
400899559,ORL,6427,26.0,3.7,2.2
400899559,ORL,6478,30.0,25.0,23.1
400899559,ORL,6588,28.0,6.4,6.3
400899559,ORL,2309097,3.0,0.0,0.0
400899559,ORL,2488999,3.0,0.0,0.0
400899559,ORL,2583639,27.0,16.8,15.3
400899559,ORL,2995706,14.0,5.5,5.0
400899559,ORL,3064290,31.0,1.6,0.8
400899559,ORL,3936102,3.0,1.3,1.3
400899560,IND,2389,20.0,16.3,13.6
400899560,IND,2751,40.0,1.7,0.4
400899560,IND,2778,32.0,9.8,8.3
400899560,IND,3192,12.0,3.7,3.8
400899560,IND,3244,36.0,7.0,2.5
400899560,IND,4015,41.0,30.6,27.7
400899560,IND,4251,32.0,17.2,15.6
400899560,IND,6424,13.0,-0.4,-0.7
400899560,IND,2991039,7.0,1.6,2.0
400899560,IND,3133628,32.0,12.7,9.8
400899560,PHI,2767,21.0,4.8,3.6
400899560,PHI,3025,31.0,-2.3,-5.2
400899560,PHI,3993,30.0,8.4,9.5
400899560,PHI,6634,26.0,16.9,15.9
400899560,PHI,2490620,33.0,20.3,17.8
400899560,PHI,2530530,21.0,7.3,6.8
400899560,PHI,2991042,17.0,-0.4,-0.3
400899560,PHI,2993370,28.0,6.8,2.8
400899560,PHI,3032978,34.0,13.0,10.2
400899560,PHI,3135048,24.0,10.9,7.9
400899561,ATL,2011,26.0,6.1,7.5
400899561,ATL,2384,34.0,19.5,15.1
400899561,ATL,2433,12.0,3.0,2.0
400899561,ATL,3015,34.0,11.2,7.1
400899561,ATL,3028,29.0,19.2,14.3
400899561,ATL,6637,22.0,5.9,5.1
400899561,ATL,2282205,17.0,8.1,7.8
400899561,ATL,2490089,16.0,8.9,8.8
400899561,ATL,2528210,19.0,8.6,8.1
400899561,ATL,3032979,31.0,1.5,0.8
400899561,CHI,1987,34.0,22.1,17.2
400899561,CHI,3026,34.0,3.6,3.0
400899561,CHI,3447,30.0,5.8,5.8
400899561,CHI,3986,37.0,10.5,7.7
400899561,CHI,6430,39.0,34.3,27.8
400899561,CHI,6459,11.0,-1.5,-1.4
400899561,CHI,2490589,22.0,4.1,3.3
400899561,CHI,2528588,19.0,4.5,5.4
400899561,CHI,3064482,14.0,-1.7,-1.7
400899562,OKC,3468,39.0,21.6,18.5
400899562,OKC,3474,9.0,-0.4,-0.7
400899562,OKC,6447,19.0,2.9,4.1
400899562,OKC,6469,7.0,0.5,0.0
400899562,OKC,2527963,36.0,14.4,11.7
400899562,OKC,2530596,23.0,2.5,2.3
400899562,OKC,2959753,11.0,-2.9,-2.4
400899562,OKC,2983526,16.0,0.5,0.4
400899562,OKC,2991070,12.0,5.2,4.7
400899562,OKC,2991235,35.0,18.9,15.6
400899562,OKC,2995702,5.0,1.7,1.7
400899562,OKC,3155942,28.0,7.3,6.8
400899562,TOR,3012,43.0,14.1,12.9
400899562,TOR,3970,22.0,7.6,7.1
400899562,TOR,3978,39.0,28.8,25.4
400899562,TOR,4264,33.0,11.1,9.4
400899562,TOR,6446,19.0,6.2,5.0
400899562,TOR,2595516,23.0,4.6,4.2
400899562,TOR,3032980,29.0,13.5,10.6
400899562,TOR,3134908,19.0,1.9,2.4
400899562,TOR,3149673,13.0,4.9,2.7
400899563,DET,2448,16.0,-1.9,-2.4
400899563,DET,4305,32.0,9.5,4.3
400899563,DET,6440,32.0,4.1,1.2
400899563,DET,6452,24.0,9.6,8.7
400899563,DET,6462,40.0,11.0,9.3
400899563,DET,6585,35.0,17.2,14.5
400899563,DET,2581018,42.0,16.5,15.2
400899563,DET,2968439,13.0,2.6,3.3
400899563,DET,3134881,6.0,3.7,3.7
400899563,PHX,2166,8.0,5.4,5.1
400899563,PHX,3033,20.0,4.7,2.6
400899563,PHX,3201,30.0,16.5,13.4
400899563,PHX,4238,35.0,17.2,15.0
400899563,PHX,6448,17.0,9.1,8.8
400899563,PHX,2596107,37.0,17.3,10.9
400899563,PHX,2982334,38.0,8.8,9.0
400899563,PHX,3136193,33.0,7.5,5.3
400899563,PHX,3907487,14.0,-1.6,-1.7
400899563,PHX,4011991,8.0,-5.4,-3.8
400899564,HOU,1713,21.0,1.1,1.4
400899564,HOU,2426,41.0,8.0,4.1
400899564,HOU,3191,14.0,-3.2,-3.1
400899564,HOU,3412,36.0,17.2,14.6
400899564,HOU,3431,34.0,6.4,6.6
400899564,HOU,3992,41.0,21.0,17.4
400899564,HOU,2566741,5.0,0.0,0.0
400899564,HOU,2991055,5.0,3.7,4.1
400899564,HOU,2991184,18.0,11.2,7.8
400899564,HOU,3059281,7.0,2.2,3.4
400899564,HOU,3102529,18.0,7.0,7.0
400899564,SAS,272,21.0,6.1,4.6
400899564,SAS,996,13.0,3.8,1.4
400899564,SAS,2772,16.0,9.2,7.7
400899564,SAS,2983,31.0,7.7,5.6
400899564,SAS,3988,26.0,8.1,3.3
400899564,SAS,4004,34.0,11.9,12.0
400899564,SAS,6426,10.0,-0.1,0.0
400899564,SAS,6450,39.0,23.8,20.3
400899564,SAS,2579466,21.0,9.9,8.1
400899564,SAS,2580913,4.0,0.6,0.6
400899564,SAS,2968338,14.0,2.3,1.3
400899564,SAS,2993874,13.0,1.1,-0.7
400899565,LAC,165,19.0,0.5,-0.4
400899565,LAC,2745,9.0,6.9,7.4
400899565,LAC,2753,24.0,0.6,-1.4
400899565,LAC,2779,23.0,17.7,16.6
400899565,LAC,3024,18.0,6.8,6.3
400899565,LAC,3442,24.0,15.4,12.3
400899565,LAC,3451,23.0,2.3,1.9
400899565,LAC,3460,15.0,12.2,7.7
400899565,LAC,3989,26.0,25.9,20.5
400899565,LAC,4247,19.0,4.8,2.0
400899565,LAC,6569,9.0,1.3,1.7
400899565,LAC,6617,30.0,7.1,6.7
400899565,POR,4239,20.0,5.4,6.1
400899565,POR,4259,2.0,-1.2,0.0
400899565,POR,6591,22.0,6.5,5.4
400899565,POR,6605,22.0,2.0,-0.3
400899565,POR,6606,28.0,-1.8,-0.9
400899565,POR,2488653,20.0,-1.0,-0.8
400899565,POR,2490149,26.0,1.3,0.6
400899565,POR,2530780,21.0,9.2,6.6
400899565,POR,2531210,23.0,6.7,6.1
400899565,POR,2578239,8.0,2.3,1.3
400899565,POR,2982268,16.0,5.9,5.4
400899565,POR,3078284,26.0,3.2,1.3
400899565,POR,4064730,6.0,4.1,4.1
400899566,DAL,6576,24.0,0.9,2.3
400899566,DAL,6578,34.0,17.7,16.3
400899566,DAL,2326307,35.0,8.1,2.6
400899566,DAL,2531367,26.0,16.6,13.2
400899566,DAL,2578185,35.0,3.6,3.2
400899566,DAL,2968458,14.0,5.1,4.4
400899566,DAL,2982340,41.0,10.8,10.9
400899566,DAL,2991178,6.0,8.0,8.1
400899566,DAL,3929314,24.0,3.0,0.7
400899566,GSW,2016,13.0,3.6,2.8
400899566,GSW,2177,13.0,7.2,6.2
400899566,GSW,2386,13.0,5.1,3.1
400899566,GSW,2393,21.0,-2.7,-1.9
400899566,GSW,3202,35.0,22.7,20.2
400899566,GSW,3452,4.0,2.1,3.3
400899566,GSW,3975,31.0,19.5,18.0
400899566,GSW,6475,29.0,12.5,13.9
400899566,GSW,6589,35.0,15.0,12.8
400899566,GSW,2489785,12.0,3.3,2.0
400899566,GSW,2594818,4.0,-0.4,-0.7
400899566,GSW,3137730,20.0,4.5,5.1
400899566,GSW,3155535,11.0,4.9,4.6
400899567,MIL,3418,12.0,8.2,7.4
400899567,MIL,4260,20.0,8.0,6.8
400899567,MIL,4385,11.0,0.3,0.9
400899567,MIL,6592,17.0,2.7,1.6
400899567,MIL,6616,11.0,-3.3,-2.1
400899567,MIL,2489716,29.0,10.0,9.2
400899567,MIL,2528353,33.0,4.1,4.0
400899567,MIL,2566769,22.0,9.4,7.5
400899567,MIL,3032977,35.0,10.9,8.7
400899567,MIL,3056600,35.0,25.1,21.4
400899567,MIL,3137733,15.0,4.3,3.7
400899567,NOP,3414,19.0,9.1,9.4
400899567,NOP,3974,19.0,4.0,0.9
400899567,NOP,6460,32.0,12.1,11.7
400899567,NOP,6583,41.0,24.2,19.1
400899567,NOP,6597,34.0,9.8,8.7
400899567,NOP,2488945,34.0,16.5,15.6
400899567,NOP,2488958,31.0,9.0,5.6
400899567,NOP,2530572,14.0,3.1,1.6
400899567,NOP,2990984,16.0,6.9,5.0
400899568,CHI,1987,32.0,6.0,3.6
400899568,CHI,3026,37.0,17.4,12.1
400899568,CHI,3447,38.0,9.2,9.1
400899568,CHI,3986,23.0,4.3,3.4
400899568,CHI,6430,38.0,19.6,16.1
400899568,CHI,6459,22.0,7.7,7.7
400899568,CHI,2490589,9.0,-0.4,-0.7
400899568,CHI,2528588,32.0,8.4,7.0
400899568,CHI,3064482,10.0,2.9,2.4
400899568,MIA,3423,22.0,1.3,-0.3
400899568,MIA,3999,21.0,3.9,2.0
400899568,MIA,4250,16.0,0.5,1.3
400899568,MIA,4262,37.0,18.7,13.2
400899568,MIA,6628,36.0,11.1,10.7
400899568,MIA,2326015,11.0,0.2,0.0
400899568,MIA,2530276,32.0,10.5,9.2
400899568,MIA,2581190,28.0,9.1,9.3
400899568,MIA,3135047,38.0,16.2,12.6
400899569,DEN,558,9.0,8.0,8.1
400899569,DEN,2439,16.0,-1.5,-1.3
400899569,DEN,3428,26.0,4.4,4.5
400899569,DEN,6433,30.0,10.3,7.2
400899569,DEN,2614962,6.0,4.3,3.8
400899569,DEN,2999547,18.0,8.4,8.1
400899569,DEN,3102530,17.0,4.9,3.4
400899569,DEN,3112335,18.0,3.4,3.0
400899569,DEN,3892818,24.0,3.1,1.6
400899569,DEN,3907822,15.0,8.3,7.7
400899569,DEN,3936299,29.0,7.9,8.1
400899569,DEN,4017839,30.0,9.0,6.3
400899569,GSW,2016,14.0,7.6,3.8
400899569,GSW,2177,13.0,2.8,2.0
400899569,GSW,2386,23.0,4.5,2.4
400899569,GSW,2393,18.0,3.8,3.4
400899569,GSW,2419,5.0,4.0,3.4
400899569,GSW,3202,30.0,17.6,13.9
400899569,GSW,3452,15.0,9.8,7.8
400899569,GSW,3975,30.0,27.8,26.0
400899569,GSW,6475,32.0,12.3,11.1
400899569,GSW,6589,29.0,17.1,12.2
400899569,GSW,2489785,11.0,2.6,3.4
400899569,GSW,3137730,15.0,6.4,5.4
400899569,GSW,3155535,6.0,4.1,3.1
400899570,LAL,2429,23.0,1.4,-1.4
400899570,LAL,2799,23.0,13.5,9.9
400899570,LAL,3243,30.0,10.7,10.4
400899570,LAL,4298,33.0,8.3,8.2
400899570,LAL,2528393,11.0,5.5,5.4
400899570,LAL,2528426,22.0,4.9,3.8
400899570,LAL,2580365,22.0,4.3,1.0
400899570,LAL,3064514,26.0,13.8,11.8
400899570,LAL,3136776,23.0,5.9,6.7
400899570,LAL,3913176,28.0,1.3,0.6
400899570,SAC,1765,29.0,5.8,2.7
400899570,SAC,3005,33.0,11.6,7.6
400899570,SAC,3187,31.0,3.6,2.2
400899570,SAC,3276,16.0,3.6,2.7
400899570,SAC,3444,19.0,4.3,3.8
400899570,SAC,3973,23.0,5.6,3.4
400899570,SAC,4000,25.0,6.4,5.7
400899570,SAC,4023,17.0,2.2,1.3
400899570,SAC,4258,36.0,16.8,14.2
400899570,SAC,2991282,12.0,5.6,4.8
400899571,IND,2389,22.0,4.6,5.3
400899571,IND,2751,36.0,15.4,10.4
400899571,IND,2778,30.0,10.8,9.0
400899571,IND,3192,18.0,0.5,0.3
400899571,IND,3244,34.0,10.5,6.8
400899571,IND,4015,35.0,9.3,6.8
400899571,IND,4251,40.0,21.0,19.5
400899571,IND,4289,8.0,2.1,3.4
400899571,IND,6424,20.0,2.5,1.0
400899571,IND,3133628,21.0,3.5,2.0
400899571,PHI,2767,24.0,16.1,14.2
400899571,PHI,3025,34.0,5.0,6.3
400899571,PHI,3993,29.0,6.8,5.7
400899571,PHI,6634,13.0,4.9,3.7
400899571,PHI,2490620,40.0,7.3,4.9
400899571,PHI,2530530,19.0,5.5,4.7
400899571,PHI,2991042,24.0,10.3,10.0
400899571,PHI,2993370,24.0,7.7,4.4
400899571,PHI,3032978,29.0,6.5,2.4
400899571,PHI,3059318,26.0,13.9,12.5
400899571,PHI,3135048,3.0,-0.8,-0.7
400899572,CLE,1006,11.0,0.6,0.7
400899572,CLE,1708,13.0,-2.2,-1.4
400899572,CLE,1966,38.0,20.3,14.3
400899572,CLE,2009,1.0,-0.4,-0.7
400899572,CLE,2444,35.0,11.9,11.3
400899572,CLE,2754,14.0,4.0,3.3
400899572,CLE,3449,34.0,10.7,8.6
400899572,CLE,6442,36.0,18.5,19.1
400899572,CLE,6468,27.0,7.2,3.4
400899572,CLE,6474,23.0,4.9,2.1
400899572,CLE,2531797,1.0,0.0,0.0
400899572,CLE,3062892,8.0,1.2,1.0
400899572,WAS,2758,26.0,5.1,2.0
400899572,WAS,3232,15.0,-2.1,-1.7
400899572,WAS,4017,21.0,-0.9,-1.8
400899572,WAS,4237,35.0,13.8,12.0
400899572,WAS,6461,33.0,15.1,13.0
400899572,WAS,6621,20.0,6.7,5.4
400899572,WAS,2579260,22.0,8.4,7.8
400899572,WAS,2594885,12.0,-0.8,-1.1
400899572,WAS,2594922,34.0,9.9,8.9
400899572,WAS,2991050,1.0,0.0,0.0
400899572,WAS,2991155,1.0,0.3,0.0
400899572,WAS,3133603,21.0,7.3,5.4
400899573,CHA,2797,35.0,5.4,2.1
400899573,CHA,3190,27.0,2.0,-0.5
400899573,CHA,3211,6.0,0.6,0.3
400899573,CHA,3231,16.0,1.3,1.0
400899573,CHA,3416,39.0,11.8,10.9
400899573,CHA,3436,13.0,8.1,8.1
400899573,CHA,6479,35.0,37.2,35.3
400899573,CHA,2579258,26.0,11.2,9.7
400899573,CHA,2579294,18.0,5.9,6.4
400899573,CHA,2595231,24.0,1.3,2.4
400899573,TOR,3012,36.0,18.3,15.5
400899573,TOR,3970,23.0,7.8,7.4
400899573,TOR,3978,36.0,24.6,22.1
400899573,TOR,4264,33.0,4.0,3.3
400899573,TOR,6446,25.0,8.5,7.4
400899573,TOR,6477,21.0,13.5,9.8
400899573,TOR,6619,20.0,8.1,7.1
400899573,TOR,2595516,10.0,2.9,2.0
400899573,TOR,3032980,27.0,9.8,7.5
400899573,TOR,3149673,11.0,-3.3,-2.1
400899574,ORL,3209,23.0,2.4,0.9
400899574,ORL,3277,10.0,0.9,-0.7
400899574,ORL,3415,24.0,12.7,13.1
400899574,ORL,3439,31.0,0.3,-1.8
400899574,ORL,6427,23.0,1.3,-0.9
400899574,ORL,6478,26.0,1.3,-0.1
400899574,ORL,6588,38.0,15.0,12.7
400899574,ORL,2309097,16.0,5.7,3.4
400899574,ORL,2583639,24.0,-0.7,-1.4
400899574,ORL,3064290,25.0,10.1,5.3
400899574,UTA,1007,11.0,0.9,1.0
400899574,UTA,4249,39.0,19.5,16.5
400899574,UTA,4257,36.0,15.0,8.3
400899574,UTA,6454,26.0,5.3,3.0
400899574,UTA,2333797,2.0,0.7,0.0
400899574,UTA,2581177,33.0,5.4,4.6
400899574,UTA,2968436,15.0,1.6,0.7
400899574,UTA,3032976,34.0,17.4,12.6
400899574,UTA,3102528,22.0,-2.8,-1.7
400899574,UTA,3136196,21.0,5.1,4.4
400899575,BOS,2761,3.0,-1.3,-1.3
400899575,BOS,2769,21.0,1.9,1.4
400899575,BOS,3998,21.0,7.3,5.4
400899575,BOS,4240,32.0,10.9,6.6
400899575,BOS,6472,28.0,23.8,22.9
400899575,BOS,6631,21.0,6.9,4.9
400899575,BOS,2489663,30.0,16.5,14.2
400899575,BOS,2990992,34.0,15.7,11.6
400899575,BOS,3064509,3.0,0.9,-0.7
400899575,BOS,3064520,3.0,2.7,2.4
400899575,BOS,3074752,27.0,8.6,6.5
400899575,BOS,3917376,17.0,4.0,2.9
400899575,NYK,1975,12.0,7.9,8.1
400899575,NYK,2421,9.0,-2.2,-2.1
400899575,NYK,3224,22.0,12.8,7.6
400899575,NYK,3445,22.0,-1.9,-1.4
400899575,NYK,3456,27.0,2.0,2.4
400899575,NYK,3997,27.0,0.9,0.9
400899575,NYK,6485,20.0,6.2,3.7
400899575,NYK,6615,3.0,1.2,1.0
400899575,NYK,2284101,26.0,7.6,5.7
400899575,NYK,2580349,8.0,2.0,0.3
400899575,NYK,2999409,24.0,4.3,1.8
400899575,NYK,3102531,23.0,8.6,6.6
400899575,NYK,3138120,16.0,2.3,2.0
400899576,LAC,165,21.0,13.6,13.4
400899576,LAC,2753,11.0,0.3,-0.7
400899576,LAC,2779,36.0,18.2,16.2
400899576,LAC,3024,28.0,10.8,9.7
400899576,LAC,3442,33.0,10.0,7.8
400899576,LAC,3451,31.0,7.5,4.4
400899576,LAC,3460,14.0,0.0,0.6
400899576,LAC,3989,36.0,17.5,14.7
400899576,LAC,4247,11.0,2.7,0.6
400899576,LAC,6617,18.0,2.8,3.4
400899576,OKC,1978,5.0,-1.8,-1.0
400899576,OKC,3468,35.0,20.6,17.7
400899576,OKC,6447,21.0,12.0,9.8
400899576,OKC,2527963,38.0,4.2,5.1
400899576,OKC,2530596,34.0,11.4,9.5
400899576,OKC,2983526,20.0,6.7,7.1
400899576,OKC,2991070,13.0,4.6,4.4
400899576,OKC,2991235,32.0,3.3,3.7
400899576,OKC,2995702,13.0,0.1,0.6
400899576,OKC,3155942,28.0,8.0,8.5
400899577,DET,2448,18.0,7.9,7.7
400899577,DET,4305,30.0,9.2,8.4
400899577,DET,6440,31.0,4.8,4.9
400899577,DET,6452,28.0,3.8,2.6
400899577,DET,6462,31.0,0.8,-1.5
400899577,DET,6585,33.0,18.6,14.4
400899577,DET,2581018,40.0,10.3,10.1
400899577,DET,2968439,15.0,2.2,1.7
400899577,DET,3134881,15.0,0.6,0.8
400899577,SAS,272,16.0,8.4,7.1
400899577,SAS,996,36.0,22.9,19.8
400899577,SAS,1015,21.0,2.7,2.9
400899577,SAS,2772,16.0,5.1,4.8
400899577,SAS,2983,37.0,9.9,7.0
400899577,SAS,4004,26.0,8.9,8.1
400899577,SAS,6426,1.0,0.3,0.0
400899577,SAS,6450,37.0,9.9,5.1
400899577,SAS,2579466,18.0,4.3,3.9
400899577,SAS,2580913,6.0,0.9,0.4
400899577,SAS,2993874,24.0,9.7,8.8
400899577,SAS,2994526,1.0,0.0,0.0
400899577,SAS,3907497,1.0,-0.4,0.0
400899578,POR,4239,23.0,0.7,0.0
400899578,POR,4259,11.0,2.5,2.6
400899578,POR,6591,36.0,7.1,5.7
400899578,POR,6605,29.0,7.6,7.0
400899578,POR,6606,42.0,26.5,26.6
400899578,POR,2488653,35.0,11.3,8.8
400899578,POR,2490149,39.0,23.8,21.5
400899578,POR,2531210,37.0,16.9,14.5
400899578,POR,2982268,14.0,4.3,4.1
400899578,SAC,1765,19.0,2.5,2.0
400899578,SAC,3005,43.0,23.4,18.5
400899578,SAC,3187,32.0,10.9,11.0
400899578,SAC,3444,19.0,6.7,7.0
400899578,SAC,3554,17.0,1.2,0.3
400899578,SAC,3973,38.0,12.1,12.2
400899578,SAC,4000,15.0,2.3,0.0
400899578,SAC,4023,19.0,3.2,1.4
400899578,SAC,4258,39.0,24.2,21.7
400899578,SAC,2578213,18.0,0.2,0.6
400899578,SAC,2991282,8.0,4.0,4.8
400899579,LAL,2429,18.0,-1.2,-2.1
400899579,LAL,2799,25.0,19.4,16.9
400899579,LAL,2806,3.0,3.0,2.7
400899579,LAL,3243,20.0,12.0,12.8
400899579,LAL,4298,21.0,6.3,5.2
400899579,LAL,6618,7.0,6.1,5.5
400899579,LAL,2528393,18.0,8.1,6.5
400899579,LAL,2528426,25.0,17.4,15.5
400899579,LAL,2580365,22.0,8.6,6.5
400899579,LAL,2968363,3.0,0.7,0.7
400899579,LAL,3064514,28.0,12.8,7.9
400899579,LAL,3136776,28.0,15.7,15.6
400899579,LAL,3913176,22.0,9.7,9.1
400899579,NOP,3410,24.0,8.7,6.5
400899579,NOP,3414,13.0,0.8,0.7
400899579,NOP,3974,18.0,4.6,2.7
400899579,NOP,6460,24.0,3.9,2.6
400899579,NOP,6583,35.0,24.4,20.9
400899579,NOP,6597,21.0,2.4,1.9
400899579,NOP,2488945,29.0,2.0,2.2
400899579,NOP,2488958,18.0,0.3,-1.0
400899579,NOP,2530572,22.0,9.6,7.4
400899579,NOP,2990984,26.0,11.5,11.8
400899579,NOP,2991281,10.0,6.7,6.7
400899580,BOS,2769,31.0,12.9,12.6
400899580,BOS,3998,21.0,-1.3,-3.8
400899580,BOS,4240,36.0,11.1,7.5
400899580,BOS,6472,29.0,16.0,16.6
400899580,BOS,6631,16.0,7.7,6.4
400899580,BOS,2489663,28.0,9.6,9.7
400899580,BOS,2990992,34.0,4.3,4.6
400899580,BOS,3064509,16.0,14.2,11.9
400899580,BOS,3074752,22.0,11.5,8.0
400899580,BOS,3917376,7.0,0.6,0.0
400899580,IND,2389,17.0,5.6,4.7
400899580,IND,2751,34.0,9.9,8.6
400899580,IND,2778,32.0,2.5,1.2
400899580,IND,3192,15.0,3.7,4.6
400899580,IND,3244,24.0,12.6,9.5
400899580,IND,4015,35.0,10.4,12.2
400899580,IND,6424,26.0,2.3,1.0
400899580,IND,2528386,1.0,-0.7,-0.7
400899580,IND,2991039,26.0,6.9,4.0
400899580,IND,3133628,30.0,19.0,11.9
400899581,NYK,1975,38.0,21.5,21.7
400899581,NYK,3224,33.0,7.2,3.0
400899581,NYK,3445,34.0,5.0,4.4
400899581,NYK,3456,38.0,11.4,10.8
400899581,NYK,3997,16.0,7.3,6.8
400899581,NYK,6485,9.0,-1.4,-1.4
400899581,NYK,6615,14.0,7.7,7.2
400899581,NYK,2284101,14.0,-2.5,-1.7
400899581,NYK,2999409,4.0,-0.7,-1.0
400899581,NYK,3102531,30.0,12.4,13.5
400899581,NYK,3138120,11.0,1.2,1.0
400899581,TOR,3012,41.0,12.3,12.6
400899581,TOR,3978,36.0,25.4,22.3
400899581,TOR,4264,28.0,8.3,7.0
400899581,TOR,6446,20.0,-3.3,-2.4
400899581,TOR,6477,22.0,9.7,7.0
400899581,TOR,6619,18.0,7.2,6.6
400899581,TOR,2595516,29.0,16.3,15.0
400899581,TOR,3032980,26.0,16.1,8.6
400899581,TOR,3149673,20.0,6.9,6.1
400899582,ATL,2011,28.0,9.9,6.7
400899582,ATL,2384,28.0,12.8,11.6
400899582,ATL,2433,18.0,15.3,14.3
400899582,ATL,3015,27.0,1.1,0.3
400899582,ATL,3028,18.0,5.2,3.0
400899582,ATL,6637,28.0,15.1,9.5
400899582,ATL,2282205,17.0,9.5,9.2
400899582,ATL,2488651,3.0,0.0,0.0
400899582,ATL,2490089,19.0,5.8,4.4
400899582,ATL,2528210,18.0,13.9,13.0
400899582,ATL,2990962,3.0,0.9,1.0
400899582,ATL,3032979,28.0,14.4,11.2
400899582,ATL,3062667,3.0,-0.7,-0.7
400899582,PHI,2767,24.0,1.6,-0.4
400899582,PHI,3025,25.0,13.7,11.5
400899582,PHI,3993,21.0,5.5,4.3
400899582,PHI,6634,22.0,0.7,0.3
400899582,PHI,2490620,26.0,8.0,3.6
400899582,PHI,2530530,23.0,4.4,4.2
400899582,PHI,2991042,24.0,10.3,7.5
400899582,PHI,2993370,20.0,6.1,4.6
400899582,PHI,3032978,28.0,6.1,3.3
400899582,PHI,3135048,24.0,11.6,11.6
400899582,PHI,3893019,3.0,1.7,1.7
400899583,CHI,1987,30.0,5.8,4.9
400899583,CHI,3026,25.0,-2.2,-2.0
400899583,CHI,3447,38.0,6.0,3.7
400899583,CHI,3986,29.0,10.5,8.7
400899583,CHI,6430,38.0,35.0,31.0
400899583,CHI,6459,23.0,21.1,15.9
400899583,CHI,2490589,27.0,4.1,4.3
400899583,CHI,2528588,18.0,2.3,2.0
400899583,CHI,2531047,6.0,-1.1,-0.7
400899583,CHI,3064482,6.0,0.9,0.3
400899583,WAS,2758,35.0,17.1,14.7
400899583,WAS,3232,17.0,-3.4,-3.4
400899583,WAS,4017,23.0,4.5,2.9
400899583,WAS,6461,44.0,20.5,15.5
400899583,WAS,6621,31.0,10.5,9.5
400899583,WAS,2579260,17.0,4.4,3.4
400899583,WAS,2594885,35.0,11.2,11.7
400899583,WAS,2594922,29.0,-0.3,-0.6
400899583,WAS,3133603,9.0,1.1,2.0
400899584,HOU,1713,23.0,2.5,1.6
400899584,HOU,2426,37.0,12.5,8.6
400899584,HOU,3191,16.0,-0.9,-1.4
400899584,HOU,3412,37.0,-2.4,-1.6
400899584,HOU,3431,32.0,21.6,19.2
400899584,HOU,3992,39.0,21.4,20.0
400899584,HOU,2566741,10.0,-1.9,-2.1
400899584,HOU,2991184,11.0,3.2,3.7
400899584,HOU,3059281,9.0,4.7,3.4
400899584,HOU,3102529,25.0,11.8,10.9
400899584,SAS,272,16.0,11.7,11.2
400899584,SAS,996,32.0,14.7,12.7
400899584,SAS,1015,27.0,13.1,12.8
400899584,SAS,2772,21.0,5.6,4.3
400899584,SAS,2983,35.0,9.8,6.3
400899584,SAS,3988,27.0,4.0,3.4
400899584,SAS,4004,21.0,6.2,5.4
400899584,SAS,6450,38.0,13.8,10.4
400899584,SAS,2579466,16.0,6.0,5.1
400899584,SAS,2580913,7.0,4.4,1.7
400899585,LAC,165,21.0,6.9,6.4
400899585,LAC,2745,11.0,2.3,1.7
400899585,LAC,2753,13.0,4.7,4.8
400899585,LAC,2779,32.0,19.7,17.3
400899585,LAC,3024,29.0,13.1,11.8
400899585,LAC,3442,34.0,21.3,15.5
400899585,LAC,3451,34.0,13.4,12.5
400899585,LAC,3460,14.0,4.8,5.0
400899585,LAC,3989,37.0,14.1,11.6
400899585,LAC,6617,16.0,-0.2,1.4
400899585,MIN,4011,24.0,8.3,8.2
400899585,MIN,4267,14.0,5.7,6.8
400899585,MIN,4269,18.0,6.5,6.8
400899585,MIN,2534781,30.0,6.3,5.5
400899585,MIN,2991139,19.0,4.4,1.6
400899585,MIN,2993875,15.0,2.3,2.0
400899585,MIN,3059319,37.0,9.7,8.2
400899585,MIN,3064440,40.0,11.7,10.1
400899585,MIN,3135046,8.0,6.4,7.4
400899585,MIN,3136195,33.0,19.4,16.2
400899586,MIA,3220,13.0,0.9,1.7
400899586,MIA,3999,30.0,14.3,12.9
400899586,MIA,4250,5.0,-1.8,-2.1
400899586,MIA,4262,33.0,12.4,8.2
400899586,MIA,6480,20.0,9.6,8.0
400899586,MIA,6628,19.0,-0.6,-0.5
400899586,MIA,2326015,2.0,0.3,0.0
400899586,MIA,2488826,22.0,13.0,12.8
400899586,MIA,2530276,29.0,5.6,4.4
400899586,MIA,2581190,33.0,7.4,5.0
400899586,MIA,3135047,34.0,5.8,5.0
400899586,UTA,1007,28.0,7.4,6.0
400899586,UTA,4249,35.0,19.1,17.1
400899586,UTA,4257,6.0,4.4,4.1
400899586,UTA,6454,23.0,8.6,9.2
400899586,UTA,2333797,15.0,5.7,5.5
400899586,UTA,2581177,34.0,10.3,10.0
400899586,UTA,2968436,16.0,0.3,0.0
400899586,UTA,2983551,1.0,-1.0,-1.0
400899586,UTA,3032976,33.0,13.0,8.6
400899586,UTA,3102528,29.0,6.9,5.3
400899586,UTA,3136196,20.0,0.9,-1.1
400899587,MEM,136,34.0,13.6,13.5
400899587,MEM,1017,23.0,11.1,6.7
400899587,MEM,3195,30.0,10.1,8.3
400899587,MEM,3206,34.0,14.0,13.8
400899587,MEM,6466,23.0,8.2,6.0
400899587,MEM,2327577,23.0,0.7,1.7
400899587,MEM,2579321,26.0,6.4,7.4
400899587,MEM,3064511,17.0,1.8,0.7
400899587,MEM,3064517,19.0,1.7,0.3
400899587,MEM,3136696,12.0,-0.4,-0.3
400899587,MIL,841,22.0,4.0,2.7
400899587,MIL,3418,19.0,17.3,15.8
400899587,MIL,4260,21.0,8.7,6.1
400899587,MIL,4385,5.0,0.3,0.0
400899587,MIL,6592,18.0,8.0,6.4
400899587,MIL,6616,9.0,1.8,1.3
400899587,MIL,2489716,26.0,3.6,4.1
400899587,MIL,2528353,26.0,5.6,5.3
400899587,MIL,2566769,22.0,7.7,8.5
400899587,MIL,3032977,38.0,25.0,18.4
400899587,MIL,3056600,34.0,6.2,6.1
400899588,DEN,2439,22.0,5.5,6.8
400899588,DEN,3194,30.0,2.6,-0.4
400899588,DEN,3428,36.0,12.7,11.9
400899588,DEN,6433,21.0,7.6,5.7
400899588,DEN,2999547,28.0,9.5,9.1
400899588,DEN,3102530,17.0,-1.0,-2.0
400899588,DEN,3112335,20.0,3.9,3.0
400899588,DEN,3892818,26.0,12.5,9.0
400899588,DEN,3936299,20.0,4.9,4.0
400899588,DEN,4017839,20.0,7.3,6.8
400899588,DET,2448,18.0,9.2,9.2
400899588,DET,4305,29.0,6.9,5.9
400899588,DET,6440,36.0,15.7,12.5
400899588,DET,6452,26.0,12.8,10.5
400899588,DET,6462,34.0,13.7,11.8
400899588,DET,6585,27.0,14.3,11.8
400899588,DET,2581018,35.0,9.4,7.9
400899588,DET,2968439,20.0,2.9,2.7
400899588,DET,3134881,14.0,2.8,2.3
400899589,BKN,1781,14.0,8.9,7.1
400899589,BKN,3003,16.0,5.7,5.0
400899589,BKN,3448,28.0,7.7,2.9
400899589,BKN,3593,31.0,4.1,2.6
400899589,BKN,4270,26.0,21.5,20.4
400899589,BKN,6590,26.0,8.2,5.0
400899589,BKN,2488689,32.0,11.9,9.0
400899589,BKN,2528794,24.0,11.9,13.5
400899589,BKN,2991018,13.0,2.3,1.7
400899589,BKN,2991473,2.0,0.3,0.0
400899589,BKN,3064291,30.0,17.8,13.0
400899589,PHX,2166,6.0,0.0,0.0
400899589,PHX,3033,19.0,8.1,8.1
400899589,PHX,3201,28.0,12.4,12.4
400899589,PHX,4238,30.0,10.0,6.0
400899589,PHX,6448,22.0,1.6,-0.1
400899589,PHX,6594,2.0,-0.7,-0.7
400899589,PHX,2579326,2.0,1.7,1.7
400899589,PHX,2596107,29.0,7.9,4.9
400899589,PHX,2982334,34.0,14.7,12.2
400899589,PHX,3136193,32.0,4.9,3.2
400899589,PHX,3136194,11.0,0.6,0.0
400899589,PHX,3907487,18.0,8.8,7.7
400899589,PHX,4011991,8.0,3.6,3.7
400899590,CHA,2797,26.0,11.4,10.7
400899590,CHA,3190,21.0,6.9,6.0
400899590,CHA,3211,20.0,5.5,4.1
400899590,CHA,3231,17.0,5.1,4.1
400899590,CHA,3416,33.0,17.5,12.8
400899590,CHA,3436,13.0,4.6,5.1
400899590,CHA,6479,32.0,14.2,13.0
400899590,CHA,6601,41.0,8.4,6.3
400899590,CHA,2579258,14.0,-2.7,-1.7
400899590,CHA,2579294,23.0,-0.7,-2.2
400899590,CLE,1006,26.0,2.1,0.3
400899590,CLE,1708,17.0,-1.4,-1.8
400899590,CLE,1966,39.0,13.8,9.7
400899590,CLE,2754,25.0,13.1,11.3
400899590,CLE,3449,26.0,18.5,16.6
400899590,CLE,6442,27.0,15.0,14.5
400899590,CLE,6468,32.0,11.5,10.2
400899590,CLE,6474,30.0,7.2,3.5
400899590,CLE,2531797,14.0,1.9,1.7
400899590,CLE,3062892,5.0,-0.7,-0.7
400899591,OKC,1978,5.0,0.0,0.0
400899591,OKC,3468,38.0,42.7,40.5
400899591,OKC,6447,24.0,13.6,11.5
400899591,OKC,2527963,31.0,9.8,8.5
400899591,OKC,2530596,32.0,11.8,8.9
400899591,OKC,2959753,15.0,5.9,6.4
400899591,OKC,2983526,10.0,-1.8,-1.4
400899591,OKC,2991070,14.0,-1.7,-1.5
400899591,OKC,2991235,35.0,11.2,8.1
400899591,OKC,2995702,19.0,2.0,2.3
400899591,OKC,3155942,18.0,-2.7,-2.1
400899591,ORL,3209,28.0,9.7,9.1
400899591,ORL,3277,8.0,3.0,1.4
400899591,ORL,3415,15.0,8.2,8.3
400899591,ORL,3439,37.0,26.0,23.0
400899591,ORL,6427,29.0,4.7,2.0
400899591,ORL,6478,19.0,2.0,2.7
400899591,ORL,6588,37.0,17.1,17.3
400899591,ORL,2309097,10.0,-1.1,-1.4
400899591,ORL,2583639,37.0,22.8,19.2
400899591,ORL,3064290,22.0,6.5,7.4
400899592,LAL,2429,24.0,10.6,10.0
400899592,LAL,2799,18.0,12.9,11.8
400899592,LAL,2806,10.0,-0.4,-1.0
400899592,LAL,3243,24.0,2.7,3.6
400899592,LAL,4298,15.0,3.0,3.1
400899592,LAL,6618,4.0,-0.8,-0.7
400899592,LAL,2528393,12.0,2.5,2.0
400899592,LAL,2528426,22.0,11.2,10.1
400899592,LAL,2580365,22.0,4.7,5.1
400899592,LAL,3064514,28.0,10.1,8.4
400899592,LAL,3136776,26.0,3.6,0.6
400899592,LAL,3913176,27.0,7.4,7.0
400899592,LAL,4017837,8.0,-2.0,-1.8
400899592,MIN,2866,1.0,0.0,0.0
400899592,MIN,4011,34.0,15.0,12.0
400899592,MIN,4267,14.0,4.4,0.9
400899592,MIN,4269,41.0,23.2,19.6
400899592,MIN,2531100,9.0,8.7,8.8
400899592,MIN,2534781,31.0,3.4,1.4
400899592,MIN,2991139,14.0,5.8,4.6
400899592,MIN,3059319,41.0,37.5,36.7
400899592,MIN,3135046,17.0,2.7,3.5
400899592,MIN,3136195,39.0,11.1,8.6
400899593,GSW,2016,12.0,4.4,3.7
400899593,GSW,2177,6.0,1.0,0.7
400899593,GSW,2386,24.0,4.5,3.3
400899593,GSW,2393,20.0,6.6,7.1
400899593,GSW,3202,38.0,22.1,17.8
400899593,GSW,3452,3.0,2.3,2.0
400899593,GSW,3975,37.0,25.9,22.9
400899593,GSW,6475,33.0,16.9,17.5
400899593,GSW,6589,37.0,19.4,14.7
400899593,GSW,2489785,5.0,4.0,3.4
400899593,GSW,3137730,18.0,7.0,4.7
400899593,GSW,3155535,7.0,1.8,2.7
400899593,PHX,2166,15.0,8.7,9.2
400899593,PHX,3033,27.0,7.1,4.2
400899593,PHX,3201,31.0,12.9,11.8
400899593,PHX,4238,28.0,17.3,17.5
400899593,PHX,6448,25.0,6.7,6.3
400899593,PHX,2596107,18.0,6.4,6.9
400899593,PHX,2982334,33.0,17.3,13.5
400899593,PHX,3136193,32.0,13.8,10.6
400899593,PHX,3907487,16.0,-1.5,-0.6
400899593,PHX,4011991,14.0,5.3,5.1
400899594,DEN,2439,33.0,3.0,2.7
400899594,DEN,3194,27.0,14.2,12.7
400899594,DEN,3428,29.0,13.6,11.8
400899594,DEN,6433,28.0,22.0,17.9
400899594,DEN,3102530,19.0,3.6,2.2
400899594,DEN,3112335,26.0,-0.8,-2.0
400899594,DEN,3892818,30.0,-4.6,-4.4
400899594,DEN,3907822,6.0,-2.5,-2.1
400899594,DEN,3936299,28.0,8.0,7.3
400899594,DEN,4017839,16.0,8.4,7.7
400899594,POR,4239,29.0,10.3,9.0
400899594,POR,4259,21.0,3.4,0.6
400899594,POR,6591,32.0,14.1,12.0
400899594,POR,6605,25.0,5.9,6.7
400899594,POR,6606,33.0,32.6,26.8
400899594,POR,2488653,24.0,13.4,11.2
400899594,POR,2490149,35.0,11.1,10.3
400899594,POR,2531210,31.0,-0.7,-0.8
400899594,POR,2982268,4.0,-1.5,-1.4
400899594,POR,3078284,5.0,-1.8,-1.0
400899595,IND,2389,5.0,-0.1,0.0
400899595,IND,2751,36.0,7.2,7.1
400899595,IND,2778,23.0,14.9,10.3
400899595,IND,3192,17.0,4.9,4.3
400899595,IND,3244,30.0,11.9,8.1
400899595,IND,4015,29.0,13.1,8.8
400899595,IND,4251,34.0,9.8,6.0
400899595,IND,4289,19.0,8.0,5.2
400899595,IND,6424,16.0,2.3,1.7
400899595,IND,2528386,2.0,-1.4,-1.4
400899595,IND,2990969,2.0,-0.1,-0.7
400899595,IND,2991039,2.0,0.3,0.0
400899595,IND,3133628,24.0,1.8,0.9
400899595,ORL,3209,22.0,0.4,0.9
400899595,ORL,3277,17.0,0.4,0.6
400899595,ORL,3415,16.0,2.2,2.6
400899595,ORL,3439,28.0,2.2,-0.4
400899595,ORL,6427,21.0,10.0,6.5
400899595,ORL,6478,25.0,-4.2,-6.9
400899595,ORL,6588,33.0,6.3,5.5
400899595,ORL,2202117,4.0,0.7,0.0
400899595,ORL,2309097,13.0,2.3,2.4
400899595,ORL,2488999,4.0,0.0,0.0
400899595,ORL,2583639,29.0,8.4,5.4
400899595,ORL,2995706,5.0,-2.1,-2.1
400899595,ORL,3064290,22.0,6.5,6.0
400899596,DAL,2747,21.0,6.5,5.9
400899596,DAL,3055,33.0,12.1,11.8
400899596,DAL,4032,34.0,5.3,2.6
400899596,DAL,6576,2.0,0.6,0.6
400899596,DAL,6578,35.0,10.4,8.2
400899596,DAL,2326307,30.0,6.6,4.7
400899596,DAL,2531367,18.0,2.1,-0.1
400899596,DAL,2578185,21.0,3.1,2.1
400899596,DAL,2968458,11.0,3.0,2.0
400899596,DAL,2982340,23.0,-3.2,-4.2
400899596,DAL,2991178,3.0,1.0,0.0
400899596,DAL,3929314,8.0,4.7,3.4
400899596,NYK,1975,33.0,16.7,14.7
400899596,NYK,2421,12.0,3.3,2.7
400899596,NYK,3224,15.0,2.4,1.8
400899596,NYK,3445,32.0,4.9,3.7
400899596,NYK,3456,28.0,-3.1,-2.7
400899596,NYK,3997,23.0,5.0,3.4
400899596,NYK,6615,3.0,3.1,2.4
400899596,NYK,2284101,25.0,15.6,13.9
400899596,NYK,2580349,3.0,-0.4,-1.4
400899596,NYK,2999409,13.0,3.8,2.0
400899596,NYK,3063982,13.0,0.6,0.0
400899596,NYK,3102531,36.0,17.3,15.1
400899596,NYK,3138120,3.0,0.6,1.0
400899597,DET,2448,18.0,10.1,8.9
400899597,DET,4305,30.0,9.8,5.7
400899597,DET,4376,12.0,2.4,0.6
400899597,DET,6440,37.0,19.9,16.5
400899597,DET,6452,29.0,7.6,5.7
400899597,DET,6462,30.0,5.1,4.0
400899597,DET,2578259,1.0,1.3,1.7
400899597,DET,2581018,34.0,8.8,8.0
400899597,DET,2968439,34.0,16.2,14.5
400899597,DET,3134881,14.0,4.0,2.0
400899597,DET,3906522,1.0,-0.7,-0.7
400899597,OKC,1978,2.0,-0.4,0.0
400899597,OKC,3468,34.0,24.6,22.3
400899597,OKC,3474,9.0,6.5,5.8
400899597,OKC,6447,17.0,8.4,7.4
400899597,OKC,2527963,23.0,0.3,-0.3
400899597,OKC,2530596,29.0,2.1,1.3
400899597,OKC,2959753,16.0,-0.4,-1.1
400899597,OKC,2983526,15.0,-0.5,-0.7
400899597,OKC,2991070,26.0,11.9,8.1
400899597,OKC,2991235,29.0,4.7,2.0
400899597,OKC,2995702,17.0,-0.3,0.2
400899597,OKC,3155942,23.0,-3.8,-2.1
400899598,BOS,2769,27.0,8.0,9.5
400899598,BOS,3998,19.0,0.4,0.6
400899598,BOS,4240,34.0,10.4,9.3
400899598,BOS,6472,36.0,26.7,25.0
400899598,BOS,6631,5.0,-0.7,-0.7
400899598,BOS,2489663,35.0,-1.5,-1.5
400899598,BOS,2990992,37.0,15.3,10.5
400899598,BOS,3064509,6.0,0.0,0.0
400899598,BOS,3064520,9.0,-0.3,-1.4
400899598,BOS,3074752,13.0,3.5,4.0
400899598,BOS,3917376,17.0,9.8,8.2
400899598,NOP,3410,6.0,2.3,2.4
400899598,NOP,3414,12.0,5.0,4.1
400899598,NOP,3974,23.0,1.9,2.0
400899598,NOP,6583,38.0,14.4,5.3
400899598,NOP,6597,30.0,15.1,11.4
400899598,NOP,2488945,30.0,10.0,8.4
400899598,NOP,2488958,32.0,6.5,5.7
400899598,NOP,2530572,32.0,15.6,14.5
400899598,NOP,2990984,21.0,2.8,3.0
400899598,NOP,2991281,15.0,5.9,6.3
400899599,HOU,1713,16.0,7.9,7.7
400899599,HOU,2426,35.0,17.1,11.7
400899599,HOU,3191,14.0,1.1,0.7
400899599,HOU,3412,30.0,3.8,3.0
400899599,HOU,3431,27.0,8.8,9.7
400899599,HOU,3472,5.0,-1.1,-1.4
400899599,HOU,3992,33.0,28.5,25.8
400899599,HOU,2566741,6.0,1.2,1.0
400899599,HOU,2991055,6.0,0.9,-0.4
400899599,HOU,2991184,27.0,6.1,6.1
400899599,HOU,3059281,15.0,3.9,3.7
400899599,HOU,3102529,26.0,13.2,6.7
400899599,PHI,2767,22.0,8.7,7.3
400899599,PHI,3025,27.0,2.3,-0.0
400899599,PHI,3993,28.0,13.1,9.8
400899599,PHI,6634,14.0,1.5,0.6
400899599,PHI,2490620,14.0,1.2,2.5
400899599,PHI,2530530,21.0,4.7,2.8
400899599,PHI,2991042,29.0,7.4,6.6
400899599,PHI,2993370,8.0,4.0,3.4
400899599,PHI,3032978,24.0,8.5,7.0
400899599,PHI,3059318,23.0,7.3,4.5
400899599,PHI,3135048,22.0,0.5,-0.8
400899599,PHI,3893019,9.0,3.0,1.7
400899600,MIA,3220,14.0,0.0,-2.1
400899600,MIA,3999,18.0,6.7,5.4
400899600,MIA,4250,8.0,-0.4,0.0
400899600,MIA,4262,34.0,23.0,17.5
400899600,MIA,6480,16.0,1.1,0.2
400899600,MIA,6628,36.0,15.4,11.7
400899600,MIA,2488826,18.0,4.3,1.0
400899600,MIA,2530276,33.0,12.7,9.3
400899600,MIA,2581190,28.0,3.2,3.8
400899600,MIA,3135047,35.0,5.5,5.0
400899600,SAS,272,17.0,3.2,2.7
400899600,SAS,996,31.0,7.6,4.9
400899600,SAS,1015,26.0,9.3,8.1
400899600,SAS,2772,17.0,7.6,5.4
400899600,SAS,2983,36.0,12.7,11.5
400899600,SAS,3988,15.0,1.2,1.0
400899600,SAS,4004,24.0,9.3,9.5
400899600,SAS,6450,35.0,14.7,12.2
400899600,SAS,2579466,22.0,5.2,3.3
400899600,SAS,2580913,10.0,-0.9,-2.0
400899600,SAS,2993874,6.0,1.7,0.7
400899601,MEM,136,31.0,15.0,13.4
400899601,MEM,1017,23.0,13.1,13.2
400899601,MEM,3195,31.0,17.8,15.9
400899601,MEM,3206,33.0,8.6,6.9
400899601,MEM,6466,23.0,6.1,5.7
400899601,MEM,2327577,27.0,7.6,6.4
400899601,MEM,2579321,22.0,-1.4,0.0
400899601,MEM,3064511,26.0,1.6,3.0
400899601,MEM,3064517,11.0,-0.3,-0.3
400899601,MEM,3937101,13.0,0.4,0.3
400899601,UTA,1007,15.0,0.2,-0.8
400899601,UTA,2167,21.0,4.8,5.8
400899601,UTA,4249,36.0,5.3,4.9
400899601,UTA,4257,21.0,3.0,1.6
400899601,UTA,6454,28.0,15.8,16.3
400899601,UTA,2968361,2.0,-0.4,-0.7
400899601,UTA,2968436,33.0,17.1,16.5
400899601,UTA,3032976,22.0,5.3,4.1
400899601,UTA,3102528,30.0,4.0,5.0
400899601,UTA,3136196,32.0,15.1,12.7
400899602,BKN,1781,15.0,-0.9,-1.0
400899602,BKN,3003,29.0,5.0,5.0
400899602,BKN,3593,25.0,11.7,10.5
400899602,BKN,4270,22.0,4.1,2.4
400899602,BKN,6590,21.0,-0.6,-0.4
400899602,BKN,2488689,18.0,3.1,1.2
400899602,BKN,2528794,25.0,6.4,5.7
400899602,BKN,2991018,26.0,6.9,6.6
400899602,BKN,2991473,26.0,5.0,2.6
400899602,BKN,3064291,21.0,4.8,6.1
400899602,BKN,3153165,12.0,12.5,11.9
400899602,LAC,165,22.0,15.5,14.5
400899602,LAC,2745,22.0,3.9,2.0
400899602,LAC,2753,22.0,8.5,8.1
400899602,LAC,2779,25.0,27.6,22.5
400899602,LAC,3024,23.0,14.9,13.1
400899602,LAC,3442,25.0,8.1,4.1
400899602,LAC,3451,24.0,10.3,9.5
400899602,LAC,3460,18.0,10.2,4.6
400899602,LAC,3989,26.0,18.9,16.6
400899602,LAC,6617,25.0,0.9,1.0
400899602,LAC,3924880,8.0,3.1,3.3
400899603,CLE,1006,26.0,0.0,2.0
400899603,CLE,1708,19.0,5.0,4.4
400899603,CLE,1966,38.0,28.3,25.4
400899603,CLE,2754,20.0,18.7,18.2
400899603,CLE,3449,35.0,14.3,9.9
400899603,CLE,6442,35.0,14.1,12.4
400899603,CLE,6468,27.0,3.2,1.6
400899603,CLE,6474,30.0,15.6,13.3
400899603,CLE,2531797,10.0,-1.2,-1.7
400899603,TOR,3012,40.0,27.1,23.7
400899603,TOR,3978,34.0,15.1,11.0
400899603,TOR,4264,34.0,2.6,1.0
400899603,TOR,6446,18.0,6.6,6.7
400899603,TOR,6477,34.0,12.6,11.2
400899603,TOR,6619,25.0,15.3,12.4
400899603,TOR,2595516,29.0,9.0,9.4
400899603,TOR,3032980,10.0,-0.7,-0.3
400899603,TOR,3149673,16.0,8.3,7.9
400899604,ATL,2011,29.0,0.3,-1.0
400899604,ATL,2384,25.0,7.5,3.0
400899604,ATL,2433,4.0,-0.3,-1.0
400899604,ATL,3015,35.0,10.7,8.0
400899604,ATL,3028,23.0,4.8,1.2
400899604,ATL,6637,31.0,6.6,3.5
400899604,ATL,2282205,15.0,-0.8,-1.0
400899604,ATL,2490089,22.0,15.6,14.3
400899604,ATL,2528210,24.0,13.7,11.4
400899604,ATL,3032979,33.0,9.4,8.8
400899604,MIA,2184,1.0,0.0,0.0
400899604,MIA,3220,9.0,-0.3,-0.7
400899604,MIA,3999,26.0,7.1,6.8
400899604,MIA,4250,6.0,-1.8,-2.4
400899604,MIA,4262,38.0,20.9,14.9
400899604,MIA,6480,18.0,2.4,2.3
400899604,MIA,6628,34.0,-0.4,-3.2
400899604,MIA,2488826,37.0,7.2,6.1
400899604,MIA,2530276,33.0,4.5,3.6
400899604,MIA,2581190,38.0,15.3,11.5
400899605,CHA,2797,23.0,0.4,-0.2
400899605,CHA,3190,27.0,9.0,9.1
400899605,CHA,3211,4.0,0.6,0.7
400899605,CHA,3231,13.0,1.0,-0.3
400899605,CHA,3416,36.0,19.8,16.2
400899605,CHA,3436,12.0,5.2,5.1
400899605,CHA,6479,35.0,29.0,23.7
400899605,CHA,6601,33.0,2.6,0.5
400899605,CHA,2579258,31.0,14.2,12.2
400899605,CHA,2579294,27.0,17.4,14.9
400899605,MIN,4011,35.0,12.7,10.9
400899605,MIN,4267,15.0,4.3,2.4
400899605,MIN,4269,21.0,4.5,4.7
400899605,MIN,2531100,11.0,3.8,5.4
400899605,MIN,2534781,33.0,7.5,5.2
400899605,MIN,2991139,13.0,6.1,4.5
400899605,MIN,3059319,42.0,14.7,13.1
400899605,MIN,3064440,33.0,11.8,12.0
400899605,MIN,3136195,37.0,11.8,10.4
400899606,CHI,1987,31.0,14.8,12.7
400899606,CHI,3447,29.0,10.0,7.7
400899606,CHI,3986,30.0,11.9,8.4
400899606,CHI,6430,34.0,22.9,21.0
400899606,CHI,6459,19.0,6.4,4.0
400899606,CHI,2490589,24.0,3.7,4.6
400899606,CHI,2531047,30.0,17.8,12.7
400899606,CHI,2983727,4.0,-0.7,-0.7
400899606,CHI,2999549,16.0,-0.0,0.0
400899606,CHI,3064482,14.0,3.8,3.7
400899606,CHI,3113587,4.0,1.9,1.7
400899606,CHI,3893023,4.0,-2.2,-2.1
400899606,POR,4239,20.0,4.4,3.6
400899606,POR,4259,19.0,6.6,7.1
400899606,POR,6591,29.0,5.9,2.3
400899606,POR,6605,15.0,-4.3,-5.2
400899606,POR,6606,38.0,8.7,6.9
400899606,POR,2488653,22.0,10.6,8.7
400899606,POR,2490149,33.0,8.4,7.7
400899606,POR,2530780,4.0,1.5,1.2
400899606,POR,2531210,33.0,12.6,10.4
400899606,POR,2578239,9.0,3.7,3.4
400899606,POR,2982268,4.0,-0.4,-1.4
400899606,POR,3078284,10.0,-1.6,-2.4
400899606,POR,4064730,4.0,1.4,1.4
400899607,BKN,1781,12.0,3.4,2.0
400899607,BKN,3003,19.0,7.1,6.5
400899607,BKN,3448,31.0,21.7,18.3
400899607,BKN,3593,30.0,21.6,19.5
400899607,BKN,4270,29.0,12.5,9.6
400899607,BKN,6590,24.0,7.4,5.0
400899607,BKN,2488689,19.0,1.2,2.3
400899607,BKN,2528794,29.0,1.9,1.6
400899607,BKN,2991018,19.0,8.4,10.1
400899607,BKN,3064291,18.0,0.4,-1.4
400899607,BKN,3136477,9.0,0.7,0.0
400899607,LAL,2429,21.0,6.1,5.9
400899607,LAL,2799,17.0,-1.6,-2.2
400899607,LAL,3243,28.0,2.2,2.3
400899607,LAL,4298,29.0,17.2,17.2
400899607,LAL,2528393,13.0,14.0,13.2
400899607,LAL,2528426,28.0,10.6,6.9
400899607,LAL,2580365,18.0,2.6,2.0
400899607,LAL,3064514,31.0,20.4,16.9
400899607,LAL,3136776,31.0,27.2,22.5
400899607,LAL,3913176,24.0,6.2,4.3
400899608,PHI,2767,26.0,9.2,10.7
400899608,PHI,3025,28.0,10.8,10.0
400899608,PHI,3993,29.0,11.4,10.8
400899608,PHI,6634,23.0,8.9,8.4
400899608,PHI,2490620,23.0,-1.2,-2.2
400899608,PHI,2530530,20.0,1.9,0.8
400899608,PHI,2991042,25.0,12.7,11.8
400899608,PHI,2993370,19.0,12.0,9.9
400899608,PHI,3032978,26.0,5.4,2.9
400899608,PHI,3135048,20.0,12.6,13.5
400899608,WAS,2758,39.0,8.9,6.5
400899608,WAS,3232,3.0,0.6,1.0
400899608,WAS,4017,37.0,4.7,5.7
400899608,WAS,4237,24.0,19.7,18.3
400899608,WAS,6461,31.0,10.7,10.7
400899608,WAS,6614,13.0,0.9,1.7
400899608,WAS,6621,23.0,3.4,5.0
400899608,WAS,2579260,5.0,-1.5,-1.1
400899608,WAS,2594885,20.0,3.4,2.3
400899608,WAS,2594922,41.0,15.2,8.9
400899608,WAS,3133603,4.0,1.0,1.0
400899609,NOP,3410,25.0,2.9,0.9
400899609,NOP,3414,20.0,2.0,-1.1
400899609,NOP,3974,33.0,6.5,2.0
400899609,NOP,6460,32.0,6.5,5.4
400899609,NOP,6597,38.0,18.2,15.6
400899609,NOP,2488945,28.0,-1.2,-2.4
400899609,NOP,2488958,20.0,1.3,0.7
400899609,NOP,2530572,21.0,10.8,10.7
400899609,NOP,2990984,20.0,6.5,5.8
400899609,NOP,2991281,4.0,0.7,0.0
400899609,ORL,3209,20.0,-6.4,-6.6
400899609,ORL,3277,16.0,7.2,6.1
400899609,ORL,3415,18.0,5.6,4.3
400899609,ORL,3439,30.0,9.4,8.8
400899609,ORL,6427,25.0,5.8,4.8
400899609,ORL,6478,27.0,8.9,3.9
400899609,ORL,6588,34.0,9.7,9.2
400899609,ORL,2309097,15.0,10.8,10.5
400899609,ORL,2583639,30.0,6.1,1.6
400899609,ORL,3064290,26.0,6.7,4.2
400899610,CLE,1006,20.0,2.5,1.3
400899610,CLE,1135,6.0,-0.4,-1.3
400899610,CLE,2009,1.0,2.7,2.7
400899610,CLE,2754,27.0,2.4,0.3
400899610,CLE,3449,33.0,18.8,14.9
400899610,CLE,6442,32.0,17.3,17.2
400899610,CLE,6453,27.0,4.9,3.4
400899610,CLE,6468,28.0,-2.9,-2.7
400899610,CLE,6474,28.0,5.8,4.4
400899610,CLE,2531797,24.0,1.1,0.4
400899610,CLE,3062892,13.0,6.5,6.0
400899610,IND,2389,7.0,-0.1,-0.4
400899610,IND,2751,35.0,11.7,6.5
400899610,IND,2778,23.0,6.9,6.7
400899610,IND,3192,11.0,7.7,7.1
400899610,IND,3244,37.0,10.7,9.0
400899610,IND,4015,35.0,19.7,18.0
400899610,IND,4251,37.0,17.7,12.1
400899610,IND,4289,8.0,2.0,1.7
400899610,IND,6424,10.0,0.9,2.1
400899610,IND,2528386,1.0,-0.7,-0.7
400899610,IND,2990969,1.0,0.3,0.0
400899610,IND,2991039,1.0,0.0,0.0
400899610,IND,3133628,33.0,11.0,5.2
400899611,BOS,2761,7.0,3.3,2.4
400899611,BOS,2769,29.0,12.4,10.3
400899611,BOS,3998,24.0,5.8,4.4
400899611,BOS,4240,34.0,9.5,6.6
400899611,BOS,6472,33.0,19.4,19.6
400899611,BOS,6631,8.0,2.6,2.0
400899611,BOS,2489663,29.0,4.4,4.4
400899611,BOS,2990992,36.0,4.2,0.9
400899611,BOS,3064509,7.0,-0.7,-0.7
400899611,BOS,3074752,22.0,1.5,0.0
400899611,BOS,3917376,12.0,1.2,0.4
400899611,DAL,2747,25.0,5.9,4.8
400899611,DAL,2798,10.0,-2.5,-2.1
400899611,DAL,3055,28.0,7.7,6.1
400899611,DAL,4032,38.0,15.4,12.9
400899611,DAL,6578,41.0,14.9,14.3
400899611,DAL,2326307,32.0,3.9,3.1
400899611,DAL,2531367,29.0,0.7,-2.9
400899611,DAL,2578185,16.0,3.6,3.7
400899611,DAL,2982340,21.0,5.0,3.1
400899612,DET,2448,13.0,4.0,4.0
400899612,DET,4305,35.0,15.3,14.4
400899612,DET,6440,39.0,16.0,13.4
400899612,DET,6452,27.0,15.9,13.6
400899612,DET,6462,37.0,3.4,2.3
400899612,DET,6585,29.0,8.2,6.7
400899612,DET,2581018,37.0,13.5,12.0
400899612,DET,2968439,12.0,0.3,0.0
400899612,DET,3134881,11.0,1.5,1.0
400899612,NYK,1975,37.0,16.7,14.5
400899612,NYK,3224,25.0,12.0,7.3
400899612,NYK,3445,29.0,4.1,0.9
400899612,NYK,3456,34.0,9.8,8.0
400899612,NYK,3997,17.0,1.3,0.1
400899612,NYK,6615,15.0,8.7,5.5
400899612,NYK,2284101,24.0,7.9,6.7
400899612,NYK,2999409,4.0,2.0,1.7
400899612,NYK,3063982,9.0,2.6,2.7
400899612,NYK,3102531,40.0,30.1,28.3
400899612,NYK,3138120,7.0,-0.4,-0.7
400899613,ATL,2011,27.0,12.8,9.4
400899613,ATL,2433,15.0,6.3,5.4
400899613,ATL,3015,38.0,20.5,16.6
400899613,ATL,6637,30.0,6.0,6.0
400899613,ATL,2282205,17.0,1.9,-0.3
400899613,ATL,2488651,8.0,2.2,3.0
400899613,ATL,2490089,33.0,11.2,10.1
400899613,ATL,2528210,21.0,11.3,11.0
400899613,ATL,2990962,19.0,7.1,4.0
400899613,ATL,3032979,31.0,11.7,10.2
400899613,MIL,841,9.0,-2.2,-1.4
400899613,MIL,3418,4.0,-3.8,-3.4
400899613,MIL,4260,7.0,3.3,3.0
400899613,MIL,4385,26.0,7.2,7.0
400899613,MIL,6592,20.0,5.4,5.4
400899613,MIL,6616,5.0,1.6,2.4
400899613,MIL,2489716,27.0,8.1,6.8
400899613,MIL,2528353,31.0,10.9,8.7
400899613,MIL,2566769,21.0,1.1,1.7
400899613,MIL,3032977,40.0,22.0,17.9
400899613,MIL,3056600,35.0,18.7,15.5
400899613,MIL,3137733,14.0,-2.9,-4.2
400899614,HOU,1713,20.0,4.8,4.1
400899614,HOU,2426,37.0,12.1,6.0
400899614,HOU,3191,17.0,6.4,6.8
400899614,HOU,3412,33.0,7.4,6.9
400899614,HOU,3431,39.0,3.6,2.5
400899614,HOU,3992,37.0,11.2,7.4
400899614,HOU,2991184,19.0,9.7,8.5
400899614,HOU,3059281,11.0,10.1,8.5
400899614,HOU,3102529,28.0,16.5,11.8
400899614,OKC,1978,3.0,0.0,0.0
400899614,OKC,3468,36.0,24.0,20.2
400899614,OKC,3474,1.0,-1.5,-0.7
400899614,OKC,6447,15.0,8.4,6.4
400899614,OKC,2527963,40.0,25.5,22.4
400899614,OKC,2530596,32.0,1.6,-1.1
400899614,OKC,2959753,4.0,-0.5,-1.4
400899614,OKC,2983526,14.0,1.3,1.7
400899614,OKC,2991070,19.0,7.3,5.7
400899614,OKC,2991235,33.0,4.5,1.0
400899614,OKC,2995702,15.0,6.7,5.7
400899614,OKC,3155942,28.0,7.1,6.9
400899615,GSW,2016,16.0,5.8,7.1
400899615,GSW,2177,16.0,7.0,5.1
400899615,GSW,2386,25.0,14.5,11.3
400899615,GSW,2393,18.0,7.4,6.2
400899615,GSW,3202,36.0,22.8,20.9
400899615,GSW,3452,4.0,1.1,2.7
400899615,GSW,3975,37.0,28.7,28.6
400899615,GSW,6475,32.0,8.7,7.5
400899615,GSW,6589,35.0,9.0,4.4
400899615,GSW,3137730,21.0,6.2,5.1
400899615,TOR,3012,38.0,16.9,14.2
400899615,TOR,3970,24.0,6.2,4.7
400899615,TOR,3978,38.0,24.4,23.1
400899615,TOR,4264,25.0,2.2,1.3
400899615,TOR,6446,22.0,12.1,12.4
400899615,TOR,6477,18.0,12.4,11.3
400899615,TOR,6619,22.0,8.4,6.9
400899615,TOR,2595516,11.0,-0.3,1.0
400899615,TOR,3032980,13.0,2.9,1.4
400899615,TOR,3149673,30.0,7.7,6.8
400899616,DEN,2439,34.0,9.5,11.2
400899616,DEN,3194,35.0,23.5,20.6
400899616,DEN,3428,38.0,13.7,11.6
400899616,DEN,4232,4.0,0.3,0.7
400899616,DEN,6433,26.0,20.0,14.6
400899616,DEN,3102530,15.0,-0.1,-1.6
400899616,DEN,3112335,19.0,7.8,8.4
400899616,DEN,3892818,38.0,14.0,11.5
400899616,DEN,3907822,1.0,0.0,0.0
400899616,DEN,3936299,20.0,5.2,5.3
400899616,DEN,4017839,10.0,1.8,1.7
400899616,PHX,984,21.0,5.7,4.0
400899616,PHX,2166,18.0,9.4,8.5
400899616,PHX,3033,21.0,-1.8,-2.4
400899616,PHX,3201,23.0,2.0,2.6
400899616,PHX,4238,34.0,5.8,3.4
400899616,PHX,6448,28.0,26.0,24.5
400899616,PHX,2579326,4.0,0.6,-0.1
400899616,PHX,2596107,21.0,3.5,3.6
400899616,PHX,2982334,18.0,1.6,0.1
400899616,PHX,3136193,37.0,13.4,13.1
400899616,PHX,3907487,12.0,0.4,1.3
400899616,PHX,4011991,2.0,-0.4,0.0
400899617,LAC,165,27.0,9.0,9.8
400899617,LAC,2745,9.0,4.7,5.1
400899617,LAC,2753,14.0,3.9,2.7
400899617,LAC,2779,34.0,7.9,3.9
400899617,LAC,3024,30.0,20.8,19.3
400899617,LAC,3442,35.0,12.0,7.8
400899617,LAC,3451,21.0,2.6,-1.3
400899617,LAC,3460,14.0,2.1,3.0
400899617,LAC,3989,38.0,23.0,19.3
400899617,LAC,6617,18.0,1.6,-0.4
400899617,MEM,136,27.0,8.1,7.4
400899617,MEM,1017,26.0,14.3,12.8
400899617,MEM,3195,38.0,30.1,26.4
400899617,MEM,3206,37.0,19.9,18.5
400899617,MEM,6466,14.0,2.6,1.3
400899617,MEM,2327577,22.0,1.2,0.4
400899617,MEM,2579321,31.0,4.3,4.9
400899617,MEM,3064511,26.0,3.1,3.1
400899617,MEM,3064517,2.0,-0.8,0.0
400899617,MEM,3078286,9.0,3.0,2.4
400899617,MEM,3937101,8.0,-0.5,-0.7
400899618,SAC,1765,28.0,11.2,10.8
400899618,SAC,3005,32.0,6.2,5.3
400899618,SAC,3187,22.0,3.5,4.0
400899618,SAC,3444,15.0,0.0,-0.8
400899618,SAC,3973,30.0,12.1,9.6
400899618,SAC,4000,20.0,2.0,1.7
400899618,SAC,4023,18.0,5.6,4.8
400899618,SAC,4258,37.0,23.3,19.7
400899618,SAC,2578213,26.0,8.6,7.4
400899618,SAC,2991282,13.0,7.7,6.6
400899618,SAS,272,16.0,1.2,-0.7
400899618,SAS,996,31.0,19.0,17.0
400899618,SAS,1015,26.0,14.2,12.7
400899618,SAS,2772,11.0,3.2,3.5
400899618,SAS,2983,33.0,17.8,13.8
400899618,SAS,3988,28.0,9.2,8.1
400899618,SAS,4004,19.0,3.3,3.1
400899618,SAS,6426,17.0,7.2,6.7
400899618,SAS,6450,32.0,19.6,14.1
400899618,SAS,2579466,18.0,2.6,3.4
400899618,SAS,2993874,3.0,1.0,1.0
400899618,SAS,2994526,3.0,-1.4,-1.4
400899618,SAS,3907497,3.0,-1.4,-1.7
400899619,NYK,1975,35.0,11.3,11.0
400899619,NYK,2421,2.0,0.0,0.0
400899619,NYK,3224,19.0,3.5,2.8
400899619,NYK,3445,23.0,-1.0,-1.5
400899619,NYK,3456,39.0,20.4,19.8
400899619,NYK,3997,24.0,21.0,20.6
400899619,NYK,6615,7.0,-1.7,-1.3
400899619,NYK,2284101,23.0,6.7,5.3
400899619,NYK,2999409,10.0,5.0,4.0
400899619,NYK,3063982,13.0,3.2,3.0
400899619,NYK,3102531,37.0,12.3,8.4
400899619,NYK,3138120,7.0,6.3,5.4
400899619,WAS,2758,31.0,11.6,10.7
400899619,WAS,3232,11.0,7.1,6.8
400899619,WAS,4017,18.0,9.6,9.5
400899619,WAS,4237,31.0,21.4,21.0
400899619,WAS,6461,35.0,2.5,1.0
400899619,WAS,6580,29.0,16.1,15.5
400899619,WAS,6614,6.0,0.6,1.0
400899619,WAS,6621,18.0,4.7,3.2
400899619,WAS,2594922,39.0,17.8,13.8
400899619,WAS,3133603,23.0,4.8,4.7
400899620,MIA,3423,35.0,11.4,10.0
400899620,MIA,3999,30.0,10.8,6.0
400899620,MIA,4250,3.0,-0.1,0.0
400899620,MIA,4262,29.0,16.7,8.7
400899620,MIA,6480,15.0,0.6,1.0
400899620,MIA,6628,35.0,14.5,13.6
400899620,MIA,2326015,19.0,3.8,4.0
400899620,MIA,2488826,19.0,1.2,0.3
400899620,MIA,2530276,23.0,7.7,6.4
400899620,MIA,2581190,32.0,7.3,7.9
400899620,MIL,841,16.0,5.8,4.8
400899620,MIL,3418,16.0,8.3,7.3
400899620,MIL,4385,12.0,0.9,0.3
400899620,MIL,6592,28.0,10.1,8.1
400899620,MIL,6616,17.0,-0.9,-0.3
400899620,MIL,2489716,32.0,1.6,-0.6
400899620,MIL,2528353,32.0,11.5,11.1
400899620,MIL,2566769,17.0,-4.4,-4.5
400899620,MIL,3032977,35.0,10.6,7.6
400899620,MIL,3056600,33.0,2.5,-0.2
400899620,MIL,3137733,1.0,0.0,0.0
400899620,MIL,4017843,1.0,-0.7,-0.7
400899621,HOU,2426,29.0,16.3,13.8
400899621,HOU,3191,18.0,6.5,5.7
400899621,HOU,3412,33.0,12.3,10.7
400899621,HOU,3431,24.0,9.1,9.7
400899621,HOU,3472,5.0,-1.1,-1.4
400899621,HOU,3964,25.0,11.4,10.2
400899621,HOU,3992,32.0,27.7,22.6
400899621,HOU,2566741,5.0,-0.1,0.0
400899621,HOU,2991055,21.0,5.1,4.4
400899621,HOU,2991184,17.0,5.4,5.1
400899621,HOU,3059281,5.0,2.0,2.0
400899621,HOU,3102529,27.0,12.9,10.2
400899621,POR,4239,28.0,8.0,6.7
400899621,POR,4259,12.0,1.2,1.3
400899621,POR,6591,31.0,15.0,14.2
400899621,POR,6605,6.0,6.1,6.1
400899621,POR,6606,34.0,10.8,9.3
400899621,POR,2488653,30.0,7.5,5.2
400899621,POR,2490149,35.0,16.8,17.3
400899621,POR,2530780,6.0,2.3,0.0
400899621,POR,2531210,20.0,2.5,1.6
400899621,POR,2578239,6.0,1.3,1.0
400899621,POR,2982268,17.0,2.6,3.2
400899621,POR,3078284,16.0,9.0,6.7
400899622,MIN,2866,1.0,0.0,0.0
400899622,MIN,4011,25.0,1.8,1.4
400899622,MIN,4267,14.0,3.5,3.4
400899622,MIN,4269,15.0,7.2,5.7
400899622,MIN,2531100,13.0,8.0,5.2
400899622,MIN,2534781,29.0,9.9,8.1
400899622,MIN,2991139,23.0,0.8,-0.3
400899622,MIN,3059319,38.0,32.0,29.2
400899622,MIN,3064440,39.0,4.3,2.6
400899622,MIN,3135046,3.0,3.7,3.4
400899622,MIN,3136195,38.0,21.0,18.3
400899622,PHI,2767,21.0,5.2,4.7
400899622,PHI,3025,24.0,-4.2,-4.4
400899622,PHI,3993,15.0,-0.5,-0.4
400899622,PHI,6634,20.0,4.5,4.3
400899622,PHI,2490620,28.0,-2.4,-3.6
400899622,PHI,2530530,24.0,12.1,9.0
400899622,PHI,2991042,24.0,12.2,9.4
400899622,PHI,2993370,3.0,4.4,2.4
400899622,PHI,3032978,27.0,13.2,12.1
400899622,PHI,3059318,22.0,6.6,5.3
400899622,PHI,3135048,22.0,2.7,2.9
400899622,PHI,3893019,9.0,1.2,1.6
400899623,CHI,1987,33.0,9.5,9.3
400899623,CHI,3447,38.0,7.8,5.7
400899623,CHI,3986,27.0,6.5,5.1
400899623,CHI,6430,41.0,16.2,11.2
400899623,CHI,6459,21.0,6.9,3.7
400899623,CHI,2490589,26.0,2.1,1.3
400899623,CHI,2531047,29.0,1.8,-0.5
400899623,CHI,2999549,15.0,1.1,2.0
400899623,CHI,3064482,10.0,4.3,4.0
400899623,UTA,1007,22.0,8.9,7.8
400899623,UTA,2167,22.0,-3.3,-2.8
400899623,UTA,4249,41.0,3.6,-0.9
400899623,UTA,6454,13.0,-1.4,-1.0
400899623,UTA,2333797,6.0,0.7,0.7
400899623,UTA,2581177,34.0,3.1,2.1
400899623,UTA,2968436,7.0,-1.5,-1.0
400899623,UTA,3032976,41.0,19.2,14.7
400899623,UTA,3102528,34.0,10.8,9.7
400899623,UTA,3136196,21.0,7.1,6.0
400899624,ATL,2011,29.0,1.2,2.0
400899624,ATL,2384,31.0,13.9,5.5
400899624,ATL,2433,4.0,2.3,1.7
400899624,ATL,3015,33.0,19.4,17.2
400899624,ATL,6637,30.0,12.5,9.8
400899624,ATL,2282205,17.0,4.3,3.8
400899624,ATL,2490089,25.0,8.6,7.1
400899624,ATL,2528210,23.0,5.2,4.3
400899624,ATL,2990962,17.0,1.4,0.4
400899624,ATL,3032979,31.0,7.0,5.7
400899624,CHA,2797,28.0,6.9,5.4
400899624,CHA,3190,27.0,3.5,2.6
400899624,CHA,3231,15.0,2.9,2.6
400899624,CHA,3416,33.0,20.5,15.8
400899624,CHA,3436,17.0,0.4,0.6
400899624,CHA,6479,34.0,15.7,12.2
400899624,CHA,6601,35.0,4.4,3.7
400899624,CHA,2579258,31.0,20.3,17.9
400899624,CHA,2579294,20.0,4.3,-0.1
400899625,CLE,1006,18.0,-1.5,-2.1
400899625,CLE,1135,9.0,0.4,-1.1
400899625,CLE,1708,19.0,3.5,1.7
400899625,CLE,1966,28.0,15.7,14.5
400899625,CLE,2009,2.0,1.0,1.0
400899625,CLE,2444,25.0,8.7,5.7
400899625,CLE,2754,9.0,-0.5,-0.7
400899625,CLE,3449,27.0,7.6,4.4
400899625,CLE,6442,29.0,27.8,26.6
400899625,CLE,6453,12.0,2.1,2.4
400899625,CLE,6468,17.0,7.3,8.1
400899625,CLE,6474,30.0,12.0,5.7
400899625,CLE,2531797,15.0,4.2,4.0
400899625,DET,2448,17.0,3.8,4.0
400899625,DET,4305,23.0,4.3,2.0
400899625,DET,4376,6.0,1.2,0.0
400899625,DET,6440,20.0,2.0,2.2
400899625,DET,6452,22.0,11.9,10.7
400899625,DET,6462,31.0,5.6,4.0
400899625,DET,6585,27.0,6.5,2.7
400899625,DET,2528779,8.0,2.0,2.0
400899625,DET,2578259,20.0,3.2,4.5
400899625,DET,2581018,28.0,2.8,2.9
400899625,DET,2968439,15.0,4.8,3.4
400899625,DET,3134881,16.0,6.0,4.0
400899625,DET,3906522,6.0,0.7,0.7
400899626,IND,2389,6.0,6.1,5.1
400899626,IND,2751,34.0,6.8,4.3
400899626,IND,2778,9.0,-1.4,-1.4
400899626,IND,3192,12.0,0.1,0.0
400899626,IND,3235,13.0,-4.9,-4.4
400899626,IND,3244,32.0,9.6,7.1
400899626,IND,4015,34.0,16.2,14.1
400899626,IND,4289,11.0,6.1,5.4
400899626,IND,6424,13.0,2.9,3.1
400899626,IND,2528386,3.0,1.0,1.0
400899626,IND,2990969,17.0,1.4,2.0
400899626,IND,2991039,25.0,7.0,5.4
400899626,IND,3133628,31.0,16.0,14.7
400899626,PHX,2166,24.0,11.7,9.4
400899626,PHX,3033,39.0,6.0,2.9
400899626,PHX,3201,32.0,16.9,16.0
400899626,PHX,4238,13.0,-0.1,-0.4
400899626,PHX,6448,22.0,10.5,11.1
400899626,PHX,2579326,26.0,20.2,17.4
400899626,PHX,2596107,22.0,11.5,7.9
400899626,PHX,2982334,9.0,0.0,0.0
400899626,PHX,3136193,23.0,8.1,8.0
400899626,PHX,3136194,14.0,10.2,7.4
400899626,PHX,3907487,16.0,2.7,1.9
400899627,NOP,3414,17.0,4.1,3.1
400899627,NOP,3974,25.0,3.5,2.0
400899627,NOP,3995,23.0,18.6,17.1
400899627,NOP,6460,29.0,10.9,10.2
400899627,NOP,6583,37.0,36.3,29.6
400899627,NOP,6597,31.0,16.3,9.4
400899627,NOP,2488945,32.0,10.3,9.9
400899627,NOP,2488958,18.0,0.7,0.0
400899627,NOP,2530572,20.0,0.0,-0.1
400899627,NOP,2990984,7.0,4.7,4.4
400899627,POR,4239,19.0,2.9,2.6
400899627,POR,4259,21.0,3.9,3.1
400899627,POR,6591,35.0,3.4,2.6
400899627,POR,6605,8.0,1.8,2.3
400899627,POR,6606,36.0,13.3,13.2
400899627,POR,2488653,34.0,15.3,13.0
400899627,POR,2490149,36.0,15.3,15.4
400899627,POR,2530780,2.0,3.0,2.7
400899627,POR,2531210,27.0,5.1,4.2
400899627,POR,2578239,2.0,0.0,0.0
400899627,POR,2982268,2.0,0.0,0.0
400899627,POR,3078284,16.0,-1.1,-1.0
400899627,POR,4064730,2.0,1.7,1.7
400899628,BKN,3003,16.0,-1.3,-1.6
400899628,BKN,3448,28.0,17.6,15.8
400899628,BKN,3593,24.0,9.9,9.7
400899628,BKN,4270,22.0,1.8,-0.0
400899628,BKN,6590,21.0,6.0,7.4
400899628,BKN,2488689,20.0,5.9,4.6
400899628,BKN,2528794,20.0,6.6,6.3
400899628,BKN,2991018,19.0,3.2,3.7
400899628,BKN,2991473,21.0,8.1,8.0
400899628,BKN,3064291,28.0,5.7,3.4
400899628,BKN,3136477,17.0,3.3,2.4
400899628,BKN,3153165,4.0,0.6,1.0
400899628,OKC,3468,34.0,31.4,28.3
400899628,OKC,6447,13.0,9.2,8.4
400899628,OKC,6469,13.0,-2.9,-2.4
400899628,OKC,2527963,36.0,20.0,20.4
400899628,OKC,2530596,26.0,7.5,6.0
400899628,OKC,2959753,14.0,9.8,9.8
400899628,OKC,2983526,11.0,1.2,0.0
400899628,OKC,2991070,12.0,5.8,2.3
400899628,OKC,2991235,32.0,13.3,11.1
400899628,OKC,2995702,22.0,3.8,3.6
400899628,OKC,3155942,26.0,1.0,-1.1
400899629,BOS,2761,17.0,0.5,-0.9
400899629,BOS,2769,16.0,4.1,3.1
400899629,BOS,3998,15.0,2.2,0.4
400899629,BOS,4240,35.0,12.6,8.0
400899629,BOS,6472,28.0,13.2,13.0
400899629,BOS,6631,23.0,3.5,2.7
400899629,BOS,2489663,17.0,-1.2,-1.4
400899629,BOS,2990992,25.0,5.3,3.3
400899629,BOS,3064509,12.0,1.9,1.0
400899629,BOS,3064520,3.0,-0.7,-0.7
400899629,BOS,3074752,26.0,12.9,11.5
400899629,BOS,3917376,23.0,5.7,5.9
400899629,GSW,2016,21.0,9.5,5.2
400899629,GSW,2177,13.0,0.8,0.3
400899629,GSW,2386,22.0,7.5,6.4
400899629,GSW,2393,18.0,3.8,2.0
400899629,GSW,3202,33.0,25.7,20.7
400899629,GSW,3975,36.0,12.4,8.4
400899629,GSW,6475,31.0,19.0,18.9
400899629,GSW,6589,35.0,12.7,9.4
400899629,GSW,2489785,7.0,2.3,2.7
400899629,GSW,2594818,8.0,1.7,1.7
400899629,GSW,3137730,16.0,-1.2,-0.7
400899630,DAL,2747,21.0,2.8,1.8
400899630,DAL,4032,31.0,4.5,2.9
400899630,DAL,6578,34.0,3.6,1.8
400899630,DAL,2234666,20.0,5.9,4.9
400899630,DAL,2326307,34.0,4.0,4.6
400899630,DAL,2531367,17.0,-1.6,-2.1
400899630,DAL,2578185,22.0,3.2,1.6
400899630,DAL,2968458,11.0,0.1,-0.8
400899630,DAL,2982340,32.0,1.0,-2.1
400899630,DAL,2991178,3.0,1.0,0.0
400899630,DAL,3929314,14.0,3.9,3.0
400899630,MEM,136,24.0,1.9,2.6
400899630,MEM,1017,22.0,7.5,5.7
400899630,MEM,2367,18.0,11.2,10.2
400899630,MEM,3195,29.0,6.8,4.0
400899630,MEM,3206,24.0,7.6,6.7
400899630,MEM,6466,23.0,7.3,7.0
400899630,MEM,2327577,32.0,3.9,0.9
400899630,MEM,2579321,30.0,6.7,5.8
400899630,MEM,3064511,26.0,0.1,-1.5
400899630,MEM,3064517,4.0,2.3,1.7
400899630,MEM,3078286,2.0,-1.0,-1.0
400899630,MEM,3136696,4.0,-1.1,-0.7
400899630,MEM,3937101,2.0,-0.4,0.0
400899631,DEN,2439,37.0,2.0,3.1
400899631,DEN,3194,36.0,21.1,20.1
400899631,DEN,3428,43.0,13.5,10.2
400899631,DEN,4232,1.0,-0.5,-0.1
400899631,DEN,6433,24.0,10.7,5.5
400899631,DEN,3102530,25.0,9.4,9.3
400899631,DEN,3112335,27.0,8.4,5.2
400899631,DEN,3892818,46.0,18.8,17.6
400899631,DEN,3936299,19.0,3.1,2.3
400899631,DEN,4017839,8.0,-0.0,-1.1
400899631,TOR,3012,38.0,16.0,14.6
400899631,TOR,3970,22.0,7.8,6.3
400899631,TOR,3978,36.0,16.0,14.5
400899631,TOR,4264,30.0,-1.6,-2.5
400899631,TOR,6446,20.0,0.5,-0.8
400899631,TOR,6477,37.0,12.8,11.6
400899631,TOR,6619,30.0,11.5,10.7
400899631,TOR,2595516,12.0,2.0,2.0
400899631,TOR,3134908,16.0,7.8,6.4
400899631,TOR,3149673,23.0,6.9,6.1
400899632,LAL,2429,34.0,8.1,7.8
400899632,LAL,2799,27.0,20.3,18.6
400899632,LAL,2806,13.0,4.3,5.1
400899632,LAL,3243,28.0,17.3,16.1
400899632,LAL,4298,14.0,-1.1,-1.0
400899632,LAL,2528393,12.0,4.0,4.7
400899632,LAL,2528426,31.0,13.5,11.7
400899632,LAL,2580365,23.0,3.6,2.7
400899632,LAL,3064514,30.0,11.1,9.5
400899632,LAL,3913176,27.0,0.6,-0.8
400899632,SAS,272,21.0,8.0,8.5
400899632,SAS,996,28.0,10.4,8.7
400899632,SAS,1015,27.0,16.5,17.0
400899632,SAS,2772,18.0,4.6,3.4
400899632,SAS,2983,36.0,21.7,16.6
400899632,SAS,3988,27.0,13.0,10.6
400899632,SAS,4004,20.0,5.6,6.8
400899632,SAS,6426,7.0,1.5,2.0
400899632,SAS,6450,39.0,22.8,17.5
400899632,SAS,2579466,3.0,0.0,0.0
400899632,SAS,2993874,13.0,-0.1,-1.4
400899633,LAC,165,26.0,2.1,1.9
400899633,LAC,662,9.0,5.3,6.1
400899633,LAC,2753,13.0,0.9,1.3
400899633,LAC,2779,33.0,14.9,10.1
400899633,LAC,3024,26.0,19.7,19.9
400899633,LAC,3442,37.0,13.9,10.9
400899633,LAC,3451,26.0,4.5,3.9
400899633,LAC,3460,11.0,1.5,0.3
400899633,LAC,3989,37.0,26.1,24.5
400899633,LAC,6617,23.0,12.1,10.9
400899633,SAC,1765,30.0,12.0,9.7
400899633,SAC,3005,33.0,1.1,0.2
400899633,SAC,3187,24.0,4.2,4.3
400899633,SAC,3276,5.0,1.9,2.3
400899633,SAC,3444,9.0,-1.2,-0.7
400899633,SAC,3973,33.0,9.9,10.8
400899633,SAC,4000,36.0,19.8,17.4
400899633,SAC,4023,23.0,2.5,1.2
400899633,SAC,4258,37.0,30.2,25.4
400899633,SAC,2578213,3.0,2.0,2.0
400899633,SAC,2991282,8.0,0.8,2.0
400899634,HOU,1713,17.0,13.5,11.8
400899634,HOU,2426,31.0,4.4,2.9
400899634,HOU,3191,15.0,7.7,6.8
400899634,HOU,3412,32.0,0.4,0.2
400899634,HOU,3431,37.0,18.5,16.2
400899634,HOU,3964,27.0,6.3,3.8
400899634,HOU,3992,35.0,25.8,24.4
400899634,HOU,2991184,16.0,1.9,1.0
400899634,HOU,3102529,31.0,16.5,15.5
400899634,UTA,1007,22.0,9.0,7.1
400899634,UTA,4249,39.0,3.9,2.6
400899634,UTA,6454,22.0,1.6,2.1
400899634,UTA,2333797,10.0,5.2,3.7
400899634,UTA,2581177,34.0,20.6,20.2
400899634,UTA,2968436,15.0,6.6,7.5
400899634,UTA,2983551,3.0,-0.1,0.0
400899634,UTA,3032976,35.0,16.8,8.8
400899634,UTA,3102528,28.0,1.9,3.2
400899634,UTA,3136196,33.0,14.9,14.1
400899635,CHA,2797,30.0,2.8,4.1
400899635,CHA,3190,33.0,16.3,14.1
400899635,CHA,3211,21.0,6.9,5.2
400899635,CHA,3231,21.0,8.0,5.4
400899635,CHA,3416,35.0,12.9,9.7
400899635,CHA,3436,17.0,1.4,1.0
400899635,CHA,6479,37.0,17.1,14.7
400899635,CHA,6601,35.0,11.7,8.2
400899635,CHA,2579294,36.0,11.4,10.8
400899635,NOP,3414,13.0,2.6,1.1
400899635,NOP,3974,43.0,4.9,4.7
400899635,NOP,3995,30.0,16.6,16.6
400899635,NOP,6460,18.0,1.9,0.0
400899635,NOP,6583,42.0,31.2,25.1
400899635,NOP,6597,20.0,3.2,1.5
400899635,NOP,2488945,36.0,17.9,16.6
400899635,NOP,2488958,25.0,4.8,4.0
400899635,NOP,2530572,31.0,17.1,13.7
400899635,NOP,2990984,6.0,-0.4,-0.4
400899636,MIA,3423,37.0,15.8,15.1
400899636,MIA,3999,27.0,16.2,13.5
400899636,MIA,4250,8.0,1.0,0.0
400899636,MIA,4262,40.0,20.8,17.6
400899636,MIA,6480,17.0,8.6,8.1
400899636,MIA,6628,29.0,12.5,11.5
400899636,MIA,2326015,5.0,-1.8,-1.0
400899636,MIA,2488826,19.0,1.2,0.9
400899636,MIA,2530276,25.0,1.4,1.6
400899636,MIA,2581190,34.0,13.7,10.6
400899636,WAS,2758,38.0,14.5,11.6
400899636,WAS,3232,10.0,2.2,2.7
400899636,WAS,4017,23.0,2.3,0.0
400899636,WAS,4237,37.0,24.9,25.5
400899636,WAS,6461,9.0,4.4,4.4
400899636,WAS,6580,40.0,23.1,22.8
400899636,WAS,6614,6.0,2.9,2.7
400899636,WAS,6621,25.0,6.4,7.4
400899636,WAS,2594922,37.0,7.6,1.9
400899636,WAS,3133603,15.0,-2.0,-2.4
400899637,DAL,2747,34.0,5.5,1.7
400899637,DAL,4032,36.0,7.5,6.3
400899637,DAL,6578,39.0,8.2,5.5
400899637,DAL,2234666,32.0,15.5,13.7
400899637,DAL,2326307,35.0,8.5,6.6
400899637,DAL,2531367,21.0,2.6,0.8
400899637,DAL,2578185,14.0,1.2,0.6
400899637,DAL,2968458,2.0,-0.4,0.0
400899637,DAL,2982340,23.0,3.7,3.2
400899637,DAL,3929314,5.0,2.6,2.7
400899637,ORL,3209,22.0,5.8,5.1
400899637,ORL,3277,19.0,6.6,7.0
400899637,ORL,3415,30.0,14.1,13.9
400899637,ORL,3439,31.0,11.1,7.4
400899637,ORL,6427,23.0,15.7,13.1
400899637,ORL,6478,26.0,6.5,3.2
400899637,ORL,6588,32.0,4.6,1.9
400899637,ORL,2309097,12.0,-0.9,-0.7
400899637,ORL,2583639,20.0,3.4,0.1
400899637,ORL,3064290,25.0,1.0,1.7
400899638,BOS,2769,20.0,-2.0,-2.1
400899638,BOS,3213,34.0,22.3,16.3
400899638,BOS,3998,18.0,7.7,7.8
400899638,BOS,4240,36.0,10.3,10.2
400899638,BOS,6472,36.0,18.5,17.3
400899638,BOS,6581,27.0,4.8,1.9
400899638,BOS,6631,4.0,1.0,1.0
400899638,BOS,2489663,14.0,3.3,3.4
400899638,BOS,2990992,31.0,2.1,-0.4
400899638,BOS,3074752,14.0,5.9,4.7
400899638,BOS,3917376,8.0,3.0,3.0
400899638,DET,2448,15.0,9.1,8.5
400899638,DET,4305,33.0,14.0,11.9
400899638,DET,6440,42.0,11.7,11.3
400899638,DET,6452,21.0,-1.4,-1.4
400899638,DET,6462,33.0,18.7,17.9
400899638,DET,6585,31.0,15.3,11.9
400899638,DET,2528779,20.0,6.7,3.7
400899638,DET,2581018,28.0,4.9,3.0
400899638,DET,2968439,17.0,-2.0,-4.1
400899639,PHI,2767,24.0,8.2,7.4
400899639,PHI,3025,29.0,10.3,5.9
400899639,PHI,3993,22.0,11.4,8.7
400899639,PHI,6634,26.0,9.8,10.4
400899639,PHI,2490620,18.0,2.0,-2.5
400899639,PHI,2530530,19.0,7.0,4.1
400899639,PHI,2991042,26.0,16.4,15.9
400899639,PHI,2993370,7.0,1.8,2.3
400899639,PHI,3032978,25.0,9.8,7.8
400899639,PHI,3059318,20.0,19.7,17.8
400899639,PHI,3135048,19.0,6.8,5.5
400899639,PHI,3893019,5.0,0.6,1.0
400899639,PHX,2166,10.0,0.3,0.3
400899639,PHX,3033,31.0,8.8,7.4
400899639,PHX,3201,23.0,5.5,5.4
400899639,PHX,4238,30.0,16.3,16.6
400899639,PHX,6448,21.0,9.5,8.6
400899639,PHX,6594,4.0,1.6,1.3
400899639,PHX,2579326,23.0,14.7,9.4
400899639,PHX,2596107,25.0,8.9,5.8
400899639,PHX,3136193,18.0,-0.6,-2.9
400899639,PHX,3136194,22.0,13.2,8.4
400899639,PHX,3907487,20.0,-1.8,-1.2
400899639,PHX,3936099,3.0,0.0,0.0
400899639,PHX,4011991,12.0,-1.5,-2.1
400899640,MEM,136,26.0,0.9,0.8
400899640,MEM,1017,21.0,14.4,13.4
400899640,MEM,2367,20.0,0.2,-1.8
400899640,MEM,3195,34.0,13.0,10.4
400899640,MEM,3206,35.0,1.4,-1.5
400899640,MEM,2327577,28.0,15.4,13.8
400899640,MEM,2579321,36.0,10.8,7.3
400899640,MEM,3064511,24.0,15.3,14.6
400899640,MEM,3064517,2.0,-1.0,-1.0
400899640,MEM,3078286,2.0,1.3,1.7
400899640,MEM,3136696,2.0,1.0,0.0
400899640,MEM,3937101,9.0,2.5,2.3
400899640,MIN,2866,1.0,0.0,0.0
400899640,MIN,4011,34.0,2.6,2.0
400899640,MIN,4267,6.0,2.0,1.7
400899640,MIN,4269,14.0,-1.1,-1.8
400899640,MIN,2531100,15.0,5.1,3.4
400899640,MIN,2534781,36.0,6.4,4.2
400899640,MIN,2991139,18.0,-4.2,-2.1
400899640,MIN,2993875,18.0,5.3,4.1
400899640,MIN,3059319,32.0,-3.1,-4.6
400899640,MIN,3064440,37.0,16.0,14.5
400899640,MIN,3135046,3.0,0.7,0.7
400899640,MIN,3136195,28.0,9.2,9.6
400899641,GSW,2016,17.0,5.9,4.9
400899641,GSW,2177,12.0,9.3,8.9
400899641,GSW,2386,25.0,10.4,9.5
400899641,GSW,2393,15.0,2.2,2.3
400899641,GSW,3202,36.0,29.9,27.4
400899641,GSW,3452,5.0,6.0,4.7
400899641,GSW,3975,35.0,9.5,8.6
400899641,GSW,6475,38.0,19.6,19.1
400899641,GSW,6589,36.0,12.0,8.5
400899641,GSW,3137730,17.0,0.2,1.0
400899641,GSW,3155535,4.0,-1.9,-1.4
400899641,MIL,841,19.0,9.0,7.8
400899641,MIL,3418,20.0,4.8,4.9
400899641,MIL,4260,2.0,1.7,1.7
400899641,MIL,4385,12.0,0.8,0.3
400899641,MIL,6592,18.0,5.9,4.7
400899641,MIL,6616,15.0,11.4,13.0
400899641,MIL,2489716,34.0,9.9,9.2
400899641,MIL,2528353,29.0,5.0,4.4
400899641,MIL,2566769,14.0,2.5,1.3
400899641,MIL,3032977,41.0,19.2,17.3
400899641,MIL,3056600,37.0,25.2,23.0
400899642,CHI,1987,36.0,21.8,18.4
400899642,CHI,3026,35.0,13.4,11.1
400899642,CHI,3447,26.0,10.6,9.9
400899642,CHI,3986,32.0,7.5,6.4
400899642,CHI,6430,38.0,12.3,11.8
400899642,CHI,6459,16.0,-1.5,-3.5
400899642,CHI,2490589,17.0,4.0,5.3
400899642,CHI,2531047,15.0,3.6,2.0
400899642,CHI,2999549,3.0,-0.7,-0.7
400899642,CHI,3064482,20.0,1.4,2.4
400899642,CHI,3113587,2.0,0.3,0.0
400899642,LAC,165,27.0,-0.2,-0.1
400899642,LAC,662,9.0,2.6,3.0
400899642,LAC,2745,3.0,-0.7,-0.7
400899642,LAC,2753,10.0,1.6,0.0
400899642,LAC,2779,34.0,16.8,15.3
400899642,LAC,3024,25.0,8.5,5.6
400899642,LAC,3442,27.0,4.3,2.7
400899642,LAC,3451,26.0,4.9,5.7
400899642,LAC,3460,19.0,14.3,15.2
400899642,LAC,3989,39.0,23.7,20.6
400899642,LAC,6617,21.0,1.3,2.3
400899643,ATL,2011,37.0,14.9,12.1
400899643,ATL,2384,29.0,18.8,14.9
400899643,ATL,2433,5.0,0.3,-1.0
400899643,ATL,3015,38.0,17.7,13.7
400899643,ATL,6637,30.0,9.1,8.4
400899643,ATL,2282205,21.0,3.1,1.3
400899643,ATL,2490089,19.0,-0.9,-0.4
400899643,ATL,2528210,22.0,9.1,8.8
400899643,ATL,2990962,18.0,2.2,1.3
400899643,ATL,3032979,21.0,-5.7,-5.9
400899643,NYK,1975,38.0,22.8,20.9
400899643,NYK,3445,38.0,11.5,9.5
400899643,NYK,3456,30.0,8.4,7.8
400899643,NYK,3997,28.0,5.7,2.7
400899643,NYK,6615,17.0,8.2,7.9
400899643,NYK,2284101,19.0,1.4,0.2
400899643,NYK,2566748,5.0,-0.1,0.0
400899643,NYK,2999409,29.0,4.3,3.7
400899643,NYK,3102531,31.0,13.0,11.6
400899643,NYK,3138120,6.0,1.0,0.7
400899644,BKN,1781,14.0,3.1,3.6
400899644,BKN,3003,13.0,0.7,0.6
400899644,BKN,3448,29.0,19.1,17.3
400899644,BKN,3593,24.0,10.2,10.4
400899644,BKN,4270,26.0,15.8,14.3
400899644,BKN,6590,22.0,8.9,8.4
400899644,BKN,2488689,20.0,-2.6,-2.6
400899644,BKN,2528794,27.0,4.8,4.0
400899644,BKN,2991018,12.0,-1.4,-1.4
400899644,BKN,2991473,6.0,5.5,5.2
400899644,BKN,3064291,25.0,5.1,4.4
400899644,BKN,3136477,24.0,7.8,6.2
400899644,POR,4239,30.0,18.0,16.6
400899644,POR,4259,19.0,4.4,3.4
400899644,POR,6591,22.0,6.3,6.5
400899644,POR,6605,27.0,13.2,10.7
400899644,POR,6606,28.0,14.6,12.1
400899644,POR,2488653,24.0,8.4,5.4
400899644,POR,2490149,31.0,22.2,23.0
400899644,POR,2530780,5.0,4.0,4.0
400899644,POR,2531210,30.0,9.6,9.7
400899644,POR,2578239,3.0,-0.7,-0.7
400899644,POR,2982268,4.0,0.0,0.3
400899644,POR,3078284,15.0,0.6,-0.3
400899644,POR,4064730,2.0,2.7,3.1
400899645,IND,2389,14.0,-1.3,-0.3
400899645,IND,2751,42.0,6.3,3.9
400899645,IND,3192,13.0,6.4,6.8
400899645,IND,3235,17.0,3.4,2.1
400899645,IND,3244,38.0,15.7,11.6
400899645,IND,4015,40.0,32.4,25.7
400899645,IND,6424,15.0,2.6,2.1
400899645,IND,2990969,2.0,-2.1,-1.7
400899645,IND,2991039,45.0,10.5,9.4
400899645,IND,3133628,38.0,13.8,10.9
400899645,OKC,3468,40.0,20.2,18.6
400899645,OKC,3474,7.0,2.2,1.9
400899645,OKC,6447,25.0,14.5,11.4
400899645,OKC,2527963,38.0,9.5,6.8
400899645,OKC,2530596,36.0,6.7,4.7
400899645,OKC,2959753,26.0,8.9,7.1
400899645,OKC,2991070,15.0,8.2,8.1
400899645,OKC,2991235,34.0,4.3,3.1
400899645,OKC,2995702,23.0,4.0,3.0
400899645,OKC,3155942,20.0,3.4,1.3
400899646,SAC,1765,36.0,1.1,0.6
400899646,SAC,3005,36.0,20.9,16.3
400899646,SAC,3187,20.0,13.3,12.5
400899646,SAC,3276,5.0,-0.1,0.0
400899646,SAC,3444,26.0,7.3,2.8
400899646,SAC,3973,32.0,17.1,15.5
400899646,SAC,4000,27.0,4.9,3.4
400899646,SAC,4023,19.0,8.9,6.7
400899646,SAC,4258,30.0,9.4,8.2
400899646,SAC,2578213,3.0,-2.4,-2.4
400899646,SAC,2991282,4.0,1.2,1.7
400899646,TOR,3012,36.0,15.5,13.4
400899646,TOR,3970,33.0,13.4,11.7
400899646,TOR,3978,39.0,5.2,4.6
400899646,TOR,4264,27.0,8.5,7.1
400899646,TOR,6446,21.0,-0.9,-0.7
400899646,TOR,6477,37.0,21.3,18.9
400899646,TOR,6619,15.0,0.8,1.3
400899646,TOR,3032980,11.0,1.3,-0.7
400899646,TOR,3149673,21.0,7.0,4.1
400899647,DEN,2439,21.0,1.4,2.1
400899647,DEN,3194,24.0,11.9,10.1
400899647,DEN,3428,36.0,7.6,6.9
400899647,DEN,4232,7.0,1.5,1.3
400899647,DEN,6433,25.0,5.1,2.9
400899647,DEN,6579,19.0,3.1,3.6
400899647,DEN,3102530,26.0,14.3,11.3
400899647,DEN,3112335,21.0,12.9,12.2
400899647,DEN,3892818,32.0,10.6,8.5
400899647,DEN,3907822,2.0,0.2,0.6
400899647,DEN,3936299,23.0,17.1,17.2
400899647,DEN,4017839,5.0,0.8,0.2
400899647,UTA,1007,27.0,8.7,6.3
400899647,UTA,2167,8.0,3.7,3.4
400899647,UTA,4249,33.0,13.2,12.6
400899647,UTA,6454,16.0,-1.7,-2.2
400899647,UTA,2333797,18.0,10.1,6.8
400899647,UTA,2581177,31.0,2.7,2.4
400899647,UTA,2968361,3.0,4.7,4.7
400899647,UTA,2968436,21.0,4.8,4.4
400899647,UTA,3032976,26.0,6.1,5.1
400899647,UTA,3102528,35.0,6.9,7.5
400899647,UTA,3136196,21.0,2.7,2.0
400899648,CHI,3026,36.0,7.2,4.6
400899648,CHI,3447,28.0,14.4,10.9
400899648,CHI,3986,32.0,7.7,6.8
400899648,CHI,6430,40.0,36.2,34.7
400899648,CHI,6459,37.0,13.6,10.5
400899648,CHI,2490589,31.0,12.0,9.4
400899648,CHI,2531047,5.0,2.4,2.4
400899648,CHI,2999549,18.0,3.7,3.3
400899648,CHI,3064482,11.0,3.9,4.4
400899648,CHI,3113587,2.0,-1.4,-1.0
400899648,LAL,2429,23.0,5.0,4.0
400899648,LAL,2799,30.0,19.6,18.4
400899648,LAL,3243,30.0,9.7,9.0
400899648,LAL,4298,21.0,9.0,5.1
400899648,LAL,2528393,16.0,5.5,4.1
400899648,LAL,2528426,25.0,-0.3,-0.6
400899648,LAL,2580365,26.0,19.9,17.0
400899648,LAL,3064514,25.0,7.7,7.3
400899648,LAL,3136776,23.0,6.1,4.4
400899648,LAL,3913176,20.0,5.5,5.4
400899649,MIA,2184,4.0,-0.2,0.0
400899649,MIA,3220,12.0,1.7,0.7
400899649,MIA,3423,35.0,8.9,5.8
400899649,MIA,3999,17.0,4.9,5.0
400899649,MIA,4250,11.0,1.6,1.4
400899649,MIA,4262,33.0,26.2,25.0
400899649,MIA,6480,19.0,3.5,3.5
400899649,MIA,6628,33.0,14.4,14.0
400899649,MIA,2488826,18.0,5.1,4.0
400899649,MIA,2530276,30.0,2.1,-0.4
400899649,MIA,2581190,29.0,-1.1,-3.0
400899649,PHI,2767,31.0,9.9,6.8
400899649,PHI,3025,20.0,7.9,8.3
400899649,PHI,3417,15.0,2.0,1.7
400899649,PHI,3993,32.0,15.9,16.2
400899649,PHI,6634,11.0,0.2,0.0
400899649,PHI,2490620,31.0,6.9,4.7
400899649,PHI,2530530,14.0,4.3,3.1
400899649,PHI,2991042,21.0,1.8,0.6
400899649,PHI,3032978,17.0,0.6,0.6
400899649,PHI,3059318,23.0,17.7,13.9
400899649,PHI,3135048,25.0,9.4,9.3
400899650,PHX,2166,14.0,3.3,3.4
400899650,PHX,3033,21.0,2.4,0.4
400899650,PHX,3201,27.0,3.4,3.4
400899650,PHX,4238,40.0,20.4,16.7
400899650,PHX,6448,28.0,-0.2,-2.0
400899650,PHX,2579326,16.0,2.2,1.7
400899650,PHX,2596107,31.0,13.1,9.5
400899650,PHX,3136193,37.0,15.4,16.7
400899650,PHX,3136194,10.0,3.4,3.4
400899650,PHX,3907487,16.0,1.8,2.0
400899650,WAS,2758,38.0,7.8,6.4
400899650,WAS,3232,7.0,-1.2,-0.7
400899650,WAS,4017,21.0,2.5,2.9
400899650,WAS,4237,38.0,19.0,13.5
400899650,WAS,6461,26.0,1.6,0.5
400899650,WAS,6580,40.0,31.9,31.8
400899650,WAS,6621,16.0,6.5,5.7
400899650,WAS,2579260,6.0,-0.7,-0.7
400899650,WAS,2594922,23.0,10.4,6.7
400899650,WAS,3133603,25.0,3.3,2.5
400899651,CHA,2797,25.0,-3.0,-3.5
400899651,CHA,3190,31.0,15.9,11.0
400899651,CHA,3211,37.0,8.9,5.0
400899651,CHA,3231,14.0,1.2,-0.1
400899651,CHA,3416,34.0,5.4,3.6
400899651,CHA,3436,11.0,1.6,2.4
400899651,CHA,6479,31.0,11.8,9.5
400899651,CHA,6601,32.0,10.7,10.4
400899651,CHA,6641,3.0,0.9,0.6
400899651,CHA,2579294,20.0,19.8,17.5
400899651,CHA,3064510,3.0,-1.1,-0.7
400899651,MEM,136,33.0,9.4,8.4
400899651,MEM,1017,21.0,9.7,8.4
400899651,MEM,2367,31.0,10.4,7.7
400899651,MEM,3195,37.0,24.1,21.1
400899651,MEM,3206,34.0,12.0,7.2
400899651,MEM,2327577,31.0,12.4,10.8
400899651,MEM,2489530,2.0,-0.7,-0.7
400899651,MEM,2579321,13.0,5.4,5.8
400899651,MEM,3064511,24.0,3.0,3.7
400899651,MEM,3064517,8.0,-0.9,-0.1
400899651,MEM,3078286,4.0,-0.7,-0.7
400899651,MEM,3937101,2.0,0.7,0.0
400899652,GSW,2016,14.0,7.2,6.1
400899652,GSW,2177,15.0,3.8,1.7
400899652,GSW,2386,18.0,8.3,8.1
400899652,GSW,2393,16.0,5.0,4.8
400899652,GSW,3202,27.0,18.8,12.1
400899652,GSW,3452,14.0,5.0,2.9
400899652,GSW,3975,30.0,23.1,21.3
400899652,GSW,6475,26.0,15.1,14.0
400899652,GSW,6589,29.0,17.5,12.7
400899652,GSW,2489785,21.0,7.1,6.0
400899652,GSW,2594818,8.0,-2.1,-2.1
400899652,GSW,3137730,12.0,-0.2,0.2
400899652,GSW,3155535,10.0,4.1,1.3
400899652,IND,2389,21.0,3.2,3.4
400899652,IND,2751,23.0,-3.0,-3.1
400899652,IND,3192,20.0,7.0,6.4
400899652,IND,3235,24.0,15.4,16.4
400899652,IND,3244,29.0,6.8,6.7
400899652,IND,4015,26.0,7.9,4.0
400899652,IND,4289,22.0,7.7,6.1
400899652,IND,6424,17.0,-2.9,-2.4
400899652,IND,2528386,8.0,-1.9,-2.8
400899652,IND,2596110,6.0,3.0,2.0
400899652,IND,2990969,7.0,-3.9,-4.2
400899652,IND,2991039,37.0,1.8,-0.2
400899653,DET,2448,16.0,7.5,5.9
400899653,DET,4305,31.0,11.4,10.2
400899653,DET,6440,20.0,3.1,4.4
400899653,DET,6452,31.0,8.4,6.7
400899653,DET,6462,35.0,4.2,4.5
400899653,DET,6585,34.0,8.9,2.7
400899653,DET,2528779,10.0,5.1,5.1
400899653,DET,2581018,38.0,16.4,15.7
400899653,DET,2968439,14.0,-1.2,-1.1
400899653,DET,3134881,10.0,-0.2,0.3
400899653,HOU,1713,13.0,2.3,1.1
400899653,HOU,2426,35.0,9.8,8.0
400899653,HOU,3191,13.0,4.8,4.9
400899653,HOU,3412,29.0,8.5,6.7
400899653,HOU,3431,29.0,-2.5,-4.1
400899653,HOU,3964,23.0,5.9,6.1
400899653,HOU,3992,38.0,21.3,19.6
400899653,HOU,2991184,25.0,9.9,9.1
400899653,HOU,3102529,35.0,14.4,12.6
400899654,MIL,841,20.0,5.6,2.7
400899654,MIL,3418,20.0,8.2,8.4
400899654,MIL,4260,8.0,1.5,-0.4
400899654,MIL,4385,13.0,4.1,2.8
400899654,MIL,6592,22.0,1.8,0.3
400899654,MIL,6616,10.0,1.5,1.4
400899654,MIL,2489716,27.0,-0.2,0.1
400899654,MIL,2528353,25.0,6.3,4.0
400899654,MIL,2566769,21.0,2.9,2.0
400899654,MIL,3032977,39.0,26.9,18.7
400899654,MIL,3056600,35.0,17.7,13.8
400899654,ORL,3209,31.0,8.7,6.8
400899654,ORL,3277,10.0,2.9,2.7
400899654,ORL,3415,13.0,-1.6,-1.4
400899654,ORL,3439,37.0,19.8,14.8
400899654,ORL,6427,22.0,12.2,10.2
400899654,ORL,6478,28.0,3.6,1.7
400899654,ORL,6588,37.0,8.8,7.7
400899654,ORL,2309097,5.0,-4.8,-4.4
400899654,ORL,2583639,35.0,11.0,6.4
400899654,ORL,3064290,21.0,0.1,-1.3
400899655,BOS,2769,15.0,2.1,2.4
400899655,BOS,3213,36.0,18.8,15.9
400899655,BOS,3998,19.0,4.8,3.7
400899655,BOS,4240,33.0,5.3,5.6
400899655,BOS,6472,32.0,19.7,19.3
400899655,BOS,6581,24.0,-1.7,-1.7
400899655,BOS,6631,9.0,2.9,2.4
400899655,BOS,2489663,13.0,2.8,2.7
400899655,BOS,2990992,31.0,3.8,1.4
400899655,BOS,3074752,16.0,12.4,10.5
400899655,BOS,3917376,13.0,-0.2,-0.8
400899655,MIN,3457,2.0,-0.8,-0.7
400899655,MIN,4011,38.0,12.6,11.6
400899655,MIN,4267,8.0,1.5,1.0
400899655,MIN,4269,10.0,7.2,6.3
400899655,MIN,2534781,40.0,15.0,13.3
400899655,MIN,2991139,10.0,-0.1,-1.0
400899655,MIN,2993875,16.0,-3.3,-2.7
400899655,MIN,3059319,39.0,2.1,1.3
400899655,MIN,3064440,38.0,6.8,5.0
400899655,MIN,3136195,38.0,26.0,22.2
400899656,DAL,4032,40.0,13.0,12.0
400899656,DAL,6578,42.0,11.7,10.7
400899656,DAL,2234666,16.0,5.9,5.3
400899656,DAL,2326307,36.0,14.2,13.8
400899656,DAL,2531367,19.0,3.4,0.3
400899656,DAL,2578185,27.0,3.4,4.7
400899656,DAL,2968458,32.0,11.2,5.5
400899656,DAL,2982340,15.0,0.2,-2.1
400899656,DAL,3929314,13.0,0.5,1.4
400899656,SAS,272,25.0,8.9,5.4
400899656,SAS,996,28.0,9.7,7.7
400899656,SAS,2772,28.0,13.0,10.5
400899656,SAS,3988,29.0,6.7,7.0
400899656,SAS,4004,30.0,12.9,10.7
400899656,SAS,6426,20.0,2.3,2.0
400899656,SAS,6450,34.0,19.0,16.7
400899656,SAS,2579466,9.0,-0.6,-1.1
400899656,SAS,2993874,13.0,2.3,2.4
400899656,SAS,2994526,10.0,1.2,1.3
400899656,SAS,3907497,15.0,0.5,1.5
400899657,LAC,165,27.0,5.0,5.0
400899657,LAC,2753,13.0,1.9,1.0
400899657,LAC,2779,35.0,26.3,23.8
400899657,LAC,3024,29.0,15.5,14.7
400899657,LAC,3442,34.0,16.2,13.5
400899657,LAC,3451,24.0,8.3,6.8
400899657,LAC,3460,14.0,3.2,3.0
400899657,LAC,3989,36.0,24.4,22.9
400899657,LAC,4247,12.0,-0.6,0.0
400899657,LAC,6617,16.0,-0.9,-0.4
400899657,TOR,3012,42.0,19.3,19.1
400899657,TOR,3978,36.0,19.6,18.9
400899657,TOR,4264,36.0,11.6,9.4
400899657,TOR,6446,18.0,12.0,8.9
400899657,TOR,6477,29.0,14.4,13.5
400899657,TOR,6619,26.0,4.3,4.4
400899657,TOR,2595516,26.0,4.6,4.0
400899657,TOR,3032980,13.0,-1.6,-1.1
400899657,TOR,3149673,13.0,1.3,1.0
400899658,NYK,1975,36.0,6.5,4.8
400899658,NYK,3445,27.0,4.2,2.0
400899658,NYK,3456,28.0,16.3,14.6
400899658,NYK,3997,22.0,11.2,9.0
400899658,NYK,6615,24.0,1.4,0.0
400899658,NYK,2284101,19.0,7.9,7.2
400899658,NYK,2999409,21.0,3.1,3.1
400899658,NYK,3063982,3.0,1.6,1.3
400899658,NYK,3102531,40.0,21.8,20.9
400899658,NYK,3138120,21.0,8.2,7.1
400899658,POR,4239,24.0,9.7,8.4
400899658,POR,4259,33.0,14.7,12.3
400899658,POR,6591,34.0,7.8,5.2
400899658,POR,6605,19.0,2.3,2.2
400899658,POR,6606,35.0,14.9,11.8
400899658,POR,2488653,28.0,9.7,7.9
400899658,POR,2490149,36.0,10.1,9.7
400899658,POR,2531210,23.0,3.0,2.8
400899658,POR,3078284,6.0,1.3,0.0
400899659,ATL,2011,29.0,13.4,13.6
400899659,ATL,2384,19.0,7.9,4.8
400899659,ATL,2433,14.0,2.1,2.0
400899659,ATL,3015,23.0,8.6,6.0
400899659,ATL,3028,23.0,3.9,2.0
400899659,ATL,6637,18.0,-3.2,-4.2
400899659,ATL,2282205,18.0,1.9,0.7
400899659,ATL,2488651,7.0,0.6,-0.7
400899659,ATL,2490089,15.0,3.7,3.3
400899659,ATL,2528210,18.0,7.0,6.4
400899659,ATL,2990962,17.0,6.7,6.4
400899659,ATL,3032979,27.0,12.6,11.8
400899659,ATL,3062667,12.0,1.3,1.0
400899659,NOP,3414,22.0,6.8,6.1
400899659,NOP,3974,25.0,9.6,7.1
400899659,NOP,3995,27.0,10.6,7.1
400899659,NOP,6460,23.0,13.0,11.1
400899659,NOP,6583,19.0,10.1,7.1
400899659,NOP,6597,28.0,13.7,11.0
400899659,NOP,2488945,35.0,28.3,24.2
400899659,NOP,2488958,26.0,8.5,8.4
400899659,NOP,2530572,19.0,5.8,4.1
400899659,NOP,2531362,8.0,-0.7,-2.0
400899659,NOP,2990984,8.0,-0.1,0.0
400899660,CHI,1987,35.0,14.1,13.0
400899660,CHI,3026,33.0,14.1,10.3
400899660,CHI,3447,35.0,15.1,9.5
400899660,CHI,3986,35.0,13.6,13.0
400899660,CHI,6430,39.0,29.8,27.5
400899660,CHI,6459,22.0,5.3,3.5
400899660,CHI,2490589,18.0,0.1,-1.8
400899660,CHI,2999549,14.0,0.5,0.0
400899660,CHI,3064482,8.0,-1.8,-2.1
400899660,DEN,2439,21.0,8.7,7.2
400899660,DEN,3194,33.0,9.8,6.6
400899660,DEN,3428,37.0,11.6,10.3
400899660,DEN,6433,15.0,5.7,4.0
400899660,DEN,6579,26.0,3.2,2.9
400899660,DEN,3102530,29.0,15.7,12.0
400899660,DEN,3112335,18.0,12.7,9.9
400899660,DEN,3892818,27.0,0.5,0.6
400899660,DEN,3936299,22.0,21.7,21.3
400899660,DEN,4017839,11.0,1.5,1.3
400899661,LAL,2429,19.0,2.6,2.5
400899661,LAL,2799,23.0,9.6,9.7
400899661,LAL,2806,23.0,13.5,10.9
400899661,LAL,3243,29.0,9.5,9.0
400899661,LAL,4298,31.0,14.7,14.2
400899661,LAL,2528393,16.0,5.9,4.1
400899661,LAL,2528426,26.0,17.3,12.8
400899661,LAL,2580365,27.0,10.4,6.8
400899661,LAL,3064514,21.0,-2.2,-3.3
400899661,LAL,3913176,25.0,6.7,6.5
400899661,OKC,3468,36.0,23.3,21.0
400899661,OKC,3474,9.0,2.7,1.7
400899661,OKC,6447,19.0,7.3,7.5
400899661,OKC,2527963,39.0,10.6,7.1
400899661,OKC,2530596,27.0,6.5,2.9
400899661,OKC,2959753,23.0,11.0,8.4
400899661,OKC,2983526,4.0,-1.8,-1.4
400899661,OKC,2991070,23.0,8.9,7.8
400899661,OKC,2991235,31.0,19.6,17.7
400899661,OKC,2995702,7.0,0.0,-0.7
400899661,OKC,3155942,22.0,4.6,2.4
400899662,MEM,136,39.0,-0.8,-0.9
400899662,MEM,1017,27.0,6.1,4.2
400899662,MEM,2367,23.0,3.7,4.7
400899662,MEM,3195,45.0,19.2,15.3
400899662,MEM,3206,45.0,20.3,16.5
400899662,MEM,2327577,34.0,10.7,8.8
400899662,MEM,2489530,23.0,4.8,2.6
400899662,MEM,3064511,42.0,9.7,5.8
400899662,MEM,3064517,12.0,1.1,-1.4
400899662,PHI,2767,40.0,15.3,14.7
400899662,PHI,3025,21.0,4.4,4.4
400899662,PHI,3417,30.0,9.7,9.4
400899662,PHI,6634,27.0,3.3,0.9
400899662,PHI,2490620,46.0,15.5,9.7
400899662,PHI,2530530,8.0,2.2,0.7
400899662,PHI,2991042,43.0,5.3,3.6
400899662,PHI,3032978,22.0,0.7,1.0
400899662,PHI,3059318,27.0,6.1,2.0
400899662,PHI,3135048,26.0,-3.0,-4.5
400899663,CHA,2797,29.0,9.7,7.5
400899663,CHA,3190,21.0,7.0,7.3
400899663,CHA,3211,20.0,9.9,8.0
400899663,CHA,3231,16.0,9.2,8.2
400899663,CHA,3416,40.0,9.3,7.9
400899663,CHA,3436,17.0,6.2,7.1
400899663,CHA,6479,32.0,24.4,23.4
400899663,CHA,6601,29.0,5.3,5.3
400899663,CHA,6603,6.0,-0.1,-1.0
400899663,CHA,2579294,30.0,9.5,8.4
400899663,SAS,272,16.0,4.3,2.6
400899663,SAS,996,30.0,15.0,9.2
400899663,SAS,1015,29.0,6.8,6.3
400899663,SAS,2772,18.0,4.5,3.8
400899663,SAS,2983,37.0,19.6,16.4
400899663,SAS,3988,30.0,12.0,11.1
400899663,SAS,4004,19.0,8.6,8.5
400899663,SAS,6426,11.0,8.5,7.8
400899663,SAS,6450,37.0,26.5,24.7
400899663,SAS,2579466,14.0,1.2,1.4
400899664,ORL,3209,23.0,0.3,-1.2
400899664,ORL,3277,14.0,2.5,-0.1
400899664,ORL,3415,20.0,5.7,6.3
400899664,ORL,3439,32.0,0.4,-1.1
400899664,ORL,6427,22.0,1.4,-1.0
400899664,ORL,6478,29.0,21.8,17.6
400899664,ORL,6588,35.0,18.7,15.9
400899664,ORL,2309097,8.0,-0.1,-1.4
400899664,ORL,2583639,31.0,6.8,5.7
400899664,ORL,2995706,4.0,-0.1,-0.1
400899664,ORL,3064290,20.0,1.0,0.9
400899664,PHX,2166,16.0,2.9,2.7
400899664,PHX,3033,27.0,6.7,4.7
400899664,PHX,3201,26.0,4.7,4.7
400899664,PHX,4238,32.0,10.8,6.8
400899664,PHX,6448,25.0,5.3,6.1
400899664,PHX,2596107,35.0,14.8,11.8
400899664,PHX,3136193,34.0,7.3,5.3
400899664,PHX,3136194,16.0,-0.7,-1.3
400899664,PHX,3907487,17.0,10.2,8.7
400899664,PHX,4011991,13.0,2.1,0.3
400899665,CLE,1006,25.0,7.8,7.2
400899665,CLE,1135,4.0,1.3,0.3
400899665,CLE,1966,38.0,32.8,27.1
400899665,CLE,2009,4.0,0.3,0.0
400899665,CLE,2444,27.0,5.9,6.8
400899665,CLE,2754,14.0,13.7,12.1
400899665,CLE,3449,32.0,36.8,34.7
400899665,CLE,6442,33.0,14.3,13.5
400899665,CLE,6453,4.0,-0.1,-0.4
400899665,CLE,6468,17.0,3.4,5.1
400899665,CLE,6474,27.0,5.6,4.5
400899665,CLE,2531797,15.0,-2.4,-3.2
400899665,POR,4239,33.0,12.0,10.8
400899665,POR,4259,18.0,1.1,1.7
400899665,POR,6591,34.0,12.0,9.1
400899665,POR,6605,8.0,3.2,2.7
400899665,POR,6606,38.0,36.7,36.2
400899665,POR,2488653,23.0,18.8,18.7
400899665,POR,2490149,33.0,7.5,7.0
400899665,POR,2530780,4.0,3.7,3.7
400899665,POR,2531210,24.0,1.5,0.3
400899665,POR,2578239,4.0,6.4,6.1
400899665,POR,2982268,4.0,0.2,-0.7
400899665,POR,3078284,14.0,-0.9,-1.7
400899665,POR,4064730,4.0,4.1,2.7
400899666,ATL,2384,33.0,24.6,21.8
400899666,ATL,3015,36.0,19.3,11.9
400899666,ATL,3028,33.0,0.6,-1.7
400899666,ATL,6637,26.0,1.9,-3.2
400899666,ATL,2282205,22.0,10.1,9.7
400899666,ATL,2490089,26.0,11.0,10.8
400899666,ATL,2528210,22.0,-2.5,-3.1
400899666,ATL,2990962,16.0,7.1,5.7
400899666,ATL,3032979,25.0,0.8,0.6
400899666,IND,2389,13.0,-0.2,0.3
400899666,IND,2751,34.0,10.8,9.7
400899666,IND,3192,6.0,0.3,0.7
400899666,IND,3235,17.0,-6.5,-5.6
400899666,IND,3244,41.0,19.7,17.6
400899666,IND,4015,39.0,13.1,6.8
400899666,IND,4251,38.0,8.5,4.8
400899666,IND,6424,7.0,0.9,0.0
400899666,IND,2991039,10.0,-0.5,-1.7
400899666,IND,3133628,35.0,9.7,3.7
400899667,BKN,1781,12.0,-1.4,-3.0
400899667,BKN,3003,12.0,-0.1,-0.3
400899667,BKN,3448,28.0,9.4,6.5
400899667,BKN,3593,28.0,9.8,7.4
400899667,BKN,4270,33.0,19.2,14.3
400899667,BKN,6590,19.0,0.9,0.2
400899667,BKN,2488689,32.0,14.9,12.6
400899667,BKN,2528794,25.0,5.8,5.7
400899667,BKN,2991018,8.0,-1.8,-2.1
400899667,BKN,2991473,2.0,0.0,-0.3
400899667,BKN,3064291,15.0,3.3,2.5
400899667,BKN,3136477,24.0,0.4,-0.7
400899667,BKN,3153165,2.0,-0.4,-0.7
400899667,BOS,2769,19.0,3.4,2.1
400899667,BOS,3213,30.0,18.5,15.7
400899667,BOS,3998,17.0,8.7,8.5
400899667,BOS,4240,34.0,15.2,9.6
400899667,BOS,6472,32.0,13.6,13.0
400899667,BOS,6581,22.0,11.1,10.7
400899667,BOS,6631,8.0,3.6,1.7
400899667,BOS,2489663,19.0,6.0,5.3
400899667,BOS,2990992,31.0,7.5,3.8
400899667,BOS,3064509,2.0,0.0,0.0
400899667,BOS,3074752,23.0,7.5,4.8
400899667,BOS,3917376,4.0,-1.8,-2.0
400899668,DET,2448,30.0,10.7,9.8
400899668,DET,4305,18.0,3.7,4.0
400899668,DET,4376,3.0,-1.4,-1.4
400899668,DET,6440,33.0,11.1,10.0
400899668,DET,6452,27.0,8.2,7.8
400899668,DET,6462,26.0,6.2,5.0
400899668,DET,6585,26.0,25.2,15.6
400899668,DET,2528779,3.0,-1.4,-1.4
400899668,DET,2578259,5.0,-0.7,-0.3
400899668,DET,2581018,29.0,18.6,16.8
400899668,DET,2968439,18.0,1.9,0.4
400899668,DET,3134881,20.0,9.0,7.8
400899668,MIA,2184,7.0,-1.5,-1.5
400899668,MIA,3220,16.0,3.4,0.3
400899668,MIA,3423,22.0,0.7,1.2
400899668,MIA,3999,35.0,14.0,11.0
400899668,MIA,4250,18.0,-0.3,1.0
400899668,MIA,4262,25.0,3.3,0.3
400899668,MIA,6480,12.0,2.5,2.6
400899668,MIA,6628,21.0,4.7,5.3
400899668,MIA,2488826,31.0,9.0,9.5
400899668,MIA,2530276,32.0,15.3,13.0
400899668,MIA,2581190,20.0,0.6,1.0
400899669,HOU,1713,6.0,1.3,1.0
400899669,HOU,2426,31.0,7.8,8.4
400899669,HOU,3191,10.0,4.9,3.7
400899669,HOU,3412,29.0,5.8,5.7
400899669,HOU,3431,28.0,0.1,-1.1
400899669,HOU,3964,35.0,9.8,9.0
400899669,HOU,3992,41.0,24.1,21.2
400899669,HOU,2991055,12.0,2.8,3.1
400899669,HOU,2991184,17.0,3.2,2.0
400899669,HOU,3102529,31.0,15.3,11.6
400899669,TOR,3012,36.0,12.3,12.5
400899669,TOR,3970,27.0,20.6,14.6
400899669,TOR,3978,36.0,21.7,19.2
400899669,TOR,4264,27.0,8.7,4.7
400899669,TOR,6446,25.0,15.1,13.1
400899669,TOR,6477,31.0,13.1,9.9
400899669,TOR,6619,20.0,11.7,9.4
400899669,TOR,3032980,17.0,0.8,0.7
400899669,TOR,3149673,21.0,0.9,1.0
400899670,DAL,609,20.0,4.9,3.9
400899670,DAL,2747,25.0,9.8,7.4
400899670,DAL,4032,30.0,10.9,9.8
400899670,DAL,6578,30.0,14.9,13.1
400899670,DAL,2234666,26.0,4.2,4.6
400899670,DAL,2326307,29.0,3.5,3.0
400899670,DAL,2531367,14.0,5.2,4.7
400899670,DAL,2578185,25.0,8.3,7.1
400899670,DAL,2968458,5.0,2.5,2.0
400899670,DAL,2982340,16.0,7.0,6.7
400899670,DAL,2991178,3.0,1.4,1.4
400899670,DAL,3929314,15.0,4.2,3.4
400899670,LAC,165,28.0,11.2,10.0
400899670,LAC,2745,7.0,2.0,2.0
400899670,LAC,2753,22.0,4.3,3.8
400899670,LAC,2779,26.0,21.1,16.9
400899670,LAC,3024,22.0,3.2,3.0
400899670,LAC,3442,26.0,14.9,11.6
400899670,LAC,3451,20.0,3.5,2.7
400899670,LAC,3460,22.0,18.3,15.5
400899670,LAC,3989,26.0,9.3,6.3
400899670,LAC,4247,15.0,3.5,2.7
400899670,LAC,6617,26.0,18.7,17.4
400899671,DEN,2439,18.0,-2.5,-2.4
400899671,DEN,3194,25.0,8.6,6.6
400899671,DEN,3413,16.0,3.9,4.3
400899671,DEN,4232,12.0,2.6,2.4
400899671,DEN,6433,22.0,8.7,7.8
400899671,DEN,6579,17.0,-3.5,-4.7
400899671,DEN,3102530,15.0,-3.7,-4.0
400899671,DEN,3112335,23.0,10.5,10.9
400899671,DEN,3892818,18.0,-2.9,-2.9
400899671,DEN,3907822,12.0,2.7,2.2
400899671,DEN,3936299,35.0,12.9,12.4
400899671,DEN,4017839,28.0,9.9,4.4
400899671,UTA,1007,23.0,-1.2,-0.4
400899671,UTA,2167,23.0,10.3,9.4
400899671,UTA,3438,29.0,18.1,15.8
400899671,UTA,4249,36.0,19.6,17.2
400899671,UTA,6454,12.0,-1.6,-1.4
400899671,UTA,2333797,16.0,2.3,1.3
400899671,UTA,2581177,29.0,7.6,7.0
400899671,UTA,2968361,2.0,0.7,0.7
400899671,UTA,2968436,13.0,1.6,1.6
400899671,UTA,2983551,2.0,1.3,1.0
400899671,UTA,3032976,32.0,17.1,13.2
400899671,UTA,3102528,8.0,-1.7,-1.7
400899671,UTA,3136196,15.0,2.9,3.1
400899672,MIN,3457,8.0,-1.1,-0.7
400899672,MIN,4011,22.0,3.4,1.8
400899672,MIN,4267,14.0,3.9,2.7
400899672,MIN,4269,20.0,6.6,4.3
400899672,MIN,2531100,10.0,2.5,2.4
400899672,MIN,2534781,24.0,12.8,11.9
400899672,MIN,2991139,26.0,8.1,3.4
400899672,MIN,2993875,17.0,8.6,7.3
400899672,MIN,3059319,31.0,-1.3,-1.9
400899672,MIN,3064440,37.0,14.4,13.9
400899672,MIN,3135046,3.0,2.1,2.1
400899672,MIN,3136195,27.0,7.7,4.1
400899672,NOP,3414,28.0,6.6,4.6
400899672,NOP,3974,12.0,1.5,0.0
400899672,NOP,3995,22.0,5.8,5.4
400899672,NOP,6460,25.0,11.1,8.5
400899672,NOP,6583,39.0,36.3,31.3
400899672,NOP,6597,24.0,15.9,12.8
400899672,NOP,2488945,33.0,9.7,9.7
400899672,NOP,2488958,18.0,2.6,0.0
400899672,NOP,2530572,25.0,8.8,7.1
400899672,NOP,2531362,3.0,5.0,5.4
400899672,NOP,2990984,13.0,-5.6,-5.2
400899673,GSW,2016,18.0,8.8,6.1
400899673,GSW,2177,15.0,5.5,3.4
400899673,GSW,2386,21.0,2.6,2.4
400899673,GSW,2393,17.0,6.4,5.8
400899673,GSW,2419,9.0,7.7,7.5
400899673,GSW,3202,30.0,26.7,24.7
400899673,GSW,3452,10.0,4.7,3.6
400899673,GSW,3975,29.0,30.2,28.1
400899673,GSW,6475,24.0,19.2,20.2
400899673,GSW,6589,28.0,12.1,8.4
400899673,GSW,2489785,18.0,17.4,17.1
400899673,GSW,3137730,15.0,0.6,0.3
400899673,GSW,3155535,7.0,5.9,5.1
400899673,LAL,25,14.0,4.5,5.4
400899673,LAL,2429,26.0,6.8,5.7
400899673,LAL,2799,22.0,9.9,9.3
400899673,LAL,2806,20.0,7.1,6.9
400899673,LAL,3243,19.0,4.2,4.3
400899673,LAL,4298,17.0,8.4,9.5
400899673,LAL,6618,12.0,-3.0,-3.1
400899673,LAL,2528393,15.0,4.4,3.8
400899673,LAL,2528426,29.0,9.1,8.3
400899673,LAL,2580365,18.0,3.9,2.7
400899673,LAL,2968363,12.0,5.4,4.1
400899673,LAL,3913176,34.0,8.6,7.7
400899674,OKC,3468,35.0,28.6,24.0
400899674,OKC,3474,19.0,2.8,3.2
400899674,OKC,6447,21.0,8.7,7.0
400899674,OKC,6469,1.0,0.3,0.0
400899674,OKC,2527963,36.0,12.3,9.3
400899674,OKC,2530596,35.0,9.7,7.7
400899674,OKC,2959753,6.0,0.7,0.7
400899674,OKC,2983526,8.0,-0.5,0.7
400899674,OKC,2991070,32.0,5.0,3.2
400899674,OKC,2991235,28.0,8.7,7.3
400899674,OKC,2995702,4.0,-2.4,-2.4
400899674,OKC,3155942,15.0,4.0,3.8
400899674,SAC,1765,29.0,1.9,1.1
400899674,SAC,3005,34.0,12.0,11.1
400899674,SAC,3187,30.0,7.0,7.1
400899674,SAC,3444,17.0,9.7,8.5
400899674,SAC,3973,31.0,15.6,15.6
400899674,SAC,4000,21.0,8.6,7.9
400899674,SAC,4023,27.0,6.0,5.0
400899674,SAC,4258,35.0,24.5,22.4
400899674,SAC,2578213,17.0,3.0,3.6
400899675,BOS,2769,17.0,-3.4,-3.8
400899675,BOS,3213,35.0,9.8,6.5
400899675,BOS,3998,11.0,6.3,5.4
400899675,BOS,4240,38.0,14.8,13.5
400899675,BOS,6472,36.0,15.6,16.1
400899675,BOS,6581,28.0,15.2,14.9
400899675,BOS,6631,2.0,0.0,0.0
400899675,BOS,2489663,20.0,10.8,7.8
400899675,BOS,2990992,27.0,12.1,12.0
400899675,BOS,3074752,20.0,2.8,1.0
400899675,BOS,3917376,6.0,0.1,-0.1
400899675,SAS,272,22.0,-2.0,-1.5
400899675,SAS,996,17.0,-1.3,-3.1
400899675,SAS,1015,24.0,4.9,4.1
400899675,SAS,2772,18.0,16.6,15.1
400899675,SAS,2983,32.0,8.2,7.3
400899675,SAS,3988,32.0,13.6,9.8
400899675,SAS,4004,24.0,13.0,12.5
400899675,SAS,6426,23.0,13.4,11.8
400899675,SAS,6450,35.0,21.2,17.8
400899675,SAS,2579466,13.0,3.0,2.4
400899676,ORL,3209,25.0,0.8,-0.1
400899676,ORL,3415,26.0,2.5,3.7
400899676,ORL,3439,31.0,18.3,13.9
400899676,ORL,6427,30.0,2.6,0.8
400899676,ORL,6478,35.0,18.6,9.9
400899676,ORL,6588,32.0,7.1,7.7
400899676,ORL,2583639,26.0,10.8,11.5
400899676,ORL,2995706,9.0,-1.1,-1.0
400899676,ORL,3064290,25.0,4.4,3.6
400899676,WAS,2758,34.0,10.8,9.2
400899676,WAS,3232,13.0,3.7,2.7
400899676,WAS,4017,8.0,1.6,0.6
400899676,WAS,4237,39.0,24.3,20.0
400899676,WAS,6461,32.0,8.4,5.0
400899676,WAS,6580,38.0,9.7,8.5
400899676,WAS,6614,16.0,3.9,3.0
400899676,WAS,6621,12.0,-1.9,-3.1
400899676,WAS,2594922,34.0,14.4,14.5
400899676,WAS,3133603,15.0,-0.2,-0.7
400899677,CLE,1006,9.0,4.6,4.0
400899677,CLE,1135,19.0,3.5,4.2
400899677,CLE,1708,14.0,4.0,4.0
400899677,CLE,1966,29.0,18.1,16.0
400899677,CLE,2009,6.0,8.1,8.1
400899677,CLE,2444,26.0,-2.5,-4.9
400899677,CLE,3449,28.0,28.2,22.9
400899677,CLE,6442,28.0,19.6,18.6
400899677,CLE,6453,13.0,3.5,2.7
400899677,CLE,6468,11.0,4.9,3.7
400899677,CLE,6474,29.0,15.2,12.2
400899677,CLE,2531797,14.0,3.1,3.3
400899677,CLE,3062892,14.0,4.0,3.4
400899677,DAL,609,27.0,7.3,7.0
400899677,DAL,2747,22.0,4.6,2.8
400899677,DAL,2798,15.0,2.9,3.1
400899677,DAL,4032,29.0,0.9,-0.7
400899677,DAL,6578,30.0,8.0,7.4
400899677,DAL,2234666,14.0,7.4,7.1
400899677,DAL,2326307,26.0,5.0,5.0
400899677,DAL,2531367,12.0,9.1,8.5
400899677,DAL,2578185,22.0,2.8,3.6
400899677,DAL,2968458,6.0,1.7,0.0
400899677,DAL,2982340,14.0,8.2,7.7
400899677,DAL,2991178,6.0,-1.2,-1.5
400899677,DAL,3929314,16.0,5.6,4.5
400899678,CHA,2797,17.0,7.0,6.4
400899678,CHA,3190,33.0,16.8,15.9
400899678,CHA,3231,25.0,6.1,5.0
400899678,CHA,3416,45.0,15.4,12.0
400899678,CHA,3436,21.0,3.8,2.0
400899678,CHA,6479,32.0,11.6,7.6
400899678,CHA,6601,29.0,5.2,4.7
400899678,CHA,2579258,23.0,11.4,11.4
400899678,CHA,2579294,40.0,7.3,5.6
400899678,NYK,1975,41.0,30.8,25.3
400899678,NYK,2421,4.0,0.0,0.0
400899678,NYK,3224,18.0,8.5,7.2
400899678,NYK,3445,38.0,9.2,7.7
400899678,NYK,3456,38.0,12.4,10.8
400899678,NYK,3997,16.0,1.2,0.7
400899678,NYK,6615,17.0,8.3,6.8
400899678,NYK,2284101,16.0,7.0,6.1
400899678,NYK,2999409,20.0,4.1,2.5
400899678,NYK,3102531,34.0,10.3,7.0
400899678,NYK,3138120,24.0,1.0,-0.1
400899679,CHI,1987,29.0,22.2,18.1
400899679,CHI,3026,26.0,12.5,8.9
400899679,CHI,3447,23.0,5.6,4.7
400899679,CHI,3986,22.0,9.8,7.4
400899679,CHI,6430,31.0,23.4,21.9
400899679,CHI,6459,25.0,5.2,2.6
400899679,CHI,2490589,26.0,3.3,1.2
400899679,CHI,2531047,7.0,-2.9,-2.4
400899679,CHI,2983727,4.0,0.3,0.0
400899679,CHI,2999549,22.0,0.6,-0.5
400899679,CHI,3064482,19.0,6.2,6.5
400899679,CHI,3113587,7.0,0.2,-0.7
400899679,PHI,2767,26.0,12.5,11.1
400899679,PHI,3025,14.0,-3.2,-3.0
400899679,PHI,3417,26.0,6.2,5.7
400899679,PHI,3993,19.0,-1.0,-0.1
400899679,PHI,6634,21.0,12.8,10.5
400899679,PHI,2490620,20.0,-0.6,-2.1
400899679,PHI,2530530,12.0,-0.4,-1.7
400899679,PHI,2991042,24.0,10.6,7.4
400899679,PHI,2993370,21.0,12.4,9.1
400899679,PHI,3032978,22.0,0.6,-0.7
400899679,PHI,3135048,27.0,5.9,3.9
400899679,PHI,3893019,10.0,4.8,4.3
400899680,DET,2448,14.0,1.2,0.6
400899680,DET,4305,34.0,15.4,14.2
400899680,DET,6440,29.0,12.3,12.2
400899680,DET,6452,33.0,10.3,7.8
400899680,DET,6462,22.0,8.4,9.1
400899680,DET,6585,26.0,15.4,12.2
400899680,DET,2566747,6.0,0.3,0.0
400899680,DET,2578259,19.0,6.6,5.8
400899680,DET,2581018,35.0,15.8,15.3
400899680,DET,2968439,21.0,-0.1,0.3
400899680,LAC,165,27.0,10.7,9.6
400899680,LAC,2753,14.0,4.0,4.1
400899680,LAC,2779,33.0,7.6,7.3
400899680,LAC,3024,33.0,16.0,15.5
400899680,LAC,3442,33.0,14.2,10.2
400899680,LAC,3451,21.0,1.5,2.0
400899680,LAC,3460,14.0,-2.4,-2.2
400899680,LAC,3989,36.0,20.4,18.4
400899680,LAC,4247,12.0,4.3,2.7
400899680,LAC,6617,17.0,-0.8,-1.7
400899681,ATL,2011,26.0,4.1,0.9
400899681,ATL,2384,27.0,-1.5,-2.1
400899681,ATL,2433,7.0,0.3,0.0
400899681,ATL,3015,28.0,6.7,4.6
400899681,ATL,3028,23.0,12.0,10.8
400899681,ATL,6637,20.0,-0.9,-2.6
400899681,ATL,2282205,13.0,-2.8,-3.8
400899681,ATL,2488651,7.0,4.0,2.4
400899681,ATL,2490089,17.0,-0.9,-2.5
400899681,ATL,2528210,18.0,-2.9,-2.4
400899681,ATL,2990962,19.0,7.1,7.1
400899681,ATL,3032979,28.0,6.3,4.5
400899681,ATL,3062667,7.0,-0.3,-0.3
400899681,UTA,1007,24.0,2.9,0.3
400899681,UTA,2167,19.0,-0.2,0.0
400899681,UTA,3438,28.0,20.2,17.1
400899681,UTA,4249,31.0,20.2,16.1
400899681,UTA,6454,18.0,4.3,1.1
400899681,UTA,2333797,15.0,-0.3,-1.1
400899681,UTA,2581177,28.0,3.8,3.3
400899681,UTA,2968361,3.0,1.7,1.7
400899681,UTA,2968436,10.0,2.3,2.7
400899681,UTA,2983551,2.0,0.6,0.0
400899681,UTA,3032976,29.0,14.0,8.7
400899681,UTA,3102528,5.0,0.6,-0.7
400899681,UTA,3136196,27.0,6.6,4.8
400899682,MIL,841,23.0,0.9,0.3
400899682,MIL,3418,16.0,-0.2,-2.1
400899682,MIL,4260,19.0,7.1,6.5
400899682,MIL,4385,13.0,4.0,4.0
400899682,MIL,6616,20.0,6.6,4.4
400899682,MIL,2489716,29.0,11.0,10.2
400899682,MIL,2528353,33.0,10.1,10.0
400899682,MIL,2566769,19.0,6.4,6.4
400899682,MIL,3032977,35.0,26.4,25.2
400899682,MIL,3056600,33.0,4.6,4.9
400899682,TOR,3012,37.0,17.0,14.2
400899682,TOR,3970,26.0,9.9,10.0
400899682,TOR,3978,35.0,20.1,18.7
400899682,TOR,4264,25.0,9.7,10.1
400899682,TOR,6446,27.0,5.2,4.7
400899682,TOR,6477,31.0,7.8,7.8
400899682,TOR,6619,20.0,5.3,4.7
400899682,TOR,3032980,16.0,-0.2,-1.7
400899682,TOR,3149673,23.0,5.5,4.0
400899683,MEM,136,16.0,3.6,2.6
400899683,MEM,2367,24.0,0.7,-1.0
400899683,MEM,3195,23.0,9.9,8.0
400899683,MEM,3206,26.0,7.3,3.9
400899683,MEM,2327577,32.0,10.2,10.5
400899683,MEM,2489530,19.0,-1.2,-1.4
400899683,MEM,3064511,35.0,3.8,2.0
400899683,MEM,3064517,18.0,6.9,3.7
400899683,MEM,3078286,20.0,6.3,3.9
400899683,MEM,3136696,13.0,1.6,1.6
400899683,MEM,3937101,15.0,5.4,3.8
400899683,MIA,2184,9.0,4.7,4.1
400899683,MIA,3220,12.0,4.4,3.3
400899683,MIA,3999,31.0,8.3,7.0
400899683,MIA,4250,20.0,4.3,3.7
400899683,MIA,4262,27.0,2.9,1.5
400899683,MIA,6480,14.0,-1.2,-2.8
400899683,MIA,6628,35.0,11.9,8.4
400899683,MIA,2488826,32.0,4.4,3.7
400899683,MIA,2530276,33.0,16.3,13.2
400899683,MIA,2581190,27.0,11.6,10.1
400899684,BKN,1781,11.0,1.2,0.6
400899684,BKN,3003,18.0,8.7,7.4
400899684,BKN,3448,24.0,13.2,12.8
400899684,BKN,3593,26.0,2.8,1.9
400899684,BKN,4270,28.0,12.6,7.2
400899684,BKN,6590,17.0,-0.9,-1.0
400899684,BKN,2488689,27.0,13.9,14.1
400899684,BKN,2528794,24.0,-4.1,-3.1
400899684,BKN,2991018,21.0,1.9,1.1
400899684,BKN,2991473,10.0,7.3,6.7
400899684,BKN,3136477,29.0,6.0,2.8
400899684,BKN,3153165,7.0,6.7,6.1
400899684,IND,2389,19.0,9.2,9.8
400899684,IND,2751,26.0,15.0,14.3
400899684,IND,3192,21.0,1.9,0.0
400899684,IND,3235,25.0,14.5,12.1
400899684,IND,3244,24.0,8.3,7.4
400899684,IND,4015,24.0,12.7,7.3
400899684,IND,6424,24.0,2.7,2.4
400899684,IND,2528386,9.0,3.4,3.1
400899684,IND,2990969,6.0,2.6,1.6
400899684,IND,2991039,40.0,16.9,15.3
400899684,IND,3133628,23.0,15.2,10.8
400899685,DEN,2439,41.0,20.1,20.1
400899685,DEN,3194,37.0,24.9,23.0
400899685,DEN,3413,20.0,-0.3,-0.7
400899685,DEN,4232,27.0,8.7,4.2
400899685,DEN,6433,24.0,12.7,9.6
400899685,DEN,3102530,22.0,9.9,6.8
400899685,DEN,3112335,29.0,6.2,5.9
400899685,DEN,3892818,30.0,16.0,14.4
400899685,DEN,3936299,34.0,11.0,8.7
400899685,OKC,3468,41.0,30.4,26.9
400899685,OKC,3474,22.0,6.7,6.0
400899685,OKC,6447,19.0,9.6,8.1
400899685,OKC,2527963,42.0,24.2,21.7
400899685,OKC,2530596,35.0,6.5,6.4
400899685,OKC,2959753,18.0,14.3,12.5
400899685,OKC,2991070,29.0,1.4,0.4
400899685,OKC,2991235,30.0,5.8,3.3
400899685,OKC,3155942,28.0,11.2,9.5
400899686,MIN,3457,5.0,1.7,0.7
400899686,MIN,4011,25.0,9.2,5.5
400899686,MIN,4267,11.0,4.8,4.4
400899686,MIN,4269,13.0,3.1,0.6
400899686,MIN,2534781,37.0,12.5,7.8
400899686,MIN,2991139,11.0,-0.5,-0.4
400899686,MIN,2993875,7.0,-0.9,-1.4
400899686,MIN,3059319,41.0,13.8,13.5
400899686,MIN,3064440,36.0,4.6,5.0
400899686,MIN,3135046,19.0,7.7,5.1
400899686,MIN,3136195,35.0,15.4,12.4
400899686,PHX,984,11.0,5.8,6.2
400899686,PHX,2166,12.0,-1.2,-2.8
400899686,PHX,3033,28.0,1.7,0.9
400899686,PHX,3201,20.0,2.7,1.7
400899686,PHX,4238,34.0,18.9,16.3
400899686,PHX,6448,28.0,11.1,10.0
400899686,PHX,2596107,29.0,0.9,-2.6
400899686,PHX,3136193,33.0,5.1,3.0
400899686,PHX,3136194,14.0,-0.1,-1.4
400899686,PHX,3907487,23.0,5.6,3.9
400899686,PHX,4011991,7.0,0.5,0.2
400899687,NOP,3414,18.0,5.8,5.4
400899687,NOP,3995,29.0,7.3,7.0
400899687,NOP,6460,23.0,9.4,10.7
400899687,NOP,6583,43.0,28.9,21.9
400899687,NOP,6597,30.0,6.5,5.6
400899687,NOP,2488945,32.0,3.8,4.3
400899687,NOP,2488958,27.0,6.3,3.4
400899687,NOP,2530572,18.0,3.0,1.0
400899687,NOP,2531362,9.0,-0.4,-0.7
400899687,NOP,2990984,12.0,4.6,4.0
400899687,POR,4239,25.0,4.9,4.0
400899687,POR,4259,28.0,9.1,7.8
400899687,POR,6591,29.0,14.1,12.5
400899687,POR,6605,22.0,12.3,10.8
400899687,POR,6606,36.0,24.7,23.6
400899687,POR,2488653,33.0,15.4,11.9
400899687,POR,2490149,36.0,17.6,15.4
400899687,POR,2531210,18.0,-2.6,-2.4
400899687,POR,2578239,1.0,0.0,0.0
400899687,POR,2982268,5.0,2.7,1.7
400899687,POR,3078284,5.0,0.6,-0.7
400899687,POR,4064730,1.0,0.3,0.0
400899688,GSW,2016,21.0,1.4,-1.3
400899688,GSW,2177,11.0,2.2,2.5
400899688,GSW,2386,24.0,7.7,5.5
400899688,GSW,2393,15.0,-0.5,-0.7
400899688,GSW,3202,33.0,26.6,24.3
400899688,GSW,3452,6.0,-0.1,-1.0
400899688,GSW,3975,36.0,20.7,17.2
400899688,GSW,6475,33.0,9.2,7.5
400899688,GSW,6589,26.0,14.0,9.1
400899688,GSW,2489785,9.0,2.0,2.0
400899688,GSW,2594818,2.0,2.4,1.7
400899688,GSW,3137730,12.0,1.2,1.7
400899688,GSW,3155535,13.0,7.4,5.1
400899688,LAL,25,3.0,0.7,0.7
400899688,LAL,2429,22.0,2.6,1.7
400899688,LAL,2799,26.0,5.2,3.6
400899688,LAL,2806,28.0,5.0,4.9
400899688,LAL,4298,20.0,5.1,4.6
400899688,LAL,6618,16.0,4.5,1.9
400899688,LAL,2528393,17.0,10.4,9.5
400899688,LAL,2528426,38.0,13.0,7.8
400899688,LAL,2580365,20.0,9.3,8.4
400899688,LAL,2968363,12.0,-1.4,-1.0
400899688,LAL,3913176,39.0,0.4,-4.3
400899689,HOU,1713,15.0,6.5,8.1
400899689,HOU,2426,35.0,16.4,11.8
400899689,HOU,3191,13.0,8.5,8.1
400899689,HOU,3412,29.0,8.6,9.4
400899689,HOU,3431,29.0,7.4,6.6
400899689,HOU,3964,31.0,11.2,9.2
400899689,HOU,3992,40.0,17.1,15.5
400899689,HOU,2991055,3.0,-0.1,-0.1
400899689,HOU,2991184,15.0,5.4,3.1
400899689,HOU,3102529,30.0,13.4,10.7
400899689,SAC,1765,33.0,7.9,7.4
400899689,SAC,3005,37.0,9.1,5.3
400899689,SAC,3187,16.0,4.3,4.1
400899689,SAC,3444,18.0,9.3,8.9
400899689,SAC,3554,28.0,5.8,5.4
400899689,SAC,3973,25.0,8.9,6.4
400899689,SAC,4000,24.0,9.9,10.1
400899689,SAC,4023,24.0,5.8,3.7
400899689,SAC,4258,30.0,21.5,17.3
400899689,SAC,2578213,4.0,-1.0,-1.0
400899690,SAS,996,29.0,8.4,5.5
400899690,SAS,1015,27.0,13.5,13.9
400899690,SAS,2772,20.0,4.0,1.7
400899690,SAS,2983,34.0,17.4,15.7
400899690,SAS,3988,27.0,6.2,4.4
400899690,SAS,4004,19.0,12.0,11.5
400899690,SAS,6426,11.0,0.3,-0.7
400899690,SAS,6450,36.0,13.8,10.9
400899690,SAS,2579466,23.0,15.0,14.3
400899690,SAS,2968338,1.0,0.0,0.0
400899690,SAS,2993874,9.0,2.6,2.3
400899690,SAS,2994526,1.0,0.3,0.0
400899690,SAS,3907497,1.0,-0.8,-0.8
400899690,WAS,2758,33.0,9.4,8.2
400899690,WAS,2774,14.0,-1.3,-2.1
400899690,WAS,3232,16.0,2.2,2.0
400899690,WAS,4017,15.0,3.7,2.1
400899690,WAS,4237,37.0,12.4,11.7
400899690,WAS,6461,18.0,7.1,7.7
400899690,WAS,6580,38.0,21.4,18.2
400899690,WAS,6614,7.0,-2.3,-1.4
400899690,WAS,6621,12.0,0.5,-0.3
400899690,WAS,2579260,9.0,5.0,5.4
400899690,WAS,2594885,1.0,0.0,0.0
400899690,WAS,2594922,38.0,16.1,13.3
400899690,WAS,3133603,3.0,0.2,-0.1
400899691,CHA,3190,20.0,3.2,3.0
400899691,CHA,3211,14.0,1.4,1.3
400899691,CHA,3231,15.0,7.2,7.3
400899691,CHA,3436,14.0,7.0,5.4
400899691,CHA,6479,40.0,20.5,16.8
400899691,CHA,6601,35.0,7.7,5.0
400899691,CHA,6603,36.0,17.6,12.1
400899691,CHA,6641,6.0,-0.7,-0.7
400899691,CHA,2579258,25.0,11.7,9.8
400899691,CHA,2579294,35.0,8.7,8.0
400899691,NYK,1975,34.0,4.7,3.4
400899691,NYK,2421,6.0,-1.1,-1.4
400899691,NYK,3224,12.0,0.5,0.0
400899691,NYK,3445,30.0,10.8,11.8
400899691,NYK,3456,34.0,17.2,14.1
400899691,NYK,3997,25.0,12.1,8.4
400899691,NYK,6615,16.0,4.9,3.8
400899691,NYK,2284101,18.0,4.1,2.7
400899691,NYK,2999409,17.0,6.5,5.9
400899691,NYK,3102531,37.0,17.4,15.8
400899691,NYK,3138120,9.0,-0.1,-0.7
400899692,DET,2448,17.0,7.5,7.2
400899692,DET,4305,31.0,9.3,9.8
400899692,DET,6440,39.0,13.9,10.9
400899692,DET,6452,22.0,3.8,3.7
400899692,DET,6462,35.0,0.8,0.8
400899692,DET,6585,36.0,11.8,7.8
400899692,DET,2578259,12.0,-0.2,0.3
400899692,DET,2581018,34.0,2.3,1.5
400899692,DET,2968439,12.0,5.8,5.7
400899692,DET,3134881,2.0,0.2,0.0
400899692,OKC,3468,37.0,15.9,12.0
400899692,OKC,3474,26.0,16.4,16.5
400899692,OKC,6447,18.0,6.4,6.0
400899692,OKC,2527963,33.0,16.0,14.3
400899692,OKC,2530596,30.0,3.7,3.4
400899692,OKC,2959753,12.0,4.3,3.4
400899692,OKC,2983526,4.0,-0.7,-0.7
400899692,OKC,2991070,26.0,5.2,4.7
400899692,OKC,2991235,29.0,13.8,11.4
400899692,OKC,2995702,1.0,0.0,0.0
400899692,OKC,3155942,24.0,1.6,2.0
400899693,MEM,136,16.0,4.8,4.0
400899693,MEM,2367,34.0,10.2,7.3
400899693,MEM,3195,34.0,18.4,17.5
400899693,MEM,3206,35.0,25.5,25.4
400899693,MEM,2327577,33.0,12.7,10.4
400899693,MEM,3064511,24.0,4.6,3.5
400899693,MEM,3064517,17.0,2.4,0.7
400899693,MEM,3078286,35.0,11.3,11.6
400899693,MEM,3937101,11.0,3.4,2.4
400899693,MIA,2184,1.0,0.3,0.0
400899693,MIA,3220,13.0,4.6,2.4
400899693,MIA,3999,32.0,6.0,5.7
400899693,MIA,4250,16.0,-2.0,-2.2
400899693,MIA,4262,34.0,13.9,10.7
400899693,MIA,6480,16.0,10.0,9.4
400899693,MIA,6628,36.0,21.8,21.1
400899693,MIA,2488826,34.0,8.3,7.8
400899693,MIA,2530276,29.0,7.3,6.6
400899693,MIA,2581190,29.0,10.2,10.8
400899694,GSW,2016,25.0,7.6,5.4
400899694,GSW,2177,9.0,1.2,0.3
400899694,GSW,2386,23.0,0.2,-1.3
400899694,GSW,2393,23.0,0.1,0.3
400899694,GSW,2419,4.0,1.3,1.0
400899694,GSW,3202,38.0,28.6,22.7
400899694,GSW,3452,11.0,7.4,6.2
400899694,GSW,3975,37.0,26.3,24.8
400899694,GSW,6475,38.0,16.5,14.4
400899694,GSW,3137730,13.0,3.7,2.4
400899694,GSW,3155535,18.0,9.0,6.8
400899694,MIN,3457,5.0,-0.4,0.0
400899694,MIN,4011,29.0,7.8,7.9
400899694,MIN,4267,10.0,0.5,0.7
400899694,MIN,4269,13.0,0.6,-0.7
400899694,MIN,2534781,38.0,14.2,11.5
400899694,MIN,2991139,10.0,2.2,1.0
400899694,MIN,2993875,9.0,2.2,2.3
400899694,MIN,3059319,39.0,8.1,6.6
400899694,MIN,3064440,39.0,17.8,17.5
400899694,MIN,3135046,13.0,6.4,4.8
400899694,MIN,3136195,35.0,15.2,11.7
400899695,CLE,1006,28.0,1.3,0.3
400899695,CLE,1708,9.0,-1.5,-1.1
400899695,CLE,1966,42.0,24.4,21.0
400899695,CLE,2009,11.0,5.6,5.4
400899695,CLE,2444,39.0,-5.2,-6.3
400899695,CLE,3449,28.0,22.5,20.1
400899695,CLE,6442,41.0,27.7,26.8
400899695,CLE,6453,7.0,-0.4,-1.0
400899695,CLE,6474,36.0,12.0,10.1
400899695,PHI,2767,28.0,7.1,7.1
400899695,PHI,3025,28.0,12.4,10.6
400899695,PHI,3993,32.0,11.1,9.4
400899695,PHI,6634,19.0,2.1,2.7
400899695,PHI,2490620,21.0,5.3,3.6
400899695,PHI,2530530,20.0,3.7,2.1
400899695,PHI,2991042,25.0,9.9,9.8
400899695,PHI,3032978,20.0,4.5,4.1
400899695,PHI,3059318,25.0,17.2,14.4
400899695,PHI,3135048,23.0,9.7,9.2
400899696,DEN,2439,28.0,13.8,15.2
400899696,DEN,3194,39.0,22.9,18.1
400899696,DEN,3413,21.0,3.8,4.3
400899696,DEN,4232,12.0,-1.6,-2.7
400899696,DEN,6433,28.0,12.6,10.7
400899696,DEN,3102530,16.0,5.1,4.8
400899696,DEN,3112335,31.0,14.1,11.8
400899696,DEN,3892818,37.0,13.3,14.0
400899696,DEN,3907822,6.0,0.2,-0.1
400899696,DEN,3936299,22.0,5.0,5.7
400899696,PHX,984,38.0,14.9,10.6
400899696,PHX,2166,8.0,-2.2,-2.1
400899696,PHX,3033,42.0,19.3,17.4
400899696,PHX,4238,40.0,28.1,24.1
400899696,PHX,6448,17.0,0.8,1.3
400899696,PHX,2579326,2.0,-0.7,-0.7
400899696,PHX,2596107,29.0,5.9,3.0
400899696,PHX,3136193,36.0,16.8,16.9
400899696,PHX,3136194,4.0,0.0,0.0
400899696,PHX,3907487,10.0,-1.3,0.0
400899696,PHX,4011991,14.0,-3.1,-3.4
400899697,BKN,1781,12.0,3.1,2.3
400899697,BKN,3003,22.0,3.2,2.6
400899697,BKN,3448,30.0,9.6,8.6
400899697,BKN,3593,28.0,7.8,8.3
400899697,BKN,4270,26.0,8.7,7.2
400899697,BKN,6590,24.0,10.0,7.2
400899697,BKN,2488689,30.0,18.7,15.9
400899697,BKN,2528794,19.0,3.5,4.3
400899697,BKN,2991018,17.0,1.3,1.0
400899697,BKN,3136477,29.0,7.2,6.8
400899697,BKN,3153165,4.0,-0.4,-0.7
400899697,SAC,1765,19.0,8.4,7.6
400899697,SAC,3005,32.0,23.2,20.7
400899697,SAC,3187,21.0,3.5,2.7
400899697,SAC,3444,26.0,1.5,2.4
400899697,SAC,3554,18.0,8.6,7.1
400899697,SAC,3973,30.0,12.2,11.0
400899697,SAC,4000,22.0,11.0,9.5
400899697,SAC,4023,27.0,3.1,-0.4
400899697,SAC,4258,36.0,33.0,26.4
400899697,SAC,2578213,7.0,3.3,2.0
400899697,SAC,2991282,3.0,-0.4,-0.7
400899698,MIL,841,14.0,-0.8,-1.4
400899698,MIL,3418,17.0,10.0,8.5
400899698,MIL,4260,17.0,11.8,10.1
400899698,MIL,4385,15.0,4.5,4.7
400899698,MIL,6592,29.0,20.0,15.4
400899698,MIL,6616,3.0,-0.4,0.0
400899698,MIL,2489716,31.0,5.2,4.7
400899698,MIL,2528353,35.0,5.9,2.9
400899698,MIL,2566769,20.0,9.9,9.8
400899698,MIL,3032977,31.0,14.1,10.2
400899698,MIL,3056600,29.0,7.1,5.7
400899698,ORL,3277,21.0,-3.3,-4.2
400899698,ORL,3415,25.0,12.2,11.6
400899698,ORL,3439,33.0,13.4,11.0
400899698,ORL,6427,33.0,3.7,1.2
400899698,ORL,6478,30.0,16.5,13.5
400899698,ORL,6588,38.0,23.2,21.6
400899698,ORL,2583639,29.0,11.5,10.8
400899698,ORL,3064290,32.0,-1.7,-3.5
400899699,IND,2389,21.0,11.1,10.8
400899699,IND,2751,35.0,0.1,-2.2
400899699,IND,3192,16.0,8.8,5.5
400899699,IND,3235,27.0,6.1,4.3
400899699,IND,3244,32.0,5.7,4.4
400899699,IND,4015,24.0,9.9,8.6
400899699,IND,6424,16.0,2.4,1.4
400899699,IND,2528386,2.0,-1.4,-1.0
400899699,IND,2990969,2.0,-0.7,-0.7
400899699,IND,2991039,39.0,14.2,13.2
400899699,IND,3133628,25.0,14.4,12.2
400899699,LAC,165,34.0,5.6,6.0
400899699,LAC,2745,3.0,0.0,0.0
400899699,LAC,2753,18.0,-4.5,-4.2
400899699,LAC,2779,32.0,8.8,5.3
400899699,LAC,3024,22.0,-1.2,-1.8
400899699,LAC,3442,32.0,11.4,5.9
400899699,LAC,3451,12.0,2.6,1.6
400899699,LAC,3460,17.0,-0.7,-3.1
400899699,LAC,3989,34.0,10.5,9.1
400899699,LAC,4247,10.0,-0.9,-0.7
400899699,LAC,6617,25.0,4.9,1.6
400899700,DAL,2747,29.0,10.7,8.5
400899700,DAL,2798,20.0,0.0,1.0
400899700,DAL,4032,39.0,15.2,15.4
400899700,DAL,6578,41.0,14.9,11.6
400899700,DAL,2234666,3.0,-1.7,-1.7
400899700,DAL,2326307,34.0,6.5,6.1
400899700,DAL,2531367,26.0,9.2,4.1
400899700,DAL,2578185,25.0,2.8,2.3
400899700,DAL,2982340,23.0,12.5,10.4
400899700,NOP,3410,4.0,-1.1,-1.4
400899700,NOP,3414,7.0,3.7,3.1
400899700,NOP,3995,31.0,11.3,11.6
400899700,NOP,6460,22.0,-0.5,-1.3
400899700,NOP,6583,40.0,30.3,26.8
400899700,NOP,6597,13.0,-1.7,-3.5
400899700,NOP,2488945,31.0,3.4,1.7
400899700,NOP,2488958,42.0,8.1,5.4
400899700,NOP,2530572,24.0,1.3,1.3
400899700,NOP,2531362,10.0,-1.5,-2.1
400899700,NOP,2990984,16.0,3.0,2.6
400899701,HOU,1713,15.0,4.7,4.4
400899701,HOU,2426,33.0,18.2,16.8
400899701,HOU,3191,15.0,-0.6,-1.7
400899701,HOU,3412,27.0,15.0,12.9
400899701,HOU,3431,30.0,23.0,21.2
400899701,HOU,3964,35.0,0.3,0.6
400899701,HOU,3992,34.0,30.7,28.9
400899701,HOU,2991184,18.0,1.2,-0.7
400899701,HOU,3102529,33.0,19.9,17.9
400899701,POR,4239,23.0,10.0,9.0
400899701,POR,4259,22.0,6.5,7.1
400899701,POR,6591,38.0,14.4,13.1
400899701,POR,6605,10.0,0.9,1.0
400899701,POR,6606,38.0,13.6,12.2
400899701,POR,2488653,33.0,12.3,12.3
400899701,POR,2490149,37.0,23.5,22.2
400899701,POR,2530780,5.0,-0.5,-1.4
400899701,POR,2531210,29.0,3.0,1.3
400899701,POR,2982268,6.0,0.7,0.7
400899702,ATL,2011,32.0,4.0,3.6
400899702,ATL,2384,33.0,14.7,12.1
400899702,ATL,3015,30.0,4.1,3.7
400899702,ATL,3028,20.0,2.5,1.7
400899702,ATL,6637,27.0,16.7,15.8
400899702,ATL,2282205,12.0,3.5,4.1
400899702,ATL,2488651,4.0,0.9,-0.7
400899702,ATL,2490089,25.0,8.8,6.7
400899702,ATL,2528210,13.0,3.6,3.3
400899702,ATL,2990962,8.0,-0.4,0.0
400899702,ATL,3032979,32.0,7.6,5.8
400899702,ATL,3062667,3.0,0.9,-0.1
400899702,LAL,2429,19.0,3.2,1.0
400899702,LAL,2799,27.0,15.4,15.0
400899702,LAL,2806,13.0,10.4,9.9
400899702,LAL,3243,23.0,11.9,11.7
400899702,LAL,4298,20.0,5.2,4.7
400899702,LAL,6618,15.0,5.5,5.0
400899702,LAL,2528393,28.0,9.2,4.4
400899702,LAL,2528426,32.0,15.6,12.7
400899702,LAL,2580365,32.0,9.9,9.3
400899702,LAL,2968363,1.0,-0.3,-0.3
400899702,LAL,3913176,29.0,1.4,0.2
400899703,SAC,1765,27.0,-1.2,-1.8
400899703,SAC,3005,38.0,8.0,6.4
400899703,SAC,3187,21.0,-0.2,-0.1
400899703,SAC,3444,25.0,5.6,4.1
400899703,SAC,3554,16.0,0.9,0.0
400899703,SAC,3973,32.0,8.3,6.1
400899703,SAC,4000,24.0,8.0,5.8
400899703,SAC,4023,28.0,3.3,1.3
400899703,SAC,4258,40.0,21.9,16.4
400899703,SAC,2991282,14.0,7.1,6.0
400899703,WAS,2758,36.0,10.4,7.7
400899703,WAS,3232,22.0,0.9,-0.8
400899703,WAS,4237,43.0,11.3,6.9
400899703,WAS,6461,44.0,-1.5,-1.4
400899703,WAS,6580,41.0,21.2,19.0
400899703,WAS,6614,3.0,1.5,2.0
400899703,WAS,6621,13.0,-1.8,-1.7
400899703,WAS,2579260,11.0,-0.7,-1.4
400899703,WAS,2594922,30.0,15.2,11.4
400899703,WAS,3133603,24.0,15.2,11.9
400899704,PHI,2767,23.0,9.5,8.1
400899704,PHI,3025,28.0,11.1,9.3
400899704,PHI,3993,17.0,-4.6,-4.5
400899704,PHI,6634,11.0,1.6,1.7
400899704,PHI,2490620,32.0,16.2,14.9
400899704,PHI,2530530,20.0,8.2,6.5
400899704,PHI,2991042,29.0,6.9,7.7
400899704,PHI,2993370,23.0,9.4,7.1
400899704,PHI,3032978,24.0,1.6,0.4
400899704,PHI,3135048,25.0,10.6,9.7
400899704,PHI,3893019,9.0,1.6,0.0
400899704,TOR,3012,32.0,24.9,22.7
400899704,TOR,3970,21.0,13.7,10.9
400899704,TOR,3978,31.0,9.8,7.0
400899704,TOR,4264,20.0,8.6,6.4
400899704,TOR,6446,24.0,4.0,3.0
400899704,TOR,6477,22.0,11.5,7.1
400899704,TOR,6619,23.0,18.8,18.2
400899704,TOR,2595516,11.0,5.3,4.4
400899704,TOR,2991230,4.0,-0.7,-0.7
400899704,TOR,3032980,22.0,6.5,4.6
400899704,TOR,3113297,4.0,1.3,0.0
400899704,TOR,3134908,4.0,0.5,0.9
400899704,TOR,3149673,23.0,8.5,7.0
400899705,NYK,1975,34.0,10.7,7.0
400899705,NYK,3224,26.0,6.9,5.1
400899705,NYK,3445,36.0,10.5,8.7
400899705,NYK,3456,38.0,24.7,23.2
400899705,NYK,3997,13.0,0.9,0.0
400899705,NYK,6615,17.0,1.8,1.7
400899705,NYK,2284101,15.0,2.8,1.3
400899705,NYK,2999409,14.0,10.0,8.5
400899705,NYK,3063982,1.0,-0.7,-0.7
400899705,NYK,3102531,39.0,16.6,10.7
400899705,NYK,3138120,7.0,4.4,4.4
400899705,OKC,3468,36.0,25.2,20.8
400899705,OKC,3474,20.0,11.4,11.4
400899705,OKC,6447,28.0,24.0,22.3
400899705,OKC,2527963,31.0,6.8,4.7
400899705,OKC,2530596,31.0,8.8,7.4
400899705,OKC,2959753,20.0,1.6,1.3
400899705,OKC,2983526,12.0,1.7,1.4
400899705,OKC,2991070,14.0,-0.9,-1.5
400899705,OKC,2991235,32.0,11.9,10.9
400899705,OKC,3155942,16.0,-0.6,0.3
400899706,BOS,2769,13.0,4.6,4.4
400899706,BOS,3998,21.0,7.3,6.8
400899706,BOS,4240,39.0,11.6,11.4
400899706,BOS,6472,35.0,17.3,16.3
400899706,BOS,6581,32.0,15.8,13.8
400899706,BOS,6631,25.0,9.5,9.2
400899706,BOS,2489663,20.0,12.5,10.9
400899706,BOS,2990992,33.0,5.4,5.8
400899706,BOS,3074752,13.0,3.6,2.7
400899706,BOS,3917376,9.0,-0.8,0.0
400899706,MIA,3220,7.0,2.0,2.1
400899706,MIA,3423,38.0,30.8,30.2
400899706,MIA,3981,27.0,5.1,5.7
400899706,MIA,3999,21.0,-2.2,-2.5
400899706,MIA,4250,23.0,2.2,0.6
400899706,MIA,4262,37.0,23.4,19.4
400899706,MIA,6480,21.0,3.5,2.7
400899706,MIA,2488826,38.0,3.4,3.1
400899706,MIA,2581190,29.0,7.3,6.6
400899707,CHA,3190,21.0,2.4,1.9
400899707,CHA,3211,27.0,5.3,5.5
400899707,CHA,3231,12.0,3.6,2.0
400899707,CHA,3416,23.0,3.9,3.7
400899707,CHA,3436,17.0,3.3,3.3
400899707,CHA,6479,34.0,12.0,11.1
400899707,CHA,6601,20.0,13.2,10.4
400899707,CHA,6603,23.0,20.1,16.7
400899707,CHA,6641,4.0,-1.4,-1.4
400899707,CHA,2579258,21.0,3.0,2.0
400899707,CHA,2579294,31.0,9.5,7.7
400899707,CHA,2595231,4.0,4.0,4.4
400899707,CHA,3064510,4.0,0.6,0.6
400899707,MEM,136,20.0,2.6,-0.2
400899707,MEM,2367,21.0,7.3,4.4
400899707,MEM,3195,20.0,13.7,12.2
400899707,MEM,3206,32.0,14.8,12.1
400899707,MEM,2327577,28.0,0.9,1.7
400899707,MEM,2489530,14.0,-0.8,-1.4
400899707,MEM,3064511,24.0,-1.3,-0.4
400899707,MEM,3064517,20.0,5.3,3.5
400899707,MEM,3078286,31.0,5.8,3.6
400899707,MEM,3136696,15.0,4.8,4.7
400899707,MEM,3937101,14.0,2.5,2.4
400899708,MIN,4011,25.0,11.2,10.2
400899708,MIN,4267,4.0,1.0,1.4
400899708,MIN,4269,26.0,6.5,4.0
400899708,MIN,2534781,32.0,13.1,11.2
400899708,MIN,2991139,9.0,-1.1,-1.7
400899708,MIN,2993875,17.0,7.3,7.0
400899708,MIN,3059319,34.0,3.2,5.0
400899708,MIN,3064440,44.0,23.9,21.6
400899708,MIN,3135046,14.0,1.2,1.1
400899708,MIN,3136195,34.0,14.1,11.7
400899708,UTA,1007,16.0,-0.4,0.0
400899708,UTA,2167,29.0,9.4,8.3
400899708,UTA,3438,34.0,18.3,17.4
400899708,UTA,4249,34.0,19.5,16.8
400899708,UTA,6454,14.0,3.9,3.4
400899708,UTA,2333797,11.0,3.6,3.4
400899708,UTA,2581177,32.0,5.4,4.7
400899708,UTA,2968436,14.0,3.5,1.3
400899708,UTA,3032976,34.0,17.7,14.5
400899708,UTA,3136196,21.0,10.8,10.2
400899709,ATL,2011,30.0,-1.2,-1.7
400899709,ATL,2384,37.0,12.3,8.6
400899709,ATL,3015,35.0,12.6,9.7
400899709,ATL,3028,26.0,7.6,4.6
400899709,ATL,6637,28.0,1.4,-0.8
400899709,ATL,2282205,15.0,9.4,9.5
400899709,ATL,2490089,20.0,8.6,7.8
400899709,ATL,2528210,14.0,6.1,5.2
400899709,ATL,3032979,34.0,15.7,13.5
400899709,GSW,2016,16.0,4.6,3.5
400899709,GSW,2177,9.0,0.3,0.0
400899709,GSW,2386,28.0,11.8,10.4
400899709,GSW,2393,16.0,4.6,3.4
400899709,GSW,3202,36.0,21.3,15.1
400899709,GSW,3452,5.0,1.0,1.4
400899709,GSW,3975,38.0,15.9,13.8
400899709,GSW,6475,37.0,12.5,11.4
400899709,GSW,6589,39.0,4.9,2.1
400899709,GSW,2489785,11.0,5.5,5.7
400899709,GSW,3137730,4.0,-0.5,-0.1
400899710,CHA,3190,25.0,7.9,7.0
400899710,CHA,3211,17.0,3.9,2.7
400899710,CHA,3231,13.0,5.6,5.7
400899710,CHA,3416,30.0,6.3,3.7
400899710,CHA,3436,13.0,5.9,4.0
400899710,CHA,6479,31.0,18.1,15.5
400899710,CHA,6601,32.0,8.4,7.0
400899710,CHA,6603,13.0,1.2,0.6
400899710,CHA,6641,4.0,5.0,4.7
400899710,CHA,2579258,28.0,7.7,4.8
400899710,CHA,2579294,27.0,-4.1,-4.2
400899710,CHA,2595231,4.0,0.3,0.0
400899710,CHA,3064510,4.0,-0.8,-0.7
400899710,DET,2448,20.0,9.1,8.6
400899710,DET,4305,25.0,11.3,10.5
400899710,DET,4376,2.0,-0.4,-0.7
400899710,DET,6440,36.0,21.7,17.6
400899710,DET,6452,32.0,7.0,5.7
400899710,DET,6462,36.0,8.6,7.6
400899710,DET,6585,13.0,3.1,1.3
400899710,DET,2566747,2.0,1.7,1.7
400899710,DET,2578259,9.0,2.8,2.6
400899710,DET,2581018,32.0,17.6,15.2
400899710,DET,2968439,23.0,4.7,4.4
400899710,DET,3134881,10.0,0.7,0.7
400899711,BKN,1781,6.0,0.1,0.2
400899711,BKN,3003,17.0,3.8,2.0
400899711,BKN,3448,43.0,25.1,21.3
400899711,BKN,3593,26.0,8.1,7.5
400899711,BKN,4270,42.0,16.4,12.3
400899711,BKN,6590,25.0,6.4,4.2
400899711,BKN,2488689,47.0,18.0,15.4
400899711,BKN,2528794,39.0,11.1,9.3
400899711,BKN,3136477,46.0,2.1,3.2
400899711,LAC,165,35.0,1.9,1.8
400899711,LAC,662,29.0,-0.6,-0.5
400899711,LAC,2745,12.0,3.2,3.4
400899711,LAC,2753,14.0,5.1,3.7
400899711,LAC,2779,45.0,23.4,19.4
400899711,LAC,3024,38.0,7.6,8.6
400899711,LAC,3442,45.0,21.9,17.3
400899711,LAC,3451,20.0,3.7,-0.2
400899711,LAC,3460,15.0,3.3,2.3
400899711,LAC,4247,12.0,4.1,3.7
400899711,LAC,6617,26.0,10.9,11.0
400899712,CLE,1006,12.0,5.6,5.0
400899712,CLE,1135,11.0,2.1,2.0
400899712,CLE,1708,12.0,3.7,3.4
400899712,CLE,1966,33.0,8.2,8.2
400899712,CLE,2009,11.0,1.3,0.3
400899712,CLE,2444,30.0,1.7,0.6
400899712,CLE,3449,31.0,11.3,7.5
400899712,CLE,6442,31.0,13.1,12.7
400899712,CLE,6453,5.0,1.0,1.0
400899712,CLE,6468,17.0,1.7,0.7
400899712,CLE,6474,30.0,10.2,6.0
400899712,CLE,2531797,11.0,7.0,7.1
400899712,CLE,3062892,6.0,1.0,1.4
400899712,MIL,841,23.0,3.6,1.0
400899712,MIL,3018,2.0,-0.4,-0.7
400899712,MIL,3418,26.0,13.0,12.9
400899712,MIL,4260,26.0,15.5,12.7
400899712,MIL,6592,21.0,10.0,7.5
400899712,MIL,6616,2.0,0.0,0.0
400899712,MIL,2489716,25.0,4.5,2.8
400899712,MIL,2528353,25.0,3.0,2.9
400899712,MIL,2566769,23.0,7.9,8.2
400899712,MIL,3032977,35.0,31.0,22.9
400899712,MIL,3056600,31.0,12.8,10.3
400899712,MIL,4017843,3.0,2.9,3.0
400899713,LAL,25,12.0,0.4,-2.1
400899713,LAL,2429,22.0,3.9,2.3
400899713,LAL,2799,22.0,11.6,9.3
400899713,LAL,2806,16.0,1.0,1.1
400899713,LAL,3243,2.0,0.0,0.0
400899713,LAL,4298,21.0,9.3,7.2
400899713,LAL,6618,10.0,5.6,5.7
400899713,LAL,2528393,24.0,8.9,8.1
400899713,LAL,2528426,29.0,1.7,0.2
400899713,LAL,2580365,20.0,8.5,7.5
400899713,LAL,2968363,11.0,-2.1,-1.6
400899713,LAL,3064514,22.0,9.2,7.4
400899713,LAL,3913176,29.0,8.9,5.7
400899713,NOP,3414,26.0,13.7,9.9
400899713,NOP,3995,29.0,17.0,15.8
400899713,NOP,6460,17.0,0.6,0.0
400899713,NOP,6583,41.0,39.0,32.2
400899713,NOP,6597,26.0,2.9,1.6
400899713,NOP,2488945,32.0,3.9,4.8
400899713,NOP,2488958,28.0,3.2,0.5
400899713,NOP,2530572,17.0,4.8,4.3
400899713,NOP,2531362,22.0,8.1,6.5
400899713,NOP,2990984,1.0,-0.7,-0.7
400899713,NOP,3919335,1.0,0.0,0.0
400899714,ORL,3209,25.0,2.1,2.3
400899714,ORL,3277,17.0,6.7,7.2
400899714,ORL,3415,25.0,9.7,6.8
400899714,ORL,3439,34.0,18.9,15.2
400899714,ORL,6427,34.0,4.5,1.8
400899714,ORL,6478,25.0,6.9,3.3
400899714,ORL,6588,33.0,8.9,7.2
400899714,ORL,2202117,2.0,1.3,1.7
400899714,ORL,2309097,2.0,-0.7,-0.7
400899714,ORL,2488999,2.0,-0.3,-0.3
400899714,ORL,2583639,23.0,11.7,8.2
400899714,ORL,2995706,1.0,0.0,0.0
400899714,ORL,3064290,19.0,6.8,8.1
400899714,SAS,272,23.0,12.2,10.8
400899714,SAS,996,22.0,7.3,6.1
400899714,SAS,1015,29.0,-3.7,-4.1
400899714,SAS,2772,12.0,0.2,-0.4
400899714,SAS,2983,31.0,13.6,11.8
400899714,SAS,3988,24.0,0.7,0.0
400899714,SAS,4004,19.0,4.5,3.7
400899714,SAS,6426,6.0,-0.4,-0.7
400899714,SAS,6450,32.0,12.4,10.5
400899714,SAS,2579466,18.0,2.4,0.3
400899714,SAS,2580913,17.0,7.4,3.7
400899714,SAS,2993874,3.0,-0.7,-1.0
400899714,SAS,3907497,4.0,1.3,1.0
400899715,HOU,1713,16.0,1.1,0.2
400899715,HOU,2426,26.0,2.8,1.3
400899715,HOU,3191,18.0,-2.0,-1.4
400899715,HOU,3412,21.0,6.3,6.4
400899715,HOU,3431,32.0,13.4,13.6
400899715,HOU,3964,22.0,6.0,6.1
400899715,HOU,3992,35.0,18.7,17.3
400899715,HOU,2566741,3.0,4.3,2.6
400899715,HOU,2991055,7.0,1.0,1.0
400899715,HOU,2991184,27.0,10.3,8.4
400899715,HOU,3059281,3.0,0.0,0.0
400899715,HOU,3102529,28.0,9.2,7.5
400899715,UTA,1007,26.0,9.3,8.8
400899715,UTA,2167,13.0,3.9,4.1
400899715,UTA,3438,32.0,4.5,4.4
400899715,UTA,4249,36.0,29.0,27.5
400899715,UTA,6454,20.0,9.5,8.5
400899715,UTA,2333797,15.0,4.4,2.7
400899715,UTA,2581177,20.0,13.3,11.4
400899715,UTA,2968436,12.0,4.3,4.1
400899715,UTA,3032976,33.0,17.4,13.1
400899715,UTA,3102528,8.0,-0.3,0.3
400899715,UTA,3136196,24.0,9.3,9.7
400899717,BOS,2769,15.0,11.6,10.5
400899717,BOS,3213,32.0,10.6,8.5
400899717,BOS,3998,15.0,5.7,4.8
400899717,BOS,4240,36.0,8.6,6.2
400899717,BOS,6472,33.0,17.8,17.8
400899717,BOS,6581,36.0,12.2,9.0
400899717,BOS,6631,5.0,0.5,1.3
400899717,BOS,2489663,26.0,15.6,16.6
400899717,BOS,2990992,24.0,7.1,7.3
400899717,BOS,3074752,15.0,4.9,4.1
400899717,BOS,3917376,4.0,-0.7,-0.7
400899717,DET,2448,12.0,-1.4,-1.7
400899717,DET,4305,36.0,21.7,19.4
400899717,DET,6440,35.0,15.6,14.1
400899717,DET,6452,23.0,12.8,11.5
400899717,DET,6462,38.0,16.7,13.9
400899717,DET,6585,35.0,21.7,17.9
400899717,DET,2578259,13.0,-2.2,-2.4
400899717,DET,2581018,35.0,21.7,19.9
400899717,DET,2968439,13.0,2.1,2.4
400899718,MEM,2367,29.0,8.2,8.8
400899718,MEM,3206,35.0,15.9,15.2
400899718,MEM,2327577,34.0,18.3,12.4
400899718,MEM,2489530,21.0,14.4,13.4
400899718,MEM,3064511,35.0,17.8,15.8
400899718,MEM,3064517,24.0,2.0,1.6
400899718,MEM,3078286,28.0,4.3,2.9
400899718,MEM,3136696,24.0,-4.8,-4.1
400899718,MEM,3937101,10.0,-1.0,0.0
400899718,TOR,3012,37.0,27.6,26.3
400899718,TOR,3970,29.0,10.0,11.6
400899718,TOR,3978,36.0,19.2,17.6
400899718,TOR,4264,30.0,13.7,10.1
400899718,TOR,6446,28.0,14.7,14.1
400899718,TOR,6477,23.0,1.5,-0.3
400899718,TOR,6619,17.0,-0.9,-0.8
400899718,TOR,2595516,4.0,2.9,3.4
400899718,TOR,2991230,1.0,0.7,0.0
400899718,TOR,3032980,18.0,6.8,4.8
400899718,TOR,3149673,18.0,3.5,3.2
400899719,CHI,1987,30.0,10.5,8.8
400899719,CHI,3026,36.0,14.4,11.9
400899719,CHI,3447,32.0,11.6,4.7
400899719,CHI,3986,31.0,11.3,7.6
400899719,CHI,6430,40.0,11.0,8.3
400899719,CHI,6459,22.0,6.1,2.3
400899719,CHI,2490589,26.0,0.9,-0.1
400899719,CHI,2531047,7.0,-0.5,0.3
400899719,CHI,2999549,6.0,0.5,-0.7
400899719,CHI,3064482,11.0,3.6,4.4
400899719,LAL,2429,25.0,5.1,1.4
400899719,LAL,2799,28.0,15.1,11.9
400899719,LAL,2806,17.0,3.1,3.1
400899719,LAL,4298,17.0,-4.3,-3.0
400899719,LAL,6618,9.0,5.3,3.8
400899719,LAL,2528393,12.0,3.0,4.3
400899719,LAL,2528426,34.0,9.5,8.1
400899719,LAL,2580365,26.0,13.6,9.8
400899719,LAL,3064514,31.0,10.7,7.0
400899719,LAL,3913176,41.0,4.8,2.4
400899720,OKC,3468,41.0,24.6,20.8
400899720,OKC,3474,31.0,1.4,2.3
400899720,OKC,6447,15.0,10.2,9.0
400899720,OKC,2527963,45.0,22.4,20.0
400899720,OKC,2530596,35.0,9.7,6.4
400899720,OKC,2959753,12.0,4.2,2.4
400899720,OKC,2983526,15.0,4.4,3.8
400899720,OKC,2991070,24.0,4.8,4.8
400899720,OKC,2991235,28.0,8.6,7.8
400899720,OKC,3155942,19.0,12.3,9.9
400899720,WAS,2758,36.0,10.6,9.4
400899720,WAS,3232,11.0,-0.5,0.3
400899720,WAS,4017,17.0,8.6,8.4
400899720,WAS,4237,44.0,14.8,12.6
400899720,WAS,6461,37.0,11.0,9.5
400899720,WAS,6580,42.0,17.7,16.5
400899720,WAS,6621,12.0,1.9,2.4
400899720,WAS,2594922,39.0,10.6,6.4
400899720,WAS,3133603,28.0,11.1,9.1
400899721,MIN,4011,38.0,10.3,7.5
400899721,MIN,4267,6.0,3.0,1.7
400899721,MIN,4269,16.0,-2.3,-2.1
400899721,MIN,2534781,33.0,6.6,6.0
400899721,MIN,2991139,10.0,-2.8,-3.7
400899721,MIN,2993875,8.0,0.5,0.9
400899721,MIN,3059319,40.0,12.7,11.0
400899721,MIN,3064440,42.0,9.2,8.3
400899721,MIN,3135046,6.0,0.0,0.0
400899721,MIN,3136195,42.0,42.7,35.9
400899721,NYK,1975,35.0,6.2,3.5
400899721,NYK,2421,11.0,4.6,4.4
400899721,NYK,3445,8.0,8.1,8.2
400899721,NYK,3456,24.0,3.4,4.0
400899721,NYK,3997,34.0,8.3,6.8
400899721,NYK,6615,18.0,2.6,2.4
400899721,NYK,2284101,20.0,-0.7,-3.2
400899721,NYK,2566748,19.0,6.1,4.7
400899721,NYK,2999409,8.0,5.3,5.8
400899721,NYK,3063982,4.0,0.0,0.0
400899721,NYK,3102531,39.0,24.2,22.9
400899721,NYK,3138120,20.0,9.0,9.8
400899722,DAL,2382,11.0,-2.2,-2.1
400899722,DAL,2747,35.0,7.2,4.8
400899722,DAL,2798,26.0,4.9,4.4
400899722,DAL,4032,37.0,18.1,15.2
400899722,DAL,6578,40.0,11.1,9.1
400899722,DAL,2234666,4.0,2.0,1.7
400899722,DAL,2326307,28.0,10.3,9.0
400899722,DAL,2531367,15.0,8.6,7.8
400899722,DAL,2578185,18.0,-0.1,0.4
400899722,DAL,2968458,6.0,-0.1,0.0
400899722,DAL,2982340,21.0,-0.3,0.6
400899722,SAS,2772,22.0,4.0,2.6
400899722,SAS,2983,32.0,1.6,0.6
400899722,SAS,3988,28.0,8.9,8.7
400899722,SAS,4004,29.0,20.5,19.0
400899722,SAS,6426,15.0,6.0,6.4
400899722,SAS,6450,31.0,14.1,10.7
400899722,SAS,2579466,23.0,3.0,1.3
400899722,SAS,2580913,26.0,10.4,4.0
400899722,SAS,2968338,19.0,2.5,3.0
400899722,SAS,2993874,15.0,6.1,3.5
400899723,DEN,2439,38.0,14.3,14.7
400899723,DEN,3194,29.0,8.4,6.7
400899723,DEN,3428,36.0,8.9,8.2
400899723,DEN,4232,2.0,0.0,0.0
400899723,DEN,6433,27.0,11.2,7.4
400899723,DEN,3102530,17.0,0.2,0.5
400899723,DEN,3112335,24.0,18.0,14.9
400899723,DEN,3892818,36.0,4.5,2.0
400899723,DEN,3936299,23.0,3.3,2.6
400899723,DEN,4017839,8.0,-0.7,-0.7
400899723,MIA,3220,16.0,-0.3,-0.4
400899723,MIA,3423,34.0,10.5,10.6
400899723,MIA,3981,32.0,20.0,15.4
400899723,MIA,3999,33.0,9.6,4.3
400899723,MIA,4250,23.0,6.0,6.3
400899723,MIA,4262,32.0,25.4,19.2
400899723,MIA,2326015,16.0,0.5,-0.1
400899723,MIA,2488826,25.0,4.7,2.0
400899723,MIA,2530276,28.0,16.4,15.5
400899724,ATL,2011,16.0,2.9,2.7
400899724,ATL,2384,33.0,12.1,10.0
400899724,ATL,2433,15.0,3.2,2.3
400899724,ATL,3028,31.0,8.9,3.4
400899724,ATL,6622,4.0,-1.4,-1.7
400899724,ATL,6637,40.0,17.2,13.1
400899724,ATL,2282205,9.0,-0.9,0.3
400899724,ATL,2490089,29.0,-2.5,-4.8
400899724,ATL,2528210,26.0,13.1,13.4
400899724,ATL,3032979,36.0,22.5,22.1
400899724,PHX,984,25.0,7.4,3.5
400899724,PHX,2166,13.0,4.1,4.7
400899724,PHX,3033,30.0,13.4,13.2
400899724,PHX,3201,32.0,12.6,11.1
400899724,PHX,4238,28.0,8.8,5.3
400899724,PHX,6448,31.0,13.7,11.5
400899724,PHX,2596107,23.0,8.6,5.9
400899724,PHX,3136193,33.0,6.6,6.1
400899724,PHX,3907487,13.0,6.6,5.0
400899724,PHX,4011991,12.0,-1.5,-1.4
400899725,IND,2389,21.0,9.6,9.7
400899725,IND,2751,25.0,0.5,1.0
400899725,IND,3192,21.0,8.9,8.4
400899725,IND,3235,24.0,5.9,4.6
400899725,IND,3244,24.0,0.4,-1.7
400899725,IND,4015,34.0,22.9,21.5
400899725,IND,6424,17.0,5.1,3.4
400899725,IND,2528386,3.0,0.3,0.3
400899725,IND,2596110,2.0,0.0,0.0
400899725,IND,2990969,3.0,0.0,0.0
400899725,IND,2991039,34.0,12.1,11.1
400899725,IND,3133628,31.0,15.4,14.2
400899725,POR,4239,27.0,16.7,13.3
400899725,POR,4259,32.0,3.8,2.5
400899725,POR,6591,29.0,19.0,18.2
400899725,POR,6605,23.0,3.4,3.6
400899725,POR,6606,35.0,29.3,25.0
400899725,POR,2488653,27.0,15.6,14.7
400899725,POR,2490149,34.0,17.0,14.8
400899725,POR,2530780,2.0,1.0,0.0
400899725,POR,2531210,23.0,9.7,11.0
400899725,POR,2578239,2.0,0.3,0.0
400899725,POR,2982268,2.0,-1.0,-1.0
400899725,POR,3078284,2.0,2.7,2.4
400899725,POR,4064730,2.0,4.4,4.4
400899726,LAL,25,6.0,0.7,0.0
400899726,LAL,2429,24.0,3.2,-0.4
400899726,LAL,2799,25.0,2.3,3.2
400899726,LAL,2806,18.0,3.2,2.0
400899726,LAL,4298,18.0,-0.9,-0.7
400899726,LAL,6618,10.0,1.4,0.8
400899726,LAL,2528393,20.0,4.2,5.4
400899726,LAL,2528426,31.0,6.7,5.5
400899726,LAL,2580365,23.0,5.2,4.4
400899726,LAL,2968363,8.0,2.2,1.3
400899726,LAL,3064514,22.0,3.1,1.8
400899726,LAL,3913176,35.0,10.4,10.1
400899726,TOR,3012,31.0,21.5,19.7
400899726,TOR,3978,29.0,12.6,9.7
400899726,TOR,4264,24.0,4.4,2.7
400899726,TOR,6446,25.0,12.8,12.6
400899726,TOR,6477,24.0,6.7,5.4
400899726,TOR,6619,20.0,1.8,2.3
400899726,TOR,2595516,32.0,11.3,10.3
400899726,TOR,2991230,4.0,0.6,0.0
400899726,TOR,3032980,18.0,15.4,12.2
400899726,TOR,3113297,4.0,2.3,1.7
400899726,TOR,3134908,6.0,0.9,0.7
400899726,TOR,3149673,24.0,9.6,7.2
400899727,MIN,4011,30.0,5.3,4.5
400899727,MIN,4267,27.0,17.3,12.3
400899727,MIN,4269,21.0,14.3,13.2
400899727,MIN,2534781,18.0,-1.1,-0.3
400899727,MIN,2991139,18.0,7.3,7.2
400899727,MIN,2993875,21.0,8.3,8.1
400899727,MIN,3059319,36.0,14.1,13.7
400899727,MIN,3064440,40.0,14.5,14.1
400899727,MIN,3136195,30.0,9.8,7.8
400899727,NYK,1975,34.0,23.4,19.7
400899727,NYK,2421,11.0,8.1,6.1
400899727,NYK,3456,34.0,20.5,18.7
400899727,NYK,3997,19.0,2.1,1.2
400899727,NYK,6485,3.0,2.7,2.7
400899727,NYK,6615,31.0,22.1,20.2
400899727,NYK,2284101,31.0,10.8,6.9
400899727,NYK,2999409,17.0,2.5,2.4
400899727,NYK,3102531,40.0,3.5,2.1
400899727,NYK,3138120,19.0,2.6,2.7
400899728,CHI,1987,37.0,14.6,12.8
400899728,CHI,3026,36.0,20.7,16.2
400899728,CHI,3447,26.0,6.3,6.8
400899728,CHI,3986,40.0,24.3,21.8
400899728,CHI,6430,42.0,25.2,19.7
400899728,CHI,6459,22.0,1.3,-3.1
400899728,CHI,2490589,28.0,4.2,5.0
400899728,CHI,2531047,6.0,3.0,3.1
400899728,CHI,2999549,4.0,0.0,0.0
400899728,CLE,1006,15.0,2.7,2.7
400899728,CLE,1966,45.0,18.6,17.9
400899728,CLE,2444,33.0,5.4,5.0
400899728,CLE,2754,21.0,9.6,8.8
400899728,CLE,3449,42.0,9.1,5.9
400899728,CLE,6442,38.0,16.1,14.9
400899728,CLE,6468,19.0,7.6,6.5
400899728,CLE,6474,27.0,8.8,8.4
400899729,LAC,165,29.0,14.4,13.8
400899729,LAC,662,9.0,2.5,3.0
400899729,LAC,2745,5.0,2.0,2.4
400899729,LAC,2753,26.0,7.9,7.1
400899729,LAC,2779,34.0,21.8,19.5
400899729,LAC,3442,34.0,12.6,7.9
400899729,LAC,3451,33.0,16.7,12.8
400899729,LAC,3460,14.0,7.9,7.1
400899729,LAC,3989,34.0,18.3,17.5
400899729,LAC,4247,3.0,0.0,0.0
400899729,LAC,6617,20.0,-2.0,-3.2
400899729,NOP,3410,10.0,0.8,0.3
400899729,NOP,3414,18.0,3.2,3.1
400899729,NOP,3995,28.0,5.8,4.7
400899729,NOP,6460,19.0,11.7,10.5
400899729,NOP,6583,32.0,15.9,14.1
400899729,NOP,6597,29.0,12.6,9.9
400899729,NOP,2488945,31.0,6.1,4.6
400899729,NOP,2488958,25.0,5.0,3.7
400899729,NOP,2530572,19.0,-0.6,-1.8
400899729,NOP,2531362,25.0,6.9,7.1
400899729,NOP,2990984,3.0,3.4,3.4
400899730,ATL,2011,34.0,3.4,1.8
400899730,ATL,2384,25.0,-0.8,-1.7
400899730,ATL,2433,19.0,5.1,4.5
400899730,ATL,3028,17.0,3.9,2.3
400899730,ATL,6622,12.0,1.6,1.4
400899730,ATL,6637,18.0,3.2,1.9
400899730,ATL,2282205,19.0,5.2,5.7
400899730,ATL,2488651,4.0,0.3,0.0
400899730,ATL,2490089,24.0,8.6,7.8
400899730,ATL,2528210,27.0,5.4,4.2
400899730,ATL,2990962,17.0,3.7,1.9
400899730,ATL,3032979,25.0,17.6,17.0
400899730,DET,2448,16.0,10.1,9.9
400899730,DET,4305,29.0,16.2,14.1
400899730,DET,4376,4.0,2.9,3.0
400899730,DET,6440,32.0,15.4,12.2
400899730,DET,6452,31.0,14.3,11.9
400899730,DET,6462,29.0,7.2,6.0
400899730,DET,6585,28.0,14.4,9.8
400899730,DET,2566747,4.0,-2.5,-2.1
400899730,DET,2578259,18.0,6.5,7.4
400899730,DET,2581018,30.0,16.8,14.7
400899730,DET,2968439,16.0,-0.6,1.0
400899730,DET,3134881,4.0,0.9,0.7
400899731,SAS,272,24.0,15.8,13.3
400899731,SAS,996,34.0,16.0,11.8
400899731,SAS,2772,17.0,7.5,6.7
400899731,SAS,2983,37.0,11.3,11.3
400899731,SAS,3988,24.0,-1.5,-1.7
400899731,SAS,4004,28.0,11.1,10.6
400899731,SAS,6450,34.0,17.9,15.1
400899731,SAS,2579466,14.0,7.0,4.3
400899731,SAS,2580913,8.0,-2.0,-1.7
400899731,SAS,2968338,20.0,5.5,4.4
400899731,WAS,2758,42.0,20.8,16.2
400899731,WAS,3232,14.0,1.3,2.7
400899731,WAS,4017,18.0,2.2,0.6
400899731,WAS,4237,37.0,19.7,16.5
400899731,WAS,6461,38.0,7.9,7.5
400899731,WAS,6580,30.0,14.9,15.7
400899731,WAS,2579260,11.0,0.9,0.3
400899731,WAS,2594922,37.0,16.0,8.8
400899731,WAS,3133603,13.0,0.9,1.4
400899732,DEN,558,4.0,2.0,1.4
400899732,DEN,2439,19.0,0.8,1.7
400899732,DEN,3194,29.0,16.2,14.7
400899732,DEN,3413,9.0,8.4,7.9
400899732,DEN,3428,35.0,12.3,11.8
400899732,DEN,4232,9.0,0.6,0.7
400899732,DEN,6433,23.0,11.7,11.9
400899732,DEN,6579,33.0,12.0,10.3
400899732,DEN,3102530,20.0,8.6,4.4
400899732,DEN,3892818,29.0,4.0,5.0
400899732,DEN,3907822,4.0,4.7,3.7
400899732,DEN,3936299,17.0,-3.3,-3.1
400899732,DEN,4017839,8.0,-0.2,-1.4
400899732,HOU,2426,31.0,19.6,13.5
400899732,HOU,3191,13.0,2.0,1.4
400899732,HOU,3412,25.0,18.5,17.5
400899732,HOU,3431,24.0,15.3,14.0
400899732,HOU,3964,28.0,11.3,9.1
400899732,HOU,3992,33.0,15.1,12.8
400899732,HOU,2566741,4.0,0.3,0.3
400899732,HOU,2581029,4.0,3.0,2.7
400899732,HOU,2991055,20.0,6.3,4.4
400899732,HOU,2991184,28.0,15.4,13.1
400899732,HOU,3059281,4.0,-2.4,-2.4
400899732,HOU,3102529,26.0,11.5,9.9
400899733,BKN,1781,11.0,7.4,6.8
400899733,BKN,3003,20.0,2.1,2.7
400899733,BKN,3448,29.0,6.4,4.4
400899733,BKN,3593,32.0,13.8,14.3
400899733,BKN,6590,18.0,-4.0,-4.8
400899733,BKN,2488689,29.0,13.1,12.8
400899733,BKN,2528794,30.0,13.1,11.8
400899733,BKN,2991473,23.0,7.5,6.1
400899733,BKN,3064291,24.0,7.8,2.9
400899733,BKN,3136477,24.0,-0.3,0.0
400899733,MIL,841,17.0,1.2,1.3
400899733,MIL,3418,18.0,0.6,0.6
400899733,MIL,4260,21.0,12.7,8.1
400899733,MIL,4385,15.0,4.1,3.6
400899733,MIL,6592,27.0,18.8,15.8
400899733,MIL,2489716,27.0,16.8,17.3
400899733,MIL,2528353,27.0,4.3,4.3
400899733,MIL,2566769,21.0,3.6,3.0
400899733,MIL,3032977,35.0,19.0,12.4
400899733,MIL,3056600,33.0,12.9,9.5
400899734,CHA,3190,23.0,9.4,9.4
400899734,CHA,3211,22.0,3.4,2.3
400899734,CHA,3231,16.0,5.9,5.3
400899734,CHA,3416,41.0,17.6,12.5
400899734,CHA,3436,18.0,1.9,0.6
400899734,CHA,6479,37.0,11.6,12.0
400899734,CHA,6601,30.0,14.6,14.5
400899734,CHA,6603,12.0,2.8,1.3
400899734,CHA,2579258,35.0,10.2,5.8
400899734,CHA,2579294,31.0,18.7,16.1
400899734,MIN,4011,37.0,13.9,11.6
400899734,MIN,4267,22.0,9.3,4.8
400899734,MIN,4269,19.0,12.1,11.2
400899734,MIN,2534781,31.0,3.2,1.6
400899734,MIN,2991139,16.0,10.4,9.2
400899734,MIN,2993875,25.0,9.5,8.7
400899734,MIN,3059319,37.0,20.3,18.2
400899734,MIN,3064440,44.0,11.2,8.6
400899734,MIN,3136195,34.0,21.6,17.1
400899735,ATL,2011,25.0,2.2,1.0
400899735,ATL,2384,28.0,12.7,9.1
400899735,ATL,2433,17.0,6.5,6.7
400899735,ATL,3028,23.0,5.3,3.7
400899735,ATL,6622,13.0,0.5,-0.7
400899735,ATL,6637,26.0,-1.8,-0.9
400899735,ATL,2282205,17.0,1.9,2.3
400899735,ATL,2488651,4.0,2.0,0.7
400899735,ATL,2490089,24.0,6.0,3.1
400899735,ATL,2528210,23.0,9.5,8.3
400899735,ATL,2990962,9.0,-1.7,-1.7
400899735,ATL,3032979,24.0,12.5,11.2
400899735,ATL,3062667,7.0,-3.4,-3.4
400899735,TOR,3012,31.0,19.6,18.4
400899735,TOR,3970,26.0,8.5,4.3
400899735,TOR,3978,31.0,14.9,13.4
400899735,TOR,4264,21.0,15.2,14.2
400899735,TOR,6446,23.0,8.5,7.5
400899735,TOR,6477,21.0,1.2,-0.6
400899735,TOR,6619,18.0,13.5,13.2
400899735,TOR,2595516,7.0,4.0,1.7
400899735,TOR,2991230,4.0,6.1,5.8
400899735,TOR,3032980,23.0,17.5,12.3
400899735,TOR,3113297,4.0,0.6,0.4
400899735,TOR,3134908,4.0,3.0,1.3
400899735,TOR,3149673,27.0,10.3,8.1
400899736,BOS,2761,3.0,0.2,-0.8
400899736,BOS,2769,15.0,5.6,5.1
400899736,BOS,3213,34.0,7.8,6.7
400899736,BOS,3998,16.0,3.7,3.4
400899736,BOS,4240,32.0,16.5,13.8
400899736,BOS,6472,33.0,32.0,30.9
400899736,BOS,6581,33.0,9.1,8.8
400899736,BOS,6631,4.0,-0.4,0.0
400899736,BOS,2489663,11.0,1.1,2.7
400899736,BOS,2990992,32.0,5.4,4.3
400899736,BOS,3074752,10.0,-1.8,-2.4
400899736,BOS,3917376,15.0,5.0,3.7
400899736,PHI,2767,30.0,12.0,11.0
400899736,PHI,3025,32.0,14.0,12.3
400899736,PHI,3993,32.0,9.8,10.4
400899736,PHI,6634,17.0,2.1,2.3
400899736,PHI,2530530,16.0,2.7,2.4
400899736,PHI,2991042,33.0,3.9,2.5
400899736,PHI,2993370,11.0,-0.6,0.6
400899736,PHI,3032978,27.0,19.3,15.9
400899736,PHI,3135048,33.0,11.7,10.8
400899736,PHI,3893019,10.0,1.4,1.2
400899737,LAL,2429,36.0,14.5,9.7
400899737,LAL,2799,32.0,31.7,29.1
400899737,LAL,2806,8.0,-0.6,-1.7
400899737,LAL,4298,27.0,10.5,11.1
400899737,LAL,6618,12.0,0.1,0.0
400899737,LAL,2528393,15.0,2.5,1.7
400899737,LAL,2528426,28.0,-1.0,-0.1
400899737,LAL,2968363,14.0,4.4,3.2
400899737,LAL,3064514,29.0,1.4,2.2
400899737,LAL,3913176,39.0,6.0,2.7
400899737,MEM,2367,24.0,7.7,5.9
400899737,MEM,3206,34.0,19.4,15.6
400899737,MEM,2327577,34.0,18.0,15.3
400899737,MEM,2489530,34.0,23.6,22.4
400899737,MEM,3064511,30.0,3.8,2.0
400899737,MEM,3064517,20.0,5.1,5.3
400899737,MEM,3078286,35.0,5.8,1.7
400899737,MEM,3136696,20.0,10.3,6.8
400899737,MEM,3937101,7.0,2.7,2.4
400899738,CHI,3026,24.0,-2.8,-3.3
400899738,CHI,3447,26.0,10.2,10.5
400899738,CHI,3986,27.0,6.8,6.4
400899738,CHI,6430,36.0,19.5,16.3
400899738,CHI,6459,13.0,-2.7,-3.8
400899738,CHI,2490589,29.0,7.6,6.1
400899738,CHI,2531047,25.0,1.5,1.7
400899738,CHI,2983727,2.0,0.0,0.0
400899738,CHI,2999549,20.0,3.2,2.3
400899738,CHI,3064482,20.0,-0.8,-1.1
400899738,CHI,3113587,15.0,3.6,2.3
400899738,CHI,3893023,4.0,-1.1,-0.7
400899738,DAL,2382,17.0,5.4,3.5
400899738,DAL,2747,22.0,8.8,6.2
400899738,DAL,2798,31.0,12.8,12.0
400899738,DAL,4032,35.0,17.4,16.1
400899738,DAL,6578,37.0,14.9,13.7
400899738,DAL,2234666,17.0,2.2,1.0
400899738,DAL,2531367,28.0,13.5,13.5
400899738,DAL,2578185,35.0,11.3,10.4
400899738,DAL,2968458,3.0,-0.4,-0.7
400899738,DAL,2982340,10.0,5.5,3.2
400899738,DAL,2991178,2.0,1.3,1.0
400899738,DAL,3929314,2.0,2.1,1.4
400899739,DEN,2439,26.0,11.4,10.6
400899739,DEN,3194,41.0,17.0,15.1
400899739,DEN,3413,12.0,-2.0,-0.7
400899739,DEN,3428,35.0,9.3,6.9
400899739,DEN,4232,4.0,-1.9,-0.7
400899739,DEN,6433,29.0,7.5,6.0
400899739,DEN,6579,34.0,14.5,11.1
400899739,DEN,3102530,13.0,7.7,8.2
400899739,DEN,3892818,22.0,9.2,6.3
400899739,DEN,3936299,18.0,-3.2,-4.4
400899739,DEN,4017839,6.0,-0.7,-0.7
400899739,UTA,1007,17.0,5.7,5.8
400899739,UTA,2167,23.0,6.3,4.8
400899739,UTA,4249,37.0,21.4,19.0
400899739,UTA,6454,26.0,6.6,4.7
400899739,UTA,2333797,4.0,2.0,2.4
400899739,UTA,2581177,28.0,9.5,6.8
400899739,UTA,2968436,27.0,9.0,7.5
400899739,UTA,3032976,37.0,10.4,6.8
400899739,UTA,3102528,22.0,7.9,7.7
400899739,UTA,3136196,20.0,9.5,8.0
400899740,MIA,3220,28.0,11.7,9.5
400899740,MIA,3423,35.0,12.4,9.2
400899740,MIA,3981,39.0,5.8,5.6
400899740,MIA,3999,17.0,-0.8,-1.7
400899740,MIA,4262,41.0,29.6,22.6
400899740,MIA,2326015,7.0,2.1,3.0
400899740,MIA,2488826,39.0,3.1,3.0
400899740,MIA,2530276,34.0,5.8,2.5
400899740,POR,4239,28.0,12.1,7.3
400899740,POR,4259,26.0,4.4,2.8
400899740,POR,6591,33.0,14.5,12.1
400899740,POR,6605,19.0,3.5,2.0
400899740,POR,6606,35.0,10.9,9.9
400899740,POR,2488653,33.0,9.5,7.4
400899740,POR,2490149,33.0,11.2,10.0
400899740,POR,2531210,28.0,11.5,10.3
400899740,POR,3078284,4.0,0.8,0.6
400899741,GSW,2016,15.0,5.1,1.6
400899741,GSW,2177,13.0,9.4,9.2
400899741,GSW,2386,23.0,5.5,4.8
400899741,GSW,2393,18.0,2.8,2.0
400899741,GSW,2419,5.0,0.7,0.4
400899741,GSW,3202,32.0,24.6,21.7
400899741,GSW,3452,13.0,6.4,7.6
400899741,GSW,3975,30.0,23.0,22.2
400899741,GSW,6475,34.0,22.4,18.9
400899741,GSW,6589,28.0,14.7,11.7
400899741,GSW,2489785,16.0,9.0,9.1
400899741,GSW,3137730,8.0,0.9,1.0
400899741,GSW,3155535,7.0,2.9,2.7
400899741,PHX,984,20.0,4.2,2.9
400899741,PHX,2166,6.0,-0.7,-0.7
400899741,PHX,3033,28.0,7.8,7.8
400899741,PHX,3201,13.0,-1.5,-1.7
400899741,PHX,4238,30.0,24.8,19.5
400899741,PHX,6448,22.0,5.9,6.4
400899741,PHX,6594,4.0,1.7,1.7
400899741,PHX,2579326,4.0,-0.6,-0.8
400899741,PHX,2596107,17.0,2.4,3.3
400899741,PHX,3136193,33.0,12.5,14.1
400899741,PHX,3136194,12.0,3.2,4.0
400899741,PHX,3907487,25.0,7.0,7.7
400899741,PHX,4011991,25.0,10.0,8.1
400899742,DET,4305,25.0,6.1,7.7
400899742,DET,6440,35.0,6.9,6.3
400899742,DET,6443,23.0,12.1,12.2
400899742,DET,6452,26.0,6.7,3.6
400899742,DET,6462,35.0,19.2,16.1
400899742,DET,6585,35.0,10.0,4.6
400899742,DET,2578259,12.0,-4.2,-3.8
400899742,DET,2581018,34.0,6.0,3.4
400899742,DET,2968439,13.0,2.1,0.3
400899742,DET,3134881,2.0,1.0,0.0
400899742,ORL,3209,30.0,8.9,7.8
400899742,ORL,3415,25.0,9.6,9.5
400899742,ORL,3439,34.0,26.6,19.0
400899742,ORL,4003,16.0,5.3,4.7
400899742,ORL,6427,30.0,7.3,5.1
400899742,ORL,6478,28.0,13.6,9.8
400899742,ORL,6588,32.0,1.4,-1.1
400899742,ORL,2583639,23.0,6.2,5.6
400899742,ORL,3064290,22.0,5.7,5.2
400899743,NOP,3414,16.0,-1.2,-1.5
400899743,NOP,3995,36.0,6.7,5.1
400899743,NOP,6460,23.0,4.4,5.4
400899743,NOP,6583,43.0,27.9,21.3
400899743,NOP,6597,25.0,6.4,4.7
400899743,NOP,2488945,16.0,0.4,-2.1
400899743,NOP,2488958,33.0,3.5,1.9
400899743,NOP,2530572,13.0,-0.2,-1.1
400899743,NOP,2531362,19.0,-0.4,-0.4
400899743,NOP,2990984,15.0,11.3,10.4
400899743,OKC,3468,38.0,19.2,13.8
400899743,OKC,3474,25.0,-1.6,-1.8
400899743,OKC,6447,30.0,14.4,11.0
400899743,OKC,2527963,35.0,10.2,7.7
400899743,OKC,2530596,37.0,12.9,10.5
400899743,OKC,2959753,18.0,5.1,3.4
400899743,OKC,2983526,11.0,2.7,2.4
400899743,OKC,2991070,14.0,4.4,5.0
400899743,OKC,2991235,9.0,8.0,6.1
400899743,OKC,3155942,25.0,3.0,1.3
400899744,NYK,1975,36.0,9.5,9.5
400899744,NYK,2421,16.0,8.0,6.5
400899744,NYK,3224,25.0,-0.7,-0.6
400899744,NYK,3456,34.0,15.8,15.0
400899744,NYK,3997,26.0,14.5,14.2
400899744,NYK,6485,17.0,0.5,0.8
400899744,NYK,6615,14.0,5.4,2.4
400899744,NYK,2284101,23.0,6.1,2.4
400899744,NYK,2999409,12.0,7.3,5.8
400899744,NYK,3102531,35.0,10.5,5.3
400899744,NYK,3138120,4.0,1.3,1.7
400899744,SAC,1765,17.0,-2.3,-4.2
400899744,SAC,3005,35.0,17.3,13.4
400899744,SAC,3187,17.0,2.2,0.6
400899744,SAC,3444,19.0,2.7,1.0
400899744,SAC,3554,20.0,6.2,4.7
400899744,SAC,3973,39.0,11.9,10.5
400899744,SAC,4000,9.0,-1.7,-2.7
400899744,SAC,4023,18.0,4.8,3.4
400899744,SAC,4258,43.0,26.9,21.4
400899744,SAC,2991282,23.0,6.7,7.0
400899745,IND,2389,18.0,5.4,5.0
400899745,IND,2751,35.0,10.8,8.6
400899745,IND,2778,15.0,8.2,8.1
400899745,IND,3192,5.0,2.0,2.0
400899745,IND,3235,21.0,11.6,11.9
400899745,IND,3244,30.0,13.7,13.1
400899745,IND,4015,35.0,12.4,10.7
400899745,IND,4251,34.0,13.9,10.8
400899745,IND,6424,3.0,1.0,1.4
400899745,IND,2991039,14.0,-0.2,-0.7
400899745,IND,3133628,30.0,9.0,6.8
400899745,LAC,165,27.0,7.3,6.9
400899745,LAC,662,8.0,-0.8,-1.4
400899745,LAC,2753,14.0,0.9,1.7
400899745,LAC,2779,35.0,16.4,16.0
400899745,LAC,3024,31.0,4.1,5.2
400899745,LAC,3442,35.0,13.4,7.1
400899745,LAC,3451,27.0,5.8,4.5
400899745,LAC,3460,12.0,1.6,3.3
400899745,LAC,3989,34.0,20.2,15.4
400899745,LAC,4247,3.0,0.0,0.0
400899745,LAC,6617,15.0,2.9,2.3
400899746,DEN,2439,30.0,9.7,4.7
400899746,DEN,3194,26.0,5.7,4.7
400899746,DEN,3413,23.0,7.1,4.4
400899746,DEN,3428,38.0,21.2,18.0
400899746,DEN,4232,1.0,0.0,0.0
400899746,DEN,6433,13.0,0.4,0.3
400899746,DEN,6579,36.0,15.2,10.9
400899746,DEN,3102530,24.0,9.8,6.1
400899746,DEN,3892818,21.0,-2.9,-2.8
400899746,DEN,3936299,24.0,18.1,17.2
400899746,DEN,4017839,5.0,0.3,0.0
400899746,PHI,2767,36.0,14.1,11.4
400899746,PHI,3025,33.0,15.3,12.6
400899746,PHI,3993,26.0,12.3,8.6
400899746,PHI,6634,15.0,-1.2,-2.4
400899746,PHI,2530530,15.0,0.2,-1.3
400899746,PHI,2991042,35.0,0.0,0.3
400899746,PHI,2993370,18.0,10.9,10.2
400899746,PHI,3032978,25.0,11.6,9.3
400899746,PHI,3059318,26.0,8.7,5.5
400899746,PHI,3893019,10.0,1.5,0.6
400899747,CLE,1006,16.0,3.9,3.4
400899747,CLE,1708,7.0,-0.7,-0.7
400899747,CLE,1966,42.0,28.9,26.2
400899747,CLE,2444,10.0,1.0,0.0
400899747,CLE,2754,19.0,8.2,7.4
400899747,CLE,3449,38.0,20.8,18.0
400899747,CLE,6442,37.0,13.3,14.6
400899747,CLE,6453,21.0,4.0,4.3
400899747,CLE,6468,20.0,0.4,2.4
400899747,CLE,6474,29.0,9.4,5.4
400899747,TOR,3012,40.0,22.4,21.6
400899747,TOR,3970,33.0,2.3,2.9
400899747,TOR,3978,39.0,25.2,22.2
400899747,TOR,4264,30.0,5.1,4.5
400899747,TOR,6446,13.0,6.6,6.8
400899747,TOR,6477,25.0,3.3,1.6
400899747,TOR,6619,22.0,11.9,10.7
400899747,TOR,2595516,5.0,-0.1,0.0
400899747,TOR,3032980,15.0,7.0,4.7
400899747,TOR,3149673,18.0,5.3,4.4
400899748,BKN,3003,15.0,3.2,1.0
400899748,BKN,3448,31.0,23.0,22.2
400899748,BKN,3593,29.0,9.5,9.8
400899748,BKN,4270,31.0,14.6,10.2
400899748,BKN,6590,13.0,-0.8,-1.4
400899748,BKN,2488689,33.0,19.4,17.3
400899748,BKN,2528794,28.0,4.9,3.6
400899748,BKN,2991473,13.0,5.1,4.8
400899748,BKN,3064291,23.0,5.9,5.1
400899748,BKN,3136477,24.0,2.1,2.1
400899748,WAS,2758,33.0,11.5,8.2
400899748,WAS,3232,8.0,2.9,1.7
400899748,WAS,4017,18.0,10.3,6.6
400899748,WAS,4237,36.0,24.1,20.8
400899748,WAS,6461,33.0,14.7,11.1
400899748,WAS,6580,36.0,12.2,9.5
400899748,WAS,6614,7.0,-1.1,-0.7
400899748,WAS,6621,4.0,-0.7,-0.7
400899748,WAS,2579260,12.0,6.7,7.1
400899748,WAS,2594922,36.0,16.7,14.9
400899748,WAS,3133603,18.0,6.3,5.3
400899749,ATL,2011,32.0,11.5,9.7
400899749,ATL,2384,19.0,2.3,0.6
400899749,ATL,2433,4.0,0.3,0.7
400899749,ATL,3015,39.0,19.9,16.6
400899749,ATL,3028,33.0,7.9,3.6
400899749,ATL,6637,18.0,-4.3,-4.4
400899749,ATL,2282205,14.0,1.9,2.7
400899749,ATL,2490089,22.0,10.1,9.5
400899749,ATL,2528210,26.0,8.9,8.4
400899749,ATL,3032979,34.0,16.3,13.2
400899749,OKC,3468,34.0,28.6,23.7
400899749,OKC,3474,26.0,12.6,11.4
400899749,OKC,6447,15.0,4.7,4.3
400899749,OKC,2527963,36.0,6.5,5.3
400899749,OKC,2530596,38.0,-0.4,-0.4
400899749,OKC,2959753,5.0,2.6,1.7
400899749,OKC,2983526,14.0,3.0,1.8
400899749,OKC,2991070,25.0,5.5,4.1
400899749,OKC,2991235,28.0,8.6,8.0
400899749,OKC,3155942,19.0,2.1,1.7
400899750,CHI,1987,36.0,22.8,21.0
400899750,CHI,3447,33.0,12.0,8.5
400899750,CHI,3986,27.0,6.5,4.4
400899750,CHI,6430,37.0,24.4,20.9
400899750,CHI,6459,27.0,15.9,11.6
400899750,CHI,2490589,29.0,6.5,5.4
400899750,CHI,2531047,23.0,0.9,0.2
400899750,CHI,2999549,22.0,-2.4,-2.8
400899750,CHI,3064482,6.0,3.4,1.4
400899750,POR,4239,29.0,8.4,8.6
400899750,POR,4248,17.0,3.3,1.5
400899750,POR,4259,30.0,5.9,4.7
400899750,POR,6591,31.0,8.3,6.7
400899750,POR,6605,12.0,-2.1,-0.3
400899750,POR,6606,34.0,26.7,22.5
400899750,POR,2488653,23.0,10.6,6.4
400899750,POR,2490149,30.0,16.4,16.9
400899750,POR,2531210,33.0,13.1,11.4
400899751,MIL,841,13.0,-1.1,-1.4
400899751,MIL,3418,14.0,5.7,5.1
400899751,MIL,4260,21.0,8.6,6.1
400899751,MIL,4385,21.0,5.2,4.3
400899751,MIL,6592,26.0,6.6,3.2
400899751,MIL,2489716,32.0,3.2,4.0
400899751,MIL,2528353,35.0,0.4,0.2
400899751,MIL,2566769,16.0,1.3,1.7
400899751,MIL,3032977,29.0,19.8,16.4
400899751,MIL,3056600,34.0,21.0,17.8
400899751,SAS,272,21.0,4.4,0.2
400899751,SAS,996,27.0,13.6,11.2
400899751,SAS,1015,18.0,2.6,3.8
400899751,SAS,2772,9.0,1.9,1.7
400899751,SAS,2983,36.0,18.5,16.2
400899751,SAS,3988,19.0,1.6,1.3
400899751,SAS,4004,21.0,-1.2,-1.5
400899751,SAS,6426,8.0,-3.1,-1.8
400899751,SAS,6450,31.0,11.7,8.6
400899751,SAS,2579466,24.0,5.1,4.1
400899751,SAS,2580913,14.0,10.4,9.9
400899751,SAS,2968338,9.0,3.0,3.8
400899751,SAS,2993874,4.0,0.9,1.0
400899752,MEM,2367,42.0,17.8,13.2
400899752,MEM,3206,46.0,25.8,19.2
400899752,MEM,3979,8.0,-1.5,-1.7
400899752,MEM,2327577,43.0,4.1,0.5
400899752,MEM,2489530,44.0,19.3,20.1
400899752,MEM,3064511,40.0,3.8,4.5
400899752,MEM,3064517,20.0,-0.6,-1.2
400899752,MEM,3078286,20.0,8.6,6.4
400899752,MEM,3136696,21.0,2.9,3.0
400899752,MEM,3937101,6.0,-1.8,-2.0
400899752,NOP,3410,21.0,8.8,7.1
400899752,NOP,3414,13.0,-1.0,-1.5
400899752,NOP,6583,48.0,21.0,12.8
400899752,NOP,6597,32.0,6.7,4.3
400899752,NOP,2488945,39.0,8.3,5.2
400899752,NOP,2488958,47.0,8.8,7.5
400899752,NOP,2530572,36.0,17.7,17.4
400899752,NOP,2531362,29.0,6.4,4.7
400899752,NOP,2990984,24.0,5.4,4.3
400899753,BOS,2769,5.0,-1.5,-1.0
400899753,BOS,3213,35.0,14.9,12.2
400899753,BOS,3998,21.0,6.3,4.4
400899753,BOS,4240,35.0,10.5,9.1
400899753,BOS,6472,33.0,11.4,9.6
400899753,BOS,6581,36.0,10.7,9.8
400899753,BOS,2489663,15.0,6.5,5.1
400899753,BOS,2990992,27.0,11.1,10.7
400899753,BOS,3074752,14.0,6.0,4.1
400899753,BOS,3917376,19.0,3.5,4.0
400899753,HOU,1713,8.0,0.5,-0.8
400899753,HOU,2426,33.0,11.0,8.3
400899753,HOU,3191,13.0,-1.0,-0.8
400899753,HOU,3412,29.0,2.6,-0.1
400899753,HOU,3431,31.0,15.7,14.4
400899753,HOU,3964,32.0,9.3,7.5
400899753,HOU,3992,35.0,30.3,26.0
400899753,HOU,2991055,19.0,4.6,4.4
400899753,HOU,2991184,18.0,2.5,1.0
400899753,HOU,3102529,22.0,12.2,8.8
400899754,CHA,3190,30.0,11.1,9.7
400899754,CHA,3211,8.0,3.7,3.4
400899754,CHA,3231,13.0,6.2,6.7
400899754,CHA,3416,37.0,12.1,9.1
400899754,CHA,3436,22.0,6.5,6.1
400899754,CHA,6479,35.0,14.3,12.1
400899754,CHA,6601,28.0,10.7,8.8
400899754,CHA,6603,21.0,11.9,10.8
400899754,CHA,2579258,24.0,8.3,8.9
400899754,CHA,2579294,23.0,4.2,2.3
400899754,DAL,2382,18.0,7.5,5.4
400899754,DAL,2747,11.0,1.8,0.0
400899754,DAL,2798,37.0,11.4,11.9
400899754,DAL,4032,35.0,11.7,11.0
400899754,DAL,6578,38.0,22.8,22.5
400899754,DAL,2234666,18.0,8.5,8.7
400899754,DAL,2531367,32.0,12.9,12.1
400899754,DAL,2578185,26.0,-2.7,-2.9
400899754,DAL,2968458,8.0,-1.8,-1.3
400899754,DAL,2982340,17.0,0.8,-0.1
400899755,LAL,25,12.0,1.9,2.7
400899755,LAL,2429,27.0,3.1,2.3
400899755,LAL,2799,34.0,28.2,25.8
400899755,LAL,4298,20.0,7.9,7.7
400899755,LAL,6618,16.0,2.9,2.0
400899755,LAL,2528393,12.0,7.6,6.1
400899755,LAL,2528426,38.0,9.2,8.4
400899755,LAL,2968363,18.0,0.9,1.4
400899755,LAL,3064514,37.0,10.2,7.7
400899755,LAL,3913176,25.0,0.7,0.6
400899755,UTA,1007,19.0,-2.7,-2.9
400899755,UTA,2167,26.0,13.1,13.3
400899755,UTA,4249,36.0,18.7,15.6
400899755,UTA,6454,30.0,6.6,7.2
400899755,UTA,2333797,5.0,2.7,2.4
400899755,UTA,2581177,31.0,10.5,9.3
400899755,UTA,2968436,12.0,6.6,5.0
400899755,UTA,3032976,39.0,19.6,14.0
400899755,UTA,3102528,18.0,5.8,7.8
400899755,UTA,3136196,25.0,5.9,4.0
400899756,GSW,2016,18.0,9.0,5.5
400899756,GSW,2177,9.0,4.9,2.7
400899756,GSW,2386,19.0,3.9,3.4
400899756,GSW,2393,14.0,4.6,4.8
400899756,GSW,3202,22.0,17.2,14.9
400899756,GSW,3452,15.0,10.7,8.8
400899756,GSW,3975,29.0,17.2,14.9
400899756,GSW,6475,29.0,46.2,45.6
400899756,GSW,6589,27.0,9.6,4.9
400899756,GSW,2489785,19.0,9.8,7.5
400899756,GSW,2594818,8.0,-0.2,-1.4
400899756,GSW,3137730,15.0,9.1,7.5
400899756,GSW,3155535,14.0,1.8,1.0
400899756,IND,2389,8.0,1.9,2.0
400899756,IND,2751,28.0,6.2,5.1
400899756,IND,2778,18.0,7.5,6.7
400899756,IND,3192,12.0,0.9,0.0
400899756,IND,3235,20.0,7.9,6.7
400899756,IND,3244,23.0,3.6,3.7
400899756,IND,4015,26.0,10.7,10.7
400899756,IND,4251,31.0,17.9,15.0
400899756,IND,4289,15.0,3.6,2.1
400899756,IND,6424,10.0,3.3,2.4
400899756,IND,2528386,10.0,10.6,7.0
400899756,IND,2991039,17.0,2.6,2.3
400899756,IND,3133628,24.0,3.7,2.3
400899757,ORL,3209,25.0,15.8,14.7
400899757,ORL,3415,20.0,7.2,5.9
400899757,ORL,3439,31.0,5.5,1.2
400899757,ORL,4003,16.0,16.0,15.8
400899757,ORL,6427,31.0,13.7,10.1
400899757,ORL,6478,25.0,13.5,11.6
400899757,ORL,6588,28.0,-0.8,0.3
400899757,ORL,2583639,35.0,28.7,25.2
400899757,ORL,3064290,28.0,9.6,5.7
400899757,WAS,2758,38.0,3.6,1.2
400899757,WAS,3232,10.0,4.9,4.7
400899757,WAS,4017,18.0,8.6,7.2
400899757,WAS,4237,42.0,41.3,38.6
400899757,WAS,6461,33.0,6.9,5.9
400899757,WAS,6580,37.0,8.3,8.9
400899757,WAS,6614,8.0,1.0,0.7
400899757,WAS,2579260,6.0,2.7,3.1
400899757,WAS,2594922,27.0,4.1,5.1
400899757,WAS,3133603,21.0,1.3,1.3
400899758,MIA,2184,4.0,0.6,0.6
400899758,MIA,3220,29.0,7.5,7.2
400899758,MIA,3423,40.0,24.2,21.7
400899758,MIA,3981,33.0,9.5,8.3
400899758,MIA,4262,38.0,19.4,14.8
400899758,MIA,6480,15.0,0.8,0.5
400899758,MIA,2326015,10.0,4.9,4.6
400899758,MIA,2488826,35.0,3.8,2.0
400899758,MIA,2530276,36.0,10.1,7.7
400899758,NYK,1975,36.0,22.5,22.0
400899758,NYK,3224,14.0,13.4,14.1
400899758,NYK,3445,30.0,6.5,5.1
400899758,NYK,3456,25.0,7.3,5.0
400899758,NYK,3997,24.0,4.4,3.1
400899758,NYK,6485,21.0,9.3,8.8
400899758,NYK,6615,27.0,14.4,13.0
400899758,NYK,2284101,18.0,6.5,4.4
400899758,NYK,2580349,1.0,0.0,0.0
400899758,NYK,2999409,3.0,1.3,0.0
400899758,NYK,3102531,30.0,7.9,5.8
400899758,NYK,3138120,10.0,0.6,-0.7
400899759,CHI,1987,34.0,15.8,15.1
400899759,CHI,3026,37.0,1.9,2.2
400899759,CHI,3447,33.0,7.1,3.9
400899759,CHI,3986,29.0,7.4,4.3
400899759,CHI,6430,43.0,23.6,21.5
400899759,CHI,6459,23.0,4.6,0.9
400899759,CHI,2490589,23.0,0.3,-0.4
400899759,CHI,2531047,4.0,-0.4,0.0
400899759,CHI,3113587,15.0,4.3,3.4
400899759,DET,4305,30.0,7.4,7.4
400899759,DET,6440,40.0,19.2,15.8
400899759,DET,6443,18.0,5.7,4.0
400899759,DET,6452,23.0,8.4,7.0
400899759,DET,6462,26.0,6.2,6.7
400899759,DET,6585,25.0,13.6,9.6
400899759,DET,2578259,17.0,6.9,5.7
400899759,DET,2581018,31.0,7.8,7.4
400899759,DET,2968439,23.0,10.5,6.8
400899759,DET,3134881,6.0,-3.2,-2.7
400899760,MEM,1017,22.0,9.3,6.9
400899760,MEM,2367,27.0,7.1,4.7
400899760,MEM,3206,34.0,20.2,15.7
400899760,MEM,3979,6.0,2.0,1.7
400899760,MEM,2327577,35.0,12.9,9.7
400899760,MEM,2489530,25.0,1.8,2.5
400899760,MEM,3064511,28.0,-1.0,-2.1
400899760,MEM,3064517,10.0,3.3,2.7
400899760,MEM,3078286,31.0,8.5,6.8
400899760,MEM,3136696,24.0,3.9,5.6
400899760,PHI,2767,40.0,19.2,14.6
400899760,PHI,3025,23.0,-0.3,0.0
400899760,PHI,3993,16.0,2.1,1.6
400899760,PHI,6634,23.0,3.8,3.6
400899760,PHI,2530530,25.0,7.8,6.3
400899760,PHI,2991042,38.0,6.0,4.9
400899760,PHI,2993370,34.0,6.4,4.0
400899760,PHI,3032978,25.0,10.9,10.0
400899760,PHI,3893019,16.0,0.2,1.2
400899761,MIN,4011,31.0,4.4,2.4
400899761,MIN,4267,15.0,2.7,1.7
400899761,MIN,4269,11.0,2.9,3.7
400899761,MIN,2534781,33.0,13.4,12.1
400899761,MIN,2991139,17.0,11.4,12.6
400899761,MIN,2993875,20.0,-1.9,-2.1
400899761,MIN,3059319,38.0,2.5,2.6
400899761,MIN,3064440,38.0,14.9,14.7
400899761,MIN,3136195,37.0,7.7,3.9
400899761,SAS,996,26.0,6.6,5.6
400899761,SAS,2772,12.0,4.0,2.4
400899761,SAS,2983,30.0,1.0,-1.4
400899761,SAS,3988,20.0,4.9,4.4
400899761,SAS,4004,27.0,13.0,10.5
400899761,SAS,6426,2.0,0.7,0.7
400899761,SAS,6450,36.0,28.2,26.3
400899761,SAS,2579466,18.0,3.4,2.6
400899761,SAS,2580913,24.0,6.0,4.7
400899761,SAS,2968338,21.0,4.9,6.5
400899761,SAS,2993874,22.0,13.5,11.8
400899761,SAS,2994526,2.0,-1.1,-0.7
400899762,PHX,984,28.0,7.9,8.8
400899762,PHX,2166,21.0,8.4,7.7
400899762,PHX,3033,21.0,-1.8,-2.0
400899762,PHX,3201,26.0,6.9,5.4
400899762,PHX,4238,25.0,10.2,8.1
400899762,PHX,6448,27.0,9.8,9.3
400899762,PHX,2596107,21.0,8.5,10.0
400899762,PHX,3136193,26.0,13.0,11.8
400899762,PHX,3907487,17.0,2.1,2.7
400899762,PHX,4011991,28.0,-1.1,-0.4
400899762,UTA,1007,29.0,7.1,6.0
400899762,UTA,2167,33.0,10.7,10.2
400899762,UTA,4249,36.0,25.0,20.6
400899762,UTA,6454,30.0,8.1,8.5
400899762,UTA,2333797,10.0,2.9,1.7
400899762,UTA,2581177,12.0,6.6,6.4
400899762,UTA,2968361,2.0,-0.7,-0.7
400899762,UTA,2968436,21.0,5.2,4.7
400899762,UTA,3032976,38.0,21.6,17.5
400899762,UTA,3102528,17.0,3.0,3.4
400899762,UTA,3136196,13.0,0.9,0.7
400899763,CHA,2797,26.0,9.5,7.0
400899763,CHA,3190,28.0,11.4,8.7
400899763,CHA,3231,14.0,2.2,1.6
400899763,CHA,3416,36.0,13.4,9.3
400899763,CHA,3436,16.0,1.3,0.3
400899763,CHA,6479,34.0,16.1,13.6
400899763,CHA,6601,20.0,-0.5,-2.1
400899763,CHA,6603,12.0,-2.2,-1.8
400899763,CHA,2579258,32.0,4.4,3.4
400899763,CHA,2579294,22.0,4.0,1.8
400899763,DET,4305,22.0,-1.2,-3.1
400899763,DET,6440,39.0,4.9,3.6
400899763,DET,6443,26.0,1.4,0.6
400899763,DET,6452,23.0,4.5,3.7
400899763,DET,6462,34.0,5.7,3.0
400899763,DET,6585,34.0,25.3,20.5
400899763,DET,2578259,11.0,3.5,2.0
400899763,DET,2581018,37.0,7.5,6.8
400899763,DET,2968439,14.0,-0.5,-2.4
400899764,BOS,2761,8.0,-0.2,-1.1
400899764,BOS,2769,23.0,8.9,9.2
400899764,BOS,3213,29.0,13.3,11.2
400899764,BOS,3998,14.0,2.0,1.1
400899764,BOS,4240,33.0,19.2,16.7
400899764,BOS,6581,30.0,14.6,13.1
400899764,BOS,6631,7.0,2.0,0.0
400899764,BOS,2489663,20.0,8.6,7.1
400899764,BOS,2990992,23.0,11.5,10.2
400899764,BOS,3059273,2.0,1.0,0.7
400899764,BOS,3064520,2.0,4.8,4.8
400899764,BOS,3074752,26.0,12.8,11.0
400899764,BOS,3917376,22.0,6.5,7.4
400899764,ORL,3209,22.0,1.9,1.0
400899764,ORL,3277,4.0,5.4,5.4
400899764,ORL,3415,24.0,10.4,11.7
400899764,ORL,3439,25.0,5.3,3.3
400899764,ORL,4003,16.0,4.1,5.3
400899764,ORL,6427,26.0,2.3,2.6
400899764,ORL,6478,27.0,6.6,2.3
400899764,ORL,6588,29.0,10.0,8.9
400899764,ORL,2309097,5.0,-0.8,-0.7
400899764,ORL,2488999,4.0,-0.7,-0.7
400899764,ORL,2583639,28.0,7.8,7.1
400899764,ORL,2995706,5.0,0.6,1.0
400899764,ORL,3064290,26.0,-0.2,-0.5
400899765,BKN,3003,10.0,-0.4,0.0
400899765,BKN,3448,33.0,18.3,17.0
400899765,BKN,3593,34.0,15.9,16.3
400899765,BKN,4270,37.0,10.9,7.0
400899765,BKN,6590,12.0,-1.5,-1.7
400899765,BKN,2488689,32.0,19.5,17.5
400899765,BKN,2528794,24.0,14.6,13.5
400899765,BKN,2991043,9.0,2.5,-1.4
400899765,BKN,2991473,7.0,4.1,4.1
400899765,BKN,3064291,14.0,-4.1,-4.5
400899765,BKN,3136477,29.0,11.8,7.3
400899765,DEN,2439,29.0,7.1,6.1
400899765,DEN,3194,35.0,18.0,14.9
400899765,DEN,3413,11.0,-0.5,0.7
400899765,DEN,3428,23.0,3.9,2.0
400899765,DEN,6433,12.0,4.9,5.1
400899765,DEN,6579,39.0,7.3,4.4
400899765,DEN,3102530,17.0,8.4,8.8
400899765,DEN,3112335,21.0,17.5,17.1
400899765,DEN,3892818,18.0,0.3,0.4
400899765,DEN,3936299,34.0,7.6,6.6
400899766,ATL,2011,34.0,6.1,6.4
400899766,ATL,2384,35.0,29.8,25.2
400899766,ATL,2433,4.0,-1.4,-1.0
400899766,ATL,3015,32.0,23.2,15.5
400899766,ATL,3028,29.0,11.5,9.9
400899766,ATL,2282205,17.0,-0.3,-0.7
400899766,ATL,2490089,24.0,3.9,2.0
400899766,ATL,2528210,22.0,1.1,1.3
400899766,ATL,2990962,12.0,1.7,1.6
400899766,ATL,3032979,31.0,14.1,12.3
400899766,MIA,3220,30.0,-2.1,-2.6
400899766,MIA,3423,35.0,12.8,12.1
400899766,MIA,3981,41.0,13.6,12.7
400899766,MIA,4262,36.0,0.7,-0.7
400899766,MIA,6480,20.0,-1.4,-3.5
400899766,MIA,2326015,12.0,5.0,4.1
400899766,MIA,2488826,31.0,13.3,10.4
400899766,MIA,2530276,35.0,24.0,22.1
400899767,MIL,841,10.0,-0.4,0.0
400899767,MIL,3418,22.0,9.3,6.7
400899767,MIL,4260,23.0,14.8,10.6
400899767,MIL,6592,25.0,7.4,5.2
400899767,MIL,2489716,24.0,11.6,11.5
400899767,MIL,2528353,29.0,7.2,6.6
400899767,MIL,2566769,24.0,12.9,11.5
400899767,MIL,3032977,40.0,20.4,13.8
400899767,MIL,3056600,34.0,15.5,14.6
400899767,MIL,3137733,9.0,-1.1,-1.4
400899767,POR,4239,23.0,3.7,2.3
400899767,POR,4248,18.0,0.5,0.7
400899767,POR,4259,17.0,1.4,1.7
400899767,POR,6591,32.0,7.9,5.5
400899767,POR,6605,15.0,6.7,6.7
400899767,POR,6606,39.0,24.5,22.8
400899767,POR,2488653,33.0,12.7,7.0
400899767,POR,2490149,38.0,16.7,16.2
400899767,POR,2531210,25.0,7.7,7.7
400899768,HOU,1713,19.0,11.0,9.7
400899768,HOU,2426,27.0,12.1,9.2
400899768,HOU,3191,21.0,6.8,4.7
400899768,HOU,3412,25.0,8.1,7.3
400899768,HOU,3431,24.0,20.7,19.9
400899768,HOU,3964,32.0,13.4,10.1
400899768,HOU,3992,30.0,24.7,18.9
400899768,HOU,2566741,7.0,-0.6,-2.8
400899768,HOU,2991055,9.0,5.7,5.1
400899768,HOU,2991184,23.0,11.0,11.7
400899768,HOU,3059281,3.0,0.3,0.7
400899768,HOU,3102529,20.0,12.5,7.5
400899768,LAL,25,7.0,2.0,1.3
400899768,LAL,2429,22.0,0.0,-1.4
400899768,LAL,2799,25.0,16.4,13.1
400899768,LAL,4298,15.0,4.4,5.1
400899768,LAL,6618,15.0,2.0,0.9
400899768,LAL,2528426,35.0,0.1,-0.5
400899768,LAL,2580365,23.0,1.4,-0.0
400899768,LAL,2968363,31.0,9.9,5.2
400899768,LAL,3064514,29.0,12.8,12.1
400899768,LAL,3913176,33.0,3.2,1.9
400899768,LAL,4017837,5.0,0.6,0.6
400899769,CLE,1006,18.0,2.8,2.3
400899769,CLE,1135,8.0,3.7,1.7
400899769,CLE,1708,15.0,2.2,2.0
400899769,CLE,1966,32.0,24.3,21.5
400899769,CLE,2009,8.0,8.7,8.1
400899769,CLE,2754,13.0,4.2,4.0
400899769,CLE,3449,27.0,14.9,12.3
400899769,CLE,6442,30.0,22.4,21.9
400899769,CLE,6453,21.0,7.6,7.5
400899769,CLE,6468,23.0,9.9,7.7
400899769,CLE,6474,34.0,10.1,4.0
400899769,CLE,3062892,10.0,1.3,1.7
400899769,NYK,1975,24.0,2.4,2.4
400899769,NYK,2421,9.0,-1.3,-0.3
400899769,NYK,3224,15.0,5.9,5.1
400899769,NYK,3445,31.0,14.7,13.2
400899769,NYK,3997,31.0,8.1,7.7
400899769,NYK,6485,14.0,2.5,2.3
400899769,NYK,6615,21.0,11.1,10.3
400899769,NYK,2284101,14.0,3.2,1.7
400899769,NYK,2580349,10.0,1.5,1.2
400899769,NYK,2999409,15.0,11.0,9.1
400899769,NYK,3063982,10.0,0.6,-0.7
400899769,NYK,3102531,30.0,3.2,3.2
400899769,NYK,3138120,17.0,0.2,-0.4
400899770,DAL,2382,17.0,1.4,0.6
400899770,DAL,2798,32.0,15.8,16.0
400899770,DAL,4032,33.0,13.6,11.1
400899770,DAL,6578,32.0,-2.1,-1.5
400899770,DAL,2234666,28.0,-0.4,-1.2
400899770,DAL,2531367,25.0,9.6,7.2
400899770,DAL,2578185,23.0,4.1,3.1
400899770,DAL,2968458,11.0,1.0,1.4
400899770,DAL,2982340,16.0,8.9,7.6
400899770,DAL,2991178,11.0,0.3,-2.2
400899770,DAL,3929314,12.0,2.2,1.3
400899770,SAC,1765,24.0,3.8,3.5
400899770,SAC,3005,31.0,17.1,13.9
400899770,SAC,3276,3.0,0.7,0.7
400899770,SAC,3444,17.0,8.6,7.5
400899770,SAC,3554,18.0,9.3,8.2
400899770,SAC,3973,30.0,11.6,11.4
400899770,SAC,4000,21.0,3.8,1.6
400899770,SAC,4023,27.0,14.4,15.5
400899770,SAC,4258,33.0,24.9,20.7
400899770,SAC,2578213,21.0,1.4,1.5
400899770,SAC,2991282,15.0,5.3,3.3
400899771,IND,2389,19.0,14.7,13.0
400899771,IND,2751,22.0,2.1,1.3
400899771,IND,2778,16.0,-3.0,-3.5
400899771,IND,3192,12.0,-1.0,-2.0
400899771,IND,3235,26.0,9.5,8.0
400899771,IND,3244,30.0,7.5,5.8
400899771,IND,4015,36.0,18.3,15.5
400899771,IND,4251,38.0,19.0,13.9
400899771,IND,2991039,12.0,2.2,1.3
400899771,IND,3133628,28.0,14.9,13.1
400899771,PHX,984,32.0,11.8,9.3
400899771,PHX,2166,12.0,8.7,7.1
400899771,PHX,3033,34.0,1.7,0.9
400899771,PHX,3201,25.0,3.1,0.2
400899771,PHX,4238,29.0,9.3,6.7
400899771,PHX,6448,25.0,7.2,6.0
400899771,PHX,2596107,16.0,4.3,5.0
400899771,PHX,3136193,31.0,4.9,5.3
400899771,PHX,3136194,6.0,1.6,2.4
400899771,PHX,3907487,19.0,8.1,6.0
400899771,PHX,4011991,11.0,-0.1,-2.0
400899772,GSW,2016,22.0,4.3,4.2
400899772,GSW,2177,11.0,3.7,3.4
400899772,GSW,2386,25.0,11.4,8.5
400899772,GSW,2393,17.0,4.7,3.4
400899772,GSW,3202,32.0,12.8,10.6
400899772,GSW,3452,4.0,5.1,4.4
400899772,GSW,3975,33.0,18.8,11.8
400899772,GSW,6475,35.0,17.3,17.1
400899772,GSW,6589,32.0,22.7,21.7
400899772,GSW,2489785,13.0,4.1,4.0
400899772,GSW,2594818,3.0,-2.3,-2.5
400899772,GSW,3137730,8.0,-1.4,-1.4
400899772,GSW,3155535,5.0,2.2,3.1
400899772,LAC,165,35.0,16.3,16.1
400899772,LAC,2779,32.0,11.1,10.2
400899772,LAC,3024,22.0,-2.9,-2.4
400899772,LAC,3442,32.0,11.3,9.0
400899772,LAC,3451,15.0,-0.2,-0.1
400899772,LAC,3460,16.0,12.0,11.1
400899772,LAC,3989,31.0,-2.7,-3.6
400899772,LAC,4247,15.0,4.5,4.7
400899772,LAC,6569,13.0,-0.4,0.0
400899772,LAC,6617,29.0,9.8,10.0
400899773,MIN,4011,29.0,3.3,4.7
400899773,MIN,4267,15.0,8.3,5.5
400899773,MIN,4269,13.0,7.5,5.3
400899773,MIN,2534781,33.0,7.3,6.1
400899773,MIN,2991139,19.0,1.5,2.8
400899773,MIN,2993875,20.0,1.9,2.3
400899773,MIN,3059319,36.0,14.3,15.7
400899773,MIN,3064440,39.0,23.2,24.4
400899773,MIN,3135046,1.0,-0.7,-0.7
400899773,MIN,3136195,35.0,11.1,10.2
400899773,TOR,3012,38.0,24.9,24.0
400899773,TOR,3970,33.0,8.6,7.0
400899773,TOR,3978,37.0,18.9,17.6
400899773,TOR,4264,30.0,2.5,1.7
400899773,TOR,6446,19.0,9.8,9.9
400899773,TOR,6477,29.0,16.9,17.0
400899773,TOR,6619,16.0,7.6,6.0
400899773,TOR,2595516,7.0,0.7,0.7
400899773,TOR,3032980,19.0,11.8,8.6
400899773,TOR,3149673,11.0,5.2,5.7
400899774,DEN,2439,36.0,7.4,5.8
400899774,DEN,3194,32.0,-1.6,-3.6
400899774,DEN,3413,20.0,6.3,5.5
400899774,DEN,3428,32.0,3.0,2.4
400899774,DEN,6579,43.0,7.4,6.4
400899774,DEN,3102530,21.0,8.4,8.2
400899774,DEN,3112335,28.0,14.7,13.2
400899774,DEN,3936299,17.0,0.9,0.4
400899774,DEN,4017839,12.0,3.2,2.3
400899774,WAS,2758,36.0,3.1,0.1
400899774,WAS,3232,5.0,-0.2,0.7
400899774,WAS,4017,11.0,5.2,4.7
400899774,WAS,4237,38.0,10.7,6.0
400899774,WAS,6461,33.0,10.9,11.8
400899774,WAS,6580,37.0,20.7,20.2
400899774,WAS,6614,6.0,-2.4,-2.4
400899774,WAS,2579260,12.0,5.1,4.1
400899774,WAS,2594922,36.0,6.0,2.0
400899774,WAS,3133603,25.0,7.4,6.1
400899775,MEM,1017,17.0,2.7,2.8
400899775,MEM,2367,29.0,16.5,13.8
400899775,MEM,3206,34.0,24.9,24.0
400899775,MEM,3979,27.0,10.0,10.1
400899775,MEM,2327577,34.0,5.2,1.7
400899775,MEM,2489530,32.0,-2.8,-3.6
400899775,MEM,3064511,26.0,0.2,-0.6
400899775,MEM,3064517,13.0,0.5,1.0
400899775,MEM,3078286,20.0,-1.5,-4.1
400899775,MEM,3136696,3.0,-2.4,-2.0
400899775,MEM,3937101,6.0,0.9,0.0
400899775,POR,4239,30.0,13.3,11.7
400899775,POR,4248,24.0,2.8,-1.8
400899775,POR,4259,18.0,10.1,9.1
400899775,POR,6605,17.0,-1.5,-1.4
400899775,POR,6606,36.0,8.7,9.1
400899775,POR,2488653,31.0,0.0,-3.0
400899775,POR,2490149,35.0,18.0,17.4
400899775,POR,2531210,31.0,2.6,1.1
400899775,POR,2982268,12.0,-0.8,-0.8
400899775,POR,3078284,7.0,-2.2,-1.0
400899776,NOP,3410,14.0,5.4,6.1
400899776,NOP,3414,20.0,11.9,10.9
400899776,NOP,6583,41.0,16.8,12.8
400899776,NOP,6597,19.0,2.7,2.2
400899776,NOP,2488945,29.0,5.9,5.9
400899776,NOP,2488958,38.0,3.8,3.7
400899776,NOP,2530572,28.0,12.8,11.7
400899776,NOP,2531362,18.0,-2.6,-4.2
400899776,NOP,2990984,34.0,-0.4,-1.2
400899776,PHI,2767,32.0,20.2,18.2
400899776,PHI,3025,30.0,15.7,13.9
400899776,PHI,3993,24.0,-1.7,-2.1
400899776,PHI,6634,7.0,-0.4,-0.7
400899776,PHI,2490620,31.0,4.8,2.0
400899776,PHI,2530530,19.0,2.2,1.4
400899776,PHI,2991042,22.0,15.6,15.3
400899776,PHI,2993370,20.0,7.2,5.3
400899776,PHI,3032978,25.0,9.2,8.4
400899776,PHI,3059318,27.0,11.4,5.6
400899776,PHI,3893019,3.0,-2.2,-1.4
400899777,GSW,2016,22.0,1.0,2.0
400899777,GSW,2177,12.0,3.9,3.8
400899777,GSW,2386,24.0,4.7,3.8
400899777,GSW,3202,36.0,17.2,12.3
400899777,GSW,3452,8.0,4.1,4.1
400899777,GSW,3975,36.0,18.7,16.0
400899777,GSW,6475,28.0,2.3,2.7
400899777,GSW,6589,35.0,18.7,13.1
400899777,GSW,2489785,20.0,5.0,4.0
400899777,GSW,3137730,16.0,6.6,6.1
400899777,GSW,3155535,3.0,4.1,3.4
400899777,UTA,1007,28.0,6.2,5.1
400899777,UTA,2167,26.0,4.8,4.9
400899777,UTA,6454,37.0,13.8,12.7
400899777,UTA,2333797,6.0,2.0,1.7
400899777,UTA,2968361,14.0,0.8,1.0
400899777,UTA,2968436,35.0,19.0,14.4
400899777,UTA,3032976,35.0,20.9,16.5
400899777,UTA,3102528,37.0,-3.1,-2.1
400899777,UTA,3136196,23.0,2.9,2.3
400899778,CHI,1987,34.0,15.0,12.5
400899778,CHI,3026,36.0,12.5,9.0
400899778,CHI,3447,28.0,10.1,8.5
400899778,CHI,3986,28.0,8.5,6.0
400899778,CHI,6430,38.0,9.6,5.6
400899778,CHI,6459,22.0,6.0,3.4
400899778,CHI,2490589,10.0,-2.8,-2.4
400899778,CHI,2528588,26.0,4.9,4.4
400899778,CHI,3113587,18.0,8.6,8.1
400899778,SAS,272,18.0,-3.6,-5.9
400899778,SAS,996,31.0,13.3,10.2
400899778,SAS,1015,24.0,2.6,3.1
400899778,SAS,2772,21.0,8.3,7.8
400899778,SAS,2983,31.0,6.6,2.3
400899778,SAS,3988,25.0,6.4,4.3
400899778,SAS,4004,24.0,11.6,9.7
400899778,SAS,6450,38.0,20.6,18.3
400899778,SAS,2579466,14.0,1.0,-1.8
400899778,SAS,2580913,13.0,1.6,0.7
400899779,CHA,2797,21.0,2.7,0.6
400899779,CHA,3190,21.0,5.2,4.7
400899779,CHA,3211,8.0,-0.8,-0.7
400899779,CHA,3231,18.0,9.7,8.1
400899779,CHA,3416,29.0,16.3,14.3
400899779,CHA,3436,18.0,0.8,-1.7
400899779,CHA,6479,25.0,10.2,9.2
400899779,CHA,6601,21.0,15.7,14.9
400899779,CHA,6603,19.0,12.8,10.9
400899779,CHA,6641,7.0,-3.5,-2.7
400899779,CHA,2579258,22.0,10.7,9.2
400899779,CHA,2579294,27.0,10.1,7.3
400899779,CHA,2595231,5.0,3.3,3.0
400899779,ORL,3209,24.0,1.9,1.0
400899779,ORL,3277,8.0,0.7,0.7
400899779,ORL,3415,19.0,4.7,2.9
400899779,ORL,3439,29.0,10.9,9.4
400899779,ORL,4003,20.0,2.3,0.5
400899779,ORL,6427,16.0,4.0,5.0
400899779,ORL,6478,23.0,3.5,2.2
400899779,ORL,6588,24.0,8.5,8.7
400899779,ORL,2309097,8.0,6.6,6.4
400899779,ORL,2488999,8.0,2.3,1.7
400899779,ORL,2583639,23.0,4.0,3.1
400899779,ORL,2995706,8.0,2.2,2.0
400899779,ORL,3064290,29.0,8.7,6.8
400899780,CLE,1006,15.0,-0.6,-0.7
400899780,CLE,1135,12.0,6.1,4.4
400899780,CLE,1708,22.0,4.2,4.0
400899780,CLE,1966,37.0,23.6,19.6
400899780,CLE,2009,4.0,0.7,0.0
400899780,CLE,3449,31.0,26.3,22.0
400899780,CLE,6442,33.0,15.7,15.4
400899780,CLE,6453,26.0,8.0,4.7
400899780,CLE,6468,21.0,7.5,5.7
400899780,CLE,6474,28.0,3.1,2.1
400899780,CLE,2531797,6.0,2.4,1.7
400899780,CLE,3062892,4.0,5.4,5.8
400899780,MIA,3220,19.0,1.5,2.0
400899780,MIA,3423,34.0,9.2,8.7
400899780,MIA,3981,33.0,2.7,3.6
400899780,MIA,4262,28.0,3.4,2.8
400899780,MIA,6480,31.0,13.8,12.3
400899780,MIA,2326015,20.0,11.5,10.7
400899780,MIA,2488826,37.0,6.5,4.5
400899780,MIA,2530276,38.0,6.3,2.5
400899781,BOS,2769,13.0,5.2,3.7
400899781,BOS,3213,32.0,12.6,10.9
400899781,BOS,3998,17.0,6.6,7.1
400899781,BOS,4240,34.0,11.0,11.5
400899781,BOS,6581,33.0,5.4,3.6
400899781,BOS,6631,5.0,-0.1,-0.7
400899781,BOS,2489663,23.0,7.7,2.0
400899781,BOS,2990992,36.0,7.4,6.9
400899781,BOS,3074752,25.0,5.9,5.9
400899781,BOS,3917376,22.0,5.2,4.0
400899781,TOR,3012,36.0,27.9,24.7
400899781,TOR,3978,37.0,8.6,7.5
400899781,TOR,4264,30.0,5.5,4.1
400899781,TOR,6446,24.0,1.0,1.1
400899781,TOR,6477,24.0,3.3,1.7
400899781,TOR,6619,17.0,1.4,1.3
400899781,TOR,2595516,36.0,21.9,16.8
400899781,TOR,3032980,22.0,1.4,0.1
400899781,TOR,3149673,14.0,2.2,1.7
400899782,ATL,2011,33.0,7.8,7.1
400899782,ATL,2384,28.0,11.5,8.4
400899782,ATL,3015,39.0,26.2,20.2
400899782,ATL,3028,29.0,9.9,4.7
400899782,ATL,2282205,18.0,0.0,-1.4
400899782,ATL,2490089,20.0,12.9,12.6
400899782,ATL,2528210,31.0,10.5,8.9
400899782,ATL,2990962,2.0,-0.7,-0.7
400899782,ATL,3032979,40.0,21.3,20.3
400899782,MIL,841,20.0,8.3,7.8
400899782,MIL,3418,23.0,15.2,14.3
400899782,MIL,4260,23.0,14.0,11.2
400899782,MIL,6592,25.0,9.7,7.2
400899782,MIL,2489716,27.0,3.9,2.9
400899782,MIL,2528353,31.0,3.3,0.6
400899782,MIL,2566769,28.0,9.2,7.8
400899782,MIL,3032977,24.0,2.4,1.9
400899782,MIL,3056600,39.0,18.4,16.0
400899783,HOU,1713,15.0,5.3,5.7
400899783,HOU,2426,34.0,9.6,7.1
400899783,HOU,3191,12.0,0.4,0.2
400899783,HOU,3412,32.0,9.4,7.3
400899783,HOU,3431,33.0,14.4,13.8
400899783,HOU,3964,32.0,6.5,4.1
400899783,HOU,3992,37.0,10.4,8.0
400899783,HOU,2991055,13.0,4.0,4.3
400899783,HOU,2991184,15.0,5.5,4.2
400899783,HOU,3102529,17.0,7.4,7.3
400899783,OKC,3468,36.0,16.5,12.0
400899783,OKC,3474,26.0,6.5,6.0
400899783,OKC,6447,14.0,7.8,8.4
400899783,OKC,2527963,38.0,4.3,2.6
400899783,OKC,2530596,37.0,10.1,6.9
400899783,OKC,2983526,12.0,-0.1,-0.7
400899783,OKC,2991070,23.0,4.6,1.6
400899783,OKC,2991235,29.0,21.2,18.6
400899783,OKC,3155942,24.0,0.1,-0.4
400899784,DET,2448,4.0,2.7,2.7
400899784,DET,4305,15.0,11.4,9.9
400899784,DET,4376,4.0,-0.4,0.0
400899784,DET,6440,25.0,11.5,11.7
400899784,DET,6443,29.0,9.0,10.3
400899784,DET,6452,28.0,14.8,13.0
400899784,DET,6462,35.0,10.0,8.7
400899784,DET,6585,28.0,24.0,20.7
400899784,DET,2578259,17.0,2.2,3.4
400899784,DET,2581018,31.0,8.0,5.7
400899784,DET,2968439,16.0,1.5,2.4
400899784,DET,3134881,4.0,3.0,2.4
400899784,DET,3906522,4.0,-0.7,-0.7
400899784,MIN,3457,12.0,3.7,3.4
400899784,MIN,3994,5.0,-0.4,0.0
400899784,MIN,4011,28.0,12.4,13.0
400899784,MIN,4267,20.0,4.6,3.0
400899784,MIN,2531100,12.0,-3.6,-2.8
400899784,MIN,2534781,27.0,13.9,11.9
400899784,MIN,2991139,20.0,4.7,3.3
400899784,MIN,2993875,17.0,0.1,-0.1
400899784,MIN,3059319,27.0,6.4,5.8
400899784,MIN,3064440,35.0,9.2,7.7
400899784,MIN,3135046,5.0,3.4,3.4
400899784,MIN,3136195,32.0,7.2,5.0
400899785,DAL,2382,17.0,3.3,2.7
400899785,DAL,2798,33.0,11.8,12.1
400899785,DAL,4032,36.0,19.3,17.9
400899785,DAL,6578,36.0,19.8,19.1
400899785,DAL,2326307,25.0,1.6,1.0
400899785,DAL,2531367,21.0,10.6,11.4
400899785,DAL,2578185,33.0,10.4,9.5
400899785,DAL,2968458,27.0,11.0,5.1
400899785,DAL,3929314,12.0,1.5,1.0
400899785,IND,2389,17.0,4.5,4.0
400899785,IND,2751,22.0,-3.7,-3.1
400899785,IND,2778,28.0,17.2,14.8
400899785,IND,3192,15.0,5.2,5.4
400899785,IND,3235,27.0,13.0,12.3
400899785,IND,3244,20.0,2.2,0.3
400899785,IND,4015,31.0,10.0,8.1
400899785,IND,4251,40.0,13.1,11.0
400899785,IND,2991039,8.0,5.7,4.7
400899785,IND,3133628,31.0,15.2,14.1
400899786,LAL,2429,37.0,6.3,2.0
400899786,LAL,2799,35.0,26.0,24.3
400899786,LAL,4298,20.0,5.5,6.4
400899786,LAL,6618,11.0,6.9,6.4
400899786,LAL,2528426,34.0,1.6,2.9
400899786,LAL,2580365,21.0,8.7,6.3
400899786,LAL,2968363,19.0,9.7,10.2
400899786,LAL,3064514,33.0,7.1,5.7
400899786,LAL,3913176,31.0,8.4,7.3
400899786,PHX,984,23.0,4.5,0.2
400899786,PHX,2166,29.0,18.4,15.8
400899786,PHX,3033,25.0,4.2,3.4
400899786,PHX,3201,30.0,2.9,4.0
400899786,PHX,4238,33.0,31.2,26.3
400899786,PHX,6448,23.0,12.7,11.8
400899786,PHX,2596107,34.0,17.4,12.5
400899786,PHX,3136193,28.0,5.2,7.0
400899786,PHX,3907487,8.0,3.8,4.7
400899786,PHX,4011991,8.0,0.2,0.3
400899787,NYK,1975,36.0,23.8,21.2
400899787,NYK,2421,9.0,-2.2,-0.6
400899787,NYK,3224,28.0,4.9,1.7
400899787,NYK,3445,33.0,5.4,5.3
400899787,NYK,3997,39.0,9.6,8.5
400899787,NYK,6485,18.0,3.5,3.0
400899787,NYK,6615,20.0,12.3,10.7
400899787,NYK,2284101,15.0,5.6,5.4
400899787,NYK,3102531,35.0,8.4,6.9
400899787,NYK,3138120,7.0,3.3,2.7
400899787,SAC,3005,35.0,4.9,4.4
400899787,SAC,3276,27.0,6.4,6.4
400899787,SAC,3444,14.0,2.8,3.1
400899787,SAC,3554,20.0,9.9,9.8
400899787,SAC,3973,30.0,12.9,10.4
400899787,SAC,4000,18.0,4.2,3.7
400899787,SAC,4023,26.0,5.3,2.3
400899787,SAC,4258,36.0,22.2,16.6
400899787,SAC,2578213,22.0,10.3,8.8
400899787,SAC,2991282,12.0,-0.8,0.0
400899788,MIL,841,11.0,2.7,2.7
400899788,MIL,3418,5.0,-1.0,-1.0
400899788,MIL,4260,23.0,5.4,4.8
400899788,MIL,4385,26.0,20.6,19.8
400899788,MIL,6592,25.0,10.1,8.9
400899788,MIL,2489716,31.0,3.2,3.7
400899788,MIL,2528353,33.0,-0.4,-1.4
400899788,MIL,2566769,20.0,8.2,8.1
400899788,MIL,3032977,41.0,20.8,19.0
400899788,MIL,3056600,24.0,-0.2,0.2
400899788,WAS,2758,35.0,10.2,8.9
400899788,WAS,3232,4.0,1.6,2.4
400899788,WAS,4017,11.0,2.7,2.4
400899788,WAS,4237,39.0,19.2,16.5
400899788,WAS,6461,34.0,15.3,9.9
400899788,WAS,6580,37.0,14.7,14.7
400899788,WAS,6614,9.0,0.1,1.0
400899788,WAS,2579260,9.0,3.7,3.7
400899788,WAS,2594922,33.0,8.6,6.7
400899788,WAS,3133603,29.0,19.3,15.5
400899789,DEN,2439,26.0,5.6,5.4
400899789,DEN,3413,23.0,4.7,5.1
400899789,DEN,3428,33.0,18.7,18.1
400899789,DEN,6433,24.0,16.9,15.6
400899789,DEN,6579,24.0,12.0,12.7
400899789,DEN,3102530,21.0,11.2,8.8
400899789,DEN,3112335,26.0,15.3,12.6
400899789,DEN,3892818,23.0,1.1,1.0
400899789,DEN,3936299,22.0,-0.2,-1.4
400899789,DEN,4017839,18.0,13.1,13.2
400899789,ORL,3209,25.0,12.5,11.7
400899789,ORL,3415,24.0,10.6,10.5
400899789,ORL,3439,36.0,17.5,14.4
400899789,ORL,4003,14.0,1.6,1.3
400899789,ORL,6427,34.0,13.2,11.0
400899789,ORL,6588,38.0,19.1,18.1
400899789,ORL,2309097,6.0,2.9,2.7
400899789,ORL,2583639,27.0,1.1,-0.1
400899789,ORL,2995706,7.0,2.7,1.7
400899789,ORL,3064290,22.0,11.4,10.5
400899789,ORL,3936102,7.0,1.3,1.0
400899790,IND,2389,15.0,9.1,7.0
400899790,IND,2751,19.0,11.4,11.8
400899790,IND,2778,14.0,1.6,-0.7
400899790,IND,3192,13.0,2.6,0.3
400899790,IND,3235,27.0,1.4,1.3
400899790,IND,3244,40.0,24.5,19.0
400899790,IND,4015,30.0,8.3,6.1
400899790,IND,4251,36.0,27.1,23.7
400899790,IND,2991039,14.0,3.3,3.4
400899790,IND,3133628,33.0,16.2,12.8
400899790,POR,4239,21.0,3.5,1.0
400899790,POR,4259,34.0,9.6,5.2
400899790,POR,6591,31.0,3.2,3.0
400899790,POR,6605,22.0,-1.7,-2.1
400899790,POR,6606,37.0,23.8,24.8
400899790,POR,2488653,26.0,5.0,4.5
400899790,POR,2490149,37.0,26.5,23.9
400899790,POR,2531210,26.0,8.4,7.5
400899790,POR,3078284,7.0,6.0,6.1
400899791,CHA,2797,30.0,4.5,4.9
400899791,CHA,3190,29.0,8.5,10.1
400899791,CHA,3231,18.0,2.9,2.5
400899791,CHA,3416,33.0,3.6,1.6
400899791,CHA,3436,13.0,4.2,5.1
400899791,CHA,6479,30.0,19.8,18.9
400899791,CHA,6601,23.0,1.9,1.7
400899791,CHA,6603,13.0,10.0,9.1
400899791,CHA,2579258,23.0,14.1,12.3
400899791,CHA,2579294,29.0,2.8,2.6
400899791,CLE,1006,17.0,4.9,5.5
400899791,CLE,1966,42.0,40.0,35.1
400899791,CLE,2444,32.0,3.0,4.0
400899791,CLE,3449,36.0,17.9,15.0
400899791,CLE,6442,36.0,4.4,4.7
400899791,CLE,6453,15.0,-3.1,-3.0
400899791,CLE,6468,32.0,14.5,12.8
400899791,CLE,6474,28.0,12.3,10.1
400899791,CLE,2531797,1.0,-0.7,-0.7
400899792,CHI,1987,35.0,16.8,14.3
400899792,CHI,3026,33.0,5.6,3.2
400899792,CHI,3447,31.0,6.9,3.4
400899792,CHI,3986,26.0,9.1,8.4
400899792,CHI,6430,38.0,28.8,24.8
400899792,CHI,6459,22.0,7.5,6.1
400899792,CHI,2528588,26.0,2.8,1.9
400899792,CHI,2531047,6.0,-1.1,-1.4
400899792,CHI,2999549,5.0,1.6,1.3
400899792,CHI,3113587,17.0,8.2,7.5
400899792,MIA,3220,23.0,7.5,6.1
400899792,MIA,3423,35.0,15.5,15.1
400899792,MIA,3981,25.0,4.8,5.4
400899792,MIA,4262,33.0,13.9,10.3
400899792,MIA,6480,25.0,7.4,5.9
400899792,MIA,2326015,15.0,9.6,8.8
400899792,MIA,2488826,25.0,0.2,-1.4
400899792,MIA,2530276,34.0,8.0,8.7
400899792,MIA,2581190,26.0,7.1,6.7
400899793,GSW,2177,15.0,9.6,7.5
400899793,GSW,2393,18.0,1.6,1.7
400899793,GSW,2419,18.0,0.5,0.1
400899793,GSW,3202,31.0,15.7,12.0
400899793,GSW,3452,9.0,2.4,1.2
400899793,GSW,3975,31.0,8.9,8.3
400899793,GSW,6475,31.0,0.7,-0.2
400899793,GSW,6589,26.0,3.3,2.0
400899793,GSW,2489785,23.0,7.9,6.7
400899793,GSW,2594818,8.0,1.3,1.7
400899793,GSW,3064559,9.0,-2.8,-2.0
400899793,GSW,3137730,21.0,2.9,1.0
400899793,MEM,1017,21.0,11.9,10.8
400899793,MEM,2367,38.0,13.6,11.1
400899793,MEM,3206,32.0,19.9,16.5
400899793,MEM,3979,23.0,3.2,1.0
400899793,MEM,2327577,29.0,12.9,11.1
400899793,MEM,2489530,22.0,2.0,1.2
400899793,MEM,3064511,35.0,9.4,7.0
400899793,MEM,3064517,17.0,12.6,10.8
400899793,MEM,3078286,19.0,9.9,9.1
400899793,MEM,3136696,2.0,-1.7,-1.7
400899793,MEM,3937101,2.0,-0.1,0.0
400899794,DAL,2382,4.0,-1.0,-1.0
400899794,DAL,2798,32.0,7.5,7.4
400899794,DAL,4032,35.0,16.3,15.1
400899794,DAL,6578,32.0,14.6,13.8
400899794,DAL,2234666,14.0,-3.9,-3.1
400899794,DAL,2326307,26.0,8.3,6.8
400899794,DAL,2531367,26.0,11.0,7.9
400899794,DAL,2578185,30.0,9.9,7.4
400899794,DAL,2968458,12.0,0.1,-1.0
400899794,DAL,2982340,12.0,-0.4,-0.1
400899794,DAL,2991178,4.0,0.3,0.0
400899794,DAL,3929314,13.0,-1.5,-1.7
400899794,HOU,2426,33.0,12.1,10.0
400899794,HOU,3191,11.0,3.7,3.1
400899794,HOU,3412,30.0,0.6,-1.1
400899794,HOU,3431,26.0,10.6,11.4
400899794,HOU,3964,29.0,14.0,12.8
400899794,HOU,3992,40.0,22.6,18.3
400899794,HOU,2566741,1.0,0.0,0.0
400899794,HOU,2991055,19.0,12.5,11.9
400899794,HOU,2991184,23.0,4.9,4.8
400899794,HOU,3059281,1.0,0.0,0.0
400899794,HOU,3102529,27.0,12.0,12.1
400899795,BKN,1781,16.0,12.7,11.8
400899795,BKN,3003,21.0,1.4,1.0
400899795,BKN,3448,25.0,17.2,15.9
400899795,BKN,3593,27.0,15.5,14.7
400899795,BKN,4270,27.0,7.0,5.8
400899795,BKN,2488689,24.0,1.9,2.3
400899795,BKN,2528794,19.0,5.0,4.6
400899795,BKN,2580782,10.0,5.4,3.1
400899795,BKN,2991043,15.0,-0.8,-1.7
400899795,BKN,2991473,15.0,-0.3,-1.4
400899795,BKN,3064291,19.0,6.4,3.3
400899795,BKN,3136477,23.0,0.1,0.3
400899795,SAS,272,18.0,3.3,1.4
400899795,SAS,996,25.0,7.9,7.7
400899795,SAS,1015,20.0,14.6,13.3
400899795,SAS,2772,19.0,9.9,8.5
400899795,SAS,2983,22.0,12.7,11.3
400899795,SAS,3988,23.0,6.2,4.0
400899795,SAS,4004,16.0,15.1,12.5
400899795,SAS,6426,21.0,7.0,2.6
400899795,SAS,6450,27.0,27.3,24.2
400899795,SAS,2579466,18.0,12.2,12.6
400899795,SAS,2580913,8.0,7.2,5.8
400899795,SAS,2968338,12.0,3.1,2.4
400899795,SAS,2993874,10.0,0.1,-0.7
400899796,SAC,1765,15.0,1.1,0.3
400899796,SAC,3005,33.0,15.7,13.0
400899796,SAC,3187,4.0,0.0,0.0
400899796,SAC,3276,4.0,1.3,0.7
400899796,SAC,3444,13.0,3.0,2.7
400899796,SAC,3554,27.0,12.0,9.5
400899796,SAC,3973,32.0,10.7,10.1
400899796,SAC,4000,17.0,2.1,1.4
400899796,SAC,4023,24.0,2.8,0.6
400899796,SAC,4258,34.0,7.1,4.5
400899796,SAC,2578213,26.0,-1.4,-2.3
400899796,SAC,2991282,12.0,1.9,2.0
400899796,UTA,1007,25.0,6.9,5.1
400899796,UTA,2167,17.0,2.0,2.1
400899796,UTA,4249,32.0,17.3,15.4
400899796,UTA,6454,28.0,4.4,4.2
400899796,UTA,2333797,12.0,5.8,1.3
400899796,UTA,2968361,11.0,9.4,7.5
400899796,UTA,2968436,38.0,11.6,9.6
400899796,UTA,3032976,36.0,21.1,15.2
400899796,UTA,3102528,22.0,3.9,1.7
400899796,UTA,3136196,19.0,7.2,5.6
400899797,LAC,165,26.0,16.9,16.3
400899797,LAC,662,4.0,1.0,0.0
400899797,LAC,2745,11.0,-0.2,-0.3
400899797,LAC,2779,30.0,28.9,25.6
400899797,LAC,3024,34.0,7.9,7.6
400899797,LAC,3442,23.0,17.0,16.4
400899797,LAC,3451,19.0,3.2,1.6
400899797,LAC,3460,25.0,16.0,14.6
400899797,LAC,4247,22.0,8.6,7.4
400899797,LAC,6569,19.0,3.6,2.7
400899797,LAC,6617,28.0,17.5,16.6
400899797,NOP,3410,19.0,1.9,0.7
400899797,NOP,3414,18.0,1.3,-0.0
400899797,NOP,4229,16.0,0.2,-0.4
400899797,NOP,6597,26.0,11.0,11.4
400899797,NOP,2488945,35.0,15.9,17.6
400899797,NOP,2488958,30.0,12.3,12.2
400899797,NOP,2530572,30.0,3.4,2.8
400899797,NOP,2990984,36.0,10.7,9.8
400899797,NOP,3919335,31.0,15.2,12.3
400899798,DET,4305,23.0,-0.8,-0.6
400899798,DET,6440,35.0,4.3,1.3
400899798,DET,6443,28.0,2.3,1.2
400899798,DET,6452,22.0,1.6,1.7
400899798,DET,6462,37.0,21.4,20.8
400899798,DET,6585,36.0,14.1,7.0
400899798,DET,2578259,20.0,-1.8,-2.1
400899798,DET,2968439,12.0,2.3,1.7
400899798,DET,3134881,26.0,8.3,4.3
400899798,PHI,2767,34.0,9.8,5.7
400899798,PHI,3993,22.0,3.1,3.1
400899798,PHI,6634,15.0,6.4,5.4
400899798,PHI,2490620,34.0,13.7,10.5
400899798,PHI,2530530,37.0,17.0,12.1
400899798,PHI,2991042,25.0,9.9,9.1
400899798,PHI,2991280,10.0,6.3,5.7
400899798,PHI,2993370,11.0,0.9,0.6
400899798,PHI,3032978,20.0,2.7,2.4
400899798,PHI,3135048,27.0,8.9,5.7
400899798,PHI,3893019,5.0,4.7,3.4
400899799,BOS,2769,29.0,7.9,5.5
400899799,BOS,3213,33.0,15.4,14.2
400899799,BOS,3998,12.0,-0.8,-0.7
400899799,BOS,4240,35.0,9.4,6.3
400899799,BOS,6581,27.0,13.5,13.6
400899799,BOS,2489663,22.0,6.5,3.9
400899799,BOS,2990992,36.0,10.9,9.2
400899799,BOS,3074752,29.0,2.4,2.3
400899799,BOS,3917376,18.0,9.0,8.5
400899799,OKC,3468,36.0,25.2,21.7
400899799,OKC,3474,28.0,3.3,1.3
400899799,OKC,6447,25.0,15.1,12.9
400899799,OKC,6469,7.0,1.0,1.0
400899799,OKC,2527963,10.0,-2.9,-3.4
400899799,OKC,2530596,33.0,2.4,-0.4
400899799,OKC,2959753,21.0,4.3,1.8
400899799,OKC,2983526,21.0,10.7,8.7
400899799,OKC,2991070,6.0,2.0,1.7
400899799,OKC,2991235,32.0,19.1,16.2
400899799,OKC,2995702,5.0,-0.8,0.0
400899799,OKC,3155942,17.0,3.6,1.0
400899800,GSW,2177,14.0,3.8,2.3
400899800,GSW,2386,29.0,7.2,5.0
400899800,GSW,2393,19.0,9.6,7.8
400899800,GSW,3202,37.0,14.2,12.9
400899800,GSW,3452,6.0,0.8,1.0
400899800,GSW,3975,32.0,23.0,22.3
400899800,GSW,6475,39.0,22.6,20.5
400899800,GSW,6589,35.0,16.1,14.5
400899800,GSW,2489785,6.0,0.6,0.7
400899800,GSW,3137730,7.0,0.6,0.0
400899800,GSW,3155535,18.0,2.1,2.1
400899800,MIN,3457,13.0,-0.9,-1.7
400899800,MIN,4011,32.0,5.9,5.5
400899800,MIN,2531100,6.0,0.4,0.6
400899800,MIN,2534781,36.0,7.0,4.3
400899800,MIN,2991139,16.0,3.5,3.3
400899800,MIN,2993875,15.0,6.2,5.3
400899800,MIN,3059319,41.0,15.3,14.6
400899800,MIN,3064440,42.0,15.6,16.7
400899800,MIN,3136195,39.0,24.7,22.6
400899801,NOP,3410,12.0,6.4,4.0
400899801,NOP,3414,4.0,-0.4,0.0
400899801,NOP,3995,40.0,14.2,13.9
400899801,NOP,4229,20.0,15.4,14.8
400899801,NOP,6460,22.0,3.3,2.9
400899801,NOP,6583,44.0,9.1,5.6
400899801,NOP,6597,25.0,4.5,2.6
400899801,NOP,2488945,38.0,23.5,17.0
400899801,NOP,2488958,18.0,2.0,2.0
400899801,NOP,2530572,19.0,7.9,8.7
400899801,NOP,2990984,13.0,5.2,4.9
400899801,NOP,3919335,9.0,3.5,3.7
400899801,PHX,984,36.0,17.7,14.3
400899801,PHX,2166,33.0,7.7,8.4
400899801,PHX,3033,42.0,9.2,6.0
400899801,PHX,3201,19.0,9.4,9.5
400899801,PHX,4238,40.0,21.1,20.9
400899801,PHX,6448,16.0,5.2,4.0
400899801,PHX,2596107,15.0,3.5,3.5
400899801,PHX,3136193,38.0,9.1,7.0
400899801,PHX,3136194,2.0,1.0,0.0
400899801,PHX,3907487,17.0,1.3,1.4
400899801,PHX,4011991,6.0,-0.7,-0.7
400899802,LAL,2429,32.0,19.6,16.5
400899802,LAL,2799,26.0,18.8,15.8
400899802,LAL,3243,20.0,10.5,10.7
400899802,LAL,4298,22.0,2.5,1.7
400899802,LAL,6618,11.0,1.7,1.3
400899802,LAL,2528426,32.0,13.4,13.2
400899802,LAL,2580365,20.0,6.4,6.2
400899802,LAL,3064514,34.0,15.0,14.2
400899802,LAL,3136776,17.0,-0.7,-2.7
400899802,LAL,3913176,26.0,-2.6,-0.8
400899802,NYK,1975,38.0,7.2,3.9
400899802,NYK,3224,20.0,5.4,4.5
400899802,NYK,3445,35.0,14.3,14.1
400899802,NYK,3456,34.0,18.8,17.6
400899802,NYK,3997,23.0,17.0,15.1
400899802,NYK,6485,16.0,0.6,-1.4
400899802,NYK,2284101,16.0,5.3,4.6
400899802,NYK,2999409,20.0,8.7,5.1
400899802,NYK,3102531,39.0,28.1,20.4
400899803,CHA,2797,28.0,12.9,10.7
400899803,CHA,3190,28.0,10.4,9.7
400899803,CHA,3231,13.0,7.0,7.0
400899803,CHA,3416,35.0,5.0,3.9
400899803,CHA,3436,17.0,4.9,4.4
400899803,CHA,6479,35.0,5.5,3.6
400899803,CHA,6601,20.0,7.5,3.3
400899803,CHA,6603,14.0,4.7,3.6
400899803,CHA,2579258,31.0,5.7,3.7
400899803,CHA,2579294,20.0,1.6,-0.6
400899803,IND,2389,12.0,3.9,3.7
400899803,IND,2778,19.0,6.4,5.6
400899803,IND,3192,13.0,3.5,3.7
400899803,IND,3235,21.0,8.7,8.7
400899803,IND,3244,30.0,4.7,3.3
400899803,IND,4015,35.0,17.0,16.0
400899803,IND,4251,36.0,13.9,11.8
400899803,IND,6424,7.0,3.0,2.4
400899803,IND,2991039,33.0,7.9,4.1
400899803,IND,3133628,34.0,19.1,14.4
400899804,MIL,841,9.0,-1.9,-1.1
400899804,MIL,3418,16.0,0.3,-0.3
400899804,MIL,4260,16.0,9.7,9.2
400899804,MIL,4385,19.0,-0.1,-1.4
400899804,MIL,6592,14.0,6.6,4.7
400899804,MIL,6616,3.0,-1.0,-1.0
400899804,MIL,2489716,28.0,3.0,3.8
400899804,MIL,2528353,29.0,8.9,7.8
400899804,MIL,2566769,23.0,2.8,0.3
400899804,MIL,3032977,39.0,27.9,25.3
400899804,MIL,3056600,35.0,20.0,19.5
400899804,MIL,3137733,3.0,0.7,0.7
400899804,MIL,4017843,6.0,1.5,1.3
400899804,TOR,3012,34.0,14.3,13.6
400899804,TOR,3970,29.0,10.4,9.4
400899804,TOR,3978,32.0,26.5,25.9
400899804,TOR,4264,25.0,5.3,5.2
400899804,TOR,6446,27.0,6.3,4.2
400899804,TOR,6477,23.0,9.6,8.4
400899804,TOR,6619,21.0,19.8,16.3
400899804,TOR,2595516,8.0,5.4,5.4
400899804,TOR,2991230,2.0,0.0,0.0
400899804,TOR,3032980,20.0,7.0,5.1
400899804,TOR,3134908,3.0,2.4,2.4
400899804,TOR,3149673,16.0,-1.7,-1.4
400899805,MIA,3220,18.0,8.3,7.2
400899805,MIA,3423,31.0,25.7,25.4
400899805,MIA,3981,33.0,10.5,8.0
400899805,MIA,3999,30.0,11.3,10.8
400899805,MIA,4262,34.0,17.2,10.9
400899805,MIA,2326015,5.0,-0.2,-0.1
400899805,MIA,2488826,30.0,4.1,5.1
400899805,MIA,2530276,30.0,6.8,6.1
400899805,MIA,2581190,29.0,8.2,6.8
400899805,WAS,2758,32.0,8.5,6.9
400899805,WAS,3232,10.0,3.1,2.7
400899805,WAS,4017,13.0,0.5,0.6
400899805,WAS,4237,38.0,20.7,18.2
400899805,WAS,6461,37.0,6.4,6.7
400899805,WAS,6580,35.0,20.7,18.1
400899805,WAS,2579260,14.0,0.1,0.6
400899805,WAS,2594922,37.0,4.7,4.3
400899805,WAS,3133603,24.0,4.4,3.0
400899806,BKN,1781,5.0,0.3,0.3
400899806,BKN,3448,32.0,17.8,15.8
400899806,BKN,3593,22.0,3.0,2.9
400899806,BKN,4270,32.0,10.0,3.3
400899806,BKN,4299,20.0,10.1,8.7
400899806,BKN,2488689,32.0,6.7,7.8
400899806,BKN,2528794,22.0,5.7,5.6
400899806,BKN,2580782,3.0,-0.0,-0.3
400899806,BKN,2991043,15.0,4.5,4.6
400899806,BKN,2991473,18.0,6.3,6.1
400899806,BKN,3064291,15.0,12.9,10.4
400899806,BKN,3136477,24.0,9.3,9.9
400899806,HOU,1713,25.0,8.6,7.3
400899806,HOU,2426,37.0,6.6,2.2
400899806,HOU,3191,10.0,-1.6,-1.4
400899806,HOU,3412,31.0,16.1,16.1
400899806,HOU,3431,29.0,10.0,10.2
400899806,HOU,3964,32.0,11.0,9.5
400899806,HOU,3992,39.0,28.4,26.1
400899806,HOU,2991055,4.0,1.0,0.0
400899806,HOU,2991184,15.0,3.9,2.3
400899806,HOU,3102529,19.0,6.8,6.6
400899807,DAL,2382,16.0,-0.4,-0.3
400899807,DAL,2798,32.0,15.0,13.2
400899807,DAL,4032,32.0,22.0,19.2
400899807,DAL,6578,32.0,13.3,11.7
400899807,DAL,2234666,3.0,0.7,0.7
400899807,DAL,2326307,16.0,8.3,8.5
400899807,DAL,2531367,22.0,6.1,6.5
400899807,DAL,2578185,32.0,15.1,10.5
400899807,DAL,2968458,22.0,12.4,8.2
400899807,DAL,2982340,24.0,8.9,7.1
400899807,DAL,2991178,3.0,1.6,2.0
400899807,DAL,3929314,4.0,0.0,0.0
400899807,DEN,2439,17.0,-3.7,-2.1
400899807,DEN,3194,23.0,-0.9,0.0
400899807,DEN,3413,5.0,1.0,0.4
400899807,DEN,3428,28.0,8.0,5.9
400899807,DEN,4232,4.0,0.7,0.7
400899807,DEN,6433,8.0,0.6,1.0
400899807,DEN,6579,33.0,-1.2,-2.5
400899807,DEN,3102530,18.0,2.6,1.1
400899807,DEN,3112335,26.0,31.8,29.3
400899807,DEN,3892818,31.0,9.9,9.0
400899807,DEN,3936299,28.0,13.0,10.8
400899807,DEN,4017839,19.0,5.2,4.4
400899808,LAC,165,23.0,8.7,8.4
400899808,LAC,2753,24.0,8.2,6.7
400899808,LAC,2779,36.0,24.5,22.5
400899808,LAC,3024,28.0,14.6,13.3
400899808,LAC,3442,33.0,15.2,9.5
400899808,LAC,3451,22.0,8.5,7.7
400899808,LAC,3460,15.0,7.2,7.4
400899808,LAC,3989,40.0,16.8,14.9
400899808,LAC,4247,8.0,1.6,1.0
400899808,LAC,6569,12.0,-1.2,-1.4
400899808,POR,4239,30.0,12.6,13.3
400899808,POR,4248,21.0,8.0,7.5
400899808,POR,4259,14.0,7.4,6.3
400899808,POR,6591,32.0,4.5,3.4
400899808,POR,6605,3.0,-0.4,0.0
400899808,POR,6606,37.0,20.9,18.5
400899808,POR,2488653,34.0,19.7,15.9
400899808,POR,2490149,33.0,13.9,14.8
400899808,POR,2531210,21.0,8.3,6.7
400899808,POR,3078284,15.0,2.2,0.7
400899809,LAL,25,2.0,-1.0,-1.0
400899809,LAL,2429,26.0,16.1,13.2
400899809,LAL,2799,26.0,7.4,5.4
400899809,LAL,3243,26.0,2.1,0.9
400899809,LAL,4298,23.0,6.9,7.2
400899809,LAL,6618,19.0,7.4,2.1
400899809,LAL,2528426,22.0,11.9,11.4
400899809,LAL,2580365,17.0,0.0,-1.4
400899809,LAL,2968363,2.0,0.0,0.0
400899809,LAL,3064514,28.0,-1.1,-1.7
400899809,LAL,3136776,20.0,13.2,12.9
400899809,LAL,3913176,26.0,3.0,2.6
400899809,LAL,4017837,2.0,-1.7,-1.7
400899809,SAC,3005,14.0,9.2,5.0
400899809,SAC,3187,13.0,-1.9,-1.1
400899809,SAC,3276,12.0,0.1,0.4
400899809,SAC,3444,32.0,14.1,9.9
400899809,SAC,3554,30.0,10.7,9.0
400899809,SAC,3973,32.0,13.8,13.6
400899809,SAC,4000,26.0,8.9,4.5
400899809,SAC,4023,31.0,13.7,13.6
400899809,SAC,4258,35.0,23.9,16.5
400899809,SAC,2578213,4.0,-0.3,-1.0
400899809,SAC,2991282,11.0,6.8,6.2
400899810,CLE,1006,17.0,-0.4,-0.3
400899810,CLE,1135,3.0,0.0,0.0
400899810,CLE,1966,36.0,17.9,13.8
400899810,CLE,2009,3.0,0.0,0.0
400899810,CLE,2444,34.0,17.3,15.7
400899810,CLE,2754,15.0,3.8,4.3
400899810,CLE,3449,35.0,27.9,22.9
400899810,CLE,6453,32.0,3.3,0.2
400899810,CLE,6468,24.0,2.2,1.7
400899810,CLE,6474,30.0,4.0,3.4
400899810,CLE,2531797,3.0,1.6,0.7
400899810,CLE,3062892,8.0,1.0,1.0
400899810,MEM,136,18.0,4.0,3.4
400899810,MEM,1017,31.0,15.7,12.2
400899810,MEM,2367,25.0,4.7,2.6
400899810,MEM,3979,15.0,2.1,0.0
400899810,MEM,2327577,29.0,0.4,-1.7
400899810,MEM,2489530,20.0,0.1,-0.1
400899810,MEM,3064511,31.0,10.5,7.3
400899810,MEM,3064517,19.0,6.9,6.5
400899810,MEM,3078286,36.0,2.5,3.3
400899810,MEM,3136696,4.0,6.4,5.7
400899810,MEM,3937101,11.0,5.9,5.4
400899811,ATL,2011,27.0,9.3,9.4
400899811,ATL,2384,29.0,21.0,18.2
400899811,ATL,3015,34.0,15.7,12.2
400899811,ATL,3028,30.0,17.0,13.5
400899811,ATL,6637,15.0,0.3,-0.2
400899811,ATL,2282205,14.0,5.6,6.1
400899811,ATL,2490089,24.0,4.8,3.7
400899811,ATL,2528210,30.0,7.1,7.3
400899811,ATL,2990962,2.0,3.7,3.4
400899811,ATL,3032979,34.0,16.8,15.7
400899811,ATL,3062667,2.0,0.0,0.0
400899811,ORL,3209,31.0,7.5,7.0
400899811,ORL,3415,15.0,2.3,2.7
400899811,ORL,3439,32.0,22.9,22.2
400899811,ORL,4003,26.0,17.2,14.4
400899811,ORL,6427,33.0,9.8,6.1
400899811,ORL,6588,33.0,22.6,20.7
400899811,ORL,2202117,2.0,0.0,0.0
400899811,ORL,2309097,12.0,2.0,1.4
400899811,ORL,2583639,35.0,30.7,28.9
400899811,ORL,2995706,2.0,0.0,0.0
400899811,ORL,3064290,18.0,4.4,4.4
400899811,ORL,3936102,2.0,0.0,0.0
400899812,CHI,1987,32.0,10.7,7.6
400899812,CHI,3447,33.0,14.0,11.3
400899812,CHI,3986,28.0,3.4,4.4
400899812,CHI,6430,39.0,23.0,17.7
400899812,CHI,6459,20.0,3.4,2.2
400899812,CHI,2490589,27.0,3.5,2.0
400899812,CHI,2528588,27.0,4.1,4.7
400899812,CHI,2531047,19.0,7.2,5.7
400899812,CHI,3113587,15.0,4.6,4.8
400899812,MIN,4011,35.0,16.3,14.4
400899812,MIN,4267,11.0,2.9,2.4
400899812,MIN,4269,9.0,-1.8,-1.7
400899812,MIN,2534781,37.0,13.5,11.8
400899812,MIN,2991139,13.0,-1.4,-1.3
400899812,MIN,2993875,13.0,2.9,2.6
400899812,MIN,3059319,39.0,19.4,17.1
400899812,MIN,3064440,43.0,18.9,17.9
400899812,MIN,3136195,39.0,7.1,1.4
400899813,GSW,2177,12.0,1.6,0.7
400899813,GSW,2386,31.0,7.1,6.1
400899813,GSW,2393,17.0,2.2,2.0
400899813,GSW,3202,37.0,17.6,16.4
400899813,GSW,3452,16.0,8.6,7.4
400899813,GSW,3975,34.0,23.0,22.2
400899813,GSW,6475,37.0,9.8,8.6
400899813,GSW,6589,36.0,19.4,11.6
400899813,GSW,2489785,13.0,2.8,2.6
400899813,GSW,3137730,2.0,0.7,-0.3
400899813,GSW,3155535,4.0,-0.3,-0.3
400899813,NOP,3410,13.0,1.3,-1.0
400899813,NOP,3995,30.0,9.2,4.2
400899813,NOP,4229,9.0,4.6,4.0
400899813,NOP,6460,25.0,5.3,5.8
400899813,NOP,6583,36.0,25.0,17.9
400899813,NOP,6597,21.0,10.2,5.1
400899813,NOP,2488945,30.0,13.1,12.3
400899813,NOP,2488958,30.0,7.3,7.4
400899813,NOP,2530572,28.0,14.0,11.3
400899813,NOP,2990984,18.0,5.2,4.0
400899814,NYK,1975,39.0,7.8,6.8
400899814,NYK,3224,22.0,5.5,3.2
400899814,NYK,3445,29.0,14.0,12.9
400899814,NYK,3456,10.0,-1.9,-2.2
400899814,NYK,3997,28.0,1.7,0.7
400899814,NYK,6485,23.0,4.9,4.0
400899814,NYK,6615,28.0,19.2,17.5
400899814,NYK,2284101,25.0,3.4,4.7
400899814,NYK,2580349,15.0,-1.8,-2.0
400899814,NYK,3102531,42.0,25.8,21.0
400899814,NYK,3138120,4.0,-1.9,-1.5
400899814,PHX,984,41.0,18.4,13.7
400899814,PHX,2166,18.0,4.3,2.7
400899814,PHX,3033,40.0,8.4,4.9
400899814,PHX,3201,22.0,4.6,1.7
400899814,PHX,4238,39.0,25.0,21.9
400899814,PHX,6448,20.0,7.8,7.2
400899814,PHX,2579326,9.0,-0.7,0.6
400899814,PHX,3136193,36.0,1.2,1.0
400899814,PHX,3907487,31.0,11.5,9.4
400899814,PHX,4011991,8.0,0.1,1.3
400899815,OKC,1978,8.0,0.2,-0.3
400899815,OKC,3468,27.0,11.9,11.1
400899815,OKC,3474,20.0,4.8,4.3
400899815,OKC,6447,19.0,0.7,0.5
400899815,OKC,6469,6.0,6.0,5.4
400899815,OKC,2530596,31.0,5.6,2.7
400899815,OKC,2959753,16.0,9.0,8.8
400899815,OKC,2983526,27.0,-1.8,-1.5
400899815,OKC,2991070,26.0,4.9,5.2
400899815,OKC,2991235,26.0,11.7,7.1
400899815,OKC,2995702,13.0,1.8,1.6
400899815,OKC,3155942,20.0,3.6,2.4
400899815,POR,4239,27.0,12.9,11.5
400899815,POR,4259,11.0,5.8,6.1
400899815,POR,6591,25.0,15.1,9.0
400899815,POR,6605,22.0,6.7,5.7
400899815,POR,6606,30.0,16.0,15.4
400899815,POR,2488653,29.0,14.8,11.8
400899815,POR,2490149,30.0,10.6,8.4
400899815,POR,2530780,7.0,2.6,2.7
400899815,POR,2531210,26.0,8.5,8.7
400899815,POR,2578239,5.0,1.2,1.6
400899815,POR,2982268,6.0,-1.8,-2.8
400899815,POR,3078284,19.0,3.0,2.0
400899815,POR,4064730,4.0,0.3,0.0
400899816,PHI,2767,23.0,6.5,5.2
400899816,PHI,3025,29.0,9.9,10.8
400899816,PHI,3993,25.0,13.5,12.9
400899816,PHI,6634,11.0,4.3,3.7
400899816,PHI,2490620,31.0,18.4,18.9
400899816,PHI,2530530,20.0,6.7,4.2
400899816,PHI,2991042,18.0,-0.2,0.6
400899816,PHI,2993370,7.0,5.7,5.1
400899816,PHI,3032978,13.0,-0.2,0.3
400899816,PHI,3059318,27.0,7.3,5.4
400899816,PHI,3135048,30.0,18.6,16.9
400899816,PHI,3893019,5.0,-0.1,0.7
400899816,TOR,3012,37.0,19.7,19.6
400899816,TOR,3970,20.0,7.3,6.0
400899816,TOR,3978,30.0,24.0,23.5
400899816,TOR,4264,28.0,8.2,7.7
400899816,TOR,6446,29.0,14.7,12.9
400899816,TOR,6477,34.0,15.1,12.2
400899816,TOR,6619,19.0,9.8,8.6
400899816,TOR,2595516,21.0,5.1,2.9
400899816,TOR,3134908,7.0,-1.9,-0.7
400899816,TOR,3149673,15.0,1.0,-0.0
400899817,CHA,2797,26.0,1.2,0.3
400899817,CHA,3190,22.0,10.0,10.1
400899817,CHA,3231,12.0,4.5,1.6
400899817,CHA,3416,37.0,18.6,15.6
400899817,CHA,3436,18.0,9.9,6.8
400899817,CHA,6479,36.0,13.6,13.3
400899817,CHA,6601,26.0,8.9,6.4
400899817,CHA,6603,11.0,1.3,1.0
400899817,CHA,2579258,30.0,12.1,13.1
400899817,CHA,2579294,22.0,4.1,2.2
400899817,WAS,2758,36.0,19.9,14.7
400899817,WAS,3232,18.0,12.7,9.2
400899817,WAS,4017,13.0,1.9,2.0
400899817,WAS,4237,36.0,21.7,15.3
400899817,WAS,6580,37.0,15.7,16.1
400899817,WAS,6614,5.0,-1.4,-1.4
400899817,WAS,2579260,18.0,4.6,5.1
400899817,WAS,2594922,36.0,10.6,8.5
400899817,WAS,3133603,40.0,11.1,8.7
400899818,LAC,165,19.0,-2.9,-3.2
400899818,LAC,2753,17.0,4.2,3.3
400899818,LAC,2779,32.0,15.7,14.3
400899818,LAC,3024,29.0,4.0,3.5
400899818,LAC,3442,35.0,25.6,21.6
400899818,LAC,3460,13.0,5.7,5.4
400899818,LAC,3989,33.0,15.0,14.8
400899818,LAC,4247,15.0,4.8,1.0
400899818,LAC,6569,9.0,-1.5,-0.7
400899818,LAC,6617,38.0,21.6,20.2
400899818,ORL,3209,27.0,14.8,13.5
400899818,ORL,3415,30.0,2.5,2.0
400899818,ORL,3439,31.0,5.2,4.6
400899818,ORL,4003,13.0,-2.2,-2.4
400899818,ORL,6427,34.0,8.4,6.8
400899818,ORL,6588,33.0,19.0,21.0
400899818,ORL,2309097,5.0,1.0,2.7
400899818,ORL,2583639,26.0,8.5,7.5
400899818,ORL,3064290,40.0,24.2,23.5
400899819,IND,2389,11.0,3.5,2.6
400899819,IND,2778,22.0,9.2,9.0
400899819,IND,3192,17.0,-1.1,-0.1
400899819,IND,3235,22.0,4.6,3.5
400899819,IND,3244,39.0,6.7,2.0
400899819,IND,4015,29.0,8.3,7.4
400899819,IND,4251,38.0,11.6,10.6
400899819,IND,2991039,25.0,5.9,5.0
400899819,IND,3133628,37.0,8.7,4.7
400899819,MIA,3220,18.0,7.0,6.5
400899819,MIA,3423,35.0,2.9,0.2
400899819,MIA,3981,21.0,2.0,0.9
400899819,MIA,3999,25.0,13.0,13.6
400899819,MIA,4262,34.0,23.0,18.0
400899819,MIA,2326015,7.0,3.3,2.4
400899819,MIA,2488826,18.0,2.5,2.7
400899819,MIA,2530276,33.0,13.5,10.3
400899819,MIA,2581190,30.0,7.0,5.8
400899819,MIA,3135047,21.0,-0.3,-1.5
400899820,BKN,1781,12.0,5.1,3.8
400899820,BKN,3448,33.0,10.7,9.6
400899820,BKN,3593,29.0,15.6,14.9
400899820,BKN,4270,29.0,6.9,3.9
400899820,BKN,2488689,31.0,16.4,15.7
400899820,BKN,2528794,26.0,6.6,4.2
400899820,BKN,2580782,13.0,-1.5,-1.7
400899820,BKN,2991043,11.0,4.5,2.3
400899820,BKN,2991473,13.0,2.0,1.6
400899820,BKN,3064291,19.0,6.9,5.8
400899820,BKN,3136477,24.0,6.4,7.5
400899820,LAL,2429,32.0,9.7,7.3
400899820,LAL,2799,24.0,9.4,8.7
400899820,LAL,3243,30.0,7.4,6.6
400899820,LAL,4298,33.0,11.6,9.7
400899820,LAL,2528426,19.0,5.5,4.4
400899820,LAL,2580365,22.0,10.4,7.2
400899820,LAL,3064514,31.0,2.1,1.4
400899820,LAL,3136776,23.0,3.7,3.7
400899820,LAL,3913176,26.0,3.7,3.4
400899821,CLE,1006,10.0,1.5,0.9
400899821,CLE,1135,20.0,1.6,0.3
400899821,CLE,1708,23.0,10.0,7.9
400899821,CLE,2009,25.0,10.2,10.0
400899821,CLE,2444,25.0,0.7,-0.9
400899821,CLE,2754,23.0,-1.7,-2.8
400899821,CLE,6453,25.0,5.7,4.3
400899821,CLE,6468,22.0,0.2,-1.0
400899821,CLE,6474,28.0,8.6,5.9
400899821,CLE,2531797,16.0,4.1,3.9
400899821,CLE,3062892,23.0,13.9,11.7
400899821,MEM,136,19.0,6.5,6.1
400899821,MEM,1017,19.0,4.8,4.0
400899821,MEM,2367,33.0,10.9,7.9
400899821,MEM,3206,29.0,18.5,14.9
400899821,MEM,3979,28.0,14.1,11.5
400899821,MEM,2327577,25.0,0.6,0.3
400899821,MEM,2489530,22.0,11.8,13.1
400899821,MEM,3064511,20.0,-4.8,-3.4
400899821,MEM,3064517,23.0,8.2,5.8
400899821,MEM,3078286,19.0,1.5,-0.7
400899821,MEM,3136696,3.0,-2.0,-2.0
400899822,HOU,1713,14.0,1.4,0.2
400899822,HOU,2426,29.0,17.3,13.8
400899822,HOU,3191,13.0,3.7,3.8
400899822,HOU,3412,26.0,19.7,18.5
400899822,HOU,3431,26.0,8.6,7.4
400899822,HOU,3964,29.0,9.2,8.2
400899822,HOU,3992,30.0,20.8,16.5
400899822,HOU,2566741,6.0,-2.1,-2.0
400899822,HOU,2581029,6.0,7.4,7.4
400899822,HOU,2991055,16.0,10.3,6.7
400899822,HOU,2991184,22.0,17.7,16.6
400899822,HOU,3059281,6.0,1.4,1.1
400899822,HOU,3102529,18.0,11.1,9.5
400899822,SAC,1765,21.0,8.6,7.4
400899822,SAC,3187,8.0,-0.1,-0.4
400899822,SAC,3276,35.0,10.7,5.6
400899822,SAC,3444,25.0,8.3,7.5
400899822,SAC,3554,27.0,2.2,2.2
400899822,SAC,3973,29.0,3.9,3.1
400899822,SAC,4000,24.0,7.8,5.2
400899822,SAC,4023,30.0,13.4,13.2
400899822,SAC,2991282,23.0,11.9,9.5
400899822,SAC,3934663,12.0,7.2,5.7
400899822,SAC,3936296,7.0,1.7,1.7
400899823,DAL,2382,14.0,3.9,4.4
400899823,DAL,2798,36.0,10.7,10.3
400899823,DAL,4032,38.0,3.0,-0.4
400899823,DAL,6578,37.0,13.7,10.8
400899823,DAL,2234666,1.0,2.0,2.0
400899823,DAL,2326307,23.0,4.8,4.0
400899823,DAL,2531367,20.0,6.9,6.8
400899823,DAL,2578185,29.0,6.2,5.1
400899823,DAL,2968458,27.0,5.7,0.7
400899823,DAL,2982340,13.0,4.6,3.9
400899823,DAL,2991178,1.0,-0.8,-0.8
400899823,DAL,3929314,1.0,1.3,1.7
400899823,DET,4305,18.0,4.9,4.8
400899823,DET,6440,27.0,4.9,4.0
400899823,DET,6443,30.0,11.7,12.8
400899823,DET,6452,31.0,19.9,17.0
400899823,DET,6462,37.0,7.4,4.0
400899823,DET,6585,27.0,1.7,-0.3
400899823,DET,2581018,36.0,5.5,5.3
400899823,DET,2968439,20.0,8.4,6.1
400899823,DET,3134881,15.0,4.1,5.0
400899824,OKC,1978,16.0,4.7,3.1
400899824,OKC,3468,31.0,11.6,10.7
400899824,OKC,3474,28.0,-0.0,0.9
400899824,OKC,6447,18.0,15.9,14.7
400899824,OKC,6469,16.0,0.6,0.0
400899824,OKC,2530596,32.0,-0.3,-0.7
400899824,OKC,2959753,8.0,1.0,1.0
400899824,OKC,2983526,23.0,2.8,3.0
400899824,OKC,2991070,22.0,4.1,4.3
400899824,OKC,2991235,28.0,9.3,7.5
400899824,OKC,2995702,3.0,2.0,2.0
400899824,OKC,3155942,16.0,6.6,5.4
400899824,UTA,1007,21.0,5.5,4.7
400899824,UTA,2167,25.0,-1.3,-0.9
400899824,UTA,4249,32.0,9.8,8.6
400899824,UTA,4257,13.0,3.0,1.3
400899824,UTA,6454,29.0,13.8,12.0
400899824,UTA,2333797,4.0,4.1,4.1
400899824,UTA,2581177,31.0,17.6,18.5
400899824,UTA,2968361,2.0,0.0,0.0
400899824,UTA,2968436,21.0,11.2,11.2
400899824,UTA,2983551,2.0,1.7,1.7
400899824,UTA,3032976,30.0,15.6,10.2
400899824,UTA,3102528,17.0,6.5,7.4
400899824,UTA,3136196,14.0,0.5,-0.4
400899825,BOS,2769,17.0,3.9,2.3
400899825,BOS,3213,35.0,8.1,7.7
400899825,BOS,3998,15.0,4.3,3.3
400899825,BOS,4240,35.0,24.6,19.7
400899825,BOS,6581,36.0,11.3,9.3
400899825,BOS,6631,12.0,2.0,1.7
400899825,BOS,2489663,19.0,5.4,4.7
400899825,BOS,2990992,37.0,9.0,6.5
400899825,BOS,3074752,25.0,9.7,7.7
400899825,BOS,3917376,11.0,5.6,4.0
400899825,SAS,272,22.0,8.7,7.5
400899825,SAS,996,35.0,22.6,16.3
400899825,SAS,1015,26.0,10.6,11.6
400899825,SAS,2772,30.0,10.0,7.8
400899825,SAS,3988,23.0,1.5,2.7
400899825,SAS,4004,24.0,5.3,4.7
400899825,SAS,6426,15.0,4.0,4.1
400899825,SAS,6450,37.0,21.5,18.6
400899825,SAS,2579466,6.0,-0.4,-0.4
400899825,SAS,2580913,16.0,8.5,7.5
400899825,SAS,2993874,6.0,2.3,0.0
400899826,CHI,1987,33.0,15.3,13.5
400899826,CHI,3026,29.0,5.4,4.2
400899826,CHI,3447,25.0,6.2,5.1
400899826,CHI,3986,24.0,15.9,15.8
400899826,CHI,6430,38.0,14.0,11.5
400899826,CHI,2528588,28.0,4.8,4.4
400899826,CHI,2999549,19.0,1.1,0.6
400899826,CHI,3064482,23.0,0.6,-0.8
400899826,CHI,3113587,21.0,8.6,6.4
400899826,MIL,841,17.0,3.5,4.1
400899826,MIL,4260,22.0,9.2,5.4
400899826,MIL,4385,19.0,7.2,8.4
400899826,MIL,6592,26.0,5.4,3.0
400899826,MIL,2489716,29.0,10.3,10.7
400899826,MIL,2528353,31.0,4.7,4.3
400899826,MIL,2566769,21.0,5.9,5.9
400899826,MIL,3032977,39.0,23.9,18.5
400899826,MIL,3056600,35.0,22.7,20.3
400899827,IND,2389,18.0,9.5,8.7
400899827,IND,2778,30.0,1.5,-0.2
400899827,IND,3192,13.0,-0.3,-0.6
400899827,IND,3244,36.0,2.9,-0.4
400899827,IND,4015,35.0,17.7,16.4
400899827,IND,4251,36.0,11.0,9.8
400899827,IND,6424,8.0,1.6,1.0
400899827,IND,2991039,33.0,1.3,-1.1
400899827,IND,3133628,30.0,22.8,22.3
400899827,NOP,3410,19.0,3.8,0.1
400899827,NOP,3414,7.0,0.5,0.0
400899827,NOP,3983,11.0,5.2,5.1
400899827,NOP,3995,36.0,19.1,19.2
400899827,NOP,6460,18.0,-1.9,-2.5
400899827,NOP,6583,39.0,25.3,18.4
400899827,NOP,6597,26.0,10.7,5.6
400899827,NOP,2488958,31.0,4.2,3.7
400899827,NOP,2530572,20.0,1.1,-1.2
400899827,NOP,2990984,33.0,12.9,13.1
400899828,DEN,2439,26.0,11.6,10.8
400899828,DEN,3194,35.0,10.1,8.2
400899828,DEN,3428,36.0,22.6,21.2
400899828,DEN,6433,26.0,10.6,7.7
400899828,DEN,6579,23.0,11.6,10.0
400899828,DEN,2999547,32.0,19.6,17.3
400899828,DEN,3102530,5.0,1.8,1.7
400899828,DEN,3112335,19.0,12.1,12.9
400899828,DEN,3892818,22.0,6.0,5.8
400899828,DEN,3936299,16.0,1.1,0.6
400899828,POR,4239,25.0,6.1,1.9
400899828,POR,4259,15.0,1.8,1.7
400899828,POR,6591,36.0,5.0,4.7
400899828,POR,6605,10.0,1.2,1.3
400899828,POR,6606,38.0,31.5,31.4
400899828,POR,2488653,28.0,20.9,18.5
400899828,POR,2490149,35.0,16.8,16.1
400899828,POR,2530780,1.0,0.7,0.7
400899828,POR,2531210,28.0,4.2,5.3
400899828,POR,2578239,1.0,0.0,0.0
400899828,POR,2982268,4.0,0.0,0.0
400899828,POR,3078284,18.0,2.7,2.7
400899828,POR,4064730,1.0,0.0,0.0
400899829,PHX,984,26.0,1.9,0.4
400899829,PHX,2166,17.0,3.4,3.6
400899829,PHX,3033,29.0,-0.7,0.6
400899829,PHX,3201,20.0,9.9,8.1
400899829,PHX,4238,30.0,9.5,8.0
400899829,PHX,6448,22.0,9.4,6.9
400899829,PHX,6594,3.0,2.7,2.7
400899829,PHX,2579326,7.0,2.7,3.1
400899829,PHX,3136193,36.0,7.2,5.9
400899829,PHX,3136194,5.0,1.7,1.4
400899829,PHX,3907487,31.0,7.6,6.0
400899829,PHX,3936099,3.0,2.3,2.7
400899829,PHX,4011991,12.0,0.4,0.3
400899829,SAS,272,15.0,2.5,1.0
400899829,SAS,996,24.0,16.0,14.3
400899829,SAS,1015,26.0,7.6,6.7
400899829,SAS,2772,19.0,2.1,0.0
400899829,SAS,2983,27.0,7.5,7.2
400899829,SAS,3988,16.0,4.8,6.1
400899829,SAS,4004,18.0,0.7,0.6
400899829,SAS,6426,3.0,-0.4,0.0
400899829,SAS,6450,27.0,19.6,15.2
400899829,SAS,2579466,23.0,-1.2,-1.0
400899829,SAS,2580913,23.0,11.4,9.1
400899829,SAS,2968338,3.0,4.4,4.4
400899829,SAS,2993874,16.0,6.3,6.0
400899830,GSW,2177,10.0,6.4,3.2
400899830,GSW,2386,21.0,6.4,5.1
400899830,GSW,2393,19.0,8.7,8.5
400899830,GSW,3202,33.0,14.4,9.5
400899830,GSW,3452,16.0,14.2,13.5
400899830,GSW,3975,34.0,6.4,2.7
400899830,GSW,6475,32.0,20.4,19.3
400899830,GSW,6589,32.0,4.8,2.8
400899830,GSW,2489785,11.0,5.7,5.1
400899830,GSW,2594818,3.0,0.3,0.0
400899830,GSW,3137730,15.0,-0.4,-0.7
400899830,GSW,3155535,15.0,6.9,5.4
400899830,NYK,2421,2.0,-0.7,-0.7
400899830,NYK,3224,15.0,5.2,4.1
400899830,NYK,3445,33.0,6.1,4.6
400899830,NYK,3997,29.0,5.0,3.6
400899830,NYK,6485,24.0,0.2,-0.5
400899830,NYK,6615,15.0,3.3,1.6
400899830,NYK,2284101,23.0,19.0,12.1
400899830,NYK,2566748,2.0,0.0,0.0
400899830,NYK,2580349,23.0,10.8,10.6
400899830,NYK,2999409,21.0,8.7,5.3
400899830,NYK,3063982,6.0,5.7,4.7
400899830,NYK,3102531,35.0,-0.8,-0.9
400899830,NYK,3138120,14.0,5.7,3.7
400899831,DET,2448,6.0,6.8,6.8
400899831,DET,4305,18.0,4.3,4.1
400899831,DET,6440,33.0,9.1,7.6
400899831,DET,6443,24.0,7.9,9.2
400899831,DET,6452,31.0,17.0,15.0
400899831,DET,6462,24.0,-1.6,-3.5
400899831,DET,6585,30.0,12.0,10.4
400899831,DET,2578259,6.0,2.7,2.7
400899831,DET,2581018,34.0,16.4,15.1
400899831,DET,2968439,17.0,0.8,2.4
400899831,DET,3134881,17.0,4.9,5.4
400899831,WAS,2758,38.0,14.4,12.3
400899831,WAS,3232,5.0,3.4,3.4
400899831,WAS,4017,15.0,7.5,8.4
400899831,WAS,4237,35.0,31.7,28.9
400899831,WAS,6461,18.0,9.9,8.5
400899831,WAS,6580,34.0,20.8,20.6
400899831,WAS,6614,5.0,-1.0,-1.0
400899831,WAS,6621,6.0,1.0,1.4
400899831,WAS,2579260,15.0,4.4,5.0
400899831,WAS,2594922,34.0,12.7,11.5
400899831,WAS,2991050,1.0,0.0,0.0
400899831,WAS,3133603,34.0,4.4,2.8
400899832,BKN,1781,12.0,5.9,7.1
400899832,BKN,3448,32.0,12.9,9.3
400899832,BKN,3593,30.0,5.8,5.9
400899832,BKN,4270,30.0,3.4,1.0
400899832,BKN,4299,20.0,12.3,11.8
400899832,BKN,2488689,27.0,9.8,9.3
400899832,BKN,2528794,19.0,3.5,3.3
400899832,BKN,2580782,5.0,-2.4,-2.0
400899832,BKN,2991043,11.0,6.9,5.1
400899832,BKN,2991473,14.0,4.2,4.3
400899832,BKN,3064291,19.0,9.2,8.4
400899832,BKN,3136477,24.0,5.4,5.3
400899832,ORL,3209,27.0,0.8,1.2
400899832,ORL,3415,27.0,11.5,9.4
400899832,ORL,3439,32.0,17.0,12.4
400899832,ORL,4003,18.0,10.6,6.0
400899832,ORL,6427,25.0,9.0,7.3
400899832,ORL,6478,31.0,20.2,15.1
400899832,ORL,6588,31.0,12.6,12.5
400899832,ORL,2583639,21.0,7.1,6.4
400899832,ORL,3064290,29.0,10.5,9.3
400899833,BOS,2769,13.0,2.0,0.5
400899833,BOS,3213,35.0,21.7,14.1
400899833,BOS,3998,25.0,9.2,7.8
400899833,BOS,4240,31.0,6.9,5.3
400899833,BOS,6472,35.0,17.6,17.4
400899833,BOS,6581,35.0,9.1,8.4
400899833,BOS,2489663,18.0,9.2,5.3
400899833,BOS,2990992,24.0,5.6,4.2
400899833,BOS,3074752,16.0,-0.3,-1.0
400899833,BOS,3917376,9.0,-1.2,-1.1
400899833,CHA,2797,31.0,10.3,9.5
400899833,CHA,3190,27.0,6.1,7.3
400899833,CHA,3211,14.0,-0.8,-0.1
400899833,CHA,3231,32.0,7.7,7.7
400899833,CHA,3416,36.0,15.2,9.6
400899833,CHA,6601,22.0,3.4,0.3
400899833,CHA,6603,16.0,6.6,5.7
400899833,CHA,6641,16.0,2.6,1.6
400899833,CHA,2579258,27.0,5.5,1.4
400899833,CHA,2579294,20.0,4.5,2.6
400899834,ATL,2011,23.0,14.2,14.1
400899834,ATL,2384,34.0,26.5,25.3
400899834,ATL,2433,1.0,0.0,0.0
400899834,ATL,3015,28.0,12.1,10.8
400899834,ATL,3028,28.0,3.5,-0.3
400899834,ATL,6637,22.0,6.5,5.3
400899834,ATL,2282205,22.0,6.8,8.1
400899834,ATL,2490089,18.0,8.0,6.4
400899834,ATL,2528210,36.0,6.4,3.9
400899834,ATL,3032979,29.0,20.0,20.3
400899834,TOR,3012,37.0,18.0,19.4
400899834,TOR,3970,23.0,1.3,1.5
400899834,TOR,3978,37.0,23.8,20.8
400899834,TOR,4264,35.0,10.9,9.5
400899834,TOR,6446,27.0,15.4,15.6
400899834,TOR,6477,26.0,10.1,8.2
400899834,TOR,6619,22.0,6.6,6.7
400899834,TOR,2595516,12.0,-0.5,-0.1
400899834,TOR,3032980,14.0,2.3,2.3
400899834,TOR,3149673,8.0,4.4,2.7
400899835,CHI,1987,24.0,7.0,4.5
400899835,CHI,3026,26.0,2.7,1.6
400899835,CHI,3447,28.0,5.1,4.1
400899835,CHI,3986,20.0,3.5,3.7
400899835,CHI,6430,30.0,4.3,3.0
400899835,CHI,2490589,12.0,-2.5,-2.1
400899835,CHI,2528588,24.0,1.5,0.9
400899835,CHI,2531047,5.0,3.6,1.7
400899835,CHI,2999549,22.0,5.1,3.3
400899835,CHI,3064482,19.0,7.4,5.6
400899835,CHI,3113587,20.0,1.2,1.7
400899835,CHI,3893023,9.0,-0.6,-1.8
400899835,MIL,841,19.0,5.3,5.4
400899835,MIL,3018,3.0,-0.7,-0.7
400899835,MIL,4260,23.0,9.7,8.1
400899835,MIL,4385,27.0,11.7,9.4
400899835,MIL,6592,20.0,6.4,3.6
400899835,MIL,6616,5.0,-2.0,-2.0
400899835,MIL,2489716,21.0,1.2,-1.0
400899835,MIL,2528353,25.0,7.9,7.1
400899835,MIL,2566769,27.0,1.5,1.3
400899835,MIL,3032977,35.0,29.2,25.1
400899835,MIL,3056600,27.0,11.6,9.9
400899835,MIL,3137733,5.0,-0.1,-0.7
400899835,MIL,4017843,4.0,1.2,0.6
400899836,MEM,136,18.0,0.8,-2.2
400899836,MEM,1017,27.0,10.1,9.9
400899836,MEM,2367,34.0,14.2,11.4
400899836,MEM,3195,29.0,7.9,4.7
400899836,MEM,3206,36.0,12.5,11.6
400899836,MEM,2327577,21.0,6.3,4.7
400899836,MEM,2489530,28.0,7.1,6.6
400899836,MEM,3064511,19.0,5.2,6.9
400899836,MEM,3064517,12.0,2.8,3.4
400899836,MEM,3078286,16.0,-0.2,-0.7
400899836,SAC,1765,29.0,5.6,2.5
400899836,SAC,3276,30.0,6.4,7.7
400899836,SAC,3444,30.0,16.7,14.8
400899836,SAC,3973,38.0,7.1,6.7
400899836,SAC,4000,22.0,2.1,1.6
400899836,SAC,4023,37.0,16.6,13.8
400899836,SAC,4258,35.0,10.5,9.5
400899836,SAC,2578213,16.0,4.9,3.3
400899836,SAC,2991282,2.0,-2.0,-0.8
400899837,HOU,1713,10.0,2.7,1.4
400899837,HOU,2426,30.0,14.6,10.5
400899837,HOU,3191,16.0,0.3,0.7
400899837,HOU,3412,27.0,2.0,1.5
400899837,HOU,3431,28.0,21.4,19.8
400899837,HOU,3964,34.0,14.7,13.8
400899837,HOU,3992,34.0,28.9,27.0
400899837,HOU,2991055,16.0,7.1,5.8
400899837,HOU,2991184,23.0,3.4,0.5
400899837,HOU,3102529,22.0,5.7,4.0
400899837,NOP,3410,22.0,5.2,2.6
400899837,NOP,3995,35.0,3.4,1.9
400899837,NOP,4229,12.0,0.8,-0.8
400899837,NOP,6460,25.0,5.2,2.6
400899837,NOP,6583,23.0,12.9,11.7
400899837,NOP,6597,29.0,10.6,9.2
400899837,NOP,2488945,25.0,9.7,9.5
400899837,NOP,2530572,21.0,2.8,3.6
400899837,NOP,2990984,26.0,4.2,4.3
400899837,NOP,3919335,22.0,11.0,9.2
400899838,LAL,2429,32.0,7.9,5.4
400899838,LAL,2799,23.0,16.3,12.3
400899838,LAL,3243,21.0,11.9,11.7
400899838,LAL,4298,19.0,-1.7,-1.3
400899838,LAL,2528393,3.0,-1.9,-1.0
400899838,LAL,2528426,26.0,5.2,4.7
400899838,LAL,2580365,34.0,6.8,3.2
400899838,LAL,3064514,33.0,21.8,18.0
400899838,LAL,3136776,27.0,9.9,7.6
400899838,LAL,3913176,21.0,-3.6,-3.8
400899838,PHI,2767,27.0,8.3,5.7
400899838,PHI,3025,25.0,2.1,0.7
400899838,PHI,3993,22.0,0.5,0.0
400899838,PHI,2490620,36.0,5.7,5.7
400899838,PHI,2530530,23.0,10.1,7.6
400899838,PHI,2991042,26.0,7.9,7.4
400899838,PHI,2991280,8.0,2.6,1.0
400899838,PHI,3032978,20.0,2.5,2.6
400899838,PHI,3059318,29.0,6.2,5.0
400899838,PHI,3135048,24.0,14.5,12.1
400899839,LAC,165,20.0,2.5,1.6
400899839,LAC,2753,17.0,6.6,6.4
400899839,LAC,2779,34.0,11.6,11.3
400899839,LAC,3024,29.0,8.4,8.1
400899839,LAC,3442,35.0,16.5,10.8
400899839,LAC,3460,13.0,4.2,4.3
400899839,LAC,3989,38.0,13.9,12.3
400899839,LAC,4247,8.0,2.5,1.7
400899839,LAC,6569,12.0,3.3,3.3
400899839,LAC,6617,34.0,1.2,2.9
400899839,MIA,3220,17.0,6.3,6.0
400899839,MIA,3423,39.0,21.7,20.0
400899839,MIA,3981,23.0,9.7,9.8
400899839,MIA,3999,22.0,8.9,8.0
400899839,MIA,4250,8.0,-1.6,-1.4
400899839,MIA,4262,31.0,10.4,4.8
400899839,MIA,6480,2.0,2.3,2.7
400899839,MIA,2326015,6.0,-0.5,-1.5
400899839,MIA,2488826,34.0,1.0,0.6
400899839,MIA,2581190,30.0,4.3,3.9
400899839,MIA,3135047,29.0,9.4,8.6
400899840,DAL,2382,18.0,2.8,2.0
400899840,DAL,2798,35.0,18.2,16.6
400899840,DAL,4032,33.0,7.0,4.6
400899840,DAL,6578,37.0,13.2,11.4
400899840,DAL,2326307,28.0,10.8,9.7
400899840,DAL,2531367,24.0,6.8,5.9
400899840,DAL,2578185,24.0,2.8,2.7
400899840,DAL,2968458,21.0,7.1,8.2
400899840,DAL,2982340,18.0,6.3,7.6
400899840,DAL,2991178,3.0,0.8,1.7
400899840,UTA,1007,21.0,6.5,5.7
400899840,UTA,2167,18.0,4.6,5.5
400899840,UTA,4249,35.0,3.8,2.3
400899840,UTA,4257,14.0,5.2,5.0
400899840,UTA,6454,29.0,10.7,9.1
400899840,UTA,2581177,31.0,9.8,7.7
400899840,UTA,2968436,21.0,1.4,2.4
400899840,UTA,3032976,35.0,15.3,12.7
400899840,UTA,3102528,19.0,7.8,9.1
400899840,UTA,3136196,18.0,13.8,12.6
400899841,OKC,1978,6.0,6.6,6.4
400899841,OKC,3468,34.0,32.9,28.1
400899841,OKC,3474,21.0,10.4,8.4
400899841,OKC,6447,14.0,11.0,9.7
400899841,OKC,6469,14.0,2.0,1.7
400899841,OKC,2530596,35.0,9.0,6.9
400899841,OKC,2983526,22.0,4.0,3.0
400899841,OKC,2991070,29.0,5.3,3.6
400899841,OKC,2991235,29.0,15.8,14.5
400899841,OKC,2995702,12.0,-1.1,-0.7
400899841,OKC,3155942,24.0,3.8,2.1
400899841,PHX,984,27.0,12.2,10.2
400899841,PHX,2166,10.0,-2.1,-2.1
400899841,PHX,3033,33.0,5.2,3.7
400899841,PHX,3201,17.0,5.2,5.1
400899841,PHX,4238,31.0,5.8,5.3
400899841,PHX,6448,20.0,1.7,2.6
400899841,PHX,2579326,2.0,1.3,1.7
400899841,PHX,2596107,14.0,7.8,7.1
400899841,PHX,2982334,14.0,3.0,2.4
400899841,PHX,3136193,33.0,18.2,17.8
400899841,PHX,3136194,4.0,4.0,4.0
400899841,PHX,3907487,24.0,2.3,0.9
400899841,PHX,4011991,10.0,0.8,-0.7
400899842,DET,4305,19.0,3.0,2.7
400899842,DET,4376,4.0,0.9,0.9
400899842,DET,6440,31.0,8.3,7.0
400899842,DET,6443,29.0,15.6,14.9
400899842,DET,6462,34.0,5.5,5.4
400899842,DET,6585,35.0,8.1,4.6
400899842,DET,2566747,5.0,0.0,0.0
400899842,DET,2578259,12.0,2.5,1.0
400899842,DET,2581018,36.0,14.0,13.3
400899842,DET,2968439,9.0,2.1,2.0
400899842,DET,3134881,20.0,-0.9,-1.2
400899842,DET,3906522,5.0,5.4,5.4
400899842,IND,2389,17.0,5.8,3.5
400899842,IND,2778,24.0,7.5,7.0
400899842,IND,3192,18.0,2.2,3.4
400899842,IND,3244,33.0,10.7,9.9
400899842,IND,4015,31.0,19.1,15.2
400899842,IND,4251,34.0,21.1,17.4
400899842,IND,4289,3.0,-0.1,0.0
400899842,IND,6424,10.0,1.0,1.4
400899842,IND,2528386,3.0,-0.7,-0.7
400899842,IND,2990969,3.0,-0.7,-1.0
400899842,IND,2991039,36.0,11.1,8.4
400899842,IND,3133628,28.0,9.1,7.3
400899843,ATL,2011,20.0,5.2,4.0
400899843,ATL,2384,35.0,14.6,9.8
400899843,ATL,3015,34.0,15.9,13.8
400899843,ATL,3028,30.0,2.4,2.0
400899843,ATL,6637,30.0,14.1,13.6
400899843,ATL,2282205,13.0,1.9,1.7
400899843,ATL,2490089,13.0,-0.4,0.0
400899843,ATL,2528210,33.0,15.0,13.5
400899843,ATL,3032979,32.0,5.4,6.1
400899843,CHA,2797,30.0,17.6,15.5
400899843,CHA,3190,30.0,14.7,14.2
400899843,CHA,3231,14.0,6.0,4.1
400899843,CHA,3416,32.0,5.6,1.5
400899843,CHA,3436,10.0,-1.0,-1.1
400899843,CHA,6479,34.0,18.0,16.9
400899843,CHA,6601,20.0,0.7,0.0
400899843,CHA,6603,16.0,5.1,4.0
400899843,CHA,2579258,36.0,11.2,9.5
400899843,CHA,2579294,18.0,8.3,7.5
400899844,CLE,1006,18.0,6.6,6.4
400899844,CLE,1966,39.0,24.8,20.0
400899844,CLE,2444,31.0,10.3,9.4
400899844,CLE,2754,14.0,9.1,8.5
400899844,CLE,3449,33.0,24.7,19.9
400899844,CLE,6442,38.0,23.9,19.4
400899844,CLE,6453,10.0,0.2,0.7
400899844,CLE,6468,29.0,3.0,4.0
400899844,CLE,6474,27.0,6.0,5.1
400899844,CLE,2531797,1.0,0.0,0.0
400899844,LAL,2429,34.0,15.0,12.2
400899844,LAL,2799,27.0,9.4,8.5
400899844,LAL,3243,38.0,25.2,25.6
400899844,LAL,4298,15.0,-0.6,-2.1
400899844,LAL,2528426,31.0,14.2,14.5
400899844,LAL,2580365,27.0,3.4,3.1
400899844,LAL,3064514,28.0,9.4,8.9
400899844,LAL,3913176,41.0,11.3,9.3
400899845,HOU,1713,13.0,1.4,-1.8
400899845,HOU,2426,38.0,3.9,0.1
400899845,HOU,3191,10.0,-1.5,-2.1
400899845,HOU,3412,36.0,21.8,18.0
400899845,HOU,3431,36.0,17.1,14.8
400899845,HOU,3964,43.0,8.2,5.8
400899845,HOU,3992,43.0,21.6,18.5
400899845,HOU,2991055,14.0,0.8,2.0
400899845,HOU,2991184,17.0,3.4,2.8
400899845,HOU,3102529,15.0,8.7,8.2
400899845,MIN,4011,41.0,11.6,6.2
400899845,MIN,4267,14.0,3.6,2.8
400899845,MIN,4269,15.0,7.2,7.1
400899845,MIN,2534781,33.0,5.8,4.1
400899845,MIN,2991139,13.0,0.8,0.3
400899845,MIN,2993875,17.0,5.5,3.6
400899845,MIN,3059319,44.0,10.3,6.6
400899845,MIN,3064440,45.0,10.4,10.4
400899845,MIN,3136195,43.0,28.8,25.5
400899846,DEN,2439,16.0,-2.7,-2.3
400899846,DEN,3194,27.0,5.0,6.0
400899846,DEN,3413,4.0,-0.4,-0.7
400899846,DEN,3428,28.0,8.9,10.0
400899846,DEN,6433,29.0,23.3,22.2
400899846,DEN,6579,32.0,15.7,11.0
400899846,DEN,2999547,30.0,13.5,12.7
400899846,DEN,3102530,8.0,4.3,2.6
400899846,DEN,3112335,20.0,10.4,10.3
400899846,DEN,3892818,32.0,20.3,18.0
400899846,DEN,3936299,13.0,5.3,4.7
400899846,DEN,4017839,2.0,0.6,0.6
400899846,NYK,1975,36.0,21.9,21.6
400899846,NYK,2421,2.0,0.0,0.0
400899846,NYK,3224,11.0,0.1,0.0
400899846,NYK,3445,36.0,2.9,5.3
400899846,NYK,3997,36.0,13.3,11.1
400899846,NYK,6485,11.0,3.3,3.0
400899846,NYK,6615,7.0,0.0,-0.7
400899846,NYK,2284101,20.0,5.4,6.3
400899846,NYK,2580349,12.0,1.5,0.3
400899846,NYK,2999409,28.0,16.7,14.8
400899846,NYK,3063982,2.0,3.0,2.7
400899846,NYK,3102531,38.0,16.8,14.3
400899846,NYK,3138120,2.0,-0.4,0.0
400899847,GSW,2016,17.0,4.3,3.3
400899847,GSW,2177,7.0,4.7,4.1
400899847,GSW,2386,19.0,7.0,6.1
400899847,GSW,2393,16.0,7.0,5.4
400899847,GSW,3202,31.0,31.9,27.0
400899847,GSW,3452,11.0,10.1,7.7
400899847,GSW,3975,27.0,14.6,14.9
400899847,GSW,6475,25.0,10.4,9.7
400899847,GSW,6589,29.0,11.8,8.3
400899847,GSW,2489785,21.0,22.9,21.7
400899847,GSW,2594818,9.0,-0.7,-1.0
400899847,GSW,3137730,16.0,-0.8,-1.7
400899847,GSW,3155535,12.0,3.2,2.7
400899847,POR,4239,17.0,1.9,2.0
400899847,POR,4259,5.0,-0.1,0.0
400899847,POR,6591,30.0,11.1,8.3
400899847,POR,6605,17.0,3.4,2.6
400899847,POR,6606,30.0,12.6,11.4
400899847,POR,2488653,18.0,1.9,1.5
400899847,POR,2490149,25.0,6.0,5.4
400899847,POR,2530780,12.0,6.7,5.4
400899847,POR,2531210,24.0,9.5,9.1
400899847,POR,2578239,18.0,5.2,5.1
400899847,POR,2982268,12.0,-2.9,-2.9
400899847,POR,3078284,24.0,3.7,1.6
400899847,POR,4064730,8.0,-3.5,-3.4
400899848,LAC,165,29.0,0.9,0.7
400899848,LAC,2753,11.0,-0.4,-0.7
400899848,LAC,2779,37.0,11.9,10.6
400899848,LAC,3024,25.0,9.1,9.6
400899848,LAC,3442,36.0,14.6,10.8
400899848,LAC,3451,17.0,3.9,3.7
400899848,LAC,3460,12.0,11.9,12.8
400899848,LAC,3989,38.0,20.5,18.1
400899848,LAC,4247,10.0,1.9,1.4
400899848,LAC,6617,25.0,9.1,9.5
400899848,WAS,2758,39.0,6.7,4.4
400899848,WAS,4017,14.0,4.6,4.1
400899848,WAS,4237,36.0,13.9,12.1
400899848,WAS,6461,33.0,19.6,15.5
400899848,WAS,6580,38.0,31.5,30.4
400899848,WAS,6614,13.0,1.5,1.7
400899848,WAS,6621,8.0,1.0,1.4
400899848,WAS,2579260,17.0,4.2,5.0
400899848,WAS,2594922,33.0,10.9,7.7
400899848,WAS,2991050,9.0,-1.5,-0.3
400899849,MEM,136,18.0,2.5,3.0
400899849,MEM,1017,23.0,8.9,6.7
400899849,MEM,2367,34.0,11.6,9.2
400899849,MEM,3195,29.0,6.6,6.0
400899849,MEM,3206,36.0,-2.9,-4.6
400899849,MEM,2327577,32.0,10.3,7.1
400899849,MEM,2489530,11.0,-2.9,-1.7
400899849,MEM,2579321,16.0,2.5,3.6
400899849,MEM,3064511,24.0,-2.6,-1.4
400899849,MEM,3064517,13.0,4.2,4.7
400899849,MEM,3078286,5.0,-0.4,-1.0
400899849,UTA,1007,20.0,-0.6,-0.8
400899849,UTA,2167,30.0,11.0,9.9
400899849,UTA,4249,37.0,22.5,17.4
400899849,UTA,4257,14.0,5.7,2.6
400899849,UTA,6454,29.0,7.1,5.0
400899849,UTA,2581177,33.0,2.7,2.2
400899849,UTA,2968436,13.0,-0.8,-0.7
400899849,UTA,3032976,38.0,19.2,15.1
400899849,UTA,3102528,14.0,-4.0,-3.0
400899849,UTA,3136196,10.0,-3.5,-3.2
400899850,BKN,1781,12.0,2.1,2.0
400899850,BKN,3448,32.0,24.9,20.9
400899850,BKN,3593,25.0,10.5,8.0
400899850,BKN,4270,31.0,2.3,2.0
400899850,BKN,4299,22.0,12.6,10.4
400899850,BKN,2488689,26.0,5.8,4.0
400899850,BKN,2528794,28.0,13.5,12.1
400899850,BKN,2991043,11.0,0.3,0.0
400899850,BKN,2991473,13.0,0.2,-0.3
400899850,BKN,3064291,19.0,3.6,1.9
400899850,BKN,3136477,21.0,7.1,7.6
400899850,PHI,2767,31.0,16.5,15.8
400899850,PHI,3025,23.0,4.8,4.7
400899850,PHI,3993,29.0,10.7,9.5
400899850,PHI,6634,17.0,-1.6,-2.5
400899850,PHI,2490620,35.0,11.2,10.1
400899850,PHI,2530530,25.0,4.6,5.2
400899850,PHI,3032978,25.0,4.4,3.0
400899850,PHI,3059318,27.0,30.3,24.6
400899850,PHI,3135048,28.0,-0.8,-1.8
400899851,ORL,3209,25.0,-2.7,-3.2
400899851,ORL,3277,9.0,-0.7,-0.7
400899851,ORL,3415,13.0,-0.3,-1.7
400899851,ORL,3439,22.0,6.9,5.7
400899851,ORL,4003,24.0,-1.5,-1.1
400899851,ORL,6427,27.0,9.5,3.8
400899851,ORL,6478,25.0,7.2,6.8
400899851,ORL,6588,26.0,10.2,10.9
400899851,ORL,2202117,7.0,-0.9,-1.4
400899851,ORL,2309097,10.0,0.9,1.0
400899851,ORL,2583639,25.0,10.1,9.5
400899851,ORL,2995706,7.0,2.0,0.7
400899851,ORL,3064290,20.0,0.4,0.9
400899851,TOR,3012,35.0,15.4,13.9
400899851,TOR,3970,21.0,5.3,5.2
400899851,TOR,3978,30.0,23.0,21.3
400899851,TOR,4264,20.0,4.1,1.3
400899851,TOR,6477,26.0,15.3,12.9
400899851,TOR,6619,23.0,5.4,3.5
400899851,TOR,2595516,8.0,5.7,4.4
400899851,TOR,2991230,23.0,6.5,4.1
400899851,TOR,3032980,17.0,6.9,5.1
400899851,TOR,3113297,4.0,-0.7,-0.7
400899851,TOR,3134908,5.0,0.5,-0.8
400899851,TOR,3149673,28.0,6.5,4.1
400899852,BOS,2769,20.0,8.3,8.9
400899852,BOS,3213,31.0,18.4,14.6
400899852,BOS,3998,23.0,0.3,2.0
400899852,BOS,4240,34.0,12.1,11.1
400899852,BOS,6472,28.0,17.8,16.9
400899852,BOS,6581,34.0,15.7,10.9
400899852,BOS,6631,4.0,-1.1,-1.4
400899852,BOS,2489663,13.0,1.3,-1.9
400899852,BOS,2990992,27.0,4.8,1.7
400899852,BOS,3074752,18.0,4.3,4.0
400899852,BOS,3917376,8.0,1.7,1.0
400899852,MIA,3220,16.0,7.5,7.5
400899852,MIA,3423,37.0,19.8,20.2
400899852,MIA,3999,19.0,2.6,1.8
400899852,MIA,4250,5.0,-0.4,-1.4
400899852,MIA,4262,38.0,19.7,14.3
400899852,MIA,2488826,30.0,8.9,8.5
400899852,MIA,2530276,30.0,1.7,0.0
400899852,MIA,2581190,35.0,0.0,-0.5
400899852,MIA,3135047,32.0,7.2,3.6
400899853,DAL,2382,20.0,10.8,7.7
400899853,DAL,2798,33.0,12.7,12.9
400899853,DAL,4032,35.0,7.4,7.0
400899853,DAL,6578,30.0,14.7,9.2
400899853,DAL,2234666,2.0,0.3,0.7
400899853,DAL,2326307,29.0,12.3,8.8
400899853,DAL,2531367,20.0,10.7,8.5
400899853,DAL,2578185,29.0,12.6,11.8
400899853,DAL,2968458,23.0,4.2,0.7
400899853,DAL,2982340,2.0,2.6,1.3
400899853,DAL,2991178,16.0,-2.9,-3.6
400899853,DAL,3929314,2.0,-0.7,-0.7
400899853,SAC,1765,25.0,4.4,4.0
400899853,SAC,3276,23.0,6.8,4.0
400899853,SAC,3444,23.0,6.0,3.5
400899853,SAC,3973,25.0,-1.6,-1.5
400899853,SAC,4000,29.0,6.6,5.4
400899853,SAC,4023,36.0,3.7,1.0
400899853,SAC,4258,35.0,19.1,17.8
400899853,SAC,2578213,27.0,1.6,1.7
400899853,SAC,2991282,14.0,2.4,0.9
400899853,SAC,3934663,2.0,0.0,0.0
400899853,SAC,3936296,2.0,-1.0,-1.0
400899854,NOP,3410,27.0,14.2,12.2
400899854,NOP,3974,17.0,3.5,2.6
400899854,NOP,3983,15.0,2.0,0.6
400899854,NOP,3995,24.0,3.9,2.4
400899854,NOP,4229,6.0,0.0,0.0
400899854,NOP,6460,24.0,6.7,5.8
400899854,NOP,6583,30.0,3.6,3.9
400899854,NOP,6597,17.0,8.1,6.2
400899854,NOP,2488945,24.0,14.4,10.6
400899854,NOP,2530572,20.0,10.3,9.4
400899854,NOP,2990984,25.0,9.0,8.8
400899854,NOP,3919335,10.0,6.0,5.1
400899854,SAS,272,18.0,15.4,13.8
400899854,SAS,996,24.0,11.1,7.4
400899854,SAS,1015,24.0,11.2,10.6
400899854,SAS,2772,18.0,4.8,4.8
400899854,SAS,2983,26.0,15.0,13.7
400899854,SAS,3988,25.0,10.9,8.1
400899854,SAS,4004,20.0,12.1,10.2
400899854,SAS,6426,12.0,-0.7,-1.0
400899854,SAS,6450,24.0,9.9,8.0
400899854,SAS,2579466,17.0,8.3,7.8
400899854,SAS,2580913,17.0,3.2,2.7
400899854,SAS,2968338,4.0,-0.7,-1.0
400899854,SAS,2993874,12.0,-0.1,0.0
400899855,IND,2389,15.0,5.1,5.0
400899855,IND,2778,30.0,6.5,7.0
400899855,IND,3192,9.0,1.0,1.4
400899855,IND,3244,38.0,11.2,7.2
400899855,IND,4015,39.0,22.5,18.6
400899855,IND,4251,40.0,15.9,14.7
400899855,IND,6424,6.0,-1.1,-0.7
400899855,IND,2991039,31.0,-0.3,-0.7
400899855,IND,3133628,33.0,15.5,12.7
400899855,WAS,2758,43.0,16.1,14.2
400899855,WAS,3232,5.0,3.5,4.1
400899855,WAS,4017,16.0,2.0,2.4
400899855,WAS,4237,38.0,16.6,14.9
400899855,WAS,6461,27.0,1.5,-0.8
400899855,WAS,6580,30.0,10.6,11.9
400899855,WAS,6614,7.0,6.4,5.1
400899855,WAS,6621,7.0,-0.1,-1.0
400899855,WAS,2579260,6.0,1.0,1.0
400899855,WAS,2594922,38.0,14.7,10.3
400899855,WAS,2991050,5.0,-0.4,-0.7
400899855,WAS,3133603,19.0,3.7,3.3
400899856,CHI,1987,22.0,12.8,10.9
400899856,CHI,3026,28.0,17.1,12.5
400899856,CHI,3447,26.0,10.6,10.9
400899856,CHI,3986,19.0,15.5,12.6
400899856,CHI,6430,30.0,24.0,21.4
400899856,CHI,6459,21.0,8.8,7.4
400899856,CHI,2490589,5.0,0.6,-0.7
400899856,CHI,2528588,25.0,8.9,8.4
400899856,CHI,2531047,15.0,3.0,3.1
400899856,CHI,2999549,12.0,2.2,1.0
400899856,CHI,3064482,7.0,-1.4,-1.7
400899856,CHI,3113587,22.0,9.3,7.2
400899856,CHI,3893023,7.0,-0.7,-0.7
400899856,DET,2448,6.0,3.1,3.1
400899856,DET,4305,18.0,5.1,4.5
400899856,DET,4376,7.0,6.0,3.0
400899856,DET,6440,26.0,4.2,3.3
400899856,DET,6443,24.0,5.5,4.0
400899856,DET,6452,21.0,14.5,13.6
400899856,DET,6462,24.0,-0.5,-0.1
400899856,DET,6585,23.0,7.6,6.0
400899856,DET,2578259,18.0,2.9,1.0
400899856,DET,2581018,24.0,3.6,3.0
400899856,DET,2968439,18.0,2.8,2.3
400899856,DET,3134881,24.0,6.2,4.4
400899856,DET,3906522,7.0,-1.5,-2.1
400899857,ATL,2011,35.0,8.2,9.2
400899857,ATL,3015,39.0,23.5,20.3
400899857,ATL,3028,34.0,12.1,10.1
400899857,ATL,6622,8.0,4.0,3.7
400899857,ATL,6637,40.0,10.5,7.5
400899857,ATL,2282205,11.0,-1.2,-0.7
400899857,ATL,2490089,11.0,-0.8,-0.7
400899857,ATL,2528210,22.0,1.0,1.0
400899857,ATL,3032979,40.0,27.3,26.8
400899857,OKC,1978,1.0,-0.4,0.0
400899857,OKC,3468,35.0,33.7,30.8
400899857,OKC,3474,19.0,1.0,1.6
400899857,OKC,6447,15.0,9.0,8.6
400899857,OKC,6469,12.0,1.7,0.7
400899857,OKC,2530596,40.0,6.4,4.9
400899857,OKC,2959753,4.0,1.6,1.7
400899857,OKC,2983526,25.0,2.7,2.4
400899857,OKC,2991070,28.0,13.0,12.1
400899857,OKC,2991235,31.0,9.0,4.6
400899857,OKC,2995702,17.0,5.1,4.6
400899857,OKC,3155942,13.0,-3.3,-4.1
400899858,MIN,4011,37.0,12.4,10.3
400899858,MIN,4267,8.0,2.3,2.7
400899858,MIN,4269,13.0,-0.9,0.0
400899858,MIN,2534781,40.0,8.4,6.5
400899858,MIN,2991139,11.0,5.6,2.7
400899858,MIN,2993875,21.0,4.2,4.7
400899858,MIN,3059319,39.0,16.6,14.4
400899858,MIN,3064440,36.0,17.6,16.1
400899858,MIN,3136195,35.0,23.8,20.7
400899858,PHX,984,32.0,6.0,3.9
400899858,PHX,2166,14.0,10.8,8.8
400899858,PHX,3033,36.0,4.5,-0.4
400899858,PHX,3201,22.0,7.7,8.0
400899858,PHX,4238,33.0,17.8,14.5
400899858,PHX,6448,29.0,13.9,14.9
400899858,PHX,2596107,20.0,1.4,-0.4
400899858,PHX,2982334,10.0,-2.5,-2.1
400899858,PHX,3136193,29.0,10.5,10.3
400899858,PHX,3907487,17.0,4.2,3.7
400899859,DAL,2382,5.0,-0.4,-0.7
400899859,DAL,2798,31.0,17.0,16.9
400899859,DAL,3055,13.0,11.4,9.5
400899859,DAL,4032,36.0,4.6,4.0
400899859,DAL,6578,34.0,12.6,11.8
400899859,DAL,2234666,6.0,1.2,1.3
400899859,DAL,2326307,26.0,13.1,12.2
400899859,DAL,2531367,29.0,12.6,9.5
400899859,DAL,2578185,26.0,2.1,1.0
400899859,DAL,2968458,13.0,0.3,1.3
400899859,DAL,2982340,14.0,3.5,3.7
400899859,DAL,2991178,5.0,2.4,2.4
400899859,DAL,3929314,1.0,0.0,0.0
400899859,DEN,2439,15.0,3.7,2.7
400899859,DEN,3194,38.0,15.3,13.9
400899859,DEN,3428,34.0,15.3,11.7
400899859,DEN,6433,10.0,-4.2,-3.5
400899859,DEN,6579,24.0,9.8,9.5
400899859,DEN,2999547,34.0,18.5,17.5
400899859,DEN,3112335,38.0,30.5,25.7
400899859,DEN,3892818,33.0,16.0,15.6
400899859,DEN,3936299,14.0,0.8,0.6
400899860,NOP,3410,12.0,2.1,0.7
400899860,NOP,3414,16.0,3.9,3.4
400899860,NOP,3974,19.0,8.2,6.7
400899860,NOP,3995,30.0,10.6,10.1
400899860,NOP,6460,18.0,12.7,13.9
400899860,NOP,6583,35.0,21.4,17.5
400899860,NOP,6597,30.0,11.6,10.6
400899860,NOP,2488945,27.0,7.3,6.2
400899860,NOP,2488958,33.0,3.5,2.4
400899860,NOP,2990984,21.0,3.9,4.0
400899860,PHI,2767,26.0,9.6,9.1
400899860,PHI,3025,31.0,5.0,4.2
400899860,PHI,3993,27.0,7.4,6.6
400899860,PHI,6634,10.0,0.2,0.0
400899860,PHI,2490620,34.0,7.1,5.6
400899860,PHI,2530530,17.0,10.5,7.9
400899860,PHI,2991042,23.0,3.0,1.2
400899860,PHI,2991280,7.0,5.1,4.8
400899860,PHI,3032978,16.0,3.6,1.7
400899860,PHI,3059318,25.0,3.6,2.1
400899860,PHI,3135048,25.0,10.2,7.4
400899861,CHA,2797,30.0,13.7,13.2
400899861,CHA,3190,33.0,8.9,7.6
400899861,CHA,3231,7.0,3.4,3.8
400899861,CHA,3416,37.0,23.3,21.5
400899861,CHA,3436,9.0,5.6,4.7
400899861,CHA,6479,41.0,21.0,21.7
400899861,CHA,6601,30.0,4.8,2.0
400899861,CHA,6603,11.0,-1.3,-1.5
400899861,CHA,2579258,25.0,10.5,8.4
400899861,CHA,2579294,18.0,8.7,7.6
400899861,LAL,2429,34.0,9.1,5.7
400899861,LAL,2799,28.0,16.1,13.5
400899861,LAL,3243,27.0,14.6,14.0
400899861,LAL,4298,11.0,1.5,2.1
400899861,LAL,2528426,31.0,23.8,22.0
400899861,LAL,2580365,21.0,9.5,8.5
400899861,LAL,3064514,31.0,5.0,1.7
400899861,LAL,3136776,26.0,12.8,10.5
400899861,LAL,3913176,28.0,4.5,4.8
400899861,LAL,4017837,3.0,-0.4,-0.7
400899862,BKN,1781,18.0,4.9,5.4
400899862,BKN,3003,7.0,6.7,5.4
400899862,BKN,3593,19.0,1.8,2.6
400899862,BKN,4270,20.0,8.3,7.2
400899862,BKN,4299,25.0,9.9,8.0
400899862,BKN,6590,23.0,7.4,4.4
400899862,BKN,2488689,23.0,3.1,0.2
400899862,BKN,2528794,22.0,3.6,3.0
400899862,BKN,2580782,22.0,7.3,7.3
400899862,BKN,2991043,19.0,-1.9,-2.8
400899862,BKN,2991473,21.0,8.8,5.3
400899862,BKN,3064291,20.0,14.9,14.1
400899862,TOR,3012,34.0,24.5,20.7
400899862,TOR,3970,22.0,12.6,10.8
400899862,TOR,3978,29.0,3.9,3.4
400899862,TOR,6446,26.0,6.8,5.0
400899862,TOR,6477,22.0,11.3,7.7
400899862,TOR,6619,23.0,3.1,1.3
400899862,TOR,2595516,27.0,18.7,14.0
400899862,TOR,2991230,2.0,-1.4,-1.4
400899862,TOR,3032980,22.0,10.2,7.5
400899862,TOR,3113297,2.0,0.3,0.7
400899862,TOR,3134908,5.0,-0.5,-0.8
400899862,TOR,3149673,28.0,7.2,6.1
400899863,IND,2389,16.0,14.4,14.9
400899863,IND,2778,26.0,7.1,4.5
400899863,IND,3192,11.0,3.3,3.1
400899863,IND,3244,37.0,17.1,14.4
400899863,IND,4015,37.0,20.3,17.2
400899863,IND,4251,36.0,7.7,5.3
400899863,IND,6424,11.0,-0.2,-0.7
400899863,IND,2991039,33.0,2.6,1.6
400899863,IND,3133628,32.0,20.1,14.3
400899863,NYK,1975,37.0,27.5,25.5
400899863,NYK,3224,30.0,10.9,8.4
400899863,NYK,3445,37.0,4.8,3.3
400899863,NYK,3456,36.0,17.4,14.8
400899863,NYK,3997,22.0,5.6,4.5
400899863,NYK,6485,6.0,1.6,1.7
400899863,NYK,6615,17.0,6.4,3.4
400899863,NYK,2284101,21.0,6.2,5.8
400899863,NYK,2999409,2.0,0.0,0.0
400899863,NYK,3102531,33.0,14.3,10.6
400899864,MIA,3220,17.0,1.5,2.3
400899864,MIA,3423,45.0,7.0,8.2
400899864,MIA,3999,28.0,12.6,10.9
400899864,MIA,4250,15.0,6.9,6.0
400899864,MIA,4262,47.0,29.0,23.2
400899864,MIA,2326015,11.0,-0.2,-0.7
400899864,MIA,2530276,38.0,26.6,24.5
400899864,MIA,2581190,44.0,3.2,3.9
400899864,MIA,3135047,46.0,4.2,4.6
400899864,ORL,3209,32.0,11.1,10.0
400899864,ORL,3415,26.0,3.8,4.3
400899864,ORL,3439,40.0,16.7,15.2
400899864,ORL,4003,13.0,0.2,-0.1
400899864,ORL,6427,31.0,5.5,3.9
400899864,ORL,6478,40.0,17.1,14.4
400899864,ORL,6588,44.0,16.3,16.4
400899864,ORL,2583639,36.0,20.4,18.9
400899864,ORL,3064290,28.0,7.0,6.3
400899865,CLE,1006,35.0,3.7,2.9
400899865,CLE,1708,14.0,-0.6,0.0
400899865,CLE,1966,47.0,29.5,25.9
400899865,CLE,2009,2.0,0.2,0.6
400899865,CLE,2444,17.0,2.1,2.6
400899865,CLE,2754,25.0,10.4,11.4
400899865,CLE,6442,45.0,17.7,16.6
400899865,CLE,6453,20.0,4.7,3.1
400899865,CLE,6468,33.0,4.0,2.2
400899865,CLE,6474,26.0,9.6,7.8
400899865,MIL,841,12.0,0.6,0.3
400899865,MIL,4260,18.0,4.2,3.7
400899865,MIL,4385,19.0,4.4,4.0
400899865,MIL,6592,27.0,14.5,10.4
400899865,MIL,2489716,39.0,2.8,2.4
400899865,MIL,2528353,41.0,8.9,6.1
400899865,MIL,2566769,19.0,4.2,4.5
400899865,MIL,3032977,44.0,22.9,17.9
400899865,MIL,3056600,46.0,20.3,19.7
400899866,BOS,2761,7.0,1.9,1.3
400899866,BOS,2769,24.0,3.3,4.7
400899866,BOS,3213,40.0,11.5,8.7
400899866,BOS,3998,12.0,-0.5,0.7
400899866,BOS,4240,38.0,13.7,13.1
400899866,BOS,6472,38.0,43.2,40.0
400899866,BOS,6581,40.0,9.3,8.0
400899866,BOS,2489663,26.0,9.5,4.9
400899866,BOS,2990992,22.0,-0.1,-0.6
400899866,BOS,3074752,7.0,-1.8,-2.1
400899866,BOS,3917376,11.0,-1.5,-1.8
400899866,MEM,136,15.0,6.6,3.7
400899866,MEM,1017,21.0,4.0,3.2
400899866,MEM,2367,38.0,11.7,9.9
400899866,MEM,3195,36.0,13.7,11.7
400899866,MEM,3206,37.0,15.9,14.7
400899866,MEM,2327577,31.0,9.2,6.4
400899866,MEM,2489530,35.0,16.5,16.1
400899866,MEM,2579321,18.0,4.3,5.1
400899866,MEM,3064511,18.0,1.4,1.3
400899866,MEM,3064517,17.0,-1.3,-0.7
400899867,HOU,1713,18.0,12.5,11.3
400899867,HOU,2426,35.0,10.1,5.6
400899867,HOU,3191,6.0,1.4,1.4
400899867,HOU,3412,37.0,4.0,4.0
400899867,HOU,3431,33.0,4.8,3.9
400899867,HOU,3964,32.0,4.7,1.7
400899867,HOU,3992,37.0,23.1,20.1
400899867,HOU,2991055,22.0,7.8,6.7
400899867,HOU,2991184,21.0,9.4,7.1
400899867,SAS,272,20.0,10.0,6.6
400899867,SAS,996,26.0,9.4,6.5
400899867,SAS,1015,24.0,6.6,5.3
400899867,SAS,2772,17.0,5.9,4.4
400899867,SAS,2983,36.0,16.9,15.5
400899867,SAS,3988,34.0,10.6,8.1
400899867,SAS,4004,24.0,9.7,8.1
400899867,SAS,6426,2.0,-0.7,-0.3
400899867,SAS,6450,36.0,13.6,7.5
400899867,SAS,2579466,10.0,0.1,0.3
400899867,SAS,2580913,11.0,-0.1,0.4
400899868,DEN,2439,22.0,5.6,6.9
400899868,DEN,3194,28.0,6.0,5.9
400899868,DEN,3428,32.0,13.2,12.4
400899868,DEN,6433,27.0,16.5,13.8
400899868,DEN,6579,32.0,18.2,15.8
400899868,DEN,2999547,19.0,0.9,-0.4
400899868,DEN,3112335,21.0,5.4,5.4
400899868,DEN,3892818,26.0,-5.1,-6.2
400899868,DEN,3936299,27.0,9.0,7.4
400899868,DEN,4017839,6.0,5.0,4.7
400899868,LAC,165,19.0,3.4,3.1
400899868,LAC,662,18.0,0.3,1.2
400899868,LAC,2745,11.0,7.5,7.5
400899868,LAC,2753,19.0,6.2,4.8
400899868,LAC,2779,26.0,19.5,16.5
400899868,LAC,3024,26.0,23.1,21.2
400899868,LAC,3442,29.0,16.9,13.3
400899868,LAC,3451,31.0,12.1,10.8
400899868,LAC,3460,17.0,6.1,6.7
400899868,LAC,4247,14.0,0.5,-0.4
400899868,LAC,6569,7.0,-1.1,-1.4
400899868,LAC,6617,22.0,9.6,8.0
400899868,LAC,3924880,2.0,-1.4,-1.4
400899869,GSW,2016,15.0,3.3,2.7
400899869,GSW,2177,11.0,3.7,3.1
400899869,GSW,2386,26.0,4.9,3.1
400899869,GSW,2393,18.0,1.4,3.1
400899869,GSW,2419,7.0,1.7,0.4
400899869,GSW,3202,25.0,15.4,15.8
400899869,GSW,3452,15.0,4.4,1.9
400899869,GSW,3975,30.0,22.3,18.4
400899869,GSW,6475,31.0,13.3,10.8
400899869,GSW,6589,31.0,17.2,10.1
400899869,GSW,2489785,10.0,2.1,1.6
400899869,GSW,3137730,11.0,0.0,0.0
400899869,GSW,3155535,9.0,-0.2,-1.7
400899869,UTA,1007,22.0,7.9,7.7
400899869,UTA,2167,16.0,-3.5,-4.4
400899869,UTA,4249,27.0,-1.1,-0.5
400899869,UTA,6454,22.0,-1.2,-1.1
400899869,UTA,2333797,17.0,2.3,-0.3
400899869,UTA,2581177,11.0,-4.1,-3.6
400899869,UTA,2968361,13.0,5.6,3.7
400899869,UTA,2968436,27.0,5.9,4.3
400899869,UTA,2983551,4.0,0.9,0.6
400899869,UTA,3032976,31.0,12.8,8.1
400899869,UTA,3102528,26.0,1.9,2.4
400899869,UTA,3136196,24.0,4.2,4.2
400899870,POR,4259,19.0,8.7,8.8
400899870,POR,6591,24.0,10.2,9.4
400899870,POR,6605,19.0,-1.7,0.0
400899870,POR,6606,39.0,24.0,23.2
400899870,POR,2488653,36.0,28.7,25.6
400899870,POR,2490149,39.0,26.3,26.5
400899870,POR,2530780,17.0,0.1,-0.4
400899870,POR,2531210,36.0,3.2,4.0
400899870,POR,3078284,10.0,1.2,0.4
400899870,SAC,1765,19.0,0.6,0.9
400899870,SAC,3187,31.0,5.1,6.0
400899870,SAC,3276,34.0,9.1,9.4
400899870,SAC,3444,14.0,-0.8,0.0
400899870,SAC,3973,21.0,6.5,7.0
400899870,SAC,4000,29.0,19.6,18.4
400899870,SAC,4023,24.0,5.5,4.6
400899870,SAC,4258,41.0,43.2,38.2
400899870,SAC,2578213,21.0,4.8,6.0
400899870,SAC,2991282,7.0,4.7,5.1
400899871,CLE,1006,32.0,7.5,8.8
400899871,CLE,1708,13.0,3.6,4.1
400899871,CLE,1966,34.0,22.3,19.9
400899871,CLE,2009,3.0,-0.1,0.0
400899871,CLE,2754,22.0,5.1,6.0
400899871,CLE,6442,35.0,30.2,28.2
400899871,CLE,6453,26.0,2.4,1.3
400899871,CLE,6468,29.0,10.9,8.7
400899871,CLE,6474,26.0,8.8,5.0
400899871,CLE,2531797,18.0,3.3,2.2
400899871,CLE,3062892,2.0,-1.4,-1.4
400899871,MIL,841,12.0,1.0,1.4
400899871,MIL,3018,3.0,-0.1,0.0
400899871,MIL,4260,18.0,5.3,3.2
400899871,MIL,4385,19.0,-0.5,-1.1
400899871,MIL,6592,19.0,3.0,1.7
400899871,MIL,6616,11.0,3.3,3.3
400899871,MIL,2489716,25.0,3.5,1.7
400899871,MIL,2528353,20.0,1.5,2.7
400899871,MIL,2566769,27.0,14.5,10.8
400899871,MIL,3032977,32.0,28.0,24.5
400899871,MIL,3056600,29.0,18.4,17.8
400899871,MIL,3137733,16.0,3.9,4.0
400899871,MIL,4017843,8.0,4.6,2.3
400899872,ATL,2011,33.0,6.6,2.7
400899872,ATL,3015,39.0,17.7,14.4
400899872,ATL,3028,33.0,4.9,0.3
400899872,ATL,6622,18.0,3.6,3.7
400899872,ATL,6637,33.0,7.4,3.8
400899872,ATL,2282205,6.0,-1.4,-2.4
400899872,ATL,2490089,30.0,11.5,11.5
400899872,ATL,2528210,1.0,1.7,1.7
400899872,ATL,2990962,11.0,-1.9,-2.4
400899872,ATL,3032979,37.0,14.1,14.2
400899872,MIN,4011,33.0,11.2,8.0
400899872,MIN,4269,19.0,3.6,2.0
400899872,MIN,2534781,40.0,11.1,7.1
400899872,MIN,2991139,15.0,2.8,3.3
400899872,MIN,2993875,19.0,3.9,2.3
400899872,MIN,3059319,39.0,12.9,11.8
400899872,MIN,3064440,38.0,14.9,12.7
400899872,MIN,3136195,37.0,12.2,8.5
400899873,DET,4305,22.0,3.4,3.3
400899873,DET,6440,27.0,6.9,3.4
400899873,DET,6443,26.0,13.6,14.9
400899873,DET,6452,30.0,12.4,11.0
400899873,DET,6462,39.0,1.8,1.1
400899873,DET,6585,38.0,12.0,9.0
400899873,DET,2581018,31.0,3.9,3.3
400899873,DET,2968439,10.0,1.6,1.7
400899873,DET,3134881,17.0,-3.6,-3.4
400899873,MEM,136,16.0,3.0,3.0
400899873,MEM,1017,19.0,1.7,0.6
400899873,MEM,2367,28.0,2.4,2.7
400899873,MEM,3195,24.0,6.9,5.0
400899873,MEM,3206,37.0,34.0,30.3
400899873,MEM,6466,15.0,0.9,0.3
400899873,MEM,2327577,28.0,6.9,6.7
400899873,MEM,2489530,17.0,1.4,0.5
400899873,MEM,2579321,18.0,8.6,3.7
400899873,MEM,3064511,27.0,12.3,12.6
400899873,MEM,3064517,11.0,0.4,2.4
400899873,MEM,3078286,1.0,0.0,0.0
400899874,CHI,1987,32.0,9.9,8.5
400899874,CHI,3026,34.0,0.8,0.1
400899874,CHI,3447,33.0,5.3,3.1
400899874,CHI,3986,33.0,15.5,13.2
400899874,CHI,6430,39.0,11.2,11.0
400899874,CHI,6459,22.0,8.1,7.0
400899874,CHI,2528588,26.0,6.6,6.0
400899874,CHI,2531047,14.0,4.6,4.8
400899874,CHI,3113587,7.0,7.4,5.8
400899874,WAS,2758,35.0,11.7,9.6
400899874,WAS,3232,12.0,5.9,5.0
400899874,WAS,4017,15.0,8.4,7.1
400899874,WAS,4237,36.0,24.3,20.3
400899874,WAS,6461,39.0,5.8,4.0
400899874,WAS,6580,37.0,13.8,12.6
400899874,WAS,2579260,12.0,2.5,3.0
400899874,WAS,2594885,19.0,6.9,6.0
400899874,WAS,2594922,12.0,7.0,6.4
400899874,WAS,3133603,22.0,0.5,0.3
400899875,NOP,3410,5.0,-0.5,0.0
400899875,NOP,3414,9.0,0.6,0.7
400899875,NOP,3974,13.0,-0.8,-0.7
400899875,NOP,3983,15.0,2.6,2.7
400899875,NOP,3995,35.0,21.1,20.4
400899875,NOP,6460,15.0,2.9,3.3
400899875,NOP,6583,36.0,25.4,21.4
400899875,NOP,6597,34.0,13.9,11.6
400899875,NOP,2488945,29.0,10.3,8.8
400899875,NOP,2488958,26.0,5.3,4.7
400899875,NOP,2530572,6.0,3.0,3.4
400899875,NOP,2990984,19.0,-0.9,-0.4
400899875,OKC,3468,34.0,32.3,29.4
400899875,OKC,3474,18.0,3.6,1.3
400899875,OKC,6447,34.0,13.1,10.9
400899875,OKC,2530596,29.0,10.1,6.4
400899875,OKC,2959753,25.0,13.0,9.9
400899875,OKC,2983526,14.0,5.4,5.8
400899875,OKC,2991070,21.0,5.7,4.7
400899875,OKC,2991235,23.0,8.7,9.6
400899875,OKC,2995702,30.0,11.4,10.3
400899875,OKC,3155942,12.0,2.0,2.0
400899876,SAC,1765,27.0,6.5,6.0
400899876,SAC,3187,27.0,3.7,4.4
400899876,SAC,3276,30.0,8.6,6.1
400899876,SAC,3444,12.0,3.2,3.1
400899876,SAC,3973,22.0,2.9,3.0
400899876,SAC,4000,26.0,14.3,12.6
400899876,SAC,4023,28.0,6.7,8.1
400899876,SAC,4258,31.0,11.0,9.0
400899876,SAC,2578213,17.0,3.6,1.7
400899876,SAC,2991282,19.0,6.2,3.3
400899876,UTA,1007,22.0,0.8,0.9
400899876,UTA,2167,24.0,8.9,7.0
400899876,UTA,4249,40.0,19.9,18.4
400899876,UTA,4257,16.0,3.5,1.3
400899876,UTA,6454,34.0,7.3,7.6
400899876,UTA,2968361,14.0,2.1,2.0
400899876,UTA,2968436,39.0,8.4,7.1
400899876,UTA,3032976,35.0,19.5,14.4
400899876,UTA,3136196,16.0,2.8,1.3
400899877,HOU,1713,18.0,10.0,9.5
400899877,HOU,2426,34.0,8.0,6.6
400899877,HOU,3191,14.0,-2.7,-2.8
400899877,HOU,3412,28.0,10.8,9.7
400899877,HOU,3431,28.0,17.0,17.0
400899877,HOU,3964,33.0,20.4,18.8
400899877,HOU,3992,35.0,27.1,25.3
400899877,HOU,2566741,2.0,-0.7,-0.7
400899877,HOU,2581029,2.0,-0.4,0.0
400899877,HOU,2991055,28.0,13.4,11.2
400899877,HOU,2991184,17.0,1.4,0.5
400899877,PHX,984,20.0,3.2,2.7
400899877,PHX,2166,6.0,-1.9,-2.8
400899877,PHX,3033,31.0,10.6,9.9
400899877,PHX,3201,13.0,2.3,1.7
400899877,PHX,4238,31.0,12.7,13.5
400899877,PHX,6448,26.0,14.4,11.7
400899877,PHX,2579326,2.0,0.6,0.0
400899877,PHX,2596107,24.0,11.2,6.7
400899877,PHX,2982334,29.0,12.3,11.4
400899877,PHX,3136193,36.0,19.8,19.8
400899877,PHX,3136194,5.0,-2.1,-1.7
400899877,PHX,3907487,16.0,3.8,4.0
400899877,PHX,4011991,2.0,1.0,0.0
400899878,DAL,2382,19.0,1.5,-0.4
400899878,DAL,2798,32.0,16.1,16.0
400899878,DAL,3055,9.0,0.6,-0.7
400899878,DAL,4032,41.0,10.5,7.5
400899878,DAL,6578,36.0,17.9,17.3
400899878,DAL,2326307,24.0,6.2,4.6
400899878,DAL,2531367,24.0,13.4,9.7
400899878,DAL,2578185,31.0,2.1,1.0
400899878,DAL,2968458,24.0,4.7,2.1
400899878,POR,4248,30.0,6.0,3.0
400899878,POR,4259,19.0,6.7,6.4
400899878,POR,6591,30.0,5.1,4.0
400899878,POR,6606,39.0,15.6,13.7
400899878,POR,2488653,29.0,10.4,7.3
400899878,POR,2490149,41.0,2.6,2.2
400899878,POR,2530780,16.0,8.6,8.4
400899878,POR,2531210,37.0,10.4,9.4
400899879,BKN,1781,3.0,1.0,0.7
400899879,BKN,3003,3.0,-0.7,-1.0
400899879,BKN,3448,31.0,18.4,15.8
400899879,BKN,3593,26.0,4.8,4.7
400899879,BKN,4270,24.0,4.9,2.1
400899879,BKN,4299,32.0,11.3,5.9
400899879,BKN,6590,18.0,-0.3,-0.7
400899879,BKN,2488689,32.0,5.3,4.5
400899879,BKN,2528794,19.0,6.2,6.1
400899879,BKN,2580782,11.0,0.3,0.3
400899879,BKN,2991043,13.0,4.3,4.0
400899879,BKN,2991473,3.0,0.0,0.0
400899879,BKN,3064291,24.0,9.1,6.3
400899879,GSW,2016,26.0,18.6,17.4
400899879,GSW,2177,16.0,10.3,7.2
400899879,GSW,2386,25.0,9.6,5.4
400899879,GSW,2393,18.0,1.8,0.0
400899879,GSW,2419,5.0,0.3,0.0
400899879,GSW,3202,34.0,24.0,18.4
400899879,GSW,3452,4.0,1.3,0.6
400899879,GSW,3975,33.0,10.6,7.0
400899879,GSW,6475,35.0,14.7,9.2
400899879,GSW,2489785,15.0,6.7,6.1
400899879,GSW,2594818,3.0,-1.1,-0.7
400899879,GSW,3137730,8.0,1.0,1.0
400899879,GSW,3155535,18.0,8.3,6.2
400899880,NYK,1975,29.0,9.2,6.9
400899880,NYK,2421,1.0,0.0,0.0
400899880,NYK,3224,22.0,5.9,3.8
400899880,NYK,3445,29.0,10.4,7.5
400899880,NYK,3456,26.0,13.8,13.4
400899880,NYK,3997,22.0,6.8,6.6
400899880,NYK,6615,24.0,16.5,10.5
400899880,NYK,2284101,20.0,1.2,0.2
400899880,NYK,2580349,1.0,-1.4,-1.7
400899880,NYK,2999409,21.0,10.6,11.2
400899880,NYK,3102531,27.0,8.0,5.4
400899880,NYK,3138120,18.0,7.5,6.4
400899880,ORL,3209,29.0,7.6,4.3
400899880,ORL,3277,17.0,1.9,2.0
400899880,ORL,3415,20.0,1.6,0.7
400899880,ORL,3439,32.0,16.2,14.2
400899880,ORL,6427,27.0,11.5,6.3
400899880,ORL,6478,27.0,8.4,8.4
400899880,ORL,6588,36.0,15.3,14.2
400899880,ORL,2309097,1.0,0.0,0.0
400899880,ORL,2583639,31.0,5.1,1.7
400899880,ORL,2995706,1.0,0.0,0.0
400899880,ORL,3064290,19.0,1.1,1.3
400899880,ORL,3936102,1.0,-1.4,-1.4
400899881,LAL,25,3.0,-0.7,-0.7
400899881,LAL,2429,34.0,11.1,7.4
400899881,LAL,2799,28.0,18.2,18.0
400899881,LAL,3243,36.0,14.9,13.7
400899881,LAL,4298,30.0,9.5,7.7
400899881,LAL,6618,18.0,12.3,10.3
400899881,LAL,2528426,25.0,1.5,-1.1
400899881,LAL,3136776,32.0,8.1,7.5
400899881,LAL,3913176,35.0,2.3,2.3
400899881,MIA,3220,16.0,3.6,4.1
400899881,MIA,3423,36.0,14.2,14.4
400899881,MIA,3999,26.0,17.2,14.9
400899881,MIA,4250,6.0,-0.8,-0.7
400899881,MIA,4262,37.0,22.4,18.9
400899881,MIA,2326015,6.0,4.4,2.4
400899881,MIA,2530276,34.0,12.0,10.4
400899881,MIA,2581190,37.0,4.8,3.7
400899881,MIA,3135047,42.0,22.4,15.8
400899882,BOS,2769,24.0,9.0,7.7
400899882,BOS,3213,33.0,4.9,2.6
400899882,BOS,3998,15.0,5.3,4.4
400899882,BOS,4240,31.0,9.6,7.0
400899882,BOS,6472,32.0,21.5,22.8
400899882,BOS,6581,35.0,11.5,9.8
400899882,BOS,2489663,20.0,7.7,6.4
400899882,BOS,2990992,25.0,10.8,8.9
400899882,BOS,3074752,7.0,-2.1,-3.1
400899882,BOS,3917376,18.0,0.7,1.3
400899882,IND,2389,15.0,4.1,3.4
400899882,IND,2778,27.0,11.4,11.3
400899882,IND,3192,13.0,0.1,-0.7
400899882,IND,3244,37.0,14.5,10.7
400899882,IND,4015,35.0,26.4,26.4
400899882,IND,4251,41.0,11.1,8.6
400899882,IND,4289,1.0,0.0,0.0
400899882,IND,6424,6.0,0.0,-0.3
400899882,IND,2991039,35.0,-3.0,-4.8
400899882,IND,3133628,30.0,4.3,3.0
400899883,LAC,165,28.0,4.1,2.7
400899883,LAC,662,10.0,-2.5,-2.1
400899883,LAC,2745,13.0,3.2,2.7
400899883,LAC,2753,23.0,10.6,9.8
400899883,LAC,2779,23.0,18.5,15.5
400899883,LAC,3024,21.0,8.9,7.3
400899883,LAC,3442,26.0,11.5,8.8
400899883,LAC,3451,15.0,4.9,4.7
400899883,LAC,3460,29.0,13.8,12.9
400899883,LAC,4247,27.0,4.6,1.9
400899883,LAC,6617,25.0,2.3,2.1
400899883,SAS,996,32.0,19.3,17.9
400899883,SAS,1015,28.0,-0.5,-1.1
400899883,SAS,2772,16.0,8.0,7.9
400899883,SAS,2983,23.0,3.7,4.0
400899883,SAS,3988,30.0,8.2,6.4
400899883,SAS,4004,17.0,-0.0,0.6
400899883,SAS,6450,34.0,21.9,18.8
400899883,SAS,2579466,22.0,-2.6,-2.2
400899883,SAS,2580913,15.0,5.9,4.4
400899883,SAS,2993874,13.0,13.2,6.5
400899883,SAS,2994526,1.0,-0.7,-0.7
400899883,SAS,3907497,8.0,2.1,1.2
400899884,CHA,2797,24.0,6.9,4.0
400899884,CHA,3190,7.0,-1.1,-0.7
400899884,CHA,3231,16.0,2.3,2.0
400899884,CHA,3416,40.0,22.7,18.3
400899884,CHA,3436,16.0,4.5,1.4
400899884,CHA,6479,32.0,16.3,14.4
400899884,CHA,6601,33.0,16.0,10.1
400899884,CHA,6603,17.0,4.1,3.6
400899884,CHA,2579258,32.0,16.2,13.6
400899884,CHA,2579294,24.0,8.1,6.6
400899884,CHI,1987,26.0,6.9,3.9
400899884,CHI,3026,33.0,8.3,4.6
400899884,CHI,3447,33.0,6.4,5.1
400899884,CHI,3986,30.0,6.9,5.3
400899884,CHI,6430,39.0,19.0,17.9
400899884,CHI,6459,19.0,7.7,5.3
400899884,CHI,2528588,33.0,8.3,8.3
400899884,CHI,2531047,13.0,3.7,4.1
400899884,CHI,3113587,14.0,-0.4,0.6
400899885,LAL,25,1.0,0.0,0.0
400899885,LAL,2429,31.0,10.0,7.4
400899885,LAL,2799,21.0,9.4,6.8
400899885,LAL,3243,28.0,4.8,0.8
400899885,LAL,4298,25.0,0.3,-0.8
400899885,LAL,6618,19.0,9.6,7.5
400899885,LAL,2528426,27.0,8.9,8.1
400899885,LAL,2968363,17.0,3.0,-0.3
400899885,LAL,3136776,30.0,8.1,6.7
400899885,LAL,3913176,23.0,4.0,5.0
400899885,LAL,4017837,17.0,2.2,2.3
400899885,ORL,3209,20.0,0.5,1.0
400899885,ORL,3277,23.0,10.5,9.9
400899885,ORL,3415,18.0,7.0,7.9
400899885,ORL,3439,30.0,21.2,14.5
400899885,ORL,4003,27.0,5.9,3.2
400899885,ORL,6427,28.0,8.3,4.2
400899885,ORL,6478,26.0,7.6,5.0
400899885,ORL,2309097,8.0,-0.7,-1.7
400899885,ORL,2488999,3.0,-0.8,-0.7
400899885,ORL,2583639,30.0,26.3,24.5
400899885,ORL,2995706,2.0,0.0,0.0
400899885,ORL,3064290,24.0,6.4,3.6
400899885,ORL,3936102,3.0,0.2,-0.7
400899886,BKN,1781,15.0,8.3,7.8
400899886,BKN,3003,13.0,0.3,-0.7
400899886,BKN,3448,22.0,10.7,9.5
400899886,BKN,3593,20.0,-5.4,-4.8
400899886,BKN,4299,25.0,6.4,4.2
400899886,BKN,6590,19.0,3.7,2.3
400899886,BKN,2488689,21.0,10.1,8.4
400899886,BKN,2528794,16.0,-3.0,-3.8
400899886,BKN,2580782,21.0,13.7,12.9
400899886,BKN,2991043,24.0,8.7,5.6
400899886,BKN,2991473,14.0,8.2,8.0
400899886,BKN,3064291,23.0,4.4,3.7
400899886,BKN,3153165,7.0,1.9,1.7
400899886,CLE,1006,9.0,3.2,3.7
400899886,CLE,1708,22.0,9.2,10.2
400899886,CLE,1966,27.0,18.0,14.1
400899886,CLE,2009,16.0,-2.2,-2.1
400899886,CLE,2754,22.0,9.5,8.1
400899886,CLE,3449,25.0,10.4,5.5
400899886,CLE,6442,26.0,20.8,14.0
400899886,CLE,6453,17.0,-0.3,0.3
400899886,CLE,6468,18.0,2.1,1.6
400899886,CLE,6474,26.0,18.9,16.1
400899886,CLE,2531797,16.0,3.2,2.9
400899886,CLE,3062892,16.0,8.8,8.4
400899887,BOS,2769,26.0,19.3,17.6
400899887,BOS,3213,33.0,18.4,15.8
400899887,BOS,3998,15.0,1.0,0.0
400899887,BOS,4240,36.0,7.1,7.1
400899887,BOS,6472,34.0,25.4,25.0
400899887,BOS,6581,32.0,1.5,0.6
400899887,BOS,6631,7.0,0.6,1.0
400899887,BOS,2489663,13.0,-0.5,0.0
400899887,BOS,2990992,24.0,2.4,1.7
400899887,BOS,3074752,8.0,4.0,3.4
400899887,BOS,3917376,13.0,3.9,4.4
400899887,OKC,3468,35.0,39.9,36.3
400899887,OKC,3474,12.0,-1.5,-1.1
400899887,OKC,6447,23.0,15.9,16.5
400899887,OKC,6469,8.0,1.9,2.7
400899887,OKC,2530596,38.0,2.1,0.8
400899887,OKC,2959753,13.0,2.4,1.6
400899887,OKC,2983526,21.0,0.7,1.3
400899887,OKC,2991070,29.0,2.4,0.3
400899887,OKC,2991235,29.0,12.9,7.8
400899887,OKC,2995702,6.0,3.7,4.1
400899887,OKC,3155942,25.0,16.1,15.2
400899888,DET,4305,18.0,6.3,5.4
400899888,DET,6440,32.0,20.0,19.1
400899888,DET,6443,30.0,7.8,6.7
400899888,DET,6452,33.0,8.4,6.8
400899888,DET,6462,20.0,1.9,-0.4
400899888,DET,6585,30.0,12.0,8.5
400899888,DET,2581018,41.0,18.2,16.7
400899888,DET,2968439,17.0,6.1,6.5
400899888,DET,3134881,18.0,6.1,2.9
400899888,GSW,2016,19.0,8.6,6.5
400899888,GSW,2177,14.0,8.0,7.9
400899888,GSW,2386,26.0,1.3,1.1
400899888,GSW,2393,15.0,4.2,2.7
400899888,GSW,3202,32.0,22.7,22.3
400899888,GSW,3452,9.0,11.9,11.5
400899888,GSW,3975,35.0,19.7,17.2
400899888,GSW,6475,37.0,9.9,8.0
400899888,GSW,6589,38.0,8.3,4.5
400899888,GSW,2489785,15.0,5.3,5.1
400899889,MIL,841,18.0,6.4,6.1
400899889,MIL,3018,4.0,-0.7,-0.7
400899889,MIL,4260,21.0,14.9,10.6
400899889,MIL,4385,24.0,-5.8,-6.3
400899889,MIL,6592,19.0,4.2,3.3
400899889,MIL,6616,4.0,1.3,1.7
400899889,MIL,2489716,22.0,2.6,3.4
400899889,MIL,2528353,27.0,10.0,8.8
400899889,MIL,2566769,29.0,18.1,16.8
400899889,MIL,3032977,33.0,38.0,33.6
400899889,MIL,3056600,32.0,22.2,18.0
400899889,MIL,4017843,8.0,3.2,3.4
400899889,WAS,2758,26.0,6.1,5.8
400899889,WAS,3232,11.0,0.5,0.7
400899889,WAS,4017,9.0,-1.8,-2.1
400899889,WAS,4237,32.0,15.5,13.6
400899889,WAS,6461,26.0,7.3,7.6
400899889,WAS,6580,31.0,6.3,6.1
400899889,WAS,6614,8.0,0.9,0.7
400899889,WAS,6621,8.0,0.4,0.4
400899889,WAS,2579260,16.0,1.6,2.0
400899889,WAS,2594885,23.0,4.1,4.3
400899889,WAS,2594922,25.0,14.3,14.9
400899889,WAS,2991050,11.0,3.4,3.6
400899889,WAS,3133603,14.0,4.5,3.0
400899890,HOU,1713,18.0,3.5,3.4
400899890,HOU,2426,36.0,9.6,8.1
400899890,HOU,3191,5.0,-0.8,-0.8
400899890,HOU,3412,35.0,20.0,18.4
400899890,HOU,3431,32.0,9.8,7.9
400899890,HOU,3964,33.0,11.0,9.0
400899890,HOU,3992,36.0,13.3,12.5
400899890,HOU,2991055,28.0,13.4,13.2
400899890,HOU,2991184,17.0,1.5,2.3
400899890,MEM,136,22.0,11.2,10.4
400899890,MEM,1017,20.0,14.8,13.0
400899890,MEM,2367,29.0,10.6,7.7
400899890,MEM,3195,29.0,20.3,18.8
400899890,MEM,3206,34.0,11.1,8.7
400899890,MEM,6466,15.0,2.8,1.3
400899890,MEM,2327577,27.0,6.4,7.4
400899890,MEM,2489530,10.0,5.3,5.0
400899890,MEM,2579321,21.0,8.4,8.1
400899890,MEM,3064511,20.0,2.8,3.0
400899890,MEM,3064517,15.0,3.8,1.7
400899891,MIA,3220,15.0,1.9,0.7
400899891,MIA,3423,34.0,15.3,14.5
400899891,MIA,3999,22.0,7.3,5.0
400899891,MIA,4250,13.0,4.3,3.7
400899891,MIA,4262,36.0,11.8,8.3
400899891,MIA,6480,8.0,4.9,3.4
400899891,MIA,2326015,12.0,0.6,-1.0
400899891,MIA,2530276,30.0,4.9,4.6
400899891,MIA,2581190,33.0,0.6,0.9
400899891,MIA,3135047,38.0,6.7,5.0
400899891,NOP,3410,21.0,4.9,3.3
400899891,NOP,3974,34.0,3.2,1.6
400899891,NOP,3983,15.0,6.7,5.0
400899891,NOP,3995,27.0,17.5,16.1
400899891,NOP,6460,26.0,2.7,0.9
400899891,NOP,6583,37.0,28.6,21.5
400899891,NOP,2488945,9.0,0.2,-0.4
400899891,NOP,2488958,24.0,-0.9,-1.4
400899891,NOP,2530572,29.0,3.6,3.9
400899891,NOP,2990984,18.0,1.1,-0.8
400899892,MIN,4011,34.0,14.2,11.6
400899892,MIN,4267,5.0,-0.1,0.0
400899892,MIN,4269,11.0,0.6,0.3
400899892,MIN,2534781,43.0,8.0,5.5
400899892,MIN,2991139,14.0,-0.3,-0.8
400899892,MIN,2993875,17.0,3.8,4.3
400899892,MIN,3059319,40.0,2.7,2.4
400899892,MIN,3064440,39.0,30.7,29.9
400899892,MIN,3136195,38.0,19.9,17.9
400899892,SAC,1765,32.0,8.6,7.9
400899892,SAC,3187,23.0,-0.5,0.3
400899892,SAC,3276,31.0,12.8,13.1
400899892,SAC,3444,21.0,10.6,10.2
400899892,SAC,3973,20.0,3.6,4.1
400899892,SAC,4000,28.0,13.2,10.7
400899892,SAC,4023,26.0,9.2,9.2
400899892,SAC,4258,37.0,26.6,20.9
400899892,SAC,2578213,16.0,4.7,4.6
400899892,SAC,2991282,8.0,-0.2,-0.7
400899893,ATL,2433,22.0,7.7,7.1
400899893,ATL,3015,38.0,14.7,12.5
400899893,ATL,3028,29.0,16.4,11.5
400899893,ATL,6622,12.0,6.5,5.0
400899893,ATL,6637,31.0,1.3,-0.1
400899893,ATL,2282205,30.0,2.8,3.7
400899893,ATL,2490089,21.0,10.7,11.1
400899893,ATL,2990962,1.0,0.6,0.6
400899893,ATL,3032979,36.0,19.8,17.8
400899893,ATL,3062667,19.0,9.3,8.5
400899893,DEN,2439,21.0,5.9,5.7
400899893,DEN,3194,27.0,13.6,11.6
400899893,DEN,3413,11.0,-0.3,1.0
400899893,DEN,3428,33.0,17.6,15.4
400899893,DEN,6433,21.0,2.1,1.0
400899893,DEN,6579,34.0,11.0,10.0
400899893,DEN,2999547,30.0,10.7,9.4
400899893,DEN,3112335,19.0,7.4,5.9
400899893,DEN,3892818,28.0,14.6,14.1
400899893,DEN,3936299,17.0,-1.2,-0.7
400899894,TOR,3012,33.0,29.5,27.1
400899894,TOR,3970,24.0,-1.4,-3.8
400899894,TOR,3978,37.0,14.1,9.8
400899894,TOR,4264,33.0,4.4,3.1
400899894,TOR,6446,20.0,2.2,1.3
400899894,TOR,6477,16.0,13.9,11.7
400899894,TOR,6619,20.0,7.3,7.4
400899894,TOR,2595516,19.0,0.1,0.3
400899894,TOR,3032980,32.0,11.3,8.2
400899894,TOR,3149673,6.0,-0.5,-0.7
400899894,UTA,1007,16.0,2.3,2.3
400899894,UTA,2167,13.0,-0.4,-1.3
400899894,UTA,4249,38.0,16.7,15.8
400899894,UTA,4257,15.0,2.2,1.6
400899894,UTA,6454,34.0,13.0,11.5
400899894,UTA,2581177,13.0,-2.1,-2.1
400899894,UTA,2968361,17.0,-0.9,0.0
400899894,UTA,2968436,29.0,11.5,8.5
400899894,UTA,3032976,35.0,15.8,11.9
400899894,UTA,3136196,30.0,13.7,12.3
400899895,PHI,2767,25.0,6.2,6.8
400899895,PHI,3025,26.0,17.9,18.4
400899895,PHI,3993,26.0,8.4,8.1
400899895,PHI,6634,22.0,2.4,3.4
400899895,PHI,2490620,33.0,9.8,10.2
400899895,PHI,2530530,22.0,2.8,2.3
400899895,PHI,2991280,10.0,5.8,2.6
400899895,PHI,3032978,27.0,4.0,2.6
400899895,PHI,3059318,28.0,19.3,17.0
400899895,PHI,3135048,20.0,4.4,4.8
400899895,PHX,984,33.0,12.4,11.3
400899895,PHX,2166,12.0,0.4,-0.3
400899895,PHX,3033,35.0,18.2,12.8
400899895,PHX,3201,13.0,-0.8,-0.3
400899895,PHX,4238,37.0,23.2,21.6
400899895,PHX,6448,15.0,8.3,7.7
400899895,PHX,2596107,18.0,6.4,6.2
400899895,PHX,2982334,32.0,13.1,11.9
400899895,PHX,3136193,38.0,16.4,13.8
400899895,PHX,3907487,7.0,-0.7,1.0
400899896,POR,4248,29.0,2.4,2.4
400899896,POR,4259,7.0,4.3,4.8
400899896,POR,6591,34.0,3.2,2.8
400899896,POR,6605,28.0,11.5,10.4
400899896,POR,6606,37.0,11.4,10.1
400899896,POR,2488653,15.0,7.8,6.4
400899896,POR,2490149,30.0,9.7,7.6
400899896,POR,2531210,30.0,6.6,6.1
400899896,POR,2578239,8.0,0.3,0.0
400899896,POR,2982268,2.0,-0.7,-0.7
400899896,POR,3078284,18.0,4.1,2.6
400899896,POR,4064730,2.0,0.3,-0.3
400899896,SAS,2772,20.0,4.7,4.1
400899896,SAS,2983,37.0,22.0,16.6
400899896,SAS,3988,30.0,-0.6,-1.1
400899896,SAS,4004,28.0,21.7,19.6
400899896,SAS,6426,7.0,0.0,0.0
400899896,SAS,6450,32.0,26.6,25.5
400899896,SAS,2579466,18.0,9.3,9.2
400899896,SAS,2580913,27.0,7.1,5.4
400899896,SAS,2968338,2.0,-0.7,-1.7
400899896,SAS,2993874,16.0,0.2,0.0
400899896,SAS,2994526,2.0,0.0,0.0
400899896,SAS,3907497,20.0,4.6,3.4
400899897,DAL,609,15.0,11.6,11.8
400899897,DAL,2382,12.0,0.9,0.7
400899897,DAL,2798,35.0,6.8,5.1
400899897,DAL,4032,40.0,11.7,7.4
400899897,DAL,6578,38.0,16.3,13.8
400899897,DAL,2326307,25.0,9.2,6.2
400899897,DAL,2531367,18.0,6.7,3.1
400899897,DAL,2578185,30.0,-1.8,-4.2
400899897,DAL,2968458,21.0,8.7,7.1
400899897,DAL,2982340,7.0,2.5,3.0
400899897,LAC,165,30.0,19.3,19.0
400899897,LAC,662,11.0,1.5,1.0
400899897,LAC,2745,8.0,2.3,1.7
400899897,LAC,2753,34.0,2.3,0.9
400899897,LAC,3024,30.0,2.0,2.3
400899897,LAC,3442,34.0,5.6,0.2
400899897,LAC,3451,38.0,9.8,5.1
400899897,LAC,3460,14.0,8.9,7.4
400899897,LAC,4247,5.0,1.0,0.0
400899897,LAC,6569,8.0,-1.7,-1.7
400899897,LAC,6617,29.0,9.2,8.4
400899898,BOS,2761,12.0,8.7,6.4
400899898,BOS,2769,24.0,10.9,11.2
400899898,BOS,3213,35.0,19.2,14.3
400899898,BOS,3998,13.0,-0.3,-0.4
400899898,BOS,4240,32.0,9.7,5.7
400899898,BOS,6472,33.0,13.5,13.8
400899898,BOS,6581,34.0,13.0,12.7
400899898,BOS,2489663,23.0,12.3,12.9
400899898,BOS,2990992,28.0,15.4,14.9
400899898,BOS,3917376,6.0,-0.1,-0.7
400899898,NYK,1975,39.0,19.0,16.6
400899898,NYK,3224,28.0,11.4,10.9
400899898,NYK,3445,34.0,7.4,6.6
400899898,NYK,3456,38.0,15.9,16.5
400899898,NYK,3997,16.0,1.2,-1.0
400899898,NYK,6485,9.0,2.6,3.4
400899898,NYK,6615,13.0,0.8,1.1
400899898,NYK,2284101,14.0,3.2,3.3
400899898,NYK,2999409,3.0,0.0,0.0
400899898,NYK,3102531,37.0,17.0,11.5
400899898,NYK,3138120,9.0,2.0,2.0
400899899,CLE,1006,29.0,-0.5,0.1
400899899,CLE,1966,40.0,24.4,20.1
400899899,CLE,2754,17.0,3.5,3.7
400899899,CLE,3449,32.0,15.8,15.3
400899899,CLE,6442,44.0,25.5,17.6
400899899,CLE,6453,22.0,1.0,-0.8
400899899,CLE,6468,29.0,4.7,3.6
400899899,CLE,6474,28.0,9.5,8.7
400899899,GSW,2016,13.0,0.7,1.1
400899899,GSW,2177,14.0,7.4,6.5
400899899,GSW,2386,25.0,-0.9,-1.3
400899899,GSW,2393,18.0,2.9,1.7
400899899,GSW,3202,38.0,31.8,26.4
400899899,GSW,3452,9.0,-0.6,-0.1
400899899,GSW,3975,37.0,9.9,7.6
400899899,GSW,6475,41.0,16.6,14.7
400899899,GSW,6589,32.0,9.5,9.3
400899899,GSW,2489785,9.0,4.4,3.4
400899899,GSW,3155535,5.0,-0.1,0.0
400899900,CHI,1987,28.0,22.5,22.0
400899900,CHI,3026,30.0,5.9,3.1
400899900,CHI,3447,19.0,4.9,5.4
400899900,CHI,3986,25.0,7.4,8.1
400899900,CHI,6430,36.0,12.7,11.7
400899900,CHI,6459,32.0,10.4,6.0
400899900,CHI,2528588,27.0,2.2,2.0
400899900,CHI,2531047,18.0,3.2,1.3
400899900,CHI,2999549,2.0,0.0,0.0
400899900,CHI,3064482,2.0,-1.1,-1.0
400899900,CHI,3113587,18.0,5.9,6.4
400899900,CHI,3893023,2.0,-1.5,-1.8
400899900,SAS,272,20.0,0.8,0.7
400899900,SAS,996,24.0,11.5,9.7
400899900,SAS,1015,28.0,7.7,5.8
400899900,SAS,2772,16.0,8.0,7.8
400899900,SAS,2983,38.0,25.8,25.6
400899900,SAS,3988,24.0,7.7,5.8
400899900,SAS,4004,17.0,3.0,2.8
400899900,SAS,6426,2.0,0.3,-0.7
400899900,SAS,6450,38.0,27.4,22.3
400899900,SAS,2579466,12.0,0.1,1.3
400899900,SAS,2580913,15.0,7.9,7.9
400899900,SAS,2993874,2.0,-0.1,0.0
400899900,SAS,3907497,2.0,3.4,3.4
400899901,MIN,3994,19.0,0.9,1.0
400899901,MIN,4011,30.0,10.6,9.0
400899901,MIN,4269,12.0,-0.5,0.0
400899901,MIN,2531100,4.0,0.3,0.0
400899901,MIN,2534781,29.0,4.1,2.4
400899901,MIN,2991139,18.0,5.2,3.1
400899901,MIN,2993875,25.0,13.0,11.4
400899901,MIN,3059319,36.0,14.7,12.1
400899901,MIN,3064440,31.0,9.2,8.7
400899901,MIN,3135046,4.0,2.7,2.4
400899901,MIN,3136195,32.0,15.8,14.4
400899901,OKC,3468,33.0,27.2,25.1
400899901,OKC,3474,12.0,-0.9,-0.4
400899901,OKC,6447,29.0,16.2,14.8
400899901,OKC,6469,5.0,-0.4,0.0
400899901,OKC,2530596,27.0,4.5,2.4
400899901,OKC,2959753,18.0,8.3,7.8
400899901,OKC,2983526,18.0,1.9,2.1
400899901,OKC,2991070,28.0,8.5,6.4
400899901,OKC,2991235,29.0,18.9,16.6
400899901,OKC,2995702,21.0,5.3,4.9
400899901,OKC,3155942,20.0,0.9,-0.4
400899902,LAC,165,31.0,10.0,10.6
400899902,LAC,662,12.0,4.2,2.0
400899902,LAC,2745,19.0,9.7,7.5
400899902,LAC,2753,38.0,11.6,7.6
400899902,LAC,3024,26.0,16.3,15.8
400899902,LAC,3442,28.0,7.4,5.1
400899902,LAC,3451,16.0,1.5,1.6
400899902,LAC,3460,21.0,13.4,12.7
400899902,LAC,4247,24.0,3.2,1.0
400899902,LAC,6617,25.0,1.3,0.6
400899902,LAL,2429,34.0,17.5,12.4
400899902,LAL,2799,24.0,7.4,5.6
400899902,LAL,3243,30.0,15.9,15.5
400899902,LAL,4298,25.0,14.0,14.5
400899902,LAL,6618,16.0,2.7,1.8
400899902,LAL,2528426,20.0,-1.0,-1.2
400899902,LAL,3064514,31.0,15.8,13.9
400899902,LAL,3136776,32.0,7.8,6.7
400899902,LAL,3913176,28.0,5.2,4.9
400899903,MIL,841,14.0,-0.1,-0.7
400899903,MIL,3418,18.0,3.9,2.6
400899903,MIL,4260,22.0,13.3,11.1
400899903,MIL,6592,25.0,4.1,4.4
400899903,MIL,2489716,30.0,9.7,8.7
400899903,MIL,2528353,29.0,14.5,12.4
400899903,MIL,2566769,23.0,6.1,4.8
400899903,MIL,3032977,38.0,23.2,21.6
400899903,MIL,3056600,40.0,4.7,3.7
400899903,WAS,2758,42.0,8.1,4.8
400899903,WAS,3232,6.0,2.2,2.3
400899903,WAS,4017,13.0,2.6,2.7
400899903,WAS,4237,42.0,15.3,13.1
400899903,WAS,6461,38.0,14.6,11.4
400899903,WAS,6580,37.0,17.1,15.0
400899903,WAS,2579260,4.0,-1.1,-0.7
400899903,WAS,2594922,41.0,26.9,22.9
400899903,WAS,3133603,17.0,3.9,3.4
400899904,MEM,136,15.0,2.2,2.0
400899904,MEM,1017,23.0,10.2,7.7
400899904,MEM,2367,23.0,7.1,6.7
400899904,MEM,3195,27.0,13.8,13.6
400899904,MEM,3206,28.0,9.4,7.0
400899904,MEM,6466,12.0,-2.9,-2.8
400899904,MEM,2327577,30.0,5.1,4.3
400899904,MEM,2489530,20.0,12.5,10.6
400899904,MEM,2579321,22.0,10.9,10.4
400899904,MEM,3064511,24.0,5.8,6.2
400899904,MEM,3064517,16.0,6.1,2.7
400899904,ORL,3209,24.0,-0.9,-1.5
400899904,ORL,3277,20.0,-4.2,-4.1
400899904,ORL,3415,20.0,10.1,9.9
400899904,ORL,3439,24.0,12.8,12.5
400899904,ORL,4003,29.0,13.3,10.8
400899904,ORL,6427,24.0,9.8,9.1
400899904,ORL,6478,27.0,9.6,7.4
400899904,ORL,2309097,3.0,-1.4,-1.4
400899904,ORL,2488999,3.0,-1.5,-1.0
400899904,ORL,2583639,25.0,15.5,14.5
400899904,ORL,2995706,5.0,-1.4,-1.7
400899904,ORL,3064290,34.0,26.0,25.6
400899904,ORL,3936102,3.0,1.6,0.0
400899905,BKN,3003,21.0,3.3,3.4
400899905,BKN,3448,33.0,20.6,18.0
400899905,BKN,3593,27.0,23.3,22.8
400899905,BKN,4270,22.0,4.5,1.0
400899905,BKN,4299,22.0,12.3,11.1
400899905,BKN,6590,15.0,3.3,1.7
400899905,BKN,2488689,32.0,16.8,16.5
400899905,BKN,2528794,12.0,-1.2,-1.4
400899905,BKN,2991043,15.0,2.9,3.4
400899905,BKN,3064291,26.0,8.5,6.8
400899905,BKN,3136477,16.0,4.5,3.8
400899905,CHA,2797,28.0,7.9,4.7
400899905,CHA,3231,15.0,7.0,7.4
400899905,CHA,3416,37.0,21.8,18.1
400899905,CHA,3436,19.0,4.5,3.5
400899905,CHA,6479,35.0,8.4,6.7
400899905,CHA,6601,35.0,13.2,9.8
400899905,CHA,6603,22.0,11.0,10.6
400899905,CHA,2579258,29.0,14.0,13.2
400899905,CHA,2579294,20.0,7.4,8.1
400899906,CLE,1006,22.0,0.1,0.0
400899906,CLE,1708,28.0,4.7,3.3
400899906,CLE,2009,14.0,-0.8,-1.4
400899906,CLE,2754,18.0,3.9,4.7
400899906,CLE,3449,26.0,13.0,8.1
400899906,CLE,6442,29.0,10.1,10.1
400899906,CLE,6453,18.0,-2.9,-2.4
400899906,CLE,6468,33.0,6.3,3.0
400899906,CLE,6474,26.0,8.0,7.1
400899906,CLE,2531797,6.0,5.9,5.7
400899906,CLE,3062892,20.0,8.1,6.2
400899906,DET,4305,18.0,10.7,8.2
400899906,DET,6440,29.0,17.6,15.8
400899906,DET,6443,30.0,6.6,6.9
400899906,DET,6452,28.0,10.7,8.7
400899906,DET,6462,36.0,10.7,7.3
400899906,DET,6585,28.0,10.8,6.8
400899906,DET,2566747,2.0,0.0,0.0
400899906,DET,2578259,2.0,-0.5,-0.8
400899906,DET,2581018,39.0,18.0,14.2
400899906,DET,2968439,12.0,1.1,1.4
400899906,DET,3134881,12.0,1.1,0.6
400899906,DET,3906522,2.0,-1.4,-1.4
400899907,CHI,1987,33.0,16.7,13.1
400899907,CHI,3026,24.0,2.8,2.5
400899907,CHI,3447,32.0,7.7,4.1
400899907,CHI,3986,22.0,2.8,1.6
400899907,CHI,6430,40.0,12.2,9.1
400899907,CHI,6459,30.0,16.6,16.1
400899907,CHI,2531047,29.0,7.8,6.4
400899907,CHI,2596108,19.0,-0.4,-2.5
400899907,CHI,3113587,12.0,1.1,1.2
400899907,IND,2389,20.0,8.5,9.2
400899907,IND,2778,25.0,-3.9,-3.5
400899907,IND,3192,24.0,19.6,18.4
400899907,IND,3235,6.0,1.0,1.0
400899907,IND,3244,32.0,8.9,5.4
400899907,IND,4015,24.0,2.3,2.0
400899907,IND,4251,39.0,9.3,8.2
400899907,IND,4289,9.0,-0.3,0.0
400899907,IND,2991039,32.0,3.5,1.0
400899907,IND,3133628,28.0,10.1,7.9
400899908,DAL,609,17.0,8.3,8.1
400899908,DAL,2382,18.0,4.9,4.4
400899908,DAL,2798,32.0,19.7,19.6
400899908,DAL,4032,36.0,9.7,7.9
400899908,DAL,6578,37.0,8.0,6.3
400899908,DAL,2326307,31.0,14.3,15.2
400899908,DAL,2531367,21.0,4.2,3.9
400899908,DAL,2578185,17.0,3.2,4.5
400899908,DAL,2968458,16.0,0.9,0.0
400899908,DAL,2982340,13.0,7.1,6.1
400899908,NOP,3974,37.0,9.3,7.7
400899908,NOP,3983,11.0,-0.1,0.3
400899908,NOP,3995,36.0,7.5,6.4
400899908,NOP,6460,23.0,14.0,12.5
400899908,NOP,6583,37.0,24.0,20.9
400899908,NOP,6597,12.0,3.5,1.9
400899908,NOP,2488945,4.0,2.2,1.3
400899908,NOP,2488958,31.0,10.2,8.7
400899908,NOP,2530572,26.0,13.4,13.2
400899908,NOP,2990984,23.0,12.4,12.2
400899909,HOU,1713,14.0,5.6,4.7
400899909,HOU,2426,26.0,11.5,4.7
400899909,HOU,3191,18.0,8.8,7.8
400899909,HOU,3412,25.0,12.3,12.2
400899909,HOU,3431,28.0,9.5,8.4
400899909,HOU,3964,26.0,8.5,5.0
400899909,HOU,3992,30.0,23.5,23.9
400899909,HOU,2566741,4.0,0.2,0.0
400899909,HOU,2581029,6.0,-2.4,-2.4
400899909,HOU,2991055,23.0,11.2,10.4
400899909,HOU,2991184,25.0,9.7,8.4
400899909,HOU,3059281,6.0,-1.1,-0.7
400899909,HOU,3147366,8.0,8.0,6.8
400899909,PHX,984,20.0,5.6,5.5
400899909,PHX,2166,12.0,5.4,4.8
400899909,PHX,3033,21.0,0.3,-1.3
400899909,PHX,4238,27.0,13.8,10.2
400899909,PHX,6448,24.0,15.0,14.3
400899909,PHX,2579326,6.0,4.6,2.0
400899909,PHX,2596107,20.0,7.1,5.1
400899909,PHX,2982334,31.0,2.0,0.8
400899909,PHX,3136193,28.0,7.2,8.3
400899909,PHX,3136194,6.0,2.0,1.7
400899909,PHX,3907487,19.0,8.9,8.1
400899909,PHX,4011991,27.0,13.0,6.1
400899910,ATL,2011,23.0,3.1,2.6
400899910,ATL,2384,21.0,23.2,19.5
400899910,ATL,2433,11.0,14.2,14.2
400899910,ATL,3015,25.0,-1.6,-2.3
400899910,ATL,3028,21.0,11.0,7.7
400899910,ATL,6622,18.0,3.9,1.3
400899910,ATL,6637,24.0,-0.6,-1.3
400899910,ATL,2282205,21.0,-4.2,-5.1
400899910,ATL,2488651,8.0,1.9,1.0
400899910,ATL,2490089,18.0,4.8,4.8
400899910,ATL,2990962,10.0,3.0,1.7
400899910,ATL,3032979,23.0,3.8,4.1
400899910,ATL,3062667,17.0,2.3,2.6
400899910,MIN,3994,6.0,0.0,0.0
400899910,MIN,4011,24.0,8.9,8.3
400899910,MIN,4269,25.0,4.3,2.7
400899910,MIN,2534781,35.0,12.8,9.5
400899910,MIN,2991139,24.0,3.3,-0.1
400899910,MIN,2993875,29.0,3.0,2.5
400899910,MIN,3059319,28.0,16.8,15.7
400899910,MIN,3064440,31.0,11.6,10.7
400899910,MIN,3135046,8.0,-0.4,-0.7
400899910,MIN,3136195,31.0,26.0,23.5
400899911,POR,4239,27.0,4.9,2.4
400899911,POR,4248,33.0,8.7,6.4
400899911,POR,4259,10.0,-1.0,-1.4
400899911,POR,6591,33.0,4.9,1.6
400899911,POR,6605,8.0,-0.8,-0.7
400899911,POR,2488653,30.0,13.9,12.2
400899911,POR,2490149,34.0,19.7,20.0
400899911,POR,2530780,14.0,6.6,4.3
400899911,POR,2531210,35.0,1.8,0.1
400899911,POR,3078284,15.0,6.2,5.1
400899911,TOR,3012,40.0,19.6,17.7
400899911,TOR,3970,27.0,2.6,2.3
400899911,TOR,3978,37.0,16.1,12.0
400899911,TOR,4264,31.0,10.8,9.7
400899911,TOR,6446,23.0,1.0,-0.2
400899911,TOR,6477,27.0,11.6,7.7
400899911,TOR,6619,15.0,2.1,-2.8
400899911,TOR,2595516,11.0,-0.8,-1.1
400899911,TOR,3032980,21.0,7.1,4.4
400899911,TOR,3149673,6.0,-0.7,-0.7
400899912,DEN,2439,30.0,4.3,3.0
400899912,DEN,3194,29.0,-2.5,-2.6
400899912,DEN,3428,37.0,22.0,16.3
400899912,DEN,6433,19.0,10.9,8.5
400899912,DEN,6579,32.0,21.0,20.2
400899912,DEN,2999547,31.0,5.6,5.5
400899912,DEN,3112335,32.0,22.8,19.0
400899912,DEN,3892818,18.0,2.3,0.9
400899912,DEN,3936299,12.0,-0.8,-0.7
400899912,LAC,165,36.0,15.5,13.5
400899912,LAC,2745,20.0,11.3,9.7
400899912,LAC,2753,31.0,3.7,3.3
400899912,LAC,3442,34.0,13.9,8.7
400899912,LAC,3451,32.0,7.3,5.7
400899912,LAC,3460,15.0,6.5,5.6
400899912,LAC,4247,20.0,6.3,6.3
400899912,LAC,6569,10.0,1.6,2.4
400899912,LAC,6617,42.0,10.7,8.8
400899913,PHI,2767,33.0,13.6,12.4
400899913,PHI,3025,25.0,19.5,16.0
400899913,PHI,3993,25.0,1.8,1.6
400899913,PHI,2490620,37.0,2.9,-0.4
400899913,PHI,2530530,23.0,3.6,2.7
400899913,PHI,2991042,19.0,0.9,0.0
400899913,PHI,2991280,3.0,3.0,2.0
400899913,PHI,3032978,27.0,10.4,7.4
400899913,PHI,3059318,29.0,14.0,11.4
400899913,PHI,3135048,20.0,2.5,2.8
400899913,SAC,1765,13.0,0.9,0.7
400899913,SAC,3005,36.0,9.8,7.4
400899913,SAC,3276,23.0,2.5,2.0
400899913,SAC,3444,15.0,5.9,5.0
400899913,SAC,3554,13.0,2.9,1.0
400899913,SAC,3973,28.0,6.1,5.1
400899913,SAC,4000,20.0,11.0,9.9
400899913,SAC,4023,29.0,5.0,3.7
400899913,SAC,4258,34.0,23.8,19.5
400899913,SAC,2578213,17.0,1.2,1.0
400899913,SAC,2991282,12.0,7.8,6.7
400899914,BOS,2761,19.0,17.9,16.6
400899914,BOS,2769,25.0,5.6,3.8
400899914,BOS,3213,34.0,3.9,3.1
400899914,BOS,3998,6.0,0.3,0.0
400899914,BOS,4240,34.0,20.5,17.9
400899914,BOS,6472,34.0,13.6,14.5
400899914,BOS,6581,32.0,13.1,11.1
400899914,BOS,6631,6.0,-0.4,0.0
400899914,BOS,2489663,18.0,5.3,4.8
400899914,BOS,2990992,29.0,13.6,10.4
400899914,BOS,3917376,4.0,0.7,0.7
400899914,MEM,136,23.0,0.5,-1.6
400899914,MEM,1017,29.0,13.3,11.2
400899914,MEM,2367,35.0,18.1,14.8
400899914,MEM,3206,38.0,23.4,18.5
400899914,MEM,2327577,22.0,10.2,6.1
400899914,MEM,2489530,20.0,1.8,2.2
400899914,MEM,2579321,22.0,7.5,7.4
400899914,MEM,3064511,44.0,9.5,8.2
400899914,MEM,3064517,7.0,-0.7,-0.7
400899915,MIA,2184,5.0,0.0,0.0
400899915,MIA,3981,13.0,-1.5,-2.1
400899915,MIA,3999,25.0,8.8,7.9
400899915,MIA,4262,31.0,6.2,4.6
400899915,MIA,6480,15.0,8.4,6.8
400899915,MIA,2326015,12.0,4.5,2.7
400899915,MIA,2488826,36.0,5.3,6.1
400899915,MIA,2530276,30.0,10.4,8.9
400899915,MIA,2581190,37.0,17.4,16.5
400899915,MIA,3135047,35.0,3.7,1.3
400899915,OKC,3468,37.0,22.6,17.5
400899915,OKC,3474,20.0,6.0,6.0
400899915,OKC,6447,33.0,12.6,11.1
400899915,OKC,6469,10.0,1.0,0.0
400899915,OKC,2530596,22.0,-1.7,-1.8
400899915,OKC,2959753,11.0,2.1,2.3
400899915,OKC,2983526,11.0,1.0,1.1
400899915,OKC,2991070,24.0,5.7,7.0
400899915,OKC,2991235,23.0,12.0,11.7
400899915,OKC,2995702,22.0,9.8,10.4
400899915,OKC,3155942,26.0,5.6,4.4
400899916,DAL,609,15.0,2.1,1.5
400899916,DAL,2382,14.0,1.2,1.3
400899916,DAL,2747,11.0,3.0,0.8
400899916,DAL,2798,23.0,1.8,2.3
400899916,DAL,4032,29.0,13.9,13.4
400899916,DAL,6578,32.0,13.4,13.3
400899916,DAL,2326307,22.0,10.0,8.4
400899916,DAL,2531367,23.0,11.7,12.4
400899916,DAL,2578185,25.0,2.3,2.4
400899916,DAL,2578204,11.0,4.0,3.7
400899916,DAL,2968458,5.0,0.5,0.4
400899916,DAL,2982340,21.0,15.2,11.4
400899916,DAL,3929314,9.0,4.3,2.0
400899916,HOU,1713,19.0,9.2,6.9
400899916,HOU,2426,30.0,9.7,7.4
400899916,HOU,3191,20.0,6.2,4.7
400899916,HOU,3412,28.0,17.2,16.1
400899916,HOU,3431,27.0,11.2,10.1
400899916,HOU,3472,3.0,0.3,0.0
400899916,HOU,3992,30.0,29.3,28.5
400899916,HOU,2566741,8.0,-0.2,0.3
400899916,HOU,2581029,3.0,-0.7,-0.7
400899916,HOU,2991055,26.0,4.9,5.0
400899916,HOU,2991184,27.0,13.9,8.9
400899916,HOU,3059281,18.0,2.1,3.1
400899917,LAL,2429,33.0,8.0,4.7
400899917,LAL,2799,27.0,14.2,14.4
400899917,LAL,3243,23.0,0.7,-1.1
400899917,LAL,4298,26.0,9.2,7.7
400899917,LAL,6618,18.0,8.3,7.5
400899917,LAL,2528426,26.0,10.1,8.6
400899917,LAL,3064514,31.0,25.7,23.7
400899917,LAL,3136776,25.0,-1.6,-1.1
400899917,LAL,3913176,31.0,0.3,1.3
400899917,UTA,1007,16.0,5.7,4.4
400899917,UTA,2167,23.0,2.9,2.7
400899917,UTA,4249,34.0,29.4,26.9
400899917,UTA,4257,22.0,8.2,7.8
400899917,UTA,6454,33.0,2.2,2.3
400899917,UTA,2581177,25.0,-3.6,-3.8
400899917,UTA,2968361,14.0,4.2,3.4
400899917,UTA,2968436,24.0,11.2,10.8
400899917,UTA,3032976,37.0,9.0,6.7
400899917,UTA,3136196,13.0,5.9,4.8
400899918,IND,2389,14.0,4.6,2.6
400899918,IND,2751,18.0,-0.7,0.6
400899918,IND,2778,25.0,7.6,7.9
400899918,IND,3192,10.0,-0.3,-1.0
400899918,IND,3244,35.0,10.3,5.4
400899918,IND,4015,38.0,19.7,20.0
400899918,IND,4251,37.0,26.7,26.8
400899918,IND,4289,9.0,-0.9,-1.4
400899918,IND,2991039,20.0,1.9,1.0
400899918,IND,3133628,34.0,10.0,7.1
400899918,WAS,2758,41.0,15.6,11.8
400899918,WAS,3232,18.0,6.4,6.4
400899918,WAS,4017,20.0,2.9,3.3
400899918,WAS,4237,39.0,32.5,29.4
400899918,WAS,6461,26.0,3.5,3.0
400899918,WAS,6580,18.0,10.2,7.9
400899918,WAS,6614,7.0,2.9,1.7
400899918,WAS,2579260,11.0,-2.8,-3.8
400899918,WAS,2594885,7.0,0.7,0.7
400899918,WAS,2594922,33.0,15.1,16.4
400899918,WAS,3133603,21.0,-2.6,-2.0
400899919,CHA,2797,22.0,8.5,5.7
400899919,CHA,3211,8.0,5.7,4.8
400899919,CHA,3231,22.0,10.2,9.1
400899919,CHA,3416,30.0,20.3,17.4
400899919,CHA,3436,16.0,1.5,0.7
400899919,CHA,6479,25.0,18.8,18.3
400899919,CHA,6601,30.0,13.7,11.6
400899919,CHA,6603,28.0,8.8,8.0
400899919,CHA,6641,6.0,3.4,3.4
400899919,CHA,2579258,24.0,11.5,9.9
400899919,CHA,2579294,26.0,2.4,1.2
400899919,CHA,2595231,4.0,0.6,0.6
400899919,ORL,3209,15.0,3.3,3.3
400899919,ORL,3277,22.0,1.9,2.3
400899919,ORL,3415,16.0,3.0,3.4
400899919,ORL,3439,30.0,19.5,16.3
400899919,ORL,4003,22.0,7.7,5.4
400899919,ORL,6427,22.0,2.8,1.7
400899919,ORL,6478,27.0,20.3,16.3
400899919,ORL,2309097,12.0,2.2,2.6
400899919,ORL,2488999,6.0,2.3,0.7
400899919,ORL,2583639,27.0,1.9,1.0
400899919,ORL,2995706,12.0,7.2,7.1
400899919,ORL,3064290,25.0,1.9,1.7
400899919,ORL,3936102,6.0,6.7,5.8
400899920,ATL,2011,25.0,8.8,7.3
400899920,ATL,2384,39.0,21.5,17.3
400899920,ATL,2433,12.0,5.5,3.3
400899920,ATL,3015,41.0,7.9,5.5
400899920,ATL,3028,31.0,6.7,4.0
400899920,ATL,6637,40.0,2.7,4.0
400899920,ATL,2282205,10.0,0.2,0.6
400899920,ATL,2490089,14.0,2.3,0.7
400899920,ATL,2528210,13.0,-4.4,-4.2
400899920,ATL,3032979,40.0,18.6,17.4
400899920,NYK,1975,15.0,6.1,5.3
400899920,NYK,2421,27.0,0.7,-1.1
400899920,NYK,3224,38.0,20.2,15.7
400899920,NYK,3456,43.0,13.5,13.2
400899920,NYK,3997,28.0,1.7,-0.0
400899920,NYK,6485,12.0,-1.2,-0.7
400899920,NYK,6615,13.0,3.4,1.7
400899920,NYK,2284101,34.0,11.0,8.1
400899920,NYK,2999409,10.0,-0.4,-0.3
400899920,NYK,3102531,42.0,14.1,10.8
400899920,NYK,3138120,3.0,-1.4,-1.0
400899921,DET,4305,21.0,-1.7,-2.3
400899921,DET,4376,4.0,2.9,2.3
400899921,DET,6440,31.0,19.5,16.2
400899921,DET,6443,34.0,11.3,10.1
400899921,DET,6452,29.0,9.0,7.8
400899921,DET,6462,23.0,6.7,7.6
400899921,DET,6585,26.0,11.6,9.9
400899921,DET,2578259,4.0,1.7,1.7
400899921,DET,2581018,30.0,7.4,6.2
400899921,DET,2968439,18.0,5.7,5.1
400899921,DET,3134881,16.0,0.3,-0.0
400899921,DET,3906522,4.0,-1.7,-1.7
400899921,MIL,841,20.0,3.9,2.7
400899921,MIL,3018,3.0,-0.4,-0.7
400899921,MIL,3418,22.0,7.6,4.3
400899921,MIL,4260,27.0,15.0,11.6
400899921,MIL,6592,19.0,6.1,5.3
400899921,MIL,6616,3.0,1.0,1.0
400899921,MIL,2489716,20.0,7.9,8.1
400899921,MIL,2528353,28.0,12.3,10.5
400899921,MIL,2566769,28.0,9.9,9.0
400899921,MIL,3032977,35.0,20.9,18.5
400899921,MIL,3056600,34.0,30.4,27.5
400899921,MIL,4017843,3.0,-0.1,0.3
400899922,BKN,3003,28.0,6.9,5.6
400899922,BKN,3448,34.0,23.3,24.3
400899922,BKN,3593,28.0,3.7,4.3
400899922,BKN,4270,26.0,8.3,5.2
400899922,BKN,6590,18.0,7.0,4.4
400899922,BKN,2488689,34.0,13.9,12.8
400899922,BKN,2580782,15.0,-0.4,-1.1
400899922,BKN,2991043,20.0,3.2,1.3
400899922,BKN,3064291,18.0,1.9,0.8
400899922,BKN,3136477,19.0,4.0,1.4
400899922,CHI,1987,22.0,8.5,7.6
400899922,CHI,3026,35.0,11.7,8.0
400899922,CHI,3447,31.0,11.0,8.8
400899922,CHI,3986,29.0,6.5,4.4
400899922,CHI,6430,38.0,33.7,29.3
400899922,CHI,6459,25.0,1.6,0.2
400899922,CHI,2528588,30.0,3.8,3.3
400899922,CHI,2531047,3.0,-1.1,-0.7
400899922,CHI,2596108,15.0,0.4,-0.7
400899922,CHI,3113587,11.0,2.7,0.7
400899923,LAC,165,29.0,-1.6,-1.2
400899923,LAC,2745,13.0,6.3,5.4
400899923,LAC,2753,22.0,1.5,-0.0
400899923,LAC,2779,31.0,19.9,18.6
400899923,LAC,3442,39.0,14.8,9.0
400899923,LAC,3451,32.0,2.7,1.6
400899923,LAC,3460,18.0,5.6,4.6
400899923,LAC,4247,19.0,1.1,0.3
400899923,LAC,6569,5.0,5.0,4.7
400899923,LAC,6617,32.0,13.8,12.7
400899923,NOP,3974,32.0,8.1,4.4
400899923,NOP,3983,16.0,11.3,10.9
400899923,NOP,3995,34.0,9.5,7.5
400899923,NOP,6460,20.0,8.7,6.4
400899923,NOP,6583,37.0,16.1,11.8
400899923,NOP,6597,23.0,6.3,5.5
400899923,NOP,2488958,24.0,5.8,4.7
400899923,NOP,2530572,31.0,8.7,6.2
400899923,NOP,2990984,23.0,13.9,11.8
400899924,PHX,984,25.0,2.3,0.7
400899924,PHX,2166,13.0,2.8,1.7
400899924,PHX,3033,16.0,1.0,-2.0
400899924,PHX,4238,27.0,10.0,10.9
400899924,PHX,6448,23.0,9.3,8.1
400899924,PHX,2579326,3.0,-0.4,0.0
400899924,PHX,2596107,20.0,6.1,5.1
400899924,PHX,2982334,34.0,19.2,17.8
400899924,PHX,3136193,29.0,0.8,-0.5
400899924,PHX,3136194,3.0,-1.0,-1.0
400899924,PHX,3907487,21.0,6.4,6.2
400899924,PHX,4011991,27.0,11.6,9.5
400899924,SAS,272,20.0,15.0,11.1
400899924,SAS,996,29.0,14.4,9.7
400899924,SAS,1015,29.0,12.4,12.5
400899924,SAS,2772,16.0,11.6,11.3
400899924,SAS,2983,33.0,27.7,25.3
400899924,SAS,3988,30.0,11.0,6.4
400899924,SAS,4004,16.0,1.2,1.4
400899924,SAS,6426,3.0,-2.2,-1.0
400899924,SAS,2579466,25.0,1.0,1.0
400899924,SAS,2580913,15.0,4.0,2.3
400899924,SAS,2993874,22.0,-1.2,-2.0
400899924,SAS,3907497,3.0,6.1,6.1
400899925,DEN,2439,21.0,0.9,0.7
400899925,DEN,3194,37.0,11.7,9.3
400899925,DEN,3428,35.0,12.8,12.5
400899925,DEN,6433,16.0,6.9,6.4
400899925,DEN,6579,19.0,4.0,3.4
400899925,DEN,2999547,29.0,11.7,10.8
400899925,DEN,3102530,9.0,3.6,2.1
400899925,DEN,3112335,34.0,18.0,16.7
400899925,DEN,3892818,27.0,8.7,8.2
400899925,DEN,3936299,13.0,7.5,4.7
400899925,MIN,4011,34.0,17.5,12.5
400899925,MIN,4267,4.0,1.2,1.3
400899925,MIN,4269,18.0,-0.6,-0.0
400899925,MIN,2534781,39.0,18.5,17.0
400899925,MIN,2991139,14.0,1.0,1.0
400899925,MIN,2993875,19.0,2.8,3.7
400899925,MIN,3059319,36.0,18.8,15.6
400899925,MIN,3064440,40.0,12.3,11.0
400899925,MIN,3136195,35.0,16.2,13.4
400899926,POR,4239,30.0,7.5,5.2
400899926,POR,4248,31.0,6.5,5.1
400899926,POR,6591,33.0,8.8,7.8
400899926,POR,6605,25.0,11.0,9.6
400899926,POR,2488653,23.0,12.6,9.8
400899926,POR,2490149,35.0,13.9,12.3
400899926,POR,2530780,13.0,2.7,3.3
400899926,POR,2531210,33.0,11.9,9.4
400899926,POR,3078284,17.0,4.7,2.7
400899926,SAC,1765,29.0,7.3,6.4
400899926,SAC,3276,29.0,1.1,0.3
400899926,SAC,3444,23.0,8.6,6.2
400899926,SAC,3554,14.0,5.8,4.7
400899926,SAC,3973,20.0,5.3,5.4
400899926,SAC,4000,29.0,3.8,3.2
400899926,SAC,4023,31.0,8.7,7.0
400899926,SAC,4258,35.0,23.2,20.4
400899926,SAC,2578213,19.0,0.1,-1.5
400899926,SAC,2991282,10.0,-0.6,-0.8
400899927,GSW,2016,18.0,7.3,8.2
400899927,GSW,2177,10.0,3.7,3.1
400899927,GSW,2386,30.0,11.8,10.2
400899927,GSW,2393,12.0,-0.4,0.4
400899927,GSW,3202,38.0,21.4,12.8
400899927,GSW,3452,7.0,1.2,1.0
400899927,GSW,3975,36.0,23.2,22.6
400899927,GSW,6475,35.0,14.4,11.7
400899927,GSW,6589,38.0,17.8,13.8
400899927,GSW,2489785,16.0,7.0,7.1
400899927,TOR,3012,40.0,22.9,20.9
400899927,TOR,3970,28.0,13.6,8.4
400899927,TOR,3978,39.0,25.5,21.4
400899927,TOR,4264,33.0,-0.3,-1.8
400899927,TOR,6446,17.0,5.3,4.8
400899927,TOR,6477,21.0,6.1,5.7
400899927,TOR,6619,34.0,16.3,14.7
400899927,TOR,2595516,7.0,0.2,0.2
400899927,TOR,3032980,17.0,4.6,2.1
400899927,TOR,3149673,4.0,0.0,0.0
400899928,CHA,2797,25.0,9.3,8.4
400899928,CHA,3231,18.0,4.9,5.3
400899928,CHA,3416,36.0,17.9,11.2
400899928,CHA,3436,15.0,4.0,3.8
400899928,CHA,6479,36.0,15.7,13.0
400899928,CHA,6601,33.0,4.0,-0.1
400899928,CHA,6603,23.0,7.6,4.6
400899928,CHA,2579258,33.0,9.0,7.0
400899928,CHA,2579294,19.0,1.7,-2.2
400899928,MIA,3423,32.0,-1.0,-0.7
400899928,MIA,3981,17.0,7.5,7.3
400899928,MIA,3999,18.0,0.4,-1.0
400899928,MIA,4250,21.0,6.9,5.4
400899928,MIA,4262,35.0,4.3,0.7
400899928,MIA,2326015,13.0,7.5,4.4
400899928,MIA,2488826,14.0,2.7,1.4
400899928,MIA,2530276,28.0,17.3,13.2
400899928,MIA,2581190,33.0,15.5,13.8
400899928,MIA,3135047,29.0,-3.1,-4.5
400899929,MEM,136,22.0,6.7,4.7
400899929,MEM,1017,25.0,15.9,14.9
400899929,MEM,2367,31.0,3.4,1.8
400899929,MEM,3206,33.0,18.5,13.2
400899929,MEM,6466,15.0,4.4,2.4
400899929,MEM,2327577,34.0,16.2,15.5
400899929,MEM,2489530,18.0,18.3,18.9
400899929,MEM,2579321,24.0,5.0,4.7
400899929,MEM,3064511,31.0,5.9,6.1
400899929,MEM,3064517,4.0,-0.5,0.0
400899929,MEM,3136696,4.0,2.4,2.1
400899929,OKC,1978,8.0,4.0,3.7
400899929,OKC,3468,23.0,6.0,4.3
400899929,OKC,3474,19.0,0.9,0.3
400899929,OKC,6447,24.0,12.4,11.3
400899929,OKC,6469,6.0,1.3,1.7
400899929,OKC,2530596,24.0,2.4,0.3
400899929,OKC,2959753,10.0,-2.1,-1.7
400899929,OKC,2983526,27.0,2.6,1.1
400899929,OKC,2991070,24.0,6.4,5.8
400899929,OKC,2991235,27.0,4.9,2.5
400899929,OKC,2995702,27.0,2.8,2.5
400899929,OKC,3155942,21.0,0.1,-0.3
400899930,BOS,2761,16.0,5.1,5.0
400899930,BOS,2769,15.0,1.0,0.4
400899930,BOS,3213,29.0,3.3,1.7
400899930,BOS,3998,17.0,12.8,9.4
400899930,BOS,4240,30.0,12.0,8.3
400899930,BOS,6472,34.0,31.3,29.1
400899930,BOS,6581,34.0,12.4,10.4
400899930,BOS,6631,10.0,6.4,6.4
400899930,BOS,2489663,13.0,3.4,2.4
400899930,BOS,2990992,31.0,8.5,7.8
400899930,BOS,3917376,12.0,6.0,5.8
400899930,CLE,1006,19.0,10.4,10.3
400899930,CLE,1708,3.0,-1.1,-1.0
400899930,CLE,1966,44.0,17.6,13.5
400899930,CLE,2754,15.0,1.9,1.3
400899930,CLE,3449,34.0,22.1,18.1
400899930,CLE,6442,42.0,34.2,30.3
400899930,CLE,6453,20.0,4.8,6.0
400899930,CLE,6468,30.0,4.1,4.3
400899930,CLE,6474,32.0,9.5,8.1
400899931,PHI,2767,24.0,15.2,13.2
400899931,PHI,3025,16.0,-1.8,-2.4
400899931,PHI,6634,21.0,5.0,4.7
400899931,PHI,2490620,32.0,-3.9,-4.9
400899931,PHI,2530530,27.0,3.4,2.8
400899931,PHI,2991042,34.0,5.3,2.0
400899931,PHI,2991280,22.0,11.9,10.8
400899931,PHI,3032978,25.0,9.7,8.8
400899931,PHI,3135048,24.0,7.5,7.7
400899931,PHI,3893019,15.0,-2.6,-1.7
400899931,UTA,1007,17.0,3.0,2.7
400899931,UTA,2167,17.0,-0.7,-0.7
400899931,UTA,3438,29.0,24.3,18.9
400899931,UTA,4249,32.0,16.5,14.7
400899931,UTA,4257,25.0,1.1,-0.8
400899931,UTA,6454,19.0,2.6,2.7
400899931,UTA,2333797,1.0,0.0,0.0
400899931,UTA,2581177,32.0,13.0,12.5
400899931,UTA,2968361,1.0,0.0,0.0
400899931,UTA,2968436,16.0,1.2,1.3
400899931,UTA,3032976,33.0,11.6,5.3
400899931,UTA,3136196,19.0,11.1,8.1
400899932,PHX,984,27.0,10.7,6.1
400899932,PHX,2166,5.0,-0.7,-1.0
400899932,PHX,3033,30.0,10.3,11.4
400899932,PHX,4238,38.0,19.9,15.5
400899932,PHX,6448,9.0,3.1,2.7
400899932,PHX,2596107,21.0,2.4,1.3
400899932,PHX,2982334,27.0,-2.5,-4.3
400899932,PHX,3136193,38.0,11.5,10.2
400899932,PHX,3136194,15.0,7.9,7.1
400899932,PHX,3907487,19.0,4.4,5.3
400899932,PHX,4011991,11.0,0.4,1.0
400899932,TOR,3012,38.0,17.6,15.0
400899932,TOR,3970,19.0,2.2,0.3
400899932,TOR,3978,35.0,13.3,13.2
400899932,TOR,4264,9.0,-2.1,-2.1
400899932,TOR,6446,25.0,8.7,8.4
400899932,TOR,6477,19.0,7.0,5.1
400899932,TOR,6619,30.0,5.3,0.2
400899932,TOR,2595516,22.0,4.0,1.6
400899932,TOR,3032980,22.0,-0.1,-1.3
400899932,TOR,3149673,22.0,4.0,3.4
400899933,DAL,2382,21.0,8.3,8.4
400899933,DAL,2747,22.0,1.8,0.8
400899933,DAL,2798,33.0,6.6,6.7
400899933,DAL,4032,35.0,15.0,13.9
400899933,DAL,6578,36.0,12.4,9.7
400899933,DAL,2326307,25.0,5.4,3.7
400899933,DAL,2531367,14.0,12.3,11.2
400899933,DAL,2578185,32.0,10.3,8.7
400899933,DAL,2968458,12.0,7.1,5.5
400899933,DAL,2982340,10.0,2.9,1.3
400899933,LAL,2429,34.0,2.1,0.9
400899933,LAL,2799,21.0,3.5,4.0
400899933,LAL,3243,30.0,16.1,14.5
400899933,LAL,4298,16.0,-0.9,-1.4
400899933,LAL,6618,19.0,9.2,6.9
400899933,LAL,2528426,30.0,9.8,7.3
400899933,LAL,3064514,28.0,10.7,11.0
400899933,LAL,3136776,31.0,9.7,7.7
400899933,LAL,3913176,32.0,1.2,0.9
400899934,CHI,1987,30.0,12.5,10.7
400899934,CHI,3026,11.0,-2.6,-1.7
400899934,CHI,3447,19.0,1.6,1.4
400899934,CHI,3986,28.0,7.2,6.0
400899934,CHI,6430,38.0,15.4,13.6
400899934,CHI,6459,27.0,2.3,-1.6
400899934,CHI,2528588,29.0,10.5,8.7
400899934,CHI,2531047,8.0,2.5,2.7
400899934,CHI,2596108,27.0,8.8,8.1
400899934,CHI,3113587,22.0,16.9,15.3
400899934,IND,2389,17.0,5.9,4.4
400899934,IND,2751,13.0,3.6,1.7
400899934,IND,2778,22.0,4.0,4.3
400899934,IND,3192,13.0,6.6,7.1
400899934,IND,3244,36.0,13.5,13.5
400899934,IND,4015,35.0,10.3,7.2
400899934,IND,4251,37.0,20.3,18.7
400899934,IND,4289,14.0,4.3,3.4
400899934,IND,2991039,24.0,13.5,10.5
400899934,IND,3133628,29.0,11.7,10.3
400899935,BKN,3003,27.0,3.8,3.6
400899935,BKN,3448,31.0,8.2,6.8
400899935,BKN,3593,21.0,9.2,8.0
400899935,BKN,4270,20.0,12.9,11.8
400899935,BKN,6590,17.0,2.5,0.0
400899935,BKN,2488689,23.0,-0.4,-0.4
400899935,BKN,2580782,23.0,0.7,1.5
400899935,BKN,2991043,24.0,12.5,10.8
400899935,BKN,3064291,29.0,10.1,7.9
400899935,BKN,3136477,25.0,1.1,0.2
400899935,WAS,2758,31.0,16.0,11.8
400899935,WAS,3232,18.0,9.4,8.9
400899935,WAS,4017,21.0,8.3,7.2
400899935,WAS,4237,32.0,20.7,15.8
400899935,WAS,6461,21.0,7.4,6.8
400899935,WAS,6614,5.0,-0.4,-0.7
400899935,WAS,6621,12.0,-0.4,-1.0
400899935,WAS,2579260,30.0,24.6,22.0
400899935,WAS,2594885,24.0,5.9,5.0
400899935,WAS,2594922,31.0,10.5,8.4
400899935,WAS,2991050,2.0,1.9,1.0
400899935,WAS,3133603,13.0,-0.1,-0.7
400899936,BOS,2761,6.0,2.0,1.7
400899936,BOS,2769,23.0,8.6,8.1
400899936,BOS,3213,31.0,19.0,16.6
400899936,BOS,3998,23.0,7.7,6.8
400899936,BOS,6472,37.0,39.0,38.5
400899936,BOS,6581,31.0,9.0,7.8
400899936,BOS,2489663,19.0,1.5,0.6
400899936,BOS,2990992,34.0,5.1,2.6
400899936,BOS,3074752,21.0,2.4,0.7
400899936,BOS,3917376,16.0,4.7,5.1
400899936,MIA,3981,30.0,9.6,10.1
400899936,MIA,3999,24.0,18.0,14.9
400899936,MIA,4250,16.0,3.9,3.7
400899936,MIA,4262,32.0,10.1,6.0
400899936,MIA,2326015,14.0,6.3,5.8
400899936,MIA,2488826,29.0,7.5,7.2
400899936,MIA,2530276,29.0,16.2,16.3
400899936,MIA,2581190,35.0,19.7,14.3
400899936,MIA,3135047,31.0,10.1,9.5
400899937,NOP,3974,35.0,6.5,4.3
400899937,NOP,3983,18.0,13.6,12.1
400899937,NOP,3995,35.0,16.9,13.7
400899937,NOP,6460,27.0,7.6,7.1
400899937,NOP,6583,34.0,16.6,10.7
400899937,NOP,6597,18.0,3.9,1.3
400899937,NOP,2488958,28.0,4.4,6.4
400899937,NOP,2530572,21.0,1.1,0.9
400899937,NOP,2990984,24.0,7.2,6.6
400899937,NYK,1975,40.0,15.6,12.2
400899937,NYK,2421,22.0,3.9,3.4
400899937,NYK,3224,16.0,-1.5,-2.6
400899937,NYK,3456,38.0,8.4,5.6
400899937,NYK,3997,28.0,2.8,1.3
400899937,NYK,6485,18.0,2.6,2.3
400899937,NYK,6615,5.0,1.3,1.0
400899937,NYK,2284101,28.0,8.8,7.1
400899937,NYK,2999409,7.0,1.3,1.4
400899937,NYK,3102531,38.0,18.9,14.4
400899938,HOU,1713,16.0,1.7,1.2
400899938,HOU,2426,37.0,19.4,16.2
400899938,HOU,3191,16.0,11.1,9.1
400899938,HOU,3412,23.0,-0.1,-0.2
400899938,HOU,3431,24.0,17.7,16.2
400899938,HOU,3472,2.0,-0.7,-0.7
400899938,HOU,3964,33.0,15.1,14.2
400899938,HOU,3992,34.0,34.4,24.8
400899938,HOU,2566741,2.0,0.0,0.0
400899938,HOU,2581029,2.0,1.0,0.0
400899938,HOU,2991055,30.0,26.0,25.9
400899938,HOU,2991184,19.0,5.7,5.4
400899938,HOU,3059281,2.0,0.3,0.0
400899938,LAC,165,30.0,0.8,-0.4
400899938,LAC,2745,14.0,3.6,3.0
400899938,LAC,2753,31.0,19.1,17.3
400899938,LAC,3024,25.0,2.1,3.3
400899938,LAC,3442,30.0,20.6,18.4
400899938,LAC,3451,26.0,2.8,2.0
400899938,LAC,3460,20.0,11.8,10.1
400899938,LAC,4247,24.0,8.9,6.3
400899938,LAC,6569,25.0,6.7,7.4
400899938,LAC,6617,15.0,6.2,6.3
400899939,MIL,841,23.0,5.1,4.8
400899939,MIL,3018,3.0,2.7,2.7
400899939,MIL,3418,20.0,8.4,8.1
400899939,MIL,4260,14.0,2.9,2.6
400899939,MIL,4385,19.0,5.9,4.7
400899939,MIL,6592,20.0,0.4,0.3
400899939,MIL,6616,3.0,-0.7,-1.0
400899939,MIL,2528353,29.0,0.4,1.2
400899939,MIL,2566769,33.0,10.0,8.5
400899939,MIL,3032977,32.0,22.8,21.1
400899939,MIL,3056600,38.0,16.1,14.8
400899939,MIL,4017843,6.0,-1.1,-0.7
400899939,MIN,4011,35.0,11.2,8.0
400899939,MIN,4267,5.0,1.3,0.0
400899939,MIN,4269,19.0,8.8,8.1
400899939,MIN,2534781,34.0,9.4,5.8
400899939,MIN,2991139,13.0,1.6,2.1
400899939,MIN,2993875,18.0,14.0,14.1
400899939,MIN,3059319,39.0,27.3,25.5
400899939,MIN,3064440,39.0,15.9,16.5
400899939,MIN,3136195,38.0,16.3,13.2
400899940,ATL,2011,29.0,16.6,15.7
400899940,ATL,2384,30.0,13.0,10.5
400899940,ATL,2433,10.0,4.6,5.1
400899940,ATL,3015,37.0,19.5,17.8
400899940,ATL,3028,23.0,0.5,0.2
400899940,ATL,6637,29.0,8.1,6.4
400899940,ATL,2282205,16.0,5.4,2.5
400899940,ATL,2490089,18.0,6.2,4.1
400899940,ATL,2528210,17.0,-2.2,-2.1
400899940,ATL,3032979,31.0,11.2,10.1
400899940,DET,4305,25.0,5.8,5.1
400899940,DET,6440,38.0,8.8,7.3
400899940,DET,6443,32.0,13.5,13.9
400899940,DET,6452,37.0,18.5,17.2
400899940,DET,6585,35.0,9.5,6.7
400899940,DET,2581018,39.0,5.7,1.2
400899940,DET,2968439,13.0,2.7,3.7
400899940,DET,3134881,21.0,8.1,4.5
400899941,POR,4239,28.0,5.0,3.6
400899941,POR,4248,28.0,4.8,2.9
400899941,POR,4259,13.0,1.1,2.4
400899941,POR,6591,28.0,8.8,7.1
400899941,POR,6605,13.0,1.9,2.0
400899941,POR,2488653,27.0,10.8,9.0
400899941,POR,2490149,33.0,17.8,17.4
400899941,POR,2530780,16.0,3.7,2.0
400899941,POR,2531210,33.0,8.3,6.4
400899941,POR,2578239,6.0,1.2,1.7
400899941,POR,2982268,3.0,0.0,0.0
400899941,POR,3078284,9.0,2.3,1.7
400899941,POR,4064730,3.0,0.7,0.4
400899941,SAS,272,17.0,11.5,10.1
400899941,SAS,996,23.0,8.1,6.4
400899941,SAS,1015,22.0,13.6,13.0
400899941,SAS,2772,16.0,7.5,5.9
400899941,SAS,2983,29.0,6.1,5.1
400899941,SAS,3988,31.0,11.9,11.8
400899941,SAS,4004,22.0,6.3,5.2
400899941,SAS,6426,3.0,0.3,-0.7
400899941,SAS,2579466,30.0,14.5,13.3
400899941,SAS,2580913,13.0,4.0,3.4
400899941,SAS,2993874,28.0,5.8,2.7
400899941,SAS,3907497,6.0,1.3,0.3
400899942,DEN,2439,19.0,11.8,12.6
400899942,DEN,3194,36.0,8.8,7.1
400899942,DEN,3428,29.0,12.2,13.0
400899942,DEN,6433,12.0,7.1,5.7
400899942,DEN,6579,28.0,7.7,4.9
400899942,DEN,2999547,34.0,11.8,10.7
400899942,DEN,3102530,19.0,-0.7,-0.7
400899942,DEN,3112335,22.0,20.4,20.9
400899942,DEN,3892818,29.0,20.4,20.1
400899942,DEN,3936299,12.0,-0.4,-0.7
400899942,PHI,2767,37.0,17.6,17.2
400899942,PHI,6634,23.0,2.3,1.6
400899942,PHI,2490620,28.0,16.0,14.7
400899942,PHI,2530530,36.0,14.0,14.6
400899942,PHI,2991042,29.0,8.2,8.4
400899942,PHI,2991280,19.0,5.0,5.2
400899942,PHI,3032978,28.0,11.9,11.4
400899942,PHI,3059318,29.0,18.3,15.7
400899942,PHI,3893019,11.0,2.8,3.3
400899943,DAL,609,23.0,2.9,1.5
400899943,DAL,2382,18.0,1.8,2.3
400899943,DAL,2798,20.0,9.7,8.1
400899943,DAL,4032,30.0,10.5,7.6
400899943,DAL,6578,28.0,20.1,16.5
400899943,DAL,2326307,26.0,12.8,11.2
400899943,DAL,2531367,26.0,13.9,9.9
400899943,DAL,2578185,21.0,-2.5,-3.1
400899943,DAL,2578204,12.0,3.6,2.7
400899943,DAL,2968458,3.0,0.0,-0.3
400899943,DAL,2982340,15.0,4.4,1.6
400899943,DAL,2991178,6.0,1.7,1.7
400899943,DAL,3929314,12.0,2.7,2.1
400899943,GSW,2016,18.0,0.7,-1.1
400899943,GSW,2177,15.0,10.0,9.2
400899943,GSW,2386,23.0,2.4,1.3
400899943,GSW,2393,18.0,5.3,3.7
400899943,GSW,3202,35.0,17.9,14.6
400899943,GSW,3452,11.0,6.7,6.8
400899943,GSW,3975,30.0,11.5,10.1
400899943,GSW,6475,36.0,22.4,19.5
400899943,GSW,6589,27.0,12.3,11.7
400899943,GSW,2489785,24.0,3.9,2.6
400899943,GSW,3155535,4.0,-1.7,-1.7
400899944,MEM,136,21.0,12.0,9.4
400899944,MEM,1017,24.0,6.7,7.1
400899944,MEM,2367,21.0,11.4,10.2
400899944,MEM,3195,29.0,21.1,18.9
400899944,MEM,3206,21.0,-1.6,-1.8
400899944,MEM,6466,16.0,5.6,4.7
400899944,MEM,2327577,38.0,20.4,19.4
400899944,MEM,2489530,12.0,7.2,7.7
400899944,MEM,2579321,24.0,3.7,3.7
400899944,MEM,3064511,19.0,10.8,11.3
400899944,MEM,3064517,13.0,-1.3,-3.1
400899944,MEM,3136696,2.0,-0.7,-0.7
400899944,SAC,1765,33.0,19.1,17.4
400899944,SAC,3276,28.0,16.3,15.9
400899944,SAC,3444,20.0,0.8,-2.4
400899944,SAC,3554,6.0,0.3,0.3
400899944,SAC,3973,39.0,10.6,10.1
400899944,SAC,4000,10.0,0.8,1.3
400899944,SAC,4023,31.0,2.2,0.3
400899944,SAC,4258,38.0,21.8,17.8
400899944,SAC,2578213,15.0,0.6,1.0
400899944,SAC,2991282,3.0,-1.0,-1.0
400899944,SAC,3934663,10.0,5.3,5.0
400899944,SAC,3936296,3.0,1.3,0.7
400899944,SAC,4017846,3.0,0.0,0.0
400899945,CHI,1987,25.0,3.0,0.9
400899945,CHI,3447,31.0,10.5,8.5
400899945,CHI,3986,28.0,7.9,7.3
400899945,CHI,6430,38.0,23.1,20.3
400899945,CHI,6459,22.0,8.9,8.8
400899945,CHI,2490589,2.0,0.0,0.0
400899945,CHI,2528588,29.0,11.0,10.8
400899945,CHI,2531047,18.0,1.4,2.6
400899945,CHI,2596108,25.0,3.0,0.6
400899945,CHI,2999549,2.0,1.0,0.0
400899945,CHI,3064482,2.0,-0.4,0.0
400899945,CHI,3113587,17.0,4.4,3.0
400899945,MIL,841,22.0,3.5,3.3
400899945,MIL,3018,2.0,1.7,1.7
400899945,MIL,4260,34.0,14.7,11.1
400899945,MIL,4385,23.0,2.4,2.3
400899945,MIL,6592,14.0,-1.5,-0.8
400899945,MIL,2528353,24.0,7.0,6.4
400899945,MIL,2566769,39.0,15.9,14.8
400899945,MIL,3032977,41.0,37.3,29.4
400899945,MIL,3056600,40.0,23.0,20.6
400899945,MIL,4017843,2.0,2.7,2.7
400899946,HOU,1713,12.0,0.8,0.9
400899946,HOU,2426,39.0,11.6,8.3
400899946,HOU,3191,29.0,2.3,3.4
400899946,HOU,3412,35.0,22.9,21.5
400899946,HOU,3431,32.0,3.9,3.1
400899946,HOU,3992,42.0,48.7,45.6
400899946,HOU,2991055,33.0,12.9,13.3
400899946,HOU,2991184,13.0,-0.4,-1.0
400899946,HOU,3059281,6.0,-1.1,-0.7
400899946,NYK,1975,19.0,0.7,1.9
400899946,NYK,2421,4.0,-0.7,-0.7
400899946,NYK,3224,29.0,18.7,14.2
400899946,NYK,3456,41.0,16.9,14.0
400899946,NYK,3997,41.0,26.1,24.2
400899946,NYK,6485,33.0,4.3,5.6
400899946,NYK,2284101,30.0,11.6,8.7
400899946,NYK,2999409,19.0,3.0,0.6
400899946,NYK,3063982,9.0,1.5,2.4
400899946,NYK,3138120,16.0,10.8,10.4
400899947,CHA,2797,28.0,6.3,3.9
400899947,CHA,3211,3.0,0.2,1.0
400899947,CHA,3231,17.0,3.3,2.7
400899947,CHA,3416,35.0,14.1,10.9
400899947,CHA,3436,14.0,-0.2,-0.7
400899947,CHA,6479,35.0,27.0,26.3
400899947,CHA,6601,35.0,10.9,10.5
400899947,CHA,6603,18.0,9.4,7.5
400899947,CHA,6641,2.0,-1.0,-1.0
400899947,CHA,2579258,19.0,5.6,6.2
400899947,CHA,2579294,30.0,11.8,11.4
400899947,CHA,2595231,2.0,2.6,2.6
400899947,CHA,3064510,2.0,1.0,0.7
400899947,CLE,1006,19.0,1.1,1.6
400899947,CLE,1966,36.0,27.0,25.2
400899947,CLE,2009,2.0,0.0,0.0
400899947,CLE,2754,17.0,3.8,3.3
400899947,CLE,3449,39.0,19.0,16.6
400899947,CLE,6453,26.0,3.6,3.1
400899947,CLE,6468,21.0,0.6,1.0
400899947,CLE,6474,29.0,11.9,10.5
400899947,CLE,2531797,31.0,15.9,15.5
400899947,CLE,3062892,19.0,13.7,11.8
400899948,PHX,984,24.0,7.6,6.8
400899948,PHX,2166,13.0,9.9,8.1
400899948,PHX,3033,35.0,6.8,4.7
400899948,PHX,4238,30.0,14.0,13.1
400899948,PHX,6448,8.0,-3.9,-3.5
400899948,PHX,2596107,23.0,1.0,1.7
400899948,PHX,2982334,19.0,-1.2,-2.1
400899948,PHX,3136193,36.0,13.1,10.0
400899948,PHX,3136194,10.0,1.3,1.3
400899948,PHX,3907487,22.0,-0.5,-0.4
400899948,PHX,4011991,21.0,2.4,2.2
400899948,UTA,1007,17.0,-3.0,-2.4
400899948,UTA,2167,14.0,-0.1,-0.7
400899948,UTA,3438,7.0,2.2,2.3
400899948,UTA,4249,35.0,18.8,14.8
400899948,UTA,4257,24.0,7.8,5.3
400899948,UTA,6454,26.0,1.1,1.7
400899948,UTA,2581177,25.0,7.0,7.7
400899948,UTA,2968361,14.0,6.2,5.7
400899948,UTA,2968436,23.0,3.7,3.7
400899948,UTA,3032976,37.0,19.2,14.2
400899948,UTA,3136196,18.0,0.7,-0.1
400899949,LAC,165,31.0,0.5,-0.3
400899949,LAC,662,16.0,1.0,0.9
400899949,LAC,2745,24.0,15.2,14.9
400899949,LAC,2753,32.0,7.3,6.1
400899949,LAC,3024,20.0,-0.8,-0.9
400899949,LAC,3442,27.0,10.1,7.2
400899949,LAC,3451,12.0,2.3,2.0
400899949,LAC,3460,25.0,10.6,10.7
400899949,LAC,4247,2.0,-0.8,-0.7
400899949,LAC,6569,18.0,1.4,-0.1
400899949,LAC,6617,34.0,5.7,6.6
400899949,OKC,3468,29.0,25.7,20.1
400899949,OKC,3474,5.0,-1.8,-1.4
400899949,OKC,6447,25.0,17.6,15.3
400899949,OKC,6469,5.0,3.3,2.7
400899949,OKC,2527963,29.0,8.9,9.7
400899949,OKC,2530596,31.0,7.2,3.6
400899949,OKC,2959753,16.0,3.8,5.3
400899949,OKC,2983526,19.0,2.0,1.0
400899949,OKC,2991070,17.0,3.3,3.4
400899949,OKC,2991235,29.0,12.6,11.1
400899949,OKC,2995702,12.0,12.3,10.1
400899949,OKC,3155942,25.0,7.4,5.4
400899950,CHA,2797,27.0,7.5,4.0
400899950,CHA,3190,15.0,5.1,4.9
400899950,CHA,3211,24.0,8.0,5.0
400899950,CHA,3231,15.0,8.0,7.4
400899950,CHA,3416,36.0,18.7,18.9
400899950,CHA,3436,21.0,3.3,2.6
400899950,CHA,6479,33.0,19.8,17.6
400899950,CHA,6601,32.0,11.9,10.1
400899950,CHA,6603,12.0,10.7,9.1
400899950,CHA,2579294,24.0,15.2,12.1
400899950,CHA,2595231,1.0,0.0,0.0
400899950,OKC,3468,34.0,22.5,18.2
400899950,OKC,3474,4.0,2.6,3.0
400899950,OKC,6447,20.0,16.7,16.1
400899950,OKC,2527963,36.0,7.6,8.3
400899950,OKC,2530596,30.0,-0.2,0.7
400899950,OKC,2983526,15.0,4.3,4.2
400899950,OKC,2991070,27.0,2.3,0.7
400899950,OKC,2991235,36.0,19.2,17.1
400899950,OKC,2995702,21.0,3.3,2.6
400899950,OKC,3155942,17.0,-0.3,0.3
400899951,ATL,2011,17.0,6.4,3.8
400899951,ATL,2384,30.0,15.1,11.5
400899951,ATL,2433,14.0,4.0,3.3
400899951,ATL,3015,30.0,11.6,6.6
400899951,ATL,3028,28.0,5.7,4.0
400899951,ATL,6637,27.0,17.1,15.9
400899951,ATL,2282205,20.0,9.6,8.1
400899951,ATL,2490089,22.0,6.3,5.8
400899951,ATL,2528210,21.0,7.7,7.1
400899951,ATL,3032979,30.0,15.2,12.8
400899951,ATL,3062667,2.0,0.3,0.0
400899951,ORL,3209,21.0,8.9,8.7
400899951,ORL,3277,2.0,0.0,0.0
400899951,ORL,3415,13.0,5.3,4.7
400899951,ORL,3439,33.0,3.5,1.3
400899951,ORL,4003,24.0,6.1,4.7
400899951,ORL,6427,21.0,0.2,-0.7
400899951,ORL,6478,30.0,6.2,2.1
400899951,ORL,6588,30.0,5.8,5.3
400899951,ORL,2202117,2.0,0.0,0.0
400899951,ORL,2309097,2.0,-0.4,-0.7
400899951,ORL,2583639,35.0,14.0,10.2
400899951,ORL,2995706,2.0,2.0,2.0
400899951,ORL,3064290,25.0,13.3,11.9
400899952,MIL,841,28.0,8.6,6.4
400899952,MIL,3418,10.0,4.2,4.7
400899952,MIL,4260,31.0,18.4,13.3
400899952,MIL,4385,21.0,6.3,6.3
400899952,MIL,6592,14.0,1.1,1.7
400899952,MIL,6616,4.0,-2.1,-2.4
400899952,MIL,2528353,20.0,-0.9,-1.4
400899952,MIL,2566769,38.0,11.2,10.5
400899952,MIL,3032977,39.0,24.4,18.5
400899952,MIL,3056600,37.0,11.3,9.9
400899952,NYK,1975,37.0,24.5,20.7
400899952,NYK,3224,31.0,11.6,10.2
400899952,NYK,3445,38.0,10.7,9.1
400899952,NYK,3456,33.0,4.9,3.0
400899952,NYK,3997,16.0,0.7,1.1
400899952,NYK,6485,38.0,7.0,4.7
400899952,NYK,6615,15.0,5.7,6.1
400899952,NYK,2284101,10.0,3.6,3.4
400899952,NYK,2999409,3.0,-0.4,-0.7
400899952,NYK,3138120,19.0,13.2,11.1
400899953,CHI,1987,27.0,6.5,4.0
400899953,CHI,3447,23.0,4.6,4.5
400899953,CHI,3986,34.0,16.5,14.4
400899953,CHI,6430,38.0,17.2,16.1
400899953,CHI,6459,26.0,12.8,10.7
400899953,CHI,2528588,32.0,16.6,14.5
400899953,CHI,2531047,20.0,3.4,3.0
400899953,CHI,2596108,28.0,7.4,6.0
400899953,CHI,3113587,11.0,1.0,0.6
400899953,CLE,1006,29.0,2.8,3.2
400899953,CLE,1966,37.0,23.2,21.2
400899953,CLE,2009,15.0,2.0,1.3
400899953,CLE,2754,30.0,13.0,11.1
400899953,CLE,6453,23.0,-2.3,-4.4
400899953,CLE,6468,24.0,2.2,1.6
400899953,CLE,6474,33.0,3.6,2.2
400899953,CLE,2531797,33.0,13.4,13.0
400899953,CLE,3062892,16.0,3.9,3.2
400899954,LAC,165,27.0,16.0,15.8
400899954,LAC,2745,5.0,-0.1,0.0
400899954,LAC,2753,37.0,12.1,8.1
400899954,LAC,3024,37.0,12.4,11.9
400899954,LAC,3442,37.0,16.8,11.8
400899954,LAC,3451,28.0,9.2,8.4
400899954,LAC,3460,13.0,2.2,3.0
400899954,LAC,4247,6.0,1.2,1.7
400899954,LAC,6569,6.0,-0.2,0.2
400899954,LAC,6617,44.0,23.0,21.3
400899954,MEM,136,30.0,7.6,5.9
400899954,MEM,1017,19.0,5.1,4.6
400899954,MEM,2367,30.0,10.8,10.5
400899954,MEM,3195,36.0,14.1,14.9
400899954,MEM,3206,36.0,21.1,18.3
400899954,MEM,2489530,24.0,0.3,1.1
400899954,MEM,2579321,32.0,10.4,7.1
400899954,MEM,3064511,20.0,11.2,10.5
400899954,MEM,3064517,12.0,3.4,4.7
400899955,GSW,2016,19.0,13.8,10.5
400899955,GSW,2177,14.0,4.9,3.8
400899955,GSW,2386,30.0,12.4,9.9
400899955,GSW,2393,18.0,6.7,5.8
400899955,GSW,3202,38.0,27.6,23.2
400899955,GSW,3452,2.0,0.3,-0.7
400899955,GSW,3975,36.0,23.1,20.7
400899955,GSW,6475,37.0,8.3,4.2
400899955,GSW,6589,30.0,15.1,11.6
400899955,GSW,2489785,12.0,2.6,3.0
400899955,GSW,3137730,1.0,0.3,0.7
400899955,GSW,3155535,4.0,-1.5,-0.7
400899955,POR,4239,30.0,4.7,5.4
400899955,POR,4248,33.0,10.3,8.9
400899955,POR,6591,30.0,7.0,6.1
400899955,POR,6605,11.0,6.2,4.6
400899955,POR,2488653,33.0,19.5,14.5
400899955,POR,2490149,38.0,20.3,18.4
400899955,POR,2530780,12.0,2.9,2.3
400899955,POR,2531210,36.0,14.5,14.4
400899955,POR,2578239,9.0,-0.4,0.0
400899955,POR,3078284,7.0,2.3,1.7
400899956,MIA,2184,18.0,5.1,5.4
400899956,MIA,3423,30.0,17.4,15.5
400899956,MIA,3981,24.0,10.7,9.0
400899956,MIA,3999,25.0,13.5,12.6
400899956,MIA,4250,17.0,5.4,5.4
400899956,MIA,6628,10.0,-0.4,-0.3
400899956,MIA,2326015,23.0,4.4,2.0
400899956,MIA,2488826,25.0,4.1,1.6
400899956,MIA,2530276,30.0,21.7,18.8
400899956,MIA,2581190,37.0,6.7,2.7
400899956,SAC,1765,33.0,8.4,7.9
400899956,SAC,3187,31.0,7.8,9.1
400899956,SAC,3276,29.0,11.9,12.2
400899956,SAC,3444,15.0,8.7,6.5
400899956,SAC,3973,27.0,5.1,5.0
400899956,SAC,4000,29.0,10.1,10.3
400899956,SAC,4023,31.0,12.3,10.5
400899956,SAC,4258,32.0,6.5,4.7
400899956,SAC,2578213,6.0,-2.1,-2.1
400899956,SAC,2991282,7.0,4.0,3.1
400899957,BKN,1781,25.0,3.8,4.4
400899957,BKN,3003,15.0,0.9,-1.0
400899957,BKN,3448,26.0,5.6,3.9
400899957,BKN,3593,12.0,-0.8,-1.1
400899957,BKN,4270,20.0,11.7,10.5
400899957,BKN,6590,22.0,17.0,13.5
400899957,BKN,2488689,25.0,11.2,7.9
400899957,BKN,2528794,26.0,6.6,6.1
400899957,BKN,2580782,32.0,13.3,11.5
400899957,BKN,2991043,21.0,7.0,6.1
400899957,BKN,2991473,3.0,4.7,4.4
400899957,BKN,3136477,13.0,3.1,3.0
400899957,IND,2389,14.0,1.1,1.3
400899957,IND,2751,21.0,-0.5,0.0
400899957,IND,2778,18.0,4.2,4.0
400899957,IND,3192,17.0,7.4,7.1
400899957,IND,3244,32.0,6.5,4.5
400899957,IND,4015,31.0,26.8,23.0
400899957,IND,4251,31.0,22.0,18.7
400899957,IND,4289,15.0,5.3,5.4
400899957,IND,6424,2.0,1.0,0.0
400899957,IND,2528386,2.0,-1.8,-2.1
400899957,IND,2991039,25.0,8.2,6.4
400899957,IND,3133628,32.0,27.9,20.2
400899958,TOR,3012,41.0,30.2,26.5
400899958,TOR,3970,39.0,7.4,5.7
400899958,TOR,3978,37.0,12.0,8.6
400899958,TOR,6446,18.0,2.8,1.3
400899958,TOR,6477,31.0,19.0,18.7
400899958,TOR,6619,30.0,6.9,6.3
400899958,TOR,2595516,8.0,-2.2,-2.1
400899958,TOR,3032980,26.0,6.2,5.1
400899958,TOR,3134908,6.0,1.0,0.0
400899958,TOR,3149673,4.0,-0.1,-0.7
400899958,UTA,1007,20.0,5.5,5.4
400899958,UTA,2167,3.0,0.7,0.7
400899958,UTA,4249,34.0,8.2,8.8
400899958,UTA,4257,26.0,4.3,1.6
400899958,UTA,6429,4.0,3.6,3.3
400899958,UTA,6454,31.0,12.3,11.6
400899958,UTA,2581177,35.0,4.2,3.3
400899958,UTA,2968436,26.0,3.9,4.1
400899958,UTA,3032976,36.0,15.3,11.7
400899958,UTA,3102528,14.0,0.5,1.7
400899958,UTA,3136196,12.0,3.6,3.7
400899959,CHA,2797,29.0,17.5,15.0
400899959,CHA,3190,21.0,2.9,1.1
400899959,CHA,3211,28.0,14.1,13.4
400899959,CHA,3231,22.0,4.6,3.7
400899959,CHA,3416,25.0,5.7,5.3
400899959,CHA,3436,19.0,10.9,9.2
400899959,CHA,6479,36.0,21.0,20.8
400899959,CHA,6601,27.0,10.0,8.1
400899959,CHA,6603,13.0,-2.4,-2.5
400899959,CHA,2579294,20.0,4.4,4.0
400899959,DET,4305,19.0,1.7,-0.4
400899959,DET,4376,22.0,19.6,15.9
400899959,DET,6440,31.0,19.3,18.5
400899959,DET,6443,30.0,20.1,21.3
400899959,DET,6452,22.0,5.3,5.4
400899959,DET,6462,36.0,17.2,15.3
400899959,DET,6585,25.0,9.8,9.3
400899959,DET,2578259,15.0,-3.9,-3.1
400899959,DET,2581018,33.0,2.1,0.9
400899959,DET,3134881,8.0,-0.5,-1.4
400899960,ATL,2384,30.0,12.0,10.1
400899960,ATL,2433,10.0,-1.6,-1.4
400899960,ATL,3015,33.0,12.2,6.9
400899960,ATL,3028,32.0,10.0,6.2
400899960,ATL,6637,21.0,-1.0,-0.7
400899960,ATL,2282205,20.0,10.1,6.2
400899960,ATL,2490089,20.0,9.0,7.1
400899960,ATL,2528210,26.0,10.4,7.6
400899960,ATL,3032979,33.0,15.6,14.1
400899960,ATL,3062667,15.0,4.3,4.4
400899960,NOP,3974,27.0,4.8,2.7
400899960,NOP,3983,13.0,4.7,4.1
400899960,NOP,3995,35.0,11.2,10.4
400899960,NOP,6460,27.0,0.6,1.2
400899960,NOP,6583,37.0,15.3,12.0
400899960,NOP,6597,30.0,11.3,6.1
400899960,NOP,2488958,22.0,0.8,0.3
400899960,NOP,2530572,18.0,4.4,3.3
400899960,NOP,2990984,31.0,11.7,10.0
400899961,HOU,1713,17.0,15.6,15.3
400899961,HOU,2426,35.0,5.1,3.2
400899961,HOU,3191,13.0,3.7,2.4
400899961,HOU,3412,32.0,8.6,8.4
400899961,HOU,3431,29.0,13.0,12.3
400899961,HOU,3964,31.0,12.7,10.9
400899961,HOU,3992,38.0,22.5,19.5
400899961,HOU,2991055,29.0,6.2,6.0
400899961,HOU,2991184,16.0,9.7,8.8
400899961,OKC,3468,38.0,33.3,30.0
400899961,OKC,6447,22.0,16.9,14.9
400899961,OKC,2527963,41.0,10.9,9.6
400899961,OKC,2530596,36.0,13.2,12.2
400899961,OKC,2983526,12.0,0.3,0.3
400899961,OKC,2991070,22.0,1.7,0.3
400899961,OKC,2991235,29.0,10.1,5.4
400899961,OKC,2995702,17.0,1.8,2.3
400899961,OKC,3155942,22.0,6.5,4.4
400899962,DAL,609,28.0,7.5,7.0
400899962,DAL,2382,20.0,12.0,10.1
400899962,DAL,2747,20.0,2.1,1.4
400899962,DAL,2798,33.0,14.6,14.2
400899962,DAL,4032,36.0,3.4,1.2
400899962,DAL,6578,39.0,18.4,15.5
400899962,DAL,2326307,26.0,9.4,10.7
400899962,DAL,2531367,9.0,1.2,0.0
400899962,DAL,2578185,17.0,3.4,2.7
400899962,DAL,2578204,2.0,-2.8,-2.4
400899962,DAL,3929314,10.0,1.3,0.0
400899962,PHX,984,28.0,10.3,6.5
400899962,PHX,2166,14.0,0.9,1.2
400899962,PHX,3033,34.0,4.5,2.8
400899962,PHX,4238,30.0,20.5,19.9
400899962,PHX,6448,26.0,14.3,14.5
400899962,PHX,2596107,17.0,10.0,9.5
400899962,PHX,2982334,24.0,3.6,3.2
400899962,PHX,3136193,36.0,10.2,9.7
400899962,PHX,3907487,18.0,0.3,-1.0
400899962,PHX,4011991,13.0,-1.8,-1.7
400899963,LAL,2799,24.0,4.5,3.6
400899963,LAL,3243,35.0,4.6,5.9
400899963,LAL,4298,11.0,5.4,4.7
400899963,LAL,6618,15.0,9.0,7.2
400899963,LAL,2528393,15.0,2.4,1.4
400899963,LAL,2528426,32.0,17.2,15.4
400899963,LAL,3064514,37.0,12.7,11.6
400899963,LAL,3136776,35.0,12.6,10.5
400899963,LAL,3913176,37.0,7.0,7.0
400899963,POR,4239,28.0,14.3,13.4
400899963,POR,4248,35.0,11.4,6.1
400899963,POR,4259,16.0,4.3,4.0
400899963,POR,6591,29.0,8.9,4.8
400899963,POR,6606,36.0,18.9,18.6
400899963,POR,2488653,31.0,13.8,12.7
400899963,POR,2490149,35.0,20.6,20.3
400899963,POR,2531210,26.0,10.6,10.0
400899963,POR,3078284,4.0,-2.6,-2.5
400899964,DEN,558,4.0,0.0,-0.3
400899964,DEN,2439,20.0,2.9,1.7
400899964,DEN,3194,24.0,8.8,7.1
400899964,DEN,3413,19.0,11.3,10.1
400899964,DEN,3428,28.0,9.1,8.6
400899964,DEN,4232,4.0,-3.2,-2.7
400899964,DEN,6579,15.0,6.9,4.0
400899964,DEN,2999547,26.0,4.9,4.3
400899964,DEN,3102530,21.0,4.6,4.7
400899964,DEN,3112335,27.0,20.8,18.8
400899964,DEN,3892818,28.0,5.1,4.1
400899964,DEN,3936299,23.0,4.6,5.0
400899964,SAS,272,18.0,9.1,7.7
400899964,SAS,996,35.0,18.9,16.3
400899964,SAS,1015,24.0,23.1,22.6
400899964,SAS,2772,6.0,2.0,0.4
400899964,SAS,2983,33.0,21.6,19.8
400899964,SAS,3988,25.0,5.9,3.0
400899964,SAS,4004,18.0,5.3,4.4
400899964,SAS,6426,5.0,0.3,0.0
400899964,SAS,6450,36.0,19.2,17.1
400899964,SAS,2579466,13.0,2.9,3.3
400899964,SAS,2580913,13.0,2.2,2.4
400899964,SAS,2993874,8.0,6.4,5.1
400899964,SAS,3907497,6.0,2.4,2.4
400899965,MIN,3457,20.0,10.2,9.5
400899965,MIN,4011,35.0,6.3,5.3
400899965,MIN,4267,8.0,5.0,4.8
400899965,MIN,4269,11.0,2.6,2.3
400899965,MIN,2534781,40.0,15.5,11.5
400899965,MIN,2991139,13.0,0.6,1.4
400899965,MIN,3059319,39.0,26.9,25.7
400899965,MIN,3064440,37.0,0.8,0.5
400899965,MIN,3136195,38.0,14.1,11.8
400899965,WAS,2758,33.0,16.3,13.0
400899965,WAS,3232,22.0,10.1,7.8
400899965,WAS,4237,40.0,21.1,19.6
400899965,WAS,6461,36.0,8.2,8.0
400899965,WAS,6580,34.0,18.4,17.5
400899965,WAS,6614,5.0,0.1,1.0
400899965,WAS,2579260,11.0,3.4,3.4
400899965,WAS,2594885,11.0,2.1,2.1
400899965,WAS,2594922,34.0,14.6,11.5
400899965,WAS,3133603,14.0,1.7,3.0
400899966,HOU,1713,25.0,4.5,0.7
400899966,HOU,2426,29.0,11.2,10.8
400899966,HOU,3191,16.0,-1.8,-1.7
400899966,HOU,3412,33.0,16.6,13.4
400899966,HOU,3431,32.0,9.3,8.6
400899966,HOU,3964,31.0,19.5,15.4
400899966,HOU,3992,34.0,7.3,6.4
400899966,HOU,2991055,22.0,6.0,4.2
400899966,HOU,2991184,18.0,9.0,7.2
400899966,ORL,3209,20.0,2.6,1.3
400899966,ORL,3415,29.0,14.6,14.1
400899966,ORL,3439,33.0,10.6,9.7
400899966,ORL,4003,14.0,-1.4,-2.4
400899966,ORL,6427,20.0,4.2,2.1
400899966,ORL,6478,28.0,2.9,1.3
400899966,ORL,6588,35.0,5.6,3.6
400899966,ORL,2583639,25.0,10.8,8.5
400899966,ORL,3064290,36.0,16.7,15.6
400899967,BOS,2761,4.0,2.3,2.7
400899967,BOS,2769,26.0,15.0,10.1
400899967,BOS,3213,32.0,17.7,16.2
400899967,BOS,3998,14.0,-0.1,0.3
400899967,BOS,4240,36.0,18.7,16.0
400899967,BOS,6472,35.0,11.3,12.0
400899967,BOS,6581,30.0,1.5,-1.0
400899967,BOS,2489663,18.0,5.6,6.7
400899967,BOS,2990992,30.0,14.4,11.8
400899967,BOS,3074752,11.0,-0.3,-1.3
400899967,BOS,3917376,5.0,0.3,-1.0
400899967,PHI,2767,32.0,11.8,8.6
400899967,PHI,3993,29.0,14.9,13.8
400899967,PHI,2490620,36.0,7.3,3.6
400899967,PHI,2530530,37.0,17.3,15.9
400899967,PHI,2991042,25.0,2.9,0.6
400899967,PHI,2991280,25.0,16.1,12.2
400899967,PHI,3032978,23.0,3.8,2.3
400899967,PHI,3059318,26.0,16.5,15.1
400899967,PHI,3893019,8.0,1.1,1.0
400899968,BKN,3448,33.0,6.8,7.3
400899968,BKN,3593,31.0,17.2,17.6
400899968,BKN,4270,32.0,10.9,9.6
400899968,BKN,6590,16.0,7.6,6.1
400899968,BKN,2488689,19.0,-1.3,-1.5
400899968,BKN,2528794,18.0,-1.0,-2.1
400899968,BKN,2580782,18.0,4.6,5.1
400899968,BKN,2991043,27.0,15.9,15.9
400899968,BKN,3064291,15.0,2.5,1.6
400899968,BKN,3136477,30.0,5.1,3.0
400899968,CLE,1006,15.0,-0.1,-0.4
400899968,CLE,1966,35.0,30.9,26.0
400899968,CLE,2754,25.0,6.6,1.6
400899968,CLE,3449,36.0,9.5,7.3
400899968,CLE,6442,36.0,23.1,20.6
400899968,CLE,6453,18.0,5.2,3.7
400899968,CLE,6468,30.0,9.0,8.1
400899968,CLE,6474,30.0,10.8,6.3
400899968,CLE,2531797,10.0,-2.3,-2.2
400899968,CLE,3062892,4.0,-1.1,-1.4
400899969,MIL,841,18.0,3.1,2.5
400899969,MIL,3418,12.0,-0.8,0.0
400899969,MIL,4260,28.0,19.1,15.7
400899969,MIL,4385,17.0,10.0,8.7
400899969,MIL,6592,20.0,5.8,3.0
400899969,MIL,2528353,38.0,14.1,9.8
400899969,MIL,2566769,31.0,8.8,7.8
400899969,MIL,3032977,38.0,16.8,11.3
400899969,MIL,3056600,38.0,17.1,17.4
400899969,NYK,1975,39.0,21.4,19.0
400899969,NYK,3224,20.0,4.4,5.6
400899969,NYK,3445,35.0,12.1,10.1
400899969,NYK,3456,32.0,8.6,8.4
400899969,NYK,3997,5.0,-1.7,-2.0
400899969,NYK,6485,20.0,7.6,7.5
400899969,NYK,6615,26.0,10.8,7.4
400899969,NYK,2284101,8.0,2.3,2.0
400899969,NYK,2580349,12.0,7.3,7.1
400899969,NYK,3102531,30.0,17.9,16.4
400899969,NYK,3138120,13.0,4.7,4.4
400899970,LAL,25,2.0,-1.9,-0.7
400899970,LAL,2429,30.0,16.4,14.3
400899970,LAL,2799,24.0,13.3,13.4
400899970,LAL,2806,5.0,0.3,0.0
400899970,LAL,3243,29.0,0.9,0.5
400899970,LAL,4298,16.0,0.8,0.6
400899970,LAL,6618,17.0,5.7,3.5
400899970,LAL,2528393,25.0,12.9,12.3
400899970,LAL,2528426,10.0,1.2,2.0
400899970,LAL,2968363,2.0,2.4,2.4
400899970,LAL,3064514,25.0,15.9,13.2
400899970,LAL,3136776,26.0,18.6,14.7
400899970,LAL,3913176,28.0,18.1,16.6
400899970,MIA,2184,7.0,5.6,5.1
400899970,MIA,3423,22.0,11.9,11.8
400899970,MIA,3981,16.0,-2.3,-2.9
400899970,MIA,3999,34.0,16.1,12.7
400899970,MIA,4250,8.0,-2.5,-2.1
400899970,MIA,6480,15.0,3.8,2.8
400899970,MIA,6628,21.0,4.7,3.6
400899970,MIA,2326015,32.0,23.0,20.6
400899970,MIA,2488826,19.0,-0.8,-1.4
400899970,MIA,2530276,35.0,5.5,4.2
400899970,MIA,2581190,30.0,0.7,1.6
400899971,GSW,2016,30.0,10.1,9.8
400899971,GSW,2177,11.0,5.1,2.0
400899971,GSW,2386,27.0,1.2,1.7
400899971,GSW,2393,16.0,4.2,3.4
400899971,GSW,3202,43.0,21.1,16.1
400899971,GSW,3452,5.0,2.0,2.4
400899971,GSW,3975,42.0,29.1,27.3
400899971,GSW,6475,42.0,11.1,10.6
400899971,GSW,6589,40.0,9.4,6.4
400899971,GSW,2489785,6.0,-0.7,-0.7
400899971,GSW,3137730,3.0,-1.1,-0.7
400899971,MEM,136,14.0,-1.9,-0.1
400899971,MEM,1017,35.0,26.4,25.9
400899971,MEM,2367,48.0,12.3,5.7
400899971,MEM,3195,41.0,25.5,23.7
400899971,MEM,3206,41.0,17.8,16.8
400899971,MEM,6466,16.0,6.2,5.7
400899971,MEM,2327577,20.0,3.1,2.6
400899971,MEM,2489530,21.0,8.0,6.7
400899971,MEM,2579321,20.0,3.6,2.0
400899971,MEM,3064511,5.0,0.6,1.4
400899971,MEM,3064517,5.0,2.5,2.0
400899972,LAC,165,32.0,6.6,5.3
400899972,LAC,2753,21.0,4.2,3.0
400899972,LAC,2779,31.0,20.7,16.7
400899972,LAC,3024,32.0,12.0,11.6
400899972,LAC,3442,37.0,21.6,18.3
400899972,LAC,3451,23.0,3.6,2.3
400899972,LAC,3460,11.0,4.9,3.6
400899972,LAC,4247,17.0,2.5,0.3
400899972,LAC,6617,36.0,16.9,16.5
400899972,SAC,1765,24.0,5.0,4.7
400899972,SAC,3005,33.0,12.1,10.3
400899972,SAC,3187,22.0,-0.8,-1.1
400899972,SAC,3276,8.0,-1.6,-2.1
400899972,SAC,3444,12.0,5.8,5.7
400899972,SAC,3973,35.0,16.2,15.8
400899972,SAC,4000,37.0,14.6,12.8
400899972,SAC,4023,33.0,4.3,5.1
400899972,SAC,4258,36.0,22.7,16.8
400899973,IND,2389,15.0,15.4,13.5
400899973,IND,2751,21.0,6.3,5.7
400899973,IND,2778,20.0,11.5,9.4
400899973,IND,3192,16.0,0.2,0.4
400899973,IND,3244,29.0,19.7,12.1
400899973,IND,4015,31.0,18.7,19.0
400899973,IND,4251,28.0,11.1,9.4
400899973,IND,4289,19.0,5.1,5.5
400899973,IND,2528386,1.0,-0.4,0.0
400899973,IND,2990969,1.0,0.0,0.0
400899973,IND,2991039,27.0,4.3,3.3
400899973,IND,3133628,32.0,8.3,7.8
400899973,NYK,1975,27.0,12.1,12.7
400899973,NYK,3224,21.0,4.1,2.7
400899973,NYK,3445,28.0,6.4,3.6
400899973,NYK,3456,26.0,9.9,8.1
400899973,NYK,3997,23.0,12.2,12.0
400899973,NYK,6485,16.0,3.0,3.4
400899973,NYK,6615,11.0,3.6,2.4
400899973,NYK,2284101,8.0,-0.5,-0.7
400899973,NYK,2580349,12.0,1.7,1.3
400899973,NYK,2999409,18.0,4.5,1.9
400899973,NYK,3102531,34.0,11.2,8.1
400899973,NYK,3138120,15.0,9.9,10.5
400899974,BOS,2761,16.0,11.0,11.3
400899974,BOS,2769,24.0,3.0,3.3
400899974,BOS,3213,35.0,4.5,3.0
400899974,BOS,3998,15.0,4.2,3.8
400899974,BOS,6472,38.0,28.6,26.1
400899974,BOS,6581,31.0,7.1,5.0
400899974,BOS,2489663,22.0,10.9,11.2
400899974,BOS,2990992,32.0,23.2,19.7
400899974,BOS,3074752,13.0,6.0,4.8
400899974,BOS,3917376,14.0,-2.4,-2.4
400899974,NOP,3974,24.0,-2.1,-3.1
400899974,NOP,3983,20.0,5.1,3.4
400899974,NOP,3995,29.0,9.6,7.8
400899974,NOP,6460,29.0,3.0,2.7
400899974,NOP,6464,20.0,13.2,12.5
400899974,NOP,6583,38.0,31.9,26.6
400899974,NOP,6597,16.0,1.6,1.3
400899974,NOP,2488958,17.0,5.4,3.4
400899974,NOP,2530572,22.0,13.6,13.6
400899974,NOP,2990984,24.0,5.7,5.0
400899975,CHI,1987,39.0,14.5,12.7
400899975,CHI,3447,27.0,3.4,3.0
400899975,CHI,3986,20.0,5.0,5.4
400899975,CHI,6430,44.0,33.4,30.0
400899975,CHI,6459,33.0,9.4,6.6
400899975,CHI,2528588,38.0,10.6,7.6
400899975,CHI,2531047,22.0,8.5,9.5
400899975,CHI,2596108,16.0,3.5,3.5
400899975,CHI,3113587,26.0,4.7,6.2
400899975,TOR,3012,44.0,28.1,23.5
400899975,TOR,3970,41.0,5.2,5.6
400899975,TOR,3978,43.0,27.2,23.6
400899975,TOR,6446,23.0,12.0,10.5
400899975,TOR,6477,33.0,10.0,8.8
400899975,TOR,6619,25.0,3.6,1.9
400899975,TOR,2595516,12.0,-0.8,-0.8
400899975,TOR,3032980,42.0,9.3,5.6
400899975,TOR,3134908,1.0,0.3,0.0
400899976,DEN,2439,22.0,10.7,11.5
400899976,DEN,3194,32.0,17.0,14.0
400899976,DEN,3413,24.0,6.0,5.7
400899976,DEN,3428,35.0,5.9,4.4
400899976,DEN,6433,19.0,4.4,3.8
400899976,DEN,6579,28.0,17.1,15.8
400899976,DEN,3102530,26.0,7.6,3.5
400899976,DEN,3892818,26.0,-4.6,-4.8
400899976,DEN,3936299,14.0,4.7,3.7
400899976,DEN,4017839,14.0,4.2,3.4
400899976,OKC,3468,35.0,32.0,25.7
400899976,OKC,6447,21.0,11.4,9.5
400899976,OKC,2527963,33.0,9.0,6.9
400899976,OKC,2530596,39.0,10.3,8.1
400899976,OKC,2959753,5.0,3.0,3.4
400899976,OKC,2991070,24.0,2.7,0.3
400899976,OKC,2991235,31.0,14.9,10.8
400899976,OKC,2995702,20.0,7.1,6.7
400899976,OKC,3064230,13.0,6.3,6.1
400899976,OKC,3155942,19.0,7.7,6.3
400899977,MIN,3457,2.0,0.0,0.0
400899977,MIN,4011,34.0,11.9,11.6
400899977,MIN,4267,4.0,-1.2,-1.0
400899977,MIN,4269,11.0,3.0,3.1
400899977,MIN,2534781,40.0,9.4,7.4
400899977,MIN,2991139,14.0,1.9,0.0
400899977,MIN,2993875,18.0,4.2,3.7
400899977,MIN,3059319,38.0,3.5,4.1
400899977,MIN,3064440,38.0,18.2,16.2
400899977,MIN,3136195,41.0,14.5,13.4
400899977,UTA,1007,13.0,0.5,1.0
400899977,UTA,2167,11.0,0.1,-0.8
400899977,UTA,3438,33.0,19.0,17.9
400899977,UTA,4249,32.0,8.4,7.6
400899977,UTA,4257,34.0,15.5,10.1
400899977,UTA,6429,7.0,3.0,3.0
400899977,UTA,6454,15.0,-1.8,-1.7
400899977,UTA,2581177,21.0,1.2,-0.1
400899977,UTA,2968436,24.0,12.8,8.5
400899977,UTA,3032976,31.0,14.8,11.2
400899977,UTA,3136196,20.0,9.4,8.9
400899978,ATL,2384,31.0,15.6,9.9
400899978,ATL,2433,5.0,-2.1,-2.7
400899978,ATL,3015,39.0,16.9,12.6
400899978,ATL,3028,18.0,-1.2,-2.1
400899978,ATL,6637,28.0,7.3,6.8
400899978,ATL,2282205,25.0,0.0,0.3
400899978,ATL,2490089,21.0,10.4,9.1
400899978,ATL,2528210,31.0,15.2,15.4
400899978,ATL,2990962,14.0,2.9,1.0
400899978,ATL,3032979,29.0,12.3,12.0
400899978,DAL,609,30.0,6.8,4.0
400899978,DAL,2382,15.0,6.5,6.6
400899978,DAL,2747,29.0,1.1,-1.7
400899978,DAL,2798,28.0,0.3,0.0
400899978,DAL,3055,17.0,7.3,6.5
400899978,DAL,4032,33.0,1.1,1.5
400899978,DAL,6578,30.0,16.5,15.1
400899978,DAL,2326307,13.0,-3.6,-2.4
400899978,DAL,2531367,16.0,9.3,7.5
400899978,DAL,2578185,22.0,1.8,1.7
400899978,DAL,2968458,2.0,0.3,0.0
400899978,DAL,2982340,3.0,3.7,2.7
400899978,DAL,3929314,3.0,-1.7,-1.7
400899979,CHA,2797,27.0,9.2,8.0
400899979,CHA,3190,27.0,0.8,-0.1
400899979,CHA,3231,15.0,-2.5,-2.8
400899979,CHA,3436,15.0,7.9,7.1
400899979,CHA,6479,31.0,9.8,9.0
400899979,CHA,6601,30.0,11.4,8.2
400899979,CHA,6603,29.0,9.6,6.9
400899979,CHA,6641,4.0,1.0,0.7
400899979,CHA,2579258,33.0,10.5,7.1
400899979,CHA,2579294,21.0,1.6,0.6
400899979,CHA,2595231,9.0,1.0,1.4
400899979,SAS,272,20.0,2.8,2.0
400899979,SAS,996,20.0,6.5,3.7
400899979,SAS,1015,25.0,-1.8,-1.8
400899979,SAS,2983,34.0,17.6,15.9
400899979,SAS,3988,21.0,7.7,5.1
400899979,SAS,4004,19.0,7.5,5.3
400899979,SAS,6426,18.0,20.3,19.8
400899979,SAS,6450,33.0,9.8,9.3
400899979,SAS,2579466,19.0,3.6,1.7
400899979,SAS,2580913,23.0,17.6,14.2
400899979,SAS,2993874,4.0,-1.0,-1.0
400899979,SAS,3907497,4.0,-1.7,-1.7
400899981,BKN,3448,32.0,18.9,18.1
400899981,BKN,3593,35.0,8.1,5.0
400899981,BKN,4270,18.0,6.1,5.5
400899981,BKN,6590,23.0,12.8,11.0
400899981,BKN,2488689,25.0,3.1,2.4
400899981,BKN,2528794,16.0,-2.0,-3.1
400899981,BKN,2580782,25.0,9.7,7.4
400899981,BKN,2991043,21.0,2.8,2.7
400899981,BKN,3064291,23.0,4.0,2.0
400899981,BKN,3136477,21.0,-1.6,-2.3
400899981,PHI,2767,26.0,8.2,6.8
400899981,PHI,3025,12.0,1.3,1.7
400899981,PHI,3993,21.0,3.5,4.0
400899981,PHI,2490620,37.0,15.9,8.0
400899981,PHI,2530530,36.0,3.3,-0.7
400899981,PHI,2991042,31.0,13.5,12.1
400899981,PHI,2991280,24.0,8.2,5.0
400899981,PHI,3032978,30.0,8.2,6.5
400899981,PHI,3059318,24.0,14.5,13.5
400899982,LAC,165,31.0,-7.4,-7.3
400899982,LAC,2745,20.0,9.3,7.1
400899982,LAC,2753,37.0,6.3,3.7
400899982,LAC,2779,29.0,27.9,26.0
400899982,LAC,3024,33.0,16.6,16.0
400899982,LAC,3442,34.0,8.1,3.4
400899982,LAC,3451,28.0,2.6,0.6
400899982,LAC,3460,14.0,14.5,16.2
400899982,LAC,4247,14.0,0.0,-2.5
400899982,MIA,3423,42.0,15.9,13.8
400899982,MIA,3981,20.0,-0.6,0.2
400899982,MIA,3999,27.0,8.4,6.4
400899982,MIA,4262,31.0,13.5,10.5
400899982,MIA,6480,21.0,-1.4,-1.7
400899982,MIA,6628,15.0,2.3,2.5
400899982,MIA,2326015,17.0,4.3,1.0
400899982,MIA,2488826,34.0,4.6,3.3
400899982,MIA,2530276,33.0,6.3,4.5
400899983,MIL,841,18.0,5.0,4.1
400899983,MIL,3418,16.0,14.0,13.1
400899983,MIL,4260,33.0,13.4,6.1
400899983,MIL,4385,31.0,2.0,0.6
400899983,MIL,6592,15.0,-0.6,-0.3
400899983,MIL,2489716,18.0,1.5,0.7
400899983,MIL,2528353,34.0,3.8,4.0
400899983,MIL,2566769,36.0,17.8,14.6
400899983,MIL,3056600,41.0,23.3,21.1
400899983,WAS,2758,37.0,5.2,2.3
400899983,WAS,3232,5.0,-0.2,-1.4
400899983,WAS,4237,37.0,9.7,8.2
400899983,WAS,6461,38.0,17.2,13.9
400899983,WAS,6580,36.0,15.0,15.4
400899983,WAS,2579260,11.0,2.3,1.5
400899983,WAS,2594885,12.0,8.6,5.7
400899983,WAS,2594922,39.0,14.8,12.2
400899983,WAS,3133603,25.0,11.8,11.8
400899984,HOU,1713,13.0,4.4,5.4
400899984,HOU,2426,42.0,16.0,13.1
400899984,HOU,3191,14.0,3.9,0.0
400899984,HOU,3412,32.0,6.4,5.6
400899984,HOU,3431,33.0,13.8,12.7
400899984,HOU,3964,32.0,6.2,6.5
400899984,HOU,3992,38.0,31.1,26.8
400899984,HOU,2991055,26.0,24.5,24.0
400899984,HOU,2991184,11.0,0.8,-0.1
400899984,TOR,3012,40.0,12.2,7.9
400899984,TOR,3970,34.0,22.4,19.4
400899984,TOR,3978,39.0,24.9,24.0
400899984,TOR,4264,22.0,7.0,8.2
400899984,TOR,6446,23.0,5.9,6.4
400899984,TOR,6477,23.0,6.8,5.8
400899984,TOR,6619,25.0,1.7,0.9
400899984,TOR,2595516,22.0,4.9,5.4
400899984,TOR,3032980,13.0,5.9,4.1
400899985,MEM,136,25.0,4.3,3.4
400899985,MEM,1017,27.0,10.3,4.3
400899985,MEM,2367,23.0,0.2,-1.6
400899985,MEM,3195,35.0,13.1,13.5
400899985,MEM,3206,34.0,8.5,6.2
400899985,MEM,6466,16.0,8.0,8.1
400899985,MEM,2327577,32.0,5.8,5.0
400899985,MEM,2489530,13.0,3.2,3.0
400899985,MEM,2579321,27.0,8.1,6.4
400899985,MEM,3064511,8.0,0.9,1.3
400899985,UTA,1007,17.0,2.5,1.6
400899985,UTA,2167,19.0,2.2,1.0
400899985,UTA,3438,33.0,5.2,3.9
400899985,UTA,4249,34.0,16.0,12.9
400899985,UTA,4257,25.0,-0.5,-1.7
400899985,UTA,6429,2.0,0.0,0.0
400899985,UTA,6454,15.0,1.1,1.4
400899985,UTA,2581177,31.0,1.3,1.2
400899985,UTA,2968436,17.0,0.7,0.6
400899985,UTA,3032976,36.0,9.4,5.4
400899985,UTA,3136196,12.0,10.9,10.4
400899986,CLE,1006,19.0,-0.5,-0.7
400899986,CLE,1966,40.0,18.9,17.6
400899986,CLE,2754,18.0,6.8,6.0
400899986,CLE,3449,36.0,21.3,19.5
400899986,CLE,6442,40.0,16.9,15.6
400899986,CLE,6453,25.0,9.4,4.1
400899986,CLE,6468,26.0,10.7,7.4
400899986,CLE,6474,28.0,9.1,8.5
400899986,CLE,3062892,8.0,0.6,1.0
400899986,PHX,984,32.0,10.9,8.5
400899986,PHX,2166,4.0,-1.7,-1.3
400899986,PHX,3033,28.0,8.8,6.8
400899986,PHX,4238,39.0,27.9,25.8
400899986,PHX,6448,14.0,1.2,0.2
400899986,PHX,2596107,6.0,1.0,0.3
400899986,PHX,2982334,27.0,15.4,12.6
400899986,PHX,3136193,45.0,19.9,18.1
400899986,PHX,3907487,33.0,10.5,8.0
400899986,PHX,4011991,12.0,5.4,4.1
400899987,GSW,2016,22.0,13.6,12.0
400899987,GSW,2177,15.0,3.2,1.4
400899987,GSW,2386,29.0,12.0,9.5
400899987,GSW,2393,19.0,5.0,3.4
400899987,GSW,3202,36.0,29.4,23.9
400899987,GSW,3452,4.0,2.0,2.4
400899987,GSW,3975,37.0,22.0,20.6
400899987,GSW,6475,36.0,4.9,4.6
400899987,GSW,6589,32.0,11.2,8.0
400899987,GSW,2489785,10.0,-0.3,0.9
400899987,SAC,1765,18.0,-0.2,-1.7
400899987,SAC,3005,35.0,14.9,12.4
400899987,SAC,3187,14.0,3.5,3.0
400899987,SAC,3276,32.0,15.4,11.3
400899987,SAC,3444,16.0,2.4,0.4
400899987,SAC,3973,30.0,12.4,9.5
400899987,SAC,4000,22.0,11.9,11.7
400899987,SAC,4023,42.0,11.2,10.0
400899987,SAC,4258,29.0,10.8,7.0
400899988,LAL,2429,31.0,5.4,5.2
400899988,LAL,2799,17.0,3.2,2.9
400899988,LAL,3243,19.0,-3.5,-4.5
400899988,LAL,4298,30.0,17.2,15.7
400899988,LAL,6618,10.0,3.8,1.7
400899988,LAL,2528393,12.0,4.0,3.7
400899988,LAL,2528426,29.0,8.9,6.7
400899988,LAL,3064514,34.0,16.5,14.4
400899988,LAL,3136776,31.0,20.2,15.3
400899988,LAL,3913176,27.0,11.9,11.1
400899988,ORL,3209,24.0,0.8,1.3
400899988,ORL,3277,1.0,-0.7,-0.7
400899988,ORL,3415,28.0,7.1,6.4
400899988,ORL,3439,38.0,14.8,13.5
400899988,ORL,4003,18.0,-1.2,-0.7
400899988,ORL,6427,26.0,9.7,8.1
400899988,ORL,6478,26.0,14.8,12.7
400899988,ORL,6588,34.0,11.6,8.2
400899988,ORL,2309097,1.0,0.0,0.0
400899988,ORL,2488999,1.0,0.0,0.0
400899988,ORL,2583639,19.0,6.3,4.8
400899988,ORL,2995706,1.0,2.7,2.7
400899988,ORL,3064290,24.0,-2.6,-2.9
400899989,NOP,3974,30.0,8.6,7.4
400899989,NOP,3983,21.0,7.3,7.5
400899989,NOP,3995,25.0,8.9,7.1
400899989,NOP,6460,24.0,6.7,7.5
400899989,NOP,6464,16.0,4.6,2.8
400899989,NOP,6583,29.0,39.5,34.0
400899989,NOP,6597,14.0,11.7,8.7
400899989,NOP,2488945,5.0,-0.1,-0.7
400899989,NOP,2488958,23.0,1.9,-1.4
400899989,NOP,2530572,19.0,1.2,0.9
400899989,NOP,2990984,27.0,13.7,9.8
400899989,NOP,3919335,5.0,-3.6,-2.8
400899989,NYK,1975,26.0,11.0,9.6
400899989,NYK,2421,10.0,6.0,5.0
400899989,NYK,3224,18.0,5.7,5.2
400899989,NYK,3445,28.0,1.9,2.3
400899989,NYK,3997,29.0,18.1,14.9
400899989,NYK,6485,19.0,5.4,6.6
400899989,NYK,6615,13.0,2.6,2.4
400899989,NYK,2284101,21.0,1.1,1.2
400899989,NYK,2580349,25.0,6.8,4.5
400899989,NYK,2999409,13.0,6.5,5.9
400899989,NYK,3063982,15.0,0.2,-1.0
400899989,NYK,3102531,24.0,1.2,-0.6
400899990,CHI,1987,28.0,18.2,16.7
400899990,CHI,3447,26.0,0.0,-0.8
400899990,CHI,3986,20.0,8.3,5.7
400899990,CHI,6430,29.0,0.9,0.3
400899990,CHI,6459,16.0,-3.3,-3.4
400899990,CHI,2490589,8.0,4.4,4.4
400899990,CHI,2528588,25.0,4.2,3.6
400899990,CHI,2531047,21.0,7.3,6.7
400899990,CHI,2596108,24.0,9.6,10.1
400899990,CHI,3064482,10.0,4.7,3.7
400899990,CHI,3113587,24.0,15.6,11.3
400899990,CHI,3893023,8.0,-1.8,-2.1
400899990,OKC,3468,33.0,20.3,17.4
400899990,OKC,6447,28.0,22.1,19.4
400899990,OKC,2527963,25.0,10.5,9.5
400899990,OKC,2530596,33.0,8.0,6.1
400899990,OKC,2959753,14.0,1.3,1.3
400899990,OKC,2991070,16.0,5.9,4.7
400899990,OKC,2991235,36.0,19.6,17.7
400899990,OKC,2995702,19.0,5.7,4.4
400899990,OKC,3064230,15.0,-2.5,-2.1
400899990,OKC,3155942,22.0,3.3,3.3
400899991,DAL,609,31.0,19.5,20.0
400899991,DAL,2382,14.0,1.3,1.0
400899991,DAL,2747,18.0,2.3,2.5
400899991,DAL,2798,33.0,9.8,9.3
400899991,DAL,3055,14.0,-0.8,-1.0
400899991,DAL,4032,37.0,-1.0,-1.0
400899991,DAL,6578,34.0,18.2,18.8
400899991,DAL,2326307,30.0,4.7,2.7
400899991,DAL,2531367,6.0,1.3,1.3
400899991,DAL,2578185,7.0,2.3,1.7
400899991,DAL,2968458,10.0,1.1,1.0
400899991,DAL,2982340,6.0,0.6,1.0
400899991,MIN,4011,30.0,20.3,15.4
400899991,MIN,4267,4.0,0.7,0.4
400899991,MIN,4269,29.0,4.3,4.1
400899991,MIN,2534781,25.0,8.5,8.0
400899991,MIN,2991139,18.0,1.2,-1.0
400899991,MIN,2993875,20.0,5.5,5.7
400899991,MIN,3059319,36.0,4.3,5.2
400899991,MIN,3064440,29.0,4.4,2.4
400899991,MIN,3135046,11.0,7.4,6.8
400899991,MIN,3136195,37.0,31.7,27.2
400899992,CHI,3026,27.0,10.1,7.5
400899992,CHI,3447,34.0,12.0,10.8
400899992,CHI,3986,29.0,9.7,7.0
400899992,CHI,2490589,10.0,-0.7,-1.0
400899992,CHI,2528588,24.0,-4.1,-3.2
400899992,CHI,2531047,25.0,6.7,5.5
400899992,CHI,2596108,29.0,8.9,5.2
400899992,CHI,2999549,30.0,13.9,11.7
400899992,CHI,3064482,18.0,11.5,9.8
400899992,CHI,3113587,14.0,1.1,2.0
400899992,WAS,2758,42.0,8.3,5.5
400899992,WAS,3232,23.0,4.6,2.4
400899992,WAS,4237,40.0,22.8,20.1
400899992,WAS,6461,22.0,14.7,12.9
400899992,WAS,6580,37.0,9.4,9.0
400899992,WAS,2579260,13.0,2.2,2.7
400899992,WAS,2594885,7.0,0.6,0.7
400899992,WAS,2594922,34.0,10.3,7.4
400899992,WAS,3133603,23.0,-0.6,-1.5
400899993,BOS,2761,24.0,6.7,6.0
400899993,BOS,2769,16.0,3.4,3.4
400899993,BOS,3213,35.0,12.2,9.5
400899993,BOS,3998,17.0,6.8,6.4
400899993,BOS,6472,37.0,20.7,20.4
400899993,BOS,6581,38.0,3.5,2.3
400899993,BOS,2489663,25.0,7.0,7.0
400899993,BOS,2990992,38.0,15.9,11.9
400899993,BOS,3074752,3.0,0.0,0.0
400899993,BOS,3917376,8.0,-0.8,-0.7
400899993,TOR,3012,42.0,22.6,20.2
400899993,TOR,3970,35.0,6.1,4.7
400899993,TOR,3978,38.0,32.0,27.1
400899993,TOR,4264,21.0,-2.7,-2.4
400899993,TOR,6446,24.0,4.8,5.7
400899993,TOR,6477,28.0,15.9,12.5
400899993,TOR,6619,21.0,2.3,-0.7
400899993,TOR,2595516,4.0,0.7,0.7
400899993,TOR,3032980,21.0,7.7,5.8
400899993,TOR,3134908,6.0,0.3,0.7
400899994,ATL,2384,28.0,13.6,10.6
400899994,ATL,2433,16.0,14.1,11.8
400899994,ATL,3015,29.0,13.1,9.7
400899994,ATL,3028,27.0,8.9,5.4
400899994,ATL,6622,4.0,-0.8,0.0
400899994,ATL,6637,22.0,2.2,0.4
400899994,ATL,2282205,16.0,6.0,5.7
400899994,ATL,2490089,23.0,8.4,6.0
400899994,ATL,2528210,22.0,8.5,5.9
400899994,ATL,2990962,20.0,8.3,4.7
400899994,ATL,3032979,30.0,19.9,18.0
400899994,ATL,3062667,3.0,1.6,1.6
400899994,BKN,1781,16.0,6.6,5.1
400899994,BKN,3003,8.0,-0.9,0.0
400899994,BKN,3448,32.0,14.8,13.0
400899994,BKN,3593,26.0,11.8,9.8
400899994,BKN,6576,1.0,3.6,3.6
400899994,BKN,6590,26.0,1.5,0.7
400899994,BKN,2488689,25.0,7.1,5.6
400899994,BKN,2528794,14.0,0.5,1.0
400899994,BKN,2580782,22.0,5.1,3.8
400899994,BKN,2991043,23.0,6.2,6.0
400899994,BKN,3064291,20.0,3.1,2.9
400899994,BKN,3136477,26.0,4.9,4.4
400899995,CHA,2797,25.0,13.6,11.7
400899995,CHA,3190,28.0,10.0,9.5
400899995,CHA,3211,25.0,12.7,13.6
400899995,CHA,3231,14.0,2.3,2.0
400899995,CHA,3436,19.0,5.9,4.8
400899995,CHA,6479,36.0,19.0,16.2
400899995,CHA,6601,34.0,0.3,-0.7
400899995,CHA,6603,28.0,9.0,7.7
400899995,CHA,2579294,27.0,15.6,15.1
400899995,CHA,2595231,4.0,0.3,0.0
400899995,HOU,1713,19.0,8.0,5.6
400899995,HOU,2426,40.0,14.4,12.3
400899995,HOU,3191,26.0,11.1,9.8
400899995,HOU,3412,36.0,10.3,8.7
400899995,HOU,3964,32.0,4.5,4.0
400899995,HOU,3992,38.0,33.1,30.1
400899995,HOU,2991055,29.0,18.1,13.8
400899995,HOU,2991184,21.0,4.3,3.4
400899996,MIL,841,17.0,5.4,2.7
400899996,MIL,3418,34.0,23.4,18.9
400899996,MIL,4260,28.0,10.2,10.3
400899996,MIL,4385,5.0,-1.1,-0.7
400899996,MIL,6592,17.0,6.7,5.5
400899996,MIL,6616,3.0,1.7,1.7
400899996,MIL,2489716,23.0,5.8,3.5
400899996,MIL,2528353,31.0,8.4,7.1
400899996,MIL,2566769,25.0,16.2,15.5
400899996,MIL,3032977,9.0,-0.8,-1.7
400899996,MIL,3056600,34.0,18.0,17.2
400899996,MIL,4017843,13.0,4.3,5.1
400899996,SAS,272,15.0,-1.2,-1.1
400899996,SAS,996,28.0,6.2,3.8
400899996,SAS,1015,33.0,10.7,9.2
400899996,SAS,2772,26.0,10.9,9.3
400899996,SAS,3988,26.0,7.0,6.6
400899996,SAS,4004,15.0,-1.0,-1.6
400899996,SAS,6426,19.0,7.0,7.1
400899996,SAS,6450,36.0,30.0,23.8
400899996,SAS,2579466,23.0,9.6,10.4
400899996,SAS,2580913,20.0,6.6,4.0
400899997,CLE,1006,10.0,-3.1,-2.7
400899997,CLE,1966,37.0,24.3,18.8
400899997,CLE,2011,18.0,-1.6,-2.1
400899997,CLE,2754,19.0,1.4,0.9
400899997,CLE,3449,37.0,5.0,3.9
400899997,CLE,6442,39.0,11.0,10.6
400899997,CLE,6453,19.0,4.6,3.4
400899997,CLE,6468,21.0,-1.3,-0.4
400899997,CLE,6474,35.0,11.7,11.1
400899997,CLE,3062892,5.0,3.4,3.4
400899997,UTA,1007,13.0,-2.6,-2.5
400899997,UTA,2167,2.0,-3.1,-2.7
400899997,UTA,3438,37.0,9.1,9.7
400899997,UTA,4249,37.0,27.6,23.6
400899997,UTA,4257,25.0,8.6,7.3
400899997,UTA,6454,9.0,-2.9,-2.4
400899997,UTA,2581177,35.0,11.7,10.1
400899997,UTA,2968436,27.0,5.0,3.8
400899997,UTA,3032976,36.0,12.1,6.6
400899997,UTA,3136196,17.0,9.2,8.3
400899998,LAL,25,3.0,-0.7,-0.7
400899998,LAL,2429,30.0,13.0,11.4
400899998,LAL,2799,16.0,3.9,4.3
400899998,LAL,2806,3.0,0.0,0.0
400899998,LAL,3243,28.0,4.1,2.8
400899998,LAL,4298,20.0,2.5,2.7
400899998,LAL,6618,16.0,6.7,6.5
400899998,LAL,2528393,17.0,2.1,1.6
400899998,LAL,2528426,23.0,6.1,4.6
400899998,LAL,2968363,3.0,2.7,2.4
400899998,LAL,3064514,26.0,1.6,1.2
400899998,LAL,3136776,30.0,6.7,1.8
400899998,LAL,3913176,26.0,9.1,7.2
400899998,POR,4239,26.0,6.3,5.8
400899998,POR,4248,29.0,12.4,6.8
400899998,POR,4259,21.0,8.4,7.1
400899998,POR,6591,32.0,13.5,10.1
400899998,POR,6605,3.0,0.3,0.0
400899998,POR,6606,31.0,13.0,12.0
400899998,POR,2488653,24.0,8.3,6.1
400899998,POR,2490149,34.0,19.3,17.8
400899998,POR,2530780,3.0,2.7,2.4
400899998,POR,2531210,26.0,4.5,4.0
400899998,POR,2578239,3.0,0.7,0.7
400899998,POR,2982268,3.0,3.7,3.7
400899998,POR,3078284,6.0,-0.4,0.0
400899999,GSW,2016,24.0,7.8,6.5
400899999,GSW,2177,12.0,4.6,2.4
400899999,GSW,2386,29.0,11.1,9.9
400899999,GSW,2393,18.0,4.4,5.6
400899999,GSW,3202,37.0,19.7,16.0
400899999,GSW,3452,9.0,2.6,0.7
400899999,GSW,3975,36.0,19.9,16.1
400899999,GSW,6589,36.0,15.1,9.0
400899999,GSW,2489785,22.0,5.5,6.4
400899999,GSW,3137730,19.0,-0.4,0.3
400899999,MIA,3423,38.0,9.2,8.4
400899999,MIA,3981,7.0,1.9,2.3
400899999,MIA,3999,30.0,9.4,8.4
400899999,MIA,4250,18.0,-1.5,-1.8
400899999,MIA,4262,37.0,24.3,18.0
400899999,MIA,6628,38.0,3.6,2.3
400899999,MIA,2326015,11.0,2.4,1.3
400899999,MIA,2488826,32.0,3.3,2.3
400899999,MIA,2530276,30.0,15.7,15.1
400900000,DET,4305,17.0,4.6,2.3
400900000,DET,4376,10.0,5.9,5.0
400900000,DET,6440,40.0,12.5,10.0
400900000,DET,6443,31.0,8.8,9.4
400900000,DET,6462,31.0,2.9,2.3
400900000,DET,6585,35.0,14.5,5.9
400900000,DET,2581018,40.0,16.5,15.1
400900000,DET,2968439,6.0,-1.6,-0.7
400900000,DET,3134881,23.0,2.4,0.3
400900000,DET,3906522,7.0,2.3,2.4
400900000,SAC,3005,38.0,4.9,1.7
400900000,SAC,3187,11.0,4.7,4.4
400900000,SAC,3276,36.0,15.0,15.1
400900000,SAC,3444,22.0,11.6,8.8
400900000,SAC,3554,18.0,5.5,2.9
400900000,SAC,3973,28.0,6.1,6.1
400900000,SAC,4000,24.0,-0.6,-0.5
400900000,SAC,4023,30.0,6.7,7.0
400900000,SAC,4258,30.0,23.0,20.2
400900000,SAC,2578213,2.0,0.7,0.7
400900001,NYK,1975,37.0,18.3,15.3
400900001,NYK,3224,20.0,8.1,6.1
400900001,NYK,3445,27.0,5.3,5.8
400900001,NYK,3456,32.0,19.8,18.6
400900001,NYK,3997,24.0,5.7,4.8
400900001,NYK,6485,20.0,-0.1,-0.7
400900001,NYK,6615,24.0,14.4,10.0
400900001,NYK,2284101,15.0,1.6,1.0
400900001,NYK,2999409,3.0,-0.8,0.0
400900001,NYK,3102531,28.0,3.0,1.6
400900001,NYK,3138120,10.0,-2.1,-2.7
400900001,PHI,2767,30.0,8.5,8.3
400900001,PHI,3025,14.0,-2.0,-2.0
400900001,PHI,3993,26.0,7.9,7.7
400900001,PHI,2490620,32.0,11.3,9.5
400900001,PHI,2530530,34.0,12.5,9.7
400900001,PHI,2991042,22.0,3.3,3.4
400900001,PHI,2991280,21.0,13.3,10.5
400900001,PHI,3032978,21.0,-0.9,-1.5
400900001,PHI,3059318,27.0,15.8,12.6
400900001,PHI,3893019,12.0,4.1,4.0
400900002,MEM,136,29.0,9.3,8.6
400900002,MEM,1017,27.0,7.1,6.4
400900002,MEM,2367,22.0,1.1,1.0
400900002,MEM,3195,36.0,16.8,14.0
400900002,MEM,3206,36.0,11.7,7.0
400900002,MEM,6466,18.0,8.2,8.4
400900002,MEM,2327577,32.0,0.8,-2.1
400900002,MEM,2489530,10.0,-0.8,-0.4
400900002,MEM,2579321,19.0,7.3,7.7
400900002,MEM,3064511,11.0,4.3,3.3
400900002,OKC,1978,4.0,-1.0,-1.0
400900002,OKC,3468,37.0,20.2,14.3
400900002,OKC,6447,30.0,13.3,9.8
400900002,OKC,2527963,32.0,11.5,11.0
400900002,OKC,2530596,31.0,7.4,5.0
400900002,OKC,2959753,11.0,6.2,6.4
400900002,OKC,2991070,18.0,7.6,7.1
400900002,OKC,2991235,39.0,11.2,8.4
400900002,OKC,2995702,17.0,3.5,4.7
400900002,OKC,3064230,11.0,-0.2,1.0
400900002,OKC,3155942,11.0,-1.8,-2.0
400900003,HOU,1713,15.0,5.8,6.4
400900003,HOU,2426,40.0,8.0,8.9
400900003,HOU,3191,27.0,3.1,2.7
400900003,HOU,3412,38.0,13.9,13.4
400900003,HOU,3472,1.0,3.0,2.7
400900003,HOU,3964,34.0,-0.7,-3.7
400900003,HOU,3992,39.0,26.7,22.5
400900003,HOU,2566741,1.0,-0.7,-0.7
400900003,HOU,2991055,20.0,8.7,8.1
400900003,HOU,2991184,22.0,2.9,2.6
400900003,HOU,3059281,1.0,0.3,0.0
400900003,HOU,3147366,1.0,0.0,0.0
400900003,MIN,3457,36.0,16.5,11.5
400900003,MIN,4011,35.0,18.9,17.8
400900003,MIN,4267,4.0,2.6,3.1
400900003,MIN,4269,21.0,3.6,2.3
400900003,MIN,2534781,26.0,8.4,7.9
400900003,MIN,2991139,13.0,3.9,1.0
400900003,MIN,2993875,30.0,17.9,16.5
400900003,MIN,3059319,38.0,16.7,16.4
400900003,MIN,3136195,38.0,20.3,13.6
400900004,BOS,2761,14.0,4.2,2.6
400900004,BOS,3213,33.0,16.2,11.2
400900004,BOS,3998,22.0,6.9,5.4
400900004,BOS,6472,38.0,24.7,24.5
400900004,BOS,6581,34.0,20.0,16.5
400900004,BOS,2489663,23.0,6.2,3.4
400900004,BOS,2990992,36.0,3.7,4.7
400900004,BOS,3064520,14.0,3.7,2.7
400900004,BOS,3074752,25.0,10.9,9.1
400900004,WAS,2758,32.0,11.5,10.3
400900004,WAS,3232,19.0,9.9,9.4
400900004,WAS,4237,39.0,8.4,4.3
400900004,WAS,6461,38.0,8.2,4.5
400900004,WAS,6580,37.0,23.9,23.8
400900004,WAS,2579260,9.0,1.3,1.7
400900004,WAS,2594885,16.0,4.1,3.7
400900004,WAS,2594922,37.0,23.2,19.4
400900004,WAS,3133603,13.0,-0.5,-2.4
400900005,LAC,165,25.0,5.1,4.5
400900005,LAC,2745,8.0,0.3,0.0
400900005,LAC,2753,17.0,3.8,3.4
400900005,LAC,2779,33.0,15.0,10.1
400900005,LAC,3024,36.0,18.0,16.3
400900005,LAC,3442,32.0,17.0,10.5
400900005,LAC,3451,23.0,4.2,2.7
400900005,LAC,3460,16.0,8.1,8.4
400900005,LAC,4247,18.0,5.8,3.7
400900005,LAC,6617,33.0,6.8,6.0
400900005,ORL,3209,25.0,1.8,2.1
400900005,ORL,3277,12.0,4.3,3.4
400900005,ORL,3415,27.0,4.2,4.3
400900005,ORL,4003,28.0,15.8,10.1
400900005,ORL,6427,16.0,4.0,1.7
400900005,ORL,6478,32.0,13.4,8.5
400900005,ORL,6588,25.0,1.2,2.6
400900005,ORL,2583639,23.0,-0.0,0.2
400900005,ORL,2995706,12.0,-3.5,-2.7
400900005,ORL,3064290,39.0,19.9,20.5
400900006,CLE,1006,13.0,1.1,2.0
400900006,CLE,1966,31.0,16.0,11.7
400900006,CLE,2009,7.0,4.6,4.0
400900006,CLE,2011,25.0,-2.0,-1.4
400900006,CLE,2754,12.0,1.4,1.6
400900006,CLE,3449,28.0,10.6,8.2
400900006,CLE,6442,32.0,2.4,1.2
400900006,CLE,6453,18.0,0.1,-1.1
400900006,CLE,6468,26.0,4.1,4.3
400900006,CLE,6474,28.0,9.3,7.9
400900006,CLE,2531797,7.0,3.7,3.4
400900006,CLE,3062892,13.0,-0.1,-0.9
400900006,POR,4239,28.0,5.9,1.9
400900006,POR,4248,31.0,7.1,4.7
400900006,POR,4259,16.0,5.1,4.5
400900006,POR,6591,31.0,11.2,12.2
400900006,POR,6606,32.0,7.1,6.6
400900006,POR,2488653,24.0,6.9,3.3
400900006,POR,2490149,32.0,20.9,17.8
400900006,POR,2530780,4.0,-1.4,-1.4
400900006,POR,2531210,31.0,22.0,20.2
400900006,POR,2578239,4.0,1.0,0.0
400900006,POR,2982268,4.0,-0.1,-0.1
400900006,POR,3078284,4.0,2.9,2.0
400900007,BKN,3448,32.0,9.4,7.4
400900007,BKN,3593,25.0,4.8,3.3
400900007,BKN,4270,30.0,10.2,7.4
400900007,BKN,6590,16.0,3.1,1.6
400900007,BKN,2488689,27.0,11.0,8.7
400900007,BKN,2528794,27.0,11.6,11.4
400900007,BKN,2580782,25.0,0.9,-1.7
400900007,BKN,2991043,25.0,8.4,6.3
400900007,BKN,3064291,18.0,4.3,1.4
400900007,BKN,3136477,16.0,0.8,-0.4
400900007,NOP,3410,3.0,-0.1,-1.0
400900007,NOP,3414,5.0,-0.5,0.0
400900007,NOP,3974,22.0,2.9,1.0
400900007,NOP,3983,28.0,27.3,22.6
400900007,NOP,3995,31.0,14.4,12.4
400900007,NOP,6460,19.0,2.7,1.0
400900007,NOP,6464,19.0,-1.0,-3.2
400900007,NOP,6597,38.0,17.0,13.8
400900007,NOP,2488958,33.0,14.4,10.8
400900007,NOP,2530572,17.0,-3.0,-4.2
400900007,NOP,2990984,24.0,1.1,1.3
400900008,CHI,1987,33.0,11.8,8.9
400900008,CHI,3026,23.0,2.9,3.1
400900008,CHI,3447,24.0,7.9,5.4
400900008,CHI,3986,25.0,8.5,8.1
400900008,CHI,2528588,17.0,-0.9,-1.8
400900008,CHI,2531047,25.0,12.9,11.4
400900008,CHI,2596108,16.0,-1.4,-2.1
400900008,CHI,3064482,19.0,1.9,1.0
400900008,CHI,3113587,24.0,12.5,11.5
400900008,CHI,3893023,34.0,6.1,5.0
400900008,NYK,1975,34.0,19.1,17.2
400900008,NYK,3224,27.0,13.0,11.4
400900008,NYK,3445,31.0,4.3,3.7
400900008,NYK,3456,34.0,10.6,9.4
400900008,NYK,3997,14.0,1.5,0.9
400900008,NYK,6485,29.0,-2.3,-0.7
400900008,NYK,6615,17.0,16.3,11.6
400900008,NYK,2284101,17.0,3.2,4.0
400900008,NYK,2999409,7.0,-1.8,-1.0
400900008,NYK,3138120,30.0,17.5,14.5
400900009,LAL,2429,19.0,1.2,0.3
400900009,LAL,2799,18.0,5.1,5.6
400900009,LAL,2806,5.0,-0.4,-0.7
400900009,LAL,3243,14.0,4.9,5.7
400900009,LAL,4298,10.0,-2.9,-2.7
400900009,LAL,6618,10.0,5.3,5.5
400900009,LAL,2528393,18.0,3.8,3.7
400900009,LAL,2528426,24.0,9.1,10.0
400900009,LAL,2968363,15.0,0.2,-0.1
400900009,LAL,3064514,34.0,20.8,19.2
400900009,LAL,3136776,27.0,2.7,2.6
400900009,LAL,3913176,32.0,4.7,4.2
400900009,LAL,4017837,15.0,8.7,5.8
400900009,SAS,272,9.0,0.2,-0.4
400900009,SAS,996,26.0,24.1,22.5
400900009,SAS,1015,21.0,12.8,12.6
400900009,SAS,2772,14.0,2.3,0.4
400900009,SAS,2983,24.0,10.0,8.7
400900009,SAS,3988,24.0,4.5,3.4
400900009,SAS,4004,17.0,2.4,3.3
400900009,SAS,6426,11.0,3.4,3.7
400900009,SAS,6450,26.0,29.5,26.9
400900009,SAS,2579466,21.0,9.6,9.9
400900009,SAS,2580913,21.0,11.5,7.2
400900009,SAS,2993874,16.0,4.9,4.7
400900009,SAS,3907497,10.0,8.0,8.1
400900010,DEN,558,3.0,-1.4,-1.7
400900010,DEN,2439,24.0,9.6,10.2
400900010,DEN,3194,32.0,19.5,16.2
400900010,DEN,3428,30.0,14.4,14.2
400900010,DEN,6433,16.0,15.0,12.6
400900010,DEN,6579,24.0,9.2,7.4
400900010,DEN,2999547,34.0,15.6,13.9
400900010,DEN,3102530,8.0,2.6,1.3
400900010,DEN,3112335,30.0,25.2,21.8
400900010,DEN,3892818,22.0,9.9,7.8
400900010,DEN,3907822,3.0,4.1,4.1
400900010,DEN,3936299,11.0,6.1,5.1
400900010,DEN,4017839,3.0,4.1,3.4
400900010,IND,2389,8.0,1.5,2.0
400900010,IND,2751,27.0,9.0,6.7
400900010,IND,2778,20.0,16.0,15.8
400900010,IND,3192,23.0,14.2,11.6
400900010,IND,3244,28.0,3.2,2.4
400900010,IND,4015,25.0,10.4,10.3
400900010,IND,4251,31.0,7.3,2.5
400900010,IND,4289,20.0,10.8,8.9
400900010,IND,6424,3.0,0.3,0.7
400900010,IND,2528386,3.0,2.4,2.4
400900010,IND,2990969,3.0,1.7,1.7
400900010,IND,2991039,27.0,6.8,6.1
400900010,IND,3133628,21.0,2.8,2.9
400900011,DET,2448,11.0,3.7,2.7
400900011,DET,4305,16.0,-1.1,-1.7
400900011,DET,4376,16.0,16.8,15.7
400900011,DET,6440,34.0,12.7,9.3
400900011,DET,6443,25.0,7.8,7.4
400900011,DET,6462,34.0,15.3,13.5
400900011,DET,6585,27.0,8.6,4.4
400900011,DET,2578259,26.0,-2.2,-1.3
400900011,DET,2581018,4.0,0.0,-1.0
400900011,DET,2968439,5.0,4.2,3.4
400900011,DET,3134881,38.0,8.3,7.8
400900011,DET,3906522,5.0,2.3,1.7
400900011,GSW,2016,24.0,5.7,2.3
400900011,GSW,2177,9.0,0.2,-0.4
400900011,GSW,2386,21.0,5.9,7.1
400900011,GSW,2393,21.0,8.8,9.2
400900011,GSW,2419,6.0,0.2,0.3
400900011,GSW,3202,31.0,24.6,21.8
400900011,GSW,3452,8.0,9.0,8.2
400900011,GSW,3975,30.0,18.2,12.6
400900011,GSW,6475,36.0,18.1,16.7
400900011,GSW,6589,30.0,11.4,8.0
400900011,GSW,2489785,16.0,12.9,10.3
400900011,GSW,3137730,4.0,-2.0,-2.0
400900011,GSW,3155535,4.0,3.3,1.7
400900012,DAL,609,30.0,12.7,11.0
400900012,DAL,2382,16.0,-1.4,-0.9
400900012,DAL,2798,32.0,22.1,23.4
400900012,DAL,3055,19.0,-1.8,-2.7
400900012,DAL,4032,38.0,14.1,13.5
400900012,DAL,6578,36.0,20.7,17.9
400900012,DAL,2326307,24.0,14.3,9.8
400900012,DAL,2531367,15.0,10.0,6.4
400900012,DAL,2578185,10.0,0.1,1.3
400900012,DAL,2968458,16.0,7.5,3.8
400900012,DAL,2982340,2.0,-0.4,-0.7
400900012,PHX,984,38.0,16.4,12.5
400900012,PHX,2166,17.0,2.9,2.7
400900012,PHX,3033,26.0,1.4,-0.0
400900012,PHX,4238,28.0,10.4,9.2
400900012,PHX,6448,19.0,-0.9,-0.8
400900012,PHX,2596107,10.0,5.6,4.0
400900012,PHX,2982334,28.0,3.0,4.7
400900012,PHX,3136193,37.0,24.6,24.9
400900012,PHX,3136194,6.0,-1.8,-1.4
400900012,PHX,3907487,23.0,9.1,9.4
400900012,PHX,4011991,8.0,2.3,2.0
400900013,BKN,1781,5.0,-1.7,-2.0
400900013,BKN,3003,23.0,10.1,9.9
400900013,BKN,3448,29.0,14.0,12.2
400900013,BKN,3593,28.0,13.2,12.8
400900013,BKN,4270,27.0,5.7,5.1
400900013,BKN,6576,5.0,9.1,8.8
400900013,BKN,6590,14.0,10.0,8.4
400900013,BKN,2488689,22.0,3.1,3.3
400900013,BKN,2528794,25.0,9.9,8.4
400900013,BKN,2580782,28.0,9.3,8.0
400900013,BKN,2991043,19.0,-2.2,-2.1
400900013,BKN,3064291,16.0,5.3,4.4
400900013,TOR,3012,36.0,19.8,15.6
400900013,TOR,3970,29.0,12.5,10.3
400900013,TOR,3978,30.0,19.2,19.0
400900013,TOR,6446,22.0,21.0,18.5
400900013,TOR,6477,25.0,15.1,12.1
400900013,TOR,6619,31.0,7.2,7.0
400900013,TOR,2595516,13.0,3.3,2.7
400900013,TOR,2991230,3.0,3.0,3.0
400900013,TOR,3032980,30.0,13.0,8.9
400900013,TOR,3113297,2.0,0.0,0.0
400900013,TOR,3134908,8.0,3.5,3.7
400900013,TOR,3149673,11.0,-1.2,-1.7
400900014,CHA,2797,28.0,2.5,1.3
400900014,CHA,3190,22.0,0.7,-2.5
400900014,CHA,3231,9.0,2.2,0.9
400900014,CHA,3416,32.0,14.5,13.1
400900014,CHA,3436,10.0,2.4,4.0
400900014,CHA,6479,42.0,3.9,2.5
400900014,CHA,6601,35.0,16.1,13.2
400900014,CHA,2579258,36.0,13.4,10.5
400900014,CHA,2579294,22.0,-0.8,-0.8
400900014,CHA,2595231,4.0,2.6,2.0
400900014,PHI,2767,30.0,6.4,4.6
400900014,PHI,3025,16.0,10.4,8.5
400900014,PHI,3993,24.0,8.2,7.4
400900014,PHI,2490620,28.0,7.3,6.4
400900014,PHI,2530530,31.0,9.1,6.3
400900014,PHI,2991042,31.0,3.3,4.0
400900014,PHI,2991280,20.0,7.8,4.5
400900014,PHI,3032978,21.0,11.4,9.8
400900014,PHI,3059318,28.0,17.4,12.9
400900014,PHI,3893019,10.0,1.4,2.4
400900015,MIA,2184,3.0,0.2,-1.8
400900015,MIA,3423,34.0,12.7,12.4
400900015,MIA,3981,14.0,5.7,5.4
400900015,MIA,3999,38.0,15.7,14.1
400900015,MIA,4250,32.0,14.9,13.5
400900015,MIA,4262,31.0,16.5,13.8
400900015,MIA,6480,7.0,1.5,1.7
400900015,MIA,6628,31.0,6.1,6.3
400900015,MIA,2488826,20.0,4.9,6.1
400900015,MIA,2530276,30.0,14.5,11.1
400900015,MIL,841,23.0,6.3,5.4
400900015,MIL,3418,21.0,11.5,8.9
400900015,MIL,4260,25.0,12.8,11.4
400900015,MIL,6592,19.0,3.2,1.0
400900015,MIL,2489716,18.0,10.3,9.5
400900015,MIL,2528353,29.0,12.7,11.8
400900015,MIL,2566769,30.0,15.9,14.6
400900015,MIL,3032977,36.0,18.3,15.3
400900015,MIL,3056600,35.0,13.6,12.5
400900015,MIL,4017843,4.0,2.4,1.7
400900016,HOU,1713,23.0,14.0,12.2
400900016,HOU,2426,37.0,9.5,7.0
400900016,HOU,3191,17.0,2.3,2.2
400900016,HOU,3412,26.0,0.9,2.1
400900016,HOU,3431,31.0,4.7,5.6
400900016,HOU,3964,33.0,7.5,4.4
400900016,HOU,3992,37.0,19.2,18.5
400900016,HOU,2991055,24.0,10.2,7.8
400900016,HOU,2991184,14.0,6.7,6.5
400900016,MEM,136,21.0,1.8,2.3
400900016,MEM,1017,23.0,12.2,8.7
400900016,MEM,2367,25.0,15.9,16.1
400900016,MEM,3195,39.0,15.0,11.3
400900016,MEM,3206,34.0,10.2,7.9
400900016,MEM,6466,19.0,3.0,1.2
400900016,MEM,2327577,29.0,6.0,6.4
400900016,MEM,2489530,22.0,8.1,8.7
400900016,MEM,2579321,28.0,8.1,8.1
400900017,MIN,3457,40.0,10.4,7.1
400900017,MIN,4011,36.0,17.2,13.5
400900017,MIN,4267,9.0,1.5,0.3
400900017,MIN,4269,14.0,4.6,6.4
400900017,MIN,2534781,33.0,-2.3,-1.2
400900017,MIN,2991139,12.0,2.2,1.7
400900017,MIN,2993875,23.0,3.3,3.0
400900017,MIN,3059319,36.0,7.8,4.6
400900017,MIN,3136195,37.0,28.6,21.6
400900017,OKC,3468,36.0,11.0,7.8
400900017,OKC,6447,30.0,18.4,19.4
400900017,OKC,6469,6.0,-0.7,-0.7
400900017,OKC,2527963,33.0,11.9,10.0
400900017,OKC,2530596,32.0,11.5,5.7
400900017,OKC,2959753,10.0,-0.8,-1.4
400900017,OKC,2991070,20.0,2.1,2.0
400900017,OKC,2991235,32.0,3.1,2.1
400900017,OKC,2995702,4.0,-2.5,-1.7
400900017,OKC,3064230,16.0,1.8,1.0
400900017,OKC,3155942,21.0,1.1,0.4
400900018,ATL,1708,15.0,6.5,5.4
400900018,ATL,2384,24.0,10.9,8.2
400900018,ATL,2433,4.0,1.0,0.7
400900018,ATL,3015,40.0,20.5,18.6
400900018,ATL,3028,24.0,2.4,1.2
400900018,ATL,6637,29.0,6.8,6.0
400900018,ATL,2282205,27.0,14.6,14.2
400900018,ATL,2490089,18.0,-1.9,-1.4
400900018,ATL,2528210,29.0,18.6,15.4
400900018,ATL,2990962,2.0,0.0,0.0
400900018,ATL,3032979,23.0,-2.1,-1.1
400900018,ATL,3062667,6.0,0.9,0.0
400900018,BOS,2761,8.0,-0.5,-0.8
400900018,BOS,2769,14.0,0.1,-0.6
400900018,BOS,3213,35.0,11.5,8.4
400900018,BOS,3998,13.0,-2.2,-2.4
400900018,BOS,6472,36.0,19.4,18.9
400900018,BOS,6581,33.0,14.1,12.1
400900018,BOS,2489663,32.0,25.6,25.4
400900018,BOS,2990992,37.0,4.9,2.1
400900018,BOS,3074752,23.0,7.2,5.0
400900018,BOS,3917376,8.0,-0.2,-1.1
400900019,ORL,3209,20.0,4.5,3.4
400900019,ORL,3415,17.0,13.4,13.1
400900019,ORL,3439,29.0,9.8,8.0
400900019,ORL,4003,19.0,6.6,5.7
400900019,ORL,6427,16.0,-0.2,-0.3
400900019,ORL,6478,32.0,29.8,25.1
400900019,ORL,6588,30.0,5.9,4.3
400900019,ORL,2583639,35.0,10.8,10.9
400900019,ORL,2995706,7.0,2.3,2.7
400900019,ORL,3064290,36.0,6.9,5.2
400900019,POR,4239,24.0,12.4,12.5
400900019,POR,4248,31.0,6.3,5.6
400900019,POR,4259,16.0,3.8,2.4
400900019,POR,6605,20.0,2.8,1.9
400900019,POR,6606,37.0,22.7,21.0
400900019,POR,2488653,28.0,11.2,6.4
400900019,POR,2490149,37.0,17.5,15.4
400900019,POR,2531210,33.0,3.1,1.6
400900019,POR,2578239,13.0,1.6,1.0
400900020,CLE,1006,21.0,6.8,7.0
400900020,CLE,1966,42.0,17.0,15.5
400900020,CLE,2009,1.0,0.3,0.0
400900020,CLE,2011,25.0,18.3,15.9
400900020,CLE,2754,19.0,8.4,7.0
400900020,CLE,3449,31.0,11.6,8.4
400900020,CLE,6442,35.0,15.7,15.8
400900020,CLE,6453,13.0,-0.1,-0.3
400900020,CLE,6468,26.0,14.1,12.1
400900020,CLE,6474,26.0,8.6,5.5
400900020,CLE,2531797,1.0,0.0,0.0
400900020,CLE,3062892,1.0,1.7,1.7
400900020,SAC,1765,18.0,3.7,3.7
400900020,SAC,3005,35.0,21.2,18.9
400900020,SAC,3187,17.0,1.9,1.7
400900020,SAC,3276,34.0,4.3,2.3
400900020,SAC,3444,6.0,1.2,0.7
400900020,SAC,3554,6.0,2.7,2.4
400900020,SAC,3973,22.0,9.3,9.8
400900020,SAC,4000,26.0,12.6,12.2
400900020,SAC,4023,35.0,3.6,-0.3
400900020,SAC,4258,39.0,21.2,19.3
400900020,SAC,2578213,1.0,-0.7,-0.7
400900020,SAC,2991282,1.0,0.0,0.0
400900020,SAC,3934663,1.0,0.0,0.0
400900021,DET,2448,21.0,6.8,6.9
400900021,DET,4376,15.0,4.9,4.4
400900021,DET,6440,34.0,6.3,6.5
400900021,DET,6443,27.0,-1.0,-1.5
400900021,DET,6462,30.0,0.3,0.4
400900021,DET,6585,33.0,10.5,5.6
400900021,DET,2528779,26.0,7.7,5.1
400900021,DET,2578259,5.0,0.3,0.0
400900021,DET,2968439,18.0,2.7,0.3
400900021,DET,3134881,26.0,6.7,6.1
400900021,DET,3906522,5.0,-0.8,-0.4
400900021,UTA,1007,17.0,-0.2,-0.4
400900021,UTA,2167,18.0,7.1,7.2
400900021,UTA,3438,27.0,16.2,15.7
400900021,UTA,4249,26.0,17.3,13.5
400900021,UTA,4257,27.0,8.3,4.9
400900021,UTA,6429,5.0,-0.4,-0.4
400900021,UTA,6454,5.0,-0.1,-0.7
400900021,UTA,2333797,3.0,5.4,5.4
400900021,UTA,2581177,29.0,21.3,20.6
400900021,UTA,2968436,19.0,2.5,0.0
400900021,UTA,3032976,31.0,10.0,5.2
400900021,UTA,3102528,16.0,6.4,3.8
400900021,UTA,3136196,17.0,4.3,2.7
400900022,LAC,165,22.0,-1.8,-1.4
400900022,LAC,2745,9.0,2.9,2.7
400900022,LAC,2753,25.0,13.8,12.9
400900022,LAC,2779,31.0,20.9,18.8
400900022,LAC,3024,30.0,3.3,3.6
400900022,LAC,3442,35.0,28.4,21.4
400900022,LAC,3451,21.0,6.1,7.1
400900022,LAC,3460,15.0,6.7,7.4
400900022,LAC,4247,14.0,3.5,2.0
400900022,LAC,6569,7.0,1.2,2.0
400900022,LAC,6617,31.0,11.0,8.4
400900022,LAL,25,3.0,-0.1,-0.7
400900022,LAL,2799,22.0,6.7,5.5
400900022,LAL,2806,7.0,2.7,2.7
400900022,LAL,3243,29.0,6.8,6.6
400900022,LAL,4298,21.0,6.6,5.8
400900022,LAL,6618,9.0,-0.7,-1.2
400900022,LAL,2528393,21.0,5.3,4.7
400900022,LAL,2528426,28.0,14.9,15.2
400900022,LAL,2968363,12.0,1.8,2.6
400900022,LAL,3064514,28.0,-0.5,-1.0
400900022,LAL,3136776,28.0,2.7,1.9
400900022,LAL,3913176,31.0,14.2,11.7
400900022,LAL,4017837,3.0,1.7,1.7
400900023,CHI,1987,32.0,12.4,11.2
400900023,CHI,3026,19.0,4.6,3.4
400900023,CHI,3447,27.0,8.8,7.2
400900023,CHI,3986,32.0,11.2,7.3
400900023,CHI,6430,39.0,28.2,21.1
400900023,CHI,2528588,20.0,6.8,4.3
400900023,CHI,2596108,29.0,5.5,5.6
400900023,CHI,2999549,5.0,0.0,0.0
400900023,CHI,3064482,15.0,1.4,0.0
400900023,CHI,3113587,21.0,9.5,9.5
400900023,NOP,3974,19.0,4.7,4.7
400900023,NOP,3983,22.0,9.6,8.7
400900023,NOP,3995,29.0,2.2,2.1
400900023,NOP,6460,27.0,12.7,12.5
400900023,NOP,6464,7.0,1.0,0.7
400900023,NOP,6583,39.0,30.4,25.2
400900023,NOP,6597,34.0,10.8,8.1
400900023,NOP,2488958,36.0,5.0,5.2
400900023,NOP,2530572,14.0,2.0,1.0
400900023,NOP,2990984,12.0,-2.9,-3.1
400900024,PHI,2767,26.0,15.9,14.1
400900024,PHI,3025,20.0,1.1,0.6
400900024,PHI,3993,15.0,2.6,2.0
400900024,PHI,2490620,22.0,4.5,3.3
400900024,PHI,2530530,23.0,3.1,2.4
400900024,PHI,2580898,6.0,3.7,2.7
400900024,PHI,2991042,29.0,-4.0,-3.8
400900024,PHI,2991280,13.0,2.9,2.8
400900024,PHI,3032978,26.0,5.0,3.6
400900024,PHI,3135048,35.0,19.4,17.3
400900024,PHI,3893019,26.0,6.8,6.0
400900024,WAS,2758,23.0,10.4,8.1
400900024,WAS,3232,13.0,4.4,5.1
400900024,WAS,4237,30.0,22.7,19.6
400900024,WAS,6461,30.0,8.2,7.1
400900024,WAS,6580,27.0,14.2,12.4
400900024,WAS,6614,10.0,2.2,2.0
400900024,WAS,6621,21.0,6.3,4.7
400900024,WAS,2579260,18.0,4.0,3.1
400900024,WAS,2594885,7.0,0.9,-0.1
400900024,WAS,2594922,30.0,7.1,5.2
400900024,WAS,2991050,3.0,-0.1,0.7
400900024,WAS,3133603,27.0,5.2,3.0
400900025,ORL,3209,18.0,5.4,4.2
400900025,ORL,3277,8.0,-1.2,-2.4
400900025,ORL,3415,12.0,-1.7,-2.1
400900025,ORL,3439,33.0,8.7,8.4
400900025,ORL,4003,38.0,9.7,9.4
400900025,ORL,6427,15.0,1.7,1.3
400900025,ORL,6478,33.0,10.0,6.8
400900025,ORL,2583639,39.0,28.8,25.9
400900025,ORL,2995706,4.0,0.9,1.7
400900025,ORL,3064290,39.0,16.4,15.4
400900025,UTA,2167,14.0,1.5,1.9
400900025,UTA,3438,34.0,9.4,8.6
400900025,UTA,4249,39.0,23.2,21.9
400900025,UTA,4257,32.0,10.9,9.8
400900025,UTA,6429,15.0,7.8,6.0
400900025,UTA,2581177,33.0,6.0,4.6
400900025,UTA,2968361,7.0,2.0,2.1
400900025,UTA,2968436,11.0,6.7,6.8
400900025,UTA,3032976,36.0,24.8,19.6
400900025,UTA,3102528,8.0,-0.9,0.3
400900025,UTA,3136196,14.0,-0.9,-1.4
400900026,PHX,984,31.0,10.9,9.0
400900026,PHX,2166,6.0,-0.4,-0.7
400900026,PHX,3033,30.0,7.6,3.3
400900026,PHX,4238,38.0,13.1,11.7
400900026,PHX,2596107,21.0,2.4,2.7
400900026,PHX,2982334,26.0,6.1,5.4
400900026,PHX,3136193,37.0,26.6,28.2
400900026,PHX,3136194,14.0,3.6,4.4
400900026,PHX,3907487,15.0,4.0,2.7
400900026,PHX,4011991,21.0,4.5,4.7
400900026,SAS,272,25.0,11.2,11.4
400900026,SAS,996,27.0,1.2,-1.0
400900026,SAS,1015,31.0,8.9,8.3
400900026,SAS,2772,13.0,2.6,2.4
400900026,SAS,2983,34.0,8.6,8.4
400900026,SAS,3988,28.0,2.1,2.3
400900026,SAS,6426,4.0,-1.7,-1.7
400900026,SAS,6450,32.0,28.9,27.8
400900026,SAS,2579466,16.0,2.2,0.3
400900026,SAS,2580913,14.0,4.0,1.1
400900026,SAS,2993874,9.0,4.4,3.4
400900026,SAS,2994526,5.0,1.6,1.7
400900027,NYK,1975,26.0,10.9,10.3
400900027,NYK,2421,7.0,7.6,6.7
400900027,NYK,3224,23.0,4.0,3.3
400900027,NYK,3445,25.0,1.4,-0.5
400900027,NYK,3456,29.0,11.0,9.7
400900027,NYK,3997,24.0,7.9,7.1
400900027,NYK,6485,2.0,-0.7,-0.7
400900027,NYK,6615,11.0,2.5,1.7
400900027,NYK,2284101,26.0,14.3,12.7
400900027,NYK,2580349,16.0,5.7,3.4
400900027,NYK,2999409,21.0,7.0,4.4
400900027,NYK,3063982,7.0,1.2,-0.7
400900027,NYK,3138120,23.0,3.1,4.0
400900027,TOR,3012,28.0,18.8,16.3
400900027,TOR,3970,27.0,17.0,14.4
400900027,TOR,3978,28.0,16.5,15.8
400900027,TOR,6446,25.0,1.1,-0.7
400900027,TOR,6477,28.0,11.0,8.9
400900027,TOR,6619,23.0,9.6,9.4
400900027,TOR,2595516,24.0,14.3,14.1
400900027,TOR,2991230,5.0,-2.1,-2.1
400900027,TOR,3032980,35.0,7.1,3.3
400900027,TOR,3134908,4.0,-3.7,-1.7
400900027,TOR,3149673,13.0,5.6,4.1
400900028,ATL,1708,23.0,15.1,16.1
400900028,ATL,2384,32.0,19.3,16.3
400900028,ATL,2433,11.0,3.3,1.0
400900028,ATL,3015,36.0,14.9,13.3
400900028,ATL,3028,35.0,6.8,4.7
400900028,ATL,6637,28.0,18.9,17.8
400900028,ATL,2282205,26.0,10.2,10.0
400900028,ATL,2490089,1.0,-0.7,-0.7
400900028,ATL,2528210,24.0,2.8,2.0
400900028,ATL,3032979,24.0,1.4,0.8
400900028,MIL,841,22.0,1.7,-0.7
400900028,MIL,3418,18.0,9.1,7.3
400900028,MIL,4260,20.0,4.4,6.0
400900028,MIL,6592,22.0,4.8,3.8
400900028,MIL,6616,6.0,-0.5,0.0
400900028,MIL,2489716,24.0,1.8,2.0
400900028,MIL,2528353,22.0,5.3,4.7
400900028,MIL,2566769,26.0,6.9,5.0
400900028,MIL,3032977,40.0,29.6,26.5
400900028,MIL,3056600,33.0,11.6,9.7
400900028,MIL,3137733,7.0,3.3,3.0
400900028,MIL,4017843,1.0,0.0,0.0
400900029,DAL,609,28.0,13.9,10.4
400900029,DAL,2382,16.0,11.4,10.8
400900029,DAL,2798,31.0,12.9,10.9
400900029,DAL,3055,17.0,14.5,13.9
400900029,DAL,4032,35.0,12.6,10.6
400900029,DAL,6578,32.0,4.6,2.8
400900029,DAL,2326307,32.0,4.8,1.2
400900029,DAL,2531367,17.0,-0.7,-0.7
400900029,DAL,2578185,13.0,3.3,0.7
400900029,DAL,2578204,1.0,0.0,0.0
400900029,DAL,2968458,18.0,4.0,3.8
400900029,DAL,2982340,1.0,0.0,0.0
400900029,DAL,3929314,1.0,0.0,0.0
400900029,MIN,3457,3.0,-0.7,-0.7
400900029,MIN,4011,36.0,7.8,5.4
400900029,MIN,4267,5.0,0.5,0.0
400900029,MIN,4269,22.0,7.8,6.7
400900029,MIN,2534781,31.0,20.8,19.3
400900029,MIN,2991139,13.0,-3.3,-2.4
400900029,MIN,2993875,12.0,-4.3,-4.2
400900029,MIN,3059319,38.0,15.9,13.2
400900029,MIN,3064440,34.0,8.4,6.3
400900029,MIN,3135046,9.0,-2.2,-1.4
400900029,MIN,3136195,38.0,12.4,9.4
400900030,BKN,1781,8.0,6.1,4.7
400900030,BKN,3003,17.0,8.9,10.5
400900030,BKN,3593,22.0,2.4,2.2
400900030,BKN,4270,26.0,13.6,9.4
400900030,BKN,6576,20.0,6.2,5.7
400900030,BKN,6590,18.0,11.7,10.2
400900030,BKN,2488689,23.0,1.0,-0.1
400900030,BKN,2528794,20.0,8.6,8.4
400900030,BKN,2580782,24.0,0.5,2.2
400900030,BKN,2991043,22.0,6.2,4.6
400900030,BKN,3064291,17.0,12.3,8.2
400900030,BKN,3136477,15.0,4.1,4.0
400900030,BKN,3153165,6.0,1.9,2.3
400900030,HOU,1713,14.0,7.1,6.3
400900030,HOU,2426,33.0,24.3,20.9
400900030,HOU,3191,18.0,-2.6,-2.1
400900030,HOU,3412,23.0,9.2,7.0
400900030,HOU,3431,28.0,19.0,19.2
400900030,HOU,3472,4.0,-1.4,-1.4
400900030,HOU,3964,27.0,18.2,14.9
400900030,HOU,3992,32.0,17.3,14.9
400900030,HOU,2566741,6.0,5.5,6.4
400900030,HOU,2991055,34.0,16.6,12.4
400900030,HOU,2991184,17.0,7.5,7.8
400900030,HOU,3059281,4.0,-1.4,-1.4
400900031,OKC,3468,36.0,33.0,26.7
400900031,OKC,6447,32.0,23.1,21.9
400900031,OKC,2527963,40.0,17.2,15.4
400900031,OKC,2530596,27.0,3.1,-0.2
400900031,OKC,2959753,4.0,-1.9,-1.4
400900031,OKC,2991070,19.0,2.5,2.0
400900031,OKC,2991235,20.0,2.9,1.4
400900031,OKC,2995702,17.0,9.7,9.7
400900031,OKC,3064230,18.0,2.0,1.3
400900031,OKC,3155942,28.0,0.8,1.9
400900031,SAC,1765,27.0,7.1,6.9
400900031,SAC,3005,36.0,15.4,11.2
400900031,SAC,3187,18.0,1.5,0.3
400900031,SAC,3276,32.0,9.5,6.8
400900031,SAC,3444,16.0,3.1,2.4
400900031,SAC,3973,27.0,18.2,17.5
400900031,SAC,4000,21.0,4.6,3.7
400900031,SAC,4023,24.0,7.5,7.1
400900031,SAC,4258,34.0,26.5,22.1
400900031,SAC,2991282,5.0,-0.1,0.7
400900032,CHI,3026,21.0,5.7,5.5
400900032,CHI,3447,37.0,10.5,7.6
400900032,CHI,3986,32.0,13.3,10.3
400900032,CHI,6430,38.0,13.8,9.2
400900032,CHI,2528588,33.0,25.5,22.0
400900032,CHI,2596108,27.0,13.1,10.8
400900032,CHI,2999549,10.0,-0.4,-1.0
400900032,CHI,3064482,16.0,3.4,3.4
400900032,CHI,3113587,11.0,2.6,1.7
400900032,CHI,3893023,15.0,0.5,0.3
400900032,MEM,136,31.0,7.6,7.4
400900032,MEM,1017,33.0,11.7,10.5
400900032,MEM,2367,33.0,4.7,0.4
400900032,MEM,3195,37.0,25.6,23.3
400900032,MEM,3206,40.0,16.8,12.1
400900032,MEM,6466,19.0,5.5,6.4
400900032,MEM,2327577,20.0,11.5,12.2
400900032,MEM,2489530,7.0,-1.2,-0.8
400900032,MEM,2579321,22.0,-2.4,-2.1
400900033,DET,4305,20.0,8.4,6.5
400900033,DET,6440,38.0,18.9,17.1
400900033,DET,6443,28.0,9.2,10.1
400900033,DET,6462,43.0,17.1,14.7
400900033,DET,6585,32.0,12.1,5.8
400900033,DET,2528779,29.0,-1.1,-0.1
400900033,DET,2968439,16.0,5.1,5.1
400900033,DET,3134881,34.0,9.2,7.5
400900033,LAL,2429,36.0,2.0,0.3
400900033,LAL,2799,27.0,20.5,20.4
400900033,LAL,3243,26.0,5.6,5.3
400900033,LAL,4298,22.0,4.3,2.7
400900033,LAL,2528393,11.0,4.4,5.0
400900033,LAL,2528426,24.0,9.2,9.8
400900033,LAL,3064514,31.0,0.6,-1.3
400900033,LAL,3136776,26.0,11.1,9.5
400900033,LAL,3913176,28.0,4.1,2.8
400900033,LAL,4017837,9.0,5.0,2.4
400900034,ATL,1708,19.0,-2.6,-4.5
400900034,ATL,2433,24.0,13.7,12.3
400900034,ATL,3015,39.0,12.0,6.7
400900034,ATL,3028,22.0,2.9,1.3
400900034,ATL,6622,10.0,1.6,1.3
400900034,ATL,6637,32.0,14.2,12.1
400900034,ATL,2282205,19.0,7.4,5.5
400900034,ATL,2528210,35.0,15.7,14.9
400900034,ATL,2990962,7.0,1.3,1.7
400900034,ATL,3032979,34.0,23.4,22.8
400900034,NYK,1975,35.0,19.9,19.4
400900034,NYK,3224,33.0,14.3,10.9
400900034,NYK,3445,21.0,3.6,3.0
400900034,NYK,3456,32.0,11.2,10.2
400900034,NYK,3997,20.0,0.2,-1.7
400900034,NYK,6615,16.0,3.4,2.0
400900034,NYK,2284101,23.0,7.2,6.3
400900034,NYK,2580349,22.0,8.7,7.7
400900034,NYK,3138120,38.0,12.5,10.5
400900035,POR,4239,21.0,10.6,10.8
400900035,POR,4248,25.0,8.7,7.8
400900035,POR,4259,5.0,0.6,1.0
400900035,POR,6591,19.0,-3.0,-3.8
400900035,POR,6605,22.0,7.0,6.8
400900035,POR,6606,28.0,16.5,14.7
400900035,POR,2488653,21.0,6.9,4.4
400900035,POR,2490149,23.0,7.1,5.3
400900035,POR,2530780,16.0,2.9,0.0
400900035,POR,2531210,25.0,3.4,4.4
400900035,POR,2578239,5.0,2.3,2.4
400900035,POR,2982268,11.0,-0.6,-0.8
400900035,POR,3078284,20.0,10.4,9.0
400900035,WAS,2758,27.0,3.1,1.3
400900035,WAS,3232,18.0,1.3,3.0
400900035,WAS,4237,28.0,20.6,17.7
400900035,WAS,6461,33.0,22.7,16.6
400900035,WAS,6580,29.0,25.8,23.3
400900035,WAS,6621,19.0,12.0,8.9
400900035,WAS,2579260,20.0,0.2,0.3
400900035,WAS,2594885,5.0,-1.1,-1.4
400900035,WAS,2594922,30.0,7.3,5.5
400900035,WAS,2991050,3.0,0.8,-0.7
400900035,WAS,3133603,28.0,15.7,15.9
400900036,MIL,841,18.0,1.8,2.3
400900036,MIL,3418,26.0,4.7,4.7
400900036,MIL,4260,21.0,8.9,7.7
400900036,MIL,4385,4.0,-2.3,-2.1
400900036,MIL,6592,26.0,8.2,7.8
400900036,MIL,6616,1.0,0.3,0.0
400900036,MIL,2489716,21.0,8.1,6.8
400900036,MIL,2528353,29.0,5.5,5.1
400900036,MIL,2566769,28.0,11.1,8.5
400900036,MIL,3032977,29.0,15.6,12.7
400900036,MIL,3056600,35.0,14.9,12.6
400900036,MIL,3137733,2.0,0.7,0.7
400900036,PHI,2767,28.0,4.3,4.6
400900036,PHI,3025,32.0,7.9,5.8
400900036,PHI,3993,28.0,8.8,7.7
400900036,PHI,2490620,28.0,11.8,10.8
400900036,PHI,2580898,16.0,7.3,7.7
400900036,PHI,2991042,20.0,6.3,4.4
400900036,PHI,3032978,24.0,15.6,12.9
400900036,PHI,3059318,28.0,22.1,14.8
400900036,PHI,3135048,20.0,9.0,7.8
400900036,PHI,3893019,17.0,1.6,1.7
400900037,IND,2389,10.0,7.0,5.8
400900037,IND,2751,19.0,4.0,2.8
400900037,IND,2778,14.0,-2.0,-1.8
400900037,IND,3192,11.0,1.3,1.0
400900037,IND,3244,37.0,21.4,15.3
400900037,IND,4015,37.0,13.8,12.5
400900037,IND,4251,34.0,13.0,10.7
400900037,IND,4289,11.0,2.0,1.0
400900037,IND,2991039,30.0,8.9,7.0
400900037,IND,3133628,38.0,12.0,7.1
400900037,NOP,3974,31.0,-0.3,-0.8
400900037,NOP,3983,23.0,9.2,5.7
400900037,NOP,3995,26.0,5.9,5.8
400900037,NOP,6460,28.0,12.7,9.4
400900037,NOP,6464,8.0,0.9,-0.7
400900037,NOP,6583,23.0,12.9,12.4
400900037,NOP,6597,26.0,12.4,11.0
400900037,NOP,2488945,5.0,-0.5,0.0
400900037,NOP,2488958,30.0,1.1,1.0
400900037,NOP,2530572,24.0,5.0,3.6
400900037,NOP,2990984,15.0,7.6,6.1
400900038,DEN,2439,32.0,17.4,16.3
400900038,DEN,3194,21.0,5.3,4.4
400900038,DEN,3428,40.0,10.1,7.3
400900038,DEN,6433,33.0,19.8,17.7
400900038,DEN,6579,24.0,8.0,7.8
400900038,DEN,2999547,3.0,-0.7,-0.7
400900038,DEN,3102530,6.0,1.0,1.4
400900038,DEN,3112335,36.0,30.0,24.7
400900038,DEN,3892818,37.0,18.8,17.1
400900038,DEN,3936299,5.0,0.0,0.0
400900038,DEN,4017839,3.0,3.3,1.7
400900038,ORL,3209,17.0,9.9,8.6
400900038,ORL,3277,14.0,2.0,0.7
400900038,ORL,3415,19.0,12.8,12.5
400900038,ORL,3439,30.0,7.8,6.0
400900038,ORL,4003,34.0,7.7,6.8
400900038,ORL,6427,20.0,12.8,11.4
400900038,ORL,6478,28.0,13.6,12.2
400900038,ORL,2583639,29.0,18.3,18.1
400900038,ORL,2995706,21.0,0.2,0.0
400900038,ORL,3064290,28.0,3.0,1.0
400900039,BOS,2761,4.0,0.7,0.7
400900039,BOS,2769,21.0,2.7,1.7
400900039,BOS,3213,34.0,18.4,17.6
400900039,BOS,3998,14.0,3.1,2.8
400900039,BOS,4240,33.0,1.7,-0.4
400900039,BOS,6472,31.0,24.4,23.6
400900039,BOS,6581,30.0,15.2,11.4
400900039,BOS,2489663,26.0,16.6,14.6
400900039,BOS,2990992,27.0,4.3,0.4
400900039,BOS,3917376,20.0,6.9,7.1
400900039,CHA,2797,29.0,15.1,14.4
400900039,CHA,3190,18.0,5.3,5.4
400900039,CHA,3211,17.0,4.5,3.4
400900039,CHA,3231,16.0,6.9,6.8
400900039,CHA,3416,37.0,9.5,4.4
400900039,CHA,6479,38.0,13.1,12.3
400900039,CHA,6601,35.0,2.6,0.6
400900039,CHA,2579258,31.0,13.4,12.6
400900039,CHA,2579294,19.0,5.3,5.4
400900040,CLE,1006,20.0,5.9,5.5
400900040,CLE,1966,35.0,7.8,5.4
400900040,CLE,2009,7.0,-0.4,0.0
400900040,CLE,2011,27.0,5.4,5.6
400900040,CLE,2754,16.0,-0.1,-0.7
400900040,CLE,3449,16.0,0.8,1.3
400900040,CLE,6442,29.0,2.2,1.1
400900040,CLE,6453,17.0,-0.7,0.0
400900040,CLE,6468,30.0,14.3,8.6
400900040,CLE,6474,30.0,7.3,5.1
400900040,CLE,2531797,7.0,4.0,4.4
400900040,CLE,3062892,7.0,-0.1,0.3
400900040,GSW,2016,21.0,4.5,1.7
400900040,GSW,2177,15.0,6.3,5.5
400900040,GSW,2386,25.0,17.0,15.7
400900040,GSW,2393,15.0,9.2,10.2
400900040,GSW,3202,29.0,22.2,16.6
400900040,GSW,3452,9.0,1.1,0.7
400900040,GSW,3975,31.0,16.9,13.1
400900040,GSW,6475,31.0,15.2,15.3
400900040,GSW,6589,35.0,24.5,17.1
400900040,GSW,2489785,12.0,-1.0,-2.9
400900040,GSW,2594818,5.0,-1.8,-1.7
400900040,GSW,3137730,5.0,2.3,2.0
400900040,GSW,3155535,9.0,2.9,3.0
400900041,PHX,2166,16.0,3.7,2.1
400900041,PHX,3033,27.0,10.9,6.8
400900041,PHX,4238,37.0,29.8,27.1
400900041,PHX,2579326,4.0,0.2,1.0
400900041,PHX,2596107,21.0,5.1,3.0
400900041,PHX,2982334,31.0,12.9,12.8
400900041,PHX,3136193,46.0,10.1,11.3
400900041,PHX,3136194,11.0,-2.5,-2.8
400900041,PHX,3907487,22.0,-1.2,0.2
400900041,PHX,4011991,25.0,4.2,2.7
400900041,UTA,1007,24.0,13.0,12.1
400900041,UTA,2167,22.0,12.5,13.0
400900041,UTA,3438,33.0,9.8,7.7
400900041,UTA,4249,32.0,12.4,11.6
400900041,UTA,4257,24.0,7.9,6.3
400900041,UTA,6429,9.0,-4.4,-3.2
400900041,UTA,2968361,11.0,0.4,1.3
400900041,UTA,2968436,34.0,13.1,10.9
400900041,UTA,3032976,36.0,21.2,14.5
400900041,UTA,3102528,8.0,-1.1,-0.7
400900041,UTA,3136196,6.0,0.7,0.6
400900042,LAC,165,23.0,-4.6,-5.1
400900042,LAC,2745,18.0,9.2,7.8
400900042,LAC,2753,27.0,16.9,14.7
400900042,LAC,2779,14.0,8.8,6.9
400900042,LAC,3024,27.0,16.0,13.7
400900042,LAC,3442,30.0,27.3,19.9
400900042,LAC,3451,19.0,1.9,1.7
400900042,LAC,3460,27.0,19.0,17.2
400900042,LAC,6569,19.0,2.1,3.0
400900042,LAC,6617,35.0,10.9,10.1
400900042,OKC,3468,29.0,15.0,12.6
400900042,OKC,3474,5.0,4.3,4.7
400900042,OKC,6447,23.0,9.1,6.8
400900042,OKC,6469,7.0,2.0,1.7
400900042,OKC,2527963,24.0,3.1,0.6
400900042,OKC,2530596,26.0,4.5,3.7
400900042,OKC,2959753,30.0,10.4,7.6
400900042,OKC,2991070,34.0,11.0,6.8
400900042,OKC,2995702,14.0,0.3,0.9
400900042,OKC,3064230,21.0,2.5,2.7
400900042,OKC,3155942,27.0,8.3,7.5
400900043,BKN,3003,18.0,1.2,-1.8
400900043,BKN,3448,32.0,20.0,18.2
400900043,BKN,3593,21.0,8.4,7.3
400900043,BKN,4270,22.0,7.8,6.8
400900043,BKN,6576,3.0,3.7,3.7
400900043,BKN,6590,13.0,7.0,6.1
400900043,BKN,2488689,26.0,3.1,3.6
400900043,BKN,2528794,18.0,-1.9,-2.1
400900043,BKN,2580782,24.0,1.2,1.0
400900043,BKN,2991043,23.0,14.3,12.6
400900043,BKN,3064291,26.0,15.6,11.5
400900043,BKN,3136477,13.0,2.8,3.7
400900043,TOR,3970,26.0,7.0,6.7
400900043,TOR,3978,37.0,27.1,24.2
400900043,TOR,6446,37.0,27.4,26.8
400900043,TOR,6477,29.0,4.1,1.6
400900043,TOR,6619,30.0,13.7,10.1
400900043,TOR,2595516,18.0,-1.2,-1.0
400900043,TOR,2991230,25.0,9.6,8.0
400900043,TOR,3032980,7.0,2.6,2.7
400900043,TOR,3134908,15.0,1.9,1.4
400900043,TOR,3149673,15.0,5.8,2.7
400900044,HOU,1713,24.0,5.7,3.0
400900044,HOU,2426,39.0,4.9,3.0
400900044,HOU,3191,26.0,6.3,4.7
400900044,HOU,3431,30.0,-5.0,-6.0
400900044,HOU,3964,33.0,11.7,8.8
400900044,HOU,3992,39.0,29.2,25.1
400900044,HOU,2991055,16.0,9.1,10.7
400900044,HOU,2991184,25.0,8.7,8.1
400900044,HOU,3102529,9.0,1.9,0.0
400900044,MIA,3423,37.0,15.9,14.3
400900044,MIA,3981,28.0,14.8,13.4
400900044,MIA,3999,31.0,11.0,7.5
400900044,MIA,4250,17.0,-1.3,-2.1
400900044,MIA,4262,33.0,14.8,11.4
400900044,MIA,6628,28.0,11.1,10.4
400900044,MIA,2326015,16.0,1.7,1.0
400900044,MIA,2488826,16.0,2.0,2.6
400900044,MIA,2530276,34.0,11.4,8.5
400900045,CHI,1987,35.0,3.5,2.8
400900045,CHI,3026,23.0,1.6,-0.3
400900045,CHI,3447,36.0,14.9,15.0
400900045,CHI,6430,40.0,26.3,23.6
400900045,CHI,6459,22.0,6.4,5.4
400900045,CHI,2528588,22.0,2.8,2.6
400900045,CHI,2531047,4.0,-1.1,-0.7
400900045,CHI,2596108,21.0,8.8,6.1
400900045,CHI,3064482,7.0,-0.8,-0.7
400900045,CHI,3113587,12.0,7.9,8.5
400900045,CHI,3893023,19.0,3.2,2.3
400900045,DAL,609,27.0,8.7,5.5
400900045,DAL,2382,18.0,6.6,5.0
400900045,DAL,2798,30.0,9.2,7.6
400900045,DAL,3055,18.0,11.5,11.6
400900045,DAL,4032,40.0,6.0,6.0
400900045,DAL,6578,38.0,10.8,10.7
400900045,DAL,2326307,30.0,16.0,13.8
400900045,DAL,2531367,12.0,5.4,5.1
400900045,DAL,2578185,8.0,-0.5,0.0
400900045,DAL,2968458,19.0,2.0,3.4
400900046,MIN,4011,39.0,25.2,23.4
400900046,MIN,4269,25.0,5.4,3.3
400900046,MIN,2534781,29.0,16.2,11.7
400900046,MIN,2991139,9.0,-2.9,-1.7
400900046,MIN,2993875,23.0,10.8,11.1
400900046,MIN,3059319,38.0,4.6,3.9
400900046,MIN,3064440,35.0,11.8,11.8
400900046,MIN,3136195,43.0,18.9,16.2
400900046,SAS,272,20.0,7.1,7.1
400900046,SAS,996,17.0,2.4,2.0
400900046,SAS,1015,29.0,7.4,9.4
400900046,SAS,2772,15.0,5.8,5.7
400900046,SAS,2983,36.0,22.3,21.2
400900046,SAS,3988,27.0,5.0,-0.5
400900046,SAS,4004,19.0,8.0,7.4
400900046,SAS,6426,3.0,0.0,0.0
400900046,SAS,6450,39.0,30.9,29.7
400900046,SAS,2579466,12.0,7.2,7.0
400900046,SAS,2580913,19.0,5.6,4.0
400900046,SAS,2993874,4.0,0.3,0.7
400900047,DEN,2439,20.0,1.7,1.5
400900047,DEN,3194,26.0,10.1,8.0
400900047,DEN,3428,39.0,12.2,10.1
400900047,DEN,6433,30.0,19.3,16.9
400900047,DEN,6579,35.0,22.6,22.9
400900047,DEN,3102530,8.0,2.5,2.0
400900047,DEN,3112335,34.0,24.5,21.2
400900047,DEN,3892818,28.0,14.5,11.9
400900047,DEN,3936299,13.0,0.2,-0.7
400900047,DEN,4017839,7.0,0.3,0.0
400900047,LAL,2799,31.0,22.5,20.9
400900047,LAL,2806,7.0,0.0,-0.3
400900047,LAL,3243,31.0,17.3,15.1
400900047,LAL,4298,10.0,2.0,2.4
400900047,LAL,2528393,20.0,11.0,10.9
400900047,LAL,2528426,36.0,11.7,11.7
400900047,LAL,3064514,25.0,4.8,4.2
400900047,LAL,3136776,17.0,1.8,1.3
400900047,LAL,3913176,37.0,14.1,10.7
400900047,LAL,4017837,26.0,12.8,8.1
400900048,PHI,2767,24.0,13.2,12.7
400900048,PHI,3025,19.0,3.2,1.4
400900048,PHI,3993,26.0,6.5,6.3
400900048,PHI,2490620,36.0,6.8,3.4
400900048,PHI,2530530,29.0,12.9,12.0
400900048,PHI,2991042,16.0,-1.2,-1.7
400900048,PHI,2991280,21.0,-2.1,-1.1
400900048,PHI,3032978,24.0,4.7,1.6
400900048,PHI,3059318,27.0,19.0,15.9
400900048,PHI,3893019,17.0,1.2,-0.1
400900048,TOR,3012,40.0,17.7,14.8
400900048,TOR,3970,23.0,-1.0,-2.8
400900048,TOR,3978,38.0,18.4,17.2
400900048,TOR,6446,26.0,5.5,4.7
400900048,TOR,6477,30.0,10.3,8.5
400900048,TOR,6619,31.0,2.6,1.2
400900048,TOR,6624,14.0,2.3,2.9
400900048,TOR,2595516,18.0,3.4,2.3
400900048,TOR,2991230,6.0,1.9,1.7
400900048,TOR,3134908,4.0,-0.5,0.0
400900048,TOR,3149673,11.0,1.0,0.0
400900049,MEM,136,30.0,10.2,6.6
400900049,MEM,1017,20.0,0.9,-0.5
400900049,MEM,2367,30.0,3.5,3.3
400900049,MEM,3195,31.0,12.2,12.4
400900049,MEM,3206,39.0,25.2,24.6
400900049,MEM,6466,19.0,1.7,2.2
400900049,MEM,2327577,34.0,16.9,14.2
400900049,MEM,2579321,28.0,6.1,4.7
400900049,MEM,3064511,9.0,-0.4,-0.3
400900049,WAS,2758,36.0,7.5,7.1
400900049,WAS,3232,20.0,6.0,4.3
400900049,WAS,4237,37.0,23.2,21.0
400900049,WAS,6461,34.0,13.1,10.7
400900049,WAS,6580,37.0,2.9,3.2
400900049,WAS,6621,14.0,4.1,4.2
400900049,WAS,2579260,8.0,4.0,3.4
400900049,WAS,2594922,34.0,23.3,21.6
400900049,WAS,3133603,20.0,2.8,2.4
400900050,CHA,2797,24.0,9.8,5.7
400900050,CHA,3190,24.0,11.6,9.5
400900050,CHA,3231,18.0,4.1,2.7
400900050,CHA,3416,34.0,11.6,8.8
400900050,CHA,3436,22.0,16.8,14.6
400900050,CHA,6479,32.0,21.3,18.1
400900050,CHA,6601,31.0,11.3,7.4
400900050,CHA,6641,3.0,1.0,0.0
400900050,CHA,2579258,25.0,3.6,2.4
400900050,CHA,2579294,24.0,7.7,6.0
400900050,CHA,2595231,3.0,-0.7,-0.7
400900050,POR,4239,20.0,7.1,4.8
400900050,POR,4248,30.0,7.8,3.0
400900050,POR,6591,27.0,6.3,4.7
400900050,POR,6605,18.0,2.2,0.6
400900050,POR,6606,35.0,16.6,13.1
400900050,POR,2488653,30.0,10.2,6.8
400900050,POR,2490149,32.0,9.0,4.9
400900050,POR,2530780,4.0,-1.4,-1.7
400900050,POR,2531210,18.0,1.1,0.9
400900050,POR,2578239,4.0,1.0,0.7
400900050,POR,2982268,4.0,1.4,0.7
400900050,POR,3078284,18.0,3.7,2.0
400900051,BOS,2761,5.0,-1.8,-1.4
400900051,BOS,2769,18.0,12.5,9.9
400900051,BOS,3213,34.0,7.6,4.4
400900051,BOS,3998,16.0,4.0,2.7
400900051,BOS,6472,37.0,28.4,27.1
400900051,BOS,6581,37.0,15.3,15.0
400900051,BOS,2489663,13.0,1.6,1.7
400900051,BOS,2990992,32.0,8.4,5.1
400900051,BOS,3064520,6.0,3.7,1.3
400900051,BOS,3074752,24.0,1.3,1.2
400900051,BOS,3917376,19.0,10.1,9.3
400900051,NYK,1975,33.0,7.8,7.0
400900051,NYK,3445,38.0,13.0,11.3
400900051,NYK,3456,33.0,24.7,20.7
400900051,NYK,3997,27.0,11.3,10.1
400900051,NYK,6615,10.0,1.7,1.7
400900051,NYK,2284101,19.0,8.0,7.0
400900051,NYK,2566748,20.0,6.4,5.8
400900051,NYK,2580349,11.0,-3.7,-2.0
400900051,NYK,2999409,20.0,14.9,13.6
400900051,NYK,3138120,29.0,13.6,12.8
400900052,NOP,3974,27.0,11.0,10.5
400900052,NOP,3983,20.0,18.3,14.5
400900052,NOP,3995,26.0,16.4,9.5
400900052,NOP,6460,26.0,7.3,7.1
400900052,NOP,6464,3.0,1.9,1.6
400900052,NOP,6583,29.0,18.1,14.5
400900052,NOP,6597,18.0,8.9,6.1
400900052,NOP,2488945,3.0,-1.0,-1.0
400900052,NOP,2488958,32.0,4.0,1.3
400900052,NOP,2530572,31.0,16.6,16.8
400900052,NOP,2990984,24.0,5.0,4.6
400900052,ORL,3209,23.0,9.6,7.0
400900052,ORL,3277,19.0,4.2,4.4
400900052,ORL,3415,34.0,-0.6,-0.8
400900052,ORL,3439,25.0,13.4,8.1
400900052,ORL,4003,16.0,2.0,-0.4
400900052,ORL,6427,19.0,3.0,2.0
400900052,ORL,6478,26.0,8.4,6.8
400900052,ORL,2309097,6.0,-1.1,-0.7
400900052,ORL,2583639,24.0,8.9,8.1
400900052,ORL,2995706,18.0,5.9,5.1
400900052,ORL,3064290,31.0,11.7,9.0
400900053,HOU,1713,10.0,6.3,4.7
400900053,HOU,2426,39.0,4.4,2.7
400900053,HOU,3191,18.0,2.6,-0.4
400900053,HOU,3431,32.0,14.4,14.3
400900053,HOU,3472,2.0,-0.4,-0.7
400900053,HOU,3964,34.0,14.6,8.9
400900053,HOU,3992,37.0,32.1,29.7
400900053,HOU,2566741,2.0,1.3,1.7
400900053,HOU,2991055,27.0,15.5,11.6
400900053,HOU,2991184,25.0,1.5,0.9
400900053,HOU,3059281,2.0,-0.7,-0.7
400900053,HOU,3102529,11.0,5.6,4.0
400900053,MIL,841,11.0,-1.4,-1.4
400900053,MIL,3418,24.0,11.6,9.1
400900053,MIL,4260,18.0,-0.7,-1.6
400900053,MIL,4385,8.0,-2.2,-2.8
400900053,MIL,6592,19.0,4.1,2.4
400900053,MIL,6616,3.0,-0.4,-0.7
400900053,MIL,2489716,17.0,1.6,1.0
400900053,MIL,2528353,32.0,8.9,6.1
400900053,MIL,2566769,35.0,8.1,6.6
400900053,MIL,3032977,37.0,28.6,23.7
400900053,MIL,3056600,31.0,7.6,6.5
400900053,MIL,3137733,3.0,1.3,0.3
400900053,MIL,4017843,3.0,2.6,2.0
400900054,ATL,1708,21.0,2.2,1.4
400900054,ATL,2384,21.0,5.7,3.8
400900054,ATL,2433,20.0,10.2,11.5
400900054,ATL,3015,27.0,14.3,13.6
400900054,ATL,3028,12.0,-2.6,-2.1
400900054,ATL,4300,13.0,1.8,1.9
400900054,ATL,6622,14.0,-2.5,-3.1
400900054,ATL,6637,21.0,3.8,2.9
400900054,ATL,2282205,14.0,1.7,1.2
400900054,ATL,2528210,19.0,6.3,6.0
400900054,ATL,2990962,20.0,6.8,7.0
400900054,ATL,3032979,27.0,8.3,9.5
400900054,ATL,3062667,12.0,4.8,4.6
400900054,DET,4305,18.0,4.4,5.5
400900054,DET,4376,2.0,1.2,1.0
400900054,DET,6440,27.0,12.5,12.0
400900054,DET,6443,32.0,17.3,17.2
400900054,DET,6462,36.0,13.6,12.1
400900054,DET,6585,23.0,11.8,8.9
400900054,DET,2528779,36.0,12.9,12.2
400900054,DET,2578259,9.0,0.4,-0.4
400900054,DET,2968439,22.0,10.7,11.7
400900054,DET,3134881,32.0,8.0,5.2
400900054,DET,3906522,2.0,2.0,2.4
400900055,GSW,2016,19.0,4.3,3.6
400900055,GSW,2177,11.0,9.5,8.2
400900055,GSW,2386,25.0,10.5,6.6
400900055,GSW,2393,20.0,4.4,4.4
400900055,GSW,2419,5.0,-0.4,0.0
400900055,GSW,3202,34.0,40.1,35.8
400900055,GSW,3452,6.0,0.1,-0.8
400900055,GSW,3975,34.0,21.1,16.9
400900055,GSW,6475,30.0,10.8,9.0
400900055,GSW,6589,36.0,12.8,7.8
400900055,GSW,2489785,13.0,-3.6,-2.3
400900055,GSW,3137730,4.0,2.7,2.4
400900055,GSW,3155535,4.0,-0.7,-0.7
400900055,OKC,3468,35.0,20.3,15.6
400900055,OKC,3474,4.0,0.6,0.0
400900055,OKC,6447,30.0,15.6,15.0
400900055,OKC,6469,17.0,3.6,3.7
400900055,OKC,2527963,37.0,15.9,11.4
400900055,OKC,2530596,34.0,-1.6,-1.5
400900055,OKC,2991070,29.0,4.0,3.2
400900055,OKC,2995702,14.0,2.6,1.7
400900055,OKC,3064230,25.0,6.6,6.4
400900055,OKC,3155942,15.0,3.9,2.7
400900056,IND,2389,17.0,16.4,17.3
400900056,IND,2751,29.0,0.1,-1.7
400900056,IND,2778,21.0,4.6,4.5
400900056,IND,3192,14.0,2.3,1.7
400900056,IND,3244,24.0,6.4,2.3
400900056,IND,4015,34.0,27.4,24.5
400900056,IND,4251,42.0,16.6,14.8
400900056,IND,4289,6.0,-0.8,-0.7
400900056,IND,2991039,19.0,1.3,0.0
400900056,IND,3133628,34.0,12.1,11.8
400900056,SAC,1765,20.0,5.3,5.1
400900056,SAC,3005,28.0,16.0,14.2
400900056,SAC,3187,31.0,7.5,7.7
400900056,SAC,3276,22.0,3.7,3.4
400900056,SAC,3444,24.0,7.6,5.7
400900056,SAC,3973,37.0,16.3,12.9
400900056,SAC,4023,29.0,6.1,6.8
400900056,SAC,4258,38.0,16.8,11.6
400900056,SAC,2578213,4.0,-1.3,-1.3
400900056,SAC,2991282,6.0,0.3,0.7
400900057,CLE,1006,23.0,2.6,3.1
400900057,CLE,1966,39.0,25.4,21.1
400900057,CLE,2009,20.0,9.3,9.8
400900057,CLE,2011,25.0,4.3,1.2
400900057,CLE,2754,30.0,16.9,15.5
400900057,CLE,6442,33.0,18.2,16.4
400900057,CLE,6453,17.0,3.2,4.0
400900057,CLE,6468,30.0,15.2,15.2
400900057,CLE,6474,20.0,-0.5,-2.9
400900057,CLE,2531797,2.0,0.0,0.0
400900057,CLE,3062892,2.0,1.0,1.0
400900057,PHX,984,30.0,23.4,20.3
400900057,PHX,2166,4.0,-1.4,-1.0
400900057,PHX,3033,29.0,3.0,0.3
400900057,PHX,4238,38.0,18.1,14.1
400900057,PHX,6448,4.0,-1.3,0.3
400900057,PHX,2596107,8.0,4.3,2.7
400900057,PHX,2982334,40.0,16.3,14.1
400900057,PHX,3136193,37.0,16.0,15.4
400900057,PHX,3136194,10.0,-0.8,-1.7
400900057,PHX,3907487,22.0,4.8,4.4
400900057,PHX,4011991,18.0,-0.6,-0.4
400900058,DAL,609,29.0,11.9,9.5
400900058,DAL,2382,17.0,-1.5,-0.7
400900058,DAL,2798,32.0,4.8,5.1
400900058,DAL,3055,16.0,7.0,6.7
400900058,DAL,4032,37.0,13.5,11.7
400900058,DAL,6578,34.0,12.3,9.8
400900058,DAL,2326307,32.0,8.3,9.7
400900058,DAL,2531367,10.0,1.4,0.6
400900058,DAL,2578185,11.0,2.8,3.4
400900058,DAL,2968458,19.0,3.2,1.4
400900058,DAL,2982340,4.0,0.0,0.0
400900058,MIA,3423,38.0,26.1,26.1
400900058,MIA,3981,19.0,-1.2,-2.1
400900058,MIA,3999,32.0,2.3,0.6
400900058,MIA,4250,17.0,1.4,1.3
400900058,MIA,4262,29.0,8.4,6.1
400900058,MIA,6628,32.0,4.4,4.3
400900058,MIA,2326015,13.0,8.7,6.4
400900058,MIA,2488826,24.0,3.8,3.4
400900058,MIA,2528473,9.0,-1.8,-1.7
400900058,MIA,2530276,28.0,17.5,16.3
400900059,NYK,1975,35.0,23.5,20.6
400900059,NYK,3445,29.0,4.4,3.0
400900059,NYK,3456,32.0,14.3,13.4
400900059,NYK,3997,24.0,1.0,1.1
400900059,NYK,6615,21.0,17.6,13.7
400900059,NYK,2284101,21.0,11.3,9.8
400900059,NYK,2566748,11.0,-0.0,0.4
400900059,NYK,2580349,20.0,1.2,-0.7
400900059,NYK,3102531,29.0,12.6,12.2
400900059,NYK,3138120,18.0,2.8,2.9
400900059,WAS,2758,30.0,11.8,9.9
400900059,WAS,3232,23.0,6.8,6.1
400900059,WAS,4237,37.0,28.7,25.0
400900059,WAS,6461,35.0,12.1,9.9
400900059,WAS,6580,38.0,0.6,-0.3
400900059,WAS,6621,14.0,4.3,1.7
400900059,WAS,2579260,7.0,1.3,1.7
400900059,WAS,2594922,30.0,19.8,18.8
400900059,WAS,3133603,25.0,7.0,7.7
400900060,DEN,558,11.0,1.2,1.0
400900060,DEN,2439,27.0,7.9,6.2
400900060,DEN,6433,25.0,2.7,1.3
400900060,DEN,6579,36.0,14.6,13.5
400900060,DEN,3102530,14.0,0.3,-0.3
400900060,DEN,3112335,38.0,30.8,27.8
400900060,DEN,3892818,26.0,6.5,5.0
400900060,DEN,3936299,26.0,6.9,6.2
400900060,DEN,4017839,38.0,5.3,3.6
400900060,SAS,272,20.0,16.0,11.5
400900060,SAS,2772,33.0,16.2,12.0
400900060,SAS,2983,29.0,8.5,9.2
400900060,SAS,3988,22.0,6.0,3.1
400900060,SAS,4004,16.0,-0.2,-0.5
400900060,SAS,6426,15.0,3.8,4.0
400900060,SAS,6450,36.0,29.0,25.2
400900060,SAS,2579466,14.0,3.4,1.2
400900060,SAS,2580913,19.0,7.0,5.4
400900060,SAS,2993874,1.0,0.0,0.0
400900060,SAS,3907497,34.0,19.9,19.5
400900061,LAC,165,25.0,2.6,1.2
400900061,LAC,2745,19.0,10.7,9.6
400900061,LAC,2753,34.0,11.6,9.9
400900061,LAC,3024,31.0,6.0,4.7
400900061,LAC,3442,39.0,27.9,25.1
400900061,LAC,3451,28.0,6.9,6.1
400900061,LAC,3460,18.0,3.1,0.2
400900061,LAC,4247,11.0,1.6,-0.7
400900061,LAC,6617,36.0,10.6,12.0
400900061,MIN,4011,17.0,-0.7,-1.6
400900061,MIN,4267,5.0,-0.5,0.0
400900061,MIN,4269,19.0,-1.2,-0.7
400900061,MIN,2534781,26.0,11.8,12.9
400900061,MIN,2991139,25.0,3.7,3.1
400900061,MIN,2993875,18.0,5.1,4.2
400900061,MIN,3059319,38.0,18.8,18.0
400900061,MIN,3064440,40.0,2.5,0.5
400900061,MIN,3135046,12.0,4.0,4.0
400900061,MIN,3136195,41.0,33.9,32.0
400900062,PHI,2767,29.0,17.5,15.2
400900062,PHI,3025,17.0,1.0,1.3
400900062,PHI,3993,26.0,2.0,0.9
400900062,PHI,2490620,34.0,14.0,12.0
400900062,PHI,2530530,31.0,5.9,6.2
400900062,PHI,2991042,22.0,2.9,2.4
400900062,PHI,2991280,21.0,7.1,3.0
400900062,PHI,3032978,24.0,-1.6,-3.5
400900062,PHI,3059318,22.0,13.7,9.6
400900062,PHI,3893019,14.0,0.5,0.7
400900062,POR,4239,28.0,2.3,1.0
400900062,POR,4248,22.0,6.8,5.4
400900062,POR,4259,15.0,1.9,2.4
400900062,POR,6591,19.0,4.3,1.6
400900062,POR,6606,36.0,15.1,14.0
400900062,POR,2488653,33.0,11.0,6.7
400900062,POR,2490149,35.0,7.0,4.2
400900062,POR,2531210,25.0,4.0,3.7
400900062,POR,3078284,26.0,8.3,7.3
400900063,CHA,2797,21.0,11.4,8.4
400900063,CHA,3190,22.0,4.2,1.6
400900063,CHA,3211,5.0,4.3,3.4
400900063,CHA,3231,21.0,6.2,5.7
400900063,CHA,3416,31.0,7.5,5.7
400900063,CHA,3436,19.0,1.2,1.1
400900063,CHA,6479,29.0,29.2,29.1
400900063,CHA,6601,31.0,9.8,6.1
400900063,CHA,6641,5.0,1.6,1.3
400900063,CHA,2579258,23.0,8.6,9.1
400900063,CHA,2579294,27.0,17.6,12.1
400900063,CHA,2595231,5.0,-1.1,-1.7
400900063,TOR,3012,34.0,15.4,15.3
400900063,TOR,3970,26.0,-0.5,-1.8
400900063,TOR,3978,31.0,12.2,11.3
400900063,TOR,6446,21.0,-3.8,-2.4
400900063,TOR,6477,25.0,9.6,8.2
400900063,TOR,6619,27.0,3.0,0.2
400900063,TOR,6624,17.0,-0.3,-0.4
400900063,TOR,2595516,26.0,-1.3,-2.5
400900063,TOR,2991230,5.0,-0.8,-1.1
400900063,TOR,3134908,9.0,0.1,-0.3
400900063,TOR,3149673,19.0,6.0,3.1
400900064,MIL,841,12.0,1.0,0.3
400900064,MIL,3418,7.0,-0.2,-0.4
400900064,MIL,4260,14.0,6.4,5.9
400900064,MIL,4385,15.0,-1.6,-0.7
400900064,MIL,6592,16.0,7.6,6.5
400900064,MIL,6616,16.0,3.0,2.7
400900064,MIL,2489716,13.0,-4.0,-2.8
400900064,MIL,2528353,24.0,1.9,1.0
400900064,MIL,2566769,35.0,12.9,12.5
400900064,MIL,3032977,36.0,11.3,9.1
400900064,MIL,3056600,38.0,17.8,17.5
400900064,MIL,3137733,10.0,7.3,5.7
400900064,MIL,4017843,5.0,1.7,0.7
400900064,ORL,3209,27.0,16.4,14.8
400900064,ORL,3277,31.0,2.2,2.3
400900064,ORL,3415,28.0,9.3,9.1
400900064,ORL,3439,22.0,10.6,8.1
400900064,ORL,6427,25.0,15.5,9.7
400900064,ORL,6478,23.0,9.2,9.8
400900064,ORL,2309097,2.0,0.7,0.7
400900064,ORL,2583639,37.0,19.3,16.6
400900064,ORL,2995706,13.0,1.1,0.6
400900064,ORL,3064290,32.0,13.6,10.9
400900065,MEM,136,22.0,12.9,10.1
400900065,MEM,1017,24.0,16.0,14.4
400900065,MEM,2367,31.0,10.5,9.8
400900065,MEM,3195,34.0,15.9,12.6
400900065,MEM,3206,33.0,22.0,19.8
400900065,MEM,2327577,33.0,1.3,0.4
400900065,MEM,2489530,8.0,-2.8,-2.4
400900065,MEM,2579321,35.0,7.0,6.7
400900065,MEM,3064511,14.0,3.8,3.0
400900065,MEM,3064517,3.0,-1.8,-1.4
400900065,MEM,3937101,3.0,-0.4,-0.7
400900065,SAC,1765,18.0,3.8,4.3
400900065,SAC,3187,25.0,3.9,1.3
400900065,SAC,3276,26.0,1.8,0.9
400900065,SAC,3444,24.0,7.5,4.7
400900065,SAC,3973,27.0,2.4,2.7
400900065,SAC,4000,23.0,11.1,9.3
400900065,SAC,4023,33.0,13.5,11.4
400900065,SAC,4258,28.0,12.0,10.2
400900065,SAC,2578213,12.0,-0.8,-0.4
400900065,SAC,2991282,12.0,5.8,4.7
400900065,SAC,3934663,6.0,0.9,0.6
400900065,SAC,3936296,6.0,4.6,3.0
400900066,BKN,1781,8.0,11.7,12.2
400900066,BKN,3003,22.0,7.5,7.4
400900066,BKN,3448,24.0,21.3,18.2
400900066,BKN,3593,27.0,19.2,16.4
400900066,BKN,6576,22.0,10.4,9.1
400900066,BKN,6590,24.0,4.9,3.7
400900066,BKN,2528794,13.0,8.4,7.8
400900066,BKN,2580782,28.0,7.4,8.4
400900066,BKN,2991043,25.0,18.8,17.1
400900066,BKN,3064291,18.0,10.1,7.4
400900066,BKN,3136477,29.0,4.4,2.3
400900066,NOP,3974,30.0,13.6,12.9
400900066,NOP,3983,13.0,3.6,2.1
400900066,NOP,3995,28.0,8.9,8.1
400900066,NOP,6460,17.0,1.8,1.3
400900066,NOP,6464,12.0,4.2,3.3
400900066,NOP,6583,27.0,18.8,15.9
400900066,NOP,6597,22.0,10.0,6.9
400900066,NOP,2488945,12.0,3.9,4.7
400900066,NOP,2488958,23.0,6.4,6.1
400900066,NOP,2530572,24.0,3.7,2.9
400900066,NOP,2990984,22.0,8.2,8.4
400900066,NOP,3919335,10.0,3.2,1.0
400900067,GSW,2016,20.0,11.2,8.7
400900067,GSW,2386,27.0,7.4,4.4
400900067,GSW,2393,18.0,1.6,0.7
400900067,GSW,3202,34.0,30.8,27.0
400900067,GSW,3975,33.0,18.6,17.7
400900067,GSW,6475,34.0,5.1,4.2
400900067,GSW,6589,33.0,17.4,13.7
400900067,GSW,2489785,13.0,-1.9,-1.7
400900067,GSW,2594818,12.0,5.4,4.8
400900067,GSW,3137730,3.0,7.1,7.1
400900067,GSW,3155535,11.0,5.0,5.5
400900067,HOU,2426,34.0,5.5,5.0
400900067,HOU,3191,19.0,2.9,2.0
400900067,HOU,3412,9.0,-0.1,-0.7
400900067,HOU,3431,33.0,0.6,-1.9
400900067,HOU,3472,3.0,5.4,5.4
400900067,HOU,3964,24.0,9.7,9.3
400900067,HOU,3992,35.0,12.6,11.0
400900067,HOU,2566741,3.0,0.7,0.7
400900067,HOU,2991055,27.0,5.8,5.1
400900067,HOU,2991184,28.0,14.6,13.4
400900067,HOU,3059281,3.0,4.1,3.1
400900067,HOU,3102529,21.0,20.0,17.7
400900068,ATL,1708,15.0,4.6,4.0
400900068,ATL,2384,25.0,5.3,3.0
400900068,ATL,2433,20.0,9.4,7.5
400900068,ATL,3015,24.0,16.0,11.9
400900068,ATL,3028,26.0,12.7,9.5
400900068,ATL,4300,6.0,-2.1,-2.1
400900068,ATL,6622,21.0,4.3,3.1
400900068,ATL,6637,19.0,0.9,0.1
400900068,ATL,2282205,18.0,6.2,4.3
400900068,ATL,2528210,21.0,7.6,3.7
400900068,ATL,2990962,9.0,-5.4,-3.8
400900068,ATL,3032979,27.0,20.7,19.5
400900068,ATL,3062667,10.0,2.0,2.0
400900068,CHI,1987,20.0,-0.5,-1.4
400900068,CHI,3026,18.0,2.3,-0.6
400900068,CHI,3447,25.0,12.0,8.5
400900068,CHI,3986,18.0,4.4,4.8
400900068,CHI,6430,29.0,14.9,13.9
400900068,CHI,6459,17.0,0.8,1.9
400900068,CHI,2528588,16.0,-0.5,-2.0
400900068,CHI,2531047,11.0,7.4,6.4
400900068,CHI,2596108,19.0,1.1,-0.7
400900068,CHI,2999549,24.0,6.7,1.6
400900068,CHI,3064482,17.0,9.2,7.8
400900068,CHI,3113587,11.0,0.3,0.0
400900068,CHI,3893023,15.0,5.8,6.3
400900069,DAL,609,25.0,-3.1,-4.3
400900069,DAL,2382,18.0,6.9,8.1
400900069,DAL,2798,35.0,11.2,11.1
400900069,DAL,3055,23.0,8.3,7.2
400900069,DAL,4032,39.0,7.9,6.4
400900069,DAL,6578,40.0,11.1,9.2
400900069,DAL,2326307,30.0,10.2,10.0
400900069,DAL,2531367,27.0,10.7,12.4
400900069,DAL,2578185,14.0,7.0,6.1
400900069,DAL,2968458,12.0,1.2,0.0
400900069,DAL,2982340,2.0,1.7,1.7
400900069,UTA,1007,31.0,12.4,11.2
400900069,UTA,2167,17.0,3.6,3.8
400900069,UTA,3438,31.0,2.5,4.6
400900069,UTA,4249,38.0,16.6,14.6
400900069,UTA,4257,26.0,0.6,0.6
400900069,UTA,6429,12.0,4.7,4.5
400900069,UTA,2968361,14.0,0.1,-0.3
400900069,UTA,2968436,38.0,11.6,8.1
400900069,UTA,3032976,41.0,30.8,25.1
400900069,UTA,3136196,16.0,2.7,0.9
400900070,IND,2389,17.0,16.8,13.7
400900070,IND,2751,24.0,4.6,3.4
400900070,IND,2778,14.0,3.1,2.9
400900070,IND,3192,13.0,1.5,0.2
400900070,IND,3244,33.0,14.9,7.4
400900070,IND,4015,33.0,7.4,5.5
400900070,IND,4251,36.0,16.0,11.8
400900070,IND,4289,11.0,-1.2,-0.7
400900070,IND,6424,2.0,1.0,0.7
400900070,IND,2990969,2.0,2.3,0.3
400900070,IND,2991039,22.0,1.5,1.6
400900070,IND,3133628,33.0,9.4,5.4
400900070,LAL,25,1.0,-1.0,-1.0
400900070,LAL,2799,30.0,20.1,18.0
400900070,LAL,2806,19.0,8.0,8.2
400900070,LAL,3243,26.0,8.7,8.3
400900070,LAL,4298,25.0,7.3,2.9
400900070,LAL,6618,2.0,0.6,0.7
400900070,LAL,2528393,28.0,13.6,10.3
400900070,LAL,2528426,33.0,7.6,1.4
400900070,LAL,2968363,1.0,0.0,0.0
400900070,LAL,3064514,35.0,11.7,10.8
400900070,LAL,3136776,1.0,-1.0,-1.0
400900070,LAL,3913176,33.0,10.5,7.4
400900070,LAL,4017837,6.0,2.9,3.4
400900071,BOS,2769,29.0,5.3,3.5
400900071,BOS,3213,38.0,13.4,13.4
400900071,BOS,6472,44.0,25.3,25.1
400900071,BOS,6581,40.0,11.0,10.0
400900071,BOS,2489663,25.0,7.1,6.9
400900071,BOS,2990992,41.0,11.4,10.1
400900071,BOS,3064520,13.0,2.3,2.4
400900071,BOS,3074752,22.0,8.7,9.4
400900071,BOS,3917376,13.0,1.6,-0.4
400900071,POR,4239,40.0,9.7,8.1
400900071,POR,4248,37.0,9.6,7.3
400900071,POR,6591,13.0,-0.7,-0.7
400900071,POR,6605,25.0,13.3,12.2
400900071,POR,6606,37.0,18.6,18.8
400900071,POR,2488653,28.0,11.7,9.9
400900071,POR,2490149,46.0,28.4,25.6
400900071,POR,2531210,24.0,4.5,2.3
400900071,POR,3078284,17.0,6.0,4.8
400900072,DET,4305,16.0,7.0,5.4
400900072,DET,4376,5.0,1.0,0.7
400900072,DET,6440,40.0,12.8,10.8
400900072,DET,6443,32.0,9.4,9.1
400900072,DET,6452,25.0,11.7,8.2
400900072,DET,6462,38.0,22.1,20.8
400900072,DET,6585,18.0,3.4,-0.4
400900072,DET,2528779,35.0,4.2,4.3
400900072,DET,2968439,16.0,5.7,7.1
400900072,DET,3134881,16.0,8.0,7.5
400900072,WAS,2758,25.0,12.7,10.1
400900072,WAS,3232,19.0,13.6,12.8
400900072,WAS,4237,39.0,16.8,14.5
400900072,WAS,6461,38.0,12.9,10.7
400900072,WAS,6580,38.0,13.6,10.1
400900072,WAS,6621,6.0,-1.4,-1.0
400900072,WAS,2579260,9.0,4.9,5.8
400900072,WAS,2594885,5.0,-0.1,-0.7
400900072,WAS,2594922,34.0,7.9,4.9
400900072,WAS,3133603,27.0,9.9,8.1
400900073,BKN,3003,24.0,7.5,7.7
400900073,BKN,3448,31.0,15.8,14.1
400900073,BKN,3593,28.0,10.2,9.3
400900073,BKN,4270,27.0,7.9,4.5
400900073,BKN,6576,17.0,14.9,11.8
400900073,BKN,2488689,27.0,9.1,6.7
400900073,BKN,2580782,23.0,-0.7,-0.7
400900073,BKN,2991043,18.0,10.7,8.4
400900073,BKN,3064291,21.0,4.1,2.6
400900073,BKN,3136477,23.0,4.8,4.8
400900073,CHA,2797,26.0,4.6,3.3
400900073,CHA,3190,22.0,11.6,12.5
400900073,CHA,3231,19.0,13.6,13.0
400900073,CHA,3416,35.0,15.3,9.4
400900073,CHA,3436,14.0,0.6,1.0
400900073,CHA,6479,33.0,7.1,6.3
400900073,CHA,6601,35.0,17.2,14.6
400900073,CHA,2579258,31.0,14.2,11.2
400900073,CHA,2579294,25.0,9.2,7.5
400900074,ATL,1708,18.0,2.9,2.0
400900074,ATL,2384,32.0,14.2,12.1
400900074,ATL,2433,16.0,6.9,5.3
400900074,ATL,3015,36.0,18.1,13.7
400900074,ATL,3028,32.0,7.1,6.0
400900074,ATL,6622,6.0,-1.5,-1.4
400900074,ATL,6637,24.0,10.2,9.8
400900074,ATL,2282205,19.0,8.2,8.4
400900074,ATL,2528210,27.0,8.1,5.8
400900074,ATL,3032979,31.0,12.7,10.1
400900074,PHI,2767,30.0,16.7,16.5
400900074,PHI,3993,19.0,5.8,5.6
400900074,PHI,2490620,31.0,12.7,9.4
400900074,PHI,2530530,37.0,12.0,8.7
400900074,PHI,2580898,3.0,1.7,1.7
400900074,PHI,2991042,35.0,3.7,1.6
400900074,PHI,2991280,13.0,3.2,3.8
400900074,PHI,2993370,5.0,-1.0,-1.0
400900074,PHI,3032978,15.0,-2.0,-4.9
400900074,PHI,3135048,30.0,9.2,6.1
400900074,PHI,3893019,21.0,4.4,4.7
400900075,NYK,1975,41.0,25.8,23.8
400900075,NYK,3224,20.0,3.1,1.2
400900075,NYK,3445,37.0,12.3,12.2
400900075,NYK,3456,36.0,17.4,18.2
400900075,NYK,3997,12.0,-1.2,-1.1
400900075,NYK,6615,5.0,-0.2,-0.7
400900075,NYK,2284101,5.0,3.7,3.4
400900075,NYK,2580349,19.0,2.5,-0.4
400900075,NYK,2999409,14.0,5.3,3.7
400900075,NYK,3102531,33.0,8.3,7.8
400900075,NYK,3138120,18.0,2.8,2.3
400900075,PHX,984,32.0,13.7,9.1
400900075,PHX,3033,36.0,11.9,9.1
400900075,PHX,4238,39.0,23.1,21.2
400900075,PHX,6448,20.0,7.1,5.7
400900075,PHX,2596107,10.0,2.5,0.9
400900075,PHX,2982334,29.0,2.1,3.4
400900075,PHX,3136193,37.0,12.5,12.4
400900075,PHX,3136194,5.0,-1.4,-1.7
400900075,PHX,3907487,22.0,14.2,10.7
400900075,PHX,4011991,10.0,-3.7,-2.4
400900076,MIA,3423,33.0,20.4,19.9
400900076,MIA,3981,35.0,11.1,9.0
400900076,MIA,3999,34.0,2.3,2.7
400900076,MIA,4250,18.0,5.0,3.7
400900076,MIA,4262,30.0,17.9,12.8
400900076,MIA,6628,33.0,24.2,22.7
400900076,MIA,2326015,18.0,1.4,0.7
400900076,MIA,2488826,18.0,3.1,4.3
400900076,MIA,2528473,19.0,-1.3,-2.4
400900076,MIL,3418,10.0,2.2,1.6
400900076,MIL,4260,17.0,5.5,5.0
400900076,MIL,6592,22.0,9.0,7.4
400900076,MIL,2489716,36.0,15.1,15.3
400900076,MIL,2528353,25.0,5.5,6.1
400900076,MIL,2566769,30.0,-0.4,-1.2
400900076,MIL,3032977,38.0,18.3,15.3
400900076,MIL,3056600,32.0,10.8,8.0
400900076,MIL,3137733,11.0,-0.5,-0.7
400900076,MIL,4017843,18.0,4.8,4.6
400900077,HOU,1713,16.0,10.9,8.3
400900077,HOU,2426,36.0,1.8,-0.1
400900077,HOU,3191,24.0,7.5,6.1
400900077,HOU,3431,30.0,16.9,15.1
400900077,HOU,3472,1.0,0.0,0.0
400900077,HOU,3964,30.0,4.9,3.0
400900077,HOU,3992,34.0,31.5,26.8
400900077,HOU,2566741,1.0,1.3,0.0
400900077,HOU,2991055,16.0,3.4,3.8
400900077,HOU,2991184,35.0,23.4,21.5
400900077,HOU,3059281,1.0,-1.0,-1.0
400900077,HOU,3102529,16.0,5.5,5.4
400900077,MEM,136,20.0,5.7,6.3
400900077,MEM,1017,24.0,7.2,5.5
400900077,MEM,2367,25.0,1.2,-3.4
400900077,MEM,3195,35.0,9.9,9.4
400900077,MEM,3206,37.0,20.3,17.9
400900077,MEM,6466,22.0,11.1,8.3
400900077,MEM,2327577,30.0,9.7,7.6
400900077,MEM,2579321,28.0,-1.2,-2.1
400900077,MEM,3064511,15.0,3.1,4.3
400900077,MEM,3064517,3.0,0.3,0.0
400900077,MEM,3937101,3.0,0.6,0.0
400900078,CLE,1006,16.0,-1.9,-2.3
400900078,CLE,1966,45.0,21.1,19.3
400900078,CLE,2011,22.0,5.7,5.4
400900078,CLE,2754,17.0,3.4,2.5
400900078,CLE,3449,36.0,5.3,3.5
400900078,CLE,6442,41.0,25.2,23.4
400900078,CLE,6453,12.0,4.2,3.3
400900078,CLE,6468,38.0,10.3,8.1
400900078,CLE,6474,39.0,11.3,9.3
400900078,SAS,272,20.0,3.4,4.7
400900078,SAS,2772,36.0,14.2,12.3
400900078,SAS,2983,42.0,17.2,14.2
400900078,SAS,3988,32.0,3.7,4.7
400900078,SAS,4004,31.0,10.3,9.8
400900078,SAS,6450,46.0,25.8,23.5
400900078,SAS,2579466,8.0,2.0,2.4
400900078,SAS,2580913,10.0,1.8,1.0
400900078,SAS,2993874,18.0,7.5,1.7
400900078,SAS,3907497,22.0,11.9,11.3
400900079,DEN,558,5.0,3.3,2.7
400900079,DEN,2439,29.0,7.0,7.2
400900079,DEN,3194,23.0,15.0,12.9
400900079,DEN,3413,13.0,6.3,4.7
400900079,DEN,3428,32.0,15.6,14.8
400900079,DEN,6433,24.0,13.6,13.2
400900079,DEN,6579,29.0,16.1,14.9
400900079,DEN,3102530,20.0,10.3,9.6
400900079,DEN,3112335,21.0,16.6,15.7
400900079,DEN,3892818,17.0,-1.3,-1.2
400900079,DEN,3907822,3.0,-0.1,-0.7
400900079,DEN,3936299,19.0,-0.1,0.0
400900079,DEN,4017839,5.0,2.3,2.7
400900079,LAC,165,25.0,4.2,3.0
400900079,LAC,2745,18.0,-1.0,-1.4
400900079,LAC,2753,30.0,7.1,6.6
400900079,LAC,3024,26.0,9.9,8.0
400900079,LAC,3442,27.0,15.3,15.1
400900079,LAC,3451,25.0,1.0,1.3
400900079,LAC,3460,28.0,14.5,14.2
400900079,LAC,4247,25.0,1.7,0.3
400900079,LAC,6569,11.0,1.2,1.2
400900079,LAC,6617,26.0,13.7,14.6
400900080,IND,2389,14.0,6.1,4.4
400900080,IND,2751,33.0,10.1,8.4
400900080,IND,2778,28.0,0.6,-0.5
400900080,IND,3192,6.0,0.0,0.0
400900080,IND,3244,38.0,15.2,12.6
400900080,IND,4015,38.0,18.8,15.4
400900080,IND,4251,29.0,11.2,12.4
400900080,IND,4289,1.0,0.3,0.0
400900080,IND,6424,6.0,0.3,0.0
400900080,IND,2990969,1.0,0.0,0.0
400900080,IND,2991039,15.0,-2.1,-3.1
400900080,IND,3133628,33.0,10.4,8.8
400900080,UTA,1007,21.0,-0.2,-1.4
400900080,UTA,2167,19.0,6.4,5.8
400900080,UTA,3438,34.0,25.7,24.8
400900080,UTA,4249,31.0,19.9,19.7
400900080,UTA,4257,24.0,6.8,4.0
400900080,UTA,6429,19.0,10.1,9.8
400900080,UTA,2333797,1.0,0.3,0.0
400900080,UTA,2968361,12.0,-3.1,-5.1
400900080,UTA,2968436,33.0,6.1,2.4
400900080,UTA,3032976,33.0,18.0,15.9
400900080,UTA,3136196,12.0,-0.5,-3.1
400900081,CHI,1987,35.0,29.0,21.3
400900081,CHI,3026,6.0,2.4,1.8
400900081,CHI,3447,29.0,9.5,8.8
400900081,CHI,3986,29.0,3.0,0.5
400900081,CHI,6430,39.0,19.6,18.5
400900081,CHI,6459,22.0,8.1,7.4
400900081,CHI,2528588,21.0,0.2,0.6
400900081,CHI,2596108,20.0,-0.1,-0.7
400900081,CHI,3113587,15.0,4.7,3.1
400900081,CHI,3893023,23.0,8.2,8.4
400900081,SAC,1765,21.0,0.4,0.3
400900081,SAC,3187,35.0,7.5,7.4
400900081,SAC,3276,25.0,0.8,0.9
400900081,SAC,3444,25.0,8.8,6.8
400900081,SAC,3973,25.0,4.2,4.7
400900081,SAC,4000,23.0,6.2,5.4
400900081,SAC,4023,30.0,4.2,2.6
400900081,SAC,4258,35.0,34.3,29.9
400900081,SAC,2991282,13.0,6.3,4.7
400900081,SAC,3934663,8.0,2.2,1.6
400900082,GSW,2016,20.0,13.6,11.5
400900082,GSW,2386,29.0,5.2,2.4
400900082,GSW,3202,29.0,18.8,12.1
400900082,GSW,3452,13.0,12.8,12.9
400900082,GSW,3975,30.0,21.7,21.6
400900082,GSW,6475,34.0,13.5,11.7
400900082,GSW,6589,33.0,5.7,4.1
400900082,GSW,2489785,14.0,3.3,2.7
400900082,GSW,2594818,4.0,0.3,0.0
400900082,GSW,3064559,7.0,-1.2,-1.7
400900082,GSW,3137730,20.0,4.3,4.3
400900082,GSW,3155535,6.0,-0.6,-0.7
400900082,ORL,3209,27.0,5.5,4.9
400900082,ORL,3277,36.0,6.4,5.3
400900082,ORL,3415,5.0,-0.4,-0.7
400900082,ORL,3439,21.0,6.4,5.0
400900082,ORL,6427,24.0,13.6,9.2
400900082,ORL,6478,24.0,13.0,10.2
400900082,ORL,2309097,4.0,0.7,0.7
400900082,ORL,2531362,4.0,2.3,2.4
400900082,ORL,2583639,39.0,19.7,19.1
400900082,ORL,2995706,21.0,0.8,-1.2
400900082,ORL,3064290,34.0,4.1,3.0
400900083,DAL,609,20.0,9.8,7.7
400900083,DAL,2382,12.0,8.6,8.4
400900083,DAL,2798,26.0,15.8,14.7
400900083,DAL,4032,14.0,11.1,9.8
400900083,DAL,6578,27.0,1.5,0.6
400900083,DAL,2326307,27.0,13.5,12.6
400900083,DAL,2531367,19.0,12.5,9.2
400900083,DAL,2578185,34.0,7.5,5.7
400900083,DAL,2578204,18.0,10.0,8.8
400900083,DAL,2968458,15.0,1.4,0.0
400900083,DAL,2982340,16.0,14.2,12.4
400900083,DAL,3929314,12.0,7.0,6.4
400900083,LAL,2429,19.0,7.7,5.7
400900083,LAL,2799,20.0,7.8,7.6
400900083,LAL,2806,18.0,1.6,1.0
400900083,LAL,3243,27.0,5.2,4.6
400900083,LAL,4298,20.0,2.0,1.7
400900083,LAL,6618,6.0,-0.1,0.4
400900083,LAL,2528393,10.0,-2.2,-1.4
400900083,LAL,2528426,25.0,1.8,0.9
400900083,LAL,2580365,10.0,3.0,3.1
400900083,LAL,2968363,8.0,-0.5,-1.1
400900083,LAL,3064514,23.0,8.8,7.2
400900083,LAL,3913176,36.0,-5.7,-5.0
400900083,LAL,4017837,19.0,2.6,1.4
400900084,PHX,984,35.0,14.9,13.3
400900084,PHX,3033,32.0,7.8,6.0
400900084,PHX,4238,42.0,38.2,37.6
400900084,PHX,6448,24.0,8.2,8.7
400900084,PHX,2596107,21.0,3.3,1.4
400900084,PHX,2982334,21.0,1.4,1.3
400900084,PHX,3136193,37.0,12.8,11.6
400900084,PHX,3136194,6.0,0.6,1.0
400900084,PHX,3907487,17.0,-0.7,-2.1
400900084,PHX,4011991,4.0,-0.8,0.0
400900084,TOR,3012,37.0,7.5,6.9
400900084,TOR,3970,32.0,9.1,5.9
400900084,TOR,3978,37.0,15.1,13.6
400900084,TOR,6446,25.0,1.0,0.6
400900084,TOR,6477,31.0,18.5,14.2
400900084,TOR,6619,25.0,4.2,3.6
400900084,TOR,6624,12.0,8.9,6.0
400900084,TOR,2595516,6.0,2.9,3.3
400900084,TOR,3032980,35.0,13.1,11.2
400900085,DEN,2439,28.0,0.7,1.3
400900085,DEN,3194,34.0,11.8,9.7
400900085,DEN,3413,21.0,9.2,7.8
400900085,DEN,3428,35.0,12.6,11.1
400900085,DEN,6433,14.0,0.2,0.0
400900085,DEN,6579,26.0,3.3,1.4
400900085,DEN,2999547,35.0,19.5,18.0
400900085,DEN,3112335,27.0,15.6,13.0
400900085,DEN,3936299,20.0,14.5,13.1
400900085,MIN,4267,6.0,0.3,-0.3
400900085,MIN,4269,19.0,5.8,6.8
400900085,MIN,2534781,17.0,5.2,3.4
400900085,MIN,2991139,34.0,15.0,10.8
400900085,MIN,2993875,33.0,15.8,14.6
400900085,MIN,3059319,39.0,15.3,14.4
400900085,MIN,3064440,33.0,2.5,-0.1
400900085,MIN,3135046,19.0,6.9,6.0
400900085,MIN,3136195,40.0,27.6,23.4
400900086,CHA,2797,29.0,15.3,12.2
400900086,CHA,3190,29.0,14.1,12.6
400900086,CHA,3231,14.0,8.4,7.1
400900086,CHA,3416,38.0,2.0,1.4
400900086,CHA,3436,12.0,3.6,4.1
400900086,CHA,6479,36.0,10.6,9.7
400900086,CHA,6601,27.0,5.3,4.0
400900086,CHA,2579258,35.0,15.4,11.9
400900086,CHA,2579294,20.0,3.1,2.6
400900086,WAS,2758,29.0,9.2,7.2
400900086,WAS,3232,19.0,4.3,2.4
400900086,WAS,4237,38.0,14.5,13.1
400900086,WAS,6461,41.0,16.9,16.5
400900086,WAS,6580,32.0,9.7,9.0
400900086,WAS,2579260,12.0,7.8,7.9
400900086,WAS,2594885,13.0,-1.6,-1.4
400900086,WAS,2594922,35.0,13.7,10.8
400900086,WAS,3133603,23.0,9.5,8.0
400900087,BKN,1781,8.0,-0.1,-0.7
400900087,BKN,3003,30.0,-2.3,-2.4
400900087,BKN,3448,21.0,6.2,5.4
400900087,BKN,3593,23.0,-0.3,-0.4
400900087,BKN,4270,19.0,5.9,4.7
400900087,BKN,6576,11.0,-1.5,-1.7
400900087,BKN,6590,16.0,2.9,1.0
400900087,BKN,2488689,31.0,8.5,6.3
400900087,BKN,2580782,32.0,11.5,9.5
400900087,BKN,3064291,17.0,5.1,4.3
400900087,BKN,3136477,29.0,10.7,12.0
400900087,BKN,3153165,5.0,0.6,1.0
400900087,SAS,2772,25.0,12.6,11.5
400900087,SAS,2983,27.0,15.3,11.2
400900087,SAS,3247,5.0,0.9,0.0
400900087,SAS,3988,33.0,6.9,4.7
400900087,SAS,4004,20.0,15.0,14.4
400900087,SAS,6426,12.0,8.7,10.1
400900087,SAS,2579466,19.0,9.1,8.7
400900087,SAS,2580913,29.0,9.7,7.5
400900087,SAS,2993874,35.0,14.4,11.1
400900087,SAS,2994526,13.0,-0.1,-0.4
400900087,SAS,3907497,22.0,1.1,-0.0
400900088,ATL,1708,17.0,4.6,5.1
400900088,ATL,2384,35.0,18.0,13.9
400900088,ATL,2433,6.0,0.6,0.0
400900088,ATL,3015,38.0,20.1,15.7
400900088,ATL,3028,30.0,7.6,7.4
400900088,ATL,6622,4.0,-2.5,-1.7
400900088,ATL,6637,33.0,15.0,13.6
400900088,ATL,2282205,19.0,5.3,3.7
400900088,ATL,2528210,23.0,1.8,0.6
400900088,ATL,3032979,34.0,15.5,15.5
400900088,LAC,165,27.0,9.8,10.0
400900088,LAC,2745,15.0,6.5,5.7
400900088,LAC,2753,30.0,7.7,8.8
400900088,LAC,3024,35.0,12.3,11.1
400900088,LAC,3442,35.0,14.4,10.4
400900088,LAC,3451,29.0,15.5,10.1
400900088,LAC,3460,10.0,1.1,2.0
400900088,LAC,4247,19.0,11.3,8.5
400900088,LAC,6617,41.0,17.3,16.5
400900089,GSW,2016,27.0,7.6,5.0
400900089,GSW,2393,21.0,4.5,3.2
400900089,GSW,3202,36.0,17.8,15.8
400900089,GSW,3452,14.0,10.2,8.8
400900089,GSW,3975,37.0,14.3,11.7
400900089,GSW,6475,37.0,13.5,10.9
400900089,GSW,6589,39.0,6.1,5.0
400900089,GSW,2489785,12.0,2.0,1.0
400900089,GSW,3137730,18.0,2.0,2.0
400900089,MIA,3423,36.0,11.3,10.1
400900089,MIA,3981,33.0,6.7,2.9
400900089,MIA,3999,27.0,7.6,7.5
400900089,MIA,4250,26.0,10.7,9.4
400900089,MIA,4262,36.0,5.1,1.1
400900089,MIA,6628,33.0,26.5,24.7
400900089,MIA,2326015,11.0,6.8,5.1
400900089,MIA,2488826,28.0,-0.4,-0.9
400900089,MIA,2528473,11.0,4.4,4.4
400900090,DET,4305,13.0,2.3,1.1
400900090,DET,6440,26.0,10.0,10.2
400900090,DET,6443,35.0,14.6,16.0
400900090,DET,6452,28.0,9.7,10.5
400900090,DET,6462,38.0,8.9,8.0
400900090,DET,6585,36.0,11.0,6.6
400900090,DET,2528779,11.0,5.9,4.7
400900090,DET,2581018,37.0,13.4,8.2
400900090,DET,2968439,14.0,1.9,2.1
400900090,DET,3134881,3.0,1.3,1.7
400900090,SAC,1765,25.0,7.3,5.4
400900090,SAC,3187,29.0,2.5,1.9
400900090,SAC,3276,24.0,5.9,5.0
400900090,SAC,3444,12.0,2.4,2.7
400900090,SAC,3973,26.0,11.0,9.2
400900090,SAC,4000,23.0,20.2,19.7
400900090,SAC,4023,34.0,9.5,9.1
400900090,SAC,4258,32.0,15.8,8.9
400900090,SAC,2991282,21.0,12.8,10.5
400900090,SAC,3934663,14.0,4.3,3.3
400900091,HOU,1713,22.0,17.2,12.7
400900091,HOU,2426,40.0,11.8,6.4
400900091,HOU,3191,7.0,-2.1,-1.7
400900091,HOU,3412,29.0,10.5,11.1
400900091,HOU,3431,28.0,1.8,2.0
400900091,HOU,3964,33.0,15.7,15.9
400900091,HOU,3992,40.0,22.9,18.0
400900091,HOU,2991055,4.0,-2.5,-1.7
400900091,HOU,2991184,16.0,-0.2,-0.1
400900091,HOU,3102529,22.0,10.8,11.4
400900091,MIL,841,15.0,10.8,7.8
400900091,MIL,4260,27.0,14.6,10.4
400900091,MIL,4385,18.0,-0.2,-1.4
400900091,MIL,6616,20.0,10.7,9.5
400900091,MIL,2489716,31.0,15.0,15.3
400900091,MIL,2528353,24.0,7.8,7.8
400900091,MIL,2566769,30.0,6.9,2.7
400900091,MIL,3032977,36.0,26.1,22.3
400900091,MIL,3056600,39.0,25.9,21.0
400900092,CLE,1006,22.0,-1.3,0.5
400900092,CLE,1966,44.0,22.7,19.1
400900092,CLE,2011,26.0,4.2,3.0
400900092,CLE,2754,5.0,1.2,1.3
400900092,CLE,3449,38.0,21.9,19.3
400900092,CLE,6442,42.0,39.9,38.2
400900092,CLE,6453,8.0,-0.8,-1.7
400900092,CLE,6468,28.0,7.2,6.0
400900092,CLE,6474,28.0,1.3,0.3
400900092,NOP,3974,31.0,8.3,7.3
400900092,NOP,3983,12.0,6.2,6.4
400900092,NOP,3995,39.0,32.7,28.5
400900092,NOP,6460,24.0,3.0,1.2
400900092,NOP,6464,24.0,10.8,9.0
400900092,NOP,6597,36.0,35.3,29.2
400900092,NOP,2488958,28.0,2.1,1.3
400900092,NOP,2530572,29.0,10.0,9.0
400900092,NOP,2990984,18.0,1.2,0.3
400900093,IND,2389,19.0,9.2,8.7
400900093,IND,2751,24.0,3.2,2.3
400900093,IND,2778,34.0,4.5,3.2
400900093,IND,3244,31.0,6.4,4.4
400900093,IND,4015,36.0,2.6,3.0
400900093,IND,4251,39.0,20.6,18.0
400900093,IND,4289,5.0,1.3,1.0
400900093,IND,2528386,6.0,-0.1,-0.1
400900093,IND,2991039,18.0,6.2,4.8
400900093,IND,3133628,28.0,19.4,17.2
400900093,NYK,1975,34.0,15.7,15.4
400900093,NYK,3224,12.0,3.0,2.3
400900093,NYK,3445,25.0,12.8,11.7
400900093,NYK,3456,40.0,12.3,11.8
400900093,NYK,3997,29.0,8.9,8.5
400900093,NYK,6615,8.0,4.5,3.0
400900093,NYK,2284101,32.0,13.6,9.0
400900093,NYK,2999409,24.0,17.6,13.2
400900093,NYK,3102531,25.0,-1.0,-1.5
400900093,NYK,3138120,11.0,-0.1,-1.7
400900094,OKC,3468,36.0,28.7,22.2
400900094,OKC,6447,29.0,10.8,11.1
400900094,OKC,2527963,30.0,15.4,14.5
400900094,OKC,2530596,31.0,9.3,7.5
400900094,OKC,2959753,11.0,-1.1,-1.0
400900094,OKC,2991070,19.0,1.9,1.0
400900094,OKC,2991235,37.0,6.9,4.0
400900094,OKC,2995702,13.0,0.5,0.6
400900094,OKC,3064230,14.0,1.1,1.6
400900094,OKC,3155942,18.0,-3.0,-3.1
400900094,UTA,1007,16.0,2.9,2.3
400900094,UTA,2167,16.0,8.8,7.6
400900094,UTA,3438,32.0,3.6,2.5
400900094,UTA,4249,36.0,10.6,8.2
400900094,UTA,4257,27.0,7.0,4.4
400900094,UTA,6429,25.0,10.8,10.7
400900094,UTA,2968436,22.0,5.9,3.1
400900094,UTA,3032976,36.0,11.2,7.5
400900094,UTA,3102528,14.0,7.3,6.4
400900094,UTA,3136196,17.0,4.0,1.5
400900095,SAS,272,22.0,0.4,-0.6
400900095,SAS,2772,21.0,8.1,7.4
400900095,SAS,2983,32.0,14.7,13.2
400900095,SAS,3988,35.0,2.7,-2.5
400900095,SAS,4004,30.0,13.6,11.4
400900095,SAS,6426,15.0,11.8,10.8
400900095,SAS,2580913,19.0,7.2,7.1
400900095,SAS,2993874,32.0,9.6,7.8
400900095,SAS,2994526,12.0,5.9,6.4
400900095,SAS,3907497,23.0,5.7,5.7
400900095,TOR,3012,42.0,13.5,13.5
400900095,TOR,3970,15.0,0.4,-0.8
400900095,TOR,4264,21.0,11.6,10.5
400900095,TOR,6446,26.0,10.3,8.2
400900095,TOR,6477,29.0,7.4,4.0
400900095,TOR,6619,30.0,12.8,12.6
400900095,TOR,6624,12.0,-2.0,-2.1
400900095,TOR,2595516,39.0,13.1,9.4
400900095,TOR,3032980,26.0,9.8,6.5
400900096,LAC,165,33.0,20.5,19.2
400900096,LAC,2745,12.0,6.3,6.0
400900096,LAC,2753,17.0,2.5,2.4
400900096,LAC,3024,35.0,11.3,12.2
400900096,LAC,3442,31.0,12.5,9.5
400900096,LAC,3451,18.0,0.2,-0.7
400900096,LAC,3460,13.0,3.5,4.0
400900096,LAC,3989,29.0,5.7,2.8
400900096,LAC,4247,12.0,2.4,2.4
400900096,LAC,6617,39.0,11.6,12.3
400900096,PHI,2767,22.0,7.5,7.0
400900096,PHI,3025,20.0,7.0,6.1
400900096,PHI,3993,22.0,7.0,8.7
400900096,PHI,2490620,37.0,12.7,9.1
400900096,PHI,2530530,28.0,10.3,10.3
400900096,PHI,2991042,24.0,6.6,6.1
400900096,PHI,2991280,29.0,23.0,18.4
400900096,PHI,2993370,19.0,13.9,13.5
400900096,PHI,3032978,26.0,15.3,12.3
400900096,PHI,3893019,13.0,7.7,7.8
400900097,BOS,2769,4.0,-1.8,-1.4
400900097,BOS,3213,33.0,19.1,19.0
400900097,BOS,3998,18.0,8.6,7.5
400900097,BOS,6472,35.0,21.3,20.2
400900097,BOS,6581,34.0,15.6,14.6
400900097,BOS,2489663,22.0,1.8,1.3
400900097,BOS,2990992,33.0,8.5,4.5
400900097,BOS,3064509,13.0,2.2,2.3
400900097,BOS,3064520,6.0,-0.7,-1.0
400900097,BOS,3074752,18.0,5.3,2.3
400900097,BOS,3917376,24.0,4.4,3.7
400900097,WAS,2758,33.0,15.0,12.6
400900097,WAS,3232,14.0,2.0,3.0
400900097,WAS,4237,38.0,22.9,17.9
400900097,WAS,6461,34.0,16.7,13.4
400900097,WAS,6580,35.0,23.1,21.7
400900097,WAS,6621,14.0,2.7,2.4
400900097,WAS,2579260,10.0,5.8,5.5
400900097,WAS,2594885,1.0,0.0,0.0
400900097,WAS,2594922,31.0,4.8,4.0
400900097,WAS,2991050,1.0,2.4,2.4
400900097,WAS,3133603,30.0,5.2,4.6
400900098,CHI,1987,34.0,17.0,9.0
400900098,CHI,3026,15.0,4.3,3.8
400900098,CHI,3447,27.0,6.2,5.8
400900098,CHI,3986,29.0,3.4,2.1
400900098,CHI,6430,39.0,22.6,16.8
400900098,CHI,6459,19.0,0.7,-1.1
400900098,CHI,2528588,17.0,10.0,9.4
400900098,CHI,2531047,20.0,1.3,1.2
400900098,CHI,3113587,21.0,11.6,9.3
400900098,CHI,3893023,20.0,0.8,0.6
400900098,ORL,3209,34.0,7.5,5.9
400900098,ORL,3277,23.0,7.3,7.5
400900098,ORL,3439,35.0,14.3,9.0
400900098,ORL,6427,16.0,0.1,-0.7
400900098,ORL,6478,33.0,14.8,11.4
400900098,ORL,2309097,13.0,4.2,4.7
400900098,ORL,2583639,38.0,-2.0,-2.4
400900098,ORL,2995706,13.0,3.5,1.7
400900098,ORL,3064290,36.0,8.8,9.4
400900099,DEN,2439,31.0,18.2,18.7
400900099,DEN,3194,20.0,2.3,0.7
400900099,DEN,3413,22.0,17.2,15.2
400900099,DEN,3428,31.0,6.8,4.6
400900099,DEN,6433,28.0,9.0,7.9
400900099,DEN,6579,22.0,2.0,1.2
400900099,DEN,2999547,27.0,4.1,3.9
400900099,DEN,3102530,8.0,-0.2,-1.8
400900099,DEN,3112335,35.0,22.5,16.3
400900099,DEN,3936299,17.0,5.2,4.4
400900099,UTA,1007,18.0,-0.0,-1.4
400900099,UTA,2167,24.0,12.0,12.5
400900099,UTA,3438,35.0,10.4,9.3
400900099,UTA,4249,35.0,3.7,2.6
400900099,UTA,4257,25.0,17.8,16.3
400900099,UTA,6429,22.0,9.8,7.3
400900099,UTA,6454,12.0,-1.2,-1.4
400900099,UTA,2968361,4.0,-0.7,-0.7
400900099,UTA,2968436,20.0,2.0,1.3
400900099,UTA,3032976,25.0,5.9,5.0
400900099,UTA,3136196,21.0,3.0,2.6
400900100,MIN,4011,34.0,17.4,17.0
400900100,MIN,4267,8.0,4.2,4.1
400900100,MIN,4269,13.0,-2.6,-2.1
400900100,MIN,2534781,34.0,16.7,13.7
400900100,MIN,2991139,14.0,-6.0,-6.1
400900100,MIN,2993875,27.0,13.3,12.4
400900100,MIN,3059319,39.0,23.9,21.1
400900100,MIN,3064440,34.0,8.2,6.7
400900100,MIN,3136195,39.0,14.1,10.4
400900100,PHX,984,35.0,27.0,23.8
400900100,PHX,2166,4.0,-0.8,-0.7
400900100,PHX,3033,34.0,16.2,9.7
400900100,PHX,4238,29.0,7.0,7.3
400900100,PHX,6448,22.0,7.8,7.0
400900100,PHX,2596107,24.0,10.7,9.6
400900100,PHX,2982334,30.0,0.6,0.9
400900100,PHX,3136193,43.0,11.7,12.3
400900100,PHX,3136194,6.0,0.2,0.3
400900100,PHX,3907487,12.0,2.0,2.3
400900101,CLE,1966,45.0,25.2,21.0
400900101,CLE,2009,14.0,0.7,0.1
400900101,CLE,2011,34.0,9.0,9.1
400900101,CLE,2754,19.0,3.9,3.0
400900101,CLE,3449,39.0,17.1,13.7
400900101,CLE,6442,42.0,13.6,11.1
400900101,CLE,6453,1.0,-0.7,-0.7
400900101,CLE,6468,28.0,15.6,13.5
400900101,CLE,6474,32.0,6.1,5.9
400900101,CLE,3062892,11.0,-0.3,-1.5
400900101,SAC,1765,16.0,5.0,4.4
400900101,SAC,3187,40.0,9.5,10.5
400900101,SAC,3276,20.0,0.1,1.0
400900101,SAC,3444,18.0,5.5,5.1
400900101,SAC,3973,36.0,19.7,17.6
400900101,SAC,4000,17.0,4.3,3.4
400900101,SAC,4023,38.0,12.7,8.7
400900101,SAC,4258,39.0,21.1,15.9
400900101,SAC,2991282,26.0,8.7,5.7
400900101,SAC,3934663,14.0,10.6,10.2
400900102,BOS,2761,16.0,3.7,3.7
400900102,BOS,2769,10.0,4.4,4.1
400900102,BOS,3213,34.0,22.9,18.4
400900102,BOS,3998,23.0,7.8,7.9
400900102,BOS,6472,38.0,31.7,30.5
400900102,BOS,6581,36.0,18.6,16.1
400900102,BOS,2489663,17.0,1.8,2.4
400900102,BOS,2990992,31.0,9.7,6.9
400900102,BOS,3064509,3.0,-0.7,-0.7
400900102,BOS,3074752,19.0,4.5,2.3
400900102,BOS,3917376,13.0,-4.1,-3.4
400900102,HOU,2426,37.0,5.9,4.3
400900102,HOU,3191,24.0,4.5,3.7
400900102,HOU,3412,36.0,16.2,15.8
400900102,HOU,3964,32.0,4.1,3.5
400900102,HOU,3992,37.0,22.3,20.0
400900102,HOU,2991055,25.0,12.1,10.5
400900102,HOU,2991184,29.0,10.1,8.0
400900102,HOU,3102529,20.0,8.2,6.1
400900103,BKN,3003,28.0,1.5,1.4
400900103,BKN,3448,33.0,21.0,21.4
400900103,BKN,3593,26.0,12.4,9.7
400900103,BKN,4270,24.0,7.2,5.7
400900103,BKN,6576,6.0,4.3,4.7
400900103,BKN,6590,9.0,-4.0,-2.0
400900103,BKN,2488689,15.0,5.3,5.0
400900103,BKN,2580782,33.0,7.7,7.4
400900103,BKN,2991043,26.0,9.3,9.4
400900103,BKN,3064291,24.0,7.5,5.4
400900103,BKN,3136477,15.0,-3.1,-3.5
400900103,MIA,3423,39.0,16.6,13.2
400900103,MIA,3981,36.0,16.6,16.1
400900103,MIA,3999,19.0,2.8,1.6
400900103,MIA,4250,14.0,-1.7,-1.4
400900103,MIA,4262,21.0,0.7,0.5
400900103,MIA,6480,1.0,0.0,0.0
400900103,MIA,6628,36.0,18.5,18.2
400900103,MIA,2326015,24.0,14.1,12.7
400900103,MIA,2488826,23.0,5.8,5.4
400900103,MIA,2528473,27.0,12.4,8.1
400900104,ATL,1708,7.0,0.6,1.0
400900104,ATL,2384,34.0,17.5,12.8
400900104,ATL,2433,14.0,1.3,-0.4
400900104,ATL,3015,36.0,11.9,11.4
400900104,ATL,3028,33.0,15.7,14.1
400900104,ATL,6637,33.0,17.0,13.6
400900104,ATL,2282205,18.0,2.6,3.1
400900104,ATL,2528210,33.0,12.6,13.2
400900104,ATL,3032979,33.0,19.6,19.6
400900104,CHI,1987,31.0,24.9,22.4
400900104,CHI,3026,10.0,4.7,4.4
400900104,CHI,3447,28.0,1.4,-0.0
400900104,CHI,3986,28.0,4.6,3.6
400900104,CHI,6430,40.0,35.9,32.3
400900104,CHI,6459,18.0,0.5,1.2
400900104,CHI,2528588,23.0,5.2,5.0
400900104,CHI,2531047,19.0,3.5,3.7
400900104,CHI,3113587,20.0,8.0,6.2
400900104,CHI,3893023,23.0,1.1,-0.8
400900105,MIL,841,10.0,-1.8,-0.6
400900105,MIL,4260,30.0,22.8,21.7
400900105,MIL,4385,19.0,4.7,5.6
400900105,MIL,6616,17.0,0.9,-0.7
400900105,MIL,2489716,29.0,6.3,5.1
400900105,MIL,2528353,31.0,7.4,6.3
400900105,MIL,2566769,26.0,11.0,9.5
400900105,MIL,3032977,39.0,18.0,12.2
400900105,MIL,3056600,38.0,12.5,10.7
400900105,MIL,4017843,1.0,-0.4,0.0
400900105,PHI,2767,27.0,12.3,8.9
400900105,PHI,3025,18.0,5.8,6.2
400900105,PHI,3993,24.0,15.5,14.9
400900105,PHI,2490620,35.0,7.1,3.0
400900105,PHI,2530530,30.0,14.3,10.8
400900105,PHI,2991042,26.0,7.1,8.1
400900105,PHI,2991280,28.0,15.9,12.8
400900105,PHI,2993370,20.0,7.1,5.5
400900105,PHI,3032978,21.0,10.9,11.4
400900105,PHI,3893019,11.0,1.6,2.4
400900106,MEM,136,30.0,7.1,6.7
400900106,MEM,1017,38.0,14.1,12.4
400900106,MEM,2367,35.0,11.0,8.4
400900106,MEM,3195,36.0,5.8,4.6
400900106,MEM,3206,38.0,33.2,29.1
400900106,MEM,2579321,37.0,3.7,2.7
400900106,MEM,3064511,19.0,2.8,3.1
400900106,MEM,3937101,7.0,2.5,1.3
400900106,TOR,3012,40.0,27.6,25.7
400900106,TOR,3970,22.0,10.8,8.1
400900106,TOR,4264,27.0,-2.1,-2.6
400900106,TOR,6446,29.0,9.0,9.6
400900106,TOR,6477,26.0,5.5,3.8
400900106,TOR,6619,21.0,1.5,1.2
400900106,TOR,6624,15.0,-3.4,-3.8
400900106,TOR,2595516,33.0,11.6,11.2
400900106,TOR,2991230,4.0,-0.1,-0.7
400900106,TOR,3032980,24.0,8.5,6.8
400900107,NOP,3414,4.0,-1.8,-1.0
400900107,NOP,3974,25.0,8.6,5.4
400900107,NOP,3983,22.0,12.7,11.4
400900107,NOP,3995,32.0,15.2,11.0
400900107,NOP,6460,28.0,19.3,16.9
400900107,NOP,6464,17.0,4.2,5.0
400900107,NOP,6583,16.0,1.8,0.4
400900107,NOP,6597,27.0,5.7,4.2
400900107,NOP,2488958,28.0,14.0,11.9
400900107,NOP,2530572,18.0,-2.7,-2.9
400900107,NOP,2990984,23.0,-0.0,-0.5
400900107,OKC,3468,36.0,16.7,12.9
400900107,OKC,6447,21.0,14.8,12.8
400900107,OKC,2527963,35.0,13.5,9.3
400900107,OKC,2530596,28.0,11.5,7.5
400900107,OKC,2959753,10.0,0.9,0.3
400900107,OKC,2991070,20.0,-0.4,-0.4
400900107,OKC,2991235,32.0,18.7,13.9
400900107,OKC,2995702,18.0,9.6,9.1
400900107,OKC,3064230,12.0,3.3,3.7
400900107,OKC,3155942,28.0,3.9,4.0
400900108,CHA,2797,30.0,11.7,8.0
400900108,CHA,3190,25.0,11.9,11.4
400900108,CHA,3211,29.0,8.6,6.1
400900108,CHA,3231,10.0,-3.8,-3.8
400900108,CHA,3416,38.0,14.4,13.3
400900108,CHA,3436,17.0,3.6,4.1
400900108,CHA,6479,38.0,18.3,16.8
400900108,CHA,6601,35.0,14.9,12.9
400900108,CHA,2579294,18.0,-1.3,-2.8
400900108,GSW,2016,13.0,3.5,2.7
400900108,GSW,2386,30.0,8.6,4.5
400900108,GSW,2393,18.0,-0.3,-0.4
400900108,GSW,3202,37.0,21.2,18.1
400900108,GSW,3452,4.0,2.0,1.7
400900108,GSW,3975,36.0,18.7,17.2
400900108,GSW,6475,32.0,13.7,11.6
400900108,GSW,6589,36.0,16.4,12.7
400900108,GSW,2594818,20.0,10.2,6.8
400900108,GSW,3137730,12.0,3.6,2.7
400900109,DAL,609,25.0,18.5,16.6
400900109,DAL,2382,22.0,3.6,1.8
400900109,DAL,2747,21.0,5.8,2.8
400900109,DAL,2798,16.0,8.9,8.9
400900109,DAL,6578,37.0,18.3,15.1
400900109,DAL,2326307,34.0,12.3,7.9
400900109,DAL,2531367,10.0,3.0,3.1
400900109,DAL,2578185,31.0,7.0,5.7
400900109,DAL,2578204,24.0,1.8,0.9
400900109,DAL,2982340,20.0,9.3,6.9
400900109,NYK,1975,39.0,14.7,13.8
400900109,NYK,3224,19.0,3.1,1.7
400900109,NYK,3445,38.0,19.7,18.6
400900109,NYK,3456,35.0,4.9,5.4
400900109,NYK,3997,21.0,1.3,1.3
400900109,NYK,6615,6.0,0.3,1.1
400900109,NYK,2284101,19.0,-3.1,-3.5
400900109,NYK,2580349,4.0,-1.8,-1.7
400900109,NYK,2999409,24.0,12.7,7.5
400900109,NYK,3102531,23.0,8.5,8.0
400900109,NYK,3138120,12.0,-0.3,-0.3
400900110,LAL,2429,26.0,3.1,-0.1
400900110,LAL,2799,28.0,27.0,23.5
400900110,LAL,2806,15.0,-1.9,-1.7
400900110,LAL,3243,30.0,9.0,9.0
400900110,LAL,4298,14.0,-0.5,-1.0
400900110,LAL,2528393,8.0,3.7,4.1
400900110,LAL,2528426,35.0,17.4,15.8
400900110,LAL,2580365,16.0,5.1,2.4
400900110,LAL,3064514,20.0,2.7,2.3
400900110,LAL,3913176,19.0,-2.2,-3.4
400900110,LAL,4017837,28.0,6.8,3.7
400900110,POR,4239,33.0,8.2,7.0
400900110,POR,4248,28.0,-0.5,-2.3
400900110,POR,6605,14.0,-0.6,-2.1
400900110,POR,6606,35.0,15.4,13.6
400900110,POR,2488653,34.0,18.2,13.0
400900110,POR,2490149,33.0,18.9,19.2
400900110,POR,2531210,28.0,6.6,5.8
400900110,POR,2578239,15.0,5.0,3.0
400900110,POR,3078284,20.0,8.2,7.2
400900111,DAL,2382,20.0,5.0,1.7
400900111,DAL,2747,17.0,1.4,2.4
400900111,DAL,6578,39.0,20.2,19.4
400900111,DAL,2326307,34.0,3.9,3.0
400900111,DAL,2531367,14.0,3.6,2.0
400900111,DAL,2578185,41.0,12.5,7.0
400900111,DAL,2578204,13.0,8.4,8.5
400900111,DAL,2968458,17.0,1.6,2.7
400900111,DAL,2982340,24.0,13.1,12.7
400900111,DAL,3929314,22.0,-1.2,-0.3
400900111,OKC,3468,35.0,32.4,29.1
400900111,OKC,6447,9.0,1.4,0.6
400900111,OKC,6469,7.0,-0.4,-0.7
400900111,OKC,2527963,36.0,13.2,10.1
400900111,OKC,2530596,29.0,1.3,-0.6
400900111,OKC,2959753,7.0,0.3,0.3
400900111,OKC,2991070,22.0,5.5,3.8
400900111,OKC,2991235,37.0,12.8,12.8
400900111,OKC,2995702,16.0,4.0,4.0
400900111,OKC,3064230,13.0,2.0,2.0
400900111,OKC,3155942,29.0,7.3,6.0
400900112,IND,2389,12.0,6.3,4.8
400900112,IND,2751,14.0,-6.7,-6.2
400900112,IND,2778,29.0,8.6,7.4
400900112,IND,3192,13.0,-0.9,-1.4
400900112,IND,3244,31.0,8.0,5.3
400900112,IND,4015,35.0,20.1,16.8
400900112,IND,4251,37.0,22.5,22.2
400900112,IND,6424,17.0,1.4,0.3
400900112,IND,2991039,17.0,3.6,4.4
400900112,IND,3133628,36.0,18.7,15.6
400900112,MIN,4011,33.0,9.8,6.7
400900112,MIN,4267,5.0,0.9,0.0
400900112,MIN,4269,16.0,1.0,-0.8
400900112,MIN,2534781,34.0,10.0,5.0
400900112,MIN,2991139,15.0,3.2,4.0
400900112,MIN,2993875,20.0,6.9,6.0
400900112,MIN,3059319,39.0,11.6,10.6
400900112,MIN,3064440,42.0,16.4,15.0
400900112,MIN,3136195,38.0,27.5,23.9
400900113,DEN,2439,42.0,14.7,12.0
400900113,DEN,3194,31.0,11.8,10.8
400900113,DEN,3413,15.0,4.7,5.7
400900113,DEN,3428,35.0,18.3,15.8
400900113,DEN,6433,21.0,14.4,13.2
400900113,DEN,6579,25.0,14.5,15.0
400900113,DEN,2999547,28.0,2.9,0.9
400900113,DEN,3112335,36.0,30.3,26.9
400900113,DEN,3936299,6.0,3.7,3.7
400900113,PHX,984,23.0,6.6,2.8
400900113,PHX,2166,9.0,3.7,3.4
400900113,PHX,3033,39.0,6.6,6.3
400900113,PHX,3201,18.0,3.2,3.1
400900113,PHX,4238,28.0,20.0,21.4
400900113,PHX,6448,29.0,14.3,13.3
400900113,PHX,2579326,1.0,-1.1,-0.7
400900113,PHX,2596107,11.0,3.6,4.1
400900113,PHX,2982334,41.0,15.3,14.1
400900113,PHX,3136193,33.0,14.7,14.5
400900113,PHX,3907487,8.0,3.1,2.7
400900114,LAL,2429,21.0,2.8,2.7
400900114,LAL,2799,25.0,14.7,14.8
400900114,LAL,2806,12.0,-2.9,-2.4
400900114,LAL,3243,29.0,5.9,5.6
400900114,LAL,4298,17.0,8.0,5.0
400900114,LAL,2528393,30.0,3.3,1.7
400900114,LAL,2528426,36.0,7.7,6.4
400900114,LAL,2580365,23.0,4.2,4.9
400900114,LAL,3913176,20.0,-3.0,-4.2
400900114,LAL,4017837,26.0,14.8,12.8
400900114,UTA,1007,16.0,5.2,5.4
400900114,UTA,2167,18.0,1.6,1.6
400900114,UTA,3438,34.0,10.8,6.6
400900114,UTA,4249,32.0,16.9,15.0
400900114,UTA,4257,22.0,5.8,5.4
400900114,UTA,6429,14.0,6.9,7.0
400900114,UTA,2581177,22.0,2.0,1.6
400900114,UTA,2968436,26.0,9.6,6.1
400900114,UTA,3032976,38.0,14.5,7.7
400900114,UTA,3136196,19.0,3.1,2.6
400900115,HOU,1713,27.0,15.6,15.7
400900115,HOU,2426,41.0,6.9,2.6
400900115,HOU,3191,11.0,-0.7,-0.7
400900115,HOU,3412,42.0,2.4,3.2
400900115,HOU,3964,33.0,4.4,5.5
400900115,HOU,3992,39.0,46.9,42.2
400900115,HOU,2991184,25.0,5.4,3.4
400900115,HOU,3102529,21.0,12.2,9.5
400900115,PHI,2767,22.0,-2.7,-2.4
400900115,PHI,3025,20.0,4.9,3.3
400900115,PHI,3993,23.0,15.1,13.6
400900115,PHI,2490620,36.0,7.6,5.3
400900115,PHI,2530530,28.0,13.9,12.9
400900115,PHI,2991042,28.0,3.3,4.3
400900115,PHI,2991280,20.0,10.0,6.1
400900115,PHI,3032978,21.0,8.0,5.9
400900115,PHI,3059318,28.0,25.9,20.9
400900115,PHI,3893019,13.0,7.4,7.5
400900116,BKN,1781,25.0,8.4,6.5
400900116,BKN,3003,30.0,13.5,11.5
400900116,BKN,3593,30.0,11.6,10.8
400900116,BKN,6576,18.0,5.8,4.4
400900116,BKN,6590,23.0,9.9,7.4
400900116,BKN,2488689,34.0,11.4,9.6
400900116,BKN,2580782,26.0,7.9,8.4
400900116,BKN,3064291,25.0,6.8,4.3
400900116,BKN,3136477,24.0,14.3,13.4
400900116,BKN,3153165,5.0,5.1,4.1
400900116,CLE,1006,25.0,3.7,5.0
400900116,CLE,1966,34.0,26.2,25.1
400900116,CLE,2011,22.0,8.3,8.0
400900116,CLE,2754,18.0,4.8,3.0
400900116,CLE,3449,28.0,11.6,6.7
400900116,CLE,6442,31.0,22.0,21.3
400900116,CLE,6453,3.0,0.7,0.7
400900116,CLE,6468,24.0,4.4,1.5
400900116,CLE,6474,28.0,12.8,10.5
400900116,CLE,2531797,10.0,-1.0,-1.0
400900116,CLE,3062892,17.0,6.7,6.1
400900117,IND,2389,12.0,2.5,3.0
400900117,IND,2751,16.0,7.1,6.8
400900117,IND,2778,40.0,13.6,12.8
400900117,IND,3192,11.0,-3.3,-2.8
400900117,IND,3244,29.0,8.3,4.3
400900117,IND,4015,43.0,18.5,16.6
400900117,IND,4251,45.0,24.1,22.0
400900117,IND,6424,16.0,4.5,3.4
400900117,IND,2991039,19.0,5.5,2.9
400900117,IND,3133628,35.0,15.2,13.2
400900117,SAC,1765,21.0,0.6,0.6
400900117,SAC,3187,34.0,8.4,10.1
400900117,SAC,3276,26.0,7.2,7.1
400900117,SAC,3444,28.0,7.4,5.6
400900117,SAC,3973,46.0,22.0,19.3
400900117,SAC,4000,23.0,16.1,15.2
400900117,SAC,4023,33.0,-2.3,-2.7
400900117,SAC,4258,39.0,18.2,15.6
400900117,SAC,2991282,12.0,2.6,3.4
400900117,SAC,3934663,4.0,1.6,2.0
400900118,BOS,2761,15.0,0.1,0.3
400900118,BOS,2769,22.0,10.4,9.2
400900118,BOS,3998,27.0,6.7,5.1
400900118,BOS,6472,25.0,21.4,18.4
400900118,BOS,6581,27.0,20.8,17.3
400900118,BOS,6631,20.0,9.7,7.8
400900118,BOS,2489663,17.0,13.7,12.6
400900118,BOS,2990992,23.0,12.3,10.0
400900118,BOS,3064509,9.0,4.6,4.3
400900118,BOS,3064520,6.0,3.3,2.7
400900118,BOS,3074752,20.0,6.7,5.4
400900118,BOS,3917376,30.0,13.7,13.6
400900118,ORL,3209,16.0,-1.9,-2.1
400900118,ORL,3277,32.0,8.0,7.1
400900118,ORL,3415,18.0,2.3,2.8
400900118,ORL,3439,21.0,0.1,-0.1
400900118,ORL,6427,25.0,9.1,7.8
400900118,ORL,6478,23.0,12.5,10.2
400900118,ORL,2309097,24.0,15.5,13.2
400900118,ORL,2531362,12.0,4.5,3.7
400900118,ORL,2583639,24.0,12.0,10.2
400900118,ORL,2995706,23.0,6.2,5.4
400900118,ORL,3064290,23.0,7.9,6.3
400900119,MIL,841,11.0,4.6,3.7
400900119,MIL,3418,7.0,-3.1,-3.4
400900119,MIL,4260,17.0,5.1,3.1
400900119,MIL,4385,6.0,-0.7,-0.7
400900119,MIL,6616,15.0,-0.3,0.2
400900119,MIL,2489716,23.0,6.5,6.0
400900119,MIL,2528353,27.0,4.5,3.7
400900119,MIL,2566769,25.0,0.8,1.4
400900119,MIL,3032977,33.0,15.6,12.7
400900119,MIL,3056600,37.0,14.2,11.7
400900119,MIL,3137733,30.0,0.9,-2.2
400900119,MIL,4017843,8.0,5.6,6.1
400900119,TOR,3012,39.0,26.3,25.4
400900119,TOR,3970,32.0,2.6,1.5
400900119,TOR,4264,27.0,14.0,10.2
400900119,TOR,6446,29.0,6.3,4.5
400900119,TOR,6477,24.0,7.0,2.0
400900119,TOR,6619,18.0,2.3,-0.5
400900119,TOR,2595516,31.0,11.8,10.7
400900119,TOR,2991230,6.0,2.8,3.4
400900119,TOR,3032980,24.0,8.8,5.5
400900119,TOR,3149673,10.0,1.4,1.7
400900120,CHA,2797,31.0,9.3,8.6
400900120,CHA,3190,21.0,10.7,9.1
400900120,CHA,3211,25.0,7.0,3.7
400900120,CHA,3231,14.0,1.5,2.0
400900120,CHA,3416,36.0,14.2,11.3
400900120,CHA,3436,18.0,0.7,0.3
400900120,CHA,6479,37.0,22.1,19.4
400900120,CHA,6601,37.0,10.4,9.1
400900120,CHA,2579294,22.0,2.4,2.0
400900120,NYK,1975,35.0,6.2,2.2
400900120,NYK,3224,12.0,1.6,1.4
400900120,NYK,3445,35.0,16.4,12.2
400900120,NYK,3456,22.0,11.0,9.5
400900120,NYK,3997,31.0,12.5,11.0
400900120,NYK,6615,16.0,11.7,8.5
400900120,NYK,2284101,20.0,9.1,7.4
400900120,NYK,2999409,15.0,4.3,4.2
400900120,NYK,3102531,35.0,12.8,12.2
400900120,NYK,3138120,18.0,5.3,4.1
400900121,CHI,1987,28.0,6.2,3.9
400900121,CHI,3026,32.0,15.8,11.4
400900121,CHI,3447,18.0,4.7,4.4
400900121,CHI,3986,26.0,16.5,12.2
400900121,CHI,6430,33.0,-6.5,-7.0
400900121,CHI,6459,15.0,1.4,-0.8
400900121,CHI,2528588,24.0,6.5,5.4
400900121,CHI,2531047,14.0,1.2,2.0
400900121,CHI,3113587,23.0,6.7,4.0
400900121,CHI,3893023,27.0,9.0,7.3
400900121,MIA,2184,11.0,-0.3,-1.0
400900121,MIA,3423,34.0,24.0,20.2
400900121,MIA,3981,27.0,10.1,6.6
400900121,MIA,3999,31.0,5.2,2.4
400900121,MIA,4250,16.0,2.5,2.0
400900121,MIA,6628,34.0,9.8,8.1
400900121,MIA,2326015,37.0,18.7,18.0
400900121,MIA,2488826,28.0,11.2,7.4
400900121,MIA,2528473,21.0,3.0,2.0
400900122,NOP,3974,29.0,2.9,2.7
400900122,NOP,3983,21.0,8.9,8.1
400900122,NOP,3995,38.0,22.3,17.4
400900122,NOP,6460,18.0,12.4,11.2
400900122,NOP,6464,22.0,12.5,10.2
400900122,NOP,6583,33.0,13.5,7.5
400900122,NOP,6597,24.0,17.5,16.8
400900122,NOP,2488958,34.0,14.2,13.1
400900122,NOP,2530572,6.0,-2.2,-1.4
400900122,NOP,2990984,13.0,1.5,2.0
400900122,SAS,272,15.0,6.1,5.1
400900122,SAS,1015,22.0,4.2,2.6
400900122,SAS,2772,29.0,14.6,12.2
400900122,SAS,2983,32.0,7.0,4.4
400900122,SAS,3247,8.0,3.6,3.7
400900122,SAS,3988,29.0,7.8,5.7
400900122,SAS,4004,22.0,1.9,0.3
400900122,SAS,6426,20.0,14.3,13.1
400900122,SAS,6450,30.0,16.8,15.1
400900122,SAS,2580913,8.0,1.5,0.7
400900122,SAS,2993874,18.0,3.6,1.3
400900122,SAS,2994526,4.0,2.7,2.7
400900122,SAS,3907497,2.0,-1.4,-1.4
400900123,ATL,1708,21.0,5.6,4.4
400900123,ATL,2384,29.0,12.5,9.0
400900123,ATL,2433,17.0,-2.2,-3.4
400900123,ATL,3015,23.0,0.5,-1.6
400900123,ATL,3028,16.0,1.5,0.3
400900123,ATL,6622,11.0,10.3,8.1
400900123,ATL,6637,21.0,7.6,6.3
400900123,ATL,2282205,23.0,1.1,-0.2
400900123,ATL,2490089,14.0,9.1,7.8
400900123,ATL,2528210,22.0,5.7,4.6
400900123,ATL,2990962,12.0,1.5,0.0
400900123,ATL,3032979,23.0,1.6,2.0
400900123,ATL,3062667,8.0,-0.8,-1.4
400900123,WAS,2758,29.0,20.7,15.7
400900123,WAS,3232,14.0,-0.7,-2.4
400900123,WAS,4237,30.0,13.6,12.1
400900123,WAS,6461,25.0,10.0,7.7
400900123,WAS,6580,26.0,11.6,11.1
400900123,WAS,6614,5.0,-2.1,-2.4
400900123,WAS,6621,18.0,7.6,6.8
400900123,WAS,2579260,19.0,6.3,5.8
400900123,WAS,2594885,9.0,3.5,2.0
400900123,WAS,2594922,33.0,23.5,19.2
400900123,WAS,2991050,2.0,1.0,0.7
400900123,WAS,3133603,30.0,-0.1,-2.5
400900124,MEM,136,25.0,11.3,11.1
400900124,MEM,1017,31.0,19.3,16.0
400900124,MEM,2367,35.0,-0.7,-4.2
400900124,MEM,3195,36.0,12.7,11.1
400900124,MEM,3206,40.0,27.2,24.3
400900124,MEM,6466,21.0,6.2,6.0
400900124,MEM,2327577,22.0,9.5,9.4
400900124,MEM,2579321,15.0,-0.6,-1.5
400900124,MEM,3064511,16.0,6.5,7.7
400900124,POR,4239,31.0,6.5,7.5
400900124,POR,4248,32.0,10.8,7.7
400900124,POR,6605,14.0,-0.3,0.6
400900124,POR,6606,40.0,23.2,22.4
400900124,POR,2488653,34.0,12.8,11.2
400900124,POR,2490149,31.0,9.9,10.9
400900124,POR,2531210,29.0,16.8,17.8
400900124,POR,2578239,13.0,3.4,3.1
400900124,POR,3078284,16.0,-1.4,-0.7
400900125,CHA,2797,31.0,7.3,9.0
400900125,CHA,3190,28.0,2.0,0.9
400900125,CHA,3211,28.0,10.7,10.5
400900125,CHA,3231,21.0,3.3,2.7
400900125,CHA,3416,40.0,13.9,13.3
400900125,CHA,3436,12.0,6.4,5.8
400900125,CHA,6479,39.0,23.3,22.2
400900125,CHA,6601,19.0,10.7,7.0
400900125,CHA,2579294,22.0,7.2,6.4
400900125,SAC,1765,15.0,-1.6,-3.4
400900125,SAC,3187,31.0,12.6,11.4
400900125,SAC,3276,30.0,15.8,11.8
400900125,SAC,3444,12.0,1.6,1.6
400900125,SAC,3973,35.0,10.6,11.5
400900125,SAC,4000,32.0,6.5,5.5
400900125,SAC,4023,24.0,3.3,2.8
400900125,SAC,4258,34.0,32.1,29.7
400900125,SAC,2991282,14.0,8.4,9.0
400900125,SAC,3934663,13.0,1.6,1.7
400900126,DET,4305,17.0,3.9,4.4
400900126,DET,6440,28.0,9.3,9.1
400900126,DET,6443,31.0,15.9,14.2
400900126,DET,6452,24.0,5.9,7.1
400900126,DET,6462,36.0,8.9,8.1
400900126,DET,6585,35.0,21.3,14.2
400900126,DET,2528779,6.0,0.9,-0.4
400900126,DET,2581018,34.0,-2.0,-2.2
400900126,DET,2968439,13.0,3.0,2.4
400900126,DET,3134881,16.0,5.2,5.0
400900126,MIA,3423,33.0,16.4,16.4
400900126,MIA,3981,34.0,15.8,15.2
400900126,MIA,3999,32.0,19.9,15.2
400900126,MIA,4250,13.0,7.2,7.8
400900126,MIA,4262,29.0,7.7,4.7
400900126,MIA,6628,34.0,7.1,7.3
400900126,MIA,2326015,19.0,6.0,2.4
400900126,MIA,2488826,26.0,8.4,8.0
400900126,MIA,2528473,19.0,5.5,5.7
400900127,BOS,2761,13.0,1.1,0.9
400900127,BOS,2769,25.0,11.1,9.8
400900127,BOS,3998,18.0,-1.4,-2.3
400900127,BOS,6472,41.0,30.0,29.3
400900127,BOS,6581,38.0,17.0,16.4
400900127,BOS,6631,15.0,1.8,0.9
400900127,BOS,2489663,36.0,14.0,12.8
400900127,BOS,2990992,35.0,5.8,4.3
400900127,BOS,3074752,17.0,-1.5,-2.8
400900127,BOS,3917376,28.0,7.9,4.3
400900127,MIL,841,20.0,1.1,0.6
400900127,MIL,3418,22.0,13.1,11.5
400900127,MIL,4260,35.0,15.3,9.2
400900127,MIL,6592,7.0,5.8,6.6
400900127,MIL,2489716,28.0,10.5,10.5
400900127,MIL,2528353,33.0,10.2,9.4
400900127,MIL,2566769,32.0,6.9,7.4
400900127,MIL,3032977,45.0,16.8,14.8
400900127,MIL,3056600,31.0,-3.4,-3.8
400900127,MIL,4017843,10.0,1.8,0.3
400900128,GSW,2016,14.0,6.2,5.2
400900128,GSW,2386,24.0,12.3,9.5
400900128,GSW,2393,16.0,8.0,6.1
400900128,GSW,2419,5.0,4.3,3.7
400900128,GSW,3202,29.0,26.7,24.5
400900128,GSW,3452,10.0,8.4,7.5
400900128,GSW,3975,29.0,37.4,35.1
400900128,GSW,6475,27.0,10.3,9.4
400900128,GSW,6589,26.0,8.4,4.7
400900128,GSW,2489785,12.0,2.3,2.0
400900128,GSW,2594818,19.0,7.7,7.2
400900128,GSW,3137730,18.0,3.2,3.0
400900128,GSW,3155535,12.0,4.6,3.1
400900128,LAC,165,30.0,0.6,0.3
400900128,LAC,2745,15.0,8.7,7.8
400900128,LAC,2753,28.0,6.5,4.7
400900128,LAC,3024,26.0,5.9,5.0
400900128,LAC,3442,23.0,9.0,8.1
400900128,LAC,3451,12.0,3.8,3.3
400900128,LAC,3460,19.0,4.2,3.0
400900128,LAC,3989,23.0,14.2,14.2
400900128,LAC,4247,10.0,1.2,0.6
400900128,LAC,6569,11.0,5.7,4.7
400900128,LAC,6617,38.0,5.9,5.5
400900128,LAC,3924880,5.0,2.9,3.0
400900129,MEM,136,30.0,-5.3,-4.9
400900129,MEM,1017,34.0,23.0,20.6
400900129,MEM,2367,26.0,5.9,3.0
400900129,MEM,3195,28.0,21.0,18.9
400900129,MEM,3206,37.0,14.2,13.9
400900129,MEM,2327577,26.0,8.7,8.8
400900129,MEM,2489530,19.0,3.2,4.0
400900129,MEM,2579321,23.0,3.9,4.7
400900129,MEM,3064511,18.0,1.1,0.0
400900129,UTA,1007,27.0,6.3,5.0
400900129,UTA,2167,18.0,-0.9,-1.4
400900129,UTA,3438,33.0,9.5,10.2
400900129,UTA,4249,36.0,11.8,9.3
400900129,UTA,6429,16.0,7.1,7.7
400900129,UTA,2581177,31.0,16.2,15.1
400900129,UTA,2968436,15.0,2.9,3.4
400900129,UTA,3032976,38.0,17.4,15.2
400900129,UTA,3102528,5.0,1.7,1.7
400900129,UTA,3136196,21.0,0.2,-0.7
400900130,DEN,2439,33.0,14.0,14.1
400900130,DEN,3194,23.0,0.7,-0.5
400900130,DEN,3413,15.0,-0.9,0.0
400900130,DEN,3428,37.0,28.3,26.2
400900130,DEN,6433,37.0,25.3,19.8
400900130,DEN,6579,20.0,3.3,2.7
400900130,DEN,2999547,35.0,12.2,10.0
400900130,DEN,3102530,15.0,0.0,0.0
400900130,DEN,3936299,23.0,12.7,12.5
400900130,PHX,984,40.0,15.6,11.8
400900130,PHX,2166,16.0,6.9,6.5
400900130,PHX,3033,36.0,12.4,11.9
400900130,PHX,3201,7.0,-0.8,-0.7
400900130,PHX,4238,45.0,31.8,29.8
400900130,PHX,6448,16.0,-1.6,-1.1
400900130,PHX,2596107,8.0,-1.0,-0.7
400900130,PHX,2982334,20.0,0.3,2.0
400900130,PHX,3136193,35.0,13.1,12.5
400900130,PHX,3907487,17.0,2.8,1.2
400900131,BKN,1781,5.0,1.5,1.3
400900131,BKN,3003,17.0,-0.1,-0.7
400900131,BKN,3448,30.0,19.4,16.8
400900131,BKN,3593,24.0,2.1,2.2
400900131,BKN,4270,16.0,4.8,4.8
400900131,BKN,6576,17.0,3.3,3.0
400900131,BKN,6590,20.0,7.1,5.4
400900131,BKN,2488689,25.0,10.4,10.1
400900131,BKN,2580782,24.0,12.8,11.4
400900131,BKN,2991043,27.0,9.0,6.3
400900131,BKN,3064291,8.0,0.2,-0.7
400900131,BKN,3136477,27.0,10.4,7.5
400900131,MIN,4011,22.0,11.8,11.9
400900131,MIN,4267,2.0,-2.1,-1.7
400900131,MIN,4269,14.0,0.9,1.3
400900131,MIN,2531100,2.0,-0.5,0.0
400900131,MIN,2534781,34.0,12.3,8.8
400900131,MIN,2991139,26.0,8.1,4.9
400900131,MIN,2993875,28.0,17.0,16.9
400900131,MIN,3059319,38.0,16.2,15.8
400900131,MIN,3064440,37.0,19.1,15.0
400900131,MIN,3135046,2.0,0.0,0.0
400900131,MIN,3136195,36.0,30.5,24.4
400900133,CLE,1006,31.0,7.1,6.1
400900133,CLE,1966,37.0,23.6,19.1
400900133,CLE,2009,11.0,0.6,1.0
400900133,CLE,2011,16.0,-1.2,-1.5
400900133,CLE,2754,15.0,3.8,2.7
400900133,CLE,3449,12.0,0.5,-1.5
400900133,CLE,6442,35.0,24.1,23.4
400900133,CLE,6453,2.0,0.3,-1.7
400900133,CLE,6468,34.0,10.7,11.0
400900133,CLE,6474,34.0,22.7,14.5
400900133,CLE,2531797,2.0,0.3,0.0
400900133,CLE,3062892,12.0,-4.8,-5.1
400900133,OKC,3468,36.0,12.5,9.9
400900133,OKC,6469,16.0,-1.5,-1.4
400900133,OKC,2527963,38.0,9.5,8.9
400900133,OKC,2530596,23.0,3.4,2.0
400900133,OKC,2959753,21.0,7.5,5.7
400900133,OKC,2991070,25.0,6.0,5.0
400900133,OKC,2991235,27.0,5.4,3.5
400900133,OKC,2995702,8.0,0.0,0.0
400900133,OKC,3064230,20.0,5.0,1.9
400900133,OKC,3155942,26.0,5.9,5.4
400900134,HOU,2426,25.0,1.5,-1.8
400900134,HOU,3191,7.0,-0.4,-0.7
400900134,HOU,3412,35.0,21.7,19.7
400900134,HOU,3431,26.0,6.6,7.2
400900134,HOU,3472,3.0,4.7,4.7
400900134,HOU,3964,33.0,5.0,4.4
400900134,HOU,3992,32.0,4.8,2.6
400900134,HOU,2566741,3.0,0.0,0.0
400900134,HOU,2991055,26.0,9.0,9.6
400900134,HOU,2991184,26.0,7.4,5.8
400900134,HOU,3059281,3.0,2.4,2.4
400900134,HOU,3102529,22.0,10.6,8.8
400900134,IND,2389,10.0,6.2,6.8
400900134,IND,2751,16.0,0.2,0.4
400900134,IND,2778,20.0,-5.1,-4.5
400900134,IND,3192,12.0,0.5,1.0
400900134,IND,3244,30.0,8.8,7.1
400900134,IND,4015,36.0,22.3,19.5
400900134,IND,4251,37.0,25.8,22.2
400900134,IND,6424,15.0,9.0,9.2
400900134,IND,2528386,3.0,-0.7,-0.7
400900134,IND,2596110,3.0,6.0,5.0
400900134,IND,2990969,3.0,1.7,1.7
400900134,IND,2991039,21.0,13.0,11.5
400900134,IND,3133628,36.0,18.7,11.2
400900135,NOP,3974,21.0,6.4,5.8
400900135,NOP,3983,18.0,0.1,-0.1
400900135,NOP,3995,39.0,25.8,24.2
400900135,NOP,6460,22.0,-0.8,-0.7
400900135,NOP,6464,22.0,6.2,6.4
400900135,NOP,6583,40.0,29.7,21.6
400900135,NOP,6597,10.0,-0.2,-0.8
400900135,NOP,2488958,39.0,6.7,3.2
400900135,NOP,2530572,11.0,4.8,4.0
400900135,NOP,2990984,16.0,-5.7,-5.5
400900135,WAS,2758,31.0,15.8,13.6
400900135,WAS,3232,17.0,5.8,2.7
400900135,WAS,4237,37.0,19.6,17.4
400900135,WAS,6461,37.0,13.7,13.4
400900135,WAS,6580,39.0,19.6,17.2
400900135,WAS,6621,9.0,0.3,0.7
400900135,WAS,2579260,11.0,3.4,3.4
400900135,WAS,2594922,34.0,13.8,8.7
400900135,WAS,3133603,24.0,0.9,1.0
400900136,ORL,3209,27.0,14.9,13.1
400900136,ORL,3277,34.0,10.8,11.1
400900136,ORL,3415,29.0,16.9,16.5
400900136,ORL,3439,33.0,7.7,6.4
400900136,ORL,6427,15.0,0.9,0.6
400900136,ORL,6478,33.0,23.2,19.6
400900136,ORL,2309097,7.0,3.0,2.7
400900136,ORL,2583639,36.0,10.0,8.1
400900136,ORL,3064290,26.0,3.4,4.7
400900136,TOR,3012,38.0,26.5,25.1
400900136,TOR,3970,17.0,1.8,0.2
400900136,TOR,3978,36.0,15.9,15.3
400900136,TOR,4264,29.0,8.8,6.4
400900136,TOR,6446,18.0,0.9,-0.1
400900136,TOR,6477,28.0,12.4,10.8
400900136,TOR,6619,28.0,13.4,12.1
400900136,TOR,6624,7.0,0.0,0.0
400900136,TOR,2595516,13.0,2.9,1.3
400900136,TOR,2991230,3.0,-0.4,0.0
400900136,TOR,3032980,12.0,4.1,4.1
400900136,TOR,3149673,11.0,3.0,2.7
400900137,CHI,1987,26.0,13.4,9.6
400900137,CHI,3026,21.0,11.3,9.1
400900137,CHI,3447,31.0,22.5,19.7
400900137,CHI,6430,39.0,25.7,20.7
400900137,CHI,6459,26.0,10.7,9.5
400900137,CHI,2528588,20.0,10.6,9.7
400900137,CHI,2531047,17.0,1.9,2.0
400900137,CHI,3064482,14.0,3.1,2.0
400900137,CHI,3113587,16.0,1.3,0.3
400900137,CHI,3893023,29.0,10.3,9.4
400900137,PHI,2767,35.0,24.5,22.5
400900137,PHI,3025,6.0,1.3,1.7
400900137,PHI,3993,9.0,-1.8,-1.7
400900137,PHI,2490620,37.0,21.6,14.7
400900137,PHI,2530530,37.0,14.1,12.4
400900137,PHI,2580898,5.0,-1.4,-1.4
400900137,PHI,2991042,33.0,9.3,8.7
400900137,PHI,2991280,25.0,12.4,8.8
400900137,PHI,2993370,22.0,1.4,0.6
400900137,PHI,3032978,16.0,2.8,3.0
400900137,PHI,3893019,14.0,-1.2,-0.7
400900138,DAL,609,28.0,13.5,8.7
400900138,DAL,2382,19.0,4.5,4.0
400900138,DAL,2747,8.0,0.1,0.7
400900138,DAL,4032,31.0,16.4,13.1
400900138,DAL,6578,35.0,10.5,10.3
400900138,DAL,2326307,37.0,19.1,16.2
400900138,DAL,2531367,10.0,3.9,3.7
400900138,DAL,2578185,17.0,2.4,2.3
400900138,DAL,2968458,8.0,-0.4,0.0
400900138,DAL,2982340,7.0,3.3,3.0
400900138,DAL,2991018,36.0,11.0,10.2
400900138,DAL,3929314,5.0,-0.4,-0.7
400900138,SAS,272,24.0,6.9,5.9
400900138,SAS,1015,23.0,11.4,12.2
400900138,SAS,2772,26.0,13.8,14.0
400900138,SAS,2983,34.0,9.6,8.5
400900138,SAS,3988,31.0,8.2,7.5
400900138,SAS,4004,22.0,3.4,1.3
400900138,SAS,6426,17.0,5.5,4.0
400900138,SAS,6450,37.0,15.3,12.6
400900138,SAS,2580913,14.0,1.6,1.0
400900138,SAS,2993874,14.0,-0.9,-1.0
400900139,GSW,2016,24.0,16.4,12.7
400900139,GSW,2386,36.0,15.0,12.9
400900139,GSW,2393,23.0,3.2,3.1
400900139,GSW,3202,36.0,20.9,18.6
400900139,GSW,3452,9.0,8.6,6.0
400900139,GSW,6475,35.0,19.2,16.0
400900139,GSW,6589,34.0,0.6,-2.6
400900139,GSW,2489785,13.0,2.6,2.4
400900139,GSW,2594818,11.0,7.4,5.8
400900139,GSW,3137730,20.0,2.3,2.0
400900139,POR,4239,33.0,12.5,11.5
400900139,POR,4248,34.0,6.3,2.7
400900139,POR,6591,21.0,7.9,6.8
400900139,POR,6605,7.0,1.2,1.0
400900139,POR,6606,36.0,15.4,14.2
400900139,POR,2488653,30.0,10.8,8.0
400900139,POR,2490149,38.0,20.8,19.2
400900139,POR,2531210,22.0,4.8,4.4
400900139,POR,3078284,18.0,3.6,2.8
400900140,BKN,3003,21.0,0.7,1.3
400900140,BKN,3448,31.0,7.7,5.8
400900140,BKN,3593,31.0,8.0,7.0
400900140,BKN,4270,26.0,8.6,5.3
400900140,BKN,6590,17.0,7.6,7.8
400900140,BKN,2488689,17.0,6.2,4.7
400900140,BKN,2580782,24.0,8.8,8.4
400900140,BKN,2991043,27.0,1.6,-1.3
400900140,BKN,3064291,22.0,4.8,3.1
400900140,BKN,3136477,24.0,12.0,11.9
400900140,MIA,3423,33.0,19.0,17.0
400900140,MIA,3981,18.0,1.3,1.3
400900140,MIA,3999,33.0,17.4,12.5
400900140,MIA,4250,7.0,1.6,1.0
400900140,MIA,4262,30.0,7.2,4.1
400900140,MIA,6628,36.0,15.9,13.7
400900140,MIA,2326015,17.0,6.1,5.8
400900140,MIA,2488826,32.0,10.9,8.7
400900140,MIA,2528473,14.0,5.6,5.7
400900140,MIA,2530276,19.0,-2.0,-2.9
400900141,MIN,4011,36.0,19.2,18.1
400900141,MIN,4267,4.0,2.0,1.0
400900141,MIN,4269,24.0,7.9,6.4
400900141,MIN,2534781,33.0,6.6,4.8
400900141,MIN,2991139,17.0,4.4,3.1
400900141,MIN,2993875,22.0,6.8,5.3
400900141,MIN,3059319,41.0,20.0,17.4
400900141,MIN,3064440,43.0,5.8,5.5
400900141,MIN,3136195,45.0,18.4,14.5
400900141,ORL,3209,25.0,9.7,8.2
400900141,ORL,3277,34.0,16.6,14.5
400900141,ORL,3415,23.0,0.9,0.6
400900141,ORL,3439,38.0,13.4,10.8
400900141,ORL,6427,15.0,0.6,-0.1
400900141,ORL,6478,38.0,8.0,6.2
400900141,ORL,6588,23.0,1.8,3.0
400900141,ORL,2309097,10.0,-0.1,-0.7
400900141,ORL,2583639,30.0,15.6,13.4
400900141,ORL,3064290,28.0,7.6,8.0
400900142,BOS,2761,14.0,1.5,0.9
400900142,BOS,2769,15.0,3.0,2.7
400900142,BOS,3213,35.0,14.2,11.3
400900142,BOS,3998,24.0,4.0,1.7
400900142,BOS,6472,37.0,32.3,31.9
400900142,BOS,6581,36.0,15.2,12.5
400900142,BOS,2489663,20.0,5.8,3.3
400900142,BOS,2990992,30.0,10.4,10.0
400900142,BOS,3074752,11.0,4.2,3.7
400900142,BOS,3917376,18.0,2.4,1.3
400900142,DET,4305,19.0,11.4,10.6
400900142,DET,6440,30.0,9.1,7.6
400900142,DET,6443,28.0,6.8,6.6
400900142,DET,6452,26.0,7.8,6.4
400900142,DET,6462,35.0,3.9,3.9
400900142,DET,6585,41.0,31.4,24.3
400900142,DET,2528779,7.0,-0.7,-0.7
400900142,DET,2581018,36.0,10.8,9.1
400900142,DET,3134881,18.0,1.6,0.9
400900143,CLE,1006,25.0,9.9,9.8
400900143,CLE,1966,37.0,17.7,13.0
400900143,CLE,2009,3.0,2.7,2.7
400900143,CLE,2011,26.0,1.4,2.0
400900143,CLE,2754,19.0,10.9,8.4
400900143,CLE,6442,33.0,6.3,4.3
400900143,CLE,6453,8.0,3.0,1.7
400900143,CLE,6468,30.0,4.6,3.8
400900143,CLE,6474,26.0,0.6,-0.3
400900143,CLE,2531797,30.0,5.1,5.7
400900143,CLE,3062892,4.0,5.1,4.1
400900143,DAL,609,24.0,7.5,5.1
400900143,DAL,2382,19.0,0.7,1.4
400900143,DAL,4032,37.0,14.0,14.3
400900143,DAL,6578,37.0,19.2,17.2
400900143,DAL,2326307,38.0,11.2,10.4
400900143,DAL,2531367,29.0,14.9,11.5
400900143,DAL,2578185,13.0,2.3,0.0
400900143,DAL,2968458,2.0,0.0,0.0
400900143,DAL,2982340,3.0,-1.4,-1.7
400900143,DAL,2991018,38.0,16.1,11.4
400900143,DAL,3929314,2.0,0.0,0.0
400900144,MEM,136,28.0,7.8,4.4
400900144,MEM,1017,23.0,12.2,10.1
400900144,MEM,2367,19.0,7.2,5.8
400900144,MEM,3195,33.0,37.1,34.1
400900144,MEM,3206,29.0,13.8,10.8
400900144,MEM,3242,5.0,4.7,4.4
400900144,MEM,3979,5.0,-2.1,-2.0
400900144,MEM,6466,21.0,0.1,0.3
400900144,MEM,2327577,28.0,6.2,5.3
400900144,MEM,2489530,7.0,-0.7,-1.7
400900144,MEM,2579321,26.0,5.9,5.1
400900144,MEM,3064511,10.0,2.7,4.3
400900144,MEM,3136696,5.0,-0.2,0.0
400900144,PHX,984,22.0,3.4,1.3
400900144,PHX,3033,25.0,8.5,8.1
400900144,PHX,3201,5.0,0.0,0.0
400900144,PHX,4238,32.0,5.8,2.7
400900144,PHX,6448,16.0,1.5,1.3
400900144,PHX,2579326,5.0,5.3,4.0
400900144,PHX,2596107,21.0,5.8,3.7
400900144,PHX,2982334,21.0,8.2,6.4
400900144,PHX,3136193,39.0,11.2,9.4
400900144,PHX,3136194,15.0,1.9,2.4
400900144,PHX,3907487,34.0,15.5,13.1
400900144,PHX,3936099,5.0,0.0,0.0
400900145,NYK,1975,32.0,18.6,17.8
400900145,NYK,2421,5.0,5.3,3.3
400900145,NYK,3224,15.0,0.2,-0.6
400900145,NYK,3445,27.0,0.8,-0.1
400900145,NYK,3997,38.0,13.9,9.8
400900145,NYK,6615,17.0,14.1,12.3
400900145,NYK,2284101,20.0,0.0,-0.2
400900145,NYK,2566748,5.0,-0.7,-0.3
400900145,NYK,2580349,28.0,3.0,2.9
400900145,NYK,2999409,32.0,15.4,14.6
400900145,NYK,3063982,8.0,5.7,5.4
400900145,NYK,3138120,14.0,-2.3,-2.2
400900145,WAS,2758,31.0,16.8,13.3
400900145,WAS,3232,15.0,5.0,3.1
400900145,WAS,4237,34.0,12.7,12.9
400900145,WAS,6461,34.0,19.8,18.6
400900145,WAS,6580,32.0,21.6,20.7
400900145,WAS,6614,2.0,2.6,1.3
400900145,WAS,6621,11.0,1.9,2.0
400900145,WAS,2579260,19.0,0.0,0.0
400900145,WAS,2594885,2.0,-1.7,-1.7
400900145,WAS,2594922,29.0,7.6,6.4
400900145,WAS,2991050,2.0,-1.5,-0.7
400900145,WAS,3133603,28.0,10.1,11.1
400900146,NOP,3974,6.0,0.7,0.7
400900146,NOP,3995,41.0,22.4,19.9
400900146,NOP,6460,30.0,13.2,11.4
400900146,NOP,6464,25.0,0.0,0.0
400900146,NOP,6583,41.0,16.9,10.4
400900146,NOP,6597,34.0,11.9,8.4
400900146,NOP,2488945,12.0,2.4,2.4
400900146,NOP,2488958,23.0,0.4,-1.4
400900146,NOP,2530572,20.0,4.2,2.3
400900146,NOP,2990984,33.0,11.8,10.1
400900146,TOR,3012,45.0,25.9,25.9
400900146,TOR,3970,37.0,6.4,3.0
400900146,TOR,4264,35.0,6.0,3.7
400900146,TOR,6446,24.0,-1.1,-0.7
400900146,TOR,6477,32.0,15.3,15.2
400900146,TOR,6619,22.0,0.6,-0.5
400900146,TOR,2595516,40.0,13.6,9.8
400900146,TOR,3032980,22.0,9.8,7.8
400900146,TOR,3149673,7.0,4.0,2.4
400900147,HOU,1713,13.0,8.3,7.8
400900147,HOU,2426,27.0,10.1,6.4
400900147,HOU,3191,17.0,3.5,4.1
400900147,HOU,3412,27.0,22.2,20.0
400900147,HOU,3431,28.0,10.9,9.7
400900147,HOU,3472,2.0,-1.4,-1.4
400900147,HOU,3964,32.0,3.1,2.0
400900147,HOU,3992,32.0,7.8,5.5
400900147,HOU,2566741,4.0,-0.8,-0.7
400900147,HOU,2991055,15.0,7.9,8.5
400900147,HOU,2991184,18.0,1.7,-0.4
400900147,HOU,3059281,3.0,1.0,1.0
400900147,HOU,3102529,20.0,8.8,8.7
400900147,SAC,1765,30.0,2.8,1.0
400900147,SAC,3187,27.0,3.8,3.2
400900147,SAC,3276,22.0,9.4,6.2
400900147,SAC,3444,17.0,11.2,10.5
400900147,SAC,3973,26.0,3.2,2.3
400900147,SAC,4000,12.0,-0.9,-4.2
400900147,SAC,4023,18.0,3.9,2.0
400900147,SAC,4258,25.0,9.2,8.2
400900147,SAC,2578213,12.0,4.0,3.1
400900147,SAC,2991282,24.0,8.6,6.4
400900147,SAC,3934663,19.0,0.3,0.5
400900147,SAC,3936296,8.0,3.9,2.6
400900148,OKC,3468,34.0,23.3,22.4
400900148,OKC,3474,30.0,4.3,3.5
400900148,OKC,2527963,32.0,14.6,9.0
400900148,OKC,2530596,24.0,0.5,-1.8
400900148,OKC,2959753,16.0,-1.5,-1.1
400900148,OKC,2983526,5.0,2.3,1.3
400900148,OKC,2991070,11.0,0.3,0.6
400900148,OKC,2991235,34.0,13.7,11.8
400900148,OKC,3064230,19.0,1.4,0.3
400900148,OKC,3155942,35.0,5.0,1.6
400900148,SAS,272,21.0,7.5,6.0
400900148,SAS,1015,25.0,2.5,1.3
400900148,SAS,2772,26.0,3.7,2.3
400900148,SAS,2983,28.0,17.0,15.0
400900148,SAS,3247,3.0,0.0,0.0
400900148,SAS,3988,24.0,5.1,2.3
400900148,SAS,4004,16.0,5.9,5.7
400900148,SAS,6426,23.0,1.5,-1.1
400900148,SAS,6450,36.0,26.2,22.7
400900148,SAS,2579466,19.0,5.9,1.8
400900148,SAS,2580913,17.0,9.0,5.1
400900148,SAS,2993874,2.0,-0.7,-1.0
400900148,SAS,3907497,1.0,-1.1,-0.7
400900149,CHA,2797,33.0,8.4,4.9
400900149,CHA,3190,24.0,3.2,3.7
400900149,CHA,3211,16.0,5.9,5.4
400900149,CHA,3231,13.0,4.3,4.0
400900149,CHA,3416,34.0,13.8,11.4
400900149,CHA,3436,13.0,3.1,1.0
400900149,CHA,6479,32.0,17.0,14.1
400900149,CHA,6601,24.0,2.4,2.9
400900149,CHA,6603,6.0,1.2,0.6
400900149,CHA,6641,6.0,7.3,7.4
400900149,CHA,2579294,25.0,4.1,3.2
400900149,CHA,2595231,6.0,0.0,0.0
400900149,CHA,3058254,6.0,1.6,0.0
400900149,POR,4239,22.0,2.9,2.0
400900149,POR,4248,28.0,6.3,3.4
400900149,POR,6591,28.0,8.4,8.2
400900149,POR,6605,25.0,8.3,8.7
400900149,POR,6606,31.0,21.2,20.2
400900149,POR,2488653,23.0,10.4,6.0
400900149,POR,2490149,26.0,16.0,12.8
400900149,POR,2530780,4.0,-1.1,-0.7
400900149,POR,2531210,29.0,18.2,16.0
400900149,POR,2578239,4.0,4.4,4.4
400900149,POR,3078284,20.0,0.5,0.3
400900150,DEN,2439,37.0,6.4,5.7
400900150,DEN,3194,36.0,24.6,21.6
400900150,DEN,3413,20.0,9.7,7.5
400900150,DEN,3428,36.0,11.5,10.7
400900150,DEN,6433,28.0,14.8,10.7
400900150,DEN,2999547,32.0,14.9,11.2
400900150,DEN,3102530,12.0,-1.3,-2.2
400900150,DEN,3936299,27.0,10.7,9.4
400900150,DEN,4017839,12.0,9.0,8.1
400900150,LAL,2429,31.0,3.2,-0.4
400900150,LAL,2799,24.0,23.9,20.7
400900150,LAL,3243,30.0,18.2,16.8
400900150,LAL,4298,23.0,12.2,9.8
400900150,LAL,2528393,18.0,5.8,4.1
400900150,LAL,2528426,21.0,2.2,0.7
400900150,LAL,2580365,18.0,0.7,-0.7
400900150,LAL,3136776,34.0,20.9,17.8
400900150,LAL,3913176,21.0,0.1,-0.1
400900150,LAL,4017837,21.0,15.0,15.7
400900151,ORL,3209,13.0,0.2,0.6
400900151,ORL,3277,32.0,21.8,19.3
400900151,ORL,3415,16.0,1.5,1.9
400900151,ORL,3439,35.0,19.8,15.2
400900151,ORL,6427,18.0,5.9,5.3
400900151,ORL,6478,30.0,10.9,9.1
400900151,ORL,6588,36.0,17.0,15.7
400900151,ORL,2583639,32.0,9.0,6.8
400900151,ORL,3064290,28.0,-3.8,-4.6
400900151,TOR,3012,42.0,9.5,9.6
400900151,TOR,3970,18.0,-3.2,-4.4
400900151,TOR,4264,7.0,0.0,-0.7
400900151,TOR,6446,7.0,0.8,0.0
400900151,TOR,6477,35.0,14.2,10.2
400900151,TOR,6619,28.0,8.2,7.0
400900151,TOR,6624,9.0,2.6,2.7
400900151,TOR,2595516,38.0,12.7,12.5
400900151,TOR,2991230,23.0,10.2,9.4
400900151,TOR,3032980,25.0,3.2,2.3
400900151,TOR,3149673,10.0,4.5,4.7
400900152,BKN,1781,11.0,-1.5,-1.8
400900152,BKN,3003,23.0,1.2,0.3
400900152,BKN,3448,31.0,14.6,13.1
400900152,BKN,4270,21.0,8.3,6.5
400900152,BKN,6576,13.0,5.8,5.3
400900152,BKN,2488689,26.0,13.8,13.5
400900152,BKN,2528794,24.0,10.4,8.0
400900152,BKN,2580782,27.0,9.9,8.7
400900152,BKN,2991043,30.0,-0.5,-2.2
400900152,BKN,3064291,20.0,2.5,1.1
400900152,BKN,3136477,14.0,-2.5,-2.0
400900152,IND,2389,15.0,7.4,7.3
400900152,IND,2751,25.0,6.6,3.2
400900152,IND,2778,30.0,7.1,3.9
400900152,IND,3192,14.0,1.3,1.7
400900152,IND,3244,22.0,14.7,9.6
400900152,IND,4015,34.0,23.2,20.8
400900152,IND,4251,37.0,18.7,12.7
400900152,IND,6424,21.0,1.1,1.3
400900152,IND,2991039,15.0,-0.8,-1.7
400900152,IND,3133628,27.0,8.4,7.4
400900153,DET,4305,21.0,11.0,9.9
400900153,DET,6440,23.0,9.2,7.3
400900153,DET,6443,27.0,10.0,8.1
400900153,DET,6452,35.0,17.5,17.7
400900153,DET,6462,38.0,28.2,26.7
400900153,DET,6585,29.0,12.3,5.8
400900153,DET,2581018,37.0,2.8,1.4
400900153,DET,2968439,19.0,5.9,6.8
400900153,DET,3134881,12.0,-1.0,-1.3
400900153,MIN,4011,34.0,11.3,9.1
400900153,MIN,4267,8.0,1.6,1.4
400900153,MIN,4269,23.0,7.3,5.5
400900153,MIN,2534781,32.0,7.2,2.0
400900153,MIN,2993875,23.0,8.5,8.7
400900153,MIN,3059319,40.0,10.4,10.6
400900153,MIN,3064440,32.0,16.1,15.6
400900153,MIN,3135046,15.0,2.0,1.1
400900153,MIN,3136195,33.0,19.8,19.9
400900154,CHI,1987,36.0,8.9,7.0
400900154,CHI,3026,20.0,5.4,2.5
400900154,CHI,3447,41.0,9.1,6.4
400900154,CHI,3986,36.0,18.1,16.3
400900154,CHI,6459,17.0,12.4,8.7
400900154,CHI,2528588,21.0,7.1,8.0
400900154,CHI,2531047,17.0,5.4,5.4
400900154,CHI,2596108,35.0,19.0,18.6
400900154,CHI,3064482,5.0,1.3,1.4
400900154,CHI,3113587,7.0,1.3,1.0
400900154,CHI,3893023,29.0,7.4,5.7
400900154,HOU,2426,39.0,11.0,6.2
400900154,HOU,3191,12.0,7.3,6.4
400900154,HOU,3412,33.0,-7.1,-6.0
400900154,HOU,3431,34.0,12.7,12.1
400900154,HOU,3964,32.0,9.0,6.5
400900154,HOU,3992,44.0,31.3,27.9
400900154,HOU,2991055,21.0,7.3,7.1
400900154,HOU,2991184,17.0,5.8,6.4
400900154,HOU,3102529,32.0,12.8,11.6
400900155,MEM,136,19.0,6.4,6.1
400900155,MEM,1017,29.0,13.3,11.8
400900155,MEM,2367,29.0,7.1,5.3
400900155,MEM,3195,34.0,11.5,8.2
400900155,MEM,3206,42.0,26.7,24.4
400900155,MEM,6466,25.0,10.2,8.7
400900155,MEM,2327577,24.0,-2.8,-1.3
400900155,MEM,2489530,1.0,0.0,0.0
400900155,MEM,2579321,23.0,2.0,2.4
400900155,MEM,3064511,14.0,1.2,1.4
400900155,OKC,1978,11.0,1.4,1.6
400900155,OKC,3468,38.0,37.5,32.0
400900155,OKC,3474,19.0,10.6,11.8
400900155,OKC,2527963,35.0,1.8,0.5
400900155,OKC,2530596,20.0,6.6,4.4
400900155,OKC,2959753,29.0,13.1,12.2
400900155,OKC,2991070,14.0,-0.8,-1.1
400900155,OKC,2991235,44.0,14.9,13.5
400900155,OKC,3064230,19.0,6.7,6.4
400900155,OKC,3155942,11.0,-5.9,-5.4
400900156,BOS,2769,15.0,4.5,5.4
400900156,BOS,3213,31.0,10.8,9.1
400900156,BOS,3998,21.0,3.1,3.4
400900156,BOS,6472,38.0,24.0,23.2
400900156,BOS,6581,34.0,14.7,11.7
400900156,BOS,6631,4.0,-0.9,-1.4
400900156,BOS,2489663,16.0,5.3,4.0
400900156,BOS,2990992,32.0,9.2,3.7
400900156,BOS,3074752,18.0,9.8,8.9
400900156,BOS,3917376,32.0,9.9,9.3
400900156,LAL,2429,20.0,1.8,0.3
400900156,LAL,2799,23.0,15.4,14.2
400900156,LAL,3243,33.0,13.1,11.4
400900156,LAL,4298,15.0,1.9,2.0
400900156,LAL,2528393,18.0,1.3,2.3
400900156,LAL,2528426,22.0,1.2,-2.1
400900156,LAL,2580365,32.0,19.0,16.2
400900156,LAL,2968363,8.0,4.4,4.1
400900156,LAL,3136776,32.0,14.1,12.1
400900156,LAL,3913176,33.0,9.1,8.4
400900156,LAL,4017837,4.0,0.2,-0.4
400900157,DEN,2439,30.0,4.5,4.0
400900157,DEN,3194,41.0,20.5,15.8
400900157,DEN,3413,17.0,5.8,6.4
400900157,DEN,6433,25.0,19.5,17.7
400900157,DEN,6579,25.0,4.8,2.2
400900157,DEN,2999547,27.0,8.7,7.7
400900157,DEN,3112335,32.0,25.4,22.6
400900157,DEN,3892818,18.0,2.3,1.7
400900157,DEN,3936299,21.0,13.7,12.1
400900157,DEN,4017839,3.0,0.3,0.0
400900157,MIL,841,26.0,8.7,7.1
400900157,MIL,3418,14.0,3.7,3.2
400900157,MIL,4260,13.0,5.5,5.6
400900157,MIL,4385,9.0,3.0,2.4
400900157,MIL,6592,31.0,13.3,10.4
400900157,MIL,2489716,31.0,9.3,8.1
400900157,MIL,2528353,19.0,2.1,1.9
400900157,MIL,2566769,24.0,5.3,2.7
400900157,MIL,3032977,35.0,19.8,16.0
400900157,MIL,3056600,35.0,22.0,17.5
400900157,MIL,4017843,4.0,3.9,4.4
400900158,PHX,984,32.0,8.1,4.7
400900158,PHX,2166,14.0,-3.2,-2.4
400900158,PHX,3033,32.0,7.2,5.0
400900158,PHX,4238,34.0,15.6,14.2
400900158,PHX,6448,19.0,7.0,6.4
400900158,PHX,2596107,16.0,3.0,1.7
400900158,PHX,2982334,36.0,16.9,15.8
400900158,PHX,3136193,41.0,21.5,19.8
400900158,PHX,3907487,16.0,-3.1,-2.8
400900158,SAC,1765,39.0,5.2,2.7
400900158,SAC,3276,26.0,0.4,-0.6
400900158,SAC,3444,16.0,7.9,7.1
400900158,SAC,3973,38.0,10.1,9.7
400900158,SAC,4000,28.0,17.4,15.3
400900158,SAC,4258,34.0,19.9,16.5
400900158,SAC,2578213,35.0,12.1,13.7
400900158,SAC,2991282,14.0,2.4,1.7
400900158,SAC,3934663,9.0,-2.5,-2.1
400900159,DAL,609,32.0,6.4,5.3
400900159,DAL,4032,40.0,18.6,18.0
400900159,DAL,6578,38.0,9.7,7.0
400900159,DAL,2326307,29.0,13.7,14.8
400900159,DAL,2531367,8.0,2.7,2.3
400900159,DAL,2578185,33.0,-0.2,-1.5
400900159,DAL,2968458,18.0,6.8,4.7
400900159,DAL,2982340,3.0,-0.4,-0.7
400900159,DAL,2991018,39.0,24.6,25.6
400900159,POR,4239,32.0,17.4,15.2
400900159,POR,4248,37.0,11.7,9.7
400900159,POR,4259,16.0,4.2,4.7
400900159,POR,6591,20.0,-0.8,-1.4
400900159,POR,6606,38.0,5.4,3.8
400900159,POR,2488653,31.0,9.5,7.1
400900159,POR,2490149,35.0,22.2,22.0
400900159,POR,2531210,23.0,1.6,2.6
400900159,POR,3078284,7.0,3.6,3.3
400900160,NOP,3974,19.0,5.6,4.4
400900160,NOP,3983,27.0,5.6,3.9
400900160,NOP,3995,36.0,4.5,3.7
400900160,NOP,6460,25.0,0.7,0.9
400900160,NOP,6464,5.0,0.7,0.7
400900160,NOP,6583,39.0,23.3,18.9
400900160,NOP,6597,30.0,10.0,7.7
400900160,NOP,2488958,27.0,5.5,3.4
400900160,NOP,2530572,8.0,1.6,2.0
400900160,NOP,2990984,23.0,1.1,1.3
400900160,WAS,2758,36.0,12.9,9.1
400900160,WAS,3232,14.0,8.8,8.1
400900160,WAS,4237,38.0,24.8,18.9
400900160,WAS,6461,38.0,7.4,7.2
400900160,WAS,6580,37.0,5.8,3.7
400900160,WAS,6621,11.0,5.7,5.8
400900160,WAS,2579260,10.0,3.3,2.7
400900160,WAS,2594922,34.0,10.9,6.3
400900160,WAS,3133603,23.0,6.5,6.0
400900161,ATL,1708,16.0,-1.6,-1.7
400900161,ATL,2384,24.0,14.2,10.9
400900161,ATL,2433,12.0,4.6,4.4
400900161,ATL,3015,28.0,16.7,16.7
400900161,ATL,6622,5.0,0.6,1.0
400900161,ATL,6637,27.0,8.4,6.2
400900161,ATL,2282205,21.0,7.8,9.1
400900161,ATL,2488721,5.0,-1.2,0.0
400900161,ATL,2490089,20.0,4.3,3.1
400900161,ATL,2528210,27.0,18.3,14.8
400900161,ATL,2990962,5.0,5.6,4.6
400900161,ATL,3032979,26.0,19.1,16.3
400900161,ATL,3062667,23.0,0.0,-1.4
400900161,ORL,3209,18.0,8.8,6.3
400900161,ORL,3277,20.0,9.3,8.5
400900161,ORL,3415,28.0,5.5,4.3
400900161,ORL,3439,24.0,-0.5,0.3
400900161,ORL,6427,25.0,3.2,1.7
400900161,ORL,6478,24.0,6.9,4.0
400900161,ORL,6588,32.0,2.9,1.3
400900161,ORL,2309097,6.0,-1.2,-0.7
400900161,ORL,2583639,26.0,3.3,3.4
400900161,ORL,2995706,12.0,2.4,2.3
400900161,ORL,3064290,26.0,15.2,13.4
400900162,DET,4305,21.0,5.1,3.5
400900162,DET,6440,23.0,0.3,-0.5
400900162,DET,6443,27.0,2.1,2.7
400900162,DET,6452,27.0,7.6,6.5
400900162,DET,6462,34.0,18.6,15.8
400900162,DET,6585,31.0,7.7,4.7
400900162,DET,2528779,9.0,4.9,4.7
400900162,DET,2581018,32.0,-2.3,-1.8
400900162,DET,2968439,17.0,5.2,2.9
400900162,DET,3134881,19.0,1.8,1.0
400900162,IND,2389,14.0,8.5,8.4
400900162,IND,2751,24.0,0.5,-0.8
400900162,IND,2778,27.0,10.1,9.4
400900162,IND,3192,17.0,3.0,2.7
400900162,IND,4015,31.0,13.7,10.4
400900162,IND,4251,32.0,17.3,16.2
400900162,IND,6424,32.0,18.4,14.3
400900162,IND,2528386,2.0,-0.7,-0.7
400900162,IND,2596110,2.0,-0.1,-0.7
400900162,IND,2990969,2.0,2.0,1.7
400900162,IND,2991039,27.0,5.5,2.7
400900162,IND,3133628,32.0,10.2,7.6
400900163,MIA,2184,7.0,3.2,2.7
400900163,MIA,3423,28.0,14.9,14.9
400900163,MIA,3981,16.0,4.7,5.4
400900163,MIA,3999,16.0,12.2,9.2
400900163,MIA,4250,25.0,3.7,5.0
400900163,MIA,4262,27.0,30.4,24.5
400900163,MIA,6480,8.0,-1.5,-1.0
400900163,MIA,6628,26.0,21.7,18.7
400900163,MIA,2326015,14.0,-1.1,-0.7
400900163,MIA,2488826,15.0,-3.5,-3.5
400900163,MIA,2528473,25.0,1.9,1.7
400900163,MIA,2530276,34.0,15.0,13.1
400900163,PHI,2767,27.0,13.8,13.0
400900163,PHI,3025,12.0,5.3,5.4
400900163,PHI,3993,25.0,8.6,7.4
400900163,PHI,2530530,28.0,7.0,7.6
400900163,PHI,2580898,12.0,5.9,6.3
400900163,PHI,2991042,40.0,5.3,3.3
400900163,PHI,2991280,20.0,7.3,4.3
400900163,PHI,2993370,24.0,12.5,10.2
400900163,PHI,3032978,27.0,-2.7,-4.0
400900163,PHI,3893019,26.0,5.8,4.9
400900164,CLE,1006,19.0,1.4,2.0
400900164,CLE,1966,40.0,25.5,24.4
400900164,CLE,2011,31.0,7.4,6.6
400900164,CLE,2754,16.0,8.8,9.0
400900164,CLE,3449,35.0,17.3,13.4
400900164,CLE,6453,17.0,3.3,2.6
400900164,CLE,6468,36.0,4.2,3.0
400900164,CLE,6474,32.0,10.4,11.3
400900164,CLE,3062892,14.0,2.2,1.7
400900164,NYK,1975,35.0,8.1,5.8
400900164,NYK,2421,6.0,-1.8,-1.4
400900164,NYK,3224,6.0,4.8,4.8
400900164,NYK,3445,30.0,11.6,10.7
400900164,NYK,3997,42.0,24.6,22.7
400900164,NYK,6615,13.0,6.3,5.7
400900164,NYK,2284101,22.0,1.3,-0.1
400900164,NYK,2580349,2.0,0.6,0.0
400900164,NYK,2999409,36.0,15.4,13.8
400900164,NYK,3102531,29.0,5.3,2.1
400900164,NYK,3138120,19.0,7.4,4.9
400900165,CHA,2797,38.0,16.8,10.3
400900165,CHA,3190,24.0,7.9,7.3
400900165,CHA,3416,33.0,6.6,6.5
400900165,CHA,6479,35.0,11.3,11.4
400900165,CHA,6601,29.0,6.9,4.3
400900165,CHA,6603,15.0,8.1,8.3
400900165,CHA,6616,18.0,6.1,4.1
400900165,CHA,6641,13.0,1.6,1.7
400900165,CHA,2579294,32.0,6.8,6.6
400900165,CHA,2595231,3.0,0.0,0.0
400900165,UTA,1007,30.0,15.8,14.6
400900165,UTA,2167,11.0,-2.4,-2.7
400900165,UTA,3438,32.0,20.6,21.2
400900165,UTA,4249,37.0,26.6,23.9
400900165,UTA,4257,10.0,2.9,1.7
400900165,UTA,6429,20.0,-4.2,-3.6
400900165,UTA,2968436,30.0,0.9,-1.8
400900165,UTA,3032976,38.0,13.9,8.3
400900165,UTA,3102528,22.0,5.4,5.7
400900165,UTA,3136196,11.0,-0.7,-1.1
400900166,MIL,841,19.0,10.2,7.8
400900166,MIL,3418,7.0,4.7,4.4
400900166,MIL,4260,20.0,14.8,11.9
400900166,MIL,4385,25.0,16.2,16.5
400900166,MIL,6592,25.0,11.7,10.1
400900166,MIL,2489716,22.0,6.6,7.2
400900166,MIL,2528353,26.0,0.0,0.2
400900166,MIL,2566769,26.0,19.2,15.0
400900166,MIL,3032977,34.0,25.4,21.2
400900166,MIL,3056600,31.0,16.2,13.8
400900166,MIL,3137733,4.0,0.3,0.0
400900166,MIL,4017843,3.0,-0.7,-0.7
400900166,PHX,984,25.0,8.6,6.5
400900166,PHX,2166,10.0,2.7,2.7
400900166,PHX,3033,37.0,16.4,10.5
400900166,PHX,3201,7.0,-2.2,-2.1
400900166,PHX,4238,35.0,7.3,5.4
400900166,PHX,6448,7.0,-0.1,0.7
400900166,PHX,2579326,3.0,-1.5,-1.1
400900166,PHX,2596107,11.0,3.2,4.4
400900166,PHX,2982334,37.0,4.6,4.3
400900166,PHX,3136193,38.0,18.4,19.8
400900166,PHX,3136194,3.0,-0.7,-0.7
400900166,PHX,3907487,24.0,21.7,21.0
400900166,PHX,3936099,3.0,0.0,-0.7
400900167,DEN,558,6.0,-1.0,-1.3
400900167,DEN,2439,22.0,6.0,5.4
400900167,DEN,3194,26.0,0.0,-0.4
400900167,DEN,6433,14.0,3.1,4.7
400900167,DEN,6579,25.0,2.9,2.1
400900167,DEN,2581084,9.0,2.9,2.7
400900167,DEN,2999547,25.0,9.0,6.1
400900167,DEN,3102530,24.0,10.1,8.7
400900167,DEN,3112335,15.0,2.6,3.8
400900167,DEN,3892818,20.0,3.4,2.3
400900167,DEN,3907822,9.0,3.4,3.4
400900167,DEN,3936299,23.0,13.7,12.8
400900167,DEN,4017839,22.0,4.4,2.3
400900167,SAS,272,10.0,14.7,13.8
400900167,SAS,1015,23.0,17.6,15.4
400900167,SAS,2772,21.0,3.4,1.3
400900167,SAS,2983,28.0,10.8,7.0
400900167,SAS,3247,15.0,3.0,3.1
400900167,SAS,3988,20.0,5.6,2.4
400900167,SAS,4004,16.0,8.5,8.1
400900167,SAS,6426,19.0,7.7,5.8
400900167,SAS,6450,32.0,18.6,13.7
400900167,SAS,2579466,22.0,13.9,12.8
400900167,SAS,2580913,14.0,5.6,6.1
400900167,SAS,2993874,12.0,3.4,1.4
400900167,SAS,3907497,9.0,2.0,2.0
400900168,MEM,136,31.0,8.4,7.0
400900168,MEM,1017,31.0,3.2,2.1
400900168,MEM,3195,36.0,12.4,12.6
400900168,MEM,3242,20.0,3.8,2.4
400900168,MEM,3979,22.0,5.8,5.3
400900168,MEM,2327577,30.0,28.0,25.6
400900168,MEM,2489530,15.0,5.9,6.3
400900168,MEM,2579321,35.0,14.6,12.9
400900168,MEM,3064511,19.0,1.2,1.3
400900168,MIN,3457,24.0,1.8,1.6
400900168,MIN,4011,38.0,6.4,7.7
400900168,MIN,4267,3.0,0.3,0.7
400900168,MIN,4269,14.0,3.8,3.8
400900168,MIN,2534781,35.0,4.0,1.7
400900168,MIN,2993875,26.0,5.0,6.3
400900168,MIN,3059319,37.0,14.0,13.9
400900168,MIN,3135046,24.0,10.6,8.9
400900168,MIN,3136195,38.0,24.9,22.2
400900169,GSW,2386,35.0,1.3,-0.7
400900169,GSW,2393,17.0,7.7,6.4
400900169,GSW,3202,42.0,9.0,1.8
400900169,GSW,3452,13.0,0.7,2.0
400900169,GSW,3975,42.0,31.7,28.3
400900169,GSW,6475,43.0,13.5,12.3
400900169,GSW,6589,43.0,10.7,5.6
400900169,GSW,2594818,10.0,2.4,2.4
400900169,GSW,3137730,9.0,0.2,-0.7
400900169,GSW,3155535,12.0,3.7,3.4
400900169,SAC,1765,34.0,11.5,7.7
400900169,SAC,3187,36.0,1.4,0.2
400900169,SAC,3276,36.0,11.7,10.2
400900169,SAC,3444,13.0,4.2,3.1
400900169,SAC,3973,33.0,12.0,12.2
400900169,SAC,4000,20.0,3.6,2.1
400900169,SAC,4258,40.0,20.3,16.9
400900169,SAC,2578213,29.0,10.2,7.6
400900169,SAC,2991282,18.0,13.0,9.1
400900169,SAC,3934663,6.0,0.6,1.4
400900170,BKN,3003,25.0,6.5,6.2
400900170,BKN,3448,30.0,11.6,9.6
400900170,BKN,3593,27.0,4.2,3.3
400900170,BKN,4270,26.0,13.9,9.7
400900170,BKN,6576,2.0,-0.4,-0.7
400900170,BKN,6590,19.0,10.0,6.8
400900170,BKN,2488689,32.0,9.3,8.0
400900170,BKN,2528794,24.0,-1.8,-1.8
400900170,BKN,2580782,21.0,7.4,6.1
400900170,BKN,3064291,20.0,6.5,4.1
400900170,BKN,3136477,15.0,-0.8,-0.7
400900170,TOR,3012,39.0,15.6,13.2
400900170,TOR,3970,32.0,13.6,9.7
400900170,TOR,6477,26.0,12.6,11.7
400900170,TOR,6619,26.0,14.5,13.2
400900170,TOR,6624,5.0,0.3,0.0
400900170,TOR,2595516,33.0,6.6,6.1
400900170,TOR,2991230,20.0,6.1,5.6
400900170,TOR,3032980,22.0,9.2,5.1
400900170,TOR,3134908,7.0,-1.5,-0.7
400900170,TOR,3149673,29.0,4.3,2.7
400900171,BOS,2761,8.0,0.6,0.3
400900171,BOS,2769,28.0,11.2,11.2
400900171,BOS,3213,35.0,13.4,9.1
400900171,BOS,3998,10.0,-1.3,-2.1
400900171,BOS,6472,36.0,22.6,20.4
400900171,BOS,6581,34.0,10.4,5.3
400900171,BOS,2489663,22.0,8.8,8.8
400900171,BOS,2990992,30.0,10.7,11.2
400900171,BOS,3074752,12.0,2.6,2.4
400900171,BOS,3917376,25.0,5.6,4.5
400900171,LAC,165,33.0,19.7,16.1
400900171,LAC,662,5.0,2.0,2.0
400900171,LAC,2753,25.0,13.5,13.5
400900171,LAC,3024,33.0,-0.8,-0.1
400900171,LAC,3442,31.0,8.9,5.7
400900171,LAC,3451,14.0,0.6,0.3
400900171,LAC,3460,17.0,9.8,8.6
400900171,LAC,3989,37.0,14.3,11.7
400900171,LAC,4247,11.0,5.0,4.4
400900171,LAC,6617,34.0,0.0,0.6
400900172,OKC,3468,35.0,25.8,26.1
400900172,OKC,3474,19.0,6.0,4.0
400900172,OKC,2527963,39.0,18.1,11.9
400900172,OKC,2530596,36.0,17.0,12.9
400900172,OKC,2959753,17.0,6.1,6.2
400900172,OKC,2991070,8.0,1.0,1.0
400900172,OKC,2991235,38.0,6.7,4.3
400900172,OKC,3064230,15.0,-2.5,-2.8
400900172,OKC,3155942,34.0,1.3,-1.5
400900172,POR,4239,26.0,2.4,2.0
400900172,POR,4248,32.0,6.3,2.9
400900172,POR,6591,22.0,7.0,4.4
400900172,POR,6605,19.0,4.4,3.1
400900172,POR,6606,36.0,21.6,18.3
400900172,POR,2488653,29.0,6.6,8.0
400900172,POR,2490149,31.0,10.6,9.0
400900172,POR,2531210,30.0,4.1,5.0
400900172,POR,3078284,15.0,4.4,4.8
400900173,LAL,25,2.0,-0.5,-0.5
400900173,LAL,2429,24.0,5.7,3.9
400900173,LAL,2799,26.0,17.1,16.2
400900173,LAL,3243,22.0,10.6,9.2
400900173,LAL,2528393,20.0,9.8,8.8
400900173,LAL,2528426,29.0,6.2,6.0
400900173,LAL,2580365,31.0,11.3,8.5
400900173,LAL,3064514,17.0,8.1,9.8
400900173,LAL,3136776,20.0,6.4,6.5
400900173,LAL,3913176,33.0,11.7,9.6
400900173,LAL,4017837,17.0,10.5,7.1
400900173,NYK,1975,37.0,17.5,16.8
400900173,NYK,2421,1.0,0.3,0.0
400900173,NYK,3445,25.0,5.8,5.7
400900173,NYK,3456,32.0,-0.3,-0.7
400900173,NYK,3997,28.0,13.1,12.4
400900173,NYK,6615,16.0,6.8,7.7
400900173,NYK,2284101,22.0,8.6,8.0
400900173,NYK,2566748,2.0,-0.8,0.0
400900173,NYK,2580349,1.0,-1.0,-1.0
400900173,NYK,2999409,24.0,8.8,4.7
400900173,NYK,3063982,1.0,0.0,0.0
400900173,NYK,3102531,33.0,9.1,6.1
400900173,NYK,3138120,19.0,0.5,1.3
400900174,CLE,1006,21.0,5.6,5.4
400900174,CLE,1966,42.0,32.0,28.9
400900174,CLE,2011,30.0,5.4,6.4
400900174,CLE,2754,12.0,1.3,1.7
400900174,CLE,3449,42.0,36.6,32.4
400900174,CLE,6442,44.0,10.0,9.9
400900174,CLE,6468,24.0,-2.0,-1.4
400900174,CLE,6474,41.0,23.1,21.7
400900174,CLE,3062892,9.0,-0.5,-1.7
400900174,WAS,2758,38.0,14.9,13.9
400900174,WAS,3232,16.0,5.2,4.0
400900174,WAS,4237,44.0,15.7,14.3
400900174,WAS,6461,30.0,8.8,8.7
400900174,WAS,6580,45.0,34.5,33.4
400900174,WAS,6621,12.0,0.9,0.0
400900174,WAS,2579260,6.0,-0.7,-1.0
400900174,WAS,2594922,45.0,22.8,19.5
400900174,WAS,3133603,28.0,10.5,7.7
400900175,IND,2389,12.0,5.9,5.4
400900175,IND,2751,22.0,3.1,2.3
400900175,IND,2778,20.0,1.9,2.2
400900175,IND,3235,14.0,5.6,5.3
400900175,IND,4015,34.0,10.4,7.9
400900175,IND,4251,33.0,12.0,10.0
400900175,IND,4289,15.0,3.3,1.0
400900175,IND,6424,30.0,3.2,2.0
400900175,IND,2991039,24.0,14.8,13.5
400900175,IND,3133628,36.0,7.9,4.1
400900175,OKC,3468,37.0,21.4,15.4
400900175,OKC,3474,14.0,-0.5,-2.1
400900175,OKC,2527963,36.0,6.8,4.8
400900175,OKC,2530596,36.0,12.4,7.4
400900175,OKC,2959753,20.0,4.9,3.7
400900175,OKC,2991070,28.0,8.2,5.0
400900175,OKC,2991235,37.0,11.3,11.2
400900175,OKC,2995702,8.0,2.9,3.7
400900175,OKC,3064230,13.0,-0.5,-0.3
400900175,OKC,3155942,10.0,0.2,0.7
400900176,LAC,165,27.0,8.6,6.3
400900176,LAC,2745,7.0,1.0,1.0
400900176,LAC,2753,36.0,6.5,4.1
400900176,LAC,3024,33.0,6.8,5.3
400900176,LAC,3442,25.0,10.2,8.1
400900176,LAC,3451,12.0,-0.2,-0.4
400900176,LAC,3460,20.0,13.2,12.1
400900176,LAC,3989,37.0,27.1,25.2
400900176,LAC,4247,6.0,-0.1,-0.7
400900176,LAC,6617,38.0,13.3,13.5
400900176,TOR,3012,38.0,20.2,20.2
400900176,TOR,3970,23.0,7.9,7.8
400900176,TOR,3978,38.0,23.5,22.0
400900176,TOR,6446,20.0,9.1,9.4
400900176,TOR,6477,32.0,20.6,17.6
400900176,TOR,6619,19.0,0.1,-0.3
400900176,TOR,6624,6.0,0.0,0.0
400900176,TOR,2595516,12.0,2.9,3.0
400900176,TOR,3032980,26.0,9.0,6.1
400900176,TOR,3134908,9.0,1.5,1.7
400900176,TOR,3149673,16.0,0.6,-0.4
400900177,ATL,1708,16.0,2.8,3.4
400900177,ATL,2384,25.0,11.5,9.0
400900177,ATL,3015,36.0,7.7,6.8
400900177,ATL,6622,12.0,3.7,3.1
400900177,ATL,6637,29.0,5.8,2.5
400900177,ATL,2282205,18.0,8.1,8.7
400900177,ATL,2488721,4.0,-0.1,-0.1
400900177,ATL,2490089,21.0,2.6,1.4
400900177,ATL,2528210,29.0,9.5,8.0
400900177,ATL,2990962,4.0,0.7,0.7
400900177,ATL,3032979,30.0,10.5,11.1
400900177,ATL,3062667,18.0,1.9,2.3
400900177,UTA,1007,21.0,0.8,1.0
400900177,UTA,2167,20.0,3.3,3.8
400900177,UTA,3438,35.0,21.4,19.6
400900177,UTA,4249,30.0,27.0,24.7
400900177,UTA,4257,26.0,23.1,17.4
400900177,UTA,6429,21.0,8.5,7.5
400900177,UTA,6454,1.0,0.0,0.0
400900177,UTA,2333797,1.0,0.6,0.0
400900177,UTA,2968361,1.0,0.0,0.0
400900177,UTA,2968436,24.0,7.8,6.5
400900177,UTA,3032976,34.0,15.5,12.1
400900177,UTA,3102528,14.0,1.7,2.3
400900177,UTA,3136196,11.0,2.7,2.3
400900178,DET,4305,20.0,10.4,8.8
400900178,DET,6440,27.0,3.3,2.3
400900178,DET,6443,28.0,10.8,11.1
400900178,DET,6452,23.0,10.5,11.2
400900178,DET,6462,39.0,16.1,13.6
400900178,DET,6585,26.0,18.3,11.2
400900178,DET,2566747,3.0,0.0,0.0
400900178,DET,2581018,29.0,8.2,6.7
400900178,DET,2968439,22.0,12.7,11.9
400900178,DET,3134881,24.0,3.6,1.6
400900178,PHI,2767,20.0,-3.1,-2.2
400900178,PHI,3025,18.0,7.9,7.1
400900178,PHI,3993,18.0,3.2,3.3
400900178,PHI,2490620,29.0,7.5,4.4
400900178,PHI,2530530,25.0,9.6,6.8
400900178,PHI,2580898,5.0,4.4,4.4
400900178,PHI,2991042,28.0,1.1,-1.0
400900178,PHI,2991280,16.0,4.9,4.0
400900178,PHI,2993370,6.0,2.4,2.1
400900178,PHI,3032978,28.0,8.2,8.5
400900178,PHI,3135048,26.0,10.3,9.5
400900178,PHI,3893019,21.0,9.1,8.4
400900179,NOP,3974,20.0,6.9,4.4
400900179,NOP,3983,8.0,-1.6,-2.4
400900179,NOP,3995,37.0,25.8,20.9
400900179,NOP,6460,30.0,11.5,7.1
400900179,NOP,6464,6.0,-2.8,-2.7
400900179,NOP,6583,40.0,28.8,23.4
400900179,NOP,6597,24.0,1.1,-1.2
400900179,NOP,2488945,9.0,2.3,3.1
400900179,NOP,2488958,31.0,7.3,6.4
400900179,NOP,2530572,7.0,0.6,0.3
400900179,NOP,2990984,28.0,9.6,9.8
400900179,PHX,984,24.0,14.1,11.1
400900179,PHX,2166,20.0,13.3,12.5
400900179,PHX,3033,31.0,0.9,-0.3
400900179,PHX,3201,21.0,8.5,6.8
400900179,PHX,4238,24.0,8.5,8.0
400900179,PHX,6448,24.0,8.1,7.5
400900179,PHX,2596107,9.0,2.2,0.3
400900179,PHX,2982334,33.0,16.4,12.5
400900179,PHX,3136193,37.0,3.5,2.1
400900179,PHX,3907487,17.0,5.1,3.3
400900180,MIA,3423,35.0,29.0,29.3
400900180,MIA,3981,15.0,4.6,4.0
400900180,MIA,3999,29.0,3.7,3.4
400900180,MIA,4250,13.0,-1.3,-0.1
400900180,MIA,4262,36.0,17.0,12.8
400900180,MIA,6628,33.0,10.9,7.0
400900180,MIA,2326015,12.0,4.7,3.4
400900180,MIA,2488826,39.0,18.3,17.4
400900180,MIA,2528473,6.0,0.5,2.1
400900180,MIA,2530276,22.0,2.4,2.9
400900180,MIN,3457,33.0,4.3,2.4
400900180,MIN,4011,36.0,19.6,17.1
400900180,MIN,4267,5.0,1.6,0.7
400900180,MIN,4269,14.0,1.0,-0.4
400900180,MIN,2534781,25.0,12.5,9.8
400900180,MIN,2993875,21.0,6.5,6.3
400900180,MIN,3059319,37.0,17.1,15.0
400900180,MIN,3135046,31.0,9.7,8.2
400900180,MIN,3136195,38.0,28.1,25.8
400900181,DAL,609,24.0,6.8,3.6
400900181,DAL,2382,17.0,0.2,0.7
400900181,DAL,4032,34.0,11.7,9.8
400900181,DAL,6578,34.0,6.9,6.1
400900181,DAL,2326307,34.0,5.6,6.6
400900181,DAL,2531367,26.0,16.4,12.8
400900181,DAL,2578185,14.0,-1.7,-1.7
400900181,DAL,2968458,7.0,1.0,0.7
400900181,DAL,2982340,12.0,-1.0,-0.1
400900181,DAL,2991018,35.0,13.7,10.4
400900181,DAL,3929314,3.0,3.6,3.6
400900181,DEN,558,2.0,0.0,0.0
400900181,DEN,2439,33.0,0.2,-1.7
400900181,DEN,3194,40.0,14.0,10.5
400900181,DEN,3413,22.0,6.2,3.0
400900181,DEN,6579,37.0,25.9,24.4
400900181,DEN,2581084,2.0,1.7,1.7
400900181,DEN,2999547,37.0,15.2,12.7
400900181,DEN,3102530,5.0,2.2,2.3
400900181,DEN,3112335,24.0,13.6,13.7
400900181,DEN,3907822,2.0,3.7,4.1
400900181,DEN,3936299,19.0,6.3,3.7
400900181,DEN,4017839,18.0,8.3,4.8
400900182,MEM,136,24.0,5.1,1.6
400900182,MEM,1017,23.0,9.1,9.4
400900182,MEM,2367,21.0,12.3,7.4
400900182,MEM,3195,35.0,13.8,10.5
400900182,MEM,3206,34.0,8.2,6.9
400900182,MEM,3242,14.0,10.0,8.8
400900182,MEM,3979,17.0,2.8,1.3
400900182,MEM,6466,23.0,-2.1,-4.6
400900182,MEM,2327577,25.0,7.2,6.2
400900182,MEM,2489530,2.0,-2.1,-2.1
400900182,MEM,2579321,19.0,8.4,8.2
400900182,MEM,3064511,2.0,0.3,0.0
400900182,SAS,272,17.0,9.4,8.8
400900182,SAS,1015,29.0,4.9,3.7
400900182,SAS,2772,17.0,12.8,11.7
400900182,SAS,2983,34.0,2.6,1.7
400900182,SAS,3247,3.0,0.3,0.0
400900182,SAS,3988,33.0,8.2,5.4
400900182,SAS,4004,15.0,-2.1,-2.7
400900182,SAS,6426,15.0,-2.3,-3.5
400900182,SAS,2579466,24.0,-0.4,-1.8
400900182,SAS,2580913,27.0,3.1,1.0
400900182,SAS,2993874,22.0,6.1,4.2
400900182,SAS,3907497,3.0,-3.7,-3.7
400900183,CHI,1987,30.0,27.1,24.1
400900183,CHI,3026,20.0,8.6,4.4
400900183,CHI,3447,32.0,13.0,12.2
400900183,CHI,3986,28.0,7.1,7.3
400900183,CHI,6459,25.0,2.4,1.5
400900183,CHI,2528588,9.0,-0.2,0.2
400900183,CHI,2531047,35.0,13.7,12.8
400900183,CHI,2596108,31.0,22.7,18.6
400900183,CHI,3064482,6.0,-0.8,0.0
400900183,CHI,3893023,24.0,0.2,-0.7
400900183,SAC,1765,33.0,17.2,16.0
400900183,SAC,3187,17.0,1.0,2.3
400900183,SAC,3276,30.0,8.6,7.3
400900183,SAC,3444,21.0,9.3,8.2
400900183,SAC,3973,36.0,11.9,10.8
400900183,SAC,4000,35.0,19.5,18.7
400900183,SAC,4258,38.0,14.6,11.3
400900183,SAC,2578213,16.0,-3.2,-3.1
400900183,SAC,2991282,7.0,4.3,3.7
400900183,SAC,3934663,8.0,1.1,2.3
400900184,BKN,3003,21.0,5.8,5.1
400900184,BKN,3448,29.0,10.0,7.9
400900184,BKN,3593,30.0,13.5,12.4
400900184,BKN,4270,24.0,6.2,4.1
400900184,BKN,6590,21.0,10.9,8.8
400900184,BKN,2488689,18.0,0.8,2.0
400900184,BKN,2528794,27.0,6.4,7.6
400900184,BKN,2580782,23.0,7.7,7.1
400900184,BKN,3064291,22.0,7.9,3.0
400900184,BKN,3136477,26.0,9.3,8.8
400900184,CHA,2797,33.0,11.0,8.4
400900184,CHA,3190,26.0,13.1,11.9
400900184,CHA,3416,38.0,15.4,8.3
400900184,CHA,6479,35.0,7.2,7.4
400900184,CHA,6601,28.0,13.0,11.9
400900184,CHA,6603,19.0,13.2,10.4
400900184,CHA,6616,15.0,3.3,3.8
400900184,CHA,6641,13.0,-0.4,-0.3
400900184,CHA,2579294,33.0,8.3,6.5
400900185,HOU,1713,18.0,9.9,8.8
400900185,HOU,2426,36.0,18.6,15.8
400900185,HOU,3191,12.0,2.5,2.0
400900185,HOU,3412,28.0,6.3,5.4
400900185,HOU,3431,30.0,13.2,12.0
400900185,HOU,3472,2.0,0.0,0.0
400900185,HOU,3964,29.0,13.2,12.3
400900185,HOU,3992,36.0,21.0,16.9
400900185,HOU,2566741,2.0,1.3,1.7
400900185,HOU,2991184,18.0,8.2,8.7
400900185,HOU,3059281,2.0,0.7,0.7
400900185,HOU,3102529,28.0,16.3,12.9
400900185,ORL,3277,23.0,1.4,0.7
400900185,ORL,3415,24.0,8.7,8.1
400900185,ORL,3439,41.0,19.9,17.9
400900185,ORL,6427,18.0,0.3,-0.8
400900185,ORL,6478,30.0,20.0,13.7
400900185,ORL,6588,37.0,12.1,12.4
400900185,ORL,2309097,7.0,-1.5,-0.7
400900185,ORL,2583639,27.0,9.7,7.9
400900185,ORL,2995706,15.0,1.4,1.0
400900185,ORL,3064290,19.0,7.1,7.2
400900186,DAL,609,30.0,20.8,18.7
400900186,DAL,2382,27.0,9.1,7.2
400900186,DAL,4032,39.0,17.6,17.9
400900186,DAL,6578,38.0,16.2,13.5
400900186,DAL,2326307,27.0,4.2,5.8
400900186,DAL,2531367,12.0,2.3,0.0
400900186,DAL,2578185,17.0,2.8,3.0
400900186,DAL,2968458,15.0,8.2,6.1
400900186,DAL,2991018,35.0,7.5,6.7
400900186,POR,4239,23.0,8.1,7.5
400900186,POR,4248,28.0,11.3,7.7
400900186,POR,4259,18.0,6.3,5.5
400900186,POR,6591,22.0,4.7,3.8
400900186,POR,6606,40.0,22.5,21.3
400900186,POR,2488653,27.0,15.9,13.6
400900186,POR,2490149,39.0,23.4,24.0
400900186,POR,2531210,22.0,-2.8,-0.8
400900186,POR,3078284,22.0,-3.2,-4.5
400900187,PHI,2767,28.0,6.6,6.2
400900187,PHI,3025,17.0,-1.3,-1.8
400900187,PHI,3993,23.0,1.6,1.5
400900187,PHI,2490620,38.0,13.9,12.0
400900187,PHI,2530530,31.0,6.6,3.7
400900187,PHI,2991042,32.0,18.0,15.9
400900187,PHI,2991280,22.0,0.8,0.5
400900187,PHI,3032978,21.0,15.1,15.6
400900187,PHI,3135048,25.0,19.6,17.4
400900187,PHI,3893019,4.0,0.3,0.0
400900187,SAS,272,18.0,0.9,0.7
400900187,SAS,1015,30.0,15.4,15.9
400900187,SAS,2772,14.0,1.4,0.8
400900187,SAS,2983,36.0,12.0,9.0
400900187,SAS,3247,3.0,0.6,0.7
400900187,SAS,3988,25.0,8.2,5.0
400900187,SAS,4004,18.0,4.2,3.7
400900187,SAS,6426,15.0,5.9,6.0
400900187,SAS,6450,37.0,25.9,25.2
400900187,SAS,2579466,11.0,-1.2,-1.0
400900187,SAS,2580913,26.0,13.4,11.2
400900187,SAS,2993874,6.0,2.9,2.4
400900188,CLE,1006,22.0,6.5,6.7
400900188,CLE,1966,38.0,22.0,19.6
400900188,CLE,2009,2.0,2.7,2.7
400900188,CLE,2011,26.0,24.3,23.6
400900188,CLE,2754,12.0,2.0,0.9
400900188,CLE,3449,35.0,11.8,7.9
400900188,CLE,6442,34.0,21.5,20.3
400900188,CLE,6453,16.0,10.1,7.1
400900188,CLE,6474,35.0,10.2,8.6
400900188,CLE,2531797,14.0,5.4,4.7
400900188,CLE,3062892,6.0,-0.1,0.0
400900188,IND,2389,3.0,4.9,4.7
400900188,IND,2751,24.0,13.0,12.2
400900188,IND,2778,35.0,17.8,17.1
400900188,IND,3235,12.0,-0.5,-0.8
400900188,IND,4015,35.0,23.5,20.4
400900188,IND,4251,38.0,17.8,13.8
400900188,IND,4289,13.0,-2.6,-2.1
400900188,IND,6424,23.0,3.1,3.1
400900188,IND,2528386,2.0,4.4,4.4
400900188,IND,2596110,2.0,0.0,0.0
400900188,IND,2991039,15.0,1.9,1.0
400900188,IND,3133628,40.0,11.3,10.3
400900189,BKN,3003,25.0,3.0,0.9
400900189,BKN,3448,32.0,13.3,12.8
400900189,BKN,3593,34.0,15.3,14.0
400900189,BKN,4270,28.0,12.1,11.4
400900189,BKN,6590,16.0,0.3,0.2
400900189,BKN,2488689,18.0,4.7,3.9
400900189,BKN,2528794,19.0,5.3,4.7
400900189,BKN,2580782,16.0,-1.1,-1.0
400900189,BKN,2991043,26.0,8.0,4.5
400900189,BKN,3064291,31.0,13.8,11.2
400900189,BKN,3136477,21.0,2.8,3.0
400900189,WAS,2758,41.0,13.8,10.8
400900189,WAS,2774,12.0,2.4,1.7
400900189,WAS,3232,23.0,13.3,11.6
400900189,WAS,4237,46.0,17.4,14.3
400900189,WAS,6580,41.0,18.7,17.1
400900189,WAS,6621,15.0,4.7,2.1
400900189,WAS,2579260,14.0,4.0,4.4
400900189,WAS,2594922,39.0,17.0,16.1
400900189,WAS,3133603,33.0,-4.6,-4.6
400900190,ATL,1708,8.0,-0.8,-0.7
400900190,ATL,2384,25.0,10.7,9.5
400900190,ATL,2433,13.0,6.1,6.1
400900190,ATL,3015,38.0,21.7,20.3
400900190,ATL,6637,21.0,9.1,7.7
400900190,ATL,2282205,25.0,2.1,1.7
400900190,ATL,2490089,20.0,7.4,5.6
400900190,ATL,2528210,38.0,11.7,10.8
400900190,ATL,3032979,35.0,23.2,19.4
400900190,ATL,3062667,17.0,10.8,9.2
400900190,DEN,2439,31.0,6.3,6.5
400900190,DEN,3194,36.0,16.1,15.0
400900190,DEN,3413,21.0,5.6,4.7
400900190,DEN,6433,10.0,0.5,0.6
400900190,DEN,6579,38.0,16.9,11.3
400900190,DEN,2999547,34.0,6.4,4.9
400900190,DEN,3112335,34.0,17.9,17.7
400900190,DEN,3936299,22.0,8.1,7.0
400900190,DEN,4017839,14.0,4.4,3.3
400900191,DET,2448,4.0,-1.0,-1.0
400900191,DET,4305,21.0,10.9,7.7
400900191,DET,4376,4.0,5.5,5.2
400900191,DET,6440,24.0,15.4,13.3
400900191,DET,6443,23.0,6.7,6.1
400900191,DET,6452,34.0,13.9,13.5
400900191,DET,6462,28.0,11.9,9.7
400900191,DET,6585,28.0,23.8,14.8
400900191,DET,2528779,9.0,-0.1,-0.7
400900191,DET,2578259,2.0,-0.7,-0.7
400900191,DET,2581018,28.0,9.1,7.3
400900191,DET,2968439,16.0,7.4,7.1
400900191,DET,3134881,18.0,6.3,5.8
400900191,LAL,2429,21.0,0.4,-0.1
400900191,LAL,2799,21.0,12.5,11.0
400900191,LAL,2806,5.0,2.7,1.4
400900191,LAL,3243,20.0,2.5,2.5
400900191,LAL,2528393,19.0,7.1,5.5
400900191,LAL,2528426,22.0,3.9,2.8
400900191,LAL,2580365,19.0,2.8,1.4
400900191,LAL,2968363,12.0,4.9,4.7
400900191,LAL,3064514,30.0,9.0,8.7
400900191,LAL,3136776,23.0,2.8,1.5
400900191,LAL,3913176,27.0,10.9,10.9
400900191,LAL,4017837,22.0,5.0,3.3
400900192,MIA,3423,34.0,12.0,10.6
400900192,MIA,3981,28.0,11.6,11.4
400900192,MIA,3999,30.0,18.4,14.5
400900192,MIA,4250,20.0,-3.9,-3.1
400900192,MIA,4262,34.0,19.9,16.5
400900192,MIA,2326015,14.0,2.0,2.0
400900192,MIA,2488826,36.0,7.2,5.7
400900192,MIA,2528473,17.0,7.5,7.1
400900192,MIA,2530276,27.0,6.7,6.4
400900192,MIL,841,14.0,6.2,6.1
400900192,MIL,3418,12.0,5.4,4.8
400900192,MIL,4260,22.0,6.4,5.7
400900192,MIL,4385,13.0,0.5,-0.1
400900192,MIL,6592,26.0,4.8,0.5
400900192,MIL,6609,15.0,4.2,3.3
400900192,MIL,2489716,15.0,2.2,2.3
400900192,MIL,2528353,34.0,2.5,2.3
400900192,MIL,2566769,33.0,7.5,5.0
400900192,MIL,3032977,36.0,17.3,13.2
400900192,MIL,3056600,20.0,7.8,7.7
400900193,MEM,2367,29.0,7.2,4.2
400900193,MEM,3195,31.0,19.1,18.3
400900193,MEM,3206,35.0,13.5,12.5
400900193,MEM,3242,21.0,0.6,0.4
400900193,MEM,3979,25.0,7.5,6.4
400900193,MEM,6466,24.0,7.9,6.4
400900193,MEM,2327577,30.0,11.6,11.4
400900193,MEM,2489530,22.0,6.6,6.3
400900193,MEM,2579321,22.0,6.5,5.0
400900193,MEM,3064511,2.0,3.0,2.0
400900193,PHX,984,20.0,8.1,3.7
400900193,PHX,2166,17.0,-0.7,-2.5
400900193,PHX,3033,30.0,6.9,4.4
400900193,PHX,3201,17.0,5.4,5.4
400900193,PHX,4238,25.0,6.6,6.8
400900193,PHX,6448,26.0,10.1,9.4
400900193,PHX,2579326,1.0,0.3,0.0
400900193,PHX,2596107,28.0,7.7,6.1
400900193,PHX,2982334,18.0,2.0,0.2
400900193,PHX,3136193,32.0,10.7,11.6
400900193,PHX,3907487,23.0,2.0,0.9
400900193,PHX,3936099,1.0,0.0,0.0
400900194,NOP,3974,24.0,4.8,3.4
400900194,NOP,3995,31.0,8.0,6.3
400900194,NOP,6460,19.0,4.7,5.1
400900194,NOP,6464,20.0,4.0,3.0
400900194,NOP,6583,30.0,12.9,7.3
400900194,NOP,6597,35.0,16.3,13.5
400900194,NOP,2488945,24.0,9.3,10.0
400900194,NOP,2488958,25.0,1.6,1.0
400900194,NOP,2530572,12.0,1.6,1.6
400900194,NOP,2990984,19.0,4.7,4.3
400900194,UTA,1007,24.0,22.8,22.6
400900194,UTA,2167,15.0,5.4,2.8
400900194,UTA,3438,25.0,14.7,14.6
400900194,UTA,4249,26.0,13.6,11.4
400900194,UTA,4257,25.0,11.2,9.9
400900194,UTA,6429,23.0,11.7,9.0
400900194,UTA,6454,5.0,4.0,3.7
400900194,UTA,2333797,5.0,1.6,1.7
400900194,UTA,2968361,3.0,-0.4,0.0
400900194,UTA,2968436,22.0,3.9,2.7
400900194,UTA,3032976,30.0,13.5,10.6
400900194,UTA,3102528,23.0,8.9,8.6
400900194,UTA,3136196,14.0,3.6,3.3
400900195,MIN,3457,20.0,-2.2,-2.1
400900195,MIN,4011,21.0,5.3,4.8
400900195,MIN,4244,20.0,3.2,2.0
400900195,MIN,4267,5.0,0.6,0.0
400900195,MIN,4269,15.0,-0.8,0.0
400900195,MIN,2534781,32.0,12.0,9.8
400900195,MIN,2993875,26.0,16.5,16.7
400900195,MIN,3059319,38.0,27.1,24.3
400900195,MIN,3135046,27.0,3.5,3.7
400900195,MIN,3136195,37.0,29.9,26.3
400900195,TOR,3012,37.0,10.8,10.6
400900195,TOR,3970,34.0,18.2,16.6
400900195,TOR,3978,38.0,17.3,16.6
400900195,TOR,6446,22.0,5.7,3.8
400900195,TOR,6477,26.0,15.7,15.3
400900195,TOR,6619,14.0,8.2,7.4
400900195,TOR,6624,6.0,-2.1,-2.0
400900195,TOR,2595516,7.0,-1.4,-1.0
400900195,TOR,3032980,21.0,1.1,1.4
400900195,TOR,3134908,16.0,6.3,4.8
400900195,TOR,3149673,20.0,2.7,1.9
400900196,LAC,165,30.0,16.5,15.2
400900196,LAC,2745,8.0,3.0,2.7
400900196,LAC,2753,21.0,3.2,3.4
400900196,LAC,3024,28.0,9.7,8.6
400900196,LAC,3442,31.0,26.3,23.5
400900196,LAC,3451,26.0,1.3,0.3
400900196,LAC,3460,10.0,3.2,2.0
400900196,LAC,3989,36.0,27.4,24.7
400900196,LAC,4247,9.0,3.9,2.7
400900196,LAC,6569,6.0,-3.1,-2.7
400900196,LAC,6617,36.0,3.8,2.8
400900196,NYK,1975,37.0,21.2,18.7
400900196,NYK,3445,32.0,7.5,6.2
400900196,NYK,3456,37.0,18.9,16.8
400900196,NYK,3997,17.0,2.0,2.4
400900196,NYK,6615,25.0,18.3,13.9
400900196,NYK,2284101,24.0,2.4,0.6
400900196,NYK,2999409,20.0,6.6,5.7
400900196,NYK,3102531,27.0,21.1,20.5
400900196,NYK,3138120,20.0,-2.9,-2.1
400900197,CHI,3026,23.0,11.9,10.6
400900197,CHI,3447,29.0,15.4,13.9
400900197,CHI,3986,23.0,12.2,10.1
400900197,CHI,6459,24.0,3.6,2.9
400900197,CHI,2490589,23.0,5.6,5.4
400900197,CHI,2528588,17.0,0.1,1.3
400900197,CHI,2531047,25.0,10.2,9.1
400900197,CHI,2596108,25.0,-3.7,-4.2
400900197,CHI,2999549,21.0,-0.8,-1.8
400900197,CHI,3064482,6.0,1.6,1.3
400900197,CHI,3113587,15.0,7.4,5.8
400900197,CHI,3893023,10.0,1.2,0.0
400900197,GSW,2386,22.0,6.1,5.5
400900197,GSW,2393,16.0,2.9,2.4
400900197,GSW,3202,31.0,22.6,16.3
400900197,GSW,3452,16.0,11.9,10.5
400900197,GSW,3975,28.0,9.2,9.5
400900197,GSW,6475,29.0,19.2,18.5
400900197,GSW,6589,32.0,22.7,19.0
400900197,GSW,2489785,16.0,7.1,4.1
400900197,GSW,2594818,16.0,-0.8,0.0
400900197,GSW,2595229,7.0,2.3,1.7
400900197,GSW,3064559,4.0,2.3,2.4
400900197,GSW,3137730,9.0,4.7,3.4
400900197,GSW,3155535,14.0,7.2,6.4
400900198,BOS,2761,13.0,2.4,2.5
400900198,BOS,2769,27.0,15.4,10.9
400900198,BOS,3213,32.0,6.8,3.7
400900198,BOS,3998,10.0,-1.5,-1.0
400900198,BOS,6472,33.0,19.5,19.1
400900198,BOS,6581,32.0,3.0,1.2
400900198,BOS,6631,8.0,1.3,0.7
400900198,BOS,2489663,15.0,9.8,8.8
400900198,BOS,2990992,28.0,4.7,4.7
400900198,BOS,3064509,2.0,1.7,1.7
400900198,BOS,3064520,2.0,0.3,0.0
400900198,BOS,3074752,13.0,-0.8,-0.8
400900198,BOS,3917376,26.0,0.6,0.3
400900198,SAC,1765,31.0,13.9,10.8
400900198,SAC,3187,34.0,3.7,2.6
400900198,SAC,3276,37.0,6.4,2.6
400900198,SAC,3444,27.0,7.4,4.8
400900198,SAC,3973,38.0,20.3,17.6
400900198,SAC,4000,14.0,6.4,4.8
400900198,SAC,2578213,30.0,10.9,11.1
400900198,SAC,2991282,24.0,14.2,13.9
400900198,SAC,3934663,4.0,1.3,1.0
400900198,SAC,3936296,1.0,2.0,2.0
400900198,SAC,4017846,1.0,0.0,0.0
400900199,CHA,2797,35.0,9.9,6.9
400900199,CHA,3190,21.0,2.4,2.3
400900199,CHA,3416,35.0,16.6,14.7
400900199,CHA,6479,36.0,6.8,4.1
400900199,CHA,6601,35.0,12.4,8.9
400900199,CHA,6603,11.0,1.8,1.3
400900199,CHA,6616,13.0,5.0,3.8
400900199,CHA,6641,12.0,4.4,4.4
400900199,CHA,2579258,22.0,5.5,4.1
400900199,CHA,2579294,20.0,5.1,3.6
400900199,HOU,2426,42.0,11.7,7.0
400900199,HOU,3191,25.0,6.6,4.0
400900199,HOU,3412,35.0,8.8,8.7
400900199,HOU,3964,32.0,13.0,9.4
400900199,HOU,3992,39.0,18.1,15.0
400900199,HOU,2991055,22.0,11.3,10.9
400900199,HOU,2991184,20.0,3.0,2.0
400900199,HOU,3102529,26.0,11.1,7.8
400900200,ORL,3209,18.0,-1.6,-1.5
400900200,ORL,3277,28.0,6.1,5.4
400900200,ORL,3415,24.0,9.3,8.4
400900200,ORL,3439,35.0,10.8,9.7
400900200,ORL,6427,17.0,12.3,8.8
400900200,ORL,6478,31.0,18.1,13.9
400900200,ORL,6588,43.0,15.4,13.5
400900200,ORL,2583639,26.0,10.7,9.8
400900200,ORL,2995706,18.0,1.9,1.4
400900200,PHI,2767,27.0,6.4,5.8
400900200,PHI,3025,18.0,9.1,8.2
400900200,PHI,3993,21.0,4.3,3.3
400900200,PHI,2490620,36.0,6.6,3.9
400900200,PHI,2530530,30.0,12.7,8.9
400900200,PHI,2991042,28.0,9.0,8.2
400900200,PHI,2991280,22.0,12.4,7.1
400900200,PHI,3032978,28.0,25.2,21.1
400900200,PHI,3135048,22.0,0.1,-0.8
400900200,PHI,3893019,8.0,3.4,5.0
400900201,CLE,1006,5.0,-1.7,-1.5
400900201,CLE,1966,41.0,13.9,9.7
400900201,CLE,2009,1.0,3.0,2.7
400900201,CLE,2011,26.0,6.3,5.1
400900201,CLE,2754,15.0,6.8,4.3
400900201,CLE,3449,31.0,13.6,7.3
400900201,CLE,6442,34.0,18.4,16.6
400900201,CLE,6453,1.0,0.0,0.0
400900201,CLE,6474,32.0,8.4,6.3
400900201,CLE,6480,22.0,8.8,10.0
400900201,CLE,2531797,27.0,0.5,0.9
400900201,CLE,3062892,6.0,2.0,2.0
400900201,OKC,3468,35.0,21.6,15.9
400900201,OKC,3474,8.0,3.9,3.3
400900201,OKC,2527963,36.0,19.7,16.4
400900201,OKC,2530596,41.0,7.4,4.7
400900201,OKC,2959753,21.0,3.7,3.4
400900201,OKC,2991070,17.0,2.3,2.4
400900201,OKC,2991235,39.0,18.8,16.4
400900201,OKC,2995702,9.0,3.6,3.1
400900201,OKC,3064230,13.0,10.5,10.4
400900201,OKC,3155942,21.0,1.3,2.3
400900202,DAL,609,37.0,13.2,11.0
400900202,DAL,2382,29.0,9.9,9.0
400900202,DAL,4032,42.0,13.5,11.9
400900202,DAL,6578,43.0,20.7,20.7
400900202,DAL,2326307,43.0,10.7,9.5
400900202,DAL,2531367,7.0,-0.7,-0.7
400900202,DAL,2578185,14.0,1.0,-0.8
400900202,DAL,2968458,15.0,8.5,5.1
400900202,DAL,2982340,10.0,3.3,2.4
400900202,DAL,2991018,26.0,9.9,6.1
400900202,UTA,1007,26.0,4.0,2.4
400900202,UTA,2167,14.0,0.3,0.4
400900202,UTA,4249,43.0,24.8,23.7
400900202,UTA,4257,33.0,6.9,5.0
400900202,UTA,6429,22.0,4.7,5.0
400900202,UTA,6454,25.0,8.1,6.2
400900202,UTA,2968436,41.0,14.0,12.2
400900202,UTA,3032976,36.0,12.1,9.5
400900202,UTA,3102528,18.0,-1.1,-0.3
400900202,UTA,3136196,7.0,0.3,0.7
400900203,BOS,2761,18.0,9.4,10.2
400900203,BOS,2769,15.0,4.3,4.4
400900203,BOS,3213,33.0,9.9,8.8
400900203,BOS,3998,7.0,-0.5,-1.4
400900203,BOS,6472,38.0,21.5,20.6
400900203,BOS,6631,7.0,0.6,1.1
400900203,BOS,2489663,23.0,10.3,10.8
400900203,BOS,2990992,38.0,21.6,15.9
400900203,BOS,3064509,5.0,-1.9,-0.7
400900203,BOS,3074752,25.0,10.6,9.5
400900203,BOS,3917376,33.0,13.0,10.6
400900203,POR,4248,31.0,19.8,18.7
400900203,POR,6591,23.0,5.0,1.0
400900203,POR,6605,18.0,2.4,3.4
400900203,POR,6606,40.0,19.7,20.1
400900203,POR,2488653,30.0,10.0,7.4
400900203,POR,2490149,37.0,10.7,10.7
400900203,POR,2531210,30.0,10.1,9.8
400900203,POR,2578239,15.0,5.8,5.8
400900203,POR,3078284,16.0,2.8,1.1
400900204,BKN,3003,26.0,8.4,8.8
400900204,BKN,3448,31.0,23.6,20.7
400900204,BKN,3593,29.0,2.2,1.2
400900204,BKN,4270,25.0,5.8,3.8
400900204,BKN,6590,18.0,7.1,4.0
400900204,BKN,2488689,16.0,4.5,4.0
400900204,BKN,2528794,20.0,-0.8,0.9
400900204,BKN,2580782,19.0,5.4,2.5
400900204,BKN,2991043,19.0,3.7,4.7
400900204,BKN,3064291,23.0,7.4,5.4
400900204,BKN,3136477,16.0,-1.1,-0.7
400900204,MIA,3423,35.0,13.9,12.8
400900204,MIA,3981,25.0,6.7,5.3
400900204,MIA,3999,35.0,22.4,17.6
400900204,MIA,4250,10.0,3.3,3.4
400900204,MIA,4262,25.0,7.3,3.3
400900204,MIA,2326015,9.0,-0.4,0.3
400900204,MIA,2488826,35.0,11.5,6.4
400900204,MIA,2528473,31.0,6.4,7.7
400900204,MIA,2530276,36.0,11.8,8.7
400900205,DEN,2439,36.0,18.2,17.8
400900205,DEN,3194,37.0,17.1,13.6
400900205,DEN,3413,21.0,9.6,9.1
400900205,DEN,6579,34.0,12.9,11.1
400900205,DEN,2999547,34.0,14.7,12.2
400900205,DEN,3102530,11.0,-0.1,0.0
400900205,DEN,3112335,37.0,37.3,34.6
400900205,DEN,3936299,15.0,-1.4,-2.0
400900205,DEN,4017839,16.0,7.3,5.7
400900205,NYK,1975,35.0,28.0,25.3
400900205,NYK,3445,31.0,12.1,11.2
400900205,NYK,3456,28.0,13.2,11.6
400900205,NYK,3997,39.0,10.5,9.6
400900205,NYK,6615,22.0,17.6,14.4
400900205,NYK,2284101,20.0,7.6,5.0
400900205,NYK,2580349,20.0,3.3,2.4
400900205,NYK,2999409,9.0,10.5,9.9
400900205,NYK,3063982,3.0,-0.4,-0.7
400900205,NYK,3102531,33.0,12.5,11.4
400900206,DET,4305,19.0,14.2,11.9
400900206,DET,6440,33.0,13.2,11.1
400900206,DET,6443,29.0,8.7,7.8
400900206,DET,6452,35.0,4.8,5.4
400900206,DET,6462,29.0,8.4,7.0
400900206,DET,6585,37.0,9.9,5.1
400900206,DET,2581018,35.0,6.5,4.7
400900206,DET,2968439,9.0,1.3,1.3
400900206,DET,3134881,14.0,-2.6,-2.4
400900206,SAS,272,17.0,2.5,1.0
400900206,SAS,1015,31.0,6.3,6.0
400900206,SAS,2772,20.0,9.9,9.5
400900206,SAS,2983,32.0,9.5,6.3
400900206,SAS,3247,1.0,0.0,0.0
400900206,SAS,3988,30.0,10.5,10.1
400900206,SAS,4004,16.0,3.1,2.8
400900206,SAS,6426,11.0,0.5,1.0
400900206,SAS,6450,33.0,22.7,20.7
400900206,SAS,2579466,15.0,-0.8,-1.0
400900206,SAS,2580913,32.0,18.5,13.7
400900206,SAS,2993874,1.0,-0.7,-0.7
400900206,SAS,2994526,1.0,0.0,0.0
400900207,LAL,2429,29.0,-0.2,-2.1
400900207,LAL,2799,19.0,14.6,13.7
400900207,LAL,3243,29.0,25.1,24.0
400900207,LAL,2528393,20.0,7.0,4.1
400900207,LAL,2528426,21.0,7.5,8.1
400900207,LAL,2580365,28.0,13.5,12.4
400900207,LAL,3064514,26.0,7.7,6.9
400900207,LAL,3136776,27.0,12.3,10.8
400900207,LAL,3913176,20.0,-1.7,-0.7
400900207,LAL,4017837,21.0,11.2,10.2
400900207,MIL,841,16.0,1.8,3.1
400900207,MIL,3418,23.0,10.5,9.8
400900207,MIL,4260,19.0,4.8,5.1
400900207,MIL,4385,19.0,0.4,-1.1
400900207,MIL,6592,16.0,3.9,2.4
400900207,MIL,6609,21.0,7.2,4.7
400900207,MIL,2489716,18.0,2.0,0.7
400900207,MIL,2528353,23.0,5.8,4.7
400900207,MIL,2566769,27.0,12.0,11.6
400900207,MIL,3032977,42.0,35.1,30.1
400900207,MIL,4017843,17.0,4.9,5.4
400900208,GSW,2386,28.0,24.1,21.1
400900208,GSW,2393,12.0,-1.0,0.3
400900208,GSW,3202,32.0,17.9,14.8
400900208,GSW,3452,18.0,2.8,3.1
400900208,GSW,3975,35.0,11.4,11.4
400900208,GSW,6475,38.0,24.5,26.2
400900208,GSW,6589,38.0,21.2,5.6
400900208,GSW,2489785,4.0,0.3,0.0
400900208,GSW,2594818,11.0,8.7,7.1
400900208,GSW,2595229,2.0,3.3,2.3
400900208,GSW,3064559,2.0,0.7,0.7
400900208,GSW,3137730,8.0,1.0,1.4
400900208,GSW,3155535,12.0,-0.2,-0.7
400900208,MEM,136,19.0,-3.3,-2.4
400900208,MEM,1017,25.0,16.5,14.8
400900208,MEM,2367,28.0,12.3,10.3
400900208,MEM,3195,33.0,20.8,16.9
400900208,MEM,3206,36.0,10.8,9.6
400900208,MEM,3242,12.0,2.7,1.3
400900208,MEM,3979,18.0,4.0,5.3
400900208,MEM,2327577,22.0,-0.5,0.4
400900208,MEM,2489530,15.0,3.2,2.9
400900208,MEM,2579321,30.0,6.7,7.4
400900208,MEM,3064511,2.0,-1.4,-1.0
400900209,MIN,3457,25.0,5.7,5.6
400900209,MIN,4011,39.0,17.1,13.6
400900209,MIN,4244,12.0,-0.3,-0.8
400900209,MIN,4267,3.0,2.3,2.4
400900209,MIN,4269,12.0,-1.2,-1.0
400900209,MIN,2534781,34.0,7.9,5.0
400900209,MIN,2991139,9.0,-1.3,-0.7
400900209,MIN,2993875,22.0,0.8,0.5
400900209,MIN,3059319,37.0,24.5,20.9
400900209,MIN,3135046,10.0,0.6,0.6
400900209,MIN,3136195,38.0,24.5,25.3
400900209,NOP,3414,5.0,-2.3,-1.0
400900209,NOP,3974,38.0,8.4,7.3
400900209,NOP,3995,38.0,25.0,20.0
400900209,NOP,6464,19.0,-0.2,0.1
400900209,NOP,6583,36.0,36.4,32.6
400900209,NOP,2488945,20.0,2.0,2.1
400900209,NOP,2488958,37.0,8.2,5.8
400900209,NOP,2530572,25.0,9.6,8.8
400900209,NOP,2990984,22.0,12.5,12.5
400900210,IND,2389,17.0,5.1,3.4
400900210,IND,2751,28.0,7.6,8.9
400900210,IND,2778,21.0,-0.4,-1.8
400900210,IND,3235,17.0,5.6,6.1
400900210,IND,4015,31.0,12.5,12.5
400900210,IND,4251,36.0,20.8,20.0
400900210,IND,4289,25.0,15.4,14.0
400900210,IND,6424,23.0,9.1,7.9
400900210,IND,2991039,12.0,0.9,-0.7
400900210,IND,3133628,31.0,6.8,5.8
400900210,WAS,2758,35.0,16.8,13.7
400900210,WAS,2774,13.0,-0.2,-1.4
400900210,WAS,3232,17.0,5.4,4.4
400900210,WAS,4237,37.0,19.7,18.4
400900210,WAS,6461,31.0,23.9,20.9
400900210,WAS,6580,35.0,13.4,12.2
400900210,WAS,6621,13.0,6.1,4.4
400900210,WAS,2579260,14.0,6.4,5.4
400900210,WAS,2594922,25.0,5.6,4.7
400900210,WAS,3133603,21.0,0.0,-0.8
400900211,ATL,1708,12.0,5.6,5.7
400900211,ATL,2384,32.0,5.4,3.1
400900211,ATL,2433,12.0,4.0,3.6
400900211,ATL,3015,38.0,21.8,19.4
400900211,ATL,6637,33.0,10.8,6.3
400900211,ATL,2282205,15.0,2.2,2.7
400900211,ATL,2490089,11.0,0.0,-0.3
400900211,ATL,2528210,36.0,19.1,18.7
400900211,ATL,3032979,33.0,12.3,11.1
400900211,ATL,3062667,19.0,0.0,-2.0
400900211,SAC,1765,25.0,7.5,5.5
400900211,SAC,3187,29.0,4.2,4.7
400900211,SAC,3276,26.0,10.9,11.5
400900211,SAC,3444,18.0,1.1,-1.0
400900211,SAC,3973,44.0,16.3,15.4
400900211,SAC,4258,32.0,11.2,7.8
400900211,SAC,2578213,42.0,20.1,15.5
400900211,SAC,2991282,16.0,8.1,8.1
400900211,SAC,3934663,8.0,3.4,3.4
400900212,CHI,1987,28.0,14.3,11.4
400900212,CHI,3026,23.0,1.2,1.4
400900212,CHI,3447,23.0,9.6,10.2
400900212,CHI,3986,26.0,4.8,3.7
400900212,CHI,6430,30.0,15.5,14.4
400900212,CHI,6459,14.0,4.5,2.0
400900212,CHI,2490589,4.0,0.7,0.7
400900212,CHI,2528588,20.0,8.3,8.4
400900212,CHI,2531047,21.0,3.1,1.3
400900212,CHI,2596108,8.0,3.0,3.4
400900212,CHI,2999549,15.0,0.4,-0.8
400900212,CHI,3064482,4.0,4.7,3.7
400900212,CHI,3113587,22.0,4.1,1.6
400900212,PHX,984,12.0,6.3,5.5
400900212,PHX,2166,13.0,0.9,-0.1
400900212,PHX,2807,2.0,0.0,0.0
400900212,PHX,3033,34.0,9.4,5.4
400900212,PHX,3201,14.0,5.3,5.4
400900212,PHX,4238,33.0,16.1,14.5
400900212,PHX,6448,15.0,5.4,4.8
400900212,PHX,2579326,24.0,14.9,11.9
400900212,PHX,2982334,37.0,9.0,8.0
400900212,PHX,3136193,33.0,21.4,21.2
400900212,PHX,3136194,2.0,3.1,3.1
400900212,PHX,3907487,22.0,5.1,5.8
400900213,CHA,2797,35.0,4.4,4.8
400900213,CHA,3190,27.0,11.1,10.4
400900213,CHA,3416,37.0,24.0,22.6
400900213,CHA,6479,42.0,3.6,0.8
400900213,CHA,6601,31.0,7.6,5.4
400900213,CHA,6603,16.0,9.9,10.3
400900213,CHA,6616,12.0,-0.5,-0.7
400900213,CHA,6641,6.0,1.3,0.7
400900213,CHA,2579294,36.0,18.7,15.4
400900213,LAC,165,27.0,16.4,16.5
400900213,LAC,2753,28.0,11.0,8.2
400900213,LAC,3024,24.0,6.0,5.6
400900213,LAC,3442,28.0,2.5,-0.9
400900213,LAC,3451,22.0,6.3,4.7
400900213,LAC,3460,15.0,6.8,5.4
400900213,LAC,3989,35.0,18.8,16.9
400900213,LAC,4247,10.0,1.2,1.0
400900213,LAC,6569,13.0,4.9,5.4
400900213,LAC,6617,38.0,9.8,10.1
400900214,IND,2389,17.0,6.2,5.4
400900214,IND,2751,32.0,10.1,9.1
400900214,IND,2778,33.0,14.5,14.0
400900214,IND,3235,16.0,3.4,4.3
400900214,IND,4015,32.0,6.4,4.2
400900214,IND,4251,38.0,4.4,4.7
400900214,IND,4289,8.0,3.6,3.7
400900214,IND,6424,19.0,5.6,4.7
400900214,IND,2991039,15.0,2.9,2.4
400900214,IND,3133628,31.0,13.7,13.7
400900214,MIL,3418,26.0,5.3,4.8
400900214,MIL,4260,26.0,19.2,14.9
400900214,MIL,4385,17.0,14.5,14.7
400900214,MIL,2489716,33.0,7.5,8.0
400900214,MIL,2528353,21.0,15.0,12.1
400900214,MIL,2566769,36.0,11.0,10.9
400900214,MIL,3032977,34.0,23.1,20.9
400900214,MIL,3137733,25.0,1.2,-0.4
400900214,MIL,4017843,22.0,10.8,9.0
400900215,MIA,3423,37.0,16.8,14.5
400900215,MIA,3981,36.0,8.5,7.3
400900215,MIA,3999,36.0,16.6,15.9
400900215,MIA,4250,7.0,-0.0,0.7
400900215,MIA,4262,34.0,11.3,6.7
400900215,MIA,2326015,14.0,4.3,3.1
400900215,MIA,2488826,26.0,-0.3,0.7
400900215,MIA,2528473,18.0,0.2,1.0
400900215,MIA,2530276,32.0,12.7,12.8
400900215,PHI,2767,22.0,6.6,6.5
400900215,PHI,3025,16.0,5.6,4.4
400900215,PHI,3993,30.0,9.9,6.8
400900215,PHI,2490620,31.0,16.9,11.0
400900215,PHI,2530530,32.0,16.5,13.6
400900215,PHI,2991042,30.0,11.0,8.7
400900215,PHI,2991280,32.0,18.3,15.2
400900215,PHI,2993370,16.0,6.6,7.5
400900215,PHI,3032978,26.0,17.6,14.5
400900215,PHI,3893019,5.0,-2.9,-2.4
400900216,CLE,1006,18.0,1.7,1.3
400900216,CLE,1966,33.0,25.7,22.6
400900216,CLE,2009,1.0,0.0,0.0
400900216,CLE,2011,27.0,11.1,9.8
400900216,CLE,2754,11.0,4.9,5.4
400900216,CLE,3449,34.0,15.3,13.5
400900216,CLE,6442,35.0,16.4,15.4
400900216,CLE,6453,22.0,16.1,10.9
400900216,CLE,6474,36.0,14.2,11.0
400900216,CLE,6480,21.0,5.0,4.7
400900216,CLE,2531797,1.0,0.0,0.0
400900216,CLE,3062892,1.0,0.0,0.0
400900216,DEN,558,12.0,0.2,-0.6
400900216,DEN,2439,37.0,14.4,11.9
400900216,DEN,3194,34.0,4.4,4.7
400900216,DEN,3413,20.0,3.0,2.0
400900216,DEN,6579,23.0,8.8,8.0
400900216,DEN,2581084,11.0,4.3,4.4
400900216,DEN,2999547,29.0,11.9,9.3
400900216,DEN,3112335,38.0,21.9,19.2
400900216,DEN,3907822,3.0,-0.7,-0.7
400900216,DEN,3936299,17.0,10.8,11.0
400900216,DEN,4017839,17.0,2.9,2.3
400900217,HOU,1713,12.0,1.6,0.7
400900217,HOU,2426,31.0,6.1,1.9
400900217,HOU,3191,27.0,7.6,6.1
400900217,HOU,3412,33.0,11.1,9.2
400900217,HOU,3472,5.0,0.0,0.0
400900217,HOU,3964,25.0,20.4,18.3
400900217,HOU,3992,29.0,29.9,29.2
400900217,HOU,2566741,5.0,4.4,4.4
400900217,HOU,2991055,18.0,6.5,6.0
400900217,HOU,2991184,28.0,13.2,12.2
400900217,HOU,3059281,10.0,-0.9,-0.6
400900217,HOU,3102529,18.0,9.6,8.8
400900217,PHX,2166,20.0,6.4,5.5
400900217,PHX,2807,5.0,2.7,1.7
400900217,PHX,3033,21.0,5.1,3.1
400900217,PHX,3201,26.0,11.4,9.5
400900217,PHX,6448,20.0,-4.6,-4.6
400900217,PHX,2579326,10.0,-2.1,-1.7
400900217,PHX,2596107,20.0,7.9,8.1
400900217,PHX,2982334,28.0,12.1,9.4
400900217,PHX,3136193,26.0,5.9,5.8
400900217,PHX,3136194,28.0,10.4,9.8
400900217,PHX,3907487,32.0,3.0,3.0
400900217,PHX,3936099,5.0,2.4,2.4
400900218,GSW,2386,28.0,5.8,5.0
400900218,GSW,2393,16.0,7.7,6.1
400900218,GSW,3202,33.0,24.3,23.9
400900218,GSW,3452,20.0,12.9,14.1
400900218,GSW,3975,34.0,27.4,24.7
400900218,GSW,6475,33.0,17.5,17.7
400900218,GSW,6589,34.0,9.6,5.5
400900218,GSW,2489785,15.0,0.6,-2.0
400900218,GSW,2594818,10.0,5.0,2.6
400900218,GSW,2595229,2.0,-1.1,-0.7
400900218,GSW,3064559,2.0,-0.9,-0.8
400900218,GSW,3137730,2.0,0.0,0.0
400900218,GSW,3155535,11.0,2.6,3.0
400900218,OKC,1978,2.0,0.0,0.0
400900218,OKC,3468,37.0,30.9,28.9
400900218,OKC,3474,17.0,3.2,2.6
400900218,OKC,2527963,35.0,13.9,13.6
400900218,OKC,2530596,34.0,6.4,3.1
400900218,OKC,2959753,9.0,3.3,2.4
400900218,OKC,2983526,5.0,-1.1,-0.7
400900218,OKC,2991070,23.0,8.8,6.7
400900218,OKC,2991235,35.0,10.1,8.5
400900218,OKC,2995702,9.0,3.0,2.0
400900218,OKC,3064230,9.0,-3.0,-1.7
400900218,OKC,3155942,26.0,9.3,6.7
400900219,DAL,609,18.0,12.4,8.7
400900219,DAL,2382,12.0,2.9,2.3
400900219,DAL,2798,16.0,8.4,5.8
400900219,DAL,4032,25.0,20.0,19.0
400900219,DAL,6578,30.0,2.5,3.0
400900219,DAL,2326307,27.0,11.1,10.5
400900219,DAL,2531367,17.0,10.1,9.2
400900219,DAL,2578185,15.0,-1.1,-1.7
400900219,DAL,2968458,19.0,8.9,5.2
400900219,DAL,2982340,17.0,5.9,4.0
400900219,DAL,2991018,32.0,6.9,7.2
400900219,DAL,3929314,12.0,11.7,9.5
400900219,ORL,3209,15.0,4.2,4.0
400900219,ORL,3277,29.0,8.6,6.4
400900219,ORL,3415,26.0,1.0,-0.1
400900219,ORL,3439,25.0,6.0,2.7
400900219,ORL,6427,21.0,16.9,15.0
400900219,ORL,6478,27.0,3.3,0.6
400900219,ORL,6588,29.0,5.9,7.2
400900219,ORL,2309097,12.0,2.9,2.3
400900219,ORL,2583639,20.0,0.3,1.3
400900219,ORL,2995706,35.0,3.0,-1.1
400900220,BOS,2761,23.0,11.0,12.2
400900220,BOS,2769,14.0,4.9,3.4
400900220,BOS,3213,34.0,12.4,9.8
400900220,BOS,3998,21.0,-0.2,0.0
400900220,BOS,6472,35.0,20.9,21.1
400900220,BOS,2489663,27.0,17.3,13.8
400900220,BOS,2990992,37.0,8.1,5.1
400900220,BOS,3064509,15.0,5.5,6.3
400900220,BOS,3074752,23.0,3.8,2.6
400900220,BOS,3917376,12.0,1.7,1.7
400900220,UTA,1007,19.0,3.0,2.6
400900220,UTA,2167,6.0,6.0,5.7
400900220,UTA,3438,36.0,18.5,16.4
400900220,UTA,4249,38.0,24.0,23.5
400900220,UTA,4257,26.0,7.7,5.8
400900220,UTA,6429,18.0,-0.1,-0.1
400900220,UTA,6454,5.0,-0.7,-1.0
400900220,UTA,2968436,30.0,5.6,3.3
400900220,UTA,3032976,34.0,12.5,9.4
400900220,UTA,3102528,6.0,-1.4,-1.4
400900220,UTA,3136196,22.0,3.0,3.3
400900221,CHI,3026,24.0,5.6,4.9
400900221,CHI,3447,24.0,6.2,6.4
400900221,CHI,3986,17.0,-0.6,-0.3
400900221,CHI,2490589,19.0,3.5,1.9
400900221,CHI,2528588,29.0,7.2,7.3
400900221,CHI,2531047,20.0,8.0,7.8
400900221,CHI,2596108,30.0,5.5,2.6
400900221,CHI,2999549,23.0,3.1,1.0
400900221,CHI,3064482,31.0,12.5,12.1
400900221,CHI,3113587,24.0,1.9,2.6
400900221,MIN,3457,29.0,3.1,1.9
400900221,MIN,4011,33.0,19.5,15.7
400900221,MIN,4244,14.0,3.0,3.4
400900221,MIN,4267,9.0,3.3,3.1
400900221,MIN,4269,19.0,15.2,11.8
400900221,MIN,2534781,34.0,11.3,6.8
400900221,MIN,2991139,12.0,-3.4,-3.7
400900221,MIN,2993875,19.0,8.9,8.4
400900221,MIN,3059319,34.0,23.6,20.5
400900221,MIN,3135046,3.0,0.7,0.7
400900221,MIN,3136195,34.0,22.4,20.0
400900222,NYK,1975,40.0,12.2,11.2
400900222,NYK,3445,35.0,8.3,6.5
400900222,NYK,3456,30.0,12.2,10.3
400900222,NYK,3997,18.0,3.7,2.8
400900222,NYK,6485,17.0,-0.4,1.0
400900222,NYK,6615,21.0,4.3,1.7
400900222,NYK,2284101,13.0,2.0,2.4
400900222,NYK,2999409,29.0,13.2,9.6
400900222,NYK,3102531,37.0,14.7,10.0
400900222,SAS,272,17.0,3.2,2.7
400900222,SAS,1015,31.0,0.2,0.7
400900222,SAS,2772,21.0,9.4,7.9
400900222,SAS,2983,37.0,11.1,10.3
400900222,SAS,3988,34.0,-0.7,-1.2
400900222,SAS,4004,20.0,4.5,3.7
400900222,SAS,6426,14.0,4.0,4.1
400900222,SAS,6450,36.0,27.6,22.7
400900222,SAS,2580913,24.0,4.4,0.3
400900222,SAS,2993874,7.0,2.6,2.3
400900223,DET,4305,31.0,13.5,12.1
400900223,DET,6440,31.0,23.2,19.9
400900223,DET,6443,17.0,3.2,1.6
400900223,DET,6452,17.0,-2.1,-2.1
400900223,DET,6462,32.0,7.2,5.2
400900223,DET,6585,27.0,10.7,7.2
400900223,DET,2581018,41.0,8.4,9.2
400900223,DET,2968439,21.0,5.6,4.5
400900223,DET,3134881,24.0,7.5,6.3
400900223,TOR,3012,36.0,13.0,11.1
400900223,TOR,3970,36.0,12.2,11.0
400900223,TOR,3978,38.0,17.1,15.0
400900223,TOR,6446,19.0,2.1,1.9
400900223,TOR,6477,34.0,10.9,10.0
400900223,TOR,6619,18.0,4.7,5.4
400900223,TOR,2595516,8.0,1.2,0.7
400900223,TOR,3032980,32.0,11.5,8.5
400900223,TOR,3134908,20.0,5.5,4.7
400900224,NOP,3974,38.0,9.0,8.7
400900224,NOP,3983,15.0,5.0,2.9
400900224,NOP,3995,40.0,19.1,13.7
400900224,NOP,6464,22.0,5.3,2.3
400900224,NOP,6583,40.0,20.2,16.4
400900224,NOP,2488945,11.0,-1.8,-1.0
400900224,NOP,2488958,34.0,5.1,5.7
400900224,NOP,2530572,25.0,3.7,4.9
400900224,NOP,2990984,14.0,2.9,3.7
400900224,SAC,1765,34.0,10.0,8.5
400900224,SAC,3187,32.0,9.3,7.7
400900224,SAC,3276,24.0,5.5,2.9
400900224,SAC,3444,15.0,3.5,1.4
400900224,SAC,3973,41.0,16.4,12.8
400900224,SAC,4258,36.0,24.6,19.5
400900224,SAC,2578213,28.0,8.3,7.8
400900224,SAC,2991282,18.0,5.5,4.7
400900224,SAC,3934663,13.0,1.5,0.6
400900225,OKC,3468,24.0,10.5,7.9
400900225,OKC,3474,16.0,1.5,0.2
400900225,OKC,6469,17.0,7.3,5.7
400900225,OKC,2527963,18.0,-0.3,1.3
400900225,OKC,2530596,16.0,-2.2,-1.4
400900225,OKC,2959753,29.0,17.1,17.4
400900225,OKC,2983526,11.0,0.1,0.2
400900225,OKC,2991070,25.0,6.6,2.8
400900225,OKC,2991235,19.0,8.5,6.4
400900225,OKC,2995702,20.0,4.3,3.9
400900225,OKC,3064230,23.0,8.6,6.1
400900225,OKC,3155942,23.0,0.5,1.3
400900225,WAS,2758,25.0,13.4,10.9
400900225,WAS,2774,15.0,1.7,1.2
400900225,WAS,3232,21.0,7.3,6.9
400900225,WAS,4237,30.0,17.5,14.0
400900225,WAS,6461,32.0,16.1,13.4
400900225,WAS,6580,23.0,16.3,17.9
400900225,WAS,6614,3.0,-0.7,-0.7
400900225,WAS,6621,17.0,-2.4,-2.7
400900225,WAS,2579260,26.0,7.2,6.8
400900225,WAS,2594885,3.0,1.3,1.7
400900225,WAS,2594922,34.0,16.5,13.4
400900225,WAS,3133603,12.0,1.5,2.0
400900226,CHA,2797,33.0,1.1,0.9
400900226,CHA,3190,27.0,3.5,1.0
400900226,CHA,3416,38.0,13.7,11.4
400900226,CHA,6479,38.0,23.0,19.7
400900226,CHA,6601,32.0,8.4,6.2
400900226,CHA,6603,15.0,7.0,7.6
400900226,CHA,6616,9.0,3.5,2.4
400900226,CHA,6641,10.0,6.1,6.1
400900226,CHA,2579294,38.0,6.4,0.7
400900226,PHI,2767,20.0,5.9,3.4
400900226,PHI,3025,12.0,4.6,5.8
400900226,PHI,3993,28.0,6.7,6.7
400900226,PHI,2490620,30.0,8.3,4.9
400900226,PHI,2530530,36.0,13.1,11.3
400900226,PHI,2991042,25.0,7.6,6.3
400900226,PHI,2991280,28.0,15.2,9.8
400900226,PHI,2993370,19.0,2.4,1.5
400900226,PHI,3032978,31.0,12.8,9.8
400900226,PHI,3893019,11.0,4.0,4.4
400900227,BKN,1781,15.0,2.2,2.1
400900227,BKN,3003,16.0,4.3,3.4
400900227,BKN,3448,32.0,9.4,9.4
400900227,BKN,3593,25.0,8.1,7.7
400900227,BKN,4270,23.0,9.0,7.8
400900227,BKN,2488689,25.0,10.8,8.7
400900227,BKN,2528794,10.0,0.5,1.0
400900227,BKN,2580782,29.0,14.6,14.1
400900227,BKN,2991043,21.0,-2.0,-1.4
400900227,BKN,3064291,25.0,11.3,10.0
400900227,BKN,3136477,17.0,5.9,5.1
400900227,BKN,3153165,1.0,0.0,0.0
400900227,MEM,136,20.0,13.6,11.1
400900227,MEM,1017,19.0,2.4,1.2
400900227,MEM,3195,37.0,28.1,28.3
400900227,MEM,3206,37.0,17.8,13.8
400900227,MEM,3242,21.0,15.4,13.9
400900227,MEM,3979,19.0,0.9,1.1
400900227,MEM,6466,25.0,2.7,0.0
400900227,MEM,2327577,19.0,7.7,7.1
400900227,MEM,2489530,16.0,4.3,4.0
400900227,MEM,2579321,28.0,1.1,1.4
400900228,MIA,3423,36.0,14.4,13.3
400900228,MIA,3981,21.0,1.1,1.9
400900228,MIA,3999,28.0,13.2,12.1
400900228,MIA,4250,12.0,2.6,2.7
400900228,MIA,4262,36.0,14.3,7.1
400900228,MIA,6628,34.0,12.5,11.5
400900228,MIA,2326015,12.0,-1.5,-0.7
400900228,MIA,2488826,22.0,6.9,7.1
400900228,MIA,2528473,7.0,-1.9,-1.4
400900228,MIA,2530276,31.0,12.5,9.3
400900228,ORL,3209,20.0,7.3,7.3
400900228,ORL,3277,17.0,0.3,0.3
400900228,ORL,3415,15.0,-0.2,0.3
400900228,ORL,3439,28.0,18.4,17.0
400900228,ORL,6427,16.0,5.2,4.2
400900228,ORL,6478,31.0,13.6,7.5
400900228,ORL,6588,36.0,15.5,14.7
400900228,ORL,2583639,31.0,15.4,14.7
400900228,ORL,2995706,16.0,9.0,8.1
400900228,ORL,3064290,29.0,5.0,2.0
400900229,DET,4305,17.0,1.4,0.9
400900229,DET,4376,9.0,0.6,-0.3
400900229,DET,6440,20.0,-0.6,-0.1
400900229,DET,6443,31.0,11.0,10.6
400900229,DET,6452,36.0,13.1,10.5
400900229,DET,6462,40.0,19.9,19.2
400900229,DET,6585,34.0,14.8,10.9
400900229,DET,2581018,33.0,-0.2,-0.4
400900229,DET,2968439,5.0,-0.8,0.0
400900229,DET,3134881,15.0,-2.8,-2.0
400900229,MIL,841,17.0,3.9,4.7
400900229,MIL,3418,32.0,24.9,20.7
400900229,MIL,4260,31.0,27.0,21.1
400900229,MIL,4385,10.0,-3.5,-4.1
400900229,MIL,6609,18.0,6.4,7.8
400900229,MIL,2489716,27.0,1.2,1.1
400900229,MIL,2528353,30.0,10.2,10.0
400900229,MIL,2566769,21.0,8.4,7.8
400900229,MIL,3032977,37.0,7.8,5.7
400900229,MIL,3137733,1.0,0.0,0.0
400900229,MIL,4017843,17.0,-0.9,-1.4
400900230,IND,2389,14.0,2.1,0.3
400900230,IND,2751,30.0,6.8,5.0
400900230,IND,2778,22.0,-0.1,-0.4
400900230,IND,3235,21.0,13.7,11.8
400900230,IND,4015,30.0,15.1,13.6
400900230,IND,4251,37.0,19.2,19.4
400900230,IND,4289,27.0,6.3,6.0
400900230,IND,2991039,22.0,1.2,-1.0
400900230,IND,3133628,36.0,16.8,16.2
400900230,SAS,272,11.0,-1.9,-1.1
400900230,SAS,1015,29.0,9.7,9.8
400900230,SAS,2772,22.0,12.4,10.5
400900230,SAS,2983,36.0,8.1,8.2
400900230,SAS,3988,35.0,7.3,6.4
400900230,SAS,4004,18.0,5.6,6.0
400900230,SAS,6450,39.0,27.6,20.8
400900230,SAS,2579466,13.0,5.4,4.1
400900230,SAS,2580913,28.0,8.2,6.9
400900230,SAS,2993874,9.0,3.2,1.9
400900231,BOS,2761,14.0,7.3,7.4
400900231,BOS,2769,21.0,10.3,9.3
400900231,BOS,3213,32.0,7.9,6.1
400900231,BOS,3998,13.0,1.0,1.0
400900231,BOS,6472,34.0,22.6,23.1
400900231,BOS,6581,29.0,5.4,4.9
400900231,BOS,2489663,29.0,11.1,11.2
400900231,BOS,2990992,35.0,15.2,12.8
400900231,BOS,3064509,12.0,6.3,5.1
400900231,BOS,3064520,1.0,0.3,0.0
400900231,BOS,3074752,19.0,1.5,0.7
400900231,DAL,609,29.0,13.5,10.0
400900231,DAL,2382,19.0,4.5,4.2
400900231,DAL,2798,13.0,-1.1,-1.6
400900231,DAL,4032,35.0,13.4,12.5
400900231,DAL,6578,35.0,12.1,9.9
400900231,DAL,2326307,33.0,8.1,5.4
400900231,DAL,2531367,17.0,0.9,0.7
400900231,DAL,2578185,10.0,-0.4,0.0
400900231,DAL,2968458,14.0,5.5,2.1
400900231,DAL,2982340,1.0,1.7,1.7
400900231,DAL,2991018,33.0,15.6,17.0
400900231,DAL,3929314,1.0,-0.7,-0.7
400900232,DEN,558,11.0,5.2,5.4
400900232,DEN,2439,34.0,17.8,17.7
400900232,DEN,6579,41.0,21.6,18.6
400900232,DEN,2581084,12.0,5.4,4.8
400900232,DEN,2999547,32.0,8.9,7.6
400900232,DEN,3112335,36.0,22.2,16.9
400900232,DEN,3907822,7.0,-2.7,-2.7
400900232,DEN,3936299,23.0,11.0,10.5
400900232,DEN,4017839,43.0,22.7,20.8
400900232,GSW,2386,18.0,14.8,12.5
400900232,GSW,3202,27.0,21.2,19.0
400900232,GSW,3452,16.0,5.8,3.4
400900232,GSW,3975,27.0,4.1,3.2
400900232,GSW,6589,24.0,9.9,5.7
400900232,GSW,2489785,27.0,11.3,9.4
400900232,GSW,2594818,14.0,0.4,-0.7
400900232,GSW,2595229,24.0,3.6,2.4
400900232,GSW,3064559,12.0,2.3,1.7
400900232,GSW,3137730,35.0,14.4,14.5
400900232,GSW,3155535,16.0,4.6,3.4
400900233,LAC,165,22.0,4.6,2.4
400900233,LAC,2753,21.0,-2.8,-2.1
400900233,LAC,3024,25.0,2.7,1.9
400900233,LAC,3442,31.0,14.4,8.4
400900233,LAC,3451,38.0,6.4,4.4
400900233,LAC,3460,15.0,2.9,0.9
400900233,LAC,3989,34.0,26.4,23.0
400900233,LAC,4247,10.0,1.4,-0.1
400900233,LAC,6569,10.0,1.0,1.0
400900233,LAC,6617,32.0,7.8,8.1
400900233,LAC,3924880,1.0,-1.1,-1.4
400900233,UTA,1007,28.0,2.9,1.4
400900233,UTA,2167,18.0,4.2,2.7
400900233,UTA,3438,26.0,-1.1,-0.6
400900233,UTA,4249,29.0,0.9,-0.6
400900233,UTA,4257,24.0,10.7,7.5
400900233,UTA,6429,22.0,1.5,0.3
400900233,UTA,2333797,5.0,0.0,-0.7
400900233,UTA,2968361,6.0,1.7,1.7
400900233,UTA,2968436,22.0,2.4,2.0
400900233,UTA,3032976,25.0,12.0,9.9
400900233,UTA,3102528,22.0,9.2,8.1
400900233,UTA,3136196,13.0,-1.8,-3.6
400900234,NOP,3410,19.0,2.0,2.3
400900234,NOP,3983,25.0,9.7,8.7
400900234,NOP,3995,36.0,14.7,13.2
400900234,NOP,6460,24.0,10.4,10.4
400900234,NOP,6464,18.0,2.0,1.0
400900234,NOP,6583,40.0,19.0,15.1
400900234,NOP,2488958,31.0,8.3,7.9
400900234,NOP,2530572,23.0,6.3,5.0
400900234,NOP,2990984,23.0,7.7,4.6
400900234,PHX,984,28.0,6.0,4.4
400900234,PHX,2166,11.0,0.2,0.3
400900234,PHX,3033,33.0,11.3,8.9
400900234,PHX,3201,12.0,0.8,2.0
400900234,PHX,4238,39.0,26.5,24.4
400900234,PHX,6448,18.0,6.5,7.0
400900234,PHX,2596107,19.0,5.8,4.0
400900234,PHX,2982334,26.0,-2.2,-3.1
400900234,PHX,3136193,36.0,8.8,8.4
400900234,PHX,3907487,16.0,2.6,1.9
400900235,ATL,1708,8.0,0.9,0.6
400900235,ATL,2384,38.0,21.7,14.8
400900235,ATL,3015,41.0,24.1,17.4
400900235,ATL,6637,37.0,7.2,4.6
400900235,ATL,2282205,13.0,-2.3,-1.5
400900235,ATL,2490089,13.0,3.5,3.4
400900235,ATL,2528210,43.0,19.4,16.7
400900235,ATL,2990962,25.0,5.1,2.6
400900235,ATL,3032979,42.0,10.6,10.6
400900235,ATL,3062667,4.0,0.0,0.0
400900235,POR,4248,39.0,10.1,6.7
400900235,POR,4259,27.0,11.1,10.7
400900235,POR,6591,32.0,14.2,12.5
400900235,POR,6605,24.0,-0.6,0.2
400900235,POR,6606,41.0,10.9,9.2
400900235,POR,2490149,41.0,17.0,16.3
400900235,POR,2530780,6.0,2.0,2.0
400900235,POR,2531210,31.0,4.0,3.3
400900235,POR,2578239,10.0,-1.6,-0.7
400900235,POR,3078284,14.0,-1.6,-1.1
400900236,CHI,3026,24.0,7.5,6.9
400900236,CHI,3447,21.0,1.8,-0.4
400900236,CHI,3986,27.0,10.5,10.1
400900236,CHI,6430,38.0,20.0,16.3
400900236,CHI,2528588,32.0,15.1,14.8
400900236,CHI,2531047,15.0,-4.0,-3.1
400900236,CHI,2596108,29.0,8.9,7.7
400900236,CHI,2999549,15.0,4.6,4.4
400900236,CHI,3064482,11.0,3.4,1.5
400900236,CHI,3113587,27.0,11.9,10.2
400900236,TOR,3012,38.0,11.0,11.1
400900236,TOR,3970,40.0,5.6,2.3
400900236,TOR,3978,38.0,6.3,6.1
400900236,TOR,6446,28.0,7.8,6.0
400900236,TOR,6477,22.0,9.6,9.2
400900236,TOR,2595516,18.0,11.8,11.1
400900236,TOR,3032980,25.0,1.3,0.6
400900236,TOR,3064447,10.0,1.6,1.7
400900236,TOR,3134908,18.0,3.7,3.1
400900236,TOR,3149673,5.0,0.6,1.0
400900237,CLE,1006,11.0,4.3,3.7
400900237,CLE,1966,40.0,23.4,22.5
400900237,CLE,2009,9.0,-1.1,-0.7
400900237,CLE,2011,27.0,5.4,3.0
400900237,CLE,2754,33.0,18.8,15.4
400900237,CLE,6442,37.0,15.4,15.0
400900237,CLE,6468,26.0,2.8,3.6
400900237,CLE,6474,35.0,14.7,14.0
400900237,CLE,6480,23.0,10.9,9.3
400900237,MIN,3457,37.0,6.5,2.6
400900237,MIN,4011,39.0,10.6,7.7
400900237,MIN,4244,3.0,3.4,3.4
400900237,MIN,4267,5.0,-2.9,-1.7
400900237,MIN,4269,15.0,3.8,3.4
400900237,MIN,2534781,38.0,10.2,9.4
400900237,MIN,2991139,9.0,1.3,1.4
400900237,MIN,2993875,15.0,5.5,4.2
400900237,MIN,3059319,41.0,30.0,28.8
400900237,MIN,3136195,39.0,20.2,19.3
400900239,LAL,2429,21.0,1.6,-0.0
400900239,LAL,2799,24.0,25.9,22.9
400900239,LAL,3243,30.0,6.5,6.6
400900239,LAL,4298,11.0,3.6,4.1
400900239,LAL,2528393,21.0,4.7,5.8
400900239,LAL,2528426,28.0,6.0,3.7
400900239,LAL,2580365,24.0,8.4,5.1
400900239,LAL,3064514,21.0,8.6,7.8
400900239,LAL,3136776,23.0,0.4,-1.4
400900239,LAL,3913176,27.0,5.8,4.9
400900239,LAL,4017837,10.0,-1.0,-1.7
400900239,SAC,1765,27.0,4.5,2.4
400900239,SAC,3187,37.0,8.2,7.8
400900239,SAC,3276,19.0,3.3,1.7
400900239,SAC,3444,26.0,4.8,3.4
400900239,SAC,3973,40.0,9.1,7.9
400900239,SAC,4258,36.0,31.5,26.6
400900239,SAC,2578213,34.0,6.8,6.3
400900239,SAC,2991282,15.0,11.1,7.1
400900239,SAC,3934663,6.0,-2.2,-1.7
400900240,ORL,3209,35.0,5.4,4.3
400900240,ORL,3277,12.0,5.6,4.4
400900240,ORL,3415,20.0,2.2,1.9
400900240,ORL,6427,16.0,4.1,3.3
400900240,ORL,6478,28.0,7.9,5.3
400900240,ORL,6588,34.0,2.5,1.6
400900240,ORL,2309097,4.0,-0.4,0.0
400900240,ORL,2583639,30.0,2.2,2.4
400900240,ORL,2995706,25.0,4.9,3.3
400900240,ORL,3064290,33.0,8.2,6.7
400900240,ORL,3936102,4.0,-0.1,0.0
400900240,SAS,272,16.0,3.0,3.1
400900240,SAS,1015,23.0,5.6,4.0
400900240,SAS,2772,18.0,5.2,4.1
400900240,SAS,2983,28.0,21.2,18.3
400900240,SAS,3247,6.0,1.7,0.7
400900240,SAS,3988,18.0,4.6,-1.0
400900240,SAS,4004,18.0,11.7,10.2
400900240,SAS,6426,16.0,1.4,1.2
400900240,SAS,6450,27.0,16.5,13.0
400900240,SAS,2579466,21.0,4.6,3.9
400900240,SAS,2580913,29.0,10.7,8.5
400900240,SAS,2993874,15.0,7.5,6.4
400900240,SAS,3907497,6.0,2.3,0.7
400900241,CLE,1006,18.0,3.0,3.4
400900241,CLE,1966,33.0,24.0,22.3
400900241,CLE,2009,3.0,2.0,2.0
400900241,CLE,2011,25.0,20.6,17.2
400900241,CLE,2754,30.0,0.0,-0.8
400900241,CLE,6442,34.0,21.2,19.8
400900241,CLE,6453,3.0,0.7,0.0
400900241,CLE,6468,26.0,3.8,4.7
400900241,CLE,6474,37.0,13.6,12.3
400900241,CLE,6480,27.0,5.4,3.9
400900241,CLE,2531797,3.0,-0.4,0.0
400900241,CLE,3062892,3.0,0.0,0.0
400900241,IND,2389,13.0,6.5,6.5
400900241,IND,2751,31.0,13.9,12.7
400900241,IND,2778,19.0,5.5,5.7
400900241,IND,3192,8.0,3.0,3.0
400900241,IND,3235,5.0,-0.2,1.0
400900241,IND,4015,35.0,13.7,13.6
400900241,IND,4251,36.0,5.3,3.8
400900241,IND,4289,27.0,3.9,3.4
400900241,IND,2528386,3.0,1.7,1.7
400900241,IND,2596110,3.0,1.3,0.7
400900241,IND,2990969,3.0,1.3,1.0
400900241,IND,2991039,26.0,18.4,17.6
400900241,IND,3133628,32.0,8.7,7.4
400900242,BOS,2761,6.0,-1.8,-1.4
400900242,BOS,2769,15.0,0.7,0.0
400900242,BOS,3213,29.0,7.3,5.0
400900242,BOS,3998,10.0,2.0,0.7
400900242,BOS,6472,34.0,21.0,21.3
400900242,BOS,6581,35.0,13.4,11.9
400900242,BOS,6631,9.0,1.6,1.4
400900242,BOS,2489663,26.0,14.2,12.2
400900242,BOS,2990992,34.0,22.2,12.4
400900242,BOS,3064509,22.0,8.9,7.4
400900242,BOS,3074752,19.0,-2.5,-2.4
400900242,PHI,2767,15.0,-1.0,-0.4
400900242,PHI,3025,20.0,6.3,5.8
400900242,PHI,3993,25.0,4.1,2.9
400900242,PHI,2490620,29.0,20.6,15.9
400900242,PHI,2530530,28.0,16.2,10.7
400900242,PHI,2991042,28.0,6.3,5.2
400900242,PHI,2991280,31.0,14.2,12.0
400900242,PHI,3032978,33.0,12.2,8.7
400900242,PHI,3135048,17.0,4.2,1.6
400900242,PHI,3893019,14.0,-1.7,-1.8
400900243,CHA,2797,39.0,6.1,0.6
400900243,CHA,3190,22.0,-1.8,-2.1
400900243,CHA,3416,31.0,4.3,2.0
400900243,CHA,6479,43.0,22.4,20.0
400900243,CHA,6601,36.0,7.5,1.0
400900243,CHA,6603,11.0,2.7,3.7
400900243,CHA,6641,5.0,1.3,1.0
400900243,CHA,2579294,37.0,20.5,18.9
400900243,CHA,2595231,5.0,-1.1,-1.4
400900243,CHA,2982337,11.0,1.2,1.7
400900243,TOR,3012,41.0,15.0,13.4
400900243,TOR,3970,39.0,12.0,9.4
400900243,TOR,3978,31.0,-2.8,-3.7
400900243,TOR,6446,25.0,4.0,3.7
400900243,TOR,6477,20.0,10.1,6.8
400900243,TOR,2595516,28.0,11.3,7.8
400900243,TOR,3032980,16.0,0.1,-2.0
400900243,TOR,3064447,28.0,12.7,10.4
400900243,TOR,3134908,12.0,1.5,1.1
400900244,BKN,3003,16.0,-1.6,-1.0
400900244,BKN,3448,35.0,34.5,28.1
400900244,BKN,3593,31.0,7.8,7.1
400900244,BKN,4270,28.0,16.0,14.3
400900244,BKN,6590,13.0,2.9,1.0
400900244,BKN,2488689,19.0,1.8,2.3
400900244,BKN,2528794,21.0,12.4,11.1
400900244,BKN,2580782,27.0,21.7,19.7
400900244,BKN,2991043,13.0,1.1,0.7
400900244,BKN,3064291,20.0,4.7,3.4
400900244,BKN,3136477,18.0,3.3,3.8
400900244,MIL,3418,22.0,12.7,10.8
400900244,MIL,4260,34.0,20.9,18.7
400900244,MIL,4385,6.0,-1.8,-1.4
400900244,MIL,6609,26.0,19.5,17.6
400900244,MIL,2489716,32.0,9.8,9.0
400900244,MIL,2528353,33.0,12.7,8.5
400900244,MIL,2566769,16.0,6.9,5.7
400900244,MIL,3032977,40.0,29.0,23.0
400900244,MIL,3137733,18.0,3.9,2.0
400900244,MIL,4017843,14.0,3.7,3.3
400900245,DAL,609,30.0,19.3,15.4
400900245,DAL,2382,18.0,4.0,2.9
400900245,DAL,2747,18.0,4.4,2.8
400900245,DAL,2798,30.0,6.4,6.0
400900245,DAL,4032,37.0,4.8,2.6
400900245,DAL,6578,37.0,9.4,9.0
400900245,DAL,2326307,31.0,12.2,10.8
400900245,DAL,2578185,9.0,1.9,2.0
400900245,DAL,2968458,5.0,-0.4,0.0
400900245,DAL,2982340,6.0,0.3,0.0
400900245,DAL,2991018,20.0,4.4,2.0
400900245,DET,4305,20.0,6.0,4.7
400900245,DET,6440,24.0,8.3,7.4
400900245,DET,6443,28.0,17.4,16.2
400900245,DET,6452,34.0,18.8,16.8
400900245,DET,6462,36.0,2.4,-1.8
400900245,DET,6585,19.0,8.4,7.5
400900245,DET,2581018,37.0,10.1,9.7
400900245,DET,2968439,26.0,-0.6,-2.8
400900245,DET,3134881,17.0,-2.6,-1.7
400900246,MEM,136,25.0,0.5,0.1
400900246,MEM,1017,25.0,12.0,11.8
400900246,MEM,2367,19.0,-4.6,-4.4
400900246,MEM,3195,33.0,6.7,5.8
400900246,MEM,3206,36.0,14.1,10.2
400900246,MEM,3242,12.0,5.4,5.1
400900246,MEM,3979,23.0,9.0,5.7
400900246,MEM,6466,19.0,6.8,6.7
400900246,MEM,2327577,22.0,4.1,2.3
400900246,MEM,2489530,10.0,5.7,5.4
400900246,MEM,2579321,15.0,2.3,0.3
400900246,NOP,3410,35.0,11.8,6.6
400900246,NOP,3983,27.0,3.1,-0.3
400900246,NOP,3995,33.0,15.7,16.2
400900246,NOP,6460,18.0,-1.6,-1.1
400900246,NOP,6464,22.0,5.0,5.3
400900246,NOP,6583,39.0,9.7,6.0
400900246,NOP,2488958,37.0,21.5,18.8
400900246,NOP,2530572,11.0,1.5,1.9
400900246,NOP,2990984,18.0,4.9,3.7
400900247,HOU,1713,20.0,9.3,8.3
400900247,HOU,2426,36.0,3.1,0.3
400900247,HOU,3191,27.0,3.4,4.1
400900247,HOU,3412,31.0,11.1,11.7
400900247,HOU,3431,32.0,4.7,3.5
400900247,HOU,3964,13.0,3.9,4.3
400900247,HOU,3992,42.0,34.4,33.0
400900247,HOU,2991055,3.0,-0.8,-0.7
400900247,HOU,2991184,21.0,5.7,4.4
400900247,HOU,3102529,16.0,8.1,8.7
400900247,MIA,3423,33.0,15.2,16.1
400900247,MIA,3981,15.0,3.7,3.7
400900247,MIA,3999,31.0,0.9,-0.3
400900247,MIA,4250,17.0,7.4,7.1
400900247,MIA,4262,31.0,23.3,18.1
400900247,MIA,6628,37.0,20.0,18.5
400900247,MIA,2326015,16.0,4.2,2.7
400900247,MIA,2488826,27.0,10.3,9.1
400900247,MIA,2530276,33.0,14.0,13.9
400900248,DEN,2439,35.0,13.6,13.4
400900248,DEN,6579,38.0,15.1,12.7
400900248,DEN,2488653,34.0,10.3,8.3
400900248,DEN,2581084,5.0,0.6,0.7
400900248,DEN,2999547,38.0,14.8,13.0
400900248,DEN,3112335,34.0,11.4,7.3
400900248,DEN,3936299,23.0,3.5,3.6
400900248,DEN,4017839,33.0,0.4,0.3
400900248,MIN,3457,24.0,6.6,3.7
400900248,MIN,4011,34.0,5.9,3.1
400900248,MIN,4269,29.0,6.4,6.8
400900248,MIN,2534781,28.0,6.0,4.0
400900248,MIN,2991139,20.0,6.7,3.1
400900248,MIN,2993875,17.0,14.4,13.5
400900248,MIN,3059319,38.0,29.8,27.7
400900248,MIN,3135046,11.0,1.3,0.3
400900248,MIN,3136195,39.0,22.4,17.7
400900249,POR,4259,19.0,5.6,5.4
400900249,POR,6591,25.0,9.5,7.1
400900249,POR,6605,23.0,8.3,6.0
400900249,POR,6606,35.0,6.2,5.4
400900249,POR,2490149,25.0,3.3,4.6
400900249,POR,2530780,12.0,6.0,5.7
400900249,POR,2531210,26.0,-2.3,-2.8
400900249,POR,2578239,20.0,4.0,2.0
400900249,POR,2982268,4.0,-0.4,0.0
400900249,POR,3078284,24.0,1.0,-0.3
400900249,POR,3102530,21.0,13.1,8.5
400900249,POR,4064730,4.0,1.6,2.0
400900249,UTA,1007,23.0,8.5,8.3
400900249,UTA,2167,20.0,0.2,0.0
400900249,UTA,3438,31.0,10.3,10.4
400900249,UTA,4249,34.0,18.1,17.4
400900249,UTA,4257,26.0,3.4,0.7
400900249,UTA,6429,16.0,4.5,2.3
400900249,UTA,2333797,2.0,0.7,0.0
400900249,UTA,2968361,3.0,3.0,2.7
400900249,UTA,2968436,32.0,20.1,14.6
400900249,UTA,3032976,32.0,13.0,9.0
400900249,UTA,3102528,20.0,8.2,7.8
400900249,UTA,3136196,2.0,0.7,0.7
400900250,LAL,2429,23.0,6.1,6.0
400900250,LAL,2799,24.0,17.2,15.1
400900250,LAL,3243,24.0,1.0,-0.5
400900250,LAL,2528393,9.0,-2.8,-1.4
400900250,LAL,2528426,30.0,5.9,5.2
400900250,LAL,2580365,22.0,4.2,3.1
400900250,LAL,2968363,9.0,-0.1,0.3
400900250,LAL,3064514,29.0,14.0,12.5
400900250,LAL,3136776,28.0,13.1,10.6
400900250,LAL,3913176,29.0,-1.6,-3.9
400900250,LAL,4017837,14.0,3.6,4.6
400900250,PHX,984,21.0,10.8,6.4
400900250,PHX,2166,10.0,6.5,5.8
400900250,PHX,3033,21.0,6.5,6.7
400900250,PHX,3201,19.0,2.5,1.7
400900250,PHX,4238,36.0,29.1,25.1
400900250,PHX,6448,21.0,9.3,8.8
400900250,PHX,2579326,5.0,3.5,1.7
400900250,PHX,2596107,23.0,7.9,7.1
400900250,PHX,2982334,21.0,14.5,11.9
400900250,PHX,3136193,30.0,15.2,14.8
400900250,PHX,3136194,6.0,3.1,3.5
400900250,PHX,3907487,25.0,13.9,9.5
400900250,PHX,3936099,4.0,6.1,5.8
400900251,NYK,1975,39.0,21.2,19.2
400900251,NYK,3445,39.0,9.8,9.4
400900251,NYK,3456,38.0,19.4,17.3
400900251,NYK,6485,15.0,3.9,3.4
400900251,NYK,6615,11.0,3.3,-1.0
400900251,NYK,2284101,16.0,3.8,2.6
400900251,NYK,2580349,18.0,4.5,5.0
400900251,NYK,2999409,32.0,11.8,6.8
400900251,NYK,3102531,33.0,3.1,0.2
400900251,OKC,3468,38.0,37.7,30.7
400900251,OKC,3474,7.0,2.7,2.7
400900251,OKC,2527963,37.0,13.9,12.1
400900251,OKC,2530596,34.0,8.9,6.6
400900251,OKC,2959753,17.0,4.8,2.6
400900251,OKC,2991070,24.0,15.8,13.0
400900251,OKC,2991235,31.0,9.2,7.7
400900251,OKC,2995702,16.0,1.8,2.3
400900251,OKC,3064230,12.0,-2.5,-3.1
400900251,OKC,3155942,24.0,4.4,3.7
400900252,ATL,1708,15.0,2.2,1.0
400900252,ATL,2384,24.0,11.3,8.7
400900252,ATL,2433,14.0,1.4,1.3
400900252,ATL,3015,30.0,0.9,-0.2
400900252,ATL,6622,12.0,0.7,0.7
400900252,ATL,6637,17.0,-3.9,-5.1
400900252,ATL,2282205,17.0,5.2,4.7
400900252,ATL,2488721,10.0,1.9,0.7
400900252,ATL,2490089,11.0,6.0,5.4
400900252,ATL,2528210,28.0,6.7,6.1
400900252,ATL,2990962,25.0,1.7,1.3
400900252,ATL,3032979,29.0,11.6,10.7
400900252,ATL,3062667,8.0,5.4,4.8
400900252,LAC,165,27.0,4.5,2.3
400900252,LAC,2745,6.0,3.3,2.0
400900252,LAC,2753,27.0,15.1,9.6
400900252,LAC,3024,25.0,9.4,9.3
400900252,LAC,3442,29.0,10.9,5.8
400900252,LAC,3451,15.0,4.7,4.4
400900252,LAC,3460,12.0,-0.3,1.7
400900252,LAC,3989,29.0,14.7,11.9
400900252,LAC,4247,19.0,10.5,6.0
400900252,LAC,6569,20.0,1.8,1.3
400900252,LAC,6617,27.0,12.3,9.1
400900252,LAC,3924880,3.0,-0.7,-1.0
400900253,GSW,2386,22.0,7.9,4.8
400900253,GSW,2393,15.0,-0.8,-0.7
400900253,GSW,3202,32.0,23.9,18.4
400900253,GSW,3452,18.0,9.4,7.5
400900253,GSW,3975,30.0,10.1,7.7
400900253,GSW,6475,31.0,32.7,30.2
400900253,GSW,6589,15.0,1.4,1.0
400900253,GSW,2489785,17.0,5.6,5.7
400900253,GSW,2594818,14.0,4.9,3.6
400900253,GSW,2595229,6.0,-2.4,-2.4
400900253,GSW,3064559,6.0,1.6,2.0
400900253,GSW,3137730,18.0,3.2,1.3
400900253,GSW,3155535,16.0,7.5,3.3
400900253,SAC,1765,32.0,15.3,11.8
400900253,SAC,3187,16.0,2.0,2.0
400900253,SAC,3276,29.0,2.5,1.0
400900253,SAC,3444,11.0,-1.1,-0.8
400900253,SAC,3973,28.0,8.4,7.4
400900253,SAC,4258,23.0,7.9,6.4
400900253,SAC,2578213,33.0,2.9,2.6
400900253,SAC,2991282,24.0,5.1,3.0
400900253,SAC,3934663,27.0,8.7,6.7
400900253,SAC,3936296,10.0,-2.1,-1.7
400900253,SAC,4017846,8.0,5.0,3.4
400900254,IND,2389,11.0,8.1,8.8
400900254,IND,2751,31.0,11.1,10.2
400900254,IND,2778,26.0,4.9,3.0
400900254,IND,3235,21.0,11.8,10.8
400900254,IND,4015,27.0,4.6,2.8
400900254,IND,4251,37.0,8.6,4.9
400900254,IND,4289,25.0,4.8,4.7
400900254,IND,2991039,24.0,8.0,8.1
400900254,IND,3133628,37.0,13.6,10.3
400900254,WAS,2758,34.0,8.7,7.1
400900254,WAS,2774,13.0,3.2,3.2
400900254,WAS,3232,13.0,2.5,2.7
400900254,WAS,4237,37.0,14.8,12.6
400900254,WAS,6461,32.0,19.9,17.6
400900254,WAS,6580,36.0,13.5,13.1
400900254,WAS,6621,10.0,-0.4,0.0
400900254,WAS,2579260,13.0,2.6,1.7
400900254,WAS,2594885,1.0,0.0,0.0
400900254,WAS,2594922,35.0,22.6,20.2
400900254,WAS,3133603,16.0,1.2,1.6
400900255,BOS,2761,12.0,3.6,3.0
400900255,BOS,2769,17.0,9.0,6.8
400900255,BOS,3213,27.0,4.2,3.3
400900255,BOS,3998,11.0,1.5,1.0
400900255,BOS,6472,34.0,21.2,21.5
400900255,BOS,6581,33.0,1.7,2.6
400900255,BOS,6631,9.0,6.2,6.2
400900255,BOS,2489663,32.0,16.1,14.8
400900255,BOS,2990992,33.0,3.6,3.3
400900255,BOS,3064509,9.0,4.0,3.7
400900255,BOS,3074752,23.0,9.5,8.7
400900255,CHI,3026,20.0,3.1,0.8
400900255,CHI,3447,27.0,14.5,12.6
400900255,CHI,3986,28.0,12.0,10.9
400900255,CHI,6430,40.0,24.4,23.9
400900255,CHI,2528588,30.0,5.8,4.2
400900255,CHI,2531047,28.0,5.5,4.9
400900255,CHI,2596108,22.0,4.3,3.0
400900255,CHI,2999549,5.0,0.0,0.0
400900255,CHI,3064482,26.0,14.6,11.8
400900255,CHI,3113587,16.0,3.4,3.7
400900256,ORL,3209,18.0,10.1,8.3
400900256,ORL,3415,26.0,2.5,2.3
400900256,ORL,6427,15.0,2.1,1.4
400900256,ORL,6478,33.0,14.0,12.5
400900256,ORL,6588,38.0,11.2,10.5
400900256,ORL,6619,33.0,6.5,3.8
400900256,ORL,2583639,22.0,3.2,2.6
400900256,ORL,2995706,25.0,9.6,9.5
400900256,ORL,3064290,29.0,11.0,8.8
400900256,POR,4259,13.0,2.2,2.5
400900256,POR,6591,38.0,11.0,7.3
400900256,POR,6605,11.0,3.7,3.7
400900256,POR,6606,32.0,21.0,20.7
400900256,POR,2490149,37.0,13.6,12.1
400900256,POR,2530780,26.0,12.2,9.2
400900256,POR,2531210,25.0,0.6,0.7
400900256,POR,2982268,6.0,0.9,1.7
400900256,POR,3078284,16.0,4.6,3.4
400900256,POR,3102530,34.0,14.5,9.3
400900257,CHA,2797,40.0,12.5,9.4
400900257,CHA,3190,23.0,1.4,-0.7
400900257,CHA,3416,40.0,11.1,9.3
400900257,CHA,6479,42.0,32.6,30.0
400900257,CHA,6601,39.0,16.7,10.5
400900257,CHA,6603,17.0,2.2,2.3
400900257,CHA,6641,11.0,2.5,1.6
400900257,CHA,2579294,39.0,7.6,6.8
400900257,CHA,2982337,14.0,-1.0,-1.0
400900257,DET,4305,33.0,8.4,6.5
400900257,DET,6440,37.0,21.7,19.9
400900257,DET,6443,20.0,0.5,1.0
400900257,DET,6452,41.0,5.3,4.0
400900257,DET,6462,38.0,8.1,6.2
400900257,DET,6585,26.0,10.5,8.2
400900257,DET,2528779,7.0,2.3,1.7
400900257,DET,2581018,43.0,24.7,22.7
400900257,DET,2968439,5.0,1.0,0.0
400900257,DET,3134881,16.0,6.8,5.4
400900258,HOU,1713,19.0,6.0,3.9
400900258,HOU,2426,27.0,7.4,4.3
400900258,HOU,2799,25.0,20.4,20.5
400900258,HOU,3412,24.0,13.3,13.1
400900258,HOU,3431,30.0,10.6,9.5
400900258,HOU,3472,3.0,0.0,0.0
400900258,HOU,3964,30.0,6.0,0.2
400900258,HOU,3992,30.0,17.5,13.7
400900258,HOU,2991055,14.0,8.1,9.8
400900258,HOU,2991184,20.0,7.2,7.1
400900258,HOU,3102529,19.0,13.1,11.2
400900258,NOP,3554,24.0,5.5,6.4
400900258,NOP,3974,25.0,4.4,4.1
400900258,NOP,3995,35.0,-1.4,-4.7
400900258,NOP,4258,35.0,31.5,22.3
400900258,NOP,6460,23.0,5.8,4.7
400900258,NOP,6464,10.0,2.1,2.7
400900258,NOP,6583,33.0,20.5,16.1
400900258,NOP,6634,5.0,0.5,0.9
400900258,NOP,2488945,23.0,2.7,2.1
400900258,NOP,2488958,27.0,1.2,1.1
400900259,CLE,1006,23.0,10.6,10.8
400900259,CLE,1966,37.0,22.4,16.8
400900259,CLE,2009,3.0,-0.4,0.0
400900259,CLE,2011,31.0,18.0,16.5
400900259,CLE,2754,27.0,6.1,4.2
400900259,CLE,6442,30.0,20.1,17.9
400900259,CLE,6453,3.0,1.2,1.0
400900259,CLE,6468,23.0,1.2,0.2
400900259,CLE,6474,31.0,15.5,11.7
400900259,CLE,6480,27.0,8.3,7.4
400900259,CLE,2531797,3.0,2.3,2.7
400900259,CLE,3062892,3.0,0.3,0.0
400900259,NYK,1975,40.0,6.0,6.0
400900259,NYK,2421,2.0,2.7,2.7
400900259,NYK,3445,36.0,23.8,21.7
400900259,NYK,3456,32.0,7.6,7.4
400900259,NYK,3997,14.0,3.3,3.3
400900259,NYK,6485,31.0,9.5,8.1
400900259,NYK,6615,19.0,4.8,3.4
400900259,NYK,2284101,12.0,0.4,-1.2
400900259,NYK,2580349,2.0,1.6,1.3
400900259,NYK,2999409,27.0,11.4,9.1
400900259,NYK,3063982,2.0,0.0,0.0
400900259,NYK,3102531,16.0,5.9,3.3
400900259,NYK,3138120,7.0,-1.4,-1.0
400900260,GSW,2016,18.0,8.6,5.5
400900260,GSW,2177,11.0,7.0,4.5
400900260,GSW,2386,30.0,6.1,4.1
400900260,GSW,2393,17.0,5.4,4.4
400900260,GSW,3202,34.0,26.6,21.9
400900260,GSW,3452,12.0,3.3,3.4
400900260,GSW,3975,32.0,31.4,27.6
400900260,GSW,6475,31.0,14.2,14.2
400900260,GSW,6589,23.0,3.6,1.8
400900260,GSW,2489785,9.0,0.9,0.3
400900260,GSW,2594818,8.0,6.0,4.1
400900260,GSW,2595229,3.0,-2.1,-1.7
400900260,GSW,3137730,12.0,0.2,0.3
400900260,LAC,165,34.0,15.2,13.6
400900260,LAC,2745,13.0,7.7,7.0
400900260,LAC,2753,24.0,14.3,11.9
400900260,LAC,3024,30.0,6.9,5.3
400900260,LAC,3442,31.0,16.0,14.4
400900260,LAC,3451,14.0,-2.9,-2.1
400900260,LAC,3460,14.0,3.4,2.3
400900260,LAC,3989,35.0,7.8,6.1
400900260,LAC,4247,6.0,2.3,1.7
400900260,LAC,6617,37.0,10.8,8.6
400900260,LAC,2982330,3.0,-0.7,-1.0
400900261,DEN,558,2.0,0.0,0.0
400900261,DEN,2439,29.0,15.9,10.9
400900261,DEN,3194,29.0,12.6,11.4
400900261,DEN,3428,30.0,13.6,12.2
400900261,DEN,6433,14.0,-2.5,-2.7
400900261,DEN,6579,32.0,10.1,9.5
400900261,DEN,2488653,22.0,7.7,6.3
400900261,DEN,2999547,35.0,15.2,13.0
400900261,DEN,3112335,26.0,3.2,1.7
400900261,DEN,3936299,19.0,-2.2,-2.8
400900261,DEN,4017839,2.0,0.0,0.0
400900261,SAC,3276,31.0,3.7,1.0
400900261,SAC,3444,21.0,7.9,5.4
400900261,SAC,3973,32.0,17.4,13.9
400900261,SAC,3983,26.0,10.1,8.3
400900261,SAC,4000,31.0,8.0,6.9
400900261,SAC,2578213,23.0,5.7,6.7
400900261,SAC,2990984,26.0,13.9,11.1
400900261,SAC,2991282,35.0,19.9,18.3
400900261,SAC,3936296,14.0,11.4,10.9
400900262,PHI,3025,18.0,2.3,2.1
400900262,PHI,3993,31.0,11.1,10.8
400900262,PHI,2490620,39.0,25.8,20.3
400900262,PHI,2530530,30.0,10.9,9.2
400900262,PHI,2991042,24.0,8.8,8.0
400900262,PHI,2993370,26.0,17.3,10.9
400900262,PHI,3032978,33.0,15.8,12.2
400900262,PHI,3135048,22.0,4.2,5.2
400900262,PHI,3893019,18.0,3.4,5.4
400900262,WAS,2758,36.0,6.1,5.2
400900262,WAS,2774,7.0,-0.7,-1.2
400900262,WAS,3232,4.0,1.4,0.0
400900262,WAS,3593,18.0,1.1,-1.4
400900262,WAS,4237,41.0,24.7,22.3
400900262,WAS,6461,27.0,8.3,7.8
400900262,WAS,6580,42.0,29.1,28.1
400900262,WAS,2579260,10.0,1.1,2.3
400900262,WAS,2594922,36.0,7.7,3.3
400900262,WAS,3133603,19.0,-1.0,-0.1
400900263,IND,2751,24.0,11.4,11.9
400900263,IND,2778,22.0,15.9,12.1
400900263,IND,3192,2.0,-1.8,-1.4
400900263,IND,3235,15.0,5.9,5.3
400900263,IND,3244,26.0,10.2,7.8
400900263,IND,4015,31.0,9.2,9.2
400900263,IND,4251,34.0,3.9,1.3
400900263,IND,4289,2.0,-1.8,-1.4
400900263,IND,6424,21.0,12.6,8.9
400900263,IND,2528386,2.0,-0.7,-0.7
400900263,IND,2596110,14.0,3.5,3.1
400900263,IND,2991039,14.0,3.4,3.1
400900263,IND,3133628,34.0,15.3,9.9
400900263,MEM,136,24.0,10.2,8.7
400900263,MEM,1017,26.0,5.6,3.1
400900263,MEM,2367,25.0,10.0,5.5
400900263,MEM,3195,32.0,9.1,8.7
400900263,MEM,3206,32.0,7.6,6.7
400900263,MEM,3979,18.0,5.6,3.0
400900263,MEM,6466,19.0,-0.6,0.3
400900263,MEM,2327577,32.0,6.5,5.7
400900263,MEM,2489530,15.0,10.6,7.6
400900263,MEM,2579321,10.0,0.3,0.0
400900263,MEM,3064511,3.0,4.7,4.7
400900263,MEM,3937101,3.0,1.6,0.6
400900264,BOS,2769,19.0,1.8,-1.0
400900264,BOS,3213,30.0,6.1,4.4
400900264,BOS,3998,19.0,2.4,2.7
400900264,BOS,6472,35.0,10.7,11.3
400900264,BOS,6581,31.0,14.1,14.0
400900264,BOS,2489663,16.0,2.0,2.7
400900264,BOS,2990992,32.0,14.4,14.0
400900264,BOS,3064509,12.0,4.3,2.0
400900264,BOS,3074752,17.0,1.9,1.7
400900264,BOS,3917376,28.0,10.3,9.8
400900264,TOR,3033,29.0,13.0,8.3
400900264,TOR,3439,36.0,9.6,8.1
400900264,TOR,3970,28.0,4.6,5.0
400900264,TOR,3978,37.0,30.6,29.9
400900264,TOR,4264,17.0,7.9,8.8
400900264,TOR,6446,36.0,10.3,8.1
400900264,TOR,6477,18.0,7.9,6.7
400900264,TOR,2595516,17.0,-0.7,-1.5
400900264,TOR,3032980,11.0,-0.4,-1.0
400900264,TOR,3064447,12.0,-0.1,-0.4
400900265,CHI,1987,33.0,17.4,15.4
400900265,CHI,3026,29.0,13.5,9.7
400900265,CHI,3447,36.0,13.8,12.4
400900265,CHI,6430,43.0,18.3,14.8
400900265,CHI,6459,37.0,14.6,13.0
400900265,CHI,2531047,13.0,7.3,5.9
400900265,CHI,2596108,8.0,-1.4,-1.4
400900265,CHI,2999549,34.0,16.3,12.2
400900265,CHI,3064482,16.0,7.1,6.4
400900265,CHI,3113587,17.0,4.4,4.0
400900265,PHX,2166,16.0,7.2,6.4
400900265,PHX,3201,20.0,1.2,1.3
400900265,PHX,4238,40.0,13.9,11.2
400900265,PHX,2579326,15.0,12.1,13.5
400900265,PHX,2596107,35.0,-0.2,-1.8
400900265,PHX,2982334,38.0,14.8,12.5
400900265,PHX,3136193,41.0,13.8,12.5
400900265,PHX,3136194,13.0,7.8,6.2
400900265,PHX,3907487,33.0,15.5,11.1
400900265,PHX,3936099,14.0,5.4,5.1
400900266,MIL,841,20.0,1.8,2.6
400900266,MIL,3418,32.0,13.7,13.1
400900266,MIL,4260,21.0,3.8,4.1
400900266,MIL,6592,13.0,1.4,2.0
400900266,MIL,6609,24.0,4.8,4.2
400900266,MIL,2489716,27.0,0.9,0.4
400900266,MIL,2528353,28.0,-1.8,-1.4
400900266,MIL,2566769,22.0,5.5,6.4
400900266,MIL,3032977,34.0,28.6,23.1
400900266,MIL,3137733,3.0,-0.8,0.0
400900266,MIL,4017843,14.0,1.0,2.0
400900266,UTA,1007,27.0,2.3,1.3
400900266,UTA,2167,10.0,-1.8,-1.0
400900266,UTA,3438,34.0,16.8,14.1
400900266,UTA,4249,34.0,23.0,23.6
400900266,UTA,4257,26.0,16.1,13.6
400900266,UTA,6429,13.0,1.6,2.4
400900266,UTA,2581177,21.0,-2.8,-3.2
400900266,UTA,2968436,26.0,6.4,5.4
400900266,UTA,3032976,33.0,16.0,11.5
400900266,UTA,3102528,16.0,12.3,11.5
400900267,LAL,2429,18.0,3.3,3.7
400900267,LAL,3191,4.0,0.6,1.0
400900267,LAL,3243,20.0,0.2,-2.9
400900267,LAL,2528393,13.0,-0.4,-1.0
400900267,LAL,2528426,29.0,9.3,4.2
400900267,LAL,2580365,25.0,10.7,5.6
400900267,LAL,3064514,29.0,11.2,9.8
400900267,LAL,3136776,36.0,20.2,16.1
400900267,LAL,3913176,39.0,6.5,5.5
400900267,LAL,4017837,27.0,10.9,6.7
400900267,OKC,3468,35.0,20.3,12.9
400900267,OKC,3986,21.0,7.8,6.7
400900267,OKC,6447,19.0,-3.2,-4.1
400900267,OKC,2528588,19.0,3.2,3.0
400900267,OKC,2530596,29.0,17.3,15.2
400900267,OKC,2983526,13.0,-2.5,-2.3
400900267,OKC,2991070,20.0,8.0,6.1
400900267,OKC,2991235,31.0,19.7,13.2
400900267,OKC,2995702,29.0,11.6,12.7
400900267,OKC,3155942,23.0,9.0,6.7
400900268,DAL,609,29.0,6.0,1.6
400900268,DAL,2382,17.0,6.4,6.8
400900268,DAL,4032,37.0,3.6,3.3
400900268,DAL,6578,37.0,13.2,11.1
400900268,DAL,2326307,37.0,21.9,21.0
400900268,DAL,2531367,7.0,-0.1,-1.4
400900268,DAL,2578185,16.0,-0.9,-2.4
400900268,DAL,2968458,19.0,4.5,2.3
400900268,DAL,2991018,30.0,0.0,-1.1
400900268,DAL,3929314,11.0,-1.1,-0.7
400900268,MIN,3457,23.0,3.2,1.3
400900268,MIN,4011,35.0,16.4,13.4
400900268,MIN,4267,3.0,0.3,0.0
400900268,MIN,4269,15.0,2.3,0.0
400900268,MIN,2534781,32.0,4.1,3.0
400900268,MIN,2991139,13.0,4.4,4.1
400900268,MIN,2993875,16.0,2.2,1.6
400900268,MIN,3059319,38.0,17.8,15.8
400900268,MIN,3135046,25.0,10.6,9.4
400900268,MIN,3136195,39.0,20.5,15.7
400900269,ATL,1708,16.0,8.3,7.7
400900269,ATL,2384,23.0,2.6,-0.5
400900269,ATL,2433,10.0,4.3,3.4
400900269,ATL,2767,16.0,7.3,6.0
400900269,ATL,3015,28.0,15.2,13.8
400900269,ATL,3028,21.0,1.1,-0.4
400900269,ATL,6637,23.0,6.2,4.7
400900269,ATL,2282205,23.0,2.1,1.6
400900269,ATL,2488721,10.0,0.3,0.0
400900269,ATL,2490089,19.0,9.4,4.9
400900269,ATL,2528210,25.0,3.0,2.1
400900269,ATL,2990962,16.0,4.4,3.0
400900269,ATL,3062667,10.0,0.6,1.0
400900269,MIA,3423,29.0,10.7,8.6
400900269,MIA,3981,22.0,-0.8,0.1
400900269,MIA,3999,16.0,1.5,2.1
400900269,MIA,4250,14.0,7.2,7.7
400900269,MIA,4262,25.0,1.2,-3.1
400900269,MIA,6628,31.0,11.4,8.8
400900269,MIA,2326015,23.0,11.2,11.3
400900269,MIA,2488826,23.0,12.0,11.5
400900269,MIA,2528473,18.0,8.1,4.7
400900269,MIA,2530276,26.0,24.5,23.1
400900269,MIA,2581190,13.0,-2.2,-1.4
400900270,BKN,3003,19.0,3.8,2.4
400900270,BKN,3448,27.0,12.0,12.1
400900270,BKN,4270,22.0,12.6,10.3
400900270,BKN,4299,15.0,8.0,8.2
400900270,BKN,6590,21.0,9.1,6.4
400900270,BKN,2488689,18.0,-3.5,-3.1
400900270,BKN,2528794,24.0,2.7,1.2
400900270,BKN,2580782,23.0,9.4,7.4
400900270,BKN,2991043,26.0,7.2,5.6
400900270,BKN,3064291,26.0,10.1,9.2
400900270,BKN,3136477,19.0,6.2,6.8
400900270,DEN,558,3.0,-0.1,0.0
400900270,DEN,2439,22.0,11.0,9.9
400900270,DEN,3194,29.0,14.3,14.8
400900270,DEN,3413,13.0,2.8,0.0
400900270,DEN,3428,25.0,15.1,13.4
400900270,DEN,6433,16.0,9.2,8.4
400900270,DEN,6579,30.0,6.6,6.3
400900270,DEN,2488653,23.0,14.6,13.6
400900270,DEN,2999547,27.0,20.0,18.8
400900270,DEN,3112335,15.0,5.4,4.7
400900270,DEN,3892818,5.0,2.7,1.0
400900270,DEN,3936299,26.0,0.9,-0.3
400900270,DEN,4017839,8.0,7.3,4.4
400900271,LAC,165,19.0,-1.1,-0.7
400900271,LAC,2745,10.0,6.6,4.0
400900271,LAC,2753,14.0,-1.4,-2.4
400900271,LAC,2779,33.0,10.9,8.7
400900271,LAC,3024,32.0,3.1,1.9
400900271,LAC,3442,33.0,11.7,9.5
400900271,LAC,3451,19.0,-1.0,-0.7
400900271,LAC,3460,15.0,-0.3,-0.7
400900271,LAC,3989,38.0,23.7,22.6
400900271,LAC,6617,27.0,16.5,18.1
400900271,SAS,272,22.0,10.1,7.5
400900271,SAS,996,27.0,18.6,17.0
400900271,SAS,1015,31.0,13.3,10.7
400900271,SAS,2772,11.0,1.5,0.3
400900271,SAS,2983,34.0,9.0,6.6
400900271,SAS,3988,28.0,2.7,2.7
400900271,SAS,4004,21.0,7.6,7.3
400900271,SAS,6450,31.0,12.9,13.3
400900271,SAS,2579466,10.0,4.0,4.0
400900271,SAS,2580913,24.0,10.2,4.2
400900271,SAS,2993874,2.0,0.0,0.0
400900272,CHA,2797,36.0,10.7,7.7
400900272,CHA,3190,29.0,14.5,12.9
400900272,CHA,3416,34.0,9.3,5.8
400900272,CHA,6479,36.0,7.7,6.5
400900272,CHA,6601,27.0,12.6,8.5
400900272,CHA,6603,18.0,5.5,3.3
400900272,CHA,6641,12.0,3.4,3.8
400900272,CHA,2579294,38.0,21.2,17.5
400900272,CHA,3058254,10.0,3.1,4.0
400900272,SAC,3276,20.0,3.6,3.2
400900272,SAC,3444,19.0,3.9,3.1
400900272,SAC,3973,28.0,10.3,9.5
400900272,SAC,3983,22.0,9.8,8.1
400900272,SAC,4000,23.0,0.7,1.3
400900272,SAC,2530572,12.0,-0.4,-0.7
400900272,SAC,2578213,33.0,9.3,9.3
400900272,SAC,2990984,26.0,8.3,8.4
400900272,SAC,2991282,28.0,1.5,-0.8
400900272,SAC,3936296,23.0,8.0,4.4
400900272,SAC,4017846,5.0,0.0,0.0
400900273,ATL,2384,29.0,8.7,6.6
400900273,ATL,2767,25.0,0.4,-0.1
400900273,ATL,3015,29.0,5.2,3.6
400900273,ATL,3028,19.0,5.9,5.7
400900273,ATL,6637,24.0,2.1,2.0
400900273,ATL,2282205,15.0,1.0,0.4
400900273,ATL,2490089,3.0,1.4,1.4
400900273,ATL,2528210,33.0,7.8,7.0
400900273,ATL,2990962,27.0,9.0,6.7
400900273,ATL,3032979,31.0,6.7,4.9
400900273,ATL,3062667,4.0,2.4,2.4
400900273,ORL,3209,22.0,5.0,4.3
400900273,ORL,3415,21.0,6.4,6.4
400900273,ORL,6427,17.0,-1.4,-2.7
400900273,ORL,6478,29.0,14.9,9.4
400900273,ORL,6588,34.0,0.4,-1.2
400900273,ORL,6619,35.0,22.0,18.9
400900273,ORL,2309097,3.0,0.7,0.7
400900273,ORL,2488999,3.0,0.0,0.0
400900273,ORL,2583639,28.0,22.4,17.6
400900273,ORL,2995706,23.0,0.0,0.0
400900273,ORL,3064290,24.0,16.3,14.2
400900273,ORL,3936102,2.0,2.0,1.7
400900274,NYK,1975,37.0,24.4,23.8
400900274,NYK,3445,24.0,4.1,2.3
400900274,NYK,3456,36.0,11.5,10.4
400900274,NYK,3997,12.0,0.8,0.6
400900274,NYK,6485,37.0,3.8,3.6
400900274,NYK,6615,25.0,16.0,10.2
400900274,NYK,2284101,24.0,10.5,8.7
400900274,NYK,2999409,23.0,10.4,9.2
400900274,NYK,3138120,22.0,3.0,3.4
400900274,PHI,3025,15.0,-3.9,-3.5
400900274,PHI,3993,30.0,3.9,3.5
400900274,PHI,2490620,39.0,14.7,8.9
400900274,PHI,2530530,33.0,12.1,11.0
400900274,PHI,2982340,4.0,-0.8,-0.7
400900274,PHI,2991042,24.0,9.3,7.7
400900274,PHI,2993370,16.0,8.2,6.7
400900274,PHI,3032978,40.0,14.7,12.8
400900274,PHI,3135048,29.0,24.4,24.0
400900274,PHI,3893019,12.0,-1.3,-0.4
400900275,IND,2751,27.0,2.4,2.3
400900275,IND,2778,27.0,7.5,6.4
400900275,IND,3192,1.0,0.0,0.0
400900275,IND,3235,18.0,10.6,8.3
400900275,IND,3244,26.0,4.7,2.9
400900275,IND,4015,32.0,10.3,9.6
400900275,IND,4251,19.0,1.8,3.0
400900275,IND,6424,16.0,2.5,1.4
400900275,IND,2528386,1.0,0.0,0.0
400900275,IND,2596110,16.0,3.8,3.1
400900275,IND,2991039,24.0,9.7,9.0
400900275,IND,3133628,32.0,13.6,10.7
400900275,MIA,3423,28.0,19.2,18.2
400900275,MIA,3981,21.0,3.5,2.3
400900275,MIA,3999,29.0,11.7,8.1
400900275,MIA,4250,15.0,9.3,8.1
400900275,MIA,4262,37.0,21.4,16.7
400900275,MIA,6628,31.0,13.0,10.8
400900275,MIA,2326015,10.0,3.2,2.7
400900275,MIA,2488826,18.0,4.2,4.0
400900275,MIA,2528473,5.0,2.1,2.1
400900275,MIA,2530276,31.0,4.5,3.9
400900275,MIA,2581190,14.0,1.0,1.7
400900276,DAL,609,28.0,16.4,12.8
400900276,DAL,2382,22.0,5.6,1.5
400900276,DAL,4032,30.0,7.6,6.4
400900276,DAL,6578,34.0,12.4,10.4
400900276,DAL,2326307,37.0,13.1,8.8
400900276,DAL,2578185,24.0,10.0,8.8
400900276,DAL,2968458,6.0,-3.4,-1.0
400900276,DAL,2991018,29.0,7.3,7.2
400900276,DAL,2991280,30.0,5.5,4.0
400900276,NOP,2768,25.0,4.9,5.5
400900276,NOP,3974,17.0,1.9,1.0
400900276,NOP,3995,39.0,10.4,10.4
400900276,NOP,4229,16.0,0.3,0.3
400900276,NOP,4258,32.0,10.0,4.6
400900276,NOP,6583,39.0,25.0,20.1
400900276,NOP,6634,25.0,-0.9,-1.7
400900276,NOP,2488945,10.0,0.3,0.7
400900276,NOP,2488958,36.0,-1.1,-1.7
400900277,CHI,1987,34.0,18.9,16.9
400900277,CHI,3026,25.0,13.3,11.8
400900277,CHI,3447,21.0,6.0,4.7
400900277,CHI,6430,39.0,17.5,14.2
400900277,CHI,6459,29.0,15.7,11.7
400900277,CHI,2531047,16.0,6.3,5.4
400900277,CHI,2959753,2.0,-0.8,-0.7
400900277,CHI,2999549,20.0,9.2,9.8
400900277,CHI,3064230,12.0,3.3,3.4
400900277,CHI,3064482,19.0,5.6,5.0
400900277,CHI,3113587,24.0,8.6,9.5
400900277,CLE,1006,31.0,9.7,8.8
400900277,CLE,2009,23.0,13.2,12.5
400900277,CLE,2011,27.0,8.2,8.8
400900277,CLE,2754,32.0,7.6,6.3
400900277,CLE,6442,35.0,26.8,24.2
400900277,CLE,6453,5.0,-1.0,-1.0
400900277,CLE,6468,23.0,-0.5,-1.5
400900277,CLE,6474,32.0,8.3,6.9
400900277,CLE,6480,23.0,6.1,4.9
400900277,CLE,3062892,9.0,-3.5,-6.1
400900278,HOU,1713,19.0,11.1,10.1
400900278,HOU,2426,32.0,14.0,13.1
400900278,HOU,2799,26.0,13.1,10.9
400900278,HOU,3412,24.0,10.8,10.9
400900278,HOU,3431,30.0,9.8,8.3
400900278,HOU,3964,29.0,17.8,14.8
400900278,HOU,3992,35.0,18.5,14.7
400900278,HOU,2991055,7.0,3.9,3.4
400900278,HOU,2991184,16.0,8.7,7.4
400900278,HOU,3102529,22.0,17.1,14.7
400900278,MIN,3457,33.0,-1.0,-2.1
400900278,MIN,4011,32.0,12.0,11.6
400900278,MIN,4269,14.0,4.2,5.8
400900278,MIN,2534781,36.0,18.4,12.2
400900278,MIN,2991139,18.0,5.7,6.8
400900278,MIN,2993875,13.0,6.9,7.4
400900278,MIN,3059319,37.0,16.4,15.4
400900278,MIN,3135046,21.0,6.8,5.0
400900278,MIN,3136195,37.0,35.8,31.0
400900279,BKN,3003,20.0,-2.3,-2.4
400900279,BKN,3448,31.0,1.1,-0.6
400900279,BKN,4270,27.0,11.2,9.9
400900279,BKN,4299,15.0,4.9,4.7
400900279,BKN,6590,17.0,0.5,0.7
400900279,BKN,2488689,29.0,13.0,8.3
400900279,BKN,2528794,27.0,6.3,3.0
400900279,BKN,2566741,2.0,0.0,0.0
400900279,BKN,2580782,29.0,12.6,13.1
400900279,BKN,3064291,21.0,13.8,11.8
400900279,BKN,3136477,23.0,4.5,2.7
400900279,GSW,2016,20.0,8.2,7.1
400900279,GSW,2177,14.0,3.4,1.0
400900279,GSW,2386,26.0,11.5,8.3
400900279,GSW,2393,17.0,3.3,2.7
400900279,GSW,3452,12.0,6.2,4.6
400900279,GSW,3975,35.0,19.5,16.1
400900279,GSW,6475,31.0,17.9,16.4
400900279,GSW,6589,23.0,0.5,-2.5
400900279,GSW,2489785,19.0,10.8,8.5
400900279,GSW,2594818,15.0,5.0,5.0
400900279,GSW,2595229,2.0,4.0,2.7
400900279,GSW,3137730,25.0,8.2,6.0
400900279,GSW,3155535,2.0,0.0,0.0
400900280,LAL,2429,13.0,0.1,-1.7
400900280,LAL,3191,13.0,5.2,4.7
400900280,LAL,3243,23.0,2.2,2.6
400900280,LAL,6618,17.0,11.3,6.1
400900280,LAL,2528393,16.0,4.2,4.8
400900280,LAL,2528426,27.0,11.0,10.4
400900280,LAL,2580365,13.0,-0.8,-1.4
400900280,LAL,3059281,8.0,6.8,5.8
400900280,LAL,3064514,28.0,1.9,0.1
400900280,LAL,3136776,29.0,11.0,10.5
400900280,LAL,3913176,35.0,12.6,13.2
400900280,LAL,4017837,18.0,-1.4,-2.5
400900280,SAS,272,20.0,6.8,6.8
400900280,SAS,996,20.0,12.0,9.0
400900280,SAS,1015,20.0,13.3,12.4
400900280,SAS,2772,25.0,8.2,5.9
400900280,SAS,2983,23.0,14.8,13.6
400900280,SAS,3988,20.0,6.3,2.3
400900280,SAS,4004,17.0,11.5,8.9
400900280,SAS,6426,8.0,3.4,3.1
400900280,SAS,6450,26.0,15.6,15.0
400900280,SAS,2579466,17.0,0.6,-0.1
400900280,SAS,2580913,20.0,15.4,13.3
400900280,SAS,2993874,14.0,7.2,6.4
400900280,SAS,3907497,11.0,-0.7,-1.6
400900281,MIL,841,16.0,5.0,3.4
400900281,MIL,3418,23.0,11.0,9.9
400900281,MIL,4260,34.0,12.0,7.0
400900281,MIL,4385,9.0,-1.8,-1.4
400900281,MIL,6609,28.0,1.9,1.0
400900281,MIL,2489716,24.0,-1.9,-3.1
400900281,MIL,2528353,33.0,10.0,9.8
400900281,MIL,2566769,24.0,14.8,14.0
400900281,MIL,3032977,36.0,27.1,23.8
400900281,MIL,4017843,14.0,0.8,0.6
400900281,PHX,2166,18.0,3.3,3.4
400900281,PHX,3201,25.0,6.0,4.1
400900281,PHX,4238,34.0,9.5,6.5
400900281,PHX,2579326,34.0,20.6,15.7
400900281,PHX,2596107,14.0,7.8,4.7
400900281,PHX,2982334,39.0,18.6,17.3
400900281,PHX,3136193,35.0,9.0,8.0
400900281,PHX,3136194,14.0,-3.2,-3.1
400900281,PHX,3907487,16.0,2.6,3.2
400900281,PHX,3936099,10.0,0.0,-1.3
400900282,DEN,2439,32.0,11.9,11.2
400900282,DEN,3194,36.0,10.6,9.9
400900282,DEN,3413,12.0,-0.5,-1.0
400900282,DEN,3428,35.0,16.9,14.5
400900282,DEN,6579,25.0,4.6,3.0
400900282,DEN,2488653,17.0,-0.1,-0.8
400900282,DEN,2999547,34.0,14.3,13.5
400900282,DEN,3112335,33.0,11.1,7.9
400900282,DEN,3936299,16.0,7.4,7.4
400900282,MEM,136,26.0,2.8,2.0
400900282,MEM,1017,26.0,16.3,14.2
400900282,MEM,2367,28.0,7.4,2.4
400900282,MEM,3195,35.0,27.5,24.7
400900282,MEM,3206,38.0,17.5,15.6
400900282,MEM,3979,20.0,4.7,4.5
400900282,MEM,6466,21.0,-2.4,-2.4
400900282,MEM,2327577,28.0,8.1,6.7
400900282,MEM,2489530,18.0,2.3,3.3
400900283,UTA,1007,24.0,3.8,1.3
400900283,UTA,2167,13.0,2.0,2.4
400900283,UTA,3438,37.0,15.3,13.1
400900283,UTA,4249,40.0,18.5,17.2
400900283,UTA,4257,24.0,9.3,5.8
400900283,UTA,6429,10.0,1.5,2.0
400900283,UTA,2581177,27.0,8.3,6.3
400900283,UTA,2968436,19.0,3.1,-0.3
400900283,UTA,3032976,36.0,19.4,12.0
400900283,UTA,3102528,11.0,-2.3,-3.3
400900283,WAS,2758,28.0,4.3,1.3
400900283,WAS,2774,16.0,7.0,5.8
400900283,WAS,3593,33.0,9.5,8.7
400900283,WAS,4237,37.0,16.0,11.9
400900283,WAS,6461,29.0,1.0,-0.8
400900283,WAS,6580,34.0,16.5,17.5
400900283,WAS,6621,7.0,0.5,1.7
400900283,WAS,2579260,5.0,-1.4,-1.4
400900283,WAS,2594885,1.0,0.0,0.0
400900283,WAS,2594922,40.0,5.9,2.3
400900283,WAS,2991050,1.0,-0.7,-0.7
400900283,WAS,3133603,9.0,1.5,1.3
400900284,POR,4248,29.0,11.7,11.5
400900284,POR,6591,36.0,16.1,14.1
400900284,POR,6605,21.0,4.9,2.9
400900284,POR,6606,36.0,22.2,19.2
400900284,POR,2490149,35.0,5.7,6.7
400900284,POR,2530780,9.0,1.3,1.0
400900284,POR,2531210,31.0,8.3,7.0
400900284,POR,3078284,21.0,3.6,3.3
400900284,POR,3102530,21.0,3.9,3.6
400900284,TOR,3033,21.0,1.5,2.4
400900284,TOR,3439,34.0,16.4,12.5
400900284,TOR,3970,32.0,1.9,0.8
400900284,TOR,3978,36.0,26.1,22.4
400900284,TOR,4264,19.0,4.9,3.3
400900284,TOR,6446,33.0,11.7,11.2
400900284,TOR,6477,22.0,13.6,12.9
400900284,TOR,2595516,12.0,5.5,4.7
400900284,TOR,3032980,10.0,1.6,-0.3
400900284,TOR,3064447,15.0,6.4,7.4
400900284,TOR,3134908,6.0,-2.0,-0.8
400900285,BOS,2769,19.0,3.9,3.5
400900285,BOS,3213,36.0,2.8,0.6
400900285,BOS,3998,13.0,2.2,0.9
400900285,BOS,6472,35.0,23.0,20.6
400900285,BOS,6581,33.0,15.4,12.3
400900285,BOS,6631,4.0,-0.4,0.0
400900285,BOS,2489663,19.0,-0.5,-2.1
400900285,BOS,2990992,31.0,10.9,10.8
400900285,BOS,3064509,6.0,-1.4,-1.4
400900285,BOS,3074752,18.0,11.6,12.2
400900285,BOS,3917376,26.0,8.1,6.0
400900285,DET,4305,14.0,0.9,1.0
400900285,DET,6440,33.0,2.1,2.1
400900285,DET,6443,34.0,14.0,12.9
400900285,DET,6452,25.0,1.6,1.5
400900285,DET,6462,38.0,9.7,8.4
400900285,DET,6585,36.0,10.6,5.5
400900285,DET,2581018,36.0,13.0,10.9
400900285,DET,2968439,12.0,4.0,4.4
400900285,DET,3134881,12.0,9.3,7.1
400900286,NOP,3410,5.0,-0.5,0.0
400900286,NOP,3974,21.0,0.5,1.0
400900286,NOP,3995,33.0,4.3,1.5
400900286,NOP,4258,21.0,26.2,26.2
400900286,NOP,6460,27.0,8.5,4.6
400900286,NOP,6464,23.0,2.8,1.7
400900286,NOP,6583,32.0,28.9,28.3
400900286,NOP,6634,31.0,3.7,3.6
400900286,NOP,2488945,15.0,-1.0,-0.5
400900286,NOP,2488958,31.0,7.7,6.0
400900286,OKC,3468,37.0,28.9,26.0
400900286,OKC,3986,21.0,0.6,0.2
400900286,OKC,6447,24.0,18.7,17.5
400900286,OKC,2528588,23.0,1.0,0.3
400900286,OKC,2530596,30.0,8.2,7.8
400900286,OKC,2983526,11.0,-0.5,-0.5
400900286,OKC,2991070,21.0,6.1,5.4
400900286,OKC,2991235,29.0,12.2,13.1
400900286,OKC,2995702,35.0,6.6,7.6
400900286,OKC,3155942,8.0,1.4,2.3
400900287,CHA,2797,39.0,4.7,4.9
400900287,CHA,3190,14.0,1.8,2.0
400900287,CHA,3416,43.0,21.7,19.8
400900287,CHA,6479,43.0,23.5,22.7
400900287,CHA,6601,21.0,0.5,1.4
400900287,CHA,6603,37.0,13.0,13.1
400900287,CHA,6641,10.0,0.2,0.3
400900287,CHA,2579294,28.0,8.8,9.7
400900287,CHA,2595231,7.0,0.3,0.0
400900287,CHA,3058254,23.0,3.5,3.8
400900287,LAC,165,16.0,0.4,-1.1
400900287,LAC,2753,12.0,0.9,0.0
400900287,LAC,2779,41.0,18.0,15.5
400900287,LAC,3024,38.0,14.2,13.4
400900287,LAC,3442,43.0,26.4,19.8
400900287,LAC,3451,35.0,7.5,4.0
400900287,LAC,3460,8.0,1.1,2.3
400900287,LAC,3989,42.0,35.9,33.7
400900287,LAC,4247,5.0,-0.1,-0.7
400900287,LAC,6569,5.0,2.3,2.0
400900287,LAC,6617,20.0,-0.4,1.6
400900288,NYK,1975,39.0,10.0,8.5
400900288,NYK,2421,3.0,-1.4,-1.4
400900288,NYK,3445,41.0,18.0,11.1
400900288,NYK,3456,40.0,12.0,9.4
400900288,NYK,6485,29.0,9.6,9.3
400900288,NYK,6615,15.0,8.0,4.9
400900288,NYK,2284101,15.0,4.3,3.3
400900288,NYK,2580349,19.0,1.1,0.4
400900288,NYK,2999409,34.0,8.5,7.6
400900288,NYK,3063982,4.0,-0.4,0.0
400900288,NYK,3138120,2.0,-1.1,-0.7
400900288,TOR,3033,26.0,4.2,2.4
400900288,TOR,3439,36.0,6.5,6.5
400900288,TOR,3970,30.0,4.7,4.7
400900288,TOR,3978,37.0,28.1,25.0
400900288,TOR,4264,18.0,1.5,-0.1
400900288,TOR,6446,34.0,6.0,3.8
400900288,TOR,6477,19.0,7.8,6.5
400900288,TOR,2595516,18.0,1.1,-1.4
400900288,TOR,2991230,8.0,1.9,1.0
400900288,TOR,3064447,15.0,4.6,4.7
400900288,TOR,3134908,1.0,-0.4,0.0
400900289,GSW,2016,15.0,19.1,16.2
400900289,GSW,2177,13.0,4.6,4.4
400900289,GSW,2386,28.0,8.9,3.5
400900289,GSW,2393,15.0,3.5,2.3
400900289,GSW,3202,33.0,22.2,20.8
400900289,GSW,3452,5.0,0.2,1.0
400900289,GSW,3975,35.0,9.1,7.3
400900289,GSW,6475,36.0,14.2,12.0
400900289,GSW,6589,37.0,17.5,12.2
400900289,GSW,2489785,8.0,4.4,4.4
400900289,GSW,2594818,6.0,0.8,2.4
400900289,GSW,3137730,8.0,2.3,2.0
400900289,GSW,3155535,1.0,1.7,1.7
400900289,PHI,3025,28.0,5.7,5.0
400900289,PHI,3993,25.0,13.6,12.0
400900289,PHI,2490620,35.0,12.6,7.7
400900289,PHI,2530530,20.0,3.6,2.5
400900289,PHI,2982340,10.0,5.5,5.1
400900289,PHI,2991042,24.0,7.5,6.0
400900289,PHI,2993370,28.0,16.1,13.2
400900289,PHI,3032978,35.0,18.1,17.5
400900289,PHI,3135048,17.0,-4.7,-3.6
400900289,PHI,3893019,17.0,1.5,2.0
400900290,CLE,1006,30.0,9.8,8.1
400900290,CLE,1966,37.0,21.8,19.2
400900290,CLE,2011,29.0,7.4,7.3
400900290,CLE,2754,14.0,1.1,1.3
400900290,CLE,6442,37.0,20.1,17.3
400900290,CLE,6468,31.0,2.5,-0.4
400900290,CLE,6474,34.0,6.0,3.6
400900290,CLE,6480,27.0,10.8,9.8
400900290,MIL,841,22.0,5.5,5.7
400900290,MIL,3418,9.0,8.2,8.4
400900290,MIL,4260,19.0,12.4,12.9
400900290,MIL,4385,9.0,1.6,2.0
400900290,MIL,6592,20.0,8.2,8.5
400900290,MIL,2489716,32.0,1.5,1.0
400900290,MIL,2528353,33.0,6.4,4.6
400900290,MIL,2566769,31.0,14.5,13.4
400900290,MIL,3032977,42.0,4.5,2.9
400900290,MIL,3137733,14.0,3.7,1.3
400900290,MIL,4017843,9.0,2.9,3.0
400900291,ATL,2384,27.0,15.8,13.0
400900291,ATL,2767,17.0,3.0,2.6
400900291,ATL,3015,32.0,10.8,7.0
400900291,ATL,3028,21.0,13.3,10.2
400900291,ATL,6637,26.0,9.2,7.4
400900291,ATL,2282205,18.0,5.3,4.8
400900291,ATL,2488651,3.0,0.0,0.0
400900291,ATL,2490089,6.0,1.3,0.0
400900291,ATL,2528210,27.0,6.8,4.3
400900291,ATL,2990962,30.0,11.5,7.5
400900291,ATL,3032979,30.0,18.1,16.3
400900291,ATL,3062667,3.0,1.7,1.7
400900291,BOS,2769,17.0,5.2,3.0
400900291,BOS,3213,28.0,3.3,2.1
400900291,BOS,3998,19.0,9.3,7.8
400900291,BOS,4240,15.0,6.2,4.0
400900291,BOS,6472,30.0,7.0,5.2
400900291,BOS,6581,31.0,2.3,1.1
400900291,BOS,6631,9.0,6.8,6.5
400900291,BOS,2489663,11.0,-1.0,-1.0
400900291,BOS,2990992,28.0,10.5,8.3
400900291,BOS,3064509,3.0,0.0,0.0
400900291,BOS,3064520,3.0,-0.4,0.0
400900291,BOS,3074752,20.0,4.9,3.7
400900291,BOS,3917376,26.0,12.8,11.0
400900292,HOU,1713,19.0,15.6,15.1
400900292,HOU,2426,36.0,1.0,0.2
400900292,HOU,2799,28.0,21.4,20.7
400900292,HOU,3412,23.0,7.1,6.6
400900292,HOU,3431,26.0,2.0,2.8
400900292,HOU,3964,28.0,2.8,0.7
400900292,HOU,3992,39.0,24.0,21.0
400900292,HOU,2991055,4.0,0.7,0.7
400900292,HOU,2991184,12.0,-0.9,-0.1
400900292,HOU,3102529,24.0,6.9,2.1
400900292,IND,2751,32.0,10.0,9.8
400900292,IND,2778,17.0,4.8,5.3
400900292,IND,3235,22.0,12.8,9.7
400900292,IND,3244,23.0,4.0,2.2
400900292,IND,4015,36.0,20.4,19.8
400900292,IND,4251,30.0,11.5,8.0
400900292,IND,6424,22.0,7.3,5.5
400900292,IND,2596110,20.0,7.2,7.8
400900292,IND,2991039,9.0,5.2,5.1
400900292,IND,3133628,28.0,12.4,9.7
400900293,DAL,609,26.0,7.5,3.9
400900293,DAL,2382,13.0,1.4,1.4
400900293,DAL,4032,34.0,4.7,2.3
400900293,DAL,6578,36.0,17.3,16.4
400900293,DAL,2326307,36.0,21.3,22.2
400900293,DAL,2531367,6.0,1.2,1.3
400900293,DAL,2566745,17.0,-1.5,-1.7
400900293,DAL,2578185,14.0,4.7,3.4
400900293,DAL,2968458,3.0,2.4,2.1
400900293,DAL,2991018,29.0,5.1,4.0
400900293,DAL,2991280,25.0,8.9,7.2
400900293,MIA,3423,37.0,17.6,15.2
400900293,MIA,3981,17.0,3.9,2.6
400900293,MIA,3999,31.0,5.0,3.3
400900293,MIA,4250,16.0,0.4,-0.7
400900293,MIA,4262,38.0,18.8,13.9
400900293,MIA,6628,33.0,7.9,6.2
400900293,MIA,2488826,25.0,4.3,2.7
400900293,MIA,2528473,10.0,3.3,2.7
400900293,MIA,2530276,24.0,7.7,6.8
400900293,MIA,2581190,8.0,1.0,1.0
400900294,MIN,3457,19.0,2.2,1.3
400900294,MIN,4011,32.0,12.6,9.6
400900294,MIN,4267,1.0,-0.3,-1.0
400900294,MIN,4269,35.0,8.5,5.3
400900294,MIN,2534781,20.0,-1.9,-4.2
400900294,MIN,2991139,17.0,5.7,4.8
400900294,MIN,2993875,15.0,7.0,6.0
400900294,MIN,3059319,35.0,21.1,16.9
400900294,MIN,3135046,27.0,5.3,4.4
400900294,MIN,3136195,38.0,28.3,24.7
400900294,SAC,3276,21.0,0.9,-1.0
400900294,SAC,3444,25.0,13.8,12.6
400900294,SAC,3973,30.0,5.6,5.7
400900294,SAC,3983,25.0,7.3,5.3
400900294,SAC,4000,35.0,8.7,7.2
400900294,SAC,2530572,2.0,0.0,0.0
400900294,SAC,2578213,25.0,7.5,7.4
400900294,SAC,2990984,27.0,1.3,-0.8
400900294,SAC,2991282,34.0,8.5,6.2
400900294,SAC,3936296,14.0,4.5,3.4
400900294,SAC,4017846,2.0,0.0,0.0
400900295,GSW,2016,18.0,10.6,9.8
400900295,GSW,2177,13.0,6.1,4.7
400900295,GSW,2386,31.0,4.5,3.1
400900295,GSW,2393,24.0,10.6,9.5
400900295,GSW,3202,2.0,-1.7,-1.7
400900295,GSW,3452,3.0,0.6,1.0
400900295,GSW,3975,34.0,16.5,14.8
400900295,GSW,6475,38.0,5.7,4.0
400900295,GSW,6589,40.0,21.6,17.2
400900295,GSW,2489785,2.0,0.0,0.0
400900295,GSW,2594818,12.0,4.5,3.4
400900295,GSW,3137730,24.0,6.9,6.7
400900295,WAS,2758,23.0,9.0,7.2
400900295,WAS,2774,16.0,4.8,4.7
400900295,WAS,3593,24.0,10.6,10.0
400900295,WAS,4237,40.0,14.3,10.1
400900295,WAS,6461,33.0,19.2,14.4
400900295,WAS,6580,39.0,15.8,14.8
400900295,WAS,6621,11.0,-1.4,-1.0
400900295,WAS,2594922,38.0,16.5,13.9
400900295,WAS,3133603,17.0,3.4,3.0
400900296,DET,4305,29.0,15.4,7.8
400900296,DET,6440,23.0,5.9,6.0
400900296,DET,6443,24.0,3.9,4.7
400900296,DET,6452,20.0,-4.5,-5.6
400900296,DET,6462,42.0,32.7,32.0
400900296,DET,6585,30.0,17.2,15.7
400900296,DET,2581018,47.0,13.8,10.7
400900296,DET,2968439,23.0,7.5,7.3
400900296,DET,3134881,28.0,6.8,3.7
400900296,POR,4248,24.0,-2.3,-5.8
400900296,POR,6591,37.0,5.1,4.7
400900296,POR,6605,18.0,5.2,4.1
400900296,POR,6606,41.0,27.5,24.3
400900296,POR,2490149,44.0,13.8,12.5
400900296,POR,2530780,13.0,-0.5,-1.7
400900296,POR,2531210,35.0,10.4,9.7
400900296,POR,3078284,19.0,5.9,6.1
400900296,POR,3102530,35.0,14.1,14.2
400900297,CHI,1987,28.0,15.2,14.3
400900297,CHI,3026,24.0,18.0,14.9
400900297,CHI,3447,26.0,6.3,6.1
400900297,CHI,3474,4.0,0.0,0.0
400900297,CHI,6430,35.0,7.2,4.3
400900297,CHI,6459,20.0,3.2,3.4
400900297,CHI,2531047,12.0,7.1,7.1
400900297,CHI,2959753,4.0,4.0,2.7
400900297,CHI,2999549,27.0,1.9,1.0
400900297,CHI,3064230,17.0,2.5,2.6
400900297,CHI,3064482,28.0,9.9,6.7
400900297,CHI,3113587,13.0,7.3,7.8
400900297,DEN,558,2.0,0.0,0.0
400900297,DEN,2439,30.0,6.5,7.5
400900297,DEN,3194,29.0,13.2,12.3
400900297,DEN,3428,32.0,18.9,18.1
400900297,DEN,3436,2.0,0.0,0.0
400900297,DEN,6579,29.0,9.4,4.4
400900297,DEN,2488653,23.0,6.4,6.2
400900297,DEN,2999547,36.0,15.8,13.6
400900297,DEN,3112335,33.0,24.3,19.8
400900297,DEN,3936299,18.0,9.9,9.7
400900297,DEN,4017839,7.0,0.9,1.0
400900298,MEM,136,2.0,-0.7,-0.7
400900298,MEM,1017,27.0,19.3,18.0
400900298,MEM,2367,27.0,9.0,7.8
400900298,MEM,3195,39.0,25.0,25.2
400900298,MEM,3206,31.0,26.5,24.0
400900298,MEM,3242,17.0,9.0,8.8
400900298,MEM,3979,22.0,4.4,2.4
400900298,MEM,6466,23.0,-0.7,-0.1
400900298,MEM,2327577,18.0,4.6,4.1
400900298,MEM,2489530,12.0,-1.2,-1.1
400900298,MEM,2579321,18.0,9.1,7.6
400900298,MEM,3064511,2.0,3.0,2.7
400900298,MEM,3937101,2.0,2.7,2.7
400900298,PHX,2166,15.0,1.2,1.7
400900298,PHX,2807,2.0,1.0,0.0
400900298,PHX,3201,15.0,4.9,4.7
400900298,PHX,4238,31.0,18.6,14.7
400900298,PHX,2579326,22.0,7.9,7.8
400900298,PHX,2596107,25.0,11.3,9.8
400900298,PHX,2982334,34.0,13.4,12.8
400900298,PHX,3136193,36.0,2.0,1.2
400900298,PHX,3136194,17.0,10.7,10.9
400900298,PHX,3907487,33.0,8.0,7.7
400900298,PHX,3936099,10.0,5.8,6.8
400900299,OKC,3468,39.0,30.1,27.2
400900299,OKC,3986,26.0,6.5,5.7
400900299,OKC,6447,27.0,12.9,10.2
400900299,OKC,2528588,25.0,12.9,11.4
400900299,OKC,2530596,30.0,2.4,1.0
400900299,OKC,2983526,9.0,3.4,3.1
400900299,OKC,2991070,19.0,7.1,4.9
400900299,OKC,2991235,27.0,2.0,-0.8
400900299,OKC,2995702,26.0,8.6,9.8
400900299,OKC,3155942,11.0,0.8,0.3
400900299,UTA,1007,23.0,10.3,10.2
400900299,UTA,2167,13.0,2.0,1.7
400900299,UTA,3438,38.0,13.0,10.5
400900299,UTA,4249,33.0,17.0,14.1
400900299,UTA,4257,27.0,5.8,5.3
400900299,UTA,6429,15.0,9.6,9.1
400900299,UTA,2581177,31.0,10.3,9.3
400900299,UTA,2968436,19.0,3.6,2.7
400900299,UTA,3032976,32.0,12.4,8.8
400900299,UTA,3102528,8.0,-1.6,-0.4
400900300,CHA,2797,34.0,15.0,13.2
400900300,CHA,3190,22.0,10.0,9.4
400900300,CHA,3416,36.0,-1.3,-2.8
400900300,CHA,6479,34.0,24.4,22.9
400900300,CHA,6601,27.0,10.6,7.7
400900300,CHA,6603,19.0,-0.3,-0.4
400900300,CHA,6641,14.0,2.9,2.4
400900300,CHA,2579258,18.0,4.0,4.2
400900300,CHA,2579294,36.0,22.1,18.5
400900300,LAL,3191,11.0,2.0,0.0
400900300,LAL,3243,30.0,8.1,9.3
400900300,LAL,2528393,14.0,7.3,6.5
400900300,LAL,2528426,34.0,8.0,8.1
400900300,LAL,2580365,21.0,0.3,0.0
400900300,LAL,3059281,4.0,-0.7,-0.7
400900300,LAL,3062744,5.0,-0.4,-0.7
400900300,LAL,3064514,34.0,31.3,23.2
400900300,LAL,3136776,36.0,18.7,17.6
400900300,LAL,3913176,42.0,3.8,2.1
400900300,LAL,4017837,8.0,0.8,0.6
400900301,CHI,1987,34.0,3.5,0.8
400900301,CHI,3026,13.0,3.1,3.4
400900301,CHI,3447,22.0,3.5,2.9
400900301,CHI,6430,35.0,22.6,16.8
400900301,CHI,6459,16.0,3.6,1.6
400900301,CHI,2531047,13.0,6.4,5.1
400900301,CHI,2999549,14.0,0.3,0.4
400900301,CHI,3064230,13.0,1.0,1.0
400900301,CHI,3064482,31.0,14.6,11.0
400900301,CHI,3113587,26.0,4.7,1.8
400900301,CHI,3893023,23.0,8.4,7.8
400900301,GSW,1765,12.0,-0.7,-0.3
400900301,GSW,2016,14.0,7.6,6.1
400900301,GSW,2177,16.0,4.3,2.8
400900301,GSW,2386,26.0,8.3,7.4
400900301,GSW,2393,19.0,-0.2,-2.4
400900301,GSW,3452,10.0,2.9,2.3
400900301,GSW,3975,35.0,13.2,8.3
400900301,GSW,6475,37.0,-1.8,-1.7
400900301,GSW,6589,35.0,11.8,8.9
400900301,GSW,2489785,7.0,2.0,2.0
400900301,GSW,3137730,29.0,14.0,10.5
400900302,CHA,2797,29.0,15.4,13.6
400900302,CHA,3190,24.0,0.2,0.6
400900302,CHA,3416,35.0,3.7,3.2
400900302,CHA,6479,36.0,19.0,17.4
400900302,CHA,6601,29.0,9.4,4.1
400900302,CHA,6603,13.0,3.8,2.3
400900302,CHA,6641,12.0,-0.3,-0.8
400900302,CHA,2579258,24.0,9.2,6.9
400900302,CHA,2579294,32.0,8.1,7.0
400900302,CHA,2581084,2.0,0.7,0.7
400900302,CHA,2595229,2.0,2.0,2.0
400900302,CHA,2595231,2.0,0.0,0.0
400900302,CHA,3058254,2.0,-0.7,-0.7
400900302,PHX,2166,23.0,8.6,7.8
400900302,PHX,2807,1.0,0.0,0.0
400900302,PHX,3201,27.0,1.1,1.3
400900302,PHX,4238,25.0,15.0,12.9
400900302,PHX,2579326,24.0,15.2,11.4
400900302,PHX,2596107,16.0,5.5,4.4
400900302,PHX,2982334,27.0,16.2,13.3
400900302,PHX,3136193,30.0,10.1,9.5
400900302,PHX,3136194,23.0,11.2,8.9
400900302,PHX,3907487,22.0,11.9,12.8
400900302,PHX,3936099,22.0,9.0,6.4
400900303,OKC,3468,37.0,28.0,24.8
400900303,OKC,3986,33.0,15.7,12.6
400900303,OKC,6431,11.0,7.0,5.7
400900303,OKC,6447,28.0,12.5,10.3
400900303,OKC,2528588,37.0,3.3,3.6
400900303,OKC,2530596,31.0,5.8,2.0
400900303,OKC,2991070,20.0,2.5,2.3
400900303,OKC,2991235,24.0,-1.8,-2.0
400900303,OKC,2995702,10.0,2.7,4.7
400900303,OKC,3155942,10.0,2.3,1.7
400900303,POR,4248,32.0,15.5,10.7
400900303,POR,6591,34.0,7.2,6.1
400900303,POR,6605,10.0,3.9,4.4
400900303,POR,6606,38.0,24.6,23.1
400900303,POR,2490149,34.0,12.0,11.0
400900303,POR,2530780,6.0,2.6,2.0
400900303,POR,2531210,24.0,6.9,6.0
400900303,POR,2578239,8.0,-2.1,-2.0
400900303,POR,3078284,16.0,0.1,-0.7
400900303,POR,3102530,38.0,22.7,15.7
400900304,NYK,1975,36.0,11.2,7.5
400900304,NYK,3445,37.0,13.4,11.1
400900304,NYK,3456,38.0,15.8,12.9
400900304,NYK,6485,42.0,16.2,13.4
400900304,NYK,6615,17.0,4.7,5.0
400900304,NYK,2284101,18.0,-0.2,0.0
400900304,NYK,2566748,3.0,-0.7,-0.7
400900304,NYK,2580349,14.0,2.6,1.4
400900304,NYK,3102531,31.0,14.1,12.7
400900304,NYK,3138120,5.0,-2.5,-2.4
400900304,PHI,3025,16.0,-1.8,-3.8
400900304,PHI,2490620,36.0,13.1,9.3
400900304,PHI,2530530,32.0,8.8,6.7
400900304,PHI,2982340,24.0,16.8,16.3
400900304,PHI,2991042,30.0,3.1,1.6
400900304,PHI,2993370,25.0,11.4,9.8
400900304,PHI,3032978,27.0,15.6,14.9
400900304,PHI,3135048,20.0,8.4,8.5
400900304,PHI,3893019,25.0,6.2,4.3
400900305,TOR,3033,24.0,4.1,3.4
400900305,TOR,3439,33.0,6.2,4.3
400900305,TOR,3970,26.0,8.1,6.1
400900305,TOR,3978,38.0,26.3,23.8
400900305,TOR,4264,28.0,4.8,3.0
400900305,TOR,6446,32.0,10.3,9.8
400900305,TOR,6477,13.0,-0.2,-0.3
400900305,TOR,2595516,25.0,17.7,16.8
400900305,TOR,3064447,22.0,10.0,6.3
400900305,WAS,2758,31.0,2.0,0.6
400900305,WAS,2774,16.0,7.2,5.8
400900305,WAS,3593,20.0,3.5,3.6
400900305,WAS,3997,10.0,-2.1,-1.7
400900305,WAS,4237,38.0,25.0,21.3
400900305,WAS,6461,37.0,8.7,6.4
400900305,WAS,6580,36.0,19.8,19.5
400900305,WAS,6621,5.0,0.3,0.7
400900305,WAS,2594922,36.0,20.6,15.4
400900305,WAS,3133603,12.0,-3.0,-2.4
400900306,MIA,3423,34.0,10.9,9.5
400900306,MIA,3981,20.0,10.0,8.4
400900306,MIA,3999,34.0,21.4,18.1
400900306,MIA,4250,14.0,4.3,4.7
400900306,MIA,4262,35.0,14.3,9.3
400900306,MIA,6628,20.0,-2.3,-1.5
400900306,MIA,2326015,8.0,0.0,-1.3
400900306,MIA,2488826,17.0,4.9,5.0
400900306,MIA,2528473,5.0,-1.5,-1.4
400900306,MIA,2530276,28.0,9.1,6.0
400900306,MIA,2581190,24.0,4.7,5.0
400900306,ORL,3209,16.0,7.2,6.7
400900306,ORL,3277,11.0,0.6,0.7
400900306,ORL,3415,21.0,3.5,3.3
400900306,ORL,6427,16.0,2.6,2.7
400900306,ORL,6478,32.0,22.9,18.5
400900306,ORL,6588,34.0,9.5,8.7
400900306,ORL,6619,35.0,12.4,8.2
400900306,ORL,2583639,27.0,15.8,10.6
400900306,ORL,2995706,16.0,5.4,5.3
400900306,ORL,3064290,32.0,16.7,14.2
400900307,LAC,165,18.0,2.0,2.1
400900307,LAC,2745,6.0,4.0,3.4
400900307,LAC,2753,15.0,2.3,2.4
400900307,LAC,2779,29.0,15.8,15.6
400900307,LAC,3024,31.0,6.3,5.8
400900307,LAC,3442,32.0,9.8,8.6
400900307,LAC,3451,30.0,9.8,6.5
400900307,LAC,3460,10.0,-0.5,-0.4
400900307,LAC,3989,38.0,18.0,16.1
400900307,LAC,4247,4.0,2.0,2.0
400900307,LAC,6617,27.0,-0.1,0.5
400900307,MIL,841,25.0,10.1,7.8
400900307,MIL,3211,3.0,0.0,0.0
400900307,MIL,4260,35.0,22.4,20.8
400900307,MIL,4385,11.0,0.7,-0.1
400900307,MIL,6609,33.0,20.6,16.6
400900307,MIL,2489716,36.0,12.4,14.4
400900307,MIL,2528353,23.0,0.0,0.3
400900307,MIL,2566769,24.0,6.7,7.0
400900307,MIL,3032977,31.0,26.4,23.1
400900307,MIL,3037805,2.0,0.0,0.0
400900307,MIL,3137733,2.0,0.0,0.0
400900307,MIL,4017843,16.0,0.1,-0.1
400900308,ATL,2384,27.0,14.3,11.0
400900308,ATL,2767,23.0,12.2,9.9
400900308,ATL,3015,37.0,22.3,20.7
400900308,ATL,3028,31.0,5.6,4.7
400900308,ATL,6637,35.0,14.7,11.5
400900308,ATL,2282205,7.0,3.0,3.1
400900308,ATL,2528210,35.0,28.2,27.9
400900308,ATL,2990962,12.0,2.9,0.7
400900308,ATL,3032979,32.0,9.6,9.9
400900308,CLE,1006,16.0,3.9,5.7
400900308,CLE,1966,39.0,29.4,27.4
400900308,CLE,2011,30.0,6.2,4.7
400900308,CLE,2754,25.0,8.5,8.1
400900308,CLE,2798,17.0,6.1,5.6
400900308,CLE,6442,36.0,42.5,37.2
400900308,CLE,6468,28.0,4.1,4.3
400900308,CLE,6474,31.0,3.8,3.8
400900308,CLE,6480,18.0,8.0,6.4
400900309,DAL,609,29.0,5.9,5.0
400900309,DAL,2382,15.0,3.8,4.7
400900309,DAL,6578,37.0,12.5,11.3
400900309,DAL,2326307,37.0,18.8,16.1
400900309,DAL,2566745,15.0,3.0,3.4
400900309,DAL,2578185,28.0,4.2,3.3
400900309,DAL,2968458,10.0,1.8,2.1
400900309,DAL,2991018,29.0,13.9,13.5
400900309,DAL,2991280,35.0,18.5,13.4
400900309,DAL,3929314,4.0,1.3,0.7
400900309,MEM,136,27.0,6.7,7.3
400900309,MEM,1017,29.0,24.4,22.7
400900309,MEM,2367,22.0,4.6,3.0
400900309,MEM,3195,36.0,24.5,24.5
400900309,MEM,3206,36.0,1.0,1.1
400900309,MEM,3979,20.0,3.1,4.1
400900309,MEM,6466,24.0,-0.5,-0.5
400900309,MEM,2327577,26.0,4.6,3.7
400900309,MEM,2489530,15.0,-3.2,-4.5
400900309,MEM,2579321,5.0,0.3,-0.3
400900310,BKN,3003,13.0,6.7,5.4
400900310,BKN,3448,29.0,10.9,9.2
400900310,BKN,4270,25.0,6.6,4.7
400900310,BKN,4299,16.0,0.6,1.7
400900310,BKN,6576,18.0,15.1,14.3
400900310,BKN,6614,6.0,4.3,4.1
400900310,BKN,2488689,23.0,5.5,4.9
400900310,BKN,2528794,10.0,-0.1,0.3
400900310,BKN,2566741,15.0,-1.3,-2.4
400900310,BKN,2580782,21.0,2.1,2.0
400900310,BKN,2991043,20.0,2.2,1.0
400900310,BKN,3064291,17.0,3.5,4.0
400900310,BKN,3136477,25.0,1.7,0.2
400900310,UTA,2167,13.0,4.7,3.6
400900310,UTA,3438,32.0,29.1,30.1
400900310,UTA,4249,35.0,11.6,9.1
400900310,UTA,4257,34.0,20.0,17.3
400900310,UTA,6429,23.0,4.3,2.9
400900310,UTA,2333797,2.0,1.2,1.2
400900310,UTA,2968361,2.0,0.0,0.0
400900310,UTA,2968436,36.0,9.4,8.4
400900310,UTA,3032976,33.0,8.9,6.6
400900310,UTA,3102528,16.0,3.3,3.7
400900310,UTA,3136196,14.0,-0.6,-3.5
400900311,OKC,3468,38.0,41.4,35.2
400900311,OKC,3986,14.0,-0.2,-2.4
400900311,OKC,6431,10.0,-5.1,-3.8
400900311,OKC,6447,23.0,7.9,7.4
400900311,OKC,2528588,35.0,0.8,0.9
400900311,OKC,2530596,31.0,6.2,4.0
400900311,OKC,2991070,12.0,-3.7,-3.4
400900311,OKC,2991235,30.0,8.4,7.0
400900311,OKC,2995702,33.0,6.0,6.3
400900311,OKC,3155942,13.0,10.2,9.4
400900311,PHX,2166,20.0,11.4,11.1
400900311,PHX,3201,26.0,7.1,6.9
400900311,PHX,4238,29.0,14.6,9.4
400900311,PHX,2579326,30.0,12.8,9.2
400900311,PHX,2596107,13.0,4.1,5.4
400900311,PHX,2982334,27.0,12.4,11.4
400900311,PHX,3136193,33.0,7.6,5.6
400900311,PHX,3136194,21.0,14.4,11.0
400900311,PHX,3907487,26.0,5.8,3.3
400900311,PHX,3936099,15.0,4.9,6.5
400900312,NOP,3974,21.0,3.1,3.6
400900312,NOP,3995,43.0,14.5,12.1
400900312,NOP,4258,43.0,12.4,8.4
400900312,NOP,6460,37.0,5.8,4.7
400900312,NOP,6583,42.0,20.4,18.2
400900312,NOP,6634,29.0,1.1,0.9
400900312,NOP,2488945,10.0,0.3,1.1
400900312,NOP,2488958,40.0,-0.7,1.3
400900312,SAS,272,21.0,4.2,3.7
400900312,SAS,996,36.0,7.7,7.5
400900312,SAS,1015,24.0,1.0,0.7
400900312,SAS,2772,9.0,0.4,0.0
400900312,SAS,2983,40.0,15.6,12.0
400900312,SAS,3988,36.0,3.6,2.3
400900312,SAS,4004,29.0,11.6,9.7
400900312,SAS,6426,2.0,-0.7,-0.7
400900312,SAS,6450,40.0,24.7,20.3
400900312,SAS,2579466,12.0,0.5,-0.7
400900312,SAS,2580913,16.0,1.2,2.4
400900313,BOS,2769,25.0,13.8,10.9
400900313,BOS,3213,32.0,14.7,13.9
400900313,BOS,3998,16.0,5.5,5.1
400900313,BOS,4240,24.0,11.1,11.0
400900313,BOS,6472,26.0,15.1,14.9
400900313,BOS,6581,27.0,13.5,12.4
400900313,BOS,2489663,14.0,1.4,2.3
400900313,BOS,2990992,28.0,5.4,0.3
400900313,BOS,3064509,12.0,-1.1,-0.7
400900313,BOS,3064520,3.0,0.7,0.0
400900313,BOS,3074752,12.0,1.2,-0.6
400900313,BOS,3917376,23.0,10.5,8.7
400900313,LAL,3191,12.0,5.6,5.1
400900313,LAL,3243,16.0,3.2,2.2
400900313,LAL,2528393,18.0,5.5,3.6
400900313,LAL,2528426,30.0,12.0,8.6
400900313,LAL,2580365,20.0,10.7,7.9
400900313,LAL,3059281,16.0,-1.9,-2.4
400900313,LAL,3062744,20.0,6.1,6.0
400900313,LAL,3064514,29.0,8.7,7.7
400900313,LAL,3136776,30.0,13.4,11.5
400900313,LAL,3913176,26.0,-2.4,-2.3
400900313,LAL,4017837,23.0,8.2,5.3
400900314,DET,4305,23.0,18.4,16.5
400900314,DET,4376,3.0,3.3,3.3
400900314,DET,6440,32.0,16.3,11.7
400900314,DET,6443,25.0,14.7,13.9
400900314,DET,6452,19.0,2.8,2.0
400900314,DET,6462,34.0,21.1,16.8
400900314,DET,6585,32.0,20.0,11.6
400900314,DET,2528779,11.0,4.8,4.8
400900314,DET,2578259,3.0,0.0,0.0
400900314,DET,2581018,31.0,23.1,21.9
400900314,DET,2968439,9.0,7.7,6.7
400900314,DET,3134881,18.0,0.5,-1.1
400900314,PHI,3025,30.0,12.2,12.3
400900314,PHI,6438,23.0,2.5,2.7
400900314,PHI,2490620,25.0,3.2,1.3
400900314,PHI,2530530,23.0,11.0,10.1
400900314,PHI,2982340,30.0,1.8,0.2
400900314,PHI,2991042,37.0,17.8,15.9
400900314,PHI,2993370,24.0,10.5,8.7
400900314,PHI,3032978,29.0,16.4,14.6
400900314,PHI,3893019,21.0,0.2,1.6
400900315,MIL,841,21.0,0.6,1.3
400900315,MIL,3211,17.0,16.9,14.5
400900315,MIL,4260,22.0,5.3,2.7
400900315,MIL,4385,8.0,-0.1,0.3
400900315,MIL,6609,30.0,15.7,15.4
400900315,MIL,2489716,26.0,1.3,1.2
400900315,MIL,2528353,30.0,0.3,-0.5
400900315,MIL,2566769,42.0,12.5,11.7
400900315,MIL,3032977,35.0,20.2,17.9
400900315,MIL,4017843,9.0,1.0,0.7
400900315,TOR,3033,29.0,4.9,3.5
400900315,TOR,3439,36.0,14.8,13.1
400900315,TOR,3970,19.0,1.5,0.3
400900315,TOR,3978,31.0,3.4,3.7
400900315,TOR,4264,19.0,2.7,3.0
400900315,TOR,6446,37.0,13.6,13.6
400900315,TOR,6477,21.0,10.7,9.8
400900315,TOR,2595516,26.0,8.1,9.1
400900315,TOR,2991230,8.0,6.3,5.1
400900315,TOR,3064447,11.0,-1.1,-1.8
400900315,TOR,3134908,2.0,0.0,0.0
400900316,CLE,1006,25.0,4.2,5.0
400900316,CLE,2009,27.0,1.7,1.4
400900316,CLE,2011,27.0,9.5,10.0
400900316,CLE,2754,23.0,16.9,13.8
400900316,CLE,2798,27.0,8.3,6.8
400900316,CLE,6453,29.0,1.9,1.3
400900316,CLE,6468,27.0,6.7,5.7
400900316,CLE,6474,28.0,8.0,8.1
400900316,CLE,6480,29.0,5.3,4.6
400900316,MIA,3423,24.0,20.2,20.0
400900316,MIA,3981,24.0,8.1,7.0
400900316,MIA,3999,18.0,9.4,7.2
400900316,MIA,4250,14.0,6.5,8.1
400900316,MIA,4262,28.0,19.0,15.6
400900316,MIA,6628,24.0,3.1,2.6
400900316,MIA,2326015,12.0,1.0,0.3
400900316,MIA,2488826,20.0,6.6,6.7
400900316,MIA,2528473,25.0,2.4,2.4
400900316,MIA,2530276,26.0,17.1,14.5
400900316,MIA,2581190,25.0,8.2,6.1
400900317,CHI,1987,33.0,4.8,3.5
400900317,CHI,3026,29.0,7.0,3.9
400900317,CHI,3447,27.0,6.2,6.8
400900317,CHI,6430,36.0,19.1,15.9
400900317,CHI,6459,27.0,8.4,4.4
400900317,CHI,2531047,10.0,-1.2,0.0
400900317,CHI,2999549,14.0,5.6,4.7
400900317,CHI,3064230,11.0,-1.9,-1.4
400900317,CHI,3064482,21.0,6.2,5.6
400900317,CHI,3113587,15.0,5.6,5.5
400900317,CHI,3893023,18.0,4.8,5.0
400900317,LAC,165,26.0,18.7,17.2
400900317,LAC,2753,13.0,-1.1,-0.3
400900317,LAC,2779,33.0,13.9,11.4
400900317,LAC,3024,24.0,6.5,7.0
400900317,LAC,3442,31.0,8.1,5.6
400900317,LAC,3451,30.0,11.0,9.8
400900317,LAC,3460,17.0,4.2,1.3
400900317,LAC,3989,34.0,11.2,10.1
400900317,LAC,4247,14.0,1.6,1.0
400900317,LAC,6617,19.0,1.8,1.3
400900318,CHA,2797,38.0,18.0,16.4
400900318,CHA,3190,28.0,1.8,-0.1
400900318,CHA,3416,35.0,19.5,19.7
400900318,CHA,6479,38.0,21.6,18.0
400900318,CHA,6601,22.0,5.9,3.0
400900318,CHA,6603,22.0,7.4,6.7
400900318,CHA,6641,10.0,1.6,1.3
400900318,CHA,2579258,26.0,7.6,6.5
400900318,CHA,2581084,15.0,14.0,14.3
400900318,CHA,3058254,5.0,2.4,0.0
400900318,DEN,2439,29.0,4.6,4.4
400900318,DEN,3194,22.0,2.9,2.5
400900318,DEN,3413,16.0,2.5,1.0
400900318,DEN,3428,33.0,15.6,14.9
400900318,DEN,6579,31.0,4.6,5.0
400900318,DEN,2488653,15.0,3.8,3.8
400900318,DEN,2999547,22.0,-0.4,-1.0
400900318,DEN,3112335,33.0,29.3,25.4
400900318,DEN,3936299,26.0,12.6,10.5
400900318,DEN,4017839,13.0,2.0,1.7
400900319,HOU,1713,16.0,11.9,9.7
400900319,HOU,2426,29.0,2.8,0.2
400900319,HOU,2799,21.0,5.4,5.0
400900319,HOU,3412,24.0,-4.5,-3.6
400900319,HOU,3431,35.0,16.1,12.8
400900319,HOU,3964,32.0,13.6,10.6
400900319,HOU,3992,36.0,30.9,27.9
400900319,HOU,2991184,18.0,8.1,7.5
400900319,HOU,3102529,29.0,21.3,20.8
400900319,MEM,136,24.0,4.8,3.3
400900319,MEM,1017,24.0,5.0,4.6
400900319,MEM,2367,27.0,8.5,8.8
400900319,MEM,3195,39.0,19.1,16.2
400900319,MEM,3206,36.0,15.3,9.7
400900319,MEM,3979,29.0,10.7,9.7
400900319,MEM,6466,20.0,-0.0,-1.1
400900319,MEM,2327577,29.0,16.7,16.4
400900319,MEM,2489530,11.0,2.8,4.0
400900319,MEM,2579321,1.0,0.0,0.0
400900319,MEM,3064511,1.0,0.0,0.0
400900319,MEM,3937101,1.0,0.0,0.0
400900320,MIN,3457,32.0,7.5,5.4
400900320,MIN,4011,43.0,12.9,7.8
400900320,MIN,4267,2.0,0.0,0.0
400900320,MIN,4269,21.0,6.8,6.4
400900320,MIN,2534781,37.0,12.9,10.2
400900320,MIN,2991139,10.0,-0.1,0.0
400900320,MIN,2993875,16.0,3.0,3.4
400900320,MIN,3059319,44.0,-0.2,0.6
400900320,MIN,3135046,14.0,1.3,1.0
400900320,MIN,3136195,46.0,21.0,18.5
400900320,SAS,996,30.0,16.6,15.2
400900320,SAS,1015,17.0,-1.8,-2.3
400900320,SAS,2772,14.0,5.0,3.1
400900320,SAS,2983,44.0,9.6,6.2
400900320,SAS,3988,38.0,2.9,3.3
400900320,SAS,4004,32.0,-4.9,-4.9
400900320,SAS,6450,44.0,32.7,23.7
400900320,SAS,2579466,16.0,2.2,0.3
400900320,SAS,2580913,18.0,5.7,5.2
400900320,SAS,2993874,8.0,2.0,1.7
400900320,SAS,3907497,4.0,2.3,2.4
400900321,BKN,3003,16.0,-1.5,-1.0
400900321,BKN,3448,32.0,17.7,15.0
400900321,BKN,4270,20.0,3.1,0.7
400900321,BKN,4299,22.0,12.8,11.0
400900321,BKN,6576,17.0,2.7,3.6
400900321,BKN,2488689,27.0,17.5,17.2
400900321,BKN,2566741,5.0,1.0,0.0
400900321,BKN,2580782,27.0,13.0,12.5
400900321,BKN,2991043,24.0,7.9,6.1
400900321,BKN,3064291,27.0,14.1,12.7
400900321,BKN,3136477,23.0,2.2,3.4
400900321,POR,4248,32.0,18.0,16.9
400900321,POR,6591,30.0,22.2,17.9
400900321,POR,6605,18.0,9.4,9.2
400900321,POR,6606,36.0,15.3,13.9
400900321,POR,2490149,38.0,27.1,24.3
400900321,POR,2530780,15.0,2.5,0.3
400900321,POR,2531210,19.0,7.5,7.0
400900321,POR,2578239,6.0,0.0,-0.3
400900321,POR,3078284,16.0,1.8,-1.4
400900321,POR,3102530,30.0,13.0,11.7
400900322,ATL,2384,35.0,10.7,6.2
400900322,ATL,2767,21.0,5.3,4.4
400900322,ATL,3015,37.0,16.2,12.5
400900322,ATL,3028,36.0,11.0,8.7
400900322,ATL,6637,19.0,-2.7,-3.1
400900322,ATL,2282205,11.0,1.3,0.7
400900322,ATL,2528210,35.0,18.6,17.5
400900322,ATL,2990962,9.0,-0.9,-1.1
400900322,ATL,3032979,36.0,14.8,13.5
400900322,IND,2389,13.0,2.8,2.3
400900322,IND,2751,22.0,-0.6,-1.8
400900322,IND,2778,33.0,8.1,7.7
400900322,IND,3235,16.0,1.8,-0.8
400900322,IND,3244,24.0,2.6,2.6
400900322,IND,4015,32.0,16.1,13.2
400900322,IND,4251,38.0,24.2,22.9
400900322,IND,4289,5.0,0.3,0.3
400900322,IND,2596110,4.0,1.5,2.4
400900322,IND,2991039,23.0,11.5,9.4
400900322,IND,3133628,30.0,3.1,2.7
400900323,GSW,1765,19.0,4.5,2.4
400900323,GSW,2016,18.0,8.8,7.2
400900323,GSW,2177,11.0,3.9,4.7
400900323,GSW,2386,31.0,8.0,5.8
400900323,GSW,2393,14.0,-3.3,-2.1
400900323,GSW,3452,8.0,4.9,4.0
400900323,GSW,3975,37.0,24.4,21.4
400900323,GSW,6475,37.0,19.8,18.6
400900323,GSW,6589,40.0,15.1,11.8
400900323,GSW,2489785,6.0,2.0,2.0
400900323,GSW,2594818,3.0,-0.1,0.0
400900323,GSW,3137730,16.0,4.3,3.4
400900323,NYK,1975,35.0,12.0,9.8
400900323,NYK,3445,29.0,3.4,2.0
400900323,NYK,3456,35.0,19.1,19.4
400900323,NYK,6485,27.0,-0.3,-2.1
400900323,NYK,6615,11.0,3.6,3.9
400900323,NYK,2284101,15.0,7.6,7.1
400900323,NYK,2580349,23.0,6.0,3.9
400900323,NYK,2999409,14.0,4.6,4.5
400900323,NYK,3102531,40.0,18.6,15.1
400900323,NYK,3138120,11.0,3.6,2.9
400900324,BOS,2761,15.0,-0.9,-1.4
400900324,BOS,2769,27.0,14.9,12.2
400900324,BOS,3998,20.0,-0.0,0.6
400900324,BOS,6472,32.0,24.6,23.6
400900324,BOS,6581,33.0,13.3,10.7
400900324,BOS,6631,6.0,-2.6,-3.0
400900324,BOS,2489663,22.0,-3.6,-5.1
400900324,BOS,2990992,28.0,7.1,6.8
400900324,BOS,3064520,9.0,1.2,0.7
400900324,BOS,3074752,20.0,11.9,10.4
400900324,BOS,3917376,30.0,11.1,10.5
400900324,PHX,2166,13.0,-3.9,-3.8
400900324,PHX,3201,18.0,-5.2,-6.2
400900324,PHX,4238,35.0,20.9,19.9
400900324,PHX,2579326,31.0,9.6,5.6
400900324,PHX,2596107,13.0,4.4,5.3
400900324,PHX,2982334,32.0,13.8,11.1
400900324,PHX,3136193,27.0,10.1,9.6
400900324,PHX,3136194,33.0,19.1,18.3
400900324,PHX,3907487,25.0,10.6,5.4
400900324,PHX,3936099,12.0,0.2,0.0
400900325,ORL,3209,22.0,6.5,5.9
400900325,ORL,3277,13.0,-0.2,-1.0
400900325,ORL,3415,18.0,9.5,9.2
400900325,ORL,6427,34.0,14.8,11.4
400900325,ORL,6588,34.0,9.6,9.7
400900325,ORL,6619,32.0,11.9,9.3
400900325,ORL,2583639,30.0,14.5,12.3
400900325,ORL,2995706,17.0,7.8,6.6
400900325,ORL,3064290,35.0,12.7,11.1
400900325,ORL,3936102,5.0,-1.4,-1.7
400900325,WAS,2758,22.0,7.3,5.4
400900325,WAS,2774,20.0,6.1,2.3
400900325,WAS,3593,27.0,22.1,22.6
400900325,WAS,3997,17.0,4.2,3.9
400900325,WAS,4237,37.0,14.2,12.1
400900325,WAS,6461,31.0,5.4,4.0
400900325,WAS,6580,41.0,27.5,24.6
400900325,WAS,6621,7.0,4.7,4.4
400900325,WAS,2594922,31.0,9.5,7.7
400900325,WAS,3133603,6.0,0.5,-0.7
400900326,SAC,3187,40.0,13.9,13.8
400900326,SAC,3276,27.0,9.0,6.8
400900326,SAC,3444,37.0,8.2,8.1
400900326,SAC,3973,41.0,15.0,13.5
400900326,SAC,4000,37.0,12.0,12.8
400900326,SAC,4023,24.0,9.9,7.1
400900326,SAC,2990984,19.0,4.0,2.4
400900326,SAC,2991282,39.0,14.5,9.9
400900326,SAC,3936296,2.0,-0.8,0.0
400900326,UTA,2167,26.0,2.0,2.1
400900326,UTA,3438,40.0,11.9,10.9
400900326,UTA,4249,40.0,13.0,12.2
400900326,UTA,4257,26.0,7.7,7.1
400900326,UTA,6429,15.0,4.6,2.4
400900326,UTA,2581177,33.0,21.5,19.4
400900326,UTA,2968436,28.0,1.7,1.3
400900326,UTA,3032976,41.0,23.6,16.3
400900326,UTA,3102528,13.0,0.3,0.3
400900326,UTA,3136196,2.0,0.3,0.0
400900327,DAL,609,30.0,12.7,10.4
400900327,DAL,2382,18.0,9.4,8.2
400900327,DAL,4032,32.0,9.6,7.4
400900327,DAL,6578,34.0,13.2,13.0
400900327,DAL,2326307,30.0,15.4,14.5
400900327,DAL,2531367,3.0,-0.4,-0.7
400900327,DAL,2566745,14.0,1.8,1.9
400900327,DAL,2578185,16.0,6.5,5.1
400900327,DAL,2968458,10.0,1.6,0.0
400900327,DAL,2991018,32.0,4.5,4.7
400900327,DAL,2991280,16.0,8.5,9.9
400900327,DAL,3136469,3.0,-0.4,-1.0
400900327,DAL,3929314,3.0,-1.7,-1.7
400900327,OKC,3468,34.0,20.0,17.1
400900327,OKC,3986,23.0,2.4,2.6
400900327,OKC,6431,24.0,0.4,0.3
400900327,OKC,6447,19.0,11.8,10.4
400900327,OKC,6469,3.0,-1.4,-1.0
400900327,OKC,2528588,35.0,3.1,2.3
400900327,OKC,2530596,23.0,2.9,2.5
400900327,OKC,2983526,5.0,0.0,0.0
400900327,OKC,2991070,19.0,3.9,2.7
400900327,OKC,2991235,25.0,14.7,13.2
400900327,OKC,2995702,10.0,-1.5,-0.7
400900327,OKC,3155942,20.0,0.1,-0.8
400900328,LAL,3191,16.0,1.7,-0.3
400900328,LAL,3243,28.0,12.8,12.1
400900328,LAL,4298,15.0,7.2,7.2
400900328,LAL,6618,2.0,0.0,0.0
400900328,LAL,2528393,17.0,0.4,1.7
400900328,LAL,2528426,24.0,10.0,8.4
400900328,LAL,2580365,20.0,3.4,2.4
400900328,LAL,3059281,7.0,7.0,5.4
400900328,LAL,3062744,9.0,0.3,0.0
400900328,LAL,3064514,33.0,6.1,4.1
400900328,LAL,3136776,33.0,5.6,3.3
400900328,LAL,3913176,39.0,8.4,6.3
400900328,NOP,3410,11.0,-1.8,-3.1
400900328,NOP,3974,24.0,4.2,2.6
400900328,NOP,3995,36.0,23.9,19.4
400900328,NOP,4258,31.0,16.3,14.7
400900328,NOP,6460,31.0,10.9,9.7
400900328,NOP,6583,36.0,25.2,19.0
400900328,NOP,6634,25.0,1.7,-0.8
400900328,NOP,2488945,12.0,0.2,0.0
400900328,NOP,2488958,34.0,4.3,3.4
400900329,MIL,841,27.0,5.3,2.7
400900329,MIL,3211,6.0,0.6,1.0
400900329,MIL,4260,22.0,4.4,6.4
400900329,MIL,4385,21.0,2.7,1.2
400900329,MIL,6609,32.0,11.0,9.9
400900329,MIL,2489716,27.0,11.2,10.6
400900329,MIL,2528353,31.0,19.6,16.6
400900329,MIL,2566769,21.0,12.8,9.9
400900329,MIL,3032977,35.0,26.5,20.7
400900329,MIL,3137733,4.0,0.3,0.0
400900329,MIL,4017843,15.0,3.3,3.6
400900329,PHI,3025,24.0,6.2,6.5
400900329,PHI,3993,17.0,2.9,2.7
400900329,PHI,6438,4.0,3.4,3.4
400900329,PHI,2490620,33.0,8.7,6.6
400900329,PHI,2530530,24.0,5.4,4.9
400900329,PHI,2581180,15.0,10.3,8.5
400900329,PHI,2982340,23.0,14.3,14.2
400900329,PHI,2991042,27.0,4.0,4.4
400900329,PHI,2993370,22.0,5.0,5.4
400900329,PHI,3032978,33.0,11.1,7.7
400900329,PHI,3893019,18.0,3.5,3.0
400900330,NYK,3445,41.0,11.9,11.6
400900330,NYK,3456,27.0,10.2,8.7
400900330,NYK,6485,27.0,12.0,10.3
400900330,NYK,6615,12.0,11.3,10.9
400900330,NYK,2284101,25.0,11.5,9.5
400900330,NYK,2580349,17.0,-0.3,-0.3
400900330,NYK,2580898,26.0,7.9,7.1
400900330,NYK,2999409,18.0,12.3,12.7
400900330,NYK,3102531,30.0,9.7,9.1
400900330,NYK,3138120,16.0,6.9,6.4
400900330,ORL,3209,20.0,7.8,8.0
400900330,ORL,3277,12.0,5.7,5.1
400900330,ORL,3415,13.0,1.8,3.0
400900330,ORL,6427,42.0,10.1,7.9
400900330,ORL,6588,34.0,16.2,16.4
400900330,ORL,6619,35.0,-1.8,-3.5
400900330,ORL,2309097,4.0,0.0,0.0
400900330,ORL,2583639,35.0,18.6,16.8
400900330,ORL,2995706,15.0,6.2,3.6
400900330,ORL,3064290,30.0,12.1,11.8
400900331,CLE,1006,29.0,1.6,0.7
400900331,CLE,1966,39.0,25.8,20.7
400900331,CLE,2011,20.0,-0.2,-1.1
400900331,CLE,2747,1.0,-0.8,0.0
400900331,CLE,2754,14.0,-0.4,-0.5
400900331,CLE,2798,17.0,3.7,3.1
400900331,CLE,6442,40.0,20.8,19.0
400900331,CLE,6468,26.0,3.7,3.2
400900331,CLE,6474,36.0,10.7,7.8
400900331,CLE,6480,19.0,3.2,1.7
400900331,MIA,3423,34.0,13.6,12.5
400900331,MIA,3981,32.0,16.0,15.5
400900331,MIA,4250,9.0,1.9,0.6
400900331,MIA,4262,36.0,11.2,7.3
400900331,MIA,6628,35.0,21.0,20.5
400900331,MIA,2326015,12.0,4.1,2.7
400900331,MIA,2488826,28.0,8.1,7.0
400900331,MIA,2528473,22.0,1.1,0.7
400900331,MIA,2581190,32.0,7.4,5.0
400900332,ATL,2384,29.0,6.2,3.3
400900332,ATL,2767,27.0,14.5,11.0
400900332,ATL,3015,39.0,16.1,14.8
400900332,ATL,3028,30.0,4.6,3.8
400900332,ATL,6637,29.0,5.1,6.1
400900332,ATL,2282205,19.0,0.3,0.0
400900332,ATL,2528210,33.0,11.8,10.4
400900332,ATL,2990962,10.0,3.6,3.4
400900332,ATL,3032979,24.0,18.0,16.5
400900332,GSW,1765,18.0,4.6,2.4
400900332,GSW,2016,15.0,5.5,5.1
400900332,GSW,2177,13.0,6.3,5.8
400900332,GSW,2386,35.0,28.0,24.5
400900332,GSW,2393,17.0,0.8,1.0
400900332,GSW,3452,9.0,2.2,2.4
400900332,GSW,3975,35.0,17.1,17.8
400900332,GSW,6475,30.0,5.8,6.3
400900332,GSW,6589,30.0,14.8,10.9
400900332,GSW,2489785,10.0,9.4,8.4
400900332,GSW,2594818,3.0,0.0,-1.0
400900332,GSW,3137730,27.0,9.2,7.1
400900333,CHI,3447,34.0,11.7,10.0
400900333,CHI,3474,5.0,2.3,2.7
400900333,CHI,6430,39.0,21.6,18.1
400900333,CHI,6459,18.0,1.0,2.2
400900333,CHI,2490589,2.0,0.0,0.0
400900333,CHI,2531047,23.0,10.1,8.2
400900333,CHI,2596108,10.0,1.9,0.7
400900333,CHI,2999549,15.0,-2.7,-1.7
400900333,CHI,3064230,23.0,7.8,7.3
400900333,CHI,3064482,26.0,6.5,5.7
400900333,CHI,3113587,14.0,3.2,2.7
400900333,CHI,3893023,31.0,3.4,3.4
400900333,DET,4305,18.0,9.8,8.9
400900333,DET,6440,28.0,13.9,10.8
400900333,DET,6443,31.0,22.6,22.4
400900333,DET,6452,32.0,10.1,9.4
400900333,DET,6462,31.0,6.9,5.9
400900333,DET,6585,30.0,12.5,9.5
400900333,DET,2581018,36.0,3.7,2.6
400900333,DET,2968439,18.0,11.5,10.6
400900333,DET,3134881,16.0,0.9,-1.1
400900334,BKN,3003,16.0,14.3,11.8
400900334,BKN,3448,32.0,4.8,3.4
400900334,BKN,4270,26.0,7.5,4.8
400900334,BKN,4299,24.0,10.5,11.3
400900334,BKN,6576,15.0,0.2,1.3
400900334,BKN,2488689,28.0,24.1,21.7
400900334,BKN,2566741,5.0,1.3,1.7
400900334,BKN,2580782,24.0,0.7,-1.0
400900334,BKN,2991043,25.0,9.8,10.0
400900334,BKN,3064291,23.0,11.7,7.6
400900334,BKN,3136477,23.0,13.4,10.8
400900334,MEM,136,21.0,-1.1,-0.4
400900334,MEM,1017,16.0,5.0,3.9
400900334,MEM,2367,17.0,4.2,2.7
400900334,MEM,3195,39.0,26.0,26.1
400900334,MEM,3206,34.0,14.3,12.6
400900334,MEM,3242,18.0,7.1,7.1
400900334,MEM,3979,23.0,2.1,3.1
400900334,MEM,6466,22.0,11.0,10.1
400900334,MEM,2327577,26.0,8.0,7.1
400900334,MEM,2489530,2.0,-1.4,-1.4
400900334,MEM,3064511,22.0,2.5,1.3
400900336,CHA,2797,40.0,4.7,2.2
400900336,CHA,3190,14.0,-0.1,-1.7
400900336,CHA,3416,34.0,14.8,10.3
400900336,CHA,6479,35.0,23.7,21.9
400900336,CHA,6601,31.0,13.4,8.8
400900336,CHA,6603,25.0,12.0,11.2
400900336,CHA,6641,13.0,4.3,3.7
400900336,CHA,2579258,34.0,15.9,12.5
400900336,CHA,2581084,14.0,-2.6,-2.1
400900336,IND,2389,7.0,-0.8,-0.7
400900336,IND,2751,26.0,5.9,6.1
400900336,IND,2778,33.0,14.7,14.2
400900336,IND,3192,10.0,2.3,1.0
400900336,IND,3235,9.0,-2.1,-2.4
400900336,IND,3244,21.0,3.3,1.7
400900336,IND,4015,29.0,10.0,7.8
400900336,IND,4251,36.0,23.4,22.0
400900336,IND,2596110,9.0,2.7,2.4
400900336,IND,2991039,28.0,1.7,0.7
400900336,IND,3133628,32.0,4.3,2.4
400900337,HOU,1713,19.0,6.0,6.3
400900337,HOU,2426,35.0,8.8,8.0
400900337,HOU,2799,19.0,-1.6,-1.9
400900337,HOU,3412,25.0,4.6,4.7
400900337,HOU,3431,34.0,8.4,7.4
400900337,HOU,3964,33.0,10.3,6.0
400900337,HOU,3992,36.0,31.7,31.9
400900337,HOU,2991184,14.0,1.2,0.3
400900337,HOU,3102529,25.0,8.3,7.1
400900337,SAS,272,20.0,7.0,6.1
400900337,SAS,996,17.0,3.6,1.1
400900337,SAS,1015,28.0,11.8,11.1
400900337,SAS,2772,23.0,7.5,5.5
400900337,SAS,2983,37.0,13.3,11.7
400900337,SAS,3988,33.0,6.5,3.7
400900337,SAS,4004,19.0,3.9,3.7
400900337,SAS,6450,39.0,37.5,33.7
400900337,SAS,2579466,14.0,4.7,4.1
400900337,SAS,2580913,9.0,-0.6,-1.0
400900338,DEN,2439,30.0,8.4,8.6
400900338,DEN,3194,43.0,27.7,23.5
400900338,DEN,3413,17.0,7.1,4.3
400900338,DEN,3428,31.0,18.2,16.5
400900338,DEN,6579,27.0,4.3,4.6
400900338,DEN,2488653,31.0,6.2,3.0
400900338,DEN,2999547,35.0,15.3,11.8
400900338,DEN,3936299,18.0,0.3,1.1
400900338,DEN,4017839,8.0,3.3,2.3
400900338,SAC,3187,21.0,0.2,-0.4
400900338,SAC,3276,23.0,0.2,0.0
400900338,SAC,3444,24.0,11.5,9.2
400900338,SAC,3973,26.0,14.1,14.2
400900338,SAC,3983,21.0,7.9,5.4
400900338,SAC,4000,34.0,16.2,12.3
400900338,SAC,2530572,5.0,-0.4,-0.7
400900338,SAC,2578213,13.0,-0.2,0.0
400900338,SAC,2990984,23.0,7.8,6.3
400900338,SAC,2991282,28.0,5.2,5.4
400900338,SAC,3936296,20.0,6.5,6.1
400900339,NOP,3410,17.0,0.1,-0.7
400900339,NOP,3974,26.0,2.9,1.0
400900339,NOP,3995,23.0,0.4,-2.8
400900339,NOP,4243,20.0,15.7,13.8
400900339,NOP,4258,38.0,7.2,4.6
400900339,NOP,6460,18.0,4.6,4.7
400900339,NOP,6464,4.0,0.0,0.0
400900339,NOP,6583,37.0,13.0,9.7
400900339,NOP,6634,8.0,2.1,1.3
400900339,NOP,2488945,29.0,6.1,6.0
400900339,NOP,2488958,20.0,-0.3,-3.1
400900339,UTA,2167,24.0,-2.1,-1.6
400900339,UTA,4249,36.0,13.3,11.0
400900339,UTA,4257,32.0,3.1,1.2
400900339,UTA,6429,16.0,7.3,5.6
400900339,UTA,2581177,20.0,4.4,2.9
400900339,UTA,2968361,14.0,-1.3,-1.7
400900339,UTA,2968436,32.0,14.1,10.9
400900339,UTA,3032976,36.0,20.3,16.1
400900339,UTA,3102528,25.0,0.7,0.2
400900339,UTA,3136196,4.0,-1.1,-0.7
400900340,BOS,2769,24.0,6.9,5.3
400900340,BOS,4240,26.0,6.0,5.9
400900340,BOS,6472,35.0,24.8,22.8
400900340,BOS,6581,35.0,3.7,2.5
400900340,BOS,6631,6.0,-0.2,0.7
400900340,BOS,2489663,20.0,2.7,2.8
400900340,BOS,2990992,32.0,16.0,15.7
400900340,BOS,3064509,13.0,0.5,-0.4
400900340,BOS,3064520,3.0,0.0,0.0
400900340,BOS,3074752,20.0,1.9,1.3
400900340,BOS,3917376,26.0,9.5,8.2
400900340,LAC,165,29.0,14.5,14.4
400900340,LAC,2753,20.0,14.5,10.2
400900340,LAC,2779,30.0,17.9,14.1
400900340,LAC,3024,18.0,-0.7,0.3
400900340,LAC,3442,28.0,13.1,9.4
400900340,LAC,3451,15.0,4.3,2.7
400900340,LAC,3460,15.0,5.6,5.0
400900340,LAC,3989,36.0,21.0,20.8
400900340,LAC,4247,16.0,1.0,1.0
400900340,LAC,6617,32.0,3.4,4.1
400900341,OKC,3468,36.0,43.6,40.9
400900341,OKC,3986,23.0,3.5,3.8
400900341,OKC,6431,6.0,-0.3,-0.3
400900341,OKC,6447,18.0,8.0,6.9
400900341,OKC,2527963,26.0,11.0,10.7
400900341,OKC,2528588,14.0,1.2,2.0
400900341,OKC,2530596,35.0,5.7,6.1
400900341,OKC,2983526,10.0,-0.5,-1.0
400900341,OKC,2991070,11.0,0.3,0.3
400900341,OKC,2991235,29.0,2.2,2.5
400900341,OKC,2995702,13.0,2.5,3.0
400900341,OKC,3155942,21.0,4.5,4.0
400900341,POR,4248,30.0,12.2,8.1
400900341,POR,6591,29.0,9.3,6.4
400900341,POR,6605,19.0,7.8,9.1
400900341,POR,6606,36.0,19.8,18.2
400900341,POR,2490149,37.0,8.7,9.2
400900341,POR,2530780,14.0,6.4,4.2
400900341,POR,2531210,28.0,19.6,19.9
400900341,POR,3078284,22.0,10.3,11.6
400900341,POR,3102530,25.0,11.5,10.4
400900342,DAL,609,24.0,21.4,18.2
400900342,DAL,2382,13.0,6.2,6.8
400900342,DAL,4032,25.0,11.9,12.1
400900342,DAL,6578,35.0,6.0,4.9
400900342,DAL,2326307,31.0,13.9,13.5
400900342,DAL,2531367,8.0,4.0,2.4
400900342,DAL,2566745,17.0,8.1,7.5
400900342,DAL,2578185,23.0,0.9,-0.4
400900342,DAL,2968458,3.0,0.3,0.0
400900342,DAL,2991018,32.0,15.2,15.7
400900342,DAL,2991280,23.0,14.1,9.4
400900342,DAL,3136469,3.0,-2.1,-2.1
400900342,DAL,3929314,3.0,0.3,0.0
400900342,LAL,3191,13.0,7.6,5.7
400900342,LAL,3243,21.0,7.8,7.6
400900342,LAL,6618,8.0,0.6,-1.4
400900342,LAL,2528393,13.0,-1.2,-1.4
400900342,LAL,2528426,34.0,13.0,13.8
400900342,LAL,2580365,21.0,7.6,5.4
400900342,LAL,3059281,17.0,6.4,6.5
400900342,LAL,3062744,8.0,0.4,-0.5
400900342,LAL,3064514,35.0,18.6,15.0
400900342,LAL,3136776,33.0,19.6,16.1
400900342,LAL,3913176,35.0,9.2,9.8
400900343,PHX,2166,23.0,7.5,6.0
400900343,PHX,3201,6.0,0.6,0.0
400900343,PHX,4238,27.0,18.2,18.5
400900343,PHX,2579326,24.0,10.9,11.2
400900343,PHX,2596107,22.0,11.1,5.8
400900343,PHX,2982334,30.0,12.6,11.5
400900343,PHX,3136193,38.0,14.2,14.1
400900343,PHX,3136194,22.0,5.9,4.7
400900343,PHX,3907487,26.0,6.9,6.7
400900343,PHX,3936099,22.0,5.5,5.1
400900343,WAS,2758,19.0,2.3,2.3
400900343,WAS,2774,26.0,20.3,11.3
400900343,WAS,3232,23.0,14.4,13.5
400900343,WAS,3593,29.0,28.2,26.1
400900343,WAS,3997,5.0,0.0,0.0
400900343,WAS,4237,37.0,25.0,20.1
400900343,WAS,6461,25.0,3.0,2.6
400900343,WAS,6580,33.0,17.1,14.9
400900343,WAS,6621,8.0,-1.2,-0.7
400900343,WAS,2579260,4.0,-2.1,-1.7
400900343,WAS,2594922,24.0,1.7,-0.4
400900343,WAS,3133603,7.0,-0.2,0.6
400900344,CHI,3026,28.0,9.1,7.9
400900344,CHI,3447,36.0,9.3,6.5
400900344,CHI,6430,38.0,13.3,10.7
400900344,CHI,2531047,24.0,11.4,10.8
400900344,CHI,2959753,29.0,8.4,7.0
400900344,CHI,2999549,23.0,0.9,-0.8
400900344,CHI,3064230,17.0,-0.5,0.0
400900344,CHI,3064482,19.0,4.5,4.4
400900344,CHI,3113587,12.0,9.0,8.4
400900344,CHI,3893023,14.0,-1.3,-0.7
400900344,ORL,3209,19.0,6.5,5.4
400900344,ORL,3277,12.0,7.0,3.7
400900344,ORL,3415,12.0,3.6,4.0
400900344,ORL,6427,35.0,-0.8,-1.1
400900344,ORL,6588,34.0,16.0,13.0
400900344,ORL,6619,31.0,8.0,8.6
400900344,ORL,2583639,36.0,34.2,28.4
400900344,ORL,2995706,19.0,-2.1,-2.8
400900344,ORL,3064290,29.0,10.1,8.0
400900344,ORL,3936102,13.0,-1.5,-2.1
400900345,ATL,2384,29.0,11.3,6.7
400900345,ATL,2767,26.0,9.7,7.4
400900345,ATL,2806,12.0,-0.7,-0.7
400900345,ATL,3015,39.0,15.8,15.4
400900345,ATL,3028,31.0,10.6,6.4
400900345,ATL,6637,23.0,0.2,-0.9
400900345,ATL,2528210,29.0,12.1,9.0
400900345,ATL,2990962,14.0,0.4,-0.4
400900345,ATL,3032979,36.0,22.2,19.8
400900345,BKN,3003,14.0,2.6,2.7
400900345,BKN,3448,29.0,11.2,6.7
400900345,BKN,4270,27.0,12.4,10.2
400900345,BKN,4299,25.0,10.8,10.5
400900345,BKN,6576,22.0,6.3,2.3
400900345,BKN,2488689,30.0,20.9,18.7
400900345,BKN,2566741,5.0,1.7,1.0
400900345,BKN,2580782,23.0,0.3,-0.3
400900345,BKN,2991043,24.0,6.9,5.4
400900345,BKN,3064291,18.0,4.0,4.3
400900345,BKN,3136477,24.0,1.0,1.4
400900346,CHA,2797,37.0,14.8,10.5
400900346,CHA,3190,27.0,5.9,4.6
400900346,CHA,3416,31.0,13.9,9.3
400900346,CHA,6479,38.0,20.4,18.3
400900346,CHA,6601,26.0,11.0,9.5
400900346,CHA,6603,25.0,5.1,4.4
400900346,CHA,6641,10.0,1.2,0.0
400900346,CHA,2579258,42.0,6.2,5.8
400900346,CHA,2581084,4.0,-0.4,0.0
400900346,CHA,3058254,2.0,-1.0,-1.0
400900346,MIA,3423,34.0,23.1,22.4
400900346,MIA,3981,22.0,3.7,3.2
400900346,MIA,3999,30.0,11.9,7.0
400900346,MIA,4250,18.0,8.2,7.0
400900346,MIA,4262,35.0,16.2,8.8
400900346,MIA,6628,27.0,18.2,17.8
400900346,MIA,2326015,13.0,6.4,5.6
400900346,MIA,2488826,14.0,-0.9,0.0
400900346,MIA,2530276,22.0,-1.3,-0.4
400900346,MIA,2581190,25.0,3.1,1.6
400900347,MIL,841,30.0,4.7,2.0
400900347,MIL,3211,8.0,1.7,1.4
400900347,MIL,4260,29.0,12.2,11.3
400900347,MIL,4385,7.0,3.0,3.0
400900347,MIL,6609,28.0,19.1,17.3
400900347,MIL,2489716,26.0,5.3,4.7
400900347,MIL,2528353,38.0,8.3,5.3
400900347,MIL,2566769,22.0,1.2,0.6
400900347,MIL,3032977,41.0,35.3,28.6
400900347,MIL,4017843,11.0,0.8,0.6
400900347,NYK,1975,40.0,10.0,10.4
400900347,NYK,3445,37.0,10.8,9.4
400900347,NYK,3456,39.0,22.5,22.2
400900347,NYK,6485,24.0,-1.5,-1.8
400900347,NYK,6615,11.0,3.2,1.7
400900347,NYK,2284101,12.0,3.1,2.1
400900347,NYK,2580349,9.0,3.7,3.7
400900347,NYK,2999409,28.0,7.4,4.4
400900347,NYK,3102531,37.0,7.6,4.2
400900347,NYK,3138120,4.0,-1.1,-0.7
400900348,NOP,3410,9.0,8.0,8.5
400900348,NOP,3974,26.0,6.1,3.7
400900348,NOP,3995,32.0,5.7,3.1
400900348,NOP,4243,26.0,7.6,7.1
400900348,NOP,4258,39.0,13.0,10.2
400900348,NOP,6460,29.0,7.2,8.1
400900348,NOP,6464,6.0,-0.1,-1.0
400900348,NOP,6583,17.0,4.7,3.9
400900348,NOP,6634,15.0,3.8,3.7
400900348,NOP,2488945,16.0,3.7,3.1
400900348,NOP,2488958,24.0,0.4,-0.0
400900348,TOR,3033,38.0,5.4,4.1
400900348,TOR,3439,30.0,8.7,4.6
400900348,TOR,3978,38.0,12.9,9.6
400900348,TOR,4264,24.0,5.9,6.0
400900348,TOR,6446,32.0,6.4,4.7
400900348,TOR,6477,34.0,21.2,19.4
400900348,TOR,2595516,21.0,8.7,8.2
400900348,TOR,2991230,4.0,0.9,1.0
400900348,TOR,3064447,12.0,2.1,1.7
400900348,TOR,3134908,8.0,1.9,1.6
400900349,HOU,2426,37.0,10.1,10.0
400900349,HOU,2799,23.0,10.1,8.9
400900349,HOU,3431,40.0,9.3,7.9
400900349,HOU,3964,34.0,3.3,1.3
400900349,HOU,3992,37.0,24.9,21.4
400900349,HOU,2991055,16.0,11.0,11.2
400900349,HOU,2991184,22.0,2.2,0.3
400900349,HOU,3102529,32.0,16.3,16.1
400900349,UTA,1007,32.0,11.0,10.4
400900349,UTA,2167,14.0,3.8,3.5
400900349,UTA,4249,37.0,21.2,19.2
400900349,UTA,6429,15.0,5.2,4.0
400900349,UTA,2333797,12.0,1.7,2.4
400900349,UTA,2581177,35.0,13.7,13.2
400900349,UTA,2968361,21.0,4.1,2.7
400900349,UTA,2968436,28.0,5.1,5.5
400900349,UTA,3032976,36.0,21.6,19.1
400900349,UTA,3102528,9.0,1.4,2.7
400900350,LAC,165,24.0,1.4,-0.8
400900350,LAC,2745,7.0,0.8,-0.1
400900350,LAC,2753,16.0,1.2,0.0
400900350,LAC,2779,32.0,7.0,6.2
400900350,LAC,3024,26.0,9.3,6.3
400900350,LAC,3442,30.0,20.4,18.9
400900350,LAC,3451,16.0,1.0,1.0
400900350,LAC,3460,15.0,7.7,6.0
400900350,LAC,3989,36.0,5.3,5.7
400900350,LAC,4247,7.0,0.3,0.0
400900350,LAC,6617,29.0,5.4,4.9
400900350,MIN,4011,33.0,16.8,15.0
400900350,MIN,4244,16.0,2.3,1.4
400900350,MIN,4267,3.0,-0.1,0.0
400900350,MIN,4269,19.0,-0.3,-1.7
400900350,MIN,2534781,39.0,12.1,6.1
400900350,MIN,2991139,15.0,7.1,7.1
400900350,MIN,2993875,26.0,10.9,9.4
400900350,MIN,3059319,36.0,12.8,11.9
400900350,MIN,3135046,18.0,6.7,6.5
400900350,MIN,3136195,35.0,24.9,23.1
400900351,DET,4305,25.0,1.9,0.4
400900351,DET,4376,11.0,6.0,5.3
400900351,DET,6440,27.0,13.7,13.3
400900351,DET,6443,23.0,2.3,2.3
400900351,DET,6452,27.0,7.6,7.1
400900351,DET,6462,29.0,3.7,3.1
400900351,DET,6585,26.0,14.5,11.4
400900351,DET,2528779,7.0,0.0,0.0
400900351,DET,2581018,27.0,-0.2,-0.8
400900351,DET,2968439,10.0,4.7,4.1
400900351,DET,3134881,28.0,15.0,13.2
400900351,IND,2389,18.0,4.7,4.7
400900351,IND,2751,22.0,8.4,8.8
400900351,IND,2778,23.0,10.5,11.4
400900351,IND,3192,3.0,0.0,0.0
400900351,IND,3235,24.0,7.4,6.8
400900351,IND,3244,34.0,14.4,13.1
400900351,IND,4015,24.0,10.0,9.2
400900351,IND,4251,29.0,17.4,15.8
400900351,IND,4289,3.0,1.9,1.7
400900351,IND,6424,12.0,3.0,3.1
400900351,IND,2596110,5.0,0.2,0.3
400900351,IND,2991039,19.0,8.8,6.6
400900351,IND,3133628,25.0,11.6,8.5
400900352,SAC,3187,27.0,5.1,3.3
400900352,SAC,3276,27.0,2.4,3.0
400900352,SAC,3444,25.0,7.8,6.4
400900352,SAC,3973,24.0,1.5,0.0
400900352,SAC,3983,29.0,23.1,21.2
400900352,SAC,4000,24.0,5.3,5.4
400900352,SAC,4023,25.0,7.5,2.6
400900352,SAC,2990984,18.0,6.6,6.0
400900352,SAC,2991282,27.0,5.4,6.1
400900352,SAC,3936296,15.0,10.6,9.9
400900352,SAS,272,25.0,15.6,11.8
400900352,SAS,996,16.0,6.5,6.0
400900352,SAS,1015,16.0,2.1,1.8
400900352,SAS,2772,31.0,16.5,13.1
400900352,SAS,3247,4.0,0.3,0.0
400900352,SAS,3988,27.0,6.1,4.9
400900352,SAS,4004,27.0,20.0,20.1
400900352,SAS,6426,19.0,7.5,5.7
400900352,SAS,2579466,25.0,7.6,8.4
400900352,SAS,2580913,14.0,2.1,1.0
400900352,SAS,2993874,24.0,12.7,8.5
400900352,SAS,3907497,13.0,5.9,4.0
400900353,DEN,2439,24.0,1.9,2.1
400900353,DEN,3194,34.0,16.2,14.5
400900353,DEN,3413,28.0,3.3,2.3
400900353,DEN,6579,26.0,6.6,5.3
400900353,DEN,2488653,31.0,17.0,15.6
400900353,DEN,2999547,37.0,23.3,23.0
400900353,DEN,3892818,8.0,0.9,1.0
400900353,DEN,3936299,24.0,11.5,11.8
400900353,DEN,4017839,29.0,8.6,4.0
400900353,WAS,2758,33.0,8.1,5.3
400900353,WAS,2774,15.0,8.7,6.8
400900353,WAS,3593,22.0,5.7,5.3
400900353,WAS,3997,18.0,5.9,3.3
400900353,WAS,4237,35.0,26.0,24.8
400900353,WAS,6461,26.0,10.1,10.2
400900353,WAS,6580,34.0,19.9,19.3
400900353,WAS,6621,5.0,2.6,2.0
400900353,WAS,2594922,34.0,19.9,16.9
400900353,WAS,3133603,20.0,2.1,1.0
400900354,BOS,2769,20.0,7.9,5.8
400900354,BOS,3213,32.0,13.0,9.9
400900354,BOS,3998,12.0,7.3,5.1
400900354,BOS,4240,30.0,7.9,5.7
400900354,BOS,6472,35.0,14.7,12.9
400900354,BOS,6581,30.0,6.7,4.7
400900354,BOS,6631,1.0,0.0,0.0
400900354,BOS,2489663,26.0,20.5,16.0
400900354,BOS,2990992,25.0,2.4,1.9
400900354,BOS,3064520,1.0,0.3,0.0
400900354,BOS,3074752,14.0,3.6,3.7
400900354,BOS,3917376,15.0,2.5,1.6
400900354,GSW,1765,13.0,2.0,-0.7
400900354,GSW,2016,19.0,2.5,1.4
400900354,GSW,2177,12.0,0.9,0.4
400900354,GSW,2386,29.0,8.0,5.5
400900354,GSW,2393,14.0,1.7,-0.3
400900354,GSW,3452,5.0,3.7,3.4
400900354,GSW,3975,35.0,17.0,17.3
400900354,GSW,6475,34.0,15.4,12.3
400900354,GSW,6589,34.0,9.2,3.3
400900354,GSW,2489785,6.0,1.7,1.7
400900354,GSW,2594818,5.0,1.0,0.7
400900354,GSW,3137730,32.0,4.6,4.1
400900354,GSW,3155535,2.0,-0.8,-0.8
400900355,CLE,1006,34.0,6.1,6.4
400900355,CLE,1966,39.0,27.6,24.0
400900355,CLE,2444,19.0,-3.0,-2.9
400900355,CLE,2754,22.0,15.0,12.1
400900355,CLE,2798,17.0,6.4,5.8
400900355,CLE,6442,40.0,16.5,15.0
400900355,CLE,6468,35.0,2.2,2.3
400900355,CLE,6474,26.0,5.1,5.4
400900355,CLE,6480,8.0,0.6,0.3
400900355,DET,4305,17.0,10.3,8.4
400900355,DET,6440,41.0,9.6,7.5
400900355,DET,6443,31.0,14.3,14.2
400900355,DET,6452,13.0,-0.4,0.0
400900355,DET,6462,32.0,9.7,7.0
400900355,DET,6585,36.0,22.0,20.5
400900355,DET,2528779,14.0,3.8,2.0
400900355,DET,2581018,34.0,11.0,11.4
400900355,DET,2968439,4.0,0.3,0.0
400900355,DET,3134881,18.0,5.6,4.3
400900356,LAC,165,26.0,11.5,10.1
400900356,LAC,2745,4.0,3.7,3.4
400900356,LAC,2753,26.0,7.8,7.4
400900356,LAC,2779,27.0,15.8,15.3
400900356,LAC,3024,18.0,10.1,10.7
400900356,LAC,3442,35.0,6.5,2.9
400900356,LAC,3451,12.0,1.0,0.0
400900356,LAC,3460,19.0,3.8,3.7
400900356,LAC,3989,30.0,13.6,11.4
400900356,LAC,4247,10.0,0.2,0.3
400900356,LAC,6617,32.0,16.7,15.9
400900356,MEM,136,24.0,2.9,2.7
400900356,MEM,1017,25.0,13.9,10.8
400900356,MEM,2367,24.0,8.2,7.4
400900356,MEM,3195,36.0,6.3,5.2
400900356,MEM,3206,33.0,16.9,14.5
400900356,MEM,3242,15.0,8.2,6.4
400900356,MEM,3979,12.0,0.9,0.7
400900356,MEM,2327577,22.0,0.7,-0.1
400900356,MEM,2489530,16.0,9.5,10.4
400900356,MEM,2579321,18.0,-0.7,1.0
400900356,MEM,3064511,14.0,6.3,7.1
400900357,OKC,3468,35.0,23.1,18.9
400900357,OKC,3986,22.0,1.3,0.9
400900357,OKC,6447,24.0,12.0,11.6
400900357,OKC,2527963,28.0,15.2,13.8
400900357,OKC,2528588,22.0,6.3,6.7
400900357,OKC,2530596,27.0,8.9,6.1
400900357,OKC,2983526,19.0,4.0,2.1
400900357,OKC,2991070,2.0,-0.1,0.0
400900357,OKC,2991235,29.0,8.0,6.9
400900357,OKC,2995702,12.0,2.1,-0.1
400900357,OKC,3155942,20.0,1.3,2.0
400900357,SAS,996,24.0,15.0,14.2
400900357,SAS,2772,11.0,1.6,-1.1
400900357,SAS,2983,32.0,11.9,12.5
400900357,SAS,3247,5.0,0.9,0.0
400900357,SAS,3988,28.0,8.0,4.8
400900357,SAS,4004,22.0,1.2,-0.1
400900357,SAS,6426,14.0,1.8,-0.1
400900357,SAS,6450,26.0,11.5,11.0
400900357,SAS,2579466,18.0,4.7,2.5
400900357,SAS,2580913,19.0,6.5,5.8
400900357,SAS,2994526,16.0,-1.1,-1.7
400900357,SAS,3907497,24.0,3.8,2.4
400900358,PHI,3025,22.0,5.8,6.7
400900358,PHI,3993,29.0,9.4,9.0
400900358,PHI,2490620,40.0,18.5,14.1
400900358,PHI,2530530,31.0,1.1,0.0
400900358,PHI,2982340,8.0,-1.7,-2.7
400900358,PHI,2991042,26.0,-3.3,-3.9
400900358,PHI,2993370,22.0,7.3,6.4
400900358,PHI,3032978,41.0,19.0,17.9
400900358,PHI,3135048,29.0,11.7,10.8
400900358,PHI,3893019,18.0,3.9,3.3
400900358,POR,4248,38.0,-2.0,-5.1
400900358,POR,6591,39.0,8.9,6.1
400900358,POR,6605,15.0,4.2,3.4
400900358,POR,6606,41.0,14.1,11.5
400900358,POR,2490149,42.0,16.5,16.1
400900358,POR,2530780,16.0,5.1,3.9
400900358,POR,2531210,24.0,14.2,12.8
400900358,POR,3078284,12.0,1.0,2.1
400900358,POR,3102530,38.0,33.4,25.3
400900359,LAL,3191,12.0,2.0,1.1
400900359,LAL,3243,14.0,1.4,2.3
400900359,LAL,2528393,14.0,11.1,9.5
400900359,LAL,2528426,35.0,11.7,9.9
400900359,LAL,2580365,27.0,12.5,10.5
400900359,LAL,3062744,14.0,4.5,3.0
400900359,LAL,3064514,32.0,12.2,10.5
400900359,LAL,3136776,34.0,24.2,21.5
400900359,LAL,3913176,41.0,10.2,7.5
400900359,LAL,4017837,17.0,11.0,8.7
400900359,PHX,2166,16.0,3.6,2.0
400900359,PHX,3201,17.0,-0.2,-1.0
400900359,PHX,4238,32.0,6.7,1.9
400900359,PHX,2579326,22.0,17.5,15.2
400900359,PHX,2596107,22.0,6.8,5.8
400900359,PHX,2982334,39.0,15.2,11.2
400900359,PHX,3136193,38.0,12.8,12.1
400900359,PHX,3136194,16.0,0.1,1.3
400900359,PHX,3907487,27.0,16.1,15.5
400900359,PHX,3936099,10.0,5.3,4.7
400900360,CHA,2797,33.0,19.3,14.3
400900360,CHA,3190,22.0,13.7,14.5
400900360,CHA,3416,28.0,14.9,13.3
400900360,CHA,6479,24.0,18.1,18.2
400900360,CHA,6601,19.0,3.8,1.7
400900360,CHA,6603,28.0,10.6,8.1
400900360,CHA,6641,24.0,15.1,14.2
400900360,CHA,2579258,31.0,6.4,5.5
400900360,CHA,2595229,7.0,1.0,1.0
400900360,CHA,2595231,7.0,0.6,1.0
400900360,CHA,3058254,16.0,14.6,12.5
400900360,ORL,3209,6.0,1.7,1.7
400900360,ORL,3277,23.0,4.1,4.7
400900360,ORL,3415,13.0,2.9,3.0
400900360,ORL,6427,29.0,7.3,5.4
400900360,ORL,6588,25.0,7.8,7.7
400900360,ORL,6619,28.0,-4.4,-5.5
400900360,ORL,2309097,12.0,-2.5,-2.5
400900360,ORL,2488999,9.0,0.7,0.7
400900360,ORL,2583639,27.0,11.3,9.4
400900360,ORL,2995706,22.0,5.0,6.3
400900360,ORL,3064290,28.0,12.1,11.0
400900360,ORL,3936102,18.0,2.6,4.0
400900361,CHI,1987,25.0,13.3,11.8
400900361,CHI,3026,17.0,6.9,6.1
400900361,CHI,3447,20.0,-1.0,-1.7
400900361,CHI,6430,31.0,15.1,13.9
400900361,CHI,2531047,12.0,1.0,1.4
400900361,CHI,2596108,19.0,2.6,1.7
400900361,CHI,2959753,16.0,0.1,-2.0
400900361,CHI,2999549,23.0,7.5,5.4
400900361,CHI,3064230,16.0,7.0,6.2
400900361,CHI,3064482,20.0,2.5,0.9
400900361,CHI,3113587,22.0,2.3,0.3
400900361,CHI,3893023,20.0,3.4,1.9
400900361,HOU,1713,19.0,7.8,6.1
400900361,HOU,2426,30.0,13.8,10.0
400900361,HOU,2799,27.0,11.8,8.6
400900361,HOU,3412,27.0,16.0,14.7
400900361,HOU,3431,23.0,2.0,0.8
400900361,HOU,3472,2.0,1.7,1.7
400900361,HOU,3964,29.0,4.8,2.7
400900361,HOU,3992,33.0,16.8,12.9
400900361,HOU,2581029,2.0,-0.7,-1.0
400900361,HOU,2991055,6.0,2.6,1.7
400900361,HOU,2991184,18.0,2.0,0.9
400900361,HOU,3102529,24.0,16.1,14.9
400900362,IND,2389,13.0,2.0,1.9
400900362,IND,2751,28.0,5.6,7.3
400900362,IND,2778,26.0,3.8,3.3
400900362,IND,3235,13.0,-4.0,-4.9
400900362,IND,3244,19.0,7.8,5.4
400900362,IND,4015,35.0,9.8,7.2
400900362,IND,4251,42.0,15.5,12.1
400900362,IND,6424,15.0,6.1,5.8
400900362,IND,2596110,3.0,0.0,0.0
400900362,IND,2991039,15.0,4.7,2.4
400900362,IND,3133628,33.0,5.4,1.3
400900362,MIL,841,26.0,8.7,6.0
400900362,MIL,3211,4.0,-0.4,-0.7
400900362,MIL,4260,27.0,16.5,14.2
400900362,MIL,6592,21.0,11.8,7.2
400900362,MIL,6609,37.0,9.7,7.6
400900362,MIL,2489716,24.0,2.6,3.0
400900362,MIL,2528353,32.0,9.5,9.4
400900362,MIL,3032977,39.0,19.1,12.2
400900362,MIL,3137733,25.0,-0.8,0.3
400900362,MIL,4017843,5.0,2.0,2.0
400900363,GSW,1765,10.0,4.5,5.1
400900363,GSW,2016,26.0,11.7,9.2
400900363,GSW,2177,13.0,-0.6,-1.4
400900363,GSW,2386,32.0,8.5,7.5
400900363,GSW,3452,9.0,3.2,1.3
400900363,GSW,3975,35.0,12.4,12.1
400900363,GSW,6475,36.0,20.5,18.4
400900363,GSW,6589,38.0,8.7,6.4
400900363,GSW,2489785,13.0,10.7,8.8
400900363,GSW,3137730,25.0,3.6,2.7
400900363,GSW,3155535,2.0,-0.7,-1.0
400900363,MIN,3457,20.0,4.7,3.8
400900363,MIN,4011,36.0,19.7,19.0
400900363,MIN,4269,34.0,10.0,9.1
400900363,MIN,2534781,24.0,9.1,7.0
400900363,MIN,2991139,12.0,-0.2,-1.4
400900363,MIN,2993875,28.0,7.8,6.7
400900363,MIN,3059319,37.0,10.9,9.5
400900363,MIN,3135046,11.0,1.3,1.0
400900363,MIN,3136195,38.0,15.3,13.4
400900364,ATL,2384,34.0,11.4,8.5
400900364,ATL,2767,25.0,5.1,5.3
400900364,ATL,2806,13.0,0.9,1.4
400900364,ATL,3015,36.0,16.6,14.2
400900364,ATL,3028,25.0,4.1,1.7
400900364,ATL,6637,28.0,5.6,1.2
400900364,ATL,2528210,34.0,17.5,16.0
400900364,ATL,2990962,9.0,1.3,0.4
400900364,ATL,3032979,35.0,18.3,16.8
400900364,TOR,3033,25.0,1.6,-0.8
400900364,TOR,3439,30.0,9.4,10.8
400900364,TOR,3970,33.0,12.9,7.9
400900364,TOR,3978,37.0,15.4,13.3
400900364,TOR,4264,19.0,2.0,1.7
400900364,TOR,6446,35.0,18.5,15.7
400900364,TOR,6477,30.0,11.3,7.1
400900364,TOR,2595516,18.0,8.0,4.9
400900364,TOR,3064447,13.0,-0.3,-0.1
400900365,BOS,2761,15.0,6.5,3.6
400900365,BOS,2769,13.0,1.8,0.6
400900365,BOS,3213,33.0,8.9,7.2
400900365,BOS,3998,13.0,-1.1,-1.4
400900365,BOS,4240,29.0,9.4,7.0
400900365,BOS,6472,34.0,14.1,15.5
400900365,BOS,6581,33.0,9.5,6.4
400900365,BOS,6631,2.0,1.7,1.7
400900365,BOS,2489663,11.0,-1.2,-1.0
400900365,BOS,2990992,25.0,7.0,6.3
400900365,BOS,3064520,2.0,-0.4,-0.4
400900365,BOS,3074752,8.0,1.3,0.0
400900365,BOS,3917376,22.0,9.1,10.4
400900365,DEN,2439,31.0,7.5,5.4
400900365,DEN,3194,34.0,16.5,13.9
400900365,DEN,3413,7.0,2.2,2.0
400900365,DEN,3428,34.0,16.2,14.1
400900365,DEN,3436,2.0,1.7,1.7
400900365,DEN,6579,20.0,6.3,5.1
400900365,DEN,2488653,20.0,11.2,10.7
400900365,DEN,2999547,36.0,5.7,3.3
400900365,DEN,3112335,27.0,21.6,16.4
400900365,DEN,3936299,17.0,6.6,5.7
400900365,DEN,4017839,13.0,4.8,3.7
400900366,BKN,3003,23.0,-1.5,-1.4
400900366,BKN,4270,27.0,10.6,9.9
400900366,BKN,4299,27.0,15.7,13.7
400900366,BKN,6576,23.0,10.6,8.8
400900366,BKN,6590,15.0,4.4,4.1
400900366,BKN,6614,13.0,1.8,0.6
400900366,BKN,2488689,24.0,4.0,3.0
400900366,BKN,2566741,2.0,3.0,2.7
400900366,BKN,2580782,22.0,3.8,3.1
400900366,BKN,2991043,22.0,1.2,1.0
400900366,BKN,3064291,18.0,0.3,-1.7
400900366,BKN,3136477,25.0,14.9,16.5
400900366,DAL,609,23.0,7.3,6.6
400900366,DAL,2382,15.0,4.7,4.4
400900366,DAL,3055,14.0,5.0,5.1
400900366,DAL,4032,33.0,4.1,1.2
400900366,DAL,4360,2.0,-1.4,-1.4
400900366,DAL,6578,37.0,12.1,11.0
400900366,DAL,2326307,32.0,15.7,14.2
400900366,DAL,2531367,20.0,6.9,6.0
400900366,DAL,2578185,15.0,3.3,2.7
400900366,DAL,2579293,2.0,-0.8,0.0
400900366,DAL,2968458,14.0,4.6,2.0
400900366,DAL,2991018,34.0,11.8,11.7
400900367,SAC,3187,34.0,13.8,13.7
400900367,SAC,3276,17.0,7.2,7.1
400900367,SAC,3444,21.0,6.1,4.0
400900367,SAC,3973,33.0,13.4,13.9
400900367,SAC,4000,20.0,8.3,7.5
400900367,SAC,4023,30.0,5.9,6.7
400900367,SAC,2578213,16.0,6.3,6.2
400900367,SAC,2990984,37.0,8.7,9.7
400900367,SAC,2991282,42.0,19.0,15.1
400900367,SAC,3936296,14.0,5.5,3.4
400900367,WAS,2758,22.0,4.1,1.7
400900367,WAS,2774,22.0,7.1,6.5
400900367,WAS,3232,24.0,10.8,8.5
400900367,WAS,3593,30.0,8.7,9.3
400900367,WAS,3997,13.0,-0.9,0.4
400900367,WAS,4237,41.0,21.5,18.3
400900367,WAS,6461,26.0,7.7,8.1
400900367,WAS,6580,43.0,31.6,27.9
400900367,WAS,2594922,39.0,19.0,15.2
400900367,WAS,3133603,5.0,1.0,1.0
400900368,OKC,3468,36.0,29.5,23.5
400900368,OKC,3986,22.0,12.3,11.2
400900368,OKC,6447,18.0,12.3,10.9
400900368,OKC,2527963,38.0,18.0,16.8
400900368,OKC,2528588,5.0,0.0,0.0
400900368,OKC,2530596,32.0,7.4,4.2
400900368,OKC,2983526,17.0,-3.3,-2.8
400900368,OKC,2991070,12.0,-2.2,-1.7
400900368,OKC,2991235,32.0,12.2,8.8
400900368,OKC,2995702,15.0,4.0,4.4
400900368,OKC,3155942,12.0,2.1,3.8
400900368,UTA,1007,19.0,2.5,3.0
400900368,UTA,2167,11.0,4.4,3.1
400900368,UTA,3438,18.0,6.6,4.7
400900368,UTA,4249,21.0,3.4,2.2
400900368,UTA,6429,24.0,17.6,17.0
400900368,UTA,2333797,23.0,3.9,1.0
400900368,UTA,2581177,21.0,2.2,0.6
400900368,UTA,2968361,13.0,8.8,6.8
400900368,UTA,2968436,23.0,3.7,2.7
400900368,UTA,2983551,15.0,4.7,4.4
400900368,UTA,3102528,26.0,17.0,17.8
400900368,UTA,3136196,26.0,4.8,4.0
400900369,LAC,165,31.0,2.1,1.1
400900369,LAC,2753,22.0,5.3,3.0
400900369,LAC,2779,34.0,27.6,25.1
400900369,LAC,3024,29.0,8.5,6.3
400900369,LAC,3442,36.0,27.6,21.6
400900369,LAC,3451,12.0,1.0,0.7
400900369,LAC,3460,12.0,7.9,8.5
400900369,LAC,3989,35.0,15.2,10.9
400900369,LAC,4247,9.0,2.7,2.7
400900369,LAC,6617,19.0,1.3,-0.5
400900369,PHI,3025,18.0,4.5,3.9
400900369,PHI,2490620,31.0,10.9,9.1
400900369,PHI,2530530,30.0,12.4,11.3
400900369,PHI,2982340,17.0,3.2,1.4
400900369,PHI,2991042,28.0,3.8,3.5
400900369,PHI,2993370,27.0,17.5,16.4
400900369,PHI,3032978,35.0,5.7,5.3
400900369,PHI,3135048,21.0,12.4,8.2
400900369,PHI,3893019,33.0,6.4,5.0
400900370,DET,4305,18.0,3.2,1.7
400900370,DET,6440,33.0,24.7,21.8
400900370,DET,6443,30.0,17.0,15.6
400900370,DET,6452,21.0,7.2,6.7
400900370,DET,6462,34.0,4.8,3.3
400900370,DET,6585,30.0,24.2,18.7
400900370,DET,2528779,7.0,1.3,-0.7
400900370,DET,2578259,2.0,3.0,1.7
400900370,DET,2581018,29.0,9.2,6.4
400900370,DET,2968439,18.0,4.9,3.1
400900370,DET,3134881,19.0,5.5,3.4
400900370,NYK,1975,36.0,9.0,9.1
400900370,NYK,2421,4.0,-0.7,-1.0
400900370,NYK,3445,35.0,12.5,10.5
400900370,NYK,3456,27.0,3.6,2.3
400900370,NYK,6485,13.0,-0.6,-1.4
400900370,NYK,6615,19.0,6.2,3.8
400900370,NYK,2284101,12.0,-0.5,-0.7
400900370,NYK,2566748,2.0,0.3,0.0
400900370,NYK,2580349,2.0,-1.0,-1.0
400900370,NYK,2580898,19.0,7.8,7.7
400900370,NYK,2999409,27.0,9.8,7.9
400900370,NYK,3102531,36.0,16.8,13.0
400900370,NYK,3138120,7.0,2.5,3.0
400900371,CHA,2797,40.0,23.7,21.0
400900371,CHA,3190,23.0,7.2,7.3
400900371,CHA,3416,41.0,16.1,15.1
400900371,CHA,6479,40.0,19.2,17.2
400900371,CHA,6601,36.0,11.3,9.2
400900371,CHA,6603,21.0,13.6,10.7
400900371,CHA,6641,13.0,0.8,1.3
400900371,CHA,2579258,40.0,5.8,4.0
400900371,CHA,3058254,13.0,3.0,3.1
400900371,NOP,3974,34.0,15.1,13.6
400900371,NOP,3995,42.0,19.2,14.7
400900371,NOP,4243,27.0,16.7,17.6
400900371,NOP,4258,25.0,-0.3,0.5
400900371,NOP,6460,25.0,-0.5,-0.4
400900371,NOP,6583,45.0,41.0,35.6
400900371,NOP,6634,14.0,3.3,2.4
400900371,NOP,2488945,10.0,-2.2,-2.7
400900371,NOP,2488958,43.0,12.6,11.8
400900372,CLE,1006,27.0,0.3,0.3
400900372,CLE,1966,38.0,23.3,20.2
400900372,CLE,2009,2.0,0.0,0.0
400900372,CLE,2444,21.0,8.0,7.7
400900372,CLE,2754,16.0,11.0,10.1
400900372,CLE,2798,25.0,7.9,8.1
400900372,CLE,6442,36.0,17.2,15.2
400900372,CLE,6453,2.0,0.3,0.0
400900372,CLE,6468,31.0,12.9,13.2
400900372,CLE,6474,28.0,14.3,9.9
400900372,CLE,6480,16.0,3.0,2.6
400900372,ORL,3209,18.0,4.2,3.7
400900372,ORL,3277,18.0,6.8,7.0
400900372,ORL,3415,12.0,2.9,3.0
400900372,ORL,6427,16.0,6.4,5.4
400900372,ORL,6478,28.0,13.1,11.7
400900372,ORL,6588,32.0,12.1,10.6
400900372,ORL,6619,32.0,5.2,4.2
400900372,ORL,2309097,2.0,-0.7,-0.7
400900372,ORL,2488999,2.0,0.7,0.7
400900372,ORL,2583639,34.0,7.3,3.0
400900372,ORL,2995706,15.0,4.1,4.3
400900372,ORL,3064290,31.0,14.0,13.5
400900372,ORL,3936102,2.0,0.7,0.7
400900373,MIL,841,26.0,6.0,5.4
400900373,MIL,3211,4.0,-0.4,-1.0
400900373,MIL,4260,33.0,7.2,6.8
400900373,MIL,6592,19.0,9.4,9.1
400900373,MIL,6609,33.0,9.6,7.4
400900373,MIL,2489716,28.0,9.5,10.0
400900373,MIL,2528353,28.0,17.1,14.4
400900373,MIL,3032977,40.0,13.0,12.4
400900373,MIL,3137733,23.0,7.9,7.1
400900373,MIL,4017843,5.0,1.0,0.0
400900373,MIN,3457,30.0,1.9,1.0
400900373,MIN,4011,28.0,18.0,20.0
400900373,MIN,4269,32.0,6.9,7.2
400900373,MIN,2534781,24.0,7.9,6.4
400900373,MIN,2991139,20.0,0.6,0.3
400900373,MIN,2993875,16.0,-1.0,-0.8
400900373,MIN,3059319,37.0,3.6,2.8
400900373,MIN,3135046,12.0,1.3,0.0
400900373,MIN,3136195,40.0,28.4,24.6
400900374,MIA,3423,17.0,13.9,11.7
400900374,MIA,3981,19.0,7.1,5.6
400900374,MIA,3999,28.0,10.0,7.3
400900374,MIA,4250,20.0,5.8,5.1
400900374,MIA,4262,33.0,14.6,9.4
400900374,MIA,6628,33.0,13.9,12.3
400900374,MIA,2326015,15.0,2.7,1.4
400900374,MIA,2488826,26.0,3.5,3.6
400900374,MIA,2530276,27.0,11.2,11.1
400900374,MIA,2581190,22.0,2.7,0.9
400900374,TOR,3033,14.0,-1.0,-0.7
400900374,TOR,3439,28.0,3.4,0.5
400900374,TOR,3978,28.0,9.8,7.9
400900374,TOR,4264,18.0,5.3,4.0
400900374,TOR,6446,22.0,0.7,-0.4
400900374,TOR,6477,21.0,10.6,9.6
400900374,TOR,2595516,35.0,3.5,5.1
400900374,TOR,2991230,20.0,-2.1,-2.2
400900374,TOR,3064447,25.0,13.4,10.9
400900374,TOR,3134908,19.0,4.7,5.0
400900374,TOR,3149673,9.0,5.9,3.4
400900375,GSW,1765,36.0,9.0,6.4
400900375,GSW,2016,20.0,13.3,9.8
400900375,GSW,2177,15.0,8.3,5.4
400900375,GSW,2393,27.0,-1.0,-1.4
400900375,GSW,3452,6.0,2.3,1.7
400900375,GSW,2489785,34.0,23.8,22.8
400900375,GSW,2594818,23.0,5.1,0.9
400900375,GSW,3064559,21.0,1.3,1.9
400900375,GSW,3137730,42.0,-4.1,-5.0
400900375,GSW,3155535,17.0,-0.4,0.0
400900375,SAS,272,19.0,8.5,5.8
400900375,SAS,996,20.0,4.7,1.9
400900375,SAS,2772,18.0,11.2,10.5
400900375,SAS,3247,13.0,1.7,2.0
400900375,SAS,3988,21.0,2.6,0.3
400900375,SAS,4004,21.0,18.5,17.6
400900375,SAS,6426,21.0,10.9,10.8
400900375,SAS,2579466,27.0,3.5,2.4
400900375,SAS,2580913,22.0,6.5,4.1
400900375,SAS,2993874,32.0,17.8,15.0
400900375,SAS,2994526,25.0,3.2,3.3
400900376,ATL,2433,20.0,0.1,-1.8
400900376,ATL,2767,18.0,5.9,6.7
400900376,ATL,2806,19.0,10.0,10.7
400900376,ATL,3015,33.0,17.0,13.4
400900376,ATL,3028,23.0,5.1,4.1
400900376,ATL,6637,26.0,10.4,10.1
400900376,ATL,2488651,3.0,0.2,-0.1
400900376,ATL,2490089,16.0,-1.4,-2.7
400900376,ATL,2528210,21.0,8.3,7.1
400900376,ATL,2990962,31.0,18.5,14.2
400900376,ATL,3032979,29.0,11.8,8.2
400900376,ATL,3062667,3.0,0.3,0.3
400900376,MEM,136,21.0,5.5,2.3
400900376,MEM,1017,18.0,1.8,2.7
400900376,MEM,2367,21.0,2.3,2.1
400900376,MEM,3195,32.0,14.6,10.1
400900376,MEM,3206,27.0,1.5,-0.5
400900376,MEM,3242,13.0,8.9,8.1
400900376,MEM,3979,6.0,3.0,3.4
400900376,MEM,6466,23.0,5.3,3.7
400900376,MEM,2327577,26.0,19.0,18.7
400900376,MEM,2489530,22.0,-3.7,-3.6
400900376,MEM,2579321,18.0,3.1,1.9
400900376,MEM,3064511,14.0,1.5,0.8
400900377,DAL,609,31.0,20.1,17.9
400900377,DAL,2382,23.0,8.0,7.6
400900377,DAL,3055,16.0,0.3,0.0
400900377,DAL,4032,35.0,6.6,6.4
400900377,DAL,6578,36.0,16.0,15.2
400900377,DAL,2326307,33.0,-0.9,-2.1
400900377,DAL,2531367,10.0,2.2,1.7
400900377,DAL,2578185,14.0,6.3,5.1
400900377,DAL,2968458,16.0,3.1,0.3
400900377,DAL,2991018,27.0,9.8,10.0
400900377,PHX,2166,15.0,0.2,-0.0
400900377,PHX,3201,22.0,5.2,2.9
400900377,PHX,4238,31.0,3.7,2.6
400900377,PHX,2579326,26.0,8.2,6.8
400900377,PHX,2982334,33.0,12.9,12.4
400900377,PHX,3136193,35.0,28.3,27.9
400900377,PHX,3136194,28.0,7.6,5.4
400900377,PHX,3907487,24.0,5.2,2.7
400900377,PHX,3936099,26.0,0.9,0.7
400900378,POR,4248,34.0,12.4,8.7
400900378,POR,6591,33.0,12.7,12.5
400900378,POR,6605,25.0,8.5,5.5
400900378,POR,6606,36.0,16.7,17.8
400900378,POR,2490149,42.0,27.3,27.3
400900378,POR,2530780,14.0,-0.0,0.4
400900378,POR,2531210,35.0,10.6,10.0
400900378,POR,3078284,18.0,5.2,3.1
400900378,POR,3102530,28.0,2.2,-0.4
400900378,WAS,2758,34.0,16.2,14.1
400900378,WAS,2774,15.0,-2.6,-2.7
400900378,WAS,3232,9.0,-0.4,-0.7
400900378,WAS,3593,19.0,5.1,4.9
400900378,WAS,3997,16.0,0.9,1.0
400900378,WAS,4237,40.0,29.9,28.6
400900378,WAS,6461,43.0,15.8,11.2
400900378,WAS,6580,33.0,20.3,19.8
400900378,WAS,6621,6.0,0.0,0.0
400900378,WAS,2594922,40.0,17.6,15.2
400900378,WAS,3133603,10.0,-0.5,0.0
400900379,DEN,2439,33.0,5.9,5.0
400900379,DEN,3194,29.0,-0.8,-0.5
400900379,DEN,3413,15.0,0.8,0.3
400900379,DEN,3428,34.0,11.8,9.3
400900379,DEN,3436,1.0,0.3,0.0
400900379,DEN,6579,16.0,-0.9,-2.1
400900379,DEN,2488653,21.0,15.5,12.1
400900379,DEN,2999547,36.0,21.9,18.6
400900379,DEN,3112335,30.0,20.8,15.9
400900379,DEN,3936299,20.0,10.5,9.4
400900379,DEN,4017839,5.0,4.6,4.7
400900379,SAC,3187,23.0,2.0,1.9
400900379,SAC,3276,11.0,1.3,1.0
400900379,SAC,3444,28.0,8.1,8.2
400900379,SAC,3973,24.0,10.5,9.2
400900379,SAC,3983,24.0,10.1,7.5
400900379,SAC,4000,24.0,2.9,3.4
400900379,SAC,4023,18.0,2.3,1.7
400900379,SAC,2530572,2.0,-0.4,-0.7
400900379,SAC,2990984,30.0,17.5,15.3
400900379,SAC,2991282,35.0,8.1,6.6
400900379,SAC,3936296,20.0,1.9,1.8
400900379,SAC,4017846,2.0,2.0,1.7
400900380,BOS,2769,27.0,0.1,-2.7
400900380,BOS,3213,32.0,14.6,11.4
400900380,BOS,3998,6.0,1.9,1.7
400900380,BOS,4240,26.0,13.6,9.4
400900380,BOS,6472,24.0,18.5,15.2
400900380,BOS,6581,25.0,3.8,0.6
400900380,BOS,2489663,31.0,10.9,8.9
400900380,BOS,2990992,27.0,10.5,7.4
400900380,BOS,3074752,16.0,4.0,2.7
400900380,BOS,3917376,26.0,4.3,4.0
400900380,CHI,1987,26.0,3.8,1.6
400900380,CHI,3026,19.0,5.6,2.8
400900380,CHI,3447,25.0,15.0,12.3
400900380,CHI,6430,32.0,4.1,0.6
400900380,CHI,2490589,5.0,1.3,0.3
400900380,CHI,2531047,9.0,-0.4,-1.7
400900380,CHI,2596108,8.0,4.0,4.0
400900380,CHI,2959753,17.0,-2.3,-2.5
400900380,CHI,2999549,23.0,6.9,6.4
400900380,CHI,3064230,20.0,1.8,0.4
400900380,CHI,3064482,21.0,6.5,5.0
400900380,CHI,3113587,21.0,8.2,6.7
400900380,CHI,3893023,15.0,0.5,-0.4
400900381,BKN,3003,12.0,1.5,1.7
400900381,BKN,3448,29.0,17.2,14.7
400900381,BKN,4270,25.0,10.9,10.5
400900381,BKN,4299,27.0,6.1,4.7
400900381,BKN,6576,19.0,7.7,7.1
400900381,BKN,2488689,25.0,5.1,3.5
400900381,BKN,2580782,28.0,12.8,11.2
400900381,BKN,2991043,26.0,16.6,14.2
400900381,BKN,3064291,24.0,13.0,12.5
400900381,BKN,3136477,26.0,6.7,5.0
400900381,NYK,1975,37.0,13.9,12.2
400900381,NYK,3445,39.0,11.1,11.0
400900381,NYK,3456,37.0,13.4,11.6
400900381,NYK,6485,32.0,14.7,13.5
400900381,NYK,6615,6.0,3.3,3.1
400900381,NYK,2284101,10.0,-0.5,-0.4
400900381,NYK,2580349,17.0,6.6,5.4
400900381,NYK,2580898,12.0,3.3,3.7
400900381,NYK,2999409,17.0,6.0,3.0
400900381,NYK,3102531,34.0,13.9,10.4
400900382,IND,2751,19.0,2.5,2.6
400900382,IND,2778,30.0,3.9,3.6
400900382,IND,3235,20.0,6.3,6.1
400900382,IND,3244,38.0,9.7,8.9
400900382,IND,4015,31.0,8.5,7.4
400900382,IND,4251,37.0,20.9,17.0
400900382,IND,6424,3.0,-0.7,-1.0
400900382,IND,2596110,18.0,6.2,6.4
400900382,IND,2991039,13.0,5.3,2.7
400900382,IND,3133628,30.0,10.4,10.0
400900382,MIA,3981,27.0,14.4,14.1
400900382,MIA,3999,32.0,2.8,3.2
400900382,MIA,4250,11.0,-2.2,-1.4
400900382,MIA,4262,34.0,23.5,20.3
400900382,MIA,6628,36.0,14.6,13.0
400900382,MIA,2326015,14.0,7.2,5.1
400900382,MIA,2488826,19.0,4.6,4.8
400900382,MIA,2528473,5.0,-0.5,0.0
400900382,MIA,2530276,25.0,-2.6,-2.4
400900382,MIA,2581190,37.0,10.4,7.0
400900383,PHX,2166,18.0,3.5,4.7
400900383,PHX,3201,24.0,2.7,1.0
400900383,PHX,4238,31.0,12.8,10.6
400900383,PHX,2579326,25.0,8.7,6.6
400900383,PHX,2982334,34.0,8.4,6.7
400900383,PHX,3136193,41.0,15.8,14.0
400900383,PHX,3136194,19.0,11.3,10.3
400900383,PHX,3907487,24.0,2.1,1.5
400900383,PHX,3936099,25.0,3.0,3.7
400900383,POR,4248,30.0,7.2,1.9
400900383,POR,6591,22.0,-0.7,-0.2
400900383,POR,6605,14.0,3.8,3.7
400900383,POR,6606,38.0,25.4,24.1
400900383,POR,2490149,39.0,18.9,17.5
400900383,POR,2530780,12.0,2.6,1.0
400900383,POR,2531210,34.0,2.5,2.0
400900383,POR,3078284,23.0,8.1,7.0
400900383,POR,3102530,30.0,11.0,8.9
400900384,CLE,1006,31.0,14.6,14.9
400900384,CLE,1966,40.0,19.2,15.9
400900384,CLE,2444,22.0,-1.0,-0.4
400900384,CLE,2754,14.0,7.6,5.4
400900384,CLE,2798,23.0,7.4,7.1
400900384,CLE,6442,37.0,18.8,18.1
400900384,CLE,6468,30.0,4.0,1.9
400900384,CLE,6474,33.0,11.0,9.3
400900384,CLE,6480,10.0,3.9,4.4
400900384,HOU,1713,22.0,11.9,9.2
400900384,HOU,2426,39.0,9.9,7.9
400900384,HOU,2799,15.0,4.9,2.7
400900384,HOU,3412,30.0,13.5,13.1
400900384,HOU,3431,29.0,12.4,10.4
400900384,HOU,3964,34.0,12.5,11.0
400900384,HOU,3992,40.0,30.8,27.8
400900384,HOU,2991184,5.0,-1.5,-0.7
400900384,HOU,3102529,26.0,9.3,6.7
400900385,LAL,3191,10.0,0.2,0.6
400900385,LAL,2528393,18.0,6.6,6.5
400900385,LAL,2528426,34.0,30.3,27.4
400900385,LAL,2580365,22.0,12.2,7.4
400900385,LAL,3059281,16.0,4.1,5.1
400900385,LAL,3062744,16.0,4.5,4.3
400900385,LAL,3064514,34.0,14.1,11.7
400900385,LAL,3136776,33.0,3.8,3.0
400900385,LAL,3913176,38.0,10.3,5.4
400900385,LAL,4017837,19.0,9.5,5.7
400900385,PHI,3025,18.0,0.7,0.7
400900385,PHI,3993,25.0,4.3,4.6
400900385,PHI,2530530,30.0,14.1,10.3
400900385,PHI,2581180,12.0,4.6,4.7
400900385,PHI,2982340,21.0,6.3,6.4
400900385,PHI,2991042,23.0,3.1,3.1
400900385,PHI,2993370,22.0,10.3,7.3
400900385,PHI,3032978,35.0,19.5,16.3
400900385,PHI,3135048,27.0,16.9,15.5
400900385,PHI,3893019,27.0,13.5,14.2
400900386,CHA,2797,38.0,17.0,13.6
400900386,CHA,3190,22.0,6.3,5.7
400900386,CHA,6479,38.0,12.8,12.8
400900386,CHA,6601,35.0,18.5,18.9
400900386,CHA,6603,31.0,18.5,17.5
400900386,CHA,6641,5.0,0.0,0.0
400900386,CHA,2579258,34.0,9.7,6.7
400900386,CHA,2579294,24.0,0.5,0.6
400900386,CHA,2595229,5.0,4.7,3.4
400900386,CHA,2595231,9.0,-0.1,-0.1
400900386,CHI,1987,32.0,19.6,17.8
400900386,CHI,3026,36.0,16.7,16.0
400900386,CHI,3447,30.0,3.5,2.7
400900386,CHI,6430,38.0,26.2,21.7
400900386,CHI,6459,29.0,18.3,17.1
400900386,CHI,2959753,3.0,0.6,0.6
400900386,CHI,2999549,28.0,8.1,8.4
400900386,CHI,3064230,11.0,-2.3,-3.5
400900386,CHI,3064482,20.0,3.3,1.6
400900386,CHI,3113587,14.0,3.4,2.1
400900387,DAL,609,29.0,12.6,10.0
400900387,DAL,2382,13.0,1.9,1.3
400900387,DAL,3055,17.0,3.7,3.1
400900387,DAL,4032,18.0,-0.4,-0.3
400900387,DAL,4360,3.0,0.9,0.6
400900387,DAL,6578,36.0,11.5,11.0
400900387,DAL,2326307,32.0,1.7,-0.8
400900387,DAL,2531367,21.0,8.0,6.0
400900387,DAL,2578185,18.0,5.6,6.4
400900387,DAL,2579293,3.0,0.7,0.0
400900387,DAL,2968458,7.0,1.6,2.4
400900387,DAL,2991018,31.0,4.4,3.3
400900387,DAL,3929314,12.0,-1.6,-1.1
400900387,TOR,3033,13.0,1.1,-1.1
400900387,TOR,3439,32.0,-0.7,-3.4
400900387,TOR,3978,32.0,20.7,17.2
400900387,TOR,4264,21.0,10.8,9.8
400900387,TOR,6446,26.0,6.1,6.1
400900387,TOR,6477,23.0,13.4,10.4
400900387,TOR,2595516,31.0,18.6,17.9
400900387,TOR,2991230,22.0,1.0,1.0
400900387,TOR,3032980,4.0,0.9,0.0
400900387,TOR,3064447,20.0,11.6,9.1
400900387,TOR,3134908,12.0,3.5,1.4
400900387,TOR,3149673,3.0,-1.0,-1.0
400900388,MEM,136,30.0,24.9,22.7
400900388,MEM,1017,21.0,10.5,9.7
400900388,MEM,2367,30.0,9.1,9.0
400900388,MEM,3195,36.0,18.7,16.6
400900388,MEM,3206,37.0,13.5,10.5
400900388,MEM,3242,11.0,3.7,4.1
400900388,MEM,3979,2.0,2.0,2.0
400900388,MEM,2327577,24.0,5.3,3.8
400900388,MEM,2489530,15.0,2.5,0.6
400900388,MEM,2579321,12.0,0.9,0.0
400900388,MEM,3064511,21.0,6.4,7.7
400900388,MEM,3937101,2.0,1.7,1.7
400900388,MIL,841,20.0,5.3,4.7
400900388,MIL,3211,2.0,-1.0,-1.0
400900388,MIL,4260,26.0,6.8,4.4
400900388,MIL,4385,14.0,2.1,2.7
400900388,MIL,6592,16.0,2.2,1.7
400900388,MIL,6597,2.0,0.3,-0.7
400900388,MIL,6609,35.0,8.1,7.6
400900388,MIL,2489716,23.0,7.6,7.1
400900388,MIL,2528353,28.0,11.0,8.8
400900388,MIL,2566769,32.0,14.1,14.0
400900388,MIL,3032977,28.0,11.9,10.6
400900388,MIL,3137733,2.0,-1.0,-1.0
400900388,MIL,4017843,11.0,2.5,2.7
400900389,ATL,2384,30.0,6.5,2.6
400900389,ATL,2767,23.0,6.5,3.4
400900389,ATL,2806,10.0,0.3,-1.7
400900389,ATL,3015,40.0,9.0,8.7
400900389,ATL,3028,27.0,7.8,6.0
400900389,ATL,6637,31.0,11.3,12.1
400900389,ATL,2490089,3.0,-0.1,-0.3
400900389,ATL,2528210,29.0,14.3,11.4
400900389,ATL,2990962,10.0,2.5,2.0
400900389,ATL,3032979,38.0,17.8,15.6
400900389,SAS,272,23.0,4.4,1.5
400900389,SAS,996,27.0,14.2,10.1
400900389,SAS,2772,30.0,13.7,13.4
400900389,SAS,3247,2.0,-0.3,-0.3
400900389,SAS,3988,29.0,12.9,8.4
400900389,SAS,4004,37.0,15.6,13.8
400900389,SAS,6426,14.0,4.9,4.7
400900389,SAS,6450,39.0,15.8,15.2
400900389,SAS,2579466,2.0,-1.8,-1.4
400900389,SAS,2580913,22.0,0.5,0.1
400900389,SAS,2993874,5.0,-0.1,0.0
400900389,SAS,2994526,11.0,4.7,4.4
400900390,MIN,3457,33.0,6.8,6.7
400900390,MIN,4011,39.0,25.7,22.7
400900390,MIN,4269,29.0,17.4,15.9
400900390,MIN,2534781,32.0,10.1,5.8
400900390,MIN,2991139,9.0,-1.8,-2.7
400900390,MIN,2993875,15.0,-3.4,-2.8
400900390,MIN,3059319,39.0,6.4,5.4
400900390,MIN,3135046,9.0,4.3,3.0
400900390,MIN,3136195,35.0,34.3,31.1
400900390,WAS,2758,23.0,5.2,4.4
400900390,WAS,2774,22.0,2.6,1.8
400900390,WAS,3232,8.0,2.8,3.4
400900390,WAS,3593,25.0,3.7,3.2
400900390,WAS,3997,15.0,2.4,1.8
400900390,WAS,4237,38.0,15.3,15.7
400900390,WAS,6461,33.0,9.4,6.4
400900390,WAS,6580,38.0,14.2,10.9
400900390,WAS,6621,5.0,1.3,1.3
400900390,WAS,2594885,1.0,0.0,0.0
400900390,WAS,2594922,31.0,9.1,6.7
400900390,WAS,3133603,1.0,2.7,2.7
400900391,LAC,165,16.0,6.9,6.0
400900391,LAC,2753,14.0,2.6,2.0
400900391,LAC,2779,35.0,28.2,27.3
400900391,LAC,3024,33.0,10.1,10.6
400900391,LAC,3442,37.0,8.1,6.1
400900391,LAC,3451,21.0,5.5,5.4
400900391,LAC,3460,11.0,-0.9,0.3
400900391,LAC,3989,37.0,9.0,7.4
400900391,LAC,4247,11.0,0.6,-0.7
400900391,LAC,6617,26.0,8.3,9.9
400900391,UTA,1007,28.0,8.9,8.4
400900391,UTA,2167,21.0,5.4,4.8
400900391,UTA,3438,37.0,16.5,14.7
400900391,UTA,4249,36.0,17.1,17.0
400900391,UTA,6429,11.0,2.2,0.3
400900391,UTA,2333797,8.0,4.3,4.1
400900391,UTA,2581177,20.0,1.0,2.6
400900391,UTA,2968436,26.0,15.5,16.2
400900391,UTA,3032976,37.0,13.2,12.0
400900391,UTA,3102528,14.0,8.6,8.1
400900392,ORL,3209,19.0,7.7,4.0
400900392,ORL,3277,18.0,5.2,4.7
400900392,ORL,3415,14.0,1.9,1.3
400900392,ORL,6427,16.0,3.9,2.7
400900392,ORL,6478,32.0,22.4,18.0
400900392,ORL,6588,30.0,11.1,10.7
400900392,ORL,6619,29.0,7.3,7.1
400900392,ORL,2583639,34.0,19.4,17.2
400900392,ORL,2995706,19.0,7.3,6.1
400900392,ORL,3064290,29.0,11.0,9.3
400900392,SAC,3276,28.0,16.4,14.8
400900392,SAC,3973,33.0,23.3,20.8
400900392,SAC,4023,35.0,11.0,8.9
400900392,SAC,2530572,22.0,4.4,4.4
400900392,SAC,2578213,23.0,6.4,5.5
400900392,SAC,2990984,31.0,12.7,9.3
400900392,SAC,2991282,36.0,12.5,10.1
400900392,SAC,3936296,20.0,10.4,6.6
400900392,SAC,4017846,12.0,2.6,1.0
400900393,DEN,2439,29.0,7.6,5.5
400900393,DEN,3428,29.0,18.1,17.2
400900393,DEN,3436,3.0,2.3,2.4
400900393,DEN,6579,30.0,17.3,16.2
400900393,DEN,2488653,36.0,15.7,11.8
400900393,DEN,2999547,35.0,9.8,7.0
400900393,DEN,3112335,24.0,17.2,14.6
400900393,DEN,3892818,3.0,0.7,0.7
400900393,DEN,3907822,3.0,1.3,0.7
400900393,DEN,3936299,30.0,16.7,14.9
400900393,DEN,4017839,19.0,12.2,10.4
400900393,LAL,25,5.0,3.2,2.6
400900393,LAL,3191,17.0,5.5,3.3
400900393,LAL,2528393,14.0,-0.2,0.7
400900393,LAL,2528426,33.0,8.1,7.9
400900393,LAL,2580365,23.0,3.0,-0.7
400900393,LAL,3059281,20.0,4.5,5.4
400900393,LAL,3062744,19.0,1.5,0.0
400900393,LAL,3064514,24.0,5.1,3.4
400900393,LAL,3136776,28.0,3.9,1.8
400900393,LAL,3913176,27.0,8.9,8.8
400900393,LAL,4017837,30.0,23.0,20.6
400900394,CLE,1006,26.0,12.8,11.0
400900394,CLE,1966,28.0,19.3,16.0
400900394,CLE,2009,6.0,1.2,0.9
400900394,CLE,2444,23.0,11.1,9.4
400900394,CLE,2754,20.0,5.5,4.7
400900394,CLE,2798,14.0,11.7,12.3
400900394,CLE,4265,2.0,-1.5,-0.7
400900394,CLE,6442,30.0,22.3,22.7
400900394,CLE,6453,7.0,2.6,2.4
400900394,CLE,6468,36.0,13.2,12.1
400900394,CLE,6474,26.0,7.5,3.8
400900394,CLE,6480,21.0,8.1,8.9
400900394,DET,4305,21.0,6.6,6.1
400900394,DET,4376,2.0,3.3,3.0
400900394,DET,6440,26.0,13.9,13.4
400900394,DET,6443,20.0,1.1,0.6
400900394,DET,6452,22.0,7.8,7.1
400900394,DET,6462,24.0,10.8,10.1
400900394,DET,6585,27.0,6.3,4.4
400900394,DET,2528779,21.0,3.5,2.3
400900394,DET,2578259,7.0,1.3,1.0
400900394,DET,2581018,27.0,8.9,8.0
400900394,DET,2968439,19.0,4.0,3.8
400900394,DET,3134881,24.0,-1.4,-1.5
400900395,BKN,3003,28.0,12.5,12.2
400900395,BKN,3448,29.0,17.8,16.1
400900395,BKN,4270,18.0,0.7,1.3
400900395,BKN,4299,26.0,18.3,17.2
400900395,BKN,6576,19.0,0.7,-0.7
400900395,BKN,6590,2.0,0.0,0.0
400900395,BKN,6614,2.0,1.3,1.0
400900395,BKN,2488689,7.0,0.6,0.7
400900395,BKN,2566741,2.0,0.0,0.0
400900395,BKN,2580782,25.0,-2.6,-1.8
400900395,BKN,2991043,23.0,16.8,13.1
400900395,BKN,3064291,26.0,7.9,6.1
400900395,BKN,3136477,33.0,0.1,-0.5
400900395,OKC,3468,35.0,27.8,23.0
400900395,OKC,3986,24.0,9.9,8.6
400900395,OKC,6447,19.0,14.5,13.8
400900395,OKC,2527963,32.0,15.9,12.8
400900395,OKC,2528588,14.0,2.5,2.6
400900395,OKC,2530596,20.0,5.3,6.3
400900395,OKC,2983526,17.0,4.7,3.8
400900395,OKC,2991070,2.0,0.0,-1.0
400900395,OKC,2991235,29.0,10.7,9.8
400900395,OKC,2995702,26.0,15.4,12.2
400900395,OKC,3155942,22.0,-0.6,-1.5
400900396,IND,2751,25.0,7.4,4.7
400900396,IND,2778,25.0,1.3,0.5
400900396,IND,3235,16.0,2.0,2.1
400900396,IND,3244,37.0,6.2,4.1
400900396,IND,4015,32.0,-0.0,-2.4
400900396,IND,4251,38.0,8.6,7.0
400900396,IND,4289,6.0,2.7,2.4
400900396,IND,2596110,17.0,3.0,2.0
400900396,IND,2991039,11.0,3.3,3.3
400900396,IND,3133628,31.0,15.2,11.8
400900396,NYK,1975,41.0,16.1,11.2
400900396,NYK,3445,29.0,2.3,-0.4
400900396,NYK,3456,32.0,13.8,13.2
400900396,NYK,6485,33.0,5.7,5.0
400900396,NYK,2284101,20.0,5.7,5.4
400900396,NYK,2580349,22.0,1.1,0.8
400900396,NYK,2580898,7.0,1.8,2.7
400900396,NYK,2999409,31.0,14.3,8.8
400900396,NYK,3102531,25.0,5.6,2.6
400900397,NOP,3410,5.0,1.3,1.7
400900397,NOP,3974,25.0,7.0,4.4
400900397,NOP,3995,27.0,8.5,6.4
400900397,NOP,4243,23.0,7.6,7.6
400900397,NOP,4258,30.0,16.6,10.6
400900397,NOP,6460,30.0,9.2,7.4
400900397,NOP,6464,2.0,0.3,0.0
400900397,NOP,6583,29.0,16.6,9.6
400900397,NOP,2488945,24.0,9.8,8.5
400900397,NOP,2488958,31.0,11.0,9.1
400900397,NOP,3059316,15.0,-0.5,0.2
400900397,POR,4248,24.0,-0.1,-2.8
400900397,POR,6591,20.0,1.8,2.0
400900397,POR,6605,25.0,6.6,6.4
400900397,POR,6606,31.0,18.2,17.7
400900397,POR,2490149,30.0,2.7,2.6
400900397,POR,2530780,19.0,9.0,7.0
400900397,POR,2531210,25.0,-1.3,-1.9
400900397,POR,2578239,12.0,2.8,2.7
400900397,POR,2982268,10.0,-0.6,-0.1
400900397,POR,3078284,23.0,1.5,0.1
400900397,POR,3102530,22.0,-3.6,-4.4
400900398,GSW,1765,22.0,9.7,7.8
400900398,GSW,2016,12.0,-0.4,-3.1
400900398,GSW,2177,11.0,2.6,0.4
400900398,GSW,2386,33.0,3.8,4.7
400900398,GSW,2393,12.0,4.9,3.7
400900398,GSW,3452,3.0,0.5,0.9
400900398,GSW,3975,37.0,19.0,16.0
400900398,GSW,6475,38.0,16.9,17.0
400900398,GSW,6589,38.0,25.4,18.0
400900398,GSW,2489785,12.0,-0.5,-2.4
400900398,GSW,2594818,8.0,-0.9,-1.1
400900398,GSW,3137730,14.0,0.4,0.4
400900398,PHI,3025,17.0,0.5,1.3
400900398,PHI,3993,20.0,6.0,5.5
400900398,PHI,2490620,32.0,8.6,4.3
400900398,PHI,2530530,31.0,8.8,5.9
400900398,PHI,2581180,4.0,-3.0,-1.8
400900398,PHI,2982340,7.0,1.0,0.0
400900398,PHI,2991042,26.0,3.9,3.7
400900398,PHI,2993370,21.0,11.5,9.2
400900398,PHI,3032978,37.0,18.9,13.9
400900398,PHI,3135048,23.0,16.9,12.7
400900398,PHI,3893019,23.0,6.6,6.7
400900399,DAL,609,32.0,12.8,10.9
400900399,DAL,2382,18.0,7.9,7.4
400900399,DAL,3055,20.0,10.9,10.7
400900399,DAL,6578,40.0,15.1,12.8
400900399,DAL,2326307,34.0,13.3,13.3
400900399,DAL,2578185,20.0,1.3,0.0
400900399,DAL,2968458,6.0,0.8,0.6
400900399,DAL,2991018,25.0,3.9,5.6
400900399,DAL,2991280,23.0,8.2,8.4
400900399,DAL,3929314,23.0,13.4,10.5
400900399,WAS,2758,25.0,4.2,2.9
400900399,WAS,2774,19.0,4.0,3.0
400900399,WAS,3232,7.0,-0.5,-0.7
400900399,WAS,3593,24.0,12.7,13.4
400900399,WAS,3997,16.0,4.3,4.1
400900399,WAS,4237,36.0,22.8,19.9
400900399,WAS,6461,32.0,2.4,2.0
400900399,WAS,6580,38.0,15.3,15.1
400900399,WAS,6621,6.0,0.9,1.7
400900399,WAS,2594922,37.0,16.2,14.3
400900400,CHA,2797,34.0,3.4,-0.1
400900400,CHA,3190,26.0,7.6,5.3
400900400,CHA,6479,30.0,1.6,1.3
400900400,CHA,6601,26.0,6.9,7.1
400900400,CHA,6603,29.0,5.0,4.0
400900400,CHA,6641,4.0,0.0,0.0
400900400,CHA,2579258,27.0,6.4,2.3
400900400,CHA,2579294,31.0,12.0,10.2
400900400,CHA,2595229,20.0,7.4,5.8
400900400,CHA,2595231,9.0,-0.4,-0.7
400900400,CHA,3058254,4.0,0.0,0.0
400900400,IND,2751,27.0,12.6,11.1
400900400,IND,2778,18.0,5.9,6.0
400900400,IND,3192,2.0,0.0,0.0
400900400,IND,3235,16.0,-2.2,-2.3
400900400,IND,3244,37.0,1.8,0.0
400900400,IND,4015,30.0,9.7,7.3
400900400,IND,4251,33.0,33.1,30.1
400900400,IND,4289,11.0,5.1,4.1
400900400,IND,2528386,2.0,-0.3,-0.3
400900400,IND,2596110,11.0,3.1,2.6
400900400,IND,2991039,16.0,8.6,7.1
400900400,IND,3133628,37.0,8.9,2.7
400900401,BOS,2769,26.0,11.0,9.5
400900401,BOS,3213,30.0,24.0,21.2
400900401,BOS,3998,24.0,6.6,4.8
400900401,BOS,4240,32.0,15.3,15.2
400900401,BOS,6472,32.0,21.6,20.5
400900401,BOS,6581,28.0,1.9,2.2
400900401,BOS,2489663,13.0,8.6,8.7
400900401,BOS,2990992,26.0,5.6,6.2
400900401,BOS,3074752,14.0,6.7,6.4
400900401,BOS,3917376,17.0,2.4,0.3
400900401,MIN,3457,28.0,2.4,2.0
400900401,MIN,4011,32.0,21.4,21.7
400900401,MIN,4244,2.0,0.0,0.0
400900401,MIN,4269,11.0,1.5,1.0
400900401,MIN,2534781,31.0,7.8,7.9
400900401,MIN,2991139,16.0,2.5,2.0
400900401,MIN,2993875,31.0,16.7,15.7
400900401,MIN,3059319,39.0,9.5,9.8
400900401,MIN,3135046,9.0,2.6,1.7
400900401,MIN,3136195,40.0,15.4,13.6
400900402,MIA,3423,32.0,27.2,25.1
400900402,MIA,3981,22.0,16.3,15.5
400900402,MIA,3999,25.0,6.7,7.1
400900402,MIA,4250,16.0,-2.8,-2.1
400900402,MIA,4262,35.0,18.4,13.7
400900402,MIA,6628,29.0,6.1,4.2
400900402,MIA,2326015,10.0,3.9,3.7
400900402,MIA,2488826,17.0,1.2,0.0
400900402,MIA,2528473,10.0,-0.5,0.0
400900402,MIA,2530276,28.0,12.5,9.6
400900402,MIA,2581190,16.0,8.2,8.2
400900402,NOP,3410,8.0,5.4,4.8
400900402,NOP,3974,23.0,10.4,8.8
400900402,NOP,3995,32.0,10.3,8.4
400900402,NOP,4243,21.0,8.0,6.1
400900402,NOP,4258,30.0,9.3,6.9
400900402,NOP,6460,35.0,13.0,13.1
400900402,NOP,6583,35.0,22.1,16.0
400900402,NOP,2488945,17.0,8.2,7.2
400900402,NOP,2488958,26.0,-2.4,-2.4
400900402,NOP,3059316,13.0,2.9,2.0
400900403,DET,4305,28.0,11.9,11.4
400900403,DET,4376,5.0,3.7,1.7
400900403,DET,6440,30.0,10.4,9.8
400900403,DET,6443,20.0,2.9,2.3
400900403,DET,6452,30.0,4.5,3.0
400900403,DET,6462,33.0,-0.4,-0.9
400900403,DET,6585,20.0,5.7,4.4
400900403,DET,2528779,9.0,0.2,-0.7
400900403,DET,2581018,29.0,2.3,1.4
400900403,DET,2968439,23.0,12.6,11.3
400900403,DET,3134881,12.0,1.1,0.3
400900403,UTA,1007,29.0,10.1,5.3
400900403,UTA,2167,19.0,5.7,5.4
400900403,UTA,3438,31.0,11.9,10.7
400900403,UTA,4249,34.0,20.6,18.3
400900403,UTA,6429,13.0,3.2,2.3
400900403,UTA,2333797,12.0,-2.2,-1.7
400900403,UTA,2581177,9.0,-0.9,-2.1
400900403,UTA,2968361,7.0,-2.2,-1.4
400900403,UTA,2968436,27.0,12.3,11.2
400900403,UTA,3032976,36.0,14.0,10.2
400900403,UTA,3102528,23.0,6.8,6.5
400900404,CHI,1987,23.0,2.8,1.9
400900404,CHI,3026,35.0,17.6,16.3
400900404,CHI,3447,24.0,5.8,5.4
400900404,CHI,6430,40.0,8.0,5.4
400900404,CHI,6459,28.0,9.7,9.0
400900404,CHI,2596108,13.0,5.8,4.0
400900404,CHI,2999549,28.0,10.4,7.7
400900404,CHI,3064482,20.0,6.1,5.4
400900404,CHI,3113587,24.0,3.7,3.8
400900404,CHI,3893023,6.0,1.9,1.0
400900404,MEM,136,29.0,5.3,4.4
400900404,MEM,1017,25.0,5.8,4.7
400900404,MEM,2367,24.0,8.9,8.8
400900404,MEM,3195,36.0,25.2,22.7
400900404,MEM,3206,37.0,22.9,20.8
400900404,MEM,3242,11.0,2.1,2.7
400900404,MEM,2327577,23.0,4.8,1.7
400900404,MEM,2489530,19.0,2.5,1.9
400900404,MEM,2579321,24.0,3.0,3.3
400900404,MEM,3064511,11.0,-3.9,-2.3
400900405,HOU,1713,14.0,7.3,5.8
400900405,HOU,2426,28.0,21.4,17.2
400900405,HOU,2799,32.0,27.1,24.4
400900405,HOU,3412,16.0,-2.2,-1.4
400900405,HOU,3431,30.0,7.4,6.3
400900405,HOU,3472,6.0,7.7,8.1
400900405,HOU,3964,27.0,8.4,7.4
400900405,HOU,3992,31.0,17.3,13.4
400900405,HOU,2581029,4.0,2.0,0.0
400900405,HOU,2991055,13.0,7.2,7.3
400900405,HOU,2991184,19.0,8.1,6.0
400900405,HOU,3102529,21.0,13.7,12.4
400900405,LAL,25,1.0,-0.3,-0.3
400900405,LAL,3191,22.0,2.5,-0.0
400900405,LAL,3243,24.0,-6.8,-7.3
400900405,LAL,6618,5.0,3.6,3.7
400900405,LAL,2528393,9.0,3.5,0.0
400900405,LAL,2528426,39.0,8.4,6.2
400900405,LAL,2580365,8.0,4.0,3.8
400900405,LAL,3059281,9.0,5.7,6.1
400900405,LAL,3062744,18.0,3.6,4.1
400900405,LAL,3064514,29.0,25.5,25.6
400900405,LAL,3136776,25.0,-7.0,-7.2
400900405,LAL,3913176,39.0,11.9,10.2
400900405,LAL,4017837,11.0,0.7,1.7
400900406,POR,4248,31.0,1.7,-0.4
400900406,POR,6591,19.0,2.5,3.1
400900406,POR,6605,7.0,-1.2,-0.7
400900406,POR,6606,34.0,29.5,26.9
400900406,POR,2490149,39.0,22.4,20.5
400900406,POR,2530780,15.0,4.8,3.7
400900406,POR,2531210,35.0,7.8,6.4
400900406,POR,3078284,26.0,13.9,13.6
400900406,POR,3102530,35.0,9.5,4.2
400900406,SAS,272,20.0,5.4,4.7
400900406,SAS,996,19.0,8.5,7.1
400900406,SAS,2772,19.0,12.0,11.5
400900406,SAS,2983,32.0,11.9,11.4
400900406,SAS,3988,31.0,-2.7,-4.5
400900406,SAS,4004,37.0,11.7,11.9
400900406,SAS,6450,37.0,31.4,25.9
400900406,SAS,2579466,5.0,1.0,1.4
400900406,SAS,2580913,20.0,7.0,5.5
400900406,SAS,2993874,11.0,-2.2,-2.7
400900406,SAS,2994526,9.0,0.0,0.0
400900407,PHX,2166,10.0,1.5,1.3
400900407,PHX,2807,11.0,-0.5,-1.4
400900407,PHX,3201,16.0,1.1,1.7
400900407,PHX,2579326,31.0,10.5,8.0
400900407,PHX,2596107,17.0,6.0,3.8
400900407,PHX,2982334,41.0,22.4,19.9
400900407,PHX,3136193,40.0,4.1,4.3
400900407,PHX,3136194,39.0,13.1,10.9
400900407,PHX,3907487,32.0,12.8,7.8
400900407,PHX,3936099,3.0,1.3,0.0
400900407,SAC,3187,30.0,8.7,8.3
400900407,SAC,3444,20.0,12.0,9.5
400900407,SAC,3983,14.0,0.1,-1.5
400900407,SAC,4000,26.0,8.0,7.4
400900407,SAC,4023,27.0,4.6,4.7
400900407,SAC,2530572,26.0,5.3,4.1
400900407,SAC,2990984,21.0,1.4,1.3
400900407,SAC,2991282,33.0,18.9,10.4
400900407,SAC,3936296,30.0,27.4,23.5
400900407,SAC,4017846,13.0,0.4,-1.4
400900408,LAC,165,31.0,8.5,9.5
400900408,LAC,2753,13.0,1.1,-0.4
400900408,LAC,2779,36.0,0.0,-0.6
400900408,LAC,3024,31.0,12.2,11.9
400900408,LAC,3442,37.0,22.3,17.6
400900408,LAC,3451,19.0,7.0,7.5
400900408,LAC,3460,11.0,4.0,2.6
400900408,LAC,3989,37.0,15.5,14.0
400900408,LAC,4247,11.0,1.3,1.0
400900408,LAC,6617,15.0,-3.7,-3.5
400900408,MIL,841,24.0,0.3,1.0
400900408,MIL,4260,27.0,10.4,7.7
400900408,MIL,4385,20.0,7.8,6.6
400900408,MIL,6592,13.0,5.1,4.7
400900408,MIL,6609,32.0,12.7,9.4
400900408,MIL,2489716,32.0,7.7,8.1
400900408,MIL,2528353,31.0,3.4,1.9
400900408,MIL,2566769,26.0,10.3,9.5
400900408,MIL,3032977,28.0,11.9,11.3
400900408,MIL,4017843,7.0,1.6,2.0
400900409,CLE,1006,28.0,-1.8,-2.8
400900409,CLE,1966,38.0,26.1,20.4
400900409,CLE,2444,30.0,9.8,8.0
400900409,CLE,2754,18.0,2.7,1.3
400900409,CLE,2798,25.0,0.0,-1.1
400900409,CLE,3449,20.0,8.2,6.1
400900409,CLE,6442,30.0,13.1,13.0
400900409,CLE,6468,22.0,3.4,2.9
400900409,CLE,6474,28.0,2.5,1.3
400900409,UTA,1007,29.0,8.1,6.7
400900409,UTA,2167,17.0,2.9,3.3
400900409,UTA,3438,31.0,4.0,3.2
400900409,UTA,4249,35.0,7.1,5.3
400900409,UTA,6429,21.0,2.4,1.6
400900409,UTA,2333797,3.0,-0.7,-0.7
400900409,UTA,2968436,36.0,5.8,4.4
400900409,UTA,3032976,37.0,23.1,16.7
400900409,UTA,3102528,20.0,0.6,0.4
400900409,UTA,3136196,11.0,0.7,0.3
400900410,OKC,3468,28.0,27.7,24.5
400900410,OKC,3986,24.0,10.3,8.4
400900410,OKC,6431,3.0,-1.3,-1.3
400900410,OKC,6447,19.0,9.1,7.4
400900410,OKC,2527963,28.0,17.4,16.5
400900410,OKC,2528588,16.0,2.8,3.0
400900410,OKC,2530596,31.0,14.3,12.6
400900410,OKC,2983526,21.0,-0.8,-2.0
400900410,OKC,2991070,7.0,2.0,2.4
400900410,OKC,2991235,25.0,9.6,8.2
400900410,OKC,2995702,20.0,8.9,6.7
400900410,OKC,3155942,19.0,3.7,4.3
400900410,TOR,3033,18.0,3.5,1.9
400900410,TOR,3439,27.0,2.4,2.0
400900410,TOR,3970,15.0,1.9,0.0
400900410,TOR,3978,29.0,14.6,14.1
400900410,TOR,4264,22.0,1.9,0.2
400900410,TOR,6446,30.0,10.6,8.8
400900410,TOR,6477,17.0,4.8,3.7
400900410,TOR,2595516,22.0,6.2,6.5
400900410,TOR,2991230,12.0,6.4,3.4
400900410,TOR,3032980,6.0,1.7,0.0
400900410,TOR,3064447,20.0,7.7,5.9
400900410,TOR,3134908,17.0,6.3,5.4
400900410,TOR,3149673,6.0,6.8,6.1
400900411,BKN,3003,28.0,6.3,4.9
400900411,BKN,3448,30.0,16.1,15.5
400900411,BKN,4299,30.0,12.4,10.4
400900411,BKN,6576,23.0,7.8,7.0
400900411,BKN,6590,18.0,5.4,6.1
400900411,BKN,2566741,18.0,6.7,6.3
400900411,BKN,2580782,21.0,5.8,3.9
400900411,BKN,2991043,25.0,9.4,8.4
400900411,BKN,3064291,25.0,18.5,16.9
400900411,BKN,3136477,21.0,4.4,4.8
400900411,NYK,1975,37.0,10.8,9.3
400900411,NYK,3445,35.0,9.0,9.1
400900411,NYK,3456,33.0,11.7,11.9
400900411,NYK,6485,34.0,16.8,14.9
400900411,NYK,6615,26.0,20.6,19.7
400900411,NYK,2284101,25.0,9.7,8.1
400900411,NYK,2580349,25.0,2.3,1.9
400900411,NYK,2580898,6.0,1.0,0.4
400900411,NYK,2999409,19.0,0.1,-0.4
400900412,ATL,2384,32.0,10.0,6.7
400900412,ATL,2767,14.0,3.8,4.0
400900412,ATL,2806,18.0,1.5,1.1
400900412,ATL,3015,31.0,4.0,2.2
400900412,ATL,3028,14.0,2.6,1.7
400900412,ATL,6637,31.0,12.2,10.9
400900412,ATL,2282205,2.0,-1.1,-0.7
400900412,ATL,2488651,2.0,1.7,1.7
400900412,ATL,2490089,9.0,-0.6,0.3
400900412,ATL,2528210,30.0,13.5,11.3
400900412,ATL,2990962,29.0,13.3,9.8
400900412,ATL,3032979,26.0,4.8,2.2
400900412,MEM,136,29.0,1.5,0.3
400900412,MEM,1017,18.0,2.1,1.6
400900412,MEM,2367,28.0,9.1,8.1
400900412,MEM,3195,33.0,20.8,19.6
400900412,MEM,3206,36.0,16.4,15.3
400900412,MEM,3242,14.0,10.4,11.2
400900412,MEM,3979,2.0,-1.7,-1.7
400900412,MEM,2327577,26.0,13.3,8.8
400900412,MEM,2489530,19.0,1.3,1.6
400900412,MEM,2579321,20.0,4.1,4.3
400900412,MEM,3064511,15.0,6.3,4.4
400900413,DEN,2439,34.0,14.8,12.5
400900413,DEN,6433,18.0,10.2,9.4
400900413,DEN,6579,36.0,29.8,28.3
400900413,DEN,2488653,30.0,11.8,9.5
400900413,DEN,2999547,41.0,18.0,18.6
400900413,DEN,3112335,30.0,21.0,18.5
400900413,DEN,3936299,25.0,6.2,2.5
400900413,DEN,4017839,26.0,7.1,5.7
400900413,LAC,165,25.0,2.6,1.0
400900413,LAC,662,16.0,1.1,-0.1
400900413,LAC,2745,24.0,14.3,11.7
400900413,LAC,2753,15.0,1.9,1.6
400900413,LAC,2779,30.0,19.9,20.6
400900413,LAC,3024,26.0,21.0,17.9
400900413,LAC,3451,20.0,5.1,4.0
400900413,LAC,3460,15.0,5.3,5.4
400900413,LAC,4247,14.0,1.5,1.3
400900413,LAC,6569,17.0,6.9,7.7
400900413,LAC,6617,33.0,9.4,10.7
400900413,LAC,2982330,4.0,3.0,1.0
400900414,GSW,1765,20.0,4.6,4.1
400900414,GSW,2016,21.0,12.5,10.6
400900414,GSW,2177,12.0,5.5,2.4
400900414,GSW,2386,23.0,14.1,11.0
400900414,GSW,2393,19.0,1.3,0.7
400900414,GSW,3452,7.0,2.5,0.5
400900414,GSW,3975,28.0,24.9,22.0
400900414,GSW,6475,29.0,21.8,20.3
400900414,GSW,6589,25.0,12.4,7.8
400900414,GSW,2489785,20.0,8.8,8.8
400900414,GSW,2594818,8.0,6.2,3.5
400900414,GSW,3137730,20.0,2.7,2.1
400900414,GSW,3155535,7.0,2.6,1.0
400900414,ORL,3209,18.0,10.2,10.2
400900414,ORL,3277,17.0,3.8,3.4
400900414,ORL,3415,20.0,6.4,4.9
400900414,ORL,6427,18.0,2.4,0.7
400900414,ORL,6478,25.0,9.4,7.0
400900414,ORL,6588,24.0,5.4,5.5
400900414,ORL,6619,25.0,3.4,3.6
400900414,ORL,2309097,7.0,-2.5,-1.7
400900414,ORL,2488999,12.0,-1.5,-2.8
400900414,ORL,2583639,22.0,8.7,6.9
400900414,ORL,2995706,24.0,0.7,-1.8
400900414,ORL,3064290,21.0,2.5,2.2
400900414,ORL,3936102,7.0,2.9,2.4
400900415,DAL,609,19.0,4.9,4.7
400900415,DAL,2382,15.0,0.7,-1.5
400900415,DAL,3055,17.0,5.3,5.7
400900415,DAL,4032,24.0,-3.4,-3.2
400900415,DAL,4360,16.0,1.3,0.2
400900415,DAL,6578,24.0,2.3,0.6
400900415,DAL,2326307,17.0,4.6,4.7
400900415,DAL,2531367,18.0,6.9,7.7
400900415,DAL,2578185,18.0,0.0,-1.5
400900415,DAL,2968458,12.0,2.1,1.9
400900415,DAL,2991018,23.0,4.2,1.4
400900415,DAL,2991280,19.0,10.0,8.5
400900415,DAL,3929314,18.0,-1.3,-1.1
400900415,PHI,3025,26.0,15.3,16.0
400900415,PHI,3993,7.0,-2.8,-3.1
400900415,PHI,2490620,26.0,17.3,14.7
400900415,PHI,2530530,22.0,8.5,6.9
400900415,PHI,2581180,9.0,4.8,2.1
400900415,PHI,2982340,26.0,16.4,14.9
400900415,PHI,2991042,26.0,8.1,5.0
400900415,PHI,2993370,20.0,16.4,12.9
400900415,PHI,3032978,26.0,12.2,9.1
400900415,PHI,3135048,21.0,0.7,0.7
400900415,PHI,3893019,30.0,9.0,9.1
400900416,CHI,3026,33.0,7.8,7.7
400900416,CHI,3447,33.0,23.6,22.9
400900416,CHI,6430,38.0,25.3,22.2
400900416,CHI,6459,32.0,13.0,8.6
400900416,CHI,2596108,15.0,-1.3,-1.1
400900416,CHI,2959753,8.0,2.3,1.7
400900416,CHI,2999549,31.0,7.4,7.0
400900416,CHI,3064482,16.0,-0.0,-2.1
400900416,CHI,3113587,6.0,4.3,3.1
400900416,CHI,3893023,28.0,2.6,2.7
400900416,WAS,2758,22.0,6.4,4.7
400900416,WAS,2774,20.0,13.1,12.6
400900416,WAS,3232,38.0,14.8,11.0
400900416,WAS,3593,25.0,4.8,5.3
400900416,WAS,3997,17.0,5.0,4.2
400900416,WAS,4237,34.0,19.0,18.1
400900416,WAS,6580,32.0,12.4,13.1
400900416,WAS,2594922,38.0,9.8,8.7
400900416,WAS,3133603,15.0,7.0,4.1
400900417,BKN,3003,27.0,8.7,9.3
400900417,BKN,3448,31.0,15.7,14.7
400900417,BKN,4299,21.0,10.2,8.9
400900417,BKN,6576,32.0,6.4,3.8
400900417,BKN,6614,17.0,10.3,8.4
400900417,BKN,2566741,19.0,4.8,3.7
400900417,BKN,2580782,29.0,5.2,4.4
400900417,BKN,2991043,25.0,4.4,3.3
400900417,BKN,3064291,16.0,5.1,4.2
400900417,BKN,3136477,23.0,-1.6,-3.9
400900417,BOS,2761,17.0,6.1,6.0
400900417,BOS,2769,23.0,6.7,6.7
400900417,BOS,3213,29.0,12.8,9.4
400900417,BOS,3998,7.0,0.2,-0.7
400900417,BOS,4240,34.0,8.7,7.3
400900417,BOS,6581,35.0,22.6,18.4
400900417,BOS,6631,7.0,1.8,2.3
400900417,BOS,2489663,19.0,8.9,6.8
400900417,BOS,2990992,29.0,6.8,4.9
400900417,BOS,3074752,23.0,-1.2,-2.4
400900417,BOS,3917376,16.0,-1.2,-1.4
400900418,DET,4305,20.0,-0.6,-2.4
400900418,DET,6440,33.0,9.9,8.8
400900418,DET,6443,28.0,13.2,14.0
400900418,DET,6452,29.0,11.4,10.2
400900418,DET,6462,35.0,-5.0,-5.7
400900418,DET,6585,36.0,7.3,2.2
400900418,DET,2581018,36.0,3.1,2.9
400900418,DET,2968439,11.0,4.2,2.0
400900418,DET,3134881,12.0,1.2,-0.1
400900418,TOR,3033,27.0,12.1,7.1
400900418,TOR,3439,34.0,9.2,8.0
400900418,TOR,3970,24.0,8.5,8.3
400900418,TOR,3978,36.0,13.1,11.1
400900418,TOR,4264,14.0,3.8,4.0
400900418,TOR,6446,36.0,5.6,4.4
400900418,TOR,6477,24.0,10.2,7.5
400900418,TOR,2595516,19.0,5.0,5.2
400900418,TOR,2991230,6.0,-1.1,-1.0
400900418,TOR,3064447,6.0,-2.8,-2.8
400900418,TOR,3134908,13.0,-1.6,-1.3
400900419,HOU,2426,30.0,4.9,1.9
400900419,HOU,2799,31.0,7.1,6.8
400900419,HOU,3412,28.0,3.0,2.9
400900419,HOU,3431,32.0,6.6,6.3
400900419,HOU,3472,3.0,-1.7,-1.7
400900419,HOU,3964,31.0,2.1,2.6
400900419,HOU,3992,40.0,39.6,34.8
400900419,HOU,2581029,3.0,4.7,3.4
400900419,HOU,2991055,19.0,10.2,10.4
400900419,HOU,2991184,5.0,0.0,0.0
400900419,HOU,3102529,19.0,2.7,0.5
400900419,NOP,3410,10.0,6.2,6.8
400900419,NOP,3974,39.0,8.2,5.1
400900419,NOP,3995,28.0,17.0,13.5
400900419,NOP,4243,19.0,1.2,1.6
400900419,NOP,6460,26.0,8.1,6.0
400900419,NOP,6583,38.0,19.9,13.8
400900419,NOP,2488945,23.0,15.6,13.2
400900419,NOP,2488958,38.0,28.6,27.3
400900419,NOP,3059316,19.0,8.0,7.1
400900420,MIA,3423,33.0,18.3,14.9
400900420,MIA,3981,18.0,3.9,3.3
400900420,MIA,3999,27.0,16.9,14.0
400900420,MIA,4250,18.0,3.9,3.7
400900420,MIA,4262,33.0,24.3,20.1
400900420,MIA,6628,12.0,5.8,5.2
400900420,MIA,2326015,15.0,6.0,7.0
400900420,MIA,2488826,20.0,6.3,5.4
400900420,MIA,2528473,1.0,0.0,0.0
400900420,MIA,2530276,32.0,17.6,16.3
400900420,MIA,2581190,32.0,6.1,4.3
400900420,MIN,3457,35.0,5.6,2.0
400900420,MIN,3994,1.0,0.0,0.0
400900420,MIN,4011,33.0,15.3,14.6
400900420,MIN,4267,10.0,1.9,1.7
400900420,MIN,2534781,28.0,-2.5,-2.8
400900420,MIN,2991139,14.0,2.9,1.4
400900420,MIN,2993875,28.0,10.3,11.2
400900420,MIN,3059319,39.0,13.7,12.2
400900420,MIN,3135046,14.0,2.6,3.0
400900420,MIN,3136195,38.0,26.4,25.4
400900421,ORL,3209,14.0,-1.8,-2.8
400900421,ORL,3277,15.0,3.0,3.4
400900421,ORL,3415,16.0,5.7,6.6
400900421,ORL,6427,16.0,4.1,4.4
400900421,ORL,6478,32.0,16.3,10.8
400900421,ORL,6588,35.0,15.6,14.9
400900421,ORL,6619,31.0,5.7,7.8
400900421,ORL,2583639,31.0,14.6,12.0
400900421,ORL,2995706,16.0,1.4,-0.8
400900421,ORL,3064290,34.0,13.6,9.4
400900421,PHX,2807,20.0,2.5,1.3
400900421,PHX,3201,26.0,1.9,1.6
400900421,PHX,2579326,16.0,8.9,8.7
400900421,PHX,2596107,28.0,8.3,3.6
400900421,PHX,2982334,37.0,21.9,19.2
400900421,PHX,3136193,30.0,3.6,1.2
400900421,PHX,3136194,40.0,14.7,13.2
400900421,PHX,3907487,26.0,11.0,7.1
400900421,PHX,3936099,17.0,4.4,4.4
400900422,LAL,3191,7.0,1.3,1.4
400900422,LAL,3243,29.0,12.2,12.1
400900422,LAL,6618,5.0,-0.6,-0.5
400900422,LAL,2528426,38.0,11.4,9.3
400900422,LAL,2580365,28.0,13.0,9.4
400900422,LAL,3059281,3.0,0.0,0.0
400900422,LAL,3062744,13.0,3.6,3.7
400900422,LAL,3064514,32.0,5.5,3.5
400900422,LAL,3136776,21.0,8.1,7.9
400900422,LAL,3913176,35.0,7.7,5.9
400900422,LAL,4017837,29.0,14.2,13.2
400900422,MIL,841,16.0,3.3,3.7
400900422,MIL,4260,16.0,16.2,12.0
400900422,MIL,4385,22.0,1.9,1.2
400900422,MIL,6592,19.0,10.8,8.4
400900422,MIL,6609,33.0,19.0,19.4
400900422,MIL,2489716,25.0,3.6,2.7
400900422,MIL,2528353,32.0,6.0,4.3
400900422,MIL,2566769,32.0,3.6,1.3
400900422,MIL,3032977,35.0,19.0,18.2
400900422,MIL,4017843,10.0,1.0,0.0
400900423,OKC,3468,36.0,24.4,19.3
400900423,OKC,3986,16.0,1.7,1.3
400900423,OKC,6447,18.0,7.7,6.9
400900423,OKC,2527963,31.0,-1.2,-1.2
400900423,OKC,2528588,21.0,18.2,17.5
400900423,OKC,2530596,33.0,10.1,9.6
400900423,OKC,2983526,12.0,4.4,4.5
400900423,OKC,2991070,1.0,0.0,0.0
400900423,OKC,2991235,35.0,19.8,15.6
400900423,OKC,2995702,12.0,0.2,0.3
400900423,OKC,3155942,26.0,4.3,3.6
400900423,SAC,3276,20.0,6.5,6.7
400900423,SAC,3444,23.0,7.1,6.0
400900423,SAC,3973,27.0,1.6,1.5
400900423,SAC,4000,22.0,6.9,7.7
400900423,SAC,4023,28.0,6.5,3.7
400900423,SAC,2530572,20.0,5.4,4.3
400900423,SAC,2990984,32.0,3.1,2.2
400900423,SAC,2991282,26.0,2.1,0.7
400900423,SAC,3936296,18.0,8.5,9.1
400900423,SAC,4017846,22.0,14.1,10.5
400900424,ATL,2384,34.0,17.8,11.6
400900424,ATL,2767,27.0,20.9,17.7
400900424,ATL,2806,3.0,1.0,1.4
400900424,ATL,3028,19.0,0.1,-3.1
400900424,ATL,6637,32.0,5.9,6.0
400900424,ATL,2282205,26.0,3.7,4.7
400900424,ATL,2488651,3.0,-0.4,0.0
400900424,ATL,2490089,8.0,2.0,1.7
400900424,ATL,2528210,29.0,13.2,11.9
400900424,ATL,2990962,31.0,6.4,3.2
400900424,ATL,3032979,28.0,6.0,1.5
400900424,POR,4239,19.0,0.7,-0.0
400900424,POR,4248,27.0,5.9,4.8
400900424,POR,6591,30.0,12.6,10.2
400900424,POR,6605,3.0,1.3,1.0
400900424,POR,6606,34.0,20.9,18.2
400900424,POR,2490149,32.0,20.0,16.9
400900424,POR,2530780,3.0,-0.7,-0.7
400900424,POR,2531210,29.0,11.7,10.0
400900424,POR,2578239,3.0,-0.4,0.0
400900424,POR,2982268,3.0,2.0,2.0
400900424,POR,3078284,27.0,5.6,4.4
400900424,POR,3102530,32.0,13.3,7.3
400900425,CHA,2797,33.0,18.8,15.9
400900425,CHA,3190,28.0,5.4,5.9
400900425,CHA,3416,27.0,6.4,4.5
400900425,CHA,6479,34.0,7.4,7.2
400900425,CHA,6601,27.0,8.8,4.7
400900425,CHA,6603,14.0,4.7,3.7
400900425,CHA,2579258,33.0,20.5,15.1
400900425,CHA,2579294,30.0,6.1,5.3
400900425,CHA,2595229,14.0,2.7,2.4
400900425,WAS,2758,27.0,6.1,1.6
400900425,WAS,2774,21.0,6.3,6.0
400900425,WAS,3232,27.0,7.9,5.3
400900425,WAS,3593,23.0,3.7,4.0
400900425,WAS,3997,16.0,2.2,1.4
400900425,WAS,4237,35.0,14.8,11.9
400900425,WAS,6580,31.0,11.2,10.2
400900425,WAS,6621,5.0,1.0,0.7
400900425,WAS,2594922,33.0,12.7,11.0
400900425,WAS,3133603,20.0,2.2,2.7
400900426,CLE,1006,28.0,8.6,7.6
400900426,CLE,2009,17.0,-1.9,-1.4
400900426,CLE,2444,28.0,1.4,-0.4
400900426,CLE,2754,28.0,4.9,5.3
400900426,CLE,2798,26.0,5.6,5.5
400900426,CLE,6453,18.0,1.4,-1.6
400900426,CLE,6468,25.0,6.3,6.4
400900426,CLE,6474,31.0,11.6,10.5
400900426,CLE,6480,24.0,-2.1,-2.1
400900426,CLE,3062892,15.0,2.8,2.6
400900426,LAC,165,28.0,6.2,6.0
400900426,LAC,662,14.0,8.7,6.9
400900426,LAC,2745,7.0,5.7,5.1
400900426,LAC,2753,22.0,3.4,2.8
400900426,LAC,2779,27.0,1.7,1.3
400900426,LAC,3024,19.0,10.1,10.4
400900426,LAC,3442,27.0,18.2,13.6
400900426,LAC,3451,14.0,1.6,0.0
400900426,LAC,3460,15.0,8.5,5.8
400900426,LAC,3989,31.0,19.5,17.8
400900426,LAC,4247,7.0,0.6,0.0
400900426,LAC,6617,29.0,5.6,5.9
400900427,CHI,3026,21.0,3.6,3.8
400900427,CHI,3447,30.0,11.0,9.8
400900427,CHI,6430,38.0,22.5,17.9
400900427,CHI,6459,17.0,0.7,-0.1
400900427,CHI,2596108,27.0,6.9,4.4
400900427,CHI,2959753,7.0,2.0,0.7
400900427,CHI,2999549,28.0,10.4,7.7
400900427,CHI,3064482,31.0,17.6,17.2
400900427,CHI,3113587,11.0,1.3,1.7
400900427,CHI,3893023,29.0,4.8,2.0
400900427,UTA,1007,33.0,4.9,3.3
400900427,UTA,2167,16.0,2.0,1.0
400900427,UTA,3438,37.0,17.3,13.2
400900427,UTA,4249,36.0,8.0,3.2
400900427,UTA,6429,19.0,3.5,2.9
400900427,UTA,2333797,11.0,2.5,2.0
400900427,UTA,2968436,36.0,8.5,9.1
400900427,UTA,3032976,35.0,12.9,9.7
400900427,UTA,3102528,16.0,3.7,2.5
400900428,MEM,136,30.0,7.0,5.0
400900428,MEM,1017,26.0,14.5,13.4
400900428,MEM,2367,31.0,4.9,3.9
400900428,MEM,3195,36.0,18.2,13.4
400900428,MEM,3206,39.0,12.2,11.5
400900428,MEM,3242,6.0,1.0,0.0
400900428,MEM,2327577,24.0,10.4,10.4
400900428,MEM,2489530,20.0,5.6,6.0
400900428,MEM,2579321,14.0,1.4,1.3
400900428,MEM,3059316,1.0,2.0,2.0
400900428,MEM,3064511,12.0,4.0,4.0
400900428,MEM,3937101,1.0,0.0,0.0
400900428,SAS,272,16.0,-0.1,0.0
400900428,SAS,996,24.0,8.9,7.5
400900428,SAS,1015,25.0,-0.5,-0.4
400900428,SAS,2772,11.0,-1.2,-1.0
400900428,SAS,2983,34.0,16.2,13.5
400900428,SAS,3988,25.0,4.4,3.0
400900428,SAS,4004,22.0,2.4,2.6
400900428,SAS,6426,8.0,1.8,1.7
400900428,SAS,6450,36.0,14.0,12.3
400900428,SAS,2579466,18.0,13.6,14.2
400900428,SAS,2580913,20.0,2.1,2.4
400900428,SAS,2993874,1.0,1.3,1.7
400900428,SAS,2994526,1.0,2.7,2.7
400900429,DEN,2439,39.0,15.6,14.3
400900429,DEN,6433,23.0,13.3,11.2
400900429,DEN,6579,33.0,1.0,1.9
400900429,DEN,2488653,32.0,11.7,7.1
400900429,DEN,2999547,39.0,13.8,11.7
400900429,DEN,3112335,22.0,9.8,10.2
400900429,DEN,3936299,23.0,3.0,1.4
400900429,DEN,4017839,28.0,12.1,11.4
400900429,HOU,1713,24.0,8.9,9.7
400900429,HOU,2426,34.0,3.3,0.3
400900429,HOU,2799,23.0,8.3,7.0
400900429,HOU,3412,27.0,5.7,5.3
400900429,HOU,3431,33.0,9.5,7.7
400900429,HOU,3964,31.0,-0.6,-0.1
400900429,HOU,3992,37.0,30.3,26.5
400900429,HOU,2991184,8.0,1.0,0.7
400900429,HOU,3102529,24.0,14.2,13.2
400900430,GSW,1765,24.0,8.9,6.7
400900430,GSW,2016,12.0,5.3,4.3
400900430,GSW,2177,12.0,4.4,4.1
400900430,GSW,2386,30.0,14.4,11.2
400900430,GSW,2393,18.0,2.5,1.7
400900430,GSW,3452,12.0,9.1,7.5
400900430,GSW,3975,30.0,24.0,22.3
400900430,GSW,6475,34.0,15.7,15.1
400900430,GSW,6589,30.0,11.1,9.0
400900430,GSW,2489785,18.0,5.6,5.4
400900430,GSW,2594818,4.0,2.3,1.7
400900430,GSW,3137730,15.0,5.0,5.1
400900430,MIL,841,5.0,-0.4,-1.4
400900430,MIL,3211,6.0,-1.8,-2.1
400900430,MIL,4260,17.0,8.6,7.5
400900430,MIL,4385,22.0,6.3,6.0
400900430,MIL,6592,10.0,-0.8,-0.7
400900430,MIL,6609,29.0,7.3,7.5
400900430,MIL,2489716,26.0,1.2,1.0
400900430,MIL,2528353,28.0,9.3,9.1
400900430,MIL,2566769,41.0,15.9,14.1
400900430,MIL,3032977,31.0,5.1,1.2
400900430,MIL,3137733,12.0,4.9,2.3
400900430,MIL,4017843,13.0,11.0,9.1
400900431,BKN,3003,28.0,6.3,4.7
400900431,BKN,3448,33.0,14.9,15.6
400900431,BKN,4299,7.0,1.0,1.0
400900431,BKN,6576,21.0,7.0,7.2
400900431,BKN,6614,12.0,-1.6,-2.0
400900431,BKN,2566741,15.0,4.2,4.7
400900431,BKN,2580782,30.0,17.2,17.9
400900431,BKN,2991043,25.0,2.0,1.3
400900431,BKN,2991281,14.0,4.3,4.0
400900431,BKN,3064291,30.0,5.6,3.3
400900431,BKN,3136477,23.0,7.5,7.2
400900431,DAL,609,27.0,15.4,14.3
400900431,DAL,2382,17.0,9.3,8.1
400900431,DAL,3055,27.0,18.4,16.9
400900431,DAL,4032,36.0,10.9,10.0
400900431,DAL,6578,36.0,12.1,11.8
400900431,DAL,2326307,31.0,2.9,2.6
400900431,DAL,2531367,12.0,0.8,1.3
400900431,DAL,2578185,12.0,5.3,4.7
400900431,DAL,2991018,22.0,10.9,7.8
400900431,DAL,2991280,21.0,1.0,-0.3
400900432,BOS,2761,14.0,2.6,1.3
400900432,BOS,2769,23.0,5.0,3.5
400900432,BOS,3213,33.0,27.8,23.7
400900432,BOS,3998,16.0,-1.9,-1.8
400900432,BOS,4240,34.0,6.3,3.7
400900432,BOS,6581,36.0,8.1,6.5
400900432,BOS,2489663,11.0,9.8,10.7
400900432,BOS,2990992,35.0,7.6,4.8
400900432,BOS,3074752,26.0,12.1,9.4
400900432,BOS,3917376,12.0,-2.3,-2.1
400900432,PHI,3025,20.0,10.4,10.0
400900432,PHI,3993,17.0,3.5,3.4
400900432,PHI,2490620,36.0,8.7,5.0
400900432,PHI,2530530,28.0,8.4,6.9
400900432,PHI,2581180,7.0,6.0,7.7
400900432,PHI,2991042,30.0,7.8,4.4
400900432,PHI,2993370,29.0,16.1,9.6
400900432,PHI,3032978,32.0,17.4,14.8
400900432,PHI,3135048,12.0,0.9,1.7
400900432,PHI,3893019,29.0,5.1,5.6
400900433,DET,4305,23.0,4.9,3.3
400900433,DET,4376,2.0,4.4,4.4
400900433,DET,6440,34.0,1.1,0.4
400900433,DET,6443,25.0,6.3,6.3
400900433,DET,6452,24.0,5.5,4.7
400900433,DET,6462,36.0,12.9,12.5
400900433,DET,6585,28.0,16.6,12.2
400900433,DET,2528779,8.0,-0.5,-1.4
400900433,DET,2578259,2.0,0.0,0.0
400900433,DET,2581018,33.0,21.9,21.0
400900433,DET,2968439,18.0,15.0,12.2
400900433,DET,3134881,7.0,-2.2,-1.4
400900433,PHX,3201,22.0,8.9,7.1
400900433,PHX,2528803,29.0,8.8,8.6
400900433,PHX,2579326,26.0,10.6,5.5
400900433,PHX,2596107,21.0,5.1,6.2
400900433,PHX,2982334,45.0,12.3,7.9
400900433,PHX,3136194,43.0,11.0,8.3
400900433,PHX,3907487,26.0,9.4,8.2
400900433,PHX,3936099,26.0,-0.7,-1.6
400900434,MIN,3457,39.0,6.9,5.4
400900434,MIN,4011,35.0,11.4,10.7
400900434,MIN,4267,7.0,5.7,3.4
400900434,MIN,2534781,35.0,11.2,6.5
400900434,MIN,2991139,13.0,1.9,0.0
400900434,MIN,2993875,24.0,16.6,14.4
400900434,MIN,3059319,37.0,14.1,12.3
400900434,MIN,3135046,11.0,5.4,4.2
400900434,MIN,3136195,39.0,20.5,19.1
400900434,NOP,3974,22.0,1.8,1.0
400900434,NOP,3995,35.0,17.3,15.5
400900434,NOP,4243,21.0,14.3,14.5
400900434,NOP,4258,31.0,11.9,7.5
400900434,NOP,6460,28.0,11.1,11.2
400900434,NOP,6464,6.0,2.2,1.9
400900434,NOP,6583,35.0,22.8,21.1
400900434,NOP,2488945,23.0,7.8,7.6
400900434,NOP,2488958,35.0,13.8,10.4
400900434,NOP,2566745,1.0,0.0,0.0
400900434,NOP,3919335,1.0,-0.4,-0.7
400900435,IND,2389,3.0,-1.1,-0.7
400900435,IND,2751,25.0,7.9,4.6
400900435,IND,2778,23.0,3.4,3.6
400900435,IND,3192,10.0,1.1,2.0
400900435,IND,3235,10.0,-1.8,-1.7
400900435,IND,3244,26.0,14.0,12.8
400900435,IND,4015,27.0,14.6,13.8
400900435,IND,4251,31.0,9.2,9.3
400900435,IND,4289,6.0,2.9,2.7
400900435,IND,6424,16.0,2.7,2.1
400900435,IND,2596110,16.0,6.6,6.1
400900435,IND,2991039,17.0,0.0,-1.5
400900435,IND,3133628,29.0,1.0,1.0
400900435,TOR,3033,26.0,6.5,4.7
400900435,TOR,3439,24.0,11.8,10.1
400900435,TOR,3970,18.0,10.5,9.8
400900435,TOR,3978,29.0,11.2,10.7
400900435,TOR,4264,19.0,9.4,8.1
400900435,TOR,6446,31.0,11.1,9.7
400900435,TOR,6477,24.0,12.4,10.8
400900435,TOR,2595516,14.0,5.1,4.3
400900435,TOR,2991230,3.0,0.0,0.0
400900435,TOR,3032980,5.0,-0.1,-1.4
400900435,TOR,3064447,24.0,5.4,3.5
400900435,TOR,3134908,23.0,12.5,10.5
400900436,MIA,3423,38.0,7.8,5.4
400900436,MIA,3981,23.0,5.5,4.6
400900436,MIA,3999,31.0,26.7,22.3
400900436,MIA,4250,17.0,3.9,3.4
400900436,MIA,4262,31.0,14.8,13.2
400900436,MIA,2326015,17.0,1.8,1.4
400900436,MIA,2488826,19.0,5.6,4.7
400900436,MIA,2530276,31.0,8.8,7.7
400900436,MIA,2581190,33.0,6.4,6.0
400900436,POR,4239,20.0,2.0,1.3
400900436,POR,4248,23.0,2.4,2.4
400900436,POR,6591,29.0,0.4,0.4
400900436,POR,6605,6.0,-1.8,-1.4
400900436,POR,6606,36.0,41.0,40.4
400900436,POR,2490149,37.0,11.9,10.1
400900436,POR,2531210,30.0,2.0,0.2
400900436,POR,3078284,29.0,10.5,8.8
400900436,POR,3102530,29.0,19.3,16.3
400900437,SAC,3276,19.0,10.0,9.1
400900437,SAC,3444,15.0,2.4,2.0
400900437,SAC,3973,24.0,-0.6,-0.4
400900437,SAC,4000,21.0,8.3,5.8
400900437,SAC,4023,26.0,11.4,11.5
400900437,SAC,2530572,23.0,3.5,5.1
400900437,SAC,2990984,32.0,17.4,14.9
400900437,SAC,2991282,32.0,14.1,13.0
400900437,SAC,3936296,23.0,10.7,9.6
400900437,SAC,4017846,24.0,5.2,3.7
400900437,SAS,996,20.0,20.4,17.0
400900437,SAS,1015,20.0,16.2,15.7
400900437,SAS,2772,20.0,13.1,11.9
400900437,SAS,2983,22.0,18.2,15.6
400900437,SAS,3247,6.0,0.6,0.7
400900437,SAS,3988,20.0,4.5,4.8
400900437,SAS,4004,18.0,12.3,9.8
400900437,SAS,6426,15.0,0.2,0.3
400900437,SAS,6450,26.0,9.1,7.2
400900437,SAS,2579466,27.0,6.1,7.4
400900437,SAS,2580913,12.0,6.5,5.8
400900437,SAS,2993874,22.0,5.6,4.1
400900437,SAS,2994526,11.0,-2.6,-2.2
400900438,CLE,1006,29.0,7.0,5.7
400900438,CLE,1966,38.0,26.5,24.5
400900438,CLE,2444,27.0,0.0,-1.4
400900438,CLE,2754,13.0,-0.8,-0.7
400900438,CLE,2798,17.0,2.0,1.7
400900438,CLE,3449,26.0,16.8,14.3
400900438,CLE,6442,38.0,36.2,36.4
400900438,CLE,6468,28.0,3.9,3.0
400900438,CLE,6474,26.0,9.4,8.3
400900438,LAL,3191,19.0,8.3,6.4
400900438,LAL,2528426,41.0,12.3,13.2
400900438,LAL,2580365,14.0,2.1,3.0
400900438,LAL,3059281,5.0,1.9,1.7
400900438,LAL,3062744,22.0,6.0,5.0
400900438,LAL,3064514,38.0,9.3,9.8
400900438,LAL,3136776,41.0,34.4,32.6
400900438,LAL,3913176,40.0,11.0,10.4
400900438,LAL,4017837,19.0,11.0,9.5
400900439,ATL,2384,33.0,13.1,10.9
400900439,ATL,2433,9.0,3.5,1.7
400900439,ATL,2767,28.0,8.5,7.4
400900439,ATL,2806,6.0,2.4,2.4
400900439,ATL,3028,28.0,12.4,11.1
400900439,ATL,2282205,16.0,-5.4,-5.8
400900439,ATL,2488651,11.0,-2.8,-3.1
400900439,ATL,2490089,6.0,5.1,5.1
400900439,ATL,2528210,33.0,4.6,4.7
400900439,ATL,2990962,30.0,3.5,3.8
400900439,ATL,3032979,31.0,14.8,13.9
400900439,ATL,3062667,10.0,5.1,3.1
400900439,CHA,2797,36.0,12.3,10.8
400900439,CHA,3190,21.0,4.8,3.6
400900439,CHA,3416,31.0,16.1,14.8
400900439,CHA,6479,29.0,12.2,10.0
400900439,CHA,6601,21.0,10.7,7.4
400900439,CHA,6603,17.0,11.0,8.8
400900439,CHA,6641,2.0,-1.0,-1.0
400900439,CHA,2579258,22.0,6.9,6.0
400900439,CHA,2579294,36.0,11.3,9.8
400900439,CHA,2595229,19.0,8.6,5.4
400900439,CHA,2595231,2.0,2.7,2.7
400900439,CHA,3058254,2.0,0.7,0.0
400900440,ORL,3209,16.0,3.7,3.7
400900440,ORL,3277,4.0,-0.1,-0.7
400900440,ORL,3415,18.0,2.9,1.3
400900440,ORL,4003,20.0,2.1,1.3
400900440,ORL,6427,17.0,6.8,6.1
400900440,ORL,6478,36.0,22.4,18.8
400900440,ORL,6588,37.0,11.6,9.5
400900440,ORL,6619,35.0,6.3,3.5
400900440,ORL,2583639,31.0,11.1,8.0
400900440,ORL,2995706,19.0,-1.3,-3.1
400900440,ORL,3064290,32.0,12.9,13.7
400900440,PHI,3025,19.0,-1.9,-2.1
400900440,PHI,2490620,45.0,21.2,14.4
400900440,PHI,2530530,34.0,15.2,11.9
400900440,PHI,2581180,11.0,6.2,4.1
400900440,PHI,2982340,27.0,-0.6,-2.1
400900440,PHI,2991042,39.0,10.3,7.2
400900440,PHI,2993370,42.0,23.1,21.1
400900440,PHI,3032978,26.0,10.4,9.6
400900440,PHI,3893019,23.0,-1.9,-0.4
400900441,IND,2389,11.0,6.5,6.4
400900441,IND,2751,25.0,9.1,7.3
400900441,IND,2778,23.0,15.6,13.1
400900441,IND,3192,11.0,1.0,0.7
400900441,IND,3244,32.0,8.6,7.6
400900441,IND,4015,37.0,19.6,17.1
400900441,IND,4251,36.0,12.1,7.9
400900441,IND,6424,16.0,3.3,2.4
400900441,IND,2596110,2.0,-0.4,-0.7
400900441,IND,2991039,12.0,3.2,1.6
400900441,IND,3133628,35.0,14.2,11.8
400900441,UTA,1007,31.0,0.7,-1.1
400900441,UTA,2167,14.0,3.7,3.1
400900441,UTA,3438,38.0,11.3,10.5
400900441,UTA,4249,37.0,28.4,25.6
400900441,UTA,6429,16.0,8.6,7.7
400900441,UTA,2333797,11.0,1.3,0.7
400900441,UTA,2581177,16.0,3.2,4.6
400900441,UTA,2968361,6.0,0.1,-1.4
400900441,UTA,2968436,27.0,8.2,6.1
400900441,UTA,3032976,37.0,20.5,13.4
400900441,UTA,3102528,6.0,-3.5,-3.4
400900441,UTA,3136196,4.0,-0.7,-0.7
400900442,BOS,2769,21.0,1.4,0.0
400900442,BOS,3213,36.0,17.9,13.4
400900442,BOS,4240,34.0,18.5,16.9
400900442,BOS,6472,35.0,14.9,14.2
400900442,BOS,6581,38.0,15.4,11.0
400900442,BOS,6631,6.0,3.7,3.4
400900442,BOS,2489663,18.0,7.0,6.2
400900442,BOS,2990992,20.0,4.6,5.2
400900442,BOS,3074752,12.0,-1.1,-2.4
400900442,BOS,3917376,20.0,3.8,3.4
400900442,WAS,2758,12.0,2.7,3.0
400900442,WAS,2774,17.0,-0.1,-1.0
400900442,WAS,3232,17.0,7.9,8.1
400900442,WAS,3593,28.0,8.7,7.7
400900442,WAS,3997,15.0,11.1,11.2
400900442,WAS,4237,34.0,14.6,10.8
400900442,WAS,6461,31.0,5.9,6.6
400900442,WAS,6580,33.0,6.6,6.6
400900442,WAS,6621,8.0,-0.5,-1.5
400900442,WAS,2594922,21.0,5.9,6.8
400900442,WAS,3133603,24.0,2.7,0.3
400900443,DEN,2439,31.0,2.3,0.3
400900443,DEN,6433,10.0,-1.1,-0.3
400900443,DEN,6579,30.0,25.7,22.3
400900443,DEN,2488653,24.0,6.2,3.4
400900443,DEN,2999547,39.0,23.4,20.9
400900443,DEN,3112335,40.0,19.4,16.3
400900443,DEN,3892818,10.0,4.5,5.0
400900443,DEN,3936299,23.0,6.4,6.4
400900443,DEN,4017839,33.0,12.5,11.1
400900443,HOU,1713,21.0,4.5,2.7
400900443,HOU,2426,41.0,12.4,10.0
400900443,HOU,2799,17.0,4.1,3.6
400900443,HOU,3412,25.0,6.9,7.4
400900443,HOU,3431,32.0,13.0,12.8
400900443,HOU,3964,32.0,12.4,11.5
400900443,HOU,3992,40.0,29.7,25.5
400900443,HOU,2991184,5.0,5.3,3.3
400900443,HOU,3102529,27.0,14.8,13.0
400900444,GSW,1765,19.0,5.3,6.0
400900444,GSW,2016,14.0,-2.3,-1.0
400900444,GSW,2177,16.0,8.4,5.0
400900444,GSW,2386,22.0,10.3,6.4
400900444,GSW,2393,17.0,-1.5,-1.4
400900444,GSW,3452,13.0,12.6,9.2
400900444,GSW,3975,30.0,13.5,13.5
400900444,GSW,6475,32.0,27.9,25.2
400900444,GSW,6589,26.0,3.8,1.3
400900444,GSW,2489785,18.0,3.3,3.3
400900444,GSW,2594818,7.0,1.0,0.7
400900444,GSW,3137730,20.0,8.4,6.9
400900444,GSW,3155535,5.0,2.0,1.7
400900444,OKC,3468,27.0,7.7,4.9
400900444,OKC,3986,21.0,6.2,5.3
400900444,OKC,6431,3.0,5.1,4.1
400900444,OKC,6447,25.0,10.8,10.0
400900444,OKC,2527963,33.0,15.1,12.4
400900444,OKC,2528588,14.0,-1.7,-1.7
400900444,OKC,2530596,25.0,1.6,0.9
400900444,OKC,2983526,22.0,10.3,9.1
400900444,OKC,2991070,15.0,4.5,4.2
400900444,OKC,2991235,22.0,4.2,4.6
400900444,OKC,2995702,20.0,-0.5,-2.2
400900444,OKC,3155942,12.0,2.2,1.7
400900445,LAC,165,29.0,7.3,7.6
400900445,LAC,662,11.0,1.5,1.7
400900445,LAC,2745,6.0,0.3,0.0
400900445,LAC,2753,20.0,2.0,-0.4
400900445,LAC,2779,28.0,18.1,16.4
400900445,LAC,3024,23.0,9.5,9.0
400900445,LAC,3442,28.0,16.4,12.6
400900445,LAC,3451,21.0,5.3,2.4
400900445,LAC,3460,16.0,3.9,2.0
400900445,LAC,3989,31.0,23.8,22.4
400900445,LAC,4247,4.0,-1.1,-1.4
400900445,LAC,6617,23.0,9.1,10.4
400900445,NYK,1975,25.0,10.1,10.7
400900445,NYK,2421,3.0,0.9,1.3
400900445,NYK,3445,22.0,-0.2,-0.4
400900445,NYK,3456,28.0,16.4,15.9
400900445,NYK,6485,15.0,-0.1,0.0
400900445,NYK,6615,3.0,0.3,0.0
400900445,NYK,2284101,27.0,12.0,9.1
400900445,NYK,2566748,20.0,1.3,0.5
400900445,NYK,2580349,20.0,8.2,6.1
400900445,NYK,2580898,11.0,5.9,7.1
400900445,NYK,2999409,17.0,5.2,4.0
400900445,NYK,3102531,32.0,15.1,11.9
400900445,NYK,3138120,18.0,5.5,5.1
400900446,CHI,3026,40.0,22.3,18.7
400900446,CHI,3447,25.0,12.2,10.2
400900446,CHI,6430,44.0,35.9,31.5
400900446,CHI,6459,26.0,1.3,1.5
400900446,CHI,2596108,13.0,5.9,4.7
400900446,CHI,2959753,7.0,0.2,0.3
400900446,CHI,2999549,35.0,-0.2,-1.8
400900446,CHI,3064482,21.0,4.9,4.6
400900446,CHI,3113587,16.0,4.7,3.7
400900446,CHI,3893023,41.0,9.8,8.2
400900446,TOR,3033,33.0,8.5,6.1
400900446,TOR,3439,26.0,10.8,10.8
400900446,TOR,3970,17.0,8.2,7.4
400900446,TOR,3978,43.0,30.2,27.0
400900446,TOR,4264,23.0,8.6,6.5
400900446,TOR,6446,43.0,12.6,13.4
400900446,TOR,6477,25.0,4.1,4.1
400900446,TOR,2595516,17.0,3.8,3.5
400900446,TOR,2991230,20.0,5.5,3.4
400900446,TOR,3064447,5.0,-2.7,-3.0
400900446,TOR,3134908,13.0,-0.5,0.1
400900447,BKN,3003,21.0,3.9,2.4
400900447,BKN,3448,33.0,18.0,17.7
400900447,BKN,4270,14.0,0.9,-0.3
400900447,BKN,6576,23.0,6.5,6.4
400900447,BKN,2566741,21.0,5.2,4.3
400900447,BKN,2580782,30.0,10.4,8.0
400900447,BKN,2991043,25.0,13.0,12.1
400900447,BKN,2991281,18.0,9.4,7.1
400900447,BKN,3064291,27.0,0.7,0.3
400900447,BKN,3136477,28.0,4.4,3.9
400900447,DET,4305,28.0,17.3,12.2
400900447,DET,6440,36.0,23.8,19.2
400900447,DET,6443,20.0,2.5,3.0
400900447,DET,6452,22.0,0.2,-1.5
400900447,DET,6462,38.0,5.5,4.8
400900447,DET,6585,31.0,13.5,8.4
400900447,DET,2528779,13.0,2.0,1.0
400900447,DET,2581018,35.0,11.8,11.0
400900447,DET,2968439,17.0,1.0,0.4
400900448,MIA,3423,28.0,8.3,6.6
400900448,MIA,3981,27.0,9.7,8.4
400900448,MIA,3999,23.0,3.2,2.4
400900448,MIA,4250,16.0,1.3,-0.4
400900448,MIA,4262,31.0,20.9,15.1
400900448,MIA,2326015,17.0,12.6,14.3
400900448,MIA,2488826,24.0,3.2,2.1
400900448,MIA,2528473,9.0,3.4,3.1
400900448,MIA,2530276,29.0,14.3,9.0
400900448,MIA,2581190,36.0,8.2,8.4
400900448,PHX,2166,18.0,8.9,9.4
400900448,PHX,3201,19.0,4.8,3.6
400900448,PHX,2528803,4.0,1.7,1.7
400900448,PHX,2596107,36.0,8.0,4.0
400900448,PHX,2982334,31.0,7.8,6.3
400900448,PHX,3136193,34.0,-0.7,-1.1
400900448,PHX,3136194,42.0,2.4,1.3
400900448,PHX,3907487,38.0,16.2,14.4
400900448,PHX,3936099,18.0,3.1,4.0
400900449,MEM,136,34.0,3.8,1.3
400900449,MEM,1017,19.0,-1.3,-3.1
400900449,MEM,3195,31.0,9.7,8.7
400900449,MEM,3206,37.0,5.5,2.3
400900449,MEM,3242,20.0,6.8,5.7
400900449,MEM,2327577,18.0,9.4,10.8
400900449,MEM,2489530,24.0,7.6,7.4
400900449,MEM,2579321,15.0,3.1,1.3
400900449,MEM,3059316,16.0,2.2,0.6
400900449,MEM,3064511,24.0,3.0,2.6
400900449,NOP,3410,14.0,1.7,0.0
400900449,NOP,3995,41.0,7.3,5.0
400900449,NOP,4243,16.0,5.1,5.7
400900449,NOP,4258,37.0,34.5,29.5
400900449,NOP,6460,25.0,2.2,2.0
400900449,NOP,6464,5.0,-0.7,-0.7
400900449,NOP,6583,40.0,11.9,9.7
400900449,NOP,2488945,28.0,5.2,2.4
400900449,NOP,2488958,34.0,1.6,0.2
400900450,DAL,609,28.0,13.1,10.7
400900450,DAL,2382,15.0,6.7,6.4
400900450,DAL,3055,17.0,3.0,2.4
400900450,DAL,4032,33.0,7.7,5.1
400900450,DAL,4360,4.0,0.0,0.0
400900450,DAL,6578,34.0,1.6,0.5
400900450,DAL,2326307,27.0,5.5,4.0
400900450,DAL,2531367,8.0,3.0,5.0
400900450,DAL,2578185,16.0,-0.9,-2.1
400900450,DAL,2968458,8.0,-1.1,-0.7
400900450,DAL,2991018,27.0,8.7,7.1
400900450,DAL,2991280,17.0,11.9,10.5
400900450,DAL,3929314,5.0,2.3,1.0
400900450,GSW,1765,23.0,5.6,4.5
400900450,GSW,2016,14.0,5.1,4.8
400900450,GSW,2177,15.0,6.9,3.8
400900450,GSW,2393,20.0,7.5,6.2
400900450,GSW,3452,9.0,2.7,2.6
400900450,GSW,3975,30.0,19.8,17.0
400900450,GSW,6475,32.0,19.7,16.2
400900450,GSW,6589,28.0,8.1,7.2
400900450,GSW,2489785,29.0,7.6,7.0
400900450,GSW,2594818,5.0,8.2,7.3
400900450,GSW,3137730,30.0,9.2,8.1
400900450,GSW,3155535,4.0,-0.4,-0.7
400900451,MIN,3457,18.0,-2.2,-1.7
400900451,MIN,3554,22.0,-0.7,-0.6
400900451,MIN,4011,30.0,7.5,4.8
400900451,MIN,4267,2.0,-2.1,-1.7
400900451,MIN,2534781,33.0,4.4,6.2
400900451,MIN,2991139,24.0,2.3,1.7
400900451,MIN,2993875,24.0,13.1,11.8
400900451,MIN,3059319,36.0,14.5,13.5
400900451,MIN,3135046,12.0,4.0,0.8
400900451,MIN,3136195,39.0,22.7,18.8
400900451,SAS,272,19.0,12.4,9.5
400900451,SAS,996,24.0,7.3,6.1
400900451,SAS,1015,27.0,0.8,-0.7
400900451,SAS,2983,38.0,18.7,16.2
400900451,SAS,3988,32.0,9.8,8.8
400900451,SAS,4004,21.0,6.4,6.5
400900451,SAS,6426,6.0,-1.0,-1.0
400900451,SAS,6450,31.0,18.5,14.7
400900451,SAS,2579466,16.0,6.2,5.7
400900451,SAS,2580913,21.0,2.1,0.2
400900451,SAS,2993874,4.0,-0.1,0.0
400900452,MIL,841,22.0,3.5,0.3
400900452,MIL,4260,22.0,7.8,6.4
400900452,MIL,4385,18.0,4.3,4.3
400900452,MIL,6592,20.0,5.9,3.5
400900452,MIL,6609,33.0,15.9,13.1
400900452,MIL,2489716,25.0,4.2,2.6
400900452,MIL,2528353,36.0,2.8,1.7
400900452,MIL,2566769,26.0,9.5,7.9
400900452,MIL,3032977,36.0,13.8,11.9
400900452,MIL,4017843,3.0,-0.4,0.0
400900452,POR,4239,19.0,-4.5,-4.8
400900452,POR,4248,19.0,-0.9,-3.0
400900452,POR,6591,30.0,4.1,3.0
400900452,POR,6605,7.0,-0.2,0.0
400900452,POR,6606,40.0,26.6,21.4
400900452,POR,2490149,36.0,10.9,11.1
400900452,POR,2530780,3.0,-0.4,0.0
400900452,POR,2531210,31.0,7.8,4.6
400900452,POR,3078284,28.0,10.9,9.1
400900452,POR,3102530,27.0,10.6,6.1
400900453,LAC,165,30.0,12.3,11.5
400900453,LAC,662,7.0,0.9,0.0
400900453,LAC,2745,15.0,6.1,5.0
400900453,LAC,2753,23.0,1.2,1.3
400900453,LAC,2779,25.0,24.3,22.3
400900453,LAC,3024,18.0,19.2,18.5
400900453,LAC,3442,23.0,14.5,12.0
400900453,LAC,3451,17.0,0.5,0.6
400900453,LAC,3460,19.0,8.2,7.8
400900453,LAC,3989,26.0,8.2,8.4
400900453,LAC,4247,6.0,-0.2,-0.7
400900453,LAC,6617,31.0,14.5,14.1
400900453,LAL,3191,12.0,-0.2,-0.5
400900453,LAL,6618,10.0,15.7,15.3
400900453,LAL,2528393,8.0,-1.4,-1.0
400900453,LAL,2528426,36.0,-0.1,0.6
400900453,LAL,2580365,8.0,4.4,4.1
400900453,LAL,3059281,8.0,4.6,3.3
400900453,LAL,3062744,14.0,0.8,1.0
400900453,LAL,3064514,31.0,17.2,15.5
400900453,LAL,3136776,36.0,14.8,12.4
400900453,LAL,3913176,40.0,16.0,13.2
400900453,LAL,4017837,36.0,13.3,11.8
400900454,CHA,2797,33.0,7.7,5.4
400900454,CHA,3190,21.0,17.5,16.0
400900454,CHA,3416,32.0,4.0,1.4
400900454,CHA,6479,33.0,14.5,14.0
400900454,CHA,6601,27.0,11.8,8.5
400900454,CHA,6603,16.0,4.8,2.0
400900454,CHA,2579258,29.0,15.0,13.0
400900454,CHA,2579294,33.0,11.8,11.4
400900454,CHA,2595229,15.0,5.7,5.5
400900454,ORL,3277,15.0,1.9,2.7
400900454,ORL,3415,15.0,3.6,3.7
400900454,ORL,4003,15.0,6.8,6.6
400900454,ORL,6427,18.0,3.9,3.5
400900454,ORL,6478,30.0,19.3,14.0
400900454,ORL,6588,30.0,9.4,8.7
400900454,ORL,6619,31.0,13.0,11.1
400900454,ORL,2583639,34.0,12.7,13.7
400900454,ORL,2995706,23.0,4.7,2.9
400900454,ORL,3064290,29.0,2.1,2.0
400900455,BOS,2769,23.0,0.8,0.7
400900455,BOS,3213,31.0,17.4,15.3
400900455,BOS,4240,39.0,13.7,12.5
400900455,BOS,6472,33.0,15.5,15.4
400900455,BOS,6581,36.0,10.2,8.8
400900455,BOS,6631,10.0,5.5,4.7
400900455,BOS,2489663,31.0,13.8,11.0
400900455,BOS,2990992,23.0,3.4,3.0
400900455,BOS,3917376,14.0,5.7,5.1
400900455,IND,2389,13.0,1.3,-1.0
400900455,IND,2751,25.0,0.4,-2.1
400900455,IND,2778,24.0,1.4,1.6
400900455,IND,3192,13.0,2.5,1.6
400900455,IND,3244,25.0,10.4,6.1
400900455,IND,4015,35.0,21.4,21.4
400900455,IND,4251,42.0,22.8,19.1
400900455,IND,6424,22.0,13.8,13.1
400900455,IND,2596110,6.0,0.3,0.7
400900455,IND,2991039,6.0,-0.7,-0.7
400900455,IND,3133628,29.0,9.6,5.7
400900456,CHI,3026,28.0,7.0,6.6
400900456,CHI,3474,3.0,2.0,2.0
400900456,CHI,6430,34.0,26.5,24.0
400900456,CHI,6459,39.0,27.9,23.4
400900456,CHI,2490589,3.0,-0.7,-0.7
400900456,CHI,2531047,15.0,6.3,5.7
400900456,CHI,2596108,17.0,5.2,2.0
400900456,CHI,2959753,28.0,13.7,11.7
400900456,CHI,2999549,22.0,2.7,2.0
400900456,CHI,3064482,23.0,7.1,7.6
400900456,CHI,3893023,29.0,12.5,11.8
400900456,DET,2448,3.0,0.3,0.0
400900456,DET,4305,25.0,8.2,6.5
400900456,DET,4376,8.0,6.3,5.7
400900456,DET,6440,31.0,8.5,7.8
400900456,DET,6443,20.0,0.3,0.0
400900456,DET,6452,17.0,13.1,12.5
400900456,DET,6462,32.0,8.6,8.3
400900456,DET,6585,26.0,6.0,4.2
400900456,DET,2528779,15.0,0.2,-0.4
400900456,DET,2578259,3.0,-1.4,-1.4
400900456,DET,2581018,30.0,3.2,1.7
400900456,DET,2968439,14.0,3.9,4.1
400900456,DET,3134881,16.0,6.1,6.0
400900457,OKC,1978,8.0,9.3,8.9
400900457,OKC,3468,28.0,25.3,21.0
400900457,OKC,3986,13.0,4.4,4.1
400900457,OKC,6431,5.0,1.0,1.0
400900457,OKC,6447,20.0,26.7,23.3
400900457,OKC,2527963,31.0,9.2,8.4
400900457,OKC,2528588,14.0,9.1,9.1
400900457,OKC,2530596,24.0,8.2,4.6
400900457,OKC,2983526,18.0,4.0,4.1
400900457,OKC,2991070,11.0,4.0,4.1
400900457,OKC,2991235,25.0,4.1,2.8
400900457,OKC,2995702,24.0,2.0,0.2
400900457,OKC,3155942,18.0,0.5,-0.4
400900457,PHI,3025,26.0,6.8,5.5
400900457,PHI,3993,16.0,1.1,0.6
400900457,PHI,2490620,25.0,7.8,6.3
400900457,PHI,2530530,22.0,5.9,3.1
400900457,PHI,2581180,15.0,9.9,10.7
400900457,PHI,2982340,19.0,4.5,4.7
400900457,PHI,2991042,30.0,13.7,14.1
400900457,PHI,2993370,16.0,5.6,7.0
400900457,PHI,3032978,26.0,5.9,2.9
400900457,PHI,3135048,17.0,5.0,4.4
400900457,PHI,3893019,29.0,-0.3,-0.7
400900458,ATL,1708,15.0,6.9,6.0
400900458,ATL,2384,36.0,14.9,9.0
400900458,ATL,2433,12.0,4.9,4.7
400900458,ATL,2767,26.0,3.1,1.3
400900458,ATL,3028,31.0,11.7,7.8
400900458,ATL,2282205,14.0,0.7,-1.2
400900458,ATL,2490089,8.0,-2.1,-1.7
400900458,ATL,2528210,36.0,25.6,24.5
400900458,ATL,2990962,28.0,5.5,3.7
400900458,ATL,3032979,34.0,2.7,3.0
400900458,WAS,2758,28.0,2.1,1.4
400900458,WAS,2774,20.0,3.4,3.5
400900458,WAS,3232,15.0,5.5,4.0
400900458,WAS,3593,15.0,-0.2,-0.4
400900458,WAS,3997,14.0,5.3,5.5
400900458,WAS,4237,34.0,16.3,11.5
400900458,WAS,6461,33.0,10.4,8.1
400900458,WAS,6580,35.0,22.3,16.6
400900458,WAS,2594922,27.0,6.8,7.8
400900458,WAS,3133603,19.0,1.3,1.3
400900459,CLE,1006,16.0,-0.1,-0.3
400900459,CLE,1966,34.0,13.7,12.9
400900459,CLE,2009,3.0,4.7,4.4
400900459,CLE,2011,19.0,3.1,3.6
400900459,CLE,2444,21.0,3.2,0.6
400900459,CLE,2754,22.0,1.2,1.3
400900459,CLE,2798,20.0,18.5,17.3
400900459,CLE,3449,22.0,9.4,5.3
400900459,CLE,6442,27.0,24.3,24.8
400900459,CLE,6453,4.0,-1.4,-1.7
400900459,CLE,6468,17.0,5.4,3.8
400900459,CLE,6474,27.0,8.5,7.2
400900459,CLE,6480,7.0,1.0,1.0
400900459,DEN,2439,28.0,5.6,5.5
400900459,DEN,3194,41.0,13.6,11.5
400900459,DEN,3413,1.0,1.0,0.7
400900459,DEN,6433,19.0,15.9,13.2
400900459,DEN,6579,33.0,17.2,14.8
400900459,DEN,2488653,26.0,11.9,10.5
400900459,DEN,2999547,32.0,17.3,17.2
400900459,DEN,3112335,29.0,17.1,15.5
400900459,DEN,3936299,20.0,10.6,11.4
400900459,DEN,4017839,12.0,5.3,4.4
400900460,MIL,841,22.0,11.4,8.5
400900460,MIL,3211,18.0,12.1,10.1
400900460,MIL,4260,20.0,10.9,11.5
400900460,MIL,4385,20.0,8.8,8.4
400900460,MIL,6597,2.0,0.3,-0.7
400900460,MIL,6609,31.0,11.4,8.1
400900460,MIL,2489716,19.0,3.2,2.0
400900460,MIL,2528353,24.0,2.0,1.7
400900460,MIL,2566769,29.0,9.7,9.2
400900460,MIL,3032977,40.0,31.0,25.8
400900460,MIL,3137733,2.0,1.7,1.7
400900460,MIL,4017843,12.0,3.2,2.7
400900460,SAC,3187,23.0,5.1,5.7
400900460,SAC,3276,15.0,1.6,1.0
400900460,SAC,3973,27.0,12.9,11.6
400900460,SAC,3983,21.0,10.9,11.1
400900460,SAC,4023,24.0,11.3,10.2
400900460,SAC,2578213,13.0,-2.1,-2.4
400900460,SAC,2990984,36.0,15.2,13.3
400900460,SAC,2991282,27.0,8.8,4.7
400900460,SAC,3936296,31.0,9.1,6.8
400900460,SAC,4017846,23.0,1.0,-1.1
400900461,NYK,1975,36.0,11.1,10.7
400900461,NYK,3445,35.0,8.9,9.5
400900461,NYK,3456,32.0,12.9,12.6
400900461,NYK,6485,32.0,3.3,2.7
400900461,NYK,6615,9.0,2.1,2.4
400900461,NYK,2284101,19.0,2.9,3.0
400900461,NYK,2580349,21.0,4.5,4.7
400900461,NYK,2580898,2.0,0.3,0.7
400900461,NYK,2999409,17.0,9.0,6.1
400900461,NYK,3102531,31.0,17.5,16.3
400900461,NYK,3138120,5.0,-1.1,-0.7
400900461,UTA,1007,23.0,6.7,6.3
400900461,UTA,2167,14.0,2.6,2.3
400900461,UTA,3438,35.0,6.7,4.0
400900461,UTA,4249,39.0,15.0,12.5
400900461,UTA,6429,19.0,0.5,-1.4
400900461,UTA,2333797,10.0,8.8,6.8
400900461,UTA,2581177,21.0,0.8,-0.1
400900461,UTA,2968361,14.0,8.3,9.5
400900461,UTA,2968436,25.0,3.1,2.2
400900461,UTA,3032976,38.0,38.9,35.3
400900461,UTA,3136196,3.0,-1.5,-1.4
400900462,BKN,3003,20.0,-2.3,-2.1
400900462,BKN,3448,25.0,9.3,8.9
400900462,BKN,4270,17.0,8.5,7.7
400900462,BKN,4299,21.0,10.9,11.1
400900462,BKN,6576,26.0,10.3,9.0
400900462,BKN,6590,8.0,8.6,8.4
400900462,BKN,6614,6.0,-1.4,-1.7
400900462,BKN,2566741,24.0,16.5,13.2
400900462,BKN,2580782,23.0,8.3,4.4
400900462,BKN,2991043,20.0,4.8,5.0
400900462,BKN,2991281,8.0,13.4,12.5
400900462,BKN,3064291,15.0,6.1,1.3
400900462,BKN,3136477,28.0,9.4,7.4
400900462,PHX,2166,31.0,5.2,3.5
400900462,PHX,3201,21.0,5.8,4.0
400900462,PHX,2528803,9.0,2.6,1.0
400900462,PHX,2579326,16.0,-2.9,-2.5
400900462,PHX,2596107,25.0,11.8,8.1
400900462,PHX,3136193,40.0,11.2,10.0
400900462,PHX,3136194,45.0,6.6,3.8
400900462,PHX,3907487,31.0,19.9,16.7
400900462,PHX,3936099,22.0,-0.8,0.2
400900463,MIA,3423,33.0,11.2,5.7
400900463,MIA,3981,13.0,-1.2,-1.4
400900463,MIA,3999,31.0,4.9,-0.7
400900463,MIA,4250,15.0,-3.6,-2.4
400900463,MIA,4262,30.0,15.8,13.6
400900463,MIA,2326015,18.0,6.1,5.7
400900463,MIA,2488826,36.0,11.7,10.8
400900463,MIA,2528473,2.0,-0.1,0.0
400900463,MIA,2530276,26.0,3.0,2.6
400900463,MIA,2581190,35.0,7.3,6.9
400900463,TOR,3033,33.0,8.4,7.1
400900463,TOR,3970,21.0,5.1,2.9
400900463,TOR,3978,36.0,32.0,29.5
400900463,TOR,4264,22.0,3.6,1.9
400900463,TOR,6446,29.0,0.3,-0.7
400900463,TOR,6477,21.0,-1.4,-3.2
400900463,TOR,2595516,26.0,8.2,6.7
400900463,TOR,2991230,5.0,-1.4,-1.4
400900463,TOR,3064447,24.0,13.1,9.7
400900463,TOR,3134908,23.0,1.4,2.1
400900464,DAL,609,29.0,11.6,9.2
400900464,DAL,2382,18.0,9.4,8.1
400900464,DAL,3055,12.0,3.6,4.4
400900464,DAL,4032,35.0,4.3,2.6
400900464,DAL,6578,38.0,11.8,10.0
400900464,DAL,2326307,35.0,17.5,16.6
400900464,DAL,2531367,12.0,3.5,3.3
400900464,DAL,2578185,10.0,0.8,0.5
400900464,DAL,2968458,2.0,0.3,-0.7
400900464,DAL,2991018,16.0,5.5,3.7
400900464,DAL,2991280,33.0,11.7,6.7
400900464,LAC,165,26.0,4.8,4.7
400900464,LAC,662,9.0,-1.4,-1.3
400900464,LAC,2753,16.0,-0.7,-2.8
400900464,LAC,2779,35.0,12.9,9.9
400900464,LAC,3024,28.0,4.8,3.9
400900464,LAC,3442,35.0,19.7,16.3
400900464,LAC,3451,13.0,2.6,2.0
400900464,LAC,3460,13.0,6.9,7.4
400900464,LAC,3989,39.0,7.2,5.1
400900464,LAC,6617,26.0,7.5,7.3
400900465,MEM,136,25.0,4.7,4.6
400900465,MEM,1017,28.0,5.2,4.2
400900465,MEM,2367,29.0,7.8,5.4
400900465,MEM,3195,36.0,13.2,13.4
400900465,MEM,3206,39.0,5.5,3.1
400900465,MEM,3242,7.0,4.1,2.4
400900465,MEM,2327577,21.0,8.6,8.2
400900465,MEM,2489530,20.0,1.2,2.0
400900465,MEM,2579321,18.0,7.2,6.1
400900465,MEM,3064511,16.0,6.1,5.0
400900465,SAS,272,19.0,4.6,3.6
400900465,SAS,996,26.0,4.1,2.3
400900465,SAS,1015,30.0,10.5,10.7
400900465,SAS,2772,22.0,6.9,5.5
400900465,SAS,2983,36.0,19.5,16.5
400900465,SAS,3988,22.0,1.9,2.3
400900465,SAS,4004,23.0,15.9,13.9
400900465,SAS,6450,38.0,14.4,13.0
400900465,SAS,2579466,13.0,0.5,-0.1
400900465,SAS,2580913,12.0,3.4,3.4
400900466,NYK,2421,16.0,4.5,5.0
400900466,NYK,3445,41.0,11.3,10.8
400900466,NYK,6615,22.0,2.9,1.0
400900466,NYK,2284101,22.0,3.8,3.7
400900466,NYK,2566748,5.0,1.4,0.4
400900466,NYK,2580349,24.0,3.2,1.0
400900466,NYK,2580898,19.0,12.1,11.8
400900466,NYK,2999409,21.0,10.2,8.1
400900466,NYK,3102531,38.0,11.0,6.9
400900466,NYK,3138120,32.0,10.6,9.7
400900466,POR,4239,24.0,9.4,6.6
400900466,POR,4248,27.0,6.4,3.1
400900466,POR,6591,18.0,2.1,3.1
400900466,POR,6605,8.0,2.3,2.4
400900466,POR,6606,31.0,26.0,23.2
400900466,POR,2490149,34.0,12.2,11.7
400900466,POR,2530780,2.0,0.0,0.0
400900466,POR,2531210,34.0,9.9,9.1
400900466,POR,2578239,2.0,0.0,0.0
400900466,POR,2982268,2.0,-0.4,-1.4
400900466,POR,3078284,32.0,3.2,0.0
400900466,POR,3102530,27.0,13.2,13.1
400900467,BKN,3003,26.0,8.0,5.8
400900467,BKN,3448,22.0,2.3,1.7
400900467,BKN,4270,3.0,-0.4,-0.7
400900467,BKN,4299,20.0,6.4,6.6
400900467,BKN,6576,11.0,0.1,-2.1
400900467,BKN,6590,23.0,17.5,15.7
400900467,BKN,6614,15.0,4.2,3.7
400900467,BKN,2566741,26.0,6.4,6.4
400900467,BKN,2580782,21.0,-3.0,-2.5
400900467,BKN,2991043,18.0,3.2,3.1
400900467,BKN,2991281,14.0,9.4,9.8
400900467,BKN,3064291,22.0,18.8,17.0
400900467,BKN,3136477,18.0,7.7,7.5
400900467,WAS,2758,18.0,4.5,3.8
400900467,WAS,2774,24.0,20.6,15.5
400900467,WAS,3232,25.0,5.7,5.0
400900467,WAS,3593,26.0,14.2,10.4
400900467,WAS,3997,21.0,21.0,21.1
400900467,WAS,4237,24.0,19.5,18.4
400900467,WAS,6461,20.0,1.9,1.0
400900467,WAS,6580,25.0,15.7,14.8
400900467,WAS,6621,4.0,0.0,-0.7
400900467,WAS,2579260,3.0,0.0,0.0
400900467,WAS,2594922,21.0,5.2,4.4
400900467,WAS,2991050,6.0,0.0,0.3
400900467,WAS,3133603,24.0,5.4,4.3
400900468,CHA,2797,38.0,11.3,7.3
400900468,CHA,3190,32.0,16.1,17.5
400900468,CHA,3416,35.0,10.8,8.6
400900468,CHA,6479,39.0,20.1,17.1
400900468,CHA,6601,18.0,3.0,4.1
400900468,CHA,6603,12.0,-1.2,-0.4
400900468,CHA,2579258,32.0,21.0,17.2
400900468,CHA,2579294,26.0,-2.7,-3.8
400900468,CHA,2595229,9.0,0.6,1.0
400900468,CLE,1006,16.0,5.2,4.4
400900468,CLE,1966,40.0,33.0,28.7
400900468,CLE,2011,20.0,5.6,5.4
400900468,CLE,2444,31.0,6.1,6.7
400900468,CLE,2798,15.0,2.0,2.4
400900468,CLE,3449,29.0,11.8,10.1
400900468,CLE,6442,38.0,19.4,15.9
400900468,CLE,6468,25.0,3.7,2.3
400900468,CLE,6474,27.0,8.1,7.8
400900469,DET,2448,12.0,-1.1,-1.3
400900469,DET,4305,16.0,1.8,1.3
400900469,DET,4376,12.0,12.1,12.1
400900469,DET,6440,26.0,6.9,7.7
400900469,DET,6443,20.0,7.2,6.0
400900469,DET,6452,28.0,15.7,12.9
400900469,DET,6462,22.0,1.0,0.9
400900469,DET,6585,20.0,6.9,4.0
400900469,DET,2528779,17.0,-1.6,-3.5
400900469,DET,2578259,9.0,2.1,2.1
400900469,DET,2581018,21.0,1.4,1.1
400900469,DET,2968439,16.0,5.8,5.8
400900469,DET,3134881,22.0,-1.2,-1.8
400900469,ORL,3277,16.0,0.9,-0.3
400900469,ORL,3415,13.0,3.3,2.7
400900469,ORL,4003,21.0,10.0,9.7
400900469,ORL,6427,16.0,1.3,1.0
400900469,ORL,6478,26.0,16.1,13.0
400900469,ORL,6588,23.0,11.7,10.8
400900469,ORL,6619,21.0,16.8,15.5
400900469,ORL,2309097,6.0,4.7,4.4
400900469,ORL,2488999,6.0,-1.8,-1.4
400900469,ORL,2583639,29.0,15.2,12.9
400900469,ORL,2995706,28.0,6.6,5.4
400900469,ORL,3064290,30.0,14.4,12.9
400900469,ORL,3936102,6.0,2.4,1.3
400900470,DEN,2439,33.0,6.6,6.1
400900470,DEN,3194,35.0,20.2,19.3
400900470,DEN,3428,35.0,19.5,14.1
400900470,DEN,6433,16.0,7.3,6.7
400900470,DEN,6579,24.0,7.1,5.3
400900470,DEN,2488653,16.0,7.7,6.3
400900470,DEN,2999547,30.0,7.7,7.2
400900470,DEN,3112335,34.0,28.3,24.5
400900470,DEN,3936299,17.0,3.4,3.3
400900470,IND,2389,12.0,0.7,-0.7
400900470,IND,2751,31.0,16.3,14.2
400900470,IND,2778,18.0,1.5,3.6
400900470,IND,3192,15.0,4.9,5.7
400900470,IND,3235,13.0,-3.9,-3.4
400900470,IND,3244,30.0,3.1,3.4
400900470,IND,4015,33.0,16.9,15.6
400900470,IND,4251,35.0,22.1,17.7
400900470,IND,6424,18.0,9.3,7.6
400900470,IND,3133628,36.0,18.0,13.8
400900471,BOS,2761,13.0,11.2,12.1
400900471,BOS,2769,27.0,10.5,5.7
400900471,BOS,3213,30.0,18.0,14.7
400900471,BOS,3998,10.0,3.2,3.7
400900471,BOS,6472,33.0,27.1,27.6
400900471,BOS,6581,27.0,10.9,9.1
400900471,BOS,6631,11.0,-4.3,-4.2
400900471,BOS,2489663,17.0,9.7,10.4
400900471,BOS,2990992,31.0,5.2,4.2
400900471,BOS,3074752,15.0,5.8,4.4
400900471,BOS,3917376,25.0,6.9,6.4
400900471,PHX,2166,30.0,5.1,3.3
400900471,PHX,3201,28.0,10.3,11.7
400900471,PHX,2579326,24.0,7.1,4.1
400900471,PHX,2596107,26.0,10.3,8.6
400900471,PHX,3136193,45.0,54.5,50.2
400900471,PHX,3136194,34.0,2.4,1.0
400900471,PHX,3907487,21.0,-4.5,-5.3
400900471,PHX,3936099,32.0,5.9,6.7
400900472,CHI,3026,21.0,5.3,0.8
400900472,CHI,3447,18.0,-2.6,-3.6
400900472,CHI,3474,18.0,7.0,7.0
400900472,CHI,6430,42.0,34.8,31.0
400900472,CHI,6459,27.0,9.9,10.4
400900472,CHI,2596108,23.0,3.7,4.0
400900472,CHI,2959753,16.0,-0.1,-1.4
400900472,CHI,2999549,30.0,7.1,6.0
400900472,CHI,3064482,22.0,16.9,15.0
400900472,CHI,3893023,23.0,-1.5,-2.4
400900472,PHI,3025,22.0,11.7,9.9
400900472,PHI,3993,28.0,13.5,11.4
400900472,PHI,2490620,29.0,3.4,2.2
400900472,PHI,2530530,26.0,14.9,10.7
400900472,PHI,2581180,19.0,17.2,15.6
400900472,PHI,2982340,12.0,-0.5,-0.7
400900472,PHI,2991042,24.0,5.0,4.7
400900472,PHI,2993370,29.0,2.0,2.3
400900472,PHI,3032978,34.0,23.3,21.5
400900472,PHI,3893019,18.0,4.7,3.1
400900473,ATL,1708,18.0,4.0,3.5
400900473,ATL,2384,32.0,15.6,13.4
400900473,ATL,2433,12.0,1.4,1.6
400900473,ATL,2767,33.0,7.6,4.7
400900473,ATL,3028,31.0,2.6,1.6
400900473,ATL,2282205,11.0,-1.8,-1.7
400900473,ATL,2490089,7.0,-1.8,-2.4
400900473,ATL,2528210,40.0,17.6,17.8
400900473,ATL,2990962,19.0,2.5,1.0
400900473,ATL,3032979,37.0,20.0,17.9
400900473,MIL,841,25.0,9.0,6.7
400900473,MIL,3211,12.0,2.8,3.1
400900473,MIL,4260,26.0,11.8,10.5
400900473,MIL,4385,12.0,1.5,1.6
400900473,MIL,6609,32.0,-1.3,-3.6
400900473,MIL,2489716,20.0,5.0,4.5
400900473,MIL,2528353,32.0,11.7,10.1
400900473,MIL,2566769,35.0,8.6,9.2
400900473,MIL,3032977,36.0,34.3,28.3
400900473,MIL,4017843,10.0,-0.2,0.0
400900474,HOU,1713,19.0,10.4,9.2
400900474,HOU,2426,34.0,3.3,2.2
400900474,HOU,2799,20.0,1.2,0.9
400900474,HOU,3412,30.0,6.8,7.4
400900474,HOU,3431,33.0,8.9,7.1
400900474,HOU,3964,31.0,11.1,9.4
400900474,HOU,3992,38.0,38.5,34.8
400900474,HOU,2991184,6.0,0.6,0.0
400900474,HOU,3102529,29.0,12.2,9.3
400900474,NOP,3974,25.0,0.1,-0.7
400900474,NOP,3995,38.0,20.6,16.3
400900474,NOP,4243,18.0,7.3,6.0
400900474,NOP,4258,30.0,19.7,16.3
400900474,NOP,6460,27.0,6.3,7.2
400900474,NOP,6583,41.0,30.0,23.2
400900474,NOP,2488945,24.0,-0.9,-1.4
400900474,NOP,2488958,36.0,6.1,5.4
400900475,LAL,3191,16.0,9.0,9.5
400900475,LAL,2528393,3.0,-2.5,-1.7
400900475,LAL,2528426,47.0,28.1,28.7
400900475,LAL,2580365,35.0,8.7,7.4
400900475,LAL,3059281,12.0,2.6,1.0
400900475,LAL,3062744,26.0,10.8,10.5
400900475,LAL,3064514,34.0,19.7,16.2
400900475,LAL,3136776,40.0,13.8,11.7
400900475,LAL,3913176,30.0,5.5,5.0
400900475,LAL,4017837,21.0,2.1,1.4
400900475,MIN,3457,14.0,1.3,0.4
400900475,MIN,3554,14.0,4.4,3.7
400900475,MIN,4011,43.0,24.6,20.4
400900475,MIN,2534781,39.0,12.3,10.6
400900475,MIN,2991139,35.0,11.3,6.0
400900475,MIN,2993875,12.0,-2.1,-2.1
400900475,MIN,3059319,44.0,22.3,22.7
400900475,MIN,3135046,22.0,7.6,5.5
400900475,MIN,3136195,43.0,25.7,20.7
400900476,GSW,1765,14.0,3.2,2.4
400900476,GSW,2016,19.0,7.2,3.1
400900476,GSW,2177,14.0,12.1,9.6
400900476,GSW,2386,27.0,7.3,7.4
400900476,GSW,2393,19.0,8.1,7.5
400900476,GSW,3452,12.0,12.4,10.6
400900476,GSW,3975,33.0,31.9,24.1
400900476,GSW,6475,30.0,-0.5,-1.6
400900476,GSW,6589,34.0,20.4,16.2
400900476,GSW,2489785,18.0,6.7,7.1
400900476,GSW,2594818,3.0,2.0,2.0
400900476,GSW,3137730,16.0,3.6,3.4
400900476,GSW,3155535,2.0,0.0,-0.3
400900476,SAC,3187,23.0,-0.6,-1.8
400900476,SAC,3444,14.0,-2.3,-2.8
400900476,SAC,4000,24.0,15.7,15.5
400900476,SAC,4023,16.0,3.9,1.4
400900476,SAC,2530572,25.0,1.8,1.6
400900476,SAC,2578213,22.0,7.3,6.0
400900476,SAC,2990984,33.0,20.9,18.3
400900476,SAC,2991282,28.0,11.6,10.9
400900476,SAC,3936296,27.0,11.6,8.6
400900476,SAC,4017846,27.0,3.6,3.1
400900477,LAC,165,25.0,26.7,24.9
400900477,LAC,662,15.0,3.4,3.0
400900477,LAC,2753,17.0,0.6,0.0
400900477,LAC,2779,29.0,6.2,4.6
400900477,LAC,3024,23.0,6.8,5.9
400900477,LAC,3442,26.0,10.6,8.8
400900477,LAC,3451,26.0,5.6,2.0
400900477,LAC,3460,22.0,10.8,8.9
400900477,LAC,3989,33.0,10.9,6.9
400900477,LAC,6617,25.0,5.6,5.7
400900477,UTA,1007,26.0,11.4,11.7
400900477,UTA,2167,21.0,6.1,5.8
400900477,UTA,3438,32.0,-0.9,-0.4
400900477,UTA,4249,31.0,7.4,6.7
400900477,UTA,6429,13.0,0.6,0.3
400900477,UTA,2333797,11.0,0.6,-0.3
400900477,UTA,2581177,23.0,4.3,1.5
400900477,UTA,2968361,16.0,7.5,6.8
400900477,UTA,2968436,27.0,-0.7,-0.7
400900477,UTA,3032976,36.0,23.6,20.9
400900477,UTA,3102528,3.0,5.1,5.1
400900477,UTA,3136196,3.0,0.0,0.0
400900478,CLE,1006,18.0,9.2,8.3
400900478,CLE,1966,41.0,19.5,17.2
400900478,CLE,2009,2.0,-1.0,-1.0
400900478,CLE,2011,21.0,6.4,7.0
400900478,CLE,2444,31.0,3.5,4.0
400900478,CLE,2754,6.0,5.7,4.4
400900478,CLE,2798,20.0,7.0,7.2
400900478,CLE,3449,33.0,12.7,10.7
400900478,CLE,4265,2.0,0.0,0.0
400900478,CLE,6442,34.0,12.7,11.2
400900478,CLE,6453,2.0,1.0,0.7
400900478,CLE,6474,27.0,13.3,11.0
400900478,CLE,6480,2.0,1.7,1.7
400900478,WAS,2758,23.0,7.2,5.8
400900478,WAS,2774,9.0,-0.5,-1.0
400900478,WAS,3232,16.0,8.8,9.2
400900478,WAS,3997,15.0,3.6,1.7
400900478,WAS,4237,37.0,35.7,32.9
400900478,WAS,6461,36.0,8.1,7.5
400900478,WAS,6580,43.0,20.3,19.5
400900478,WAS,6621,1.0,2.7,1.7
400900478,WAS,2594885,1.0,0.0,0.0
400900478,WAS,2594922,33.0,11.2,7.8
400900478,WAS,2991050,1.0,0.0,0.0
400900478,WAS,3133603,26.0,15.9,15.6
400900479,DAL,609,29.0,2.2,2.6
400900479,DAL,2382,18.0,6.3,4.8
400900479,DAL,3055,18.0,3.8,4.3
400900479,DAL,4032,34.0,1.9,-3.2
400900479,DAL,6578,37.0,20.2,16.4
400900479,DAL,2326307,30.0,7.9,7.0
400900479,DAL,2531367,4.0,2.7,2.0
400900479,DAL,2578185,12.0,5.0,4.0
400900479,DAL,2968458,15.0,3.6,3.1
400900479,DAL,2991018,18.0,7.2,5.4
400900479,DAL,2991280,25.0,4.2,3.8
400900479,TOR,3033,34.0,12.4,6.4
400900479,TOR,3439,32.0,12.3,12.1
400900479,TOR,3978,37.0,11.5,10.1
400900479,TOR,4264,24.0,14.0,13.9
400900479,TOR,6446,36.0,5.9,5.5
400900479,TOR,6477,22.0,8.2,7.1
400900479,TOR,2595516,14.0,1.2,1.0
400900479,TOR,3064447,24.0,4.5,3.4
400900479,TOR,3134908,18.0,4.2,2.4
400900480,NYK,3445,40.0,6.2,2.1
400900480,NYK,3456,36.0,17.8,17.2
400900480,NYK,6615,13.0,7.0,3.8
400900480,NYK,2284101,15.0,-1.8,-2.1
400900480,NYK,2566748,5.0,-1.7,-1.7
400900480,NYK,2580349,13.0,2.3,1.4
400900480,NYK,2580898,3.0,-0.7,-0.7
400900480,NYK,2999409,36.0,22.1,20.0
400900480,NYK,3063982,17.0,3.4,2.0
400900480,NYK,3102531,26.0,5.2,4.0
400900480,NYK,3138120,36.0,15.1,15.9
400900480,SAS,272,19.0,5.6,2.7
400900480,SAS,996,26.0,19.0,17.3
400900480,SAS,1015,22.0,7.0,4.7
400900480,SAS,2772,11.0,0.8,-0.3
400900480,SAS,2983,36.0,13.5,11.1
400900480,SAS,3247,1.0,0.7,0.0
400900480,SAS,4004,26.0,6.8,6.2
400900480,SAS,6426,1.0,0.0,0.0
400900480,SAS,6450,39.0,25.0,21.5
400900480,SAS,2579466,24.0,-0.8,-0.4
400900480,SAS,2580913,21.0,7.8,6.9
400900480,SAS,2993874,13.0,3.2,1.0
400900480,SAS,2994526,1.0,0.3,0.0
400900481,MIN,3457,15.0,-0.5,-0.7
400900481,MIN,3554,18.0,-0.4,-0.7
400900481,MIN,4011,25.0,12.6,12.2
400900481,MIN,4267,5.0,1.7,1.7
400900481,MIN,2531100,8.0,1.8,1.7
400900481,MIN,2534781,35.0,17.8,11.0
400900481,MIN,2991139,29.0,13.8,12.5
400900481,MIN,2993875,20.0,9.2,8.6
400900481,MIN,3059319,32.0,9.7,9.1
400900481,MIN,3135046,23.0,3.4,1.7
400900481,MIN,3136195,31.0,9.8,9.0
400900481,POR,4239,21.0,4.9,5.5
400900481,POR,4248,27.0,7.3,4.3
400900481,POR,6591,27.0,4.4,4.8
400900481,POR,6605,21.0,-0.6,1.0
400900481,POR,6606,29.0,21.1,17.3
400900481,POR,2490149,29.0,27.9,26.8
400900481,POR,2530780,14.0,3.3,3.0
400900481,POR,2531210,21.0,6.8,5.7
400900481,POR,2578239,3.0,1.7,1.7
400900481,POR,2982268,3.0,0.0,0.0
400900481,POR,3078284,23.0,2.3,3.0
400900481,POR,3102530,23.0,12.8,10.4
400900482,CHA,2797,35.0,20.9,18.9
400900482,CHA,3190,21.0,4.9,4.3
400900482,CHA,3416,30.0,16.6,14.2
400900482,CHA,6479,38.0,28.5,27.0
400900482,CHA,6601,35.0,14.4,12.6
400900482,CHA,6603,9.0,-1.2,-1.8
400900482,CHA,2579258,32.0,17.4,13.5
400900482,CHA,2579294,29.0,5.6,5.3
400900482,CHA,2595229,10.0,0.6,0.0
400900482,PHX,3201,24.0,10.1,9.9
400900482,PHX,2528803,2.0,0.0,0.0
400900482,PHX,2579326,26.0,11.9,8.8
400900482,PHX,2596107,22.0,6.5,5.7
400900482,PHX,2982334,39.0,21.6,17.6
400900482,PHX,3136193,35.0,14.5,14.1
400900482,PHX,3136194,41.0,13.2,11.8
400900482,PHX,3907487,30.0,6.7,5.9
400900482,PHX,3936099,20.0,1.3,1.4
400900483,ATL,1708,17.0,-0.5,-0.7
400900483,ATL,2384,28.0,13.3,10.8
400900483,ATL,2433,12.0,1.7,1.0
400900483,ATL,2767,32.0,5.7,3.6
400900483,ATL,2806,21.0,0.6,-0.7
400900483,ATL,2282205,5.0,-0.7,-1.0
400900483,ATL,2490089,7.0,-0.1,-0.0
400900483,ATL,2528210,39.0,6.9,5.2
400900483,ATL,2990962,38.0,15.0,10.6
400900483,ATL,3032979,35.0,14.4,13.4
400900483,ATL,3062667,5.0,-1.0,-1.0
400900483,BKN,3003,13.0,0.6,-0.7
400900483,BKN,3448,31.0,12.9,11.6
400900483,BKN,4270,18.0,5.0,4.1
400900483,BKN,4299,28.0,15.2,12.9
400900483,BKN,6576,22.0,6.9,3.6
400900483,BKN,2566741,22.0,8.9,7.4
400900483,BKN,2580782,21.0,10.2,8.1
400900483,BKN,2991043,26.0,3.9,3.4
400900483,BKN,2991281,7.0,1.7,1.7
400900483,BKN,3064291,25.0,9.4,6.9
400900483,BKN,3136477,26.0,10.7,7.1
400900484,LAC,165,28.0,2.3,2.4
400900484,LAC,662,16.0,-0.7,-2.1
400900484,LAC,2745,5.0,5.3,4.0
400900484,LAC,2753,24.0,2.9,2.3
400900484,LAC,2779,31.0,20.5,18.3
400900484,LAC,3442,30.0,20.0,15.7
400900484,LAC,3451,16.0,2.5,2.0
400900484,LAC,3460,13.0,5.4,4.7
400900484,LAC,3989,32.0,13.5,11.1
400900484,LAC,4247,2.0,0.0,0.0
400900484,LAC,6617,43.0,5.2,4.0
400900484,SAC,3276,23.0,11.6,11.1
400900484,SAC,3973,28.0,15.4,14.5
400900484,SAC,3983,21.0,0.9,0.5
400900484,SAC,4023,27.0,1.4,1.4
400900484,SAC,2530572,25.0,3.1,3.0
400900484,SAC,2578213,20.0,5.1,5.3
400900484,SAC,2990984,23.0,13.5,10.7
400900484,SAC,2991282,33.0,10.2,4.8
400900484,SAC,3936296,19.0,-3.0,-1.8
400900484,SAC,4017846,21.0,12.7,11.6
400900485,CHI,3026,34.0,20.1,18.2
400900485,CHI,3447,28.0,15.7,14.6
400900485,CHI,6430,39.0,21.9,17.8
400900485,CHI,6459,35.0,24.3,23.0
400900485,CHI,2490589,2.0,-0.7,-0.7
400900485,CHI,2531047,5.0,0.3,0.0
400900485,CHI,2596108,12.0,1.2,1.0
400900485,CHI,2959753,18.0,2.3,1.7
400900485,CHI,2999549,24.0,-0.0,0.3
400900485,CHI,3064230,2.0,-0.1,-0.7
400900485,CHI,3064482,13.0,1.2,0.6
400900485,CHI,3893023,29.0,7.3,7.0
400900485,MIL,841,22.0,5.3,5.1
400900485,MIL,3211,12.0,-1.4,-1.7
400900485,MIL,4260,26.0,11.7,12.2
400900485,MIL,4385,15.0,7.7,6.4
400900485,MIL,6597,2.0,-0.1,-0.7
400900485,MIL,6609,35.0,11.3,6.6
400900485,MIL,2489716,18.0,2.7,2.1
400900485,MIL,2528353,32.0,4.6,3.3
400900485,MIL,2566769,30.0,13.4,11.5
400900485,MIL,3032977,37.0,15.6,13.6
400900485,MIL,3137733,2.0,-0.4,-0.7
400900485,MIL,4017843,9.0,1.2,2.0
400900486,HOU,1713,26.0,17.7,14.2
400900486,HOU,2426,37.0,26.8,22.1
400900486,HOU,2799,31.0,26.2,24.7
400900486,HOU,3431,36.0,15.4,16.4
400900486,HOU,3964,28.0,-5.3,-5.7
400900486,HOU,3992,36.0,17.2,17.7
400900486,HOU,2991184,24.0,7.8,7.4
400900486,HOU,3102529,22.0,10.9,8.1
400900486,OKC,3468,39.0,30.8,29.1
400900486,OKC,3986,17.0,11.8,11.3
400900486,OKC,6431,1.0,0.0,0.0
400900486,OKC,6447,23.0,20.8,20.7
400900486,OKC,2527963,29.0,10.1,7.7
400900486,OKC,2528588,5.0,3.0,2.7
400900486,OKC,2530596,33.0,6.1,1.9
400900486,OKC,2983526,16.0,-0.6,-2.6
400900486,OKC,2991070,16.0,3.9,2.0
400900486,OKC,2991235,24.0,12.4,11.1
400900486,OKC,2995702,27.0,8.2,6.0
400900486,OKC,3155942,10.0,-1.8,-1.7
400900487,IND,2389,11.0,14.8,12.9
400900487,IND,2751,28.0,8.1,4.6
400900487,IND,2778,23.0,7.4,6.7
400900487,IND,3192,22.0,9.0,8.8
400900487,IND,3235,20.0,-0.9,-1.1
400900487,IND,3244,13.0,-0.9,-0.8
400900487,IND,4015,26.0,13.4,10.8
400900487,IND,4251,35.0,13.2,10.2
400900487,IND,4289,5.0,-1.4,-1.4
400900487,IND,6424,17.0,2.7,1.2
400900487,IND,2528386,3.0,-1.4,-1.4
400900487,IND,2596110,3.0,2.0,2.4
400900487,IND,3133628,34.0,20.8,15.6
400900487,PHI,3025,24.0,13.0,11.5
400900487,PHI,3993,18.0,2.5,3.0
400900487,PHI,2490620,30.0,8.6,6.5
400900487,PHI,2530530,24.0,11.5,10.0
400900487,PHI,2581180,23.0,12.4,11.1
400900487,PHI,2982340,13.0,0.1,-0.7
400900487,PHI,2991042,27.0,1.0,0.5
400900487,PHI,2993370,31.0,13.6,8.4
400900487,PHI,3032978,28.0,-1.4,-2.9
400900487,PHI,3893019,21.0,1.7,2.3
400900488,BOS,2761,4.0,-2.4,-2.4
400900488,BOS,2769,27.0,18.8,15.4
400900488,BOS,3213,31.0,14.7,9.9
400900488,BOS,3998,12.0,3.6,4.1
400900488,BOS,4240,31.0,1.2,1.3
400900488,BOS,6472,35.0,16.9,17.1
400900488,BOS,6581,36.0,20.8,17.8
400900488,BOS,2489663,14.0,5.1,6.4
400900488,BOS,2990992,30.0,9.3,8.9
400900488,BOS,3074752,4.0,-0.4,-0.7
400900488,BOS,3917376,16.0,8.3,7.5
400900488,MIA,3423,34.0,4.1,4.1
400900488,MIA,3981,18.0,-0.1,0.3
400900488,MIA,3999,29.0,15.6,13.8
400900488,MIA,4250,19.0,5.2,4.6
400900488,MIA,4262,30.0,21.0,18.3
400900488,MIA,2326015,18.0,6.3,5.7
400900488,MIA,2488826,24.0,-0.5,-0.5
400900488,MIA,2530276,31.0,19.9,17.2
400900488,MIA,2581190,37.0,7.6,4.7
400900489,GSW,1765,26.0,4.7,4.4
400900489,GSW,2016,12.0,0.9,1.1
400900489,GSW,2177,17.0,2.6,1.0
400900489,GSW,2386,32.0,24.4,19.6
400900489,GSW,2393,16.0,3.8,3.5
400900489,GSW,3452,5.0,2.3,2.7
400900489,GSW,3975,36.0,18.2,14.3
400900489,GSW,6475,35.0,23.1,22.9
400900489,GSW,6589,35.0,6.9,4.3
400900489,GSW,2489785,14.0,5.2,4.4
400900489,GSW,3137730,13.0,0.9,0.0
400900489,MEM,136,34.0,7.6,6.8
400900489,MEM,1017,29.0,11.5,8.0
400900489,MEM,2367,30.0,8.3,6.5
400900489,MEM,3195,37.0,22.3,21.7
400900489,MEM,3242,18.0,1.8,0.6
400900489,MEM,2327577,31.0,8.7,8.0
400900489,MEM,2489530,12.0,3.6,3.3
400900489,MEM,2579321,30.0,8.7,6.1
400900489,MEM,3059316,1.0,-0.7,-0.7
400900489,MEM,3064511,18.0,-0.3,-1.8
400900489,MEM,3136696,1.0,0.0,0.0
400900489,MEM,3937101,1.0,0.0,0.0
400900490,DEN,558,6.0,0.2,-0.7
400900490,DEN,2439,24.0,3.4,2.4
400900490,DEN,3194,25.0,-0.2,0.3
400900490,DEN,3413,11.0,4.6,3.7
400900490,DEN,3428,24.0,8.7,7.6
400900490,DEN,6433,20.0,5.5,4.7
400900490,DEN,6579,21.0,5.3,4.7
400900490,DEN,2488653,19.0,13.1,11.2
400900490,DEN,2999547,23.0,6.3,6.3
400900490,DEN,3112335,18.0,5.1,3.3
400900490,DEN,3892818,7.0,1.0,0.7
400900490,DEN,3936299,24.0,6.3,5.9
400900490,DEN,4017839,17.0,-0.8,-2.4
400900490,NOP,3410,19.0,9.2,5.1
400900490,NOP,3974,29.0,7.2,4.4
400900490,NOP,3995,27.0,14.6,11.5
400900490,NOP,4243,24.0,9.8,8.5
400900490,NOP,6460,27.0,7.4,7.8
400900490,NOP,6464,19.0,7.3,6.3
400900490,NOP,6583,28.0,26.4,23.3
400900490,NOP,2488945,36.0,12.7,12.3
400900490,NOP,2488958,21.0,1.9,1.6
400900490,NOP,2566745,6.0,3.6,2.7
400900490,NOP,3919335,4.0,0.3,0.3
400900491,LAL,3191,19.0,3.6,0.6
400900491,LAL,2528393,14.0,-0.3,-0.7
400900491,LAL,2528426,37.0,2.9,1.2
400900491,LAL,2580365,29.0,6.1,4.8
400900491,LAL,3059281,26.0,11.5,8.0
400900491,LAL,3062744,29.0,6.9,6.4
400900491,LAL,3064514,27.0,2.5,-0.7
400900491,LAL,3136776,33.0,10.4,11.3
400900491,LAL,4017837,26.0,6.6,5.7
400900491,POR,4239,20.0,1.6,1.4
400900491,POR,4248,26.0,10.7,8.1
400900491,POR,6591,25.0,8.7,6.8
400900491,POR,6605,20.0,6.9,6.4
400900491,POR,6606,30.0,16.4,12.8
400900491,POR,2490149,29.0,4.9,4.0
400900491,POR,2530780,4.0,0.3,0.7
400900491,POR,2531210,29.0,16.5,13.8
400900491,POR,2578239,3.0,-1.4,-1.7
400900491,POR,2982268,3.0,-0.7,-0.7
400900491,POR,3078284,26.0,8.0,4.4
400900491,POR,3102530,25.0,6.5,3.3
400900492,ORL,3277,11.0,0.6,1.4
400900492,ORL,3415,15.0,3.2,3.0
400900492,ORL,4003,13.0,4.6,2.0
400900492,ORL,6427,17.0,2.5,1.0
400900492,ORL,6478,29.0,13.0,10.2
400900492,ORL,6588,30.0,16.2,14.7
400900492,ORL,6619,29.0,12.4,9.4
400900492,ORL,2309097,2.0,0.3,0.0
400900492,ORL,2488999,2.0,1.9,2.7
400900492,ORL,2583639,31.0,22.1,21.3
400900492,ORL,2995706,23.0,-2.7,-2.2
400900492,ORL,3064290,36.0,10.4,9.6
400900492,ORL,3936102,2.0,0.0,0.0
400900492,TOR,3033,33.0,9.8,5.4
400900492,TOR,3439,32.0,12.2,11.7
400900492,TOR,3978,36.0,24.0,24.6
400900492,TOR,4264,21.0,2.7,2.0
400900492,TOR,6446,29.0,15.4,14.4
400900492,TOR,6477,27.0,16.1,13.8
400900492,TOR,2595516,24.0,10.3,10.1
400900492,TOR,2991230,2.0,0.9,0.6
400900492,TOR,3032980,3.0,-1.1,-1.0
400900492,TOR,3064447,18.0,9.0,5.1
400900492,TOR,3134908,13.0,9.0,9.8
400900492,TOR,3149673,2.0,0.3,-0.7
400900493,DET,2448,13.0,3.4,1.5
400900493,DET,4305,35.0,12.1,9.7
400900493,DET,4376,1.0,0.0,0.0
400900493,DET,6440,34.0,6.0,5.6
400900493,DET,6452,25.0,4.2,4.1
400900493,DET,6462,33.0,9.2,11.3
400900493,DET,6585,25.0,12.7,10.1
400900493,DET,2578259,1.0,0.0,0.0
400900493,DET,2581018,32.0,4.5,3.2
400900493,DET,2968439,22.0,7.8,6.4
400900493,DET,3134881,18.0,0.6,-0.1
400900493,DET,3906522,1.0,-1.0,-1.0
400900493,NYK,1975,35.0,16.3,13.2
400900493,NYK,2421,1.0,-0.7,-0.7
400900493,NYK,3445,33.0,7.7,4.1
400900493,NYK,3456,33.0,26.3,24.1
400900493,NYK,6615,20.0,-2.3,-3.4
400900493,NYK,2284101,14.0,5.3,3.7
400900493,NYK,2566748,1.0,0.0,0.0
400900493,NYK,2580349,15.0,3.3,1.0
400900493,NYK,2580898,1.0,-1.0,-1.0
400900493,NYK,2999409,27.0,14.6,13.5
400900493,NYK,3063982,1.0,0.3,0.0
400900493,NYK,3102531,37.0,23.4,18.9
400900493,NYK,3138120,22.0,3.6,3.4
400900494,CLE,1006,22.0,3.2,3.0
400900494,CLE,1966,30.0,12.7,12.4
400900494,CLE,2009,14.0,3.9,1.7
400900494,CLE,2444,27.0,0.0,-0.7
400900494,CLE,2754,22.0,5.8,3.7
400900494,CLE,2798,18.0,-1.8,-1.4
400900494,CLE,3449,27.0,7.1,4.4
400900494,CLE,6442,26.0,-1.4,-1.5
400900494,CLE,6453,8.0,-1.1,-1.4
400900494,CLE,6474,26.0,10.1,9.1
400900494,CLE,6480,14.0,-0.2,-0.4
400900494,CLE,3062892,7.0,3.0,1.7
400900494,SAS,272,17.0,11.3,10.5
400900494,SAS,996,21.0,10.2,9.1
400900494,SAS,1015,20.0,0.1,0.2
400900494,SAS,2772,15.0,2.5,1.0
400900494,SAS,2983,29.0,13.7,11.5
400900494,SAS,3988,19.0,4.2,-0.8
400900494,SAS,4004,18.0,11.7,11.3
400900494,SAS,6426,11.0,1.6,1.0
400900494,SAS,6450,30.0,21.6,16.9
400900494,SAS,2579466,11.0,1.1,1.6
400900494,SAS,2580913,20.0,9.0,6.5
400900494,SAS,2993874,19.0,5.9,3.1
400900494,SAS,2994526,11.0,-1.8,-2.1
400900495,DAL,609,25.0,2.8,0.9
400900495,DAL,2382,21.0,11.3,7.1
400900495,DAL,3055,29.0,10.8,9.5
400900495,DAL,4032,37.0,10.1,8.7
400900495,DAL,6578,37.0,2.0,1.1
400900495,DAL,2578185,14.0,-0.8,-0.7
400900495,DAL,2968458,17.0,7.4,7.4
400900495,DAL,2991018,32.0,12.3,9.2
400900495,DAL,2991280,28.0,16.1,11.1
400900495,OKC,1978,6.0,0.9,0.0
400900495,OKC,3468,36.0,28.9,23.0
400900495,OKC,3986,24.0,11.4,10.9
400900495,OKC,6447,17.0,-1.4,0.2
400900495,OKC,2527963,37.0,10.2,7.0
400900495,OKC,2528588,13.0,5.3,4.4
400900495,OKC,2530596,36.0,3.7,0.3
400900495,OKC,2983526,20.0,-2.0,-1.8
400900495,OKC,2991070,15.0,4.0,2.3
400900495,OKC,2991235,29.0,8.3,5.2
400900495,OKC,2995702,7.0,-2.6,-2.4
400900496,MEM,136,28.0,4.8,4.3
400900496,MEM,1017,32.0,14.0,11.3
400900496,MEM,2367,19.0,4.8,3.4
400900496,MEM,3195,40.0,13.9,13.7
400900496,MEM,3242,21.0,8.9,7.4
400900496,MEM,2327577,21.0,8.2,8.0
400900496,MEM,2489530,29.0,2.5,2.8
400900496,MEM,2579321,23.0,-0.6,-0.8
400900496,MEM,3064511,27.0,3.3,3.7
400900496,SAC,3276,23.0,7.9,6.8
400900496,SAC,3444,30.0,12.8,10.2
400900496,SAC,3973,37.0,20.0,20.3
400900496,SAC,4000,19.0,5.0,5.1
400900496,SAC,4023,34.0,2.0,-0.1
400900496,SAC,2530572,5.0,0.7,0.7
400900496,SAC,2578213,16.0,-2.1,-1.9
400900496,SAC,2990984,34.0,7.4,6.6
400900496,SAC,2991282,33.0,13.8,11.5
400900496,SAC,3936296,9.0,-0.6,0.3
400900497,NOP,3410,8.0,0.8,0.3
400900497,NOP,3974,39.0,4.2,4.6
400900497,NOP,3995,38.0,15.3,12.7
400900497,NOP,4243,30.0,4.6,5.2
400900497,NOP,6460,24.0,-0.9,-0.0
400900497,NOP,6583,41.0,34.8,25.3
400900497,NOP,2488945,23.0,6.8,4.2
400900497,NOP,2488958,37.0,11.1,9.7
400900497,UTA,1007,31.0,13.5,12.5
400900497,UTA,2167,13.0,5.1,3.1
400900497,UTA,3438,33.0,10.9,10.5
400900497,UTA,6454,3.0,0.3,-0.7
400900497,UTA,2333797,8.0,4.6,4.4
400900497,UTA,2581177,30.0,13.3,12.6
400900497,UTA,2968361,18.0,4.8,5.1
400900497,UTA,2968436,35.0,15.3,13.2
400900497,UTA,3032976,40.0,22.0,15.0
400900497,UTA,3102528,24.0,2.1,2.7
400900497,UTA,3136196,4.0,0.3,0.3
400900498,CHA,2797,32.0,6.3,4.3
400900498,CHA,3190,25.0,6.9,6.1
400900498,CHA,3416,29.0,3.5,2.3
400900498,CHA,6479,33.0,21.1,20.5
400900498,CHA,6601,23.0,10.0,9.0
400900498,CHA,6603,26.0,12.4,11.7
400900498,CHA,6641,9.0,5.3,4.7
400900498,CHA,2579258,29.0,9.1,6.1
400900498,CHA,2579294,28.0,16.4,15.9
400900498,CHA,2595229,7.0,3.9,3.6
400900498,MIL,841,23.0,4.4,4.7
400900498,MIL,3211,11.0,5.2,5.4
400900498,MIL,4260,25.0,12.7,11.4
400900498,MIL,4385,16.0,5.7,4.7
400900498,MIL,6609,35.0,6.4,6.5
400900498,MIL,2489716,19.0,2.8,3.8
400900498,MIL,2528353,31.0,20.4,19.9
400900498,MIL,2566769,29.0,19.0,17.5
400900498,MIL,3032977,39.0,16.4,14.1
400900498,MIL,4017843,12.0,3.8,4.4
400900499,IND,2751,34.0,19.0,16.3
400900499,IND,2778,20.0,1.4,0.9
400900499,IND,3192,10.0,-4.5,-3.7
400900499,IND,3244,32.0,7.5,6.4
400900499,IND,4015,41.0,19.3,19.6
400900499,IND,4251,39.0,34.3,28.9
400900499,IND,6424,16.0,1.0,1.0
400900499,IND,2596110,11.0,1.4,1.2
400900499,IND,3133628,37.0,13.2,11.5
400900499,MIN,3457,19.0,5.7,4.7
400900499,MIN,3554,11.0,0.0,0.0
400900499,MIN,4011,38.0,17.6,18.3
400900499,MIN,2534781,44.0,15.8,14.5
400900499,MIN,2991139,26.0,13.3,7.4
400900499,MIN,2993875,9.0,0.5,0.2
400900499,MIN,3059319,39.0,6.0,5.2
400900499,MIN,3135046,13.0,6.3,4.5
400900499,MIN,3136195,41.0,31.8,27.5
400900500,BKN,3003,14.0,2.2,2.7
400900500,BKN,3448,31.0,26.8,24.4
400900500,BKN,4270,23.0,3.0,2.7
400900500,BKN,4299,30.0,10.3,6.0
400900500,BKN,6576,14.0,-2.2,-2.2
400900500,BKN,6590,5.0,2.6,2.7
400900500,BKN,2488689,12.0,5.3,5.7
400900500,BKN,2566741,19.0,4.8,1.0
400900500,BKN,2580782,18.0,10.9,9.3
400900500,BKN,2991043,26.0,2.2,1.5
400900500,BKN,3064291,24.0,10.2,4.6
400900500,BKN,3136477,26.0,0.6,0.3
400900500,PHI,3233,7.0,3.0,2.4
400900500,PHI,2490620,38.0,20.7,15.9
400900500,PHI,2530530,35.0,9.7,6.2
400900500,PHI,2581180,10.0,-0.7,-1.0
400900500,PHI,2982340,22.0,4.0,1.9
400900500,PHI,2991042,33.0,8.3,7.1
400900500,PHI,2993370,25.0,6.9,6.9
400900500,PHI,3032978,37.0,15.4,13.7
400900500,PHI,3893019,33.0,12.9,10.7
400900501,ATL,1708,18.0,2.5,2.0
400900501,ATL,2384,36.0,17.1,12.2
400900501,ATL,2433,10.0,6.4,6.3
400900501,ATL,2767,33.0,12.0,9.9
400900501,ATL,2806,18.0,3.6,3.7
400900501,ATL,2490089,11.0,2.0,0.7
400900501,ATL,2528210,32.0,-2.7,-2.8
400900501,ATL,2990962,36.0,10.5,8.3
400900501,ATL,3032979,39.0,12.4,11.2
400900501,ATL,3062667,5.0,-1.2,-1.5
400900501,PHX,2807,14.0,4.1,3.4
400900501,PHX,3201,35.0,7.0,2.6
400900501,PHX,2528803,18.0,1.7,1.1
400900501,PHX,2579326,15.0,1.5,0.7
400900501,PHX,2596107,25.0,7.3,3.7
400900501,PHX,2982334,40.0,15.9,13.3
400900501,PHX,3136194,40.0,15.0,13.6
400900501,PHX,3907487,19.0,-1.6,-0.6
400900501,PHX,3936099,34.0,9.2,8.3
400900502,DET,2448,17.0,6.5,5.4
400900502,DET,4305,31.0,15.7,15.2
400900502,DET,6440,30.0,14.4,11.7
400900502,DET,6452,17.0,4.2,2.0
400900502,DET,6462,28.0,0.8,2.3
400900502,DET,6585,34.0,12.8,8.5
400900502,DET,2581018,37.0,13.9,14.2
400900502,DET,2968439,14.0,4.5,3.4
400900502,DET,3134881,33.0,1.1,-0.6
400900502,MIA,3423,34.0,21.7,21.3
400900502,MIA,3981,17.0,-2.2,-2.8
400900502,MIA,3999,33.0,9.5,8.0
400900502,MIA,4250,14.0,6.3,5.8
400900502,MIA,4262,30.0,13.8,12.8
400900502,MIA,2326015,16.0,6.2,5.1
400900502,MIA,2488826,33.0,13.0,10.2
400900502,MIA,2528473,4.0,1.0,0.0
400900502,MIA,2530276,25.0,-3.9,-4.2
400900502,MIA,2581190,33.0,6.3,5.0
400900503,GSW,1765,21.0,-0.4,1.3
400900503,GSW,2016,14.0,1.8,2.8
400900503,GSW,2177,14.0,5.3,3.8
400900503,GSW,2386,31.0,12.2,10.8
400900503,GSW,2393,17.0,8.1,6.9
400900503,GSW,3452,8.0,4.1,3.4
400900503,GSW,3975,33.0,22.5,20.1
400900503,GSW,6475,37.0,17.4,13.7
400900503,GSW,6589,33.0,18.6,15.0
400900503,GSW,2489785,16.0,-0.7,-0.7
400900503,GSW,2594818,4.0,0.3,0.0
400900503,GSW,3137730,12.0,4.4,3.4
400900503,HOU,1713,18.0,3.5,3.9
400900503,HOU,2426,41.0,16.1,9.7
400900503,HOU,2799,32.0,9.0,7.5
400900503,HOU,3431,34.0,4.4,2.9
400900503,HOU,3964,31.0,5.9,5.7
400900503,HOU,3992,38.0,20.2,17.2
400900503,HOU,2991184,15.0,1.6,0.9
400900503,HOU,3102529,30.0,17.6,17.3
400900504,DEN,2439,34.0,19.2,19.9
400900504,DEN,3194,36.0,11.2,9.7
400900504,DEN,3428,32.0,5.1,4.8
400900504,DEN,6433,18.0,10.1,7.2
400900504,DEN,6579,20.0,5.5,5.3
400900504,DEN,2488653,16.0,-1.4,-2.0
400900504,DEN,2999547,37.0,16.3,14.1
400900504,DEN,3112335,36.0,16.0,14.7
400900504,DEN,3936299,11.0,1.8,2.0
400900504,POR,4239,24.0,1.7,1.2
400900504,POR,4248,28.0,15.2,13.0
400900504,POR,6591,14.0,0.4,1.3
400900504,POR,6605,6.0,-0.2,-0.4
400900504,POR,6606,38.0,14.4,10.6
400900504,POR,2490149,40.0,31.0,29.3
400900504,POR,2531210,28.0,-2.0,-3.2
400900504,POR,3078284,29.0,5.9,4.5
400900504,POR,3102530,33.0,32.2,28.4
400900505,LAL,3191,15.0,6.9,6.0
400900505,LAL,2528393,23.0,6.8,6.8
400900505,LAL,2528426,39.0,14.4,14.2
400900505,LAL,2580365,24.0,6.8,4.8
400900505,LAL,3059281,27.0,2.8,2.6
400900505,LAL,3062744,23.0,10.7,5.2
400900505,LAL,3064514,32.0,4.1,2.4
400900505,LAL,3136776,40.0,22.1,20.3
400900505,LAL,4017837,18.0,9.0,7.0
400900505,WAS,2758,22.0,11.9,8.4
400900505,WAS,2774,18.0,8.9,6.5
400900505,WAS,3232,17.0,3.5,2.3
400900505,WAS,3593,16.0,0.4,-0.1
400900505,WAS,3997,12.0,3.6,1.7
400900505,WAS,4237,37.0,32.6,28.9
400900505,WAS,6461,27.0,4.9,4.0
400900505,WAS,6580,35.0,5.9,5.7
400900505,WAS,2594922,30.0,14.0,13.9
400900505,WAS,3133603,26.0,11.9,11.8
400900506,ATL,2384,36.0,23.8,20.3
400900506,ATL,2433,11.0,1.5,0.6
400900506,ATL,2767,32.0,9.9,9.8
400900506,ATL,2806,10.0,0.3,0.0
400900506,ATL,6637,20.0,19.9,17.1
400900506,ATL,2490089,15.0,3.5,0.7
400900506,ATL,2528210,37.0,12.2,12.0
400900506,ATL,2990962,35.0,3.0,0.9
400900506,ATL,3032979,38.0,0.4,0.4
400900506,ATL,3062667,6.0,0.0,0.0
400900506,PHI,3993,22.0,-1.8,-2.1
400900506,PHI,2530530,37.0,11.8,10.0
400900506,PHI,2581180,16.0,8.7,8.8
400900506,PHI,2982340,25.0,6.6,7.1
400900506,PHI,2991042,36.0,9.8,6.4
400900506,PHI,2993370,32.0,22.8,21.4
400900506,PHI,3032978,39.0,8.7,6.2
400900506,PHI,3893019,32.0,3.8,3.0
400900507,OKC,3468,42.0,44.2,39.4
400900507,OKC,3986,24.0,2.1,-1.1
400900507,OKC,6431,4.0,-0.1,-0.7
400900507,OKC,6447,20.0,11.9,9.3
400900507,OKC,2527963,44.0,4.4,2.8
400900507,OKC,2528588,3.0,0.0,0.0
400900507,OKC,2530596,35.0,8.7,6.5
400900507,OKC,2983526,12.0,1.9,1.0
400900507,OKC,2991070,19.0,0.8,-0.8
400900507,OKC,2991235,29.0,7.0,4.2
400900507,OKC,2995702,22.0,3.8,2.6
400900507,OKC,3155942,11.0,2.1,1.9
400900507,ORL,3415,15.0,4.9,3.7
400900507,ORL,4003,14.0,-2.0,-2.1
400900507,ORL,6427,20.0,15.2,13.3
400900507,ORL,6478,33.0,8.7,3.3
400900507,ORL,6588,41.0,12.7,11.4
400900507,ORL,6619,45.0,14.3,13.1
400900507,ORL,2583639,38.0,6.2,6.2
400900507,ORL,2995706,18.0,5.3,3.4
400900507,ORL,3064290,41.0,14.1,8.7
400900508,BOS,2769,21.0,6.0,4.8
400900508,BOS,3213,35.0,12.3,10.9
400900508,BOS,3998,4.0,-0.7,-1.0
400900508,BOS,4240,36.0,10.0,7.0
400900508,BOS,6472,37.0,26.6,23.2
400900508,BOS,6581,37.0,3.3,4.2
400900508,BOS,6631,8.0,5.6,6.1
400900508,BOS,2489663,7.0,-0.7,-0.7
400900508,BOS,2990992,30.0,5.8,4.3
400900508,BOS,3064509,5.0,2.0,2.0
400900508,BOS,3074752,9.0,0.9,-0.4
400900508,BOS,3917376,13.0,1.6,1.3
400900508,MIL,841,24.0,3.9,2.4
400900508,MIL,3211,6.0,4.0,3.4
400900508,MIL,4260,27.0,13.6,10.9
400900508,MIL,4385,22.0,4.5,4.3
400900508,MIL,6609,34.0,14.8,12.2
400900508,MIL,2489716,19.0,4.1,5.8
400900508,MIL,2528353,34.0,-0.9,-0.8
400900508,MIL,2566769,29.0,18.0,16.7
400900508,MIL,3032977,33.0,21.2,15.0
400900508,MIL,4017843,13.0,4.4,3.1
400900509,CHA,2797,35.0,17.0,14.1
400900509,CHA,3190,27.0,19.9,18.2
400900509,CHA,3416,28.0,14.1,12.5
400900509,CHA,6479,35.0,7.5,7.5
400900509,CHA,6601,32.0,1.2,0.5
400900509,CHA,6603,9.0,5.6,5.5
400900509,CHA,6616,15.0,6.3,4.0
400900509,CHA,6641,13.0,8.4,8.8
400900509,CHA,2579258,27.0,-0.8,-0.6
400900509,CHA,2579294,20.0,8.3,8.7
400900509,TOR,3033,23.0,3.2,4.1
400900509,TOR,3439,28.0,5.5,6.2
400900509,TOR,3970,25.0,0.4,-0.4
400900509,TOR,3978,39.0,20.6,19.5
400900509,TOR,4264,22.0,5.1,6.4
400900509,TOR,6446,35.0,19.8,16.0
400900509,TOR,6477,29.0,20.2,14.6
400900509,TOR,2595516,19.0,3.9,2.4
400900509,TOR,3064447,14.0,2.7,3.1
400900509,TOR,3134908,6.0,1.3,1.4
400900510,MIA,3423,34.0,19.5,16.5
400900510,MIA,3981,19.0,4.2,4.3
400900510,MIA,3999,27.0,17.0,12.4
400900510,MIA,4250,16.0,0.7,2.0
400900510,MIA,4262,28.0,9.3,5.7
400900510,MIA,2326015,17.0,3.2,2.3
400900510,MIA,2488826,13.0,0.7,2.7
400900510,MIA,2528473,20.0,6.2,5.8
400900510,MIA,2530276,31.0,9.2,8.0
400900510,MIA,2581190,35.0,15.1,9.1
400900510,NYK,1975,29.0,2.2,0.9
400900510,NYK,2421,3.0,2.6,3.0
400900510,NYK,3445,31.0,8.9,6.0
400900510,NYK,6615,12.0,5.0,3.4
400900510,NYK,2284101,23.0,6.1,5.2
400900510,NYK,2566748,3.0,1.7,1.4
400900510,NYK,2580349,40.0,-1.8,-1.5
400900510,NYK,2580898,21.0,6.8,6.7
400900510,NYK,2999409,23.0,7.8,7.8
400900510,NYK,3063982,5.0,4.0,3.4
400900510,NYK,3102531,36.0,14.6,11.9
400900510,NYK,3138120,14.0,0.9,0.3
400900511,IND,2751,32.0,-0.5,-2.4
400900511,IND,2778,25.0,9.6,8.7
400900511,IND,3192,28.0,9.0,9.3
400900511,IND,3244,33.0,20.1,17.1
400900511,IND,4015,20.0,3.4,3.1
400900511,IND,4251,36.0,15.5,12.7
400900511,IND,4289,3.0,2.0,1.0
400900511,IND,6424,14.0,5.2,4.1
400900511,IND,2528386,3.0,4.3,3.7
400900511,IND,2596110,14.0,-0.3,-0.1
400900511,IND,2990969,3.0,0.3,0.0
400900511,IND,3133628,28.0,4.6,4.0
400900511,MEM,136,33.0,19.8,17.1
400900511,MEM,1017,25.0,11.2,9.5
400900511,MEM,2367,34.0,5.8,5.7
400900511,MEM,3195,38.0,34.2,29.7
400900511,MEM,3242,28.0,10.1,8.7
400900511,MEM,2489530,19.0,0.5,0.2
400900511,MEM,2579321,32.0,4.7,2.7
400900511,MEM,3059316,4.0,-0.7,-0.7
400900511,MEM,3064511,16.0,4.3,5.5
400900511,MEM,3136696,3.0,0.0,0.0
400900511,MEM,3937101,10.0,0.5,-0.7
400900512,DAL,609,31.0,19.4,18.1
400900512,DAL,2382,6.0,-0.5,0.3
400900512,DAL,3055,19.0,11.0,10.4
400900512,DAL,4032,37.0,7.9,7.8
400900512,DAL,6578,34.0,14.4,14.1
400900512,DAL,2326307,34.0,14.6,13.8
400900512,DAL,2531367,15.0,3.5,3.7
400900512,DAL,2578185,14.0,7.6,6.4
400900512,DAL,2579293,3.0,2.0,1.7
400900512,DAL,2991018,24.0,11.5,10.0
400900512,DAL,2991280,23.0,4.6,3.3
400900512,NOP,3974,20.0,13.6,12.4
400900512,NOP,3995,39.0,18.4,15.9
400900512,NOP,4243,27.0,12.6,13.8
400900512,NOP,4258,40.0,26.8,23.1
400900512,NOP,6460,17.0,3.9,2.6
400900512,NOP,6583,36.0,27.5,22.2
400900512,NOP,2488945,24.0,1.5,2.8
400900512,NOP,2488958,36.0,2.6,2.9
400900513,GSW,1765,26.0,2.4,2.8
400900513,GSW,2016,18.0,4.9,5.1
400900513,GSW,2177,22.0,16.0,14.0
400900513,GSW,2386,30.0,14.6,10.8
400900513,GSW,2393,12.0,4.0,4.1
400900513,GSW,3452,12.0,3.7,1.3
400900513,GSW,3975,35.0,24.9,25.0
400900513,GSW,6475,35.0,15.9,15.4
400900513,GSW,6589,34.0,1.2,-1.5
400900513,GSW,2489785,14.0,4.4,4.4
400900513,GSW,2594818,1.0,0.0,0.0
400900513,GSW,3137730,1.0,0.0,0.0
400900513,SAS,272,17.0,4.5,3.0
400900513,SAS,996,26.0,20.7,17.5
400900513,SAS,1015,24.0,-2.2,-3.4
400900513,SAS,2772,16.0,5.6,5.1
400900513,SAS,2983,35.0,15.0,10.4
400900513,SAS,3988,30.0,16.4,14.6
400900513,SAS,4004,23.0,1.0,1.5
400900513,SAS,6426,1.0,0.0,0.0
400900513,SAS,6450,36.0,9.8,7.6
400900513,SAS,2579466,1.0,0.0,0.0
400900513,SAS,2580913,18.0,5.8,2.3
400900513,SAS,2993874,13.0,2.0,1.7
400900513,SAS,2994526,1.0,1.4,1.4
400900514,LAC,165,29.0,6.6,5.3
400900514,LAC,662,8.0,0.1,0.0
400900514,LAC,2753,12.0,0.2,0.0
400900514,LAC,2779,37.0,29.3,28.5
400900514,LAC,3024,33.0,23.0,23.8
400900514,LAC,3442,38.0,24.8,20.1
400900514,LAC,3451,22.0,4.1,3.6
400900514,LAC,3460,10.0,2.1,2.0
400900514,LAC,3989,40.0,26.5,23.0
400900514,LAC,6569,3.0,-0.8,0.0
400900514,LAC,6617,8.0,-1.8,-2.1
400900514,WAS,2758,19.0,7.2,6.2
400900514,WAS,2774,24.0,2.7,4.2
400900514,WAS,3232,26.0,8.5,7.6
400900514,WAS,3593,16.0,0.8,0.6
400900514,WAS,3997,12.0,0.2,0.4
400900514,WAS,4237,39.0,33.6,31.1
400900514,WAS,6461,15.0,10.0,10.4
400900514,WAS,6580,40.0,16.0,17.6
400900514,WAS,2594922,24.0,3.2,2.0
400900514,WAS,3133603,25.0,9.6,8.4
400900515,SAC,3276,15.0,-0.4,-0.7
400900515,SAC,3973,22.0,8.3,6.7
400900515,SAC,3983,25.0,3.0,1.6
400900515,SAC,4000,20.0,8.7,7.8
400900515,SAC,2530572,19.0,-1.1,-1.4
400900515,SAC,2578213,28.0,15.1,15.5
400900515,SAC,2990984,30.0,-1.2,-2.8
400900515,SAC,2991282,29.0,4.6,1.2
400900515,SAC,3936296,33.0,7.4,5.9
400900515,SAC,4017846,20.0,4.4,5.1
400900515,UTA,1007,23.0,7.9,4.7
400900515,UTA,2167,19.0,10.8,9.5
400900515,UTA,4249,33.0,12.6,11.9
400900515,UTA,6429,9.0,0.4,-0.1
400900515,UTA,6454,29.0,12.1,11.1
400900515,UTA,2333797,14.0,7.5,5.8
400900515,UTA,2581177,24.0,17.6,15.8
400900515,UTA,2968436,27.0,14.5,11.2
400900515,UTA,3032976,34.0,17.3,14.4
400900515,UTA,3102528,23.0,-5.1,-4.1
400900515,UTA,3136196,6.0,1.3,1.0
400900516,BKN,3003,15.0,-0.4,-0.3
400900516,BKN,3448,31.0,5.9,3.5
400900516,BKN,4270,18.0,1.2,0.0
400900516,BKN,4299,31.0,8.5,6.4
400900516,BKN,6590,17.0,3.9,4.0
400900516,BKN,2488689,23.0,9.5,9.3
400900516,BKN,2566741,15.0,0.7,0.9
400900516,BKN,2580782,20.0,10.7,9.8
400900516,BKN,2991043,25.0,7.0,4.7
400900516,BKN,3064291,30.0,9.3,7.0
400900516,BKN,3136477,15.0,-1.6,-2.4
400900516,DET,2448,16.0,7.3,5.8
400900516,DET,4305,32.0,17.6,15.5
400900516,DET,6440,25.0,5.7,3.6
400900516,DET,6452,26.0,-1.6,-1.1
400900516,DET,6462,37.0,22.3,17.9
400900516,DET,6585,29.0,6.2,1.3
400900516,DET,2578259,6.0,1.7,1.7
400900516,DET,2581018,37.0,5.1,3.2
400900516,DET,2968439,19.0,5.6,4.7
400900516,DET,3134881,14.0,-3.3,-5.1
400900517,CHI,3026,36.0,12.2,8.5
400900517,CHI,3447,36.0,7.2,3.7
400900517,CHI,6430,38.0,23.0,19.8
400900517,CHI,6459,38.0,23.8,21.2
400900517,CHI,2531047,3.0,1.7,0.7
400900517,CHI,2596108,12.0,1.9,1.0
400900517,CHI,2959753,8.0,2.3,1.0
400900517,CHI,2999549,32.0,7.4,6.2
400900517,CHI,3064482,15.0,8.7,7.8
400900517,CHI,3893023,22.0,-5.2,-4.8
400900517,CLE,1966,39.0,21.5,17.1
400900517,CLE,2444,38.0,10.0,8.1
400900517,CLE,2754,28.0,4.0,2.4
400900517,CLE,2798,17.0,-1.7,-1.7
400900517,CLE,3449,21.0,7.2,6.1
400900517,CLE,6442,38.0,9.3,10.3
400900517,CLE,6468,22.0,1.0,-0.4
400900517,CLE,6474,36.0,11.3,9.4
400900518,LAL,3191,18.0,8.2,8.0
400900518,LAL,6618,14.0,5.2,5.8
400900518,LAL,2528393,23.0,17.9,15.7
400900518,LAL,2528426,40.0,12.7,12.2
400900518,LAL,2580365,28.0,2.3,1.0
400900518,LAL,3059281,19.0,11.0,10.1
400900518,LAL,3062744,30.0,3.3,3.0
400900518,LAL,3064514,29.0,8.3,7.5
400900518,LAL,3136776,38.0,6.2,4.3
400900518,LAL,4017837,2.0,0.6,1.0
400900518,MIN,3457,20.0,2.6,1.9
400900518,MIN,3554,13.0,2.5,2.7
400900518,MIN,4011,38.0,30.9,28.1
400900518,MIN,2534781,42.0,15.7,11.9
400900518,MIN,2991139,30.0,6.5,2.8
400900518,MIN,2993875,10.0,1.0,0.7
400900518,MIN,3059319,40.0,18.6,18.6
400900518,MIN,3135046,6.0,2.0,2.4
400900518,MIN,3136195,41.0,24.4,22.8
400900519,LAC,165,27.0,12.9,12.9
400900519,LAC,662,10.0,2.6,2.4
400900519,LAC,2753,16.0,3.8,4.4
400900519,LAC,2779,35.0,28.8,27.4
400900519,LAC,3024,30.0,4.5,6.2
400900519,LAC,3442,35.0,10.6,6.4
400900519,LAC,3451,32.0,5.6,4.3
400900519,LAC,3460,13.0,3.8,3.1
400900519,LAC,3989,38.0,22.6,20.1
400900519,LAC,6569,4.0,-0.7,-0.7
400900519,PHX,2807,10.0,-2.6,-2.8
400900519,PHX,3201,25.0,2.8,3.0
400900519,PHX,2579326,19.0,4.3,3.2
400900519,PHX,2596107,18.0,8.8,8.7
400900519,PHX,2982334,38.0,7.8,5.1
400900519,PHX,3136193,37.0,24.1,24.9
400900519,PHX,3136194,40.0,16.9,15.8
400900519,PHX,3907487,34.0,13.1,12.6
400900519,PHX,3936099,19.0,11.1,10.2
400900520,HOU,1713,23.0,13.5,12.7
400900520,HOU,2426,37.0,18.6,12.2
400900520,HOU,2799,29.0,5.2,3.7
400900520,HOU,3431,36.0,2.7,4.3
400900520,HOU,3964,33.0,7.3,7.8
400900520,HOU,3992,37.0,13.2,11.2
400900520,HOU,2991184,20.0,3.2,2.4
400900520,HOU,3102529,25.0,9.5,7.1
400900520,POR,4239,19.0,2.2,1.1
400900520,POR,4248,31.0,14.0,10.0
400900520,POR,6591,32.0,18.6,13.9
400900520,POR,6605,10.0,2.6,1.0
400900520,POR,6606,38.0,29.9,27.1
400900520,POR,2490149,32.0,3.7,4.2
400900520,POR,2531210,32.0,16.9,13.5
400900520,POR,3078284,15.0,1.4,2.0
400900520,POR,3102530,32.0,13.0,9.3
400900521,IND,2751,33.0,-0.3,-3.1
400900521,IND,2778,27.0,8.7,7.9
400900521,IND,3192,15.0,6.8,7.4
400900521,IND,3244,28.0,8.9,8.1
400900521,IND,4015,34.0,17.4,16.4
400900521,IND,4251,39.0,17.8,15.3
400900521,IND,6424,16.0,0.4,0.1
400900521,IND,2596110,8.0,-0.5,0.7
400900521,IND,3133628,39.0,11.8,7.8
400900521,TOR,3033,27.0,4.5,4.0
400900521,TOR,3439,30.0,16.6,14.3
400900521,TOR,3970,22.0,9.3,9.8
400900521,TOR,3978,38.0,28.1,25.4
400900521,TOR,4264,21.0,0.9,-1.1
400900521,TOR,6446,29.0,5.3,4.9
400900521,TOR,6477,28.0,17.5,12.0
400900521,TOR,2595516,10.0,-3.8,-3.8
400900521,TOR,3064447,21.0,12.9,12.9
400900521,TOR,3134908,14.0,-2.0,-1.5
400900522,CHA,2797,30.0,14.1,6.7
400900522,CHA,3190,19.0,5.5,6.3
400900522,CHA,3416,34.0,10.4,8.4
400900522,CHA,6479,41.0,24.6,23.0
400900522,CHA,6601,29.0,15.6,11.5
400900522,CHA,6603,15.0,11.9,9.8
400900522,CHA,6616,7.0,5.0,4.4
400900522,CHA,2579258,31.0,11.2,7.8
400900522,CHA,2579294,27.0,16.8,16.4
400900522,CHA,2595229,7.0,0.7,0.7
400900522,DEN,2439,26.0,12.4,12.3
400900522,DEN,3194,20.0,-0.6,-0.5
400900522,DEN,3428,34.0,15.6,14.8
400900522,DEN,6433,32.0,14.7,10.8
400900522,DEN,2488653,12.0,0.8,1.4
400900522,DEN,2999547,41.0,14.4,14.5
400900522,DEN,3112335,37.0,27.3,25.9
400900522,DEN,3936299,29.0,5.8,4.0
400900522,DEN,4017839,9.0,2.6,1.0
400900523,CLE,1966,30.0,27.9,26.6
400900523,CLE,2009,3.0,0.0,0.0
400900523,CLE,2444,26.0,13.3,11.1
400900523,CLE,2754,16.0,7.7,7.4
400900523,CLE,2798,17.0,4.5,5.8
400900523,CLE,3449,30.0,14.9,10.0
400900523,CLE,6442,31.0,24.0,22.5
400900523,CLE,6453,18.0,3.0,-0.1
400900523,CLE,6468,26.0,2.5,1.7
400900523,CLE,6474,29.0,9.3,7.8
400900523,CLE,6480,11.0,2.9,2.7
400900523,CLE,3062892,3.0,0.0,-0.7
400900523,PHI,3233,8.0,3.5,3.3
400900523,PHI,3993,19.0,6.2,5.4
400900523,PHI,2530530,28.0,10.9,9.2
400900523,PHI,2581180,22.0,13.5,11.9
400900523,PHI,2982340,31.0,11.5,10.2
400900523,PHI,2991042,28.0,6.8,5.8
400900523,PHI,2993370,36.0,16.1,12.8
400900523,PHI,3032978,26.0,-1.2,-0.8
400900523,PHI,3893019,43.0,10.9,9.9
400900524,BOS,2761,9.0,4.0,4.4
400900524,BOS,2769,19.0,9.9,6.4
400900524,BOS,3213,36.0,9.2,6.5
400900524,BOS,3998,18.0,3.6,2.0
400900524,BOS,6472,36.0,26.6,24.7
400900524,BOS,6581,34.0,15.0,11.9
400900524,BOS,2489663,16.0,8.1,8.1
400900524,BOS,2990992,31.0,7.6,6.4
400900524,BOS,3074752,19.0,7.5,6.1
400900524,BOS,3917376,23.0,5.6,6.3
400900524,ORL,3277,14.0,0.2,0.0
400900524,ORL,4003,18.0,9.3,7.3
400900524,ORL,6427,21.0,9.3,8.8
400900524,ORL,6478,27.0,5.0,4.0
400900524,ORL,6588,35.0,15.2,14.4
400900524,ORL,6619,38.0,8.6,6.6
400900524,ORL,2583639,34.0,17.3,14.1
400900524,ORL,2995706,17.0,2.6,2.7
400900524,ORL,3064290,36.0,28.3,23.4
400900525,DET,2448,21.0,18.3,16.4
400900525,DET,4305,32.0,5.5,6.3
400900525,DET,6440,35.0,21.8,20.4
400900525,DET,6452,31.0,5.5,4.9
400900525,DET,6462,36.0,4.8,5.6
400900525,DET,6585,31.0,8.3,3.6
400900525,DET,2581018,38.0,11.7,8.3
400900525,DET,2968439,22.0,3.1,3.1
400900525,DET,3134881,18.0,0.2,-1.7
400900525,MIL,841,22.0,-2.1,-2.4
400900525,MIL,3211,6.0,5.6,4.0
400900525,MIL,3418,7.0,8.0,6.8
400900525,MIL,4260,22.0,1.4,0.3
400900525,MIL,4385,9.0,0.9,1.3
400900525,MIL,6609,43.0,18.4,15.8
400900525,MIL,2489716,35.0,4.8,5.1
400900525,MIL,2528353,35.0,-0.5,-1.5
400900525,MIL,3032977,45.0,25.3,20.5
400900525,MIL,3137733,17.0,3.1,3.3
400900525,MIL,4017843,25.0,18.7,17.8
400900526,DAL,609,30.0,4.8,2.0
400900526,DAL,2382,26.0,9.0,8.0
400900526,DAL,3055,23.0,7.8,8.6
400900526,DAL,4032,35.0,12.1,10.9
400900526,DAL,6578,38.0,6.1,4.0
400900526,DAL,2326307,14.0,9.8,9.7
400900526,DAL,2578185,13.0,0.2,-0.7
400900526,DAL,2968458,12.0,6.7,7.0
400900526,DAL,2991018,17.0,1.6,0.3
400900526,DAL,2991280,24.0,8.1,5.0
400900526,DAL,3929314,8.0,-2.1,-1.7
400900526,MEM,136,32.0,2.7,-0.3
400900526,MEM,1017,32.0,19.7,16.9
400900526,MEM,2367,27.0,0.9,0.6
400900526,MEM,3195,34.0,23.5,21.5
400900526,MEM,3242,23.0,7.3,5.4
400900526,MEM,2489530,34.0,16.0,15.1
400900526,MEM,2579321,33.0,5.6,5.0
400900526,MEM,3059316,2.0,-1.0,-1.0
400900526,MEM,3136696,14.0,1.9,2.8
400900526,MEM,3937101,9.0,1.5,2.4
400900527,NOP,3974,21.0,13.6,9.5
400900527,NOP,3995,32.0,4.6,0.1
400900527,NOP,4243,25.0,9.3,8.7
400900527,NOP,4258,35.0,30.1,25.1
400900527,NOP,6460,24.0,14.3,11.4
400900527,NOP,6464,3.0,-1.7,-1.7
400900527,NOP,6583,34.0,19.3,12.5
400900527,NOP,2488945,31.0,11.8,8.2
400900527,NOP,2488958,30.0,7.0,4.4
400900527,NOP,2566745,3.0,4.0,4.4
400900527,NOP,3919335,3.0,-0.7,-0.7
400900527,SAC,3973,27.0,3.0,0.7
400900527,SAC,3983,19.0,8.9,7.3
400900527,SAC,4023,28.0,3.1,0.6
400900527,SAC,2530572,21.0,-1.5,-2.5
400900527,SAC,2578213,25.0,8.0,6.7
400900527,SAC,2990984,25.0,11.7,8.6
400900527,SAC,2991282,34.0,10.3,6.8
400900527,SAC,3936296,36.0,2.4,2.4
400900527,SAC,4017846,25.0,10.7,10.2
400900528,MIA,3423,35.0,12.3,13.0
400900528,MIA,3981,22.0,2.8,2.2
400900528,MIA,3999,27.0,7.7,3.9
400900528,MIA,4250,16.0,1.6,1.6
400900528,MIA,4262,34.0,15.9,12.8
400900528,MIA,2326015,14.0,-1.5,-1.4
400900528,MIA,2488826,31.0,9.2,8.8
400900528,MIA,2528473,5.0,1.0,0.7
400900528,MIA,2530276,27.0,10.5,10.3
400900528,MIA,2581190,29.0,3.8,1.4
400900528,NYK,2421,36.0,7.5,6.8
400900528,NYK,3445,35.0,13.8,9.6
400900528,NYK,6615,19.0,9.0,7.5
400900528,NYK,2284101,25.0,9.3,6.8
400900528,NYK,2580349,38.0,11.3,9.9
400900528,NYK,2580898,10.0,5.9,4.4
400900528,NYK,2999409,29.0,9.6,8.0
400900528,NYK,3063982,12.0,0.2,0.0
400900528,NYK,3102531,36.0,13.9,12.9
400900529,UTA,1007,28.0,0.7,-1.8
400900529,UTA,2167,20.0,1.5,1.1
400900529,UTA,4249,40.0,16.0,11.6
400900529,UTA,6454,26.0,10.5,10.0
400900529,UTA,2333797,10.0,8.3,7.7
400900529,UTA,2581177,22.0,7.6,6.7
400900529,UTA,2968436,31.0,10.8,6.3
400900529,UTA,3032976,38.0,15.1,11.8
400900529,UTA,3102528,25.0,8.6,8.5
400900529,WAS,2758,27.0,9.0,6.6
400900529,WAS,2774,18.0,2.0,1.3
400900529,WAS,3232,4.0,-0.8,-1.7
400900529,WAS,3593,20.0,8.5,8.1
400900529,WAS,3997,14.0,0.6,1.1
400900529,WAS,4237,38.0,6.3,4.8
400900529,WAS,6461,34.0,0.0,0.1
400900529,WAS,6580,39.0,13.5,12.7
400900529,WAS,2594922,24.0,5.1,4.7
400900529,WAS,3133603,23.0,8.7,6.4
400900530,OKC,3468,37.0,24.7,21.2
400900530,OKC,6447,29.0,4.7,3.9
400900530,OKC,2527963,33.0,6.4,6.0
400900530,OKC,2528588,8.0,2.3,1.7
400900530,OKC,2530596,32.0,7.6,4.4
400900530,OKC,2983526,13.0,1.0,-0.3
400900530,OKC,2991070,7.0,1.2,2.0
400900530,OKC,2991235,35.0,10.7,10.5
400900530,OKC,2995702,14.0,2.0,2.0
400900530,OKC,3155942,33.0,5.7,4.3
400900530,SAS,272,27.0,9.2,8.5
400900530,SAS,996,28.0,15.2,14.1
400900530,SAS,1015,23.0,-1.0,-0.5
400900530,SAS,2772,21.0,9.4,7.3
400900530,SAS,2983,37.0,10.9,8.3
400900530,SAS,3988,18.0,-0.5,-2.8
400900530,SAS,4004,25.0,7.1,7.0
400900530,SAS,6450,38.0,24.0,18.6
400900530,SAS,2579466,4.0,0.0,0.0
400900530,SAS,2580913,10.0,0.9,-0.4
400900530,SAS,2993874,10.0,3.2,3.4
400900531,GSW,1765,26.0,9.0,6.1
400900531,GSW,2016,12.0,0.2,0.3
400900531,GSW,2177,13.0,1.8,1.4
400900531,GSW,2386,28.0,16.7,12.2
400900531,GSW,2393,21.0,6.5,6.4
400900531,GSW,3452,11.0,12.7,9.7
400900531,GSW,3975,35.0,19.4,17.8
400900531,GSW,6475,36.0,15.3,11.7
400900531,GSW,6589,35.0,6.6,2.4
400900531,GSW,2489785,16.0,3.6,3.0
400900531,GSW,2594818,6.0,3.1,3.1
400900531,HOU,2426,37.0,6.7,4.5
400900531,HOU,2799,34.0,14.3,12.1
400900531,HOU,3431,38.0,8.7,7.3
400900531,HOU,3964,30.0,7.5,7.0
400900531,HOU,3992,35.0,11.0,9.1
400900531,HOU,2991055,22.0,8.8,8.0
400900531,HOU,2991184,19.0,8.0,7.1
400900531,HOU,3102529,26.0,6.8,4.4
400900532,BKN,3003,19.0,11.8,9.7
400900532,BKN,3448,23.0,16.7,13.8
400900532,BKN,4270,18.0,7.2,6.1
400900532,BKN,4299,23.0,13.2,10.9
400900532,BKN,6576,13.0,0.8,0.3
400900532,BKN,6590,12.0,6.6,7.4
400900532,BKN,6614,9.0,0.1,1.7
400900532,BKN,2488689,12.0,14.1,12.2
400900532,BKN,2566741,23.0,9.5,9.0
400900532,BKN,2580782,25.0,16.6,14.0
400900532,BKN,2991043,19.0,10.1,7.6
400900532,BKN,2991281,22.0,13.8,12.2
400900532,BKN,3064291,21.0,10.3,10.1
400900532,PHI,3233,8.0,5.3,5.7
400900532,PHI,3993,18.0,3.7,3.5
400900532,PHI,2530530,34.0,12.8,10.5
400900532,PHI,2581180,17.0,15.3,16.6
400900532,PHI,2982340,30.0,11.0,11.1
400900532,PHI,2991042,24.0,-2.5,-1.7
400900532,PHI,2991283,28.0,9.4,9.4
400900532,PHI,2993370,24.0,16.4,12.6
400900532,PHI,3032978,19.0,6.2,5.0
400900532,PHI,3893019,38.0,15.7,13.0
400900533,CHA,2797,29.0,-0.9,-1.8
400900533,CHA,3190,25.0,12.3,10.8
400900533,CHA,3416,32.0,11.3,10.0
400900533,CHA,6479,37.0,28.1,25.1
400900533,CHA,6601,26.0,6.3,6.8
400900533,CHA,6603,12.0,8.1,7.0
400900533,CHA,6616,8.0,-1.2,0.4
400900533,CHA,6641,11.0,0.6,0.3
400900533,CHA,2579258,32.0,12.3,9.9
400900533,CHA,2579294,27.0,7.3,7.0
400900533,WAS,2758,25.0,10.4,7.5
400900533,WAS,2774,23.0,-0.1,0.3
400900533,WAS,3232,24.0,13.5,12.1
400900533,WAS,3593,12.0,3.7,3.4
400900533,WAS,3997,14.0,3.7,3.4
400900533,WAS,4237,35.0,23.8,18.7
400900533,WAS,6461,22.0,10.7,10.1
400900533,WAS,6580,35.0,16.3,13.4
400900533,WAS,2594922,25.0,8.6,7.4
400900533,WAS,3133603,25.0,11.7,12.1
400900534,CLE,1006,15.0,1.6,2.2
400900534,CLE,1966,37.0,17.5,12.6
400900534,CLE,2011,12.0,8.4,8.1
400900534,CLE,2444,31.0,16.3,15.2
400900534,CLE,2754,10.0,2.1,-1.4
400900534,CLE,2798,20.0,5.6,5.7
400900534,CLE,3449,28.0,25.0,20.4
400900534,CLE,6442,30.0,24.5,23.8
400900534,CLE,6453,4.0,-0.8,-0.7
400900534,CLE,6468,19.0,5.3,5.1
400900534,CLE,6474,28.0,2.2,1.7
400900534,CLE,6480,4.0,0.0,0.0
400900534,ORL,3277,25.0,8.3,9.6
400900534,ORL,4003,21.0,10.8,7.7
400900534,ORL,6427,19.0,5.5,4.4
400900534,ORL,6478,24.0,5.6,2.0
400900534,ORL,6588,29.0,14.3,13.9
400900534,ORL,6619,33.0,7.2,5.3
400900534,ORL,2309097,4.0,0.6,1.0
400900534,ORL,2583639,23.0,12.9,12.3
400900534,ORL,2982261,4.0,-0.4,-0.7
400900534,ORL,2982506,4.0,0.0,0.0
400900534,ORL,2995706,22.0,9.2,7.3
400900534,ORL,3064290,32.0,1.7,1.6
400900535,IND,2751,23.0,9.5,5.7
400900535,IND,2778,16.0,1.1,0.3
400900535,IND,3192,12.0,2.5,3.4
400900535,IND,3244,33.0,14.0,10.5
400900535,IND,4015,36.0,16.3,16.1
400900535,IND,4244,25.0,8.9,8.1
400900535,IND,4251,40.0,26.4,22.8
400900535,IND,4289,9.0,1.6,1.4
400900535,IND,6424,10.0,-0.8,-1.7
400900535,IND,3133628,36.0,1.9,1.9
400900535,TOR,3033,26.0,5.0,4.7
400900535,TOR,3439,31.0,-1.1,-2.9
400900535,TOR,3970,27.0,7.2,6.7
400900535,TOR,3978,40.0,18.0,15.6
400900535,TOR,4264,20.0,-1.2,-1.1
400900535,TOR,6446,32.0,7.2,5.5
400900535,TOR,6477,28.0,10.7,8.5
400900535,TOR,2595516,8.0,-2.1,-2.4
400900535,TOR,3064447,17.0,7.5,6.5
400900535,TOR,3134908,12.0,10.4,7.4
400900536,DEN,3194,25.0,13.6,14.1
400900536,DEN,3428,42.0,24.3,23.5
400900536,DEN,6433,10.0,0.8,0.7
400900536,DEN,2488653,27.0,12.9,11.6
400900536,DEN,2999547,41.0,23.1,20.8
400900536,DEN,3112335,34.0,18.2,16.6
400900536,DEN,3892818,29.0,8.8,9.6
400900536,DEN,3936299,33.0,10.9,8.8
400900536,NOP,3410,4.0,0.3,0.0
400900536,NOP,3974,19.0,2.7,2.7
400900536,NOP,3995,39.0,20.3,17.4
400900536,NOP,4243,17.0,2.2,3.0
400900536,NOP,4258,36.0,28.0,26.0
400900536,NOP,6460,28.0,12.0,10.8
400900536,NOP,6583,41.0,31.4,27.9
400900536,NOP,2488945,16.0,5.0,3.1
400900536,NOP,2488958,41.0,11.4,10.7
400900537,MIL,841,13.0,0.0,0.0
400900537,MIL,3211,19.0,8.0,8.0
400900537,MIL,3418,12.0,11.7,11.1
400900537,MIL,4260,16.0,3.9,4.5
400900537,MIL,4385,24.0,-0.0,-0.5
400900537,MIL,6609,24.0,4.5,3.3
400900537,MIL,2489716,17.0,2.2,1.7
400900537,MIL,2528353,24.0,3.1,0.3
400900537,MIL,3032977,24.0,8.7,5.6
400900537,MIL,3134903,30.0,3.8,0.9
400900537,MIL,3137733,12.0,2.2,1.2
400900537,MIL,4017843,24.0,3.1,1.8
400900537,OKC,1978,10.0,-1.3,-1.4
400900537,OKC,3468,27.0,17.6,13.4
400900537,OKC,3986,20.0,11.7,9.1
400900537,OKC,6431,9.0,0.8,1.3
400900537,OKC,6447,15.0,15.9,13.2
400900537,OKC,2527963,25.0,5.5,4.3
400900537,OKC,2528588,22.0,6.3,5.3
400900537,OKC,2530596,28.0,7.6,2.4
400900537,OKC,2983526,21.0,11.7,9.2
400900537,OKC,2991070,12.0,-1.0,0.3
400900537,OKC,2991235,24.0,7.3,7.8
400900537,OKC,2995702,12.0,8.7,8.4
400900537,OKC,3155942,16.0,8.3,7.3
400900538,CHI,3026,25.0,8.8,7.3
400900538,CHI,3447,33.0,8.1,5.4
400900538,CHI,3474,19.0,13.6,12.0
400900538,CHI,6430,40.0,18.1,16.7
400900538,CHI,6459,36.0,15.0,13.7
400900538,CHI,2531047,7.0,-0.1,-0.3
400900538,CHI,2596108,14.0,-0.4,-1.7
400900538,CHI,2959753,10.0,1.2,-0.3
400900538,CHI,2999549,23.0,0.7,-0.8
400900538,CHI,3064482,17.0,3.9,4.4
400900538,CHI,3893023,17.0,-4.0,-3.8
400900538,NYK,1975,37.0,8.3,7.8
400900538,NYK,2421,5.0,-0.4,0.0
400900538,NYK,3445,33.0,8.1,9.5
400900538,NYK,6615,27.0,15.5,10.4
400900538,NYK,2284101,21.0,11.7,10.5
400900538,NYK,2580349,37.0,6.9,5.5
400900538,NYK,2580898,6.0,1.2,0.6
400900538,NYK,2999409,21.0,5.7,5.8
400900538,NYK,3063982,33.0,14.0,9.7
400900538,NYK,3138120,19.0,8.7,7.7
400900539,MEM,136,27.0,6.0,5.8
400900539,MEM,1017,35.0,14.7,9.5
400900539,MEM,3195,33.0,10.9,9.5
400900539,MEM,3206,30.0,11.0,9.6
400900539,MEM,3242,27.0,4.5,3.7
400900539,MEM,2327577,14.0,0.1,0.3
400900539,MEM,2489530,30.0,7.1,6.7
400900539,MEM,2579321,26.0,4.7,2.7
400900539,MEM,3059316,24.0,5.8,3.1
400900539,MEM,3136696,20.0,-1.5,-1.4
400900539,SAS,272,6.0,-2.1,-2.4
400900539,SAS,996,31.0,14.2,11.6
400900539,SAS,1015,31.0,9.4,7.5
400900539,SAS,2772,17.0,-1.5,-1.0
400900539,SAS,2983,41.0,11.3,7.9
400900539,SAS,4004,25.0,8.6,5.7
400900539,SAS,6450,40.0,24.9,20.6
400900539,SAS,2579466,27.0,4.6,4.5
400900539,SAS,2580913,16.0,4.5,4.4
400900539,SAS,2993874,17.0,-0.9,-1.4
400900539,SAS,2994526,13.0,0.0,0.0
400900540,GSW,1765,26.0,14.2,12.6
400900540,GSW,2016,19.0,5.8,4.4
400900540,GSW,2177,15.0,9.9,8.3
400900540,GSW,2386,23.0,10.3,10.9
400900540,GSW,2393,19.0,4.5,4.4
400900540,GSW,3452,8.0,6.0,5.8
400900540,GSW,3975,30.0,16.2,11.7
400900540,GSW,6475,33.0,32.6,30.1
400900540,GSW,6589,28.0,5.7,4.1
400900540,GSW,2489785,18.0,1.8,0.6
400900540,GSW,2594818,7.0,-0.9,-1.5
400900540,GSW,3137730,9.0,1.6,0.7
400900540,GSW,3155535,4.0,1.7,1.4
400900540,MIN,3457,16.0,-0.5,-0.7
400900540,MIN,3554,14.0,5.7,5.5
400900540,MIN,3994,6.0,0.7,0.7
400900540,MIN,4011,30.0,9.1,8.4
400900540,MIN,4267,6.0,0.3,0.3
400900540,MIN,2531100,14.0,6.1,4.0
400900540,MIN,2534781,28.0,9.6,7.5
400900540,MIN,2991139,20.0,-3.8,-4.1
400900540,MIN,2993875,32.0,20.6,20.1
400900540,MIN,3059319,30.0,14.0,10.9
400900540,MIN,3135046,16.0,-0.9,-0.7
400900540,MIN,3136195,28.0,21.8,18.0
400900541,DAL,2382,15.0,5.3,6.1
400900541,DAL,3055,15.0,7.3,6.1
400900541,DAL,6578,28.0,6.9,6.3
400900541,DAL,2531367,34.0,5.2,3.2
400900541,DAL,2578185,23.0,6.3,2.3
400900541,DAL,2579293,21.0,0.5,-0.4
400900541,DAL,2991018,25.0,2.7,2.4
400900541,DAL,2991178,26.0,7.7,4.7
400900541,DAL,2991280,21.0,14.2,8.8
400900541,DAL,3929314,33.0,10.2,7.4
400900541,SAC,3983,28.0,5.2,3.7
400900541,SAC,4023,22.0,4.5,-0.3
400900541,SAC,2530572,37.0,8.8,7.0
400900541,SAC,2578213,26.0,17.2,14.7
400900541,SAC,2990984,30.0,9.9,9.0
400900541,SAC,2991282,34.0,15.3,9.5
400900541,SAC,3936296,34.0,9.8,7.1
400900541,SAC,4017846,28.0,5.8,5.4
400900542,POR,4239,23.0,3.7,1.3
400900542,POR,4248,31.0,9.5,6.7
400900542,POR,6591,26.0,2.2,0.3
400900542,POR,6605,24.0,9.0,7.8
400900542,POR,6606,34.0,5.5,5.7
400900542,POR,2490149,34.0,14.5,14.8
400900542,POR,2530780,13.0,2.8,2.3
400900542,POR,2531210,26.0,8.6,5.0
400900542,POR,2578239,4.0,1.7,1.4
400900542,POR,2982268,4.0,2.3,2.7
400900542,POR,3078284,21.0,-3.5,-1.8
400900542,UTA,1007,25.0,8.1,7.3
400900542,UTA,2167,20.0,1.5,-0.6
400900542,UTA,4249,35.0,23.1,21.2
400900542,UTA,6429,22.0,2.4,0.3
400900542,UTA,6454,26.0,7.6,8.5
400900542,UTA,2333797,13.0,12.2,10.6
400900542,UTA,2968436,34.0,-1.3,-2.3
400900542,UTA,2983551,3.0,3.3,3.3
400900542,UTA,3032976,35.0,24.0,19.5
400900542,UTA,3102528,25.0,6.7,6.0
400900542,UTA,3136196,3.0,0.0,0.0
400900543,CHA,2797,36.0,15.5,12.5
400900543,CHA,3190,8.0,-0.4,-0.7
400900543,CHA,3416,36.0,23.4,21.2
400900543,CHA,6479,34.0,7.6,8.2
400900543,CHA,6601,28.0,8.1,5.4
400900543,CHA,6603,23.0,5.8,4.0
400900543,CHA,6616,8.0,-0.1,0.0
400900543,CHA,6641,14.0,5.0,4.4
400900543,CHA,2579258,30.0,4.0,3.3
400900543,CHA,2579294,22.0,8.9,9.0
400900543,MIA,3423,33.0,27.2,25.3
400900543,MIA,3981,13.0,2.5,2.7
400900543,MIA,3999,32.0,24.9,21.7
400900543,MIA,4262,31.0,17.2,10.5
400900543,MIA,2326015,15.0,0.2,-0.7
400900543,MIA,2488826,33.0,-1.7,-1.8
400900543,MIA,2528473,17.0,2.6,2.7
400900543,MIA,2530276,29.0,9.6,9.3
400900543,MIA,2581190,36.0,14.7,14.1
400900544,DET,2448,18.0,9.4,8.9
400900544,DET,4305,30.0,14.0,13.6
400900544,DET,6440,34.0,8.8,8.3
400900544,DET,6452,14.0,5.3,4.8
400900544,DET,6462,19.0,9.1,10.4
400900544,DET,6585,29.0,8.9,7.4
400900544,DET,2528779,23.0,6.0,5.1
400900544,DET,2578259,8.0,5.9,4.4
400900544,DET,2581018,17.0,-0.1,-2.4
400900544,DET,2968439,19.0,9.9,9.6
400900544,DET,3134881,29.0,1.2,-1.0
400900544,TOR,3012,42.0,27.1,24.4
400900544,TOR,3033,28.0,9.6,7.1
400900544,TOR,3439,32.0,3.7,1.2
400900544,TOR,3970,13.0,-0.5,-1.1
400900544,TOR,3978,34.0,6.5,6.4
400900544,TOR,4264,16.0,8.7,7.8
400900544,TOR,6446,27.0,9.5,7.0
400900544,TOR,6477,27.0,15.6,16.3
400900544,TOR,3064447,9.0,3.7,2.8
400900544,TOR,3134908,13.0,1.5,2.0
400900545,MEM,136,25.0,3.6,5.3
400900545,MEM,1017,26.0,13.9,11.3
400900545,MEM,2367,28.0,14.3,12.7
400900545,MEM,3206,33.0,19.6,14.5
400900545,MEM,3242,18.0,4.7,3.1
400900545,MEM,2327577,19.0,-0.3,-0.8
400900545,MEM,2489530,14.0,5.6,4.7
400900545,MEM,2579321,7.0,0.3,0.0
400900545,MEM,3059316,23.0,5.2,4.7
400900545,MEM,3064511,37.0,8.9,8.7
400900545,MEM,3136696,11.0,2.0,1.0
400900545,OKC,1978,6.0,0.3,0.0
400900545,OKC,3468,38.0,37.0,31.9
400900545,OKC,3986,26.0,5.1,3.7
400900545,OKC,6447,21.0,4.1,4.0
400900545,OKC,2527963,39.0,12.8,10.4
400900545,OKC,2528588,32.0,6.6,5.2
400900545,OKC,2530596,13.0,0.4,0.9
400900545,OKC,2983526,23.0,2.2,2.0
400900545,OKC,2991235,33.0,4.0,2.6
400900545,OKC,3155942,10.0,3.6,3.7
400900546,DEN,2439,32.0,2.4,3.4
400900546,DEN,3194,34.0,2.9,4.4
400900546,DEN,3428,38.0,16.2,15.1
400900546,DEN,6433,13.0,8.0,8.1
400900546,DEN,2488653,14.0,5.1,2.4
400900546,DEN,2999547,30.0,11.8,11.4
400900546,DEN,3112335,34.0,18.2,8.9
400900546,DEN,3892818,16.0,5.8,4.4
400900546,DEN,3936299,26.0,6.9,3.6
400900546,DEN,4017839,3.0,-0.7,-0.7
400900546,HOU,1713,24.0,14.6,12.8
400900546,HOU,2426,38.0,10.9,8.4
400900546,HOU,2799,30.0,2.9,1.5
400900546,HOU,3431,38.0,4.6,3.0
400900546,HOU,3964,33.0,6.3,3.6
400900546,HOU,3992,39.0,26.3,22.3
400900546,HOU,3078286,15.0,0.3,0.3
400900546,HOU,3102529,24.0,12.8,12.2
400900547,BOS,2761,10.0,0.9,0.2
400900547,BOS,2769,14.0,9.0,8.2
400900547,BOS,3213,28.0,10.8,10.2
400900547,BOS,3998,14.0,2.2,1.3
400900547,BOS,4240,34.0,0.8,-0.9
400900547,BOS,6472,33.0,17.6,16.1
400900547,BOS,6581,29.0,9.1,9.4
400900547,BOS,2489663,16.0,7.4,7.7
400900547,BOS,2990992,25.0,0.4,0.2
400900547,BOS,3064509,5.0,1.0,0.0
400900547,BOS,3064520,5.0,2.2,-0.1
400900547,BOS,3074752,9.0,2.5,2.9
400900547,BOS,3917376,19.0,-1.9,-3.8
400900547,CLE,1006,10.0,7.1,6.1
400900547,CLE,1966,39.0,32.4,28.8
400900547,CLE,2009,4.0,2.3,1.7
400900547,CLE,2011,19.0,4.8,5.4
400900547,CLE,2444,31.0,9.6,7.7
400900547,CLE,2754,17.0,10.4,8.1
400900547,CLE,2798,16.0,0.2,-1.0
400900547,CLE,3449,32.0,12.4,10.7
400900547,CLE,4265,4.0,-0.1,0.0
400900547,CLE,6442,32.0,13.7,12.3
400900547,CLE,6453,4.0,-1.8,-1.0
400900547,CLE,6468,28.0,0.3,1.0
400900547,CLE,6480,4.0,-1.0,-1.0
400900548,LAL,25,17.0,0.2,0.3
400900548,LAL,3191,21.0,4.3,2.4
400900548,LAL,6618,19.0,3.9,1.6
400900548,LAL,2528393,27.0,7.1,4.4
400900548,LAL,2528426,28.0,5.7,5.0
400900548,LAL,2580365,21.0,17.0,12.5
400900548,LAL,3059281,39.0,16.8,15.6
400900548,LAL,3062744,29.0,8.9,6.7
400900548,LAL,3064514,29.0,7.0,5.4
400900548,LAL,3913176,10.0,10.2,9.2
400900548,SAS,996,18.0,6.3,3.2
400900548,SAS,1015,16.0,10.8,9.5
400900548,SAS,2772,26.0,10.4,8.3
400900548,SAS,2983,16.0,8.3,4.7
400900548,SAS,4004,18.0,3.0,3.0
400900548,SAS,6426,23.0,7.2,7.0
400900548,SAS,6450,14.0,11.4,8.5
400900548,SAS,2579466,32.0,5.3,4.4
400900548,SAS,2580913,25.0,1.7,-0.7
400900548,SAS,2993874,28.0,10.5,9.5
400900548,SAS,2994526,24.0,0.5,0.6
400900549,GSW,1765,29.0,7.6,3.9
400900549,GSW,2016,18.0,0.8,0.4
400900549,GSW,2177,15.0,7.1,6.2
400900549,GSW,2393,25.0,5.6,5.1
400900549,GSW,3452,15.0,8.8,5.6
400900549,GSW,3975,35.0,38.6,34.0
400900549,GSW,6475,36.0,12.2,9.9
400900549,GSW,2489785,20.0,1.8,1.3
400900549,GSW,2594818,22.0,6.5,5.0
400900549,GSW,3137730,26.0,12.6,8.9
400900549,PHX,2807,10.0,4.7,2.4
400900549,PHX,3201,33.0,16.1,13.6
400900549,PHX,2579326,25.0,21.2,15.8
400900549,PHX,2596107,12.0,4.4,5.0
400900549,PHX,2982334,24.0,5.7,4.8
400900549,PHX,3136193,42.0,10.8,8.4
400900549,PHX,3136194,37.0,9.8,10.0
400900549,PHX,3907487,25.0,8.0,4.8
400900549,PHX,3936099,21.0,7.3,6.7
400900549,PHX,4011991,11.0,-2.8,-2.4
400900550,DAL,609,28.0,4.4,2.6
400900550,DAL,2382,22.0,5.3,5.3
400900550,DAL,3055,22.0,5.4,6.1
400900550,DAL,4032,36.0,8.8,9.2
400900550,DAL,6578,35.0,6.3,7.4
400900550,DAL,2531367,1.0,2.7,2.7
400900550,DAL,2578185,18.0,-0.9,-0.7
400900550,DAL,2579293,1.0,1.7,1.7
400900550,DAL,2968458,20.0,11.2,7.4
400900550,DAL,2991018,27.0,13.5,12.1
400900550,DAL,2991280,22.0,3.4,2.7
400900550,DAL,3929314,9.0,7.7,6.4
400900550,LAC,165,20.0,-2.2,-2.7
400900550,LAC,2745,5.0,-0.5,0.3
400900550,LAC,2753,16.0,3.3,2.7
400900550,LAC,2779,33.0,19.4,18.1
400900550,LAC,3024,39.0,20.5,17.3
400900550,LAC,3442,33.0,14.6,7.9
400900550,LAC,3451,37.0,0.5,-0.8
400900550,LAC,3460,15.0,1.8,1.3
400900550,LAC,3989,38.0,30.0,29.0
400900550,LAC,6569,4.0,2.3,2.7
400900551,CHI,3447,32.0,5.5,1.6
400900551,CHI,3474,21.0,-0.2,0.3
400900551,CHI,6430,37.0,18.6,13.6
400900551,CHI,6459,25.0,19.6,17.6
400900551,CHI,2490589,2.0,-1.7,-1.7
400900551,CHI,2531047,31.0,16.1,12.5
400900551,CHI,2596108,10.0,-0.7,-0.4
400900551,CHI,2959753,15.0,10.1,8.8
400900551,CHI,2999549,19.0,-2.0,-1.4
400900551,CHI,3064230,2.0,-0.1,0.0
400900551,CHI,3064482,21.0,11.5,9.2
400900551,CHI,3113587,2.0,0.7,0.0
400900551,CHI,3893023,24.0,3.7,3.3
400900551,PHI,3233,5.0,0.2,0.3
400900551,PHI,3993,18.0,-0.4,-0.1
400900551,PHI,2530530,33.0,8.0,4.2
400900551,PHI,2581180,12.0,1.3,0.6
400900551,PHI,2982340,33.0,11.4,10.3
400900551,PHI,2991042,25.0,10.5,9.0
400900551,PHI,2991283,26.0,0.6,0.2
400900551,PHI,2993370,31.0,9.4,5.4
400900551,PHI,3032978,22.0,7.6,3.2
400900551,PHI,3893019,34.0,12.7,11.7
400900552,BKN,3003,15.0,-0.1,0.0
400900552,BKN,3448,31.0,-0.6,-0.6
400900552,BKN,4299,31.0,24.3,22.1
400900552,BKN,6576,23.0,2.8,2.4
400900552,BKN,6590,17.0,5.1,3.6
400900552,BKN,2580782,24.0,10.9,8.8
400900552,BKN,2991043,27.0,15.9,15.1
400900552,BKN,2991281,21.0,4.2,2.7
400900552,BKN,3064291,25.0,6.3,4.1
400900552,BKN,3136477,26.0,9.7,7.1
400900552,ORL,3415,15.0,0.4,-0.5
400900552,ORL,4003,31.0,12.2,12.4
400900552,ORL,6427,6.0,3.6,3.0
400900552,ORL,6478,34.0,16.3,12.5
400900552,ORL,6619,25.0,7.0,4.4
400900552,ORL,2583639,33.0,22.5,20.4
400900552,ORL,2982261,20.0,6.9,5.3
400900552,ORL,2982506,14.0,-2.6,-2.8
400900552,ORL,2995706,22.0,11.0,8.8
400900552,ORL,3064290,33.0,18.1,15.5
400900552,ORL,3936102,9.0,-1.2,-1.7
400900553,IND,2751,24.0,7.5,3.2
400900553,IND,2778,24.0,4.9,2.0
400900553,IND,3192,19.0,7.0,6.4
400900553,IND,3244,35.0,12.9,10.2
400900553,IND,4015,29.0,12.3,12.1
400900553,IND,4244,23.0,7.8,6.5
400900553,IND,4251,35.0,20.3,13.8
400900553,IND,4289,23.0,8.9,7.1
400900553,IND,2528386,1.0,-0.7,-0.7
400900553,IND,2596110,1.0,0.0,0.0
400900553,IND,3133628,25.0,8.2,6.6
400900553,MIL,841,22.0,6.1,5.5
400900553,MIL,3211,6.0,1.9,0.7
400900553,MIL,3418,6.0,1.3,1.0
400900553,MIL,4260,18.0,0.6,-1.3
400900553,MIL,4385,27.0,12.6,10.4
400900553,MIL,6609,34.0,4.9,4.4
400900553,MIL,2489716,21.0,2.2,1.7
400900553,MIL,2528353,29.0,1.7,1.6
400900553,MIL,3032977,35.0,21.2,19.8
400900553,MIL,3134903,15.0,1.5,0.7
400900553,MIL,3137733,12.0,3.0,2.7
400900553,MIL,4017843,15.0,2.4,2.4
400900554,NYK,1975,31.0,14.1,14.2
400900554,NYK,2421,21.0,10.2,7.7
400900554,NYK,3445,31.0,14.6,7.8
400900554,NYK,6615,17.0,6.7,5.7
400900554,NYK,2284101,33.0,10.9,10.1
400900554,NYK,2566748,11.0,1.9,1.4
400900554,NYK,2580349,27.0,7.3,7.8
400900554,NYK,2999409,31.0,6.0,6.7
400900554,NYK,3063982,21.0,2.6,1.7
400900554,NYK,3138120,17.0,4.7,4.4
400900554,WAS,2758,30.0,14.3,14.2
400900554,WAS,2774,18.0,3.7,1.9
400900554,WAS,3232,23.0,2.6,1.0
400900554,WAS,3593,31.0,2.2,1.2
400900554,WAS,3997,20.0,1.3,0.6
400900554,WAS,4237,32.0,19.9,19.1
400900554,WAS,6580,36.0,18.5,15.3
400900554,WAS,2594922,22.0,6.8,6.4
400900554,WAS,3133603,28.0,12.1,10.9
400900555,ATL,1708,5.0,1.7,1.0
400900555,ATL,2384,21.0,5.0,4.5
400900555,ATL,2767,27.0,6.0,6.1
400900555,ATL,2806,5.0,3.7,3.4
400900555,ATL,3015,29.0,23.7,20.1
400900555,ATL,6637,19.0,8.5,7.0
400900555,ATL,2490089,19.0,2.5,-0.4
400900555,ATL,2528210,40.0,15.7,15.5
400900555,ATL,2990962,41.0,15.2,14.9
400900555,ATL,3032979,33.0,12.1,12.5
400900555,BOS,2761,4.0,0.7,0.7
400900555,BOS,2769,23.0,3.1,3.5
400900555,BOS,3213,27.0,0.5,0.6
400900555,BOS,3998,6.0,2.4,2.8
400900555,BOS,4240,35.0,7.4,6.1
400900555,BOS,6472,35.0,25.5,25.4
400900555,BOS,6581,36.0,17.7,17.4
400900555,BOS,2489663,24.0,3.4,1.8
400900555,BOS,2990992,33.0,24.0,16.9
400900555,BOS,3917376,17.0,3.5,4.4
400900556,MIN,3457,36.0,0.8,-0.4
400900556,MIN,3554,16.0,1.1,2.4
400900556,MIN,4011,39.0,14.2,10.4
400900556,MIN,2531100,2.0,-1.5,-0.7
400900556,MIN,2534781,39.0,4.7,1.7
400900556,MIN,2991139,9.0,-1.1,-1.4
400900556,MIN,2993875,12.0,2.9,3.3
400900556,MIN,3059319,40.0,25.0,21.7
400900556,MIN,3135046,8.0,0.0,-1.0
400900556,MIN,3136195,39.0,23.1,20.0
400900556,POR,4239,29.0,9.2,6.6
400900556,POR,4248,40.0,10.1,5.7
400900556,POR,6591,29.0,0.4,0.3
400900556,POR,6605,16.0,0.7,-0.4
400900556,POR,6606,37.0,14.6,11.7
400900556,POR,2490149,35.0,10.6,10.1
400900556,POR,2531210,32.0,21.8,20.9
400900556,POR,3078284,23.0,10.9,9.5
400900557,ATL,1708,20.0,17.3,16.8
400900557,ATL,2433,25.0,11.5,9.5
400900557,ATL,2767,26.0,8.7,7.4
400900557,ATL,2806,25.0,6.7,6.2
400900557,ATL,2282205,26.0,12.4,11.9
400900557,ATL,2488651,20.0,5.6,3.0
400900557,ATL,2490089,23.0,16.9,14.7
400900557,ATL,2528210,26.0,20.9,19.3
400900557,ATL,2990962,25.0,-3.6,-3.8
400900557,ATL,3062667,24.0,6.9,5.2
400900557,CLE,1006,17.0,1.2,0.6
400900557,CLE,1966,41.0,24.4,20.3
400900557,CLE,2009,2.0,0.0,0.0
400900557,CLE,2011,25.0,6.6,6.0
400900557,CLE,2444,33.0,3.2,2.7
400900557,CLE,2754,26.0,13.9,11.4
400900557,CLE,2798,16.0,-0.3,-1.1
400900557,CLE,3449,35.0,8.5,5.6
400900557,CLE,4265,2.0,3.7,2.0
400900557,CLE,6442,33.0,15.6,15.3
400900557,CLE,6453,2.0,0.0,0.0
400900557,CLE,6468,6.0,-2.4,-2.0
400900557,CLE,6480,2.0,1.7,1.7
400900558,MIA,3423,36.0,7.0,7.2
400900558,MIA,3981,20.0,12.1,10.8
400900558,MIA,3999,38.0,18.0,11.6
400900558,MIA,4262,27.0,5.0,5.2
400900558,MIA,2326015,16.0,1.2,1.0
400900558,MIA,2488826,27.0,4.6,4.1
400900558,MIA,2528473,15.0,-2.2,-3.1
400900558,MIA,2530276,25.0,8.0,5.3
400900558,MIA,2581190,36.0,7.9,5.4
400900558,TOR,3012,36.0,4.7,2.5
400900558,TOR,3033,27.0,2.3,-0.7
400900558,TOR,3439,30.0,7.1,6.7
400900558,TOR,3970,22.0,4.1,3.6
400900558,TOR,3978,38.0,19.7,16.9
400900558,TOR,4264,22.0,0.8,1.3
400900558,TOR,6446,26.0,14.1,11.2
400900558,TOR,6477,30.0,8.3,6.0
400900558,TOR,3064447,5.0,2.7,2.7
400900558,TOR,3134908,3.0,-0.1,0.7
400900559,MEM,136,28.0,15.8,12.2
400900559,MEM,1017,15.0,-3.3,-3.8
400900559,MEM,2367,19.0,8.0,7.8
400900559,MEM,3195,34.0,27.0,25.1
400900559,MEM,3206,34.0,12.5,8.6
400900559,MEM,3242,14.0,6.5,4.8
400900559,MEM,2327577,29.0,8.6,7.4
400900559,MEM,2489530,8.0,-1.1,-0.7
400900559,MEM,3059316,32.0,7.9,8.8
400900559,MEM,3064511,22.0,-1.8,-2.4
400900559,MEM,3136696,3.0,2.7,2.7
400900559,MEM,3937101,2.0,0.0,-0.7
400900559,NYK,2421,21.0,5.4,5.3
400900559,NYK,3445,28.0,14.1,12.5
400900559,NYK,6615,20.0,7.4,6.7
400900559,NYK,2284101,27.0,9.3,6.0
400900559,NYK,2566748,15.0,3.4,4.0
400900559,NYK,2580349,31.0,1.2,1.4
400900559,NYK,2580898,18.0,-2.5,-2.8
400900559,NYK,2999409,29.0,11.6,9.1
400900559,NYK,3063982,29.0,15.7,11.5
400900559,NYK,3138120,23.0,3.9,3.6
400900560,DET,2448,19.0,3.3,3.1
400900560,DET,4305,30.0,14.7,14.9
400900560,DET,4376,28.0,23.8,21.6
400900560,DET,6440,22.0,15.2,13.4
400900560,DET,6462,16.0,-0.8,-0.4
400900560,DET,6585,20.0,5.3,4.3
400900560,DET,2528779,25.0,7.7,6.8
400900560,DET,2581018,23.0,1.8,0.0
400900560,DET,3134881,32.0,10.5,10.8
400900560,DET,3906522,26.0,9.6,6.6
400900560,HOU,1713,13.0,7.9,7.4
400900560,HOU,2426,35.0,2.5,0.1
400900560,HOU,2799,22.0,10.6,10.0
400900560,HOU,3412,13.0,7.6,6.0
400900560,HOU,3431,31.0,3.7,2.2
400900560,HOU,3964,31.0,11.6,8.4
400900560,HOU,3992,38.0,29.1,27.9
400900560,HOU,2991055,27.0,10.2,9.8
400900560,HOU,3078286,22.0,1.1,1.0
400900560,HOU,3147366,8.0,1.4,-0.3
400900561,DAL,609,16.0,7.3,5.1
400900561,DAL,2382,8.0,7.3,6.1
400900561,DAL,3055,11.0,9.8,9.2
400900561,DAL,4032,16.0,8.4,7.2
400900561,DAL,6578,18.0,4.6,4.3
400900561,DAL,2531367,25.0,9.1,8.0
400900561,DAL,2578185,30.0,0.5,-0.8
400900561,DAL,2579293,20.0,0.8,-1.8
400900561,DAL,2968458,8.0,2.9,3.0
400900561,DAL,2991018,30.0,5.6,7.0
400900561,DAL,2991178,21.0,-0.3,-1.3
400900561,DAL,2991280,14.0,8.5,6.8
400900561,DAL,3929314,24.0,1.5,2.0
400900561,SAS,2772,31.0,15.6,13.9
400900561,SAS,3247,30.0,9.0,5.6
400900561,SAS,4004,18.0,-1.1,-1.0
400900561,SAS,6426,39.0,16.8,14.5
400900561,SAS,2579466,38.0,3.4,1.3
400900561,SAS,2580913,18.0,11.1,8.1
400900561,SAS,2993874,38.0,12.9,7.3
400900561,SAS,2994526,29.0,20.6,20.9
400900562,DEN,558,3.0,-0.4,-0.7
400900562,DEN,3194,29.0,7.9,5.4
400900562,DEN,3428,33.0,7.7,6.9
400900562,DEN,3436,3.0,-0.7,-1.0
400900562,DEN,6433,17.0,5.0,3.3
400900562,DEN,2488653,27.0,8.1,6.3
400900562,DEN,2999547,37.0,20.7,18.3
400900562,DEN,3112335,29.0,20.0,15.7
400900562,DEN,3892818,18.0,9.3,8.8
400900562,DEN,3907822,3.0,-1.0,-1.0
400900562,DEN,3936299,38.0,28.7,26.1
400900562,DEN,4017839,4.0,1.6,1.3
400900562,NOP,3410,28.0,13.6,12.6
400900562,NOP,3974,22.0,3.4,2.4
400900562,NOP,3995,24.0,8.3,7.2
400900562,NOP,4243,30.0,13.8,12.5
400900562,NOP,6460,18.0,6.6,5.4
400900562,NOP,6464,16.0,4.6,2.6
400900562,NOP,6583,24.0,11.5,10.1
400900562,NOP,2488958,41.0,4.3,1.3
400900562,NOP,2566745,24.0,5.0,5.1
400900562,NOP,3919335,12.0,4.5,4.0
400900563,MIN,3457,28.0,4.9,4.1
400900563,MIN,3554,38.0,2.9,-1.4
400900563,MIN,4011,37.0,24.1,24.4
400900563,MIN,2534781,27.0,9.3,6.1
400900563,MIN,2991139,11.0,3.2,3.4
400900563,MIN,2993875,20.0,6.9,6.8
400900563,MIN,3059319,37.0,13.6,13.9
400900563,MIN,3135046,11.0,2.3,3.1
400900563,MIN,3136195,32.0,25.0,22.6
400900563,UTA,1007,33.0,17.1,14.9
400900563,UTA,2167,12.0,3.8,2.8
400900563,UTA,4249,39.0,32.0,30.3
400900563,UTA,4257,17.0,11.5,12.2
400900563,UTA,6454,29.0,3.6,1.6
400900563,UTA,2333797,5.0,1.6,1.3
400900563,UTA,2581177,21.0,2.4,1.6
400900563,UTA,2968436,34.0,14.5,11.3
400900563,UTA,3032976,27.0,12.7,10.8
400900563,UTA,3102528,23.0,7.0,6.8
400900564,OKC,3468,36.0,10.2,9.7
400900564,OKC,3986,16.0,8.9,7.4
400900564,OKC,6431,10.0,1.7,2.0
400900564,OKC,6447,20.0,10.4,11.3
400900564,OKC,6469,12.0,2.0,2.4
400900564,OKC,2527963,27.0,1.8,2.8
400900564,OKC,2528588,40.0,7.0,6.6
400900564,OKC,2983526,18.0,-0.6,-0.4
400900564,OKC,2991070,19.0,2.4,1.2
400900564,OKC,2991235,33.0,12.9,12.8
400900564,OKC,3155942,9.0,3.9,4.3
400900564,PHX,2807,2.0,0.0,0.0
400900564,PHX,3201,34.0,8.5,8.1
400900564,PHX,2579326,27.0,9.0,9.4
400900564,PHX,2596107,21.0,6.7,5.3
400900564,PHX,2982334,33.0,22.4,19.3
400900564,PHX,3136193,38.0,24.2,22.9
400900564,PHX,3136194,39.0,10.0,9.2
400900564,PHX,3907487,14.0,6.0,3.7
400900564,PHX,3936099,21.0,11.7,11.5
400900564,PHX,4011991,10.0,0.9,0.3
400900565,LAL,25,10.0,1.2,1.3
400900565,LAL,3191,22.0,0.8,-1.4
400900565,LAL,6618,14.0,6.1,5.6
400900565,LAL,2528393,20.0,7.1,4.4
400900565,LAL,2528426,30.0,9.7,8.8
400900565,LAL,2580365,28.0,11.0,7.1
400900565,LAL,3059281,24.0,1.2,-0.1
400900565,LAL,3064514,34.0,20.4,21.3
400900565,LAL,3136776,33.0,9.2,7.1
400900565,LAL,3913176,25.0,8.9,7.3
400900565,SAC,3187,19.0,0.2,-0.3
400900565,SAC,3276,15.0,-1.2,-2.0
400900565,SAC,3973,28.0,16.9,14.4
400900565,SAC,3983,20.0,0.1,-0.7
400900565,SAC,2530572,20.0,4.9,3.4
400900565,SAC,2578213,26.0,4.1,4.4
400900565,SAC,2990984,30.0,7.9,7.4
400900565,SAC,2991282,23.0,12.3,10.4
400900565,SAC,3936296,33.0,15.4,12.8
400900565,SAC,4017846,25.0,9.1,8.6
400900566,BKN,3003,12.0,-1.1,-0.7
400900566,BKN,3448,31.0,7.3,6.4
400900566,BKN,4270,22.0,5.8,3.3
400900566,BKN,4299,29.0,11.1,7.4
400900566,BKN,6576,8.0,0.5,-0.1
400900566,BKN,6590,5.0,-1.4,-1.7
400900566,BKN,2566741,20.0,5.6,1.3
400900566,BKN,2580782,26.0,20.2,17.6
400900566,BKN,2991043,25.0,12.9,11.6
400900566,BKN,2991281,11.0,4.9,3.6
400900566,BKN,3064291,30.0,20.4,14.5
400900566,BKN,3136477,21.0,5.0,3.8
400900566,CHI,1987,25.0,7.1,6.1
400900566,CHI,3447,27.0,11.4,10.5
400900566,CHI,3474,7.0,-0.7,-0.7
400900566,CHI,6430,38.0,24.7,22.9
400900566,CHI,6459,27.0,1.2,-3.6
400900566,CHI,2531047,30.0,14.3,13.3
400900566,CHI,2596108,21.0,3.3,0.8
400900566,CHI,2959753,8.0,1.3,1.0
400900566,CHI,2999549,11.0,-2.9,-1.7
400900566,CHI,3064482,21.0,9.4,6.3
400900566,CHI,3113587,13.0,6.3,5.5
400900566,CHI,3893023,12.0,-2.2,-1.7
400900567,BOS,3213,34.0,16.1,13.9
400900567,BOS,3998,15.0,9.0,8.8
400900567,BOS,4240,34.0,10.7,10.8
400900567,BOS,6472,34.0,22.0,21.2
400900567,BOS,6581,33.0,13.3,11.4
400900567,BOS,6631,9.0,3.7,3.1
400900567,BOS,2489663,28.0,13.2,11.9
400900567,BOS,2990992,34.0,9.6,7.4
400900567,BOS,3917376,17.0,7.6,7.4
400900567,CHA,2797,28.0,0.9,-2.1
400900567,CHA,3416,41.0,22.0,20.3
400900567,CHA,6479,36.0,19.0,18.1
400900567,CHA,6601,24.0,4.3,3.9
400900567,CHA,6603,25.0,17.0,14.5
400900567,CHA,6616,11.0,-1.1,-1.0
400900567,CHA,6641,12.0,4.3,4.3
400900567,CHA,2579258,30.0,17.2,12.9
400900567,CHA,2579294,27.0,8.6,7.5
400900567,CHA,2595231,6.0,3.3,4.1
400900568,IND,2751,25.0,2.3,1.8
400900568,IND,2778,20.0,10.0,8.4
400900568,IND,3192,17.0,0.2,1.1
400900568,IND,3244,31.0,14.8,12.3
400900568,IND,4015,31.0,13.8,9.6
400900568,IND,4244,22.0,5.5,3.4
400900568,IND,4251,40.0,29.9,28.6
400900568,IND,4289,18.0,7.6,7.6
400900568,IND,6424,5.0,7.4,6.8
400900568,IND,2528386,1.0,2.0,1.7
400900568,IND,2596110,1.0,0.0,0.0
400900568,IND,3133628,30.0,20.6,17.6
400900568,ORL,3277,13.0,0.8,-0.1
400900568,ORL,4003,14.0,5.1,4.2
400900568,ORL,6427,17.0,6.4,5.3
400900568,ORL,6478,31.0,9.6,3.7
400900568,ORL,6588,37.0,19.2,19.4
400900568,ORL,6619,36.0,20.5,18.5
400900568,ORL,2309097,1.0,0.7,0.7
400900568,ORL,2583639,33.0,7.5,6.0
400900568,ORL,2982261,1.0,0.0,0.0
400900568,ORL,2982506,1.0,0.0,0.0
400900568,ORL,2995706,17.0,5.9,6.4
400900568,ORL,3064290,37.0,15.3,13.2
400900569,MIL,841,18.0,0.8,1.0
400900569,MIL,3211,10.0,5.9,5.7
400900569,MIL,4260,22.0,12.9,10.5
400900569,MIL,4385,22.0,2.7,2.3
400900569,MIL,6609,33.0,6.3,2.3
400900569,MIL,2489716,33.0,7.4,8.0
400900569,MIL,2528353,33.0,4.9,2.3
400900569,MIL,3032977,40.0,16.7,10.5
400900569,MIL,3134903,13.0,1.6,2.1
400900569,MIL,4017843,16.0,4.4,3.4
400900569,PHI,3233,12.0,3.2,2.4
400900569,PHI,3993,19.0,2.1,2.6
400900569,PHI,2530530,34.0,12.9,10.0
400900569,PHI,2982340,29.0,2.2,2.1
400900569,PHI,2991042,28.0,4.1,3.6
400900569,PHI,2991283,24.0,1.2,0.6
400900569,PHI,2993370,36.0,11.0,9.1
400900569,PHI,3032978,24.0,10.0,6.8
400900569,PHI,3893019,34.0,11.5,6.6
400900570,MIA,3423,37.0,12.7,10.3
400900570,MIA,3981,20.0,8.8,7.7
400900570,MIA,3999,37.0,10.9,8.1
400900570,MIA,4262,37.0,27.6,22.2
400900570,MIA,2326015,11.0,1.7,1.6
400900570,MIA,2488826,13.0,-1.1,-0.3
400900570,MIA,2528473,11.0,1.7,1.7
400900570,MIA,2530276,37.0,11.5,10.1
400900570,MIA,2581190,37.0,14.0,7.7
400900570,WAS,2758,29.0,12.9,10.5
400900570,WAS,2774,19.0,13.8,10.5
400900570,WAS,3232,9.0,1.9,2.0
400900570,WAS,3593,25.0,4.7,6.0
400900570,WAS,3997,15.0,0.6,1.4
400900570,WAS,4237,36.0,6.6,2.2
400900570,WAS,6461,30.0,15.6,14.9
400900570,WAS,6580,38.0,9.8,7.8
400900570,WAS,6621,6.0,1.3,1.0
400900570,WAS,3133603,33.0,8.0,7.7
400900571,LAC,165,23.0,7.2,8.0
400900571,LAC,662,8.0,-0.5,0.0
400900571,LAC,2753,18.0,6.6,5.1
400900571,LAC,2779,31.0,20.3,15.0
400900571,LAC,3024,26.0,9.1,7.4
400900571,LAC,3442,36.0,20.7,16.9
400900571,LAC,3451,35.0,9.2,7.3
400900571,LAC,3460,14.0,5.6,4.4
400900571,LAC,3989,36.0,8.5,6.9
400900571,LAC,4247,13.0,-0.8,-3.1
400900571,SAS,272,21.0,-0.6,-1.0
400900571,SAS,996,27.0,12.7,11.0
400900571,SAS,1015,20.0,-0.5,0.3
400900571,SAS,2772,13.0,3.0,3.0
400900571,SAS,2983,36.0,8.8,7.7
400900571,SAS,3247,2.0,0.0,0.0
400900571,SAS,4004,24.0,1.5,-0.4
400900571,SAS,6426,2.0,-0.7,-0.7
400900571,SAS,6450,35.0,20.9,18.8
400900571,SAS,2579466,26.0,8.2,7.8
400900571,SAS,2580913,15.0,5.1,4.1
400900571,SAS,2993874,15.0,-0.1,-0.6
400900571,SAS,2994526,5.0,-0.8,-0.7
400900572,POR,4239,24.0,5.4,3.4
400900572,POR,4248,31.0,0.6,-2.1
400900572,POR,6591,37.0,11.8,10.2
400900572,POR,6605,30.0,5.6,6.0
400900572,POR,6606,42.0,48.6,45.1
400900572,POR,2490149,35.0,2.1,0.8
400900572,POR,2530780,1.0,-0.4,0.0
400900572,POR,2578239,7.0,0.6,0.0
400900572,POR,2982268,1.0,0.3,0.0
400900572,POR,3078284,31.0,5.9,3.8
400900572,UTA,1007,24.0,7.2,6.6
400900572,UTA,2167,18.0,6.3,5.5
400900572,UTA,4249,31.0,14.7,14.0
400900572,UTA,4257,14.0,3.6,4.0
400900572,UTA,6429,11.0,2.8,1.6
400900572,UTA,6454,27.0,2.2,2.4
400900572,UTA,2333797,3.0,-0.4,0.0
400900572,UTA,2581177,22.0,5.9,4.8
400900572,UTA,2968361,13.0,0.2,-1.0
400900572,UTA,2968436,27.0,2.6,0.3
400900572,UTA,3032976,31.0,16.2,11.9
400900572,UTA,3102528,14.0,-2.1,-3.1
400900572,UTA,3136196,6.0,4.3,4.0
400900573,GSW,1765,7.0,4.4,3.8
400900573,GSW,2016,22.0,4.0,2.8
400900573,GSW,2177,16.0,3.6,3.8
400900573,GSW,2386,21.0,15.8,14.3
400900573,GSW,2393,24.0,13.3,13.7
400900573,GSW,3202,31.0,13.3,11.8
400900573,GSW,3452,16.0,14.8,13.6
400900573,GSW,6475,27.0,14.2,12.9
400900573,GSW,6589,21.0,13.9,11.5
400900573,GSW,2489785,28.0,13.4,13.6
400900573,GSW,2594818,6.0,1.3,1.3
400900573,GSW,3137730,21.0,0.2,-1.4
400900573,NOP,3410,29.0,11.3,11.8
400900573,NOP,3974,27.0,4.9,3.7
400900573,NOP,3995,32.0,8.9,8.2
400900573,NOP,4243,30.0,12.9,12.0
400900573,NOP,6464,19.0,5.9,5.3
400900573,NOP,2488945,23.0,4.6,5.6
400900573,NOP,2488958,26.0,1.8,-0.4
400900573,NOP,2566745,28.0,18.5,18.6
400900573,NOP,3919335,26.0,5.1,3.0
400900574,NYK,2421,17.0,2.5,2.4
400900574,NYK,3445,32.0,7.9,8.1
400900574,NYK,6615,17.0,2.9,2.3
400900574,NYK,2284101,40.0,9.2,6.7
400900574,NYK,2566748,3.0,1.7,1.7
400900574,NYK,2580349,38.0,10.4,8.2
400900574,NYK,2580898,15.0,5.5,5.7
400900574,NYK,2999409,31.0,24.5,20.3
400900574,NYK,3063982,25.0,4.1,4.7
400900574,NYK,3138120,22.0,5.9,6.0
400900574,TOR,3012,38.0,21.5,15.7
400900574,TOR,3033,27.0,7.9,6.0
400900574,TOR,3439,27.0,7.4,6.6
400900574,TOR,3970,23.0,-0.3,-0.1
400900574,TOR,3978,29.0,25.9,26.1
400900574,TOR,4264,29.0,13.7,11.8
400900574,TOR,6446,25.0,2.3,2.1
400900574,TOR,6477,20.0,4.5,2.7
400900574,TOR,2595516,3.0,1.9,1.0
400900574,TOR,2991230,1.0,0.7,0.7
400900574,TOR,3064447,4.0,-0.7,-0.7
400900574,TOR,3134908,14.0,7.5,6.5
400900575,ATL,1708,15.0,5.1,5.3
400900575,ATL,2384,24.0,14.6,13.5
400900575,ATL,2767,21.0,1.6,0.2
400900575,ATL,2806,12.0,3.0,2.4
400900575,ATL,3015,36.0,16.2,14.4
400900575,ATL,6637,30.0,14.0,10.8
400900575,ATL,2282205,13.0,2.9,3.0
400900575,ATL,2490089,25.0,12.6,11.6
400900575,ATL,2528210,37.0,18.0,16.0
400900575,ATL,2990962,25.0,4.2,4.3
400900575,ATL,3032979,27.0,11.6,9.8
400900575,CLE,1006,18.0,-0.2,-0.3
400900575,CLE,1966,47.0,29.9,27.4
400900575,CLE,2011,28.0,7.1,7.7
400900575,CLE,2444,34.0,5.0,5.3
400900575,CLE,2754,24.0,12.8,9.1
400900575,CLE,2798,8.0,-0.1,0.0
400900575,CLE,3449,42.0,7.1,5.7
400900575,CLE,6442,45.0,33.7,33.3
400900575,CLE,6468,18.0,-0.5,-0.7
400900576,DEN,3194,42.0,15.0,12.1
400900576,DEN,3428,38.0,29.1,24.9
400900576,DEN,3436,1.0,0.0,0.0
400900576,DEN,2488653,18.0,5.0,2.6
400900576,DEN,2999547,36.0,-1.1,-0.7
400900576,DEN,3112335,31.0,16.0,14.8
400900576,DEN,3892818,24.0,11.4,9.6
400900576,DEN,3936299,36.0,4.8,3.4
400900576,DEN,4017839,13.0,1.6,1.3
400900576,OKC,3468,37.0,45.6,40.8
400900576,OKC,3986,18.0,1.8,1.6
400900576,OKC,6447,17.0,10.6,10.4
400900576,OKC,6469,34.0,10.6,7.5
400900576,OKC,2527963,33.0,-1.5,-2.9
400900576,OKC,2530596,18.0,1.4,2.4
400900576,OKC,2983526,23.0,1.2,1.3
400900576,OKC,2991070,22.0,2.2,1.0
400900576,OKC,2991235,27.0,10.5,9.9
400900576,OKC,3155942,13.0,-2.2,-4.1
400900577,DAL,609,20.0,5.4,5.3
400900577,DAL,2382,9.0,6.3,6.4
400900577,DAL,4032,19.0,1.5,1.6
400900577,DAL,2531367,32.0,16.4,13.0
400900577,DAL,2578185,30.0,8.1,7.5
400900577,DAL,2579293,27.0,11.8,10.8
400900577,DAL,2968458,9.0,5.3,5.4
400900577,DAL,2991018,32.0,15.0,15.2
400900577,DAL,2991178,19.0,-0.3,-0.5
400900577,DAL,2991280,9.0,4.7,4.1
400900577,DAL,3929314,33.0,6.2,6.3
400900577,PHX,2807,19.0,1.6,2.1
400900577,PHX,3201,3.0,3.0,2.7
400900577,PHX,4321,12.0,-4.0,-3.8
400900577,PHX,2579326,13.0,10.5,10.3
400900577,PHX,2596107,28.0,15.2,12.5
400900577,PHX,2982334,29.0,22.3,18.6
400900577,PHX,3136193,23.0,13.6,13.4
400900577,PHX,3136194,33.0,19.0,17.7
400900577,PHX,3907487,17.0,10.3,9.5
400900577,PHX,3936099,28.0,10.4,8.7
400900577,PHX,4011991,35.0,6.0,4.1
400900578,HOU,2799,31.0,10.1,8.6
400900578,HOU,3412,23.0,18.8,17.5
400900578,HOU,3472,25.0,11.6,12.1
400900578,HOU,3964,29.0,7.3,7.0
400900578,HOU,3992,36.0,26.8,23.3
400900578,HOU,2991055,12.0,1.7,2.4
400900578,HOU,3059336,12.0,-1.6,-0.7
400900578,HOU,3078286,36.0,12.2,11.9
400900578,HOU,3102529,24.0,16.3,14.6
400900578,HOU,3147366,12.0,4.3,4.4
400900578,SAC,3276,24.0,3.7,4.2
400900578,SAC,4000,28.0,21.3,20.1
400900578,SAC,4023,36.0,12.0,7.3
400900578,SAC,2530572,26.0,10.1,10.2
400900578,SAC,2578213,24.0,9.6,9.5
400900578,SAC,2990984,32.0,4.1,3.8
400900578,SAC,2991282,25.0,13.7,11.4
400900578,SAC,3936296,31.0,26.4,23.7
400900578,SAC,4017846,13.0,7.7,6.9
400900579,DET,2448,21.0,9.8,9.6
400900579,DET,4305,27.0,6.3,6.1
400900579,DET,4376,23.0,14.8,12.8
400900579,DET,6440,25.0,10.4,7.8
400900579,DET,6452,20.0,4.5,3.5
400900579,DET,6585,25.0,7.2,4.8
400900579,DET,2528779,23.0,12.2,11.1
400900579,DET,2578259,21.0,7.6,7.1
400900579,DET,3134881,27.0,3.5,1.3
400900579,DET,3906522,28.0,4.0,2.3
400900579,MEM,136,22.0,1.9,2.0
400900579,MEM,2367,20.0,6.9,4.0
400900579,MEM,3195,23.0,11.5,11.1
400900579,MEM,3206,24.0,11.7,9.2
400900579,MEM,3242,8.0,1.4,1.3
400900579,MEM,2327577,24.0,7.6,6.9
400900579,MEM,2489530,14.0,2.5,2.9
400900579,MEM,2579321,22.0,5.5,3.4
400900579,MEM,3059316,28.0,0.8,0.5
400900579,MEM,3064511,13.0,6.5,5.2
400900579,MEM,3064517,14.0,8.0,5.1
400900579,MEM,3136696,12.0,4.0,3.0
400900579,MEM,3937101,15.0,2.2,1.0
400900580,LAL,25,11.0,5.6,4.3
400900580,LAL,3191,15.0,2.7,3.1
400900580,LAL,6618,18.0,2.6,1.7
400900580,LAL,2528393,17.0,9.6,5.7
400900580,LAL,2528426,31.0,11.2,10.8
400900580,LAL,2580365,34.0,15.9,13.5
400900580,LAL,3059281,23.0,20.1,20.0
400900580,LAL,3064514,28.0,11.4,9.4
400900580,LAL,3136776,34.0,6.7,3.6
400900580,LAL,3913176,30.0,4.6,3.5
400900580,MIN,3457,30.0,-1.7,-2.4
400900580,MIN,3554,17.0,2.6,0.3
400900580,MIN,4011,33.0,1.4,-0.9
400900580,MIN,2534781,37.0,16.4,12.6
400900580,MIN,2991139,15.0,0.8,1.1
400900580,MIN,2993875,18.0,5.9,5.6
400900580,MIN,3059319,38.0,26.5,27.0
400900580,MIN,3135046,10.0,2.6,1.4
400900580,MIN,3136195,41.0,38.0,32.1
400900581,IND,2751,26.0,2.5,1.8
400900581,IND,2778,21.0,2.4,1.6
400900581,IND,3192,12.0,3.0,3.4
400900581,IND,3244,33.0,18.8,17.4
400900581,IND,4015,33.0,13.2,11.8
400900581,IND,4244,21.0,5.2,5.4
400900581,IND,4251,36.0,23.6,20.6
400900581,IND,4289,19.0,13.4,13.2
400900581,IND,6424,8.0,5.8,5.9
400900581,IND,3133628,28.0,19.8,13.6
400900581,PHI,3233,8.0,-0.2,-1.4
400900581,PHI,3993,23.0,2.7,2.6
400900581,PHI,2530530,37.0,12.3,9.0
400900581,PHI,2581180,6.0,2.6,1.7
400900581,PHI,2982340,21.0,2.2,1.6
400900581,PHI,2991042,26.0,11.0,11.4
400900581,PHI,2991283,23.0,11.3,10.4
400900581,PHI,2993370,34.0,13.4,12.7
400900581,PHI,3032978,25.0,8.8,6.7
400900581,PHI,3893019,37.0,20.2,19.6
400900582,BKN,3003,16.0,2.5,0.6
400900582,BKN,3448,34.0,17.9,16.8
400900582,BKN,4299,34.0,26.6,24.8
400900582,BKN,6590,17.0,9.9,8.1
400900582,BKN,6614,8.0,-3.3,-2.4
400900582,BKN,2566741,10.0,-1.2,-2.8
400900582,BKN,2580782,17.0,2.1,2.0
400900582,BKN,2991043,28.0,6.4,5.6
400900582,BKN,2991281,14.0,-0.1,-0.7
400900582,BKN,3064291,37.0,15.5,7.9
400900582,BKN,3136477,26.0,3.5,2.6
400900582,BOS,2769,15.0,-0.4,-1.4
400900582,BOS,3213,33.0,14.6,12.0
400900582,BOS,3998,14.0,6.4,5.4
400900582,BOS,4240,33.0,15.9,16.6
400900582,BOS,6472,30.0,15.4,15.1
400900582,BOS,6581,33.0,15.8,11.3
400900582,BOS,6631,7.0,3.0,3.0
400900582,BOS,2489663,15.0,7.4,7.1
400900582,BOS,2990992,31.0,12.6,11.1
400900582,BOS,3074752,11.0,3.1,1.7
400900582,BOS,3917376,18.0,-0.1,-1.4
400900583,CLE,1006,21.0,1.2,0.4
400900583,CLE,2011,31.0,14.0,11.7
400900583,CLE,2444,40.0,1.3,-0.4
400900583,CLE,2754,33.0,17.0,15.1
400900583,CLE,2798,46.0,21.2,18.6
400900583,CLE,3449,36.0,16.6,15.3
400900583,CLE,4265,2.0,-0.4,0.4
400900583,CLE,6468,39.0,8.2,6.7
400900583,CLE,6480,10.0,0.6,0.0
400900583,CLE,3062892,7.0,5.8,4.5
400900583,MIA,3423,40.0,12.3,9.9
400900583,MIA,3981,23.0,8.9,7.7
400900583,MIA,3999,36.0,8.4,10.2
400900583,MIA,4262,36.0,20.9,15.9
400900583,MIA,2326015,8.0,6.7,6.1
400900583,MIA,2488826,28.0,3.3,2.2
400900583,MIA,2528473,13.0,-0.6,-0.4
400900583,MIA,2530276,34.0,17.3,17.8
400900583,MIA,2581190,46.0,20.7,14.6
400900584,CHI,1987,22.0,10.2,7.7
400900584,CHI,3447,29.0,14.4,12.6
400900584,CHI,3474,6.0,3.4,3.4
400900584,CHI,6430,31.0,15.9,12.8
400900584,CHI,6459,27.0,14.8,12.1
400900584,CHI,2490589,7.0,5.3,4.7
400900584,CHI,2531047,28.0,21.0,19.1
400900584,CHI,2596108,15.0,4.6,2.1
400900584,CHI,2959753,7.0,1.1,0.7
400900584,CHI,2999549,10.0,4.7,4.1
400900584,CHI,3064482,14.0,10.7,10.2
400900584,CHI,3113587,19.0,5.8,3.7
400900584,CHI,3893023,26.0,6.3,3.7
400900584,ORL,3415,23.0,-3.0,-2.5
400900584,ORL,4003,14.0,-5.2,-4.8
400900584,ORL,6427,17.0,8.7,4.7
400900584,ORL,6478,27.0,10.9,9.1
400900584,ORL,6588,28.0,6.3,6.4
400900584,ORL,6619,17.0,-0.0,0.6
400900584,ORL,2309097,6.0,1.3,0.3
400900584,ORL,2583639,25.0,6.8,5.7
400900584,ORL,2982261,12.0,1.5,2.0
400900584,ORL,2982506,12.0,-0.9,-1.7
400900584,ORL,2995706,32.0,3.8,1.8
400900584,ORL,3064290,29.0,8.6,7.5
400900585,CHA,2797,27.0,4.2,2.7
400900585,CHA,3416,30.0,13.6,7.4
400900585,CHA,6601,32.0,11.9,9.4
400900585,CHA,6603,19.0,8.7,7.1
400900585,CHA,6616,21.0,5.4,4.8
400900585,CHA,6641,27.0,0.5,-1.1
400900585,CHA,2579258,27.0,6.0,4.3
400900585,CHA,2579294,21.0,-0.3,-1.5
400900585,CHA,2595229,21.0,2.5,1.3
400900585,CHA,2595231,16.0,11.7,9.7
400900585,MIL,841,21.0,14.2,11.8
400900585,MIL,3418,12.0,-0.3,-0.8
400900585,MIL,4260,26.0,14.7,12.4
400900585,MIL,4385,12.0,-4.6,-4.5
400900585,MIL,6592,9.0,0.2,0.0
400900585,MIL,6609,36.0,12.7,11.6
400900585,MIL,2489716,22.0,2.8,3.7
400900585,MIL,2528353,26.0,13.5,11.5
400900585,MIL,2566769,25.0,2.3,1.4
400900585,MIL,3032977,36.0,11.3,7.3
400900585,MIL,3134903,1.0,0.0,0.0
400900585,MIL,3137733,1.0,0.0,0.0
400900585,MIL,4017843,13.0,2.6,2.4
400900586,DET,4305,32.0,14.2,14.0
400900586,DET,4376,20.0,5.4,4.1
400900586,DET,6440,31.0,18.2,14.7
400900586,DET,6452,4.0,-1.1,-0.7
400900586,DET,6462,26.0,5.0,3.6
400900586,DET,6585,24.0,10.5,7.5
400900586,DET,2528779,20.0,11.6,9.8
400900586,DET,2578259,16.0,4.3,3.8
400900586,DET,2581018,28.0,2.1,2.3
400900586,DET,3134881,22.0,3.5,3.3
400900586,DET,3906522,17.0,0.5,-0.4
400900586,WAS,2758,21.0,10.1,9.3
400900586,WAS,2774,22.0,9.3,4.5
400900586,WAS,3232,25.0,7.3,5.5
400900586,WAS,3593,18.0,5.5,4.3
400900586,WAS,3997,28.0,8.4,3.1
400900586,WAS,6461,27.0,10.8,8.8
400900586,WAS,6580,33.0,25.8,25.3
400900586,WAS,6621,20.0,7.1,7.5
400900586,WAS,2579260,8.0,-0.7,-0.6
400900586,WAS,3133603,37.0,6.2,3.4
400900587,POR,4239,29.0,10.3,9.5
400900587,POR,4248,25.0,5.0,1.2
400900587,POR,6605,34.0,11.3,10.1
400900587,POR,2530780,37.0,22.1,22.1
400900587,POR,2578239,35.0,13.3,11.5
400900587,POR,2982268,29.0,-2.7,-4.6
400900587,POR,3078284,37.0,13.3,13.7
400900587,POR,4064730,14.0,-0.3,-1.5
400900587,SAS,272,16.0,5.4,5.4
400900587,SAS,996,18.0,6.1,2.2
400900587,SAS,1015,20.0,11.7,11.9
400900587,SAS,2772,28.0,6.9,4.6
400900587,SAS,2983,18.0,9.9,8.4
400900587,SAS,3988,20.0,5.6,3.7
400900587,SAS,4004,16.0,-0.1,0.0
400900587,SAS,6426,13.0,1.5,1.0
400900587,SAS,6450,20.0,13.2,11.5
400900587,SAS,2579466,12.0,3.5,3.9
400900587,SAS,2580913,22.0,2.7,2.7
400900587,SAS,2993874,24.0,7.3,3.4
400900587,SAS,2994526,12.0,-0.5,0.0
400900588,HOU,2426,36.0,0.3,-1.1
400900588,HOU,3412,20.0,7.5,7.7
400900588,HOU,3431,24.0,10.9,9.9
400900588,HOU,3472,32.0,13.2,12.2
400900588,HOU,3992,24.0,7.2,6.4
400900588,HOU,2991055,34.0,13.0,10.8
400900588,HOU,3059336,24.0,0.7,0.7
400900588,HOU,3078286,24.0,9.5,9.1
400900588,HOU,3147366,21.0,0.6,-0.3
400900588,LAC,165,30.0,13.3,13.0
400900588,LAC,662,7.0,6.6,6.7
400900588,LAC,2745,12.0,11.5,10.9
400900588,LAC,2753,23.0,5.3,4.5
400900588,LAC,2779,29.0,24.0,18.9
400900588,LAC,3024,28.0,5.1,1.9
400900588,LAC,3442,24.0,11.6,10.7
400900588,LAC,3451,24.0,16.1,14.6
400900588,LAC,3460,17.0,1.6,1.7
400900588,LAC,3989,27.0,13.1,12.5
400900588,LAC,4247,16.0,1.6,1.7
400900588,LAC,2982330,3.0,1.3,0.3
400900589,GSW,2016,25.0,6.3,5.9
400900589,GSW,2177,17.0,3.6,3.4
400900589,GSW,2386,23.0,1.4,-0.1
400900589,GSW,2393,19.0,5.3,4.8
400900589,GSW,3202,33.0,17.5,13.2
400900589,GSW,3452,15.0,11.2,10.1
400900589,GSW,3975,30.0,24.0,22.5
400900589,GSW,6589,25.0,4.1,1.0
400900589,GSW,2489785,20.0,0.1,-0.4
400900589,GSW,2594818,5.0,2.3,2.0
400900589,GSW,3137730,27.0,3.5,4.3
400900589,UTA,1007,28.0,17.6,15.1
400900589,UTA,2167,25.0,10.4,8.8
400900589,UTA,3438,19.0,21.5,20.0
400900589,UTA,6429,18.0,0.4,-0.4
400900589,UTA,6454,31.0,9.4,9.0
400900589,UTA,2968436,34.0,6.2,5.5
400900589,UTA,2983551,15.0,4.0,2.4
400900589,UTA,3032976,33.0,17.2,13.8
400900589,UTA,3102528,36.0,1.2,-0.1
400900590,ATL,1708,19.0,2.9,2.0
400900590,ATL,2384,25.0,18.9,16.2
400900590,ATL,2433,11.0,6.6,3.0
400900590,ATL,2767,16.0,8.1,7.3
400900590,ATL,2806,17.0,6.0,6.5
400900590,ATL,3015,22.0,1.9,1.0
400900590,ATL,3028,16.0,4.0,2.7
400900590,ATL,6637,18.0,6.3,5.1
400900590,ATL,2282205,9.0,3.3,3.1
400900590,ATL,2490089,18.0,7.4,7.9
400900590,ATL,2528210,23.0,7.5,6.4
400900590,ATL,2990962,23.0,5.9,5.0
400900590,ATL,3032979,26.0,10.1,9.0
400900590,CHA,2797,13.0,5.1,2.6
400900590,CHA,3416,10.0,2.0,0.7
400900590,CHA,6601,20.0,7.7,7.4
400900590,CHA,6603,33.0,12.8,10.3
400900590,CHA,6616,26.0,0.4,-1.0
400900590,CHA,6641,28.0,-0.8,-2.4
400900590,CHA,2579258,22.0,4.8,5.1
400900590,CHA,2579294,25.0,-0.6,-0.5
400900590,CHA,2595229,24.0,4.4,4.6
400900590,CHA,2595231,25.0,7.9,4.7
400900590,CHA,3058254,13.0,1.8,1.6
400900591,MIN,3457,22.0,-2.4,-2.2
400900591,MIN,3554,17.0,8.2,5.0
400900591,MIN,4011,36.0,12.3,11.9
400900591,MIN,2534781,39.0,19.7,17.1
400900591,MIN,2991139,17.0,1.2,0.0
400900591,MIN,2993875,15.0,5.9,5.3
400900591,MIN,3059319,37.0,8.2,5.7
400900591,MIN,3135046,17.0,3.6,2.0
400900591,MIN,3136195,40.0,21.1,18.5
400900591,OKC,1978,8.0,4.6,4.1
400900591,OKC,6431,23.0,9.0,7.6
400900591,OKC,6447,18.0,4.9,4.8
400900591,OKC,6469,28.0,4.2,4.2
400900591,OKC,2527963,34.0,11.3,10.3
400900591,OKC,2983526,30.0,4.6,3.8
400900591,OKC,2991070,22.0,5.1,4.3
400900591,OKC,2991235,30.0,11.9,8.7
400900591,OKC,2995702,15.0,5.4,3.7
400900591,OKC,3155942,32.0,14.4,11.7
400900592,DAL,609,27.0,15.4,11.0
400900592,DAL,2382,19.0,5.6,5.3
400900592,DAL,3055,27.0,11.3,8.5
400900592,DAL,2531367,22.0,7.8,6.3
400900592,DAL,2578185,30.0,3.4,2.0
400900592,DAL,2579293,20.0,7.3,7.2
400900592,DAL,2968458,8.0,1.6,1.7
400900592,DAL,2991018,35.0,4.4,2.3
400900592,DAL,2991178,8.0,-0.1,-0.4
400900592,DAL,2991280,17.0,7.6,5.4
400900592,DAL,3929314,27.0,4.3,2.7
400900592,DEN,558,29.0,9.9,7.6
400900592,DEN,3194,15.0,7.1,5.9
400900592,DEN,3413,17.0,3.8,3.6
400900592,DEN,2488653,34.0,9.8,7.5
400900592,DEN,2999547,35.0,21.0,18.6
400900592,DEN,3112335,20.0,7.8,6.5
400900592,DEN,3907822,32.0,14.9,12.8
400900592,DEN,3936299,33.0,7.6,6.8
400900592,DEN,4017839,27.0,10.4,8.0
400900593,LAL,25,25.0,13.8,9.3
400900593,LAL,3191,24.0,9.6,7.5
400900593,LAL,6618,14.0,9.1,7.7
400900593,LAL,2528393,21.0,6.7,0.9
400900593,LAL,2528426,25.0,14.0,11.5
400900593,LAL,2580365,31.0,7.3,4.3
400900593,LAL,3059281,29.0,2.1,1.0
400900593,LAL,3062744,28.0,10.3,10.2
400900593,LAL,3064514,16.0,8.6,8.7
400900593,LAL,3913176,28.0,11.9,10.7
400900593,NOP,3410,24.0,12.2,9.3
400900593,NOP,3974,21.0,9.6,8.1
400900593,NOP,3995,29.0,11.2,10.7
400900593,NOP,4243,21.0,9.3,6.8
400900593,NOP,6464,24.0,5.9,4.7
400900593,NOP,2488945,19.0,3.8,4.3
400900593,NOP,2488958,27.0,3.5,2.2
400900593,NOP,2566745,27.0,-1.1,-0.7
400900593,NOP,3037805,21.0,0.9,0.6
400900593,NOP,3919335,27.0,18.3,15.3
400900594,PHX,2807,19.0,2.6,2.0
400900594,PHX,4321,11.0,3.0,2.7
400900594,PHX,2579326,28.0,14.0,11.9
400900594,PHX,2596107,16.0,3.0,1.7
400900594,PHX,2982334,37.0,8.6,6.2
400900594,PHX,3136194,35.0,18.9,17.3
400900594,PHX,3907487,40.0,9.6,7.0
400900594,PHX,3936099,33.0,8.1,8.0
400900594,PHX,4011991,21.0,-0.9,0.2
400900594,SAC,3276,22.0,15.9,12.4
400900594,SAC,4000,31.0,25.9,23.1
400900594,SAC,4023,27.0,11.1,9.9
400900594,SAC,2530572,27.0,-0.7,0.3
400900594,SAC,2578213,27.0,10.7,8.2
400900594,SAC,2990984,33.0,20.0,19.1
400900594,SAC,2991282,21.0,9.4,7.0
400900594,SAC,3936296,26.0,9.9,10.3
400900594,SAC,4017846,27.0,7.8,6.4
400900595,DET,4305,35.0,16.0,15.5
400900595,DET,4376,21.0,16.0,12.2
400900595,DET,6440,30.0,3.9,2.4
400900595,DET,6452,20.0,1.1,-0.1
400900595,DET,6585,25.0,9.5,7.7
400900595,DET,2528779,29.0,17.8,15.2
400900595,DET,2578259,13.0,2.2,3.0
400900595,DET,2581018,29.0,8.4,7.4
400900595,DET,3134881,20.0,-4.0,-3.5
400900595,DET,3906522,19.0,6.3,4.5
400900595,ORL,3415,17.0,1.3,1.1
400900595,ORL,4003,18.0,5.8,6.6
400900595,ORL,6427,9.0,2.3,2.4
400900595,ORL,6478,27.0,16.9,12.1
400900595,ORL,6588,27.0,6.8,6.3
400900595,ORL,6619,22.0,5.3,2.1
400900595,ORL,2583639,31.0,20.8,20.5
400900595,ORL,2982261,10.0,3.7,3.7
400900595,ORL,2982506,12.0,-3.5,-2.7
400900595,ORL,2995706,23.0,8.9,4.7
400900595,ORL,3064290,35.0,28.4,23.8
400900595,ORL,3936102,9.0,-0.2,0.0
400900596,CLE,1006,26.0,7.0,4.6
400900596,CLE,2008,12.0,4.5,4.6
400900596,CLE,2009,36.0,1.1,-0.3
400900596,CLE,2011,10.0,1.9,1.3
400900596,CLE,2444,25.0,-0.3,-1.1
400900596,CLE,2754,7.0,3.3,3.0
400900596,CLE,2798,25.0,5.1,5.8
400900596,CLE,6468,30.0,7.2,5.0
400900596,CLE,6474,18.0,9.4,8.1
400900596,CLE,6480,27.0,8.9,7.7
400900596,CLE,3033031,24.0,10.3,5.5
400900596,TOR,3012,17.0,8.2,7.0
400900596,TOR,3033,6.0,-0.9,-0.7
400900596,TOR,3970,16.0,0.4,-1.4
400900596,TOR,4264,15.0,5.0,2.7
400900596,TOR,6446,6.0,-0.8,-1.1
400900596,TOR,6477,15.0,12.0,10.2
400900596,TOR,2595516,34.0,22.5,22.0
400900596,TOR,2991230,21.0,4.7,4.7
400900596,TOR,3032980,13.0,0.2,0.0
400900596,TOR,3064447,28.0,3.7,2.1
400900596,TOR,3113297,17.0,8.3,7.4
400900596,TOR,3134908,23.0,8.1,8.5
400900596,TOR,3149673,28.0,6.6,4.4
400900597,BOS,2761,21.0,11.0,10.3
400900597,BOS,2769,19.0,16.2,15.2
400900597,BOS,3213,21.0,12.6,8.8
400900597,BOS,3998,5.0,-1.2,-1.5
400900597,BOS,4240,31.0,5.2,4.0
400900597,BOS,6472,23.0,14.4,12.1
400900597,BOS,6581,30.0,14.1,10.0
400900597,BOS,6631,11.0,3.6,3.3
400900597,BOS,2489663,23.0,5.3,6.1
400900597,BOS,2990992,28.0,10.3,8.3
400900597,BOS,3064509,3.0,-0.1,-0.1
400900597,BOS,3074752,3.0,2.0,0.7
400900597,BOS,3917376,22.0,7.3,5.7
400900597,MIL,841,7.0,1.0,1.0
400900597,MIL,3211,17.0,11.8,11.5
400900597,MIL,3418,35.0,11.8,7.0
400900597,MIL,4260,17.0,7.1,5.7
400900597,MIL,4385,28.0,2.9,3.6
400900597,MIL,6592,14.0,7.0,6.8
400900597,MIL,2566769,23.0,12.1,9.5
400900597,MIL,3134903,32.0,3.0,0.7
400900597,MIL,3137733,40.0,6.1,4.7
400900597,MIL,4017843,27.0,8.0,5.8
400900598,NYK,1975,23.0,10.2,9.7
400900598,NYK,2421,21.0,3.2,4.0
400900598,NYK,3445,20.0,4.1,4.5
400900598,NYK,6615,13.0,8.0,5.8
400900598,NYK,2284101,20.0,17.9,14.4
400900598,NYK,2566748,26.0,9.6,8.8
400900598,NYK,2580349,29.0,5.3,5.4
400900598,NYK,2580898,26.0,6.5,5.1
400900598,NYK,2999409,18.0,9.9,7.8
400900598,NYK,3063982,25.0,1.3,0.6
400900598,NYK,3138120,18.0,8.4,8.5
400900598,PHI,3233,22.0,6.7,6.3
400900598,PHI,3993,30.0,4.1,3.1
400900598,PHI,2530530,19.0,4.9,3.4
400900598,PHI,2581180,17.0,4.4,5.1
400900598,PHI,2982340,35.0,25.0,21.9
400900598,PHI,2991042,30.0,5.6,4.6
400900598,PHI,2991283,32.0,15.3,14.6
400900598,PHI,2993370,33.0,13.2,11.5
400900598,PHI,3893019,24.0,6.3,7.7
400900599,MIA,2184,1.0,-0.8,-0.7
400900599,MIA,3423,37.0,16.4,15.6
400900599,MIA,3981,31.0,6.0,3.9
400900599,MIA,3999,37.0,12.2,10.6
400900599,MIA,4262,31.0,22.7,17.8
400900599,MIA,2326015,15.0,13.7,14.0
400900599,MIA,2488826,20.0,1.8,1.8
400900599,MIA,2528473,12.0,0.3,-0.7
400900599,MIA,2530276,19.0,1.3,1.1
400900599,MIA,2581190,37.0,9.2,8.7
400900599,WAS,2758,25.0,14.1,13.6
400900599,WAS,3232,6.0,-1.0,-1.1
400900599,WAS,3593,19.0,3.6,4.0
400900599,WAS,3997,27.0,0.7,-0.4
400900599,WAS,6621,30.0,1.8,-0.3
400900599,WAS,2579260,31.0,23.7,22.7
400900599,WAS,2594885,35.0,11.1,10.3
400900599,WAS,2594922,15.0,8.4,7.7
400900599,WAS,2991050,17.0,8.4,7.5
400900599,WAS,3133603,28.0,5.8,2.6
400900599,WAS,3153165,7.0,-0.1,-1.7
400900600,BKN,3003,20.0,-2.3,-4.2
400900600,BKN,6590,30.0,8.2,5.1
400900600,BKN,6614,23.0,-0.7,-3.1
400900600,BKN,2566741,26.0,9.4,6.9
400900600,BKN,2580782,31.0,3.3,3.0
400900600,BKN,2991043,25.0,4.4,2.3
400900600,BKN,2991281,29.0,15.5,14.1
400900600,BKN,3064291,31.0,3.7,2.0
400900600,BKN,3136477,26.0,-3.1,-2.8
400900600,CHI,1987,22.0,-1.5,-1.7
400900600,CHI,3026,20.0,11.0,10.6
400900600,CHI,3447,23.0,9.4,7.7
400900600,CHI,3474,4.0,3.7,3.7
400900600,CHI,6430,35.0,23.5,17.0
400900600,CHI,6459,23.0,8.2,4.6
400900600,CHI,2531047,22.0,5.1,1.3
400900600,CHI,2596108,6.0,1.7,0.7
400900600,CHI,2959753,6.0,4.7,3.8
400900600,CHI,2999549,6.0,4.6,3.7
400900600,CHI,3064482,25.0,12.4,8.4
400900600,CHI,3113587,19.0,2.4,1.0
400900600,CHI,3893023,28.0,17.1,16.5
400900601,DAL,2382,20.0,14.8,13.2
400900601,DAL,6453,25.0,8.7,6.7
400900601,DAL,2531367,34.0,3.8,3.8
400900601,DAL,2578185,31.0,6.1,4.4
400900601,DAL,2579293,19.0,10.0,8.7
400900601,DAL,2968458,12.0,4.8,5.7
400900601,DAL,2991018,28.0,3.4,2.6
400900601,DAL,2991178,12.0,6.9,6.0
400900601,DAL,2991280,23.0,8.2,4.7
400900601,DAL,3929314,37.0,13.5,10.8
400900601,MEM,136,22.0,4.2,4.4
400900601,MEM,1017,20.0,8.5,8.1
400900601,MEM,2367,6.0,3.4,3.4
400900601,MEM,3195,17.0,13.3,11.7
400900601,MEM,3206,24.0,10.1,6.7
400900601,MEM,3242,16.0,5.7,5.1
400900601,MEM,2327577,21.0,3.4,2.7
400900601,MEM,2489530,24.0,-4.7,-3.8
400900601,MEM,3059316,31.0,5.5,6.4
400900601,MEM,3064511,25.0,6.9,5.2
400900601,MEM,3064517,6.0,4.4,4.1
400900601,MEM,3136696,18.0,3.4,1.3
400900601,MEM,3937101,9.0,-0.2,0.7
400900602,HOU,1713,17.0,6.6,5.0
400900602,HOU,2426,38.0,15.0,12.8
400900602,HOU,2799,25.0,3.0,0.5
400900602,HOU,3412,32.0,13.9,14.4
400900602,HOU,3431,27.0,6.4,6.3
400900602,HOU,3472,1.0,0.0,0.0
400900602,HOU,3964,31.0,15.6,11.9
400900602,HOU,3992,35.0,31.6,25.4
400900602,HOU,2581029,1.0,0.0,0.0
400900602,HOU,3059336,1.0,-0.4,0.0
400900602,HOU,3078286,3.0,1.0,1.0
400900602,HOU,3102529,30.0,23.9,19.7
400900602,MIN,3457,24.0,7.5,7.2
400900602,MIN,3554,19.0,4.3,4.8
400900602,MIN,4267,15.0,1.2,0.7
400900602,MIN,2531100,5.0,1.0,0.7
400900602,MIN,2534781,27.0,2.8,2.1
400900602,MIN,2991139,32.0,12.5,11.1
400900602,MIN,2993875,22.0,14.5,12.6
400900602,MIN,3059319,30.0,10.0,9.2
400900602,MIN,3135046,28.0,20.9,17.7
400900602,MIN,3136195,36.0,29.9,23.7
400900603,DEN,558,28.0,2.5,0.4
400900603,DEN,3413,23.0,12.0,7.5
400900603,DEN,2488653,33.0,8.2,8.3
400900603,DEN,3112335,40.0,31.7,24.6
400900603,DEN,3907822,40.0,9.9,9.1
400900603,DEN,3936299,41.0,21.2,20.3
400900603,DEN,4017839,35.0,-0.7,-1.6
400900603,OKC,1978,9.0,5.4,5.8
400900603,OKC,3468,18.0,2.8,1.4
400900603,OKC,3986,22.0,9.4,7.6
400900603,OKC,6431,15.0,0.9,-0.9
400900603,OKC,6447,20.0,10.0,8.9
400900603,OKC,6469,26.0,8.0,4.9
400900603,OKC,2527963,25.0,6.6,4.0
400900603,OKC,2531364,24.0,8.7,5.7
400900603,OKC,2983526,18.0,2.8,4.4
400900603,OKC,2991070,17.0,13.3,11.5
400900603,OKC,2991235,14.0,6.9,5.1
400900603,OKC,2995702,18.0,7.2,6.7
400900603,OKC,3155942,14.0,-4.0,-4.2
400900604,ATL,1708,17.0,5.5,4.3
400900604,ATL,2433,28.0,2.9,1.1
400900604,ATL,2767,18.0,10.2,9.1
400900604,ATL,2806,30.0,9.1,8.9
400900604,ATL,3028,23.0,-3.5,-4.4
400900604,ATL,2282205,26.0,8.2,6.4
400900604,ATL,2488651,22.0,3.9,3.3
400900604,ATL,2490089,20.0,6.6,5.7
400900604,ATL,2990962,25.0,7.0,7.0
400900604,ATL,3062667,32.0,7.5,5.5
400900604,IND,2751,24.0,-1.9,-2.1
400900604,IND,2778,21.0,5.5,5.3
400900604,IND,3192,17.0,3.3,3.7
400900604,IND,3244,36.0,9.3,6.1
400900604,IND,4015,32.0,17.8,18.2
400900604,IND,4244,23.0,5.4,1.8
400900604,IND,4251,40.0,26.3,23.2
400900604,IND,4289,15.0,1.4,1.6
400900604,IND,3133628,33.0,18.4,13.5
400900605,SAS,272,18.0,3.9,2.7
400900605,SAS,996,23.0,9.4,8.4
400900605,SAS,1015,24.0,10.3,9.8
400900605,SAS,2772,13.0,-0.4,-1.0
400900605,SAS,2983,34.0,16.4,12.2
400900605,SAS,3988,20.0,2.9,0.0
400900605,SAS,4004,19.0,9.4,8.2
400900605,SAS,6426,12.0,4.2,3.3
400900605,SAS,6450,31.0,9.4,8.0
400900605,SAS,2579466,13.0,-0.7,-1.0
400900605,SAS,2580913,14.0,0.8,0.3
400900605,SAS,2993874,16.0,6.1,5.7
400900605,SAS,3907497,5.0,1.3,1.7
400900605,UTA,1007,17.0,6.7,6.7
400900605,UTA,2167,15.0,2.8,2.7
400900605,UTA,3438,22.0,14.4,13.5
400900605,UTA,4249,23.0,12.5,10.9
400900605,UTA,4257,21.0,6.6,2.1
400900605,UTA,6429,5.0,4.0,2.7
400900605,UTA,6454,26.0,13.4,11.8
400900605,UTA,2333797,6.0,3.3,2.3
400900605,UTA,2581177,23.0,3.7,2.6
400900605,UTA,2968436,28.0,4.8,4.4
400900605,UTA,3032976,29.0,7.9,5.6
400900605,UTA,3102528,17.0,2.6,2.1
400900605,UTA,3136196,9.0,-1.3,-1.8
400900606,LAC,165,23.0,11.8,11.8
400900606,LAC,662,2.0,-1.4,-1.4
400900606,LAC,2745,9.0,5.5,5.6
400900606,LAC,2753,17.0,3.2,2.7
400900606,LAC,2779,35.0,19.8,17.0
400900606,LAC,3024,29.0,15.0,14.1
400900606,LAC,3442,36.0,24.3,19.7
400900606,LAC,3451,33.0,8.8,7.6
400900606,LAC,3460,17.0,0.3,1.0
400900606,LAC,3989,34.0,16.9,14.6
400900606,LAC,4247,6.0,1.3,1.0
400900606,SAC,3187,34.0,18.3,17.7
400900606,SAC,2530572,42.0,11.9,10.8
400900606,SAC,2578213,31.0,9.7,8.9
400900606,SAC,2990984,37.0,10.1,10.1
400900606,SAC,2991282,35.0,17.1,13.6
400900606,SAC,3936296,33.0,2.3,2.6
400900606,SAC,4017846,28.0,1.6,2.8
400900607,GSW,2016,12.0,9.8,8.2
400900607,GSW,2177,14.0,-2.2,-1.9
400900607,GSW,2393,17.0,1.9,-1.0
400900607,GSW,3202,27.0,25.6,21.9
400900607,GSW,3452,18.0,9.8,8.8
400900607,GSW,3975,28.0,13.8,10.7
400900607,GSW,6475,26.0,9.2,6.9
400900607,GSW,2489785,22.0,1.1,-0.7
400900607,GSW,2594818,28.0,11.6,6.1
400900607,GSW,3064559,19.0,3.2,0.9
400900607,GSW,3137730,28.0,8.6,7.7
400900607,LAL,25,10.0,1.0,-0.5
400900607,LAL,3191,18.0,7.4,4.4
400900607,LAL,6618,18.0,-0.4,-0.6
400900607,LAL,2528393,14.0,4.9,5.8
400900607,LAL,2528426,32.0,9.3,8.2
400900607,LAL,2580365,30.0,14.8,10.5
400900607,LAL,3059281,38.0,7.0,7.1
400900607,LAL,3062744,25.0,3.1,3.0
400900607,LAL,3064514,24.0,11.9,10.2
400900607,LAL,3913176,29.0,4.0,0.6
400900608,NOP,3410,25.0,3.9,2.3
400900608,NOP,3974,19.0,11.7,8.8
400900608,NOP,3995,16.0,5.7,5.1
400900608,NOP,4243,23.0,11.1,9.8
400900608,NOP,6460,14.0,4.0,3.0
400900608,NOP,6464,17.0,2.3,-0.2
400900608,NOP,2488945,27.0,6.2,5.7
400900608,NOP,2488958,30.0,9.8,7.2
400900608,NOP,2566745,20.0,8.3,7.1
400900608,NOP,3037805,21.0,6.5,6.8
400900608,NOP,3919335,29.0,12.4,8.7
400900608,POR,4239,23.0,1.5,0.7
400900608,POR,6591,22.0,10.2,9.3
400900608,POR,6605,36.0,2.0,0.2
400900608,POR,2530780,26.0,14.8,13.4
400900608,POR,2578239,36.0,14.7,14.6
400900608,POR,2982268,37.0,3.9,4.1
400900608,POR,3078284,38.0,17.6,14.0
400900608,POR,4064730,22.0,1.1,-0.4
400928501,PHI,2767,23.0,6.1,5.6
400928501,PHI,3025,14.0,2.0,2.0
400928501,PHI,3993,25.0,16.7,14.1
400928501,PHI,2490620,36.0,20.6,15.1
400928501,PHI,2530530,34.0,11.9,9.7
400928501,PHI,2991042,28.0,11.2,11.1
400928501,PHI,2991280,25.0,12.5,10.5
400928501,PHI,3032978,27.0,17.6,17.1
400928501,PHI,3135048,22.0,10.9,11.4
400928501,PHI,3893019,6.0,-1.7,-2.0
400928501,SAC,1765,22.0,11.5,11.8
400928501,SAC,3187,36.0,3.0,3.0
400928501,SAC,3276,21.0,6.1,5.0
400928501,SAC,3444,17.0,4.3,4.4
400928501,SAC,3973,24.0,5.3,4.7
400928501,SAC,4000,27.0,7.1,7.0
400928501,SAC,4023,35.0,5.8,5.8
400928501,SAC,4258,32.0,39.3,36.7
400928501,SAC,2991282,20.0,13.1,11.2
400928501,SAC,3934663,6.0,-0.8,0.0
400933467,DET,4305,21.0,9.3,8.5
400933467,DET,6440,38.0,9.7,5.7
400933467,DET,6443,47.0,18.8,18.4
400933467,DET,6452,6.0,0.3,0.7
400933467,DET,6462,46.0,5.7,4.3
400933467,DET,6585,52.0,26.6,19.2
400933467,DET,2581018,48.0,23.4,19.2
400933467,DET,2968439,6.0,0.6,0.3
400933467,DET,3134881,25.0,6.2,4.1
400933467,POR,4239,25.0,4.3,1.8
400933467,POR,4248,37.0,14.6,12.9
400933467,POR,6591,26.0,2.8,1.5
400933467,POR,6605,18.0,2.6,2.6
400933467,POR,6606,43.0,12.4,9.7
400933467,POR,2488653,40.0,13.1,10.0
400933467,POR,2490149,44.0,27.6,25.0
400933467,POR,2531210,43.0,23.1,23.0
400933467,POR,3078284,13.0,2.0,1.4
400946146,MIN,3457,37.0,12.6,9.8
400946146,MIN,3554,12.0,1.2,1.3
400946146,MIN,4011,39.0,13.5,12.3
400946146,MIN,2531100,6.0,0.9,-0.3
400946146,MIN,2534781,39.0,9.1,7.8
400946146,MIN,2991139,6.0,-0.8,0.0
400946146,MIN,2993875,13.0,8.0,7.7
400946146,MIN,3059319,38.0,17.1,16.6
400946146,MIN,3135046,10.0,3.0,2.1
400946146,MIN,3136195,39.0,25.9,24.3
400946146,POR,4239,27.0,5.5,4.8
400946146,POR,4248,35.0,22.7,20.7
400946146,POR,6591,36.0,16.5,14.9
400946146,POR,6605,12.0,-2.0,-1.4
400946146,POR,6606,39.0,19.3,16.9
400946146,POR,2490149,35.0,12.8,10.3
400946146,POR,2531210,29.0,7.9,6.3
400946146,POR,3078284,26.0,12.9,9.8
400950314,BOS,2761,6.0,-0.5,-0.1
400950314,BOS,2769,18.0,1.3,0.5
400950314,BOS,3213,40.0,18.8,18.1
400950314,BOS,3998,4.0,0.3,0.7
400950314,BOS,4240,35.0,7.9,5.0
400950314,BOS,6472,38.0,23.4,21.8
400950314,BOS,6581,31.0,4.4,3.6
400950314,BOS,6631,3.0,-0.1,0.0
400950314,BOS,2489663,23.0,10.8,6.8
400950314,BOS,2990992,31.0,6.9,6.1
400950314,BOS,3917376,11.0,4.7,4.4
400950314,CHI,1987,34.0,9.9,6.1
400950314,CHI,3026,27.0,12.2,10.6
400950314,CHI,3447,34.0,15.1,15.0
400950314,CHI,6430,41.0,20.3,17.6
400950314,CHI,6459,19.0,-1.1,-2.2
400950314,CHI,2531047,21.0,2.5,1.3
400950314,CHI,3064482,29.0,21.0,18.0
400950314,CHI,3113587,14.0,4.3,2.1
400950314,CHI,3893023,22.0,3.5,1.6
400950315,CLE,1006,18.0,3.3,3.2
400950315,CLE,1966,43.0,31.7,28.4
400950315,CLE,2011,15.0,3.7,2.4
400950315,CLE,2444,37.0,2.8,3.0
400950315,CLE,2754,16.0,10.7,10.5
400950315,CLE,2798,10.0,3.3,3.7
400950315,CLE,3449,31.0,9.9,9.9
400950315,CLE,6442,39.0,12.7,10.3
400950315,CLE,6474,31.0,10.1,8.8
400950315,IND,2751,28.0,7.1,5.7
400950315,IND,2778,16.0,-0.1,1.6
400950315,IND,3192,7.0,3.7,3.4
400950315,IND,3244,33.0,10.7,10.7
400950315,IND,4015,36.0,10.0,11.0
400950315,IND,4244,27.0,13.9,12.2
400950315,IND,4251,41.0,20.7,19.4
400950315,IND,4289,16.0,5.3,6.5
400950315,IND,6424,4.0,-0.7,-1.0
400950315,IND,3133628,32.0,11.0,6.7
400950316,MIL,841,9.0,1.0,0.7
400950316,MIL,3211,7.0,2.3,2.0
400950316,MIL,3418,6.0,0.6,0.7
400950316,MIL,4260,26.0,14.6,12.2
400950316,MIL,4385,6.0,-2.2,-1.4
400950316,MIL,6609,41.0,7.4,7.4
400950316,MIL,2489716,32.0,5.2,4.9
400950316,MIL,2528353,24.0,7.4,7.7
400950316,MIL,2566769,34.0,11.4,10.4
400950316,MIL,3032977,38.0,24.0,20.5
400950316,MIL,3137733,2.0,0.0,0.0
400950316,MIL,4017843,15.0,6.0,3.1
400950316,TOR,3012,34.0,1.3,0.6
400950316,TOR,3033,29.0,4.8,5.0
400950316,TOR,3439,36.0,17.3,12.7
400950316,TOR,3970,24.0,2.2,1.9
400950316,TOR,3978,39.0,15.6,14.4
400950316,TOR,4264,16.0,1.9,1.0
400950316,TOR,6446,27.0,-0.4,0.4
400950316,TOR,6477,24.0,6.0,4.5
400950316,TOR,2595516,6.0,2.0,2.0
400950316,TOR,2991230,2.0,-0.4,0.0
400950316,TOR,3032980,1.0,1.6,1.3
400950316,TOR,3064447,2.0,0.0,0.0
400950316,TOR,3134908,2.0,1.0,0.0
400950317,ATL,1708,12.0,2.3,1.0
400950317,ATL,2384,29.0,9.2,5.7
400950317,ATL,2767,20.0,6.5,5.1
400950317,ATL,2806,8.0,0.9,0.0
400950317,ATL,3015,34.0,11.1,11.3
400950317,ATL,6637,28.0,8.8,9.0
400950317,ATL,2490089,13.0,5.5,5.7
400950317,ATL,2528210,28.0,0.3,-2.0
400950317,ATL,2990962,32.0,8.1,8.1
400950317,ATL,3032979,36.0,22.0,22.0
400950317,WAS,2758,31.0,13.7,12.3
400950317,WAS,3232,13.0,-3.9,-3.0
400950317,WAS,3593,14.0,1.9,0.6
400950317,WAS,3997,15.0,3.6,2.1
400950317,WAS,4237,37.0,27.9,26.8
400950317,WAS,6461,38.0,15.4,11.7
400950317,WAS,6580,39.0,13.1,11.0
400950317,WAS,6621,2.0,-0.4,0.0
400950317,WAS,2594922,32.0,10.7,9.8
400950317,WAS,3133603,19.0,10.1,8.4
400950318,GSW,2016,12.0,-0.2,0.7
400950318,GSW,2177,13.0,0.2,-0.3
400950318,GSW,2386,33.0,2.5,2.1
400950318,GSW,2393,15.0,1.9,2.4
400950318,GSW,3202,36.0,24.4,21.5
400950318,GSW,3452,10.0,8.8,7.2
400950318,GSW,3975,36.0,18.7,17.8
400950318,GSW,6475,35.0,8.6,7.0
400950318,GSW,6589,37.0,27.4,19.2
400950318,GSW,2489785,12.0,11.3,10.8
400950318,POR,4239,36.0,12.9,10.8
400950318,POR,4248,23.0,-5.8,-5.5
400950318,POR,6591,35.0,7.0,6.0
400950318,POR,6605,7.0,-0.3,0.1
400950318,POR,6606,39.0,23.9,21.1
400950318,POR,2490149,41.0,27.8,26.2
400950318,POR,2530780,10.0,3.3,2.3
400950318,POR,2531210,22.0,0.6,-0.2
400950318,POR,2578239,4.0,1.3,1.3
400950318,POR,3078284,23.0,-0.0,0.4
400950319,MEM,136,28.0,2.1,1.0
400950319,MEM,1017,26.0,-1.7,-2.2
400950319,MEM,3195,30.0,12.5,8.4
400950319,MEM,3206,34.0,25.5,24.2
400950319,MEM,3242,5.0,1.0,-0.7
400950319,MEM,2327577,15.0,0.7,2.0
400950319,MEM,2489530,16.0,-3.5,-3.1
400950319,MEM,2579321,20.0,4.7,3.1
400950319,MEM,3059316,27.0,1.4,-0.5
400950319,MEM,3064511,20.0,7.2,7.7
400950319,MEM,3064517,6.0,0.9,0.0
400950319,MEM,3136696,7.0,0.6,0.7
400950319,MEM,3937101,7.0,6.9,6.4
400950319,SAS,272,13.0,0.1,-0.7
400950319,SAS,996,25.0,2.7,1.6
400950319,SAS,1015,22.0,14.1,14.2
400950319,SAS,2772,15.0,4.5,2.6
400950319,SAS,2983,30.0,13.4,13.0
400950319,SAS,3988,20.0,6.6,2.0
400950319,SAS,4004,17.0,3.8,4.4
400950319,SAS,6426,7.0,2.3,2.3
400950319,SAS,6450,32.0,31.0,28.8
400950319,SAS,2579466,14.0,5.2,4.7
400950319,SAS,2580913,18.0,4.1,1.3
400950319,SAS,2993874,17.0,2.9,1.7
400950319,SAS,2994526,9.0,2.8,3.7
400950320,HOU,1713,19.0,14.0,14.3
400950320,HOU,2426,32.0,2.8,1.4
400950320,HOU,2799,26.0,3.9,3.8
400950320,HOU,3412,38.0,4.5,3.0
400950320,HOU,3431,29.0,4.2,3.7
400950320,HOU,3472,4.0,1.6,1.3
400950320,HOU,3964,26.0,19.4,15.5
400950320,HOU,3992,34.0,30.8,26.4
400950320,HOU,2991055,4.0,0.4,0.6
400950320,HOU,3078286,4.0,-0.7,-1.0
400950320,HOU,3102529,25.0,16.8,13.6
400950320,OKC,3468,34.0,8.7,5.2
400950320,OKC,3986,21.0,2.8,3.3
400950320,OKC,6431,6.0,-1.8,-1.4
400950320,OKC,6447,16.0,4.5,4.7
400950320,OKC,2527963,32.0,1.2,-0.9
400950320,OKC,2528588,3.0,2.0,2.0
400950320,OKC,2530596,35.0,18.6,13.9
400950320,OKC,2983526,14.0,7.0,5.8
400950320,OKC,2991070,27.0,6.5,5.7
400950320,OKC,2991235,28.0,4.4,2.6
400950320,OKC,2995702,20.0,-0.1,0.0
400950320,OKC,3155942,4.0,3.8,2.6
400950321,BOS,2769,9.0,2.3,3.1
400950321,BOS,3213,32.0,10.1,6.1
400950321,BOS,4240,40.0,5.4,3.6
400950321,BOS,6472,42.0,8.1,7.3
400950321,BOS,6581,35.0,11.6,12.2
400950321,BOS,6631,9.0,3.1,3.1
400950321,BOS,2489663,24.0,11.9,11.2
400950321,BOS,2990992,27.0,12.4,8.8
400950321,BOS,3064509,2.0,2.0,2.0
400950321,BOS,3074752,13.0,5.4,4.4
400950321,BOS,3917376,9.0,-0.7,-0.3
400950321,CHI,1987,32.0,16.5,16.1
400950321,CHI,3026,40.0,19.8,13.1
400950321,CHI,3447,32.0,20.9,17.7
400950321,CHI,6430,43.0,21.9,14.8
400950321,CHI,6459,28.0,9.8,7.7
400950321,CHI,2531047,6.0,-2.1,-2.1
400950321,CHI,2596108,4.0,1.3,0.3
400950321,CHI,2999549,1.0,0.0,0.0
400950321,CHI,3064482,9.0,3.2,2.7
400950321,CHI,3113587,16.0,1.0,1.7
400950321,CHI,3893023,29.0,10.2,11.5
400950322,GSW,2016,17.0,8.9,6.8
400950322,GSW,2177,14.0,9.9,9.2
400950322,GSW,2386,27.0,10.5,7.2
400950322,GSW,3452,13.0,16.6,12.3
400950322,GSW,3975,31.0,14.0,8.2
400950322,GSW,6475,31.0,3.8,3.6
400950322,GSW,6589,30.0,10.4,6.2
400950322,GSW,2489785,26.0,7.2,7.3
400950322,GSW,2594818,11.0,4.9,5.0
400950322,GSW,3064559,6.0,1.6,2.0
400950322,GSW,3137730,34.0,7.1,5.3
400950322,POR,4239,27.0,4.3,1.8
400950322,POR,4248,24.0,8.1,6.0
400950322,POR,6591,29.0,13.7,9.0
400950322,POR,6605,13.0,-1.0,-0.7
400950322,POR,6606,30.0,1.2,-1.2
400950322,POR,2490149,30.0,0.0,-1.5
400950322,POR,2530780,15.0,7.9,7.7
400950322,POR,2531210,24.0,0.7,-0.1
400950322,POR,2578239,14.0,2.8,1.3
400950322,POR,2982268,10.0,3.5,3.0
400950322,POR,3078284,19.0,3.2,1.6
400950322,POR,4064730,5.0,2.3,2.7
400950323,BOS,2761,20.0,2.7,3.6
400950323,BOS,2769,6.0,2.0,2.4
400950323,BOS,3213,33.0,21.9,15.7
400950323,BOS,3998,10.0,5.0,4.1
400950323,BOS,4240,36.0,18.0,14.2
400950323,BOS,6472,31.0,11.7,10.5
400950323,BOS,6581,33.0,11.8,9.7
400950323,BOS,2489663,14.0,1.2,0.7
400950323,BOS,2990992,29.0,9.3,6.8
400950323,BOS,3064509,1.0,-0.4,0.0
400950323,BOS,3074752,23.0,9.5,8.4
400950323,BOS,3917376,1.0,0.0,0.0
400950323,CHI,1987,33.0,11.6,8.9
400950323,CHI,3447,21.0,13.2,11.9
400950323,CHI,3474,4.0,3.4,3.4
400950323,CHI,6430,39.0,4.9,2.5
400950323,CHI,6459,26.0,10.3,8.4
400950323,CHI,2531047,15.0,-0.2,-0.7
400950323,CHI,2596108,23.0,0.1,-1.3
400950323,CHI,2959753,4.0,1.4,1.4
400950323,CHI,2999549,4.0,3.6,2.4
400950323,CHI,3064230,4.0,1.3,1.0
400950323,CHI,3064482,18.0,1.5,-1.0
400950323,CHI,3113587,23.0,4.1,2.1
400950323,CHI,3893023,25.0,7.2,5.7
400950324,GSW,2016,10.0,0.1,-2.1
400950324,GSW,2177,14.0,3.8,2.4
400950324,GSW,2386,36.0,13.4,11.3
400950324,GSW,3452,16.0,12.6,11.5
400950324,GSW,3975,39.0,28.6,25.4
400950324,GSW,6475,41.0,11.7,9.7
400950324,GSW,6589,40.0,15.5,8.8
400950324,GSW,2489785,16.0,3.1,3.3
400950324,GSW,3137730,29.0,15.9,12.5
400950324,POR,4239,40.0,14.9,11.5
400950324,POR,4248,31.0,10.1,6.4
400950324,POR,6591,20.0,-2.0,-0.8
400950324,POR,6606,40.0,21.3,19.7
400950324,POR,2490149,39.0,20.1,18.0
400950324,POR,2530780,5.0,-0.5,-0.7
400950324,POR,2531210,23.0,3.6,4.7
400950324,POR,3078284,25.0,8.3,8.3
400950324,POR,3102530,17.0,3.7,0.1
400950325,BOS,2761,23.0,13.2,12.1
400950325,BOS,3213,36.0,16.8,12.2
400950325,BOS,3998,10.0,2.9,2.7
400950325,BOS,4240,34.0,1.4,1.6
400950325,BOS,6472,36.0,22.4,21.8
400950325,BOS,6581,40.0,7.4,6.4
400950325,BOS,2489663,16.0,9.0,8.0
400950325,BOS,2990992,33.0,6.8,5.9
400950325,BOS,3074752,11.0,-0.1,-0.4
400950325,BOS,3917376,1.0,0.0,0.0
400950325,CHI,1987,38.0,7.8,4.7
400950325,CHI,3447,22.0,5.7,6.2
400950325,CHI,6430,46.0,29.6,29.0
400950325,CHI,6459,34.0,8.1,6.6
400950325,CHI,2490589,34.0,10.7,8.9
400950325,CHI,2531047,5.0,-1.4,-1.4
400950325,CHI,2596108,8.0,-2.1,-1.3
400950325,CHI,2959753,7.0,4.0,4.1
400950325,CHI,3064482,23.0,7.5,5.1
400950325,CHI,3113587,10.0,0.6,1.3
400950325,CHI,3893023,14.0,-1.5,-1.7
400950386,GSW,2016,19.0,11.4,9.1
400950386,GSW,2177,16.0,14.4,12.6
400950386,GSW,2386,24.0,6.5,5.4
400950386,GSW,3202,20.0,8.4,5.1
400950386,GSW,3452,10.0,3.4,2.3
400950386,GSW,3975,30.0,32.9,30.4
400950386,GSW,6475,30.0,12.2,11.6
400950386,GSW,6589,33.0,21.2,16.1
400950386,GSW,2489785,21.0,1.8,0.6
400950386,GSW,2594818,10.0,2.5,2.6
400950386,GSW,3064559,6.0,0.9,1.0
400950386,GSW,3137730,19.0,-0.5,-0.7
400950386,POR,4239,21.0,6.2,2.6
400950386,POR,4248,35.0,20.7,17.7
400950386,POR,6591,15.0,0.8,0.6
400950386,POR,6605,10.0,-2.3,-2.4
400950386,POR,6606,42.0,21.9,22.5
400950386,POR,2490149,31.0,-1.9,-2.9
400950386,POR,2530780,17.0,8.7,9.6
400950386,POR,2531210,24.0,4.5,4.0
400950386,POR,2578239,6.0,2.7,2.4
400950386,POR,2982268,6.0,1.3,1.3
400950386,POR,3078284,33.0,6.5,3.0
400950386,POR,4064730,2.0,0.0,0.0
400950387,BOS,2761,12.0,-0.2,0.3
400950387,BOS,3213,34.0,24.5,22.8
400950387,BOS,3998,10.0,1.6,0.0
400950387,BOS,4240,40.0,18.6,17.2
400950387,BOS,6472,36.0,16.0,14.3
400950387,BOS,6581,35.0,7.3,4.6
400950387,BOS,2489663,20.0,10.8,9.4
400950387,BOS,2990992,34.0,10.7,8.5
400950387,BOS,3074752,18.0,4.5,3.0
400950387,CHI,1987,35.0,22.6,19.2
400950387,CHI,3447,29.0,15.4,13.4
400950387,CHI,3474,17.0,6.9,7.1
400950387,CHI,6430,39.0,10.8,7.7
400950387,CHI,6459,35.0,4.2,3.2
400950387,CHI,2490589,36.0,4.1,3.7
400950387,CHI,2596108,4.0,1.7,1.7
400950387,CHI,2999549,2.0,0.0,0.0
400950387,CHI,3064482,12.0,-1.2,-1.4
400950387,CHI,3113587,15.0,5.8,4.8
400950387,CHI,3893023,18.0,3.0,3.7
400950389,BOS,2761,27.0,9.6,9.4
400950389,BOS,3213,27.0,16.8,15.7
400950389,BOS,3998,19.0,3.9,1.4
400950389,BOS,4240,31.0,21.4,21.6
400950389,BOS,6472,26.0,10.0,8.7
400950389,BOS,6581,28.0,9.8,7.3
400950389,BOS,6631,5.0,-0.1,-0.7
400950389,BOS,2489663,19.0,3.0,1.3
400950389,BOS,2990992,25.0,7.9,3.7
400950389,BOS,3064509,4.0,-1.1,-0.7
400950389,BOS,3074752,22.0,10.3,8.7
400950389,BOS,3917376,7.0,1.5,0.9
400950389,CHI,1987,19.0,-0.6,-1.8
400950389,CHI,3447,24.0,4.5,4.1
400950389,CHI,3474,8.0,-1.1,-1.4
400950389,CHI,6430,31.0,17.2,13.1
400950389,CHI,6459,20.0,4.3,4.4
400950389,CHI,2490589,25.0,6.0,6.4
400950389,CHI,2531047,5.0,2.0,1.7
400950389,CHI,2596108,14.0,4.2,4.6
400950389,CHI,2959753,15.0,8.3,7.4
400950389,CHI,2999549,16.0,0.1,-1.4
400950389,CHI,3064482,30.0,4.5,2.7
400950389,CHI,3113587,5.0,-1.1,-1.0
400950389,CHI,3893023,28.0,4.0,3.3
400950393,MEM,136,33.0,6.5,7.7
400950393,MEM,1017,36.0,13.7,9.1
400950393,MEM,3195,38.0,20.4,18.8
400950393,MEM,3206,39.0,6.6,4.6
400950393,MEM,3242,7.0,1.7,1.7
400950393,MEM,2327577,15.0,0.2,-0.1
400950393,MEM,2489530,7.0,-2.4,-2.4
400950393,MEM,2579321,26.0,8.8,7.0
400950393,MEM,3059316,16.0,-0.9,0.0
400950393,MEM,3064511,23.0,0.9,1.4
400950393,SAS,272,19.0,2.3,-1.3
400950393,SAS,996,30.0,8.9,7.8
400950393,SAS,1015,24.0,7.8,6.3
400950393,SAS,2772,14.0,5.0,3.4
400950393,SAS,2983,42.0,6.3,5.6
400950393,SAS,3988,29.0,11.0,10.1
400950393,SAS,4004,24.0,0.1,0.2
400950393,SAS,6450,40.0,31.1,28.9
400950393,SAS,2580913,10.0,1.7,1.7
400950393,SAS,2993874,8.0,1.0,0.7
400950394,CLE,1006,11.0,2.0,2.4
400950394,CLE,1966,42.0,20.1,11.1
400950394,CLE,2011,14.0,1.3,1.0
400950394,CLE,2444,18.0,0.3,0.3
400950394,CLE,2754,13.0,2.6,1.3
400950394,CLE,2798,16.0,8.4,8.8
400950394,CLE,3449,39.0,27.4,25.3
400950394,CLE,6442,34.0,23.2,23.2
400950394,CLE,6468,20.0,3.5,3.7
400950394,CLE,6474,32.0,5.0,2.5
400950394,IND,2751,25.0,2.7,1.4
400950394,IND,2778,16.0,5.8,5.1
400950394,IND,3244,33.0,16.7,12.3
400950394,IND,4015,35.0,18.6,17.6
400950394,IND,4244,26.0,10.5,9.8
400950394,IND,4251,42.0,25.8,23.2
400950394,IND,4289,11.0,2.9,2.4
400950394,IND,6424,5.0,0.3,0.0
400950394,IND,2991039,9.0,3.9,3.3
400950394,IND,3133628,37.0,4.1,1.3
400950395,MEM,136,36.0,4.2,3.4
400950395,MEM,1017,29.0,15.7,13.4
400950395,MEM,3195,34.0,21.6,21.3
400950395,MEM,3206,36.0,16.4,15.8
400950395,MEM,2327577,24.0,5.7,6.1
400950395,MEM,2579321,20.0,8.7,8.7
400950395,MEM,3059316,28.0,6.1,6.7
400950395,MEM,3064511,25.0,5.2,5.1
400950395,MEM,3064517,2.0,-0.4,0.0
400950395,MEM,3136696,3.0,-0.1,0.0
400950395,MEM,3937101,2.0,-0.7,-0.7
400950395,SAS,272,10.0,0.3,0.0
400950395,SAS,996,27.0,5.1,3.2
400950395,SAS,1015,19.0,-3.9,-3.8
400950395,SAS,2772,16.0,-4.5,-3.1
400950395,SAS,2983,30.0,16.4,13.3
400950395,SAS,3988,21.0,1.7,3.0
400950395,SAS,4004,22.0,6.1,5.7
400950395,SAS,6426,12.0,4.0,4.0
400950395,SAS,6450,30.0,14.9,13.8
400950395,SAS,2579466,16.0,8.6,8.4
400950395,SAS,2580913,10.0,-0.6,-0.4
400950395,SAS,2993874,18.0,12.9,12.9
400950395,SAS,3907497,7.0,2.7,3.0
400950396,CLE,1006,4.0,0.0,0.0
400950396,CLE,1966,45.0,35.4,31.0
400950396,CLE,2011,22.0,10.6,9.4
400950396,CLE,2444,31.0,8.7,9.3
400950396,CLE,2754,19.0,12.8,10.4
400950396,CLE,2798,22.0,6.9,6.1
400950396,CLE,3449,27.0,7.3,5.9
400950396,CLE,6442,28.0,2.3,2.1
400950396,CLE,6468,14.0,-0.3,0.0
400950396,CLE,6474,28.0,11.4,9.2
400950396,IND,2751,18.0,5.5,5.7
400950396,IND,2778,25.0,7.0,7.4
400950396,IND,3244,39.0,12.8,12.1
400950396,IND,4015,33.0,13.1,12.4
400950396,IND,4244,24.0,6.7,4.9
400950396,IND,4251,45.0,30.4,27.1
400950396,IND,4289,17.0,8.3,8.3
400950396,IND,2991039,9.0,5.4,5.1
400950396,IND,3133628,31.0,1.1,-1.5
400950397,MEM,136,33.0,6.6,6.8
400950397,MEM,1017,35.0,6.8,4.6
400950397,MEM,3195,42.0,28.4,25.9
400950397,MEM,3206,46.0,8.3,5.8
400950397,MEM,2327577,26.0,9.8,10.1
400950397,MEM,2489530,15.0,6.7,5.4
400950397,MEM,2579321,32.0,-2.6,-2.5
400950397,MEM,3059316,17.0,1.0,0.7
400950397,MEM,3064511,20.0,8.5,7.1
400950397,SAS,272,16.0,-2.5,-2.8
400950397,SAS,996,21.0,7.8,7.2
400950397,SAS,1015,37.0,14.0,13.8
400950397,SAS,2772,33.0,8.8,8.5
400950397,SAS,2983,42.0,8.4,7.4
400950397,SAS,3988,26.0,-1.3,-1.5
400950397,SAS,4004,23.0,5.5,4.7
400950397,SAS,6426,10.0,3.0,1.3
400950397,SAS,6450,44.0,32.9,26.4
400950397,SAS,2579466,7.0,0.0,0.0
400950397,SAS,2993874,6.0,-0.1,-0.7
400950398,MEM,136,32.0,8.1,7.4
400950398,MEM,1017,26.0,7.3,6.0
400950398,MEM,3195,35.0,24.8,19.9
400950398,MEM,3206,41.0,14.6,14.6
400950398,MEM,2327577,24.0,6.4,6.7
400950398,MEM,2489530,10.0,0.3,0.0
400950398,MEM,2579321,31.0,7.9,8.1
400950398,MEM,3059316,10.0,5.1,5.1
400950398,MEM,3064511,23.0,6.5,6.4
400950398,MEM,3064517,2.0,2.0,1.7
400950398,MEM,3136696,2.0,2.6,2.7
400950398,MEM,3937101,2.0,-0.4,0.0
400950398,SAS,272,18.0,12.8,9.9
400950398,SAS,996,16.0,7.5,7.7
400950398,SAS,1015,30.0,11.8,10.2
400950398,SAS,2772,26.0,12.5,10.9
400950398,SAS,2983,38.0,10.0,7.7
400950398,SAS,3988,22.0,2.9,2.7
400950398,SAS,4004,22.0,16.3,16.5
400950398,SAS,6426,14.0,1.5,1.3
400950398,SAS,6450,39.0,23.1,22.2
400950398,SAS,2579466,9.0,-0.1,0.3
400950398,SAS,2580913,2.0,1.9,2.0
400950398,SAS,2993874,2.0,0.0,0.0
400950398,SAS,3907497,2.0,-0.1,-0.1
400950399,CLE,1966,45.0,26.3,18.3
400950399,CLE,2011,18.0,1.8,0.9
400950399,CLE,2444,29.0,3.1,1.0
400950399,CLE,2754,13.0,7.4,6.4
400950399,CLE,2798,13.0,12.5,13.8
400950399,CLE,3449,35.0,1.9,-1.7
400950399,CLE,6442,37.0,17.2,14.9
400950399,CLE,6468,17.0,1.5,0.6
400950399,CLE,6474,34.0,8.2,7.2
400950399,IND,2751,6.0,-1.5,-1.8
400950399,IND,2778,25.0,4.5,4.0
400950399,IND,3244,34.0,11.8,8.4
400950399,IND,4015,39.0,17.1,12.6
400950399,IND,4244,30.0,14.2,14.8
400950399,IND,4251,44.0,8.5,3.5
400950399,IND,4289,15.0,1.9,2.0
400950399,IND,6424,1.0,0.0,0.0
400950399,IND,2991039,13.0,4.3,5.1
400950399,IND,3133628,33.0,13.5,12.4
400950400,MEM,136,32.0,6.0,6.4
400950400,MEM,1017,38.0,6.8,4.9
400950400,MEM,3195,45.0,17.3,17.3
400950400,MEM,3206,45.0,14.3,15.1
400950400,MEM,2327577,14.0,-1.0,0.3
400950400,MEM,2489530,21.0,5.7,4.1
400950400,MEM,2579321,29.0,8.5,8.1
400950400,MEM,3059316,8.0,0.6,1.0
400950400,MEM,3064511,8.0,4.3,4.7
400950400,SAS,272,17.0,1.5,1.0
400950400,SAS,996,20.0,-4.7,-4.8
400950400,SAS,1015,31.0,24.4,24.1
400950400,SAS,2772,26.0,6.9,6.8
400950400,SAS,2983,42.0,9.2,9.1
400950400,SAS,3988,27.0,5.3,4.6
400950400,SAS,4004,22.0,6.6,7.1
400950400,SAS,6426,4.0,-1.5,-1.7
400950400,SAS,6450,40.0,26.4,22.4
400950400,SAS,2579466,8.0,-0.4,0.0
400950400,SAS,2580913,3.0,2.3,2.4
400950404,HOU,1713,25.0,7.7,5.3
400950404,HOU,2426,40.0,3.1,1.0
400950404,HOU,2799,21.0,17.5,16.5
400950404,HOU,3412,29.0,-0.8,-1.2
400950404,HOU,3431,30.0,15.5,14.4
400950404,HOU,3964,34.0,12.7,12.2
400950404,HOU,3992,37.0,23.9,23.7
400950404,HOU,3102529,23.0,8.7,4.6
400950404,OKC,3468,41.0,38.9,33.0
400950404,OKC,3986,21.0,5.7,5.7
400950404,OKC,6447,8.0,3.3,2.7
400950404,OKC,6469,10.0,-1.2,-0.7
400950404,OKC,2527963,41.0,5.8,3.6
400950404,OKC,2528588,14.0,9.4,9.1
400950404,OKC,2530596,37.0,14.9,10.9
400950404,OKC,2983526,7.0,0.3,0.0
400950404,OKC,2991070,26.0,10.3,7.4
400950404,OKC,2991235,27.0,7.3,6.1
400950404,OKC,2995702,4.0,-0.7,-0.7
400950404,OKC,3155942,2.0,-1.2,-0.7
400950406,HOU,1713,15.0,3.3,1.9
400950406,HOU,2426,39.0,4.3,2.9
400950406,HOU,2799,30.0,17.0,16.8
400950406,HOU,3412,33.0,12.4,11.8
400950406,HOU,3431,36.0,9.4,7.0
400950406,HOU,3964,25.0,-4.7,-3.8
400950406,HOU,3992,38.0,31.8,31.6
400950406,HOU,3102529,23.0,3.8,1.2
400950406,OKC,3468,39.0,26.1,20.7
400950406,OKC,3986,29.0,10.4,10.6
400950406,OKC,6431,9.0,4.0,4.4
400950406,OKC,6447,10.0,7.6,6.7
400950406,OKC,2527963,35.0,11.4,9.5
400950406,OKC,2528588,16.0,4.6,4.0
400950406,OKC,2530596,38.0,15.1,11.3
400950406,OKC,2991070,19.0,4.6,5.1
400950406,OKC,2991235,26.0,5.9,4.8
400950406,OKC,2995702,18.0,6.5,6.7
400950407,HOU,1713,25.0,26.5,25.7
400950407,HOU,2426,43.0,15.8,11.8
400950407,HOU,2799,32.0,13.2,11.7
400950407,HOU,3412,20.0,4.6,5.4
400950407,HOU,3431,36.0,13.6,11.6
400950407,HOU,3964,27.0,1.6,-2.2
400950407,HOU,3992,39.0,6.9,5.0
400950407,HOU,3102529,18.0,1.1,0.7
400950407,OKC,3468,39.0,30.9,23.8
400950407,OKC,3986,22.0,2.8,2.7
400950407,OKC,6431,9.0,-3.9,-4.1
400950407,OKC,6447,8.0,-1.2,-2.1
400950407,OKC,2527963,39.0,14.5,12.2
400950407,OKC,2528588,19.0,1.9,0.6
400950407,OKC,2530596,38.0,8.4,3.8
400950407,OKC,2991070,14.0,7.6,8.2
400950407,OKC,2991235,37.0,18.8,15.2
400950407,OKC,2995702,15.0,4.3,4.4
400950408,MIL,841,6.0,4.7,3.4
400950408,MIL,3211,6.0,2.3,2.4
400950408,MIL,4260,22.0,16.4,15.2
400950408,MIL,4385,13.0,-1.2,-1.4
400950408,MIL,6609,41.0,12.7,11.0
400950408,MIL,2489716,22.0,2.4,1.9
400950408,MIL,2528353,31.0,11.3,11.1
400950408,MIL,2566769,37.0,2.5,1.3
400950408,MIL,3032977,42.0,18.6,15.1
400950408,MIL,4017843,20.0,5.2,4.1
400950408,TOR,3012,39.0,18.8,15.1
400950408,TOR,3033,28.0,4.2,3.6
400950408,TOR,3439,36.0,13.4,11.1
400950408,TOR,3970,17.0,6.4,7.3
400950408,TOR,3978,38.0,15.0,13.7
400950408,TOR,4264,30.0,9.2,5.7
400950408,TOR,6446,18.0,5.9,7.1
400950408,TOR,6477,22.0,6.4,5.7
400950408,TOR,3064447,8.0,2.4,2.1
400950408,TOR,3134908,4.0,1.6,1.7
400950409,HOU,1713,26.0,8.5,6.6
400950409,HOU,2426,36.0,-1.4,0.3
400950409,HOU,2799,33.0,16.8,14.7
400950409,HOU,3412,24.0,-0.9,-1.1
400950409,HOU,3431,35.0,4.2,3.2
400950409,HOU,3964,27.0,14.3,14.0
400950409,HOU,3992,38.0,22.7,17.8
400950409,HOU,3102529,22.0,11.4,7.0
400950409,OKC,3468,42.0,29.8,30.0
400950409,OKC,3986,25.0,7.3,6.4
400950409,OKC,6447,3.0,-2.2,-1.4
400950409,OKC,2527963,34.0,-0.7,-2.3
400950409,OKC,2528588,14.0,0.2,0.0
400950409,OKC,2530596,37.0,4.9,0.2
400950409,OKC,2991070,24.0,10.4,9.8
400950409,OKC,2991235,39.0,13.0,8.9
400950409,OKC,2995702,22.0,3.8,4.5
400950410,MIL,841,18.0,-2.6,-2.8
400950410,MIL,3211,4.0,-1.1,-1.0
400950410,MIL,3418,20.0,6.3,6.7
400950410,MIL,4260,23.0,14.6,12.5
400950410,MIL,6609,34.0,20.1,17.6
400950410,MIL,2489716,28.0,6.0,6.5
400950410,MIL,2528353,25.0,2.7,3.7
400950410,MIL,2566769,28.0,6.3,4.9
400950410,MIL,3032977,33.0,18.0,12.6
400950410,MIL,3137733,6.0,4.7,4.7
400950410,MIL,4017843,21.0,8.9,9.8
400950410,TOR,3012,35.0,5.8,5.6
400950410,TOR,3033,14.0,1.2,-0.3
400950410,TOR,3439,26.0,0.0,-0.4
400950410,TOR,3970,14.0,4.3,0.6
400950410,TOR,3978,31.0,-0.8,-0.6
400950410,TOR,4264,23.0,1.8,0.6
400950410,TOR,6446,16.0,-1.1,-0.3
400950410,TOR,6477,20.0,4.4,3.8
400950410,TOR,2595516,15.0,12.0,9.4
400950410,TOR,2991230,6.0,0.0,0.0
400950410,TOR,3032980,4.0,1.7,1.7
400950410,TOR,3064447,27.0,10.8,10.4
400950410,TOR,3134908,9.0,2.7,2.6
400950413,MIL,841,13.0,1.9,1.0
400950413,MIL,3418,15.0,-0.0,-0.1
400950413,MIL,4260,24.0,14.4,10.9
400950413,MIL,6609,36.0,3.3,0.2
400950413,MIL,2489716,20.0,0.9,0.7
400950413,MIL,2528353,38.0,12.8,13.1
400950413,MIL,2566769,28.0,-1.2,-2.3
400950413,MIL,3032977,42.0,3.8,0.2
400950413,MIL,4017843,24.0,5.7,5.1
400950413,TOR,3012,43.0,15.0,12.8
400950413,TOR,3033,28.0,-2.3,-1.4
400950413,TOR,3439,26.0,5.8,1.5
400950413,TOR,3970,20.0,2.0,-1.1
400950413,TOR,3978,40.0,27.8,21.9
400950413,TOR,4264,8.0,-0.4,-0.7
400950413,TOR,6446,8.0,-4.1,-4.1
400950413,TOR,6477,22.0,7.4,6.5
400950413,TOR,2595516,34.0,11.0,10.7
400950413,TOR,3064447,11.0,2.3,-0.3
400950414,LAC,165,24.0,3.8,3.9
400950414,LAC,662,9.0,4.0,4.8
400950414,LAC,2753,17.0,6.4,4.8
400950414,LAC,2779,33.0,18.8,16.1
400950414,LAC,3024,33.0,0.9,0.3
400950414,LAC,3442,35.0,16.7,13.8
400950414,LAC,3451,38.0,4.8,3.8
400950414,LAC,3460,13.0,6.2,6.1
400950414,LAC,3989,39.0,17.7,15.8
400950414,UTA,1007,29.0,3.3,3.2
400950414,UTA,2167,25.0,6.7,5.1
400950414,UTA,3438,37.0,6.3,5.4
400950414,UTA,4249,39.0,13.3,11.9
400950414,UTA,4257,33.0,11.7,10.0
400950414,UTA,6454,11.0,4.0,3.7
400950414,UTA,2333797,9.0,4.0,3.8
400950414,UTA,2581177,25.0,6.1,4.9
400950414,UTA,2968436,33.0,8.0,4.4
400950415,MIL,841,5.0,-1.1,-0.3
400950415,MIL,3418,7.0,-2.0,-3.0
400950415,MIL,4260,22.0,6.2,5.4
400950415,MIL,4385,9.0,2.3,1.0
400950415,MIL,6592,3.0,1.0,1.0
400950415,MIL,6609,36.0,11.5,6.8
400950415,MIL,2489716,22.0,1.5,1.6
400950415,MIL,2528353,36.0,7.3,8.1
400950415,MIL,2566769,33.0,13.8,14.2
400950415,MIL,3032977,41.0,26.6,21.1
400950415,MIL,3137733,3.0,-0.7,-0.7
400950415,MIL,4017843,23.0,2.9,1.2
400950415,TOR,3012,36.0,17.6,16.3
400950415,TOR,3033,24.0,2.1,1.0
400950415,TOR,3439,25.0,18.6,15.3
400950415,TOR,3970,22.0,12.2,9.8
400950415,TOR,3978,33.0,11.9,11.5
400950415,TOR,4264,14.0,3.0,3.0
400950415,TOR,6446,20.0,7.2,6.4
400950415,TOR,6477,21.0,7.3,5.0
400950415,TOR,2595516,34.0,23.0,19.3
400950415,TOR,2991230,3.0,3.4,3.4
400950415,TOR,3032980,2.0,0.2,0.0
400950415,TOR,3064447,3.0,-1.4,-1.0
400950415,TOR,3134908,2.0,0.0,0.0
400950416,MIL,841,18.0,6.5,5.7
400950416,MIL,4260,24.0,5.6,3.8
400950416,MIL,6592,9.0,1.2,0.0
400950416,MIL,6609,42.0,13.2,11.6
400950416,MIL,2489716,34.0,11.3,9.4
400950416,MIL,2528353,31.0,0.7,0.0
400950416,MIL,2566769,23.0,2.8,0.6
400950416,MIL,3032977,47.0,24.7,20.5
400950416,MIL,4017843,13.0,3.4,0.0
400950416,TOR,3012,44.0,13.2,9.4
400950416,TOR,3033,21.0,0.6,1.0
400950416,TOR,3439,31.0,4.9,2.6
400950416,TOR,3970,13.0,4.7,4.4
400950416,TOR,3978,40.0,24.5,19.4
400950416,TOR,4264,23.0,8.3,6.1
400950416,TOR,6446,15.0,4.3,4.0
400950416,TOR,6477,17.0,3.8,2.3
400950416,TOR,2595516,31.0,2.4,3.7
400950416,TOR,3064447,6.0,4.4,4.8
400950417,LAC,165,29.0,-0.3,-0.8
400950417,LAC,662,3.0,1.0,0.7
400950417,LAC,2753,15.0,2.6,2.7
400950417,LAC,2779,37.0,27.1,23.8
400950417,LAC,3024,27.0,0.1,1.0
400950417,LAC,3442,37.0,12.3,6.8
400950417,LAC,3451,36.0,4.4,4.6
400950417,LAC,3460,14.0,6.8,6.0
400950417,LAC,3989,43.0,13.7,11.7
400950417,UTA,1007,31.0,20.1,15.9
400950417,UTA,2167,23.0,10.2,9.3
400950417,UTA,3438,37.0,9.3,9.4
400950417,UTA,4249,40.0,9.9,7.0
400950417,UTA,4257,32.0,10.7,10.4
400950417,UTA,6454,14.0,-0.5,-0.7
400950417,UTA,2333797,9.0,1.8,1.6
400950417,UTA,2581177,19.0,3.7,4.6
400950417,UTA,2968436,33.0,6.8,3.9
400950419,LAC,165,27.0,5.3,3.3
400950419,LAC,662,21.0,0.8,-0.7
400950419,LAC,2753,14.0,6.7,7.1
400950419,LAC,2779,36.0,31.4,29.1
400950419,LAC,3024,27.0,3.2,3.9
400950419,LAC,3442,39.0,12.2,10.8
400950419,LAC,3451,37.0,14.5,13.1
400950419,LAC,3460,19.0,6.4,4.6
400950419,LAC,3989,18.0,11.3,8.8
400950419,LAC,4247,4.0,-0.1,0.0
400950419,UTA,1007,34.0,7.0,8.7
400950419,UTA,2167,24.0,1.1,-0.4
400950419,UTA,3438,36.0,20.7,21.1
400950419,UTA,4249,42.0,30.4,27.9
400950419,UTA,4257,38.0,1.1,0.6
400950419,UTA,6454,8.0,-0.5,-1.4
400950419,UTA,2581177,20.0,2.8,3.2
400950419,UTA,2968361,3.0,4.4,4.4
400950419,UTA,2968436,34.0,7.0,6.7
400950420,ATL,1708,6.0,-0.4,0.0
400950420,ATL,2384,20.0,4.4,2.8
400950420,ATL,2767,16.0,2.9,1.7
400950420,ATL,2806,8.0,3.0,2.4
400950420,ATL,3015,35.0,21.9,17.7
400950420,ATL,3028,4.0,-1.5,-1.5
400950420,ATL,6637,25.0,2.6,2.0
400950420,ATL,2490089,23.0,0.1,-1.1
400950420,ATL,2528210,35.0,8.1,9.3
400950420,ATL,2990962,30.0,9.3,8.8
400950420,ATL,3032979,38.0,16.1,15.3
400950420,WAS,2758,35.0,19.6,15.1
400950420,WAS,3232,28.0,7.3,6.1
400950420,WAS,3593,22.0,2.1,1.8
400950420,WAS,3997,17.0,10.7,10.2
400950420,WAS,4237,39.0,26.1,22.7
400950420,WAS,6461,20.0,2.6,2.3
400950420,WAS,6580,42.0,17.0,14.5
400950420,WAS,2594922,23.0,2.2,0.3
400950420,WAS,3133603,13.0,0.3,-0.1
400950421,LAC,165,31.0,18.6,19.6
400950421,LAC,662,12.0,-0.8,-0.7
400950421,LAC,2753,22.0,11.6,8.7
400950421,LAC,2779,38.0,24.4,22.6
400950421,LAC,3024,42.0,1.1,1.5
400950421,LAC,3442,37.0,10.9,10.3
400950421,LAC,3451,34.0,3.6,-0.9
400950421,LAC,3460,21.0,1.3,0.9
400950421,LAC,4247,4.0,0.2,0.6
400950421,UTA,1007,35.0,25.1,24.1
400950421,UTA,2167,10.0,-2.5,-3.4
400950421,UTA,3438,41.0,4.8,4.9
400950421,UTA,4249,9.0,0.9,0.3
400950421,UTA,4257,24.0,16.5,13.0
400950421,UTA,6454,5.0,-0.4,0.0
400950421,UTA,2581177,35.0,10.5,10.2
400950421,UTA,2968361,7.0,-0.2,-0.3
400950421,UTA,2968436,38.0,14.4,11.4
400950421,UTA,3032976,24.0,17.2,12.9
400950421,UTA,3102528,12.0,3.0,3.4
400950422,ATL,1708,15.0,1.3,1.4
400950422,ATL,2384,27.0,8.2,5.0
400950422,ATL,2433,3.0,0.7,0.0
400950422,ATL,2767,19.0,2.1,1.3
400950422,ATL,2806,13.0,2.9,3.1
400950422,ATL,3015,33.0,26.3,21.8
400950422,ATL,3028,3.0,0.2,0.6
400950422,ATL,6637,21.0,7.6,5.0
400950422,ATL,2282205,3.0,7.0,6.7
400950422,ATL,2490089,15.0,4.6,3.3
400950422,ATL,2528210,29.0,2.4,2.9
400950422,ATL,2990962,28.0,14.0,11.8
400950422,ATL,3032979,31.0,18.1,18.1
400950422,WAS,2758,29.0,3.0,1.0
400950422,WAS,3232,8.0,-1.2,0.0
400950422,WAS,3593,27.0,8.3,6.2
400950422,WAS,3997,17.0,11.2,11.2
400950422,WAS,4237,32.0,26.8,25.7
400950422,WAS,6461,29.0,1.0,-1.2
400950422,WAS,6580,35.0,1.5,0.8
400950422,WAS,6621,9.0,0.3,-0.6
400950422,WAS,2594885,3.0,2.3,2.7
400950422,WAS,2594922,24.0,3.5,3.0
400950422,WAS,2991050,3.0,-1.7,-1.7
400950422,WAS,3133603,24.0,3.1,2.6
400950423,LAC,165,23.0,-1.2,-0.4
400950423,LAC,662,14.0,2.5,2.0
400950423,LAC,2745,4.0,2.0,1.0
400950423,LAC,2753,17.0,-1.7,-1.1
400950423,LAC,2779,38.0,23.6,23.0
400950423,LAC,3024,34.0,19.4,19.7
400950423,LAC,3442,40.0,13.4,10.0
400950423,LAC,3451,37.0,8.1,4.3
400950423,LAC,3460,13.0,-2.2,-2.8
400950423,LAC,4247,3.0,1.3,0.0
400950423,LAC,6617,18.0,-1.9,-2.1
400950423,UTA,1007,31.0,11.1,8.4
400950423,UTA,2167,14.0,7.1,7.5
400950423,UTA,3438,36.0,8.4,8.4
400950423,UTA,4249,41.0,25.2,23.3
400950423,UTA,4257,12.0,2.4,1.7
400950423,UTA,2581177,29.0,7.6,5.9
400950423,UTA,2968361,8.0,1.6,1.4
400950423,UTA,2968436,29.0,0.8,0.0
400950423,UTA,3032976,36.0,12.3,5.9
400950423,UTA,3102528,4.0,0.0,0.0
400950424,LAC,165,29.0,7.6,6.7
400950424,LAC,662,22.0,1.8,2.4
400950424,LAC,2753,20.0,0.8,0.0
400950424,LAC,2779,38.0,21.5,20.2
400950424,LAC,3024,21.0,1.2,1.3
400950424,LAC,3442,38.0,4.9,2.7
400950424,LAC,3451,29.0,10.6,10.0
400950424,LAC,3460,10.0,8.4,7.8
400950424,LAC,6617,35.0,8.1,7.7
400950424,UTA,1007,34.0,3.9,4.0
400950424,UTA,2167,14.0,5.3,5.1
400950424,UTA,3438,32.0,18.0,17.3
400950424,UTA,4249,42.0,25.0,21.0
400950424,UTA,4257,15.0,4.4,1.0
400950424,UTA,2581177,24.0,-3.8,-3.2
400950424,UTA,2968361,14.0,2.6,3.0
400950424,UTA,2968436,32.0,0.3,0.0
400950424,UTA,3032976,33.0,15.6,11.2
400950425,ATL,1708,7.0,-1.7,-2.0
400950425,ATL,2384,30.0,14.5,11.7
400950425,ATL,2767,22.0,6.5,6.4
400950425,ATL,2806,20.0,8.0,9.2
400950425,ATL,3015,36.0,15.9,12.7
400950425,ATL,3028,1.0,0.0,0.0
400950425,ATL,6637,24.0,16.9,13.1
400950425,ATL,2490089,8.0,-1.4,-1.4
400950425,ATL,2528210,31.0,8.1,7.0
400950425,ATL,2990962,32.0,9.5,8.5
400950425,ATL,3032979,28.0,9.3,9.6
400950425,WAS,2758,35.0,7.8,3.5
400950425,WAS,3232,24.0,3.5,3.1
400950425,WAS,3593,18.0,9.6,8.4
400950425,WAS,3997,11.0,3.2,3.3
400950425,WAS,4237,41.0,14.4,11.7
400950425,WAS,6461,24.0,2.8,3.9
400950425,WAS,6580,39.0,22.6,20.7
400950425,WAS,2594922,39.0,11.2,8.3
400950425,WAS,3133603,9.0,-4.0,-3.4
400950426,LAC,165,32.0,13.6,13.1
400950426,LAC,662,22.0,5.8,5.4
400950426,LAC,2753,24.0,6.0,5.8
400950426,LAC,2779,40.0,5.4,5.0
400950426,LAC,3024,22.0,-0.5,-1.1
400950426,LAC,3442,40.0,20.9,18.5
400950426,LAC,3451,15.0,1.8,1.3
400950426,LAC,3460,9.0,4.0,4.6
400950426,LAC,6617,38.0,1.7,0.9
400950426,UTA,1007,30.0,7.7,6.6
400950426,UTA,2167,17.0,9.8,7.5
400950426,UTA,3438,35.0,13.0,13.6
400950426,UTA,4249,42.0,16.9,16.4
400950426,UTA,4257,30.0,17.7,17.0
400950426,UTA,6454,3.0,0.0,0.0
400950426,UTA,2333797,3.0,-0.4,0.0
400950426,UTA,2581177,20.0,8.2,6.7
400950426,UTA,2968361,2.0,-0.7,-0.7
400950426,UTA,2968436,36.0,14.8,9.4
400950426,UTA,3032976,13.0,-1.3,-0.1
400950426,UTA,3102528,8.0,2.0,0.7
400950427,ATL,1708,12.0,3.9,4.0
400950427,ATL,2384,28.0,5.4,3.3
400950427,ATL,2767,9.0,0.9,0.7
400950427,ATL,2806,10.0,0.9,0.7
400950427,ATL,3015,35.0,12.4,9.6
400950427,ATL,6637,23.0,-1.6,-1.1
400950427,ATL,2490089,16.0,2.8,3.4
400950427,ATL,2528210,38.0,4.2,4.0
400950427,ATL,2990962,32.0,8.6,7.1
400950427,ATL,3032979,38.0,27.2,27.4
400950427,WAS,2758,39.0,5.6,1.9
400950427,WAS,3232,16.0,0.8,-0.2
400950427,WAS,3593,24.0,14.2,12.8
400950427,WAS,3997,16.0,3.0,2.8
400950427,WAS,4237,39.0,17.4,16.1
400950427,WAS,6461,20.0,3.5,3.3
400950427,WAS,6580,41.0,21.4,15.9
400950427,WAS,2594922,31.0,19.1,16.4
400950427,WAS,3133603,13.0,5.3,4.4
400950428,ATL,1708,1.0,0.0,0.0
400950428,ATL,2384,23.0,7.6,5.9
400950428,ATL,2767,5.0,0.9,1.3
400950428,ATL,2806,16.0,6.0,5.4
400950428,ATL,3015,46.0,25.9,21.1
400950428,ATL,6637,30.0,2.4,1.5
400950428,ATL,2490089,7.0,0.3,0.7
400950428,ATL,2528210,40.0,3.2,3.4
400950428,ATL,2990962,33.0,2.8,1.4
400950428,ATL,3032979,40.0,22.3,21.2
400950428,WAS,2758,18.0,0.6,0.4
400950428,WAS,3232,11.0,-0.9,0.0
400950428,WAS,3593,25.0,8.3,6.0
400950428,WAS,3997,16.0,-1.0,-1.0
400950428,WAS,4237,44.0,34.4,29.1
400950428,WAS,6461,40.0,14.8,11.0
400950428,WAS,6580,34.0,26.0,23.6
400950428,WAS,6621,1.0,0.0,0.0
400950428,WAS,2594885,1.0,0.0,0.0
400950428,WAS,2594922,28.0,10.0,7.5
400950428,WAS,2991050,1.0,-0.1,0.0
400950428,WAS,3133603,21.0,7.4,3.3
400952462,CLE,1966,41.0,28.2,24.9
400952462,CLE,2008,3.0,-0.1,0.7
400952462,CLE,2011,17.0,2.9,3.7
400952462,CLE,2444,22.0,4.5,4.7
400952462,CLE,2754,12.0,2.6,2.3
400952462,CLE,2798,18.0,4.5,3.1
400952462,CLE,3449,32.0,14.8,10.2
400952462,CLE,6442,35.0,21.0,18.8
400952462,CLE,6468,18.0,4.2,3.4
400952462,CLE,6474,38.0,14.2,10.4
400952462,CLE,6480,3.0,-0.3,-1.0
400952462,TOR,3012,40.0,18.4,18.4
400952462,TOR,3033,26.0,11.8,9.5
400952462,TOR,3439,32.0,9.7,9.4
400952462,TOR,3970,15.0,4.6,3.4
400952462,TOR,3978,35.0,9.5,8.0
400952462,TOR,4264,22.0,3.2,2.3
400952462,TOR,6446,10.0,0.6,1.0
400952462,TOR,6477,21.0,3.4,2.0
400952462,TOR,2595516,21.0,4.3,3.3
400952462,TOR,2991230,3.0,6.1,5.1
400952462,TOR,3064447,8.0,1.3,1.3
400952462,TOR,3134908,3.0,2.4,1.7
400952462,TOR,3149673,3.0,1.0,0.7
400952463,CLE,1006,6.0,-1.4,-1.0
400952463,CLE,1966,37.0,36.0,31.3
400952463,CLE,2008,2.0,0.0,0.0
400952463,CLE,2009,2.0,-1.0,-1.0
400952463,CLE,2011,20.0,2.9,1.0
400952463,CLE,2444,31.0,7.9,4.7
400952463,CLE,2754,18.0,14.3,14.4
400952463,CLE,2798,18.0,4.1,4.9
400952463,CLE,3449,21.0,2.9,1.7
400952463,CLE,6442,30.0,18.0,16.8
400952463,CLE,6468,27.0,11.1,10.5
400952463,CLE,6474,29.0,11.5,9.8
400952463,TOR,3012,30.0,14.6,15.5
400952463,TOR,3033,16.0,-1.6,-1.0
400952463,TOR,3439,26.0,9.0,8.4
400952463,TOR,3970,19.0,-2.5,-5.5
400952463,TOR,3978,31.0,0.3,0.1
400952463,TOR,4264,18.0,4.7,3.1
400952463,TOR,6446,25.0,17.2,15.2
400952463,TOR,6477,20.0,18.2,17.1
400952463,TOR,2595516,27.0,5.4,4.1
400952463,TOR,2991230,2.0,0.3,0.0
400952463,TOR,3064447,15.0,4.7,3.4
400952463,TOR,3134908,6.0,2.3,1.7
400952463,TOR,3149673,7.0,0.6,0.0
400952464,CLE,1966,41.0,29.9,26.9
400952464,CLE,2008,2.0,-0.4,0.0
400952464,CLE,2009,2.0,0.0,0.0
400952464,CLE,2011,21.0,13.3,11.1
400952464,CLE,2444,17.0,3.7,4.7
400952464,CLE,2754,10.0,4.0,2.7
400952464,CLE,2798,16.0,-0.1,0.4
400952464,CLE,3449,32.0,12.2,8.4
400952464,CLE,6442,32.0,7.4,6.6
400952464,CLE,6468,26.0,3.7,3.7
400952464,CLE,6474,38.0,10.0,8.0
400952464,CLE,6480,3.0,3.4,3.4
400952464,TOR,3033,19.0,4.6,3.7
400952464,TOR,3439,35.0,5.0,4.6
400952464,TOR,3970,4.0,-0.8,-0.7
400952464,TOR,3978,40.0,30.2,27.8
400952464,TOR,4264,20.0,1.3,0.7
400952464,TOR,6446,33.0,2.4,0.6
400952464,TOR,6477,33.0,15.4,14.5
400952464,TOR,2595516,36.0,3.2,1.5
400952464,TOR,2991230,6.0,1.7,1.7
400952464,TOR,3064447,12.0,4.1,2.1
400952465,CLE,1966,46.0,25.2,22.5
400952465,CLE,2011,29.0,17.7,15.5
400952465,CLE,2444,21.0,1.1,-0.1
400952465,CLE,2754,12.0,6.7,7.1
400952465,CLE,2798,14.0,8.1,5.8
400952465,CLE,3449,34.0,3.3,2.3
400952465,CLE,6442,40.0,25.7,20.2
400952465,CLE,6468,12.0,0.5,-0.7
400952465,CLE,6474,32.0,5.5,4.5
400952465,TOR,3033,46.0,16.4,10.8
400952465,TOR,3439,35.0,14.5,15.1
400952465,TOR,3970,6.0,1.9,1.7
400952465,TOR,3978,46.0,13.0,13.7
400952465,TOR,4264,10.0,1.0,-0.3
400952465,TOR,6446,40.0,23.9,21.9
400952465,TOR,6477,25.0,6.5,2.6
400952465,TOR,2595516,24.0,4.0,4.3
400952465,TOR,2991230,8.0,0.9,1.7
400952490,HOU,1713,16.0,4.9,4.0
400952490,HOU,2426,31.0,18.2,16.1
400952490,HOU,2799,23.0,7.0,6.0
400952490,HOU,3412,35.0,13.8,9.3
400952490,HOU,3431,24.0,9.5,8.8
400952490,HOU,3472,5.0,1.2,1.3
400952490,HOU,3964,24.0,9.1,6.4
400952490,HOU,3992,31.0,23.2,20.1
400952490,HOU,2581029,5.0,2.7,2.7
400952490,HOU,2991055,7.0,-2.4,-1.4
400952490,HOU,2991184,7.0,4.0,2.7
400952490,HOU,3078286,5.0,-1.5,-1.8
400952490,HOU,3102529,25.0,21.2,17.6
400952490,SAS,272,12.0,4.9,4.0
400952490,SAS,996,22.0,7.8,5.8
400952490,SAS,1015,23.0,6.8,6.0
400952490,SAS,2772,29.0,3.3,2.2
400952490,SAS,2983,25.0,1.8,0.0
400952490,SAS,3988,22.0,-0.5,-1.6
400952490,SAS,4004,16.0,2.4,2.9
400952490,SAS,6426,11.0,0.2,0.0
400952490,SAS,6450,32.0,20.4,16.4
400952490,SAS,2579466,21.0,4.0,5.2
400952490,SAS,2580913,7.0,6.0,4.8
400952490,SAS,2993874,12.0,8.4,6.4
400952490,SAS,3907497,9.0,4.3,3.3
400952491,HOU,1713,18.0,7.2,7.0
400952491,HOU,2426,33.0,0.5,-0.4
400952491,HOU,2799,18.0,-2.5,-2.1
400952491,HOU,3412,35.0,19.2,18.0
400952491,HOU,3431,29.0,11.0,8.4
400952491,HOU,3472,4.0,3.7,3.7
400952491,HOU,3964,30.0,5.4,5.7
400952491,HOU,3992,34.0,7.8,5.6
400952491,HOU,2991055,4.0,3.3,3.7
400952491,HOU,2991184,4.0,-0.7,-0.7
400952491,HOU,3059336,4.0,0.3,0.7
400952491,HOU,3078286,4.0,-0.1,-0.7
400952491,HOU,3102529,25.0,15.5,12.9
400952491,SAS,272,18.0,5.9,6.1
400952491,SAS,996,29.0,10.9,5.8
400952491,SAS,1015,26.0,16.8,15.6
400952491,SAS,2772,11.0,5.1,5.5
400952491,SAS,2983,30.0,8.8,6.9
400952491,SAS,3988,31.0,9.7,9.2
400952491,SAS,4004,21.0,4.2,4.1
400952491,SAS,6426,4.0,-0.7,-0.7
400952491,SAS,6450,38.0,37.8,32.3
400952491,SAS,2579466,20.0,10.7,11.1
400952491,SAS,2580913,4.0,4.9,5.0
400952491,SAS,2993874,4.0,-0.1,0.0
400952491,SAS,3907497,4.0,-0.7,-0.7
400952492,HOU,1713,16.0,-1.2,-1.8
400952492,HOU,2426,46.0,13.3,11.8
400952492,HOU,2799,11.0,-2.9,-3.8
400952492,HOU,3412,29.0,-1.3,-1.8
400952492,HOU,3431,33.0,6.5,4.0
400952492,HOU,3964,33.0,5.4,1.2
400952492,HOU,3992,40.0,29.5,27.8
400952492,HOU,3102529,32.0,18.0,12.7
400952492,SAS,272,16.0,-0.6,-2.7
400952492,SAS,996,31.0,10.5,8.5
400952492,SAS,2772,16.0,5.1,3.8
400952492,SAS,2983,38.0,21.8,18.2
400952492,SAS,3988,35.0,10.3,9.2
400952492,SAS,4004,30.0,7.9,5.2
400952492,SAS,6450,41.0,20.3,18.8
400952492,SAS,2579466,15.0,4.9,3.4
400952492,SAS,2993874,2.0,0.3,0.0
400952492,SAS,3907497,14.0,-2.3,-3.1
400952493,HOU,1713,2.0,3.3,2.7
400952493,HOU,2426,35.0,18.6,15.6
400952493,HOU,2799,32.0,5.5,5.0
400952493,HOU,3412,32.0,6.7,6.3
400952493,HOU,3431,32.0,16.9,16.8
400952493,HOU,3472,6.0,8.1,8.1
400952493,HOU,3964,26.0,11.9,10.6
400952493,HOU,3992,35.0,25.3,23.7
400952493,HOU,2991055,2.0,0.7,0.7
400952493,HOU,2991184,10.0,2.3,0.7
400952493,HOU,3059336,2.0,0.3,0.0
400952493,HOU,3078286,2.0,-2.1,-2.1
400952493,HOU,3102529,25.0,7.4,4.3
400952493,SAS,272,16.0,5.6,5.7
400952493,SAS,996,19.0,11.9,8.4
400952493,SAS,2772,17.0,0.5,-1.4
400952493,SAS,2983,25.0,9.2,8.8
400952493,SAS,3988,26.0,3.9,0.6
400952493,SAS,4004,28.0,9.6,9.2
400952493,SAS,6426,6.0,1.3,1.0
400952493,SAS,6450,30.0,11.5,9.4
400952493,SAS,2579466,23.0,11.5,8.3
400952493,SAS,2580913,8.0,3.4,2.9
400952493,SAS,2993874,16.0,8.0,6.8
400952493,SAS,2994526,7.0,1.0,0.7
400952493,SAS,3907497,20.0,4.7,5.1
400952494,HOU,2426,40.0,6.8,3.9
400952494,HOU,2799,26.0,3.3,2.0
400952494,HOU,3412,36.0,13.6,14.4
400952494,HOU,3431,44.0,4.2,3.5
400952494,HOU,3964,42.0,14.4,15.5
400952494,HOU,3992,43.0,21.7,18.9
400952494,HOU,3102529,34.0,11.3,7.4
400952494,SAS,272,32.0,11.8,10.1
400952494,SAS,996,20.0,3.5,2.4
400952494,SAS,2772,11.0,5.6,5.1
400952494,SAS,2983,42.0,11.6,9.9
400952494,SAS,3988,40.0,11.7,11.7
400952494,SAS,4004,43.0,13.9,13.7
400952494,SAS,6450,38.0,19.6,13.0
400952494,SAS,2579466,32.0,8.4,5.9
400952494,SAS,2993874,7.0,1.3,2.1
400952495,HOU,2426,38.0,16.6,14.4
400952495,HOU,2799,20.0,3.9,4.3
400952495,HOU,3412,25.0,-4.8,-5.5
400952495,HOU,3431,30.0,1.2,-0.8
400952495,HOU,3472,3.0,1.3,1.3
400952495,HOU,3964,32.0,7.0,7.2
400952495,HOU,3992,37.0,1.4,1.2
400952495,HOU,2991055,3.0,-1.1,-1.4
400952495,HOU,2991184,10.0,2.8,3.3
400952495,HOU,3059336,3.0,-0.7,-0.7
400952495,HOU,3078286,3.0,0.3,0.0
400952495,HOU,3102529,35.0,11.8,7.6
400952495,SAS,272,17.0,0.6,1.7
400952495,SAS,996,29.0,12.2,8.2
400952495,SAS,2772,8.0,2.6,1.3
400952495,SAS,2983,36.0,26.3,24.4
400952495,SAS,3247,3.0,0.7,0.0
400952495,SAS,3988,31.0,11.8,7.0
400952495,SAS,4004,27.0,14.4,14.7
400952495,SAS,6426,4.0,1.6,0.6
400952495,SAS,2579466,31.0,13.6,14.2
400952495,SAS,2580913,4.0,3.0,2.7
400952495,SAS,2993874,21.0,8.6,6.1
400952495,SAS,2994526,4.0,0.9,0.3
400952495,SAS,3907497,24.0,13.4,8.8
400952526,BOS,2761,7.0,0.0,0.0
400952526,BOS,2769,9.0,-0.8,-0.7
400952526,BOS,3213,35.0,24.1,23.4
400952526,BOS,3998,6.0,-0.7,-0.7
400952526,BOS,4240,39.0,13.3,10.7
400952526,BOS,6472,38.0,26.2,25.2
400952526,BOS,6581,35.0,20.5,19.5
400952526,BOS,2489663,18.0,7.7,8.1
400952526,BOS,2990992,31.0,8.1,3.7
400952526,BOS,3064509,1.0,0.0,0.0
400952526,BOS,3074752,15.0,5.3,4.4
400952526,BOS,3917376,6.0,4.0,3.4
400952526,WAS,2758,39.0,19.7,16.9
400952526,WAS,3232,10.0,4.0,4.0
400952526,WAS,3593,19.0,8.7,8.0
400952526,WAS,3997,13.0,-0.4,-0.7
400952526,WAS,4237,39.0,15.6,12.4
400952526,WAS,6461,11.0,2.9,1.6
400952526,WAS,6580,40.0,16.7,16.3
400952526,WAS,6621,1.0,0.0,0.0
400952526,WAS,2594922,41.0,17.4,13.5
400952526,WAS,2991050,1.0,0.0,0.0
400952526,WAS,3133603,26.0,7.9,7.4
400952527,BOS,2769,5.0,-0.7,-1.0
400952527,BOS,3213,43.0,15.8,12.3
400952527,BOS,4240,35.0,7.8,4.3
400952527,BOS,6472,45.0,41.3,38.2
400952527,BOS,6581,41.0,14.4,11.3
400952527,BOS,2489663,21.0,6.0,6.9
400952527,BOS,2990992,39.0,8.1,6.3
400952527,BOS,3074752,25.0,12.8,10.4
400952527,BOS,3917376,12.0,3.5,4.1
400952527,WAS,2758,42.0,14.7,12.9
400952527,WAS,3232,16.0,7.6,7.1
400952527,WAS,3593,8.0,-1.6,-1.4
400952527,WAS,3997,12.0,-1.1,-0.7
400952527,WAS,4237,47.0,33.5,29.0
400952527,WAS,6461,27.0,13.3,11.5
400952527,WAS,6580,47.0,4.4,2.9
400952527,WAS,2594922,38.0,11.1,8.1
400952527,WAS,3133603,28.0,7.6,8.4
400952528,BOS,2761,26.0,3.3,3.6
400952528,BOS,2769,10.0,4.3,4.1
400952528,BOS,3213,28.0,13.2,12.5
400952528,BOS,3998,9.0,3.2,3.0
400952528,BOS,4240,28.0,4.8,4.7
400952528,BOS,6472,29.0,7.5,7.8
400952528,BOS,6581,26.0,11.9,9.3
400952528,BOS,6631,11.0,2.0,1.2
400952528,BOS,2489663,12.0,-1.9,-1.8
400952528,BOS,2990992,25.0,-0.6,-2.1
400952528,BOS,3064509,10.0,1.0,1.0
400952528,BOS,3074752,9.0,0.9,1.4
400952528,BOS,3917376,19.0,0.7,1.6
400952528,WAS,2758,31.0,10.9,8.2
400952528,WAS,2774,10.0,2.9,1.4
400952528,WAS,3232,7.0,1.2,1.7
400952528,WAS,3593,29.0,17.0,15.4
400952528,WAS,3997,15.0,1.5,1.7
400952528,WAS,4237,34.0,20.7,18.4
400952528,WAS,6461,19.0,8.1,6.7
400952528,WAS,6580,26.0,7.5,8.4
400952528,WAS,6621,12.0,3.0,2.4
400952528,WAS,2579260,10.0,-0.1,0.7
400952528,WAS,2594885,5.0,7.1,7.1
400952528,WAS,2594922,38.0,18.1,13.8
400952528,WAS,3133603,5.0,-0.8,0.0
400952529,BOS,2761,10.0,7.7,7.1
400952529,BOS,2769,12.0,6.2,6.4
400952529,BOS,3213,32.0,12.1,8.9
400952529,BOS,3998,3.0,1.3,1.4
400952529,BOS,4240,33.0,-3.4,-3.8
400952529,BOS,6472,31.0,10.9,9.5
400952529,BOS,6581,31.0,8.1,3.3
400952529,BOS,6631,5.0,3.0,3.4
400952529,BOS,2489663,23.0,11.6,10.0
400952529,BOS,2990992,27.0,6.6,5.9
400952529,BOS,3064509,3.0,0.0,0.0
400952529,BOS,3074752,22.0,12.2,11.7
400952529,BOS,3917376,7.0,3.7,2.4
400952529,WAS,2758,26.0,8.7,8.6
400952529,WAS,2774,13.0,2.4,2.7
400952529,WAS,3232,7.0,6.1,5.8
400952529,WAS,3593,22.0,7.2,7.8
400952529,WAS,3997,18.0,0.2,0.4
400952529,WAS,4237,36.0,19.1,14.1
400952529,WAS,6461,35.0,14.7,10.5
400952529,WAS,6580,37.0,22.2,21.2
400952529,WAS,6621,6.0,3.9,3.6
400952529,WAS,2579260,3.0,0.0,0.0
400952529,WAS,2594885,3.0,0.3,0.0
400952529,WAS,2594922,34.0,19.7,13.6
400952530,BOS,2761,4.0,-0.1,0.7
400952530,BOS,2769,18.0,8.3,7.5
400952530,BOS,3213,28.0,23.7,20.1
400952530,BOS,4240,30.0,20.2,19.6
400952530,BOS,6472,35.0,13.3,13.5
400952530,BOS,6581,26.0,12.3,11.0
400952530,BOS,6631,4.0,4.3,4.7
400952530,BOS,2489663,16.0,7.3,4.7
400952530,BOS,2990992,26.0,12.7,8.3
400952530,BOS,3064509,5.0,3.3,2.7
400952530,BOS,3074752,21.0,4.8,3.7
400952530,BOS,3917376,26.0,0.7,0.0
400952530,WAS,2758,25.0,8.2,6.8
400952530,WAS,2774,14.0,4.2,4.4
400952530,WAS,3232,7.0,4.5,3.6
400952530,WAS,3593,23.0,5.1,2.6
400952530,WAS,3997,15.0,1.9,2.4
400952530,WAS,4237,32.0,16.3,13.4
400952530,WAS,6461,28.0,5.9,3.7
400952530,WAS,6580,35.0,7.8,7.0
400952530,WAS,6621,4.0,0.5,1.3
400952530,WAS,2579260,7.0,0.0,0.0
400952530,WAS,2594885,4.0,0.6,0.3
400952530,WAS,2594922,26.0,10.9,9.1
400952530,WAS,3133603,20.0,7.3,8.6
400952531,BOS,2769,14.0,2.9,2.4
400952531,BOS,3213,37.0,17.4,15.6
400952531,BOS,4240,42.0,20.8,17.1
400952531,BOS,6472,39.0,12.2,13.3
400952531,BOS,6581,37.0,11.8,10.1
400952531,BOS,2489663,21.0,3.9,1.7
400952531,BOS,2990992,28.0,2.8,2.7
400952531,BOS,3074752,11.0,-1.4,-1.4
400952531,BOS,3917376,11.0,-1.8,-1.4
400952531,WAS,2758,25.0,7.0,4.2
400952531,WAS,2774,15.0,4.2,3.5
400952531,WAS,3232,7.0,1.2,1.3
400952531,WAS,3593,17.0,0.4,-0.4
400952531,WAS,3997,8.0,-1.1,-1.4
400952531,WAS,4237,42.0,15.1,14.6
400952531,WAS,6461,39.0,10.4,7.6
400952531,WAS,6580,43.0,24.8,24.7
400952531,WAS,2594922,36.0,2.5,-0.0
400952531,WAS,3133603,7.0,-1.6,-1.0
400952532,BOS,2769,10.0,-2.2,-2.0
400952532,BOS,3213,40.0,15.3,12.8
400952532,BOS,4240,37.0,5.4,4.3
400952532,BOS,6472,40.0,25.1,24.6
400952532,BOS,6581,32.0,8.7,7.4
400952532,BOS,2489663,28.0,20.8,21.6
400952532,BOS,2990992,30.0,13.7,12.1
400952532,BOS,3074752,4.0,2.3,0.7
400952532,BOS,3917376,20.0,7.4,6.7
400952532,WAS,2758,33.0,2.9,0.3
400952532,WAS,2774,11.0,-2.7,-1.8
400952532,WAS,3232,3.0,-0.1,0.0
400952532,WAS,3593,16.0,4.3,4.0
400952532,WAS,3997,6.0,-1.4,-1.0
400952532,WAS,4237,44.0,11.9,10.8
400952532,WAS,6461,42.0,13.3,11.1
400952532,WAS,6580,46.0,29.2,27.1
400952532,WAS,2594922,39.0,21.5,16.5
400952553,GSW,1765,4.0,-0.4,0.0
400952553,GSW,2016,14.0,7.6,7.4
400952553,GSW,2177,18.0,10.8,7.6
400952553,GSW,2386,24.0,4.5,3.4
400952553,GSW,2393,20.0,10.0,8.2
400952553,GSW,3202,31.0,12.5,11.1
400952553,GSW,3452,10.0,1.7,1.0
400952553,GSW,3975,30.0,19.7,17.3
400952553,GSW,6475,31.0,9.5,9.7
400952553,GSW,6589,34.0,20.4,15.4
400952553,GSW,2489785,18.0,3.6,3.0
400952553,GSW,2594818,3.0,-0.7,-0.7
400952553,GSW,3137730,3.0,-0.7,-0.7
400952553,UTA,1007,22.0,6.4,5.7
400952553,UTA,2167,20.0,3.6,2.4
400952553,UTA,3438,28.0,4.2,4.4
400952553,UTA,4249,35.0,8.0,4.9
400952553,UTA,4257,12.0,3.6,2.7
400952553,UTA,6454,21.0,6.4,3.7
400952553,UTA,2581177,23.0,5.2,5.7
400952553,UTA,2968361,3.0,1.7,1.7
400952553,UTA,2968436,23.0,3.4,3.1
400952553,UTA,2983551,5.0,3.7,3.4
400952553,UTA,3032976,31.0,13.4,10.4
400952553,UTA,3102528,12.0,8.5,7.5
400952553,UTA,3136196,6.0,6.0,5.1
400952554,GSW,1765,1.0,2.0,2.4
400952554,GSW,2016,9.0,3.0,2.4
400952554,GSW,2177,15.0,5.9,3.4
400952554,GSW,2386,34.0,5.8,4.1
400952554,GSW,2393,15.0,-0.1,-0.3
400952554,GSW,3202,36.0,25.6,21.4
400952554,GSW,3452,9.0,1.9,3.1
400952554,GSW,3975,38.0,19.3,17.6
400952554,GSW,6475,36.0,13.9,11.2
400952554,GSW,6589,36.0,20.5,15.2
400952554,GSW,2489785,9.0,2.9,3.0
400952554,GSW,3137730,2.0,0.0,0.0
400952554,UTA,1007,30.0,4.3,4.7
400952554,UTA,2167,12.0,6.0,5.4
400952554,UTA,4249,40.0,24.0,23.1
400952554,UTA,4257,11.0,4.9,3.0
400952554,UTA,6454,31.0,9.0,8.0
400952554,UTA,2581177,35.0,1.0,-0.1
400952554,UTA,2968361,9.0,6.4,5.4
400952554,UTA,2968436,21.0,0.0,-2.4
400952554,UTA,3032976,37.0,14.7,11.5
400952554,UTA,3102528,14.0,2.7,3.0
400952606,GSW,2016,12.0,7.3,6.8
400952606,GSW,2177,17.0,5.4,4.5
400952606,GSW,2386,27.0,7.9,7.4
400952606,GSW,2393,12.0,-0.8,-1.7
400952606,GSW,3202,39.0,29.3,25.9
400952606,GSW,3452,12.0,2.3,1.7
400952606,GSW,3975,37.0,14.5,13.8
400952606,GSW,6475,39.0,0.2,0.1
400952606,GSW,6589,38.0,11.2,7.7
400952606,GSW,2489785,7.0,0.3,0.7
400952606,UTA,1007,24.0,-0.2,-1.2
400952606,UTA,2167,26.0,5.2,4.3
400952606,UTA,4249,42.0,20.6,20.0
400952606,UTA,4257,6.0,0.5,0.0
400952606,UTA,6454,37.0,6.0,5.3
400952606,UTA,2581177,32.0,-0.4,-0.1
400952606,UTA,2968361,2.0,-0.4,0.0
400952606,UTA,2968436,29.0,9.4,6.4
400952606,UTA,3032976,39.0,24.1,19.9
400952606,UTA,3102528,3.0,-0.5,-0.7
400952607,GSW,1765,14.0,-0.9,-1.0
400952607,GSW,2016,19.0,0.7,-2.1
400952607,GSW,2177,10.0,-1.0,-2.1
400952607,GSW,2386,22.0,4.6,3.2
400952607,GSW,2393,17.0,7.4,5.8
400952607,GSW,3202,30.0,15.1,15.5
400952607,GSW,3452,11.0,10.3,11.2
400952607,GSW,3975,35.0,27.8,26.7
400952607,GSW,6475,33.0,10.1,9.1
400952607,GSW,6589,35.0,22.2,18.7
400952607,GSW,2489785,6.0,7.4,7.4
400952607,GSW,2594818,4.0,1.3,0.0
400952607,GSW,3137730,4.0,-1.1,-1.4
400952607,UTA,1007,26.0,2.1,1.9
400952607,UTA,2167,16.0,0.0,-0.7
400952607,UTA,4249,39.0,18.1,15.6
400952607,UTA,4257,12.0,4.9,3.3
400952607,UTA,6454,24.0,12.4,12.8
400952607,UTA,2581177,14.0,-3.6,-2.2
400952607,UTA,2968361,12.0,2.1,2.0
400952607,UTA,2968436,25.0,8.1,4.1
400952607,UTA,2983551,4.0,0.3,-0.7
400952607,UTA,3032976,33.0,9.1,7.9
400952607,UTA,3102528,32.0,8.7,8.3
400952607,UTA,3136196,4.0,-1.8,-2.1
400953591,GSW,1765,10.0,1.2,1.0
400953591,GSW,2016,26.0,14.3,12.6
400953591,GSW,2177,8.0,-2.0,-2.8
400953591,GSW,2386,10.0,2.4,1.4
400953591,GSW,2393,23.0,4.6,3.4
400953591,GSW,3202,39.0,27.2,24.1
400953591,GSW,3452,5.0,-0.9,-0.4
400953591,GSW,3975,39.0,31.6,27.1
400953591,GSW,6475,39.0,2.8,-0.5
400953591,GSW,6589,37.0,10.2,9.0
400953591,GSW,2489785,5.0,2.0,1.7
400953591,SAS,272,26.0,13.6,11.1
400953591,SAS,996,16.0,2.3,2.0
400953591,SAS,2772,16.0,2.3,1.1
400953591,SAS,2983,40.0,16.3,12.7
400953591,SAS,3988,33.0,5.6,4.8
400953591,SAS,4004,37.0,2.3,1.2
400953591,SAS,6450,24.0,25.0,23.6
400953591,SAS,2579466,26.0,6.4,7.7
400953591,SAS,2993874,9.0,6.7,4.8
400953591,SAS,3907497,13.0,4.6,3.7
400953592,GSW,1765,15.0,-0.9,-2.1
400953592,GSW,2016,7.0,3.7,3.4
400953592,GSW,2177,14.0,11.0,8.6
400953592,GSW,2393,13.0,8.4,7.2
400953592,GSW,3202,28.0,12.0,11.5
400953592,GSW,3452,10.0,4.5,4.1
400953592,GSW,3975,31.0,30.3,26.7
400953592,GSW,6475,29.0,7.2,6.1
400953592,GSW,6589,28.0,16.1,10.4
400953592,GSW,2489785,22.0,9.0,7.8
400953592,GSW,2594818,11.0,8.6,7.1
400953592,GSW,3064559,7.0,2.0,1.0
400953592,GSW,3137730,27.0,19.0,17.0
400953592,SAS,272,5.0,-0.2,0.6
400953592,SAS,996,16.0,7.0,4.8
400953592,SAS,2772,5.0,1.3,1.3
400953592,SAS,2983,27.0,4.6,1.7
400953592,SAS,3247,12.0,5.0,4.8
400953592,SAS,3988,17.0,2.6,1.6
400953592,SAS,4004,21.0,3.9,1.3
400953592,SAS,6426,17.0,12.0,10.2
400953592,SAS,2579466,26.0,14.1,15.4
400953592,SAS,2580913,20.0,6.0,6.0
400953592,SAS,2993874,26.0,8.0,5.4
400953592,SAS,2994526,23.0,1.8,1.9
400953592,SAS,3907497,27.0,5.4,0.7
400953593,GSW,1765,5.0,-0.1,-0.7
400953593,GSW,2177,18.0,6.5,6.2
400953593,GSW,2386,19.0,0.1,0.3
400953593,GSW,2393,15.0,1.0,1.1
400953593,GSW,3202,38.0,23.6,19.1
400953593,GSW,3452,13.0,11.3,11.0
400953593,GSW,3975,34.0,17.5,11.5
400953593,GSW,6475,36.0,12.1,11.4
400953593,GSW,6589,34.0,12.2,10.3
400953593,GSW,2489785,16.0,4.3,4.4
400953593,GSW,2594818,2.0,0.7,0.0
400953593,GSW,3137730,11.0,6.7,4.4
400953593,SAS,272,18.0,17.8,17.7
400953593,SAS,996,21.0,8.8,8.2
400953593,SAS,2772,2.0,2.3,2.7
400953593,SAS,2983,28.0,11.1,9.6
400953593,SAS,3247,1.0,-0.1,-0.4
400953593,SAS,3988,33.0,0.9,-0.7
400953593,SAS,4004,33.0,5.9,4.0
400953593,SAS,6426,20.0,2.9,0.7
400953593,SAS,2579466,34.0,7.5,7.4
400953593,SAS,2580913,7.0,6.5,5.6
400953593,SAS,2993874,20.0,10.6,9.0
400953593,SAS,2994526,5.0,-1.0,-1.0
400953593,SAS,3907497,18.0,7.2,4.6
400953594,GSW,1765,3.0,0.6,0.7
400953594,GSW,2177,14.0,4.2,4.1
400953594,GSW,2386,22.0,6.3,4.0
400953594,GSW,2393,15.0,3.7,5.4
400953594,GSW,3202,38.0,25.2,22.4
400953594,GSW,3452,7.0,2.3,1.4
400953594,GSW,3975,34.0,23.7,23.0
400953594,GSW,6475,34.0,3.4,2.4
400953594,GSW,6589,34.0,17.0,13.8
400953594,GSW,2489785,18.0,10.4,8.1
400953594,GSW,2594818,2.0,0.0,0.0
400953594,GSW,3064559,2.0,3.3,1.7
400953594,GSW,3137730,17.0,6.5,6.1
400953594,SAS,272,32.0,15.0,13.6
400953594,SAS,996,23.0,15.2,14.6
400953594,SAS,2983,22.0,6.1,5.4
400953594,SAS,3988,22.0,9.6,7.4
400953594,SAS,4004,30.0,7.5,6.3
400953594,SAS,6426,3.0,1.6,1.7
400953594,SAS,2579466,25.0,8.9,7.2
400953594,SAS,2580913,3.0,3.6,3.3
400953594,SAS,2993874,27.0,20.2,15.1
400953594,SAS,2994526,24.0,2.8,2.2
400953594,SAS,3907497,29.0,10.8,6.7
400953694,BOS,2761,14.0,8.9,9.1
400953694,BOS,2769,5.0,-0.1,0.0
400953694,BOS,3213,38.0,9.5,8.9
400953694,BOS,4240,39.0,11.1,10.3
400953694,BOS,6472,38.0,9.2,8.7
400953694,BOS,6581,35.0,20.2,21.0
400953694,BOS,6631,5.0,2.6,3.0
400953694,BOS,2489663,16.0,-0.6,-0.7
400953694,BOS,2990992,21.0,4.6,3.7
400953694,BOS,3064509,3.0,-1.1,-1.4
400953694,BOS,3074752,6.0,2.4,2.4
400953694,BOS,3917376,20.0,9.5,8.8
400953694,CLE,1006,12.0,0.9,1.4
400953694,CLE,1966,42.0,33.6,30.3
400953694,CLE,2008,3.0,0.0,0.0
400953694,CLE,2011,14.0,-0.9,-0.8
400953694,CLE,2444,24.0,3.9,2.4
400953694,CLE,2754,3.0,1.3,1.3
400953694,CLE,2798,12.0,-1.9,-1.1
400953694,CLE,3449,34.0,26.5,22.7
400953694,CLE,6442,34.0,9.6,7.1
400953694,CLE,6468,25.0,2.8,1.3
400953694,CLE,6474,34.0,22.6,20.9
400953694,CLE,6480,3.0,3.0,2.7
400953695,BOS,2761,14.0,2.6,3.0
400953695,BOS,2769,12.0,2.2,0.0
400953695,BOS,3213,27.0,7.2,5.0
400953695,BOS,3998,16.0,4.4,4.1
400953695,BOS,4240,32.0,4.0,4.9
400953695,BOS,6472,18.0,1.9,1.0
400953695,BOS,6581,23.0,5.4,3.6
400953695,BOS,6631,14.0,5.7,4.8
400953695,BOS,2489663,8.0,-1.8,-2.4
400953695,BOS,2990992,25.0,4.1,3.1
400953695,BOS,3064520,10.0,0.4,-0.7
400953695,BOS,3074752,18.0,2.7,2.4
400953695,BOS,3917376,24.0,13.4,12.5
400953695,CLE,1006,19.0,8.9,6.6
400953695,CLE,1966,33.0,32.2,25.3
400953695,CLE,2008,6.0,-0.1,-0.7
400953695,CLE,2009,10.0,-3.3,-2.4
400953695,CLE,2011,12.0,5.2,5.3
400953695,CLE,2444,26.0,9.6,7.8
400953695,CLE,2754,14.0,4.6,5.1
400953695,CLE,2798,17.0,8.3,6.2
400953695,CLE,3449,27.0,19.0,16.1
400953695,CLE,6442,30.0,17.4,16.2
400953695,CLE,6468,12.0,10.2,7.8
400953695,CLE,6474,25.0,3.2,3.7
400953695,CLE,6480,10.0,3.4,3.4
400953696,BOS,2761,7.0,2.9,2.7
400953696,BOS,2769,9.0,2.3,3.1
400953696,BOS,3213,36.0,9.8,9.4
400953696,BOS,3998,13.0,10.9,10.2
400953696,BOS,4240,42.0,12.4,10.2
400953696,BOS,6581,40.0,13.9,9.8
400953696,BOS,6631,7.0,2.8,2.8
400953696,BOS,2489663,23.0,11.8,12.8
400953696,BOS,2990992,41.0,27.1,23.9
400953696,BOS,3074752,8.0,-0.4,-1.3
400953696,BOS,3917376,13.0,-1.3,-2.4
400953696,CLE,1006,4.0,-1.4,-1.4
400953696,CLE,1966,45.0,3.6,1.2
400953696,CLE,2011,15.0,1.8,-0.1
400953696,CLE,2444,33.0,10.6,9.3
400953696,CLE,2798,9.0,-1.1,-2.0
400953696,CLE,3449,36.0,23.7,20.4
400953696,CLE,6442,40.0,25.6,24.4
400953696,CLE,6468,16.0,6.2,5.4
400953696,CLE,6474,42.0,20.9,18.8
400953697,BOS,3213,37.0,14.7,13.6
400953697,BOS,3998,21.0,9.5,7.7
400953697,BOS,4240,39.0,9.5,8.6
400953697,BOS,6581,40.0,14.4,13.5
400953697,BOS,6631,2.0,0.0,0.0
400953697,BOS,2489663,26.0,11.6,9.5
400953697,BOS,2990992,40.0,5.6,4.0
400953697,BOS,3074752,15.0,6.8,5.8
400953697,BOS,3917376,20.0,5.3,5.7
400953697,CLE,1006,6.0,-1.4,-1.0
400953697,CLE,1966,38.0,21.5,19.9
400953697,CLE,2011,20.0,3.3,2.8
400953697,CLE,2444,26.0,7.0,5.8
400953697,CLE,2798,18.0,1.0,-0.3
400953697,CLE,3449,42.0,19.9,14.2
400953697,CLE,6442,41.0,32.1,32.0
400953697,CLE,6468,10.0,3.0,3.4
400953697,CLE,6474,37.0,6.4,4.7
400953698,BOS,2761,21.0,11.1,9.0
400953698,BOS,2769,6.0,2.3,2.0
400953698,BOS,3213,27.0,2.2,3.1
400953698,BOS,3998,8.0,0.8,0.0
400953698,BOS,4240,32.0,12.9,12.4
400953698,BOS,6581,29.0,9.2,8.6
400953698,BOS,6631,12.0,4.7,3.8
400953698,BOS,2489663,19.0,5.3,3.7
400953698,BOS,2990992,25.0,0.0,-1.0
400953698,BOS,3064509,10.0,5.6,4.7
400953698,BOS,3064520,8.0,0.9,1.0
400953698,BOS,3074752,34.0,8.4,6.7
400953698,BOS,3917376,9.0,4.6,4.6
400953698,CLE,1006,15.0,5.3,6.4
400953698,CLE,1966,35.0,34.9,30.7
400953698,CLE,2008,8.0,2.8,3.0
400953698,CLE,2009,8.0,2.0,1.7
400953698,CLE,2011,12.0,2.2,3.0
400953698,CLE,2444,24.0,3.3,2.6
400953698,CLE,2754,12.0,5.6,4.0
400953698,CLE,2798,17.0,11.4,11.8
400953698,CLE,3449,28.0,17.0,10.4
400953698,CLE,6442,32.0,22.0,19.7
400953698,CLE,6468,12.0,5.3,2.7
400953698,CLE,6474,29.0,7.6,5.7
400953698,CLE,6480,8.0,1.4,1.4
400954510,CLE,1006,15.0,3.2,4.3
400954510,CLE,1966,40.0,19.1,15.7
400954510,CLE,2008,4.0,6.0,6.0
400954510,CLE,2009,2.0,-0.7,-0.7
400954510,CLE,2011,20.0,-0.2,-1.4
400954510,CLE,2444,28.0,-1.8,-1.4
400954510,CLE,2798,19.0,-4.4,-4.1
400954510,CLE,3449,34.0,16.0,10.7
400954510,CLE,6442,35.0,11.6,12.1
400954510,CLE,6468,17.0,2.7,1.6
400954510,CLE,6474,22.0,-0.1,0.4
400954510,CLE,6480,4.0,-1.4,-1.4
400954510,GSW,1765,2.0,2.7,2.7
400954510,GSW,2016,14.0,8.8,7.1
400954510,GSW,2177,8.0,-0.2,1.0
400954510,GSW,2386,24.0,8.1,6.0
400954510,GSW,2393,15.0,1.9,1.0
400954510,GSW,3202,38.0,33.7,32.0
400954510,GSW,3452,6.0,6.1,5.5
400954510,GSW,3975,34.0,26.0,22.7
400954510,GSW,6475,36.0,0.6,0.2
400954510,GSW,6589,36.0,5.6,1.5
400954510,GSW,2489785,18.0,2.9,1.6
400954510,GSW,2594818,4.0,1.2,1.7
400954510,GSW,3137730,3.0,0.2,-0.7
400954511,CLE,1006,13.0,5.0,4.9
400954511,CLE,1966,39.0,32.8,26.6
400954511,CLE,2008,4.0,3.0,2.4
400954511,CLE,2009,4.0,0.3,0.0
400954511,CLE,2011,23.0,7.7,6.7
400954511,CLE,2444,14.0,-3.0,-1.7
400954511,CLE,2754,11.0,0.5,-0.4
400954511,CLE,2798,14.0,0.1,-0.7
400954511,CLE,3449,30.0,19.2,17.5
400954511,CLE,6442,40.0,9.8,7.6
400954511,CLE,6468,22.0,6.4,2.9
400954511,CLE,6474,21.0,8.6,6.8
400954511,CLE,6480,4.0,3.7,3.7
400954511,GSW,1765,3.0,-0.7,-0.7
400954511,GSW,2016,13.0,0.0,0.4
400954511,GSW,2177,11.0,4.0,2.4
400954511,GSW,2386,28.0,6.4,4.8
400954511,GSW,2393,19.0,6.9,7.4
400954511,GSW,3202,41.0,33.6,25.4
400954511,GSW,3452,3.0,1.9,1.7
400954511,GSW,3975,36.0,26.2,24.0
400954511,GSW,6475,37.0,16.8,15.8
400954511,GSW,6589,25.0,9.6,8.8
400954511,GSW,2489785,13.0,6.6,6.4
400954511,GSW,2594818,4.0,1.7,1.7
400954511,GSW,3137730,7.0,0.3,0.0
400954512,CLE,1006,16.0,-1.3,-0.4
400954512,CLE,1966,46.0,32.4,29.1
400954512,CLE,2011,24.0,3.0,4.3
400954512,CLE,2444,34.0,10.3,9.6
400954512,CLE,2798,4.0,-1.8,-1.4
400954512,CLE,3449,37.0,11.7,4.2
400954512,CLE,6442,44.0,24.4,24.9
400954512,CLE,6468,12.0,-0.2,0.6
400954512,CLE,6474,23.0,2.0,0.4
400954512,GSW,2016,13.0,-6.7,-5.4
400954512,GSW,2177,11.0,6.0,6.1
400954512,GSW,2386,30.0,10.5,5.8
400954512,GSW,2393,12.0,2.3,2.7
400954512,GSW,3202,41.0,25.4,21.8
400954512,GSW,3452,8.0,1.2,1.7
400954512,GSW,3975,39.0,25.8,22.6
400954512,GSW,6475,41.0,22.1,22.2
400954512,GSW,6589,33.0,6.3,4.5
400954512,GSW,2489785,9.0,-0.8,-0.3
400954512,GSW,3137730,4.0,1.3,1.3
400954513,CLE,1006,22.0,7.1,6.6
400954513,CLE,1966,41.0,27.7,24.8
400954513,CLE,2008,2.0,0.3,0.0
400954513,CLE,2009,2.0,0.0,0.0
400954513,CLE,2011,12.0,0.8,1.0
400954513,CLE,2444,29.0,11.1,10.7
400954513,CLE,2798,12.0,2.3,2.7
400954513,CLE,3449,29.0,20.9,17.1
400954513,CLE,6442,41.0,29.2,28.6
400954513,CLE,6468,12.0,4.1,5.0
400954513,CLE,6474,36.0,7.8,7.6
400954513,CLE,6480,2.0,2.3,2.0
400954513,GSW,1765,3.0,-0.4,-0.3
400954513,GSW,2016,16.0,5.5,6.0
400954513,GSW,2177,10.0,3.9,3.7
400954513,GSW,2386,21.0,2.8,2.3
400954513,GSW,2393,19.0,7.9,9.2
400954513,GSW,3202,39.0,26.8,26.0
400954513,GSW,3452,6.0,4.3,5.1
400954513,GSW,3975,38.0,12.2,9.8
400954513,GSW,6475,34.0,6.6,6.9
400954513,GSW,6589,39.0,13.9,10.1
400954513,GSW,2489785,5.0,2.6,3.0
400954513,GSW,2594818,3.0,1.0,0.0
400954513,GSW,3137730,8.0,3.0,2.7
400954514,CLE,1006,17.0,1.1,2.7
400954514,CLE,1966,46.0,36.2,31.4
400954514,CLE,2011,18.0,-0.9,0.3
400954514,CLE,2444,41.0,22.7,21.2
400954514,CLE,2798,12.0,-0.8,-2.0
400954514,CLE,3449,30.0,5.5,3.5
400954514,CLE,6442,42.0,16.2,15.1
400954514,CLE,6468,4.0,-2.9,-1.7
400954514,CLE,6474,30.0,15.8,13.3
400954514,GSW,1765,1.0,0.0,0.0
400954514,GSW,2016,10.0,-1.5,0.1
400954514,GSW,2177,11.0,2.2,1.0
400954514,GSW,2386,38.0,16.1,15.6
400954514,GSW,2393,10.0,2.9,3.7
400954514,GSW,3202,40.0,32.1,30.8
400954514,GSW,3975,41.0,30.2,27.2
400954514,GSW,6475,34.0,6.9,5.6
400954514,GSW,6589,44.0,12.1,9.0
400954514,GSW,3137730,12.0,4.9,4.4
