game_id,team,athlete_id,minutes,gs,os
401358773,BKN,2983,16.0,-1.1,-1.9
401358773,BKN,3015,5.0,1.0,-0.3
401358773,BKN,3202,30.0,24.2,20.3
401358773,BKN,3989,23.0,4.8,3.0
401358773,BKN,3992,31.0,17.6,14.9
401358773,BKN,3999,21.0,0.1,0.6
401358773,BKN,4004,29.0,19.4,17.5
401358773,BKN,2528794,31.0,3.5,3.3
401358773,BKN,3062667,4.0,0.0,0.0
401358773,BKN,3133635,19.0,-2.9,-3.1
401358773,BKN,4065670,4.0,1.0,0.0
401358773,BKN,4278067,24.0,7.8,6.9
401358773,BKN,4432174,4.0,-0.4,-0.4
401358773,MIL,3438,23.0,0.6,1.0
401358773,MIL,3448,28.0,7.1,4.3
401358773,MIL,3995,18.0,11.5,10.5
401358773,MIL,6609,31.0,14.5,12.0
401358773,MIL,2578239,30.0,18.1,15.5
401358773,MIL,3032977,31.0,26.4,22.9
401358773,MIL,3102533,12.0,7.3,6.1
401358773,MIL,3135045,28.0,11.6,8.4
401358773,MIL,3945566,4.0,2.0,2.0
401358773,MIL,4277883,26.0,10.3,8.0
401358773,MIL,4278580,7.0,0.3,0.0
401358773,MIL,4683022,1.0,0.0,0.0
401358774,GSW,2386,23.0,10.7,10.1
401358774,GSW,3975,36.0,17.3,12.0
401358774,GSW,4269,26.0,18.6,15.7
401358774,GSW,6589,30.0,5.1,3.8
401358774,GSW,2594922,12.0,2.8,2.3
401358774,GSW,2595209,29.0,10.1,11.0
401358774,GSW,3059319,26.0,8.0,6.4
401358774,GSW,3155535,15.0,7.7,5.4
401358774,GSW,4277956,25.0,11.1,10.3
401358774,GSW,4401416,12.0,4.5,4.0
401358774,GSW,4432171,6.0,0.9,0.3
401358774,LAL,1966,37.0,24.8,22.1
401358774,LAL,1975,26.0,4.3,3.9
401358774,LAL,2384,13.0,2.6,1.6
401358774,LAL,3026,20.0,2.3,1.1
401358774,LAL,3442,13.0,2.8,2.4
401358774,LAL,3468,35.0,-0.4,0.0
401358774,LAL,4240,8.0,4.3,5.1
401358774,LAL,6583,39.0,26.7,21.6
401358774,LAL,6637,31.0,1.6,1.9
401358774,LAL,4066262,19.0,5.5,3.0
401358775,BOS,2990992,46.0,10.6,7.4
401358775,BOS,3032979,32.0,8.5,7.4
401358775,BOS,3917376,46.0,35.2,30.8
401358775,BOS,4065648,45.0,7.0,4.0
401358775,BOS,4066211,45.0,26.1,17.9
401358775,BOS,4066218,31.0,13.1,11.9
401358775,BOS,4066354,11.0,2.3,1.4
401358775,BOS,4396909,11.0,-1.9,-1.4
401358775,BOS,4397008,23.0,6.3,5.8
401358775,NYK,3456,22.0,7.9,4.0
401358775,NYK,6429,16.0,3.5,3.0
401358775,NYK,6479,36.0,5.1,3.3
401358775,NYK,6588,44.0,25.7,20.8
401358775,NYK,3064514,46.0,23.1,20.2
401358775,NYK,4277922,7.0,0.9,0.6
401358775,NYK,4278355,28.0,11.3,10.1
401358775,NYK,4351852,34.0,17.1,12.9
401358775,NYK,4395625,47.0,15.2,14.3
401358775,NYK,4395724,8.0,0.3,-0.7
401358776,DEN,3209,19.0,6.1,7.0
401358776,DEN,6579,34.0,18.9,16.9
401358776,DEN,6617,8.0,-0.7,-0.7
401358776,DEN,2327577,13.0,-2.0,-2.4
401358776,DEN,2968334,20.0,1.2,-1.3
401358776,DEN,3059310,28.0,5.1,4.9
401358776,DEN,3064290,29.0,12.3,10.6
401358776,DEN,3112335,35.0,20.7,16.6
401358776,DEN,3923250,21.0,9.8,8.4
401358776,DEN,4278104,34.0,14.9,12.6
401358776,PHX,2779,34.0,16.8,14.7
401358776,PHX,3452,15.0,4.1,2.1
401358776,PHX,6581,24.0,1.9,-1.1
401358776,PHX,2595435,13.0,-0.2,-1.0
401358776,PHX,3064230,14.0,4.4,3.9
401358776,PHX,3136193,30.0,3.9,3.2
401358776,PHX,3138196,24.0,6.9,6.0
401358776,PHX,3147657,34.0,8.6,6.5
401358776,PHX,3914044,19.0,10.4,9.8
401358776,PHX,4278129,33.0,12.6,11.2
401358777,ATL,2488958,15.0,2.2,0.0
401358777,ATL,2534781,14.0,11.9,8.5
401358777,ATL,3037789,26.0,8.1,6.4
401358777,ATL,3064447,15.0,0.5,0.0
401358777,ATL,3102529,21.0,14.1,10.2
401358777,ATL,3893019,4.0,0.3,0.0
401358777,ATL,3908845,30.0,18.5,13.9
401358777,ATL,4065732,29.0,7.1,6.0
401358777,ATL,4066269,4.0,2.6,2.7
401358777,ATL,4066372,22.0,3.9,1.7
401358777,ATL,4277905,33.0,15.6,15.0
401358777,ATL,4395627,21.0,12.3,10.7
401358777,ATL,4432173,4.0,-1.4,-1.4
401358777,ATL,4701230,4.0,4.6,4.0
401358777,DAL,2528210,28.0,8.7,8.3
401358777,DAL,2528779,15.0,-0.5,-0.4
401358777,DAL,2531367,20.0,2.4,1.6
401358777,DAL,2578185,29.0,2.2,0.6
401358777,DAL,2579260,9.0,5.4,5.1
401358777,DAL,2960236,17.0,1.1,0.3
401358777,DAL,2991282,13.0,1.8,0.3
401358777,DAL,3057187,11.0,-0.4,-1.1
401358777,DAL,3102531,29.0,3.0,0.9
401358777,DAL,3934672,26.0,12.9,12.8
401358777,DAL,3945274,35.0,12.3,8.4
401358777,DAL,4230547,4.0,-0.1,-0.7
401358777,DAL,4432811,4.0,1.0,1.0
401358778,GSW,2386,24.0,8.0,4.5
401358778,GSW,3975,38.0,32.5,28.6
401358778,GSW,4269,16.0,4.9,3.4
401358778,GSW,6589,34.0,10.8,9.2
401358778,GSW,2594922,18.0,4.2,2.8
401358778,GSW,2595209,29.0,7.1,7.6
401358778,GSW,3059319,31.0,13.3,11.1
401358778,GSW,3155535,14.0,8.2,8.2
401358778,GSW,4277956,25.0,-2.4,-2.7
401358778,GSW,4401416,7.0,0.5,1.7
401358778,GSW,4432171,4.0,1.4,1.4
401358778,LAC,4238,30.0,18.8,16.1
401358778,LAC,4251,37.0,23.4,19.6
401358778,LAC,6443,39.0,4.2,3.2
401358778,LAC,6462,25.0,6.7,5.3
401358778,LAC,3135047,14.0,2.5,2.1
401358778,LAC,3907823,39.0,12.1,10.5
401358778,LAC,3913174,24.0,4.2,4.7
401358778,LAC,4017837,17.0,11.0,11.2
401358778,LAC,4066387,15.0,2.4,2.9
401358779,BKN,2983,23.0,21.1,20.0
401358779,BKN,3015,17.0,4.8,4.7
401358779,BKN,3202,37.0,32.0,27.1
401358779,BKN,3989,19.0,1.6,-0.2
401358779,BKN,3992,38.0,15.6,11.8
401358779,BKN,3999,3.0,-0.8,-0.7
401358779,BKN,4004,30.0,10.9,10.5
401358779,BKN,2528794,33.0,4.6,3.2
401358779,BKN,3133635,23.0,4.0,4.1
401358779,BKN,4278067,17.0,1.9,0.6
401358779,PHI,3988,22.0,1.9,2.6
401358779,PHI,6440,37.0,16.5,14.8
401358779,PHI,6585,18.0,9.9,5.2
401358779,PHI,2326307,36.0,21.0,17.8
401358779,PHI,2990969,13.0,0.4,0.9
401358779,PHI,3059318,30.0,16.7,11.7
401358779,PHI,3907498,23.0,3.3,2.8
401358779,PHI,3929325,20.0,7.3,6.7
401358779,PHI,4395702,4.0,-0.7,-0.7
401358779,PHI,4431678,36.0,7.7,7.3
401358780,LAL,1966,37.0,15.1,14.1
401358780,LAL,1975,25.0,11.5,12.1
401358780,LAL,2384,9.0,2.1,0.0
401358780,LAL,3026,14.0,3.2,3.1
401358780,LAL,3442,10.0,3.6,3.1
401358780,LAL,3468,35.0,12.0,8.6
401358780,LAL,4240,21.0,-2.9,-2.1
401358780,LAL,6583,38.0,18.9,15.0
401358780,LAL,6637,23.0,0.6,1.2
401358780,LAL,4066262,17.0,4.3,4.0
401358780,LAL,4066457,12.0,6.0,6.4
401358780,PHX,2779,29.0,24.1,21.8
401358780,PHX,3452,13.0,6.3,5.9
401358780,PHX,6581,35.0,8.2,8.3
401358780,PHX,2595435,9.0,3.6,3.3
401358780,PHX,3064230,19.0,2.8,2.3
401358780,PHX,3136193,34.0,11.8,11.8
401358780,PHX,3138196,19.0,6.5,5.7
401358780,PHX,3147657,35.0,21.6,17.9
401358780,PHX,3914044,15.0,0.1,0.6
401358780,PHX,4278129,33.0,12.0,6.8
401358781,ATL,4244,14.0,1.9,1.4
401358781,ATL,2534781,20.0,5.9,5.1
401358781,ATL,3037789,36.0,2.9,0.8
401358781,ATL,3056245,2.0,0.0,0.0
401358781,ATL,3059266,2.0,-0.3,-0.3
401358781,ATL,3064447,34.0,19.8,15.9
401358781,ATL,3102529,28.0,4.5,2.8
401358781,ATL,3908845,33.0,14.7,12.3
401358781,ATL,4066269,23.0,8.3,6.7
401358781,ATL,4395627,34.0,4.6,1.2
401358781,ATL,4701230,15.0,2.4,0.7
401358781,NYK,3986,18.0,6.3,5.1
401358781,NYK,6429,18.0,4.7,4.8
401358781,NYK,6479,40.0,14.4,12.3
401358781,NYK,6588,31.0,11.6,9.1
401358781,NYK,3064514,34.0,19.8,16.7
401358781,NYK,3149036,2.0,-0.7,-1.7
401358781,NYK,3934695,2.0,0.0,0.0
401358781,NYK,4278355,14.0,11.3,10.1
401358781,NYK,4351852,30.0,7.8,3.7
401358781,NYK,4395625,26.0,3.3,2.1
401358781,NYK,4397014,25.0,8.6,7.6
401358782,BOS,2990992,40.0,12.9,12.5
401358782,BOS,3056600,12.0,6.2,5.0
401358782,BOS,3917376,37.0,17.4,15.4
401358782,BOS,4017839,16.0,2.0,0.5
401358782,BOS,4065648,40.0,17.5,12.9
401358782,BOS,4066211,39.0,14.9,12.7
401358782,BOS,4066354,30.0,14.5,12.8
401358782,BOS,4397008,26.0,4.7,3.0
401358782,MIL,3438,21.0,4.2,4.4
401358782,MIL,3995,37.0,15.5,10.5
401358782,MIL,4032,18.0,8.1,8.1
401358782,MIL,4258,17.0,3.8,3.9
401358782,MIL,6609,36.0,13.0,11.1
401358782,MIL,2578239,18.0,4.9,2.7
401358782,MIL,3032977,30.0,29.2,26.7
401358782,MIL,3064482,22.0,12.3,12.3
401358782,MIL,3135045,26.0,2.5,1.3
401358782,MIL,3934673,16.0,1.2,0.6
401358783,GSW,3975,37.0,24.6,20.9
401358783,GSW,4269,20.0,5.0,5.6
401358783,GSW,6589,34.0,15.2,8.7
401358783,GSW,2594922,29.0,18.4,17.3
401358783,GSW,3134903,30.0,14.3,11.2
401358783,GSW,3137795,8.0,-0.4,-0.4
401358783,GSW,3155535,28.0,9.2,8.9
401358783,GSW,3907358,14.0,4.5,4.1
401358783,GSW,4401416,18.0,6.5,4.8
401358783,GSW,4433247,21.0,9.9,10.0
401358783,PHX,2779,38.0,19.0,18.3
401358783,PHX,3452,13.0,7.5,5.8
401358783,PHX,6581,32.0,2.2,2.9
401358783,PHX,3064230,18.0,-0.9,-0.3
401358783,PHX,3136193,40.0,3.9,2.5
401358783,PHX,3138196,21.0,10.4,10.1
401358783,PHX,3147657,38.0,14.9,12.8
401358783,PHX,3914044,10.0,4.3,3.4
401358783,PHX,4278129,31.0,18.9,16.7
401358784,BKN,3015,6.0,-0.8,-0.7
401358784,BKN,3989,11.0,-0.8,-0.7
401358784,BKN,3992,39.0,28.8,25.3
401358784,BKN,3999,25.0,8.3,6.1
401358784,BKN,4004,36.0,31.4,31.4
401358784,BKN,2530572,14.0,-1.3,-0.3
401358784,BKN,3062667,27.0,12.1,10.5
401358784,BKN,3133635,14.0,0.2,-1.4
401358784,BKN,4065670,37.0,15.1,13.9
401358784,BKN,4278067,32.0,10.6,6.7
401358784,LAL,1966,40.0,34.6,29.3
401358784,LAL,1975,39.0,17.5,11.4
401358784,LAL,2384,6.0,1.6,1.7
401358784,LAL,3468,37.0,9.5,8.4
401358784,LAL,3973,12.0,-2.0,-1.4
401358784,LAL,3981,14.0,1.5,1.3
401358784,LAL,3134881,27.0,5.0,5.7
401358784,LAL,4066262,35.0,15.7,14.2
401358784,LAL,4396991,30.0,7.7,7.7
401358785,DAL,6448,21.0,7.9,8.1
401358785,DAL,2531367,27.0,4.4,4.1
401358785,DAL,3057187,28.0,6.0,7.1
401358785,DAL,3064320,9.0,-2.6,-3.1
401358785,DAL,3102531,34.0,21.0,17.3
401358785,DAL,3138154,22.0,7.9,6.4
401358785,DAL,3907487,11.0,0.9,1.0
401358785,DAL,3934672,36.0,16.9,16.9
401358785,DAL,4066508,8.0,2.2,0.3
401358785,DAL,4230547,35.0,12.7,11.0
401358785,DAL,4397126,11.0,2.7,3.7
401358785,UTA,3005,19.0,1.6,0.9
401358785,UTA,3195,31.0,21.8,19.1
401358785,UTA,3593,25.0,15.7,15.8
401358785,UTA,4262,14.0,9.7,7.6
401358785,UTA,2528426,27.0,8.7,5.6
401358785,UTA,2583632,29.0,1.3,1.7
401358785,UTA,2968436,26.0,1.9,1.4
401358785,UTA,3032976,34.0,13.2,9.2
401358785,UTA,3908809,35.0,21.8,20.0
401359833,CHA,4249,35.0,14.8,13.5
401359833,CHA,4305,21.0,11.0,9.7
401359833,CHA,2488653,32.0,9.0,7.7
401359833,CHA,3133603,35.0,4.1,4.8
401359833,CHA,3138161,24.0,12.0,9.5
401359833,CHA,4066383,33.0,13.7,9.5
401359833,CHA,4066731,11.0,1.2,0.6
401359833,CHA,4278078,19.0,5.6,4.7
401359833,CHA,4432816,29.0,26.5,23.6
401359833,IND,6603,24.0,-3.7,-4.9
401359833,IND,2284101,26.0,9.7,9.1
401359833,IND,2528693,28.0,6.4,5.8
401359833,IND,2530530,24.0,9.1,6.2
401359833,IND,2566769,40.0,25.0,23.9
401359833,IND,3133628,26.0,5.6,2.6
401359833,IND,3155942,39.0,24.0,22.0
401359833,IND,4592402,33.0,20.7,19.8
401359834,CHI,3978,38.0,11.2,6.9
401359834,CHI,6478,36.0,9.0,6.4
401359834,CHI,2596112,15.0,0.9,0.0
401359834,CHI,2991350,27.0,4.3,-0.0
401359834,CHI,3064440,35.0,30.3,27.3
401359834,CHI,4066421,33.0,8.1,6.5
401359834,CHI,4067045,12.0,-3.0,-2.7
401359834,CHI,4278508,4.0,-1.2,0.0
401359834,CHI,4397002,11.0,2.5,1.6
401359834,CHI,4431687,28.0,3.2,3.7
401359834,DET,6446,28.0,4.0,1.0
401359834,DET,2489663,22.0,6.9,4.7
401359834,DET,2991070,32.0,17.1,15.7
401359834,DET,3136196,17.0,4.5,0.7
401359834,DET,4065651,29.0,-0.4,0.6
401359834,DET,4066297,19.0,2.8,2.0
401359834,DET,4080610,15.0,7.3,6.0
401359834,DET,4397136,33.0,8.2,7.7
401359834,DET,4432810,26.0,9.6,7.5
401359834,DET,4683024,20.0,-3.3,-4.1
401359835,TOR,3423,22.0,8.6,8.1
401359835,TOR,2578240,26.0,8.9,8.8
401359835,TOR,2991230,35.0,3.4,0.5
401359835,TOR,3133602,16.0,-0.8,-0.1
401359835,TOR,3934719,34.0,4.5,0.4
401359835,TOR,3948153,18.0,2.8,0.9
401359835,TOR,4277843,26.0,2.4,-0.5
401359835,TOR,4397885,12.0,7.9,6.1
401359835,TOR,4431679,19.0,3.9,3.3
401359835,TOR,4433134,33.0,2.1,1.3
401359835,WAS,6426,13.0,-1.9,-0.7
401359835,WAS,6580,34.0,15.4,11.3
401359835,WAS,2580782,26.0,9.2,9.5
401359835,WAS,2581018,27.0,2.2,0.6
401359835,WAS,2968361,23.0,6.9,2.4
401359835,WAS,2991055,26.0,21.6,19.9
401359835,WAS,3134907,35.0,5.6,0.2
401359835,WAS,3922230,13.0,-5.7,-5.8
401359835,WAS,4278049,22.0,12.0,6.4
401359835,WAS,4683021,21.0,12.3,7.8
401359836,CLE,3449,17.0,2.9,2.7
401359836,CLE,4011,25.0,12.6,11.6
401359836,CLE,3893016,17.0,12.1,11.8
401359836,CLE,4066328,29.0,27.3,21.7
401359836,CLE,4066336,31.0,6.7,3.6
401359836,CLE,4277811,29.0,8.7,10.3
401359836,CLE,4396907,32.0,10.4,10.9
401359836,CLE,4432158,38.0,18.1,14.5
401359836,CLE,4432822,21.0,6.8,7.1
401359836,MEM,2991235,32.0,13.1,9.0
401359836,MEM,2993874,22.0,12.4,9.1
401359836,MEM,3134932,19.0,4.7,4.1
401359836,MEM,3135046,14.0,10.8,9.2
401359836,MEM,3906665,12.0,7.0,6.5
401359836,MEM,4066320,30.0,15.6,13.8
401359836,MEM,4066436,31.0,17.5,16.9
401359836,MEM,4277961,31.0,9.0,5.2
401359836,MEM,4279888,34.0,28.5,26.4
401359836,MEM,4433137,17.0,2.9,1.7
401359837,HOU,3415,17.0,-1.4,-2.0
401359837,HOU,3431,23.0,10.4,8.8
401359837,HOU,2451037,21.0,8.9,8.8
401359837,HOU,3058254,32.0,11.2,9.6
401359837,HOU,3062744,17.0,3.3,2.5
401359837,HOU,3136777,21.0,-1.3,-0.3
401359837,HOU,4066450,8.0,3.6,4.0
401359837,HOU,4397140,25.0,-2.0,-2.4
401359837,HOU,4431828,9.0,7.7,6.4
401359837,HOU,4432168,8.0,5.7,3.7
401359837,HOU,4437244,32.0,5.8,3.6
401359837,HOU,4871143,8.0,6.4,4.1
401359837,HOU,4871144,19.0,12.2,9.9
401359837,MIN,2982268,5.0,0.3,0.3
401359837,MIN,2990962,16.0,5.2,3.7
401359837,MIN,3134916,19.0,5.3,3.4
401359837,MIN,3136195,29.0,29.5,25.8
401359837,MIN,3136776,25.0,15.7,14.3
401359837,MIN,3907822,21.0,10.3,7.0
401359837,MIN,4065663,21.0,8.6,4.7
401359837,MIN,4278077,15.0,4.4,2.7
401359837,MIN,4278507,4.0,1.7,1.7
401359837,MIN,4278541,6.0,0.6,0.7
401359837,MIN,4396971,19.0,5.4,2.0
401359837,MIN,4431671,26.0,7.8,2.4
401359837,MIN,4594268,31.0,18.8,17.4
401359837,MIN,4683025,5.0,0.3,0.3
401359838,NOP,4023,15.0,-0.1,0.0
401359838,NOP,6477,30.0,2.7,1.5
401359838,NOP,6621,9.0,0.9,-0.3
401359838,NOP,3062679,10.0,4.9,4.7
401359838,NOP,3133601,29.0,16.2,14.2
401359838,NOP,3913176,37.0,14.2,11.8
401359838,NOP,4277813,3.0,0.0,0.0
401359838,NOP,4278039,34.0,17.1,14.7
401359838,NOP,4278594,20.0,2.8,1.4
401359838,NOP,4395698,17.0,6.3,4.8
401359838,NOP,4397077,18.0,5.0,3.8
401359838,NOP,4397688,18.0,2.9,3.3
401359838,PHI,3988,19.0,-1.9,-0.7
401359838,PHI,6440,28.0,18.4,14.4
401359838,PHI,6585,19.0,10.2,3.1
401359838,PHI,2326307,28.0,8.1,7.5
401359838,PHI,2990969,18.0,10.1,9.8
401359838,PHI,3059318,26.0,17.7,15.7
401359838,PHI,3907498,27.0,4.3,-0.7
401359838,PHI,3929325,20.0,20.6,19.6
401359838,PHI,4278562,3.0,1.0,1.0
401359838,PHI,4395702,13.0,-4.1,-4.1
401359838,PHI,4397209,2.0,-0.7,-0.7
401359838,PHI,4397886,2.0,2.0,1.7
401359838,PHI,4431678,34.0,17.2,15.9
401359838,PHI,4432164,2.0,0.0,0.0
401359839,ORL,3447,13.0,1.3,2.1
401359839,ORL,6619,27.0,9.5,9.0
401359839,ORL,3150844,15.0,5.0,4.6
401359839,ORL,4277847,19.0,12.1,9.4
401359839,ORL,4277919,27.0,18.4,16.3
401359839,ORL,4397205,19.0,0.2,-1.4
401359839,ORL,4432165,30.0,-0.8,-0.9
401359839,ORL,4432809,30.0,2.9,2.9
401359839,ORL,4566434,32.0,13.1,10.9
401359839,ORL,4590530,26.0,3.6,0.9
401359839,SAS,2528588,22.0,7.9,8.7
401359839,SAS,2994526,6.0,-2.8,-2.8
401359839,SAS,3078576,30.0,14.1,12.7
401359839,SAS,3134908,30.0,18.6,18.3
401359839,SAS,3136779,11.0,4.6,5.1
401359839,SAS,3146557,4.0,2.0,1.3
401359839,SAS,3907497,31.0,12.7,8.1
401359839,SAS,3914285,14.0,3.9,2.8
401359839,SAS,4277890,25.0,11.5,9.6
401359839,SAS,4395626,8.0,3.4,3.4
401359839,SAS,4395630,25.0,19.1,17.3
401359839,SAS,4395723,28.0,7.7,7.9
401359839,SAS,4702176,5.0,2.7,2.7
401359840,OKC,4257,20.0,2.8,1.0
401359840,OKC,3133626,16.0,3.6,4.4
401359840,OKC,4066392,14.0,6.3,6.5
401359840,OKC,4278073,33.0,9.3,9.2
401359840,OKC,4397020,30.0,1.8,-0.2
401359840,OKC,4423545,30.0,9.7,7.9
401359840,OKC,4432813,13.0,7.6,7.4
401359840,OKC,4432819,15.0,7.1,5.4
401359840,OKC,4578893,3.0,0.3,0.0
401359840,OKC,4683018,15.0,-0.2,-1.4
401359840,OKC,4683027,21.0,0.5,0.3
401359840,OKC,4871145,29.0,4.0,2.4
401359840,UTA,3195,25.0,5.4,5.0
401359840,UTA,3593,28.0,17.1,15.9
401359840,UTA,4262,19.0,7.2,4.4
401359840,UTA,2528426,27.0,10.3,11.1
401359840,UTA,2583632,28.0,0.1,-2.4
401359840,UTA,2968436,26.0,13.0,12.5
401359840,UTA,3032976,29.0,18.9,13.8
401359840,UTA,3133817,14.0,1.8,1.3
401359840,UTA,3908809,28.0,11.9,9.7
401359840,UTA,4066446,3.0,2.0,2.0
401359840,UTA,4066467,2.0,0.3,0.0
401359840,UTA,4066851,2.0,-0.4,0.0
401359840,UTA,4395695,9.0,-3.9,-3.8
401359841,POR,6606,40.0,14.3,12.7
401359841,POR,2490149,35.0,26.0,22.7
401359841,POR,2490620,31.0,3.7,1.9
401359841,POR,2579258,19.0,7.9,5.4
401359841,POR,2580365,17.0,0.0,0.7
401359841,POR,2595516,35.0,7.8,7.5
401359841,POR,3102530,29.0,20.3,17.9
401359841,POR,4351851,18.0,11.2,10.6
401359841,POR,4395652,16.0,5.0,5.1
401359841,SAC,6474,19.0,3.4,3.4
401359841,SAC,6578,37.0,33.2,29.1
401359841,SAC,6591,22.0,4.1,2.6
401359841,SAC,2990984,31.0,14.7,13.7
401359841,SAC,2993370,29.0,24.1,20.4
401359841,SAC,3919454,13.0,0.7,0.9
401359841,SAC,4066259,36.0,14.8,14.6
401359841,SAC,4278053,24.0,0.0,0.3
401359841,SAC,4396993,29.0,1.5,0.7
401359842,MIA,3012,24.0,4.2,3.0
401359842,MIA,3033,22.0,9.8,8.5
401359842,MIA,6430,29.0,20.2,19.5
401359842,MIA,6461,18.0,1.7,1.3
401359842,MIA,2580913,15.0,12.5,11.2
401359842,MIA,3074213,8.0,5.9,5.0
401359842,MIA,3137259,12.0,5.9,6.5
401359842,MIA,3138160,8.0,5.8,3.9
401359842,MIA,3157465,24.0,5.2,3.2
401359842,MIA,4065778,18.0,4.2,3.3
401359842,MIA,4066261,23.0,16.3,13.8
401359842,MIA,4277892,5.0,0.3,0.7
401359842,MIA,4278521,8.0,1.9,2.0
401359842,MIA,4395725,24.0,21.3,20.2
401359842,MIL,3438,21.0,5.5,4.7
401359842,MIL,6609,23.0,2.4,0.6
401359842,MIL,2578239,27.0,4.8,4.8
401359842,MIL,3032977,23.0,11.9,7.4
401359842,MIL,3102533,18.0,4.7,5.4
401359842,MIL,3135045,29.0,8.1,8.0
401359842,MIL,3945566,27.0,-0.4,0.9
401359842,MIL,4277883,26.0,4.1,3.4
401359842,MIL,4278580,27.0,9.2,9.4
401359842,MIL,4683022,18.0,2.0,2.2
401359843,CHA,4249,35.0,14.5,15.0
401359843,CHA,4305,18.0,4.7,4.4
401359843,CHA,2488653,22.0,7.9,4.1
401359843,CHA,3074752,23.0,2.1,1.3
401359843,CHA,3133603,27.0,21.3,20.2
401359843,CHA,3138161,22.0,10.8,7.8
401359843,CHA,4066383,35.0,23.3,19.5
401359843,CHA,4066731,1.0,0.0,0.0
401359843,CHA,4278076,1.0,0.0,0.0
401359843,CHA,4278078,24.0,6.6,6.1
401359843,CHA,4431699,1.0,-2.0,-2.0
401359843,CHA,4431712,1.0,0.3,0.0
401359843,CHA,4432816,29.0,17.7,13.0
401359843,CHA,4702233,1.0,0.0,0.0
401359843,CLE,3449,24.0,8.0,3.7
401359843,CLE,4011,28.0,12.2,10.3
401359843,CLE,2583962,5.0,-0.4,0.0
401359843,CLE,2999549,2.0,1.0,0.0
401359843,CLE,3893016,17.0,7.1,7.1
401359843,CLE,3904625,2.0,-0.7,-1.0
401359843,CLE,3912848,5.0,2.6,1.3
401359843,CLE,4066328,27.0,7.8,8.2
401359843,CLE,4066336,34.0,9.8,9.0
401359843,CLE,4066405,2.0,-0.7,-0.7
401359843,CLE,4277811,35.0,23.6,21.9
401359843,CLE,4277916,2.0,2.4,2.4
401359843,CLE,4432158,32.0,11.2,7.4
401359843,CLE,4432822,25.0,4.2,4.7
401359844,NYK,3456,24.0,12.5,12.9
401359844,NYK,6429,18.0,13.8,13.6
401359844,NYK,6479,22.0,8.0,6.7
401359844,NYK,6588,27.0,13.1,11.3
401359844,NYK,3064514,30.0,17.7,13.9
401359844,NYK,4277922,10.0,3.5,1.7
401359844,NYK,4278075,4.0,-0.7,-0.3
401359844,NYK,4278355,23.0,11.3,9.2
401359844,NYK,4351852,28.0,5.0,5.5
401359844,NYK,4395625,25.0,5.7,2.6
401359844,NYK,4395724,20.0,15.1,13.8
401359844,NYK,4397014,5.0,2.0,2.0
401359844,NYK,4431823,3.0,-1.4,-2.1
401359844,NYK,4895499,1.0,0.0,0.0
401359844,ORL,3447,13.0,6.0,5.1
401359844,ORL,6619,24.0,6.2,6.3
401359844,ORL,3150844,13.0,-1.4,-0.4
401359844,ORL,4277847,30.0,12.3,9.1
401359844,ORL,4277919,34.0,15.8,10.8
401359844,ORL,4397205,8.0,-0.1,0.0
401359844,ORL,4432165,32.0,12.2,10.1
401359844,ORL,4432809,32.0,2.0,1.6
401359844,ORL,4566434,34.0,8.2,7.7
401359844,ORL,4590530,20.0,5.2,5.1
401359845,IND,6507,2.0,-1.0,-1.0
401359845,IND,6603,24.0,5.9,5.3
401359845,IND,2284101,20.0,1.5,2.0
401359845,IND,2528693,12.0,-0.9,-0.7
401359845,IND,2530530,24.0,7.9,6.8
401359845,IND,2566769,44.0,24.3,20.7
401359845,IND,3133628,44.0,35.3,31.9
401359845,IND,3155942,43.0,26.6,24.7
401359845,IND,4278031,8.0,-0.4,0.0
401359845,IND,4592402,45.0,9.1,7.7
401359845,WAS,6426,23.0,11.8,10.6
401359845,WAS,2580782,35.0,29.5,29.1
401359845,WAS,2581018,35.0,4.0,5.4
401359845,WAS,2968361,29.0,17.4,14.2
401359845,WAS,2991055,34.0,11.3,9.7
401359845,WAS,3134907,39.0,22.2,18.5
401359845,WAS,3922230,25.0,7.0,5.7
401359845,WAS,4278049,18.0,6.6,6.5
401359845,WAS,4280151,10.0,1.2,0.7
401359845,WAS,4683021,17.0,-0.2,0.0
401359846,BOS,3213,25.0,11.8,5.7
401359846,BOS,6447,5.0,1.7,1.7
401359846,BOS,2581190,21.0,9.9,9.4
401359846,BOS,2990992,29.0,-0.8,-2.7
401359846,BOS,3032979,23.0,1.8,0.4
401359846,BOS,3917376,28.0,-3.9,-4.3
401359846,BOS,4017839,4.0,0.2,0.3
401359846,BOS,4065648,30.0,10.8,8.8
401359846,BOS,4066211,28.0,9.4,5.8
401359846,BOS,4066218,10.0,4.0,3.4
401359846,BOS,4066354,16.0,1.8,2.0
401359846,BOS,4396909,4.0,-0.7,-0.7
401359846,BOS,4397008,16.0,2.9,2.7
401359846,TOR,3423,12.0,2.8,2.3
401359846,TOR,2578240,21.0,4.3,2.1
401359846,TOR,2991230,37.0,12.4,8.9
401359846,TOR,3133602,14.0,4.1,3.0
401359846,TOR,3934719,34.0,6.4,6.9
401359846,TOR,3948153,20.0,9.1,4.6
401359846,TOR,4066668,3.0,1.3,0.0
401359846,TOR,4277843,32.0,19.1,14.4
401359846,TOR,4348697,2.0,3.8,3.8
401359846,TOR,4397885,3.0,2.4,2.4
401359846,TOR,4431679,25.0,15.0,10.4
401359846,TOR,4432907,3.0,0.3,0.0
401359846,TOR,4433134,35.0,23.8,22.1
401359847,CHI,3978,32.0,18.8,18.4
401359847,CHI,6478,31.0,8.5,3.0
401359847,CHI,2596112,17.0,10.8,8.8
401359847,CHI,2991350,29.0,8.7,8.1
401359847,CHI,3059311,2.0,-0.7,-0.7
401359847,CHI,3064440,32.0,23.1,20.9
401359847,CHI,3936099,2.0,0.0,0.0
401359847,CHI,4065673,2.0,0.9,0.7
401359847,CHI,4066421,35.0,26.1,20.8
401359847,CHI,4067045,14.0,9.9,8.5
401359847,CHI,4278508,16.0,4.3,3.7
401359847,CHI,4397002,2.0,0.3,0.0
401359847,CHI,4431687,24.0,6.7,6.4
401359847,NOP,4023,10.0,1.5,1.3
401359847,NOP,6477,33.0,18.3,16.3
401359847,NOP,6621,7.0,-2.4,-2.4
401359847,NOP,3133601,30.0,16.6,16.2
401359847,NOP,3913176,34.0,20.0,19.2
401359847,NOP,4277813,29.0,5.3,4.5
401359847,NOP,4278039,32.0,14.9,9.4
401359847,NOP,4278594,13.0,1.1,-1.0
401359847,NOP,4395698,11.0,4.7,4.4
401359847,NOP,4397077,15.0,7.2,6.7
401359847,NOP,4397688,25.0,0.4,0.6
401359848,HOU,3415,9.0,3.0,3.4
401359848,HOU,3431,26.0,16.3,15.3
401359848,HOU,2451037,18.0,0.9,1.6
401359848,HOU,2991155,11.0,3.9,2.0
401359848,HOU,3058254,33.0,31.1,26.1
401359848,HOU,3062744,16.0,7.3,3.1
401359848,HOU,3136777,28.0,18.8,15.0
401359848,HOU,4066450,6.0,5.4,5.4
401359848,HOU,4397140,31.0,18.5,14.6
401359848,HOU,4431828,6.0,0.3,0.7
401359848,HOU,4432168,6.0,0.5,-0.7
401359848,HOU,4437244,26.0,5.1,2.3
401359848,HOU,4871143,6.0,-0.7,-1.7
401359848,HOU,4871144,18.0,0.4,-1.3
401359848,OKC,4257,10.0,1.5,1.0
401359848,OKC,2490089,12.0,11.7,10.1
401359848,OKC,3133626,22.0,7.8,8.5
401359848,OKC,3929321,9.0,-0.7,-0.7
401359848,OKC,4065733,15.0,-3.2,-3.8
401359848,OKC,4066392,10.0,-1.6,-1.1
401359848,OKC,4278073,26.0,2.1,1.3
401359848,OKC,4397020,27.0,6.5,4.3
401359848,OKC,4423545,18.0,3.2,0.1
401359848,OKC,4432813,21.0,2.7,1.6
401359848,OKC,4432819,13.0,4.1,4.9
401359848,OKC,4578893,6.0,-0.1,-0.4
401359848,OKC,4683018,17.0,8.8,6.1
401359848,OKC,4683027,15.0,3.7,3.5
401359848,OKC,4871145,20.0,6.3,4.7
401359849,DEN,3209,18.0,1.0,0.7
401359849,DEN,6579,32.0,11.2,9.8
401359849,DEN,6617,16.0,0.8,-0.1
401359849,DEN,2327577,14.0,7.2,4.8
401359849,DEN,2968334,19.0,8.3,5.8
401359849,DEN,3059310,29.0,4.5,3.7
401359849,DEN,3064290,30.0,3.0,4.1
401359849,DEN,3112335,34.0,31.7,26.3
401359849,DEN,3923250,21.0,6.3,5.7
401359849,DEN,4278104,27.0,-0.1,0.2
401359849,SAS,3244,9.0,-1.7,-1.7
401359849,SAS,2528588,31.0,1.2,0.3
401359849,SAS,2994526,10.0,-1.4,-1.7
401359849,SAS,3078576,37.0,16.1,12.5
401359849,SAS,3134908,26.0,12.2,11.6
401359849,SAS,3907497,35.0,8.9,6.1
401359849,SAS,3914285,13.0,1.8,2.5
401359849,SAS,4277890,20.0,4.8,2.6
401359849,SAS,4395626,1.0,-1.0,-1.0
401359849,SAS,4395630,20.0,5.4,2.9
401359849,SAS,4395723,37.0,22.2,19.2
401359850,SAC,6474,4.0,0.0,0.0
401359850,SAC,6578,38.0,20.1,16.1
401359850,SAC,2596107,23.0,6.9,6.9
401359850,SAC,2990984,26.0,11.7,11.0
401359850,SAC,2993370,18.0,9.0,6.2
401359850,SAC,3919454,20.0,0.9,1.3
401359850,SAC,4066259,35.0,6.3,1.8
401359850,SAC,4277848,10.0,0.8,0.0
401359850,SAC,4278053,32.0,3.7,0.2
401359850,SAC,4396993,35.0,16.2,11.6
401359850,UTA,3195,31.0,12.5,9.7
401359850,UTA,3593,34.0,6.7,4.6
401359850,UTA,4262,16.0,10.9,9.2
401359850,UTA,2528426,24.0,7.6,5.2
401359850,UTA,2583632,32.0,9.5,5.4
401359850,UTA,2968436,6.0,-1.1,-0.7
401359850,UTA,3032976,32.0,19.5,14.9
401359850,UTA,3133817,15.0,2.3,1.3
401359850,UTA,3908809,37.0,13.6,11.2
401359850,UTA,4065656,7.0,3.1,3.1
401359850,UTA,4066851,4.0,0.0,0.0
401359850,UTA,4395695,2.0,0.0,0.0
401359851,ATL,2488958,13.0,4.4,4.7
401359851,ATL,2534781,19.0,5.6,4.5
401359851,ATL,3037789,27.0,2.1,2.3
401359851,ATL,3064447,13.0,5.4,4.5
401359851,ATL,3102529,27.0,9.7,7.4
401359851,ATL,3908845,27.0,4.0,1.6
401359851,ATL,4065732,30.0,3.6,4.2
401359851,ATL,4066372,22.0,-0.6,-1.1
401359851,ATL,4277905,35.0,17.6,14.7
401359851,ATL,4395627,28.0,12.6,12.6
401359851,CLE,3449,24.0,12.6,11.4
401359851,CLE,4011,35.0,20.3,18.7
401359851,CLE,3893016,21.0,1.4,0.9
401359851,CLE,4066328,33.0,9.5,4.0
401359851,CLE,4066336,32.0,9.7,5.8
401359851,CLE,4277811,28.0,2.2,3.9
401359851,CLE,4432158,35.0,18.8,12.5
401359851,CLE,4432822,34.0,7.1,8.0
401359852,IND,6603,18.0,9.0,8.4
401359852,IND,2284101,37.0,5.4,3.0
401359852,IND,2528693,11.0,2.7,1.7
401359852,IND,2530530,24.0,6.6,5.1
401359852,IND,2566769,41.0,11.9,8.3
401359852,IND,3133628,16.0,-1.8,-2.4
401359852,IND,3155942,43.0,15.7,10.5
401359852,IND,4278031,32.0,13.3,11.4
401359852,IND,4432170,2.0,0.6,0.6
401359852,IND,4592402,41.0,8.9,7.1
401359852,MIA,3033,36.0,-0.8,-1.7
401359852,MIA,6430,40.0,10.6,8.3
401359852,MIA,6461,17.0,-0.4,0.0
401359852,MIA,2580913,14.0,-1.6,-1.3
401359852,MIA,3137259,25.0,-0.1,0.8
401359852,MIA,3157465,37.0,9.0,8.4
401359852,MIA,4065778,17.0,4.2,3.7
401359852,MIA,4066261,39.0,11.3,7.0
401359852,MIA,4395725,41.0,14.8,12.9
401359853,DAL,2528210,39.0,20.3,19.5
401359853,DAL,2528779,17.0,-1.0,-1.5
401359853,DAL,2531367,25.0,12.6,12.5
401359853,DAL,2578185,36.0,10.9,9.9
401359853,DAL,2960236,20.0,3.7,1.6
401359853,DAL,2991282,3.0,0.3,0.0
401359853,DAL,3057187,9.0,-1.5,-1.0
401359853,DAL,3102531,29.0,13.5,8.5
401359853,DAL,3934672,23.0,3.7,2.7
401359853,DAL,3945274,39.0,19.4,17.2
401359853,TOR,3423,14.0,0.5,0.0
401359853,TOR,2578240,18.0,4.7,4.8
401359853,TOR,2991230,39.0,11.5,10.6
401359853,TOR,3133602,19.0,7.8,5.7
401359853,TOR,3934719,32.0,16.7,14.1
401359853,TOR,3948153,8.0,-0.8,-3.8
401359853,TOR,4277843,36.0,5.3,3.1
401359853,TOR,4348697,3.0,0.9,0.0
401359853,TOR,4397885,8.0,-2.5,-3.1
401359853,TOR,4431679,33.0,9.6,8.1
401359853,TOR,4433134,30.0,13.6,14.4
401359854,CHI,3978,34.0,15.4,13.3
401359854,CHI,6478,33.0,15.7,7.7
401359854,CHI,2596112,18.0,8.0,8.8
401359854,CHI,2991350,27.0,16.5,11.2
401359854,CHI,3064440,33.0,6.1,5.3
401359854,CHI,4066421,38.0,11.1,5.3
401359854,CHI,4067045,6.0,0.6,0.0
401359854,CHI,4278508,11.0,-0.9,-1.5
401359854,CHI,4397002,11.0,4.4,2.4
401359854,CHI,4431687,30.0,6.6,5.4
401359854,DET,6446,21.0,3.0,2.3
401359854,DET,2488826,4.0,-0.1,-0.7
401359854,DET,2489663,19.0,8.1,5.6
401359854,DET,2991070,31.0,4.1,-0.8
401359854,DET,3136196,19.0,8.5,7.0
401359854,DET,4065651,20.0,-2.0,-1.5
401359854,DET,4066297,16.0,0.5,-0.3
401359854,DET,4080610,14.0,0.5,1.7
401359854,DET,4277951,6.0,4.9,3.0
401359854,DET,4278124,10.0,0.6,-0.7
401359854,DET,4278566,1.0,0.0,0.0
401359854,DET,4397136,34.0,15.6,10.1
401359854,DET,4432810,24.0,5.7,3.4
401359854,DET,4683024,19.0,0.1,-0.0
401359855,MIN,3964,22.0,7.0,5.5
401359855,MIN,2990962,16.0,0.7,0.2
401359855,MIN,3134916,12.0,8.0,5.4
401359855,MIN,3136195,29.0,12.7,12.1
401359855,MIN,3136776,29.0,-1.2,-1.4
401359855,MIN,3907822,19.0,5.0,4.1
401359855,MIN,4065663,18.0,3.3,1.3
401359855,MIN,4278077,13.0,8.2,3.8
401359855,MIN,4396971,19.0,7.2,4.9
401359855,MIN,4431671,27.0,1.7,1.0
401359855,MIN,4594268,37.0,14.5,11.4
401359855,NOP,4023,15.0,5.0,3.1
401359855,NOP,6477,36.0,23.8,17.9
401359855,NOP,3133601,35.0,1.7,-0.4
401359855,NOP,3913176,40.0,16.1,15.8
401359855,NOP,4277813,29.0,1.3,0.8
401359855,NOP,4278039,36.0,4.2,0.2
401359855,NOP,4278594,4.0,-3.1,-2.3
401359855,NOP,4395698,11.0,-4.0,-4.0
401359855,NOP,4397077,12.0,1.4,-0.1
401359855,NOP,4397688,22.0,4.6,3.3
401359856,MIL,3438,25.0,13.7,13.2
401359856,MIL,3995,25.0,10.6,10.9
401359856,MIL,6609,35.0,18.0,15.4
401359856,MIL,2578239,37.0,13.8,11.8
401359856,MIL,3032977,30.0,16.0,13.1
401359856,MIL,3102533,22.0,3.6,3.5
401359856,MIL,3135045,26.0,7.1,4.6
401359856,MIL,3945566,13.0,4.2,2.7
401359856,MIL,4277883,21.0,7.2,4.0
401359856,MIL,4278580,6.0,-1.1,-0.7
401359856,SAS,2528588,32.0,22.1,20.9
401359856,SAS,2994526,14.0,0.4,0.6
401359856,SAS,3078576,31.0,15.3,11.6
401359856,SAS,3134908,35.0,15.3,12.1
401359856,SAS,3136779,1.0,-0.4,-0.7
401359856,SAS,3146557,1.0,-1.0,-1.0
401359856,SAS,3907497,34.0,10.0,7.1
401359856,SAS,3914285,13.0,3.0,1.4
401359856,SAS,4277890,25.0,10.5,9.7
401359856,SAS,4395626,5.0,1.0,1.0
401359856,SAS,4395630,19.0,0.1,0.0
401359856,SAS,4395723,29.0,11.1,10.7
401359856,SAS,4702176,1.0,2.4,2.4
401359857,PHX,2779,26.0,9.6,8.0
401359857,PHX,3452,11.0,6.7,7.0
401359857,PHX,6581,24.0,2.8,1.3
401359857,PHX,2579294,10.0,0.9,0.0
401359857,PHX,2583639,25.0,11.7,10.6
401359857,PHX,2595435,18.0,3.8,1.9
401359857,PHX,3136193,28.0,16.9,14.4
401359857,PHX,3138196,15.0,3.6,3.7
401359857,PHX,3147657,26.0,11.0,10.4
401359857,PHX,3149010,6.0,-0.1,-0.3
401359857,PHX,3914044,17.0,1.3,2.4
401359857,PHX,4278129,26.0,4.7,4.6
401359857,PHX,4397189,10.0,3.2,3.7
401359857,POR,6606,24.0,17.2,17.3
401359857,POR,2490149,30.0,21.0,17.4
401359857,POR,2490620,26.0,7.1,4.7
401359857,POR,2578213,6.0,4.7,4.7
401359857,POR,2579258,13.0,4.3,4.7
401359857,POR,2580365,22.0,10.4,7.1
401359857,POR,2595516,12.0,13.4,12.8
401359857,POR,3102530,25.0,11.0,6.1
401359857,POR,4065697,15.0,4.8,3.2
401359857,POR,4351851,24.0,11.2,11.4
401359857,POR,4395652,27.0,10.5,8.7
401359857,POR,4397166,8.0,-0.3,-0.4
401359857,POR,4432161,6.0,1.8,1.9
401359858,LAC,3416,23.0,5.9,3.0
401359858,LAC,4238,33.0,14.4,11.5
401359858,LAC,4251,35.0,33.5,29.3
401359858,LAC,6443,36.0,9.4,9.3
401359858,LAC,6462,30.0,2.0,3.6
401359858,LAC,3907823,26.0,1.3,1.3
401359858,LAC,3913174,22.0,5.3,6.3
401359858,LAC,4017837,19.0,7.6,7.2
401359858,LAC,4222252,16.0,11.0,8.5
401359858,MEM,2991235,27.0,22.3,19.1
401359858,MEM,2993874,17.0,3.8,0.9
401359858,MEM,3134932,17.0,0.0,-0.3
401359858,MEM,3135046,13.0,0.1,0.0
401359858,MEM,3906665,21.0,3.4,3.0
401359858,MEM,4066320,31.0,12.2,11.3
401359858,MEM,4066436,33.0,17.9,17.2
401359858,MEM,4277961,31.0,17.3,15.4
401359858,MEM,4279888,35.0,18.9,18.5
401359858,MEM,4433137,16.0,2.6,3.4
401359859,BKN,2983,22.0,8.9,5.8
401359859,BKN,3015,8.0,7.5,5.4
401359859,BKN,3202,36.0,30.0,27.8
401359859,BKN,3992,33.0,6.4,5.2
401359859,BKN,3999,5.0,1.0,-0.7
401359859,BKN,4004,32.0,1.4,0.2
401359859,BKN,2528794,28.0,2.6,3.7
401359859,BKN,3062667,1.0,0.0,0.0
401359859,BKN,3133635,26.0,1.3,-0.8
401359859,BKN,4065670,27.0,7.0,2.2
401359859,BKN,4278067,18.0,3.5,2.3
401359859,BKN,4432174,1.0,0.0,0.0
401359859,BKN,4432194,1.0,-0.7,-0.7
401359859,CHA,4249,33.0,0.8,1.1
401359859,CHA,4305,21.0,11.3,8.4
401359859,CHA,2488653,28.0,9.4,3.6
401359859,CHA,3133603,23.0,4.6,4.0
401359859,CHA,3138161,32.0,12.0,10.5
401359859,CHA,4066383,35.0,31.6,28.2
401359859,CHA,4066731,12.0,6.4,6.5
401359859,CHA,4278076,1.0,0.0,0.0
401359859,CHA,4278078,26.0,3.3,0.3
401359859,CHA,4431669,1.0,-0.4,-0.7
401359859,CHA,4431699,1.0,0.0,0.0
401359859,CHA,4431712,1.0,0.0,0.0
401359859,CHA,4432816,26.0,13.1,12.1
401359859,CHA,4702233,1.0,0.0,0.0
401359860,NYK,3456,29.0,19.8,17.2
401359860,NYK,3986,12.0,0.6,-0.3
401359860,NYK,6429,25.0,5.4,2.5
401359860,NYK,6479,19.0,8.1,8.1
401359860,NYK,6588,26.0,0.5,-0.2
401359860,NYK,3064514,38.0,25.7,19.2
401359860,NYK,4278355,12.0,-1.3,0.0
401359860,NYK,4351852,33.0,12.9,9.4
401359860,NYK,4395625,33.0,4.6,4.3
401359860,NYK,4395724,12.0,-1.5,-1.4
401359860,ORL,3447,15.0,3.9,2.7
401359860,ORL,6619,31.0,20.7,19.1
401359860,ORL,3150844,14.0,3.7,4.0
401359860,ORL,4277847,31.0,12.2,7.5
401359860,ORL,4277919,34.0,3.2,2.1
401359860,ORL,4397205,2.0,-1.1,-0.7
401359860,ORL,4432165,24.0,3.7,3.6
401359860,ORL,4432809,35.0,29.8,26.3
401359860,ORL,4566434,39.0,7.2,4.6
401359860,ORL,4590530,16.0,-0.4,-0.2
401359861,BOS,3213,30.0,17.2,10.9
401359861,BOS,2581190,19.0,2.9,2.0
401359861,BOS,2990992,36.0,9.3,6.1
401359861,BOS,3032979,33.0,11.4,10.8
401359861,BOS,4065648,37.0,21.8,19.0
401359861,BOS,4066211,28.0,4.3,1.7
401359861,BOS,4066218,31.0,16.3,16.5
401359861,BOS,4066354,16.0,4.6,4.4
401359861,BOS,4396909,12.0,-2.3,-2.4
401359861,HOU,3415,10.0,2.0,2.4
401359861,HOU,3431,26.0,-1.6,-2.4
401359861,HOU,2451037,23.0,5.1,3.7
401359861,HOU,2991155,14.0,-1.8,-2.4
401359861,HOU,3058254,36.0,15.8,12.8
401359861,HOU,3062744,4.0,0.0,0.0
401359861,HOU,3136777,35.0,13.8,11.2
401359861,HOU,4397140,37.0,0.4,1.9
401359861,HOU,4432168,1.0,0.7,0.7
401359861,HOU,4437244,36.0,24.5,21.6
401359861,HOU,4871144,19.0,8.2,5.3
401359862,OKC,4257,19.0,6.2,5.1
401359862,OKC,2490089,16.0,9.1,8.1
401359862,OKC,3133626,21.0,5.9,6.4
401359862,OKC,4278073,39.0,24.8,22.1
401359862,OKC,4397020,37.0,8.8,7.4
401359862,OKC,4423545,32.0,6.8,3.3
401359862,OKC,4432813,14.0,2.2,1.7
401359862,OKC,4432819,10.0,-0.8,-0.4
401359862,OKC,4683018,7.0,2.0,1.0
401359862,OKC,4683027,13.0,-2.2,-2.4
401359862,OKC,4871145,34.0,21.6,16.3
401359862,PHI,3988,28.0,9.5,7.1
401359862,PHI,6440,33.0,10.0,7.9
401359862,PHI,2326307,34.0,24.7,24.2
401359862,PHI,2990969,20.0,8.5,9.1
401359862,PHI,3059318,33.0,23.5,18.8
401359862,PHI,3907498,20.0,4.2,1.0
401359862,PHI,3929325,17.0,5.3,5.0
401359862,PHI,4278562,9.0,6.0,3.8
401359862,PHI,4395702,11.0,-1.5,-1.4
401359862,PHI,4431678,34.0,5.9,6.6
401359863,GSW,3975,35.0,23.2,18.8
401359863,GSW,4269,10.0,1.9,0.6
401359863,GSW,6589,34.0,13.0,12.2
401359863,GSW,2594922,24.0,9.3,5.4
401359863,GSW,2595209,23.0,8.2,7.7
401359863,GSW,3059319,31.0,11.5,11.3
401359863,GSW,3134903,17.0,8.7,8.1
401359863,GSW,3155535,19.0,8.3,7.1
401359863,GSW,4277956,32.0,17.5,14.1
401359863,GSW,4401416,15.0,4.7,3.4
401359863,SAC,6474,16.0,5.5,4.1
401359863,SAC,6578,36.0,17.1,16.3
401359863,SAC,6591,23.0,5.9,5.4
401359863,SAC,2990984,25.0,-0.4,-0.1
401359863,SAC,2993370,32.0,15.0,12.9
401359863,SAC,3919454,12.0,-0.5,-0.7
401359863,SAC,4066259,34.0,6.9,7.2
401359863,SAC,4278053,32.0,15.1,14.8
401359863,SAC,4396993,30.0,10.7,7.9
401359864,LAL,1966,40.0,14.1,9.3
401359864,LAL,1975,28.0,25.5,22.9
401359864,LAL,2384,18.0,4.6,3.0
401359864,LAL,3442,14.0,10.0,7.2
401359864,LAL,3468,37.0,9.1,4.5
401359864,LAL,4240,2.0,0.0,0.0
401359864,LAL,6583,34.0,18.3,14.4
401359864,LAL,6637,28.0,8.4,8.7
401359864,LAL,4066262,21.0,13.5,12.2
401359864,LAL,4066457,18.0,4.4,4.8
401359864,MEM,2991235,34.0,15.3,14.9
401359864,MEM,2993874,20.0,-2.3,-2.5
401359864,MEM,3135046,10.0,5.4,5.1
401359864,MEM,3906665,13.0,2.5,1.7
401359864,MEM,4066320,31.0,13.8,11.1
401359864,MEM,4066436,28.0,9.2,6.4
401359864,MEM,4277961,28.0,6.5,4.5
401359864,MEM,4277964,22.0,9.9,5.7
401359864,MEM,4279888,38.0,34.2,32.1
401359864,MEM,4433137,18.0,0.5,-1.1
401359865,BOS,2581190,15.0,-1.9,-1.7
401359865,BOS,2990992,38.0,5.8,1.3
401359865,BOS,3032979,36.0,21.1,19.8
401359865,BOS,3056600,17.0,11.2,9.4
401359865,BOS,3917376,38.0,25.9,21.6
401359865,BOS,4017839,4.0,3.0,1.7
401359865,BOS,4065648,41.0,32.6,31.3
401359865,BOS,4066211,36.0,16.4,13.3
401359865,BOS,4066218,25.0,8.6,7.4
401359865,BOS,4066354,14.0,1.5,2.4
401359865,CHA,4249,38.0,10.5,9.4
401359865,CHA,4305,23.0,7.2,6.4
401359865,CHA,2488653,37.0,14.7,10.3
401359865,CHA,3133603,43.0,13.1,12.2
401359865,CHA,3138161,18.0,-0.7,-0.5
401359865,CHA,4066383,38.0,16.9,15.5
401359865,CHA,4066731,22.0,11.9,12.1
401359865,CHA,4278076,14.0,7.4,5.1
401359865,CHA,4432816,33.0,13.9,14.8
401359866,IND,6603,15.0,9.0,8.7
401359866,IND,2284101,38.0,10.1,7.0
401359866,IND,2528693,6.0,-0.1,0.0
401359866,IND,2530530,18.0,4.3,4.8
401359866,IND,2566769,37.0,11.4,11.8
401359866,IND,3133628,14.0,2.5,2.4
401359866,IND,3155942,37.0,19.7,16.6
401359866,IND,4278031,23.0,1.0,0.3
401359866,IND,4348700,18.0,6.4,5.8
401359866,IND,4592402,33.0,10.0,9.3
401359866,MIL,3438,27.0,5.9,4.4
401359866,MIL,6609,32.0,21.8,18.9
401359866,MIL,2578239,32.0,12.2,9.7
401359866,MIL,2581177,10.0,2.5,2.0
401359866,MIL,3032977,36.0,29.5,25.2
401359866,MIL,3102533,19.0,5.4,4.8
401359866,MIL,3135045,32.0,14.0,12.3
401359866,MIL,3945566,18.0,0.2,-3.8
401359866,MIL,4277883,23.0,8.9,7.4
401359866,MIL,4278580,10.0,2.3,1.7
401359866,MIL,4683022,1.0,0.0,0.0
401359867,ATL,2799,17.0,8.7,6.4
401359867,ATL,2488958,14.0,-1.9,-1.0
401359867,ATL,2534781,16.0,6.9,6.1
401359867,ATL,3037789,25.0,11.3,11.1
401359867,ATL,3064447,18.0,2.9,1.0
401359867,ATL,3102529,26.0,7.8,3.4
401359867,ATL,3893019,3.0,-1.8,-2.1
401359867,ATL,3908845,24.0,16.0,13.1
401359867,ATL,4066269,3.0,0.0,0.0
401359867,ATL,4066372,27.0,12.7,12.2
401359867,ATL,4277905,32.0,28.2,26.8
401359867,ATL,4395627,27.0,11.7,8.6
401359867,ATL,4432173,3.0,-0.3,-0.3
401359867,ATL,4701230,3.0,2.0,1.7
401359867,DET,6446,16.0,-3.2,-2.4
401359867,DET,2488826,3.0,2.7,2.7
401359867,DET,2489663,30.0,17.3,14.8
401359867,DET,3136196,21.0,7.0,5.7
401359867,DET,4065651,14.0,-2.5,-2.1
401359867,DET,4066297,32.0,16.0,14.5
401359867,DET,4080610,11.0,2.6,1.0
401359867,DET,4277951,13.0,-0.3,0.0
401359867,DET,4278124,7.0,-1.5,-1.4
401359867,DET,4278566,3.0,-1.0,-1.0
401359867,DET,4397136,33.0,17.6,14.5
401359867,DET,4432810,29.0,15.8,12.7
401359867,DET,4683024,27.0,9.2,8.0
401359868,BKN,3015,9.0,-0.6,-0.3
401359868,BKN,3202,35.0,21.3,17.3
401359868,BKN,3989,19.0,0.2,-1.1
401359868,BKN,3992,30.0,11.9,9.1
401359868,BKN,3999,7.0,1.7,1.7
401359868,BKN,4004,23.0,14.9,14.5
401359868,BKN,2528794,30.0,6.2,4.9
401359868,BKN,3062667,18.0,7.6,5.1
401359868,BKN,3133635,14.0,-0.6,-0.7
401359868,BKN,4065670,30.0,8.9,9.1
401359868,BKN,4278067,16.0,8.9,5.8
401359868,BKN,4432174,4.0,-1.8,-2.1
401359868,BKN,4432194,4.0,1.7,1.7
401359868,WAS,6426,21.0,-1.9,-1.7
401359868,WAS,6580,32.0,5.1,4.6
401359868,WAS,2580782,26.0,8.1,6.3
401359868,WAS,2581018,25.0,6.8,5.3
401359868,WAS,2968361,16.0,0.1,-0.4
401359868,WAS,2991055,21.0,9.0,5.9
401359868,WAS,3134907,27.0,2.5,0.3
401359868,WAS,3922230,18.0,6.3,4.9
401359868,WAS,4278049,23.0,10.6,10.8
401359868,WAS,4280150,4.0,0.0,0.0
401359868,WAS,4280151,5.0,3.1,2.4
401359868,WAS,4683021,19.0,1.9,-0.1
401359868,WAS,4715198,5.0,3.9,2.6
401359869,MIA,3012,31.0,5.9,6.2
401359869,MIA,3033,21.0,-2.9,-2.8
401359869,MIA,6430,33.0,32.8,27.7
401359869,MIA,6461,25.0,13.6,12.5
401359869,MIA,2580913,17.0,5.5,2.8
401359869,MIA,3074213,2.0,0.0,0.0
401359869,MIA,3137259,2.0,0.7,0.7
401359869,MIA,3157465,27.0,5.0,4.3
401359869,MIA,4065778,20.0,1.8,2.3
401359869,MIA,4066261,29.0,18.4,14.8
401359869,MIA,4277892,2.0,0.0,0.0
401359869,MIA,4278521,2.0,0.3,0.0
401359869,MIA,4395725,30.0,11.0,9.9
401359869,ORL,3447,11.0,9.7,9.0
401359869,ORL,6619,22.0,-7.3,-6.5
401359869,ORL,2999547,19.0,-0.1,0.7
401359869,ORL,3150844,11.0,2.2,1.3
401359869,ORL,4277847,28.0,7.8,6.1
401359869,ORL,4277919,28.0,9.4,7.4
401359869,ORL,4397205,9.0,-1.2,-0.7
401359869,ORL,4432165,28.0,4.8,4.6
401359869,ORL,4432809,32.0,9.7,5.0
401359869,ORL,4566434,27.0,12.2,10.7
401359869,ORL,4590530,26.0,11.7,9.0
401359870,CHI,3978,36.0,18.4,17.7
401359870,CHI,6478,34.0,14.7,10.4
401359870,CHI,2596112,13.0,2.2,1.3
401359870,CHI,2991350,28.0,6.8,4.1
401359870,CHI,3064440,35.0,16.9,15.1
401359870,CHI,4066421,38.0,12.4,8.8
401359870,CHI,4067045,14.0,6.0,6.5
401359870,CHI,4278508,17.0,7.6,8.8
401359870,CHI,4431687,26.0,5.7,4.1
401359870,TOR,3423,14.0,6.7,4.2
401359870,TOR,2578240,19.0,9.0,8.4
401359870,TOR,2991230,43.0,16.0,13.6
401359870,TOR,3133602,13.0,5.0,5.5
401359870,TOR,3934719,38.0,18.8,16.9
401359870,TOR,3948153,5.0,2.9,2.7
401359870,TOR,4277843,36.0,11.3,11.7
401359870,TOR,4397885,5.0,3.3,2.0
401359870,TOR,4431679,29.0,6.1,4.2
401359870,TOR,4433134,39.0,5.9,4.1
401359871,MIN,3964,20.0,12.5,11.4
401359871,MIN,2990962,9.0,3.1,3.3
401359871,MIN,3134916,11.0,0.7,0.4
401359871,MIN,3136195,40.0,29.9,25.3
401359871,MIN,3136776,30.0,5.7,1.2
401359871,MIN,3907822,29.0,1.4,0.5
401359871,MIN,4065663,11.0,-0.3,-1.2
401359871,MIN,4278077,9.0,-1.4,-1.0
401359871,MIN,4396971,8.0,0.0,-0.5
401359871,MIN,4431671,33.0,3.3,0.6
401359871,MIN,4594268,40.0,17.1,15.7
401359871,NOP,4023,16.0,6.2,4.3
401359871,NOP,6477,39.0,23.2,19.6
401359871,NOP,3133601,39.0,15.4,13.9
401359871,NOP,3913176,36.0,15.3,14.1
401359871,NOP,4277813,32.0,-1.3,-3.0
401359871,NOP,4278039,30.0,12.4,10.0
401359871,NOP,4278594,11.0,2.9,2.0
401359871,NOP,4395698,9.0,-1.2,-0.7
401359871,NOP,4397077,8.0,2.1,2.0
401359871,NOP,4397688,20.0,5.9,4.7
401359872,CLE,3449,21.0,17.3,15.8
401359872,CLE,4011,25.0,4.9,4.0
401359872,CLE,2583962,2.0,-1.7,-1.7
401359872,CLE,2999549,2.0,0.0,0.0
401359872,CLE,3893016,11.0,-1.2,-1.0
401359872,CLE,3906786,2.0,0.0,0.0
401359872,CLE,3912848,2.0,0.3,0.0
401359872,CLE,4066328,37.0,24.3,21.4
401359872,CLE,4066336,27.0,11.1,5.6
401359872,CLE,4066405,2.0,-0.7,-0.7
401359872,CLE,4277811,25.0,7.6,7.9
401359872,CLE,4396907,31.0,8.1,6.9
401359872,CLE,4432158,26.0,7.5,6.5
401359872,CLE,4432822,28.0,5.3,2.4
401359872,DEN,3209,18.0,-1.4,-0.5
401359872,DEN,6579,31.0,10.4,6.7
401359872,DEN,6617,14.0,0.3,0.0
401359872,DEN,2327577,10.0,-3.3,-2.4
401359872,DEN,2968334,18.0,2.5,2.4
401359872,DEN,3059310,27.0,1.6,1.8
401359872,DEN,3064290,28.0,4.6,3.6
401359872,DEN,3112335,35.0,21.5,14.9
401359872,DEN,3899009,3.0,0.0,0.0
401359872,DEN,3923250,10.0,1.5,1.0
401359872,DEN,4065805,3.0,0.0,-1.0
401359872,DEN,4278104,27.0,6.1,4.3
401359872,DEN,4397102,3.0,1.3,1.0
401359872,DEN,4431690,3.0,2.7,2.7
401359872,DEN,4592492,10.0,6.9,6.1
401359873,LAC,3416,22.0,2.7,-0.3
401359873,LAC,4238,22.0,4.4,2.7
401359873,LAC,4251,27.0,13.2,5.7
401359873,LAC,6443,27.0,9.3,8.5
401359873,LAC,3135047,21.0,6.2,1.7
401359873,LAC,3907823,25.0,20.3,14.7
401359873,LAC,3913174,24.0,21.8,21.0
401359873,LAC,4017837,25.0,14.0,9.6
401359873,LAC,4066387,12.0,3.6,4.0
401359873,LAC,4222252,17.0,8.0,7.5
401359873,LAC,4432162,9.0,1.5,1.6
401359873,LAC,4683023,9.0,1.3,2.2
401359873,POR,6606,28.0,1.7,1.9
401359873,POR,2490149,32.0,14.5,11.4
401359873,POR,2490620,24.0,-0.6,-5.4
401359873,POR,2578213,11.0,0.6,0.6
401359873,POR,2579258,13.0,5.7,4.2
401359873,POR,2580365,18.0,-1.0,-0.7
401359873,POR,3102530,23.0,-2.1,-3.3
401359873,POR,4065697,20.0,7.7,3.7
401359873,POR,4351851,20.0,5.8,5.3
401359873,POR,4395652,32.0,9.8,6.4
401359873,POR,4397166,9.0,-1.8,-2.0
401359873,POR,4432161,9.0,1.4,1.0
401359874,NYK,3456,20.0,11.4,9.8
401359874,NYK,3986,19.0,2.0,2.7
401359874,NYK,6429,17.0,7.1,4.6
401359874,NYK,6479,28.0,16.6,13.8
401359874,NYK,6588,32.0,17.1,16.9
401359874,NYK,3064514,36.0,15.0,12.9
401359874,NYK,4278355,12.0,10.8,7.5
401359874,NYK,4351852,29.0,7.4,7.5
401359874,NYK,4395625,31.0,2.6,1.3
401359874,NYK,4395724,15.0,3.9,4.0
401359874,PHI,3988,24.0,11.3,8.0
401359874,PHI,6440,33.0,22.8,21.8
401359874,PHI,6585,14.0,7.2,6.2
401359874,PHI,2326307,30.0,-1.5,-1.7
401359874,PHI,2990969,22.0,12.3,11.5
401359874,PHI,3059318,30.0,10.1,7.3
401359874,PHI,3907498,20.0,6.6,3.7
401359874,PHI,3929325,25.0,5.4,3.2
401359874,PHI,4278562,3.0,1.0,1.4
401359874,PHI,4395702,7.0,1.3,1.3
401359874,PHI,4397886,1.0,1.7,1.7
401359874,PHI,4431678,30.0,2.8,2.0
401359875,GSW,2386,19.0,5.2,4.1
401359875,GSW,3975,32.0,16.9,15.1
401359875,GSW,4269,8.0,0.5,0.7
401359875,GSW,6589,32.0,12.4,8.3
401359875,GSW,2594922,17.0,4.8,3.3
401359875,GSW,2595209,26.0,13.6,13.1
401359875,GSW,3059319,31.0,18.0,13.4
401359875,GSW,3134903,5.0,0.9,1.4
401359875,GSW,3137795,5.0,-0.1,-0.7
401359875,GSW,3155535,18.0,4.9,3.3
401359875,GSW,4277956,29.0,8.1,6.1
401359875,GSW,4401416,17.0,5.9,4.7
401359875,GSW,4432171,1.0,0.0,0.0
401359875,OKC,2490089,19.0,6.8,5.6
401359875,OKC,3133626,25.0,7.8,5.7
401359875,OKC,4066392,2.0,0.0,0.0
401359875,OKC,4278073,36.0,21.8,22.5
401359875,OKC,4397020,33.0,5.4,6.0
401359875,OKC,4423545,20.0,4.8,2.3
401359875,OKC,4432813,27.0,9.4,8.2
401359875,OKC,4432819,9.0,0.8,-0.4
401359875,OKC,4683018,18.0,5.4,4.0
401359875,OKC,4683027,24.0,0.8,0.3
401359875,OKC,4871145,27.0,6.4,3.4
401359876,DAL,4376,9.0,11.4,11.2
401359876,DAL,2528210,30.0,11.8,9.9
401359876,DAL,2528779,17.0,12.6,12.1
401359876,DAL,2531367,25.0,5.9,4.0
401359876,DAL,2578185,32.0,6.3,4.4
401359876,DAL,2579260,4.0,-1.0,-1.0
401359876,DAL,2960236,16.0,7.4,7.1
401359876,DAL,2991282,5.0,1.3,-1.0
401359876,DAL,3057187,9.0,-2.1,-2.4
401359876,DAL,3102531,20.0,3.0,2.4
401359876,DAL,3934672,28.0,14.1,13.4
401359876,DAL,3945274,34.0,19.9,14.8
401359876,DAL,4230547,3.0,0.6,1.4
401359876,DAL,4397126,3.0,3.7,2.3
401359876,DAL,4432811,4.0,-0.4,0.0
401359876,HOU,3415,11.0,1.7,1.7
401359876,HOU,3431,27.0,20.7,18.1
401359876,HOU,2451037,29.0,13.5,11.8
401359876,HOU,2991155,9.0,9.7,7.8
401359876,HOU,3058254,37.0,10.2,7.6
401359876,HOU,3062744,13.0,8.0,8.1
401359876,HOU,3136777,27.0,-1.0,0.0
401359876,HOU,4397140,31.0,8.7,7.5
401359876,HOU,4431828,5.0,1.2,0.6
401359876,HOU,4437244,36.0,-0.2,-0.9
401359876,HOU,4871144,14.0,4.1,2.2
401359877,LAL,1975,30.0,-2.8,-3.5
401359877,LAL,2384,18.0,10.1,5.7
401359877,LAL,3026,20.0,4.6,3.4
401359877,LAL,3442,16.0,9.1,6.4
401359877,LAL,3468,40.0,25.9,21.9
401359877,LAL,6583,42.0,29.6,24.6
401359877,LAL,6637,31.0,3.7,1.3
401359877,LAL,4066262,39.0,11.5,10.6
401359877,LAL,4066457,30.0,5.8,6.4
401359877,SAS,3244,3.0,0.6,1.4
401359877,SAS,2528588,17.0,-0.5,-0.1
401359877,SAS,2994526,3.0,-2.4,-2.4
401359877,SAS,3078576,32.0,4.8,2.4
401359877,SAS,3134908,38.0,25.6,21.6
401359877,SAS,3136779,29.0,3.6,0.3
401359877,SAS,3907497,40.0,21.7,16.5
401359877,SAS,3914285,12.0,6.6,4.1
401359877,SAS,4277890,31.0,19.2,19.0
401359877,SAS,4395630,35.0,14.9,12.6
401359877,SAS,4395723,23.0,4.1,4.5
401359878,DEN,3209,21.0,5.7,5.6
401359878,DEN,6579,37.0,12.8,10.7
401359878,DEN,6617,6.0,-1.4,-1.4
401359878,DEN,2327577,19.0,1.8,-1.0
401359878,DEN,2968334,19.0,3.4,2.6
401359878,DEN,3059310,35.0,15.1,14.9
401359878,DEN,3064290,34.0,12.6,11.1
401359878,DEN,3112335,15.0,25.1,24.0
401359878,DEN,3923250,17.0,-1.6,-0.7
401359878,DEN,4278104,39.0,6.7,3.5
401359878,UTA,3195,30.0,14.9,12.6
401359878,UTA,3593,29.0,8.8,7.9
401359878,UTA,4262,15.0,7.1,7.1
401359878,UTA,2528426,24.0,12.5,12.7
401359878,UTA,2583632,31.0,5.9,4.4
401359878,UTA,2968436,28.0,15.2,13.2
401359878,UTA,3032976,33.0,18.5,15.5
401359878,UTA,3133817,14.0,1.3,0.4
401359878,UTA,3908809,34.0,10.8,10.8
401359878,UTA,4395695,2.0,-0.8,-0.7
401359879,CHA,4249,37.0,21.4,18.0
401359879,CHA,4305,24.0,6.3,3.7
401359879,CHA,2488653,32.0,15.7,14.4
401359879,CHA,3133603,28.0,0.1,-0.5
401359879,CHA,3138161,30.0,17.4,13.2
401359879,CHA,4066383,35.0,19.4,18.0
401359879,CHA,4066731,22.0,16.8,14.1
401359879,CHA,4278076,8.0,4.7,4.1
401359879,CHA,4432816,24.0,2.3,-1.1
401359879,ORL,6619,30.0,9.5,10.7
401359879,ORL,2999547,23.0,1.6,1.4
401359879,ORL,3150844,10.0,2.9,2.6
401359879,ORL,4277847,33.0,16.3,14.5
401359879,ORL,4277919,32.0,17.1,14.3
401359879,ORL,4432165,36.0,0.8,-0.5
401359879,ORL,4432809,35.0,17.3,15.6
401359879,ORL,4566434,32.0,12.6,11.8
401359879,ORL,4590530,10.0,-3.2,-2.0
401359880,BOS,3213,26.0,17.6,14.3
401359880,BOS,2581190,15.0,1.6,0.7
401359880,BOS,2990992,36.0,3.2,1.6
401359880,BOS,3032979,34.0,17.0,15.8
401359880,BOS,3056600,9.0,6.3,6.1
401359880,BOS,3917376,37.0,1.5,1.5
401359880,BOS,4065648,36.0,10.7,9.7
401359880,BOS,4066211,30.0,17.4,12.6
401359880,BOS,4066218,16.0,3.8,4.6
401359880,WAS,6426,18.0,5.9,5.8
401359880,WAS,6580,35.0,5.4,0.8
401359880,WAS,2580782,30.0,14.8,14.1
401359880,WAS,2581018,31.0,9.6,9.8
401359880,WAS,2991055,38.0,24.7,21.6
401359880,WAS,3134907,33.0,9.8,7.2
401359880,WAS,3922230,19.0,5.6,5.5
401359880,WAS,4278049,7.0,4.2,1.6
401359880,WAS,4280151,12.0,3.3,1.7
401359880,WAS,4683021,17.0,8.9,8.4
401359881,BKN,2983,12.0,3.9,3.4
401359881,BKN,3015,15.0,4.7,4.7
401359881,BKN,3202,37.0,17.3,12.0
401359881,BKN,3989,19.0,4.4,4.0
401359881,BKN,3992,36.0,10.7,8.1
401359881,BKN,4004,31.0,1.9,2.0
401359881,BKN,2528794,34.0,6.1,5.5
401359881,BKN,3062667,13.0,2.5,1.0
401359881,BKN,3133635,6.0,-0.4,-0.7
401359881,BKN,4065670,35.0,11.4,8.8
401359881,BKN,4432174,2.0,0.0,0.0
401359881,BKN,4432194,2.0,0.0,0.0
401359881,MIA,3012,34.0,8.9,7.9
401359881,MIA,3033,32.0,13.5,13.8
401359881,MIA,6430,37.0,17.6,11.1
401359881,MIA,6461,14.0,-1.0,-0.7
401359881,MIA,2580913,17.0,14.8,13.3
401359881,MIA,3074213,1.0,0.0,0.0
401359881,MIA,3137259,1.0,0.0,0.0
401359881,MIA,3138160,1.0,1.7,1.7
401359881,MIA,3157465,32.0,2.6,1.6
401359881,MIA,4065778,13.0,0.1,-0.8
401359881,MIA,4066261,30.0,14.8,13.6
401359881,MIA,4278521,1.0,0.0,0.0
401359881,MIA,4395725,27.0,5.3,3.5
401359882,IND,6507,20.0,6.9,6.4
401359882,IND,6603,16.0,9.2,8.1
401359882,IND,2284101,28.0,-3.7,-3.5
401359882,IND,2528693,12.0,5.4,5.4
401359882,IND,2530530,20.0,2.6,3.5
401359882,IND,2566769,22.0,16.5,14.6
401359882,IND,3133628,23.0,9.5,5.6
401359882,IND,3155942,34.0,10.6,7.2
401359882,IND,4278031,21.0,-0.2,-0.7
401359882,IND,4348700,2.0,2.7,2.4
401359882,IND,4432170,10.0,2.4,1.7
401359882,IND,4592402,32.0,7.0,5.6
401359882,TOR,2578240,20.0,5.9,3.4
401359882,TOR,2991184,1.0,0.0,0.0
401359882,TOR,2991230,37.0,23.0,21.4
401359882,TOR,3133602,11.0,6.7,5.1
401359882,TOR,3934719,34.0,20.8,15.3
401359882,TOR,3948153,18.0,6.5,4.0
401359882,TOR,4066668,2.0,-0.7,-0.7
401359882,TOR,4277843,35.0,9.8,5.1
401359882,TOR,4348697,1.0,0.0,0.0
401359882,TOR,4397885,16.0,6.2,6.4
401359882,TOR,4431679,28.0,8.0,5.9
401359882,TOR,4432907,2.0,0.0,0.0
401359882,TOR,4433134,36.0,15.7,14.3
401359883,ATL,3428,20.0,7.3,5.2
401359883,ATL,2534781,10.0,1.1,0.3
401359883,ATL,3037789,31.0,8.5,8.0
401359883,ATL,3064447,12.0,9.5,8.9
401359883,ATL,3102529,29.0,6.0,2.0
401359883,ATL,3908845,25.0,18.1,18.2
401359883,ATL,4065732,29.0,7.6,6.7
401359883,ATL,4066372,24.0,-1.6,-2.5
401359883,ATL,4277905,36.0,21.1,19.9
401359883,ATL,4395627,24.0,1.8,1.3
401359883,NOP,4023,9.0,4.6,4.4
401359883,NOP,6477,36.0,16.5,12.9
401359883,NOP,3133601,32.0,18.6,17.2
401359883,NOP,3913176,39.0,13.3,10.0
401359883,NOP,4277813,22.0,5.1,5.7
401359883,NOP,4278039,30.0,0.7,-0.5
401359883,NOP,4278594,19.0,1.0,-1.0
401359883,NOP,4395698,16.0,4.3,4.8
401359883,NOP,4397077,11.0,8.4,7.1
401359883,NOP,4397688,26.0,3.2,3.0
401359884,MIL,3438,30.0,10.7,7.8
401359884,MIL,6609,34.0,13.0,10.7
401359884,MIL,2578239,30.0,-0.1,-0.9
401359884,MIL,2581177,13.0,7.2,6.7
401359884,MIL,3032977,35.0,40.1,34.8
401359884,MIL,3056602,12.0,-2.6,-3.6
401359884,MIL,3064482,15.0,1.0,1.3
401359884,MIL,3102533,8.0,1.9,1.7
401359884,MIL,3135045,30.0,9.4,8.7
401359884,MIL,3945566,11.0,-1.3,-1.3
401359884,MIL,4277883,21.0,6.2,5.7
401359884,MIN,3964,21.0,8.5,6.5
401359884,MIN,2990962,16.0,-0.5,-0.4
401359884,MIN,3134916,5.0,-0.4,0.0
401359884,MIN,3136195,38.0,19.6,16.3
401359884,MIN,3136776,36.0,17.4,17.1
401359884,MIN,3907822,17.0,5.9,4.7
401359884,MIN,4278077,30.0,14.6,12.7
401359884,MIN,4396971,10.0,4.3,5.1
401359884,MIN,4431671,32.0,3.5,1.4
401359884,MIN,4594268,33.0,14.2,12.2
401359885,LAL,1975,31.0,7.0,4.9
401359885,LAL,2384,14.0,3.3,3.7
401359885,LAL,3026,16.0,7.4,6.5
401359885,LAL,3442,13.0,5.9,4.1
401359885,LAL,3468,35.0,13.1,10.7
401359885,LAL,4240,17.0,10.4,10.8
401359885,LAL,6583,37.0,23.0,21.2
401359885,LAL,6637,28.0,10.2,10.2
401359885,LAL,4066262,32.0,7.6,6.8
401359885,LAL,4066457,18.0,0.2,-0.4
401359885,OKC,4257,26.0,11.8,11.5
401359885,OKC,3133626,19.0,3.4,1.9
401359885,OKC,3929321,3.0,1.3,1.0
401359885,OKC,4065733,14.0,2.2,1.0
401359885,OKC,4066392,16.0,12.3,12.5
401359885,OKC,4278073,38.0,19.9,18.6
401359885,OKC,4397020,34.0,11.0,9.3
401359885,OKC,4423545,32.0,18.3,12.5
401359885,OKC,4432813,6.0,1.7,0.7
401359885,OKC,4432819,5.0,1.9,2.3
401359885,OKC,4683018,7.0,-2.4,-2.4
401359885,OKC,4683027,7.0,0.7,0.7
401359885,OKC,4871145,32.0,15.1,14.3
401359886,PHX,2779,30.0,8.2,6.1
401359886,PHX,3452,14.0,5.4,1.7
401359886,PHX,6581,32.0,6.7,4.6
401359886,PHX,2583639,13.0,7.0,7.0
401359886,PHX,2595435,5.0,0.0,0.0
401359886,PHX,3136193,37.0,23.8,23.5
401359886,PHX,3138196,23.0,-1.6,-2.2
401359886,PHX,3147657,33.0,8.8,7.8
401359886,PHX,3914044,19.0,3.8,3.3
401359886,PHX,4278129,34.0,25.1,19.0
401359886,SAC,6578,39.0,18.7,17.3
401359886,SAC,6591,25.0,0.8,0.7
401359886,SAC,2596107,18.0,8.1,7.1
401359886,SAC,2990984,27.0,18.1,14.0
401359886,SAC,2993370,29.0,15.2,12.6
401359886,SAC,3919454,11.0,-2.6,-3.5
401359886,SAC,4066259,37.0,11.0,10.9
401359886,SAC,4278053,19.0,3.1,3.0
401359886,SAC,4396993,35.0,13.3,10.8
401359887,MEM,2991235,18.0,1.7,2.7
401359887,MEM,2993874,22.0,5.1,3.7
401359887,MEM,3134932,17.0,8.6,7.5
401359887,MEM,3135046,15.0,5.3,5.7
401359887,MEM,3906665,15.0,5.5,5.7
401359887,MEM,4066320,23.0,14.7,12.1
401359887,MEM,4066436,25.0,-1.5,-6.0
401359887,MEM,4066651,6.0,-1.1,-3.1
401359887,MEM,4066757,12.0,3.6,4.0
401359887,MEM,4277928,6.0,-0.5,-0.8
401359887,MEM,4277961,18.0,-1.1,0.6
401359887,MEM,4277964,7.0,2.0,0.7
401359887,MEM,4279888,32.0,11.9,9.6
401359887,MEM,4433137,19.0,2.4,4.0
401359887,MEM,4593125,6.0,4.6,5.0
401359887,POR,6606,32.0,13.9,12.0
401359887,POR,2490149,32.0,16.2,13.2
401359887,POR,2490620,27.0,1.3,0.6
401359887,POR,2579258,25.0,8.4,9.8
401359887,POR,2580365,15.0,8.4,7.2
401359887,POR,3102530,23.0,18.7,14.0
401359887,POR,4065697,19.0,5.5,4.7
401359887,POR,4351851,28.0,15.7,12.8
401359887,POR,4395652,27.0,7.1,5.8
401359887,POR,4397166,5.0,-0.4,-0.7
401359887,POR,4432161,5.0,4.0,1.7
401359888,CLE,3449,24.0,9.4,6.6
401359888,CLE,4011,28.0,6.1,6.4
401359888,CLE,4259,1.0,0.0,0.0
401359888,CLE,2583962,1.0,-0.7,-0.7
401359888,CLE,2999549,1.0,0.0,0.0
401359888,CLE,3893016,4.0,0.0,0.0
401359888,CLE,3906786,1.0,0.0,0.0
401359888,CLE,4066328,31.0,1.8,-1.2
401359888,CLE,4066336,29.0,4.3,1.3
401359888,CLE,4066405,21.0,0.6,-0.4
401359888,CLE,4277811,38.0,18.0,14.2
401359888,CLE,4396907,28.0,12.8,10.6
401359888,CLE,4432158,34.0,11.2,8.3
401359888,LAC,3416,32.0,11.0,9.2
401359888,LAC,4238,27.0,2.1,-0.3
401359888,LAC,4251,34.0,2.5,-2.9
401359888,LAC,6443,34.0,11.6,11.8
401359888,LAC,3135047,15.0,-0.5,0.3
401359888,LAC,3907823,25.0,3.7,3.7
401359888,LAC,3913174,33.0,3.1,1.6
401359888,LAC,4017837,24.0,9.8,9.7
401359888,LAC,4066387,3.0,0.7,0.7
401359888,LAC,4222252,13.0,3.0,0.3
401359889,DET,6446,16.0,7.5,6.0
401359889,DET,2489663,25.0,11.5,9.3
401359889,DET,2991070,36.0,13.0,8.2
401359889,DET,3136196,14.0,8.2,7.7
401359889,DET,4065651,23.0,5.9,5.0
401359889,DET,4066297,24.0,1.4,2.0
401359889,DET,4080610,11.0,-0.1,0.4
401359889,DET,4277951,5.0,3.2,4.0
401359889,DET,4397136,35.0,13.4,11.9
401359889,DET,4432810,18.0,3.2,3.1
401359889,DET,4683024,32.0,8.9,5.4
401359889,PHI,3988,29.0,0.1,-2.8
401359889,PHI,6440,36.0,12.2,10.1
401359889,PHI,6585,14.0,-3.5,-3.0
401359889,PHI,2326307,32.0,8.8,7.7
401359889,PHI,2990969,16.0,3.5,3.7
401359889,PHI,3059318,31.0,24.8,20.7
401359889,PHI,3907498,16.0,8.6,5.8
401359889,PHI,3915195,16.0,10.7,10.5
401359889,PHI,3929325,18.0,6.3,5.1
401359889,PHI,4431678,31.0,15.4,13.0
401359890,ATL,2799,8.0,4.3,3.7
401359890,ATL,3428,18.0,4.3,4.0
401359890,ATL,2534781,7.0,1.1,-0.1
401359890,ATL,3037789,34.0,12.3,11.5
401359890,ATL,3064447,6.0,0.7,0.7
401359890,ATL,3102529,23.0,9.5,8.4
401359890,ATL,3908845,38.0,25.7,24.6
401359890,ATL,4065732,31.0,4.0,4.0
401359890,ATL,4066372,14.0,-1.9,-1.7
401359890,ATL,4277905,35.0,14.8,11.2
401359890,ATL,4395627,27.0,12.0,9.7
401359890,WAS,6426,19.0,5.2,5.3
401359890,WAS,6580,38.0,20.1,18.5
401359890,WAS,2581018,30.0,18.9,17.2
401359890,WAS,2968361,24.0,7.1,5.8
401359890,WAS,2991055,34.0,29.5,25.5
401359890,WAS,3134907,40.0,16.5,11.8
401359890,WAS,3922230,24.0,6.4,6.8
401359890,WAS,4280151,9.0,1.3,0.7
401359890,WAS,4683021,22.0,0.0,-0.1
401359891,CHI,3978,35.0,14.5,11.7
401359891,CHI,6478,36.0,22.9,19.9
401359891,CHI,2596112,16.0,6.2,5.8
401359891,CHI,2991350,33.0,10.3,8.8
401359891,CHI,3064440,35.0,16.0,15.0
401359891,CHI,4065673,6.0,3.1,3.1
401359891,CHI,4066421,33.0,2.5,1.6
401359891,CHI,4067045,3.0,1.0,1.0
401359891,CHI,4278508,17.0,3.5,2.3
401359891,CHI,4397002,9.0,-0.8,-0.7
401359891,CHI,4431687,16.0,4.5,3.3
401359891,NYK,3456,19.0,6.5,5.7
401359891,NYK,3986,19.0,7.3,6.2
401359891,NYK,6429,17.0,-0.4,0.3
401359891,NYK,6479,29.0,19.0,16.1
401359891,NYK,6588,33.0,3.3,2.5
401359891,NYK,3064514,35.0,14.2,10.4
401359891,NYK,4278355,13.0,5.7,5.1
401359891,NYK,4351852,29.0,9.2,7.8
401359891,NYK,4395625,33.0,13.5,12.4
401359891,NYK,4395724,13.0,-1.4,-2.5
401359892,HOU,3415,14.0,2.1,3.0
401359892,HOU,3431,24.0,6.3,5.7
401359892,HOU,2451037,20.0,3.0,3.6
401359892,HOU,3058254,27.0,13.6,10.1
401359892,HOU,3062744,13.0,3.6,2.7
401359892,HOU,3136777,15.0,1.0,1.6
401359892,HOU,4066450,15.0,-1.4,-0.1
401359892,HOU,4397140,19.0,4.9,4.4
401359892,HOU,4431828,16.0,3.5,2.7
401359892,HOU,4432168,12.0,0.6,0.3
401359892,HOU,4437244,30.0,4.5,2.3
401359892,HOU,4871143,10.0,1.2,0.4
401359892,HOU,4871144,24.0,10.3,7.6
401359892,UTA,3195,24.0,3.9,2.3
401359892,UTA,3593,25.0,13.0,12.0
401359892,UTA,4262,17.0,7.8,7.5
401359892,UTA,2528426,24.0,11.9,9.7
401359892,UTA,2583632,24.0,6.8,4.8
401359892,UTA,2968436,26.0,9.0,8.7
401359892,UTA,3032976,28.0,15.5,11.7
401359892,UTA,3133817,21.0,12.9,12.8
401359892,UTA,3908809,24.0,14.3,11.8
401359892,UTA,4065656,6.0,1.9,1.7
401359892,UTA,4066446,5.0,-0.4,-0.7
401359892,UTA,4066467,3.0,0.3,0.0
401359892,UTA,4395695,14.0,3.4,2.0
401359893,DAL,2528210,32.0,3.2,2.9
401359893,DAL,2528779,30.0,3.8,3.2
401359893,DAL,2531367,25.0,3.4,3.3
401359893,DAL,2578185,32.0,10.6,8.0
401359893,DAL,2960236,29.0,16.8,11.5
401359893,DAL,2991282,14.0,4.0,3.4
401359893,DAL,3934672,30.0,16.1,15.1
401359893,DAL,3945274,34.0,11.8,11.4
401359893,DAL,4230547,14.0,3.8,2.6
401359893,SAS,2994526,20.0,9.9,10.1
401359893,SAS,3078576,33.0,6.7,4.8
401359893,SAS,3134908,36.0,14.8,11.5
401359893,SAS,3136779,15.0,0.7,-0.7
401359893,SAS,3907497,36.0,23.1,20.1
401359893,SAS,3914285,12.0,5.8,3.3
401359893,SAS,4277890,27.0,7.9,6.0
401359893,SAS,4395626,7.0,1.8,1.3
401359893,SAS,4395630,27.0,1.6,-0.1
401359893,SAS,4395723,27.0,5.1,2.7
401359894,GSW,2386,25.0,2.0,-0.1
401359894,GSW,3975,41.0,23.4,21.4
401359894,GSW,4269,14.0,5.3,3.4
401359894,GSW,6589,38.0,10.9,1.9
401359894,GSW,2594922,20.0,7.6,7.1
401359894,GSW,2595209,33.0,7.6,6.6
401359894,GSW,3059319,37.0,9.1,6.6
401359894,GSW,3134903,9.0,-0.0,0.4
401359894,GSW,3155535,11.0,1.8,2.4
401359894,GSW,4277956,24.0,1.2,0.4
401359894,GSW,4401416,14.0,5.1,5.5
401359894,MEM,2991235,21.0,13.8,9.9
401359894,MEM,2993874,29.0,9.9,7.5
401359894,MEM,3134932,8.0,1.0,0.0
401359894,MEM,3135046,17.0,7.6,5.1
401359894,MEM,4066320,38.0,11.8,9.7
401359894,MEM,4066436,35.0,6.6,0.3
401359894,MEM,4277961,32.0,7.8,5.9
401359894,MEM,4277964,22.0,6.0,4.1
401359894,MEM,4279888,42.0,23.6,17.5
401359894,MEM,4433137,21.0,1.1,-0.8
401359895,ORL,3447,7.0,-1.1,-1.0
401359895,ORL,6619,22.0,6.1,6.0
401359895,ORL,2999547,27.0,6.7,7.1
401359895,ORL,3150844,8.0,-1.4,-1.7
401359895,ORL,4277847,33.0,15.1,14.3
401359895,ORL,4277919,39.0,15.0,8.4
401359895,ORL,4432165,30.0,12.7,13.4
401359895,ORL,4432809,34.0,19.1,19.5
401359895,ORL,4566434,34.0,4.4,4.7
401359895,ORL,4590530,6.0,-0.8,0.0
401359895,TOR,2578240,23.0,7.8,7.1
401359895,TOR,2991230,40.0,12.5,13.4
401359895,TOR,3133602,6.0,4.0,1.7
401359895,TOR,3934719,41.0,5.1,5.6
401359895,TOR,3948153,18.0,9.5,7.3
401359895,TOR,4277843,32.0,17.3,14.1
401359895,TOR,4397885,23.0,11.1,8.7
401359895,TOR,4431679,21.0,3.0,2.3
401359895,TOR,4433134,37.0,20.3,15.9
401359896,BKN,2983,28.0,16.1,14.8
401359896,BKN,3015,14.0,5.6,5.5
401359896,BKN,3202,37.0,18.8,15.3
401359896,BKN,3989,20.0,-0.6,-1.8
401359896,BKN,3992,35.0,27.7,24.4
401359896,BKN,4004,20.0,5.9,4.0
401359896,BKN,2528794,31.0,1.8,1.6
401359896,BKN,3062667,13.0,-1.0,-3.1
401359896,BKN,3133635,18.0,0.1,-2.4
401359896,BKN,4065670,25.0,6.8,6.1
401359896,IND,6507,14.0,-2.6,-3.4
401359896,IND,6603,19.0,8.7,7.3
401359896,IND,2284101,33.0,1.3,-0.1
401359896,IND,2528693,34.0,23.4,23.2
401359896,IND,2530530,33.0,2.8,1.2
401359896,IND,3133628,32.0,9.8,6.2
401359896,IND,3155942,35.0,15.2,11.2
401359896,IND,4066796,1.0,0.0,0.0
401359896,IND,4278031,4.0,0.0,0.0
401359896,IND,4348700,1.0,0.0,0.0
401359896,IND,4397235,1.0,0.0,0.0
401359896,IND,4592402,34.0,7.6,7.0
401359897,CHA,4249,37.0,20.0,18.2
401359897,CHA,4305,18.0,-1.6,-0.4
401359897,CHA,2488653,18.0,3.5,2.6
401359897,CHA,3133603,36.0,15.5,13.1
401359897,CHA,3138161,29.0,13.5,12.0
401359897,CHA,4066383,37.0,11.5,7.9
401359897,CHA,4066731,11.0,0.8,1.3
401359897,CHA,4278078,22.0,8.0,3.7
401359897,CHA,4432816,30.0,1.0,0.6
401359897,MIA,3012,36.0,1.6,-0.7
401359897,MIA,3033,23.0,-0.3,-0.0
401359897,MIA,6430,36.0,28.5,26.5
401359897,MIA,6461,20.0,4.1,5.0
401359897,MIA,2580913,11.0,1.5,0.4
401359897,MIA,3157465,26.0,4.0,3.2
401359897,MIA,4065778,20.0,4.2,3.7
401359897,MIA,4066261,36.0,24.4,18.0
401359897,MIA,4395725,32.0,23.1,21.7
401359898,NOP,6477,32.0,19.6,16.2
401359898,NOP,3062679,22.0,7.3,4.7
401359898,NOP,3133601,33.0,9.9,7.4
401359898,NOP,3913176,36.0,13.0,12.3
401359898,NOP,4277813,25.0,7.3,7.4
401359898,NOP,4278039,28.0,6.4,3.2
401359898,NOP,4278594,13.0,7.0,5.8
401359898,NOP,4395698,15.0,2.4,1.0
401359898,NOP,4397077,14.0,7.5,6.3
401359898,NOP,4397688,22.0,0.1,1.0
401359898,SAC,6578,37.0,17.7,14.8
401359898,SAC,6591,24.0,0.3,-0.7
401359898,SAC,2596107,16.0,-0.3,-1.7
401359898,SAC,2990984,30.0,15.6,13.4
401359898,SAC,2993370,32.0,19.2,18.6
401359898,SAC,3919454,4.0,0.2,0.3
401359898,SAC,4066259,37.0,12.7,12.1
401359898,SAC,4278053,29.0,4.8,2.6
401359898,SAC,4396993,31.0,15.9,14.6
401359899,DAL,4376,3.0,-0.9,-0.1
401359899,DAL,2528210,21.0,0.4,-2.1
401359899,DAL,2528779,22.0,2.2,1.6
401359899,DAL,2531367,19.0,4.8,5.3
401359899,DAL,2578185,24.0,-6.8,-6.2
401359899,DAL,2579260,16.0,6.6,5.3
401359899,DAL,2960236,23.0,5.6,4.7
401359899,DAL,2991282,13.0,3.3,3.4
401359899,DAL,3934672,19.0,0.8,0.3
401359899,DAL,3945274,26.0,9.6,6.2
401359899,DAL,4066410,9.0,5.2,5.0
401359899,DAL,4230547,19.0,6.5,4.3
401359899,DAL,4397126,9.0,1.4,0.5
401359899,DAL,4432811,17.0,-0.2,-2.0
401359899,DEN,3209,16.0,9.3,10.0
401359899,DEN,6579,27.0,14.7,13.6
401359899,DEN,6617,18.0,-0.6,0.0
401359899,DEN,2327577,11.0,-0.9,-1.7
401359899,DEN,2968334,18.0,5.1,2.6
401359899,DEN,3059310,24.0,7.1,6.5
401359899,DEN,3064290,24.0,11.3,8.8
401359899,DEN,3112335,25.0,16.3,12.7
401359899,DEN,3923250,22.0,3.2,1.7
401359899,DEN,4065805,7.0,-0.7,-0.7
401359899,DEN,4278104,25.0,5.8,4.3
401359899,DEN,4397102,7.0,3.5,2.7
401359899,DEN,4431690,7.0,3.8,3.7
401359899,DEN,4592492,9.0,4.0,3.4
401359900,LAC,3416,26.0,3.7,1.0
401359900,LAC,4238,22.0,-1.5,-3.1
401359900,LAC,4251,34.0,31.1,28.1
401359900,LAC,6443,34.0,3.4,1.6
401359900,LAC,3135047,3.0,-1.4,-1.4
401359900,LAC,3907823,29.0,8.5,6.7
401359900,LAC,3913174,33.0,11.8,8.6
401359900,LAC,4017837,22.0,2.1,0.6
401359900,LAC,4066387,14.0,3.1,2.3
401359900,LAC,4222252,20.0,1.2,1.6
401359900,LAC,4683023,3.0,0.0,0.0
401359900,POR,6606,34.0,16.3,15.6
401359900,POR,2490149,32.0,3.0,1.5
401359900,POR,2490620,33.0,9.6,6.7
401359900,POR,2579258,20.0,8.7,7.7
401359900,POR,2580365,16.0,6.4,3.7
401359900,POR,2595516,24.0,8.9,7.3
401359900,POR,3102530,23.0,13.5,9.1
401359900,POR,4065697,3.0,3.3,3.3
401359900,POR,4351851,24.0,1.0,0.9
401359900,POR,4395652,24.0,8.8,6.0
401359900,POR,4397166,3.0,3.7,3.4
401359900,POR,4432161,3.0,3.8,3.1
401359901,CLE,3449,16.0,0.8,0.3
401359901,CLE,4011,32.0,14.9,11.8
401359901,CLE,4259,2.0,0.3,0.0
401359901,CLE,2999549,2.0,2.0,2.0
401359901,CLE,3906786,2.0,0.0,0.0
401359901,CLE,3912848,2.0,0.7,0.7
401359901,CLE,4066328,31.0,10.4,8.2
401359901,CLE,4066336,32.0,10.4,10.7
401359901,CLE,4066405,20.0,1.1,1.3
401359901,CLE,4277811,32.0,4.3,2.9
401359901,CLE,4396907,32.0,13.2,11.9
401359901,CLE,4432158,36.0,21.3,18.1
401359901,LAL,1966,38.0,17.8,13.9
401359901,LAL,1975,25.0,18.6,17.9
401359901,LAL,2384,20.0,6.4,6.2
401359901,LAL,3442,15.0,8.4,6.2
401359901,LAL,3468,34.0,13.6,12.9
401359901,LAL,4240,23.0,4.8,5.4
401359901,LAL,6583,31.0,13.5,9.5
401359901,LAL,6637,28.0,5.1,1.3
401359901,LAL,4066262,5.0,-2.8,-2.0
401359901,LAL,4066457,21.0,5.8,5.4
401359902,BOS,3213,41.0,13.4,6.8
401359902,BOS,6447,5.0,1.2,1.0
401359902,BOS,2581190,37.0,10.3,10.0
401359902,BOS,3032979,42.0,9.0,6.7
401359902,BOS,3056600,12.0,0.8,1.0
401359902,BOS,3917376,47.0,23.1,20.8
401359902,BOS,4065648,46.0,12.7,8.1
401359902,BOS,4066218,24.0,4.4,4.7
401359902,BOS,4066354,18.0,2.8,2.7
401359902,BOS,4397008,18.0,2.5,2.4
401359902,WAS,6426,22.0,0.9,0.8
401359902,WAS,6580,46.0,23.4,19.3
401359902,WAS,2580782,40.0,14.9,11.9
401359902,WAS,2581018,41.0,1.2,-1.3
401359902,WAS,2968361,18.0,4.2,3.1
401359902,WAS,2991055,35.0,15.4,14.4
401359902,WAS,3134907,48.0,12.8,8.8
401359902,WAS,3922230,12.0,4.3,4.7
401359902,WAS,4280151,4.0,-0.4,0.0
401359902,WAS,4683021,24.0,3.7,1.6
401359903,DET,6446,27.0,11.5,10.8
401359903,DET,2489663,28.0,19.4,14.7
401359903,DET,2991070,35.0,19.8,18.1
401359903,DET,3136196,13.0,7.7,7.7
401359903,DET,4065651,18.0,6.1,4.8
401359903,DET,4066297,23.0,13.8,10.8
401359903,DET,4397136,34.0,7.6,5.5
401359903,DET,4432166,19.0,-0.2,-2.4
401359903,DET,4432810,21.0,10.5,7.1
401359903,DET,4683024,22.0,-1.1,-0.3
401359903,ORL,6619,25.0,2.1,-0.8
401359903,ORL,2999547,18.0,0.3,0.4
401359903,ORL,3150844,17.0,8.7,9.2
401359903,ORL,3936298,3.0,0.9,1.3
401359903,ORL,4277847,17.0,3.0,2.3
401359903,ORL,4277919,29.0,10.0,9.2
401359903,ORL,4278052,14.0,-0.7,-2.0
401359903,ORL,4397205,7.0,3.6,3.4
401359903,ORL,4432165,26.0,8.9,5.7
401359903,ORL,4432809,35.0,12.4,10.5
401359903,ORL,4566434,28.0,14.0,12.8
401359903,ORL,4590530,19.0,9.6,9.8
401359904,NOP,6477,33.0,26.3,23.7
401359904,NOP,6621,16.0,-0.1,0.3
401359904,NOP,3062679,30.0,14.0,13.9
401359904,NOP,3133601,32.0,12.8,10.0
401359904,NOP,4277813,36.0,10.1,8.1
401359904,NOP,4278039,32.0,12.5,12.9
401359904,NOP,4278594,11.0,2.0,2.6
401359904,NOP,4395698,16.0,7.6,7.1
401359904,NOP,4397077,15.0,6.2,3.4
401359904,NOP,4397688,18.0,4.4,5.0
401359904,NYK,3456,15.0,1.6,1.3
401359904,NYK,3986,21.0,12.5,11.9
401359904,NYK,6429,13.0,7.4,7.3
401359904,NYK,6479,32.0,18.6,13.8
401359904,NYK,6588,37.0,13.6,11.0
401359904,NYK,3064514,38.0,7.1,6.1
401359904,NYK,4278355,10.0,2.2,0.6
401359904,NYK,4351852,27.0,6.8,6.8
401359904,NYK,4395625,36.0,31.2,30.0
401359904,NYK,4395724,11.0,-2.0,-0.8
401359905,IND,6507,10.0,-1.8,-2.4
401359905,IND,6603,14.0,8.3,7.7
401359905,IND,2284101,32.0,6.4,6.6
401359905,IND,2528693,8.0,-0.3,-1.0
401359905,IND,2530530,35.0,6.1,5.6
401359905,IND,2991043,16.0,10.9,9.0
401359905,IND,3133628,36.0,14.8,8.7
401359905,IND,3155942,40.0,19.2,15.8
401359905,IND,4278031,8.0,0.9,-0.4
401359905,IND,4348700,10.0,-1.6,-2.4
401359905,IND,4592402,32.0,8.3,6.2
401359905,TOR,2578240,29.0,9.7,8.2
401359905,TOR,2991230,39.0,10.7,7.0
401359905,TOR,3133602,22.0,13.0,13.2
401359905,TOR,3934719,38.0,14.4,12.2
401359905,TOR,3948153,18.0,4.6,4.3
401359905,TOR,4066668,3.0,0.3,0.0
401359905,TOR,4277843,23.0,1.7,-0.8
401359905,TOR,4397885,17.0,-0.4,-1.3
401359905,TOR,4431679,17.0,-2.4,-2.8
401359905,TOR,4433134,35.0,15.8,12.6
401359906,ATL,2799,11.0,3.2,3.3
401359906,ATL,3428,12.0,-0.5,-1.0
401359906,ATL,2534781,20.0,2.9,2.8
401359906,ATL,3037789,29.0,9.0,6.8
401359906,ATL,3064447,5.0,0.0,-0.6
401359906,ATL,3102529,28.0,10.0,10.1
401359906,ATL,3893019,5.0,0.6,0.3
401359906,ATL,3908845,31.0,8.1,5.4
401359906,ATL,4065732,23.0,-1.7,-2.2
401359906,ATL,4066269,5.0,5.7,5.7
401359906,ATL,4066372,13.0,2.5,1.7
401359906,ATL,4277905,32.0,6.8,7.0
401359906,ATL,4395627,20.0,10.7,9.4
401359906,ATL,4701230,5.0,3.0,3.0
401359906,PHI,3988,23.0,7.9,5.5
401359906,PHI,6440,31.0,20.8,18.3
401359906,PHI,6585,13.0,7.6,4.8
401359906,PHI,2326307,29.0,11.2,11.4
401359906,PHI,2990969,18.0,2.0,2.3
401359906,PHI,3059318,30.0,12.7,10.9
401359906,PHI,3907498,23.0,15.1,8.8
401359906,PHI,3915195,19.0,7.7,7.4
401359906,PHI,3929325,18.0,1.0,1.4
401359906,PHI,4278562,4.0,-0.4,0.0
401359906,PHI,4395702,5.0,4.7,4.4
401359906,PHI,4397886,3.0,-0.4,0.0
401359906,PHI,4431678,25.0,13.4,12.9
401359907,CHI,3978,35.0,24.7,23.6
401359907,CHI,6478,34.0,7.5,4.9
401359907,CHI,2596112,22.0,4.8,4.7
401359907,CHI,2991350,25.0,3.5,2.4
401359907,CHI,3064440,34.0,20.9,21.5
401359907,CHI,3936099,19.0,7.1,3.4
401359907,CHI,4065673,14.0,3.2,1.7
401359907,CHI,4066421,33.0,7.4,3.0
401359907,CHI,4278508,3.0,-0.4,-0.7
401359907,CHI,4397002,21.0,1.0,0.5
401359907,UTA,3593,32.0,11.9,9.4
401359907,UTA,4262,16.0,3.4,2.0
401359907,UTA,2528426,29.0,1.6,1.4
401359907,UTA,2583632,35.0,7.8,5.8
401359907,UTA,2968436,32.0,1.9,1.3
401359907,UTA,3032976,32.0,23.8,18.7
401359907,UTA,3133817,16.0,0.2,0.7
401359907,UTA,3908809,35.0,15.7,13.6
401359907,UTA,4065656,3.0,-1.1,-1.0
401359907,UTA,4395695,9.0,-3.2,-3.4
401359908,MEM,2991235,19.0,8.6,7.8
401359908,MEM,2993874,19.0,11.8,9.5
401359908,MEM,3134932,12.0,2.2,1.0
401359908,MEM,3135046,15.0,6.8,5.8
401359908,MEM,3906665,6.0,0.5,-0.5
401359908,MEM,4066320,26.0,10.5,10.4
401359908,MEM,4066436,27.0,18.3,16.2
401359908,MEM,4066651,6.0,2.4,1.4
401359908,MEM,4066757,16.0,-2.1,-2.1
401359908,MEM,4277961,24.0,3.0,0.2
401359908,MEM,4277964,16.0,4.2,0.0
401359908,MEM,4279888,33.0,14.5,12.4
401359908,MEM,4433137,16.0,2.1,1.3
401359908,MEM,4593125,6.0,0.5,0.6
401359908,MIA,2184,3.0,1.3,1.7
401359908,MIA,3012,29.0,17.9,14.4
401359908,MIA,3033,26.0,7.2,5.1
401359908,MIA,6430,30.0,29.8,25.3
401359908,MIA,6461,20.0,6.6,6.5
401359908,MIA,2580913,17.0,6.2,5.4
401359908,MIA,3074213,3.0,1.0,0.7
401359908,MIA,3137259,5.0,-0.7,-0.7
401359908,MIA,3138160,26.0,9.9,6.5
401359908,MIA,3157465,27.0,10.1,9.7
401359908,MIA,4065778,17.0,10.5,8.0
401359908,MIA,4278521,5.0,0.3,0.0
401359908,MIA,4395725,32.0,14.2,13.4
401359909,MIL,3438,32.0,9.4,7.8
401359909,MIL,6609,33.0,9.9,7.0
401359909,MIL,2578239,29.0,10.0,7.6
401359909,MIL,2581177,18.0,2.5,2.3
401359909,MIL,3032977,34.0,14.8,12.9
401359909,MIL,3056602,13.0,-3.0,-3.5
401359909,MIL,3102533,18.0,0.3,-2.0
401359909,MIL,3135045,29.0,6.7,6.3
401359909,MIL,3945566,15.0,7.1,6.5
401359909,MIL,4277883,18.0,0.8,0.5
401359909,MIL,4278580,1.0,-1.0,-1.0
401359909,MIL,4683022,1.0,0.0,0.0
401359909,SAS,3244,15.0,13.4,11.3
401359909,SAS,2994526,25.0,7.5,6.9
401359909,SAS,3078576,33.0,12.1,11.2
401359909,SAS,3134908,23.0,6.3,6.1
401359909,SAS,3136779,17.0,7.3,4.4
401359909,SAS,3907497,37.0,22.7,18.6
401359909,SAS,3914285,9.0,2.0,1.0
401359909,SAS,4277890,20.0,-0.9,-2.8
401359909,SAS,4395626,6.0,0.2,0.3
401359909,SAS,4395630,24.0,4.2,1.2
401359909,SAS,4395723,31.0,10.9,6.3
401359910,GSW,2386,17.0,2.4,-1.0
401359910,GSW,3975,27.0,16.6,13.8
401359910,GSW,4269,20.0,5.7,3.7
401359910,GSW,6589,26.0,17.2,14.0
401359910,GSW,2594922,17.0,7.3,6.1
401359910,GSW,3059319,25.0,9.6,9.0
401359910,GSW,3134903,6.0,3.0,1.7
401359910,GSW,3137795,17.0,4.2,3.0
401359910,GSW,3155535,18.0,9.2,6.8
401359910,GSW,4277956,31.0,9.4,9.4
401359910,GSW,4401416,8.0,0.6,-1.0
401359910,GSW,4432171,21.0,1.6,1.5
401359910,GSW,4433247,6.0,-1.2,-1.4
401359910,OKC,4257,10.0,2.5,1.3
401359910,OKC,2490089,14.0,-0.2,-1.8
401359910,OKC,3133626,20.0,-5.0,-5.9
401359910,OKC,3929321,7.0,6.8,5.8
401359910,OKC,4065733,19.0,10.6,8.4
401359910,OKC,4066392,8.0,-1.2,-1.4
401359910,OKC,4278073,29.0,9.4,6.9
401359910,OKC,4397020,30.0,7.9,6.3
401359910,OKC,4423545,27.0,3.9,0.1
401359910,OKC,4432813,19.0,2.6,1.7
401359910,OKC,4683018,19.0,6.0,3.0
401359910,OKC,4683027,8.0,-0.5,-1.1
401359910,OKC,4871145,28.0,9.2,7.1
401359911,DEN,3209,6.0,-1.1,-0.7
401359911,DEN,6579,31.0,5.9,1.2
401359911,DEN,6617,11.0,2.4,2.4
401359911,DEN,2327577,11.0,2.9,2.1
401359911,DEN,2968334,17.0,2.6,2.4
401359911,DEN,3059310,30.0,12.9,12.5
401359911,DEN,3064290,31.0,13.4,9.4
401359911,DEN,3112335,37.0,20.7,14.9
401359911,DEN,3923250,14.0,3.5,1.0
401359911,DEN,4278104,35.0,4.1,1.2
401359911,DEN,4592492,18.0,7.7,6.4
401359911,MIN,3964,23.0,7.9,6.9
401359911,MIN,2990962,8.0,-3.4,-3.4
401359911,MIN,3134916,4.0,1.6,0.0
401359911,MIN,3136195,34.0,8.0,7.1
401359911,MIN,3136776,31.0,8.9,7.1
401359911,MIN,3907822,27.0,12.6,11.7
401359911,MIN,4065663,19.0,6.3,3.4
401359911,MIN,4278077,16.0,4.0,3.7
401359911,MIN,4396971,19.0,10.7,8.8
401359911,MIN,4431671,25.0,-2.1,-1.4
401359911,MIN,4594268,34.0,5.3,3.6
401359912,CLE,3449,20.0,7.4,5.3
401359912,CLE,4011,25.0,0.6,-1.2
401359912,CLE,2999549,5.0,-2.3,-1.4
401359912,CLE,3893016,30.0,12.8,11.4
401359912,CLE,3906786,16.0,7.3,6.1
401359912,CLE,3912848,19.0,5.2,5.8
401359912,CLE,4066328,22.0,6.1,3.4
401359912,CLE,4066336,25.0,12.0,10.1
401359912,CLE,4066405,6.0,0.7,0.7
401359912,CLE,4277811,19.0,-0.2,0.3
401359912,CLE,4396907,32.0,6.0,2.8
401359912,CLE,4432158,21.0,2.2,1.7
401359912,PHX,2779,37.0,18.6,14.8
401359912,PHX,3452,18.0,9.5,8.5
401359912,PHX,6581,33.0,7.1,3.0
401359912,PHX,2583639,11.0,-3.1,-3.2
401359912,PHX,3136193,35.0,19.7,19.2
401359912,PHX,3138196,25.0,7.7,3.9
401359912,PHX,3147657,30.0,6.1,5.8
401359912,PHX,3914044,18.0,-0.9,-0.5
401359912,PHX,4278129,24.0,17.7,11.8
401359912,PHX,4397189,9.0,4.6,2.0
401359913,DAL,2528210,33.0,10.8,8.3
401359913,DAL,2528779,22.0,3.3,4.0
401359913,DAL,2531367,33.0,13.9,12.2
401359913,DAL,2578185,35.0,8.6,6.2
401359913,DAL,2960236,7.0,7.6,6.1
401359913,DAL,2991282,14.0,6.0,5.5
401359913,DAL,3057187,12.0,-0.6,0.6
401359913,DAL,3934672,27.0,3.9,1.6
401359913,DAL,3945274,35.0,17.6,14.7
401359913,DAL,4230547,21.0,12.7,10.8
401359913,DAL,4397126,1.0,-0.5,0.0
401359913,SAC,6474,21.0,12.9,13.5
401359913,SAC,6578,38.0,15.1,10.4
401359913,SAC,6591,17.0,0.3,-0.4
401359913,SAC,2990984,30.0,4.2,1.9
401359913,SAC,2993370,27.0,20.4,17.6
401359913,SAC,3919454,9.0,-0.8,-0.7
401359913,SAC,4066259,39.0,6.6,5.2
401359913,SAC,4278053,26.0,0.8,1.7
401359913,SAC,4396993,33.0,12.0,10.1
401359914,CHA,4249,30.0,8.9,8.1
401359914,CHA,4305,15.0,2.6,3.1
401359914,CHA,2488653,27.0,0.3,-0.1
401359914,CHA,3074752,33.0,9.9,9.1
401359914,CHA,3133603,32.0,24.8,22.4
401359914,CHA,3138161,15.0,5.3,2.7
401359914,CHA,4066383,34.0,19.8,18.9
401359914,CHA,4278078,21.0,17.9,16.7
401359914,CHA,4432816,33.0,23.8,21.2
401359914,POR,6606,38.0,8.4,8.4
401359914,POR,2490149,38.0,15.2,16.1
401359914,POR,2490620,29.0,4.8,3.3
401359914,POR,2579258,18.0,5.9,5.5
401359914,POR,2580365,18.0,9.9,7.2
401359914,POR,2595516,33.0,11.3,10.1
401359914,POR,3102530,26.0,13.5,8.9
401359914,POR,4065697,1.0,0.0,0.0
401359914,POR,4351851,19.0,14.7,14.8
401359914,POR,4395652,18.0,8.3,7.8
401359914,POR,4397166,1.0,0.0,0.0
401359914,POR,4432161,1.0,-0.7,-0.7
401359915,MIL,3438,30.0,9.2,7.1
401359915,MIL,2578239,29.0,2.3,2.3
401359915,MIL,2581177,11.0,-1.9,-1.4
401359915,MIL,3032977,35.0,22.3,18.6
401359915,MIL,3064482,19.0,8.8,8.0
401359915,MIL,3102533,32.0,9.7,6.4
401359915,MIL,3135045,31.0,9.8,10.6
401359915,MIL,3945566,24.0,4.8,4.4
401359915,MIL,4277883,24.0,-1.4,-1.7
401359915,MIL,4278580,5.0,0.3,0.0
401359915,UTA,3195,30.0,14.6,14.1
401359915,UTA,3593,31.0,9.3,8.6
401359915,UTA,4262,17.0,5.5,2.4
401359915,UTA,2528426,26.0,6.8,4.2
401359915,UTA,2583632,31.0,8.2,6.1
401359915,UTA,2968436,23.0,6.4,5.4
401359915,UTA,3032976,31.0,15.2,8.8
401359915,UTA,3133817,15.0,3.6,3.0
401359915,UTA,3908809,33.0,18.8,16.4
401359915,UTA,4395695,3.0,1.4,0.7
401359916,BKN,2983,21.0,12.8,12.6
401359916,BKN,3202,27.0,17.8,18.0
401359916,BKN,3989,20.0,6.8,5.4
401359916,BKN,3992,29.0,20.1,17.1
401359916,BKN,3999,20.0,1.1,-0.7
401359916,BKN,4004,20.0,4.3,4.7
401359916,BKN,2528794,26.0,7.8,7.4
401359916,BKN,3062667,24.0,13.0,10.5
401359916,BKN,3133635,17.0,6.6,6.1
401359916,BKN,4065670,23.0,4.8,1.0
401359916,BKN,4432174,6.0,0.0,0.0
401359916,BKN,4432194,7.0,3.8,4.3
401359916,DET,6446,21.0,10.8,10.8
401359916,DET,2488826,6.0,0.0,-0.7
401359916,DET,2489663,21.0,5.8,5.3
401359916,DET,2991070,27.0,-1.7,-1.9
401359916,DET,3136196,17.0,9.3,8.2
401359916,DET,4065651,19.0,3.2,0.6
401359916,DET,4066297,25.0,7.8,7.1
401359916,DET,4080610,20.0,2.8,2.3
401359916,DET,4277951,9.0,2.6,2.0
401359916,DET,4278124,5.0,1.3,1.0
401359916,DET,4278566,4.0,2.7,2.7
401359916,DET,4397136,27.0,11.2,8.9
401359916,DET,4432810,18.0,2.9,3.0
401359916,DET,4683024,22.0,5.1,1.0
401359917,HOU,3415,11.0,0.0,0.0
401359917,HOU,3431,30.0,11.1,9.2
401359917,HOU,2451037,21.0,0.3,0.2
401359917,HOU,3058254,35.0,7.8,5.0
401359917,HOU,3062744,16.0,-1.6,-2.4
401359917,HOU,3136777,18.0,2.8,0.7
401359917,HOU,4066450,1.0,0.0,0.0
401359917,HOU,4397140,36.0,7.8,5.5
401359917,HOU,4431828,16.0,9.9,8.5
401359917,HOU,4432168,1.0,0.0,0.0
401359917,HOU,4437244,32.0,2.2,0.5
401359917,HOU,4871143,1.0,0.7,0.7
401359917,HOU,4871144,20.0,9.0,5.7
401359917,LAL,1966,35.0,14.5,8.0
401359917,LAL,1975,25.0,20.5,15.6
401359917,LAL,3442,17.0,10.3,8.9
401359917,LAL,3468,35.0,14.3,12.8
401359917,LAL,4240,30.0,1.7,-2.1
401359917,LAL,6583,33.0,12.1,9.5
401359917,LAL,6637,27.0,7.0,4.6
401359917,LAL,4066262,19.0,-3.2,-3.5
401359917,LAL,4066457,20.0,-2.2,-2.0
401359918,CHA,4249,29.0,4.5,1.3
401359918,CHA,4305,11.0,2.6,2.7
401359918,CHA,2488653,26.0,5.7,3.9
401359918,CHA,3074752,34.0,14.7,10.2
401359918,CHA,3133603,21.0,-1.4,-1.4
401359918,CHA,3138161,27.0,10.3,10.2
401359918,CHA,4066383,36.0,11.7,6.0
401359918,CHA,4278076,4.0,0.3,0.7
401359918,CHA,4278078,17.0,15.7,13.4
401359918,CHA,4432816,34.0,25.3,23.4
401359918,CLE,4011,25.0,4.9,2.3
401359918,CLE,3893016,21.0,10.9,12.1
401359918,CLE,3912848,14.0,1.5,0.7
401359918,CLE,4066328,35.0,27.2,21.9
401359918,CLE,4066336,35.0,14.3,10.2
401359918,CLE,4277811,36.0,11.4,8.5
401359918,CLE,4396907,35.0,11.4,7.9
401359918,CLE,4432158,40.0,10.7,7.8
401359919,IND,6507,21.0,3.8,4.5
401359919,IND,2284101,25.0,16.6,14.6
401359919,IND,2528693,26.0,4.8,5.1
401359919,IND,2530530,26.0,17.9,14.8
401359919,IND,2991043,24.0,6.8,6.6
401359919,IND,3133596,13.0,8.1,7.1
401359919,IND,3133628,24.0,17.1,12.1
401359919,IND,3155942,36.0,26.8,23.9
401359919,IND,4278031,3.0,0.6,1.0
401359919,IND,4348700,9.0,-0.4,-1.4
401359919,IND,4397235,3.0,4.0,3.7
401359919,IND,4592402,28.0,14.6,13.8
401359919,SAS,3244,15.0,3.3,1.8
401359919,SAS,2994526,19.0,7.0,7.4
401359919,SAS,3078576,27.0,12.3,12.5
401359919,SAS,3134908,22.0,8.3,7.1
401359919,SAS,3136779,25.0,6.9,4.4
401359919,SAS,3146557,5.0,10.2,10.2
401359919,SAS,3907497,26.0,16.4,15.2
401359919,SAS,3914285,5.0,2.9,1.0
401359919,SAS,4277890,27.0,4.5,3.3
401359919,SAS,4395626,18.0,10.2,9.9
401359919,SAS,4395630,27.0,11.9,8.7
401359919,SAS,4395723,23.0,6.0,4.8
401359920,PHI,3988,19.0,11.6,9.8
401359920,PHI,6585,34.0,23.4,16.0
401359920,PHI,2326307,34.0,19.0,17.6
401359920,PHI,2990969,31.0,16.5,15.4
401359920,PHI,3907498,27.0,0.8,-1.7
401359920,PHI,3915195,20.0,6.4,6.8
401359920,PHI,3929325,25.0,14.5,13.2
401359920,PHI,4278562,9.0,2.9,2.7
401359920,PHI,4395702,11.0,2.6,2.7
401359920,PHI,4431678,30.0,8.4,7.5
401359920,POR,6606,36.0,14.1,13.1
401359920,POR,2490149,40.0,11.1,9.5
401359920,POR,2490620,19.0,0.6,-0.3
401359920,POR,2528353,10.0,5.3,5.4
401359920,POR,2579258,11.0,-0.2,0.0
401359920,POR,2580365,18.0,4.5,2.7
401359920,POR,2595516,29.0,13.9,14.8
401359920,POR,3102530,28.0,11.9,7.7
401359920,POR,4351851,29.0,13.2,11.5
401359920,POR,4395652,20.0,2.8,2.8
401359921,ATL,2799,13.0,1.8,1.2
401359921,ATL,3428,17.0,10.3,9.4
401359921,ATL,2534781,10.0,1.7,0.3
401359921,ATL,3037789,34.0,17.3,16.6
401359921,ATL,3064447,12.0,3.8,2.8
401359921,ATL,3102529,33.0,19.6,16.0
401359921,ATL,3908845,31.0,16.7,13.9
401359921,ATL,4065732,27.0,5.3,4.3
401359921,ATL,4277905,36.0,17.2,15.8
401359921,ATL,4395627,27.0,12.2,9.7
401359921,WAS,6426,3.0,2.0,2.0
401359921,WAS,6580,34.0,13.2,11.4
401359921,WAS,2580782,29.0,16.0,14.3
401359921,WAS,2581018,30.0,8.8,7.7
401359921,WAS,2968361,19.0,4.2,4.1
401359921,WAS,2991055,33.0,11.4,10.8
401359921,WAS,3134907,34.0,10.3,10.4
401359921,WAS,3922230,14.0,4.3,4.8
401359921,WAS,4278049,15.0,3.8,2.7
401359921,WAS,4280151,11.0,5.3,3.7
401359921,WAS,4683021,18.0,8.6,7.1
401359922,BOS,3213,33.0,16.9,13.2
401359922,BOS,2581190,25.0,4.0,4.4
401359922,BOS,2990992,33.0,12.0,8.5
401359922,BOS,3032979,21.0,13.2,11.0
401359922,BOS,3917376,34.0,22.0,20.1
401359922,BOS,4017839,1.0,0.0,0.0
401359922,BOS,4065648,36.0,10.9,9.2
401359922,BOS,4066211,24.0,5.0,5.5
401359922,BOS,4066218,12.0,2.7,2.1
401359922,BOS,4066354,7.0,-1.1,-1.0
401359922,BOS,4277952,1.0,0.0,0.0
401359922,BOS,4396909,1.0,0.0,0.0
401359922,BOS,4397008,11.0,2.3,2.7
401359922,CHI,3978,34.0,31.3,29.0
401359922,CHI,6478,35.0,14.0,11.0
401359922,CHI,2596112,22.0,6.6,4.8
401359922,CHI,2991350,23.0,9.5,7.5
401359922,CHI,3064440,38.0,20.2,19.5
401359922,CHI,3936099,21.0,10.3,7.4
401359922,CHI,4065673,13.0,5.3,3.1
401359922,CHI,4066421,32.0,8.4,6.4
401359922,CHI,4397002,22.0,12.4,12.3
401359923,NYK,3456,20.0,-1.2,-2.1
401359923,NYK,3986,10.0,0.7,0.7
401359923,NYK,6429,16.0,4.6,3.7
401359923,NYK,6479,28.0,11.3,10.1
401359923,NYK,6588,25.0,4.8,4.9
401359923,NYK,3064514,37.0,17.7,15.5
401359923,NYK,4277922,5.0,-1.1,-1.0
401359923,NYK,4278355,13.0,3.4,2.2
401359923,NYK,4351852,28.0,11.0,8.6
401359923,NYK,4395625,39.0,18.7,16.7
401359923,NYK,4395724,19.0,6.2,6.0
401359923,TOR,2578240,31.0,9.0,5.9
401359923,TOR,2991230,37.0,17.5,13.2
401359923,TOR,3133602,35.0,17.5,15.6
401359923,TOR,3934719,41.0,25.1,24.4
401359923,TOR,3948153,10.0,-0.4,-0.7
401359923,TOR,4066668,11.0,1.9,2.7
401359923,TOR,4277843,43.0,18.4,15.0
401359923,TOR,4397885,9.0,4.6,2.7
401359923,TOR,4431679,17.0,-1.1,-3.8
401359923,TOR,4432907,7.0,3.2,3.4
401359924,DEN,3209,20.0,4.8,4.4
401359924,DEN,6579,29.0,2.8,0.3
401359924,DEN,2327577,15.0,8.3,6.8
401359924,DEN,2968334,16.0,-0.5,-0.7
401359924,DEN,3059310,28.0,9.1,7.8
401359924,DEN,3064290,28.0,12.1,10.0
401359924,DEN,3112335,33.0,22.1,18.3
401359924,DEN,3923250,19.0,6.3,4.7
401359924,DEN,4278104,36.0,9.7,5.6
401359924,DEN,4592492,16.0,5.2,2.9
401359924,MEM,2991235,31.0,5.8,2.0
401359924,MEM,2993874,26.0,9.8,6.4
401359924,MEM,3134932,12.0,-0.8,0.0
401359924,MEM,3135046,27.0,19.7,15.6
401359924,MEM,4066320,32.0,5.7,5.4
401359924,MEM,4066436,25.0,4.1,2.2
401359924,MEM,4277961,18.0,7.6,6.7
401359924,MEM,4277964,17.0,9.2,8.8
401359924,MEM,4279888,35.0,20.9,18.7
401359924,MEM,4433137,16.0,-0.6,-1.2
401359925,MIN,2990962,21.0,0.4,0.2
401359925,MIN,3134916,20.0,2.5,3.3
401359925,MIN,3136195,37.0,22.9,19.1
401359925,MIN,3136776,17.0,0.7,-1.1
401359925,MIN,3907822,32.0,4.8,2.9
401359925,MIN,4065663,12.0,-0.7,-0.7
401359925,MIN,4067325,1.0,0.3,0.0
401359925,MIN,4278077,29.0,7.6,6.3
401359925,MIN,4396971,14.0,6.2,7.1
401359925,MIN,4431671,17.0,2.7,3.1
401359925,MIN,4594268,37.0,16.1,13.3
401359925,MIN,4683025,1.0,0.7,0.7
401359925,ORL,6619,28.0,8.4,6.5
401359925,ORL,3150844,6.0,2.0,1.7
401359925,ORL,4277847,36.0,14.1,13.5
401359925,ORL,4277919,34.0,6.4,3.8
401359925,ORL,4278052,21.0,5.5,5.3
401359925,ORL,4432165,32.0,3.6,2.9
401359925,ORL,4432809,38.0,26.9,23.1
401359925,ORL,4566434,31.0,24.7,21.4
401359925,ORL,4590530,15.0,-0.5,-1.1
401359926,LAC,3416,32.0,15.2,11.1
401359926,LAC,4238,26.0,-0.6,-1.7
401359926,LAC,4251,40.0,25.3,20.1
401359926,LAC,6443,39.0,5.0,4.1
401359926,LAC,3135047,8.0,0.8,1.7
401359926,LAC,3907823,32.0,4.2,2.8
401359926,LAC,3913174,30.0,11.2,10.0
401359926,LAC,4017837,13.0,5.0,4.4
401359926,LAC,4066387,1.0,-0.7,-0.7
401359926,LAC,4222252,18.0,8.2,4.5
401359926,OKC,4257,16.0,8.5,8.1
401359926,OKC,2490089,25.0,4.8,2.5
401359926,OKC,3133626,22.0,-0.5,-1.0
401359926,OKC,4065733,6.0,-1.5,-2.1
401359926,OKC,4278073,40.0,19.7,17.1
401359926,OKC,4423545,30.0,4.0,1.5
401359926,OKC,4432813,23.0,5.2,3.7
401359926,OKC,4683018,15.0,10.7,7.8
401359926,OKC,4683027,28.0,1.0,0.3
401359926,OKC,4871145,35.0,12.1,8.8
401359927,DET,6446,15.0,5.9,5.7
401359927,DET,2488826,7.0,-0.4,0.0
401359927,DET,2489663,16.0,3.5,3.1
401359927,DET,2991070,24.0,16.7,14.4
401359927,DET,3136196,19.0,8.9,8.2
401359927,DET,4065651,16.0,4.0,3.4
401359927,DET,4066297,16.0,-0.3,-1.1
401359927,DET,4080610,6.0,3.3,1.7
401359927,DET,4277951,7.0,1.2,1.0
401359927,DET,4278124,5.0,2.6,1.6
401359927,DET,4397136,31.0,1.5,1.6
401359927,DET,4432166,29.0,-3.1,-2.9
401359927,DET,4432810,24.0,3.4,2.0
401359927,DET,4683024,26.0,4.0,4.1
401359927,MIL,3438,22.0,7.0,5.2
401359927,MIL,2578239,25.0,15.7,13.2
401359927,MIL,2581177,17.0,3.8,3.7
401359927,MIL,3032977,27.0,28.1,23.7
401359927,MIL,3056602,20.0,0.6,1.0
401359927,MIL,3064482,22.0,6.6,5.3
401359927,MIL,3102533,23.0,10.1,6.8
401359927,MIL,3135045,21.0,5.1,3.2
401359927,MIL,3945566,24.0,11.4,11.2
401359927,MIL,4277883,24.0,10.5,9.8
401359927,MIL,4278580,6.0,2.6,3.0
401359927,MIL,4683022,8.0,-1.3,-2.2
401359928,DAL,4376,2.0,-1.4,-1.7
401359928,DAL,2528210,31.0,10.6,10.2
401359928,DAL,2528779,25.0,6.4,7.0
401359928,DAL,2531367,25.0,7.8,6.3
401359928,DAL,2578185,31.0,6.1,5.4
401359928,DAL,2991282,19.0,-0.4,-0.3
401359928,DAL,3057187,13.0,3.1,2.3
401359928,DAL,3934672,31.0,20.3,18.9
401359928,DAL,3945274,36.0,20.8,21.3
401359928,DAL,4066410,2.0,1.2,0.6
401359928,DAL,4066496,2.0,0.7,0.7
401359928,DAL,4230547,19.0,-0.2,0.6
401359928,DAL,4397126,2.0,1.7,1.7
401359928,DAL,4432811,4.0,0.0,0.0
401359928,MIA,2184,2.0,-0.4,-0.7
401359928,MIA,3012,36.0,23.8,23.1
401359928,MIA,3033,30.0,5.7,5.0
401359928,MIA,6430,33.0,24.0,20.7
401359928,MIA,6461,14.0,8.3,9.2
401359928,MIA,2580913,14.0,9.5,6.7
401359928,MIA,3074213,2.0,2.7,2.4
401359928,MIA,3137259,2.0,0.0,0.0
401359928,MIA,3138160,17.0,0.1,-0.7
401359928,MIA,3157465,24.0,1.6,2.7
401359928,MIA,4066261,33.0,16.2,13.0
401359928,MIA,4395725,35.0,19.1,18.9
401359929,SAC,6578,35.0,16.4,13.9
401359929,SAC,6591,30.0,11.7,8.4
401359929,SAC,2596107,15.0,5.0,4.1
401359929,SAC,2990984,30.0,17.8,17.2
401359929,SAC,2993370,33.0,7.7,6.2
401359929,SAC,4066259,35.0,8.9,7.3
401359929,SAC,4278053,30.0,9.2,8.9
401359929,SAC,4396993,32.0,8.8,5.9
401359929,UTA,3195,31.0,19.6,18.5
401359929,UTA,3593,31.0,12.8,12.7
401359929,UTA,4262,15.0,10.0,7.1
401359929,UTA,2528426,23.0,-5.4,-7.8
401359929,UTA,2583632,30.0,0.8,0.7
401359929,UTA,2968436,26.0,4.0,4.1
401359929,UTA,3032976,33.0,15.5,7.6
401359929,UTA,3133817,16.0,2.3,1.4
401359929,UTA,3908809,32.0,25.2,24.9
401359929,UTA,4395695,3.0,0.5,0.9
401359930,NOP,4023,23.0,10.1,4.4
401359930,NOP,6477,36.0,18.4,13.2
401359930,NOP,3062679,30.0,14.8,13.9
401359930,NOP,3133601,34.0,9.6,5.0
401359930,NOP,4277813,19.0,9.2,8.2
401359930,NOP,4278039,30.0,5.0,3.2
401359930,NOP,4278594,18.0,6.7,4.0
401359930,NOP,4395698,14.0,-2.2,-1.4
401359930,NOP,4397077,11.0,5.6,4.7
401359930,NOP,4397688,25.0,4.1,2.6
401359930,PHX,2779,36.0,22.0,19.4
401359930,PHX,3452,19.0,11.6,11.5
401359930,PHX,6581,32.0,15.6,12.6
401359930,PHX,2579294,29.0,19.7,15.2
401359930,PHX,2583639,12.0,4.9,3.4
401359930,PHX,2595435,3.0,-1.0,-1.0
401359930,PHX,3136193,34.0,6.6,3.6
401359930,PHX,3138196,21.0,2.0,1.9
401359930,PHX,3147657,42.0,13.9,14.8
401359930,PHX,3914044,13.0,-1.1,-1.7
401359931,HOU,3415,13.0,5.3,5.4
401359931,HOU,3058254,37.0,21.2,17.3
401359931,HOU,3062744,14.0,2.8,1.2
401359931,HOU,3136777,35.0,15.4,14.3
401359931,HOU,4066450,9.0,2.3,2.3
401359931,HOU,4397140,40.0,9.2,4.1
401359931,HOU,4431828,28.0,12.1,11.6
401359931,HOU,4437244,38.0,13.0,14.6
401359931,HOU,4871144,26.0,1.5,1.5
401359931,LAL,1966,36.0,25.5,23.5
401359931,LAL,1975,29.0,11.6,11.8
401359931,LAL,3442,16.0,6.2,5.2
401359931,LAL,3468,37.0,22.1,21.3
401359931,LAL,4240,29.0,0.9,-0.7
401359931,LAL,6583,32.0,23.1,16.4
401359931,LAL,6637,27.0,5.6,4.7
401359931,LAL,4066262,13.0,-0.2,-1.1
401359931,LAL,4066457,21.0,0.4,-0.7
401359932,CLE,4011,31.0,0.5,-1.0
401359932,CLE,3893016,17.0,9.3,8.4
401359932,CLE,3906786,21.0,13.1,12.2
401359932,CLE,3912848,23.0,3.6,4.7
401359932,CLE,4066328,40.0,23.9,18.8
401359932,CLE,4277811,33.0,12.0,11.5
401359932,CLE,4396907,36.0,19.9,19.1
401359932,CLE,4432158,40.0,4.9,2.3
401359932,POR,6606,40.0,17.0,14.9
401359932,POR,2490149,35.0,17.1,14.7
401359932,POR,2490620,30.0,10.3,6.1
401359932,POR,2528353,5.0,-0.7,-0.7
401359932,POR,2579258,14.0,6.6,6.8
401359932,POR,2580365,21.0,1.4,-0.3
401359932,POR,2595516,32.0,20.3,15.4
401359932,POR,3102530,28.0,6.6,4.8
401359932,POR,4351851,24.0,8.8,9.4
401359932,POR,4395652,11.0,-0.7,-1.7
401359933,IND,2284101,23.0,-5.7,-6.2
401359933,IND,2528693,21.0,11.5,10.2
401359933,IND,2530530,17.0,5.3,5.8
401359933,IND,2566769,36.0,15.6,13.6
401359933,IND,2991043,31.0,17.2,14.3
401359933,IND,3133596,5.0,0.9,1.3
401359933,IND,3133628,29.0,28.0,21.6
401359933,IND,3155942,34.0,4.2,5.1
401359933,IND,4348700,10.0,6.8,5.7
401359933,IND,4592402,34.0,8.1,5.7
401359933,NYK,3456,20.0,9.7,8.1
401359933,NYK,6429,21.0,12.0,8.1
401359933,NYK,6479,28.0,1.7,-0.1
401359933,NYK,6588,29.0,11.0,10.1
401359933,NYK,2991280,18.0,5.3,4.5
401359933,NYK,3064514,37.0,13.1,11.0
401359933,NYK,4278355,11.0,5.5,5.7
401359933,NYK,4351852,28.0,7.2,4.4
401359933,NYK,4395625,34.0,12.2,12.9
401359933,NYK,4395724,14.0,0.5,0.3
401359934,BOS,3213,26.0,15.5,10.2
401359934,BOS,2581190,18.0,5.2,2.7
401359934,BOS,2990992,33.0,6.7,4.6
401359934,BOS,3032979,26.0,3.8,4.4
401359934,BOS,3917376,32.0,20.3,19.4
401359934,BOS,4017839,2.0,-0.1,-1.4
401359934,BOS,4065648,34.0,7.1,3.3
401359934,BOS,4066211,30.0,12.7,10.9
401359934,BOS,4066218,7.0,0.2,-0.1
401359934,BOS,4066354,10.0,0.9,0.0
401359934,BOS,4277952,2.0,-1.1,-0.3
401359934,BOS,4396909,2.0,2.7,2.7
401359934,BOS,4397008,17.0,2.1,2.0
401359934,ORL,6619,29.0,6.3,6.4
401359934,ORL,3150844,9.0,-0.3,-0.4
401359934,ORL,3936298,4.0,-0.7,-1.0
401359934,ORL,4277847,35.0,12.1,7.1
401359934,ORL,4277919,29.0,5.0,2.3
401359934,ORL,4278052,19.0,6.4,4.3
401359934,ORL,4397205,3.0,-0.7,-0.7
401359934,ORL,4432165,25.0,2.3,1.8
401359934,ORL,4432809,37.0,5.1,4.8
401359934,ORL,4566434,32.0,3.9,3.6
401359934,ORL,4590530,19.0,4.2,3.3
401359935,CHI,3978,36.0,28.1,25.5
401359935,CHI,6478,36.0,5.7,4.5
401359935,CHI,2596112,23.0,5.5,2.7
401359935,CHI,2991350,32.0,8.5,7.2
401359935,CHI,3064440,38.0,13.6,9.9
401359935,CHI,3936099,17.0,6.3,3.0
401359935,CHI,4065673,12.0,0.2,0.0
401359935,CHI,4066421,33.0,9.8,6.5
401359935,CHI,4397002,13.0,0.3,0.3
401359935,PHI,6585,14.0,2.3,0.4
401359935,PHI,2326307,34.0,17.0,14.9
401359935,PHI,2990969,32.0,14.2,13.4
401359935,PHI,3059318,34.0,10.7,7.8
401359935,PHI,3907498,38.0,11.9,7.8
401359935,PHI,3915195,20.0,4.8,4.1
401359935,PHI,3929325,26.0,8.6,5.4
401359935,PHI,4395702,5.0,1.6,2.0
401359935,PHI,4431678,37.0,11.9,12.4
401359936,TOR,2578240,22.0,8.1,9.1
401359936,TOR,2991230,43.0,27.2,25.0
401359936,TOR,3133602,35.0,10.8,9.3
401359936,TOR,3934719,40.0,13.3,10.0
401359936,TOR,3948153,17.0,3.7,3.7
401359936,TOR,4066668,3.0,1.0,0.7
401359936,TOR,4277843,34.0,10.6,7.3
401359936,TOR,4397885,17.0,4.7,3.0
401359936,TOR,4431679,26.0,5.0,3.4
401359936,TOR,4432907,3.0,-0.4,0.0
401359936,WAS,6580,39.0,23.1,19.9
401359936,WAS,2580782,30.0,5.9,6.8
401359936,WAS,2581018,34.0,4.1,0.2
401359936,WAS,2968361,22.0,13.4,13.2
401359936,WAS,2991055,27.0,16.8,12.8
401359936,WAS,3134907,21.0,-3.0,-3.9
401359936,WAS,3922230,5.0,-1.4,-1.4
401359936,WAS,4278049,21.0,9.7,7.5
401359936,WAS,4280151,16.0,2.8,1.9
401359936,WAS,4683021,26.0,7.6,6.9
401359937,ATL,2799,11.0,3.2,1.7
401359937,ATL,3428,16.0,5.3,4.7
401359937,ATL,2534781,3.0,-1.8,-1.7
401359937,ATL,3037789,29.0,3.3,-0.1
401359937,ATL,3102529,33.0,16.7,12.9
401359937,ATL,3908845,37.0,11.6,7.7
401359937,ATL,4065732,33.0,19.0,18.6
401359937,ATL,4066372,23.0,12.8,11.2
401359937,ATL,4277905,37.0,16.1,14.7
401359937,ATL,4395627,19.0,-1.5,-1.4
401359937,BKN,2983,17.0,9.6,7.4
401359937,BKN,3015,12.0,2.5,1.0
401359937,BKN,3202,36.0,25.9,22.9
401359937,BKN,3989,31.0,7.8,7.8
401359937,BKN,3992,36.0,15.0,12.9
401359937,BKN,4004,22.0,12.6,12.9
401359937,BKN,2528794,34.0,15.5,11.4
401359937,BKN,3062667,15.0,5.6,5.0
401359937,BKN,3133635,6.0,1.3,0.4
401359937,BKN,4065670,31.0,6.2,4.4
401359938,DEN,3209,9.0,0.2,0.3
401359938,DEN,6579,40.0,22.6,19.3
401359938,DEN,2327577,8.0,2.6,1.7
401359938,DEN,2968334,14.0,3.3,3.1
401359938,DEN,3059310,28.0,3.4,3.0
401359938,DEN,3064290,30.0,6.9,7.5
401359938,DEN,3112335,35.0,30.8,27.3
401359938,DEN,3923250,19.0,-0.1,-1.4
401359938,DEN,4278104,35.0,8.3,5.0
401359938,DEN,4592492,21.0,7.9,6.8
401359938,MEM,2991235,30.0,10.5,8.2
401359938,MEM,2993874,23.0,11.1,11.8
401359938,MEM,3134932,14.0,1.2,-0.7
401359938,MEM,3135046,20.0,10.9,10.3
401359938,MEM,4066320,29.0,10.5,9.7
401359938,MEM,4066436,29.0,9.3,7.8
401359938,MEM,4277961,30.0,16.3,13.0
401359938,MEM,4277964,7.0,0.6,-0.3
401359938,MEM,4279888,33.0,14.0,9.2
401359938,MEM,4433137,24.0,9.4,7.4
401359939,LAC,3416,30.0,18.3,15.5
401359939,LAC,4238,25.0,7.8,5.5
401359939,LAC,4251,36.0,23.7,21.4
401359939,LAC,6443,36.0,25.5,23.4
401359939,LAC,3135047,7.0,0.7,-0.7
401359939,LAC,3907823,31.0,13.7,13.6
401359939,LAC,3913174,28.0,6.2,3.7
401359939,LAC,4017837,34.0,11.6,9.2
401359939,LAC,4222252,13.0,2.4,3.4
401359939,MIN,3964,31.0,14.9,14.2
401359939,MIN,2990962,10.0,-1.2,-0.7
401359939,MIN,3134916,11.0,3.0,2.4
401359939,MIN,3136195,36.0,15.6,10.4
401359939,MIN,3907822,27.0,9.9,8.3
401359939,MIN,4065663,11.0,5.5,6.0
401359939,MIN,4278077,27.0,9.6,8.1
401359939,MIN,4278541,9.0,2.4,2.4
401359939,MIN,4396971,12.0,9.3,8.3
401359939,MIN,4431671,29.0,3.1,3.4
401359939,MIN,4594268,38.0,20.5,16.6
401359940,DAL,4376,15.0,9.0,9.4
401359940,DAL,2528210,36.0,18.0,15.0
401359940,DAL,2528779,7.0,-1.4,-1.7
401359940,DAL,2531367,23.0,4.7,4.9
401359940,DAL,2578185,36.0,4.4,2.0
401359940,DAL,2991282,10.0,0.2,0.7
401359940,DAL,3057187,19.0,3.2,1.1
401359940,DAL,3934672,36.0,26.2,22.3
401359940,DAL,3945274,36.0,14.8,9.6
401359940,DAL,4230547,16.0,-1.3,-1.1
401359940,DAL,4432811,6.0,1.0,0.7
401359940,SAS,3244,22.0,9.3,5.5
401359940,SAS,2528588,26.0,-1.4,-0.3
401359940,SAS,2994526,11.0,0.2,0.3
401359940,SAS,3078576,36.0,14.9,14.2
401359940,SAS,3136779,5.0,0.2,0.0
401359940,SAS,3907497,34.0,19.6,15.8
401359940,SAS,3914285,19.0,6.3,3.5
401359940,SAS,4277890,23.0,10.4,7.2
401359940,SAS,4395626,2.0,2.7,1.7
401359940,SAS,4395630,31.0,16.8,14.9
401359940,SAS,4395723,31.0,6.5,4.8
401359941,CHA,4249,37.0,20.2,16.7
401359941,CHA,4305,14.0,-3.1,-3.7
401359941,CHA,2488653,20.0,5.4,3.3
401359941,CHA,3074752,35.0,-2.0,-2.8
401359941,CHA,3133603,13.0,-4.2,-4.1
401359941,CHA,3138161,25.0,4.2,3.4
401359941,CHA,4066383,38.0,28.5,23.1
401359941,CHA,4066731,2.0,-2.1,-2.4
401359941,CHA,4278076,2.0,0.0,0.0
401359941,CHA,4278078,17.0,2.3,1.5
401359941,CHA,4431712,2.0,-0.7,-0.7
401359941,CHA,4432816,34.0,12.1,8.5
401359941,GSW,2386,17.0,6.8,5.5
401359941,GSW,3975,35.0,12.5,9.9
401359941,GSW,4269,13.0,9.0,6.4
401359941,GSW,6589,35.0,7.7,4.8
401359941,GSW,2594922,11.0,2.6,1.0
401359941,GSW,2595209,16.0,12.5,11.1
401359941,GSW,3059319,29.0,9.3,9.0
401359941,GSW,3134903,17.0,14.6,11.2
401359941,GSW,3155535,15.0,5.0,2.6
401359941,GSW,4066786,2.0,0.3,0.0
401359941,GSW,4277956,32.0,24.1,20.4
401359941,GSW,4401416,14.0,-0.7,-1.0
401359941,GSW,4432171,2.0,1.0,0.0
401359941,GSW,4433247,2.0,-0.7,-0.7
401359942,NOP,4023,34.0,9.8,7.3
401359942,NOP,6477,29.0,9.6,7.0
401359942,NOP,6621,13.0,1.3,1.7
401359942,NOP,2999409,11.0,7.9,8.1
401359942,NOP,3062679,32.0,3.4,3.3
401359942,NOP,3133601,31.0,14.1,15.3
401359942,NOP,4277869,1.0,0.0,0.0
401359942,NOP,4278039,33.0,8.0,7.7
401359942,NOP,4278594,20.0,3.6,2.7
401359942,NOP,4395698,17.0,6.9,7.1
401359942,NOP,4397077,4.0,-0.7,-1.4
401359942,NOP,4397688,14.0,0.9,-0.3
401359942,NOP,4423885,1.0,0.7,0.7
401359942,SAC,6474,8.0,0.3,0.0
401359942,SAC,6578,39.0,20.3,18.8
401359942,SAC,6591,32.0,2.7,0.3
401359942,SAC,2596107,21.0,9.1,7.5
401359942,SAC,2990984,23.0,6.4,4.5
401359942,SAC,2993370,16.0,8.4,8.5
401359942,SAC,4066259,38.0,15.3,14.5
401359942,SAC,4278053,26.0,11.4,11.6
401359942,SAC,4396993,37.0,25.4,19.2
401359943,DET,6446,17.0,3.4,3.5
401359943,DET,2489663,17.0,4.9,4.6
401359943,DET,2991070,38.0,17.9,14.8
401359943,DET,3136196,10.0,-0.5,-0.8
401359943,DET,4065651,14.0,4.5,5.0
401359943,DET,4066297,15.0,3.9,4.0
401359943,DET,4397136,38.0,8.0,7.5
401359943,DET,4432166,32.0,11.5,9.9
401359943,DET,4432810,31.0,7.7,5.1
401359943,DET,4683024,29.0,10.0,8.8
401359943,PHI,6585,18.0,9.7,8.0
401359943,PHI,2326307,37.0,14.8,15.2
401359943,PHI,2990969,32.0,9.8,7.9
401359943,PHI,3059318,30.0,14.7,13.4
401359943,PHI,3907498,30.0,4.3,1.3
401359943,PHI,3915195,34.0,13.8,11.2
401359943,PHI,4278562,15.0,5.1,4.1
401359943,PHI,4431678,45.0,19.7,17.3
401359944,ATL,2799,11.0,0.8,-0.1
401359944,ATL,3428,17.0,6.3,4.3
401359944,ATL,2534781,8.0,1.0,0.6
401359944,ATL,3037789,30.0,5.7,5.4
401359944,ATL,3064447,3.0,0.3,0.0
401359944,ATL,3102529,36.0,13.2,11.4
401359944,ATL,3893019,3.0,2.0,2.0
401359944,ATL,3908845,31.0,10.2,8.4
401359944,ATL,4065732,31.0,9.7,9.7
401359944,ATL,4066269,3.0,1.7,1.7
401359944,ATL,4066372,16.0,0.6,0.9
401359944,ATL,4277905,34.0,16.0,14.5
401359944,ATL,4395627,14.0,2.8,-0.8
401359944,ATL,4701230,3.0,1.7,1.7
401359944,UTA,3195,29.0,14.4,12.6
401359944,UTA,3593,31.0,16.5,15.4
401359944,UTA,4262,13.0,3.8,0.0
401359944,UTA,2528426,31.0,20.8,21.1
401359944,UTA,2583632,34.0,8.2,6.8
401359944,UTA,2968436,28.0,17.0,17.3
401359944,UTA,3032976,33.0,15.4,10.0
401359944,UTA,3133817,14.0,0.6,0.3
401359944,UTA,4065656,19.0,-1.5,-1.0
401359944,UTA,4066446,2.0,-1.1,-0.7
401359944,UTA,4066467,2.0,0.0,0.0
401359944,UTA,4066851,2.0,0.6,0.7
401359944,UTA,4395695,2.0,3.4,3.4
401359945,BOS,3213,29.0,7.9,6.6
401359945,BOS,2990992,30.0,5.8,4.0
401359945,BOS,3032979,30.0,13.1,10.2
401359945,BOS,3056600,2.0,-1.0,-1.0
401359945,BOS,3917376,29.0,10.6,8.2
401359945,BOS,4017839,3.0,0.0,0.0
401359945,BOS,4065648,29.0,3.9,2.1
401359945,BOS,4066211,24.0,8.4,4.9
401359945,BOS,4066218,12.0,-0.1,-0.7
401359945,BOS,4066354,3.0,1.0,1.0
401359945,BOS,4277952,3.0,-0.3,-1.0
401359945,BOS,4396909,18.0,11.0,10.8
401359945,BOS,4397008,27.0,8.1,9.4
401359945,MIA,3012,28.0,2.3,-2.0
401359945,MIA,3033,32.0,4.0,2.8
401359945,MIA,6430,38.0,10.6,10.5
401359945,MIA,6461,19.0,4.5,4.7
401359945,MIA,2580913,11.0,1.2,1.7
401359945,MIA,3074213,4.0,1.0,1.0
401359945,MIA,3137259,4.0,3.1,2.8
401359945,MIA,3138160,9.0,-0.2,-0.1
401359945,MIA,3157465,36.0,6.1,6.1
401359945,MIA,4066261,30.0,10.1,7.1
401359945,MIA,4395725,29.0,1.1,-0.8
401359946,HOU,3415,12.0,6.1,5.8
401359946,HOU,3431,29.0,2.6,2.7
401359946,HOU,3058254,37.0,14.6,10.6
401359946,HOU,3062744,19.0,8.5,6.4
401359946,HOU,3136777,34.0,12.7,10.9
401359946,HOU,4066450,5.0,3.7,3.4
401359946,HOU,4397140,36.0,11.2,11.0
401359946,HOU,4431828,14.0,2.9,2.7
401359946,HOU,4437244,32.0,8.0,7.5
401359946,HOU,4871144,23.0,6.3,6.4
401359946,PHX,2779,34.0,17.0,10.3
401359946,PHX,3452,17.0,8.7,7.4
401359946,PHX,6581,27.0,2.8,2.0
401359946,PHX,2579294,6.0,2.0,1.0
401359946,PHX,2583639,14.0,8.7,8.0
401359946,PHX,2595435,11.0,0.6,-0.4
401359946,PHX,3136193,34.0,22.3,19.4
401359946,PHX,3138196,23.0,7.9,8.0
401359946,PHX,3147657,30.0,12.7,11.8
401359946,PHX,3914044,19.0,17.8,16.5
401359946,PHX,4278129,26.0,9.5,8.1
401359947,LAL,1975,32.0,16.1,13.4
401359947,LAL,2384,8.0,5.6,1.7
401359947,LAL,3026,15.0,-1.8,-2.3
401359947,LAL,3442,14.0,-0.1,0.3
401359947,LAL,3468,35.0,15.8,15.1
401359947,LAL,3981,9.0,0.9,0.6
401359947,LAL,4240,32.0,6.1,6.1
401359947,LAL,6583,38.0,27.7,23.3
401359947,LAL,6637,22.0,1.5,0.6
401359947,LAL,4066262,13.0,1.2,1.7
401359947,LAL,4066457,22.0,6.2,5.7
401359947,OKC,4257,28.0,12.3,11.0
401359947,OKC,2490089,7.0,3.7,3.2
401359947,OKC,3133626,30.0,11.3,9.0
401359947,OKC,4065733,21.0,9.6,8.9
401359947,OKC,4278073,39.0,24.9,22.6
401359947,OKC,4397020,35.0,7.6,7.9
401359947,OKC,4423545,24.0,7.4,5.6
401359947,OKC,4432813,10.0,-1.4,-1.0
401359947,OKC,4683018,10.0,-3.0,-3.8
401359947,OKC,4683027,4.0,0.0,0.0
401359947,OKC,4871145,32.0,7.2,2.8
401359948,BKN,2983,21.0,13.5,12.8
401359948,BKN,3015,12.0,-3.7,-3.4
401359948,BKN,3202,37.0,18.7,15.0
401359948,BKN,3989,27.0,12.0,12.2
401359948,BKN,3992,36.0,9.3,5.2
401359948,BKN,4004,21.0,2.0,2.0
401359948,BKN,2528794,33.0,6.5,5.4
401359948,BKN,3062667,16.0,3.9,4.1
401359948,BKN,3133635,10.0,-0.1,-1.4
401359948,BKN,4065670,26.0,5.9,6.4
401359948,DET,6446,30.0,11.2,11.9
401359948,DET,2488826,4.0,0.3,0.0
401359948,DET,2489663,25.0,13.6,10.3
401359948,DET,2991070,39.0,0.7,-1.9
401359948,DET,3136196,11.0,5.1,4.6
401359948,DET,4065651,16.0,6.5,4.6
401359948,DET,4066297,31.0,3.2,0.9
401359948,DET,4397136,31.0,7.5,4.0
401359948,DET,4432166,30.0,3.5,2.9
401359948,DET,4432810,23.0,10.0,6.8
401359949,ORL,6619,27.0,3.3,-0.3
401359949,ORL,2999547,20.0,1.7,0.2
401359949,ORL,4277847,29.0,9.4,7.0
401359949,ORL,4277919,31.0,9.7,5.3
401359949,ORL,4278052,20.0,7.7,4.1
401359949,ORL,4432165,28.0,3.5,3.0
401359949,ORL,4432809,35.0,14.7,11.5
401359949,ORL,4566434,29.0,4.5,3.0
401359949,ORL,4590530,21.0,11.0,8.7
401359949,SAS,3244,26.0,13.7,10.0
401359949,SAS,2528588,26.0,4.4,3.9
401359949,SAS,2994526,3.0,0.0,0.0
401359949,SAS,3078576,33.0,8.3,5.3
401359949,SAS,3136779,15.0,1.2,0.6
401359949,SAS,3907497,36.0,20.9,14.3
401359949,SAS,3914285,22.0,7.2,4.3
401359949,SAS,4277890,16.0,2.8,3.0
401359949,SAS,4395626,5.0,1.7,1.7
401359949,SAS,4395630,26.0,8.4,5.3
401359949,SAS,4395723,33.0,15.4,12.4
401359950,MEM,2991235,20.0,5.9,5.4
401359950,MEM,2993874,19.0,0.0,-2.0
401359950,MEM,3134932,7.0,4.7,3.4
401359950,MEM,3135046,17.0,8.3,6.1
401359950,MEM,3906665,10.0,1.5,1.3
401359950,MEM,4066320,22.0,5.6,6.0
401359950,MEM,4066436,20.0,1.5,-0.1
401359950,MEM,4066651,10.0,-0.5,-2.1
401359950,MEM,4066757,10.0,2.4,2.2
401359950,MEM,4277928,10.0,7.1,6.8
401359950,MEM,4277961,25.0,9.5,5.3
401359950,MEM,4277964,13.0,6.1,5.1
401359950,MEM,4279888,29.0,4.7,3.5
401359950,MEM,4433137,19.0,4.8,4.0
401359950,MEM,4593125,10.0,-0.2,-0.4
401359950,WAS,6580,27.0,11.8,11.3
401359950,WAS,2580782,22.0,10.4,9.2
401359950,WAS,2581018,26.0,12.8,9.4
401359950,WAS,2968361,26.0,12.6,12.3
401359950,WAS,2991055,25.0,14.4,11.1
401359950,WAS,3134907,25.0,10.5,9.1
401359950,WAS,3922230,21.0,7.2,4.4
401359950,WAS,4278049,23.0,13.9,12.3
401359950,WAS,4280151,17.0,3.6,2.4
401359950,WAS,4683021,28.0,2.9,1.2
401359951,CLE,4011,22.0,7.1,8.2
401359951,CLE,3893016,26.0,11.1,10.2
401359951,CLE,3906786,11.0,-0.4,0.0
401359951,CLE,3912848,26.0,6.2,4.4
401359951,CLE,4066328,39.0,18.6,13.9
401359951,CLE,4066405,9.0,0.3,0.0
401359951,CLE,4277811,32.0,0.3,-0.5
401359951,CLE,4396907,36.0,18.3,17.4
401359951,CLE,4432158,38.0,11.8,10.4
401359951,TOR,2578240,30.0,6.8,5.5
401359951,TOR,2991230,37.0,10.6,8.6
401359951,TOR,3133602,19.0,-0.3,-0.1
401359951,TOR,3934719,37.0,18.5,17.2
401359951,TOR,3948153,7.0,-1.9,-1.8
401359951,TOR,4066668,7.0,7.7,5.1
401359951,TOR,4277843,37.0,14.7,9.1
401359951,TOR,4397885,10.0,7.2,7.4
401359951,TOR,4431679,18.0,4.3,3.7
401359951,TOR,4433134,38.0,13.4,10.5
401359952,MIL,3438,25.0,8.0,7.9
401359952,MIL,3995,20.0,2.7,2.3
401359952,MIL,2578239,28.0,-0.6,-1.1
401359952,MIL,2581177,17.0,2.9,2.6
401359952,MIL,3032977,31.0,18.2,15.6
401359952,MIL,3056602,19.0,-0.6,-1.4
401359952,MIL,3064482,24.0,4.8,2.7
401359952,MIL,3102533,18.0,3.1,2.9
401359952,MIL,3135045,31.0,21.0,18.9
401359952,MIL,3945566,4.0,-0.8,0.0
401359952,MIL,4277883,24.0,5.8,4.6
401359952,NYK,3456,30.0,22.4,18.6
401359952,NYK,6429,13.0,0.7,-0.3
401359952,NYK,6479,15.0,-0.8,-1.1
401359952,NYK,6588,25.0,2.9,2.6
401359952,NYK,2991280,24.0,11.4,5.9
401359952,NYK,3064514,33.0,25.0,23.1
401359952,NYK,4277922,2.0,0.0,0.0
401359952,NYK,4278075,1.0,1.0,1.0
401359952,NYK,4278355,15.0,3.4,2.9
401359952,NYK,4351852,21.0,6.5,3.7
401359952,NYK,4395625,39.0,10.7,10.0
401359952,NYK,4395724,18.0,8.6,5.7
401359952,NYK,4397014,1.0,-0.7,-0.7
401359953,LAC,3416,29.0,12.8,10.8
401359953,LAC,4238,29.0,7.9,4.2
401359953,LAC,4251,38.0,10.8,6.4
401359953,LAC,6443,37.0,13.6,13.5
401359953,LAC,3135047,3.0,0.3,-0.3
401359953,LAC,3907823,30.0,9.9,8.4
401359953,LAC,3913174,21.0,6.2,5.4
401359953,LAC,4017837,31.0,13.0,8.1
401359953,LAC,4066387,3.0,-1.4,-1.7
401359953,LAC,4222252,15.0,9.6,6.4
401359953,LAC,4432162,3.0,0.3,-0.7
401359953,MIN,3964,27.0,0.5,1.7
401359953,MIN,2982268,3.0,1.3,0.0
401359953,MIN,2990962,24.0,2.3,2.0
401359953,MIN,3134916,19.0,0.9,-1.0
401359953,MIN,3136195,32.0,10.9,9.8
401359953,MIN,3907822,36.0,8.4,7.5
401359953,MIN,4067325,3.0,2.3,2.0
401359953,MIN,4278077,22.0,1.3,-0.6
401359953,MIN,4278541,9.0,-1.1,-2.1
401359953,MIN,4396971,16.0,5.0,4.0
401359953,MIN,4431671,13.0,2.7,4.1
401359953,MIN,4594268,32.0,6.9,4.1
401359953,MIN,4683025,3.0,-2.1,-2.4
401359954,GSW,2386,17.0,9.2,6.3
401359954,GSW,3975,30.0,14.9,13.0
401359954,GSW,4269,18.0,14.4,9.9
401359954,GSW,6589,25.0,13.3,12.0
401359954,GSW,2594922,17.0,8.0,6.4
401359954,GSW,2595209,21.0,3.5,2.6
401359954,GSW,3059319,26.0,8.0,7.9
401359954,GSW,3134903,18.0,18.8,16.3
401359954,GSW,3155535,11.0,-0.3,0.0
401359954,GSW,4277956,28.0,18.0,19.2
401359954,GSW,4401416,15.0,5.8,2.4
401359954,GSW,4432171,8.0,3.7,3.4
401359954,GSW,4433247,7.0,1.9,1.4
401359954,NOP,4023,26.0,2.7,3.7
401359954,NOP,6477,31.0,16.8,14.6
401359954,NOP,6621,21.0,12.2,9.9
401359954,NOP,2999409,3.0,-0.8,-1.0
401359954,NOP,3062679,30.0,10.6,8.4
401359954,NOP,3133601,30.0,6.1,5.2
401359954,NOP,4277869,6.0,4.7,3.7
401359954,NOP,4278039,28.0,0.0,0.9
401359954,NOP,4278594,22.0,3.8,2.3
401359954,NOP,4395698,18.0,-6.7,-7.2
401359954,NOP,4397688,18.0,2.5,1.2
401359954,NOP,4423885,6.0,-0.7,-0.7
401359955,IND,6507,17.0,5.0,5.5
401359955,IND,2284101,30.0,11.6,10.8
401359955,IND,2528693,17.0,7.0,5.1
401359955,IND,2530530,33.0,16.9,13.2
401359955,IND,2991043,34.0,5.3,4.6
401359955,IND,3133596,13.0,7.4,6.4
401359955,IND,3133628,31.0,12.7,11.0
401359955,IND,3155942,36.0,7.4,5.7
401359955,IND,4348700,4.0,2.9,3.0
401359955,IND,4592402,26.0,9.4,8.2
401359955,POR,6606,38.0,3.9,1.4
401359955,POR,2490149,41.0,19.4,18.3
401359955,POR,2490620,34.0,13.1,11.4
401359955,POR,2528353,7.0,-1.5,-1.4
401359955,POR,2579258,11.0,1.9,1.1
401359955,POR,2580365,18.0,5.8,3.3
401359955,POR,2595516,32.0,22.1,18.8
401359955,POR,3102530,23.0,11.0,8.5
401359955,POR,4351851,21.0,11.7,11.1
401359955,POR,4395652,16.0,5.1,5.4
401359956,CHA,4249,35.0,17.7,17.5
401359956,CHA,4305,12.0,0.0,-1.0
401359956,CHA,2488653,22.0,7.1,6.3
401359956,CHA,3074752,31.0,3.5,3.2
401359956,CHA,3133603,14.0,3.4,3.3
401359956,CHA,3138161,20.0,13.9,10.2
401359956,CHA,4066383,37.0,3.3,2.3
401359956,CHA,4066731,15.0,5.2,4.4
401359956,CHA,4278076,19.0,8.6,6.1
401359956,CHA,4431699,2.0,-1.0,-1.0
401359956,CHA,4431712,4.0,-2.5,-2.1
401359956,CHA,4432816,31.0,25.8,25.6
401359956,SAC,6474,13.0,2.2,1.1
401359956,SAC,6578,37.0,12.2,9.0
401359956,SAC,6591,21.0,7.1,6.3
401359956,SAC,2990984,30.0,17.5,17.8
401359956,SAC,2993370,33.0,21.6,18.3
401359956,SAC,3064559,2.0,0.3,0.0
401359956,SAC,3914283,3.0,1.7,1.7
401359956,SAC,3919454,17.0,5.9,4.7
401359956,SAC,4066259,29.0,18.7,18.3
401359956,SAC,4278053,25.0,15.9,16.9
401359956,SAC,4396993,31.0,15.2,14.0
401359957,DEN,3209,20.0,4.9,3.9
401359957,DEN,6579,37.0,11.9,8.4
401359957,DEN,6617,9.0,0.5,-0.7
401359957,DEN,2327577,12.0,8.4,8.9
401359957,DEN,2968334,18.0,7.2,7.1
401359957,DEN,3059310,34.0,5.4,4.3
401359957,DEN,3064290,28.0,8.0,6.4
401359957,DEN,3112335,36.0,22.4,18.1
401359957,DEN,3923250,23.0,6.3,3.7
401359957,DEN,4278104,7.0,0.8,-0.4
401359957,DEN,4592492,15.0,-4.6,-4.5
401359957,HOU,3415,9.0,6.1,5.8
401359957,HOU,3431,29.0,7.8,7.7
401359957,HOU,2451037,32.0,14.9,12.8
401359957,HOU,3058254,37.0,8.5,2.9
401359957,HOU,3062744,4.0,0.6,0.0
401359957,HOU,3136777,31.0,9.3,7.4
401359957,HOU,4066450,4.0,0.3,-0.7
401359957,HOU,4397140,32.0,-0.9,-1.8
401359957,HOU,4431828,19.0,12.8,9.4
401359957,HOU,4437244,31.0,3.1,1.5
401359957,HOU,4871144,14.0,9.8,9.5
401359958,MIA,3012,36.0,25.3,22.5
401359958,MIA,3033,24.0,7.0,6.8
401359958,MIA,6430,36.0,22.6,21.7
401359958,MIA,6461,20.0,3.4,2.8
401359958,MIA,2580913,12.0,-0.2,-0.1
401359958,MIA,3138160,18.0,7.5,7.1
401359958,MIA,3157465,23.0,0.6,0.6
401359958,MIA,4066261,36.0,12.2,11.6
401359958,MIA,4395725,34.0,19.3,19.5
401359958,UTA,3195,32.0,20.2,18.7
401359958,UTA,3593,34.0,14.6,13.1
401359958,UTA,4262,19.0,7.0,6.5
401359958,UTA,2528426,18.0,0.3,0.9
401359958,UTA,2583632,32.0,18.2,12.1
401359958,UTA,2968436,27.0,4.4,4.1
401359958,UTA,3032976,29.0,7.8,5.7
401359958,UTA,3133817,12.0,2.1,2.6
401359958,UTA,3908809,37.0,26.3,25.5
401359959,CHI,3978,35.0,22.5,20.7
401359959,CHI,6478,36.0,6.1,4.6
401359959,CHI,2596112,18.0,2.6,0.3
401359959,CHI,2991350,32.0,7.2,7.1
401359959,CHI,3064440,38.0,17.8,16.2
401359959,CHI,3936099,18.0,13.1,12.5
401359959,CHI,4065673,12.0,6.1,5.5
401359959,CHI,4066421,38.0,5.7,5.1
401359959,CHI,4397002,13.0,-2.0,-1.4
401359959,PHI,6585,14.0,-0.8,0.6
401359959,PHI,2326307,33.0,4.9,4.0
401359959,PHI,2990969,25.0,6.9,7.6
401359959,PHI,3059318,34.0,22.2,16.7
401359959,PHI,3915195,36.0,16.2,12.5
401359959,PHI,3929325,32.0,18.8,18.2
401359959,PHI,4278562,22.0,9.0,8.6
401359959,PHI,4431678,44.0,12.5,10.3
401359960,BOS,3213,26.0,10.8,11.1
401359960,BOS,2581190,31.0,10.4,9.1
401359960,BOS,2990992,36.0,6.5,5.7
401359960,BOS,3032979,39.0,12.6,12.1
401359960,BOS,4065648,38.0,25.7,21.6
401359960,BOS,4066211,33.0,15.6,13.8
401359960,BOS,4066218,5.0,-0.7,-1.0
401359960,BOS,4066354,11.0,-0.1,0.3
401359960,BOS,4396909,21.0,-3.4,-5.5
401359960,DAL,2528210,35.0,3.5,3.3
401359960,DAL,2528779,26.0,7.5,6.0
401359960,DAL,2531367,23.0,6.5,2.4
401359960,DAL,2578185,30.0,8.3,7.8
401359960,DAL,2991282,9.0,1.0,0.0
401359960,DAL,3057187,7.0,2.6,1.0
401359960,DAL,3102531,28.0,20.3,17.5
401359960,DAL,3934672,35.0,9.4,8.5
401359960,DAL,3945274,35.0,22.8,21.3
401359960,DAL,4230547,13.0,3.2,3.4
401359961,ATL,2799,9.0,0.6,0.3
401359961,ATL,3428,23.0,7.2,7.7
401359961,ATL,2534781,3.0,2.0,0.7
401359961,ATL,3037789,29.0,8.2,7.6
401359961,ATL,3102529,28.0,8.3,6.7
401359961,ATL,3908845,35.0,23.6,20.9
401359961,ATL,4065732,29.0,-0.4,-1.8
401359961,ATL,4066372,19.0,5.9,5.1
401359961,ATL,4277905,39.0,21.4,21.6
401359961,ATL,4395627,26.0,6.4,6.3
401359961,PHX,2779,35.0,22.2,19.1
401359961,PHX,3452,18.0,3.6,4.0
401359961,PHX,6581,31.0,11.9,8.6
401359961,PHX,2579294,29.0,15.7,13.6
401359961,PHX,2595435,11.0,-2.4,-2.7
401359961,PHX,3064230,13.0,-0.3,-0.4
401359961,PHX,3136193,34.0,30.2,27.6
401359961,PHX,3138196,20.0,1.4,-0.8
401359961,PHX,3147657,31.0,7.2,6.1
401359961,PHX,3914044,18.0,10.5,10.4
401359962,LAL,1975,27.0,5.7,4.5
401359962,LAL,2384,15.0,7.3,5.3
401359962,LAL,3026,13.0,0.1,-1.4
401359962,LAL,3442,20.0,7.1,3.4
401359962,LAL,3468,29.0,0.6,-2.3
401359962,LAL,3981,25.0,3.0,2.6
401359962,LAL,4240,23.0,4.3,3.4
401359962,LAL,6583,7.0,0.6,1.0
401359962,LAL,6637,19.0,2.1,2.7
401359962,LAL,4065731,8.0,1.0,0.7
401359962,LAL,4066262,22.0,8.3,5.4
401359962,LAL,4066457,25.0,7.8,6.7
401359962,LAL,4423314,8.0,11.3,8.1
401359962,POR,6606,31.0,17.8,16.1
401359962,POR,2490149,24.0,1.9,1.9
401359962,POR,2490620,32.0,12.9,10.1
401359962,POR,2528353,8.0,0.7,0.7
401359962,POR,2578213,5.0,-0.1,0.3
401359962,POR,2579258,11.0,5.8,5.4
401359962,POR,2580365,17.0,4.6,3.3
401359962,POR,2595516,27.0,7.7,5.5
401359962,POR,3102530,22.0,20.3,12.5
401359962,POR,4065697,12.0,1.3,-2.4
401359962,POR,4351851,23.0,5.9,5.7
401359962,POR,4395652,15.0,8.6,5.7
401359962,POR,4397166,5.0,-1.4,-1.4
401359962,POR,4432161,5.0,-0.2,-0.1
401359963,BKN,2983,18.0,4.8,3.4
401359963,BKN,3015,5.0,0.9,0.7
401359963,BKN,3202,37.0,22.7,21.7
401359963,BKN,3989,28.0,14.5,12.8
401359963,BKN,3992,39.0,24.6,24.7
401359963,BKN,4004,25.0,5.2,5.3
401359963,BKN,2528794,32.0,9.2,9.1
401359963,BKN,3062667,21.0,4.1,3.4
401359963,BKN,3133635,4.0,0.0,0.0
401359963,BKN,4065670,33.0,10.7,7.8
401359963,TOR,2991230,41.0,21.5,18.9
401359963,TOR,3133602,21.0,0.2,0.6
401359963,TOR,3149673,25.0,11.7,9.6
401359963,TOR,3934719,38.0,9.3,8.0
401359963,TOR,3948153,9.0,5.8,4.1
401359963,TOR,4277843,36.0,8.0,7.4
401359963,TOR,4397885,12.0,7.4,7.2
401359963,TOR,4431679,27.0,10.6,7.6
401359963,TOR,4433134,31.0,12.0,7.2
401359964,CLE,4011,31.0,33.4,31.9
401359964,CLE,2999549,1.0,1.7,1.7
401359964,CLE,3893016,31.0,-1.7,-2.4
401359964,CLE,3904625,1.0,0.0,0.0
401359964,CLE,3906786,17.0,6.8,6.4
401359964,CLE,3912848,27.0,4.9,2.6
401359964,CLE,4066328,34.0,18.0,13.9
401359964,CLE,4066405,14.0,1.5,1.7
401359964,CLE,4277811,13.0,6.7,6.8
401359964,CLE,4396907,35.0,10.6,9.1
401359964,CLE,4432158,36.0,27.6,24.5
401359964,NYK,3456,29.0,15.2,13.9
401359964,NYK,6429,22.0,6.4,5.5
401359964,NYK,6588,29.0,10.9,8.3
401359964,NYK,2991280,30.0,8.5,3.1
401359964,NYK,3064514,37.0,15.0,12.4
401359964,NYK,4277922,1.0,0.0,0.0
401359964,NYK,4278075,1.0,0.0,0.0
401359964,NYK,4278355,11.0,8.9,9.5
401359964,NYK,4351852,17.0,14.2,10.6
401359964,NYK,4395625,30.0,-4.7,-4.5
401359964,NYK,4395724,20.0,12.4,11.1
401359964,NYK,4397014,12.0,5.0,4.7
401359964,NYK,4431823,1.0,-0.7,-0.7
401359965,ORL,6619,23.0,-3.3,-3.2
401359965,ORL,2999547,31.0,6.3,6.1
401359965,ORL,3150844,3.0,2.6,2.7
401359965,ORL,4277847,32.0,23.0,19.7
401359965,ORL,4277919,23.0,13.6,8.5
401359965,ORL,4278052,20.0,2.2,1.6
401359965,ORL,4432165,25.0,-0.5,-0.3
401359965,ORL,4432809,32.0,27.7,23.6
401359965,ORL,4566434,32.0,8.4,8.1
401359965,ORL,4590530,20.0,5.6,4.4
401359965,UTA,3593,32.0,8.2,7.6
401359965,UTA,4262,14.0,8.4,7.1
401359965,UTA,2528426,28.0,-0.5,-3.2
401359965,UTA,2583632,34.0,15.1,11.5
401359965,UTA,2968436,34.0,3.2,2.4
401359965,UTA,3032976,34.0,24.9,17.3
401359965,UTA,3133817,16.0,2.7,2.1
401359965,UTA,3908809,33.0,10.6,11.4
401359965,UTA,4065656,15.0,3.9,2.0
401359966,MIL,3438,33.0,-0.1,0.3
401359966,MIL,3995,30.0,8.5,6.7
401359966,MIL,2578239,29.0,4.0,1.2
401359966,MIL,3032977,39.0,23.2,17.5
401359966,MIL,3056602,18.0,5.1,4.8
401359966,MIL,3064482,31.0,13.8,6.4
401359966,MIL,3102533,6.0,0.0,0.0
401359966,MIL,3135045,34.0,17.7,13.4
401359966,MIL,3945566,8.0,-0.8,-0.7
401359966,MIL,4277883,13.0,1.5,1.3
401359966,WAS,6580,37.0,20.8,19.4
401359966,WAS,2580782,26.0,2.4,3.7
401359966,WAS,2581018,26.0,3.4,-0.8
401359966,WAS,2968361,22.0,-1.9,-2.8
401359966,WAS,2991055,26.0,12.6,9.8
401359966,WAS,3134907,30.0,13.1,10.2
401359966,WAS,3922230,11.0,5.5,3.9
401359966,WAS,4278049,22.0,12.6,9.8
401359966,WAS,4280151,12.0,1.3,1.3
401359966,WAS,4683021,27.0,8.1,4.8
401359967,IND,6507,11.0,-0.4,-1.7
401359967,IND,6603,6.0,0.9,0.6
401359967,IND,2284101,28.0,0.9,1.0
401359967,IND,2528693,29.0,1.7,1.4
401359967,IND,2530530,33.0,13.2,11.2
401359967,IND,2991043,31.0,11.0,9.6
401359967,IND,3133596,4.0,-0.7,-0.7
401359967,IND,3133628,35.0,15.5,9.1
401359967,IND,3155942,29.0,13.6,10.5
401359967,IND,4348700,3.0,-1.5,-0.7
401359967,IND,4592402,31.0,9.7,8.0
401359967,SAC,6578,38.0,19.8,16.6
401359967,SAC,6591,21.0,-0.7,-2.1
401359967,SAC,2596107,20.0,7.6,5.1
401359967,SAC,2990984,32.0,12.1,9.0
401359967,SAC,2993370,28.0,9.6,7.7
401359967,SAC,3919454,5.0,-1.8,-1.4
401359967,SAC,4066259,35.0,7.6,4.9
401359967,SAC,4278053,28.0,3.3,2.1
401359967,SAC,4396993,34.0,12.0,9.1
401359968,OKC,4257,12.0,3.6,1.7
401359968,OKC,2490089,14.0,19.2,17.7
401359968,OKC,3133626,20.0,6.5,3.9
401359968,OKC,4065733,14.0,3.8,4.3
401359968,OKC,4278073,36.0,12.2,8.1
401359968,OKC,4397020,35.0,5.1,4.9
401359968,OKC,4423545,32.0,12.9,9.2
401359968,OKC,4432813,24.0,11.0,9.1
401359968,OKC,4683018,18.0,0.8,0.7
401359968,OKC,4683027,7.0,-2.8,-2.8
401359968,OKC,4871145,27.0,2.5,1.4
401359968,SAS,3244,25.0,13.9,11.0
401359968,SAS,2528588,19.0,3.7,4.5
401359968,SAS,2994526,7.0,2.7,2.7
401359968,SAS,3078576,27.0,-1.3,-2.8
401359968,SAS,3136779,7.0,4.8,3.1
401359968,SAS,3907497,35.0,7.7,2.7
401359968,SAS,3914285,22.0,15.6,12.0
401359968,SAS,4277890,27.0,8.4,7.6
401359968,SAS,4395626,8.0,2.6,1.7
401359968,SAS,4395630,25.0,1.6,1.6
401359968,SAS,4395723,38.0,18.6,14.1
401359969,GSW,3975,27.0,16.9,14.8
401359969,GSW,4269,14.0,8.2,8.5
401359969,GSW,6589,22.0,5.9,4.7
401359969,GSW,2594922,18.0,16.4,12.1
401359969,GSW,2595209,23.0,4.4,4.1
401359969,GSW,3059319,30.0,8.0,8.6
401359969,GSW,3134903,20.0,14.0,10.6
401359969,GSW,3137795,5.0,-1.7,-2.0
401359969,GSW,3155535,16.0,4.1,1.9
401359969,GSW,4277956,30.0,19.4,19.2
401359969,GSW,4401416,20.0,4.7,4.7
401359969,GSW,4432171,12.0,1.3,1.3
401359969,GSW,4433247,1.0,0.0,0.0
401359969,HOU,3415,11.0,8.3,8.3
401359969,HOU,2451037,21.0,13.1,10.9
401359969,HOU,3058254,24.0,1.3,-1.4
401359969,HOU,3062744,20.0,8.3,4.8
401359969,HOU,3136777,33.0,15.1,13.9
401359969,HOU,4066450,16.0,3.3,1.9
401359969,HOU,4397140,27.0,7.7,7.8
401359969,HOU,4431828,18.0,5.0,4.4
401359969,HOU,4432168,19.0,2.9,1.7
401359969,HOU,4437244,30.0,-0.2,-0.4
401359969,HOU,4871143,5.0,4.0,2.7
401359969,HOU,4871144,16.0,7.5,6.0
401359970,CHA,4249,36.0,8.5,7.5
401359970,CHA,4305,5.0,0.3,-1.3
401359970,CHA,2488653,25.0,4.0,0.5
401359970,CHA,3074752,33.0,10.4,7.3
401359970,CHA,3133603,28.0,8.9,7.6
401359970,CHA,3138161,30.0,7.4,5.3
401359970,CHA,4066383,37.0,17.0,15.0
401359970,CHA,4066731,1.0,0.0,0.0
401359970,CHA,4278076,13.0,3.3,4.5
401359970,CHA,4431699,1.0,0.0,0.0
401359970,CHA,4431712,1.0,0.0,0.0
401359970,CHA,4432816,32.0,15.3,13.1
401359970,LAC,3416,28.0,15.9,10.4
401359970,LAC,3439,8.0,-3.4,-2.4
401359970,LAC,4238,24.0,3.4,0.7
401359970,LAC,4251,38.0,9.2,6.5
401359970,LAC,6443,36.0,12.0,10.4
401359970,LAC,3135047,4.0,0.3,0.0
401359970,LAC,3907823,34.0,17.5,15.2
401359970,LAC,3913174,28.0,15.3,14.1
401359970,LAC,4017837,28.0,17.4,15.2
401359970,LAC,4222252,11.0,7.9,7.4
401359970,LAC,4432162,1.0,0.0,0.0
401359970,LAC,4432192,1.0,0.0,0.0
401359971,NYK,3456,21.0,2.2,0.3
401359971,NYK,3986,31.0,9.5,8.9
401359971,NYK,6429,21.0,4.0,2.9
401359971,NYK,6479,27.0,7.9,6.4
401359971,NYK,6588,27.0,9.0,7.8
401359971,NYK,2991280,12.0,5.3,6.1
401359971,NYK,3064514,36.0,22.0,18.8
401359971,NYK,4278355,9.0,5.8,4.5
401359971,NYK,4395625,40.0,6.9,4.6
401359971,NYK,4395724,16.0,7.7,8.1
401359971,PHI,3988,30.0,7.8,3.7
401359971,PHI,6585,38.0,19.9,14.2
401359971,PHI,2326307,41.0,10.4,10.5
401359971,PHI,2990969,25.0,6.4,6.9
401359971,PHI,3915195,22.0,2.8,2.9
401359971,PHI,3929325,40.0,12.9,11.0
401359971,PHI,4278562,5.0,3.0,1.4
401359971,PHI,4431678,39.0,12.8,8.9
401359972,BKN,2983,23.0,15.8,12.4
401359972,BKN,3015,7.0,0.3,-0.7
401359972,BKN,3202,35.0,30.5,27.9
401359972,BKN,3989,21.0,2.4,1.3
401359972,BKN,3992,34.0,10.7,7.4
401359972,BKN,4004,21.0,0.5,0.9
401359972,BKN,2528794,34.0,7.4,6.4
401359972,BKN,3062667,17.0,4.2,3.4
401359972,BKN,3133635,9.0,2.0,1.3
401359972,BKN,4065670,31.0,-6.7,-7.6
401359972,BKN,4432174,3.0,-1.7,-1.7
401359972,BKN,4432194,3.0,0.6,-0.3
401359972,CHI,3978,35.0,17.7,17.0
401359972,CHI,6478,33.0,13.5,7.8
401359972,CHI,2596112,29.0,10.4,7.1
401359972,CHI,2991350,24.0,4.8,2.0
401359972,CHI,3059311,2.0,0.3,0.0
401359972,CHI,3064440,33.0,22.2,19.3
401359972,CHI,3936099,17.0,4.0,4.3
401359972,CHI,4065673,15.0,6.2,5.5
401359972,CHI,4066421,30.0,7.1,7.0
401359972,CHI,4278508,2.0,1.7,1.7
401359972,CHI,4397002,20.0,11.9,11.1
401359973,MEM,2991235,19.0,0.9,0.7
401359973,MEM,2993874,29.0,15.7,14.0
401359973,MEM,3134932,12.0,5.2,5.4
401359973,MEM,3135046,20.0,5.0,4.1
401359973,MEM,3906665,24.0,19.7,18.6
401359973,MEM,4066320,41.0,9.9,9.1
401359973,MEM,4066436,32.0,14.9,12.5
401359973,MEM,4277961,32.0,10.6,8.1
401359973,MEM,4277964,15.0,2.5,-0.7
401359973,MEM,4279888,41.0,24.7,22.7
401359973,MIN,3964,29.0,9.6,8.2
401359973,MIN,2990962,6.0,-0.4,-0.7
401359973,MIN,3136195,43.0,18.9,16.2
401359973,MIN,3136776,41.0,23.1,21.5
401359973,MIN,3907822,27.0,0.7,-0.1
401359973,MIN,4065663,19.0,3.7,4.5
401359973,MIN,4278077,11.0,1.2,1.3
401359973,MIN,4396971,14.0,8.9,7.4
401359973,MIN,4431671,31.0,7.4,6.3
401359973,MIN,4594268,43.0,16.2,13.9
401359974,DAL,4376,8.0,3.0,3.4
401359974,DAL,2528210,33.0,17.3,15.5
401359974,DAL,2528779,21.0,12.1,10.5
401359974,DAL,2531367,22.0,8.0,6.9
401359974,DAL,2578185,30.0,4.8,3.3
401359974,DAL,2991282,5.0,0.6,0.0
401359974,DAL,3057187,11.0,-1.3,-2.1
401359974,DAL,3102531,26.0,6.1,4.6
401359974,DAL,3934672,31.0,15.4,13.6
401359974,DAL,3945274,33.0,14.8,13.4
401359974,DAL,4230547,18.0,10.3,7.8
401359974,DAL,4397126,1.0,0.0,0.0
401359974,DAL,4432811,1.0,0.0,0.0
401359974,NOP,4023,35.0,12.4,9.5
401359974,NOP,6477,34.0,17.0,14.6
401359974,NOP,6621,18.0,0.5,-0.7
401359974,NOP,3062679,38.0,18.2,16.9
401359974,NOP,3133601,33.0,10.2,9.2
401359974,NOP,4278039,38.0,8.9,8.0
401359974,NOP,4278594,13.0,-3.2,-4.1
401359974,NOP,4395698,7.0,-1.4,-1.4
401359974,NOP,4397077,14.0,6.8,7.7
401359974,NOP,4397688,11.0,-2.5,-2.4
401359975,DEN,3209,34.0,4.2,5.2
401359975,DEN,6579,35.0,24.3,23.0
401359975,DEN,6617,16.0,3.3,3.1
401359975,DEN,2327577,15.0,8.5,7.3
401359975,DEN,2968334,1.0,0.0,0.0
401359975,DEN,3059310,30.0,12.3,11.2
401359975,DEN,3064290,36.0,5.0,3.7
401359975,DEN,3112335,33.0,31.3,25.8
401359975,DEN,3923250,21.0,1.8,1.2
401359975,DEN,4065805,1.0,0.0,0.0
401359975,DEN,4431690,1.0,1.0,1.0
401359975,DEN,4592492,16.0,3.8,1.6
401359975,MIA,3012,37.0,-4.4,-5.1
401359975,MIA,3033,21.0,4.5,4.1
401359975,MIA,6430,38.0,28.8,26.9
401359975,MIA,6461,21.0,6.3,6.4
401359975,MIA,2580913,14.0,7.5,8.1
401359975,MIA,3074213,3.0,-0.7,-0.7
401359975,MIA,3137259,3.0,1.3,1.0
401359975,MIA,3138160,11.0,0.3,1.3
401359975,MIA,3157465,27.0,7.4,7.7
401359975,MIA,4066261,31.0,6.0,2.8
401359975,MIA,4278521,3.0,0.0,0.0
401359975,MIA,4395725,31.0,8.2,6.3
401359976,ATL,3428,22.0,-1.3,-2.8
401359976,ATL,2488958,13.0,0.6,0.0
401359976,ATL,2534781,5.0,4.0,3.4
401359976,ATL,3037789,31.0,9.6,9.4
401359976,ATL,3064447,16.0,9.5,7.0
401359976,ATL,3102529,23.0,1.4,-0.8
401359976,ATL,3893019,5.0,7.0,6.0
401359976,ATL,3908845,31.0,18.6,16.8
401359976,ATL,4065732,23.0,5.3,4.9
401359976,ATL,4066372,25.0,3.3,4.4
401359976,ATL,4277905,32.0,21.4,20.3
401359976,ATL,4395627,13.0,-1.6,-1.4
401359976,GSW,2386,20.0,5.4,5.1
401359976,GSW,3975,35.0,48.6,42.4
401359976,GSW,4269,13.0,5.2,4.4
401359976,GSW,6589,30.0,7.0,5.3
401359976,GSW,2595209,18.0,10.5,9.5
401359976,GSW,3059319,26.0,8.9,7.0
401359976,GSW,3134903,21.0,0.9,0.4
401359976,GSW,3155535,17.0,6.4,6.1
401359976,GSW,4066786,4.0,-0.8,-0.7
401359976,GSW,4277956,32.0,11.7,9.3
401359976,GSW,4401416,15.0,9.0,7.8
401359976,GSW,4432171,3.0,0.0,0.0
401359976,GSW,4433247,7.0,-1.6,-1.1
401359977,PHX,2779,26.0,15.0,11.5
401359977,PHX,3452,26.0,8.5,5.5
401359977,PHX,6581,28.0,4.4,2.3
401359977,PHX,2579294,22.0,5.9,5.0
401359977,PHX,2595435,12.0,5.0,2.0
401359977,PHX,3064230,22.0,17.7,15.9
401359977,PHX,3136193,32.0,11.2,8.4
401359977,PHX,3138196,21.0,3.6,2.1
401359977,PHX,3147657,35.0,16.4,13.5
401359977,PHX,3914044,16.0,3.9,3.6
401359977,SAC,6578,36.0,20.3,19.3
401359977,SAC,6591,12.0,-0.7,-1.0
401359977,SAC,2596107,11.0,0.0,-0.3
401359977,SAC,2990984,30.0,6.3,4.5
401359977,SAC,2993370,25.0,3.0,1.3
401359977,SAC,3064559,12.0,4.9,3.8
401359977,SAC,3914283,19.0,2.8,-0.3
401359977,SAC,3919454,26.0,8.8,8.7
401359977,SAC,4066259,35.0,15.9,10.8
401359977,SAC,4278053,31.0,6.3,6.4
401359977,SAC,4431688,2.0,0.0,0.0
401359978,CHA,4249,41.0,13.5,12.1
401359978,CHA,2488653,35.0,12.5,11.8
401359978,CHA,3074752,40.0,18.1,18.1
401359978,CHA,3133603,18.0,1.8,3.0
401359978,CHA,3138161,22.0,1.4,0.6
401359978,CHA,4066383,43.0,9.8,6.8
401359978,CHA,4066731,9.0,3.3,3.7
401359978,CHA,4278076,16.0,0.1,-1.0
401359978,CHA,4432816,42.0,26.5,21.7
401359978,LAL,1975,37.0,25.6,23.8
401359978,LAL,2384,15.0,3.9,1.2
401359978,LAL,3026,12.0,4.1,2.5
401359978,LAL,3442,11.0,11.6,10.2
401359978,LAL,3468,41.0,15.5,10.1
401359978,LAL,3981,24.0,7.3,7.4
401359978,LAL,4240,24.0,2.7,3.6
401359978,LAL,6583,44.0,27.0,19.1
401359978,LAL,6637,14.0,-2.2,-2.8
401359978,LAL,4066262,17.0,7.3,6.7
401359978,LAL,4066457,27.0,5.0,5.7
401359979,MIL,3438,32.0,4.9,5.1
401359979,MIL,3995,31.0,6.3,2.0
401359979,MIL,2578239,24.0,5.8,4.3
401359979,MIL,3032977,36.0,24.2,18.7
401359979,MIL,3056602,22.0,14.5,13.0
401359979,MIL,3064482,35.0,17.3,13.5
401359979,MIL,3135045,33.0,21.4,21.2
401359979,MIL,3945566,11.0,-1.8,-2.1
401359979,MIL,4277883,15.0,6.4,6.1
401359979,PHI,3988,29.0,4.8,5.0
401359979,PHI,6585,33.0,19.8,14.7
401359979,PHI,2990969,24.0,14.3,14.4
401359979,PHI,3915195,42.0,14.8,14.8
401359979,PHI,3929325,45.0,-1.8,-2.6
401359979,PHI,4278562,24.0,7.1,2.7
401359979,PHI,4397886,5.0,0.3,-1.4
401359979,PHI,4431678,39.0,24.6,22.5
401359980,ATL,2799,10.0,4.3,3.0
401359980,ATL,3428,7.0,1.9,2.0
401359980,ATL,2488958,22.0,1.4,1.4
401359980,ATL,2534781,11.0,1.2,0.0
401359980,ATL,3064447,11.0,-0.7,-0.7
401359980,ATL,3102529,35.0,15.4,10.6
401359980,ATL,3893019,5.0,-1.1,-1.4
401359980,ATL,3908845,35.0,0.9,1.6
401359980,ATL,4066372,39.0,21.4,19.9
401359980,ATL,4277905,35.0,14.7,14.5
401359980,ATL,4395627,30.0,11.0,9.4
401359980,UTA,3195,29.0,12.2,11.5
401359980,UTA,3593,31.0,9.9,9.6
401359980,UTA,4262,23.0,5.4,4.5
401359980,UTA,2528426,25.0,11.3,9.7
401359980,UTA,2583632,33.0,10.8,10.5
401359980,UTA,2968436,21.0,1.2,0.4
401359980,UTA,3032976,24.0,8.6,3.9
401359980,UTA,3133817,15.0,7.3,5.8
401359980,UTA,3908809,32.0,23.4,20.6
401359980,UTA,4065656,4.0,-1.0,-1.0
401359980,UTA,4066299,1.0,0.0,0.0
401359980,UTA,4066851,1.0,0.0,0.0
401359980,UTA,4395695,1.0,-0.7,-0.7
401359981,LAC,3416,29.0,20.8,18.8
401359981,LAC,3439,6.0,-0.5,-1.4
401359981,LAC,4238,31.0,13.8,11.1
401359981,LAC,4251,33.0,14.8,13.4
401359981,LAC,6443,35.0,16.4,15.2
401359981,LAC,3135047,5.0,0.2,-1.0
401359981,LAC,3907823,33.0,6.1,5.0
401359981,LAC,3913174,27.0,1.3,1.3
401359981,LAC,4017837,24.0,10.8,10.1
401359981,LAC,4222252,17.0,11.6,13.2
401359981,POR,6606,39.0,19.4,18.2
401359981,POR,2490149,34.0,6.8,5.3
401359981,POR,2490620,39.0,5.8,3.4
401359981,POR,2528353,8.0,2.3,2.7
401359981,POR,2579258,13.0,7.5,6.8
401359981,POR,2580365,9.0,5.0,3.7
401359981,POR,2595516,32.0,19.9,19.1
401359981,POR,3102530,27.0,17.4,14.0
401359981,POR,4351851,23.0,2.3,2.3
401359981,POR,4395652,16.0,6.2,3.4
401359982,CLE,4011,28.0,15.1,12.0
401359982,CLE,3893016,29.0,8.9,6.3
401359982,CLE,3906786,13.0,2.9,2.0
401359982,CLE,3912848,28.0,3.9,4.1
401359982,CLE,4066328,38.0,13.2,9.5
401359982,CLE,4066405,15.0,3.6,3.3
401359982,CLE,4396907,36.0,10.3,9.8
401359982,CLE,4432158,26.0,11.9,10.3
401359982,CLE,4432822,28.0,0.3,0.0
401359982,WAS,6580,37.0,4.7,4.9
401359982,WAS,2580782,30.0,10.1,7.8
401359982,WAS,2581018,28.0,3.1,0.5
401359982,WAS,2968361,18.0,4.3,4.5
401359982,WAS,2991055,26.0,25.4,22.4
401359982,WAS,3134907,35.0,15.5,13.1
401359982,WAS,3922230,14.0,2.2,3.1
401359982,WAS,4278049,22.0,6.2,3.4
401359982,WAS,4280151,14.0,6.9,6.4
401359982,WAS,4683021,16.0,1.2,0.0
401359983,BKN,2983,22.0,17.3,14.8
401359983,BKN,3015,19.0,4.1,4.1
401359983,BKN,3202,29.0,22.1,21.0
401359983,BKN,3989,19.0,-2.3,-2.1
401359983,BKN,3992,30.0,18.3,13.7
401359983,BKN,4004,19.0,3.4,2.6
401359983,BKN,2528794,26.0,6.8,6.7
401359983,BKN,3062667,18.0,10.3,11.2
401359983,BKN,3133635,22.0,10.3,8.8
401359983,BKN,4065670,22.0,7.1,3.3
401359983,BKN,4432174,7.0,2.0,1.0
401359983,BKN,4432194,7.0,5.0,2.7
401359983,ORL,6619,20.0,9.7,8.5
401359983,ORL,2999547,19.0,-1.1,-1.4
401359983,ORL,3150844,14.0,1.0,0.9
401359983,ORL,3936298,4.0,-0.7,-0.7
401359983,ORL,4277847,18.0,7.1,6.6
401359983,ORL,4277919,29.0,14.9,11.8
401359983,ORL,4278052,23.0,0.3,0.0
401359983,ORL,4397205,4.0,2.6,2.7
401359983,ORL,4432165,25.0,2.3,2.3
401359983,ORL,4432809,31.0,4.6,-0.4
401359983,ORL,4566434,32.0,9.1,3.4
401359983,ORL,4590530,20.0,7.3,7.4
401359984,BOS,3213,24.0,8.6,5.4
401359984,BOS,2581190,33.0,12.0,9.7
401359984,BOS,2990992,35.0,14.6,10.7
401359984,BOS,3032979,34.0,8.0,7.5
401359984,BOS,4065648,37.0,14.4,11.6
401359984,BOS,4066211,33.0,19.2,15.4
401359984,BOS,4066218,17.0,-0.2,-1.1
401359984,BOS,4066354,1.0,0.0,0.0
401359984,BOS,4396909,7.0,-0.4,-0.7
401359984,BOS,4397008,19.0,2.8,2.6
401359984,TOR,2991230,36.0,14.6,10.4
401359984,TOR,3133602,19.0,7.4,6.4
401359984,TOR,3149673,30.0,5.3,3.1
401359984,TOR,3934719,36.0,9.6,6.7
401359984,TOR,3948153,7.0,-1.8,-2.4
401359984,TOR,4066668,6.0,-1.5,-1.4
401359984,TOR,4277843,35.0,6.7,6.0
401359984,TOR,4397885,14.0,1.0,-0.7
401359984,TOR,4431679,25.0,6.3,2.7
401359984,TOR,4432907,2.0,-0.4,-0.7
401359984,TOR,4433134,32.0,16.4,16.2
401359985,MIL,3438,33.0,10.3,7.5
401359985,MIL,3995,30.0,14.0,12.8
401359985,MIL,2578239,31.0,21.0,19.3
401359985,MIL,2581177,6.0,2.0,2.0
401359985,MIL,3032977,38.0,14.8,10.1
401359985,MIL,3056602,29.0,8.0,8.5
401359985,MIL,3064482,24.0,11.0,11.3
401359985,MIL,3102533,3.0,-1.1,-0.7
401359985,MIL,3135045,28.0,9.1,8.0
401359985,MIL,4277883,18.0,1.2,0.4
401359985,NYK,3456,30.0,24.6,20.3
401359985,NYK,3986,25.0,2.6,-0.3
401359985,NYK,6429,29.0,10.2,9.0
401359985,NYK,6479,18.0,-1.1,-2.1
401359985,NYK,6588,19.0,-1.1,-2.1
401359985,NYK,3064514,27.0,8.4,6.2
401359985,NYK,4278355,21.0,14.4,12.9
401359985,NYK,4351852,23.0,3.3,1.3
401359985,NYK,4395625,21.0,4.6,3.5
401359985,NYK,4395724,27.0,15.1,13.8
401359986,DET,6446,17.0,-0.2,0.4
401359986,DET,2489663,26.0,8.1,6.6
401359986,DET,2991070,35.0,26.1,24.0
401359986,DET,3136196,16.0,4.5,3.7
401359986,DET,4065651,16.0,-2.5,-2.1
401359986,DET,4066297,19.0,11.3,9.2
401359986,DET,4397136,36.0,13.9,12.1
401359986,DET,4432166,30.0,11.8,9.4
401359986,DET,4432810,15.0,6.7,5.5
401359986,DET,4683024,31.0,1.8,3.0
401359986,HOU,3431,30.0,4.5,5.0
401359986,HOU,2451037,27.0,6.1,4.1
401359986,HOU,2991155,19.0,3.5,3.3
401359986,HOU,3058254,37.0,16.6,15.3
401359986,HOU,3062744,12.0,0.4,-1.7
401359986,HOU,3136777,29.0,12.9,10.6
401359986,HOU,4397140,36.0,10.8,8.7
401359986,HOU,4431828,9.0,1.5,0.3
401359986,HOU,4432168,5.0,2.0,2.4
401359986,HOU,4437244,38.0,12.7,12.3
401359987,CHI,3978,37.0,8.2,6.6
401359987,CHI,6478,32.0,16.6,12.9
401359987,CHI,2596112,21.0,5.6,5.8
401359987,CHI,2991350,23.0,18.0,12.2
401359987,CHI,3059311,1.0,-0.7,-0.7
401359987,CHI,3064440,32.0,19.2,18.5
401359987,CHI,3936099,20.0,6.4,6.1
401359987,CHI,4065673,6.0,1.4,0.7
401359987,CHI,4066421,39.0,20.2,18.2
401359987,CHI,4067045,10.0,5.1,4.2
401359987,CHI,4278508,1.0,-0.7,-0.7
401359987,CHI,4397002,19.0,1.2,0.9
401359987,DAL,4376,1.0,-0.7,-0.7
401359987,DAL,2528210,33.0,14.0,14.3
401359987,DAL,2528779,23.0,-4.4,-3.8
401359987,DAL,2531367,22.0,12.4,11.2
401359987,DAL,2578185,29.0,5.9,1.6
401359987,DAL,2579260,2.0,0.0,-1.0
401359987,DAL,2991282,5.0,0.9,1.0
401359987,DAL,3057187,17.0,3.8,3.4
401359987,DAL,3102531,32.0,17.3,16.2
401359987,DAL,3934672,29.0,13.3,11.5
401359987,DAL,3945274,33.0,19.1,12.3
401359987,DAL,4230547,9.0,2.7,2.4
401359987,DAL,4397126,2.0,0.0,0.0
401359987,DAL,4432811,2.0,3.4,3.4
401359988,CHA,4249,38.0,18.3,16.8
401359988,CHA,2488653,27.0,9.1,7.9
401359988,CHA,3074752,27.0,7.9,4.6
401359988,CHA,3133603,31.0,33.3,30.4
401359988,CHA,3138161,20.0,5.9,3.0
401359988,CHA,4066383,32.0,11.5,6.7
401359988,CHA,4066731,22.0,6.1,3.0
401359988,CHA,4278076,10.0,3.3,2.7
401359988,CHA,4432816,32.0,10.0,6.8
401359988,MEM,2991235,28.0,14.0,11.2
401359988,MEM,2993874,25.0,8.6,5.6
401359988,MEM,3134932,18.0,4.9,0.7
401359988,MEM,3135046,11.0,-2.4,-2.7
401359988,MEM,3155526,26.0,15.1,13.5
401359988,MEM,3906665,12.0,3.7,1.7
401359988,MEM,4066320,21.0,-7.7,-5.6
401359988,MEM,4066436,32.0,7.4,2.3
401359988,MEM,4277961,30.0,19.1,16.6
401359988,MEM,4279888,37.0,26.4,22.3
401359989,NOP,4023,29.0,3.7,2.3
401359989,NOP,6477,39.0,22.2,17.7
401359989,NOP,6621,19.0,0.0,-1.1
401359989,NOP,3062679,15.0,1.7,1.0
401359989,NOP,3133601,34.0,12.2,11.6
401359989,NOP,4277813,32.0,3.4,1.7
401359989,NOP,4278039,34.0,29.7,25.7
401359989,NOP,4395698,13.0,-0.2,-2.1
401359989,NOP,4397077,9.0,4.7,3.4
401359989,NOP,4397688,16.0,3.6,3.0
401359989,OKC,4257,21.0,8.5,7.1
401359989,OKC,2490089,13.0,11.7,10.1
401359989,OKC,3133626,21.0,0.5,0.0
401359989,OKC,3929321,2.0,0.3,0.0
401359989,OKC,4065733,3.0,-1.1,-1.4
401359989,OKC,4278073,36.0,14.5,10.8
401359989,OKC,4397020,34.0,21.4,21.1
401359989,OKC,4423545,34.0,9.3,9.4
401359989,OKC,4432813,11.0,2.1,1.7
401359989,OKC,4432819,14.0,2.4,2.0
401359989,OKC,4683018,20.0,1.7,-0.1
401359989,OKC,4871145,31.0,7.9,6.0
401359990,SAC,6474,6.0,4.0,3.8
401359990,SAC,6578,31.0,8.3,5.0
401359990,SAC,6591,23.0,3.9,4.4
401359990,SAC,2596107,15.0,8.6,8.2
401359990,SAC,2990984,34.0,4.3,4.6
401359990,SAC,2993370,19.0,6.4,4.5
401359990,SAC,3064559,8.0,2.3,3.1
401359990,SAC,3914283,21.0,9.4,8.4
401359990,SAC,4066259,35.0,28.1,25.6
401359990,SAC,4278053,26.0,5.8,6.1
401359990,SAC,4431688,22.0,4.2,3.9
401359990,SAS,3244,24.0,20.2,18.3
401359990,SAS,2528588,27.0,12.5,12.0
401359990,SAS,2994526,13.0,10.6,10.4
401359990,SAS,3078576,30.0,4.5,2.1
401359990,SAS,3907497,32.0,22.2,19.6
401359990,SAS,3914285,24.0,16.7,15.1
401359990,SAS,4277890,22.0,10.2,9.6
401359990,SAS,4395626,5.0,-1.4,-1.0
401359990,SAS,4395630,25.0,13.7,12.8
401359990,SAS,4395723,32.0,14.4,8.7
401359990,SAS,4397033,3.0,2.7,2.7
401359990,SAS,4702176,3.0,0.7,0.7
401359991,DEN,3209,28.0,6.5,5.6
401359991,DEN,6579,34.0,24.2,21.2
401359991,DEN,6617,15.0,-0.5,-0.4
401359991,DEN,2327577,22.0,0.3,-1.7
401359991,DEN,2968334,7.0,0.0,0.0
401359991,DEN,3059310,30.0,7.7,6.1
401359991,DEN,3064290,33.0,8.1,7.0
401359991,DEN,3923250,25.0,6.3,5.5
401359991,DEN,4065805,5.0,-2.1,-1.7
401359991,DEN,4431690,20.0,17.0,15.8
401359991,DEN,4592492,22.0,9.5,9.0
401359991,IND,6603,12.0,2.2,1.7
401359991,IND,2284101,35.0,0.9,1.9
401359991,IND,2528693,22.0,3.6,3.0
401359991,IND,2530530,29.0,19.4,18.5
401359991,IND,2566769,35.0,20.3,15.8
401359991,IND,3133596,19.0,1.7,0.3
401359991,IND,3133628,31.0,12.2,8.4
401359991,IND,3155942,33.0,20.0,15.0
401359991,IND,4278031,4.0,-0.5,-0.8
401359991,IND,4592402,21.0,0.7,0.2
401359992,PHX,2779,37.0,17.4,16.6
401359992,PHX,3452,16.0,9.9,10.1
401359992,PHX,6581,31.0,12.6,9.5
401359992,PHX,2579294,32.0,27.1,25.7
401359992,PHX,2595435,11.0,5.0,5.5
401359992,PHX,3064230,16.0,4.9,4.7
401359992,PHX,3136193,37.0,6.3,3.7
401359992,PHX,3138196,22.0,6.6,3.3
401359992,PHX,3147657,39.0,8.6,8.1
401359992,POR,6606,38.0,21.3,19.2
401359992,POR,2490149,40.0,15.0,14.9
401359992,POR,2490620,23.0,5.5,4.4
401359992,POR,2528353,8.0,-0.5,-0.7
401359992,POR,2579258,13.0,2.9,2.1
401359992,POR,2580365,27.0,11.9,11.7
401359992,POR,2595516,29.0,16.1,16.0
401359992,POR,3102530,19.0,4.0,4.5
401359992,POR,4351851,21.0,-0.9,-2.5
401359992,POR,4395652,22.0,7.0,5.1
401359993,GSW,2386,25.0,4.3,1.2
401359993,GSW,3975,34.0,19.1,17.4
401359993,GSW,4269,19.0,8.9,6.7
401359993,GSW,6589,21.0,10.7,7.1
401359993,GSW,2594922,15.0,9.8,9.1
401359993,GSW,3059319,32.0,25.7,24.0
401359993,GSW,3134903,16.0,5.3,4.5
401359993,GSW,3137795,1.0,0.0,0.0
401359993,GSW,3155535,29.0,15.6,13.0
401359993,GSW,4277956,37.0,6.6,5.2
401359993,GSW,4401416,7.0,4.2,2.2
401359993,GSW,4432171,5.0,-0.1,0.0
401359993,MIN,3964,35.0,4.7,5.1
401359993,MIN,3134916,5.0,-0.7,-0.7
401359993,MIN,3136195,38.0,14.2,11.7
401359993,MIN,3136776,34.0,10.6,11.2
401359993,MIN,3907822,22.0,-1.9,-2.4
401359993,MIN,4065663,6.0,-1.4,-1.0
401359993,MIN,4278077,18.0,5.7,3.6
401359993,MIN,4396971,25.0,14.1,13.4
401359993,MIN,4431671,14.0,-1.8,-1.1
401359993,MIN,4594268,42.0,36.0,33.2
401359994,LAL,1975,38.0,6.9,4.9
401359994,LAL,2384,11.0,-2.8,-1.4
401359994,LAL,3442,11.0,0.7,0.3
401359994,LAL,3468,43.0,19.8,16.1
401359994,LAL,3981,22.0,10.4,10.8
401359994,LAL,4240,39.0,12.2,10.4
401359994,LAL,6583,45.0,16.7,13.8
401359994,LAL,6637,22.0,-1.0,-1.4
401359994,LAL,4066262,35.0,21.9,20.6
401359994,MIA,2184,5.0,0.2,1.0
401359994,MIA,3012,47.0,14.7,13.5
401359994,MIA,3033,38.0,11.0,8.9
401359994,MIA,6430,12.0,8.0,6.0
401359994,MIA,2580913,10.0,2.2,2.5
401359994,MIA,3074213,4.0,3.0,2.7
401359994,MIA,3137259,13.0,1.9,1.3
401359994,MIA,3138160,15.0,1.6,1.0
401359994,MIA,3157465,45.0,8.4,4.4
401359994,MIA,4066261,34.0,23.4,17.4
401359994,MIA,4395725,42.0,16.3,15.8
401359995,PHI,3988,18.0,4.9,3.7
401359995,PHI,6440,37.0,11.7,10.1
401359995,PHI,6585,30.0,9.3,4.8
401359995,PHI,2326307,36.0,12.2,9.7
401359995,PHI,2990969,21.0,4.9,4.4
401359995,PHI,3915195,17.0,8.0,8.8
401359995,PHI,3929325,27.0,7.1,6.0
401359995,PHI,4278562,13.0,6.9,4.1
401359995,PHI,4431678,40.0,28.8,26.0
401359995,TOR,2991230,40.0,26.1,24.9
401359995,TOR,3133602,16.0,7.1,4.8
401359995,TOR,3934719,39.0,15.5,14.8
401359995,TOR,3948153,24.0,14.2,11.8
401359995,TOR,4277843,36.0,15.1,12.4
401359995,TOR,4397885,16.0,2.1,2.4
401359995,TOR,4431679,30.0,5.4,-0.1
401359995,TOR,4433134,39.0,13.8,11.3
401359996,IND,6603,10.0,4.3,3.0
401359996,IND,2284101,29.0,2.9,1.9
401359996,IND,2528693,15.0,1.3,0.7
401359996,IND,2530530,30.0,22.3,21.2
401359996,IND,2566769,37.0,23.4,21.4
401359996,IND,3133596,20.0,8.7,9.0
401359996,IND,3133628,30.0,15.7,10.9
401359996,IND,3155942,31.0,3.1,2.6
401359996,IND,4348700,6.0,1.7,0.7
401359996,IND,4592402,31.0,2.1,1.4
401359996,UTA,3195,27.0,7.5,6.5
401359996,UTA,3593,31.0,0.7,0.1
401359996,UTA,4262,16.0,7.1,5.9
401359996,UTA,2528426,24.0,3.3,3.5
401359996,UTA,2583632,32.0,-1.3,-2.5
401359996,UTA,2968436,26.0,5.6,4.8
401359996,UTA,3032976,31.0,15.6,12.7
401359996,UTA,3133817,12.0,9.5,9.2
401359996,UTA,3908809,33.0,22.5,19.2
401359996,UTA,4065656,3.0,0.0,0.0
401359996,UTA,4066299,1.0,0.0,0.0
401359996,UTA,4066446,1.0,0.0,0.0
401359996,UTA,4066851,1.0,1.0,0.7
401359996,UTA,4395695,1.0,1.7,1.7
401359997,LAC,3416,37.0,9.6,4.1
401359997,LAC,4238,40.0,17.1,14.5
401359997,LAC,4251,38.0,19.0,15.8
401359997,LAC,6443,31.0,13.2,13.0
401359997,LAC,3135047,3.0,0.3,-1.0
401359997,LAC,3907823,18.0,-1.8,-1.7
401359997,LAC,3913174,27.0,11.3,7.7
401359997,LAC,4017837,29.0,18.0,15.8
401359997,LAC,4222252,18.0,5.9,4.8
401359997,MIA,3012,38.0,17.9,16.2
401359997,MIA,3033,27.0,4.8,4.2
401359997,MIA,2580913,8.0,2.9,2.7
401359997,MIA,3137259,23.0,3.6,3.8
401359997,MIA,3138160,21.0,6.3,4.4
401359997,MIA,3157465,27.0,4.1,1.9
401359997,MIA,4065778,17.0,1.8,-0.1
401359997,MIA,4066261,40.0,24.8,22.2
401359997,MIA,4395725,39.0,14.1,12.0
401359998,CHA,4249,38.0,20.0,17.6
401359998,CHA,4305,1.0,0.0,0.0
401359998,CHA,2488653,29.0,8.5,7.2
401359998,CHA,3074752,32.0,14.0,13.5
401359998,CHA,3133603,27.0,2.3,2.5
401359998,CHA,3138161,16.0,-1.9,-3.8
401359998,CHA,4066383,37.0,18.3,15.9
401359998,CHA,4066731,11.0,2.8,2.9
401359998,CHA,4278076,11.0,3.9,4.4
401359998,CHA,4432816,37.0,16.8,7.1
401359998,NYK,3456,17.0,5.7,5.4
401359998,NYK,3986,22.0,-2.1,-2.4
401359998,NYK,6429,25.0,14.7,11.5
401359998,NYK,6479,31.0,18.1,16.0
401359998,NYK,6588,27.0,3.1,1.0
401359998,NYK,3064514,33.0,0.6,-0.9
401359998,NYK,4278355,15.0,5.5,4.0
401359998,NYK,4351852,23.0,10.6,9.8
401359998,NYK,4395625,26.0,-3.8,-4.9
401359998,NYK,4395724,21.0,6.6,5.7
401359999,BOS,3213,30.0,8.3,5.1
401359999,BOS,2581190,28.0,7.1,5.7
401359999,BOS,2990992,42.0,20.9,18.3
401359999,BOS,3032979,41.0,24.2,22.3
401359999,BOS,4065648,42.0,15.5,11.8
401359999,BOS,4066211,41.0,16.7,13.8
401359999,BOS,4066218,16.0,4.0,3.4
401359999,BOS,4396909,6.0,3.0,2.7
401359999,BOS,4397008,19.0,-0.1,0.3
401359999,MIL,3438,38.0,10.1,9.4
401359999,MIL,3995,41.0,12.8,8.7
401359999,MIL,2578239,35.0,12.1,9.8
401359999,MIL,2581177,12.0,2.6,2.0
401359999,MIL,3056602,31.0,5.3,3.8
401359999,MIL,3064482,41.0,15.1,15.2
401359999,MIL,3102533,12.0,6.1,6.5
401359999,MIL,3135045,35.0,11.8,11.5
401359999,MIL,4277883,20.0,8.4,7.8
401360000,CLE,4011,27.0,8.1,2.8
401360000,CLE,4259,4.0,-2.4,-2.0
401360000,CLE,2583962,4.0,3.0,3.4
401360000,CLE,2999549,4.0,2.3,1.3
401360000,CLE,3893016,23.0,11.2,10.4
401360000,CLE,3904625,4.0,2.0,1.7
401360000,CLE,3906786,22.0,9.1,7.2
401360000,CLE,3912848,30.0,2.9,2.7
401360000,CLE,4066328,29.0,8.2,6.5
401360000,CLE,4066405,1.0,0.0,0.0
401360000,CLE,4396907,35.0,19.1,17.3
401360000,CLE,4432158,35.0,15.2,9.0
401360000,CLE,4432822,23.0,3.2,0.2
401360000,DET,6446,20.0,7.9,6.6
401360000,DET,2488826,6.0,3.3,3.0
401360000,DET,2991070,25.0,10.8,8.3
401360000,DET,3136196,15.0,-2.6,-2.7
401360000,DET,4065651,23.0,8.5,8.0
401360000,DET,4066297,21.0,4.8,3.6
401360000,DET,4277951,14.0,6.4,5.1
401360000,DET,4397136,32.0,-2.1,-3.9
401360000,DET,4432166,31.0,2.9,0.8
401360000,DET,4432810,24.0,0.6,-1.4
401360000,DET,4683024,28.0,9.8,2.7
401360001,HOU,3415,5.0,-0.7,-0.7
401360001,HOU,3431,33.0,7.3,3.8
401360001,HOU,2451037,29.0,6.0,5.4
401360001,HOU,2991155,16.0,2.7,1.2
401360001,HOU,3058254,37.0,5.0,0.8
401360001,HOU,3136777,25.0,8.5,8.0
401360001,HOU,4397140,29.0,12.2,13.3
401360001,HOU,4431828,15.0,6.0,4.7
401360001,HOU,4432168,2.0,0.3,0.0
401360001,HOU,4437244,31.0,0.7,-0.7
401360001,HOU,4871144,19.0,9.5,8.7
401360001,POR,6606,38.0,15.8,13.7
401360001,POR,2490149,39.0,12.2,9.3
401360001,POR,2490620,22.0,3.3,1.9
401360001,POR,2528353,11.0,1.7,3.4
401360001,POR,2579258,9.0,6.2,7.0
401360001,POR,2580365,20.0,7.1,6.3
401360001,POR,2595516,25.0,1.9,1.2
401360001,POR,3102530,29.0,15.1,10.8
401360001,POR,4351851,19.0,0.2,1.0
401360001,POR,4395652,28.0,14.5,9.1
401360002,MEM,2991235,22.0,5.7,4.3
401360002,MEM,2993874,18.0,3.9,2.0
401360002,MEM,3134932,24.0,4.3,2.5
401360002,MEM,3135046,15.0,5.7,5.1
401360002,MEM,3906665,19.0,9.5,8.2
401360002,MEM,4066320,24.0,5.6,2.9
401360002,MEM,4066436,17.0,-3.5,-3.4
401360002,MEM,4066757,8.0,2.2,2.0
401360002,MEM,4277961,26.0,8.9,7.5
401360002,MEM,4277964,8.0,1.6,0.7
401360002,MEM,4278116,3.0,0.0,0.0
401360002,MEM,4279888,32.0,19.9,15.4
401360002,MEM,4433137,19.0,-1.3,-1.1
401360002,MEM,4593125,5.0,0.3,0.3
401360002,PHX,2779,28.0,20.8,15.4
401360002,PHX,3452,15.0,7.4,6.8
401360002,PHX,6581,25.0,13.5,11.4
401360002,PHX,2579294,27.0,9.6,6.1
401360002,PHX,2595435,18.0,10.5,7.8
401360002,PHX,3064230,20.0,4.4,2.9
401360002,PHX,3136193,26.0,10.9,10.5
401360002,PHX,3138196,23.0,9.1,7.4
401360002,PHX,3147657,29.0,10.8,9.8
401360002,PHX,3914044,23.0,5.8,4.6
401360002,PHX,4397189,5.0,-0.8,-0.7
401360003,BKN,2983,22.0,6.4,3.6
401360003,BKN,3015,6.0,0.9,1.7
401360003,BKN,3202,38.0,25.8,23.7
401360003,BKN,3989,26.0,5.6,3.9
401360003,BKN,3992,38.0,33.6,31.6
401360003,BKN,4004,25.0,-4.3,-4.1
401360003,BKN,2528794,37.0,20.2,19.2
401360003,BKN,3062667,15.0,-0.1,-1.0
401360003,BKN,3133635,11.0,4.0,4.0
401360003,BKN,4065670,22.0,7.8,5.4
401360003,NOP,4023,36.0,14.1,11.7
401360003,NOP,6477,30.0,18.0,16.5
401360003,NOP,6621,16.0,5.0,4.5
401360003,NOP,3062679,38.0,10.8,9.5
401360003,NOP,3133601,31.0,9.9,7.8
401360003,NOP,4277813,23.0,5.9,5.1
401360003,NOP,4278039,25.0,4.6,6.3
401360003,NOP,4395698,5.0,2.4,2.4
401360003,NOP,4397077,18.0,7.0,7.1
401360003,NOP,4397688,18.0,8.7,7.1
401360004,OKC,4257,14.0,4.3,3.7
401360004,OKC,2490089,12.0,5.6,5.0
401360004,OKC,3133626,18.0,8.8,7.4
401360004,OKC,4065733,6.0,-0.1,0.3
401360004,OKC,4278073,35.0,7.5,6.9
401360004,OKC,4397020,33.0,16.5,14.4
401360004,OKC,4423545,33.0,14.6,11.8
401360004,OKC,4432813,29.0,4.6,-0.4
401360004,OKC,4432819,19.0,7.1,7.4
401360004,OKC,4683018,16.0,1.9,-0.4
401360004,OKC,4871145,25.0,6.2,5.1
401360004,SAC,6474,16.0,4.7,3.1
401360004,SAC,6578,34.0,13.7,12.6
401360004,SAC,6591,8.0,-0.4,-1.4
401360004,SAC,2990984,25.0,9.6,10.1
401360004,SAC,2993370,32.0,18.9,12.0
401360004,SAC,3914283,24.0,8.4,6.5
401360004,SAC,3919454,9.0,-0.5,-1.8
401360004,SAC,4066259,35.0,8.8,9.3
401360004,SAC,4278053,21.0,4.6,3.0
401360004,SAC,4396993,35.0,7.5,5.4
401360005,DAL,2528210,31.0,0.5,-0.9
401360005,DAL,2528779,21.0,4.7,2.6
401360005,DAL,2531367,16.0,9.1,8.6
401360005,DAL,2578185,34.0,18.0,13.9
401360005,DAL,2991282,10.0,1.6,0.7
401360005,DAL,3057187,14.0,5.9,2.7
401360005,DAL,3102531,34.0,24.2,21.4
401360005,DAL,3934672,27.0,11.6,12.4
401360005,DAL,3945274,36.0,32.0,27.2
401360005,DAL,4230547,17.0,2.5,3.4
401360005,SAS,3244,24.0,8.2,8.1
401360005,SAS,2528588,24.0,12.4,12.2
401360005,SAS,2994526,17.0,2.6,0.4
401360005,SAS,3078576,22.0,3.3,3.8
401360005,SAS,3907497,31.0,8.5,7.4
401360005,SAS,3914285,24.0,11.6,12.2
401360005,SAS,4277890,24.0,7.6,4.5
401360005,SAS,4395626,14.0,4.3,4.1
401360005,SAS,4395630,30.0,15.2,14.0
401360005,SAS,4395723,29.0,10.3,7.6
401360006,ATL,3428,17.0,0.1,-1.1
401360006,ATL,2534781,2.0,2.0,1.7
401360006,ATL,3037789,30.0,5.2,4.7
401360006,ATL,3064447,16.0,2.3,0.7
401360006,ATL,3102529,32.0,12.6,11.4
401360006,ATL,3908845,39.0,19.4,17.7
401360006,ATL,4065732,21.0,-2.8,-1.8
401360006,ATL,4066372,30.0,1.4,0.3
401360006,ATL,4277905,32.0,24.6,24.0
401360006,ATL,4395627,19.0,3.0,1.9
401360006,DEN,3209,31.0,17.3,14.5
401360006,DEN,6579,35.0,-0.1,-1.2
401360006,DEN,6617,17.0,-3.2,-3.1
401360006,DEN,2327577,13.0,0.5,0.2
401360006,DEN,3059310,31.0,4.2,3.0
401360006,DEN,3064290,34.0,24.8,20.6
401360006,DEN,3112335,35.0,21.1,17.9
401360006,DEN,3923250,23.0,8.6,8.8
401360006,DEN,4592492,21.0,13.8,13.5
401360007,CHI,3978,36.0,12.4,12.3
401360007,CHI,2596112,16.0,-1.5,-1.5
401360007,CHI,2991350,25.0,4.1,3.8
401360007,CHI,3059311,4.0,1.7,1.0
401360007,CHI,3064440,34.0,9.7,7.7
401360007,CHI,3936099,21.0,11.0,9.2
401360007,CHI,4065673,14.0,2.1,1.3
401360007,CHI,4066367,12.0,5.3,5.1
401360007,CHI,4066421,37.0,3.8,-1.8
401360007,CHI,4067045,21.0,7.9,5.7
401360007,CHI,4278508,4.0,3.4,3.4
401360007,CHI,4397002,16.0,0.9,1.3
401360007,GSW,2386,18.0,10.5,8.5
401360007,GSW,3975,34.0,29.2,26.7
401360007,GSW,4269,16.0,4.6,3.4
401360007,GSW,6589,28.0,12.2,10.0
401360007,GSW,2594922,15.0,5.7,3.4
401360007,GSW,3059319,29.0,11.7,8.2
401360007,GSW,3134903,21.0,9.1,6.4
401360007,GSW,3155535,20.0,5.8,3.7
401360007,GSW,4277956,32.0,7.5,5.0
401360007,GSW,4401416,4.0,1.6,0.0
401360007,GSW,4432171,6.0,0.9,1.0
401360007,GSW,4433247,16.0,5.2,6.1
401360008,LAL,1975,24.0,-1.5,-5.3
401360008,LAL,2384,23.0,10.8,6.8
401360008,LAL,3026,24.0,9.6,6.6
401360008,LAL,3468,31.0,12.5,11.4
401360008,LAL,3981,28.0,-0.6,0.2
401360008,LAL,4240,27.0,2.9,2.3
401360008,LAL,6583,31.0,21.0,15.7
401360008,LAL,6637,16.0,-1.9,-2.1
401360008,LAL,4066262,29.0,2.0,-0.7
401360008,LAL,4423314,8.0,3.3,1.3
401360008,MIN,3964,24.0,13.7,11.6
401360008,MIN,2982268,4.0,-1.7,-1.7
401360008,MIN,2990962,6.0,1.0,0.7
401360008,MIN,3134916,6.0,1.7,1.4
401360008,MIN,3136195,30.0,27.3,24.3
401360008,MIN,3136776,34.0,14.1,12.4
401360008,MIN,3907822,25.0,-1.6,-1.8
401360008,MIN,4065663,14.0,2.3,2.0
401360008,MIN,4067325,2.0,0.6,1.0
401360008,MIN,4278077,18.0,8.5,4.1
401360008,MIN,4278541,4.0,4.0,1.0
401360008,MIN,4396971,19.0,9.6,8.8
401360008,MIN,4431671,21.0,4.7,5.4
401360008,MIN,4594268,32.0,-0.3,-1.4
401360008,MIN,4683025,2.0,0.3,0.0
401360009,MIA,3012,35.0,14.8,12.2
401360009,MIA,3033,33.0,13.0,12.4
401360009,MIA,2580913,11.0,4.4,4.5
401360009,MIA,3137259,15.0,-0.6,-0.3
401360009,MIA,3138160,15.0,1.8,1.5
401360009,MIA,3157465,34.0,17.4,17.2
401360009,MIA,4065778,23.0,2.8,1.0
401360009,MIA,4066261,37.0,14.2,12.9
401360009,MIA,4395725,37.0,14.5,12.3
401360009,UTA,3195,27.0,6.8,6.5
401360009,UTA,3593,28.0,16.0,16.4
401360009,UTA,4262,13.0,0.6,-0.1
401360009,UTA,2528426,32.0,16.5,14.4
401360009,UTA,2583632,35.0,8.8,5.8
401360009,UTA,2968436,23.0,0.4,0.9
401360009,UTA,3032976,35.0,17.8,12.5
401360009,UTA,3133817,9.0,-3.2,-2.8
401360009,UTA,3908809,37.0,16.1,11.6
401360010,IND,2284101,28.0,21.6,22.2
401360010,IND,2528693,11.0,-0.5,-0.3
401360010,IND,2530530,22.0,8.5,7.6
401360010,IND,2566769,37.0,11.3,8.7
401360010,IND,2991043,25.0,6.2,5.7
401360010,IND,3133596,25.0,12.3,9.8
401360010,IND,3133628,35.0,17.6,12.4
401360010,IND,3155942,30.0,20.0,18.8
401360010,IND,4592402,27.0,8.0,5.5
401360010,PHI,3988,22.0,14.6,12.5
401360010,PHI,6440,35.0,22.0,19.7
401360010,PHI,6585,31.0,12.3,9.0
401360010,PHI,2326307,33.0,7.5,7.1
401360010,PHI,2990969,26.0,5.1,1.3
401360010,PHI,3915195,22.0,-0.1,1.2
401360010,PHI,3929325,18.0,6.9,4.3
401360010,PHI,4278562,7.0,-0.4,-1.0
401360010,PHI,4397886,4.0,0.6,0.7
401360010,PHI,4431678,43.0,17.6,19.3
401360011,ORL,6619,31.0,4.7,4.4
401360011,ORL,2999547,14.0,-0.5,0.3
401360011,ORL,3150844,1.0,0.3,0.0
401360011,ORL,4277847,32.0,15.8,12.8
401360011,ORL,4277919,26.0,14.4,8.8
401360011,ORL,4278052,19.0,1.8,1.6
401360011,ORL,4432165,24.0,3.7,2.4
401360011,ORL,4432809,34.0,14.7,13.6
401360011,ORL,4566434,35.0,3.2,1.8
401360011,ORL,4590530,24.0,5.7,4.6
401360011,WAS,2580782,31.0,18.4,16.3
401360011,WAS,2581018,32.0,3.7,1.5
401360011,WAS,2581184,10.0,3.1,3.1
401360011,WAS,2968361,17.0,6.0,5.9
401360011,WAS,2991055,21.0,21.2,19.4
401360011,WAS,3134907,35.0,11.5,6.5
401360011,WAS,3922230,35.0,9.6,7.5
401360011,WAS,4278049,27.0,4.0,4.4
401360011,WAS,4280151,16.0,0.3,0.0
401360011,WAS,4683021,18.0,10.0,6.8
401360012,MEM,2991235,37.0,19.6,15.2
401360012,MEM,2993874,24.0,11.3,10.8
401360012,MEM,3135046,11.0,-3.8,-4.1
401360012,MEM,3155526,31.0,11.7,12.0
401360012,MEM,3906665,12.0,3.6,2.1
401360012,MEM,4066320,31.0,9.1,10.1
401360012,MEM,4066436,19.0,1.9,1.3
401360012,MEM,4277961,22.0,0.9,-1.6
401360012,MEM,4279888,37.0,23.8,20.7
401360012,MEM,4433137,17.0,0.1,1.3
401360012,NOP,4023,17.0,0.0,0.9
401360012,NOP,6477,34.0,14.7,11.6
401360012,NOP,6621,18.0,7.0,6.8
401360012,NOP,3062679,33.0,10.3,10.0
401360012,NOP,3133601,30.0,10.3,8.8
401360012,NOP,3913176,29.0,9.1,8.7
401360012,NOP,4277813,29.0,14.3,13.1
401360012,NOP,4278039,26.0,17.2,14.3
401360012,NOP,4397077,14.0,2.9,2.7
401360012,NOP,4397688,10.0,6.9,6.7
401360013,DET,6446,18.0,6.4,4.8
401360013,DET,2991070,36.0,19.3,19.6
401360013,DET,3136196,17.0,7.9,7.4
401360013,DET,4065651,15.0,8.7,9.9
401360013,DET,4066297,25.0,9.5,9.1
401360013,DET,4397136,31.0,17.4,13.7
401360013,DET,4432166,33.0,7.8,7.1
401360013,DET,4432810,32.0,19.2,17.7
401360013,DET,4683024,32.0,15.7,15.1
401360013,TOR,3423,28.0,15.6,13.5
401360013,TOR,2578240,16.0,4.1,4.3
401360013,TOR,3133602,12.0,5.2,4.7
401360013,TOR,3149673,35.0,25.1,25.0
401360013,TOR,3934719,38.0,6.3,5.6
401360013,TOR,3948153,12.0,-0.6,-0.1
401360013,TOR,4066668,4.0,1.5,1.9
401360013,TOR,4277843,38.0,18.9,16.1
401360013,TOR,4397885,19.0,8.9,8.8
401360013,TOR,4433134,38.0,7.4,5.7
401360014,BOS,2990992,34.0,7.9,2.1
401360014,BOS,3032979,35.0,17.6,16.8
401360014,BOS,3056600,14.0,1.7,1.0
401360014,BOS,4017839,5.0,0.5,1.3
401360014,BOS,4065648,35.0,4.6,3.8
401360014,BOS,4066211,34.0,20.7,15.1
401360014,BOS,4066218,27.0,8.2,7.8
401360014,BOS,4066354,15.0,-3.5,-3.4
401360014,BOS,4396909,11.0,1.8,2.0
401360014,BOS,4397008,29.0,3.5,2.7
401360014,CLE,4011,33.0,10.9,10.3
401360014,CLE,2999549,23.0,0.8,1.2
401360014,CLE,3893016,29.0,6.7,3.9
401360014,CLE,3906786,12.0,0.3,0.3
401360014,CLE,3912848,22.0,2.9,2.0
401360014,CLE,4066328,28.0,12.2,9.2
401360014,CLE,4396907,36.0,17.3,16.2
401360014,CLE,4432158,40.0,20.6,14.5
401360014,CLE,4432822,18.0,-4.8,-4.9
401360015,LAC,3416,19.0,5.2,3.0
401360015,LAC,4238,26.0,15.1,12.3
401360015,LAC,4251,27.0,16.2,14.6
401360015,LAC,6443,27.0,15.0,15.2
401360015,LAC,3135047,21.0,7.8,4.1
401360015,LAC,3907823,30.0,14.3,14.6
401360015,LAC,3913174,26.0,7.3,6.7
401360015,LAC,4017837,23.0,10.5,8.2
401360015,LAC,4066387,8.0,2.5,2.3
401360015,LAC,4222252,25.0,13.5,8.8
401360015,LAC,4683023,9.0,9.5,8.5
401360015,MIN,3964,23.0,2.5,2.0
401360015,MIN,2982268,5.0,1.2,1.3
401360015,MIN,2990962,7.0,2.0,1.7
401360015,MIN,3136195,31.0,9.0,4.6
401360015,MIN,3136776,30.0,14.1,11.8
401360015,MIN,3907822,24.0,4.4,3.2
401360015,MIN,4065663,13.0,4.1,3.4
401360015,MIN,4278077,14.0,4.9,3.8
401360015,MIN,4278541,5.0,5.8,4.8
401360015,MIN,4396971,14.0,4.1,4.3
401360015,MIN,4431671,32.0,11.0,9.6
401360015,MIN,4594268,34.0,11.0,9.0
401360015,MIN,4683025,5.0,1.3,1.0
401360016,LAL,1975,30.0,10.6,10.7
401360016,LAL,2384,10.0,2.9,2.3
401360016,LAL,3026,20.0,3.1,2.5
401360016,LAL,3468,34.0,10.3,6.5
401360016,LAL,3981,30.0,13.4,11.8
401360016,LAL,4240,23.0,0.1,-1.4
401360016,LAL,6583,40.0,33.8,29.1
401360016,LAL,4066262,27.0,12.6,13.2
401360016,LAL,4396991,27.0,10.8,8.7
401360016,SAS,3244,26.0,14.1,12.8
401360016,SAS,2528588,29.0,4.2,3.6
401360016,SAS,2994526,5.0,-1.7,-1.7
401360016,SAS,3078576,29.0,7.8,6.1
401360016,SAS,3136779,3.0,-0.7,-0.7
401360016,SAS,3907497,38.0,21.5,15.5
401360016,SAS,3914285,22.0,3.7,4.6
401360016,SAS,4277890,19.0,3.9,1.3
401360016,SAS,4395630,30.0,14.3,12.7
401360016,SAS,4395723,39.0,15.4,15.1
401360017,ATL,2799,14.0,5.9,5.7
401360017,ATL,3428,26.0,6.1,6.0
401360017,ATL,2488958,1.0,0.0,0.0
401360017,ATL,2534781,4.0,3.0,2.7
401360017,ATL,3037789,30.0,3.5,2.3
401360017,ATL,3064447,13.0,5.4,4.1
401360017,ATL,3102529,32.0,11.7,7.9
401360017,ATL,3893019,2.0,1.0,0.0
401360017,ATL,3908845,31.0,12.7,12.0
401360017,ATL,4066269,2.0,-1.4,-1.0
401360017,ATL,4066372,33.0,6.3,6.4
401360017,ATL,4277905,32.0,35.2,33.6
401360017,ATL,4395627,17.0,3.2,3.3
401360017,ATL,4432173,2.0,1.7,1.7
401360017,ATL,4701230,2.0,-1.1,-1.4
401360017,MIL,3995,35.0,14.1,11.9
401360017,MIL,2578239,32.0,11.6,9.1
401360017,MIL,2581177,17.0,2.6,2.0
401360017,MIL,3032977,34.0,15.7,14.8
401360017,MIL,3056602,22.0,0.8,-0.4
401360017,MIL,3064482,32.0,8.9,7.1
401360017,MIL,3102533,5.0,0.6,0.6
401360017,MIL,3135045,31.0,13.3,12.5
401360017,MIL,3945566,10.0,2.0,1.0
401360017,MIL,4277883,22.0,4.1,4.0
401360018,CHA,4249,31.0,6.9,6.0
401360018,CHA,4305,3.0,-1.4,-1.7
401360018,CHA,2488653,29.0,6.9,6.5
401360018,CHA,3074752,32.0,13.7,11.7
401360018,CHA,3133603,16.0,6.0,5.0
401360018,CHA,3138161,28.0,13.0,10.4
401360018,CHA,4066383,42.0,17.3,15.8
401360018,CHA,4066731,21.0,3.7,2.0
401360018,CHA,4432816,38.0,14.9,11.8
401360018,GSW,2386,25.0,0.2,0.4
401360018,GSW,3975,36.0,20.5,16.1
401360018,GSW,4269,10.0,-1.2,-2.1
401360018,GSW,6589,32.0,11.3,9.3
401360018,GSW,2594922,16.0,0.2,-1.7
401360018,GSW,2595209,15.0,-0.8,-1.1
401360018,GSW,3059319,32.0,21.5,20.1
401360018,GSW,3134903,15.0,7.3,5.0
401360018,GSW,3155535,20.0,7.1,6.4
401360018,GSW,4277956,29.0,6.6,5.3
401360018,GSW,4433247,10.0,10.2,7.7
401360019,HOU,3431,22.0,10.3,8.1
401360019,HOU,2451037,18.0,4.2,4.3
401360019,HOU,2991155,20.0,0.6,0.3
401360019,HOU,3058254,27.0,9.7,8.7
401360019,HOU,3062744,6.0,1.7,1.4
401360019,HOU,3136777,21.0,1.9,0.7
401360019,HOU,4066450,7.0,-1.1,-1.7
401360019,HOU,4397140,32.0,5.5,2.4
401360019,HOU,4431828,17.0,5.3,3.7
401360019,HOU,4432168,15.0,2.3,0.8
401360019,HOU,4437244,29.0,1.9,1.9
401360019,HOU,4871143,5.0,-1.5,-2.1
401360019,HOU,4871144,22.0,11.5,9.2
401360019,PHX,2779,30.0,17.6,10.5
401360019,PHX,3452,25.0,22.0,18.8
401360019,PHX,6581,24.0,2.3,-0.4
401360019,PHX,2579294,23.0,6.7,5.3
401360019,PHX,2595435,13.0,-1.5,-1.1
401360019,PHX,3064230,19.0,8.6,8.1
401360019,PHX,3136193,32.0,21.2,17.7
401360019,PHX,3138196,27.0,10.4,6.6
401360019,PHX,3147657,31.0,9.1,7.3
401360019,PHX,3914044,18.0,3.3,1.6
401360020,BKN,2983,22.0,13.5,11.1
401360020,BKN,3202,34.0,29.1,26.1
401360020,BKN,3989,23.0,5.3,4.8
401360020,BKN,3992,36.0,16.8,12.7
401360020,BKN,3999,8.0,0.7,0.4
401360020,BKN,4004,31.0,22.3,21.5
401360020,BKN,2528794,14.0,3.6,2.7
401360020,BKN,3062667,19.0,3.2,2.8
401360020,BKN,3133635,22.0,3.6,3.3
401360020,BKN,4065670,28.0,6.0,4.8
401360020,BKN,4432174,3.0,3.3,2.0
401360020,OKC,4257,14.0,0.8,0.3
401360020,OKC,3133626,22.0,6.6,5.7
401360020,OKC,4065733,16.0,7.1,7.3
401360020,OKC,4066392,12.0,5.0,4.4
401360020,OKC,4278073,30.0,17.2,14.8
401360020,OKC,4397020,27.0,14.4,14.5
401360020,OKC,4397183,21.0,5.3,2.4
401360020,OKC,4423545,26.0,-2.7,-3.2
401360020,OKC,4432813,22.0,5.5,4.5
401360020,OKC,4432819,5.0,1.7,1.7
401360020,OKC,4683018,20.0,3.8,2.3
401360020,OKC,4871145,25.0,1.1,-0.7
401360021,DEN,3209,24.0,5.6,4.0
401360021,DEN,6617,22.0,-1.0,-2.1
401360021,DEN,2327577,18.0,10.6,10.5
401360021,DEN,2968334,22.0,9.1,8.2
401360021,DEN,3059310,24.0,16.9,12.2
401360021,DEN,3064290,29.0,7.0,6.7
401360021,DEN,3112335,28.0,26.5,25.2
401360021,DEN,3923250,22.0,14.0,12.9
401360021,DEN,4065805,5.0,-0.7,-0.7
401360021,DEN,4397102,6.0,1.7,1.4
401360021,DEN,4431690,18.0,6.3,4.9
401360021,DEN,4592492,23.0,18.3,16.5
401360021,POR,2490149,30.0,14.7,12.7
401360021,POR,2490620,19.0,1.0,-0.4
401360021,POR,2528353,12.0,0.6,-0.7
401360021,POR,2578213,7.0,3.3,3.7
401360021,POR,2579258,8.0,6.0,6.5
401360021,POR,2580365,20.0,5.7,4.7
401360021,POR,2595516,29.0,6.5,6.7
401360021,POR,3102530,21.0,1.0,-0.0
401360021,POR,4065697,23.0,6.0,3.8
401360021,POR,4351851,28.0,14.7,13.2
401360021,POR,4395652,29.0,11.0,7.3
401360021,POR,4397166,7.0,1.9,1.7
401360021,POR,4431675,7.0,2.4,2.4
401360022,CHI,3978,38.0,31.0,30.4
401360022,CHI,2596112,22.0,8.1,7.8
401360022,CHI,2991350,39.0,8.6,4.7
401360022,CHI,3064440,38.0,13.9,11.9
401360022,CHI,3936099,18.0,0.9,-0.3
401360022,CHI,4065673,24.0,1.7,-0.0
401360022,CHI,4066421,34.0,5.2,2.6
401360022,CHI,4278508,9.0,0.8,-0.7
401360022,CHI,4397002,19.0,2.8,1.4
401360022,LAC,3416,35.0,3.0,0.4
401360022,LAC,4238,36.0,13.5,12.8
401360022,LAC,4251,41.0,16.7,12.8
401360022,LAC,6443,35.0,6.4,4.5
401360022,LAC,3907823,33.0,6.1,5.8
401360022,LAC,3913174,23.0,4.5,3.0
401360022,LAC,4017837,23.0,2.6,-1.3
401360022,LAC,4222252,14.0,7.0,5.4
401360023,BOS,3213,32.0,16.8,13.9
401360023,BOS,6447,8.0,2.7,3.1
401360023,BOS,2581190,25.0,8.6,6.8
401360023,BOS,2990992,37.0,10.6,7.4
401360023,BOS,3032979,34.0,7.4,7.4
401360023,BOS,4065648,36.0,17.7,14.0
401360023,BOS,4066211,13.0,-0.6,-1.7
401360023,BOS,4066218,24.0,9.8,8.4
401360023,BOS,4066354,5.0,0.0,0.0
401360023,BOS,4396909,11.0,2.5,2.0
401360023,BOS,4397008,15.0,3.8,1.2
401360023,CLE,4011,37.0,16.6,15.6
401360023,CLE,2999549,22.0,2.7,1.7
401360023,CLE,3893016,31.0,23.4,21.6
401360023,CLE,3904625,8.0,0.6,0.0
401360023,CLE,3906786,11.0,1.6,1.7
401360023,CLE,3912848,35.0,-2.0,-2.8
401360023,CLE,4396907,35.0,7.4,6.9
401360023,CLE,4432158,29.0,-1.7,-4.5
401360023,CLE,4432822,32.0,12.4,9.4
401360024,DET,6446,6.0,-1.8,-2.1
401360024,DET,2488826,11.0,6.1,6.1
401360024,DET,2991070,27.0,0.8,0.9
401360024,DET,3136196,15.0,-1.1,-2.1
401360024,DET,4065651,18.0,4.0,3.0
401360024,DET,4066297,14.0,3.2,3.0
401360024,DET,4080610,9.0,6.0,5.1
401360024,DET,4277951,17.0,6.2,5.8
401360024,DET,4278124,9.0,3.7,3.7
401360024,DET,4397136,28.0,21.2,19.8
401360024,DET,4432166,35.0,21.4,18.0
401360024,DET,4432810,27.0,9.9,7.5
401360024,DET,4683024,23.0,-0.6,-3.4
401360024,SAC,6474,15.0,5.4,3.0
401360024,SAC,6578,30.0,11.1,8.7
401360024,SAC,2990984,24.0,16.8,15.5
401360024,SAC,2993370,30.0,17.8,16.7
401360024,SAC,3064559,2.0,3.4,3.4
401360024,SAC,3914283,32.0,15.0,10.4
401360024,SAC,4066259,33.0,18.4,15.5
401360024,SAC,4277848,18.0,2.5,1.6
401360024,SAC,4278053,19.0,9.0,7.9
401360024,SAC,4396993,35.0,17.0,14.8
401360024,SAC,4431688,2.0,-0.4,0.0
401360025,NOP,4023,19.0,7.6,7.1
401360025,NOP,6477,37.0,12.5,11.0
401360025,NOP,6621,17.0,-2.2,-0.6
401360025,NOP,3062679,38.0,10.6,8.4
401360025,NOP,3133601,31.0,8.5,8.7
401360025,NOP,3913176,32.0,21.0,19.9
401360025,NOP,4277813,19.0,2.3,3.0
401360025,NOP,4278039,28.0,1.4,-0.8
401360025,NOP,4397077,11.0,5.3,5.7
401360025,NOP,4397688,9.0,3.6,2.7
401360025,WAS,2580782,34.0,24.2,21.8
401360025,WAS,2581018,35.0,16.3,13.8
401360025,WAS,2581184,5.0,0.0,0.0
401360025,WAS,2968361,23.0,3.0,3.2
401360025,WAS,2991055,24.0,13.4,12.9
401360025,WAS,3134907,31.0,4.0,3.2
401360025,WAS,3922230,27.0,7.4,7.1
401360025,WAS,4278049,24.0,7.6,5.1
401360025,WAS,4280151,11.0,-1.4,-2.7
401360025,WAS,4683021,28.0,13.2,9.5
401360026,ATL,2799,16.0,6.0,5.8
401360026,ATL,3428,28.0,10.8,7.4
401360026,ATL,2488958,9.0,1.9,0.7
401360026,ATL,3037789,29.0,17.0,16.1
401360026,ATL,3064447,17.0,8.1,7.1
401360026,ATL,3102529,34.0,28.8,22.1
401360026,ATL,3893019,1.0,2.7,2.7
401360026,ATL,3908845,31.0,20.6,17.9
401360026,ATL,4066269,1.0,2.0,1.7
401360026,ATL,4066372,16.0,3.6,2.4
401360026,ATL,4277905,30.0,10.9,10.3
401360026,ATL,4395627,25.0,6.7,6.0
401360026,ATL,4432173,1.0,1.4,1.4
401360026,ATL,4701230,1.0,0.3,0.0
401360026,ORL,6619,26.0,7.9,8.3
401360026,ORL,2999547,30.0,5.1,5.7
401360026,ORL,3150844,7.0,2.5,1.7
401360026,ORL,3936298,2.0,-0.4,0.0
401360026,ORL,4277847,34.0,14.2,11.6
401360026,ORL,4277919,30.0,7.2,3.0
401360026,ORL,4278052,25.0,3.3,4.0
401360026,ORL,4432809,36.0,24.3,22.8
401360026,ORL,4566434,35.0,11.7,11.0
401360026,ORL,4590530,15.0,6.7,5.0
401360027,IND,6603,8.0,-1.2,-1.7
401360027,IND,2284101,31.0,3.7,4.3
401360027,IND,2528693,8.0,0.2,-0.7
401360027,IND,2530530,23.0,-3.4,-3.5
401360027,IND,2566769,37.0,16.9,15.5
401360027,IND,2991043,31.0,12.0,10.3
401360027,IND,3133596,13.0,3.2,1.6
401360027,IND,3133628,32.0,2.1,0.3
401360027,IND,3155942,40.0,20.3,16.4
401360027,IND,4348700,16.0,6.4,3.0
401360027,NYK,3456,25.0,12.8,11.6
401360027,NYK,3986,29.0,6.8,4.8
401360027,NYK,6429,22.0,3.1,3.2
401360027,NYK,6479,20.0,13.6,13.6
401360027,NYK,6588,24.0,4.1,4.0
401360027,NYK,3064514,35.0,4.6,1.3
401360027,NYK,4278355,16.0,0.7,0.3
401360027,NYK,4351852,16.0,2.5,1.0
401360027,NYK,4395625,30.0,5.2,3.8
401360027,NYK,4395724,23.0,12.9,12.8
401360028,DAL,4376,3.0,1.3,1.7
401360028,DAL,2528210,33.0,16.5,15.2
401360028,DAL,2528779,30.0,3.8,3.7
401360028,DAL,2531367,18.0,3.4,3.7
401360028,DAL,2578185,24.0,7.4,6.4
401360028,DAL,2991282,3.0,0.7,0.7
401360028,DAL,3057187,8.0,-0.4,0.0
401360028,DAL,3102531,33.0,26.7,23.0
401360028,DAL,3934672,36.0,15.8,15.0
401360028,DAL,3945274,38.0,17.7,14.1
401360028,DAL,4230547,16.0,2.9,1.3
401360028,DEN,3209,33.0,7.4,5.6
401360028,DEN,6617,29.0,9.8,8.3
401360028,DEN,2327577,15.0,2.7,2.4
401360028,DEN,2968334,9.0,-0.7,-1.7
401360028,DEN,3059310,37.0,16.2,14.7
401360028,DEN,3064290,36.0,9.0,8.4
401360028,DEN,3112335,37.0,29.8,24.9
401360028,DEN,3923250,22.0,1.6,1.3
401360028,DEN,4397102,11.0,5.6,4.7
401360028,DEN,4592492,11.0,-3.3,-2.4
401360029,HOU,3415,19.0,-0.3,-0.3
401360029,HOU,2451037,21.0,3.4,2.7
401360029,HOU,2991155,13.0,0.8,-2.1
401360029,HOU,3058254,26.0,8.4,7.8
401360029,HOU,3062744,10.0,8.2,8.0
401360029,HOU,3136777,25.0,11.8,10.8
401360029,HOU,3913180,15.0,5.6,6.0
401360029,HOU,4066450,9.0,-2.9,-2.8
401360029,HOU,4397140,21.0,3.4,-0.2
401360029,HOU,4431828,17.0,9.0,7.4
401360029,HOU,4432168,10.0,1.7,1.4
401360029,HOU,4437244,28.0,6.0,5.6
401360029,HOU,4871143,9.0,7.3,6.5
401360029,HOU,4871144,18.0,7.0,5.9
401360029,MEM,2991235,21.0,5.8,3.7
401360029,MEM,2993874,18.0,12.8,10.8
401360029,MEM,3134932,9.0,-1.2,-1.4
401360029,MEM,3135046,14.0,10.2,8.9
401360029,MEM,3155526,23.0,9.7,8.3
401360029,MEM,3906665,18.0,15.8,12.9
401360029,MEM,4066320,25.0,8.5,6.4
401360029,MEM,4066436,17.0,4.5,1.7
401360029,MEM,4066757,9.0,7.0,6.7
401360029,MEM,4277928,5.0,5.7,5.4
401360029,MEM,4277961,24.0,16.1,11.0
401360029,MEM,4277964,9.0,6.0,5.8
401360029,MEM,4279888,25.0,21.4,19.0
401360029,MEM,4433137,18.0,1.7,1.3
401360029,MEM,4593125,6.0,5.8,5.5
401360030,MIN,3964,34.0,6.6,6.7
401360030,MIN,3136195,40.0,23.4,21.1
401360030,MIN,3136776,35.0,13.9,12.9
401360030,MIN,3907822,24.0,10.3,5.9
401360030,MIN,4065663,14.0,-3.3,-4.9
401360030,MIN,4278077,24.0,2.3,2.1
401360030,MIN,4431671,30.0,2.8,4.8
401360030,MIN,4594268,39.0,5.4,1.6
401360030,PHX,2779,34.0,17.7,16.2
401360030,PHX,3452,11.0,2.9,0.4
401360030,PHX,6581,29.0,-6.2,-7.1
401360030,PHX,2579294,4.0,2.9,2.3
401360030,PHX,2595435,9.0,0.6,-1.0
401360030,PHX,3064230,14.0,-0.6,-0.7
401360030,PHX,3136193,34.0,24.6,23.7
401360030,PHX,3138196,22.0,2.0,0.6
401360030,PHX,3147657,33.0,3.3,2.2
401360030,PHX,3914044,18.0,4.1,2.6
401360030,PHX,4278129,33.0,18.9,19.4
401360031,MIA,3012,33.0,11.9,11.7
401360031,MIA,3033,31.0,8.5,3.3
401360031,MIA,2580913,29.0,8.4,4.3
401360031,MIA,3074213,5.0,-2.4,-2.7
401360031,MIA,3137259,20.0,5.2,4.1
401360031,MIA,3138160,17.0,2.7,0.9
401360031,MIA,3157465,32.0,13.9,12.4
401360031,MIA,4065778,22.0,9.8,8.7
401360031,MIA,4278521,15.0,7.5,5.7
401360031,MIA,4395725,37.0,18.5,15.2
401360031,OKC,2490089,8.0,-0.2,-0.7
401360031,OKC,3133626,17.0,3.9,2.7
401360031,OKC,4065733,12.0,1.3,0.6
401360031,OKC,4066392,11.0,5.4,4.1
401360031,OKC,4278073,35.0,4.3,3.9
401360031,OKC,4397020,31.0,12.9,11.8
401360031,OKC,4397183,20.0,0.8,0.0
401360031,OKC,4423545,25.0,9.8,3.9
401360031,OKC,4432813,26.0,12.7,10.8
401360031,OKC,4432819,7.0,-2.3,-1.4
401360031,OKC,4683018,16.0,9.1,9.2
401360031,OKC,4871145,32.0,8.0,3.9
401360032,POR,6606,40.0,20.6,17.3
401360032,POR,2490149,40.0,25.5,22.6
401360032,POR,2490620,23.0,10.7,8.1
401360032,POR,2528353,11.0,2.1,0.4
401360032,POR,2579258,12.0,7.5,7.2
401360032,POR,2580365,23.0,12.6,12.3
401360032,POR,2595516,32.0,5.6,5.2
401360032,POR,3102530,18.0,6.8,3.7
401360032,POR,4351851,16.0,6.2,6.4
401360032,POR,4395652,25.0,4.7,4.6
401360032,TOR,2578240,21.0,4.9,5.1
401360032,TOR,2991230,40.0,12.9,9.9
401360032,TOR,3133602,8.0,2.0,2.0
401360032,TOR,3149673,39.0,15.8,15.2
401360032,TOR,3934719,41.0,25.5,21.7
401360032,TOR,4066668,3.0,3.7,3.7
401360032,TOR,4277843,40.0,14.1,12.1
401360032,TOR,4397885,8.0,-2.5,-1.7
401360032,TOR,4433134,40.0,11.0,9.7
401360033,CHI,3978,35.0,30.9,29.1
401360033,CHI,2596112,14.0,1.6,-0.7
401360033,CHI,2991350,34.0,4.0,1.8
401360033,CHI,3059311,3.0,-2.1,-2.1
401360033,CHI,3064440,34.0,17.2,16.8
401360033,CHI,3936099,16.0,10.7,10.1
401360033,CHI,4065673,27.0,3.7,2.1
401360033,CHI,4066421,38.0,27.6,24.9
401360033,CHI,4067045,3.0,1.4,1.4
401360033,CHI,4278508,3.0,3.7,2.7
401360033,CHI,4395651,11.0,-1.1,-1.4
401360033,CHI,4397002,21.0,-0.4,0.9
401360033,LAL,1975,27.0,6.7,4.6
401360033,LAL,2384,13.0,7.3,3.3
401360033,LAL,3026,18.0,0.9,-1.0
401360033,LAL,3442,7.0,4.6,2.1
401360033,LAL,3468,31.0,17.7,16.1
401360033,LAL,3981,21.0,1.1,-0.8
401360033,LAL,4240,18.0,4.1,4.1
401360033,LAL,6583,28.0,15.2,13.1
401360033,LAL,6637,12.0,1.0,1.7
401360033,LAL,4066262,27.0,0.3,-0.3
401360033,LAL,4396991,37.0,20.7,18.7
401360034,BKN,2983,9.0,2.3,1.0
401360034,BKN,3202,32.0,9.3,8.5
401360034,BKN,3989,23.0,2.3,1.9
401360034,BKN,3992,32.0,14.7,14.7
401360034,BKN,3999,5.0,-0.8,-0.7
401360034,BKN,4004,32.0,7.2,6.4
401360034,BKN,3062667,31.0,7.9,5.9
401360034,BKN,3133635,16.0,2.4,1.3
401360034,BKN,4065670,27.0,16.2,13.9
401360034,BKN,4397693,9.0,5.3,4.7
401360034,BKN,4432174,15.0,3.2,1.3
401360034,BKN,4432194,9.0,1.5,-0.3
401360034,GSW,2386,19.0,6.1,4.8
401360034,GSW,3975,29.0,33.2,30.0
401360034,GSW,4269,12.0,-1.2,-1.4
401360034,GSW,6589,29.0,13.0,11.4
401360034,GSW,2594922,17.0,4.6,3.7
401360034,GSW,2595209,22.0,2.9,1.5
401360034,GSW,3059319,22.0,11.5,11.8
401360034,GSW,3134903,16.0,8.1,6.7
401360034,GSW,3155535,15.0,4.8,3.7
401360034,GSW,4277956,28.0,7.6,7.7
401360034,GSW,4401416,5.0,-1.7,-2.0
401360034,GSW,4432171,8.0,-1.4,-2.1
401360034,GSW,4433247,19.0,3.0,2.7
401360035,PHI,6440,27.0,12.6,11.5
401360035,PHI,6585,12.0,4.8,2.0
401360035,PHI,2326307,25.0,0.9,0.2
401360035,PHI,2990969,30.0,5.5,3.0
401360035,PHI,3915195,35.0,10.4,9.9
401360035,PHI,3929325,34.0,2.3,0.1
401360035,PHI,4278562,14.0,-0.5,-1.0
401360035,PHI,4395702,24.0,2.7,1.9
401360035,PHI,4397886,9.0,7.1,6.1
401360035,PHI,4431678,29.0,10.2,9.4
401360035,UTA,3195,25.0,13.1,13.6
401360035,UTA,3593,27.0,23.6,22.6
401360035,UTA,4262,17.0,7.9,6.1
401360035,UTA,2528426,22.0,11.8,11.0
401360035,UTA,2583632,27.0,3.9,0.7
401360035,UTA,2968436,26.0,4.6,3.8
401360035,UTA,3032976,28.0,16.2,9.5
401360035,UTA,3133817,19.0,7.4,7.5
401360035,UTA,3908809,22.0,10.1,8.3
401360035,UTA,4065656,14.0,0.2,-0.7
401360035,UTA,4066299,3.0,2.0,1.7
401360035,UTA,4066851,5.0,1.6,1.3
401360035,UTA,4395695,5.0,2.6,2.0
401360036,LAC,3416,14.0,1.0,0.7
401360036,LAC,4238,30.0,6.4,1.6
401360036,LAC,4251,34.0,21.9,17.6
401360036,LAC,6443,38.0,10.6,8.6
401360036,LAC,3913174,31.0,4.4,3.1
401360036,LAC,4017837,31.0,10.5,8.2
401360036,LAC,4066387,25.0,4.8,4.7
401360036,LAC,4222252,17.0,4.1,2.7
401360036,LAC,4432162,20.0,11.6,9.4
401360036,LAC,4683023,1.0,0.3,-0.7
401360036,SAS,3244,24.0,7.2,5.1
401360036,SAS,2528588,29.0,3.9,2.3
401360036,SAS,2994526,12.0,-1.8,-2.1
401360036,SAS,3078576,32.0,11.8,11.5
401360036,SAS,3907497,39.0,25.0,19.4
401360036,SAS,3914285,24.0,6.5,4.0
401360036,SAS,4277890,19.0,-1.3,-1.1
401360036,SAS,4395626,9.0,4.3,3.7
401360036,SAS,4395630,19.0,1.2,-0.4
401360036,SAS,4395723,33.0,7.2,5.1
401360037,CHA,4249,25.0,1.5,0.5
401360037,CHA,2488653,26.0,16.4,14.7
401360037,CHA,3074752,33.0,14.8,11.8
401360037,CHA,3133603,24.0,12.6,10.0
401360037,CHA,3138161,27.0,3.3,0.0
401360037,CHA,4066383,37.0,12.5,9.5
401360037,CHA,4066731,17.0,11.2,9.8
401360037,CHA,4278076,14.0,4.2,4.1
401360037,CHA,4431699,1.0,0.0,0.0
401360037,CHA,4431712,1.0,0.0,0.0
401360037,CHA,4432816,36.0,8.2,6.2
401360037,WAS,6580,35.0,18.2,16.5
401360037,WAS,2580782,29.0,-3.6,-4.1
401360037,WAS,2581018,28.0,2.8,0.3
401360037,WAS,2581184,1.0,0.3,0.0
401360037,WAS,2968361,18.0,-3.5,-2.7
401360037,WAS,2991055,22.0,17.9,16.0
401360037,WAS,3134907,30.0,2.4,-0.8
401360037,WAS,3922230,13.0,0.9,-0.1
401360037,WAS,4278049,24.0,18.3,15.1
401360037,WAS,4280150,1.0,0.7,0.7
401360037,WAS,4280151,11.0,5.0,4.7
401360037,WAS,4683021,25.0,7.9,4.9
401360037,WAS,4715198,1.0,-0.7,-0.7
401360038,DET,6446,31.0,14.8,13.1
401360038,DET,2991070,34.0,10.9,8.7
401360038,DET,3136196,16.0,1.8,-0.1
401360038,DET,4065651,26.0,9.6,9.1
401360038,DET,4080610,14.0,2.6,1.7
401360038,DET,4397136,33.0,7.2,4.8
401360038,DET,4432166,34.0,12.9,8.6
401360038,DET,4432810,32.0,8.6,6.8
401360038,DET,4683024,20.0,6.9,3.9
401360038,IND,6603,10.0,5.0,4.7
401360038,IND,2284101,21.0,2.7,2.7
401360038,IND,2528693,19.0,7.4,7.1
401360038,IND,2530530,27.0,8.5,5.4
401360038,IND,2566769,35.0,9.0,8.7
401360038,IND,2991043,31.0,9.0,7.9
401360038,IND,3133596,27.0,0.3,-0.7
401360038,IND,3133628,31.0,-0.7,-2.5
401360038,IND,3155942,35.0,11.4,8.3
401360038,IND,4348700,4.0,-0.5,0.0
401360039,ATL,2799,13.0,-1.1,-1.0
401360039,ATL,3428,20.0,4.6,4.6
401360039,ATL,2534781,2.0,0.3,0.0
401360039,ATL,3037789,32.0,8.9,9.4
401360039,ATL,3064447,13.0,5.0,3.4
401360039,ATL,3102529,32.0,12.5,7.8
401360039,ATL,3908845,34.0,18.6,14.5
401360039,ATL,4066372,32.0,18.2,16.9
401360039,ATL,4277905,35.0,13.1,12.9
401360039,ATL,4395627,27.0,16.4,12.8
401360039,BOS,3213,33.0,12.5,8.7
401360039,BOS,6447,14.0,0.9,1.4
401360039,BOS,2581190,27.0,7.2,6.4
401360039,BOS,2990992,35.0,10.8,8.6
401360039,BOS,3032979,32.0,9.8,8.1
401360039,BOS,4017839,2.0,0.0,0.0
401360039,BOS,4065648,38.0,27.3,24.6
401360039,BOS,4066218,30.0,13.0,13.4
401360039,BOS,4066354,2.0,-2.4,-2.4
401360039,BOS,4277952,2.0,0.0,0.0
401360039,BOS,4396909,11.0,-0.6,-1.4
401360039,BOS,4397008,14.0,-0.9,-2.4
401360039,BOS,4407254,2.0,0.0,0.0
401360040,BKN,2983,30.0,18.7,17.6
401360040,BKN,3202,37.0,17.7,16.5
401360040,BKN,3989,18.0,5.0,2.1
401360040,BKN,3992,37.0,25.2,19.9
401360040,BKN,3999,23.0,1.0,-0.4
401360040,BKN,4004,35.0,14.9,14.4
401360040,BKN,3062667,18.0,-1.9,-0.7
401360040,BKN,3133635,13.0,-1.1,0.5
401360040,BKN,4065670,28.0,12.7,9.5
401360040,CLE,3449,21.0,7.7,5.7
401360040,CLE,4011,33.0,15.2,14.8
401360040,CLE,4259,24.0,7.6,4.4
401360040,CLE,2999549,11.0,1.2,0.7
401360040,CLE,3893016,19.0,8.7,7.6
401360040,CLE,3904625,3.0,0.6,0.6
401360040,CLE,3906786,12.0,1.5,0.7
401360040,CLE,3912848,38.0,10.7,9.0
401360040,CLE,4396907,40.0,15.9,11.7
401360040,CLE,4432822,39.0,4.1,3.7
401360041,MIA,2184,7.0,3.2,2.4
401360041,MIA,3033,21.0,10.1,10.9
401360041,MIA,6430,37.0,29.7,27.0
401360041,MIA,2580913,25.0,4.1,3.5
401360041,MIA,3074213,3.0,0.3,0.7
401360041,MIA,3137259,27.0,6.4,8.0
401360041,MIA,3138160,23.0,13.6,10.5
401360041,MIA,3157465,26.0,4.5,3.3
401360041,MIA,4065778,21.0,11.5,11.4
401360041,MIA,4277892,1.0,0.0,0.0
401360041,MIA,4278521,12.0,-2.2,-1.4
401360041,MIA,4395725,37.0,9.9,8.7
401360041,NOP,4023,15.0,-1.0,-2.3
401360041,NOP,6477,28.0,7.8,7.0
401360041,NOP,6621,17.0,1.8,1.6
401360041,NOP,3062679,38.0,18.5,15.1
401360041,NOP,3133601,31.0,5.6,6.1
401360041,NOP,3913176,37.0,10.5,10.1
401360041,NOP,4277813,24.0,7.5,5.5
401360041,NOP,4278039,28.0,17.4,18.0
401360041,NOP,4397077,13.0,4.1,3.0
401360041,NOP,4397688,8.0,-4.2,-4.2
401360042,NYK,3456,19.0,4.0,1.0
401360042,NYK,3986,14.0,0.5,-1.0
401360042,NYK,6429,27.0,9.1,8.2
401360042,NYK,6479,21.0,1.2,0.3
401360042,NYK,6588,21.0,3.2,2.3
401360042,NYK,3064514,32.0,6.1,5.6
401360042,NYK,4278355,18.0,10.7,9.2
401360042,NYK,4351852,31.0,16.4,15.6
401360042,NYK,4395625,34.0,10.1,7.7
401360042,NYK,4395724,24.0,7.6,7.9
401360042,ORL,6619,30.0,13.9,11.3
401360042,ORL,2999547,19.0,-0.5,-0.7
401360042,ORL,3150844,6.0,3.2,3.4
401360042,ORL,4277847,25.0,7.5,6.3
401360042,ORL,4277919,32.0,11.9,9.9
401360042,ORL,4278052,19.0,8.3,7.4
401360042,ORL,4432165,26.0,10.6,7.4
401360042,ORL,4432809,36.0,9.6,6.6
401360042,ORL,4566434,34.0,11.7,11.5
401360042,ORL,4590530,14.0,-0.6,-0.1
401360043,LAL,1975,32.0,5.3,3.3
401360043,LAL,2384,8.0,3.5,1.6
401360043,LAL,3026,12.0,4.9,5.4
401360043,LAL,3442,5.0,0.6,0.0
401360043,LAL,3468,36.0,19.1,18.4
401360043,LAL,3981,20.0,-0.6,-1.5
401360043,LAL,4240,17.0,1.5,0.6
401360043,LAL,6583,37.0,16.2,14.3
401360043,LAL,6637,11.0,-2.2,-3.8
401360043,LAL,4066262,24.0,6.5,5.3
401360043,LAL,4396991,39.0,21.0,17.9
401360043,MIL,3438,22.0,1.0,-1.3
401360043,MIL,3995,39.0,4.9,0.3
401360043,MIL,6609,30.0,14.4,13.0
401360043,MIL,2578239,32.0,13.9,11.3
401360043,MIL,3032977,36.0,39.8,36.4
401360043,MIL,3056602,14.0,-3.3,-3.5
401360043,MIL,3064482,29.0,12.4,10.5
401360043,MIL,3135045,31.0,4.7,3.0
401360043,MIL,4277883,8.0,0.9,-1.7
401360044,MIN,3964,34.0,13.2,10.9
401360044,MIN,2990962,15.0,2.6,2.0
401360044,MIN,3134916,3.0,-0.3,-0.3
401360044,MIN,3136195,37.0,16.0,14.7
401360044,MIN,3136776,34.0,15.3,12.5
401360044,MIN,3907822,18.0,1.3,0.5
401360044,MIN,4278077,25.0,7.1,4.8
401360044,MIN,4396971,13.0,7.6,6.7
401360044,MIN,4431671,20.0,4.6,3.0
401360044,MIN,4594268,40.0,14.3,14.0
401360044,SAC,6474,17.0,7.9,6.6
401360044,SAC,6578,34.0,10.2,8.0
401360044,SAC,2990984,29.0,8.0,7.8
401360044,SAC,2993370,30.0,7.8,7.8
401360044,SAC,3914283,25.0,-0.1,-1.7
401360044,SAC,4066259,37.0,16.8,17.7
401360044,SAC,4277848,11.0,0.9,0.7
401360044,SAC,4278053,22.0,8.9,6.8
401360044,SAC,4396993,34.0,2.4,0.7
401360045,HOU,3415,15.0,-0.0,-0.6
401360045,HOU,3431,39.0,12.4,9.5
401360045,HOU,2451037,24.0,9.1,6.4
401360045,HOU,2991155,12.0,-4.2,-4.8
401360045,HOU,3058254,29.0,4.1,0.2
401360045,HOU,3062744,6.0,-0.5,-0.8
401360045,HOU,3136777,34.0,12.3,12.1
401360045,HOU,3913180,21.0,1.7,1.6
401360045,HOU,4066450,6.0,1.2,0.6
401360045,HOU,4431828,12.0,3.2,2.7
401360045,HOU,4437244,36.0,15.9,14.0
401360045,HOU,4871144,5.0,-1.0,-1.0
401360045,OKC,4257,18.0,2.6,0.8
401360045,OKC,2490089,14.0,5.9,4.7
401360045,OKC,3133626,18.0,0.9,0.6
401360045,OKC,4065733,11.0,3.9,4.4
401360045,OKC,4278073,37.0,14.9,9.5
401360045,OKC,4397020,37.0,26.5,25.9
401360045,OKC,4423545,26.0,2.2,0.2
401360045,OKC,4432813,25.0,8.6,5.0
401360045,OKC,4432819,11.0,7.3,5.0
401360045,OKC,4683018,10.0,-1.6,-3.1
401360045,OKC,4871145,34.0,8.6,6.1
401360046,DAL,2528210,37.0,12.7,12.0
401360046,DAL,2528779,26.0,-1.7,-1.7
401360046,DAL,2531367,22.0,9.8,6.2
401360046,DAL,2578185,32.0,8.2,6.4
401360046,DAL,2579260,15.0,6.6,6.4
401360046,DAL,2991282,9.0,-1.8,-1.7
401360046,DAL,3057187,14.0,-1.1,-0.7
401360046,DAL,3102531,32.0,18.5,15.1
401360046,DAL,3934672,37.0,14.6,12.6
401360046,DAL,4230547,18.0,12.0,10.1
401360046,PHX,2779,37.0,9.2,8.8
401360046,PHX,3452,12.0,12.2,9.2
401360046,PHX,6581,28.0,9.9,6.9
401360046,PHX,2595435,5.0,-2.1,-2.1
401360046,PHX,3064230,13.0,3.9,2.0
401360046,PHX,3136193,35.0,14.6,12.3
401360046,PHX,3138196,21.0,6.1,5.8
401360046,PHX,3147657,36.0,10.6,6.0
401360046,PHX,3914044,17.0,9.3,8.1
401360046,PHX,4278129,36.0,18.1,15.2
401360047,CHI,3978,36.0,12.4,10.3
401360047,CHI,2596112,20.0,5.7,6.1
401360047,CHI,2991350,38.0,18.2,14.6
401360047,CHI,3064440,37.0,19.9,17.4
401360047,CHI,3936099,20.0,2.4,2.4
401360047,CHI,4065673,21.0,2.7,2.0
401360047,CHI,4066421,37.0,15.5,13.2
401360047,CHI,4067045,2.0,-1.4,-1.0
401360047,CHI,4395651,10.0,-0.8,-0.7
401360047,CHI,4397002,17.0,8.3,6.7
401360047,POR,6606,40.0,17.3,14.8
401360047,POR,2490149,38.0,5.2,5.0
401360047,POR,2490620,24.0,10.7,6.5
401360047,POR,2528353,10.0,1.6,1.0
401360047,POR,2579258,4.0,4.3,4.0
401360047,POR,2580365,25.0,18.6,14.3
401360047,POR,2595516,35.0,14.3,13.8
401360047,POR,3102530,23.0,16.5,15.0
401360047,POR,4351851,18.0,4.8,4.3
401360047,POR,4395652,24.0,0.4,-0.5
401360048,CLE,3449,22.0,13.1,11.7
401360048,CLE,4011,38.0,0.8,-0.8
401360048,CLE,4259,28.0,11.6,7.8
401360048,CLE,2583962,1.0,0.6,0.6
401360048,CLE,2999549,9.0,0.2,-0.4
401360048,CLE,3904625,1.0,-0.1,-0.8
401360048,CLE,3906786,18.0,-3.5,-3.0
401360048,CLE,3912848,40.0,17.9,16.7
401360048,CLE,4277916,1.0,0.3,0.0
401360048,CLE,4396907,38.0,12.0,10.8
401360048,CLE,4432822,43.0,10.8,8.7
401360048,GSW,3975,35.0,29.9,28.3
401360048,GSW,4269,23.0,13.9,10.8
401360048,GSW,6589,30.0,12.8,11.2
401360048,GSW,2594922,20.0,0.9,-0.7
401360048,GSW,2595209,23.0,11.6,8.8
401360048,GSW,3059319,24.0,5.0,4.7
401360048,GSW,3134903,15.0,8.9,6.7
401360048,GSW,3137795,2.0,0.7,0.7
401360048,GSW,3155535,19.0,3.1,2.4
401360048,GSW,4277956,24.0,4.0,3.6
401360048,GSW,4401416,16.0,6.9,5.9
401360048,GSW,4432171,1.0,0.0,0.0
401360048,GSW,4433247,7.0,-2.8,-2.8
401360049,MIA,3012,35.0,11.7,9.6
401360049,MIA,3033,32.0,15.6,14.6
401360049,MIA,6430,34.0,30.9,26.3
401360049,MIA,2580913,9.0,1.4,0.6
401360049,MIA,3074213,1.0,2.0,2.0
401360049,MIA,3137259,25.0,13.3,13.4
401360049,MIA,3138160,24.0,6.5,3.3
401360049,MIA,3157465,27.0,2.6,0.5
401360049,MIA,4065778,20.0,4.1,2.3
401360049,MIA,4066261,30.0,14.5,14.6
401360049,MIA,4277892,1.0,0.3,0.0
401360049,MIA,4278521,1.0,0.0,0.0
401360049,WAS,6580,36.0,21.3,18.9
401360049,WAS,2581018,30.0,2.4,2.7
401360049,WAS,2581184,9.0,1.9,1.7
401360049,WAS,2968361,13.0,-3.8,-2.2
401360049,WAS,2991055,36.0,12.6,11.6
401360049,WAS,3134907,40.0,19.0,14.9
401360049,WAS,3922230,29.0,-0.8,-0.6
401360049,WAS,4280150,1.0,1.0,0.7
401360049,WAS,4280151,24.0,9.2,8.7
401360049,WAS,4683021,20.0,3.3,2.3
401360049,WAS,4715198,1.0,2.7,2.0
401360050,LAC,4238,25.0,6.3,4.8
401360050,LAC,4251,31.0,19.4,17.9
401360050,LAC,6443,30.0,11.3,10.1
401360050,LAC,3907823,24.0,0.4,0.9
401360050,LAC,3913174,24.0,12.7,11.5
401360050,LAC,4017837,27.0,12.2,11.2
401360050,LAC,4066387,29.0,2.1,1.6
401360050,LAC,4222252,20.0,14.0,11.3
401360050,LAC,4432162,20.0,1.1,-1.8
401360050,LAC,4683023,8.0,3.3,3.0
401360050,MEM,2991235,27.0,3.6,2.6
401360050,MEM,2993874,22.0,6.7,4.8
401360050,MEM,3134932,2.0,0.0,0.0
401360050,MEM,3135046,15.0,11.4,9.2
401360050,MEM,3155526,27.0,11.5,11.4
401360050,MEM,3906665,15.0,13.7,11.9
401360050,MEM,4066320,29.0,14.3,12.2
401360050,MEM,4066436,23.0,7.5,5.1
401360050,MEM,4066651,2.0,0.0,0.0
401360050,MEM,4066757,2.0,-0.4,-0.7
401360050,MEM,4277961,29.0,13.9,10.7
401360050,MEM,4277964,2.0,1.0,1.0
401360050,MEM,4279888,31.0,23.1,21.0
401360050,MEM,4433137,13.0,0.9,1.7
401360050,MEM,4593125,2.0,-0.4,-0.7
401360051,MIN,3964,28.0,9.6,7.5
401360051,MIN,2990962,15.0,11.3,11.1
401360051,MIN,3134916,5.0,0.7,1.1
401360051,MIN,3136195,38.0,22.0,18.1
401360051,MIN,3136776,31.0,13.8,11.9
401360051,MIN,3907822,28.0,7.0,7.6
401360051,MIN,4067325,1.0,0.0,0.0
401360051,MIN,4278077,28.0,11.6,8.6
401360051,MIN,4278541,1.0,0.0,0.0
401360051,MIN,4431671,31.0,14.8,12.6
401360051,MIN,4594268,33.0,11.6,8.9
401360051,SAS,3244,4.0,1.7,0.7
401360051,SAS,2528588,25.0,6.6,6.4
401360051,SAS,2994526,20.0,8.0,6.4
401360051,SAS,3078576,23.0,5.6,5.1
401360051,SAS,3134908,15.0,1.8,1.6
401360051,SAS,3136779,9.0,3.7,3.1
401360051,SAS,3907497,32.0,1.5,0.2
401360051,SAS,3914285,21.0,9.1,6.2
401360051,SAS,4277890,23.0,3.4,0.8
401360051,SAS,4395626,15.0,6.0,4.5
401360051,SAS,4395630,24.0,14.2,12.1
401360051,SAS,4395723,27.0,11.2,10.0
401360052,DEN,3209,23.0,0.3,0.0
401360052,DEN,6579,34.0,18.3,16.3
401360052,DEN,6617,20.0,3.5,1.6
401360052,DEN,2327577,9.0,4.2,3.3
401360052,DEN,2968334,8.0,1.5,0.6
401360052,DEN,3059310,32.0,7.0,5.7
401360052,DEN,3064290,31.0,3.9,3.3
401360052,DEN,3112335,35.0,28.1,25.9
401360052,DEN,3899009,4.0,0.6,0.7
401360052,DEN,3923250,16.0,-4.2,-4.1
401360052,DEN,4065805,9.0,2.6,1.3
401360052,DEN,4397102,4.0,2.6,1.0
401360052,DEN,4592492,14.0,-3.7,-4.9
401360052,PHI,6440,31.0,11.6,8.2
401360052,PHI,6585,29.0,0.4,0.6
401360052,PHI,2326307,38.0,15.2,14.2
401360052,PHI,2990969,35.0,8.1,7.1
401360052,PHI,3915195,29.0,10.6,9.2
401360052,PHI,3929325,22.0,4.2,2.4
401360052,PHI,4395702,3.0,-1.4,-1.4
401360052,PHI,4397886,19.0,14.3,11.5
401360052,PHI,4431678,35.0,20.3,17.1
401360053,TOR,2578240,24.0,12.2,11.5
401360053,TOR,2991230,34.0,20.5,16.0
401360053,TOR,3133602,18.0,1.5,1.3
401360053,TOR,3149673,31.0,-1.8,-4.1
401360053,TOR,3948153,17.0,3.5,1.0
401360053,TOR,4066668,22.0,0.1,-0.8
401360053,TOR,4277843,33.0,27.3,26.0
401360053,TOR,4397885,17.0,2.3,2.3
401360053,TOR,4432907,8.0,3.7,4.1
401360053,TOR,4433134,35.0,10.5,9.3
401360053,UTA,3005,18.0,16.7,15.9
401360053,UTA,3195,28.0,7.7,5.9
401360053,UTA,3593,25.0,5.8,5.2
401360053,UTA,4262,16.0,10.8,8.8
401360053,UTA,2528426,22.0,9.0,7.7
401360053,UTA,2583632,29.0,14.4,12.9
401360053,UTA,2968436,24.0,12.5,11.3
401360053,UTA,3032976,29.0,15.5,11.6
401360053,UTA,3133817,3.0,-0.7,-0.7
401360053,UTA,3908809,29.0,11.7,8.0
401360053,UTA,4065656,8.0,4.7,4.8
401360053,UTA,4066299,3.0,0.3,-0.3
401360053,UTA,4066851,3.0,-0.7,-0.7
401360053,UTA,4395695,3.0,-1.8,-2.4
401360054,CHA,4249,31.0,25.4,21.2
401360054,CHA,4305,11.0,0.9,-0.4
401360054,CHA,2488653,25.0,3.7,2.8
401360054,CHA,3074752,23.0,7.7,7.0
401360054,CHA,3133603,30.0,8.0,7.3
401360054,CHA,3138161,27.0,12.9,12.9
401360054,CHA,4066383,34.0,7.8,6.3
401360054,CHA,4066731,15.0,6.2,4.8
401360054,CHA,4278076,5.0,1.2,1.3
401360054,CHA,4432816,39.0,26.3,22.7
401360054,IND,6507,20.0,7.0,6.3
401360054,IND,6603,16.0,26.8,22.6
401360054,IND,2284101,15.0,3.5,3.7
401360054,IND,2528693,23.0,12.5,12.1
401360054,IND,2530530,22.0,7.3,5.1
401360054,IND,2566769,23.0,11.0,10.8
401360054,IND,2991043,18.0,2.3,1.6
401360054,IND,3133596,19.0,4.3,4.7
401360054,IND,3133628,19.0,3.6,2.0
401360054,IND,3155942,22.0,3.6,0.9
401360054,IND,4278031,8.0,-0.8,-0.7
401360054,IND,4348700,22.0,8.9,6.4
401360054,IND,4592402,14.0,2.5,3.4
401360055,DET,6446,30.0,7.6,6.1
401360055,DET,2991070,34.0,12.2,8.1
401360055,DET,3136196,17.0,2.0,1.9
401360055,DET,4065651,33.0,22.9,19.7
401360055,DET,4080610,13.0,9.8,10.1
401360055,DET,4277951,7.0,1.6,2.0
401360055,DET,4397136,36.0,1.5,1.3
401360055,DET,4432166,36.0,21.0,15.9
401360055,DET,4432810,16.0,2.0,1.4
401360055,DET,4683024,18.0,0.5,0.3
401360055,GSW,4269,21.0,11.6,9.2
401360055,GSW,2595209,16.0,-3.6,-2.7
401360055,GSW,3059319,37.0,17.0,13.5
401360055,GSW,3134903,29.0,13.3,11.1
401360055,GSW,3137795,16.0,5.9,5.8
401360055,GSW,3155535,27.0,1.9,0.4
401360055,GSW,4277956,37.0,20.1,19.9
401360055,GSW,4401416,37.0,6.2,4.2
401360055,GSW,4432171,8.0,3.7,3.4
401360055,GSW,4433247,12.0,5.5,5.0
401360056,BOS,3213,32.0,16.4,15.0
401360056,BOS,6447,16.0,1.9,1.0
401360056,BOS,2581190,29.0,9.7,9.2
401360056,BOS,2990992,30.0,22.7,21.0
401360056,BOS,3032979,34.0,16.0,16.7
401360056,BOS,4017839,4.0,0.9,-0.7
401360056,BOS,4065648,34.0,30.6,25.1
401360056,BOS,4066218,28.0,4.9,5.1
401360056,BOS,4066354,9.0,2.6,3.0
401360056,BOS,4396909,4.0,0.7,0.7
401360056,BOS,4397008,22.0,0.7,-1.1
401360056,LAL,1966,32.0,16.8,14.5
401360056,LAL,1975,26.0,9.7,10.4
401360056,LAL,2384,10.0,9.0,9.2
401360056,LAL,3026,11.0,-1.2,-1.0
401360056,LAL,3468,31.0,6.5,6.6
401360056,LAL,3981,12.0,-2.6,-2.1
401360056,LAL,4240,26.0,2.8,1.0
401360056,LAL,6583,37.0,24.2,21.4
401360056,LAL,6637,4.0,4.7,3.7
401360056,LAL,4066262,25.0,6.9,6.7
401360056,LAL,4396991,27.0,-2.1,-1.1
401360057,BKN,2983,23.0,10.1,8.4
401360057,BKN,3989,25.0,8.5,4.4
401360057,BKN,3992,41.0,26.7,21.2
401360057,BKN,3999,26.0,17.2,16.4
401360057,BKN,4004,34.0,20.3,18.3
401360057,BKN,3062667,41.0,4.1,2.6
401360057,BKN,3133635,23.0,4.8,4.7
401360057,BKN,4065670,17.0,4.2,3.7
401360057,BKN,4432174,10.0,-0.7,-0.7
401360057,ORL,6619,34.0,13.4,12.3
401360057,ORL,2999547,18.0,3.1,4.4
401360057,ORL,3150844,4.0,0.9,1.0
401360057,ORL,4277847,27.0,-0.8,-2.4
401360057,ORL,4277919,35.0,12.5,8.2
401360057,ORL,4278052,20.0,15.4,13.8
401360057,ORL,4432165,32.0,14.8,12.7
401360057,ORL,4432809,32.0,11.7,11.4
401360057,ORL,4566434,29.0,12.3,12.7
401360057,ORL,4590530,10.0,5.3,3.1
401360058,MIL,3438,26.0,8.8,10.1
401360058,MIL,3995,36.0,7.1,4.3
401360058,MIL,6609,32.0,10.7,7.7
401360058,MIL,2578239,30.0,6.7,3.9
401360058,MIL,3032977,36.0,19.8,11.3
401360058,MIL,3056602,18.0,-1.8,-2.1
401360058,MIL,3064482,31.0,16.9,13.4
401360058,MIL,3135045,29.0,7.2,7.0
401360058,MIL,3945566,3.0,-0.4,0.0
401360058,OKC,2490089,20.0,10.9,8.3
401360058,OKC,3133626,18.0,3.1,3.6
401360058,OKC,4065733,15.0,7.1,6.3
401360058,OKC,4278073,36.0,6.3,5.0
401360058,OKC,4397020,32.0,3.4,2.2
401360058,OKC,4397183,14.0,1.2,1.7
401360058,OKC,4423545,33.0,2.3,-1.5
401360058,OKC,4432813,28.0,3.3,0.9
401360058,OKC,4683018,12.0,3.5,3.8
401360058,OKC,4871145,32.0,14.0,12.2
401360059,LAC,3416,31.0,9.2,8.7
401360059,LAC,4238,28.0,4.8,1.3
401360059,LAC,4251,35.0,9.5,7.2
401360059,LAC,6443,25.0,-5.3,-5.5
401360059,LAC,3907823,27.0,8.6,7.8
401360059,LAC,3913174,30.0,1.7,-0.2
401360059,LAC,4017837,28.0,11.9,10.0
401360059,LAC,4066387,14.0,3.7,3.4
401360059,LAC,4222252,19.0,14.0,9.9
401360059,LAC,4432162,2.0,-0.7,-0.7
401360059,LAC,4683023,2.0,-0.7,-0.7
401360059,NOP,4023,15.0,-0.8,-3.1
401360059,NOP,6477,38.0,23.6,20.2
401360059,NOP,6621,25.0,2.8,3.1
401360059,NOP,3062679,35.0,17.7,14.6
401360059,NOP,3913176,39.0,7.4,4.9
401360059,NOP,4277813,27.0,0.6,-1.7
401360059,NOP,4278039,27.0,2.6,1.2
401360059,NOP,4395698,23.0,16.8,13.6
401360059,NOP,4397077,10.0,2.9,3.0
401360059,NOP,4397688,1.0,0.0,0.0
401360060,CHI,3978,36.0,20.3,16.9
401360060,CHI,2596112,22.0,7.2,6.2
401360060,CHI,2991350,34.0,2.3,0.9
401360060,CHI,3064440,37.0,27.7,25.6
401360060,CHI,3936099,24.0,13.5,12.9
401360060,CHI,4065673,15.0,8.0,8.6
401360060,CHI,4066421,38.0,6.6,5.1
401360060,CHI,4395651,11.0,-4.3,-4.5
401360060,CHI,4397002,23.0,9.2,7.8
401360060,DEN,3209,29.0,4.0,3.7
401360060,DEN,6579,34.0,16.6,15.1
401360060,DEN,6617,33.0,5.4,6.0
401360060,DEN,2327577,11.0,-1.2,-2.4
401360060,DEN,2968334,27.0,15.3,14.2
401360060,DEN,3059310,28.0,4.8,3.7
401360060,DEN,3064290,37.0,30.5,27.0
401360060,DEN,3923250,22.0,7.6,6.1
401360060,DEN,4592492,19.0,1.3,1.9
401360061,DAL,2528210,35.0,8.6,6.8
401360061,DAL,2528779,28.0,4.1,1.6
401360061,DAL,2531367,20.0,4.4,4.5
401360061,DAL,2578185,33.0,8.4,7.6
401360061,DAL,2579260,15.0,3.5,1.9
401360061,DAL,2991282,9.0,8.3,8.1
401360061,DAL,3057187,16.0,7.6,5.1
401360061,DAL,3102531,30.0,23.6,19.3
401360061,DAL,3934672,35.0,13.5,12.1
401360061,DAL,4230547,18.0,3.3,0.6
401360061,DAL,4432811,2.0,0.9,0.7
401360061,PHX,2779,34.0,19.5,15.8
401360061,PHX,3452,16.0,13.4,12.3
401360061,PHX,6581,27.0,3.3,2.3
401360061,PHX,2595435,8.0,-2.8,-1.8
401360061,PHX,3059307,1.0,0.0,0.0
401360061,PHX,3064230,14.0,7.6,7.1
401360061,PHX,3136193,31.0,5.1,5.2
401360061,PHX,3138196,22.0,9.5,8.3
401360061,PHX,3147657,37.0,19.7,18.7
401360061,PHX,3149010,1.0,-0.7,-1.0
401360061,PHX,3914044,21.0,5.2,4.0
401360061,PHX,4278129,29.0,11.5,6.5
401360061,PHX,4397189,1.0,0.7,0.7
401360062,SAC,6474,9.0,0.2,0.0
401360062,SAC,6578,26.0,6.7,7.0
401360062,SAC,2990984,25.0,2.0,2.8
401360062,SAC,2993370,22.0,4.1,4.0
401360062,SAC,3064559,16.0,8.3,6.1
401360062,SAC,3914283,25.0,6.7,2.6
401360062,SAC,3919454,15.0,4.3,4.0
401360062,SAC,4066259,27.0,12.3,10.4
401360062,SAC,4277848,17.0,2.9,1.8
401360062,SAC,4278053,26.0,0.9,1.2
401360062,SAC,4396961,3.0,0.0,0.0
401360062,SAC,4396993,25.0,9.2,5.4
401360062,SAC,4431688,3.0,-0.7,-0.7
401360062,TOR,2578240,23.0,15.5,9.4
401360062,TOR,2991230,32.0,4.9,3.8
401360062,TOR,3133602,20.0,4.1,3.3
401360062,TOR,3149673,30.0,26.5,23.9
401360062,TOR,3948153,24.0,10.5,6.6
401360062,TOR,4066668,3.0,0.7,0.7
401360062,TOR,4277843,36.0,14.3,14.0
401360062,TOR,4397885,11.0,4.2,4.4
401360062,TOR,4431679,25.0,5.6,4.8
401360062,TOR,4432907,3.0,-1.1,-0.7
401360062,TOR,4433134,33.0,4.4,1.7
401360063,HOU,3415,11.0,8.0,6.0
401360063,HOU,3431,37.0,4.9,3.4
401360063,HOU,2451037,23.0,-1.3,-2.4
401360063,HOU,2991155,2.0,-1.4,-1.0
401360063,HOU,3058254,37.0,11.8,8.7
401360063,HOU,3136777,31.0,8.3,5.8
401360063,HOU,3913180,15.0,6.2,6.4
401360063,HOU,4066450,3.0,0.3,0.0
401360063,HOU,4431828,21.0,10.3,7.1
401360063,HOU,4437244,36.0,10.1,10.5
401360063,HOU,4871144,24.0,9.1,9.1
401360063,NYK,3456,21.0,3.3,1.0
401360063,NYK,6429,25.0,25.0,18.9
401360063,NYK,6479,21.0,7.8,6.0
401360063,NYK,6588,30.0,13.9,13.1
401360063,NYK,2991280,29.0,0.6,-1.0
401360063,NYK,3064514,33.0,13.6,12.0
401360063,NYK,4278355,15.0,2.4,2.0
401360063,NYK,4351852,18.0,7.5,5.1
401360063,NYK,4395625,25.0,6.8,4.9
401360063,NYK,4395724,21.0,8.0,9.3
401360064,IND,6507,9.0,-0.2,0.6
401360064,IND,6603,9.0,3.2,1.0
401360064,IND,2284101,20.0,12.3,12.7
401360064,IND,2528693,20.0,8.9,6.1
401360064,IND,2530530,19.0,8.4,4.5
401360064,IND,2566769,25.0,15.4,14.6
401360064,IND,2991043,17.0,2.9,2.0
401360064,IND,3133596,27.0,7.5,6.6
401360064,IND,3133628,26.0,14.3,10.2
401360064,IND,3155942,22.0,21.1,17.5
401360064,IND,4278031,9.0,-1.8,-2.4
401360064,IND,4348700,16.0,2.5,1.6
401360064,IND,4592402,23.0,5.1,2.3
401360064,NOP,4023,7.0,-0.1,0.0
401360064,NOP,6477,23.0,15.5,13.6
401360064,NOP,6621,21.0,-0.1,-1.0
401360064,NOP,2999409,6.0,7.0,5.8
401360064,NOP,3062679,24.0,1.8,0.3
401360064,NOP,3913176,26.0,6.5,6.3
401360064,NOP,4277813,17.0,2.6,0.0
401360064,NOP,4277869,12.0,1.2,0.3
401360064,NOP,4278039,26.0,1.2,0.0
401360064,NOP,4278594,12.0,13.9,12.4
401360064,NOP,4395698,27.0,4.4,3.9
401360064,NOP,4397077,19.0,0.3,-0.1
401360064,NOP,4397688,21.0,12.6,8.1
401360065,MIA,3012,36.0,1.3,1.7
401360065,MIA,3033,34.0,15.3,14.3
401360065,MIA,6430,38.0,24.2,21.1
401360065,MIA,2580913,9.0,0.2,1.0
401360065,MIA,3138160,18.0,5.2,3.0
401360065,MIA,3157465,20.0,4.7,4.4
401360065,MIA,4065778,25.0,-0.4,-0.4
401360065,MIA,4066261,29.0,8.7,10.1
401360065,MIA,4395725,30.0,14.6,11.8
401360065,WAS,6580,37.0,12.2,13.3
401360065,WAS,2580782,30.0,12.4,12.5
401360065,WAS,2581018,27.0,11.6,9.7
401360065,WAS,2968361,19.0,5.5,4.9
401360065,WAS,2991055,25.0,13.3,11.3
401360065,WAS,3134907,30.0,6.6,4.6
401360065,WAS,3922230,11.0,0.9,-0.4
401360065,WAS,4278049,15.0,0.5,1.1
401360065,WAS,4280151,18.0,2.9,2.3
401360065,WAS,4683021,27.0,8.8,7.8
401360066,ATL,2799,12.0,2.5,2.7
401360066,ATL,3428,32.0,17.4,12.7
401360066,ATL,2534781,7.0,-2.1,-1.7
401360066,ATL,3037789,24.0,3.2,3.3
401360066,ATL,3064447,14.0,1.6,-1.0
401360066,ATL,3102529,24.0,22.3,20.2
401360066,ATL,3908845,33.0,14.0,11.5
401360066,ATL,4066372,34.0,14.0,13.8
401360066,ATL,4277905,34.0,15.0,13.5
401360066,ATL,4395627,27.0,8.5,8.6
401360066,CHA,4249,35.0,12.6,8.5
401360066,CHA,4305,7.0,2.4,2.4
401360066,CHA,2488653,20.0,3.8,3.6
401360066,CHA,3074752,30.0,5.1,6.0
401360066,CHA,3133603,27.0,2.6,1.9
401360066,CHA,3138161,31.0,12.1,10.8
401360066,CHA,4066383,38.0,24.3,24.5
401360066,CHA,4066731,18.0,-1.3,-0.3
401360066,CHA,4432816,34.0,16.9,13.2
401360067,BOS,3213,30.0,13.8,10.9
401360067,BOS,6447,17.0,13.2,9.8
401360067,BOS,2581190,26.0,4.1,3.3
401360067,BOS,2990992,35.0,10.8,8.2
401360067,BOS,3032979,36.0,22.2,21.7
401360067,BOS,4017839,6.0,-2.8,-2.8
401360067,BOS,4065648,34.0,26.0,23.7
401360067,BOS,4065804,1.0,-0.7,-0.7
401360067,BOS,4066218,35.0,14.8,10.4
401360067,BOS,4066354,1.0,0.0,0.0
401360067,BOS,4277952,1.0,0.0,0.0
401360067,BOS,4396909,10.0,-2.7,-2.7
401360067,BOS,4397008,8.0,1.3,1.7
401360067,BOS,4407254,1.0,-0.3,-0.3
401360067,OKC,4257,20.0,8.8,7.1
401360067,OKC,3133626,19.0,8.7,7.1
401360067,OKC,4065733,15.0,10.3,9.8
401360067,OKC,4066392,9.0,7.6,7.8
401360067,OKC,4278073,34.0,4.1,4.8
401360067,OKC,4397020,36.0,8.0,8.3
401360067,OKC,4397183,10.0,4.2,3.9
401360067,OKC,4423545,34.0,5.7,2.3
401360067,OKC,4432813,27.0,10.8,9.4
401360067,OKC,4683018,9.0,-0.7,-1.3
401360067,OKC,4871145,29.0,11.4,9.0
401360068,MIL,3438,23.0,4.6,4.1
401360068,MIL,3995,30.0,7.1,5.7
401360068,MIL,6609,30.0,12.8,12.1
401360068,MIL,2578239,24.0,8.5,7.3
401360068,MIL,2581177,17.0,2.6,1.0
401360068,MIL,3032977,30.0,28.6,20.7
401360068,MIL,3064482,34.0,25.9,21.6
401360068,MIL,3102533,14.0,0.0,1.3
401360068,MIL,3135045,29.0,11.2,9.7
401360068,MIL,3945566,8.0,-3.9,-3.1
401360068,ORL,3447,18.0,4.9,5.8
401360068,ORL,6619,22.0,3.9,3.7
401360068,ORL,2999547,24.0,2.6,2.6
401360068,ORL,3150844,11.0,6.3,6.5
401360068,ORL,3936298,16.0,7.4,6.6
401360068,ORL,4277847,14.0,5.0,6.0
401360068,ORL,4277919,25.0,9.0,4.3
401360068,ORL,4278052,24.0,8.7,8.4
401360068,ORL,4397205,12.0,-1.7,-1.5
401360068,ORL,4432165,25.0,6.5,4.5
401360068,ORL,4566434,21.0,1.6,2.0
401360068,ORL,4590530,28.0,19.4,17.3
401360069,MEM,2991235,18.0,4.1,3.6
401360069,MEM,2993874,20.0,-0.3,-0.7
401360069,MEM,3134932,21.0,2.8,1.1
401360069,MEM,3135046,18.0,13.0,11.1
401360069,MEM,3906665,18.0,1.8,1.3
401360069,MEM,4066320,25.0,15.4,15.3
401360069,MEM,4066651,7.0,-0.6,0.6
401360069,MEM,4277928,8.0,2.7,1.7
401360069,MEM,4277961,26.0,4.8,4.8
401360069,MEM,4277964,19.0,6.1,4.3
401360069,MEM,4279888,27.0,6.6,6.0
401360069,MEM,4433137,21.0,1.5,1.9
401360069,MEM,4593125,12.0,3.3,2.4
401360069,MIN,3964,22.0,14.1,11.6
401360069,MIN,2982268,8.0,-1.1,-1.4
401360069,MIN,2990962,16.0,6.5,7.1
401360069,MIN,3134916,15.0,6.7,5.4
401360069,MIN,3136195,24.0,16.1,15.1
401360069,MIN,3136776,27.0,22.6,22.8
401360069,MIN,3907822,21.0,10.5,9.4
401360069,MIN,4067325,9.0,8.0,6.4
401360069,MIN,4278077,25.0,10.9,6.2
401360069,MIN,4278541,8.0,2.9,2.3
401360069,MIN,4396971,15.0,4.3,1.7
401360069,MIN,4431671,17.0,0.8,0.3
401360069,MIN,4594268,26.0,18.4,19.6
401360069,MIN,4683025,7.0,4.6,3.4
401360070,PHI,6440,36.0,16.4,14.4
401360070,PHI,6585,23.0,8.5,7.2
401360070,PHI,2326307,33.0,2.9,3.6
401360070,PHI,2990969,35.0,11.0,11.1
401360070,PHI,3907498,21.0,6.9,6.4
401360070,PHI,3915195,16.0,4.0,3.4
401360070,PHI,3929325,21.0,-1.2,-3.1
401360070,PHI,4395702,5.0,3.4,3.4
401360070,PHI,4397886,14.0,7.1,5.4
401360070,PHI,4431678,35.0,27.7,26.0
401360070,POR,6606,37.0,30.9,29.2
401360070,POR,2490149,37.0,11.4,9.4
401360070,POR,2490620,29.0,8.4,6.1
401360070,POR,2528353,10.0,-1.2,-0.7
401360070,POR,2579258,8.0,0.9,-0.7
401360070,POR,2580365,22.0,7.8,6.1
401360070,POR,2595516,29.0,11.6,12.1
401360070,POR,3102530,23.0,14.7,10.6
401360070,POR,4351851,22.0,6.6,6.0
401360070,POR,4395652,22.0,6.9,7.5
401360071,SAC,6578,35.0,16.1,12.7
401360071,SAC,6591,19.0,3.5,1.3
401360071,SAC,2596107,12.0,5.5,3.0
401360071,SAC,2990984,30.0,9.9,9.4
401360071,SAC,2993370,31.0,21.0,21.0
401360071,SAC,3064559,2.0,0.0,0.0
401360071,SAC,3914283,23.0,4.0,2.6
401360071,SAC,4066259,33.0,4.8,3.8
401360071,SAC,4278053,16.0,2.2,1.9
401360071,SAC,4396993,37.0,13.1,10.4
401360071,SAC,4431688,2.0,0.0,0.0
401360071,UTA,3005,17.0,1.7,0.3
401360071,UTA,3195,26.0,12.1,12.2
401360071,UTA,3593,31.0,7.2,5.0
401360071,UTA,4262,18.0,11.0,9.1
401360071,UTA,2528426,24.0,10.8,11.0
401360071,UTA,2583632,29.0,7.2,7.4
401360071,UTA,2968436,23.0,10.0,8.1
401360071,UTA,3032976,30.0,21.6,19.0
401360071,UTA,3133817,2.0,0.3,0.0
401360071,UTA,3908809,32.0,16.8,15.5
401360071,UTA,4065656,6.0,2.0,1.7
401360071,UTA,4066851,2.0,0.0,0.0
401360072,DAL,4376,3.0,4.6,4.7
401360072,DAL,2528210,36.0,3.5,3.6
401360072,DAL,2528779,32.0,-0.6,-1.7
401360072,DAL,2531367,19.0,8.0,6.8
401360072,DAL,2578185,24.0,4.7,4.3
401360072,DAL,2579260,13.0,1.6,1.3
401360072,DAL,2960236,20.0,3.2,1.6
401360072,DAL,2991282,10.0,2.9,1.4
401360072,DAL,3057187,8.0,-0.8,-1.0
401360072,DAL,3102531,32.0,21.2,20.2
401360072,DAL,3934672,35.0,18.9,16.3
401360072,DAL,4230547,9.0,-0.4,-1.1
401360072,LAC,3439,12.0,0.6,-0.2
401360072,LAC,4238,26.0,-0.6,-1.0
401360072,LAC,4251,38.0,15.1,14.5
401360072,LAC,6443,35.0,16.6,16.8
401360072,LAC,3135047,10.0,2.3,1.4
401360072,LAC,3907823,27.0,5.8,5.7
401360072,LAC,3913174,34.0,8.2,5.7
401360072,LAC,4017837,27.0,14.7,12.4
401360072,LAC,4066387,25.0,4.9,3.4
401360072,LAC,4222252,5.0,4.1,2.4
401360073,DET,6446,39.0,8.5,7.5
401360073,DET,2991070,37.0,25.0,23.2
401360073,DET,3136196,11.0,0.2,1.2
401360073,DET,4065651,26.0,10.6,9.0
401360073,DET,4066297,15.0,4.4,4.4
401360073,DET,4080610,21.0,18.5,15.3
401360073,DET,4397136,34.0,8.7,8.4
401360073,DET,4432166,38.0,9.5,5.4
401360073,DET,4432810,19.0,2.3,2.4
401360073,LAL,1966,21.0,8.1,8.2
401360073,LAL,1975,30.0,15.0,14.1
401360073,LAL,2384,13.0,11.9,11.1
401360073,LAL,3026,5.0,0.0,0.0
401360073,LAL,3442,13.0,8.3,6.9
401360073,LAL,3468,35.0,21.6,18.8
401360073,LAL,3981,12.0,1.2,0.9
401360073,LAL,4240,26.0,-1.7,-1.4
401360073,LAL,6583,40.0,31.8,23.2
401360073,LAL,4066262,12.0,5.0,4.1
401360073,LAL,4396991,33.0,2.6,2.0
401360074,CHI,3978,38.0,25.3,22.2
401360074,CHI,2596112,16.0,4.1,3.3
401360074,CHI,2991350,30.0,4.5,5.7
401360074,CHI,3064440,36.0,13.3,10.6
401360074,CHI,3936099,22.0,7.1,7.4
401360074,CHI,4065673,18.0,5.3,5.1
401360074,CHI,4066421,36.0,8.8,8.5
401360074,CHI,4067045,4.0,-0.8,0.0
401360074,CHI,4395651,21.0,8.5,9.3
401360074,CHI,4397002,20.0,3.5,2.3
401360074,NYK,3456,30.0,7.1,5.3
401360074,NYK,6429,29.0,6.3,7.7
401360074,NYK,6479,18.0,5.6,4.7
401360074,NYK,6588,23.0,-2.6,-3.9
401360074,NYK,2991280,26.0,7.6,6.9
401360074,NYK,3064514,39.0,25.2,24.7
401360074,NYK,4277922,4.0,0.7,0.0
401360074,NYK,4278355,13.0,12.0,10.5
401360074,NYK,4395625,33.0,6.0,1.3
401360074,NYK,4395724,25.0,6.2,5.6
401360075,DEN,3209,30.0,13.1,12.6
401360075,DEN,6579,28.0,2.4,1.0
401360075,DEN,6617,28.0,8.7,7.1
401360075,DEN,2327577,25.0,14.9,14.6
401360075,DEN,2968334,27.0,2.0,3.0
401360075,DEN,3059310,23.0,6.8,7.7
401360075,DEN,3064290,30.0,12.4,9.8
401360075,DEN,3899009,7.0,-0.4,-0.3
401360075,DEN,3923250,21.0,1.8,0.5
401360075,DEN,4065805,11.0,1.8,1.8
401360075,DEN,4397102,7.0,-0.1,-0.7
401360075,DEN,4592492,2.0,-1.1,-0.7
401360075,PHX,2779,24.0,13.7,14.0
401360075,PHX,3452,14.0,3.7,4.8
401360075,PHX,6581,24.0,11.5,11.1
401360075,PHX,2583639,8.0,3.0,2.4
401360075,PHX,3059307,5.0,0.6,0.7
401360075,PHX,3064230,21.0,8.4,6.3
401360075,PHX,3136193,28.0,17.1,15.3
401360075,PHX,3138196,23.0,16.2,16.1
401360075,PHX,3147657,33.0,9.2,6.4
401360075,PHX,3149010,2.0,1.0,0.7
401360075,PHX,3914044,24.0,7.5,4.3
401360075,PHX,4278129,26.0,18.7,16.3
401360075,PHX,4397189,6.0,4.9,3.7
401360076,GSW,3975,37.0,8.6,7.4
401360076,GSW,4269,4.0,-1.9,-2.2
401360076,GSW,6589,32.0,11.4,6.9
401360076,GSW,2594922,22.0,11.0,9.0
401360076,GSW,2595209,8.0,1.2,1.7
401360076,GSW,3059319,33.0,25.8,24.3
401360076,GSW,3137795,20.0,6.8,6.0
401360076,GSW,3155535,26.0,13.6,9.5
401360076,GSW,4277956,31.0,24.9,26.0
401360076,GSW,4401416,18.0,3.4,1.7
401360076,GSW,4432171,2.0,0.0,0.0
401360076,GSW,4433247,8.0,-1.8,-1.7
401360076,TOR,2578240,22.0,8.3,5.4
401360076,TOR,2991230,39.0,11.4,10.4
401360076,TOR,3133602,20.0,6.1,5.8
401360076,TOR,3149673,34.0,15.0,12.9
401360076,TOR,3948153,14.0,7.6,7.4
401360076,TOR,4066668,8.0,3.7,1.7
401360076,TOR,4277843,29.0,0.4,2.4
401360076,TOR,4397885,20.0,2.1,2.4
401360076,TOR,4431679,26.0,13.0,11.9
401360076,TOR,4433134,28.0,9.3,6.5
401360077,BKN,2983,34.0,18.4,16.6
401360077,BKN,3015,10.0,1.4,0.3
401360077,BKN,3202,39.0,23.9,21.2
401360077,BKN,3989,9.0,-0.6,0.0
401360077,BKN,3992,38.0,18.2,14.5
401360077,BKN,3999,29.0,6.6,5.6
401360077,BKN,4004,35.0,14.8,14.5
401360077,BKN,3062667,23.0,3.8,4.0
401360077,BKN,3133635,8.0,2.1,2.3
401360077,BKN,4432174,15.0,9.3,7.7
401360077,CLE,3449,17.0,7.9,4.3
401360077,CLE,4011,29.0,11.1,10.1
401360077,CLE,4259,9.0,1.0,0.0
401360077,CLE,3906786,8.0,-1.2,0.0
401360077,CLE,3912848,34.0,8.1,5.4
401360077,CLE,4066328,37.0,16.7,13.7
401360077,CLE,4066336,31.0,16.1,14.0
401360077,CLE,4396907,39.0,15.5,15.8
401360077,CLE,4432822,36.0,14.3,11.4
401360078,CHA,4249,35.0,12.3,11.0
401360078,CHA,2488653,22.0,8.1,6.9
401360078,CHA,3074752,35.0,26.3,24.9
401360078,CHA,3133603,22.0,3.0,3.0
401360078,CHA,3138161,28.0,4.5,2.6
401360078,CHA,4066383,41.0,0.0,-1.8
401360078,CHA,4066731,9.0,-1.6,-0.8
401360078,CHA,4278076,9.0,6.7,6.4
401360078,CHA,4432816,38.0,20.9,14.0
401360078,WAS,6580,39.0,13.9,11.8
401360078,WAS,2580782,30.0,2.9,2.5
401360078,WAS,2581018,28.0,16.8,13.3
401360078,WAS,2968361,11.0,-0.8,-1.0
401360078,WAS,2991055,27.0,24.3,21.4
401360078,WAS,3134907,31.0,8.7,6.2
401360078,WAS,3922230,17.0,2.9,1.7
401360078,WAS,4278049,21.0,5.1,3.6
401360078,WAS,4280151,16.0,-0.8,-0.4
401360078,WAS,4683021,19.0,4.4,2.6
401360079,ATL,2799,17.0,4.3,4.7
401360079,ATL,3428,25.0,12.9,10.2
401360079,ATL,2534781,1.0,0.0,0.0
401360079,ATL,3037789,27.0,8.0,5.9
401360079,ATL,3064447,15.0,8.0,8.1
401360079,ATL,3102529,30.0,8.9,7.5
401360079,ATL,3893019,1.0,-1.4,-1.4
401360079,ATL,3908845,35.0,15.4,10.2
401360079,ATL,4066269,1.0,0.0,0.0
401360079,ATL,4066372,30.0,14.0,12.6
401360079,ATL,4277905,32.0,23.6,22.5
401360079,ATL,4395627,23.0,5.5,4.3
401360079,ATL,4432173,1.0,0.0,0.0
401360079,ATL,4701230,1.0,0.0,0.0
401360079,OKC,4257,17.0,8.0,6.4
401360079,OKC,2490089,16.0,4.5,5.0
401360079,OKC,3133626,14.0,6.8,6.9
401360079,OKC,3929321,1.0,0.0,0.0
401360079,OKC,4065733,16.0,17.8,15.2
401360079,OKC,4066392,10.0,2.3,1.7
401360079,OKC,4397020,30.0,5.2,5.2
401360079,OKC,4397183,18.0,1.6,2.4
401360079,OKC,4423545,33.0,-0.7,-1.8
401360079,OKC,4432813,32.0,13.3,10.0
401360079,OKC,4683018,22.0,6.4,5.0
401360079,OKC,4871145,31.0,15.8,12.3
401360080,BOS,3213,24.0,14.8,11.2
401360080,BOS,6447,11.0,2.4,2.7
401360080,BOS,2990992,28.0,5.5,4.8
401360080,BOS,3032979,28.0,6.7,6.2
401360080,BOS,3917376,23.0,11.3,10.3
401360080,BOS,4017839,6.0,1.3,0.0
401360080,BOS,4065648,34.0,21.3,19.7
401360080,BOS,4065804,4.0,0.2,-0.7
401360080,BOS,4066211,23.0,7.4,3.5
401360080,BOS,4066218,25.0,5.2,3.8
401360080,BOS,4066354,6.0,-3.4,-3.4
401360080,BOS,4277952,2.0,0.3,0.0
401360080,BOS,4396909,6.0,-0.5,0.3
401360080,BOS,4397008,20.0,9.9,7.4
401360080,HOU,3415,17.0,1.9,2.4
401360080,HOU,3431,25.0,3.6,3.3
401360080,HOU,2451037,22.0,1.2,0.9
401360080,HOU,2991155,7.0,-0.5,-0.1
401360080,HOU,3058254,24.0,4.3,1.7
401360080,HOU,3062744,6.0,2.8,1.9
401360080,HOU,3136777,22.0,3.1,2.0
401360080,HOU,3913180,19.0,-0.5,-0.1
401360080,HOU,4066450,25.0,14.9,11.7
401360080,HOU,4431828,22.0,6.6,3.8
401360080,HOU,4432168,6.0,5.4,5.4
401360080,HOU,4437244,25.0,1.9,2.1
401360080,HOU,4871144,21.0,10.1,8.6
401360081,CHI,3978,27.0,7.9,7.4
401360081,CHI,2596112,16.0,4.4,2.3
401360081,CHI,3059311,12.0,1.8,0.9
401360081,CHI,3064440,26.0,6.9,6.6
401360081,CHI,3936099,19.0,8.8,7.3
401360081,CHI,4065673,17.0,5.5,4.4
401360081,CHI,4066421,25.0,-2.7,-4.5
401360081,CHI,4067045,5.0,0.3,-0.7
401360081,CHI,4278508,30.0,3.0,2.2
401360081,CHI,4395651,25.0,-0.2,-0.1
401360081,CHI,4397002,24.0,5.9,6.1
401360081,CHI,4397016,7.0,1.2,0.3
401360081,CHI,4683622,7.0,-0.8,-1.1
401360081,IND,6507,7.0,1.2,1.3
401360081,IND,6603,9.0,5.0,4.4
401360081,IND,2284101,26.0,11.9,10.1
401360081,IND,2528693,17.0,6.2,3.4
401360081,IND,2530530,21.0,5.3,4.8
401360081,IND,2566769,29.0,18.4,15.2
401360081,IND,2991043,20.0,9.8,7.5
401360081,IND,3133596,20.0,5.6,4.7
401360081,IND,3133628,26.0,13.4,8.7
401360081,IND,3155942,26.0,18.5,17.0
401360081,IND,4278031,7.0,3.7,2.7
401360081,IND,4348700,7.0,-2.6,-3.1
401360081,IND,4432170,4.0,-1.5,-2.1
401360081,IND,4592402,23.0,5.7,2.2
401360082,MIL,3438,19.0,5.6,4.0
401360082,MIL,3995,23.0,16.8,14.1
401360082,MIL,6609,20.0,12.4,9.8
401360082,MIL,2578239,22.0,17.5,14.5
401360082,MIL,2581177,22.0,4.9,2.7
401360082,MIL,3032977,24.0,14.1,11.1
401360082,MIL,3064482,23.0,9.8,8.5
401360082,MIL,3102533,14.0,-0.4,-0.8
401360082,MIL,3135045,19.0,9.9,9.7
401360082,MIL,3945566,14.0,4.3,4.4
401360082,MIL,4277883,26.0,7.9,6.3
401360082,MIL,4683022,13.0,4.6,4.4
401360082,ORL,3447,13.0,8.7,8.4
401360082,ORL,6619,18.0,-3.4,-3.5
401360082,ORL,3150844,24.0,14.4,13.4
401360082,ORL,3936298,27.0,5.5,5.9
401360082,ORL,4277847,28.0,8.8,5.1
401360082,ORL,4277919,20.0,0.5,-0.4
401360082,ORL,4278052,26.0,11.8,8.4
401360082,ORL,4397205,12.0,4.9,4.1
401360082,ORL,4432165,17.0,-1.8,-0.8
401360082,ORL,4566434,24.0,-5.0,-5.2
401360082,ORL,4590530,31.0,12.4,9.8
401360083,MIN,3964,26.0,14.3,10.1
401360083,MIN,2982268,3.0,0.0,0.0
401360083,MIN,2990962,14.0,1.5,-1.4
401360083,MIN,3134916,3.0,-0.7,-0.7
401360083,MIN,3136195,35.0,20.0,18.4
401360083,MIN,3136776,31.0,6.0,5.5
401360083,MIN,3907822,22.0,3.9,2.6
401360083,MIN,4067325,3.0,2.0,1.7
401360083,MIN,4278077,25.0,17.2,15.6
401360083,MIN,4278541,3.0,-1.1,-1.4
401360083,MIN,4396971,10.0,5.6,5.1
401360083,MIN,4431671,30.0,11.6,8.5
401360083,MIN,4594268,33.0,12.3,7.5
401360083,MIN,4683025,3.0,-0.7,-0.3
401360083,NOP,4023,14.0,1.9,1.0
401360083,NOP,6477,19.0,7.4,8.1
401360083,NOP,6621,13.0,-0.8,0.0
401360083,NOP,2999409,22.0,17.4,15.6
401360083,NOP,3062679,32.0,16.8,11.6
401360083,NOP,3913176,37.0,0.2,-1.1
401360083,NOP,4277813,31.0,5.1,4.4
401360083,NOP,4277869,3.0,-0.7,-0.7
401360083,NOP,4278039,27.0,10.9,10.1
401360083,NOP,4278594,6.0,0.6,0.7
401360083,NOP,4395698,32.0,6.9,5.0
401360083,NOP,4397688,4.0,-0.1,0.0
401360084,PHX,2779,31.0,7.0,5.8
401360084,PHX,3452,15.0,9.5,8.6
401360084,PHX,6581,25.0,5.7,4.0
401360084,PHX,3064230,20.0,17.6,15.7
401360084,PHX,3136193,34.0,12.4,13.0
401360084,PHX,3138196,23.0,1.9,0.3
401360084,PHX,3147657,36.0,6.7,4.8
401360084,PHX,3914044,23.0,12.4,11.2
401360084,PHX,4278129,33.0,19.9,17.0
401360084,SAS,3244,5.0,2.7,2.7
401360084,SAS,2994526,7.0,-2.1,-1.7
401360084,SAS,3078576,40.0,17.3,13.8
401360084,SAS,3134908,31.0,12.0,12.4
401360084,SAS,3136779,19.0,6.0,3.5
401360084,SAS,3907497,37.0,18.4,12.5
401360084,SAS,3914285,12.0,3.8,3.7
401360084,SAS,4277890,22.0,3.7,3.3
401360084,SAS,4395626,9.0,5.7,5.8
401360084,SAS,4395630,30.0,14.4,11.8
401360084,SAS,4395723,27.0,4.5,3.3
401360085,MEM,2991235,24.0,9.6,5.5
401360085,MEM,2993874,23.0,11.4,8.6
401360085,MEM,3134932,21.0,2.2,2.4
401360085,MEM,3135046,11.0,0.6,0.0
401360085,MEM,3906665,26.0,10.4,10.2
401360085,MEM,4066320,34.0,21.2,19.6
401360085,MEM,4277961,34.0,21.7,18.0
401360085,MEM,4279888,37.0,20.5,18.7
401360085,MEM,4433137,29.0,5.7,5.3
401360085,UTA,3005,18.0,0.5,-1.8
401360085,UTA,3195,30.0,16.0,14.6
401360085,UTA,3593,30.0,17.6,17.5
401360085,UTA,4262,15.0,9.7,9.0
401360085,UTA,2528426,23.0,7.5,6.3
401360085,UTA,2583632,30.0,7.3,5.7
401360085,UTA,2968436,24.0,2.0,0.4
401360085,UTA,3032976,33.0,26.2,20.6
401360085,UTA,3908809,36.0,10.4,10.0
401360085,UTA,4065656,2.0,-0.1,0.0
401360086,PHI,6585,31.0,14.7,8.4
401360086,PHI,2990969,39.0,5.2,4.9
401360086,PHI,3907498,33.0,16.8,11.8
401360086,PHI,3915195,36.0,11.6,10.4
401360086,PHI,3929325,28.0,9.4,7.6
401360086,PHI,4278562,6.0,2.0,2.4
401360086,PHI,4395702,17.0,7.5,7.3
401360086,PHI,4397886,15.0,1.0,1.1
401360086,PHI,4431678,35.0,15.7,14.6
401360086,SAC,6474,11.0,7.9,6.7
401360086,SAC,6578,36.0,5.0,4.0
401360086,SAC,6591,19.0,-0.4,-0.1
401360086,SAC,2596107,9.0,-1.1,-1.0
401360086,SAC,2990984,31.0,14.3,12.7
401360086,SAC,2993370,28.0,16.3,15.3
401360086,SAC,4066259,36.0,13.6,13.6
401360086,SAC,4277848,12.0,3.5,2.0
401360086,SAC,4278053,25.0,-1.4,-2.5
401360086,SAC,4396993,33.0,4.7,3.9
401360087,DET,6446,34.0,11.4,9.0
401360087,DET,2991070,35.0,17.9,13.9
401360087,DET,3136196,25.0,7.5,5.7
401360087,DET,4065651,31.0,5.6,8.0
401360087,DET,4066297,11.0,0.2,-0.4
401360087,DET,4080610,15.0,8.5,8.2
401360087,DET,4277951,17.0,4.4,5.8
401360087,DET,4278124,7.0,-1.1,-1.0
401360087,DET,4397136,36.0,5.7,4.9
401360087,DET,4432166,29.0,0.3,-0.0
401360087,MIA,3012,35.0,14.6,10.9
401360087,MIA,3033,22.0,1.0,0.0
401360087,MIA,6430,35.0,11.7,10.0
401360087,MIA,2580913,17.0,5.8,5.8
401360087,MIA,3137259,18.0,-0.4,-2.2
401360087,MIA,3138160,26.0,5.2,1.6
401360087,MIA,3157465,23.0,5.7,6.0
401360087,MIA,4066261,31.0,14.8,12.8
401360087,MIA,4395725,33.0,22.2,20.5
401360088,LAL,1975,28.0,2.3,3.7
401360088,LAL,2384,10.0,-0.4,-0.3
401360088,LAL,3442,25.0,8.8,5.8
401360088,LAL,3468,37.0,28.5,23.7
401360088,LAL,3981,17.0,0.6,0.3
401360088,LAL,4240,30.0,14.1,10.4
401360088,LAL,6583,34.0,13.2,12.7
401360088,LAL,4066262,31.0,10.5,8.0
401360088,LAL,4396991,29.0,-3.7,-4.8
401360088,NYK,6429,26.0,11.5,8.4
401360088,NYK,6479,23.0,5.6,4.1
401360088,NYK,6588,42.0,19.6,20.2
401360088,NYK,2991280,39.0,6.7,2.7
401360088,NYK,3064514,34.0,13.4,9.9
401360088,NYK,4278355,22.0,8.5,6.4
401360088,NYK,4395625,27.0,8.6,7.7
401360088,NYK,4395724,22.0,9.1,9.4
401360088,NYK,4397014,5.0,-0.1,0.0
401360089,DEN,3209,35.0,19.4,17.2
401360089,DEN,6579,35.0,8.9,7.9
401360089,DEN,6617,21.0,6.9,6.4
401360089,DEN,2327577,26.0,6.0,4.3
401360089,DEN,2968334,29.0,10.5,8.1
401360089,DEN,3059310,30.0,8.3,8.5
401360089,DEN,3064290,32.0,8.3,8.5
401360089,DEN,3899009,3.0,-0.7,-1.0
401360089,DEN,3923250,4.0,2.0,1.7
401360089,DEN,4065805,3.0,2.0,1.0
401360089,DEN,4230557,3.0,0.6,0.6
401360089,DEN,4397102,3.0,0.3,0.0
401360089,DEN,4431690,15.0,5.9,2.7
401360089,POR,6606,31.0,23.5,22.0
401360089,POR,2490149,34.0,27.7,25.2
401360089,POR,2490620,27.0,11.2,7.1
401360089,POR,2528353,11.0,-3.2,-2.8
401360089,POR,2578213,4.0,0.0,0.0
401360089,POR,2579258,10.0,0.9,0.6
401360089,POR,2580365,15.0,5.9,3.8
401360089,POR,2595516,26.0,13.4,10.3
401360089,POR,3102530,24.0,6.9,4.1
401360089,POR,4065697,4.0,-1.7,-2.0
401360089,POR,4351851,23.0,8.5,8.8
401360089,POR,4395652,23.0,11.9,10.4
401360089,POR,4397166,4.0,0.9,0.7
401360089,POR,4432161,4.0,3.0,1.7
401360090,DAL,2528210,41.0,4.6,4.1
401360090,DAL,2531367,9.0,-1.3,-0.8
401360090,DAL,2578185,49.0,14.3,10.7
401360090,DAL,2579260,10.0,2.8,3.3
401360090,DAL,2960236,36.0,12.6,9.1
401360090,DAL,2991282,17.0,1.1,1.0
401360090,DAL,3057187,10.0,6.7,6.1
401360090,DAL,3102531,40.0,22.7,20.9
401360090,DAL,3934672,11.0,4.8,2.8
401360090,DAL,3945274,41.0,19.1,15.9
401360090,LAC,3439,6.0,0.9,0.6
401360090,LAC,4238,25.0,1.1,1.1
401360090,LAC,4251,48.0,15.3,13.5
401360090,LAC,6443,42.0,22.7,17.7
401360090,LAC,6462,31.0,0.9,-1.2
401360090,LAC,3135047,1.0,0.0,0.0
401360090,LAC,3907823,19.0,1.9,2.7
401360090,LAC,3913174,32.0,2.1,3.7
401360090,LAC,4017837,26.0,10.6,9.5
401360090,LAC,4066387,24.0,5.9,5.7
401360090,LAC,4222252,11.0,5.4,5.5
401360091,CLE,3449,22.0,11.4,10.8
401360091,CLE,4011,29.0,4.3,3.3
401360091,CLE,2999549,6.0,2.0,0.0
401360091,CLE,3893016,28.0,17.5,16.5
401360091,CLE,3912848,16.0,-2.6,-1.4
401360091,CLE,4066328,38.0,24.5,23.4
401360091,CLE,4066336,36.0,10.2,7.3
401360091,CLE,4396907,30.0,10.9,11.7
401360091,CLE,4432822,34.0,4.5,4.0
401360091,PHX,2779,32.0,17.4,18.0
401360091,PHX,3452,20.0,14.4,11.2
401360091,PHX,6581,29.0,7.0,5.3
401360091,PHX,3064230,22.0,0.4,0.5
401360091,PHX,3136193,39.0,25.4,24.3
401360091,PHX,3138196,21.0,8.4,7.6
401360091,PHX,3147657,34.0,10.1,10.2
401360091,PHX,3914044,16.0,-2.3,-2.8
401360091,PHX,4278129,27.0,12.1,11.3
401360092,IND,2284101,35.0,8.8,8.2
401360092,IND,2528693,21.0,5.7,4.3
401360092,IND,2530530,25.0,12.3,11.6
401360092,IND,2566769,46.0,18.7,17.0
401360092,IND,2991043,27.0,4.0,4.0
401360092,IND,3133596,9.0,-1.2,-0.7
401360092,IND,3133628,36.0,12.2,9.4
401360092,IND,3155942,35.0,17.5,16.4
401360092,IND,4592402,30.0,4.2,4.1
401360092,LAL,1966,43.0,28.8,25.7
401360092,LAL,1975,30.0,7.0,7.2
401360092,LAL,2384,14.0,10.6,10.3
401360092,LAL,3442,21.0,2.8,1.0
401360092,LAL,3468,40.0,12.2,10.9
401360092,LAL,3981,30.0,14.1,13.2
401360092,LAL,4240,25.0,0.6,-0.3
401360092,LAL,4066262,34.0,12.6,10.4
401360092,LAL,4396991,29.0,5.6,3.6
401360093,CHA,4249,25.0,-0.3,-3.2
401360093,CHA,2488653,21.0,10.4,8.9
401360093,CHA,3074752,37.0,25.3,17.7
401360093,CHA,3133603,34.0,12.7,11.9
401360093,CHA,3138161,28.0,13.3,10.3
401360093,CHA,4066383,38.0,10.6,6.0
401360093,CHA,4066731,18.0,6.8,6.1
401360093,CHA,4278076,7.0,3.4,1.4
401360093,CHA,4278078,6.0,-1.4,-2.4
401360093,CHA,4432816,26.0,13.7,14.4
401360093,ORL,2999547,35.0,8.2,7.4
401360093,ORL,3150844,12.0,10.0,10.1
401360093,ORL,3936298,24.0,1.1,1.2
401360093,ORL,4277847,32.0,16.0,12.2
401360093,ORL,4277919,31.0,10.5,8.7
401360093,ORL,4278052,20.0,-1.0,-3.1
401360093,ORL,4432165,30.0,8.5,8.0
401360093,ORL,4566434,33.0,15.3,14.6
401360093,ORL,4590530,22.0,-0.8,-1.7
401360094,BKN,2983,29.0,16.2,12.4
401360094,BKN,3015,17.0,0.2,-0.4
401360094,BKN,3202,37.0,18.0,16.6
401360094,BKN,3992,36.0,19.7,17.5
401360094,BKN,3999,21.0,4.3,4.3
401360094,BKN,4004,33.0,19.1,19.2
401360094,BKN,3062667,26.0,12.0,6.8
401360094,BKN,3133635,11.0,5.8,5.8
401360094,BKN,4397693,3.0,0.0,0.0
401360094,BKN,4432174,25.0,9.8,9.3
401360094,BKN,4432194,3.0,3.7,3.7
401360094,BOS,3213,24.0,4.7,5.4
401360094,BOS,6447,7.0,10.2,8.5
401360094,BOS,2990992,36.0,20.0,17.9
401360094,BOS,3032979,36.0,7.2,7.0
401360094,BOS,3056600,16.0,5.1,5.1
401360094,BOS,3917376,24.0,5.6,3.2
401360094,BOS,4017839,3.0,3.0,2.7
401360094,BOS,4065648,30.0,6.6,4.5
401360094,BOS,4066218,22.0,5.4,4.0
401360094,BOS,4066354,4.0,3.4,3.4
401360094,BOS,4277952,3.0,0.0,0.0
401360094,BOS,4396909,12.0,2.2,3.0
401360094,BOS,4397008,23.0,5.2,5.0
401360095,CHI,3978,36.0,11.1,9.0
401360095,CHI,6478,26.0,9.6,6.7
401360095,CHI,2596112,27.0,10.0,7.9
401360095,CHI,2991350,33.0,15.6,12.5
401360095,CHI,3064440,36.0,17.5,16.0
401360095,CHI,3936099,11.0,0.6,0.0
401360095,CHI,4065673,2.0,-0.1,0.0
401360095,CHI,4066421,37.0,17.9,14.6
401360095,CHI,4395651,15.0,0.8,1.3
401360095,CHI,4397002,17.0,7.4,5.4
401360095,HOU,3415,15.0,-2.1,-3.3
401360095,HOU,3431,32.0,7.7,5.7
401360095,HOU,2991155,17.0,18.8,15.9
401360095,HOU,3058254,32.0,14.8,12.9
401360095,HOU,3136777,21.0,-1.6,-1.7
401360095,HOU,3913180,28.0,11.3,10.1
401360095,HOU,4066450,17.0,8.9,8.7
401360095,HOU,4397140,37.0,9.2,6.4
401360095,HOU,4431828,15.0,3.2,2.3
401360095,HOU,4437244,11.0,10.4,9.8
401360095,HOU,4871144,16.0,10.7,10.0
401360096,MEM,2991235,20.0,1.9,1.1
401360096,MEM,2993874,24.0,8.6,7.5
401360096,MEM,3134932,15.0,2.6,1.4
401360096,MEM,3135046,14.0,2.0,1.4
401360096,MEM,3155526,26.0,8.8,9.5
401360096,MEM,3906665,26.0,16.3,15.3
401360096,MEM,4066320,34.0,14.8,13.8
401360096,MEM,4277961,25.0,14.9,13.5
401360096,MEM,4279888,35.0,20.7,17.5
401360096,MEM,4433137,21.0,-0.6,0.2
401360096,TOR,2991230,37.0,21.3,18.4
401360096,TOR,3133602,18.0,5.6,4.3
401360096,TOR,3133838,14.0,4.8,1.9
401360096,TOR,3149673,33.0,13.9,12.6
401360096,TOR,3948153,7.0,3.7,3.7
401360096,TOR,4066668,12.0,6.5,6.9
401360096,TOR,4277843,39.0,20.0,19.1
401360096,TOR,4397885,14.0,2.9,3.1
401360096,TOR,4431679,28.0,14.5,14.9
401360096,TOR,4433134,39.0,13.0,11.6
401360097,DET,6446,7.0,-2.4,-2.4
401360097,DET,2488826,3.0,0.0,0.0
401360097,DET,2991070,28.0,8.0,6.3
401360097,DET,3136196,23.0,12.8,13.1
401360097,DET,4065651,23.0,1.5,0.9
401360097,DET,4066297,20.0,6.2,6.3
401360097,DET,4080610,20.0,4.6,3.7
401360097,DET,4277951,23.0,3.8,3.3
401360097,DET,4278124,29.0,11.7,6.9
401360097,DET,4397136,33.0,6.7,5.8
401360097,DET,4432166,30.0,5.7,3.7
401360097,MIL,3438,27.0,5.7,5.5
401360097,MIL,3995,34.0,17.1,15.2
401360097,MIL,6609,28.0,6.0,1.6
401360097,MIL,2578239,24.0,6.3,4.7
401360097,MIL,2581177,14.0,-0.8,-0.7
401360097,MIL,3032977,31.0,33.1,29.0
401360097,MIL,3064482,31.0,24.1,23.3
401360097,MIL,3102533,2.0,-0.8,-1.0
401360097,MIL,3135045,24.0,0.1,-0.4
401360097,MIL,3945566,3.0,-1.7,-1.7
401360097,MIL,4277883,16.0,4.3,2.4
401360097,MIL,4278580,3.0,-0.4,-0.7
401360097,MIL,4683022,2.0,0.0,0.0
401360098,MIA,3012,23.0,4.3,4.2
401360098,MIA,3033,32.0,3.6,3.4
401360098,MIA,6430,39.0,14.8,11.8
401360098,MIA,2580913,8.0,7.2,7.4
401360098,MIA,3137259,18.0,11.0,10.1
401360098,MIA,3138160,13.0,0.8,0.6
401360098,MIA,3157465,38.0,9.6,8.3
401360098,MIA,4066261,36.0,10.8,10.5
401360098,MIA,4395725,34.0,4.2,1.8
401360098,MIN,3964,5.0,-1.1,-0.7
401360098,MIN,2990962,12.0,0.1,0.6
401360098,MIN,3134916,11.0,-0.6,-0.6
401360098,MIN,3136195,29.0,7.4,6.4
401360098,MIN,3136776,37.0,16.1,12.8
401360098,MIN,3907822,38.0,20.7,19.6
401360098,MIN,4278077,25.0,16.7,12.3
401360098,MIN,4396971,16.0,2.4,1.3
401360098,MIN,4431671,24.0,2.3,2.7
401360098,MIN,4594268,43.0,25.2,19.2
401360099,NOP,4023,13.0,2.2,1.9
401360099,NOP,6477,24.0,15.1,13.8
401360099,NOP,6621,14.0,5.9,5.4
401360099,NOP,2999409,22.0,16.1,10.7
401360099,NOP,3062679,32.0,17.7,15.2
401360099,NOP,3133601,21.0,5.1,6.3
401360099,NOP,3913176,32.0,23.3,22.2
401360099,NOP,4277813,30.0,8.7,4.5
401360099,NOP,4277869,4.0,0.9,1.4
401360099,NOP,4278039,24.0,9.0,7.8
401360099,NOP,4278594,5.0,1.9,2.3
401360099,NOP,4395698,13.0,0.2,-1.4
401360099,NOP,4397688,5.0,6.8,6.8
401360099,WAS,6426,19.0,-4.2,-2.9
401360099,WAS,6580,28.0,11.4,11.7
401360099,WAS,2580782,25.0,10.7,9.4
401360099,WAS,2581018,23.0,5.4,3.9
401360099,WAS,2581184,6.0,7.3,6.1
401360099,WAS,2968361,21.0,11.3,10.0
401360099,WAS,2991055,24.0,9.3,8.2
401360099,WAS,3134907,28.0,4.1,3.8
401360099,WAS,3922230,18.0,1.2,1.4
401360099,WAS,4278049,14.0,6.1,5.5
401360099,WAS,4280151,8.0,0.5,0.2
401360099,WAS,4683021,25.0,3.0,1.3
401360100,OKC,4257,14.0,0.0,-2.2
401360100,OKC,2490089,8.0,1.2,1.3
401360100,OKC,3133626,17.0,12.9,10.5
401360100,OKC,4065733,18.0,4.1,3.2
401360100,OKC,4397020,37.0,17.3,16.2
401360100,OKC,4397183,26.0,0.7,0.3
401360100,OKC,4423545,31.0,10.5,5.3
401360100,OKC,4432813,28.0,12.0,10.5
401360100,OKC,4683018,15.0,2.6,3.4
401360100,OKC,4683027,13.0,4.9,4.3
401360100,OKC,4871145,34.0,12.2,11.3
401360100,UTA,3005,16.0,12.1,11.4
401360100,UTA,3195,29.0,15.1,14.5
401360100,UTA,3593,31.0,13.8,11.3
401360100,UTA,4262,3.0,1.3,1.7
401360100,UTA,2528426,24.0,16.2,16.5
401360100,UTA,2583632,31.0,7.5,0.2
401360100,UTA,2968436,22.0,0.9,0.3
401360100,UTA,3032976,39.0,21.5,11.8
401360100,UTA,3133817,6.0,-2.5,-2.4
401360100,UTA,3908809,36.0,8.2,7.4
401360100,UTA,4065656,2.0,0.7,0.7
401360101,ATL,2799,14.0,9.1,9.1
401360101,ATL,3428,22.0,10.3,9.7
401360101,ATL,2488958,3.0,-1.1,-0.7
401360101,ATL,2534781,4.0,1.3,0.0
401360101,ATL,3037789,30.0,16.6,13.5
401360101,ATL,3064447,18.0,0.8,-0.4
401360101,ATL,3102529,32.0,18.1,8.4
401360101,ATL,3893019,4.0,2.0,2.4
401360101,ATL,3908845,34.0,9.6,8.7
401360101,ATL,4066372,26.0,7.5,6.4
401360101,ATL,4277905,30.0,30.2,27.2
401360101,ATL,4395627,22.0,9.9,10.1
401360101,SAS,3244,8.0,4.6,4.8
401360101,SAS,2994526,24.0,19.4,17.9
401360101,SAS,3078576,30.0,3.1,0.6
401360101,SAS,3134908,29.0,14.0,12.5
401360101,SAS,3136779,18.0,-0.5,-1.4
401360101,SAS,3146557,5.0,0.6,1.0
401360101,SAS,3907497,34.0,21.1,17.7
401360101,SAS,3914285,6.0,3.4,3.4
401360101,SAS,4277890,20.0,3.4,3.4
401360101,SAS,4395626,9.0,1.0,1.0
401360101,SAS,4395630,22.0,3.8,1.3
401360101,SAS,4395723,35.0,9.0,7.6
401360102,GSW,3975,35.0,21.8,20.0
401360102,GSW,4269,6.0,0.3,0.3
401360102,GSW,6589,28.0,10.7,8.6
401360102,GSW,2594922,20.0,11.0,9.8
401360102,GSW,2595209,15.0,-1.3,-1.8
401360102,GSW,3059319,34.0,14.3,10.8
401360102,GSW,3134903,18.0,4.3,5.1
401360102,GSW,3155535,23.0,6.1,3.7
401360102,GSW,4277956,33.0,11.6,11.7
401360102,GSW,4401416,25.0,17.4,15.1
401360102,GSW,4433247,4.0,0.2,-0.1
401360102,PHI,3988,17.0,11.7,6.8
401360102,PHI,6585,27.0,-3.3,-4.4
401360102,PHI,2326307,33.0,15.7,15.0
401360102,PHI,2990969,26.0,0.5,2.0
401360102,PHI,3907498,33.0,8.2,3.1
401360102,PHI,3915195,24.0,11.1,7.8
401360102,PHI,3929325,22.0,5.7,5.7
401360102,PHI,4278562,2.0,0.3,-0.7
401360102,PHI,4395702,15.0,5.7,5.4
401360102,PHI,4397886,8.0,-0.7,-1.0
401360102,PHI,4431678,33.0,12.4,11.6
401360103,POR,6606,40.0,28.2,28.2
401360103,POR,2490149,36.0,3.7,4.4
401360103,POR,2490620,15.0,-1.7,-1.7
401360103,POR,2528353,5.0,0.0,0.0
401360103,POR,2579258,10.0,2.7,2.4
401360103,POR,2580365,20.0,4.5,3.0
401360103,POR,2595516,35.0,14.0,12.6
401360103,POR,3102530,32.0,26.9,24.1
401360103,POR,4065697,20.0,2.5,0.3
401360103,POR,4395652,27.0,13.7,12.9
401360103,SAC,6474,12.0,5.2,4.8
401360103,SAC,6578,29.0,9.1,8.2
401360103,SAC,6591,24.0,8.2,7.0
401360103,SAC,2596107,17.0,11.2,11.2
401360103,SAC,2990984,30.0,12.4,10.5
401360103,SAC,3064559,18.0,8.4,9.4
401360103,SAC,4066259,27.0,14.7,14.3
401360103,SAC,4277848,19.0,7.4,7.1
401360103,SAC,4278053,30.0,11.8,13.4
401360103,SAC,4396993,33.0,7.6,3.0
401360104,DET,6446,25.0,10.4,8.8
401360104,DET,2991070,33.0,13.7,12.6
401360104,DET,3136196,15.0,11.3,10.8
401360104,DET,4065651,21.0,2.3,2.3
401360104,DET,4066297,19.0,2.9,2.3
401360104,DET,4080610,18.0,3.4,0.3
401360104,DET,4277951,10.0,4.6,4.0
401360104,DET,4278124,20.0,5.6,3.4
401360104,DET,4397136,23.0,3.1,3.6
401360104,DET,4432166,28.0,5.5,3.3
401360104,DET,4432810,27.0,2.7,-0.8
401360104,LAC,3439,19.0,8.7,7.8
401360104,LAC,4238,30.0,10.9,11.2
401360104,LAC,4251,32.0,5.5,1.1
401360104,LAC,6443,34.0,14.1,13.7
401360104,LAC,6462,23.0,3.6,2.3
401360104,LAC,3135047,3.0,0.0,0.0
401360104,LAC,3907823,31.0,11.9,10.1
401360104,LAC,3913174,28.0,3.1,1.3
401360104,LAC,4017837,22.0,14.6,11.3
401360104,LAC,4222252,19.0,11.9,11.6
401360105,CHA,4249,27.0,14.4,11.9
401360105,CHA,4305,6.0,0.0,0.0
401360105,CHA,3074752,29.0,15.1,11.5
401360105,CHA,3133603,27.0,18.6,19.1
401360105,CHA,3138161,28.0,10.5,7.9
401360105,CHA,4066383,26.0,15.6,14.4
401360105,CHA,4066731,23.0,14.6,13.2
401360105,CHA,4278076,15.0,-0.0,0.0
401360105,CHA,4278078,24.0,9.5,9.7
401360105,CHA,4431699,3.0,2.0,1.7
401360105,CHA,4431712,4.0,2.7,2.7
401360105,CHA,4432816,29.0,11.7,10.0
401360105,MIN,2982268,7.0,2.4,1.4
401360105,MIN,2990962,20.0,10.4,7.1
401360105,MIN,3134916,15.0,4.1,3.1
401360105,MIN,3136195,31.0,19.5,18.2
401360105,MIN,3136776,28.0,13.2,12.5
401360105,MIN,3907822,27.0,9.5,10.3
401360105,MIN,4065663,12.0,3.0,3.4
401360105,MIN,4067325,2.0,1.7,1.7
401360105,MIN,4278077,24.0,5.6,1.6
401360105,MIN,4278541,7.0,5.0,5.0
401360105,MIN,4396971,14.0,5.0,2.9
401360105,MIN,4431671,22.0,0.4,0.0
401360105,MIN,4594268,28.0,7.4,6.0
401360105,MIN,4683025,4.0,2.3,3.1
401360106,NYK,6429,23.0,9.0,7.4
401360106,NYK,6479,23.0,12.2,10.7
401360106,NYK,6588,26.0,1.9,1.5
401360106,NYK,2991280,18.0,3.7,3.7
401360106,NYK,3064514,32.0,8.3,4.4
401360106,NYK,4277922,4.0,0.6,0.7
401360106,NYK,4278075,8.0,-0.4,-0.4
401360106,NYK,4278355,14.0,-0.3,-0.5
401360106,NYK,4351852,21.0,10.0,8.1
401360106,NYK,4395625,31.0,3.9,2.8
401360106,NYK,4395724,20.0,12.3,12.9
401360106,NYK,4397014,17.0,-2.0,-1.4
401360106,NYK,4431823,4.0,0.9,0.3
401360106,PHX,2779,30.0,17.0,15.2
401360106,PHX,3452,14.0,9.5,5.7
401360106,PHX,6581,20.0,9.8,8.8
401360106,PHX,3059307,2.0,0.0,0.0
401360106,PHX,3064230,18.0,10.5,10.5
401360106,PHX,3136193,35.0,19.8,17.8
401360106,PHX,3138196,28.0,8.1,8.4
401360106,PHX,3147657,39.0,10.6,7.8
401360106,PHX,3914044,20.0,5.5,6.0
401360106,PHX,4278129,32.0,11.6,8.5
401360106,PHX,4397189,2.0,-0.4,-0.7
401360107,CHI,3978,28.0,18.1,17.4
401360107,CHI,6478,29.0,10.9,9.6
401360107,CHI,2596112,23.0,-0.1,-2.4
401360107,CHI,2991350,25.0,8.9,4.1
401360107,CHI,3059311,5.0,1.0,1.0
401360107,CHI,3064440,29.0,19.1,17.9
401360107,CHI,3936099,10.0,-0.4,1.7
401360107,CHI,4065673,4.0,3.7,3.4
401360107,CHI,4066421,31.0,15.9,10.5
401360107,CHI,4067045,2.0,1.3,2.1
401360107,CHI,4278508,6.0,3.9,4.1
401360107,CHI,4395651,24.0,17.7,15.9
401360107,CHI,4397002,18.0,6.7,6.8
401360107,CHI,4397016,6.0,0.9,1.1
401360107,ORL,6619,20.0,-0.2,-0.4
401360107,ORL,2999547,28.0,4.0,3.1
401360107,ORL,3150844,18.0,5.6,5.6
401360107,ORL,3936298,12.0,-1.1,-3.1
401360107,ORL,4277847,30.0,24.1,20.7
401360107,ORL,4277919,23.0,2.9,1.4
401360107,ORL,4278052,25.0,2.9,1.6
401360107,ORL,4397205,8.0,0.6,0.3
401360107,ORL,4432165,26.0,9.1,6.3
401360107,ORL,4566434,29.0,9.8,8.0
401360107,ORL,4590530,20.0,-0.8,0.0
401360108,IND,2284101,22.0,0.3,-1.4
401360108,IND,2528693,12.0,10.7,11.2
401360108,IND,2530530,22.0,9.1,6.3
401360108,IND,2566769,36.0,13.2,13.0
401360108,IND,2991043,34.0,12.5,11.8
401360108,IND,3133596,23.0,12.4,10.8
401360108,IND,3133628,31.0,15.1,12.1
401360108,IND,3155942,36.0,19.7,17.6
401360108,IND,4592402,23.0,4.7,4.3
401360108,TOR,2991230,38.0,14.9,13.7
401360108,TOR,3133602,17.0,-1.2,-1.8
401360108,TOR,3149673,37.0,14.4,11.4
401360108,TOR,3948153,14.0,6.2,5.7
401360108,TOR,4066668,14.0,-0.2,-1.8
401360108,TOR,4277843,32.0,9.1,7.6
401360108,TOR,4348697,1.0,-0.7,-0.7
401360108,TOR,4397885,17.0,1.0,1.1
401360108,TOR,4431679,33.0,7.8,7.1
401360108,TOR,4432907,1.0,0.0,0.0
401360108,TOR,4433134,35.0,18.1,15.8
401360109,ATL,2799,15.0,-0.2,-0.1
401360109,ATL,3428,21.0,9.6,8.8
401360109,ATL,2488958,6.0,0.0,0.0
401360109,ATL,2534781,12.0,2.1,2.3
401360109,ATL,3037789,26.0,8.7,7.8
401360109,ATL,3064447,21.0,5.3,2.1
401360109,ATL,3102529,29.0,26.8,21.3
401360109,ATL,3893019,6.0,4.6,4.4
401360109,ATL,3908845,23.0,20.6,17.6
401360109,ATL,4066372,25.0,6.4,6.1
401360109,ATL,4277905,27.0,27.5,27.2
401360109,ATL,4395627,28.0,11.6,8.0
401360109,MEM,2991235,18.0,3.1,2.8
401360109,MEM,2993874,16.0,-3.0,-4.9
401360109,MEM,3134932,16.0,15.4,14.3
401360109,MEM,3135046,20.0,8.5,7.8
401360109,MEM,3155526,19.0,5.3,5.9
401360109,MEM,3906665,12.0,4.0,3.8
401360109,MEM,4066320,24.0,4.0,1.9
401360109,MEM,4066436,20.0,2.9,0.6
401360109,MEM,4066651,12.0,8.5,6.8
401360109,MEM,4277928,12.0,3.3,3.0
401360109,MEM,4277961,23.0,5.1,4.2
401360109,MEM,4277964,12.0,6.8,7.0
401360109,MEM,4279888,9.0,3.4,2.7
401360109,MEM,4433137,15.0,3.0,0.4
401360109,MEM,4593125,12.0,4.8,5.7
401360110,OKC,4257,10.0,-0.8,-0.7
401360110,OKC,2490089,17.0,3.7,1.7
401360110,OKC,3133626,24.0,11.6,11.2
401360110,OKC,4065733,11.0,5.1,5.1
401360110,OKC,4278073,34.0,15.2,11.5
401360110,OKC,4397020,36.0,16.4,15.4
401360110,OKC,4423545,22.0,4.1,2.9
401360110,OKC,4432813,23.0,5.6,4.7
401360110,OKC,4432819,17.0,1.8,1.2
401360110,OKC,4683018,17.0,3.4,2.4
401360110,OKC,4871145,29.0,8.7,6.3
401360110,WAS,6426,16.0,4.9,3.3
401360110,WAS,6580,37.0,11.8,11.8
401360110,WAS,2580782,31.0,7.2,6.4
401360110,WAS,2581018,27.0,16.3,14.5
401360110,WAS,2968361,17.0,-0.6,-0.5
401360110,WAS,2991055,20.0,9.2,8.8
401360110,WAS,3134907,33.0,8.4,6.9
401360110,WAS,3922230,11.0,-1.1,-1.4
401360110,WAS,4278049,27.0,15.2,6.8
401360110,WAS,4683021,22.0,5.8,4.7
401360111,BOS,3213,25.0,1.8,1.0
401360111,BOS,6447,18.0,1.7,-0.1
401360111,BOS,2990992,33.0,12.6,10.2
401360111,BOS,3032979,38.0,0.1,0.2
401360111,BOS,3056600,5.0,4.7,3.7
401360111,BOS,3917376,27.0,8.6,7.5
401360111,BOS,4065648,40.0,15.1,12.6
401360111,BOS,4066218,27.0,9.3,7.5
401360111,BOS,4396909,10.0,3.5,3.0
401360111,BOS,4397008,17.0,3.5,2.0
401360111,SAS,3244,6.0,0.7,0.7
401360111,SAS,2994526,23.0,-2.0,-3.5
401360111,SAS,3078576,37.0,14.9,12.1
401360111,SAS,3134908,34.0,8.2,4.7
401360111,SAS,3136779,18.0,0.8,0.3
401360111,SAS,3907497,38.0,24.0,18.1
401360111,SAS,3914285,7.0,-1.8,-2.1
401360111,SAS,4277890,15.0,6.6,6.7
401360111,SAS,4395626,18.0,9.0,9.2
401360111,SAS,4395723,38.0,18.0,13.1
401360111,SAS,4702176,5.0,-1.1,-0.7
401360112,DEN,3209,29.0,11.5,10.1
401360112,DEN,6579,39.0,11.9,7.9
401360112,DEN,6617,17.0,-3.2,-2.8
401360112,DEN,2327577,16.0,-0.4,-1.8
401360112,DEN,2968334,28.0,8.7,8.7
401360112,DEN,3059310,32.0,11.1,11.2
401360112,DEN,3064290,37.0,19.8,16.9
401360112,DEN,3899009,3.0,3.7,4.1
401360112,DEN,4065805,5.0,7.8,7.8
401360112,DEN,4230557,15.0,11.5,10.9
401360112,DEN,4397102,3.0,0.0,0.0
401360112,DEN,4431690,15.0,1.9,1.9
401360112,MIL,3438,25.0,5.0,4.4
401360112,MIL,3995,33.0,16.2,14.3
401360112,MIL,6609,31.0,11.9,10.2
401360112,MIL,2578239,27.0,16.3,13.8
401360112,MIL,2581177,17.0,5.6,5.8
401360112,MIL,3032977,30.0,25.0,20.4
401360112,MIL,3064482,28.0,8.8,4.7
401360112,MIL,3102533,3.0,0.0,0.0
401360112,MIL,3135045,24.0,6.8,7.0
401360112,MIL,4277883,13.0,2.3,2.1
401360112,MIL,4278580,3.0,0.0,0.0
401360112,MIL,4683022,3.0,1.5,2.7
401360113,NOP,4023,11.0,3.2,2.0
401360113,NOP,6477,29.0,6.8,5.3
401360113,NOP,6621,9.0,0.9,1.4
401360113,NOP,2999409,19.0,13.0,12.0
401360113,NOP,3062679,37.0,6.5,6.1
401360113,NOP,3133601,29.0,8.9,6.7
401360113,NOP,3913176,38.0,10.3,7.3
401360113,NOP,4277813,35.0,5.4,3.4
401360113,NOP,4278039,24.0,7.1,6.2
401360113,NOP,4395698,10.0,10.4,9.8
401360113,UTA,3005,16.0,8.3,8.5
401360113,UTA,3195,31.0,9.2,7.1
401360113,UTA,3593,31.0,15.9,14.5
401360113,UTA,4262,11.0,-1.8,-0.7
401360113,UTA,2528426,22.0,2.7,1.2
401360113,UTA,2583632,32.0,7.2,3.7
401360113,UTA,2968436,23.0,10.9,8.1
401360113,UTA,3032976,37.0,8.4,6.2
401360113,UTA,3908809,34.0,4.7,3.9
401360113,UTA,4065656,3.0,1.7,1.7
401360114,GSW,3975,38.0,23.8,21.5
401360114,GSW,4269,10.0,2.6,1.3
401360114,GSW,6589,34.0,16.1,11.1
401360114,GSW,2594922,21.0,2.4,-0.7
401360114,GSW,3059319,34.0,20.3,19.6
401360114,GSW,3134903,12.0,7.6,5.7
401360114,GSW,3137795,13.0,1.2,1.0
401360114,GSW,3155535,20.0,11.6,11.6
401360114,GSW,4277956,35.0,9.9,10.8
401360114,GSW,4401416,23.0,8.2,6.8
401360114,POR,6606,38.0,8.3,7.7
401360114,POR,2490149,39.0,11.1,10.0
401360114,POR,2490620,31.0,8.1,5.0
401360114,POR,2528353,10.0,-0.8,-0.7
401360114,POR,2580365,24.0,8.9,6.7
401360114,POR,2595516,26.0,11.0,11.5
401360114,POR,3102530,24.0,13.6,13.0
401360114,POR,4351851,29.0,16.1,12.1
401360114,POR,4395652,20.0,2.1,0.9
401360115,LAL,1966,50.0,17.9,16.7
401360115,LAL,1975,43.0,10.3,10.0
401360115,LAL,2384,16.0,1.4,-0.7
401360115,LAL,3442,11.0,0.6,1.4
401360115,LAL,3468,51.0,29.7,27.1
401360115,LAL,3981,16.0,5.0,5.1
401360115,LAL,4240,12.0,2.8,1.7
401360115,LAL,6583,49.0,17.4,11.5
401360115,LAL,4066262,44.0,15.5,14.6
401360115,LAL,4396991,24.0,6.9,5.1
401360115,SAC,6474,20.0,11.6,10.8
401360115,SAC,6591,8.0,1.6,1.0
401360115,SAC,2596107,37.0,9.3,10.1
401360115,SAC,2990984,40.0,19.3,18.0
401360115,SAC,3064559,5.0,-0.1,-0.1
401360115,SAC,3914283,25.0,2.5,-0.5
401360115,SAC,3919454,29.0,6.9,5.8
401360115,SAC,4066259,53.0,20.4,19.9
401360115,SAC,4277848,35.0,15.8,14.0
401360115,SAC,4278053,17.0,1.5,0.9
401360115,SAC,4396993,47.0,21.8,15.3
401360116,MIN,2990962,31.0,6.2,5.5
401360116,MIN,3136195,37.0,19.1,18.4
401360116,MIN,3136776,44.0,25.9,22.9
401360116,MIN,3907822,24.0,1.6,1.3
401360116,MIN,4278077,37.0,6.8,4.5
401360116,MIN,4396971,21.0,6.1,6.5
401360116,MIN,4431671,32.0,3.4,3.6
401360116,MIN,4594268,48.0,13.5,8.4
401360116,MIN,4683025,17.0,2.2,2.0
401360116,PHI,3988,22.0,12.1,7.8
401360116,PHI,6440,45.0,15.7,12.3
401360116,PHI,6585,13.0,1.2,1.1
401360116,PHI,2326307,46.0,6.1,7.2
401360116,PHI,2990969,22.0,5.6,4.7
401360116,PHI,3059318,45.0,32.6,28.2
401360116,PHI,3907498,29.0,7.2,4.8
401360116,PHI,3929325,17.0,4.2,3.0
401360116,PHI,4395702,6.0,1.3,0.7
401360116,PHI,4431678,44.0,8.3,8.4
401360117,ATL,2799,16.0,7.8,5.7
401360117,ATL,3428,21.0,-1.7,-1.9
401360117,ATL,2488958,12.0,0.9,0.0
401360117,ATL,3037789,10.0,1.6,0.3
401360117,ATL,3064447,9.0,1.5,0.9
401360117,ATL,3102529,35.0,21.8,14.3
401360117,ATL,3893019,13.0,-1.0,-0.4
401360117,ATL,3908845,40.0,12.9,9.0
401360117,ATL,4066372,38.0,1.3,0.9
401360117,ATL,4277905,39.0,23.5,22.7
401360117,ATL,4395627,7.0,0.3,0.3
401360117,NYK,6429,39.0,14.7,12.2
401360117,NYK,6588,29.0,13.2,12.0
401360117,NYK,3064514,32.0,4.9,3.3
401360117,NYK,4277922,21.0,8.6,5.1
401360117,NYK,4278355,16.0,11.4,10.8
401360117,NYK,4351852,27.0,5.7,4.5
401360117,NYK,4395625,31.0,11.3,9.2
401360117,NYK,4395724,31.0,4.4,5.1
401360117,NYK,4397014,15.0,0.9,1.0
401360118,BKN,2983,28.0,13.6,11.8
401360118,BKN,3015,8.0,1.6,2.4
401360118,BKN,3202,45.0,30.1,22.7
401360118,BKN,3992,40.0,11.8,7.3
401360118,BKN,3999,27.0,3.8,4.1
401360118,BKN,4004,38.0,5.5,4.7
401360118,BKN,3062667,35.0,18.9,15.9
401360118,BKN,3133635,3.0,-1.0,-1.0
401360118,BKN,4065670,5.0,-1.4,-1.0
401360118,BKN,4432174,12.0,0.2,0.6
401360118,PHX,2779,36.0,15.4,13.4
401360118,PHX,3452,16.0,8.8,7.0
401360118,PHX,6581,30.0,5.1,3.0
401360118,PHX,3064230,20.0,5.5,4.3
401360118,PHX,3136193,32.0,20.1,20.8
401360118,PHX,3138196,19.0,3.1,4.0
401360118,PHX,3147657,41.0,16.9,9.8
401360118,PHX,3914044,15.0,5.0,4.7
401360118,PHX,4278129,31.0,5.4,4.4
401360119,CLE,3449,19.0,1.5,-0.1
401360119,CLE,4011,27.0,4.4,3.8
401360119,CLE,3893016,22.0,7.3,4.2
401360119,CLE,4066328,36.0,21.7,19.4
401360119,CLE,4066336,32.0,15.4,14.5
401360119,CLE,4066405,8.0,0.0,-0.7
401360119,CLE,4396907,36.0,20.8,19.7
401360119,CLE,4432158,33.0,13.2,8.7
401360119,CLE,4432822,27.0,0.9,1.3
401360119,ORL,3447,31.0,6.7,7.4
401360119,ORL,6619,11.0,4.0,3.4
401360119,ORL,2999547,32.0,9.9,5.7
401360119,ORL,3150844,17.0,6.1,5.7
401360119,ORL,3936298,13.0,-1.9,-2.8
401360119,ORL,4277847,32.0,20.3,15.9
401360119,ORL,4278052,18.0,2.3,0.4
401360119,ORL,4432165,31.0,8.6,4.9
401360119,ORL,4566434,34.0,11.4,9.0
401360119,ORL,4590530,21.0,4.3,3.5
401360120,CHI,3978,41.0,18.1,16.8
401360120,CHI,6478,30.0,8.7,2.7
401360120,CHI,2596112,17.0,3.4,3.9
401360120,CHI,2991350,34.0,23.7,22.4
401360120,CHI,3064440,37.0,7.2,6.6
401360120,CHI,3936099,16.0,7.0,6.8
401360120,CHI,4066421,37.0,7.5,5.1
401360120,CHI,4395651,20.0,-2.3,-3.7
401360120,CHI,4397002,9.0,-0.1,0.7
401360120,MIA,3012,37.0,18.4,15.6
401360120,MIA,3033,18.0,3.4,3.0
401360120,MIA,6430,36.0,17.8,12.7
401360120,MIA,2580913,12.0,1.9,0.4
401360120,MIA,3137259,31.0,17.6,17.9
401360120,MIA,3138160,17.0,1.9,1.3
401360120,MIA,3157465,25.0,8.3,8.6
401360120,MIA,4065778,31.0,7.9,5.5
401360120,MIA,4066261,33.0,9.8,7.8
401360121,CHA,4249,35.0,14.0,13.2
401360121,CHA,3074752,43.0,23.6,21.7
401360121,CHA,3133603,36.0,17.7,14.6
401360121,CHA,3138161,15.0,4.1,4.7
401360121,CHA,4066383,33.0,16.1,15.6
401360121,CHA,4066731,21.0,6.1,4.8
401360121,CHA,4278076,7.0,3.7,4.1
401360121,CHA,4278078,35.0,17.2,13.7
401360121,CHA,4432816,40.0,19.5,18.4
401360121,HOU,3415,10.0,3.3,4.1
401360121,HOU,3431,37.0,18.4,17.9
401360121,HOU,2991155,15.0,-0.3,0.3
401360121,HOU,3058254,41.0,32.2,28.0
401360121,HOU,3136777,36.0,14.0,13.6
401360121,HOU,3913180,38.0,15.3,16.0
401360121,HOU,4066450,20.0,9.4,9.3
401360121,HOU,4397140,42.0,20.4,18.1
401360121,HOU,4431828,15.0,4.5,4.3
401360121,HOU,4871144,12.0,5.0,3.5
401360122,DAL,2528210,36.0,6.6,4.5
401360122,DAL,2528779,28.0,2.7,2.9
401360122,DAL,2531367,10.0,3.2,3.3
401360122,DAL,2578185,29.0,9.7,7.8
401360122,DAL,2579260,11.0,12.4,12.9
401360122,DAL,2960236,30.0,11.9,11.9
401360122,DAL,2991282,10.0,0.9,0.7
401360122,DAL,3057187,13.0,7.9,7.1
401360122,DAL,3102531,36.0,12.9,7.9
401360122,DAL,3945274,37.0,22.5,22.5
401360122,WAS,6426,15.0,-2.6,-2.8
401360122,WAS,6580,38.0,23.6,21.7
401360122,WAS,2581018,31.0,13.9,11.1
401360122,WAS,2968361,24.0,13.3,12.2
401360122,WAS,2991055,20.0,9.3,9.7
401360122,WAS,3134907,35.0,16.7,13.8
401360122,WAS,3922230,20.0,4.9,4.8
401360122,WAS,4278049,27.0,18.8,16.4
401360122,WAS,4280151,11.0,2.3,2.0
401360122,WAS,4683021,19.0,2.1,3.0
401360123,NOP,4023,12.0,3.8,4.0
401360123,NOP,6477,22.0,10.4,7.5
401360123,NOP,6621,18.0,3.6,4.1
401360123,NOP,2999409,18.0,7.6,7.3
401360123,NOP,3062679,24.0,4.7,5.1
401360123,NOP,3133601,22.0,1.8,0.9
401360123,NOP,3913176,26.0,3.2,1.6
401360123,NOP,4277813,26.0,6.9,2.3
401360123,NOP,4277869,6.0,3.8,3.5
401360123,NOP,4278039,23.0,6.2,4.9
401360123,NOP,4278594,8.0,8.3,8.3
401360123,NOP,4395698,9.0,2.0,2.0
401360123,NOP,4397077,8.0,15.3,13.8
401360123,NOP,4397688,16.0,3.8,4.7
401360123,UTA,3005,23.0,13.9,11.5
401360123,UTA,3195,24.0,16.3,16.2
401360123,UTA,3593,27.0,6.8,7.7
401360123,UTA,4262,18.0,7.2,6.7
401360123,UTA,2528426,26.0,16.3,15.1
401360123,UTA,2968436,27.0,13.9,13.5
401360123,UTA,3032976,27.0,4.7,0.6
401360123,UTA,3133817,8.0,0.6,1.4
401360123,UTA,3908809,27.0,18.0,14.3
401360123,UTA,4065656,13.0,2.9,1.7
401360123,UTA,4066446,3.0,0.0,0.0
401360123,UTA,4066851,8.0,-1.1,-1.0
401360123,UTA,4395695,8.0,3.2,3.0
401360124,GSW,3975,35.0,29.5,23.6
401360124,GSW,4269,12.0,0.5,1.4
401360124,GSW,6589,30.0,6.0,4.4
401360124,GSW,2594922,26.0,17.2,13.6
401360124,GSW,3059319,36.0,7.9,4.4
401360124,GSW,3134903,12.0,5.5,1.7
401360124,GSW,3137795,19.0,-2.3,-1.0
401360124,GSW,3155535,14.0,2.9,1.4
401360124,GSW,4277956,31.0,10.7,9.6
401360124,GSW,4401416,22.0,2.2,2.4
401360124,GSW,4432171,3.0,-0.7,-0.7
401360124,GSW,4433247,3.0,5.0,4.4
401360124,LAC,3439,9.0,-0.9,-1.4
401360124,LAC,4238,33.0,11.8,9.7
401360124,LAC,4251,37.0,13.0,12.7
401360124,LAC,6443,21.0,-4.8,-5.5
401360124,LAC,6462,34.0,8.4,8.8
401360124,LAC,3135047,4.0,2.3,2.3
401360124,LAC,3907823,26.0,6.5,4.0
401360124,LAC,3913174,34.0,-1.0,-2.8
401360124,LAC,4017837,21.0,8.8,7.4
401360124,LAC,4066387,10.0,1.2,1.0
401360124,LAC,4222252,12.0,8.7,6.5
401360125,IND,6507,7.0,4.3,3.4
401360125,IND,6603,13.0,-0.9,-2.1
401360125,IND,2284101,25.0,6.1,5.3
401360125,IND,2528693,7.0,1.0,1.0
401360125,IND,2530530,16.0,7.9,8.1
401360125,IND,2566769,34.0,10.9,10.7
401360125,IND,2991043,27.0,13.8,14.8
401360125,IND,3133596,15.0,2.4,1.6
401360125,IND,3133628,23.0,1.3,0.7
401360125,IND,3155942,22.0,1.9,0.3
401360125,IND,4278031,7.0,6.4,6.4
401360125,IND,4348700,5.0,-0.4,-0.7
401360125,IND,4432170,9.0,2.9,3.4
401360125,IND,4592402,30.0,10.6,6.4
401360125,MIL,3438,29.0,11.4,9.4
401360125,MIL,3995,31.0,21.5,19.4
401360125,MIL,6609,30.0,10.1,7.8
401360125,MIL,2578239,29.0,13.2,11.5
401360125,MIL,2581177,22.0,2.2,1.3
401360125,MIL,3032977,33.0,20.8,17.8
401360125,MIL,3064482,26.0,12.1,11.1
401360125,MIL,3135045,30.0,10.4,8.5
401360125,MIL,3945566,1.0,0.0,0.0
401360125,MIL,4277883,5.0,-2.4,-2.4
401360125,MIL,4278580,3.0,2.7,2.4
401360125,MIL,4683022,1.0,0.0,0.0
401360126,BOS,3213,26.0,15.4,14.2
401360126,BOS,6447,22.0,12.9,9.5
401360126,BOS,2581190,27.0,14.9,14.1
401360126,BOS,2990992,36.0,13.6,13.5
401360126,BOS,3917376,27.0,12.7,11.8
401360126,BOS,4065648,38.0,2.5,0.2
401360126,BOS,4066218,28.0,12.8,10.4
401360126,BOS,4066354,10.0,-3.1,-3.1
401360126,BOS,4397008,26.0,2.7,2.0
401360126,TOR,2991230,40.0,20.7,18.4
401360126,TOR,3133602,38.0,10.3,6.3
401360126,TOR,3133838,14.0,0.1,0.6
401360126,TOR,3149673,38.0,10.9,11.1
401360126,TOR,4066668,15.0,5.9,5.4
401360126,TOR,4348697,11.0,-1.5,-1.4
401360126,TOR,4397885,3.0,0.6,0.7
401360126,TOR,4431679,36.0,0.9,0.3
401360126,TOR,4432907,7.0,2.3,2.0
401360126,TOR,4433134,37.0,16.9,14.8
401360127,MEM,2991235,21.0,8.1,3.8
401360127,MEM,2993874,19.0,7.3,5.5
401360127,MEM,3134932,19.0,11.7,10.3
401360127,MEM,3135046,24.0,6.9,6.4
401360127,MEM,3155526,21.0,16.4,13.7
401360127,MEM,3906665,16.0,14.2,12.5
401360127,MEM,4066320,26.0,12.4,11.8
401360127,MEM,4066436,18.0,13.2,12.4
401360127,MEM,4066651,10.0,4.7,3.7
401360127,MEM,4277928,9.0,-0.8,-1.4
401360127,MEM,4277961,22.0,11.8,10.3
401360127,MEM,4277964,9.0,-2.8,-2.8
401360127,MEM,4433137,17.0,6.2,6.8
401360127,MEM,4593125,10.0,3.6,2.0
401360127,SAC,6474,22.0,7.9,5.0
401360127,SAC,2596107,7.0,-2.6,-1.7
401360127,SAC,2990984,29.0,6.2,5.5
401360127,SAC,3064559,17.0,6.5,6.8
401360127,SAC,3914283,23.0,7.4,4.3
401360127,SAC,3919454,17.0,5.0,3.2
401360127,SAC,4066259,21.0,8.4,6.2
401360127,SAC,4277848,19.0,5.1,3.6
401360127,SAC,4278053,31.0,10.3,9.2
401360127,SAC,4396993,20.0,3.3,3.3
401360127,SAC,4397103,21.0,8.3,5.5
401360127,SAC,4431688,13.0,2.9,3.3
401360128,DET,6446,19.0,0.8,1.0
401360128,DET,2991070,33.0,22.9,22.6
401360128,DET,3136196,17.0,13.9,13.6
401360128,DET,4065651,28.0,13.6,12.0
401360128,DET,4066297,7.0,2.2,0.7
401360128,DET,4080610,14.0,5.9,5.7
401360128,DET,4397136,33.0,6.6,2.7
401360128,DET,4432166,34.0,6.6,3.3
401360128,DET,4432810,27.0,1.5,-0.4
401360128,DET,4683024,29.0,7.9,8.6
401360128,LAL,1966,37.0,30.7,26.9
401360128,LAL,1975,20.0,-1.9,-3.1
401360128,LAL,3442,21.0,10.5,6.8
401360128,LAL,3468,37.0,22.3,20.9
401360128,LAL,3981,15.0,4.3,3.7
401360128,LAL,4240,18.0,-0.9,-2.8
401360128,LAL,6583,38.0,24.2,17.5
401360128,LAL,4066262,22.0,-0.2,-0.7
401360128,LAL,4066457,6.0,-1.7,-1.3
401360128,LAL,4396991,27.0,10.5,9.7
401360129,ORL,6619,23.0,-2.7,-2.5
401360129,ORL,2999547,32.0,10.0,10.1
401360129,ORL,4277847,34.0,7.1,4.7
401360129,ORL,4277919,35.0,14.9,8.8
401360129,ORL,4278052,28.0,7.8,4.4
401360129,ORL,4397205,7.0,0.6,0.0
401360129,ORL,4432165,29.0,12.5,11.3
401360129,ORL,4566434,38.0,17.7,15.3
401360129,ORL,4590530,14.0,2.8,1.7
401360129,PHI,3988,24.0,5.6,4.4
401360129,PHI,6440,35.0,10.1,7.6
401360129,PHI,6585,18.0,9.3,6.5
401360129,PHI,2326307,33.0,21.8,19.6
401360129,PHI,2990969,15.0,3.2,2.6
401360129,PHI,3059318,30.0,11.0,8.5
401360129,PHI,3907498,20.0,2.5,2.7
401360129,PHI,3915195,18.0,5.1,3.7
401360129,PHI,3929325,16.0,-0.2,-2.1
401360129,PHI,4431678,32.0,10.0,8.4
401360130,DEN,3209,31.0,6.1,6.0
401360130,DEN,6579,33.0,11.6,10.5
401360130,DEN,6617,16.0,6.0,6.1
401360130,DEN,2968334,24.0,8.4,8.5
401360130,DEN,3059310,28.0,11.7,10.9
401360130,DEN,3064290,38.0,16.2,15.4
401360130,DEN,3112335,33.0,27.2,23.4
401360130,DEN,4065805,1.0,-0.7,-0.7
401360130,DEN,4230557,4.0,-2.5,-1.7
401360130,DEN,4397102,2.0,0.0,0.0
401360130,DEN,4431690,11.0,1.8,2.7
401360130,DEN,4592492,21.0,15.0,15.2
401360130,MIA,3012,36.0,20.9,21.8
401360130,MIA,3033,32.0,7.1,4.7
401360130,MIA,2580913,11.0,6.8,6.0
401360130,MIA,3074213,2.0,0.6,0.0
401360130,MIA,3137259,29.0,8.7,7.7
401360130,MIA,3138160,33.0,12.2,12.1
401360130,MIA,3157465,29.0,-1.4,-0.8
401360130,MIA,4065778,31.0,14.9,15.1
401360130,MIA,4066261,35.0,17.8,17.7
401360130,MIA,4278521,2.0,0.3,0.0
401360131,CHA,4249,37.0,16.0,14.0
401360131,CHA,3074752,37.0,26.2,25.3
401360131,CHA,3133603,32.0,13.5,11.4
401360131,CHA,4066383,36.0,8.8,5.0
401360131,CHA,4066731,27.0,1.2,-1.2
401360131,CHA,4278076,7.0,2.3,2.0
401360131,CHA,4278078,32.0,12.0,10.1
401360131,CHA,4432816,32.0,19.6,16.6
401360131,CHI,3978,34.0,23.9,22.6
401360131,CHI,6478,35.0,27.8,23.7
401360131,CHI,2596112,36.0,7.6,5.5
401360131,CHI,2991350,25.0,13.4,12.5
401360131,CHI,3064440,35.0,18.9,17.5
401360131,CHI,3936099,15.0,2.3,3.1
401360131,CHI,4066421,33.0,16.8,16.4
401360131,CHI,4395651,22.0,3.6,3.5
401360131,CHI,4397002,6.0,2.9,2.7
401360132,HOU,3431,29.0,4.6,3.6
401360132,HOU,2991155,23.0,9.1,7.0
401360132,HOU,3058254,31.0,22.7,15.4
401360132,HOU,3136777,28.0,17.4,16.4
401360132,HOU,3913180,32.0,12.1,12.7
401360132,HOU,4066450,25.0,-0.1,0.6
401360132,HOU,4397140,33.0,9.3,4.7
401360132,HOU,4431828,19.0,1.7,-0.4
401360132,HOU,4432168,2.0,-1.0,-1.0
401360132,HOU,4432176,2.0,0.7,0.7
401360132,HOU,4871144,17.0,5.9,4.5
401360132,OKC,3058030,20.0,-0.6,-3.1
401360132,OKC,4065733,10.0,6.0,6.0
401360132,OKC,4066392,27.0,13.6,11.8
401360132,OKC,4278073,33.0,15.1,10.8
401360132,OKC,4397020,25.0,2.6,0.9
401360132,OKC,4397183,11.0,5.6,5.4
401360132,OKC,4423545,20.0,2.4,0.2
401360132,OKC,4432813,21.0,0.3,-1.1
401360132,OKC,4432819,30.0,13.3,9.3
401360132,OKC,4683018,12.0,-0.2,-1.4
401360132,OKC,4683027,6.0,3.6,2.3
401360132,OKC,4871145,25.0,2.1,-1.0
401360133,IND,2284101,39.0,10.8,8.3
401360133,IND,2528693,7.0,-1.0,-1.0
401360133,IND,2530530,34.0,9.4,7.5
401360133,IND,2566769,40.0,19.7,15.7
401360133,IND,2991043,34.0,3.7,3.9
401360133,IND,3133596,18.0,1.6,2.0
401360133,IND,3155942,36.0,20.0,15.0
401360133,IND,4348700,6.0,0.8,-0.1
401360133,IND,4432170,5.0,-0.9,0.0
401360133,IND,4592402,21.0,7.1,7.3
401360133,MIN,2990962,23.0,-0.6,-1.4
401360133,MIN,3136195,32.0,13.8,14.4
401360133,MIN,3136776,39.0,21.2,20.0
401360133,MIN,3907822,29.0,5.9,3.2
401360133,MIN,4065663,33.0,5.9,3.1
401360133,MIN,4278541,7.0,1.9,1.7
401360133,MIN,4396971,23.0,10.1,10.0
401360133,MIN,4594268,39.0,18.5,14.3
401360133,MIN,4683025,15.0,0.8,-1.0
401360134,CLE,3449,17.0,10.0,9.2
401360134,CLE,4011,28.0,4.6,2.7
401360134,CLE,4259,4.0,0.6,0.7
401360134,CLE,2583962,5.0,-0.3,-0.3
401360134,CLE,2999549,5.0,-0.7,-0.7
401360134,CLE,3906786,12.0,0.6,0.0
401360134,CLE,4066328,34.0,25.9,22.3
401360134,CLE,4066336,33.0,20.7,19.2
401360134,CLE,4066405,7.0,0.4,1.3
401360134,CLE,4396907,33.0,12.4,13.0
401360134,CLE,4432158,35.0,6.3,3.0
401360134,CLE,4432822,27.0,8.6,8.8
401360134,DAL,4376,8.0,8.9,7.7
401360134,DAL,2528210,27.0,2.6,-0.4
401360134,DAL,2528779,23.0,-3.3,-3.5
401360134,DAL,2531367,8.0,2.0,1.4
401360134,DAL,2578185,25.0,12.7,11.5
401360134,DAL,2579260,8.0,5.5,5.5
401360134,DAL,2960236,25.0,8.5,7.9
401360134,DAL,3057187,15.0,5.9,4.1
401360134,DAL,3102531,27.0,7.2,3.2
401360134,DAL,3934672,22.0,0.0,0.5
401360134,DAL,3945274,33.0,19.3,16.7
401360134,DAL,4397126,11.0,-1.0,-1.0
401360134,DAL,4432811,8.0,1.0,1.0
401360135,SAS,3244,13.0,10.4,9.2
401360135,SAS,2994526,18.0,7.6,6.8
401360135,SAS,3078576,33.0,19.4,17.2
401360135,SAS,3134908,25.0,17.1,13.5
401360135,SAS,3136779,19.0,4.5,4.6
401360135,SAS,3146557,2.0,1.7,1.7
401360135,SAS,3907497,34.0,19.5,17.5
401360135,SAS,3914285,9.0,-0.4,-2.0
401360135,SAS,3946974,2.0,3.4,3.1
401360135,SAS,4277890,24.0,1.2,-0.4
401360135,SAS,4395626,14.0,-1.1,-1.0
401360135,SAS,4395723,35.0,12.3,12.6
401360135,SAS,4397033,2.0,0.0,0.0
401360135,SAS,4702176,12.0,6.3,6.1
401360135,WAS,6426,11.0,-2.9,-2.8
401360135,WAS,6580,36.0,10.3,10.4
401360135,WAS,2580782,30.0,14.4,12.0
401360135,WAS,2581018,25.0,13.3,13.2
401360135,WAS,2581184,2.0,2.7,2.7
401360135,WAS,2968361,16.0,3.2,1.9
401360135,WAS,2991055,21.0,9.9,7.6
401360135,WAS,3134907,33.0,10.1,9.8
401360135,WAS,3922230,12.0,2.6,1.3
401360135,WAS,4278049,22.0,12.9,10.9
401360135,WAS,4280151,12.0,3.6,3.0
401360135,WAS,4683021,21.0,-1.0,-0.4
401360136,POR,6606,31.0,8.2,5.7
401360136,POR,2490149,38.0,13.2,13.8
401360136,POR,2490620,19.0,-3.2,-3.7
401360136,POR,2528353,16.0,5.5,4.3
401360136,POR,2578213,4.0,0.7,0.7
401360136,POR,2579258,18.0,7.8,8.2
401360136,POR,2580365,17.0,0.5,-0.1
401360136,POR,3102530,27.0,22.2,21.9
401360136,POR,4065697,4.0,1.2,1.6
401360136,POR,4351851,29.0,16.7,16.9
401360136,POR,4395652,27.0,4.4,3.3
401360136,POR,4397166,4.0,-0.7,-0.7
401360136,POR,4431675,4.0,0.6,0.6
401360136,POR,4432161,4.0,-0.4,-0.7
401360136,UTA,3005,22.0,8.2,7.5
401360136,UTA,3195,26.0,2.0,2.8
401360136,UTA,3593,32.0,9.2,8.7
401360136,UTA,4262,14.0,3.5,2.3
401360136,UTA,2528426,30.0,17.4,17.4
401360136,UTA,2968436,29.0,14.7,13.9
401360136,UTA,3032976,32.0,25.1,20.7
401360136,UTA,3133817,2.0,3.3,2.7
401360136,UTA,3908809,32.0,27.1,23.3
401360136,UTA,4065656,13.0,6.4,5.8
401360136,UTA,4066446,2.0,-1.4,-1.0
401360136,UTA,4066851,2.0,-1.8,-1.4
401360136,UTA,4395695,2.0,1.6,1.6
401360137,LAC,3439,26.0,9.6,9.8
401360137,LAC,4238,29.0,7.1,6.0
401360137,LAC,4251,34.0,12.8,12.1
401360137,LAC,6443,35.0,12.3,12.0
401360137,LAC,3907823,29.0,7.2,6.5
401360137,LAC,3913174,26.0,5.6,5.3
401360137,LAC,4017837,18.0,3.9,2.4
401360137,LAC,4066387,24.0,7.9,7.0
401360137,LAC,4222252,14.0,6.1,5.1
401360137,LAC,4432162,3.0,-0.7,-0.7
401360137,LAC,4432192,3.0,0.6,0.6
401360137,NOP,4023,10.0,4.6,4.0
401360137,NOP,6477,32.0,37.8,34.2
401360137,NOP,6621,10.0,2.0,2.1
401360137,NOP,2999409,16.0,6.4,6.4
401360137,NOP,3062679,33.0,6.2,2.1
401360137,NOP,3133601,30.0,6.8,4.7
401360137,NOP,3913176,34.0,21.9,20.9
401360137,NOP,4277813,34.0,15.2,13.5
401360137,NOP,4278039,24.0,3.2,2.6
401360137,NOP,4278594,2.0,1.0,1.4
401360137,NOP,4395698,12.0,2.7,2.7
401360137,NOP,4397688,2.0,4.4,4.4
401360138,BKN,2983,32.0,6.2,3.3
401360138,BKN,3015,15.0,2.1,1.7
401360138,BKN,3202,41.0,20.8,19.8
401360138,BKN,3992,40.0,31.0,26.0
401360138,BKN,3999,18.0,6.0,5.1
401360138,BKN,4004,28.0,6.6,5.3
401360138,BKN,3062667,30.0,9.6,7.8
401360138,BKN,3133635,3.0,0.6,0.0
401360138,BKN,4065670,13.0,6.0,5.8
401360138,BKN,4432174,21.0,10.0,9.1
401360138,NYK,3456,35.0,16.3,16.3
401360138,NYK,6429,39.0,19.8,16.7
401360138,NYK,6588,22.0,3.4,4.6
401360138,NYK,2991280,19.0,1.3,0.7
401360138,NYK,3064514,40.0,18.7,15.6
401360138,NYK,4278355,12.0,4.5,5.1
401360138,NYK,4351852,25.0,8.8,8.2
401360138,NYK,4395625,9.0,4.0,3.8
401360138,NYK,4395724,38.0,10.2,8.4
401360138,NYK,4397014,3.0,0.0,0.0
401360139,MEM,2991235,26.0,7.7,4.2
401360139,MEM,2993874,19.0,7.6,4.7
401360139,MEM,3134932,11.0,3.3,1.7
401360139,MEM,3135046,34.0,3.9,-0.0
401360139,MEM,3155526,33.0,6.8,2.8
401360139,MEM,3906665,16.0,7.3,5.5
401360139,MEM,4066320,33.0,14.5,13.4
401360139,MEM,4066436,17.0,7.1,4.3
401360139,MEM,4277961,34.0,20.4,17.4
401360139,MEM,4593125,15.0,0.5,0.3
401360139,TOR,2991230,42.0,9.3,6.4
401360139,TOR,3133602,18.0,1.1,1.6
401360139,TOR,3133838,29.0,7.5,6.7
401360139,TOR,3149673,30.0,15.1,12.5
401360139,TOR,3948153,7.0,4.6,3.6
401360139,TOR,4066668,22.0,-0.3,-1.1
401360139,TOR,4348697,11.0,0.5,-1.8
401360139,TOR,4397885,15.0,2.3,1.8
401360139,TOR,4431679,29.0,-1.7,-0.2
401360139,TOR,4433134,38.0,16.4,10.5
401360140,GSW,3975,36.0,1.3,-1.0
401360140,GSW,4269,16.0,3.0,2.3
401360140,GSW,6589,32.0,6.5,4.6
401360140,GSW,2594922,30.0,14.6,12.5
401360140,GSW,3059319,33.0,5.4,3.9
401360140,GSW,3134903,16.0,9.2,6.8
401360140,GSW,3137795,12.0,5.8,5.9
401360140,GSW,3155535,17.0,3.6,2.7
401360140,GSW,4277956,35.0,22.2,18.8
401360140,GSW,4401416,13.0,-0.9,-1.9
401360140,PHX,2779,39.0,20.0,14.4
401360140,PHX,3452,8.0,5.4,5.5
401360140,PHX,6581,28.0,9.8,8.2
401360140,PHX,2583639,4.0,0.0,0.0
401360140,PHX,3064230,16.0,4.0,4.1
401360140,PHX,3136193,15.0,5.6,5.7
401360140,PHX,3138196,29.0,11.9,9.0
401360140,PHX,3147657,41.0,4.6,-0.3
401360140,PHX,3914044,24.0,5.5,6.0
401360140,PHX,4278129,34.0,22.8,18.9
401360141,DET,6446,21.0,7.2,4.7
401360141,DET,2488826,5.0,-1.7,-1.7
401360141,DET,2991070,35.0,3.3,2.5
401360141,DET,3136196,12.0,1.1,0.9
401360141,DET,4065651,24.0,3.0,3.2
401360141,DET,4066297,8.0,0.9,-1.4
401360141,DET,4080610,10.0,0.1,-0.4
401360141,DET,4277951,3.0,1.6,1.0
401360141,DET,4397136,26.0,-0.2,-0.4
401360141,DET,4432166,33.0,18.8,15.2
401360141,DET,4432810,33.0,17.4,15.9
401360141,DET,4683024,31.0,8.0,7.7
401360141,POR,2490149,36.0,21.0,18.1
401360141,POR,2490620,24.0,4.3,2.9
401360141,POR,2528353,27.0,7.1,5.3
401360141,POR,2578213,18.0,11.5,10.7
401360141,POR,2579258,17.0,2.6,3.1
401360141,POR,2580365,25.0,5.6,5.8
401360141,POR,3102530,27.0,14.2,12.9
401360141,POR,3152335,3.0,-1.0,-1.0
401360141,POR,4065697,17.0,10.7,8.4
401360141,POR,4351851,36.0,6.6,5.7
401360141,POR,4397166,3.0,-0.4,-0.7
401360141,POR,4431675,3.0,3.0,1.0
401360141,POR,4432161,3.0,-1.2,-0.8
401360142,LAL,1975,19.0,10.9,10.0
401360142,LAL,2384,35.0,13.4,9.2
401360142,LAL,3026,9.0,4.2,3.1
401360142,LAL,3442,4.0,-0.1,-0.7
401360142,LAL,3468,35.0,12.6,10.9
401360142,LAL,3981,33.0,9.8,7.4
401360142,LAL,6583,35.0,20.6,16.5
401360142,LAL,6637,2.0,3.0,2.7
401360142,LAL,4066262,33.0,15.2,14.8
401360142,LAL,4066457,18.0,4.6,3.7
401360142,LAL,4396991,16.0,-0.6,-1.3
401360142,SAC,2596107,12.0,2.5,3.1
401360142,SAC,2990984,32.0,2.4,2.6
401360142,SAC,2993370,33.0,26.6,24.8
401360142,SAC,3064559,2.0,0.0,0.0
401360142,SAC,3914283,36.0,16.9,11.9
401360142,SAC,3919454,15.0,5.0,1.6
401360142,SAC,4066259,36.0,10.3,8.4
401360142,SAC,4278053,24.0,-0.7,-2.2
401360142,SAC,4396993,32.0,4.5,1.3
401360142,SAC,4397103,15.0,-1.1,0.2
401360142,SAC,4431688,2.0,-0.7,-0.7
401360143,ATL,2799,16.0,8.2,7.6
401360143,ATL,3428,29.0,6.0,5.0
401360143,ATL,2488958,14.0,-0.8,-0.7
401360143,ATL,3064447,18.0,8.5,8.5
401360143,ATL,3102529,33.0,9.6,7.2
401360143,ATL,3893019,25.0,6.5,5.7
401360143,ATL,3908845,34.0,15.1,11.8
401360143,ATL,4066372,34.0,13.7,11.2
401360143,ATL,4277905,37.0,26.3,23.0
401360143,IND,6507,16.0,6.6,6.8
401360143,IND,6603,12.0,9.6,9.1
401360143,IND,2528693,4.0,-1.8,-1.4
401360143,IND,2530530,3.0,0.0,0.0
401360143,IND,2566769,36.0,27.3,23.2
401360143,IND,2991043,28.0,1.5,0.6
401360143,IND,3133596,14.0,-1.1,-1.4
401360143,IND,3133628,34.0,18.6,14.5
401360143,IND,3155942,39.0,19.8,19.4
401360143,IND,4278031,18.0,7.1,4.0
401360143,IND,4592402,35.0,1.7,1.3
401360144,DEN,3209,29.0,6.4,7.0
401360144,DEN,6579,32.0,7.4,7.0
401360144,DEN,2327577,12.0,2.5,1.3
401360144,DEN,2968334,27.0,9.9,8.5
401360144,DEN,3059310,34.0,14.4,13.5
401360144,DEN,3064290,38.0,13.3,11.7
401360144,DEN,3112335,36.0,12.5,7.7
401360144,DEN,4065805,14.0,-0.2,-1.1
401360144,DEN,4431690,18.0,6.5,6.7
401360144,ORL,6619,23.0,8.6,7.1
401360144,ORL,2999547,35.0,9.9,6.7
401360144,ORL,3150844,15.0,9.3,7.7
401360144,ORL,3936298,5.0,-0.4,0.0
401360144,ORL,4277847,33.0,14.1,13.2
401360144,ORL,4277919,27.0,7.1,4.7
401360144,ORL,4278052,21.0,2.5,1.7
401360144,ORL,4432809,37.0,18.8,17.2
401360144,ORL,4566434,33.0,15.4,11.6
401360144,ORL,4590530,12.0,6.1,3.9
401360145,MIN,2990962,16.0,2.0,2.6
401360145,MIN,3136195,33.0,23.7,21.7
401360145,MIN,3136776,39.0,4.4,2.2
401360145,MIN,3907822,23.0,4.4,4.0
401360145,MIN,4065663,17.0,3.1,3.7
401360145,MIN,4278077,33.0,8.9,5.5
401360145,MIN,4278541,6.0,1.7,1.7
401360145,MIN,4396971,18.0,6.5,7.8
401360145,MIN,4594268,38.0,17.2,14.6
401360145,MIN,4683025,16.0,-0.3,1.7
401360145,WAS,6426,16.0,12.3,11.8
401360145,WAS,6580,38.0,14.7,12.8
401360145,WAS,2580782,31.0,4.8,4.5
401360145,WAS,2581018,27.0,10.1,9.4
401360145,WAS,2968361,17.0,1.8,2.3
401360145,WAS,2991055,21.0,22.2,22.6
401360145,WAS,3134907,32.0,6.8,3.1
401360145,WAS,4278049,27.0,17.3,13.6
401360145,WAS,4280151,11.0,1.9,1.0
401360145,WAS,4683021,20.0,8.7,6.4
401360146,BOS,3213,31.0,11.1,7.8
401360146,BOS,6447,17.0,1.3,-0.4
401360146,BOS,2581190,20.0,3.1,3.0
401360146,BOS,2990992,32.0,6.3,4.1
401360146,BOS,3032979,30.0,6.2,4.9
401360146,BOS,3917376,33.0,3.6,2.8
401360146,BOS,4065648,37.0,20.0,15.0
401360146,BOS,4066211,25.0,9.8,7.5
401360146,BOS,4066218,15.0,2.5,2.0
401360146,PHI,3988,21.0,1.4,2.6
401360146,PHI,6440,32.0,4.1,0.6
401360146,PHI,6585,15.0,8.2,6.2
401360146,PHI,2326307,36.0,11.9,12.9
401360146,PHI,2990969,19.0,7.6,6.6
401360146,PHI,3059318,33.0,15.6,7.7
401360146,PHI,3907498,22.0,1.7,0.3
401360146,PHI,3915195,22.0,14.3,11.4
401360146,PHI,3929325,6.0,1.4,1.1
401360146,PHI,4431678,33.0,0.6,-0.5
401360147,CLE,3449,21.0,23.3,19.2
401360147,CLE,4011,26.0,7.2,4.4
401360147,CLE,4259,4.0,1.0,0.0
401360147,CLE,2583962,4.0,0.7,-0.3
401360147,CLE,2999549,4.0,1.6,1.7
401360147,CLE,3906786,4.0,0.6,0.7
401360147,CLE,4066328,31.0,21.9,16.0
401360147,CLE,4066336,26.0,0.3,-0.2
401360147,CLE,4066405,23.0,10.6,9.8
401360147,CLE,4396907,37.0,9.7,9.2
401360147,CLE,4432158,32.0,18.7,12.8
401360147,CLE,4432822,29.0,8.7,7.2
401360147,MIA,3012,28.0,4.3,3.3
401360147,MIA,3033,23.0,5.2,3.3
401360147,MIA,2580913,31.0,12.9,8.5
401360147,MIA,3074213,4.0,1.3,0.3
401360147,MIA,3137259,28.0,5.9,5.4
401360147,MIA,3138160,28.0,11.6,10.4
401360147,MIA,3157465,20.0,-4.7,-4.9
401360147,MIA,4065778,28.0,5.8,6.1
401360147,MIA,4278521,15.0,5.5,5.6
401360147,MIA,4395725,37.0,8.6,8.7
401360148,CHA,4249,32.0,19.1,16.5
401360148,CHA,4305,3.0,0.7,0.7
401360148,CHA,3074752,38.0,13.6,9.8
401360148,CHA,3133603,31.0,16.1,16.1
401360148,CHA,4066383,35.0,11.8,9.3
401360148,CHA,4066731,23.0,5.2,3.4
401360148,CHA,4278076,1.0,0.0,0.0
401360148,CHA,4278078,36.0,7.8,6.0
401360148,CHA,4432816,41.0,28.7,25.4
401360148,MIL,3438,28.0,6.8,5.3
401360148,MIL,3995,38.0,11.9,9.2
401360148,MIL,4258,15.0,7.6,6.1
401360148,MIL,6609,33.0,14.3,14.0
401360148,MIL,2578239,27.0,10.9,9.1
401360148,MIL,2581177,6.0,0.0,0.0
401360148,MIL,3032977,38.0,32.5,30.0
401360148,MIL,3064482,26.0,6.7,5.7
401360148,MIL,3135045,30.0,14.0,11.8
401360149,DAL,4376,10.0,4.5,5.7
401360149,DAL,2528210,25.0,12.6,12.8
401360149,DAL,2528779,18.0,4.2,3.4
401360149,DAL,2531367,11.0,6.6,5.8
401360149,DAL,2578185,24.0,10.2,9.6
401360149,DAL,2579260,17.0,7.4,6.1
401360149,DAL,2960236,16.0,3.9,3.7
401360149,DAL,3057187,20.0,8.0,6.5
401360149,DAL,3102531,28.0,17.5,14.2
401360149,DAL,3934672,24.0,14.2,14.6
401360149,DAL,3945274,27.0,25.2,23.7
401360149,DAL,4066410,5.0,0.3,0.7
401360149,DAL,4066496,4.0,0.0,0.0
401360149,DAL,4397126,4.0,2.3,2.7
401360149,DAL,4432811,5.0,5.0,4.1
401360149,NOP,4023,22.0,6.2,4.7
401360149,NOP,6477,25.0,1.6,0.2
401360149,NOP,6621,15.0,6.3,4.7
401360149,NOP,2999409,13.0,4.7,5.2
401360149,NOP,3133601,30.0,11.1,8.8
401360149,NOP,3913176,31.0,22.2,21.6
401360149,NOP,4277813,26.0,0.8,-0.4
401360149,NOP,4277869,5.0,7.0,6.0
401360149,NOP,4278039,28.0,8.9,7.7
401360149,NOP,4278594,7.0,-1.1,-2.4
401360149,NOP,4395698,15.0,11.6,11.6
401360149,NOP,4397077,7.0,-0.4,0.0
401360149,NOP,4397688,18.0,5.3,5.8
401360150,HOU,3431,32.0,-1.1,-1.0
401360150,HOU,2451037,21.0,3.3,1.0
401360150,HOU,2991155,15.0,-1.8,-2.4
401360150,HOU,3058254,9.0,0.0,-0.7
401360150,HOU,3136777,35.0,36.3,30.2
401360150,HOU,3913180,36.0,11.1,10.7
401360150,HOU,4066450,30.0,15.2,12.8
401360150,HOU,4397140,13.0,7.8,5.6
401360150,HOU,4431828,19.0,10.6,9.9
401360150,HOU,4432168,16.0,6.0,6.7
401360150,HOU,4871144,13.0,8.2,5.8
401360150,OKC,3058030,19.0,3.3,2.7
401360150,OKC,4065733,16.0,5.9,7.1
401360150,OKC,4066392,14.0,8.3,5.0
401360150,OKC,4278073,38.0,26.7,25.9
401360150,OKC,4397020,36.0,14.8,13.1
401360150,OKC,4397183,10.0,-1.7,0.0
401360150,OKC,4423545,25.0,5.9,0.7
401360150,OKC,4432813,34.0,12.4,11.5
401360150,OKC,4432819,32.0,1.1,1.2
401360150,OKC,4683018,8.0,5.0,3.4
401360150,OKC,4683027,8.0,-0.5,-1.7
401360151,LAC,3439,19.0,6.3,5.1
401360151,LAC,4238,19.0,8.7,5.8
401360151,LAC,6443,27.0,7.9,8.1
401360151,LAC,6462,22.0,-0.6,-2.1
401360151,LAC,3135047,6.0,6.1,4.5
401360151,LAC,3907823,26.0,14.9,15.5
401360151,LAC,3913174,29.0,14.6,13.8
401360151,LAC,4017837,24.0,16.1,14.3
401360151,LAC,4222252,18.0,14.4,11.2
401360151,LAC,4432162,24.0,9.6,7.4
401360151,LAC,4432192,12.0,2.1,1.7
401360151,LAC,4683023,16.0,3.3,2.3
401360151,SAC,2596107,15.0,0.8,0.7
401360151,SAC,2990984,22.0,-0.5,-0.3
401360151,SAC,2993370,33.0,17.1,15.6
401360151,SAC,3914283,23.0,9.5,8.3
401360151,SAC,3919454,30.0,18.2,15.2
401360151,SAC,4066259,36.0,22.9,19.1
401360151,SAC,4278053,28.0,17.3,15.2
401360151,SAC,4396993,40.0,12.9,12.6
401360151,SAC,4397103,14.0,6.5,6.7
401360152,CHI,3978,38.0,27.1,25.2
401360152,CHI,6478,34.0,21.3,20.6
401360152,CHI,2596112,29.0,4.0,4.1
401360152,CHI,2991350,31.0,7.5,4.2
401360152,CHI,3064440,35.0,22.3,19.2
401360152,CHI,3936099,14.0,7.0,4.1
401360152,CHI,4066421,34.0,4.0,2.3
401360152,CHI,4278508,9.0,5.4,4.1
401360152,CHI,4397002,17.0,0.8,1.0
401360152,NYK,3456,26.0,15.9,14.6
401360152,NYK,3986,3.0,-1.9,-1.4
401360152,NYK,6429,43.0,15.0,12.3
401360152,NYK,6588,32.0,12.1,8.6
401360152,NYK,3064514,39.0,21.5,19.7
401360152,NYK,4278075,4.0,2.3,2.7
401360152,NYK,4278355,19.0,7.3,4.8
401360152,NYK,4351852,30.0,10.6,6.8
401360152,NYK,4395724,38.0,7.9,6.6
401360152,NYK,4397014,6.0,0.3,0.0
401360153,MIL,3438,28.0,4.5,3.6
401360153,MIL,3995,37.0,17.4,17.5
401360153,MIL,6609,35.0,12.3,9.9
401360153,MIL,2578239,31.0,4.8,2.9
401360153,MIL,2581177,8.0,-1.5,-1.4
401360153,MIL,3064482,30.0,9.3,7.5
401360153,MIL,3102533,11.0,1.3,-1.0
401360153,MIL,3135045,32.0,5.3,5.3
401360153,MIL,4277883,4.0,0.7,-0.3
401360153,MIL,4278580,23.0,10.1,8.9
401360153,TOR,2991230,39.0,21.1,20.5
401360153,TOR,3133602,19.0,7.9,5.4
401360153,TOR,3133838,10.0,5.4,5.3
401360153,TOR,3149673,35.0,9.3,9.5
401360153,TOR,3948153,12.0,2.9,2.3
401360153,TOR,4277843,35.0,4.2,-0.9
401360153,TOR,4348697,3.0,0.6,0.0
401360153,TOR,4397885,14.0,2.4,2.1
401360153,TOR,4431679,35.0,6.8,4.7
401360153,TOR,4433134,39.0,16.1,12.9
401360154,MEM,2991235,21.0,12.5,10.8
401360154,MEM,3134932,26.0,21.6,17.7
401360154,MEM,3135046,21.0,16.2,12.7
401360154,MEM,3155526,15.0,5.9,4.8
401360154,MEM,3906665,15.0,9.1,7.1
401360154,MEM,4066320,18.0,2.4,-0.7
401360154,MEM,4066436,22.0,19.9,18.4
401360154,MEM,4066651,15.0,2.4,3.3
401360154,MEM,4277928,14.0,14.0,11.5
401360154,MEM,4277961,20.0,26.9,22.6
401360154,MEM,4277964,25.0,14.4,11.9
401360154,MEM,4593125,28.0,18.0,15.2
401360154,OKC,2490089,17.0,9.1,8.0
401360154,OKC,3058030,32.0,-0.4,-0.5
401360154,OKC,3929321,22.0,1.5,1.7
401360154,OKC,4065733,35.0,3.8,1.6
401360154,OKC,4066392,24.0,7.1,7.0
401360154,OKC,4397020,25.0,10.6,9.6
401360154,OKC,4423545,15.0,-0.8,-1.0
401360154,OKC,4432813,24.0,-1.6,-1.1
401360154,OKC,4432819,27.0,5.3,4.6
401360154,OKC,4683018,19.0,1.3,0.7
401360155,DET,6446,16.0,1.5,1.3
401360155,DET,2991070,38.0,29.1,25.7
401360155,DET,3136196,12.0,2.9,2.0
401360155,DET,4065651,18.0,3.2,2.6
401360155,DET,4080610,21.0,3.0,2.9
401360155,DET,4277951,4.0,-1.6,-1.1
401360155,DET,4397136,31.0,2.4,1.9
401360155,DET,4432166,31.0,11.7,10.9
401360155,DET,4432810,35.0,15.4,13.3
401360155,DET,4683024,33.0,8.4,6.4
401360155,PHX,2779,33.0,14.8,14.1
401360155,PHX,3452,15.0,6.3,6.0
401360155,PHX,6581,24.0,2.4,1.6
401360155,PHX,2583639,10.0,-1.1,-1.4
401360155,PHX,3059307,4.0,0.9,0.7
401360155,PHX,3064230,21.0,12.6,10.5
401360155,PHX,3138196,27.0,18.0,16.5
401360155,PHX,3147657,41.0,14.8,10.8
401360155,PHX,3914044,31.0,7.3,8.0
401360155,PHX,4278129,33.0,16.9,12.6
401360156,POR,2490149,32.0,8.7,4.5
401360156,POR,2490620,29.0,5.8,6.5
401360156,POR,2528353,20.0,0.6,-0.3
401360156,POR,2578213,27.0,9.6,8.4
401360156,POR,2579258,10.0,1.6,0.7
401360156,POR,2580365,21.0,4.7,0.9
401360156,POR,2595516,29.0,8.3,6.8
401360156,POR,3102530,23.0,6.0,5.0
401360156,POR,3152335,5.0,1.6,1.3
401360156,POR,4065697,19.0,2.6,1.7
401360156,POR,4351851,11.0,-1.8,-1.4
401360156,POR,4397166,5.0,2.9,3.4
401360156,POR,4431675,5.0,-1.4,-1.7
401360156,POR,4432161,5.0,1.4,0.7
401360156,SAS,3244,15.0,7.3,5.5
401360156,SAS,2528588,22.0,13.4,13.2
401360156,SAS,2994526,15.0,16.1,14.5
401360156,SAS,3078576,30.0,12.8,9.7
401360156,SAS,3134908,30.0,13.1,8.1
401360156,SAS,3136779,9.0,-0.9,-3.0
401360156,SAS,3146557,4.0,0.0,0.0
401360156,SAS,3907497,35.0,16.2,13.3
401360156,SAS,3914285,4.0,2.9,2.6
401360156,SAS,4277890,15.0,4.0,3.7
401360156,SAS,4395626,19.0,5.2,3.7
401360156,SAS,4395630,10.0,1.0,1.0
401360156,SAS,4395723,34.0,9.9,8.6
401360157,IND,6507,4.0,4.1,4.5
401360157,IND,6603,11.0,1.1,0.6
401360157,IND,2528693,4.0,0.3,-0.7
401360157,IND,2566769,39.0,6.7,7.0
401360157,IND,2991043,37.0,22.7,20.4
401360157,IND,3133596,16.0,2.2,2.6
401360157,IND,3133628,34.0,15.7,14.7
401360157,IND,3155942,37.0,14.3,10.3
401360157,IND,4278031,21.0,3.1,3.6
401360157,IND,4592402,37.0,8.6,6.2
401360157,MIA,2184,6.0,0.3,0.0
401360157,MIA,3012,38.0,18.2,19.3
401360157,MIA,3033,31.0,11.0,7.2
401360157,MIA,2580913,23.0,8.9,7.5
401360157,MIA,3074213,19.0,10.3,9.2
401360157,MIA,3137259,28.0,7.6,6.5
401360157,MIA,3138160,18.0,5.9,4.7
401360157,MIA,3157465,30.0,18.6,18.4
401360157,MIA,4065778,14.0,1.5,1.7
401360157,MIA,4395725,34.0,9.6,8.3
401360158,CLE,3449,18.0,14.0,12.5
401360158,CLE,4011,29.0,5.1,4.3
401360158,CLE,4259,2.0,-0.1,0.0
401360158,CLE,2583962,2.0,0.7,0.7
401360158,CLE,2999549,2.0,-1.7,-1.7
401360158,CLE,3906786,2.0,2.3,2.7
401360158,CLE,4066328,37.0,25.6,21.7
401360158,CLE,4066336,36.0,10.8,9.3
401360158,CLE,4066405,13.0,1.4,1.9
401360158,CLE,4396907,34.0,25.9,25.2
401360158,CLE,4432158,36.0,4.8,2.7
401360158,CLE,4432822,29.0,6.4,6.3
401360158,WAS,6426,21.0,4.3,4.3
401360158,WAS,6580,27.0,5.0,4.1
401360158,WAS,2580782,26.0,2.5,3.4
401360158,WAS,2581018,20.0,0.7,-0.4
401360158,WAS,2581184,5.0,2.3,2.0
401360158,WAS,2968361,22.0,13.5,12.6
401360158,WAS,2991055,22.0,5.6,4.0
401360158,WAS,3134907,23.0,8.9,7.7
401360158,WAS,3922230,21.0,11.4,11.2
401360158,WAS,4278049,23.0,4.3,2.4
401360158,WAS,4280151,7.0,3.3,3.3
401360158,WAS,4683021,23.0,12.2,11.4
401360159,ATL,2799,17.0,2.9,1.6
401360159,ATL,3428,28.0,16.1,14.4
401360159,ATL,2488958,13.0,2.3,1.7
401360159,ATL,2534781,5.0,2.7,3.1
401360159,ATL,3064447,29.0,8.6,4.5
401360159,ATL,3102529,30.0,3.1,2.5
401360159,ATL,3893019,18.0,-3.1,-2.4
401360159,ATL,3908845,33.0,13.8,10.6
401360159,ATL,4066372,31.0,7.9,7.7
401360159,ATL,4277905,36.0,16.1,16.8
401360159,PHI,3988,34.0,4.0,4.0
401360159,PHI,6585,12.0,8.0,4.8
401360159,PHI,2326307,33.0,13.8,13.1
401360159,PHI,2990969,29.0,12.1,10.5
401360159,PHI,3059318,36.0,20.1,16.0
401360159,PHI,3907498,24.0,-0.8,0.0
401360159,PHI,3915195,22.0,1.2,-0.1
401360159,PHI,3929325,17.0,5.9,5.4
401360159,PHI,4431678,33.0,11.3,9.8
401360160,BKN,2983,34.0,9.4,9.1
401360160,BKN,3015,10.0,4.4,3.6
401360160,BKN,3202,38.0,21.6,20.5
401360160,BKN,3992,36.0,15.5,13.0
401360160,BKN,3999,25.0,10.4,10.5
401360160,BKN,4004,34.0,17.4,16.8
401360160,BKN,3062667,27.0,2.8,2.4
401360160,BKN,3133635,3.0,0.3,0.0
401360160,BKN,4065670,10.0,-1.0,-0.7
401360160,BKN,4278067,3.0,-2.2,-1.0
401360160,BKN,4432174,18.0,-0.3,-0.5
401360160,MIN,2990962,20.0,6.1,6.6
401360160,MIN,3136776,34.0,12.4,11.7
401360160,MIN,3907822,28.0,8.1,7.8
401360160,MIN,4065663,18.0,-1.7,-0.8
401360160,MIN,4067325,14.0,2.1,2.0
401360160,MIN,4278077,30.0,14.5,11.7
401360160,MIN,4396971,34.0,14.8,14.1
401360160,MIN,4594268,37.0,8.6,5.4
401360160,MIN,4683025,25.0,5.6,5.8
401360161,HOU,3415,12.0,8.7,7.5
401360161,HOU,3431,32.0,17.8,16.3
401360161,HOU,2991155,20.0,3.6,3.4
401360161,HOU,3058254,34.0,19.4,14.1
401360161,HOU,3136777,32.0,12.0,10.1
401360161,HOU,3913180,32.0,12.9,10.0
401360161,HOU,4066450,19.0,4.0,4.1
401360161,HOU,4397140,18.0,4.9,5.0
401360161,HOU,4431828,14.0,4.9,6.1
401360161,HOU,4432168,6.0,-1.0,-1.0
401360161,HOU,4871144,19.0,13.7,12.8
401360161,ORL,6619,22.0,11.1,10.4
401360161,ORL,2999547,31.0,10.0,8.6
401360161,ORL,3150844,13.0,1.4,3.0
401360161,ORL,3936298,6.0,-0.4,-0.7
401360161,ORL,4277847,33.0,12.1,8.2
401360161,ORL,4277919,31.0,16.3,11.9
401360161,ORL,4278052,19.0,6.9,5.4
401360161,ORL,4432809,36.0,15.3,15.9
401360161,ORL,4566434,33.0,13.4,12.5
401360161,ORL,4590530,15.0,2.4,2.4
401360162,DAL,4376,8.0,2.2,1.0
401360162,DAL,2528210,25.0,9.4,7.5
401360162,DAL,2528779,28.0,0.0,0.6
401360162,DAL,2531367,19.0,2.1,3.0
401360162,DAL,2578185,32.0,6.7,4.9
401360162,DAL,2579260,8.0,-1.1,-1.4
401360162,DAL,2960236,31.0,9.4,8.0
401360162,DAL,3057187,16.0,-0.5,-1.7
401360162,DAL,3934672,32.0,13.3,12.9
401360162,DAL,3945274,35.0,8.7,7.6
401360162,DAL,4066410,2.0,0.3,0.0
401360162,DAL,4397126,2.0,2.3,2.0
401360162,DAL,4432811,2.0,0.5,0.9
401360162,NOP,4023,24.0,7.9,4.7
401360162,NOP,6477,25.0,12.1,10.4
401360162,NOP,6621,15.0,1.8,2.0
401360162,NOP,2999409,23.0,13.7,11.8
401360162,NOP,3133601,31.0,6.4,6.3
401360162,NOP,3913176,38.0,22.8,19.8
401360162,NOP,4277813,36.0,10.4,9.7
401360162,NOP,4278039,27.0,1.2,0.3
401360162,NOP,4278594,1.0,0.7,0.7
401360162,NOP,4395698,11.0,3.0,2.3
401360162,NOP,4397688,10.0,6.1,7.4
401360163,BOS,3213,34.0,21.7,19.7
401360163,BOS,6447,3.0,-0.4,-0.7
401360163,BOS,2581190,29.0,8.4,6.7
401360163,BOS,2990992,37.0,14.1,11.4
401360163,BOS,3032979,39.0,16.2,15.4
401360163,BOS,4065648,38.0,30.3,28.5
401360163,BOS,4066211,15.0,9.3,8.5
401360163,BOS,4066218,27.0,3.1,4.8
401360163,BOS,4396909,6.0,-0.2,0.0
401360163,BOS,4397008,11.0,6.0,4.4
401360163,UTA,3005,17.0,1.6,1.6
401360163,UTA,3195,32.0,25.7,25.7
401360163,UTA,3593,31.0,13.5,12.4
401360163,UTA,4262,13.0,1.5,2.1
401360163,UTA,2528426,21.0,4.3,3.9
401360163,UTA,2583632,32.0,15.7,14.4
401360163,UTA,2968436,22.0,4.8,5.1
401360163,UTA,3032976,35.0,16.9,13.8
401360163,UTA,3908809,33.0,25.1,25.6
401360163,UTA,4065656,4.0,-1.7,-2.0
401360164,GSW,3975,33.0,13.8,13.7
401360164,GSW,4269,15.0,7.0,5.0
401360164,GSW,6589,30.0,20.7,10.7
401360164,GSW,2594922,24.0,0.1,-0.1
401360164,GSW,2595209,8.0,2.9,2.3
401360164,GSW,3059319,30.0,10.7,11.1
401360164,GSW,3134903,26.0,16.5,14.6
401360164,GSW,3155535,15.0,2.3,1.7
401360164,GSW,4277956,32.0,5.0,6.1
401360164,GSW,4401416,26.0,19.1,17.0
401360164,PHX,2779,32.0,10.7,8.8
401360164,PHX,3452,9.0,6.6,5.1
401360164,PHX,6581,31.0,11.4,7.3
401360164,PHX,2583639,7.0,5.1,3.1
401360164,PHX,3059307,9.0,-2.4,-2.2
401360164,PHX,3064230,26.0,-3.6,-3.9
401360164,PHX,3138196,33.0,8.0,6.6
401360164,PHX,3147657,30.0,6.3,6.4
401360164,PHX,3914044,27.0,5.8,5.0
401360164,PHX,4278129,32.0,16.4,14.6
401360164,PHX,4397189,3.0,6.0,5.7
401360165,LAC,3439,29.0,11.3,11.6
401360165,LAC,4238,18.0,8.0,8.5
401360165,LAC,4251,39.0,15.1,11.4
401360165,LAC,6443,36.0,12.7,11.5
401360165,LAC,6462,33.0,14.9,15.1
401360165,LAC,3907823,16.0,1.3,1.0
401360165,LAC,3913174,24.0,17.0,14.8
401360165,LAC,4017837,22.0,12.5,10.1
401360165,LAC,4222252,16.0,7.5,8.0
401360165,LAC,4432162,7.0,-0.1,0.3
401360165,LAL,1966,36.0,16.6,13.0
401360165,LAL,1975,25.0,11.2,9.7
401360165,LAL,2384,21.0,6.2,4.1
401360165,LAL,3468,36.0,10.7,11.0
401360165,LAL,3981,20.0,4.3,3.3
401360165,LAL,6583,36.0,24.6,23.2
401360165,LAL,4066262,29.0,15.9,14.5
401360165,LAL,4066457,9.0,0.1,0.6
401360165,LAL,4396991,28.0,6.4,5.1
401360166,DEN,3209,25.0,9.1,6.1
401360166,DEN,6579,31.0,11.1,10.8
401360166,DEN,2327577,18.0,6.6,3.7
401360166,DEN,2968334,27.0,3.9,4.1
401360166,DEN,3059262,24.0,11.8,9.2
401360166,DEN,3059310,26.0,10.1,8.5
401360166,DEN,3064290,25.0,4.8,2.4
401360166,DEN,3112335,27.0,28.3,25.9
401360166,DEN,4230557,3.0,-1.1,-1.4
401360166,DEN,4431690,34.0,16.9,16.1
401360166,NYK,3456,24.0,6.8,6.2
401360166,NYK,6429,27.0,9.1,7.2
401360166,NYK,6588,36.0,10.2,9.1
401360166,NYK,2991280,19.0,7.9,5.0
401360166,NYK,3064514,35.0,21.7,20.6
401360166,NYK,4278355,20.0,5.8,4.0
401360166,NYK,4351852,22.0,6.6,4.4
401360166,NYK,4395625,25.0,7.9,6.3
401360166,NYK,4395724,20.0,-3.3,-2.1
401360166,NYK,4397014,12.0,4.9,5.4
401360167,BKN,2983,33.0,16.0,13.5
401360167,BKN,3015,15.0,12.7,12.6
401360167,BKN,3202,38.0,18.8,16.4
401360167,BKN,3992,40.0,13.4,11.4
401360167,BKN,4004,34.0,8.3,5.7
401360167,BKN,3062667,23.0,9.9,6.8
401360167,BKN,3133635,5.0,0.3,0.7
401360167,BKN,4065670,26.0,1.7,0.6
401360167,BKN,4432174,25.0,7.5,4.3
401360167,CHI,3978,38.0,17.3,16.7
401360167,CHI,6478,35.0,7.4,5.3
401360167,CHI,2991350,8.0,5.7,4.7
401360167,CHI,3064440,37.0,26.7,24.0
401360167,CHI,3936099,33.0,8.6,6.4
401360167,CHI,4065673,7.0,3.0,2.4
401360167,CHI,4066421,40.0,11.6,5.5
401360167,CHI,4067045,7.0,0.0,-0.3
401360167,CHI,4278508,13.0,4.7,3.3
401360167,CHI,4397002,23.0,8.5,7.3
401360168,MIA,3012,28.0,5.2,4.3
401360168,MIA,3033,17.0,-0.2,1.0
401360168,MIA,2580913,24.0,10.1,7.2
401360168,MIA,3074213,23.0,2.2,1.5
401360168,MIA,3137259,29.0,9.3,9.8
401360168,MIA,3138160,29.0,13.6,10.1
401360168,MIA,3157465,26.0,8.2,6.7
401360168,MIA,4065778,24.0,20.0,18.8
401360168,MIA,4278521,7.0,-0.7,-0.7
401360168,MIA,4395725,33.0,10.6,7.9
401360168,MIL,3995,32.0,13.3,12.2
401360168,MIL,4032,12.0,0.9,0.3
401360168,MIL,4258,11.0,8.7,9.7
401360168,MIL,6609,30.0,16.7,16.0
401360168,MIL,2578239,29.0,17.6,17.8
401360168,MIL,2581177,27.0,2.3,0.9
401360168,MIL,3064482,30.0,21.8,15.6
401360168,MIL,3102533,16.0,7.6,7.5
401360168,MIL,4277883,4.0,2.7,2.7
401360168,MIL,4278580,21.0,6.0,5.5
401360168,MIL,4396972,29.0,6.1,5.7
401360169,DAL,4376,11.0,-1.0,-2.4
401360169,DAL,2528210,31.0,20.7,18.0
401360169,DAL,2528779,27.0,-1.6,-2.5
401360169,DAL,2531367,24.0,6.6,7.2
401360169,DAL,2578185,37.0,14.1,11.5
401360169,DAL,2579260,13.0,1.4,2.6
401360169,DAL,2960236,33.0,4.9,2.2
401360169,DAL,3057187,15.0,1.2,0.7
401360169,DAL,3934672,37.0,6.8,7.4
401360169,DAL,4230547,13.0,3.3,1.0
401360169,MEM,2991235,27.0,13.5,11.8
401360169,MEM,3134932,18.0,1.8,0.7
401360169,MEM,3135046,34.0,19.0,15.6
401360169,MEM,3155526,30.0,3.0,4.4
401360169,MEM,4066320,34.0,22.2,18.9
401360169,MEM,4066436,26.0,3.9,-1.6
401360169,MEM,4066651,8.0,-1.4,-1.0
401360169,MEM,4277961,29.0,6.0,6.5
401360169,MEM,4277964,21.0,2.8,-1.0
401360169,MEM,4593125,13.0,-0.3,-0.7
401360170,GSW,3975,37.0,17.7,13.0
401360170,GSW,4269,13.0,6.3,5.4
401360170,GSW,6589,33.0,11.7,8.3
401360170,GSW,2595209,31.0,10.4,9.4
401360170,GSW,3059319,31.0,7.9,6.6
401360170,GSW,3134903,13.0,3.2,2.4
401360170,GSW,3137795,14.0,4.3,3.8
401360170,GSW,3155535,13.0,-0.6,0.3
401360170,GSW,4277956,23.0,11.7,12.6
401360170,GSW,4401416,32.0,8.9,9.3
401360170,SAS,3244,14.0,1.2,0.0
401360170,SAS,2528588,25.0,12.3,10.1
401360170,SAS,2994526,14.0,4.9,4.0
401360170,SAS,3078576,36.0,20.2,17.7
401360170,SAS,3134908,31.0,8.5,5.9
401360170,SAS,3907497,37.0,19.2,16.7
401360170,SAS,4277890,30.0,16.2,13.7
401360170,SAS,4395626,14.0,1.9,1.7
401360170,SAS,4395723,38.0,10.3,8.7
401360171,BOS,6447,22.0,12.4,8.5
401360171,BOS,2581190,17.0,3.7,3.7
401360171,BOS,2990992,23.0,10.6,11.2
401360171,BOS,3032979,32.0,30.6,28.4
401360171,BOS,3056600,3.0,0.0,0.0
401360171,BOS,4017839,13.0,2.4,2.8
401360171,BOS,4065648,31.0,25.7,23.1
401360171,BOS,4066211,21.0,6.5,6.1
401360171,BOS,4066218,33.0,9.2,6.7
401360171,BOS,4066354,18.0,16.3,15.1
401360171,BOS,4277952,5.0,2.0,2.4
401360171,BOS,4396909,22.0,10.4,10.1
401360171,POR,2490149,35.0,14.0,14.6
401360171,POR,2490620,22.0,0.7,0.9
401360171,POR,2528353,10.0,1.6,0.7
401360171,POR,2578213,23.0,2.9,3.0
401360171,POR,2579258,16.0,9.6,7.8
401360171,POR,2580365,26.0,10.9,8.5
401360171,POR,2595516,28.0,3.0,4.2
401360171,POR,3102530,20.0,16.6,14.8
401360171,POR,3152335,6.0,2.4,2.4
401360171,POR,4065697,37.0,20.4,17.4
401360171,POR,4397166,6.0,1.6,1.7
401360171,POR,4431675,6.0,5.0,5.4
401360171,POR,4432161,6.0,-0.4,0.0
401360172,LAC,3439,13.0,1.0,1.0
401360172,LAC,4238,18.0,2.3,0.7
401360172,LAC,4251,38.0,6.5,4.3
401360172,LAC,6443,32.0,2.0,3.4
401360172,LAC,6462,32.0,17.0,15.4
401360172,LAC,3907823,25.0,5.4,5.6
401360172,LAC,3913174,27.0,9.4,7.0
401360172,LAC,4017837,29.0,13.0,9.8
401360172,LAC,4222252,14.0,3.3,0.9
401360172,LAC,4432162,13.0,3.1,4.0
401360172,SAC,6474,9.0,7.7,7.8
401360172,SAC,2596107,12.0,-1.8,-1.5
401360172,SAC,2990984,20.0,8.4,6.0
401360172,SAC,2993370,27.0,2.3,2.0
401360172,SAC,3914283,23.0,8.0,2.7
401360172,SAC,3919454,29.0,19.4,18.4
401360172,SAC,4066259,37.0,9.7,6.1
401360172,SAC,4277848,20.0,12.9,11.2
401360172,SAC,4278053,28.0,-2.0,-1.4
401360172,SAC,4396993,37.0,13.2,10.9
401360173,CLE,3449,19.0,-1.1,-1.4
401360173,CLE,4011,31.0,12.2,9.7
401360173,CLE,3893016,21.0,10.2,7.1
401360173,CLE,4066328,32.0,18.4,13.6
401360173,CLE,4066336,35.0,5.1,4.6
401360173,CLE,4066405,5.0,1.3,1.0
401360173,CLE,4396907,35.0,27.9,23.0
401360173,CLE,4432158,37.0,14.2,10.8
401360173,CLE,4432822,26.0,4.5,3.0
401360173,UTA,3005,20.0,14.3,13.2
401360173,UTA,3195,30.0,12.1,8.2
401360173,UTA,3593,33.0,10.8,10.4
401360173,UTA,2528426,22.0,-3.2,-2.6
401360173,UTA,2583632,37.0,10.1,9.8
401360173,UTA,2968436,21.0,2.6,2.7
401360173,UTA,3032976,38.0,16.6,7.6
401360173,UTA,3908809,39.0,23.4,21.9
401360174,ATL,2799,16.0,2.8,0.9
401360174,ATL,3428,27.0,14.3,13.5
401360174,ATL,2488958,4.0,1.0,0.7
401360174,ATL,3064447,15.0,4.2,2.7
401360174,ATL,3102529,31.0,8.3,6.4
401360174,ATL,3893019,39.0,9.0,8.4
401360174,ATL,3908845,38.0,24.8,23.3
401360174,ATL,4066372,34.0,21.5,22.9
401360174,ATL,4277905,36.0,19.9,18.0
401360174,CHA,4249,33.0,10.9,10.2
401360174,CHA,4305,32.0,17.0,16.0
401360174,CHA,3133603,39.0,21.8,21.0
401360174,CHA,3138161,32.0,18.9,16.2
401360174,CHA,4066383,40.0,32.8,28.7
401360174,CHA,4278076,7.0,3.3,2.4
401360174,CHA,4278078,38.0,11.2,7.3
401360174,CHA,4431712,6.0,-0.7,-0.7
401360174,CHA,4702233,12.0,-2.7,-2.1
401360175,TOR,2991230,33.0,0.0,2.0
401360175,TOR,3133602,16.0,6.0,5.4
401360175,TOR,3133838,17.0,5.3,4.7
401360175,TOR,3149673,36.0,21.6,21.3
401360175,TOR,3948153,18.0,11.6,11.7
401360175,TOR,4066668,2.0,0.3,0.0
401360175,TOR,4277843,30.0,4.7,3.3
401360175,TOR,4348697,2.0,0.9,1.3
401360175,TOR,4397885,15.0,6.9,5.8
401360175,TOR,4431679,31.0,10.4,7.2
401360175,TOR,4432907,2.0,1.7,1.7
401360175,TOR,4433134,37.0,6.2,6.0
401360175,TOR,4592204,2.0,-0.7,-0.7
401360175,WAS,6426,14.0,-2.3,-2.5
401360175,WAS,6580,35.0,11.6,11.3
401360175,WAS,2580782,31.0,3.9,3.2
401360175,WAS,2581018,28.0,22.3,22.3
401360175,WAS,2581184,4.0,5.2,4.3
401360175,WAS,2968361,13.0,5.9,5.3
401360175,WAS,2991055,29.0,6.5,3.7
401360175,WAS,3134907,30.0,8.7,5.7
401360175,WAS,3922230,9.0,3.4,3.4
401360175,WAS,4066382,4.0,0.3,0.3
401360175,WAS,4278049,15.0,1.2,0.3
401360175,WAS,4280150,4.0,0.3,0.0
401360175,WAS,4280151,4.0,0.0,0.0
401360175,WAS,4683021,16.0,-0.5,0.0
401360175,WAS,4715198,4.0,-0.4,-1.0
401360176,HOU,3415,16.0,7.9,7.0
401360176,HOU,3431,33.0,17.1,17.5
401360176,HOU,2451037,17.0,9.6,9.8
401360176,HOU,2991155,20.0,3.6,4.1
401360176,HOU,3058254,32.0,18.3,16.6
401360176,HOU,3136777,32.0,6.8,7.3
401360176,HOU,3913180,31.0,12.1,10.4
401360176,HOU,4066450,22.0,0.8,-1.8
401360176,HOU,4431828,16.0,7.4,8.1
401360176,HOU,4432168,4.0,-0.7,-0.7
401360176,HOU,4871144,17.0,8.1,8.1
401360176,NOP,4023,32.0,4.3,2.0
401360176,NOP,6477,32.0,18.1,14.8
401360176,NOP,6621,12.0,4.0,3.4
401360176,NOP,2999409,16.0,15.2,12.9
401360176,NOP,3133601,34.0,5.8,4.6
401360176,NOP,3913176,38.0,30.8,29.5
401360176,NOP,4277813,22.0,2.4,1.7
401360176,NOP,4278039,28.0,3.4,3.2
401360176,NOP,4395698,11.0,8.1,7.8
401360176,NOP,4397688,15.0,-1.0,-2.1
401360177,CHA,4249,44.0,9.4,7.7
401360177,CHA,3133603,43.0,30.7,24.8
401360177,CHA,3138161,42.0,7.5,7.1
401360177,CHA,4066383,43.0,9.6,9.7
401360177,CHA,4278076,18.0,14.2,14.0
401360177,CHA,4278078,32.0,13.2,9.6
401360177,CHA,4431712,22.0,8.6,9.5
401360177,CHA,4702233,20.0,7.6,6.7
401360177,PHI,3988,30.0,7.0,4.4
401360177,PHI,6440,41.0,18.3,13.6
401360177,PHI,6585,12.0,6.2,4.7
401360177,PHI,2326307,41.0,-0.6,-2.1
401360177,PHI,2990969,17.0,7.0,6.4
401360177,PHI,3059318,41.0,40.8,36.8
401360177,PHI,3907498,20.0,3.9,3.8
401360177,PHI,3915195,35.0,13.9,13.2
401360177,PHI,3929325,17.0,5.8,5.0
401360177,PHI,4395702,12.0,6.6,6.1
401360178,DET,2991070,35.0,16.1,13.6
401360178,DET,3136196,14.0,3.1,3.0
401360178,DET,4065651,18.0,-1.5,-0.7
401360178,DET,4066297,14.0,4.6,4.7
401360178,DET,4277951,4.0,1.2,1.7
401360178,DET,4278124,21.0,7.4,4.6
401360178,DET,4397136,40.0,11.3,8.6
401360178,DET,4432166,36.0,17.4,15.2
401360178,DET,4432810,29.0,8.2,4.5
401360178,DET,4683024,27.0,5.1,4.4
401360178,OKC,4257,17.0,7.7,5.8
401360178,OKC,2490089,16.0,6.9,5.7
401360178,OKC,3133626,27.0,15.6,10.1
401360178,OKC,4065733,4.0,-0.7,-0.7
401360178,OKC,4278073,37.0,25.3,24.5
401360178,OKC,4397020,37.0,20.1,17.3
401360178,OKC,4423545,29.0,9.8,4.0
401360178,OKC,4432813,18.0,1.1,-0.7
401360178,OKC,4432819,13.0,5.5,5.0
401360178,OKC,4683018,12.0,0.7,-1.5
401360178,OKC,4871145,30.0,9.5,9.3
401360179,IND,6507,13.0,2.6,3.8
401360179,IND,6603,19.0,4.6,4.0
401360179,IND,2566769,36.0,15.3,15.3
401360179,IND,2991043,33.0,12.3,10.4
401360179,IND,3133596,19.0,3.8,2.7
401360179,IND,3133628,30.0,4.7,1.0
401360179,IND,3155942,36.0,32.2,27.9
401360179,IND,4278031,29.0,12.2,10.1
401360179,IND,4592402,25.0,16.4,11.8
401360179,WAS,6426,3.0,-0.7,-0.7
401360179,WAS,6580,39.0,26.7,27.6
401360179,WAS,2581018,31.0,2.8,2.0
401360179,WAS,2581184,2.0,0.0,0.0
401360179,WAS,2968361,23.0,5.3,3.7
401360179,WAS,2991055,26.0,12.7,7.8
401360179,WAS,3134907,39.0,10.9,8.4
401360179,WAS,3922230,21.0,10.5,8.8
401360179,WAS,4278049,20.0,12.8,12.9
401360179,WAS,4280151,19.0,7.6,7.1
401360179,WAS,4683021,16.0,3.2,3.1
401360180,MEM,2991235,31.0,19.7,16.5
401360180,MEM,3134932,23.0,4.4,1.4
401360180,MEM,3135046,32.0,11.0,11.5
401360180,MEM,3155526,36.0,13.8,12.1
401360180,MEM,4066320,31.0,17.0,13.4
401360180,MEM,4066436,23.0,5.1,2.8
401360180,MEM,4066651,1.0,0.0,0.0
401360180,MEM,4277928,1.0,1.7,1.7
401360180,MEM,4277961,33.0,7.8,5.6
401360180,MEM,4277964,13.0,8.8,7.5
401360180,MEM,4278116,1.0,0.0,0.0
401360180,MEM,4433137,3.0,-1.7,-1.7
401360180,MEM,4593125,11.0,-4.0,-4.5
401360180,MIA,3012,40.0,16.0,13.9
401360180,MIA,3033,24.0,2.7,1.4
401360180,MIA,6430,25.0,8.6,4.7
401360180,MIA,2580913,21.0,3.0,1.7
401360180,MIA,3074213,17.0,7.6,5.1
401360180,MIA,3137259,24.0,2.3,0.4
401360180,MIA,3138160,31.0,7.4,6.6
401360180,MIA,3157465,22.0,5.9,4.0
401360180,MIA,4065778,6.0,-1.7,-1.7
401360180,MIA,4278521,1.0,0.0,0.0
401360180,MIA,4395725,29.0,14.2,13.6
401360181,CHI,6478,35.0,9.7,6.1
401360181,CHI,3059311,19.0,2.4,1.3
401360181,CHI,3064440,39.0,24.0,23.3
401360181,CHI,3936099,28.0,8.3,7.7
401360181,CHI,4065673,12.0,4.8,2.3
401360181,CHI,4066421,40.0,20.1,16.2
401360181,CHI,4278508,24.0,5.7,4.3
401360181,CHI,4397002,42.0,13.4,11.7
401360181,CHI,4397016,1.0,2.0,2.0
401360181,CHI,4683622,1.0,0.0,0.0
401360181,DEN,3209,32.0,14.3,11.1
401360181,DEN,6579,35.0,9.1,8.3
401360181,DEN,2327577,11.0,-3.1,-2.5
401360181,DEN,2968334,21.0,0.6,0.0
401360181,DEN,3059262,13.0,2.2,0.7
401360181,DEN,3059310,35.0,18.4,17.0
401360181,DEN,3064290,39.0,8.7,8.6
401360181,DEN,3112335,36.0,19.4,14.9
401360181,DEN,3899009,1.0,-1.5,-1.4
401360181,DEN,4065805,1.0,1.7,1.7
401360181,DEN,4230557,1.0,2.7,2.7
401360181,DEN,4431690,15.0,1.5,1.6
401360182,CLE,3449,19.0,11.2,10.4
401360182,CLE,4011,28.0,8.2,8.5
401360182,CLE,3893016,25.0,7.2,3.9
401360182,CLE,4066328,38.0,21.9,19.3
401360182,CLE,4066336,34.0,15.7,14.4
401360182,CLE,4066405,11.0,4.9,2.7
401360182,CLE,4396907,35.0,6.0,5.1
401360182,CLE,4432158,31.0,9.6,8.6
401360182,CLE,4432822,18.0,-1.7,-3.5
401360182,MIL,3995,37.0,18.5,14.4
401360182,MIL,4032,15.0,2.4,0.9
401360182,MIL,4258,18.0,3.1,0.5
401360182,MIL,6609,36.0,14.5,14.8
401360182,MIL,2578239,28.0,11.6,10.4
401360182,MIL,2581177,13.0,-0.8,-0.7
401360182,MIL,3032977,27.0,17.8,16.4
401360182,MIL,3064482,31.0,9.0,5.7
401360182,MIL,3135045,26.0,4.6,1.9
401360182,MIL,4396972,10.0,5.4,5.8
401360183,ATL,2799,16.0,0.1,1.3
401360183,ATL,3428,24.0,19.0,16.2
401360183,ATL,2534781,13.0,9.5,8.8
401360183,ATL,3064447,17.0,6.7,6.2
401360183,ATL,3102529,30.0,16.9,10.2
401360183,ATL,3893019,38.0,15.4,15.7
401360183,ATL,3908845,28.0,8.3,8.0
401360183,ATL,4066372,38.0,4.7,3.3
401360183,ATL,4277905,36.0,25.6,22.5
401360183,MIN,2990962,18.0,5.3,3.7
401360183,MIN,3134916,22.0,9.0,7.8
401360183,MIN,3136195,41.0,27.1,24.8
401360183,MIN,3907822,28.0,18.2,17.8
401360183,MIN,4065663,7.0,-1.4,-1.4
401360183,MIN,4278077,32.0,10.9,7.2
401360183,MIN,4396971,12.0,8.4,5.9
401360183,MIN,4431671,22.0,-0.3,-0.4
401360183,MIN,4594268,40.0,14.0,10.0
401360183,MIN,4683025,18.0,-1.3,-1.4
401360184,PHX,2779,35.0,16.6,15.2
401360184,PHX,3452,13.0,11.6,11.1
401360184,PHX,6581,31.0,12.3,11.0
401360184,PHX,2583639,13.0,2.2,2.0
401360184,PHX,3059307,6.0,-1.1,-1.0
401360184,PHX,3064230,17.0,6.9,5.8
401360184,PHX,3138196,29.0,7.3,5.3
401360184,PHX,3147657,37.0,8.6,6.2
401360184,PHX,3914044,25.0,6.3,6.2
401360184,PHX,4278129,35.0,9.7,7.6
401360184,SAS,3244,8.0,0.5,0.0
401360184,SAS,2528588,26.0,10.3,10.1
401360184,SAS,2994526,24.0,8.1,7.6
401360184,SAS,3078576,26.0,8.4,7.9
401360184,SAS,3134908,32.0,11.5,9.6
401360184,SAS,3907497,34.0,20.2,17.5
401360184,SAS,3914285,8.0,2.1,2.0
401360184,SAS,4277890,20.0,4.6,3.7
401360184,SAS,4395626,14.0,2.9,-0.7
401360184,SAS,4395723,31.0,7.2,5.5
401360184,SAS,4702176,18.0,8.3,2.3
401360185,GSW,3975,31.0,27.7,25.6
401360185,GSW,4269,11.0,6.5,5.0
401360185,GSW,6589,29.0,9.1,4.8
401360185,GSW,2594922,20.0,-1.3,-1.4
401360185,GSW,2595209,23.0,6.0,1.3
401360185,GSW,3059319,30.0,21.5,20.7
401360185,GSW,3134903,18.0,5.8,6.1
401360185,GSW,3155535,13.0,7.9,8.1
401360185,GSW,4066786,5.0,2.7,2.7
401360185,GSW,4277956,32.0,9.7,7.0
401360185,GSW,4401416,13.0,1.9,0.6
401360185,GSW,4432171,5.0,2.7,1.7
401360185,GSW,4433247,12.0,7.6,6.0
401360185,ORL,6619,21.0,3.9,2.7
401360185,ORL,2999547,28.0,11.4,10.7
401360185,ORL,3150844,17.0,-1.5,-1.4
401360185,ORL,3936298,14.0,1.8,0.3
401360185,ORL,4277847,30.0,14.9,11.4
401360185,ORL,4277919,18.0,-0.1,-2.0
401360185,ORL,4278052,25.0,8.4,5.2
401360185,ORL,4397205,5.0,-0.4,0.0
401360185,ORL,4432809,27.0,-1.3,-0.8
401360185,ORL,4566434,31.0,17.3,14.0
401360185,ORL,4590530,23.0,7.8,7.4
401360186,LAC,3439,7.0,-0.1,0.7
401360186,LAC,4238,16.0,2.4,1.4
401360186,LAC,4251,39.0,15.6,10.0
401360186,LAC,6443,32.0,11.1,10.4
401360186,LAC,6462,31.0,12.3,10.1
401360186,LAC,3907823,18.0,3.7,3.0
401360186,LAC,3913174,36.0,9.3,9.0
401360186,LAC,4017837,28.0,6.3,3.2
401360186,LAC,4222252,13.0,4.8,4.4
401360186,LAC,4432162,20.0,4.6,4.3
401360186,POR,2490620,30.0,3.1,-2.8
401360186,POR,2528353,32.0,4.9,3.1
401360186,POR,2578213,8.0,-1.1,-0.7
401360186,POR,2579258,16.0,4.5,2.4
401360186,POR,2580365,32.0,4.8,2.3
401360186,POR,2595516,44.0,13.8,13.5
401360186,POR,3102530,30.0,18.8,18.6
401360186,POR,4065697,39.0,9.5,7.0
401360186,POR,4397166,9.0,0.5,1.4
401360187,BKN,2983,23.0,9.8,9.8
401360187,BKN,3015,4.0,1.0,0.4
401360187,BKN,3202,41.0,15.9,13.1
401360187,BKN,3992,42.0,22.3,19.7
401360187,BKN,3999,25.0,12.8,11.9
401360187,BKN,4004,33.0,6.5,5.3
401360187,BKN,3062667,14.0,3.1,2.7
401360187,BKN,3133635,5.0,-0.3,-0.3
401360187,BKN,4065670,15.0,2.5,3.1
401360187,BKN,4278067,21.0,5.2,4.7
401360187,BKN,4432174,17.0,3.5,2.3
401360187,DAL,2528210,28.0,5.8,4.6
401360187,DAL,2528779,28.0,1.9,0.9
401360187,DAL,2531367,23.0,11.3,10.5
401360187,DAL,2578185,38.0,14.8,11.4
401360187,DAL,2960236,14.0,-3.4,-2.2
401360187,DAL,3102531,31.0,14.3,10.4
401360187,DAL,3934672,24.0,8.4,8.1
401360187,DAL,3945274,37.0,22.0,22.5
401360187,DAL,4230547,11.0,-0.8,-1.4
401360187,DAL,4432811,7.0,2.3,1.7
401360188,NYK,3456,22.0,8.3,7.0
401360188,NYK,6429,36.0,12.4,12.4
401360188,NYK,6588,21.0,1.4,1.3
401360188,NYK,2991280,26.0,5.6,5.3
401360188,NYK,3064514,35.0,15.1,12.5
401360188,NYK,4278355,13.0,7.1,6.8
401360188,NYK,4351852,22.0,18.1,12.6
401360188,NYK,4395625,39.0,24.1,22.1
401360188,NYK,4395724,26.0,12.3,11.0
401360188,SAS,2528588,25.0,7.2,8.4
401360188,SAS,2994526,20.0,8.3,7.7
401360188,SAS,3078576,34.0,19.9,18.9
401360188,SAS,3134908,30.0,14.9,13.2
401360188,SAS,3136779,16.0,8.9,7.4
401360188,SAS,3146557,3.0,4.4,4.4
401360188,SAS,3907497,35.0,14.5,11.8
401360188,SAS,3914285,15.0,5.6,3.1
401360188,SAS,4277890,16.0,-1.1,-1.4
401360188,SAS,4395626,12.0,2.2,2.7
401360188,SAS,4395723,16.0,3.7,2.2
401360188,SAS,4397033,3.0,-0.4,0.0
401360188,SAS,4702176,15.0,0.6,0.7
401360189,BOS,3213,30.0,8.1,4.0
401360189,BOS,6447,9.0,2.3,0.7
401360189,BOS,2581190,16.0,6.1,6.9
401360189,BOS,2990992,33.0,6.1,3.4
401360189,BOS,3032979,32.0,8.4,7.9
401360189,BOS,4017839,5.0,-0.5,-1.4
401360189,BOS,4065648,34.0,24.2,21.5
401360189,BOS,4066211,25.0,13.1,11.5
401360189,BOS,4066218,14.0,-2.6,-2.8
401360189,BOS,4066354,12.0,5.4,5.1
401360189,BOS,4396909,14.0,3.8,5.0
401360189,BOS,4397008,17.0,4.3,4.4
401360189,LAL,1966,36.0,23.6,23.8
401360189,LAL,1975,21.0,5.9,4.6
401360189,LAL,2384,13.0,5.5,3.4
401360189,LAL,3468,36.0,21.2,20.4
401360189,LAL,3981,14.0,3.1,4.0
401360189,LAL,4240,24.0,1.5,1.3
401360189,LAL,6583,35.0,18.0,12.2
401360189,LAL,6637,3.0,0.0,0.0
401360189,LAL,4066262,20.0,9.2,8.8
401360189,LAL,4066457,3.0,0.0,0.0
401360189,LAL,4396991,35.0,6.9,3.6
401360190,CHA,4249,41.0,25.3,23.6
401360190,CHA,3133603,41.0,11.7,8.9
401360190,CHA,3138161,43.0,14.0,10.9
401360190,CHA,4066383,43.0,12.1,12.6
401360190,CHA,4278076,21.0,4.7,5.4
401360190,CHA,4278078,25.0,4.0,3.0
401360190,CHA,4431712,12.0,-1.8,-1.7
401360190,CHA,4702233,15.0,5.7,4.7
401360190,PHI,3988,27.0,4.4,3.4
401360190,PHI,6440,34.0,11.5,11.1
401360190,PHI,6585,15.0,10.0,7.9
401360190,PHI,2326307,35.0,23.2,21.3
401360190,PHI,2990969,15.0,2.2,2.0
401360190,PHI,3059318,33.0,25.7,24.2
401360190,PHI,3907498,21.0,0.5,-0.1
401360190,PHI,3915195,22.0,7.6,6.8
401360190,PHI,3929325,12.0,-1.5,-2.4
401360190,PHI,4431678,26.0,1.8,2.4
401360191,CHI,6478,31.0,7.7,4.8
401360191,CHI,3064440,35.0,13.0,13.0
401360191,CHI,3936099,28.0,7.9,7.4
401360191,CHI,4065673,15.0,1.9,1.1
401360191,CHI,4066421,39.0,17.5,13.6
401360191,CHI,4067045,12.0,-0.5,-0.4
401360191,CHI,4278508,27.0,4.4,1.3
401360191,CHI,4397002,34.0,4.9,6.1
401360191,CHI,4397016,19.0,2.5,3.3
401360191,CLE,3449,20.0,4.7,3.6
401360191,CLE,4011,23.0,14.0,12.6
401360191,CLE,2583962,5.0,-0.4,0.4
401360191,CLE,2999549,5.0,0.0,0.0
401360191,CLE,3893016,22.0,6.2,2.7
401360191,CLE,3906786,5.0,2.0,0.0
401360191,CLE,3912848,5.0,7.7,7.4
401360191,CLE,4066328,32.0,12.6,8.8
401360191,CLE,4066336,27.0,10.0,10.1
401360191,CLE,4066405,5.0,1.9,2.4
401360191,CLE,4396907,33.0,19.3,18.6
401360191,CLE,4432158,32.0,19.4,11.9
401360191,CLE,4432822,28.0,5.4,6.4
401360192,DET,6446,18.0,3.6,2.5
401360192,DET,2991070,39.0,21.3,18.6
401360192,DET,3136196,23.0,2.6,2.3
401360192,DET,4065651,31.0,17.0,15.8
401360192,DET,4066297,14.0,5.7,5.4
401360192,DET,4080610,29.0,8.9,8.6
401360192,DET,4397136,22.0,3.4,1.6
401360192,DET,4432166,37.0,11.7,10.7
401360192,DET,4432810,30.0,12.4,10.6
401360192,DET,4683024,21.0,2.2,2.3
401360192,WAS,6426,11.0,6.3,6.1
401360192,WAS,6580,43.0,14.6,14.0
401360192,WAS,2580782,35.0,12.8,10.5
401360192,WAS,2581018,35.0,8.2,6.3
401360192,WAS,2581184,8.0,3.6,4.1
401360192,WAS,2968361,24.0,10.5,8.9
401360192,WAS,2991055,18.0,-0.3,0.3
401360192,WAS,3134907,39.0,19.9,18.8
401360192,WAS,3922230,4.0,1.4,1.4
401360192,WAS,4278049,27.0,13.0,7.8
401360192,WAS,4683021,21.0,6.0,5.0
401360193,IND,6507,18.0,3.0,3.0
401360193,IND,6603,15.0,1.5,1.3
401360193,IND,2528693,4.0,-0.1,-0.7
401360193,IND,2566769,33.0,15.4,12.4
401360193,IND,2991043,28.0,11.3,9.2
401360193,IND,3133596,17.0,6.3,5.4
401360193,IND,3133628,32.0,17.5,14.7
401360193,IND,3155942,33.0,26.1,24.4
401360193,IND,4278031,20.0,3.1,2.3
401360193,IND,4348700,4.0,2.0,2.1
401360193,IND,4397235,3.0,-0.7,-0.7
401360193,IND,4432170,3.0,-0.7,-0.7
401360193,IND,4592402,30.0,22.8,21.7
401360193,NYK,3456,24.0,9.8,8.9
401360193,NYK,3986,18.0,-0.5,-0.3
401360193,NYK,6429,30.0,10.2,8.6
401360193,NYK,6588,22.0,3.6,3.3
401360193,NYK,3064514,31.0,8.5,4.9
401360193,NYK,4277922,4.0,2.1,1.4
401360193,NYK,4278075,4.0,-1.4,-1.4
401360193,NYK,4278355,20.0,10.4,9.8
401360193,NYK,4351852,19.0,4.9,4.4
401360193,NYK,4395625,35.0,11.5,12.7
401360193,NYK,4395724,26.0,6.0,4.0
401360193,NYK,4397014,4.0,3.0,2.0
401360193,NYK,4431823,4.0,5.0,3.7
401360194,MIA,3012,39.0,15.2,14.7
401360194,MIA,3033,35.0,17.8,15.6
401360194,MIA,2580913,13.0,3.1,1.4
401360194,MIA,3074213,4.0,-1.1,-0.3
401360194,MIA,3137259,15.0,3.5,2.7
401360194,MIA,3138160,34.0,27.7,25.7
401360194,MIA,3157465,21.0,1.4,1.6
401360194,MIA,4065778,19.0,11.8,12.4
401360194,MIA,4278521,32.0,12.4,8.5
401360194,MIA,4395725,28.0,1.3,-1.0
401360194,MIL,3995,37.0,21.0,18.7
401360194,MIL,4032,12.0,0.6,1.0
401360194,MIL,4258,13.0,0.4,-1.3
401360194,MIL,6609,35.0,11.1,11.8
401360194,MIL,2578239,31.0,2.6,0.8
401360194,MIL,2581177,13.0,5.4,3.4
401360194,MIL,3032977,33.0,8.0,6.0
401360194,MIL,3064482,30.0,14.2,11.1
401360194,MIL,3135045,25.0,4.8,3.6
401360194,MIL,4396972,11.0,5.5,4.0
401360195,OKC,4257,17.0,9.2,7.2
401360195,OKC,2490089,15.0,3.2,3.3
401360195,OKC,3058030,3.0,-1.4,-1.7
401360195,OKC,3133626,21.0,14.1,9.9
401360195,OKC,4278073,37.0,22.0,20.8
401360195,OKC,4397020,38.0,13.6,13.3
401360195,OKC,4423545,32.0,16.0,12.2
401360195,OKC,4432813,18.0,5.3,5.0
401360195,OKC,4432819,18.0,0.5,-1.1
401360195,OKC,4683018,10.0,3.1,0.6
401360195,OKC,4871145,31.0,7.9,7.2
401360195,TOR,2991230,39.0,13.1,10.9
401360195,TOR,3133602,7.0,-4.6,-5.1
401360195,TOR,3133838,19.0,3.5,3.3
401360195,TOR,3149673,38.0,17.9,16.3
401360195,TOR,3948153,22.0,10.0,8.8
401360195,TOR,4277843,39.0,20.2,18.2
401360195,TOR,4348697,14.0,3.5,4.0
401360195,TOR,4397885,11.0,-0.5,-1.7
401360195,TOR,4432907,12.0,5.0,5.1
401360195,TOR,4433134,39.0,17.4,13.9
401360196,BKN,3015,19.0,7.8,7.5
401360196,BKN,3989,13.0,5.1,5.4
401360196,BKN,3992,39.0,16.3,12.2
401360196,BKN,3999,19.0,2.8,2.4
401360196,BKN,4004,31.0,6.8,6.5
401360196,BKN,3062667,19.0,2.5,2.3
401360196,BKN,3133635,9.0,-1.4,-1.7
401360196,BKN,4065670,20.0,8.2,5.8
401360196,BKN,4278067,16.0,6.1,5.3
401360196,BKN,4397107,22.0,5.5,6.4
401360196,BKN,4432174,32.0,12.3,11.0
401360196,HOU,3415,20.0,9.4,7.2
401360196,HOU,3431,28.0,14.1,13.9
401360196,HOU,3058254,34.0,11.1,5.6
401360196,HOU,3062744,5.0,-0.1,0.0
401360196,HOU,3136777,27.0,5.8,5.8
401360196,HOU,3913180,39.0,14.2,11.5
401360196,HOU,4066450,29.0,11.2,8.8
401360196,HOU,4431828,21.0,5.2,4.6
401360196,HOU,4432168,23.0,18.8,17.0
401360196,HOU,4871144,14.0,4.2,4.7
401360197,DAL,2528210,23.0,3.5,1.6
401360197,DAL,2528779,30.0,16.4,14.9
401360197,DAL,2531367,21.0,0.7,1.4
401360197,DAL,2578185,32.0,6.5,5.5
401360197,DAL,2960236,18.0,0.2,-2.0
401360197,DAL,3102531,23.0,12.6,12.7
401360197,DAL,3934672,34.0,12.2,10.7
401360197,DAL,3945274,36.0,15.2,12.2
401360197,DAL,4397126,12.0,11.5,9.0
401360197,DAL,4432811,10.0,1.8,2.7
401360197,MEM,2991235,30.0,3.6,0.6
401360197,MEM,3134932,12.0,4.3,3.3
401360197,MEM,3135046,35.0,9.4,6.2
401360197,MEM,3155526,33.0,7.8,6.6
401360197,MEM,4066320,34.0,8.0,6.6
401360197,MEM,4066436,25.0,10.3,8.7
401360197,MEM,4066651,19.0,7.3,4.7
401360197,MEM,4277961,34.0,16.5,14.6
401360197,MEM,4277964,10.0,2.5,3.3
401360197,MEM,4593125,9.0,0.5,0.3
401360198,MIN,3964,23.0,11.3,11.5
401360198,MIN,2982268,4.0,-0.4,-0.7
401360198,MIN,2990962,20.0,4.7,3.6
401360198,MIN,3134916,10.0,0.2,-1.1
401360198,MIN,3136195,34.0,18.2,17.2
401360198,MIN,3907822,26.0,6.0,6.0
401360198,MIN,4065663,6.0,4.3,4.4
401360198,MIN,4067325,4.0,-0.7,-0.7
401360198,MIN,4278077,27.0,5.9,3.1
401360198,MIN,4396971,14.0,4.1,2.5
401360198,MIN,4431671,23.0,2.7,-0.5
401360198,MIN,4594268,34.0,11.7,11.3
401360198,MIN,4683025,14.0,-0.4,-1.7
401360198,UTA,3005,23.0,1.5,-0.8
401360198,UTA,3195,24.0,8.3,7.5
401360198,UTA,3593,28.0,14.3,14.4
401360198,UTA,2528426,24.0,11.5,10.3
401360198,UTA,2583632,29.0,17.1,13.0
401360198,UTA,2968436,25.0,14.5,13.3
401360198,UTA,3032976,31.0,13.9,12.4
401360198,UTA,3133817,4.0,1.3,1.0
401360198,UTA,3908809,34.0,24.7,23.6
401360198,UTA,4065656,9.0,4.1,3.8
401360198,UTA,4066467,3.0,-0.4,-0.7
401360198,UTA,4066851,3.0,0.3,0.7
401360198,UTA,4395695,3.0,4.5,3.7
401360199,DEN,3209,36.0,6.7,6.8
401360199,DEN,6579,42.0,13.2,11.4
401360199,DEN,2327577,16.0,11.9,8.7
401360199,DEN,2968334,22.0,7.6,7.1
401360199,DEN,3059262,9.0,2.5,1.7
401360199,DEN,3059310,36.0,10.8,6.6
401360199,DEN,3064290,43.0,9.5,8.0
401360199,DEN,3112335,37.0,33.7,30.5
401360199,DEN,4431690,8.0,-0.1,0.7
401360199,DEN,4592492,16.0,5.9,4.6
401360199,NOP,4023,11.0,-1.1,-1.4
401360199,NOP,6477,39.0,21.6,19.3
401360199,NOP,6621,6.0,0.3,0.7
401360199,NOP,2999409,14.0,5.0,4.5
401360199,NOP,3062679,42.0,6.7,7.3
401360199,NOP,3133601,38.0,8.9,7.0
401360199,NOP,3913176,43.0,11.9,7.5
401360199,NOP,4277813,39.0,18.7,14.9
401360199,NOP,4278039,23.0,12.4,12.1
401360199,NOP,4395698,9.0,5.1,4.1
401360200,GSW,3975,33.0,10.5,10.7
401360200,GSW,4269,20.0,5.7,4.0
401360200,GSW,6589,32.0,8.0,4.7
401360200,GSW,2594922,26.0,11.8,10.0
401360200,GSW,2595209,14.0,0.7,1.3
401360200,GSW,3059319,33.0,12.5,11.4
401360200,GSW,3134903,13.0,0.2,0.3
401360200,GSW,3155535,18.0,10.4,9.1
401360200,GSW,4277956,35.0,16.0,12.2
401360200,GSW,4401416,17.0,2.5,0.0
401360200,POR,2490620,35.0,5.2,4.7
401360200,POR,2528353,13.0,-2.1,-2.1
401360200,POR,2578213,25.0,8.0,7.3
401360200,POR,2580365,23.0,4.4,3.1
401360200,POR,2595516,43.0,12.4,11.8
401360200,POR,3102530,28.0,5.7,5.1
401360200,POR,4065697,42.0,10.2,7.9
401360200,POR,4395652,26.0,14.2,12.5
401360200,POR,4397166,6.0,3.7,3.4
401360201,ORL,3447,15.0,12.6,12.6
401360201,ORL,6619,35.0,11.9,12.1
401360201,ORL,2999547,31.0,10.0,10.5
401360201,ORL,4277847,36.0,13.9,12.8
401360201,ORL,4277919,28.0,15.4,12.9
401360201,ORL,4278052,14.0,-0.7,-1.0
401360201,ORL,4432809,35.0,26.0,25.3
401360201,ORL,4566434,33.0,17.8,15.8
401360201,ORL,4590530,13.0,-1.3,-1.5
401360201,SAC,6474,21.0,13.6,11.5
401360201,SAC,6578,30.0,14.1,12.7
401360201,SAC,2596107,17.0,5.1,3.1
401360201,SAC,2990984,18.0,-2.7,-2.6
401360201,SAC,2993370,10.0,4.3,4.1
401360201,SAC,3919454,30.0,11.0,10.8
401360201,SAC,4066259,33.0,25.5,24.5
401360201,SAC,4277848,19.0,11.2,9.4
401360201,SAC,4278053,24.0,17.1,16.9
401360201,SAC,4396993,38.0,25.1,20.5
401360202,BOS,3213,35.0,12.4,11.3
401360202,BOS,6447,5.0,3.0,2.7
401360202,BOS,2581190,30.0,14.3,13.1
401360202,BOS,2990992,37.0,12.3,8.5
401360202,BOS,3032979,38.0,16.6,16.3
401360202,BOS,4065648,36.0,18.1,14.3
401360202,BOS,4066211,20.0,-0.2,-1.2
401360202,BOS,4066218,24.0,4.5,2.3
401360202,BOS,4396909,4.0,0.7,0.7
401360202,BOS,4397008,11.0,5.3,4.4
401360202,LAC,3416,15.0,1.0,-1.0
401360202,LAC,4238,19.0,9.2,6.0
401360202,LAC,6443,37.0,3.0,3.2
401360202,LAC,6462,35.0,12.0,12.0
401360202,LAC,3907823,32.0,9.2,6.9
401360202,LAC,3913174,29.0,10.9,9.7
401360202,LAC,4017837,32.0,10.7,6.5
401360202,LAC,4222252,15.0,10.1,7.2
401360202,LAC,4432162,25.0,23.3,19.5
401360203,PHI,3988,20.0,-1.9,-3.8
401360203,PHI,6440,35.0,14.8,13.1
401360203,PHI,6585,10.0,-1.9,-2.0
401360203,PHI,2326307,33.0,12.8,14.2
401360203,PHI,2990969,16.0,5.4,5.7
401360203,PHI,3059318,30.0,15.2,10.7
401360203,PHI,3907498,19.0,3.0,2.0
401360203,PHI,3915195,24.0,6.2,5.0
401360203,PHI,3929325,16.0,0.8,0.9
401360203,PHI,4395702,7.0,0.7,0.7
401360203,PHI,4397886,5.0,4.1,2.4
401360203,PHI,4431678,26.0,9.3,7.4
401360203,UTA,3005,18.0,8.1,7.1
401360203,UTA,3195,25.0,7.7,6.1
401360203,UTA,3593,28.0,7.9,7.9
401360203,UTA,4262,15.0,16.5,13.9
401360203,UTA,2528426,28.0,5.7,4.2
401360203,UTA,2583632,28.0,7.2,5.4
401360203,UTA,2968436,24.0,11.8,10.9
401360203,UTA,3032976,29.0,18.7,14.4
401360203,UTA,3133817,3.0,-1.1,-1.7
401360203,UTA,3908809,29.0,15.6,14.4
401360203,UTA,4065656,7.0,-0.7,-0.7
401360203,UTA,4066851,3.0,0.3,0.0
401360203,UTA,4395695,3.0,2.3,2.4
401360204,LAL,1966,37.0,23.0,15.0
401360204,LAL,1975,22.0,3.6,3.3
401360204,LAL,2384,10.0,4.6,4.4
401360204,LAL,3468,33.0,2.5,1.6
401360204,LAL,3981,20.0,0.2,0.6
401360204,LAL,4240,29.0,11.3,8.1
401360204,LAL,6583,38.0,15.4,12.0
401360204,LAL,4066262,23.0,2.8,0.3
401360204,LAL,4396991,27.0,7.7,8.2
401360204,MEM,2991235,30.0,6.2,4.7
401360204,MEM,2993874,15.0,8.3,6.1
401360204,MEM,3134932,19.0,12.3,8.8
401360204,MEM,3135046,35.0,9.2,6.4
401360204,MEM,4066320,31.0,16.9,13.7
401360204,MEM,4066436,29.0,14.1,11.9
401360204,MEM,4066651,17.0,1.1,0.6
401360204,MEM,4277928,16.0,9.6,6.8
401360204,MEM,4277961,29.0,15.9,12.6
401360204,MEM,4277964,18.0,6.8,3.0
401360205,DEN,3209,23.0,1.0,2.7
401360205,DEN,6579,34.0,12.9,10.8
401360205,DEN,2327577,12.0,6.3,6.0
401360205,DEN,2968334,25.0,12.3,10.8
401360205,DEN,3059262,14.0,1.8,-0.4
401360205,DEN,3059310,32.0,8.2,8.4
401360205,DEN,3064290,35.0,23.4,22.3
401360205,DEN,3112335,35.0,23.1,18.3
401360205,DEN,3899009,1.0,0.0,0.0
401360205,DEN,4065805,1.0,0.0,0.0
401360205,DEN,4431690,14.0,-0.7,-1.0
401360205,DEN,4592492,14.0,-0.4,-0.5
401360205,SAS,3244,1.0,1.0,0.7
401360205,SAS,2528588,28.0,10.5,10.0
401360205,SAS,2994526,6.0,2.3,2.0
401360205,SAS,3078576,35.0,21.2,18.2
401360205,SAS,3134908,30.0,12.3,12.0
401360205,SAS,3136779,31.0,5.9,3.3
401360205,SAS,3907497,35.0,15.9,14.6
401360205,SAS,3914285,17.0,11.5,10.1
401360205,SAS,4277890,26.0,18.3,17.5
401360205,SAS,4395626,13.0,3.1,3.2
401360205,SAS,4395630,17.0,8.1,5.0
401360205,SAS,4702176,1.0,0.0,0.0
401360206,CHA,4249,42.0,14.0,12.2
401360206,CHA,3133603,41.0,20.4,16.6
401360206,CHA,3138161,43.0,20.0,16.3
401360206,CHA,4066383,40.0,18.8,16.9
401360206,CHA,4230551,3.0,0.0,0.0
401360206,CHA,4431669,11.0,5.7,5.1
401360206,CHA,4431699,6.0,2.2,2.3
401360206,CHA,4431712,26.0,20.9,19.2
401360206,CHA,4702233,28.0,5.9,4.3
401360206,SAC,6474,21.0,2.5,2.8
401360206,SAC,6578,26.0,2.4,1.9
401360206,SAC,6591,3.0,-0.4,0.0
401360206,SAC,2596107,13.0,5.4,4.8
401360206,SAC,2990984,31.0,7.6,4.5
401360206,SAC,3919454,22.0,13.9,10.7
401360206,SAC,4066259,34.0,28.0,24.2
401360206,SAC,4277848,27.0,16.1,15.0
401360206,SAC,4278053,26.0,7.3,7.4
401360206,SAC,4396993,36.0,16.7,14.0
401360207,DAL,2528210,30.0,10.9,7.4
401360207,DAL,2528779,21.0,-2.1,-2.4
401360207,DAL,2531367,22.0,2.9,2.8
401360207,DAL,2578185,38.0,3.8,1.7
401360207,DAL,2960236,13.0,0.4,0.6
401360207,DAL,3102531,31.0,15.3,16.5
401360207,DAL,3934672,31.0,11.3,8.5
401360207,DAL,3945274,37.0,20.8,18.6
401360207,DAL,4230547,5.0,-0.4,0.0
401360207,DAL,4397126,9.0,3.6,3.7
401360207,DAL,4432811,4.0,0.6,1.0
401360207,IND,6507,11.0,0.2,0.7
401360207,IND,6603,10.0,-0.3,-0.7
401360207,IND,2528693,2.0,0.7,0.7
401360207,IND,2566769,37.0,6.9,6.1
401360207,IND,2991043,37.0,21.8,17.9
401360207,IND,3133596,20.0,7.7,7.1
401360207,IND,3133628,37.0,15.0,13.8
401360207,IND,3155942,35.0,24.6,22.4
401360207,IND,4278031,26.0,7.2,6.9
401360207,IND,4592402,25.0,5.8,3.9
401360208,ATL,2799,13.0,2.4,0.6
401360208,ATL,3428,24.0,9.3,8.7
401360208,ATL,3064447,12.0,-1.5,-2.4
401360208,ATL,3102529,34.0,18.2,12.3
401360208,ATL,3893019,31.0,-3.5,-2.8
401360208,ATL,3908845,38.0,17.5,15.6
401360208,ATL,4066372,35.0,15.1,12.9
401360208,ATL,4277905,36.0,21.4,19.2
401360208,ATL,4395627,17.0,-0.2,0.2
401360208,BKN,2983,23.0,18.2,12.2
401360208,BKN,3015,8.0,-1.5,-1.4
401360208,BKN,3202,38.0,22.2,19.2
401360208,BKN,3992,41.0,14.1,13.0
401360208,BKN,3999,21.0,6.6,2.7
401360208,BKN,4004,32.0,4.8,3.9
401360208,BKN,3062667,11.0,-0.3,0.7
401360208,BKN,3133635,4.0,0.7,0.7
401360208,BKN,4065670,20.0,14.3,14.6
401360208,BKN,4278067,17.0,4.6,4.8
401360208,BKN,4432174,25.0,8.4,7.0
401360209,NYK,3456,33.0,6.3,5.1
401360209,NYK,6429,37.0,-0.9,-2.8
401360209,NYK,6588,24.0,4.2,3.3
401360209,NYK,2991280,13.0,5.0,4.7
401360209,NYK,3064514,37.0,14.4,10.5
401360209,NYK,4278355,24.0,12.9,11.7
401360209,NYK,4351852,18.0,4.7,2.7
401360209,NYK,4395625,30.0,12.7,12.2
401360209,NYK,4395724,24.0,1.3,2.3
401360209,TOR,2991230,38.0,19.7,15.6
401360209,TOR,3133602,16.0,2.2,0.9
401360209,TOR,3133838,17.0,2.3,-0.2
401360209,TOR,3149673,39.0,6.5,3.7
401360209,TOR,3948153,28.0,10.0,10.4
401360209,TOR,4066668,5.0,-0.9,-0.1
401360209,TOR,4277843,39.0,17.6,14.7
401360209,TOR,4397885,7.0,-1.1,-0.7
401360209,TOR,4432907,8.0,0.0,0.0
401360209,TOR,4433134,41.0,15.0,9.9
401360210,HOU,3415,18.0,4.2,4.6
401360210,HOU,3431,33.0,9.5,9.7
401360210,HOU,3058254,32.0,10.1,9.1
401360210,HOU,3062744,7.0,2.5,1.0
401360210,HOU,3136777,33.0,6.4,6.8
401360210,HOU,3913180,39.0,19.1,16.3
401360210,HOU,4066450,34.0,14.2,13.6
401360210,HOU,4431828,15.0,4.3,3.8
401360210,HOU,4432168,13.0,5.7,2.4
401360210,HOU,4871144,16.0,11.3,11.0
401360210,MIL,3995,35.0,11.9,11.2
401360210,MIL,4032,18.0,0.1,0.3
401360210,MIL,4258,4.0,-1.9,-0.3
401360210,MIL,6609,36.0,14.3,11.6
401360210,MIL,2578239,31.0,19.0,14.2
401360210,MIL,2581177,12.0,1.2,1.0
401360210,MIL,3032977,37.0,39.8,34.1
401360210,MIL,3064482,33.0,17.4,12.6
401360210,MIL,3135045,28.0,3.5,1.9
401360210,MIL,4396972,6.0,-0.7,-0.7
401360211,CLE,3449,23.0,19.0,13.4
401360211,CLE,4011,23.0,3.1,3.4
401360211,CLE,2583962,5.0,2.9,3.0
401360211,CLE,2999549,5.0,0.3,0.0
401360211,CLE,3893016,28.0,11.9,10.5
401360211,CLE,3904625,5.0,0.2,-0.1
401360211,CLE,3912848,10.0,-1.2,-1.4
401360211,CLE,4066328,27.0,22.9,19.7
401360211,CLE,4066336,22.0,18.0,16.2
401360211,CLE,4066405,5.0,-1.8,-1.4
401360211,CLE,4396907,31.0,11.2,10.4
401360211,CLE,4432158,24.0,9.3,7.4
401360211,CLE,4432822,31.0,13.5,12.2
401360211,MIN,3964,28.0,9.5,8.2
401360211,MIN,2982268,5.0,2.6,2.7
401360211,MIN,2990962,11.0,6.6,7.4
401360211,MIN,3136195,30.0,11.7,9.0
401360211,MIN,3907822,29.0,10.5,9.7
401360211,MIN,4065663,4.0,1.0,0.7
401360211,MIN,4067325,4.0,4.9,4.0
401360211,MIN,4278077,30.0,11.7,6.7
401360211,MIN,4278541,15.0,8.3,8.0
401360211,MIN,4396971,14.0,-0.1,0.5
401360211,MIN,4431671,22.0,1.7,2.3
401360211,MIN,4594268,33.0,5.8,2.6
401360211,MIN,4683025,16.0,3.5,2.0
401360212,DET,6446,13.0,1.0,-0.3
401360212,DET,2991070,28.0,4.7,2.3
401360212,DET,3136196,26.0,15.7,14.9
401360212,DET,4065651,21.0,3.2,3.0
401360212,DET,4066297,15.0,0.6,-0.7
401360212,DET,4080610,16.0,11.3,9.1
401360212,DET,4277951,3.0,0.0,0.0
401360212,DET,4278124,9.0,3.7,3.1
401360212,DET,4397136,29.0,6.6,4.5
401360212,DET,4432166,31.0,9.0,6.5
401360212,DET,4432810,21.0,4.5,3.4
401360212,DET,4683024,28.0,6.1,6.1
401360212,NOP,4023,19.0,11.3,7.8
401360212,NOP,6477,27.0,15.2,13.9
401360212,NOP,6621,20.0,1.5,0.7
401360212,NOP,2999409,18.0,4.8,3.4
401360212,NOP,3062679,32.0,16.9,14.8
401360212,NOP,3132042,3.0,0.0,0.0
401360212,NOP,3133601,26.0,7.2,6.0
401360212,NOP,3913176,34.0,22.1,19.8
401360212,NOP,4277813,30.0,8.3,7.3
401360212,NOP,4277869,3.0,0.0,-1.0
401360212,NOP,4278039,22.0,8.1,6.3
401360212,NOP,4278594,3.0,-1.7,-1.7
401360212,NOP,4397077,3.0,-2.2,-1.7
401360212,NOP,4397688,3.0,-0.7,-0.7
401360213,LAL,1966,35.0,31.1,26.0
401360213,LAL,1975,24.0,5.7,5.0
401360213,LAL,2384,17.0,1.8,0.7
401360213,LAL,3442,11.0,0.7,-1.1
401360213,LAL,3468,33.0,7.7,5.3
401360213,LAL,3981,18.0,5.2,3.9
401360213,LAL,4240,26.0,19.6,16.1
401360213,LAL,6637,4.0,2.7,2.7
401360213,LAL,4066262,18.0,2.3,1.2
401360213,LAL,4066457,28.0,12.0,10.8
401360213,LAL,4396991,25.0,8.2,7.4
401360213,OKC,4257,13.0,6.8,6.7
401360213,OKC,2490089,4.0,-0.1,-0.3
401360213,OKC,3058030,5.0,0.6,0.0
401360213,OKC,3133626,19.0,0.2,-0.7
401360213,OKC,4066392,5.0,0.7,0.7
401360213,OKC,4278073,30.0,6.3,5.7
401360213,OKC,4397020,33.0,1.3,0.7
401360213,OKC,4423545,24.0,10.8,6.4
401360213,OKC,4432813,26.0,7.9,6.8
401360213,OKC,4432819,28.0,12.4,11.7
401360213,OKC,4683018,17.0,5.1,3.7
401360213,OKC,4683027,5.0,5.7,4.4
401360213,OKC,4871145,32.0,10.2,8.2
401360214,BOS,3213,30.0,8.4,5.9
401360214,BOS,6447,8.0,5.8,5.5
401360214,BOS,2990992,31.0,-3.3,-5.5
401360214,BOS,3032979,33.0,6.1,6.4
401360214,BOS,3056600,5.0,3.6,3.0
401360214,BOS,4017839,5.0,0.3,0.0
401360214,BOS,4065648,34.0,10.2,8.8
401360214,BOS,4066211,22.0,12.1,10.9
401360214,BOS,4066218,25.0,5.6,4.3
401360214,BOS,4066354,12.0,3.0,2.7
401360214,BOS,4396909,13.0,-0.3,-3.1
401360214,BOS,4397008,23.0,4.5,3.4
401360214,PHX,2779,30.0,14.8,13.4
401360214,PHX,3452,26.0,22.7,19.7
401360214,PHX,6581,31.0,14.8,10.8
401360214,PHX,2583639,10.0,-0.4,-1.4
401360214,PHX,3059307,6.0,-4.6,-3.8
401360214,PHX,3064230,22.0,8.5,8.8
401360214,PHX,3138196,31.0,13.1,10.7
401360214,PHX,3147657,35.0,11.0,11.5
401360214,PHX,3149010,2.0,-0.4,-0.7
401360214,PHX,3914044,26.0,3.4,3.6
401360214,PHX,4397189,22.0,7.0,3.7
401360215,LAC,4238,25.0,7.2,6.4
401360215,LAC,6443,32.0,15.7,13.8
401360215,LAC,6462,24.0,1.3,-1.1
401360215,LAC,3135047,15.0,8.2,6.4
401360215,LAC,3907823,35.0,16.5,14.2
401360215,LAC,3913174,36.0,19.0,18.5
401360215,LAC,4017837,28.0,8.8,9.8
401360215,LAC,4222252,20.0,8.4,8.0
401360215,LAC,4432162,24.0,3.6,1.9
401360215,ORL,6619,26.0,17.6,15.6
401360215,ORL,2999547,34.0,13.4,12.5
401360215,ORL,3150844,20.0,5.6,4.4
401360215,ORL,4277847,33.0,5.4,2.2
401360215,ORL,4277919,29.0,9.3,6.4
401360215,ORL,4278052,16.0,1.4,-0.7
401360215,ORL,4432809,34.0,15.0,14.0
401360215,ORL,4566434,34.0,16.7,16.6
401360215,ORL,4590530,14.0,1.1,0.9
401360216,UTA,3005,18.0,-0.3,-0.8
401360216,UTA,3195,26.0,10.5,9.1
401360216,UTA,3593,27.0,10.3,10.1
401360216,UTA,4262,20.0,21.3,16.3
401360216,UTA,2528426,25.0,11.1,9.5
401360216,UTA,2583632,27.0,3.2,2.7
401360216,UTA,2968436,22.0,2.7,1.9
401360216,UTA,3032976,28.0,21.0,19.4
401360216,UTA,3133817,3.0,2.7,2.7
401360216,UTA,3908809,32.0,19.0,17.8
401360216,UTA,4065656,7.0,4.3,3.1
401360216,UTA,4066851,3.0,2.7,2.7
401360216,UTA,4395695,3.0,1.4,1.4
401360216,WAS,6426,22.0,4.5,3.3
401360216,WAS,6580,34.0,10.9,9.5
401360216,WAS,2580782,24.0,5.3,6.6
401360216,WAS,2581018,25.0,-3.7,-4.8
401360216,WAS,2581184,3.0,1.7,1.7
401360216,WAS,2968361,23.0,5.4,4.9
401360216,WAS,2991055,22.0,7.4,6.2
401360216,WAS,3922230,11.0,4.4,4.4
401360216,WAS,4066382,3.0,0.7,0.7
401360216,WAS,4278049,23.0,14.3,13.0
401360216,WAS,4280150,3.0,0.7,0.7
401360216,WAS,4280151,22.0,3.9,3.7
401360216,WAS,4683021,23.0,4.5,2.0
401360216,WAS,4715198,3.0,4.0,4.0
401360217,CLE,3449,14.0,7.4,7.4
401360217,CLE,4011,26.0,9.6,8.0
401360217,CLE,3893016,27.0,11.7,10.9
401360217,CLE,3912848,3.0,0.7,0.7
401360217,CLE,4066328,39.0,23.9,17.1
401360217,CLE,4066336,26.0,-3.0,-3.2
401360217,CLE,4396907,37.0,15.3,11.0
401360217,CLE,4432158,38.0,13.8,10.4
401360217,CLE,4432822,30.0,19.8,17.3
401360217,SAC,6474,9.0,0.6,0.3
401360217,SAC,6578,25.0,7.6,6.3
401360217,SAC,6591,6.0,-2.5,-1.7
401360217,SAC,2596107,24.0,4.6,1.6
401360217,SAC,2990984,28.0,16.2,12.4
401360217,SAC,3064559,16.0,7.4,4.0
401360217,SAC,3914283,16.0,4.9,5.4
401360217,SAC,3919454,18.0,2.3,3.7
401360217,SAC,4066259,25.0,7.3,5.3
401360217,SAC,4277848,22.0,4.0,2.5
401360217,SAC,4278053,25.0,11.4,9.5
401360217,SAC,4396993,26.0,6.2,5.8
401360218,CHI,6478,34.0,2.9,0.7
401360218,CHI,2530923,29.0,2.2,2.3
401360218,CHI,2991350,27.0,4.9,4.8
401360218,CHI,3064440,38.0,24.1,21.8
401360218,CHI,4065673,9.0,6.0,4.5
401360218,CHI,4066367,5.0,0.0,0.0
401360218,CHI,4066421,40.0,6.0,3.5
401360218,CHI,4067045,5.0,-0.5,0.0
401360218,CHI,4278508,34.0,9.7,8.1
401360218,CHI,4397016,15.0,3.8,4.2
401360218,CHI,4683622,5.0,-0.1,-0.1
401360218,MIA,3012,29.0,22.5,20.6
401360218,MIA,3033,32.0,13.6,9.2
401360218,MIA,2580913,29.0,20.2,17.3
401360218,MIA,3074213,7.0,5.1,3.7
401360218,MIA,3137259,31.0,10.5,6.9
401360218,MIA,3157465,27.0,21.0,21.2
401360218,MIA,4065778,21.0,5.2,5.0
401360218,MIA,4277892,3.0,1.3,0.6
401360218,MIA,4278521,28.0,4.9,5.3
401360218,MIA,4395725,33.0,7.7,7.0
401360219,HOU,3415,27.0,-1.0,-1.0
401360219,HOU,2451037,18.0,7.0,4.4
401360219,HOU,3058254,37.0,16.8,14.1
401360219,HOU,3062744,6.0,-0.8,-0.3
401360219,HOU,3136777,25.0,4.4,3.7
401360219,HOU,3913180,27.0,6.2,7.2
401360219,HOU,4066450,34.0,17.4,16.6
401360219,HOU,4431828,21.0,6.8,6.7
401360219,HOU,4432168,21.0,7.3,7.8
401360219,HOU,4871144,23.0,16.7,14.0
401360219,MEM,2991235,21.0,7.6,5.9
401360219,MEM,2993874,31.0,15.4,11.1
401360219,MEM,3134932,15.0,1.9,1.3
401360219,MEM,3135046,34.0,14.4,10.5
401360219,MEM,3155526,33.0,14.3,15.9
401360219,MEM,4066320,31.0,11.2,10.6
401360219,MEM,4066436,18.0,1.1,0.7
401360219,MEM,4066651,17.0,11.9,11.1
401360219,MEM,4277928,13.0,2.3,1.7
401360219,MEM,4277964,23.0,7.2,6.9
401360219,MEM,4593125,4.0,2.0,2.4
401360220,GSW,2386,11.0,0.2,-0.4
401360220,GSW,3975,36.0,9.6,7.9
401360220,GSW,4269,13.0,1.4,2.0
401360220,GSW,6589,29.0,6.2,4.0
401360220,GSW,2594922,18.0,-0.0,0.2
401360220,GSW,2595209,10.0,-1.8,-1.4
401360220,GSW,3059319,37.0,15.9,14.1
401360220,GSW,3134903,12.0,4.4,3.1
401360220,GSW,3155535,25.0,9.8,7.5
401360220,GSW,4277956,37.0,15.9,14.4
401360220,GSW,4401416,11.0,-0.2,0.7
401360220,GSW,4432171,1.0,0.0,0.0
401360220,GSW,4433247,1.0,1.7,1.7
401360220,PHI,3988,17.0,4.9,3.7
401360220,PHI,6440,34.0,14.3,12.4
401360220,PHI,6585,15.0,12.9,9.5
401360220,PHI,2326307,35.0,7.9,5.8
401360220,PHI,2990969,14.0,1.3,1.0
401360220,PHI,3059318,33.0,19.9,16.4
401360220,PHI,3907498,34.0,4.4,4.0
401360220,PHI,3915195,19.0,5.4,4.3
401360220,PHI,3929325,9.0,3.0,2.7
401360220,PHI,4431678,30.0,9.2,7.6
401360221,DEN,3209,24.0,8.2,8.5
401360221,DEN,2327577,7.0,-0.2,-0.7
401360221,DEN,2968334,29.0,13.6,12.3
401360221,DEN,3059262,17.0,5.4,2.4
401360221,DEN,3059310,31.0,16.5,13.2
401360221,DEN,3064290,32.0,15.2,13.6
401360221,DEN,3112335,34.0,31.9,26.2
401360221,DEN,3899009,2.0,0.6,0.7
401360221,DEN,4065805,21.0,12.0,12.9
401360221,DEN,4230557,4.0,-0.4,-1.4
401360221,DEN,4431690,16.0,-0.3,0.6
401360221,DEN,4592492,23.0,10.8,11.1
401360221,SAS,3244,19.0,8.6,7.8
401360221,SAS,2528588,14.0,-2.6,-2.1
401360221,SAS,2994526,20.0,4.5,5.3
401360221,SAS,3078576,22.0,6.2,5.0
401360221,SAS,3134908,18.0,3.5,4.0
401360221,SAS,3136779,16.0,6.7,7.3
401360221,SAS,3907497,23.0,2.1,-1.3
401360221,SAS,3914285,20.0,4.1,2.1
401360221,SAS,4277890,22.0,9.6,8.7
401360221,SAS,4395626,23.0,15.4,14.0
401360221,SAS,4395630,23.0,13.5,12.7
401360221,SAS,4395723,21.0,12.2,11.4
401360222,MIL,3438,14.0,1.7,0.4
401360222,MIL,3995,34.0,12.2,10.6
401360222,MIL,4258,12.0,-3.1,-4.1
401360222,MIL,6609,32.0,18.3,15.1
401360222,MIL,2578239,24.0,7.3,6.0
401360222,MIL,2581177,23.0,15.6,15.3
401360222,MIL,3032977,32.0,19.8,17.6
401360222,MIL,3064482,30.0,17.2,13.1
401360222,MIL,3135045,29.0,9.6,8.1
401360222,MIL,4277883,9.0,-3.5,-3.8
401360222,MIL,4278580,1.0,0.0,0.0
401360222,MIL,4396972,1.0,0.3,0.0
401360222,NYK,3456,37.0,16.5,12.9
401360222,NYK,6588,27.0,3.7,3.3
401360222,NYK,2991280,28.0,2.4,-1.0
401360222,NYK,3064514,35.0,3.3,1.4
401360222,NYK,4278075,29.0,13.5,11.6
401360222,NYK,4351852,18.0,9.1,8.8
401360222,NYK,4395724,26.0,9.6,8.1
401360222,NYK,4397014,40.0,18.5,15.8
401360222,NYK,4431823,1.0,0.0,0.0
401360223,BKN,2983,25.0,9.1,9.1
401360223,BKN,3202,41.0,39.1,36.6
401360223,BKN,3989,9.0,2.3,1.3
401360223,BKN,3999,23.0,7.5,6.6
401360223,BKN,4004,35.0,11.5,10.4
401360223,BKN,3062667,17.0,5.3,3.1
401360223,BKN,3133635,5.0,-0.2,-2.0
401360223,BKN,4065670,23.0,5.1,5.1
401360223,BKN,4278067,23.0,3.6,1.0
401360223,BKN,4397107,9.0,-0.9,-2.1
401360223,BKN,4432174,29.0,11.2,9.8
401360223,DET,2488826,19.0,5.2,5.2
401360223,DET,3136196,8.0,-1.8,-1.0
401360223,DET,4065651,31.0,13.0,13.2
401360223,DET,4066297,12.0,-2.0,-1.4
401360223,DET,4080610,20.0,7.8,7.4
401360223,DET,4278124,28.0,17.8,12.6
401360223,DET,4397136,26.0,-2.0,-2.8
401360223,DET,4432166,36.0,19.1,13.4
401360223,DET,4432810,40.0,8.5,5.3
401360223,DET,4683024,20.0,5.9,4.3
401360224,DAL,2528210,23.0,3.7,3.3
401360224,DAL,2528779,26.0,5.5,5.4
401360224,DAL,2531367,13.0,3.9,3.0
401360224,DAL,2578185,29.0,10.9,6.1
401360224,DAL,2579260,17.0,5.6,6.1
401360224,DAL,2960236,30.0,13.1,12.1
401360224,DAL,3102531,30.0,6.2,4.6
401360224,DAL,3934672,31.0,13.0,11.0
401360224,DAL,4230547,2.0,1.7,1.7
401360224,DAL,4397126,20.0,13.8,11.0
401360224,DAL,4432811,18.0,8.8,7.4
401360224,OKC,4257,17.0,6.4,5.7
401360224,OKC,2490089,12.0,6.3,6.4
401360224,OKC,3133626,23.0,-0.3,1.0
401360224,OKC,4065733,13.0,-0.4,-0.0
401360224,OKC,4278073,33.0,14.2,12.7
401360224,OKC,4397020,16.0,4.8,5.3
401360224,OKC,4423545,30.0,7.3,4.6
401360224,OKC,4432813,16.0,5.8,6.3
401360224,OKC,4432819,14.0,2.0,1.9
401360224,OKC,4683018,23.0,5.6,1.6
401360224,OKC,4683027,13.0,0.2,0.0
401360224,OKC,4871145,30.0,-0.8,-3.1
401360225,NOP,4023,13.0,-0.1,-0.4
401360225,NOP,6477,32.0,13.2,11.9
401360225,NOP,6621,17.0,1.0,0.0
401360225,NOP,2999409,16.0,10.0,8.8
401360225,NOP,3062679,33.0,14.2,11.9
401360225,NOP,3133601,31.0,2.1,1.9
401360225,NOP,3913176,39.0,20.3,18.7
401360225,NOP,4277813,24.0,2.0,-1.7
401360225,NOP,4278039,31.0,4.6,3.9
401360225,NOP,4397688,5.0,1.3,0.3
401360225,SAS,2528588,30.0,7.8,7.4
401360225,SAS,3078576,34.0,27.1,20.0
401360225,SAS,3134908,34.0,22.9,20.6
401360225,SAS,3136779,1.0,-1.0,-1.0
401360225,SAS,3146557,1.0,-0.4,0.0
401360225,SAS,3907497,34.0,15.1,9.6
401360225,SAS,3914285,14.0,6.3,4.2
401360225,SAS,4277890,22.0,4.7,5.6
401360225,SAS,4395626,18.0,7.4,6.8
401360225,SAS,4395630,21.0,0.4,-0.7
401360225,SAS,4395723,29.0,12.1,11.0
401360226,MIN,3964,34.0,8.6,6.0
401360226,MIN,3136195,35.0,14.7,14.8
401360226,MIN,3136776,35.0,15.4,13.0
401360226,MIN,3907822,23.0,5.3,4.7
401360226,MIN,4278077,31.0,15.9,11.1
401360226,MIN,4278541,11.0,5.7,5.1
401360226,MIN,4396971,9.0,-0.4,0.4
401360226,MIN,4431671,28.0,3.8,2.9
401360226,MIN,4594268,29.0,18.0,17.4
401360226,MIN,4683025,4.0,-0.4,0.0
401360226,POR,6606,37.0,16.2,13.8
401360226,POR,2490620,34.0,8.4,0.3
401360226,POR,2528353,5.0,0.3,0.7
401360226,POR,2578213,15.0,14.4,13.9
401360226,POR,2580365,26.0,9.6,8.1
401360226,POR,2595516,39.0,9.3,8.8
401360226,POR,3102530,21.0,4.3,3.1
401360226,POR,4065697,4.0,-1.0,-1.0
401360226,POR,4351851,33.0,14.6,16.3
401360226,POR,4395652,20.0,6.4,6.3
401360226,POR,4431675,7.0,4.4,2.1
401360227,LAL,1966,37.0,26.4,22.1
401360227,LAL,1975,25.0,10.9,9.0
401360227,LAL,2384,23.0,8.9,4.7
401360227,LAL,3442,10.0,5.4,2.7
401360227,LAL,3468,35.0,12.2,9.5
401360227,LAL,3981,7.0,3.2,2.3
401360227,LAL,4240,29.0,1.6,0.9
401360227,LAL,4066262,18.0,2.6,1.7
401360227,LAL,4066457,25.0,4.1,3.3
401360227,LAL,4396991,30.0,18.2,13.0
401360227,ORL,3447,18.0,9.0,7.5
401360227,ORL,6619,33.0,12.7,10.4
401360227,ORL,2999547,33.0,4.7,4.1
401360227,ORL,4277847,33.0,13.2,11.5
401360227,ORL,4277919,12.0,2.6,0.0
401360227,ORL,4278052,23.0,-3.0,-5.9
401360227,ORL,4432809,35.0,12.3,12.3
401360227,ORL,4566434,39.0,8.1,7.2
401360227,ORL,4590530,15.0,1.6,0.6
401360228,CLE,3449,24.0,19.4,17.8
401360228,CLE,4011,28.0,6.5,5.8
401360228,CLE,3893016,6.0,-1.4,-1.4
401360228,CLE,4066328,32.0,18.2,17.1
401360228,CLE,4066336,32.0,7.5,7.0
401360228,CLE,4066405,13.0,3.1,2.7
401360228,CLE,4396907,36.0,10.7,7.3
401360228,CLE,4432158,35.0,6.1,3.6
401360228,CLE,4432822,35.0,13.1,12.8
401360228,MIA,3012,38.0,16.5,15.5
401360228,MIA,3033,35.0,20.4,19.4
401360228,MIA,2580913,23.0,10.0,9.6
401360228,MIA,3074213,20.0,8.2,6.3
401360228,MIA,3137259,34.0,7.7,6.5
401360228,MIA,3157465,32.0,2.5,0.8
401360228,MIA,4065778,16.0,-1.2,-1.4
401360228,MIA,4278521,17.0,1.2,-0.0
401360228,MIA,4395725,25.0,3.9,3.3
401360229,GSW,3975,35.0,15.9,13.1
401360229,GSW,4269,9.0,1.1,1.7
401360229,GSW,6589,31.0,12.8,12.3
401360229,GSW,2594922,25.0,7.5,6.4
401360229,GSW,2595209,19.0,4.5,1.3
401360229,GSW,3059319,34.0,9.8,7.4
401360229,GSW,3134903,9.0,4.0,2.7
401360229,GSW,3155535,27.0,13.9,13.3
401360229,GSW,4277956,29.0,2.5,2.9
401360229,GSW,4401416,14.0,2.5,2.1
401360229,GSW,4432171,2.0,-0.7,-0.7
401360229,GSW,4433247,6.0,0.2,-0.1
401360229,IND,6507,5.0,2.0,2.4
401360229,IND,6603,17.0,2.3,1.1
401360229,IND,2566769,36.0,23.0,20.2
401360229,IND,2991043,37.0,10.9,10.4
401360229,IND,3133596,26.0,-1.0,-0.1
401360229,IND,3133628,36.0,4.5,-0.2
401360229,IND,3155942,36.0,27.9,24.5
401360229,IND,4278031,25.0,10.1,5.0
401360229,IND,4592402,22.0,-3.5,-3.1
401360230,SAC,6474,12.0,7.4,6.6
401360230,SAC,6578,22.0,-1.3,-2.5
401360230,SAC,2596107,22.0,8.6,9.8
401360230,SAC,2990984,27.0,8.3,7.7
401360230,SAC,3064559,9.0,-2.1,-1.7
401360230,SAC,3914283,22.0,0.3,-0.7
401360230,SAC,3919454,17.0,4.1,1.7
401360230,SAC,4066259,32.0,21.3,19.8
401360230,SAC,4277848,26.0,9.6,7.3
401360230,SAC,4278053,26.0,8.3,7.5
401360230,SAC,4396993,22.0,6.4,3.8
401360230,SAC,4397103,3.0,-0.7,-0.7
401360230,TOR,2991230,26.0,9.2,7.1
401360230,TOR,3133602,20.0,9.4,9.1
401360230,TOR,3133838,26.0,13.1,10.5
401360230,TOR,3149673,30.0,14.6,11.5
401360230,TOR,3948153,22.0,11.9,10.5
401360230,TOR,4066668,14.0,13.4,11.5
401360230,TOR,4277843,31.0,9.3,6.1
401360230,TOR,4348697,5.0,1.7,1.7
401360230,TOR,4397885,9.0,7.5,7.6
401360230,TOR,4432907,25.0,9.5,7.4
401360230,TOR,4433134,32.0,12.4,9.6
401360231,ATL,2799,15.0,9.8,8.8
401360231,ATL,3428,27.0,6.5,7.3
401360231,ATL,2534781,10.0,7.1,5.7
401360231,ATL,3064447,14.0,2.4,2.4
401360231,ATL,3102529,32.0,14.5,9.4
401360231,ATL,3893019,21.0,6.1,5.0
401360231,ATL,3908845,25.0,9.9,9.3
401360231,ATL,4066372,34.0,3.0,3.0
401360231,ATL,4277905,36.0,31.5,30.1
401360231,ATL,4395627,28.0,10.9,8.3
401360231,HOU,3415,23.0,19.4,19.2
401360231,HOU,3431,32.0,23.2,22.8
401360231,HOU,3058254,25.0,8.3,7.3
401360231,HOU,3062744,11.0,12.0,10.6
401360231,HOU,3136777,24.0,14.3,11.5
401360231,HOU,3913180,27.0,3.5,0.9
401360231,HOU,4066450,22.0,1.0,-0.1
401360231,HOU,4431828,27.0,10.1,9.3
401360231,HOU,4432168,24.0,6.7,6.5
401360231,HOU,4871144,25.0,10.4,9.1
401360232,BOS,3213,34.0,9.5,9.5
401360232,BOS,6447,3.0,-0.3,-0.3
401360232,BOS,2990992,30.0,7.4,6.6
401360232,BOS,3032979,25.0,0.7,0.2
401360232,BOS,3917376,30.0,16.3,12.8
401360232,BOS,4017839,2.0,-1.0,-1.0
401360232,BOS,4065648,38.0,34.4,30.6
401360232,BOS,4065804,2.0,3.0,2.7
401360232,BOS,4066211,22.0,11.9,9.2
401360232,BOS,4066218,29.0,14.7,13.8
401360232,BOS,4066354,2.0,0.0,0.0
401360232,BOS,4396909,5.0,-1.1,-0.7
401360232,BOS,4397008,17.0,6.7,5.4
401360232,BOS,4407254,2.0,0.0,0.0
401360232,MIL,3995,33.0,20.2,17.2
401360232,MIL,4258,13.0,6.7,5.4
401360232,MIL,6609,24.0,-0.1,-0.3
401360232,MIL,2578239,30.0,13.4,11.1
401360232,MIL,2581177,25.0,3.5,2.7
401360232,MIL,3032977,34.0,13.3,11.0
401360232,MIL,3064482,27.0,9.5,8.1
401360232,MIL,3102533,2.0,5.1,5.1
401360232,MIL,3135045,32.0,7.2,5.0
401360232,MIL,4277883,2.0,-0.4,-0.7
401360232,MIL,4278580,6.0,1.7,1.7
401360232,MIL,4396972,12.0,-0.5,-1.4
401360233,MEM,2991235,20.0,6.0,4.8
401360233,MEM,2993874,18.0,11.2,7.1
401360233,MEM,3134932,24.0,12.7,11.9
401360233,MEM,3135046,24.0,15.9,14.3
401360233,MEM,3155526,27.0,18.1,16.8
401360233,MEM,4066320,21.0,8.8,5.1
401360233,MEM,4066436,20.0,15.1,12.1
401360233,MEM,4066651,18.0,3.0,3.7
401360233,MEM,4277928,7.0,0.5,-0.4
401360233,MEM,4277961,26.0,15.5,13.0
401360233,MEM,4277964,19.0,9.9,8.5
401360233,MEM,4278116,7.0,2.6,2.0
401360233,MEM,4593125,7.0,0.1,0.6
401360233,PHI,3988,17.0,-0.8,-2.4
401360233,PHI,6440,25.0,5.1,4.6
401360233,PHI,6585,21.0,8.0,4.5
401360233,PHI,2990969,27.0,-1.7,-1.5
401360233,PHI,3907498,21.0,2.8,0.9
401360233,PHI,3915195,30.0,8.4,7.4
401360233,PHI,3929325,32.0,8.9,6.4
401360233,PHI,4395702,16.0,4.2,3.3
401360233,PHI,4397886,22.0,12.2,9.4
401360233,PHI,4431678,30.0,16.4,16.6
401360234,CHA,4249,30.0,18.4,17.2
401360234,CHA,3074752,33.0,15.1,13.7
401360234,CHA,3133603,36.0,13.2,13.6
401360234,CHA,3138161,30.0,5.3,3.1
401360234,CHA,4066383,28.0,6.3,3.6
401360234,CHA,4278076,3.0,-0.7,-0.7
401360234,CHA,4278078,28.0,6.1,7.4
401360234,CHA,4431699,6.0,1.0,0.7
401360234,CHA,4431712,23.0,6.9,6.6
401360234,CHA,4432812,4.0,1.6,0.6
401360234,CHA,4702233,18.0,0.8,-0.0
401360234,DAL,4376,3.0,2.0,1.7
401360234,DAL,2528210,27.0,11.8,12.7
401360234,DAL,2528779,33.0,9.5,8.1
401360234,DAL,2531367,8.0,-1.1,-1.0
401360234,DAL,2578185,33.0,11.6,12.2
401360234,DAL,2579260,23.0,19.5,18.0
401360234,DAL,2960236,29.0,5.9,3.8
401360234,DAL,3102531,25.0,23.0,17.6
401360234,DAL,3934672,25.0,14.7,14.3
401360234,DAL,4230547,3.0,1.3,0.7
401360234,DAL,4397126,9.0,4.9,3.7
401360234,DAL,4432811,21.0,8.4,6.9
401360235,DEN,3209,28.0,9.1,8.4
401360235,DEN,2968334,27.0,5.3,4.0
401360235,DEN,3059262,24.0,3.0,-0.1
401360235,DEN,3059310,32.0,19.5,18.5
401360235,DEN,3064290,39.0,9.8,9.7
401360235,DEN,3112335,31.0,33.5,24.7
401360235,DEN,4065805,12.0,3.7,5.7
401360235,DEN,4230557,9.0,3.7,3.4
401360235,DEN,4431690,19.0,5.1,3.7
401360235,DEN,4592492,20.0,1.5,0.9
401360235,WAS,6426,31.0,16.3,15.1
401360235,WAS,6580,39.0,13.5,13.8
401360235,WAS,2580782,24.0,2.2,2.6
401360235,WAS,2581018,30.0,7.0,5.9
401360235,WAS,2968361,16.0,4.3,3.7
401360235,WAS,2991055,27.0,8.2,6.7
401360235,WAS,3922230,15.0,16.3,15.1
401360235,WAS,4278049,21.0,3.7,3.4
401360235,WAS,4280151,20.0,5.6,4.0
401360235,WAS,4683021,17.0,2.4,-1.4
401360236,LAC,4238,24.0,4.8,3.6
401360236,LAC,6443,30.0,12.2,11.7
401360236,LAC,6462,33.0,19.8,16.8
401360236,LAC,3135047,13.0,2.0,1.3
401360236,LAC,3907823,38.0,16.4,16.3
401360236,LAC,3913174,34.0,13.4,11.5
401360236,LAC,4017837,25.0,7.3,4.2
401360236,LAC,4222252,23.0,15.3,13.7
401360236,LAC,4432162,16.0,-2.0,-2.9
401360236,LAC,4432192,3.0,1.0,1.0
401360236,PHX,2779,33.0,6.4,4.0
401360236,PHX,3452,25.0,9.3,8.4
401360236,PHX,6581,25.0,3.7,3.0
401360236,PHX,2583639,18.0,4.3,3.7
401360236,PHX,3059307,15.0,6.0,6.4
401360236,PHX,3064230,29.0,5.2,3.3
401360236,PHX,3138196,34.0,15.0,11.7
401360236,PHX,3147657,33.0,13.5,12.8
401360236,PHX,3149010,3.0,2.0,2.0
401360236,PHX,3914044,26.0,1.4,0.2
401360237,BKN,3202,48.0,26.8,22.9
401360237,BKN,3989,31.0,14.3,13.2
401360237,BKN,4004,43.0,19.8,18.7
401360237,BKN,4278067,26.0,15.1,14.0
401360237,BKN,4397107,38.0,12.3,8.4
401360237,BKN,4397693,44.0,16.6,13.6
401360237,BKN,4432174,22.0,-3.2,-3.1
401360237,BKN,4432194,13.0,6.5,5.7
401360237,TOR,2991230,47.0,24.0,21.2
401360237,TOR,3133602,9.0,-1.8,-1.0
401360237,TOR,3133838,27.0,5.9,3.0
401360237,TOR,3149673,44.0,16.0,14.8
401360237,TOR,3948153,32.0,8.6,6.4
401360237,TOR,4066668,7.0,-0.4,-0.4
401360237,TOR,4277843,42.0,20.8,18.4
401360237,TOR,4432907,11.0,3.3,3.7
401360237,TOR,4433134,44.0,22.2,22.3
401360238,GSW,2386,14.0,4.3,3.4
401360238,GSW,3975,35.0,10.6,9.6
401360238,GSW,4269,17.0,14.9,14.5
401360238,GSW,6589,32.0,12.5,7.9
401360238,GSW,2595209,17.0,2.6,3.3
401360238,GSW,3059319,34.0,12.0,10.9
401360238,GSW,3134903,10.0,6.0,4.4
401360238,GSW,3155535,24.0,4.5,4.1
401360238,GSW,4277956,34.0,12.7,11.6
401360238,GSW,4401416,13.0,1.7,1.7
401360238,GSW,4433247,10.0,4.0,3.4
401360238,NYK,3456,34.0,11.5,10.1
401360238,NYK,6429,39.0,7.6,7.9
401360238,NYK,6588,29.0,-0.5,-1.1
401360238,NYK,2991280,24.0,6.5,3.0
401360238,NYK,3064514,37.0,20.5,18.4
401360238,NYK,4278075,20.0,10.8,8.0
401360238,NYK,4351852,14.0,2.3,1.0
401360238,NYK,4395724,22.0,4.2,4.9
401360238,NYK,4431823,20.0,4.7,4.3
401360240,PHX,2779,41.0,24.9,21.1
401360240,PHX,3452,8.0,2.9,3.1
401360240,PHX,6581,38.0,3.6,3.7
401360240,PHX,2583639,8.0,-0.3,-0.3
401360240,PHX,3064230,34.0,13.2,13.1
401360240,PHX,3138196,32.0,6.5,4.5
401360240,PHX,3147657,35.0,5.9,4.7
401360240,PHX,3914044,23.0,4.2,4.7
401360240,PHX,4278129,45.0,23.7,20.3
401360240,POR,6606,47.0,17.6,16.3
401360240,POR,2490620,36.0,5.5,5.0
401360240,POR,2528353,16.0,6.9,7.8
401360240,POR,2578213,4.0,-2.1,-2.1
401360240,POR,2580365,28.0,10.8,6.7
401360240,POR,2595516,39.0,13.1,11.3
401360240,POR,3102530,39.0,19.5,16.6
401360240,POR,4351851,33.0,3.4,2.9
401360240,POR,4395652,24.0,2.1,-0.4
401360241,CLE,3449,15.0,12.1,10.4
401360241,CLE,4011,21.0,14.2,10.0
401360241,CLE,4259,19.0,4.1,3.3
401360241,CLE,2583962,12.0,2.4,2.4
401360241,CLE,2999549,8.0,2.0,2.4
401360241,CLE,3893016,18.0,-0.2,0.1
401360241,CLE,3906786,8.0,1.0,2.3
401360241,CLE,3912848,34.0,14.3,12.1
401360241,CLE,4066328,18.0,5.9,4.5
401360241,CLE,4066336,19.0,6.9,6.7
401360241,CLE,4066405,21.0,5.6,4.4
401360241,CLE,4396907,25.0,17.8,17.9
401360241,CLE,4432822,22.0,16.2,15.8
401360241,HOU,3415,17.0,2.6,2.1
401360241,HOU,2451037,18.0,1.2,-0.1
401360241,HOU,3062744,27.0,8.2,8.1
401360241,HOU,3136777,29.0,9.3,6.0
401360241,HOU,3913180,29.0,-3.6,-2.9
401360241,HOU,4066450,22.0,-0.2,-0.7
401360241,HOU,4431828,26.0,10.1,7.8
401360241,HOU,4432168,27.0,9.0,8.5
401360241,HOU,4871143,17.0,4.7,2.3
401360241,HOU,4871144,28.0,20.3,15.9
401360242,ATL,2799,18.0,7.5,5.3
401360242,ATL,3428,24.0,9.0,7.1
401360242,ATL,2534781,6.0,-1.6,-1.0
401360242,ATL,3064447,24.0,5.4,2.8
401360242,ATL,3102529,27.0,11.8,7.5
401360242,ATL,3893019,20.0,6.7,5.8
401360242,ATL,3908845,36.0,17.0,15.5
401360242,ATL,4066372,26.0,6.6,5.1
401360242,ATL,4277905,30.0,22.0,19.5
401360242,ATL,4395627,26.0,11.3,9.4
401360242,ATL,4432173,3.0,-0.4,0.0
401360242,ORL,3447,6.0,-0.1,0.0
401360242,ORL,6619,32.0,13.9,10.8
401360242,ORL,3150844,18.0,17.0,16.2
401360242,ORL,3936298,14.0,5.3,5.4
401360242,ORL,4277847,30.0,10.6,7.5
401360242,ORL,4278052,32.0,2.5,0.6
401360242,ORL,4397205,13.0,4.2,4.3
401360242,ORL,4432809,34.0,-1.0,-1.4
401360242,ORL,4566434,34.0,3.6,3.0
401360242,ORL,4590530,27.0,11.9,12.7
401360243,MIA,3012,39.0,6.1,4.3
401360243,MIA,3033,38.0,7.2,5.4
401360243,MIA,2580913,32.0,15.7,11.3
401360243,MIA,3074213,12.0,7.8,6.5
401360243,MIA,3137259,35.0,14.8,15.0
401360243,MIA,3157465,39.0,17.3,16.4
401360243,MIA,4065778,23.0,4.8,4.3
401360243,MIA,4277892,8.0,-0.9,-0.7
401360243,MIA,4278521,15.0,4.2,4.1
401360243,PHI,3988,28.0,11.4,6.4
401360243,PHI,6440,37.0,15.5,14.4
401360243,PHI,6585,11.0,1.8,0.7
401360243,PHI,2326307,33.0,4.4,4.7
401360243,PHI,3059318,37.0,18.3,13.1
401360243,PHI,3907498,14.0,-2.6,-3.8
401360243,PHI,3915195,22.0,4.2,4.0
401360243,PHI,4278562,5.0,-1.4,-1.4
401360243,PHI,4395702,11.0,3.3,3.0
401360243,PHI,4431678,42.0,22.8,22.4
401360244,DAL,2528210,40.0,12.5,9.6
401360244,DAL,2528779,20.0,-2.6,-2.4
401360244,DAL,2531367,14.0,1.1,1.7
401360244,DAL,2578185,43.0,6.6,5.3
401360244,DAL,2579260,22.0,8.8,7.3
401360244,DAL,2960236,33.0,8.8,6.7
401360244,DAL,3102531,39.0,12.2,9.3
401360244,DAL,3934672,38.0,20.0,20.3
401360244,DAL,4230547,2.0,-1.1,-0.7
401360244,DAL,4397126,4.0,-0.8,0.0
401360244,DAL,4432811,10.0,4.9,2.7
401360244,LAL,1966,43.0,16.9,15.4
401360244,LAL,1975,24.0,6.5,4.6
401360244,LAL,3442,8.0,2.6,1.7
401360244,LAL,3468,42.0,17.7,15.8
401360244,LAL,3981,38.0,8.5,5.7
401360244,LAL,4240,24.0,4.3,3.0
401360244,LAL,6583,39.0,7.6,5.6
401360244,LAL,6637,15.0,-1.2,-1.4
401360244,LAL,4066457,32.0,14.7,13.2
401360245,IND,6507,17.0,4.8,5.5
401360245,IND,6603,3.0,2.0,2.0
401360245,IND,2284101,20.0,4.5,3.7
401360245,IND,2566769,30.0,8.0,7.7
401360245,IND,2991043,32.0,10.3,10.1
401360245,IND,3133596,21.0,6.5,6.1
401360245,IND,3133628,30.0,12.7,6.4
401360245,IND,3155942,35.0,17.1,14.1
401360245,IND,4278031,23.0,4.2,2.0
401360245,IND,4432170,3.0,2.0,1.7
401360245,IND,4592402,26.0,4.5,3.3
401360245,MIL,3438,21.0,5.4,5.1
401360245,MIL,3995,33.0,27.4,26.2
401360245,MIL,2578239,31.0,16.3,16.5
401360245,MIL,2581177,20.0,7.3,6.4
401360245,MIL,3064482,28.0,18.6,16.2
401360245,MIL,3102533,21.0,4.4,2.0
401360245,MIL,3135045,30.0,-0.1,-2.6
401360245,MIL,4277883,27.0,12.5,7.0
401360245,MIL,4278580,16.0,3.9,2.7
401360245,MIL,4396972,13.0,4.3,4.4
401360246,NOP,4023,16.0,7.5,7.1
401360246,NOP,6477,34.0,20.3,15.4
401360246,NOP,6621,11.0,2.0,2.0
401360246,NOP,2999409,13.0,6.6,5.7
401360246,NOP,3062679,35.0,8.3,7.0
401360246,NOP,3133601,33.0,13.2,11.4
401360246,NOP,3913176,37.0,25.5,22.9
401360246,NOP,4277813,33.0,5.0,6.4
401360246,NOP,4278039,22.0,2.8,1.4
401360246,NOP,4397688,5.0,0.9,0.6
401360246,OKC,4257,19.0,2.3,1.0
401360246,OKC,2490089,14.0,16.7,14.8
401360246,OKC,3133626,26.0,19.4,15.9
401360246,OKC,4065733,11.0,1.6,1.7
401360246,OKC,4278073,37.0,19.2,17.2
401360246,OKC,4397183,23.0,1.8,1.7
401360246,OKC,4423545,24.0,0.8,0.3
401360246,OKC,4432813,26.0,0.9,0.2
401360246,OKC,4432819,23.0,7.0,7.8
401360246,OKC,4683027,1.0,0.0,0.0
401360246,OKC,4871145,37.0,14.8,12.9
401360247,CHA,4249,29.0,35.9,34.8
401360247,CHA,2488653,23.0,5.5,3.8
401360247,CHA,3074752,26.0,8.0,8.1
401360247,CHA,3133603,16.0,-0.3,-0.4
401360247,CHA,3138161,40.0,18.7,16.6
401360247,CHA,4066383,34.0,22.5,20.0
401360247,CHA,4066731,33.0,10.0,8.3
401360247,CHA,4278076,3.0,1.7,1.7
401360247,CHA,4278078,29.0,18.1,16.1
401360247,CHA,4431699,2.0,-0.7,-0.7
401360247,CHA,4431712,2.0,-0.7,-0.7
401360247,CHA,4432812,2.0,0.7,0.7
401360247,SAS,3244,4.0,1.3,1.7
401360247,SAS,2528588,22.0,4.5,4.3
401360247,SAS,2994526,19.0,20.7,20.4
401360247,SAS,3078576,31.0,15.7,15.1
401360247,SAS,3134908,25.0,7.9,7.1
401360247,SAS,3136779,19.0,5.7,5.2
401360247,SAS,3146557,6.0,3.7,2.4
401360247,SAS,3907497,35.0,12.0,9.9
401360247,SAS,3914285,7.0,1.6,0.0
401360247,SAS,4395626,17.0,0.9,-0.0
401360247,SAS,4395630,24.0,7.6,6.0
401360247,SAS,4395723,32.0,14.2,14.1
401360248,DEN,3209,31.0,2.7,3.6
401360248,DEN,6579,20.0,5.5,5.4
401360248,DEN,2968334,30.0,8.3,5.8
401360248,DEN,3059310,32.0,10.5,9.9
401360248,DEN,3064290,27.0,4.9,4.3
401360248,DEN,3112335,35.0,26.3,24.5
401360248,DEN,3899009,4.0,3.0,2.7
401360248,DEN,4065805,17.0,7.4,5.2
401360248,DEN,4230557,19.0,2.3,0.6
401360248,DEN,4397102,4.0,0.7,0.7
401360248,DEN,4431690,22.0,12.8,10.7
401360248,MIN,3964,30.0,9.8,10.1
401360248,MIN,2982268,2.0,0.0,0.0
401360248,MIN,3136195,36.0,28.3,25.0
401360248,MIN,3136776,33.0,14.9,12.5
401360248,MIN,3907822,24.0,2.8,0.3
401360248,MIN,4065663,6.0,1.9,1.3
401360248,MIN,4278077,33.0,8.5,7.6
401360248,MIN,4278541,6.0,-4.6,-3.8
401360248,MIN,4396971,12.0,2.8,2.5
401360248,MIN,4431671,23.0,8.2,5.3
401360248,MIN,4594268,34.0,30.0,27.6
401360248,MIN,4683025,2.0,0.0,0.0
401360249,LAC,4238,31.0,23.1,21.0
401360249,LAC,6443,25.0,11.1,10.1
401360249,LAC,6462,32.0,14.7,13.0
401360249,LAC,3135047,19.0,0.8,-0.3
401360249,LAC,3907823,29.0,1.1,1.7
401360249,LAC,3913174,31.0,3.7,4.3
401360249,LAC,4017837,18.0,5.1,2.4
401360249,LAC,4066387,4.0,0.2,-0.1
401360249,LAC,4222252,25.0,14.1,11.2
401360249,LAC,4432162,16.0,0.6,0.9
401360249,LAC,4432192,4.0,1.9,2.3
401360249,LAC,4683023,4.0,-2.4,-3.4
401360249,UTA,3005,19.0,3.4,-0.1
401360249,UTA,3195,24.0,5.6,5.1
401360249,UTA,3593,25.0,18.4,16.5
401360249,UTA,4262,21.0,10.3,8.4
401360249,UTA,2528426,29.0,16.5,16.5
401360249,UTA,2583632,27.0,8.8,5.8
401360249,UTA,2968436,26.0,2.9,3.4
401360249,UTA,3032976,27.0,23.2,17.9
401360249,UTA,3133817,4.0,0.5,-0.1
401360249,UTA,3908809,32.0,22.5,21.3
401360249,UTA,4065656,5.0,-1.4,-1.4
401360249,UTA,4066851,2.0,0.0,0.0
401360250,MEM,2991235,30.0,15.0,10.7
401360250,MEM,2993874,27.0,14.6,6.9
401360250,MEM,3134932,18.0,9.6,8.1
401360250,MEM,3135046,31.0,6.0,6.1
401360250,MEM,3155526,37.0,15.7,14.3
401360250,MEM,4066320,30.0,20.1,20.6
401360250,MEM,4066436,21.0,3.0,0.3
401360250,MEM,4066651,7.0,0.9,1.0
401360250,MEM,4277961,24.0,0.9,0.5
401360250,MEM,4277964,15.0,8.8,8.4
401360250,POR,6606,38.0,11.3,9.2
401360250,POR,2490620,23.0,2.4,-1.0
401360250,POR,2578213,10.0,-2.5,-1.7
401360250,POR,2580365,31.0,7.6,5.1
401360250,POR,2595516,40.0,21.7,17.7
401360250,POR,3102530,31.0,12.3,8.6
401360250,POR,4351851,30.0,12.3,13.3
401360250,POR,4395652,35.0,10.3,9.1
401360250,POR,4431675,3.0,-0.4,0.0
401360251,SAC,6474,21.0,15.1,14.2
401360251,SAC,6578,32.0,17.6,16.2
401360251,SAC,6591,21.0,0.3,0.7
401360251,SAC,2596107,20.0,6.7,5.4
401360251,SAC,2990984,29.0,9.8,9.3
401360251,SAC,3064559,4.0,-0.2,0.0
401360251,SAC,3914283,17.0,11.0,8.0
401360251,SAC,4066259,31.0,19.6,20.3
401360251,SAC,4278053,29.0,8.3,7.8
401360251,SAC,4396993,36.0,11.6,5.2
401360251,WAS,6426,16.0,5.1,3.5
401360251,WAS,6580,36.0,19.8,19.5
401360251,WAS,2580782,30.0,2.0,0.7
401360251,WAS,2581018,29.0,9.4,6.4
401360251,WAS,2968361,20.0,0.7,-1.1
401360251,WAS,2991055,21.0,10.2,10.4
401360251,WAS,3134907,33.0,3.6,2.0
401360251,WAS,3922230,9.0,0.9,1.0
401360251,WAS,4278049,22.0,14.2,13.6
401360251,WAS,4683021,22.0,11.4,10.4
401360252,DET,2488826,17.0,2.6,2.4
401360252,DET,3136196,22.0,7.0,6.3
401360252,DET,4065651,25.0,14.3,13.8
401360252,DET,4080610,25.0,8.5,9.4
401360252,DET,4277957,5.0,-1.1,-2.4
401360252,DET,4278124,21.0,11.9,9.4
401360252,DET,4397136,36.0,24.2,22.6
401360252,DET,4432166,34.0,14.0,11.8
401360252,DET,4432810,26.0,4.2,3.6
401360252,DET,4683024,29.0,0.2,0.0
401360252,IND,6507,25.0,6.6,5.1
401360252,IND,6603,25.0,10.7,9.4
401360252,IND,2284101,26.0,9.4,9.2
401360252,IND,2528693,12.0,2.9,3.4
401360252,IND,2991043,38.0,26.7,23.9
401360252,IND,3133628,28.0,15.2,12.5
401360252,IND,3155942,31.0,10.0,8.9
401360252,IND,4278031,20.0,8.5,7.8
401360252,IND,4348700,5.0,0.1,-0.7
401360252,IND,4592402,29.0,13.2,11.4
401360253,BKN,3202,39.0,28.0,24.7
401360253,BKN,3989,32.0,12.3,11.4
401360253,BKN,4004,35.0,5.8,4.3
401360253,BKN,2530572,9.0,1.3,1.0
401360253,BKN,4278067,22.0,15.7,13.6
401360253,BKN,4397107,32.0,2.7,2.7
401360253,BKN,4397693,33.0,7.8,6.1
401360253,BKN,4432174,25.0,11.0,9.8
401360253,BKN,4432194,13.0,3.5,3.0
401360253,PHI,3988,40.0,6.4,3.9
401360253,PHI,6440,37.0,4.8,4.9
401360253,PHI,6585,15.0,6.8,2.8
401360253,PHI,2326307,39.0,22.0,21.3
401360253,PHI,3059318,33.0,25.9,23.8
401360253,PHI,3907498,18.0,9.0,7.1
401360253,PHI,3915195,34.0,4.4,3.2
401360253,PHI,4395702,25.0,-0.5,-2.1
401360255,HOU,3415,18.0,2.0,2.0
401360255,HOU,3431,30.0,1.7,2.1
401360255,HOU,2451037,33.0,20.7,17.5
401360255,HOU,3062744,10.0,1.6,1.7
401360255,HOU,3136777,29.0,15.1,16.9
401360255,HOU,3913180,32.0,11.2,10.6
401360255,HOU,4066450,9.0,2.6,2.0
401360255,HOU,4431828,29.0,14.6,14.6
401360255,HOU,4432168,33.0,11.6,10.8
401360255,HOU,4871143,2.0,0.3,0.0
401360255,HOU,4871144,15.0,-4.0,-4.8
401360255,NYK,3456,12.0,0.0,0.0
401360255,NYK,3986,16.0,4.0,2.9
401360255,NYK,6429,37.0,5.2,4.6
401360255,NYK,6588,28.0,15.8,16.7
401360255,NYK,2991280,18.0,0.8,-0.3
401360255,NYK,3064514,32.0,13.6,12.7
401360255,NYK,4351852,30.0,21.2,18.8
401360255,NYK,4395724,32.0,18.2,16.8
401360255,NYK,4431823,36.0,19.4,16.7
401360256,PHX,2779,24.0,13.1,10.0
401360256,PHX,3452,16.0,18.2,15.6
401360256,PHX,6581,24.0,7.5,6.7
401360256,PHX,2583639,21.0,5.4,5.2
401360256,PHX,3059307,3.0,2.7,1.7
401360256,PHX,3064230,23.0,4.3,4.8
401360256,PHX,3138196,26.0,9.4,9.8
401360256,PHX,3147657,28.0,8.0,6.2
401360256,PHX,3914044,31.0,11.2,10.4
401360256,PHX,4278129,24.0,15.0,11.9
401360256,PHX,4397189,19.0,1.7,1.6
401360256,WAS,6426,11.0,2.5,1.0
401360256,WAS,6580,31.0,16.6,16.2
401360256,WAS,2581018,28.0,2.6,2.5
401360256,WAS,2581184,8.0,1.9,2.4
401360256,WAS,2968361,24.0,7.2,6.0
401360256,WAS,2991055,26.0,12.8,9.8
401360256,WAS,3134907,27.0,2.8,2.6
401360256,WAS,3922230,19.0,5.0,4.7
401360256,WAS,4278049,20.0,0.3,-0.6
401360256,WAS,4280151,20.0,3.4,1.2
401360256,WAS,4683021,26.0,14.8,11.6
401360257,MIA,3012,35.0,16.0,13.5
401360257,MIA,3033,32.0,14.1,12.5
401360257,MIA,2580913,27.0,8.3,8.3
401360257,MIA,3074213,21.0,4.0,2.3
401360257,MIA,3137259,36.0,16.9,15.8
401360257,MIA,3157465,25.0,5.8,3.7
401360257,MIA,4065778,34.0,26.9,25.2
401360257,MIA,4277892,13.0,0.5,-0.3
401360257,MIA,4278521,16.0,4.3,3.3
401360257,ORL,3447,33.0,15.4,15.4
401360257,ORL,2999547,36.0,15.9,14.1
401360257,ORL,3059280,20.0,3.4,3.7
401360257,ORL,3918423,12.0,0.6,1.0
401360257,ORL,3936298,22.0,-1.5,-1.7
401360257,ORL,4066221,24.0,2.4,3.4
401360257,ORL,4066414,7.0,1.3,0.3
401360257,ORL,4277847,11.0,2.8,1.3
401360257,ORL,4278052,39.0,23.9,14.9
401360257,ORL,4566434,36.0,20.3,18.1
401360258,ATL,2799,10.0,-0.5,-0.1
401360258,ATL,3428,22.0,5.0,4.5
401360258,ATL,2534781,4.0,1.7,1.7
401360258,ATL,3064447,15.0,0.9,1.4
401360258,ATL,3102529,24.0,16.9,12.7
401360258,ATL,3893019,33.0,3.9,2.3
401360258,ATL,3908845,33.0,18.1,15.9
401360258,ATL,4066372,33.0,3.2,3.4
401360258,ATL,4277905,34.0,24.6,22.5
401360258,ATL,4395627,15.0,4.3,4.3
401360258,ATL,4431680,14.0,7.4,7.8
401360258,ATL,4432173,4.0,-2.1,-2.4
401360258,DEN,3209,32.0,16.3,14.9
401360258,DEN,6579,28.0,3.7,0.6
401360258,DEN,6617,17.0,8.3,8.1
401360258,DEN,2968334,20.0,12.4,9.3
401360258,DEN,3059310,25.0,18.0,17.2
401360258,DEN,3064290,30.0,11.7,10.5
401360258,DEN,3112335,26.0,21.5,18.1
401360258,DEN,3899009,3.0,0.6,-0.1
401360258,DEN,4230557,17.0,4.3,5.5
401360258,DEN,4431690,16.0,3.5,2.7
401360258,DEN,4592492,26.0,20.3,18.5
401360259,BOS,6447,11.0,5.0,4.8
401360259,BOS,2581190,35.0,8.9,8.2
401360259,BOS,2990992,35.0,16.4,15.9
401360259,BOS,3917376,33.0,10.5,9.0
401360259,BOS,4065648,42.0,23.5,20.5
401360259,BOS,4066211,37.0,6.1,3.6
401360259,BOS,4066354,13.0,1.0,0.7
401360259,BOS,4396909,23.0,5.3,5.2
401360259,BOS,4397008,8.0,0.1,-0.1
401360259,BOS,4407254,4.0,-1.7,-1.7
401360259,GSW,2386,24.0,15.1,11.6
401360259,GSW,3975,35.0,15.8,16.0
401360259,GSW,4269,16.0,6.9,5.7
401360259,GSW,6589,31.0,6.4,6.2
401360259,GSW,2594922,17.0,7.2,4.4
401360259,GSW,2595209,18.0,6.9,5.3
401360259,GSW,3059319,36.0,21.9,20.9
401360259,GSW,3134903,10.0,2.1,2.9
401360259,GSW,3137795,12.0,2.0,0.7
401360259,GSW,3155535,21.0,8.8,6.4
401360259,GSW,4401416,5.0,-0.4,-1.0
401360259,GSW,4432171,10.0,-1.5,-2.8
401360259,GSW,4433247,4.0,0.6,1.0
401360260,LAL,1966,36.0,13.4,10.3
401360260,LAL,1975,28.0,4.8,3.3
401360260,LAL,3026,22.0,3.0,1.9
401360260,LAL,3442,10.0,2.6,1.7
401360260,LAL,3468,29.0,10.5,9.8
401360260,LAL,3981,30.0,1.8,0.6
401360260,LAL,6472,22.0,12.4,11.5
401360260,LAL,6583,20.0,2.9,2.7
401360260,LAL,6637,24.0,11.2,9.1
401360260,LAL,4065731,5.0,0.6,0.0
401360260,LAL,4278045,15.0,-3.9,-4.2
401360260,MIN,3964,32.0,11.4,8.5
401360260,MIN,2982268,8.0,-1.3,-2.2
401360260,MIN,3134916,4.0,-0.7,-0.7
401360260,MIN,3136195,32.0,24.5,20.9
401360260,MIN,3136776,27.0,11.0,7.9
401360260,MIN,3907822,32.0,11.8,9.0
401360260,MIN,4065663,13.0,3.5,3.0
401360260,MIN,4067325,4.0,3.8,3.6
401360260,MIN,4278077,31.0,11.2,5.6
401360260,MIN,4278541,19.0,9.5,7.0
401360260,MIN,4396971,12.0,1.4,1.3
401360260,MIN,4431671,22.0,2.8,4.3
401360260,MIN,4683025,4.0,-1.7,-2.0
401360261,SAS,2528588,28.0,7.2,5.3
401360261,SAS,2994526,4.0,-1.4,-1.4
401360261,SAS,3078576,33.0,17.4,16.4
401360261,SAS,3134908,33.0,13.4,11.6
401360261,SAS,3146557,6.0,0.2,1.0
401360261,SAS,3907497,37.0,18.9,14.5
401360261,SAS,3914285,9.0,-1.8,-1.1
401360261,SAS,4277890,29.0,18.4,15.2
401360261,SAS,4395626,6.0,2.5,3.7
401360261,SAS,4395630,24.0,12.7,10.8
401360261,SAS,4395723,31.0,21.3,19.6
401360261,UTA,3005,21.0,5.2,3.6
401360261,UTA,3195,31.0,16.0,13.8
401360261,UTA,3593,29.0,10.7,11.4
401360261,UTA,4262,13.0,3.1,3.1
401360261,UTA,2528426,26.0,16.3,14.5
401360261,UTA,2583632,29.0,12.6,12.2
401360261,UTA,2968436,25.0,2.2,1.1
401360261,UTA,3032976,33.0,19.8,15.8
401360261,UTA,3908809,31.0,19.1,16.4
401360261,UTA,4065656,2.0,0.7,0.7
401360262,MIL,3438,29.0,7.3,5.8
401360262,MIL,3995,44.0,24.2,21.8
401360262,MIL,4258,16.0,8.2,8.5
401360262,MIL,2578239,41.0,8.1,3.7
401360262,MIL,2581177,18.0,-1.9,-1.4
401360262,MIL,3135045,39.0,17.7,14.3
401360262,MIL,4277883,42.0,11.4,7.6
401360262,MIL,4278580,18.0,7.6,5.1
401360262,MIL,4396972,16.0,-2.1,-2.4
401360262,NOP,4023,15.0,-3.5,-4.0
401360262,NOP,6477,40.0,18.7,16.0
401360262,NOP,6621,12.0,2.3,1.7
401360262,NOP,2999409,10.0,3.5,2.7
401360262,NOP,3062679,42.0,12.9,8.7
401360262,NOP,3133601,36.0,26.0,22.6
401360262,NOP,3913176,43.0,17.4,12.9
401360262,NOP,4277813,33.0,16.7,14.1
401360262,NOP,4278039,30.0,4.1,3.6
401360262,NOP,4397688,4.0,1.0,0.7
401360263,CHA,4249,22.0,-1.2,-2.1
401360263,CHA,4305,13.0,4.9,4.4
401360263,CHA,2488653,17.0,7.6,7.4
401360263,CHA,3074752,23.0,-0.7,-3.2
401360263,CHA,3133603,31.0,8.1,8.9
401360263,CHA,3138161,26.0,18.9,17.0
401360263,CHA,4066383,38.0,18.3,14.4
401360263,CHA,4066731,16.0,3.9,3.4
401360263,CHA,4278078,24.0,12.1,10.4
401360263,CHA,4432816,29.0,22.0,21.7
401360263,POR,6606,37.0,38.9,37.4
401360263,POR,2490620,32.0,7.7,3.7
401360263,POR,2578213,27.0,21.4,18.8
401360263,POR,2580365,36.0,8.0,7.8
401360263,POR,2595516,40.0,9.3,8.0
401360263,POR,3102530,15.0,7.0,8.5
401360263,POR,4351851,18.0,3.0,3.4
401360263,POR,4395652,30.0,6.5,2.1
401360263,POR,4431675,5.0,2.7,1.4
401360264,MEM,2991235,31.0,8.6,6.3
401360264,MEM,2993874,19.0,7.5,5.7
401360264,MEM,3134932,15.0,-1.6,-0.7
401360264,MEM,3135046,31.0,13.6,11.8
401360264,MEM,3155526,34.0,15.6,14.5
401360264,MEM,4066320,26.0,16.7,15.1
401360264,MEM,4066436,23.0,20.0,15.5
401360264,MEM,4066651,13.0,5.4,5.0
401360264,MEM,4277928,2.0,0.6,1.0
401360264,MEM,4277961,28.0,14.3,12.0
401360264,MEM,4277964,16.0,2.4,0.4
401360264,MEM,4278116,2.0,-0.4,0.0
401360264,SAC,6474,29.0,10.5,10.2
401360264,SAC,6578,36.0,14.4,13.3
401360264,SAC,6591,21.0,1.6,0.6
401360264,SAC,2990984,37.0,9.4,7.7
401360264,SAC,3064559,11.0,3.2,3.4
401360264,SAC,3914283,36.0,10.6,6.4
401360264,SAC,3945566,7.0,-1.0,-1.0
401360264,SAC,4396961,2.0,1.0,1.0
401360264,SAC,4396993,38.0,19.5,17.4
401360264,SAC,4397424,8.0,0.9,-0.0
401360264,SAC,4431688,14.0,0.7,0.1
401360265,DET,2488826,9.0,-2.1,-3.0
401360265,DET,3136196,19.0,3.5,3.7
401360265,DET,4065651,23.0,3.4,3.6
401360265,DET,4066297,10.0,-2.5,-3.1
401360265,DET,4080610,22.0,3.9,1.8
401360265,DET,4277951,9.0,5.9,6.7
401360265,DET,4278124,19.0,4.8,4.4
401360265,DET,4397136,37.0,19.6,18.2
401360265,DET,4432166,36.0,20.0,17.0
401360265,DET,4432810,20.0,12.3,12.0
401360265,DET,4683024,36.0,9.8,6.6
401360265,HOU,3415,17.0,5.6,2.6
401360265,HOU,3431,28.0,16.5,14.2
401360265,HOU,3058254,30.0,13.7,11.7
401360265,HOU,3062744,17.0,12.4,10.0
401360265,HOU,3136777,28.0,8.3,5.4
401360265,HOU,3913180,36.0,14.2,9.4
401360265,HOU,4409222,3.0,-1.4,-1.4
401360265,HOU,4431828,28.0,10.7,8.1
401360265,HOU,4432168,28.0,9.1,7.3
401360265,HOU,4871143,3.0,-1.4,-1.0
401360265,HOU,4871144,22.0,9.3,9.2
401360266,BKN,3989,32.0,14.4,11.8
401360266,BKN,4004,41.0,14.1,12.4
401360266,BKN,2530572,23.0,4.0,3.1
401360266,BKN,2579321,12.0,2.9,0.6
401360266,BKN,2991274,21.0,2.8,1.4
401360266,BKN,4397107,36.0,19.6,15.2
401360266,BKN,4397693,39.0,4.5,2.3
401360266,BKN,4432174,36.0,5.6,2.6
401360266,ORL,3447,38.0,10.5,10.6
401360266,ORL,2999547,36.0,10.8,9.0
401360266,ORL,3059280,20.0,4.9,4.0
401360266,ORL,3918423,10.0,5.1,5.1
401360266,ORL,3936298,30.0,2.3,0.9
401360266,ORL,4066221,25.0,8.9,6.1
401360266,ORL,4066414,18.0,4.0,3.7
401360266,ORL,4278052,35.0,12.4,8.4
401360266,ORL,4566434,28.0,11.5,8.0
401360267,GSW,4269,25.0,7.6,8.1
401360267,GSW,2595209,35.0,6.3,7.0
401360267,GSW,3134903,20.0,12.5,8.8
401360267,GSW,3137795,26.0,1.5,0.8
401360267,GSW,3155535,24.0,12.0,10.5
401360267,GSW,4066786,18.0,4.3,2.8
401360267,GSW,4401416,31.0,7.1,4.4
401360267,GSW,4432171,25.0,7.4,6.9
401360267,GSW,4433247,36.0,15.2,13.7
401360267,TOR,2991230,33.0,33.7,28.5
401360267,TOR,3133602,17.0,-0.7,-0.8
401360267,TOR,3133838,21.0,8.6,6.5
401360267,TOR,3934719,28.0,2.9,2.6
401360267,TOR,3948153,23.0,12.0,9.8
401360267,TOR,4066668,15.0,4.2,5.1
401360267,TOR,4277843,29.0,9.6,6.0
401360267,TOR,4348697,5.0,0.2,-1.0
401360267,TOR,4431679,23.0,11.5,9.4
401360267,TOR,4432907,14.0,-0.2,0.3
401360267,TOR,4433134,33.0,21.0,21.0
401360268,LAC,3416,25.0,10.7,8.8
401360268,LAC,4238,21.0,1.3,1.2
401360268,LAC,6443,34.0,13.0,8.4
401360268,LAC,3135047,26.0,9.7,7.7
401360268,LAC,3907823,41.0,14.7,13.0
401360268,LAC,3913174,39.0,22.8,20.1
401360268,LAC,4017837,24.0,3.9,3.0
401360268,LAC,4066387,6.0,-0.4,-0.7
401360268,LAC,4222252,19.0,9.0,7.9
401360268,LAC,4432162,5.0,0.0,-1.0
401360268,OKC,4257,12.0,0.9,0.7
401360268,OKC,2490089,14.0,0.9,0.0
401360268,OKC,3133626,22.0,2.6,2.4
401360268,OKC,4278073,36.0,12.5,12.9
401360268,OKC,4397020,37.0,21.5,19.9
401360268,OKC,4397183,18.0,6.0,5.1
401360268,OKC,4423545,24.0,6.6,5.2
401360268,OKC,4432813,18.0,2.6,1.6
401360268,OKC,4432819,18.0,7.5,6.7
401360268,OKC,4683018,9.0,8.3,8.1
401360268,OKC,4871145,32.0,9.8,5.6
401360269,BOS,6447,21.0,6.6,5.5
401360269,BOS,2581190,32.0,25.5,22.2
401360269,BOS,2990992,34.0,4.7,4.9
401360269,BOS,3917376,32.0,13.4,10.9
401360269,BOS,4065648,36.0,12.1,11.6
401360269,BOS,4066211,29.0,15.5,15.6
401360269,BOS,4066354,28.0,12.7,11.5
401360269,BOS,4396909,26.0,-1.1,-2.8
401360269,NYK,3986,22.0,-1.5,-2.4
401360269,NYK,6429,41.0,15.5,13.1
401360269,NYK,6479,37.0,18.7,19.9
401360269,NYK,6588,43.0,21.5,19.2
401360269,NYK,2991280,25.0,10.2,4.8
401360269,NYK,3064514,41.0,11.8,9.6
401360269,NYK,4351852,22.0,6.4,4.0
401360269,NYK,4895499,9.0,-1.8,-1.4
401360270,CLE,3449,23.0,15.5,12.4
401360270,CLE,4011,29.0,16.4,12.0
401360270,CLE,4259,10.0,2.0,0.0
401360270,CLE,2583962,3.0,-0.4,-0.7
401360270,CLE,2999549,12.0,1.2,1.0
401360270,CLE,3893016,27.0,22.9,21.7
401360270,CLE,3906786,7.0,-1.2,-2.4
401360270,CLE,3912848,22.0,10.9,8.1
401360270,CLE,4066328,29.0,15.1,13.6
401360270,CLE,4066336,29.0,-1.0,-0.9
401360270,CLE,4066405,12.0,7.0,6.8
401360270,CLE,4277916,3.0,1.4,1.4
401360270,CLE,4396907,32.0,21.3,19.1
401360270,MIL,3438,22.0,11.8,10.9
401360270,MIL,4258,27.0,11.9,5.4
401360270,MIL,2578239,19.0,1.6,0.3
401360270,MIL,3056602,18.0,2.6,1.2
401360270,MIL,3102533,25.0,2.4,3.7
401360270,MIL,4277883,42.0,22.0,19.6
401360270,MIL,4278580,42.0,9.1,8.3
401360270,MIL,4396972,44.0,-2.1,-4.2
401360271,UTA,3005,20.0,4.7,3.9
401360271,UTA,3593,32.0,8.6,9.2
401360271,UTA,4262,10.0,2.5,3.7
401360271,UTA,2528426,29.0,4.6,2.8
401360271,UTA,2583632,34.0,8.0,7.7
401360271,UTA,2968436,29.0,6.5,5.7
401360271,UTA,3032976,38.0,14.0,6.0
401360271,UTA,3908809,37.0,18.9,17.4
401360271,UTA,4065656,11.0,2.0,2.0
401360271,WAS,6426,8.0,-1.1,-0.7
401360271,WAS,6580,36.0,30.5,29.3
401360271,WAS,2580782,25.0,-0.4,-3.4
401360271,WAS,2581018,35.0,7.8,6.3
401360271,WAS,2968361,29.0,11.3,11.5
401360271,WAS,2991055,20.0,10.5,10.5
401360271,WAS,3134907,24.0,4.7,3.3
401360271,WAS,3922230,4.0,1.0,1.0
401360271,WAS,4278049,28.0,11.8,10.1
401360271,WAS,4683021,30.0,11.3,8.1
401360272,CHI,3978,34.0,28.2,27.1
401360272,CHI,6478,35.0,17.9,13.5
401360272,CHI,2530923,17.0,-0.7,-0.8
401360272,CHI,2596112,35.0,9.6,8.8
401360272,CHI,2991350,38.0,13.0,10.7
401360272,CHI,3936099,6.0,-1.1,-1.4
401360272,CHI,4065673,11.0,7.0,4.1
401360272,CHI,4066367,2.0,1.6,2.0
401360272,CHI,4066421,38.0,15.2,13.8
401360272,CHI,4395651,24.0,1.4,0.9
401360272,LAL,1966,39.0,24.7,20.4
401360272,LAL,1975,30.0,15.7,11.6
401360272,LAL,2426,15.0,4.4,4.1
401360272,LAL,3026,24.0,4.6,3.5
401360272,LAL,3442,21.0,8.5,8.2
401360272,LAL,3468,38.0,12.6,9.7
401360272,LAL,3981,36.0,6.8,6.1
401360272,LAL,6472,32.0,5.4,6.7
401360272,LAL,4278045,5.0,1.0,0.7
401360273,DET,6446,24.0,6.8,6.7
401360273,DET,2488826,2.0,0.3,0.0
401360273,DET,3136196,18.0,8.5,4.7
401360273,DET,4065651,22.0,7.5,8.7
401360273,DET,4080610,30.0,9.7,8.4
401360273,DET,4277951,7.0,3.6,4.0
401360273,DET,4278124,18.0,-2.8,-2.8
401360273,DET,4397136,36.0,21.5,20.7
401360273,DET,4432166,31.0,5.5,5.0
401360273,DET,4432810,30.0,6.2,4.9
401360273,DET,4683024,21.0,6.0,6.0
401360273,MIA,3012,42.0,15.3,14.2
401360273,MIA,3033,21.0,6.2,6.7
401360273,MIA,2580913,27.0,6.7,7.2
401360273,MIA,3074213,18.0,4.3,1.2
401360273,MIA,3137259,31.0,3.9,3.2
401360273,MIA,3157465,33.0,1.4,0.9
401360273,MIA,4065778,34.0,16.5,16.2
401360273,MIA,4277892,19.0,4.6,4.4
401360273,MIA,4278521,15.0,-1.0,-0.7
401360274,MEM,2991235,36.0,20.2,15.7
401360274,MEM,2993874,28.0,6.2,1.1
401360274,MEM,3134932,12.0,2.3,2.0
401360274,MEM,3135046,30.0,4.7,3.7
401360274,MEM,3155526,35.0,26.7,27.1
401360274,MEM,4066320,33.0,3.3,2.6
401360274,MEM,4066436,23.0,7.0,5.0
401360274,MEM,4066651,10.0,-1.5,-1.4
401360274,MEM,4277961,20.0,5.6,7.0
401360274,MEM,4277964,12.0,3.2,0.3
401360274,POR,6606,38.0,20.7,20.4
401360274,POR,2490620,34.0,15.9,10.8
401360274,POR,2578213,15.0,-1.2,-1.4
401360274,POR,2580365,29.0,8.0,2.4
401360274,POR,2595516,35.0,18.6,18.2
401360274,POR,3102530,34.0,-0.2,-1.7
401360274,POR,4351851,21.0,3.5,3.6
401360274,POR,4395652,36.0,14.2,11.5
401360275,SAC,6474,29.0,3.4,2.4
401360275,SAC,6578,40.0,12.1,10.3
401360275,SAC,6591,32.0,4.4,2.0
401360275,SAC,2990984,40.0,23.7,22.9
401360275,SAC,3064559,19.0,20.8,18.6
401360275,SAC,3914283,31.0,8.9,4.2
401360275,SAC,3945566,3.0,-2.2,-2.1
401360275,SAC,4396993,37.0,24.8,23.9
401360275,SAC,4431688,9.0,5.6,5.1
401360275,SAS,2994526,26.0,11.0,9.4
401360275,SAS,3078576,25.0,3.0,1.3
401360275,SAS,3134908,34.0,4.5,2.4
401360275,SAS,3136779,11.0,8.3,6.1
401360275,SAS,3146557,11.0,6.6,5.7
401360275,SAS,3907497,35.0,23.7,21.4
401360275,SAS,3914285,3.0,2.1,1.4
401360275,SAS,4277890,25.0,15.1,15.2
401360275,SAS,4395626,10.0,2.7,1.8
401360275,SAS,4395630,28.0,7.7,6.8
401360275,SAS,4395723,32.0,12.2,8.3
401360279,DAL,2528210,41.0,25.2,21.5
401360279,DAL,2531367,20.0,3.8,5.2
401360279,DAL,2578185,37.0,21.1,21.0
401360279,DAL,2579260,17.0,0.0,-0.1
401360279,DAL,2960236,31.0,9.5,7.5
401360279,DAL,3057187,20.0,-2.1,-3.5
401360279,DAL,3102531,23.0,10.4,8.2
401360279,DAL,3934672,39.0,12.6,14.0
401360279,DAL,4066496,3.0,-0.7,-0.7
401360279,DAL,4397126,10.0,2.2,2.3
401360279,MIN,3964,31.0,10.6,7.7
401360279,MIN,3136195,34.0,17.6,17.4
401360279,MIN,3136776,35.0,14.9,15.1
401360279,MIN,3907822,30.0,9.1,8.6
401360279,MIN,4278077,38.0,7.9,4.7
401360279,MIN,4278541,18.0,15.0,14.2
401360279,MIN,4396971,21.0,8.4,6.3
401360279,MIN,4431671,32.0,7.6,8.1
401360279,MIN,4683025,2.0,-0.4,0.0
401360280,CHA,4249,27.0,4.9,3.6
401360280,CHA,4305,24.0,0.8,0.4
401360280,CHA,2488653,16.0,7.8,7.2
401360280,CHA,3074752,21.0,-2.3,-3.2
401360280,CHA,3133603,23.0,12.0,10.2
401360280,CHA,4066383,32.0,22.1,19.2
401360280,CHA,4066731,27.0,10.6,8.0
401360280,CHA,4278076,9.0,8.1,4.1
401360280,CHA,4278078,23.0,10.2,7.9
401360280,CHA,4431712,12.0,2.1,1.9
401360280,CHA,4432816,25.0,11.2,7.8
401360280,PHX,2779,24.0,16.2,15.4
401360280,PHX,3452,16.0,16.5,14.6
401360280,PHX,6581,21.0,12.8,11.1
401360280,PHX,2583639,16.0,-8.3,-6.7
401360280,PHX,3059307,5.0,0.7,0.0
401360280,PHX,3064230,25.0,14.0,10.7
401360280,PHX,3136193,26.0,11.6,10.4
401360280,PHX,3138196,21.0,7.2,6.0
401360280,PHX,3147657,30.0,15.9,15.3
401360280,PHX,3914044,22.0,11.6,11.0
401360280,PHX,4278129,24.0,17.4,11.8
401360280,PHX,4397189,9.0,5.7,5.4
401360281,BOS,6447,40.0,13.1,12.6
401360281,BOS,2990992,36.0,13.2,9.8
401360281,BOS,3032979,25.0,1.6,1.9
401360281,BOS,3917376,34.0,20.7,19.0
401360281,BOS,4065648,39.0,11.9,7.3
401360281,BOS,4066354,22.0,12.6,10.5
401360281,BOS,4277952,7.0,1.0,0.7
401360281,BOS,4396909,12.0,0.1,0.0
401360281,BOS,4397008,25.0,-1.9,-2.1
401360281,PHI,3988,40.0,9.1,5.0
401360281,PHI,6440,41.0,20.3,18.7
401360281,PHI,2326307,40.0,22.9,21.1
401360281,PHI,3059318,40.0,32.0,25.4
401360281,PHI,3907498,32.0,5.6,3.4
401360281,PHI,4065816,8.0,-1.4,-1.4
401360281,PHI,4395702,26.0,0.0,-0.8
401360281,PHI,4397209,5.0,-0.8,-0.7
401360281,PHI,4397886,8.0,-1.0,-0.3
401360283,CHI,3978,32.0,22.5,22.0
401360283,CHI,6478,30.0,14.2,12.1
401360283,CHI,2530923,29.0,13.9,13.5
401360283,CHI,2596112,27.0,3.0,4.1
401360283,CHI,2991350,6.0,2.1,2.1
401360283,CHI,4065673,15.0,9.6,8.2
401360283,CHI,4066367,17.0,7.2,8.0
401360283,CHI,4066421,35.0,22.2,16.6
401360283,CHI,4395651,32.0,17.6,17.1
401360283,CHI,4397016,14.0,6.4,6.2
401360283,CHI,4683622,3.0,1.3,1.3
401360283,HOU,3415,17.0,3.3,3.3
401360283,HOU,3431,27.0,9.6,9.6
401360283,HOU,3058254,29.0,17.8,16.3
401360283,HOU,3062744,15.0,6.6,5.1
401360283,HOU,3136777,22.0,13.4,13.8
401360283,HOU,3913180,26.0,4.1,4.4
401360283,HOU,4066450,32.0,13.4,11.1
401360283,HOU,4409222,4.0,2.7,2.4
401360283,HOU,4431828,24.0,13.8,12.2
401360283,HOU,4432168,20.0,8.3,7.1
401360283,HOU,4871143,4.0,0.0,0.0
401360283,HOU,4871144,19.0,3.8,3.1
401360284,MEM,2991235,20.0,5.8,3.5
401360284,MEM,2993874,22.0,4.5,3.4
401360284,MEM,3134932,13.0,4.5,4.7
401360284,MEM,3155526,35.0,6.9,6.5
401360284,MEM,4066320,36.0,18.9,16.8
401360284,MEM,4066436,21.0,5.2,3.7
401360284,MEM,4066651,11.0,-1.3,-0.7
401360284,MEM,4277961,34.0,6.5,4.9
401360284,MEM,4277964,20.0,5.7,5.1
401360284,MEM,4279888,28.0,14.9,11.5
401360284,OKC,4257,17.0,6.6,5.8
401360284,OKC,2490089,15.0,7.6,7.3
401360284,OKC,3133626,23.0,10.2,10.2
401360284,OKC,4278073,37.0,19.2,15.0
401360284,OKC,4397020,36.0,3.9,2.4
401360284,OKC,4397183,6.0,0.3,0.0
401360284,OKC,4423545,24.0,7.1,2.2
401360284,OKC,4432813,18.0,4.2,2.7
401360284,OKC,4432819,14.0,1.6,0.7
401360284,OKC,4683018,21.0,3.1,1.7
401360284,OKC,4871145,30.0,15.8,15.1
401360285,CHA,4305,13.0,0.2,-1.1
401360285,CHA,2488653,26.0,6.4,3.8
401360285,CHA,3074752,34.0,13.3,12.3
401360285,CHA,3133603,31.0,2.3,-0.8
401360285,CHA,4066383,37.0,11.5,8.7
401360285,CHA,4066731,26.0,12.1,10.5
401360285,CHA,4278076,11.0,6.7,6.8
401360285,CHA,4278078,20.0,3.4,3.3
401360285,CHA,4431712,10.0,1.6,1.7
401360285,CHA,4432816,33.0,14.8,15.3
401360285,UTA,3005,18.0,-1.3,-0.5
401360285,UTA,3195,30.0,11.3,9.6
401360285,UTA,3593,29.0,13.1,13.3
401360285,UTA,4262,12.0,7.6,5.1
401360285,UTA,2528426,22.0,8.6,6.7
401360285,UTA,2583632,30.0,3.6,-0.7
401360285,UTA,2968436,26.0,4.8,3.7
401360285,UTA,3032976,36.0,24.6,19.5
401360285,UTA,3908809,34.0,13.0,12.2
401360285,UTA,4065656,2.0,-1.0,-1.0
401360286,GSW,2386,24.0,13.6,12.6
401360286,GSW,3975,36.0,16.6,14.7
401360286,GSW,4269,15.0,2.6,1.4
401360286,GSW,6589,33.0,18.6,13.4
401360286,GSW,2594922,29.0,12.0,7.1
401360286,GSW,2595209,30.0,16.2,14.9
401360286,GSW,3134903,18.0,12.9,9.4
401360286,GSW,3137795,12.0,-0.1,0.7
401360286,GSW,3155535,16.0,0.5,0.0
401360286,GSW,4401416,16.0,6.9,6.1
401360286,GSW,4432171,2.0,-0.7,-0.7
401360286,GSW,4433247,6.0,0.8,-0.4
401360286,SAC,6474,27.0,6.4,4.3
401360286,SAC,6578,37.0,16.2,14.7
401360286,SAC,6591,25.0,3.6,3.4
401360286,SAC,2990984,40.0,10.6,6.3
401360286,SAC,3064559,21.0,0.3,-3.0
401360286,SAC,3914283,34.0,15.2,12.5
401360286,SAC,3945566,5.0,-0.1,0.3
401360286,SAC,4396961,2.0,0.3,0.0
401360286,SAC,4396993,41.0,20.7,16.9
401360286,SAC,4397424,2.0,-0.3,-0.3
401360286,SAC,4431688,6.0,-1.1,-1.1
401360287,LAC,3416,17.0,-0.2,0.6
401360287,LAC,3439,22.0,1.4,0.5
401360287,LAC,4238,24.0,7.6,6.1
401360287,LAC,4251,31.0,19.9,15.8
401360287,LAC,6443,20.0,3.4,3.9
401360287,LAC,3135047,11.0,1.7,1.4
401360287,LAC,3907823,37.0,11.6,9.8
401360287,LAC,3913174,28.0,2.1,0.9
401360287,LAC,4017837,27.0,11.3,7.7
401360287,LAC,4432162,23.0,2.5,0.9
401360287,SAS,2528588,25.0,9.7,10.1
401360287,SAS,2994526,18.0,9.3,8.1
401360287,SAS,3078576,30.0,7.8,7.8
401360287,SAS,3134908,30.0,19.1,15.3
401360287,SAS,3136779,4.0,0.9,1.0
401360287,SAS,3146557,14.0,9.4,8.5
401360287,SAS,3907497,31.0,28.4,21.8
401360287,SAS,3914285,4.0,0.0,0.0
401360287,SAS,4277890,15.0,1.1,0.9
401360287,SAS,4395626,12.0,4.1,2.1
401360287,SAS,4395630,26.0,6.3,4.4
401360287,SAS,4395723,32.0,9.4,6.4
401360289,IND,6507,27.0,-1.2,-1.3
401360289,IND,6603,15.0,-2.0,-3.2
401360289,IND,2284101,22.0,1.7,1.9
401360289,IND,2528693,16.0,1.9,2.7
401360289,IND,2566769,8.0,1.3,1.3
401360289,IND,2991043,30.0,10.8,9.9
401360289,IND,3133596,10.0,1.5,0.6
401360289,IND,3133628,22.0,10.5,7.5
401360289,IND,3155942,28.0,7.1,6.3
401360289,IND,4278031,24.0,13.7,11.5
401360289,IND,4348700,7.0,0.3,0.3
401360289,IND,4432170,12.0,6.9,5.3
401360289,IND,4592402,19.0,17.3,14.8
401360289,MIA,2184,6.0,1.6,1.3
401360289,MIA,3012,30.0,12.0,8.6
401360289,MIA,2580913,20.0,8.1,5.2
401360289,MIA,3074213,22.0,10.3,7.2
401360289,MIA,3137259,32.0,7.5,6.0
401360289,MIA,3157465,30.0,17.6,18.5
401360289,MIA,4065778,36.0,15.2,14.5
401360289,MIA,4277892,19.0,2.2,2.1
401360289,MIA,4278521,23.0,13.7,13.2
401360289,MIA,4395725,21.0,20.3,20.4
401360290,DET,6446,25.0,9.5,10.5
401360290,DET,2488826,15.0,2.4,2.3
401360290,DET,3136196,17.0,11.2,9.7
401360290,DET,4065651,20.0,1.9,2.3
401360290,DET,4080610,34.0,8.0,3.0
401360290,DET,4277951,4.0,-0.7,-0.7
401360290,DET,4278124,25.0,13.6,10.4
401360290,DET,4397136,37.0,6.5,3.8
401360290,DET,4432166,33.0,2.6,0.0
401360290,DET,4432810,31.0,8.6,6.3
401360290,NYK,3986,19.0,10.4,9.9
401360290,NYK,6429,41.0,5.9,4.6
401360290,NYK,6479,40.0,14.4,11.7
401360290,NYK,6588,41.0,12.2,10.6
401360290,NYK,2991149,4.0,0.3,0.0
401360290,NYK,2991280,23.0,4.5,3.1
401360290,NYK,3064514,38.0,10.0,8.0
401360290,NYK,4351852,25.0,20.6,16.7
401360290,NYK,4895499,9.0,4.2,3.9
401360291,NOP,4023,10.0,-1.2,-1.4
401360291,NOP,6477,31.0,8.8,6.1
401360291,NOP,6621,11.0,-1.4,-2.4
401360291,NOP,2999409,17.0,13.2,12.2
401360291,NOP,3062679,41.0,20.3,17.0
401360291,NOP,3133601,28.0,9.8,8.5
401360291,NOP,3913176,37.0,21.2,19.5
401360291,NOP,4277813,26.0,1.0,2.0
401360291,NOP,4278039,26.0,19.5,19.3
401360291,NOP,4397688,13.0,-0.8,-0.7
401360291,POR,6606,40.0,32.5,30.9
401360291,POR,2490620,31.0,7.9,5.8
401360291,POR,2528353,18.0,0.5,-1.7
401360291,POR,2578213,14.0,2.6,2.6
401360291,POR,2580365,28.0,13.5,9.9
401360291,POR,2595516,42.0,10.1,7.6
401360291,POR,3102530,33.0,13.2,11.0
401360291,POR,4351851,31.0,-3.4,-4.2
401360291,POR,4431675,4.0,0.2,0.0
401360292,DAL,4376,8.0,4.8,5.3
401360292,DAL,2531367,21.0,15.7,14.9
401360292,DAL,2578185,41.0,15.2,12.5
401360292,DAL,2579260,22.0,7.9,7.8
401360292,DAL,3057187,33.0,14.2,11.9
401360292,DAL,3138154,22.0,9.5,4.0
401360292,DAL,3907487,16.0,6.0,4.4
401360292,DAL,3934672,40.0,23.5,20.4
401360292,DAL,4066496,3.0,-0.4,0.0
401360292,DAL,4230547,32.0,2.5,2.4
401360292,DAL,4397126,3.0,2.6,3.4
401360292,MIN,2982268,8.0,-0.5,0.3
401360292,MIN,3134916,18.0,2.9,2.3
401360292,MIN,3136195,38.0,24.9,21.1
401360292,MIN,3136776,36.0,8.5,8.4
401360292,MIN,3907822,35.0,11.8,12.1
401360292,MIN,4067325,13.0,2.8,3.0
401360292,MIN,4278541,24.0,3.5,2.6
401360292,MIN,4396971,18.0,8.9,7.4
401360292,MIN,4431671,39.0,12.3,9.8
401360292,MIN,4683025,11.0,-0.0,0.4
401360293,LAL,1966,34.0,29.0,25.3
401360293,LAL,1975,16.0,3.9,3.2
401360293,LAL,2426,21.0,12.1,10.4
401360293,LAL,3026,23.0,-0.1,-1.3
401360293,LAL,3442,15.0,3.7,1.3
401360293,LAL,3468,37.0,12.9,8.4
401360293,LAL,3981,28.0,2.2,0.6
401360293,LAL,6472,26.0,-6.3,-4.6
401360293,LAL,4065731,3.0,-0.4,-1.4
401360293,LAL,4067469,3.0,2.7,3.1
401360293,LAL,4395704,3.0,1.2,-0.1
401360293,LAL,4396991,31.0,-5.2,-5.4
401360293,PHX,2779,29.0,12.8,11.7
401360293,PHX,3452,16.0,10.2,8.2
401360293,PHX,6581,27.0,0.5,1.0
401360293,PHX,3059307,3.0,-0.4,-0.3
401360293,PHX,3064230,23.0,5.9,2.2
401360293,PHX,3136193,32.0,19.2,16.6
401360293,PHX,3138196,26.0,13.0,10.4
401360293,PHX,3147657,34.0,7.9,4.4
401360293,PHX,3914044,22.0,0.6,-0.4
401360293,PHX,4278129,27.0,19.2,15.0
401360293,PHX,4397189,3.0,0.0,0.0
401360294,ATL,4244,23.0,2.7,1.0
401360294,ATL,2534781,23.0,5.5,4.0
401360294,ATL,3037789,22.0,3.7,1.5
401360294,ATL,3064447,39.0,8.3,5.9
401360294,ATL,3908845,41.0,23.5,21.2
401360294,ATL,4066269,9.0,-1.4,-1.7
401360294,ATL,4395627,42.0,23.9,23.3
401360294,ATL,4431680,19.0,8.8,7.5
401360294,ATL,4432173,12.0,-2.5,-3.1
401360294,ATL,4701230,11.0,2.1,2.2
401360294,ORL,3447,31.0,13.7,13.1
401360294,ORL,2488945,20.0,-1.3,-1.8
401360294,ORL,2999547,31.0,16.5,14.3
401360294,ORL,3059280,16.0,13.1,12.2
401360294,ORL,3918423,13.0,3.3,4.7
401360294,ORL,4066221,25.0,9.6,8.5
401360294,ORL,4066414,22.0,0.7,1.0
401360294,ORL,4277886,15.0,5.4,3.7
401360294,ORL,4278052,30.0,11.6,4.9
401360294,ORL,4566434,36.0,13.7,11.2
401360295,BOS,1007,2.0,1.7,1.7
401360295,BOS,2778,2.0,-0.4,0.0
401360295,BOS,6447,12.0,6.0,4.8
401360295,BOS,2990992,32.0,4.7,1.9
401360295,BOS,3032979,18.0,-3.6,-2.9
401360295,BOS,3138156,2.0,1.3,1.3
401360295,BOS,3917376,36.0,25.6,23.9
401360295,BOS,4065648,36.0,12.4,9.3
401360295,BOS,4066211,34.0,26.6,21.9
401360295,BOS,4066354,21.0,4.9,3.7
401360295,BOS,4277952,2.0,-0.7,-1.0
401360295,BOS,4396909,12.0,1.6,2.4
401360295,BOS,4397008,31.0,11.0,7.4
401360295,CLE,3449,23.0,16.6,15.1
401360295,CLE,4011,31.0,4.7,0.9
401360295,CLE,2583962,8.0,3.6,4.4
401360295,CLE,2982340,2.0,3.3,3.3
401360295,CLE,2999549,26.0,4.8,4.4
401360295,CLE,3064560,2.0,0.7,0.7
401360295,CLE,3893016,31.0,6.5,4.9
401360295,CLE,3904625,19.0,5.5,2.4
401360295,CLE,3912848,23.0,2.2,2.0
401360295,CLE,4066336,33.0,2.6,0.5
401360295,CLE,4396907,40.0,21.8,18.2
401360295,CLE,4711005,2.0,0.0,0.0
401360297,HOU,3415,19.0,8.0,7.4
401360297,HOU,3431,24.0,11.7,10.1
401360297,HOU,3058254,28.0,14.5,12.2
401360297,HOU,3062744,15.0,8.9,7.0
401360297,HOU,3136777,14.0,-2.9,-1.8
401360297,HOU,3913180,27.0,5.8,5.6
401360297,HOU,4066450,26.0,3.4,2.6
401360297,HOU,4409222,4.0,1.0,1.0
401360297,HOU,4431828,31.0,10.6,8.7
401360297,HOU,4432168,22.0,6.1,6.8
401360297,HOU,4871143,4.0,-0.7,-0.7
401360297,HOU,4871144,24.0,8.2,7.5
401360297,MIL,3438,26.0,3.5,3.0
401360297,MIL,3995,31.0,23.5,21.4
401360297,MIL,4032,20.0,15.1,14.9
401360297,MIL,4258,28.0,16.6,15.2
401360297,MIL,6609,28.0,18.8,18.4
401360297,MIL,2578239,31.0,7.4,2.5
401360297,MIL,2581177,22.0,4.5,2.7
401360297,MIL,3056602,17.0,5.3,4.6
401360297,MIL,3102533,9.0,-2.1,0.0
401360297,MIL,4277883,27.0,11.9,11.4
401360297,MIL,4396972,1.0,-1.1,-0.7
401360298,DEN,3209,22.0,3.0,3.2
401360298,DEN,6579,21.0,3.4,2.3
401360298,DEN,6617,23.0,8.1,8.6
401360298,DEN,2327577,22.0,4.9,1.3
401360298,DEN,2968334,27.0,7.1,6.7
401360298,DEN,3059262,10.0,4.1,4.4
401360298,DEN,3059310,25.0,11.8,11.2
401360298,DEN,3064290,25.0,8.1,5.9
401360298,DEN,3112335,25.0,11.3,7.8
401360298,DEN,3899009,2.0,0.3,-0.7
401360298,DEN,4230557,17.0,5.4,3.5
401360298,DEN,4431690,9.0,-3.6,-3.6
401360298,DEN,4592492,13.0,0.4,-0.1
401360298,OKC,4257,20.0,10.2,8.5
401360298,OKC,3133626,16.0,1.0,1.0
401360298,OKC,4065733,7.0,2.3,1.4
401360298,OKC,4066392,2.0,-0.5,-0.7
401360298,OKC,4278073,37.0,25.4,22.3
401360298,OKC,4397020,35.0,5.6,6.0
401360298,OKC,4423545,28.0,18.3,15.2
401360298,OKC,4432813,33.0,12.5,11.1
401360298,OKC,4432819,16.0,2.7,3.3
401360298,OKC,4683018,12.0,-4.3,-4.4
401360298,OKC,4871145,34.0,12.8,9.0
401360299,LAC,3416,21.0,4.0,1.4
401360299,LAC,3439,20.0,13.7,12.2
401360299,LAC,4238,36.0,14.6,13.3
401360299,LAC,4251,32.0,15.1,9.0
401360299,LAC,3135047,7.0,3.8,2.6
401360299,LAC,3907823,32.0,10.0,10.5
401360299,LAC,4017837,27.0,12.7,10.9
401360299,LAC,4066387,25.0,10.2,8.1
401360299,LAC,4277871,1.0,0.7,0.7
401360299,LAC,4432162,23.0,4.1,2.9
401360299,LAC,4432192,15.0,2.7,2.4
401360299,LAC,4683023,1.0,-0.4,0.0
401360299,SAC,6474,24.0,8.6,7.4
401360299,SAC,6578,40.0,9.1,7.7
401360299,SAC,6591,22.0,4.7,3.4
401360299,SAC,2990984,43.0,8.5,6.4
401360299,SAC,2993370,17.0,2.5,1.1
401360299,SAC,3064559,7.0,-1.1,-1.0
401360299,SAC,3892818,8.0,-0.4,0.0
401360299,SAC,3914283,31.0,10.0,6.7
401360299,SAC,4067603,1.0,0.0,0.0
401360299,SAC,4396961,1.0,-0.7,-0.7
401360299,SAC,4396993,43.0,20.2,16.0
401360299,SAC,4431688,1.0,0.6,0.6
401360300,HOU,3415,19.0,5.9,4.6
401360300,HOU,3431,29.0,16.0,13.9
401360300,HOU,3058254,31.0,20.1,18.3
401360300,HOU,3136777,29.0,12.3,11.9
401360300,HOU,3913180,28.0,-1.0,-0.7
401360300,HOU,4066450,25.0,2.3,1.6
401360300,HOU,4431828,16.0,0.0,-1.4
401360300,HOU,4432168,18.0,-3.1,-2.7
401360300,HOU,4437244,25.0,15.4,12.4
401360300,HOU,4871144,20.0,11.3,8.9
401360300,IND,6507,9.0,-0.1,0.0
401360300,IND,6603,23.0,15.4,14.9
401360300,IND,2284101,37.0,4.0,2.3
401360300,IND,2528693,18.0,7.8,8.2
401360300,IND,2991043,36.0,23.0,19.2
401360300,IND,3133596,2.0,-0.4,-1.4
401360300,IND,3133628,37.0,28.7,25.1
401360300,IND,4278031,30.0,7.5,6.4
401360300,IND,4348700,11.0,3.0,2.7
401360300,IND,4592402,37.0,11.3,11.4
401360301,NOP,4023,22.0,5.7,5.7
401360301,NOP,6621,15.0,8.4,6.7
401360301,NOP,2999409,32.0,2.1,-0.8
401360301,NOP,3062679,38.0,21.4,19.3
401360301,NOP,3132042,4.0,1.2,0.6
401360301,NOP,3133601,33.0,14.4,13.3
401360301,NOP,3913176,36.0,22.7,21.2
401360301,NOP,4277813,29.0,7.2,5.8
401360301,NOP,4397077,15.0,-0.8,0.7
401360301,NOP,4397688,15.0,4.6,4.0
401360301,ORL,3447,6.0,3.4,3.4
401360301,ORL,2488945,13.0,-4.4,-3.8
401360301,ORL,2999547,33.0,15.3,14.8
401360301,ORL,3059280,8.0,-2.5,-2.8
401360301,ORL,3918423,25.0,10.6,7.5
401360301,ORL,4066221,17.0,1.9,2.7
401360301,ORL,4066414,8.0,-1.7,-2.4
401360301,ORL,4277847,30.0,21.2,16.2
401360301,ORL,4277886,12.0,3.9,1.4
401360301,ORL,4278052,17.0,-0.4,-0.1
401360301,ORL,4432809,37.0,21.9,19.9
401360301,ORL,4566434,34.0,13.4,12.3
401360302,ATL,4244,11.0,-1.0,0.3
401360302,ATL,2534781,14.0,12.9,11.1
401360302,ATL,3037789,28.0,4.0,3.7
401360302,ATL,3064447,34.0,8.1,6.2
401360302,ATL,3074797,23.0,-0.6,-0.7
401360302,ATL,3908845,31.0,10.9,10.4
401360302,ATL,4066269,33.0,15.7,12.6
401360302,ATL,4395627,28.0,12.7,11.8
401360302,ATL,4431680,34.0,15.4,11.6
401360302,ATL,4701230,5.0,-1.1,-0.7
401360302,PHI,6440,38.0,13.0,9.7
401360302,PHI,2326307,37.0,8.7,8.2
401360302,PHI,2530276,11.0,2.5,2.0
401360302,PHI,3059318,36.0,18.3,13.9
401360302,PHI,3907498,31.0,8.7,6.8
401360302,PHI,3929325,22.0,2.5,2.6
401360302,PHI,4278562,6.0,1.0,0.7
401360302,PHI,4395702,13.0,1.4,0.9
401360302,PHI,4397886,12.0,12.7,9.9
401360302,PHI,4431678,34.0,11.9,9.3
401360303,DET,6446,42.0,17.6,16.3
401360303,DET,3136196,37.0,24.5,20.5
401360303,DET,3919335,3.0,2.7,1.7
401360303,DET,4065651,39.0,11.1,10.6
401360303,DET,4066297,21.0,-0.0,-2.1
401360303,DET,4080610,34.0,9.1,7.3
401360303,DET,4277951,5.0,4.4,4.4
401360303,DET,4278566,15.0,-0.9,-1.4
401360303,DET,4397136,43.0,18.6,16.2
401360303,MIA,2184,12.0,5.2,4.4
401360303,MIA,3012,38.0,17.5,17.3
401360303,MIA,2580913,5.0,-0.5,-0.8
401360303,MIA,3074213,25.0,3.5,1.1
401360303,MIA,3137259,33.0,14.6,15.3
401360303,MIA,3157465,21.0,0.2,0.2
401360303,MIA,4065778,41.0,18.5,16.8
401360303,MIA,4277892,19.0,-0.6,0.3
401360303,MIA,4278521,12.0,2.3,2.4
401360303,MIA,4395725,34.0,21.5,20.1
401360304,NYK,3986,7.0,1.8,2.4
401360304,NYK,6429,36.0,12.4,10.5
401360304,NYK,6479,43.0,39.0,37.7
401360304,NYK,6588,38.0,1.1,0.4
401360304,NYK,2991149,16.0,3.0,2.7
401360304,NYK,2991155,3.0,-0.7,-0.7
401360304,NYK,3064514,35.0,13.6,11.4
401360304,NYK,4277922,22.0,8.1,7.9
401360304,NYK,4278355,13.0,2.1,2.7
401360304,NYK,4351852,25.0,5.1,7.2
401360304,WAS,6426,14.0,2.9,1.6
401360304,WAS,2580782,36.0,21.0,18.7
401360304,WAS,2581184,1.0,0.0,0.0
401360304,WAS,2968361,19.0,1.5,1.7
401360304,WAS,2991055,22.0,15.1,13.9
401360304,WAS,3134907,33.0,12.5,9.7
401360304,WAS,3922230,28.0,13.3,13.2
401360304,WAS,4278049,26.0,13.0,11.1
401360304,WAS,4280151,33.0,18.8,19.3
401360304,WAS,4683021,29.0,11.4,9.4
401360305,DAL,6448,10.0,-0.2,-0.4
401360305,DAL,2531367,21.0,12.4,11.2
401360305,DAL,2578185,39.0,8.3,7.6
401360305,DAL,3057187,37.0,11.7,8.1
401360305,DAL,3064320,4.0,0.2,-0.1
401360305,DAL,3138154,22.0,4.2,4.6
401360305,DAL,3907487,13.0,6.6,6.4
401360305,DAL,3934672,39.0,16.1,15.6
401360305,DAL,4067735,9.0,0.3,-0.3
401360305,DAL,4230547,38.0,6.4,5.3
401360305,DAL,4397126,9.0,2.8,1.3
401360305,MIL,3438,26.0,3.3,3.1
401360305,MIL,3995,34.0,22.6,18.9
401360305,MIL,4032,18.0,4.6,3.3
401360305,MIL,4258,28.0,19.4,17.1
401360305,MIL,6609,32.0,20.6,19.3
401360305,MIL,2578239,30.0,9.5,7.5
401360305,MIL,2581177,16.0,-1.6,-1.4
401360305,MIL,3056602,10.0,-1.8,-1.4
401360305,MIL,3135045,18.0,1.3,0.2
401360305,MIL,4277883,28.0,6.7,1.6
401360306,CHA,4249,30.0,2.5,0.9
401360306,CHA,4305,15.0,9.4,7.8
401360306,CHA,2488653,20.0,5.1,3.4
401360306,CHA,3074752,35.0,12.2,11.0
401360306,CHA,3133603,32.0,19.7,15.0
401360306,CHA,4066383,26.0,9.4,9.0
401360306,CHA,4066731,28.0,8.0,7.7
401360306,CHA,4278076,2.0,1.0,0.7
401360306,CHA,4278078,27.0,17.2,15.0
401360306,CHA,4432816,25.0,14.7,10.1
401360306,DEN,3209,25.0,9.0,9.1
401360306,DEN,6579,34.0,9.7,6.0
401360306,DEN,6617,21.0,8.1,6.4
401360306,DEN,2327577,13.0,8.9,8.4
401360306,DEN,2968334,33.0,10.0,6.9
401360306,DEN,3059310,28.0,0.4,0.6
401360306,DEN,3112335,35.0,18.2,11.7
401360306,DEN,4230557,19.0,11.8,11.6
401360306,DEN,4431690,17.0,2.4,3.7
401360306,DEN,4592492,14.0,-3.4,-2.1
401360307,OKC,2490089,13.0,9.4,8.4
401360307,OKC,3133626,21.0,4.9,3.7
401360307,OKC,4278073,39.0,21.1,19.6
401360307,OKC,4397020,33.0,0.4,-0.6
401360307,OKC,4397183,23.0,4.8,3.3
401360307,OKC,4423545,18.0,8.1,4.0
401360307,OKC,4432813,32.0,7.9,7.3
401360307,OKC,4432819,18.0,0.9,0.6
401360307,OKC,4683018,12.0,1.0,-0.7
401360307,OKC,4871145,31.0,11.1,8.6
401360307,PHX,2779,32.0,14.8,11.5
401360307,PHX,3452,17.0,0.5,-1.0
401360307,PHX,6581,31.0,5.3,2.0
401360307,PHX,2583639,7.0,-0.1,-0.3
401360307,PHX,3064230,17.0,6.0,5.0
401360307,PHX,3136193,35.0,26.0,23.0
401360307,PHX,3138196,24.0,24.9,21.3
401360307,PHX,3147657,28.0,1.7,2.0
401360307,PHX,3914044,18.0,-0.5,-0.4
401360307,PHX,4278129,31.0,16.3,13.7
401360308,MIN,2982268,36.0,9.9,6.8
401360308,MIN,3134916,11.0,2.6,2.1
401360308,MIN,3136776,41.0,15.9,15.3
401360308,MIN,3907822,43.0,22.6,20.8
401360308,MIN,4067325,15.0,6.2,5.3
401360308,MIN,4278541,19.0,7.9,7.0
401360308,MIN,4396971,36.0,13.6,12.4
401360308,MIN,4431671,37.0,11.1,9.2
401360308,MIN,4683025,3.0,0.0,0.0
401360308,UTA,3005,19.0,6.4,6.1
401360308,UTA,3195,28.0,16.1,15.3
401360308,UTA,3593,30.0,12.2,11.4
401360308,UTA,4262,13.0,10.3,10.5
401360308,UTA,2528426,24.0,4.6,3.4
401360308,UTA,2583632,30.0,4.9,3.4
401360308,UTA,2968436,23.0,15.0,10.8
401360308,UTA,3032976,35.0,20.3,14.7
401360308,UTA,3908809,38.0,21.3,19.9
401360308,UTA,4065656,2.0,0.0,0.0
401360309,GSW,3975,37.0,38.4,35.6
401360309,GSW,4269,22.0,7.6,5.2
401360309,GSW,6589,34.0,9.3,5.3
401360309,GSW,2594922,30.0,13.8,9.2
401360309,GSW,3134903,33.0,14.8,15.0
401360309,GSW,3137795,17.0,-1.7,-2.7
401360309,GSW,3155535,18.0,5.4,5.5
401360309,GSW,4401416,26.0,3.2,1.8
401360309,GSW,4432171,11.0,1.6,0.7
401360309,GSW,4433247,11.0,3.2,3.0
401360309,MEM,2991235,23.0,1.9,1.4
401360309,MEM,2993874,20.0,8.5,7.1
401360309,MEM,3134932,11.0,2.0,0.7
401360309,MEM,3135046,16.0,0.9,-0.4
401360309,MEM,3155526,35.0,4.6,4.3
401360309,MEM,4066320,30.0,6.3,5.6
401360309,MEM,4066436,25.0,15.4,11.8
401360309,MEM,4277961,29.0,14.8,13.7
401360309,MEM,4277964,20.0,9.0,6.1
401360309,MEM,4279888,32.0,15.2,13.7
401360311,LAL,1966,35.0,29.3,25.6
401360311,LAL,1975,21.0,2.2,1.8
401360311,LAL,2384,22.0,7.7,5.7
401360311,LAL,3026,12.0,2.3,1.4
401360311,LAL,3442,7.0,5.7,5.4
401360311,LAL,3468,35.0,18.9,17.0
401360311,LAL,3981,29.0,2.8,3.0
401360311,LAL,6472,21.0,0.4,-0.4
401360311,LAL,4065731,4.0,-0.7,-1.0
401360311,LAL,4067469,12.0,1.9,1.0
401360311,LAL,4395704,6.0,-0.8,-0.4
401360311,LAL,4396991,38.0,7.8,8.0
401360311,SAS,2528588,22.0,10.7,10.0
401360311,SAS,3078576,30.0,22.7,20.6
401360311,SAS,3134908,21.0,5.1,6.8
401360311,SAS,3136779,27.0,27.6,25.6
401360311,SAS,3146557,15.0,17.2,15.7
401360311,SAS,3907497,32.0,13.7,9.5
401360311,SAS,3914285,3.0,1.4,0.7
401360311,SAS,4277890,25.0,17.3,16.1
401360311,SAS,4395626,13.0,-0.2,0.0
401360311,SAS,4395630,19.0,0.0,-0.1
401360311,SAS,4395723,33.0,11.4,8.5
401360312,MIA,2184,11.0,6.0,6.1
401360312,MIA,6430,35.0,18.2,14.1
401360312,MIA,3074213,33.0,10.9,9.8
401360312,MIA,3137259,34.0,7.9,6.8
401360312,MIA,3138160,29.0,13.9,12.4
401360312,MIA,3157465,28.0,3.9,4.0
401360312,MIA,4065778,35.0,7.5,7.3
401360312,MIA,4277892,15.0,0.7,-0.1
401360312,MIA,4395725,19.0,3.3,2.5
401360312,ORL,3447,10.0,0.3,0.0
401360312,ORL,2488945,16.0,2.6,2.4
401360312,ORL,2999547,35.0,14.3,14.5
401360312,ORL,3918423,26.0,4.3,3.0
401360312,ORL,4066221,33.0,8.3,4.9
401360312,ORL,4066414,20.0,-1.0,-1.4
401360312,ORL,4277847,25.0,2.7,1.4
401360312,ORL,4277886,13.0,3.2,3.1
401360312,ORL,4566434,32.0,6.8,4.9
401360312,ORL,4590530,32.0,12.3,9.3
401360313,CLE,3449,18.0,20.9,17.5
401360313,CLE,4011,23.0,14.3,11.5
401360313,CLE,2583962,16.0,7.4,6.8
401360313,CLE,2982340,31.0,6.8,5.5
401360313,CLE,2999549,26.0,17.8,13.8
401360313,CLE,3064560,13.0,2.5,1.9
401360313,CLE,3904625,11.0,6.3,4.1
401360313,CLE,3912848,28.0,14.3,14.2
401360313,CLE,4066336,22.0,16.0,14.6
401360313,CLE,4277916,12.0,6.1,6.2
401360313,CLE,4396907,29.0,18.9,16.0
401360313,CLE,4711005,9.0,4.9,3.7
401360313,TOR,3133602,36.0,7.0,4.3
401360313,TOR,3133838,37.0,17.5,13.8
401360313,TOR,3136491,34.0,19.9,12.9
401360313,TOR,3934721,27.0,5.2,5.8
401360313,TOR,3948153,28.0,8.6,7.8
401360313,TOR,4278080,35.0,4.8,1.7
401360313,TOR,4397215,20.0,4.8,4.2
401360313,TOR,4397885,24.0,1.9,1.7
401360314,PHI,6440,30.0,19.2,18.6
401360314,PHI,2326307,35.0,7.2,6.8
401360314,PHI,2530276,16.0,3.5,3.4
401360314,PHI,2990969,17.0,4.7,2.6
401360314,PHI,3059318,31.0,34.9,29.6
401360314,PHI,3907498,28.0,3.3,1.4
401360314,PHI,3929325,15.0,11.2,9.7
401360314,PHI,4065816,4.0,1.9,2.0
401360314,PHI,4278562,11.0,0.8,1.4
401360314,PHI,4395702,7.0,0.6,-0.1
401360314,PHI,4397209,4.0,-0.3,-1.0
401360314,PHI,4397886,6.0,-1.0,-0.6
401360314,PHI,4431678,33.0,10.6,10.1
401360314,PHI,4432164,4.0,3.1,1.4
401360314,WAS,6426,22.0,8.1,9.0
401360314,WAS,2580782,34.0,11.4,10.9
401360314,WAS,2581184,7.0,3.7,3.8
401360314,WAS,2991055,18.0,15.6,15.5
401360314,WAS,3134907,29.0,10.1,6.8
401360314,WAS,3922230,28.0,6.3,4.7
401360314,WAS,4278049,22.0,3.7,4.8
401360314,WAS,4278707,9.0,-3.2,-3.5
401360314,WAS,4280150,4.0,0.3,0.3
401360314,WAS,4280151,35.0,3.1,1.9
401360314,WAS,4683021,29.0,9.3,6.0
401360314,WAS,4715198,4.0,0.0,0.0
401360315,MEM,2991235,27.0,15.5,13.8
401360315,MEM,2993874,26.0,11.2,11.1
401360315,MEM,3134932,28.0,18.3,12.6
401360315,MEM,3135046,15.0,3.3,2.0
401360315,MEM,3906665,15.0,15.0,13.5
401360315,MEM,4066320,32.0,22.3,19.5
401360315,MEM,4066651,27.0,1.0,0.9
401360315,MEM,4277961,26.0,13.3,11.0
401360315,MEM,4277964,8.0,3.4,1.4
401360315,MEM,4279887,3.0,-1.4,-1.0
401360315,MEM,4279888,30.0,13.4,12.3
401360315,MEM,4431747,3.0,1.3,1.7
401360315,SAC,6474,7.0,-1.4,-1.0
401360315,SAC,6578,32.0,10.1,7.3
401360315,SAC,6591,18.0,7.7,5.4
401360315,SAC,2990984,24.0,-0.2,-0.4
401360315,SAC,2993370,13.0,-1.7,-1.7
401360315,SAC,3064559,27.0,14.6,13.6
401360315,SAC,3892818,3.0,4.0,3.0
401360315,SAC,3914283,19.0,1.4,1.3
401360315,SAC,3919454,16.0,10.9,8.9
401360315,SAC,4066259,30.0,1.8,2.8
401360315,SAC,4277848,10.0,1.8,1.3
401360315,SAC,4396961,3.0,1.9,2.7
401360315,SAC,4396993,32.0,18.7,13.5
401360315,SAC,4397103,3.0,2.9,3.0
401360315,SAC,4431688,3.0,1.7,1.7
401360316,NOP,4023,35.0,15.6,13.0
401360316,NOP,6621,17.0,1.9,0.4
401360316,NOP,2999409,23.0,11.0,9.9
401360316,NOP,3062679,38.0,26.8,21.6
401360316,NOP,3132042,13.0,0.6,-0.7
401360316,NOP,3133601,32.0,13.3,12.5
401360316,NOP,3913176,9.0,-0.1,-1.7
401360316,NOP,4066248,3.0,-1.1,-0.7
401360316,NOP,4277813,37.0,12.8,11.4
401360316,NOP,4397077,19.0,12.4,11.8
401360316,NOP,4397688,15.0,-0.5,-1.4
401360316,OKC,4257,13.0,1.2,0.7
401360316,OKC,2490089,10.0,5.2,4.4
401360316,OKC,3133626,21.0,7.0,6.7
401360316,OKC,4065733,15.0,0.8,-0.1
401360316,OKC,4278073,35.0,25.4,23.3
401360316,OKC,4397020,32.0,7.3,3.5
401360316,OKC,4397183,32.0,19.1,18.8
401360316,OKC,4432813,26.0,12.1,11.1
401360316,OKC,4683018,8.0,0.6,0.7
401360316,OKC,4683027,21.0,12.0,10.4
401360316,OKC,4871145,28.0,2.9,-0.2
401360317,DET,3056273,31.0,1.1,-1.3
401360317,DET,3919335,19.0,6.4,7.0
401360317,DET,4065651,34.0,9.5,8.9
401360317,DET,4080610,39.0,15.3,12.7
401360317,DET,4277951,20.0,14.4,16.5
401360317,DET,4278566,18.0,-3.0,-2.8
401360317,DET,4397136,41.0,14.3,11.7
401360317,DET,4423883,18.0,0.9,-1.5
401360317,DET,4431686,19.0,10.0,7.8
401360317,SAS,2528588,19.0,9.8,9.3
401360317,SAS,2994526,22.0,5.4,4.2
401360317,SAS,3078576,16.0,11.8,10.3
401360317,SAS,3134908,15.0,10.4,11.0
401360317,SAS,3136779,25.0,10.8,10.1
401360317,SAS,3146557,17.0,16.4,16.3
401360317,SAS,3914285,12.0,5.6,3.5
401360317,SAS,3946974,8.0,-0.5,0.0
401360317,SAS,4277890,19.0,4.4,4.6
401360317,SAS,4395626,21.0,12.8,12.1
401360317,SAS,4395630,19.0,6.1,2.0
401360317,SAS,4395723,23.0,21.2,21.3
401360317,SAS,4397033,8.0,3.7,3.0
401360317,SAS,4702176,15.0,6.4,5.4
401360318,CHI,3978,36.0,15.0,13.6
401360318,CHI,6478,33.0,17.6,11.6
401360318,CHI,2596112,28.0,12.7,11.5
401360318,CHI,3059311,19.0,5.6,4.7
401360318,CHI,3064440,33.0,24.6,22.9
401360318,CHI,4066367,15.0,3.4,2.4
401360318,CHI,4278508,19.0,3.5,3.7
401360318,CHI,4395651,33.0,0.6,0.9
401360318,CHI,4397002,23.0,2.5,1.6
401360318,IND,6507,9.0,0.3,0.0
401360318,IND,2284101,28.0,8.9,7.1
401360318,IND,2528693,22.0,5.8,4.7
401360318,IND,2991043,39.0,22.2,20.8
401360318,IND,3133596,7.0,0.9,1.0
401360318,IND,3133628,36.0,13.7,11.7
401360318,IND,3155942,35.0,15.4,11.4
401360318,IND,4278031,19.0,7.3,6.1
401360318,IND,4397235,11.0,1.3,0.7
401360318,IND,4432170,2.0,0.7,0.0
401360318,IND,4592402,33.0,9.0,6.6
401360319,DEN,3209,20.0,2.6,1.7
401360319,DEN,6579,36.0,9.7,7.3
401360319,DEN,6617,31.0,9.9,9.8
401360319,DEN,2327577,11.0,1.6,1.0
401360319,DEN,2968334,17.0,3.0,2.7
401360319,DEN,3059262,26.0,14.0,12.1
401360319,DEN,3059310,32.0,8.2,8.1
401360319,DEN,3112335,38.0,25.2,18.6
401360319,DEN,4230557,15.0,2.2,2.1
401360319,DEN,4592492,15.0,1.8,1.6
401360319,LAC,3416,30.0,1.5,0.3
401360319,LAC,3439,19.0,7.4,7.5
401360319,LAC,4238,37.0,18.7,12.9
401360319,LAC,3135047,5.0,0.9,1.0
401360319,LAC,3907823,36.0,10.2,10.3
401360319,LAC,3913174,17.0,0.5,2.2
401360319,LAC,4017837,27.0,18.6,14.2
401360319,LAC,4066387,23.0,10.0,5.7
401360319,LAC,4432162,33.0,9.5,8.9
401360319,LAC,4432192,11.0,1.4,0.2
401360320,CHA,4249,29.0,9.2,6.5
401360320,CHA,4305,23.0,4.2,3.1
401360320,CHA,2488653,29.0,19.0,13.3
401360320,CHA,3074752,27.0,23.8,22.3
401360320,CHA,3133603,30.0,12.1,10.3
401360320,CHA,3138161,22.0,2.8,-0.1
401360320,CHA,4066731,27.0,9.6,9.8
401360320,CHA,4278076,16.0,6.0,5.8
401360320,CHA,4431699,3.0,1.0,0.7
401360320,CHA,4431712,5.0,3.2,3.7
401360320,CHA,4432816,25.0,17.0,14.6
401360320,CHA,4702233,4.0,1.3,1.0
401360320,HOU,3431,24.0,11.7,11.4
401360320,HOU,2451037,22.0,2.9,2.6
401360320,HOU,3058254,26.0,13.9,12.1
401360320,HOU,3062744,24.0,7.4,4.4
401360320,HOU,4066450,35.0,5.4,5.6
401360320,HOU,4409222,29.0,12.3,8.0
401360320,HOU,4432168,21.0,-0.5,-0.1
401360320,HOU,4432176,26.0,10.4,6.5
401360320,HOU,4871143,13.0,0.7,-0.4
401360320,HOU,4871144,21.0,2.4,2.1
401360321,ATL,4244,4.0,1.3,1.4
401360321,ATL,2534781,22.0,13.6,12.3
401360321,ATL,3037789,41.0,15.1,14.0
401360321,ATL,3056245,15.0,5.5,4.7
401360321,ATL,3059266,4.0,-0.4,-0.7
401360321,ATL,3102529,26.0,11.4,8.5
401360321,ATL,4066269,17.0,5.8,5.5
401360321,ATL,4277905,40.0,20.3,20.4
401360321,ATL,4278045,30.0,2.6,-0.5
401360321,ATL,4395627,40.0,19.5,18.0
401360321,CHI,3978,38.0,30.1,30.1
401360321,CHI,6478,34.0,26.4,20.9
401360321,CHI,2596112,29.0,2.7,1.7
401360321,CHI,3059311,19.0,8.7,7.4
401360321,CHI,3064440,37.0,25.9,24.0
401360321,CHI,4066367,14.0,2.2,1.7
401360321,CHI,4278508,19.0,6.3,4.7
401360321,CHI,4395651,25.0,7.5,6.3
401360321,CHI,4397002,25.0,4.9,5.8
401360322,BOS,3213,34.0,18.7,15.3
401360322,BOS,3056600,9.0,2.3,1.7
401360322,BOS,3917376,39.0,10.9,9.3
401360322,BOS,4017839,16.0,2.2,2.0
401360322,BOS,4065804,11.0,1.3,1.3
401360322,BOS,4066211,22.0,10.3,6.1
401360322,BOS,4066218,28.0,12.6,10.8
401360322,BOS,4066354,45.0,16.2,14.7
401360322,BOS,4397008,36.0,9.2,2.5
401360322,MIN,4260,25.0,14.3,11.0
401360322,MIN,2982268,24.0,6.5,4.0
401360322,MIN,3134916,32.0,3.7,1.6
401360322,MIN,3907822,39.0,6.6,4.9
401360322,MIN,3923253,3.0,0.3,0.0
401360322,MIN,4065663,16.0,4.3,2.7
401360322,MIN,4067325,29.0,19.7,17.3
401360322,MIN,4278541,35.0,23.9,22.5
401360322,MIN,4431671,36.0,10.7,9.7
401360323,SAS,2528588,27.0,10.4,10.4
401360323,SAS,2994526,6.0,-2.1,-2.1
401360323,SAS,3078576,35.0,19.1,15.2
401360323,SAS,3134908,27.0,9.5,7.8
401360323,SAS,3136779,16.0,0.4,-0.8
401360323,SAS,3146557,17.0,2.5,2.7
401360323,SAS,3914285,2.0,0.2,0.0
401360323,SAS,3946974,2.0,6.1,5.1
401360323,SAS,4277890,26.0,6.0,6.0
401360323,SAS,4395626,13.0,2.4,2.1
401360323,SAS,4395630,29.0,9.1,8.4
401360323,SAS,4395723,35.0,8.5,6.6
401360323,SAS,4397033,2.0,2.0,1.7
401360323,SAS,4702176,4.0,1.4,1.4
401360323,UTA,3005,19.0,5.8,4.7
401360323,UTA,3195,28.0,9.3,3.5
401360323,UTA,3593,29.0,7.7,7.5
401360323,UTA,4262,19.0,14.3,12.1
401360323,UTA,2528426,32.0,14.6,12.1
401360323,UTA,2583632,34.0,3.6,1.6
401360323,UTA,2968436,32.0,11.6,11.1
401360323,UTA,3032976,26.0,20.3,15.2
401360323,UTA,3133817,1.0,0.0,0.0
401360323,UTA,4065656,20.0,-0.2,-1.0
401360323,UTA,4066446,1.0,0.0,0.0
401360324,MEM,2991235,31.0,19.7,18.5
401360324,MEM,2993874,23.0,-0.1,-2.7
401360324,MEM,3134932,34.0,10.1,7.2
401360324,MEM,3135046,18.0,2.0,2.4
401360324,MEM,3906665,11.0,3.2,3.4
401360324,MEM,4066320,37.0,22.0,20.5
401360324,MEM,4066651,19.0,6.7,4.4
401360324,MEM,4277961,29.0,4.7,3.2
401360324,MEM,4277964,5.0,0.0,-2.0
401360324,MEM,4279888,34.0,23.9,21.8
401360324,PHX,2779,35.0,15.6,11.6
401360324,PHX,3452,22.0,4.7,6.2
401360324,PHX,2583639,9.0,0.1,-0.7
401360324,PHX,3064230,24.0,9.5,10.1
401360324,PHX,3136193,37.0,23.0,19.0
401360324,PHX,3138196,36.0,15.0,12.0
401360324,PHX,3147657,32.0,10.9,9.9
401360324,PHX,3914044,14.0,0.5,-0.8
401360324,PHX,4397189,29.0,12.9,11.4
401360325,DAL,4376,3.0,-1.1,-1.0
401360325,DAL,6448,24.0,14.6,13.5
401360325,DAL,2531367,24.0,15.4,17.4
401360325,DAL,2578185,34.0,15.5,13.9
401360325,DAL,3057187,5.0,2.4,2.4
401360325,DAL,3064320,4.0,-1.2,-0.7
401360325,DAL,3102531,32.0,32.9,28.2
401360325,DAL,3138154,6.0,-0.8,0.0
401360325,DAL,3907487,9.0,0.2,0.7
401360325,DAL,3934672,29.0,15.5,13.3
401360325,DAL,4066508,6.0,-0.4,0.0
401360325,DAL,4067735,5.0,1.0,1.0
401360325,DAL,4230547,23.0,5.8,7.1
401360325,DAL,4397126,10.0,2.4,2.3
401360325,DAL,4432811,26.0,12.9,11.3
401360325,POR,6606,36.0,16.5,15.6
401360325,POR,2528353,17.0,4.9,6.1
401360325,POR,2580365,32.0,8.1,7.4
401360325,POR,2595516,30.0,7.9,7.8
401360325,POR,4066315,13.0,1.2,1.3
401360325,POR,4066486,6.0,2.9,3.1
401360325,POR,4351851,27.0,5.1,6.4
401360325,POR,4395652,34.0,19.9,15.3
401360325,POR,4397040,7.0,5.6,5.6
401360325,POR,4397166,26.0,5.9,5.0
401360325,POR,4432161,12.0,4.5,5.1
401360326,BKN,3015,10.0,2.6,2.4
401360326,BKN,3989,16.0,13.1,11.4
401360326,BKN,3992,40.0,37.8,35.0
401360326,BKN,3999,24.0,1.1,-0.1
401360326,BKN,4004,35.0,10.9,9.0
401360326,BKN,2530572,13.0,0.2,0.3
401360326,BKN,2579321,1.0,2.0,1.7
401360326,BKN,2991274,1.0,0.0,0.0
401360326,BKN,3062667,29.0,14.2,12.0
401360326,BKN,3133635,12.0,3.6,2.3
401360326,BKN,4065670,28.0,5.9,4.4
401360326,BKN,4066264,1.0,0.3,0.0
401360326,BKN,4278067,30.0,16.9,15.6
401360326,LAC,3439,14.0,5.6,3.4
401360326,LAC,4238,28.0,9.6,8.8
401360326,LAC,6462,27.0,21.6,21.2
401360326,LAC,3135047,17.0,5.1,4.1
401360326,LAC,3907823,26.0,2.8,3.3
401360326,LAC,3913174,24.0,6.0,5.1
401360326,LAC,3914075,12.0,3.0,1.7
401360326,LAC,4017837,22.0,7.7,7.9
401360326,LAC,4066387,25.0,4.7,1.8
401360326,LAC,4432162,27.0,7.2,5.3
401360326,LAC,4432192,17.0,8.6,7.9
401360327,MIL,3438,24.0,9.1,7.8
401360327,MIL,3995,34.0,18.1,17.4
401360327,MIL,4032,14.0,2.8,3.4
401360327,MIL,4258,16.0,7.8,7.1
401360327,MIL,6609,31.0,13.3,12.4
401360327,MIL,2578239,22.0,8.6,7.1
401360327,MIL,3032977,30.0,20.2,19.7
401360327,MIL,3064482,29.0,16.2,14.2
401360327,MIL,3102533,1.0,0.0,0.0
401360327,MIL,3135045,23.0,2.2,2.7
401360327,MIL,3934673,16.0,8.2,6.7
401360327,ORL,3447,24.0,6.4,6.2
401360327,ORL,2488945,21.0,2.4,3.7
401360327,ORL,2999547,37.0,9.0,10.0
401360327,ORL,3150844,11.0,3.8,4.3
401360327,ORL,3918423,13.0,-0.6,-0.3
401360327,ORL,4066221,19.0,6.7,4.8
401360327,ORL,4277847,33.0,14.7,9.9
401360327,ORL,4277886,11.0,0.8,1.3
401360327,ORL,4397205,5.0,-0.8,-0.7
401360327,ORL,4566434,38.0,32.3,29.6
401360327,ORL,4590530,28.0,8.3,5.4
401360328,MIA,6430,36.0,29.7,24.9
401360328,MIA,3074213,32.0,12.3,8.8
401360328,MIA,3137259,35.0,10.1,5.3
401360328,MIA,3138160,29.0,8.1,5.8
401360328,MIA,3157465,35.0,18.5,18.4
401360328,MIA,4277892,22.0,4.8,1.3
401360328,MIA,4278521,16.0,5.0,4.7
401360328,MIA,4395725,35.0,23.4,22.0
401360328,WAS,6426,21.0,13.6,14.5
401360328,WAS,2580782,42.0,22.4,22.4
401360328,WAS,2991312,14.0,5.1,4.1
401360328,WAS,3134907,34.0,13.3,12.0
401360328,WAS,4067045,9.0,2.3,1.4
401360328,WAS,4278049,36.0,18.1,15.8
401360328,WAS,4278402,3.0,-1.4,-1.4
401360328,WAS,4280151,39.0,7.7,7.3
401360328,WAS,4683021,31.0,5.8,2.7
401360328,WAS,4715198,10.0,0.5,-0.7
401360329,PHI,6440,36.0,18.1,14.1
401360329,PHI,2326307,34.0,11.9,11.8
401360329,PHI,2530276,11.0,2.3,1.3
401360329,PHI,2990969,22.0,16.3,16.2
401360329,PHI,3059318,34.0,34.2,30.6
401360329,PHI,3907498,37.0,4.0,4.0
401360329,PHI,3929325,16.0,7.2,6.0
401360329,PHI,4278562,14.0,4.4,3.2
401360329,PHI,4431678,36.0,-1.6,-2.2
401360329,TOR,3133602,29.0,9.1,8.1
401360329,TOR,3133838,31.0,6.4,7.5
401360329,TOR,3136491,13.0,7.9,7.3
401360329,TOR,3149673,42.0,23.4,22.4
401360329,TOR,3948153,38.0,29.5,23.6
401360329,TOR,4066668,32.0,0.7,0.2
401360329,TOR,4277843,41.0,6.0,5.7
401360329,TOR,4278080,7.0,1.3,0.0
401360329,TOR,4397215,6.0,1.6,0.0
401360330,HOU,3431,33.0,11.8,10.9
401360330,HOU,3058254,33.0,19.0,14.7
401360330,HOU,3062744,33.0,8.1,4.3
401360330,HOU,4066450,25.0,7.7,7.3
401360330,HOU,4397140,35.0,16.8,15.9
401360330,HOU,4432168,27.0,13.3,10.5
401360330,HOU,4437244,38.0,18.6,16.4
401360330,HOU,4871144,15.0,5.1,5.7
401360330,LAL,1966,39.0,32.8,29.8
401360330,LAL,1975,28.0,21.8,19.2
401360330,LAL,3468,35.0,21.6,17.3
401360330,LAL,3973,14.0,1.9,1.7
401360330,LAL,4240,31.0,10.1,8.7
401360330,LAL,3134881,32.0,6.5,6.0
401360330,LAL,4066262,40.0,22.0,19.4
401360330,LAL,4396991,21.0,-2.8,-1.4
401360331,MIN,3964,29.0,1.8,0.5
401360331,MIN,4260,22.0,10.2,7.5
401360331,MIN,2982268,17.0,7.3,7.4
401360331,MIN,3134916,24.0,5.5,4.3
401360331,MIN,3907822,40.0,9.2,7.8
401360331,MIN,4065663,5.0,-0.2,-1.0
401360331,MIN,4067325,25.0,4.6,5.4
401360331,MIN,4278541,29.0,7.9,6.1
401360331,MIN,4396971,12.0,2.0,0.2
401360331,MIN,4431671,36.0,18.8,13.5
401360331,NYK,3986,16.0,6.8,5.7
401360331,NYK,6429,16.0,3.2,4.2
401360331,NYK,6479,33.0,4.1,3.2
401360331,NYK,6588,25.0,5.4,6.3
401360331,NYK,3064514,38.0,3.2,0.8
401360331,NYK,4278355,11.0,7.4,6.9
401360331,NYK,4351852,32.0,19.1,13.6
401360331,NYK,4395625,24.0,0.3,0.2
401360331,NYK,4395724,15.0,7.1,6.1
401360331,NYK,4397014,31.0,8.2,6.3
401360332,CLE,3449,32.0,20.7,19.1
401360332,CLE,4011,37.0,26.5,20.2
401360332,CLE,2583962,9.0,0.0,0.0
401360332,CLE,2982340,14.0,1.9,2.0
401360332,CLE,2999549,24.0,5.8,6.1
401360332,CLE,3912848,33.0,3.5,2.7
401360332,CLE,4066336,31.0,8.6,7.0
401360332,CLE,4432158,30.0,17.1,16.2
401360332,CLE,4432822,31.0,1.3,2.3
401360332,NOP,4023,37.0,13.9,12.8
401360332,NOP,6477,30.0,9.6,8.3
401360332,NOP,6621,17.0,3.7,3.1
401360332,NOP,2999409,6.0,-0.8,-0.7
401360332,NOP,3132042,29.0,8.5,6.6
401360332,NOP,3133601,33.0,13.7,12.3
401360332,NOP,4066248,8.0,6.1,5.8
401360332,NOP,4277813,36.0,21.7,19.5
401360332,NOP,4397077,24.0,9.5,6.1
401360332,NOP,4397688,20.0,1.5,0.6
401360333,DEN,3209,29.0,4.0,2.7
401360333,DEN,6579,36.0,16.8,14.5
401360333,DEN,6617,34.0,3.7,3.6
401360333,DEN,2327577,13.0,4.6,4.7
401360333,DEN,2968334,32.0,8.9,6.5
401360333,DEN,3059262,18.0,5.3,4.8
401360333,DEN,3112335,35.0,18.2,10.1
401360333,DEN,4431690,19.0,3.1,2.5
401360333,DEN,4592492,24.0,3.2,3.2
401360333,GSW,2386,24.0,0.2,-1.0
401360333,GSW,3975,39.0,10.6,10.6
401360333,GSW,4269,18.0,4.2,3.7
401360333,GSW,2594922,26.0,-0.4,-2.4
401360333,GSW,3059319,32.0,14.0,10.6
401360333,GSW,3134903,29.0,11.7,9.9
401360333,GSW,3137795,6.0,-0.7,-0.7
401360333,GSW,3155535,26.0,6.8,5.5
401360333,GSW,4401416,23.0,7.3,5.8
401360333,GSW,4433247,17.0,3.4,3.2
401360334,OKC,2490089,14.0,6.9,5.7
401360334,OKC,3058030,22.0,5.7,3.7
401360334,OKC,3133626,28.0,7.1,4.7
401360334,OKC,3929321,11.0,6.1,5.8
401360334,OKC,4065733,15.0,-1.5,-1.0
401360334,OKC,4066392,22.0,6.5,4.0
401360334,OKC,4278046,12.0,4.8,2.3
401360334,OKC,4278073,35.0,21.0,21.1
401360334,OKC,4397020,33.0,10.4,8.9
401360334,OKC,4397183,26.0,13.2,12.1
401360334,OKC,4683027,22.0,0.1,0.1
401360334,SAC,6578,32.0,12.3,10.7
401360334,SAC,2990984,25.0,13.5,13.7
401360334,SAC,2993370,25.0,9.0,7.4
401360334,SAC,3064559,23.0,10.2,6.6
401360334,SAC,3914283,17.0,2.6,0.6
401360334,SAC,3919454,21.0,8.7,7.7
401360334,SAC,4066259,35.0,4.7,3.1
401360334,SAC,4277848,28.0,6.8,6.3
401360334,SAC,4396993,33.0,25.4,22.8
401360335,DET,3056273,37.0,5.3,3.5
401360335,DET,3151568,17.0,-1.9,-1.7
401360335,DET,3919335,9.0,-0.1,-0.7
401360335,DET,3945566,11.0,-0.5,-0.4
401360335,DET,4065651,14.0,2.8,1.3
401360335,DET,4080610,39.0,27.8,21.9
401360335,DET,4277951,39.0,3.6,1.2
401360335,DET,4397136,43.0,24.0,21.4
401360335,DET,4423883,4.0,-0.8,-1.4
401360335,DET,4431686,27.0,-3.8,-4.5
401360335,NYK,3986,28.0,10.6,5.8
401360335,NYK,6429,27.0,28.7,25.3
401360335,NYK,6479,20.0,-2.1,-2.7
401360335,NYK,3064514,26.0,4.0,0.7
401360335,NYK,4278355,22.0,8.8,7.0
401360335,NYK,4351852,20.0,4.3,4.4
401360335,NYK,4395625,25.0,10.7,8.3
401360335,NYK,4395724,35.0,11.8,10.9
401360335,NYK,4397014,13.0,-4.0,-4.5
401360335,NYK,4431823,25.0,0.7,-1.7
401360336,CHA,4249,35.0,15.9,13.1
401360336,CHA,4305,11.0,1.8,0.0
401360336,CHA,2488653,32.0,9.4,5.7
401360336,CHA,3074752,38.0,30.5,25.0
401360336,CHA,3133603,24.0,5.3,5.4
401360336,CHA,3138161,24.0,0.6,-1.1
401360336,CHA,4066731,30.0,9.0,7.8
401360336,CHA,4278076,13.0,4.6,4.0
401360336,CHA,4432816,34.0,22.8,20.5
401360336,IND,2284101,34.0,9.6,6.4
401360336,IND,2528693,24.0,4.2,4.4
401360336,IND,2596247,10.0,-1.9,-1.4
401360336,IND,2991043,39.0,17.4,15.2
401360336,IND,3133596,20.0,6.8,5.3
401360336,IND,3133628,32.0,9.1,6.7
401360336,IND,3155942,37.0,13.7,7.8
401360336,IND,4278031,21.0,12.0,12.4
401360336,IND,4592402,23.0,8.5,7.9
401360337,BOS,3213,37.0,10.9,6.0
401360337,BOS,2581190,32.0,3.7,0.6
401360337,BOS,3917376,40.0,10.2,7.6
401360337,BOS,4065804,7.0,2.3,1.3
401360337,BOS,4066211,28.0,22.5,19.9
401360337,BOS,4066218,21.0,4.2,4.1
401360337,BOS,4066354,34.0,-1.0,-0.4
401360337,BOS,4397008,27.0,3.3,2.0
401360337,BOS,4407254,14.0,3.9,3.0
401360337,LAC,3439,9.0,-0.5,-1.0
401360337,LAC,4238,32.0,12.1,10.4
401360337,LAC,6462,38.0,15.1,11.9
401360337,LAC,3135047,12.0,-4.0,-4.5
401360337,LAC,3907823,36.0,13.7,13.2
401360337,LAC,3913174,36.0,13.2,10.4
401360337,LAC,3914075,11.0,-2.3,-2.8
401360337,LAC,4017837,31.0,4.1,0.7
401360337,LAC,4066387,28.0,11.5,9.2
401360337,LAC,4432192,8.0,2.6,3.0
401360338,ATL,4244,13.0,2.0,1.7
401360338,ATL,3056245,29.0,13.1,10.8
401360338,ATL,3059266,7.0,-1.7,-1.6
401360338,ATL,3074797,16.0,7.5,6.3
401360338,ATL,3102529,30.0,18.0,16.6
401360338,ATL,3928275,18.0,13.8,12.9
401360338,ATL,4066269,31.0,5.2,4.7
401360338,ATL,4277905,33.0,15.1,14.6
401360338,ATL,4278045,32.0,12.2,12.0
401360338,ATL,4395627,31.0,5.4,3.2
401360338,CHI,3978,36.0,17.7,16.2
401360338,CHI,6478,33.0,19.0,10.2
401360338,CHI,2596112,23.0,15.9,14.1
401360338,CHI,3059311,16.0,4.0,4.4
401360338,CHI,3064440,32.0,19.6,19.4
401360338,CHI,3936099,5.0,2.5,2.7
401360338,CHI,4066367,12.0,8.7,9.2
401360338,CHI,4278508,23.0,10.7,7.2
401360338,CHI,4395651,35.0,14.6,14.2
401360338,CHI,4397002,20.0,11.0,8.8
401360338,CHI,4397016,3.0,0.9,1.7
401360338,CHI,4397071,3.0,0.7,0.7
401360339,LAL,1966,38.0,32.3,26.0
401360339,LAL,1975,30.0,-2.4,-2.5
401360339,LAL,2384,16.0,3.3,4.6
401360339,LAL,3468,40.0,12.8,12.4
401360339,LAL,3973,11.0,0.6,0.0
401360339,LAL,4240,33.0,-0.4,1.6
401360339,LAL,3134881,23.0,4.8,2.7
401360339,LAL,4066262,31.0,13.1,11.5
401360339,LAL,4396991,19.0,1.3,1.0
401360339,MEM,2991235,26.0,7.1,6.2
401360339,MEM,2993874,30.0,7.9,7.8
401360339,MEM,3135046,23.0,7.8,5.2
401360339,MEM,3906665,18.0,3.3,2.4
401360339,MEM,4066320,35.0,11.3,9.2
401360339,MEM,4066651,20.0,2.1,-0.7
401360339,MEM,4277961,33.0,10.6,6.8
401360339,MEM,4277964,12.0,7.7,5.0
401360339,MEM,4279887,7.0,2.0,0.7
401360339,MEM,4279888,36.0,27.5,23.6
401360341,OKC,4257,12.0,-0.5,0.7
401360341,OKC,2328418,18.0,0.6,0.7
401360341,OKC,2490089,15.0,9.7,10.4
401360341,OKC,3058030,37.0,8.5,7.1
401360341,OKC,3133626,7.0,-1.0,-1.3
401360341,OKC,3914639,2.0,-0.7,-0.7
401360341,OKC,4065733,35.0,19.5,16.8
401360341,OKC,4066392,19.0,6.0,7.8
401360341,OKC,4278046,2.0,0.0,0.0
401360341,OKC,4395688,2.0,0.3,0.0
401360341,OKC,4397020,35.0,1.4,-0.3
401360341,OKC,4397183,39.0,15.8,12.8
401360341,OKC,4683027,18.0,3.1,2.3
401360341,PHX,2779,32.0,10.7,8.2
401360341,PHX,3452,23.0,10.7,8.8
401360341,PHX,3064230,31.0,14.8,14.3
401360341,PHX,3136193,36.0,31.2,28.4
401360341,PHX,3138196,23.0,8.5,8.8
401360341,PHX,3147657,33.0,3.7,1.7
401360341,PHX,3149010,8.0,-0.3,-0.3
401360341,PHX,3914044,28.0,4.5,1.6
401360341,PHX,4355392,1.0,0.3,0.0
401360341,PHX,4397189,25.0,13.5,8.8
401360342,POR,6606,37.0,22.3,19.5
401360342,POR,2528353,16.0,1.1,1.7
401360342,POR,2580365,32.0,18.5,16.0
401360342,POR,2595516,43.0,18.0,18.0
401360342,POR,4066315,20.0,6.1,5.1
401360342,POR,4066486,2.0,0.0,0.0
401360342,POR,4351851,29.0,1.3,2.7
401360342,POR,4395652,23.0,1.1,-1.7
401360342,POR,4396959,14.0,2.7,3.4
401360342,POR,4397040,5.0,1.9,1.3
401360342,POR,4397166,18.0,4.1,4.0
401360342,POR,4432161,2.0,-0.8,-0.8
401360342,UTA,3005,24.0,18.0,17.2
401360342,UTA,3195,30.0,11.0,10.8
401360342,UTA,3593,27.0,7.7,6.6
401360342,UTA,4262,19.0,15.6,13.0
401360342,UTA,2528426,30.0,13.9,12.2
401360342,UTA,2583632,30.0,4.2,3.4
401360342,UTA,2968436,31.0,0.7,1.4
401360342,UTA,3032976,29.0,22.6,19.3
401360342,UTA,4065656,17.0,2.9,3.0
401360342,UTA,4066446,1.0,0.0,0.0
401360342,UTA,4066467,1.0,0.0,0.0
401360342,UTA,4066851,1.0,0.3,0.0
401360342,UTA,4395695,1.0,-0.7,-0.7
401360343,DAL,6472,13.0,4.4,4.4
401360343,DAL,2531367,28.0,-0.1,-1.8
401360343,DAL,2578185,27.0,7.2,7.4
401360343,DAL,3057187,18.0,5.9,5.7
401360343,DAL,3102531,35.0,17.8,14.0
401360343,DAL,3138154,7.0,1.6,1.4
401360343,DAL,3934672,36.0,18.7,18.3
401360343,DAL,4230547,38.0,8.0,5.1
401360343,DAL,4397126,10.0,3.4,2.3
401360343,DAL,4432811,28.0,5.6,4.1
401360343,SAC,6578,34.0,10.5,9.0
401360343,SAC,2990984,23.0,-1.5,-1.4
401360343,SAC,2993370,26.0,8.5,7.2
401360343,SAC,3064559,22.0,3.5,4.2
401360343,SAC,3914283,20.0,10.7,7.0
401360343,SAC,4066259,34.0,8.0,8.7
401360343,SAC,4277848,28.0,11.0,8.4
401360343,SAC,4278053,19.0,9.4,9.1
401360343,SAC,4396993,36.0,8.9,9.5
401360344,BKN,2983,27.0,8.6,7.7
401360344,BKN,3202,38.0,21.1,19.4
401360344,BKN,3989,10.0,2.5,2.7
401360344,BKN,3992,40.0,28.2,24.1
401360344,BKN,3999,22.0,2.0,1.4
401360344,BKN,4004,34.0,-0.9,-1.8
401360344,BKN,3062667,16.0,2.6,1.4
401360344,BKN,4065670,16.0,-0.6,-1.7
401360344,BKN,4278067,33.0,11.2,8.9
401360344,BKN,4432174,4.0,2.6,1.7
401360344,PHI,6440,37.0,6.4,6.0
401360344,PHI,6585,16.0,10.6,8.2
401360344,PHI,2326307,34.0,15.4,12.5
401360344,PHI,2990969,19.0,3.9,4.6
401360344,PHI,3059318,32.0,26.0,21.2
401360344,PHI,3907498,39.0,8.8,5.8
401360344,PHI,3915195,11.0,-3.6,-4.5
401360344,PHI,3929325,18.0,-2.7,-2.2
401360344,PHI,4431678,33.0,20.9,20.6
401360345,MIL,3438,16.0,1.3,1.0
401360345,MIL,3995,33.0,29.7,24.1
401360345,MIL,4032,22.0,8.6,8.1
401360345,MIL,4258,16.0,13.4,12.8
401360345,MIL,6609,33.0,17.4,17.1
401360345,MIL,2578239,22.0,0.5,0.3
401360345,MIL,3032977,31.0,28.5,23.7
401360345,MIL,3064482,26.0,8.8,8.8
401360345,MIL,3135045,23.0,1.5,0.5
401360345,MIL,3934673,19.0,7.4,6.3
401360345,ORL,2488945,30.0,10.6,11.9
401360345,ORL,2999547,33.0,12.5,10.4
401360345,ORL,3150844,25.0,11.5,11.5
401360345,ORL,3918423,18.0,6.5,5.8
401360345,ORL,4277847,33.0,13.9,11.4
401360345,ORL,4277886,14.0,2.3,3.0
401360345,ORL,4397205,21.0,7.0,7.5
401360345,ORL,4566434,34.0,12.2,11.7
401360345,ORL,4590530,32.0,10.8,10.7
401360346,CLE,3449,29.0,18.1,14.2
401360346,CLE,4259,5.0,-1.6,-0.8
401360346,CLE,2583962,24.0,0.6,-0.0
401360346,CLE,3904625,4.0,0.3,0.0
401360346,CLE,3906786,17.0,2.5,1.0
401360346,CLE,3907359,8.0,5.7,5.4
401360346,CLE,3912848,21.0,3.1,2.0
401360346,CLE,4066336,26.0,10.1,7.8
401360346,CLE,4066405,21.0,4.8,4.4
401360346,CLE,4277916,21.0,0.5,0.9
401360346,CLE,4432158,32.0,14.6,12.8
401360346,CLE,4432822,31.0,4.7,5.6
401360346,WAS,6507,27.0,11.2,9.2
401360346,WAS,6580,34.0,25.5,23.8
401360346,WAS,2581018,28.0,11.6,8.8
401360346,WAS,2581184,12.0,5.3,6.7
401360346,WAS,2991312,3.0,1.0,0.0
401360346,WAS,3134907,34.0,20.8,17.4
401360346,WAS,4278049,32.0,15.7,9.5
401360346,WAS,4278402,3.0,-0.8,-0.7
401360346,WAS,4278707,5.0,0.7,0.7
401360346,WAS,4280150,3.0,-0.7,-0.7
401360346,WAS,4280151,28.0,-0.6,-0.1
401360346,WAS,4396682,3.0,0.0,0.0
401360346,WAS,4683021,24.0,7.3,7.0
401360346,WAS,4715198,3.0,0.6,-0.1
401360348,BOS,3213,25.0,5.9,5.9
401360348,BOS,2581190,33.0,16.3,14.8
401360348,BOS,2990992,39.0,16.0,14.8
401360348,BOS,3917376,36.0,11.0,9.6
401360348,BOS,4066211,35.0,22.1,15.3
401360348,BOS,4066218,35.0,12.9,11.1
401360348,BOS,4066354,13.0,9.7,9.5
401360348,BOS,4397008,23.0,14.6,12.4
401360348,PHX,2779,34.0,12.6,10.2
401360348,PHX,2583639,10.0,5.6,4.0
401360348,PHX,3059307,13.0,1.9,2.7
401360348,PHX,3064230,21.0,3.8,4.3
401360348,PHX,3136193,38.0,10.4,7.4
401360348,PHX,3138196,34.0,16.3,15.2
401360348,PHX,3147657,29.0,8.0,5.3
401360348,PHX,3914044,23.0,3.0,2.7
401360348,PHX,4277854,1.0,-0.7,-0.7
401360348,PHX,4355392,11.0,-0.1,-0.6
401360348,PHX,4397189,27.0,18.3,19.0
401360349,CHI,3978,35.0,18.7,16.6
401360349,CHI,6478,34.0,12.8,9.4
401360349,CHI,2596112,28.0,4.8,2.7
401360349,CHI,3059311,20.0,4.9,4.3
401360349,CHI,3064440,36.0,10.5,7.4
401360349,CHI,3936099,14.0,5.9,6.1
401360349,CHI,4066367,14.0,5.6,3.6
401360349,CHI,4278508,4.0,-1.1,-0.7
401360349,CHI,4395651,33.0,23.6,20.5
401360349,CHI,4397002,22.0,3.6,2.3
401360349,IND,2284101,35.0,7.9,6.9
401360349,IND,2528693,32.0,10.8,7.6
401360349,IND,2596247,11.0,-0.8,-0.7
401360349,IND,2991043,37.0,19.5,18.1
401360349,IND,3133628,18.0,8.9,9.0
401360349,IND,3155942,40.0,25.6,21.7
401360349,IND,4278031,31.0,7.0,4.6
401360349,IND,4348700,5.0,0.6,0.7
401360349,IND,4396629,2.0,-1.7,-1.7
401360349,IND,4397235,30.0,3.1,-0.5
401360350,DAL,2528779,31.0,15.2,13.1
401360350,DAL,2531367,20.0,12.2,10.5
401360350,DAL,2578185,38.0,14.1,12.2
401360350,DAL,3057187,21.0,8.8,6.0
401360350,DAL,3064320,2.0,-0.4,0.0
401360350,DAL,3102531,33.0,25.1,22.7
401360350,DAL,3138154,8.0,1.3,0.7
401360350,DAL,3907487,18.0,7.1,5.1
401360350,DAL,3934672,35.0,18.6,17.4
401360350,DAL,4066508,2.0,0.0,-0.7
401360350,DAL,4067735,5.0,-1.4,-2.4
401360350,DAL,4397126,1.0,-0.4,0.0
401360350,DAL,4432811,26.0,3.1,3.3
401360350,SAC,6578,30.0,7.2,6.9
401360350,SAC,2990984,26.0,5.4,4.4
401360350,SAC,2993370,29.0,9.9,7.5
401360350,SAC,3064559,19.0,7.0,7.5
401360350,SAC,3914283,19.0,5.2,2.5
401360350,SAC,4066259,31.0,6.2,4.3
401360350,SAC,4277848,25.0,10.2,9.8
401360350,SAC,4278053,25.0,-0.2,-1.1
401360350,SAC,4396961,2.0,-0.7,-0.7
401360350,SAC,4396993,33.0,18.8,17.0
401360350,SAC,4431688,2.0,1.7,1.7
401360351,HOU,3431,27.0,12.0,12.1
401360351,HOU,3058254,34.0,14.1,11.1
401360351,HOU,3062744,20.0,8.1,5.1
401360351,HOU,3136777,25.0,21.7,18.6
401360351,HOU,4066450,22.0,2.7,2.3
401360351,HOU,4397140,31.0,0.3,-0.3
401360351,HOU,4409222,4.0,-2.4,-2.0
401360351,HOU,4431828,14.0,1.9,2.0
401360351,HOU,4432168,25.0,5.8,3.7
401360351,HOU,4432176,4.0,-0.4,0.0
401360351,HOU,4437244,28.0,8.6,9.7
401360351,HOU,4871144,7.0,5.2,5.0
401360351,MIA,3012,37.0,5.5,5.3
401360351,MIA,6430,35.0,31.2,28.5
401360351,MIA,2991042,11.0,4.8,4.6
401360351,MIA,3074213,29.0,11.2,6.1
401360351,MIA,3138160,38.0,6.1,4.7
401360351,MIA,3923253,15.0,2.7,2.4
401360351,MIA,4065730,24.0,18.4,14.9
401360351,MIA,4291678,15.0,7.3,8.1
401360351,MIA,4395725,38.0,9.4,7.6
401360352,ATL,2799,32.0,10.0,10.3
401360352,ATL,4244,5.0,2.0,2.1
401360352,ATL,3074797,43.0,7.2,7.7
401360352,ATL,3102529,40.0,25.0,18.8
401360352,ATL,3928275,25.0,6.7,6.7
401360352,ATL,4066269,23.0,17.4,14.8
401360352,ATL,4277905,42.0,26.3,26.4
401360352,ATL,4278045,21.0,6.5,6.7
401360352,ATL,4395627,10.0,2.9,-0.1
401360352,CLE,3449,30.0,31.1,28.1
401360352,CLE,2583962,24.0,4.6,5.1
401360352,CLE,3057198,25.0,11.3,11.6
401360352,CLE,3906786,3.0,0.3,0.0
401360352,CLE,3912848,9.0,0.8,0.0
401360352,CLE,4066328,37.0,21.4,17.1
401360352,CLE,4066336,31.0,3.4,2.0
401360352,CLE,4066405,16.0,1.7,1.5
401360352,CLE,4432158,36.0,17.4,14.0
401360352,CLE,4432822,31.0,8.7,10.5
401360353,LAC,3439,18.0,6.1,3.7
401360353,LAC,4238,17.0,5.0,5.5
401360353,LAC,6443,31.0,10.5,8.4
401360353,LAC,6462,38.0,14.0,12.4
401360353,LAC,3135047,18.0,8.6,5.3
401360353,LAC,3907823,37.0,15.8,13.2
401360353,LAC,3913174,40.0,13.3,13.5
401360353,LAC,4066387,28.0,12.6,11.4
401360353,LAC,4432192,14.0,2.4,3.4
401360353,TOR,2578240,19.0,6.6,5.8
401360353,TOR,2991230,39.0,24.5,22.4
401360353,TOR,3133602,12.0,2.9,2.6
401360353,TOR,3133838,13.0,-3.3,-2.8
401360353,TOR,3149673,40.0,24.8,17.7
401360353,TOR,3934719,36.0,22.4,18.7
401360353,TOR,3948153,23.0,7.0,6.4
401360353,TOR,4066668,5.0,2.0,1.7
401360353,TOR,4277843,31.0,3.4,3.2
401360353,TOR,4397885,3.0,-2.1,-1.7
401360353,TOR,4431679,9.0,4.0,3.7
401360353,TOR,4432907,10.0,2.7,2.8
401360354,MEM,2991235,26.0,14.2,12.5
401360354,MEM,2993874,24.0,-1.0,-1.4
401360354,MEM,3135046,29.0,16.6,13.8
401360354,MEM,3906665,23.0,16.2,13.2
401360354,MEM,4066303,6.0,-1.2,-0.7
401360354,MEM,4066320,31.0,8.0,5.9
401360354,MEM,4066651,24.0,11.4,7.5
401360354,MEM,4277961,31.0,9.6,4.6
401360354,MEM,4279888,32.0,29.6,28.5
401360354,MEM,4593125,13.0,2.3,1.7
401360354,SAS,3244,12.0,1.8,2.1
401360354,SAS,2528588,20.0,2.4,1.3
401360354,SAS,2994526,20.0,9.4,9.3
401360354,SAS,3078576,24.0,15.8,15.2
401360354,SAS,3134908,24.0,14.0,11.7
401360354,SAS,3136779,23.0,11.2,5.1
401360354,SAS,3146557,9.0,3.0,2.0
401360354,SAS,3914285,8.0,3.7,3.5
401360354,SAS,4277890,21.0,5.2,5.3
401360354,SAS,4395626,20.0,13.8,13.6
401360354,SAS,4395630,20.0,1.9,0.3
401360354,SAS,4395723,28.0,-3.0,-3.6
401360354,SAS,4397033,5.0,0.0,0.0
401360354,SAS,4702176,8.0,1.7,1.7
401360355,NYK,3986,23.0,3.1,-0.7
401360355,NYK,6429,24.0,7.5,6.0
401360355,NYK,6588,20.0,0.3,-1.9
401360355,NYK,4278075,15.0,3.6,3.3
401360355,NYK,4278355,27.0,2.8,1.8
401360355,NYK,4351852,25.0,10.4,7.1
401360355,NYK,4395625,36.0,16.2,12.5
401360355,NYK,4395724,26.0,3.4,2.9
401360355,NYK,4397014,19.0,1.0,0.6
401360355,NYK,4431823,24.0,1.1,1.6
401360355,OKC,4257,16.0,4.6,4.1
401360355,OKC,2490089,14.0,5.2,3.9
401360355,OKC,3058030,14.0,1.2,1.0
401360355,OKC,3133626,28.0,10.4,9.6
401360355,OKC,4065733,27.0,10.8,9.8
401360355,OKC,4066392,18.0,7.4,5.1
401360355,OKC,4278073,35.0,10.9,8.2
401360355,OKC,4397020,33.0,0.2,-1.2
401360355,OKC,4397183,26.0,12.2,9.7
401360355,OKC,4683018,17.0,5.3,4.0
401360355,OKC,4683027,12.0,4.0,4.1
401360356,MIN,3964,29.0,12.2,9.4
401360356,MIN,4260,16.0,2.1,1.3
401360356,MIN,2982268,9.0,1.3,1.0
401360356,MIN,3134916,11.0,3.3,0.7
401360356,MIN,3907822,31.0,15.5,14.4
401360356,MIN,4067325,19.0,4.9,4.7
401360356,MIN,4278077,22.0,5.7,3.0
401360356,MIN,4278541,18.0,4.1,4.9
401360356,MIN,4396971,15.0,7.1,6.1
401360356,MIN,4431671,33.0,6.3,6.0
401360356,MIN,4594268,32.0,12.4,13.9
401360356,MIN,4683025,5.0,4.1,4.1
401360356,UTA,3005,26.0,11.7,9.8
401360356,UTA,3593,34.0,17.4,15.1
401360356,UTA,4262,7.0,2.6,3.1
401360356,UTA,2528426,31.0,7.8,8.8
401360356,UTA,2583632,32.0,1.0,1.1
401360356,UTA,3032976,36.0,15.1,8.9
401360356,UTA,3908809,38.0,31.6,29.9
401360356,UTA,4065656,21.0,3.3,2.4
401360356,UTA,4066446,2.0,0.0,0.0
401360356,UTA,4066467,2.0,-0.4,0.0
401360356,UTA,4066851,2.0,-1.5,-0.7
401360356,UTA,4395695,8.0,3.0,2.0
401360357,LAL,1966,29.0,40.8,34.2
401360357,LAL,1975,21.0,12.2,10.7
401360357,LAL,2426,22.0,3.5,2.7
401360357,LAL,3468,30.0,19.1,14.0
401360357,LAL,3981,6.0,6.4,6.1
401360357,LAL,4240,25.0,4.9,3.7
401360357,LAL,6637,6.0,1.9,1.3
401360357,LAL,3134881,23.0,8.3,9.8
401360357,LAL,4066262,30.0,13.9,13.1
401360357,LAL,4066457,27.0,7.9,7.7
401360357,LAL,4396991,22.0,9.7,8.8
401360357,POR,6606,32.0,11.0,10.6
401360357,POR,2528353,14.0,4.9,5.4
401360357,POR,2578213,30.0,17.0,17.6
401360357,POR,2580365,26.0,13.0,11.9
401360357,POR,2595516,32.0,5.8,4.1
401360357,POR,4065697,24.0,5.0,2.1
401360357,POR,4066315,14.0,5.8,6.1
401360357,POR,4066486,4.0,-0.7,-0.7
401360357,POR,4395652,14.0,-1.9,-2.5
401360357,POR,4396959,26.0,5.5,4.7
401360357,POR,4397166,18.0,8.9,9.1
401360357,POR,4432161,7.0,-1.8,-2.4
401360358,MIL,3438,20.0,8.7,7.4
401360358,MIL,3995,33.0,19.6,15.3
401360358,MIL,4032,16.0,-2.8,-2.4
401360358,MIL,4258,18.0,2.6,1.3
401360358,MIL,2578239,29.0,10.2,7.1
401360358,MIL,2581177,12.0,-0.8,-1.4
401360358,MIL,3032977,32.0,34.6,29.7
401360358,MIL,3064482,21.0,8.6,8.7
401360358,MIL,3135045,31.0,11.5,10.0
401360358,MIL,4065650,3.0,0.9,0.0
401360358,MIL,4277883,19.0,18.9,18.9
401360358,MIL,4278580,3.0,2.7,2.7
401360358,MIL,4396972,3.0,2.0,1.4
401360358,NOP,4023,25.0,12.3,10.4
401360358,NOP,6621,14.0,10.9,7.8
401360358,NOP,2999409,20.0,7.8,7.0
401360358,NOP,3062679,36.0,12.4,9.9
401360358,NOP,3132042,17.0,5.4,4.1
401360358,NOP,3133601,30.0,9.1,7.6
401360358,NOP,4277813,35.0,13.3,7.8
401360358,NOP,4277869,3.0,-1.7,-1.7
401360358,NOP,4278039,27.0,-0.1,-0.4
401360358,NOP,4278594,3.0,-1.1,-1.4
401360358,NOP,4397077,28.0,20.7,20.0
401360358,NOP,4397688,3.0,1.0,1.0
401360359,DET,3056273,40.0,10.9,6.1
401360359,DET,3133637,7.0,-2.9,-2.4
401360359,DET,3945566,23.0,5.0,5.6
401360359,DET,4066399,13.0,1.2,1.0
401360359,DET,4080610,50.0,28.0,19.7
401360359,DET,4277951,40.0,17.4,16.5
401360359,DET,4278566,5.0,-0.7,-2.0
401360359,DET,4397136,47.0,11.5,7.2
401360359,DET,4423883,5.0,0.9,0.0
401360359,DET,4431686,36.0,15.9,16.2
401360359,SAS,2994526,35.0,18.3,16.6
401360359,SAS,3078576,42.0,16.9,16.6
401360359,SAS,3134908,36.0,11.3,9.5
401360359,SAS,3146557,17.0,7.9,7.1
401360359,SAS,3914285,3.0,-1.2,0.0
401360359,SAS,4395626,32.0,14.0,13.6
401360359,SAS,4395630,41.0,15.4,12.4
401360359,SAS,4395723,38.0,0.6,0.0
401360359,SAS,4397033,4.0,0.3,-0.7
401360359,SAS,4702176,15.0,-1.4,-2.8
401360360,CHI,3978,35.0,17.2,16.3
401360360,CHI,6478,35.0,14.3,11.5
401360360,CHI,3059311,12.0,-3.2,-2.8
401360360,CHI,3064440,38.0,22.8,22.1
401360360,CHI,3936099,28.0,9.5,7.4
401360360,CHI,4066367,3.0,1.3,0.7
401360360,CHI,4278508,30.0,2.7,1.7
401360360,CHI,4395651,38.0,16.5,16.5
401360360,CHI,4397002,21.0,4.6,3.7
401360360,WAS,6580,43.0,29.1,25.3
401360360,WAS,2581018,39.0,6.1,3.3
401360360,WAS,2581184,25.0,7.0,7.1
401360360,WAS,3134907,40.0,23.9,19.5
401360360,WAS,4067045,3.0,0.0,0.0
401360360,WAS,4278049,20.0,19.4,18.0
401360360,WAS,4278080,8.0,1.2,1.0
401360360,WAS,4280151,29.0,6.2,5.7
401360360,WAS,4683021,34.0,6.4,6.0
401360361,BKN,2983,21.0,5.2,2.7
401360361,BKN,3202,39.0,17.3,14.3
401360361,BKN,3989,7.0,-0.4,-0.7
401360361,BKN,3992,40.0,30.7,27.9
401360361,BKN,3999,28.0,6.3,6.2
401360361,BKN,4004,33.0,10.4,11.8
401360361,BKN,3062667,28.0,7.7,5.0
401360361,BKN,4065670,22.0,1.9,1.0
401360361,BKN,4278067,23.0,14.7,11.2
401360361,LAC,3439,22.0,2.9,1.0
401360361,LAC,4238,30.0,24.3,19.8
401360361,LAC,6443,33.0,14.9,13.4
401360361,LAC,2579321,16.0,8.5,7.7
401360361,LAC,3135047,26.0,11.4,8.7
401360361,LAC,3907823,34.0,13.2,13.0
401360361,LAC,3914075,18.0,0.5,0.6
401360361,LAC,4066264,14.0,4.2,5.3
401360361,LAC,4066387,32.0,16.2,13.5
401360361,LAC,4432192,15.0,1.4,1.0
401360362,DEN,6579,29.0,11.9,8.8
401360362,DEN,6617,33.0,1.2,1.3
401360362,DEN,2327577,21.0,9.7,9.5
401360362,DEN,2968334,34.0,28.7,22.2
401360362,DEN,3059262,15.0,5.1,4.1
401360362,DEN,3064290,21.0,11.8,10.0
401360362,DEN,3112335,25.0,18.9,16.8
401360362,DEN,3899009,3.0,0.6,1.4
401360362,DEN,3908819,22.0,3.6,3.4
401360362,DEN,4067735,2.0,-0.7,-0.7
401360362,DEN,4230557,15.0,10.2,9.5
401360362,DEN,4397102,20.0,8.3,8.1
401360362,HOU,2451037,27.0,4.1,3.0
401360362,HOU,3058254,8.0,-2.9,-2.8
401360362,HOU,3062744,23.0,8.2,5.1
401360362,HOU,3136777,22.0,0.9,2.7
401360362,HOU,4066450,22.0,4.5,5.1
401360362,HOU,4397140,16.0,6.7,6.8
401360362,HOU,4409222,15.0,9.0,7.8
401360362,HOU,4431828,31.0,14.3,12.6
401360362,HOU,4432168,23.0,0.4,-0.8
401360362,HOU,4432176,12.0,10.7,9.1
401360362,HOU,4437244,28.0,20.1,20.2
401360362,HOU,4871143,13.0,5.3,2.4
401360363,GSW,2386,24.0,17.2,16.1
401360363,GSW,3975,36.0,22.8,21.5
401360363,GSW,4269,12.0,1.5,0.7
401360363,GSW,2594922,36.0,25.3,20.8
401360363,GSW,3059319,38.0,15.1,13.5
401360363,GSW,3134903,28.0,10.1,8.0
401360363,GSW,3155535,31.0,9.4,9.3
401360363,GSW,4277956,17.0,3.4,4.0
401360363,GSW,4401416,12.0,1.8,0.7
401360363,GSW,4433247,6.0,0.7,1.0
401360363,UTA,3005,20.0,3.7,2.9
401360363,UTA,3195,28.0,5.7,4.2
401360363,UTA,3593,35.0,14.9,12.4
401360363,UTA,2528426,24.0,11.2,11.1
401360363,UTA,2583632,36.0,12.9,13.5
401360363,UTA,2968436,26.0,-1.7,-1.1
401360363,UTA,3032976,35.0,22.1,20.1
401360363,UTA,3908809,36.0,14.8,12.9
401360364,NYK,3986,30.0,5.2,4.5
401360364,NYK,6429,27.0,12.3,7.7
401360364,NYK,6588,26.0,10.8,11.6
401360364,NYK,4278075,18.0,4.5,3.7
401360364,NYK,4278355,45.0,19.0,16.3
401360364,NYK,4395625,29.0,9.9,8.9
401360364,NYK,4395724,28.0,3.4,4.1
401360364,NYK,4397014,22.0,12.8,9.6
401360364,NYK,4431823,15.0,-1.9,-0.7
401360364,TOR,2578240,19.0,5.4,4.8
401360364,TOR,2991230,31.0,32.3,31.0
401360364,TOR,3133602,10.0,1.3,1.7
401360364,TOR,3133838,10.0,1.4,1.6
401360364,TOR,3149673,35.0,16.6,13.5
401360364,TOR,3934719,30.0,10.9,8.6
401360364,TOR,3948153,21.0,12.9,8.7
401360364,TOR,4066668,5.0,-0.7,-0.7
401360364,TOR,4277843,20.0,1.1,2.3
401360364,TOR,4397215,2.0,1.7,1.7
401360364,TOR,4397885,5.0,-2.4,-2.4
401360364,TOR,4431679,18.0,1.0,0.1
401360364,TOR,4432907,5.0,4.3,5.1
401360364,TOR,4433134,30.0,6.4,4.6
401360365,BOS,3213,34.0,9.9,5.4
401360365,BOS,2581190,32.0,5.5,5.1
401360365,BOS,2990992,44.0,16.3,14.1
401360365,BOS,3032979,40.0,17.2,16.1
401360365,BOS,3056600,7.0,-1.2,-1.7
401360365,BOS,3917376,46.0,36.8,32.7
401360365,BOS,4065804,6.0,0.0,0.0
401360365,BOS,4066218,39.0,1.5,1.0
401360365,BOS,4066354,13.0,-0.8,-1.4
401360365,BOS,4277952,4.0,1.7,1.7
401360365,ORL,6619,35.0,28.0,23.8
401360365,ORL,2488945,39.0,10.1,10.2
401360365,ORL,2999547,43.0,15.2,13.0
401360365,ORL,3150844,2.0,1.7,1.7
401360365,ORL,3918423,18.0,-3.7,-2.8
401360365,ORL,4066221,16.0,0.5,1.4
401360365,ORL,4277847,41.0,14.0,10.4
401360365,ORL,4277919,18.0,5.7,2.6
401360365,ORL,4397205,7.0,-1.4,-3.1
401360365,ORL,4566434,34.0,6.0,4.5
401360365,ORL,4590530,12.0,2.3,1.7
401360366,CLE,3449,29.0,18.5,16.5
401360366,CLE,2583962,27.0,6.3,5.4
401360366,CLE,3057198,26.0,2.6,1.1
401360366,CLE,3912848,14.0,5.7,4.1
401360366,CLE,4066328,32.0,17.1,13.4
401360366,CLE,4066336,34.0,9.5,8.4
401360366,CLE,4066405,31.0,11.2,10.0
401360366,CLE,4432158,35.0,18.1,16.9
401360366,CLE,4432822,12.0,4.4,2.4
401360366,IND,4244,13.0,3.9,4.4
401360366,IND,2284101,37.0,14.7,14.5
401360366,IND,2528693,21.0,-1.8,-2.8
401360366,IND,2596247,35.0,6.1,5.1
401360366,IND,2982340,8.0,-1.5,-1.7
401360366,IND,3133628,37.0,11.3,7.7
401360366,IND,3155942,39.0,31.2,27.7
401360366,IND,4278031,16.0,3.3,2.7
401360366,IND,4397235,34.0,11.0,11.0
401360367,MIA,3012,36.0,17.4,15.7
401360367,MIA,6430,36.0,13.7,12.8
401360367,MIA,2991042,13.0,3.0,3.0
401360367,MIA,3074213,35.0,19.8,17.0
401360367,MIA,3138160,33.0,13.4,11.1
401360367,MIA,3923253,13.0,4.6,4.8
401360367,MIA,4065730,24.0,5.5,5.4
401360367,MIA,4291678,15.0,0.6,0.0
401360367,MIA,4395725,35.0,9.9,9.9
401360367,SAC,6474,2.0,-2.1,-1.7
401360367,SAC,6578,30.0,4.5,2.7
401360367,SAC,6591,5.0,-1.4,-1.0
401360367,SAC,2596107,17.0,2.5,2.8
401360367,SAC,2990984,33.0,19.1,18.1
401360367,SAC,3064559,29.0,16.1,14.1
401360367,SAC,3914283,15.0,6.3,5.8
401360367,SAC,4066259,35.0,22.0,19.4
401360367,SAC,4277848,20.0,2.1,2.3
401360367,SAC,4278053,19.0,9.8,9.8
401360367,SAC,4396993,35.0,12.9,12.7
401360368,CHA,4249,22.0,9.8,8.1
401360368,CHA,4305,25.0,12.9,11.0
401360368,CHA,2488653,18.0,1.8,0.3
401360368,CHA,3074752,25.0,1.9,1.5
401360368,CHA,3133603,21.0,10.4,9.1
401360368,CHA,3138161,23.0,3.2,1.0
401360368,CHA,4066383,26.0,8.2,6.4
401360368,CHA,4066731,20.0,6.6,4.0
401360368,CHA,4278076,16.0,7.5,4.7
401360368,CHA,4431699,4.0,0.9,0.6
401360368,CHA,4431712,12.0,-0.7,-0.3
401360368,CHA,4432816,23.0,10.7,9.5
401360368,CHA,4702233,6.0,2.7,1.0
401360368,PHX,2779,26.0,16.2,14.2
401360368,PHX,6427,18.0,13.5,10.9
401360368,PHX,2583639,14.0,5.5,3.0
401360368,PHX,3059307,9.0,-0.2,1.0
401360368,PHX,3062842,5.0,1.6,0.7
401360368,PHX,3064230,23.0,12.8,9.5
401360368,PHX,3136193,29.0,13.9,13.4
401360368,PHX,3138196,30.0,12.4,12.5
401360368,PHX,3147657,25.0,12.3,10.8
401360368,PHX,3914044,24.0,16.4,13.2
401360368,PHX,4277854,8.0,0.5,-1.4
401360368,PHX,4355392,6.0,-0.2,-0.9
401360368,PHX,4397189,24.0,16.1,12.8
401360369,DAL,2528210,24.0,10.3,10.1
401360369,DAL,2528779,27.0,8.3,4.7
401360369,DAL,2531367,25.0,8.9,7.8
401360369,DAL,2578185,30.0,4.6,2.5
401360369,DAL,2960236,24.0,6.8,4.7
401360369,DAL,3057187,10.0,1.9,0.4
401360369,DAL,3907487,14.0,12.4,11.8
401360369,DAL,3934672,29.0,9.8,8.9
401360369,DAL,3945274,31.0,9.9,6.6
401360369,DAL,4397126,8.0,2.5,1.6
401360369,DAL,4432811,17.0,1.6,-0.7
401360369,OKC,4257,13.0,6.0,4.4
401360369,OKC,2490089,15.0,0.6,-1.4
401360369,OKC,3133626,19.0,3.4,2.2
401360369,OKC,3914639,9.0,1.2,0.3
401360369,OKC,4065733,30.0,4.4,4.3
401360369,OKC,4066392,20.0,11.4,11.9
401360369,OKC,4397183,37.0,3.4,2.6
401360369,OKC,4683018,29.0,5.1,3.3
401360369,OKC,4683027,32.0,6.0,3.5
401360369,OKC,4871145,36.0,23.3,16.1
401360370,LAL,1966,39.0,24.6,19.6
401360370,LAL,1975,29.0,12.0,11.1
401360370,LAL,2426,12.0,2.0,1.7
401360370,LAL,3468,33.0,5.9,5.3
401360370,LAL,4240,28.0,16.6,11.8
401360370,LAL,3134881,21.0,1.7,0.6
401360370,LAL,4066262,33.0,16.1,14.1
401360370,LAL,4066457,22.0,4.3,3.1
401360370,LAL,4396991,23.0,3.4,2.0
401360370,MIN,3964,31.0,11.2,8.6
401360370,MIN,2990962,11.0,0.2,-0.4
401360370,MIN,3134916,6.0,2.1,2.1
401360370,MIN,3907822,37.0,6.5,5.5
401360370,MIN,4067325,12.0,5.0,3.7
401360370,MIN,4278077,32.0,6.6,3.1
401360370,MIN,4278541,22.0,14.6,13.2
401360370,MIN,4396971,30.0,16.8,16.6
401360370,MIN,4431671,22.0,3.6,3.8
401360370,MIN,4594268,38.0,4.9,2.9
401360371,HOU,3415,16.0,2.2,1.6
401360371,HOU,3431,29.0,7.7,6.5
401360371,HOU,2451037,34.0,0.7,-0.2
401360371,HOU,3062744,23.0,14.9,12.6
401360371,HOU,3136777,28.0,13.5,11.4
401360371,HOU,3913180,30.0,17.8,17.7
401360371,HOU,4409222,3.0,3.4,3.4
401360371,HOU,4431828,26.0,11.8,11.3
401360371,HOU,4432168,21.0,13.9,10.7
401360371,HOU,4432176,3.0,-1.0,-1.3
401360371,HOU,4437244,27.0,2.9,2.4
401360371,PHI,3988,23.0,4.6,4.4
401360371,PHI,6440,35.0,12.4,11.2
401360371,PHI,6585,17.0,11.3,8.5
401360371,PHI,2326307,30.0,9.5,8.8
401360371,PHI,2990969,18.0,5.0,5.0
401360371,PHI,3059318,30.0,30.5,25.9
401360371,PHI,3915195,21.0,3.4,2.3
401360371,PHI,3929325,36.0,25.9,22.3
401360371,PHI,4278562,6.0,2.2,1.0
401360371,PHI,4395702,21.0,15.2,14.8
401360371,PHI,4397209,2.0,-0.3,-1.0
401360371,PHI,4397886,2.0,1.3,1.7
401360372,CHA,4249,38.0,23.2,20.2
401360372,CHA,4305,13.0,-0.9,-0.1
401360372,CHA,2488653,27.0,15.2,13.8
401360372,CHA,3074752,32.0,20.5,17.8
401360372,CHA,3133603,12.0,3.5,2.3
401360372,CHA,3138161,24.0,5.1,3.6
401360372,CHA,4066383,42.0,24.4,17.9
401360372,CHA,4066731,20.0,8.3,4.8
401360372,CHA,4432816,31.0,5.5,6.2
401360372,WAS,6426,21.0,11.1,11.4
401360372,WAS,6580,43.0,27.2,25.9
401360372,WAS,2581018,31.0,-4.8,-5.3
401360372,WAS,3134907,41.0,28.2,24.3
401360372,WAS,4067045,6.0,0.5,-0.7
401360372,WAS,4278049,36.0,19.7,15.6
401360372,WAS,4280151,23.0,12.4,11.8
401360372,WAS,4683021,40.0,9.1,5.1
401360373,BKN,3202,31.0,19.8,14.2
401360373,BKN,3989,14.0,9.6,8.1
401360373,BKN,3992,32.0,14.7,12.8
401360373,BKN,3999,23.0,1.0,0.0
401360373,BKN,4004,30.0,-4.9,-4.5
401360373,BKN,3062667,22.0,8.0,7.2
401360373,BKN,3133635,9.0,3.3,3.0
401360373,BKN,4065670,23.0,15.6,10.9
401360373,BKN,4278067,25.0,12.5,10.4
401360373,BKN,4397107,9.0,-1.8,-1.4
401360373,BKN,4432174,12.0,6.6,6.1
401360373,BKN,4432194,9.0,4.7,5.8
401360373,MEM,2991235,27.0,10.8,9.1
401360373,MEM,3135046,19.0,15.4,13.2
401360373,MEM,3136991,1.0,-0.7,-0.7
401360373,MEM,3906665,25.0,17.6,17.1
401360373,MEM,3913220,1.0,-0.7,-0.7
401360373,MEM,4066303,1.0,0.0,0.0
401360373,MEM,4066320,37.0,19.9,17.4
401360373,MEM,4066378,1.0,0.3,-0.7
401360373,MEM,4066651,16.0,-2.5,-3.8
401360373,MEM,4277928,30.0,8.6,6.3
401360373,MEM,4277961,25.0,-1.2,-3.6
401360373,MEM,4278116,7.0,-0.2,-0.1
401360373,MEM,4279888,34.0,29.8,28.6
401360373,MEM,4593125,17.0,3.5,1.0
401360374,CHI,3978,36.0,13.7,13.3
401360374,CHI,6478,36.0,12.3,6.0
401360374,CHI,2530923,7.0,0.3,0.0
401360374,CHI,3064440,34.0,15.0,13.9
401360374,CHI,3936099,21.0,8.3,7.5
401360374,CHI,4066421,32.0,5.4,1.4
401360374,CHI,4278508,20.0,9.3,4.8
401360374,CHI,4395651,35.0,13.4,12.5
401360374,CHI,4397002,19.0,0.5,0.7
401360374,ORL,6619,29.0,7.3,6.9
401360374,ORL,2488945,18.0,0.2,0.1
401360374,ORL,2999547,33.0,11.9,10.0
401360374,ORL,3918423,18.0,3.2,2.4
401360374,ORL,4066221,13.0,4.1,4.1
401360374,ORL,4277847,35.0,17.1,13.1
401360374,ORL,4277886,11.0,2.0,0.0
401360374,ORL,4277919,23.0,1.2,-0.1
401360374,ORL,4566434,28.0,18.9,17.9
401360374,ORL,4590530,32.0,4.8,5.0
401360375,DET,3136196,34.0,8.2,6.7
401360375,DET,3945566,23.0,2.7,1.8
401360375,DET,4066297,20.0,22.0,21.3
401360375,DET,4066399,2.0,0.3,0.0
401360375,DET,4080610,32.0,9.6,7.7
401360375,DET,4277951,15.0,-0.2,1.1
401360375,DET,4278124,14.0,4.6,3.1
401360375,DET,4397136,39.0,28.6,25.2
401360375,DET,4432166,37.0,12.3,12.3
401360375,DET,4683024,24.0,3.5,2.7
401360375,MIL,3438,25.0,5.2,1.3
401360375,MIL,3995,35.0,25.1,22.6
401360375,MIL,4032,19.0,3.0,2.7
401360375,MIL,4258,14.0,7.9,6.7
401360375,MIL,6609,28.0,5.0,4.3
401360375,MIL,2578239,22.0,1.5,1.3
401360375,MIL,2581177,4.0,0.7,0.7
401360375,MIL,3032977,36.0,24.6,21.7
401360375,MIL,3064482,30.0,9.8,7.7
401360375,MIL,3135045,27.0,3.2,0.6
401360376,NOP,4023,19.0,1.4,1.3
401360376,NOP,6477,30.0,18.5,18.2
401360376,NOP,2999409,5.0,4.8,3.8
401360376,NOP,3062679,37.0,11.9,10.0
401360376,NOP,3132042,7.0,3.3,3.4
401360376,NOP,3133601,31.0,7.1,7.0
401360376,NOP,3913176,31.0,3.8,3.1
401360376,NOP,4277813,30.0,12.7,7.8
401360376,NOP,4277869,12.0,-0.7,-0.2
401360376,NOP,4278039,24.0,4.4,2.6
401360376,NOP,4397077,13.0,9.0,8.1
401360376,UTA,3005,21.0,5.4,6.4
401360376,UTA,3195,30.0,21.3,19.6
401360376,UTA,3593,35.0,12.0,11.9
401360376,UTA,2528426,24.0,8.2,8.0
401360376,UTA,2583632,29.0,3.4,4.1
401360376,UTA,2968436,26.0,2.9,2.8
401360376,UTA,3032976,37.0,11.7,7.0
401360376,UTA,3908809,34.0,22.0,18.6
401360376,UTA,4065656,4.0,1.3,0.7
401360377,DAL,2528210,22.0,3.2,0.9
401360377,DAL,2528779,29.0,11.2,10.0
401360377,DAL,2531367,27.0,14.7,13.5
401360377,DAL,2578185,18.0,6.4,6.1
401360377,DAL,2960236,31.0,10.9,7.4
401360377,DAL,3057187,10.0,5.0,5.4
401360377,DAL,3138154,2.0,-0.7,-0.7
401360377,DAL,3907487,16.0,0.9,1.0
401360377,DAL,3934672,34.0,8.1,5.6
401360377,DAL,3945274,34.0,22.3,17.9
401360377,DAL,4230547,2.0,0.7,0.7
401360377,DAL,4432811,17.0,1.5,2.4
401360377,DEN,6579,32.0,3.4,3.1
401360377,DEN,6617,19.0,-4.6,-4.1
401360377,DEN,2327577,11.0,4.9,5.0
401360377,DEN,2968334,33.0,6.7,5.7
401360377,DEN,3059262,26.0,0.1,1.0
401360377,DEN,3064290,33.0,12.4,9.0
401360377,DEN,3112335,35.0,25.1,20.7
401360377,DEN,3899009,2.0,2.3,2.0
401360377,DEN,3908819,4.0,3.9,3.3
401360377,DEN,4067735,2.0,1.7,1.7
401360377,DEN,4230557,11.0,-1.1,-0.3
401360377,DEN,4397102,6.0,2.7,2.4
401360377,DEN,4592492,25.0,-0.9,-0.8
401360378,GSW,3975,32.0,3.7,3.3
401360378,GSW,4269,11.0,5.9,5.7
401360378,GSW,6589,36.0,14.8,10.8
401360378,GSW,2594922,19.0,9.7,7.8
401360378,GSW,2595209,11.0,3.2,2.7
401360378,GSW,3059319,34.0,19.3,15.9
401360378,GSW,3134903,30.0,14.6,8.4
401360378,GSW,3155535,25.0,4.5,3.8
401360378,GSW,4277956,26.0,26.4,26.6
401360378,GSW,4401416,9.0,2.9,2.0
401360378,GSW,4433247,7.0,2.6,1.0
401360378,MIA,3012,39.0,9.4,9.2
401360378,MIA,3033,28.0,5.6,4.7
401360378,MIA,6430,28.0,17.8,17.2
401360378,MIA,3074213,33.0,7.0,0.6
401360378,MIA,3138160,36.0,16.9,13.9
401360378,MIA,3923253,10.0,6.9,6.4
401360378,MIA,4065730,25.0,9.2,9.0
401360378,MIA,4395725,42.0,5.3,4.5
401360379,ATL,2799,11.0,-1.5,-1.0
401360379,ATL,3428,35.0,2.1,0.6
401360379,ATL,3064447,32.0,11.3,8.1
401360379,ATL,3102529,32.0,21.4,20.6
401360379,ATL,3893019,19.0,4.4,5.1
401360379,ATL,4066269,22.0,2.8,1.0
401360379,ATL,4066372,37.0,8.4,9.4
401360379,ATL,4277905,37.0,51.6,51.1
401360379,ATL,4431680,16.0,9.0,8.5
401360379,POR,2490620,24.0,7.4,3.0
401360379,POR,2578213,22.0,4.6,5.0
401360379,POR,2580365,35.0,3.7,3.8
401360379,POR,2595516,36.0,26.3,21.6
401360379,POR,3102530,26.0,17.3,15.8
401360379,POR,4065697,12.0,3.1,2.4
401360379,POR,4351851,39.0,36.1,36.4
401360379,POR,4395652,36.0,20.3,18.2
401360379,POR,4431675,10.0,5.0,4.4
401360380,LAC,3439,20.0,15.9,14.3
401360380,LAC,4238,22.0,-2.9,-4.0
401360380,LAC,6443,21.0,-1.6,-2.8
401360380,LAC,6462,24.0,8.3,7.7
401360380,LAC,2579321,12.0,8.0,7.8
401360380,LAC,3135047,22.0,13.4,9.9
401360380,LAC,3907823,25.0,6.4,5.5
401360380,LAC,3914075,26.0,15.0,9.8
401360380,LAC,4066264,16.0,0.9,0.3
401360380,LAC,4066387,29.0,6.7,6.0
401360380,LAC,4432192,17.0,6.2,4.6
401360380,LAC,4683023,7.0,4.3,3.3
401360380,MIN,3964,21.0,15.1,12.6
401360380,MIN,2990962,23.0,15.6,12.9
401360380,MIN,3134916,4.0,3.1,3.1
401360380,MIN,3907822,20.0,6.9,7.0
401360380,MIN,4065663,11.0,1.2,-0.4
401360380,MIN,4067325,13.0,2.3,2.8
401360380,MIN,4278077,28.0,9.6,6.8
401360380,MIN,4278541,28.0,3.8,1.7
401360380,MIN,4396971,25.0,12.1,9.9
401360380,MIN,4431671,29.0,15.4,15.6
401360380,MIN,4594268,33.0,21.2,19.3
401360380,MIN,4683025,4.0,-0.8,-0.7
401360381,CLE,3449,29.0,10.7,8.9
401360381,CLE,3057198,18.0,-0.4,-1.1
401360381,CLE,3906786,19.0,5.4,5.8
401360381,CLE,3912848,5.0,-0.7,-1.0
401360381,CLE,4066328,34.0,25.1,20.1
401360381,CLE,4066336,36.0,11.8,10.5
401360381,CLE,4066405,25.0,-0.5,-0.0
401360381,CLE,4396907,36.0,20.4,20.5
401360381,CLE,4432158,38.0,13.3,10.3
401360381,MEM,2991235,33.0,11.0,8.9
401360381,MEM,3135046,25.0,8.7,7.8
401360381,MEM,3906665,25.0,13.8,9.4
401360381,MEM,4066320,35.0,12.6,10.2
401360381,MEM,4066651,17.0,1.5,0.6
401360381,MEM,4277928,16.0,-0.1,0.2
401360381,MEM,4277961,30.0,14.0,14.4
401360381,MEM,4279888,34.0,21.2,16.7
401360381,MEM,4433137,14.0,6.3,6.7
401360381,MEM,4593125,13.0,1.2,1.0
401360382,SAS,2994526,21.0,0.1,-0.0
401360382,SAS,3078576,22.0,10.7,8.4
401360382,SAS,3134908,23.0,17.9,15.5
401360382,SAS,3136779,16.0,4.9,4.4
401360382,SAS,3146557,22.0,-2.3,-1.0
401360382,SAS,3914285,12.0,6.6,4.8
401360382,SAS,3952343,6.0,0.2,0.0
401360382,SAS,4395626,23.0,1.2,0.3
401360382,SAS,4395630,28.0,7.8,9.1
401360382,SAS,4395723,29.0,-1.1,-1.4
401360382,SAS,4397033,12.0,11.8,10.8
401360382,SAS,4702176,28.0,13.3,11.4
401360382,TOR,2578240,19.0,2.5,-0.3
401360382,TOR,2991230,32.0,29.2,27.3
401360382,TOR,3149673,28.0,14.2,12.8
401360382,TOR,3934719,31.0,11.4,8.0
401360382,TOR,3948153,19.0,6.3,2.2
401360382,TOR,4066668,6.0,-0.4,0.0
401360382,TOR,4277843,32.0,15.7,14.1
401360382,TOR,4348697,4.0,0.6,-0.7
401360382,TOR,4397885,6.0,0.6,0.0
401360382,TOR,4431679,19.0,8.8,6.9
401360382,TOR,4432907,13.0,13.8,13.2
401360382,TOR,4433134,33.0,15.5,13.3
401360383,IND,4244,17.0,1.8,2.4
401360383,IND,2284101,20.0,-2.1,-0.8
401360383,IND,2528693,26.0,15.7,14.9
401360383,IND,2596247,38.0,18.6,17.5
401360383,IND,2982340,16.0,7.3,6.0
401360383,IND,3133628,33.0,4.6,3.4
401360383,IND,3155942,39.0,9.3,8.4
401360383,IND,4278031,15.0,2.2,2.3
401360383,IND,4397235,37.0,8.4,6.8
401360383,NYK,3986,23.0,2.3,3.7
401360383,NYK,6429,36.0,12.3,8.6
401360383,NYK,6588,22.0,-1.9,-1.7
401360383,NYK,3064514,39.0,25.2,19.8
401360383,NYK,4278355,9.0,2.0,2.4
401360383,NYK,4351852,25.0,8.9,8.9
401360383,NYK,4395625,42.0,25.1,23.5
401360383,NYK,4395724,22.0,5.3,5.9
401360383,NYK,4397014,20.0,2.5,2.7
401360383,NYK,4431823,3.0,-0.7,-0.7
401360384,NOP,4023,20.0,4.7,4.1
401360384,NOP,6477,35.0,19.2,17.2
401360384,NOP,3062679,37.0,14.7,13.9
401360384,NOP,3132042,7.0,2.7,1.4
401360384,NOP,3133601,36.0,21.6,21.8
401360384,NOP,3913176,33.0,4.7,3.8
401360384,NOP,4277813,34.0,12.0,10.2
401360384,NOP,4277869,10.0,2.8,1.2
401360384,NOP,4278039,15.0,2.6,2.0
401360384,NOP,4397077,13.0,4.2,3.0
401360384,PHX,2779,35.0,13.9,12.8
401360384,PHX,6427,29.0,19.8,16.5
401360384,PHX,2583639,12.0,1.3,0.6
401360384,PHX,3059307,8.0,4.6,3.4
401360384,PHX,3064230,21.0,2.6,2.4
401360384,PHX,3136193,32.0,23.3,22.5
401360384,PHX,3138156,8.0,-1.5,-1.7
401360384,PHX,3138196,35.0,16.4,13.0
401360384,PHX,3147657,42.0,17.6,16.8
401360384,PHX,4397189,16.0,9.4,9.1
401360385,LAL,1966,36.0,20.5,20.1
401360385,LAL,1975,17.0,5.1,5.4
401360385,LAL,2384,22.0,17.9,15.0
401360385,LAL,2426,18.0,0.9,-0.7
401360385,LAL,3468,34.0,12.5,10.1
401360385,LAL,4240,21.0,7.4,6.8
401360385,LAL,4066262,37.0,20.6,18.4
401360385,LAL,4066457,22.0,0.2,0.0
401360385,LAL,4396991,33.0,18.1,16.0
401360385,SAC,6578,31.0,13.0,12.4
401360385,SAC,6591,17.0,5.3,4.1
401360385,SAC,2596107,18.0,9.0,8.3
401360385,SAC,2990984,33.0,21.2,18.7
401360385,SAC,3064559,29.0,7.7,9.5
401360385,SAC,4066259,33.0,20.4,20.3
401360385,SAC,4277848,24.0,2.5,0.0
401360385,SAC,4278053,21.0,3.4,2.7
401360385,SAC,4396993,35.0,6.7,5.5
401360386,CHA,4249,26.0,17.5,15.9
401360386,CHA,4305,6.0,2.0,2.1
401360386,CHA,2488653,19.0,5.8,5.1
401360386,CHA,3074752,29.0,15.8,15.6
401360386,CHA,3133603,24.0,26.5,24.8
401360386,CHA,3138161,18.0,4.3,4.1
401360386,CHA,4066383,26.0,16.2,15.7
401360386,CHA,4066731,22.0,9.0,7.9
401360386,CHA,4278076,4.0,6.3,4.7
401360386,CHA,4278078,24.0,11.0,9.0
401360386,CHA,4431699,4.0,-0.4,0.0
401360386,CHA,4431712,4.0,1.0,1.0
401360386,CHA,4432816,30.0,13.2,9.9
401360386,CHA,4702233,4.0,-1.4,-1.0
401360386,DET,2488826,21.0,6.9,4.7
401360386,DET,3136196,24.0,12.1,11.0
401360386,DET,3945566,25.0,1.8,2.0
401360386,DET,4066297,25.0,11.0,8.6
401360386,DET,4066399,16.0,8.2,7.1
401360386,DET,4080610,24.0,7.1,6.7
401360386,DET,4277951,8.0,2.2,2.3
401360386,DET,4278124,19.0,9.4,7.1
401360386,DET,4397136,27.0,4.7,3.2
401360386,DET,4432166,26.0,11.9,10.9
401360386,DET,4683024,24.0,10.2,8.1
401360387,ORL,6619,27.0,11.0,10.1
401360387,ORL,2488945,17.0,2.4,1.4
401360387,ORL,2999547,35.0,1.0,3.0
401360387,ORL,4277847,23.0,10.1,10.7
401360387,ORL,4277886,16.0,1.0,-1.0
401360387,ORL,4277919,28.0,17.5,14.6
401360387,ORL,4278052,21.0,4.2,2.3
401360387,ORL,4432809,26.0,19.7,18.0
401360387,ORL,4566434,29.0,9.2,7.1
401360387,ORL,4590530,18.0,-4.3,-3.4
401360387,PHI,3988,24.0,-0.8,-1.4
401360387,PHI,6440,44.0,17.0,12.1
401360387,PHI,6585,18.0,16.7,13.6
401360387,PHI,2326307,42.0,20.4,18.1
401360387,PHI,2990969,29.0,8.2,7.7
401360387,PHI,3059318,33.0,18.8,18.1
401360387,PHI,3929325,40.0,12.7,10.6
401360387,PHI,4065816,3.0,-0.8,0.0
401360387,PHI,4395702,7.0,3.3,2.7
401360388,HOU,3431,32.0,14.4,13.8
401360388,HOU,3058254,34.0,22.2,17.6
401360388,HOU,3062744,11.0,4.5,2.7
401360388,HOU,3136777,32.0,4.7,4.6
401360388,HOU,3913180,26.0,-0.4,-0.1
401360388,HOU,4397140,35.0,6.8,1.5
401360388,HOU,4431828,22.0,5.2,6.0
401360388,HOU,4432168,14.0,7.4,6.5
401360388,HOU,4437244,34.0,13.6,12.6
401360388,WAS,6426,9.0,0.2,-2.7
401360388,WAS,6580,30.0,14.8,14.3
401360388,WAS,2581018,40.0,24.2,19.2
401360388,WAS,2968361,32.0,12.7,13.6
401360388,WAS,2991312,2.0,-0.8,0.0
401360388,WAS,3134907,44.0,13.4,11.6
401360388,WAS,4278049,20.0,6.0,4.4
401360388,WAS,4280151,32.0,4.6,3.7
401360388,WAS,4683021,33.0,2.1,1.1
401360389,BOS,3213,27.0,6.6,4.1
401360389,BOS,2581190,21.0,7.9,5.4
401360389,BOS,2990992,33.0,17.8,14.3
401360389,BOS,3032979,26.0,9.9,9.1
401360389,BOS,3917376,35.0,18.7,14.6
401360389,BOS,4065648,38.0,14.1,11.6
401360389,BOS,4066211,32.0,9.0,5.9
401360389,BOS,4066218,22.0,-0.7,-1.0
401360389,BOS,4397008,8.0,0.6,0.0
401360389,SAS,2994526,23.0,2.4,2.9
401360389,SAS,3078576,31.0,8.9,7.7
401360389,SAS,3134908,35.0,10.3,5.8
401360389,SAS,3136779,25.0,7.2,6.2
401360389,SAS,3146557,13.0,3.0,3.1
401360389,SAS,3907497,33.0,22.2,17.5
401360389,SAS,4395626,9.0,1.9,1.0
401360389,SAS,4395630,32.0,9.6,8.0
401360389,SAS,4395723,33.0,9.5,7.7
401360389,SAS,4702176,6.0,-0.3,-0.3
401360390,BKN,2983,16.0,9.8,9.2
401360390,BKN,3202,41.0,32.7,30.8
401360390,BKN,3989,5.0,0.6,0.0
401360390,BKN,3992,40.0,15.3,14.0
401360390,BKN,3999,9.0,5.4,5.1
401360390,BKN,4004,35.0,8.3,6.1
401360390,BKN,6442,32.0,17.9,14.5
401360390,BKN,3062667,20.0,16.1,11.9
401360390,BKN,4278067,23.0,12.1,10.5
401360390,BKN,4397107,18.0,0.4,0.0
401360390,IND,4244,32.0,22.8,22.7
401360390,IND,2284101,26.0,0.1,-0.2
401360390,IND,2596247,40.0,15.2,15.9
401360390,IND,2982340,7.0,-1.9,-0.7
401360390,IND,3133628,31.0,15.0,9.7
401360390,IND,3155942,38.0,29.9,28.5
401360390,IND,3948144,1.0,1.7,1.7
401360390,IND,4278031,26.0,9.2,7.8
401360390,IND,4279815,1.0,0.7,0.7
401360390,IND,4396629,1.0,0.0,0.0
401360390,IND,4397235,37.0,1.3,1.2
401360391,DAL,2528210,25.0,8.5,6.3
401360391,DAL,2528779,27.0,5.1,4.0
401360391,DAL,2531367,20.0,11.2,9.8
401360391,DAL,2578185,37.0,12.4,9.6
401360391,DAL,2960236,35.0,1.2,-1.8
401360391,DAL,3057187,15.0,4.9,3.7
401360391,DAL,3138154,1.0,0.7,0.7
401360391,DAL,3907487,4.0,2.2,2.7
401360391,DAL,3934672,34.0,6.5,6.3
401360391,DAL,3945274,34.0,18.7,15.0
401360391,DAL,4230547,1.0,2.7,2.7
401360391,DAL,4432811,5.0,-0.1,0.7
401360391,GSW,3975,36.0,-0.1,-2.7
401360391,GSW,4269,14.0,2.9,1.7
401360391,GSW,6589,32.0,0.2,-2.6
401360391,GSW,2595209,19.0,5.1,4.3
401360391,GSW,3059319,33.0,14.9,12.3
401360391,GSW,3134903,24.0,15.9,12.0
401360391,GSW,3137795,2.0,0.0,0.0
401360391,GSW,3155535,21.0,5.2,3.4
401360391,GSW,3907358,2.0,1.7,1.7
401360391,GSW,4277956,24.0,1.5,1.7
401360391,GSW,4401416,20.0,9.4,7.4
401360391,GSW,4432171,2.0,0.0,0.0
401360391,GSW,4433247,12.0,0.3,0.9
401360392,MIL,3995,37.0,12.4,7.5
401360392,MIL,4032,29.0,6.7,6.7
401360392,MIL,4258,20.0,16.3,10.0
401360392,MIL,6609,34.0,18.8,16.8
401360392,MIL,2581177,25.0,8.0,7.7
401360392,MIL,3064482,22.0,6.8,6.3
401360392,MIL,4277883,40.0,11.3,9.7
401360392,MIL,4278580,23.0,8.8,5.2
401360392,MIL,4396972,11.0,-1.7,-1.7
401360392,TOR,2578240,14.0,2.2,-0.3
401360392,TOR,2991230,39.0,14.5,11.7
401360392,TOR,3149673,42.0,24.8,21.5
401360392,TOR,3934719,35.0,15.2,15.0
401360392,TOR,3948153,15.0,1.1,0.6
401360392,TOR,4277843,31.0,15.5,14.7
401360392,TOR,4431679,16.0,8.9,7.1
401360392,TOR,4432907,11.0,6.7,5.8
401360392,TOR,4433134,38.0,2.2,2.0
401360393,MIN,3964,26.0,19.6,18.2
401360393,MIN,2990962,10.0,-2.9,-3.8
401360393,MIN,3136195,37.0,12.5,9.5
401360393,MIN,3136776,30.0,-0.5,-2.1
401360393,MIN,3907822,18.0,-4.0,-5.9
401360393,MIN,4278077,30.0,9.7,5.8
401360393,MIN,4278541,23.0,15.8,15.3
401360393,MIN,4396971,11.0,3.2,-0.1
401360393,MIN,4431671,21.0,7.3,7.0
401360393,MIN,4594268,32.0,18.4,13.7
401360393,OKC,2490089,16.0,7.7,3.2
401360393,OKC,3133626,25.0,13.7,8.9
401360393,OKC,4065733,9.0,4.7,5.5
401360393,OKC,4278073,38.0,9.0,10.0
401360393,OKC,4397183,37.0,4.9,4.2
401360393,OKC,4423545,24.0,4.9,2.8
401360393,OKC,4432813,22.0,7.6,5.0
401360393,OKC,4432819,18.0,-0.4,-2.1
401360393,OKC,4683018,17.0,1.3,-0.7
401360393,OKC,4871145,35.0,13.2,9.7
401360394,DEN,6579,39.0,15.9,15.1
401360394,DEN,6617,25.0,1.8,2.0
401360394,DEN,2327577,15.0,5.8,6.0
401360394,DEN,2968334,20.0,1.8,2.4
401360394,DEN,3059262,16.0,0.1,0.3
401360394,DEN,3059310,29.0,14.8,13.8
401360394,DEN,3064290,31.0,11.6,11.5
401360394,DEN,3112335,37.0,28.1,21.8
401360394,DEN,3908819,4.0,1.3,1.4
401360394,DEN,4397102,4.0,1.0,0.7
401360394,DEN,4592492,20.0,-0.1,-0.1
401360394,UTA,3005,29.0,18.9,16.9
401360394,UTA,3195,29.0,10.7,8.8
401360394,UTA,3593,40.0,32.3,27.8
401360394,UTA,2528426,31.0,3.6,4.3
401360394,UTA,2583632,36.0,15.1,11.5
401360394,UTA,3133817,13.0,1.8,1.6
401360394,UTA,3908809,36.0,6.5,5.6
401360394,UTA,4065656,10.0,1.6,1.4
401360394,UTA,4066299,16.0,3.5,2.7
401360395,MIA,3012,16.0,11.1,9.9
401360395,MIA,3033,36.0,13.9,11.6
401360395,MIA,3074213,32.0,16.6,14.2
401360395,MIA,3138160,37.0,9.0,8.8
401360395,MIA,3157465,17.0,9.5,8.7
401360395,MIA,3923253,10.0,3.5,4.8
401360395,MIA,4065730,16.0,4.5,6.1
401360395,MIA,4065778,31.0,21.0,19.2
401360395,MIA,4291678,9.0,2.6,2.0
401360395,MIA,4395725,36.0,4.5,3.4
401360395,POR,2490620,28.0,6.2,4.6
401360395,POR,2578213,15.0,1.0,2.7
401360395,POR,2580365,27.0,10.6,8.7
401360395,POR,2595516,40.0,17.1,16.2
401360395,POR,3102530,33.0,15.8,11.4
401360395,POR,4065697,13.0,3.8,2.3
401360395,POR,4351851,39.0,24.7,23.6
401360395,POR,4395652,34.0,5.4,5.3
401360395,POR,4397166,3.0,4.7,4.4
401360395,POR,4431675,8.0,-1.7,-1.6
401360396,ATL,2799,19.0,0.2,-0.4
401360396,ATL,3428,27.0,11.6,10.0
401360396,ATL,3064447,40.0,16.3,14.9
401360396,ATL,3102529,26.0,12.5,8.0
401360396,ATL,3893019,36.0,9.3,8.6
401360396,ATL,4066372,33.0,21.2,17.7
401360396,ATL,4395627,37.0,10.5,8.6
401360396,ATL,4431680,22.0,6.9,3.8
401360396,SAC,6474,7.0,1.1,-1.4
401360396,SAC,6578,29.0,3.7,2.3
401360396,SAC,6591,18.0,5.2,4.4
401360396,SAC,2596107,15.0,3.5,2.7
401360396,SAC,2990984,29.0,6.1,5.9
401360396,SAC,3064559,24.0,5.4,6.1
401360396,SAC,4066259,38.0,22.3,21.8
401360396,SAC,4277848,22.0,3.2,2.3
401360396,SAC,4278053,21.0,-2.5,-2.5
401360396,SAC,4396993,38.0,20.5,17.1
401360397,BOS,3213,31.0,2.9,1.7
401360397,BOS,6447,12.0,0.9,0.0
401360397,BOS,2581190,16.0,1.7,1.9
401360397,BOS,2990992,31.0,7.5,8.4
401360397,BOS,3032979,27.0,16.6,16.2
401360397,BOS,3917376,34.0,7.6,6.3
401360397,BOS,4065648,40.0,34.1,31.1
401360397,BOS,4066211,34.0,15.4,7.9
401360397,BOS,4066218,15.0,0.7,-0.7
401360397,NYK,3986,21.0,9.4,8.6
401360397,NYK,6429,37.0,5.0,2.7
401360397,NYK,6588,42.0,31.4,28.8
401360397,NYK,3064514,38.0,16.6,13.2
401360397,NYK,4278355,10.0,0.2,-0.7
401360397,NYK,4351852,27.0,7.3,6.2
401360397,NYK,4395625,33.0,7.0,6.9
401360397,NYK,4395724,25.0,10.5,10.1
401360397,NYK,4397014,6.0,-1.4,-1.0
401360398,DET,2488826,17.0,4.9,4.7
401360398,DET,3136196,26.0,6.9,5.6
401360398,DET,3945566,8.0,4.1,4.1
401360398,DET,4066297,16.0,2.1,0.9
401360398,DET,4080610,25.0,7.1,6.3
401360398,DET,4277951,18.0,6.9,6.4
401360398,DET,4278124,16.0,13.8,11.2
401360398,DET,4397136,32.0,0.3,-2.6
401360398,DET,4432166,31.0,5.0,4.6
401360398,DET,4432810,20.0,7.2,5.8
401360398,DET,4683024,30.0,-2.9,-3.8
401360398,MEM,2991235,22.0,7.3,4.3
401360398,MEM,3135046,20.0,14.5,13.3
401360398,MEM,3136991,3.0,5.6,5.4
401360398,MEM,3155526,25.0,17.5,13.2
401360398,MEM,3906665,22.0,5.4,5.4
401360398,MEM,3913220,4.0,2.0,1.7
401360398,MEM,4066378,3.0,1.0,0.7
401360398,MEM,4066436,21.0,3.7,0.4
401360398,MEM,4066651,19.0,4.5,3.7
401360398,MEM,4277928,6.0,1.6,1.7
401360398,MEM,4277961,27.0,7.1,4.3
401360398,MEM,4279888,25.0,16.5,14.0
401360398,MEM,4433137,25.0,11.4,9.4
401360398,MEM,4593125,18.0,4.0,4.6
401360399,GSW,2386,20.0,8.0,6.6
401360399,GSW,4269,21.0,8.0,6.1
401360399,GSW,2594922,24.0,1.9,0.6
401360399,GSW,2595209,30.0,12.9,8.4
401360399,GSW,3059319,32.0,12.9,10.2
401360399,GSW,3134903,14.0,2.2,1.7
401360399,GSW,3137795,3.0,1.0,0.7
401360399,GSW,3155535,20.0,7.1,4.8
401360399,GSW,4277956,33.0,3.9,2.9
401360399,GSW,4432171,23.0,8.9,7.7
401360399,GSW,4433247,20.0,6.0,6.0
401360399,NOP,4023,19.0,2.9,2.7
401360399,NOP,6477,32.0,8.4,4.8
401360399,NOP,3062679,34.0,7.2,8.0
401360399,NOP,3132042,16.0,9.8,7.0
401360399,NOP,3133601,29.0,-4.0,-4.9
401360399,NOP,3913176,35.0,27.2,25.3
401360399,NOP,4277813,37.0,16.8,10.7
401360399,NOP,4277869,11.0,-2.6,-2.1
401360399,NOP,4278039,17.0,2.3,2.3
401360399,NOP,4397077,12.0,3.8,3.3
401360400,LAC,3416,18.0,3.0,-0.1
401360400,LAC,3439,20.0,8.0,6.1
401360400,LAC,4238,36.0,2.4,0.9
401360400,LAC,6443,31.0,4.7,3.9
401360400,LAC,6462,36.0,22.6,21.5
401360400,LAC,3135047,14.0,3.9,-0.3
401360400,LAC,3907823,33.0,7.7,6.7
401360400,LAC,4066264,2.0,0.3,0.0
401360400,LAC,4066387,27.0,3.6,5.0
401360400,LAC,4432162,20.0,6.9,3.6
401360400,LAC,4432192,2.0,-1.4,-1.4
401360400,LAC,4683023,2.0,1.3,1.3
401360400,PHX,2779,34.0,18.8,14.3
401360400,PHX,6427,13.0,1.6,-0.7
401360400,PHX,2583639,15.0,3.2,3.0
401360400,PHX,3059307,11.0,3.0,3.4
401360400,PHX,3062842,2.0,1.2,1.3
401360400,PHX,3064230,18.0,7.9,5.8
401360400,PHX,3136193,33.0,1.4,0.1
401360400,PHX,3138156,6.0,6.6,6.4
401360400,PHX,3138196,35.0,21.2,18.2
401360400,PHX,3147657,40.0,3.8,2.6
401360400,PHX,4397189,33.0,15.8,15.6
401360401,PHI,3988,15.0,6.0,4.7
401360401,PHI,6440,34.0,23.4,22.7
401360401,PHI,6585,14.0,4.8,2.1
401360401,PHI,2326307,37.0,19.2,18.3
401360401,PHI,2990969,20.0,1.1,2.4
401360401,PHI,3059318,32.0,23.3,20.3
401360401,PHI,3907498,33.0,13.8,11.2
401360401,PHI,3929325,33.0,2.4,1.6
401360401,PHI,4065816,2.0,1.6,2.0
401360401,PHI,4066240,2.0,0.3,0.0
401360401,PHI,4066508,12.0,5.3,2.4
401360401,PHI,4397209,2.0,0.6,1.0
401360401,PHI,4397886,2.0,0.6,0.0
401360401,SAS,2530276,12.0,1.4,1.8
401360401,SAS,2994526,31.0,3.3,1.2
401360401,SAS,3134908,30.0,15.2,13.1
401360401,SAS,3136779,28.0,7.1,6.0
401360401,SAS,3146557,17.0,6.3,4.3
401360401,SAS,3907497,36.0,19.2,15.5
401360401,SAS,3914285,18.0,5.6,6.5
401360401,SAS,3946974,4.0,1.3,1.7
401360401,SAS,3952343,4.0,-1.2,-0.8
401360401,SAS,4066790,4.0,0.3,0.0
401360401,SAS,4277890,19.0,7.1,6.7
401360401,SAS,4397033,12.0,-1.7,-1.9
401360401,SAS,4702176,25.0,6.2,5.8
401360402,BKN,2983,9.0,1.6,1.0
401360402,BKN,3202,37.0,26.2,24.0
401360402,BKN,3992,36.0,10.8,7.8
401360402,BKN,3999,13.0,6.4,5.1
401360402,BKN,4004,32.0,1.7,-0.8
401360402,BKN,3062667,8.0,-0.4,0.0
401360402,BKN,3133635,7.0,1.9,0.9
401360402,BKN,4065670,11.0,5.9,5.1
401360402,BKN,4278067,25.0,14.1,13.3
401360402,BKN,4397107,21.0,3.7,3.9
401360402,BKN,4397693,7.0,3.0,1.4
401360402,BKN,4432174,28.0,11.9,9.1
401360402,BKN,4432194,7.0,5.7,6.1
401360402,MIL,4032,30.0,9.4,7.7
401360402,MIL,6609,30.0,16.4,13.4
401360402,MIL,2530572,20.0,3.3,1.7
401360402,MIL,2581177,26.0,7.0,5.0
401360402,MIL,3032977,27.0,25.9,25.3
401360402,MIL,3056602,11.0,-3.4,-1.4
401360402,MIL,3064482,32.0,22.9,19.9
401360402,MIL,3064560,3.0,-0.4,0.0
401360402,MIL,3102533,8.0,1.8,2.3
401360402,MIL,4066786,3.0,-0.7,-0.7
401360402,MIL,4277883,31.0,7.9,8.0
401360402,MIL,4278580,15.0,4.6,4.1
401360402,MIL,4396972,4.0,-1.4,-1.7
401360403,TOR,2578240,17.0,2.7,2.3
401360403,TOR,2991230,36.0,37.5,32.8
401360403,TOR,3133602,2.0,-0.7,-0.7
401360403,TOR,3136491,1.0,0.0,0.0
401360403,TOR,3149673,39.0,14.1,11.7
401360403,TOR,3934719,34.0,21.1,17.2
401360403,TOR,3948153,20.0,12.9,11.8
401360403,TOR,4066668,2.0,0.0,0.0
401360403,TOR,4277843,35.0,2.8,1.9
401360403,TOR,4397885,2.0,-2.1,-2.1
401360403,TOR,4431679,18.0,8.5,6.7
401360403,TOR,4432907,4.0,1.5,1.4
401360403,TOR,4433134,31.0,12.0,9.5
401360403,UTA,4262,30.0,5.9,4.7
401360403,UTA,2608892,2.0,2.4,2.4
401360403,UTA,2991155,26.0,13.0,12.2
401360403,UTA,3133817,37.0,17.8,19.2
401360403,UTA,4065656,35.0,2.8,2.3
401360403,UTA,4066299,16.0,3.3,2.0
401360403,UTA,4066446,41.0,23.5,19.9
401360403,UTA,4066467,21.0,0.5,-0.8
401360403,UTA,4395695,32.0,3.0,3.0
401360404,CHI,3978,31.0,8.8,8.4
401360404,CHI,6478,33.0,20.2,13.6
401360404,CHI,2530923,1.0,0.0,0.0
401360404,CHI,3064427,2.0,0.9,0.7
401360404,CHI,3064440,33.0,16.6,16.1
401360404,CHI,3936099,16.0,0.3,1.0
401360404,CHI,4065673,11.0,9.4,7.5
401360404,CHI,4066421,35.0,19.4,16.6
401360404,CHI,4278508,14.0,3.6,4.4
401360404,CHI,4395651,32.0,18.1,18.3
401360404,CHI,4397002,31.0,18.6,14.9
401360404,CHI,4683622,1.0,-1.4,-1.0
401360404,WAS,4260,14.0,10.4,8.2
401360404,WAS,6580,34.0,19.7,19.0
401360404,WAS,2580782,31.0,17.0,14.8
401360404,WAS,2581018,26.0,10.3,10.8
401360404,WAS,2968361,12.0,3.0,2.8
401360404,WAS,3134907,35.0,14.1,9.6
401360404,WAS,3922230,13.0,3.4,2.1
401360404,WAS,4278049,28.0,15.5,13.3
401360404,WAS,4280151,23.0,5.6,4.3
401360404,WAS,4683021,19.0,3.1,3.0
401360404,WAS,4715198,4.0,2.3,1.7
401360405,DAL,2528210,24.0,17.8,17.0
401360405,DAL,2528779,23.0,14.9,11.8
401360405,DAL,2531367,18.0,13.3,12.8
401360405,DAL,2578185,23.0,10.3,9.8
401360405,DAL,2579260,16.0,0.9,1.3
401360405,DAL,2960236,26.0,5.7,3.0
401360405,DAL,3057187,19.0,6.8,5.7
401360405,DAL,3138154,3.0,-1.4,-1.4
401360405,DAL,3907487,9.0,2.4,2.6
401360405,DAL,3934672,25.0,16.5,15.4
401360405,DAL,4230547,16.0,6.2,5.8
401360405,DAL,4397126,11.0,-1.1,-2.5
401360405,DAL,4432811,25.0,19.0,17.6
401360405,HOU,3431,21.0,2.9,2.3
401360405,HOU,3058254,24.0,14.0,12.2
401360405,HOU,3062744,21.0,3.3,1.1
401360405,HOU,3136777,26.0,12.7,12.5
401360405,HOU,3913180,25.0,7.9,9.3
401360405,HOU,4066450,15.0,0.8,0.6
401360405,HOU,4397140,27.0,7.2,8.5
401360405,HOU,4409222,8.0,1.2,1.3
401360405,HOU,4431828,17.0,5.2,2.6
401360405,HOU,4432168,21.0,4.1,1.7
401360405,HOU,4432176,9.0,1.6,0.0
401360405,HOU,4437244,25.0,9.2,8.0
401360406,MIN,2982268,6.0,-0.4,-1.4
401360406,MIN,2990962,16.0,5.2,5.1
401360406,MIN,3134916,6.0,2.0,0.7
401360406,MIN,3136195,27.0,17.1,13.2
401360406,MIN,3136776,31.0,30.7,28.4
401360406,MIN,3907822,20.0,1.5,-0.1
401360406,MIN,4065663,20.0,5.5,5.3
401360406,MIN,4067325,5.0,-1.2,-1.8
401360406,MIN,4278077,29.0,16.0,10.5
401360406,MIN,4278541,12.0,10.7,10.1
401360406,MIN,4396971,20.0,16.1,13.5
401360406,MIN,4431671,18.0,1.0,2.3
401360406,MIN,4594268,29.0,24.4,21.3
401360406,OKC,2490089,12.0,5.7,3.6
401360406,OKC,3058030,4.0,6.0,5.4
401360406,OKC,3133626,16.0,6.2,4.8
401360406,OKC,4065733,6.0,3.0,2.7
401360406,OKC,4278073,28.0,8.9,5.7
401360406,OKC,4397020,27.0,13.1,11.6
401360406,OKC,4397183,26.0,14.7,12.6
401360406,OKC,4423545,16.0,-0.2,0.6
401360406,OKC,4432813,25.0,-2.7,-3.4
401360406,OKC,4432819,21.0,1.2,1.4
401360406,OKC,4683018,20.0,6.9,5.1
401360406,OKC,4683027,8.0,4.6,5.1
401360406,OKC,4871145,30.0,9.2,8.2
401360407,DEN,3209,16.0,14.6,14.2
401360407,DEN,6579,34.0,6.9,6.1
401360407,DEN,6617,17.0,-0.5,0.3
401360407,DEN,2327577,22.0,13.9,11.2
401360407,DEN,2968334,25.0,8.9,7.5
401360407,DEN,3059310,31.0,9.8,9.6
401360407,DEN,3064290,33.0,9.3,7.8
401360407,DEN,3112335,34.0,31.1,26.2
401360407,DEN,4431690,13.0,3.1,3.3
401360407,DEN,4592492,16.0,11.2,9.4
401360407,SAC,6474,11.0,3.9,3.3
401360407,SAC,6578,34.0,8.1,5.7
401360407,SAC,6591,9.0,1.5,2.0
401360407,SAC,2596107,28.0,18.7,16.2
401360407,SAC,2990984,27.0,4.2,0.9
401360407,SAC,3064559,8.0,-1.3,0.0
401360407,SAC,4066259,38.0,21.7,20.4
401360407,SAC,4277848,29.0,9.2,7.4
401360407,SAC,4278053,26.0,3.1,2.9
401360407,SAC,4396961,1.0,0.3,0.0
401360407,SAC,4396993,29.0,14.7,14.3
401360407,SAC,4397424,1.0,0.0,0.0
401360407,SAC,4431688,1.0,0.0,0.0
401360408,ATL,3428,18.0,13.3,12.5
401360408,ATL,3037789,27.0,9.8,8.3
401360408,ATL,3064447,15.0,3.1,3.1
401360408,ATL,3102529,23.0,7.0,4.8
401360408,ATL,3893019,23.0,-0.5,-0.7
401360408,ATL,3908845,32.0,15.1,15.8
401360408,ATL,4066269,3.0,1.7,1.7
401360408,ATL,4066372,29.0,12.6,11.8
401360408,ATL,4277905,36.0,15.8,13.5
401360408,ATL,4395627,13.0,-2.9,-3.1
401360408,ATL,4431680,18.0,10.0,9.8
401360408,ATL,4432173,3.0,2.3,1.7
401360408,LAL,1966,37.0,30.0,23.4
401360408,LAL,1975,28.0,17.9,14.1
401360408,LAL,2384,4.0,0.5,0.0
401360408,LAL,2426,12.0,-0.1,-0.7
401360408,LAL,3468,31.0,7.4,6.8
401360408,LAL,4240,24.0,16.7,17.2
401360408,LAL,6637,2.0,-0.4,-0.7
401360408,LAL,3134881,20.0,4.9,3.1
401360408,LAL,4066262,35.0,23.5,22.2
401360408,LAL,4066457,18.0,3.6,2.4
401360408,LAL,4396991,31.0,20.1,18.2
401360409,CLE,3026,17.0,7.5,6.2
401360409,CLE,3449,27.0,4.6,3.2
401360409,CLE,3893016,30.0,10.8,9.7
401360409,CLE,3906786,10.0,6.3,6.1
401360409,CLE,4066328,33.0,15.0,11.9
401360409,CLE,4066336,33.0,14.6,13.4
401360409,CLE,4066405,17.0,0.7,0.2
401360409,CLE,4396907,39.0,20.2,19.3
401360409,CLE,4432158,34.0,16.5,12.6
401360409,POR,2490620,34.0,14.8,12.9
401360409,POR,2578213,18.0,0.5,0.9
401360409,POR,2579258,12.0,4.5,4.1
401360409,POR,2595516,37.0,15.0,14.2
401360409,POR,3102530,31.0,10.8,6.9
401360409,POR,4065697,17.0,11.4,8.8
401360409,POR,4351851,34.0,8.6,6.8
401360409,POR,4395652,31.0,3.5,2.5
401360409,POR,4397166,11.0,4.3,3.0
401360409,POR,4431675,14.0,4.8,3.7
401360410,LAC,3416,20.0,7.9,6.4
401360410,LAC,3439,8.0,-2.2,-2.4
401360410,LAC,4238,19.0,-1.8,-3.1
401360410,LAC,6443,26.0,7.2,7.5
401360410,LAC,6462,29.0,23.1,22.5
401360410,LAC,3135047,18.0,3.5,3.0
401360410,LAC,3907823,27.0,5.6,2.9
401360410,LAC,4017837,19.0,6.7,6.5
401360410,LAC,4066264,7.0,2.5,1.0
401360410,LAC,4066387,22.0,7.3,7.1
401360410,LAC,4432162,26.0,9.0,6.9
401360410,LAC,4432192,11.0,3.8,3.1
401360410,LAC,4683023,9.0,3.7,2.4
401360410,MEM,3135046,31.0,11.1,10.8
401360410,MEM,3136991,4.0,-0.7,-0.7
401360410,MEM,3155526,7.0,1.2,1.0
401360410,MEM,3906665,28.0,22.6,18.9
401360410,MEM,3913220,4.0,0.6,0.7
401360410,MEM,4066320,29.0,20.3,15.9
401360410,MEM,4066378,4.0,-0.9,-0.8
401360410,MEM,4066436,23.0,8.5,5.3
401360410,MEM,4066651,22.0,6.6,6.0
401360410,MEM,4277928,21.0,2.1,1.2
401360410,MEM,4277961,29.0,26.1,19.4
401360410,MEM,4433137,19.0,6.3,6.1
401360410,MEM,4593125,20.0,4.3,4.0
401360411,CHA,4249,33.0,3.6,2.2
401360411,CHA,2488653,17.0,4.4,4.4
401360411,CHA,3074752,34.0,23.1,19.9
401360411,CHA,3133603,27.0,11.0,9.3
401360411,CHA,3138161,26.0,9.4,6.9
401360411,CHA,4066383,35.0,18.1,16.1
401360411,CHA,4066731,18.0,1.1,0.2
401360411,CHA,4278078,23.0,6.5,6.4
401360411,CHA,4432816,26.0,14.6,13.5
401360411,MIL,4032,34.0,6.2,4.6
401360411,MIL,6609,37.0,20.8,19.7
401360411,MIL,2530572,17.0,0.4,-0.7
401360411,MIL,2581177,19.0,-3.5,-4.5
401360411,MIL,3032977,37.0,36.5,33.1
401360411,MIL,3056602,14.0,0.6,0.0
401360411,MIL,3064482,37.0,13.7,10.2
401360411,MIL,3102533,4.0,0.9,0.7
401360411,MIL,4277883,31.0,-2.3,-3.2
401360411,MIL,4278580,12.0,4.9,5.8
401360412,DET,6446,24.0,8.8,8.5
401360412,DET,2488826,12.0,-1.5,-1.4
401360412,DET,3136196,28.0,17.1,12.2
401360412,DET,4066297,18.0,4.3,3.9
401360412,DET,4080610,29.0,12.6,9.0
401360412,DET,4278124,18.0,6.7,5.1
401360412,DET,4397136,36.0,12.3,11.1
401360412,DET,4432166,32.0,4.8,4.8
401360412,DET,4432810,20.0,5.0,2.0
401360412,DET,4683024,24.0,3.6,3.1
401360412,ORL,6619,31.0,9.0,8.3
401360412,ORL,2488945,10.0,-0.1,0.7
401360412,ORL,2999547,34.0,18.7,16.7
401360412,ORL,3150844,12.0,4.5,4.4
401360412,ORL,3918423,4.0,-1.8,-1.7
401360412,ORL,4277886,14.0,3.4,2.7
401360412,ORL,4277919,29.0,7.6,4.4
401360412,ORL,4278052,26.0,2.9,0.6
401360412,ORL,4432809,36.0,14.4,11.5
401360412,ORL,4566434,28.0,4.2,3.0
401360412,ORL,4590530,16.0,5.6,2.7
401360413,IND,4244,29.0,24.2,18.8
401360413,IND,6603,16.0,4.8,4.3
401360413,IND,2284101,29.0,12.8,12.0
401360413,IND,2596247,31.0,6.8,5.8
401360413,IND,3133628,28.0,5.0,1.9
401360413,IND,3155942,38.0,35.6,33.2
401360413,IND,4278031,18.0,4.4,4.7
401360413,IND,4397235,32.0,13.1,12.0
401360413,IND,4592402,19.0,6.2,4.8
401360413,UTA,3005,17.0,3.9,1.9
401360413,UTA,3195,31.0,12.4,9.6
401360413,UTA,3593,37.0,11.3,10.3
401360413,UTA,4262,25.0,5.2,5.7
401360413,UTA,2528426,28.0,10.2,9.7
401360413,UTA,2583632,38.0,9.8,8.2
401360413,UTA,2608892,9.0,3.7,2.4
401360413,UTA,2991155,13.0,-0.9,0.0
401360413,UTA,3133817,4.0,1.0,1.0
401360413,UTA,3908809,37.0,26.6,27.3
401360414,BOS,3213,20.0,4.2,3.8
401360414,BOS,6447,13.0,2.8,1.4
401360414,BOS,2581190,30.0,13.8,12.6
401360414,BOS,2990992,25.0,10.2,5.3
401360414,BOS,3032979,21.0,0.7,1.7
401360414,BOS,3917376,35.0,25.1,20.8
401360414,BOS,4017839,2.0,-0.7,-0.7
401360414,BOS,4065648,29.0,12.2,10.3
401360414,BOS,4065804,2.0,0.0,0.0
401360414,BOS,4066211,34.0,16.1,12.3
401360414,BOS,4066218,22.0,6.3,5.4
401360414,BOS,4277952,2.0,0.3,0.0
401360414,BOS,4396909,6.0,-0.4,-0.7
401360414,BOS,4397008,2.0,1.7,1.7
401360414,NYK,3986,18.0,1.0,-0.7
401360414,NYK,6429,34.0,5.3,1.5
401360414,NYK,3064514,37.0,4.5,1.7
401360414,NYK,4277922,2.0,0.0,0.0
401360414,NYK,4278075,2.0,0.3,0.0
401360414,NYK,4278355,9.0,-2.9,-3.1
401360414,NYK,4351852,28.0,11.4,10.5
401360414,NYK,4395625,43.0,7.9,5.6
401360414,NYK,4395724,37.0,15.6,15.5
401360414,NYK,4397014,28.0,4.4,2.6
401360414,NYK,4431823,3.0,-1.5,-1.1
401360415,MIA,3012,35.0,15.5,16.8
401360415,MIA,3033,29.0,13.6,11.2
401360415,MIA,3074213,34.0,11.8,7.5
401360415,MIA,3138160,30.0,8.3,6.4
401360415,MIA,3157465,29.0,20.2,20.1
401360415,MIA,3923253,14.0,5.1,4.4
401360415,MIA,4065730,13.0,1.7,0.7
401360415,MIA,4065778,21.0,7.5,6.7
401360415,MIA,4291678,3.0,-0.7,-0.7
401360415,MIA,4395725,34.0,25.9,21.9
401360415,PHX,2779,32.0,4.8,4.4
401360415,PHX,3452,6.0,-1.8,-1.7
401360415,PHX,6581,27.0,5.0,-0.5
401360415,PHX,3059307,5.0,1.3,-1.0
401360415,PHX,3064230,21.0,2.5,3.3
401360415,PHX,3136193,33.0,16.2,14.6
401360415,PHX,3138156,9.0,5.4,5.1
401360415,PHX,3138196,32.0,10.4,8.9
401360415,PHX,3147657,30.0,17.6,16.7
401360415,PHX,4278129,32.0,13.9,11.5
401360415,PHX,4397189,13.0,0.0,0.2
401360416,ATL,3428,18.0,6.1,6.0
401360416,ATL,3037789,31.0,15.1,12.1
401360416,ATL,3064447,18.0,3.7,2.5
401360416,ATL,3893019,23.0,12.2,11.1
401360416,ATL,3908845,34.0,4.2,2.8
401360416,ATL,4066269,2.0,0.0,0.0
401360416,ATL,4066372,35.0,5.1,3.6
401360416,ATL,4277905,34.0,13.4,10.1
401360416,ATL,4395627,3.0,0.0,0.0
401360416,ATL,4431680,38.0,7.6,7.5
401360416,ATL,4701230,2.0,0.0,0.0
401360416,LAC,3416,30.0,10.5,7.1
401360416,LAC,3439,21.0,12.1,12.3
401360416,LAC,4238,26.0,13.5,11.6
401360416,LAC,6443,21.0,4.8,4.0
401360416,LAC,6462,25.0,5.3,6.3
401360416,LAC,3907823,33.0,6.4,5.0
401360416,LAC,3914075,2.0,0.0,0.0
401360416,LAC,4017837,25.0,14.0,12.0
401360416,LAC,4066264,2.0,-0.4,0.0
401360416,LAC,4066387,33.0,17.6,17.6
401360416,LAC,4432162,16.0,-0.2,-1.8
401360416,LAC,4432192,2.0,-0.4,-1.4
401360416,LAC,4683023,2.0,0.3,0.0
401360417,ORL,6619,31.0,24.0,23.2
401360417,ORL,2488945,15.0,-0.1,-0.7
401360417,ORL,2999547,31.0,8.0,7.0
401360417,ORL,3150844,4.0,2.9,2.4
401360417,ORL,4277886,14.0,2.2,1.0
401360417,ORL,4277919,28.0,5.2,2.6
401360417,ORL,4278052,34.0,10.9,7.1
401360417,ORL,4432809,36.0,4.0,2.1
401360417,ORL,4566434,29.0,11.2,10.4
401360417,ORL,4590530,19.0,6.6,5.1
401360417,WAS,4260,4.0,-1.0,-0.6
401360417,WAS,6426,10.0,4.0,4.0
401360417,WAS,6580,37.0,11.6,10.6
401360417,WAS,2580782,31.0,10.3,11.3
401360417,WAS,2581018,30.0,9.2,8.7
401360417,WAS,2968361,26.0,0.4,-0.5
401360417,WAS,3134907,38.0,22.0,16.0
401360417,WAS,4066648,14.0,2.0,1.8
401360417,WAS,4278049,27.0,12.8,12.0
401360417,WAS,4280151,11.0,2.3,1.7
401360417,WAS,4683021,12.0,1.1,0.3
401360418,NOP,4023,33.0,6.1,5.4
401360418,NOP,6477,34.0,18.9,13.1
401360418,NOP,3132042,16.0,2.6,2.4
401360418,NOP,3133601,32.0,4.5,5.7
401360418,NOP,3913176,35.0,18.2,18.1
401360418,NOP,4277813,37.0,6.7,5.6
401360418,NOP,4277869,13.0,8.5,6.8
401360418,NOP,4278039,18.0,6.5,6.7
401360418,NOP,4278594,4.0,0.2,0.0
401360418,NOP,4397077,19.0,3.9,2.6
401360418,TOR,2578240,21.0,4.3,4.7
401360418,TOR,2991230,39.0,22.3,19.7
401360418,TOR,3133602,14.0,5.2,5.4
401360418,TOR,3149673,43.0,27.5,23.9
401360418,TOR,3934719,35.0,5.3,6.4
401360418,TOR,3948153,28.0,8.9,5.8
401360418,TOR,4431679,27.0,7.1,3.4
401360418,TOR,4433134,33.0,1.4,1.3
401360419,HOU,3431,27.0,8.4,7.4
401360419,HOU,3058254,28.0,19.5,17.4
401360419,HOU,3062744,17.0,7.0,6.3
401360419,HOU,3136777,23.0,10.7,10.2
401360419,HOU,3913180,31.0,9.7,7.9
401360419,HOU,4397140,26.0,7.0,5.7
401360419,HOU,4431828,27.0,10.8,8.3
401360419,HOU,4432168,27.0,15.8,13.9
401360419,HOU,4432176,7.0,4.3,3.8
401360419,HOU,4437244,26.0,5.5,4.9
401360419,MIN,2982268,2.0,-0.7,-0.7
401360419,MIN,2990962,7.0,-3.9,-3.1
401360419,MIN,3134916,2.0,0.7,0.7
401360419,MIN,3136195,33.0,35.9,34.8
401360419,MIN,3136776,33.0,22.7,21.4
401360419,MIN,3907822,20.0,8.5,8.3
401360419,MIN,4065663,18.0,5.7,4.8
401360419,MIN,4067325,2.0,0.9,1.0
401360419,MIN,4278077,31.0,26.3,19.4
401360419,MIN,4278541,18.0,15.3,11.2
401360419,MIN,4396971,12.0,0.1,-1.0
401360419,MIN,4431671,29.0,5.8,4.0
401360419,MIN,4594268,34.0,15.2,12.1
401360420,DEN,3209,22.0,10.4,10.3
401360420,DEN,6579,30.0,9.6,8.7
401360420,DEN,6617,32.0,18.9,15.5
401360420,DEN,2327577,18.0,3.9,3.8
401360420,DEN,2968334,22.0,2.7,1.8
401360420,DEN,3059262,8.0,3.6,2.0
401360420,DEN,3059310,26.0,9.7,8.2
401360420,DEN,3064290,24.0,-0.7,-1.4
401360420,DEN,3112335,33.0,22.3,18.3
401360420,DEN,4431690,15.0,4.2,3.7
401360420,DEN,4592492,9.0,-4.2,-3.8
401360420,OKC,4257,16.0,0.5,1.0
401360420,OKC,2490089,14.0,9.4,8.2
401360420,OKC,3133626,18.0,8.3,7.5
401360420,OKC,4278073,31.0,4.3,2.2
401360420,OKC,4397020,28.0,7.8,6.8
401360420,OKC,4397183,19.0,9.1,7.1
401360420,OKC,4423545,24.0,7.1,4.1
401360420,OKC,4432813,26.0,13.0,9.8
401360420,OKC,4432819,19.0,9.1,6.8
401360420,OKC,4683018,12.0,3.6,3.4
401360420,OKC,4871145,32.0,12.3,9.9
401360421,BKN,3202,43.0,22.4,20.3
401360421,BKN,3989,8.0,3.6,3.7
401360421,BKN,3992,44.0,21.6,19.0
401360421,BKN,3999,8.0,-0.5,-0.7
401360421,BKN,4004,39.0,7.5,4.3
401360421,BKN,3062667,19.0,4.9,2.0
401360421,BKN,4278067,33.0,16.5,14.2
401360421,BKN,4397107,17.0,5.2,4.1
401360421,BKN,4397693,12.0,4.9,2.7
401360421,BKN,4432174,30.0,4.0,1.6
401360421,BKN,4432194,11.0,5.2,5.1
401360421,SAS,2530276,19.0,3.9,1.3
401360421,SAS,2994526,25.0,12.8,12.1
401360421,SAS,3134908,36.0,15.5,11.2
401360421,SAS,3136779,37.0,3.3,1.7
401360421,SAS,3146557,17.0,12.0,12.0
401360421,SAS,3907497,40.0,16.4,11.8
401360421,SAS,3946974,16.0,11.2,7.5
401360421,SAS,4277890,33.0,18.2,16.3
401360421,SAS,4397033,3.0,1.6,2.0
401360421,SAS,4702176,39.0,2.1,1.5
401360422,CHI,3978,33.0,16.9,16.2
401360422,CHI,6478,34.0,9.6,7.0
401360422,CHI,2530923,2.0,1.0,1.0
401360422,CHI,3059311,2.0,0.7,0.7
401360422,CHI,3064440,35.0,6.9,5.5
401360422,CHI,3936099,24.0,9.1,7.4
401360422,CHI,4065673,11.0,2.8,1.0
401360422,CHI,4066421,32.0,11.4,8.5
401360422,CHI,4278508,13.0,3.3,2.0
401360422,CHI,4395651,27.0,10.9,9.7
401360422,CHI,4397002,23.0,4.9,5.4
401360422,CHI,4397016,2.0,1.0,0.7
401360422,DAL,2528210,28.0,7.7,3.3
401360422,DAL,2528779,18.0,4.6,4.4
401360422,DAL,2531367,25.0,10.3,9.8
401360422,DAL,2578185,30.0,10.4,9.8
401360422,DAL,2960236,30.0,14.8,14.1
401360422,DAL,3057187,10.0,-1.1,-1.4
401360422,DAL,3907487,8.0,1.1,1.7
401360422,DAL,3934672,28.0,17.6,15.7
401360422,DAL,3945274,35.0,18.7,14.9
401360422,DAL,4230547,2.0,-0.7,-0.7
401360422,DAL,4397126,3.0,-1.7,-1.7
401360422,DAL,4432811,22.0,14.9,14.6
401360423,CLE,3026,29.0,11.4,10.9
401360423,CLE,3449,14.0,-1.3,-3.1
401360423,CLE,3893016,20.0,4.5,2.2
401360423,CLE,3906786,16.0,4.5,2.7
401360423,CLE,4066328,30.0,11.3,8.4
401360423,CLE,4066336,29.0,9.8,7.7
401360423,CLE,4066405,34.0,13.6,11.2
401360423,CLE,4396907,33.0,1.0,0.2
401360423,CLE,4432158,36.0,4.3,1.6
401360423,GSW,2386,25.0,5.3,0.7
401360423,GSW,3975,37.0,18.3,17.9
401360423,GSW,4269,13.0,-2.3,-4.5
401360423,GSW,6475,20.0,6.7,6.6
401360423,GSW,2594922,20.0,9.3,6.1
401360423,GSW,3059319,34.0,6.8,5.6
401360423,GSW,3134903,19.0,11.2,9.9
401360423,GSW,3155535,29.0,14.2,8.0
401360423,GSW,4277956,24.0,9.3,8.4
401360423,GSW,4401416,19.0,3.8,2.4
401360424,POR,2490620,35.0,7.6,1.9
401360424,POR,2528353,12.0,0.9,1.3
401360424,POR,2578213,25.0,5.6,7.0
401360424,POR,2579258,10.0,5.9,6.1
401360424,POR,3102530,38.0,16.0,10.6
401360424,POR,4065697,19.0,1.8,0.6
401360424,POR,4351851,35.0,23.4,24.0
401360424,POR,4395652,34.0,6.6,6.9
401360424,POR,4397166,19.0,4.6,3.4
401360424,POR,4431675,12.0,3.5,2.4
401360424,POR,4432161,1.0,0.0,0.0
401360424,SAC,6474,15.0,1.4,-0.1
401360424,SAC,6578,31.0,11.8,9.8
401360424,SAC,2596107,23.0,13.1,11.8
401360424,SAC,2990984,29.0,5.2,2.6
401360424,SAC,3914283,13.0,5.6,3.7
401360424,SAC,3919454,13.0,0.1,0.0
401360424,SAC,4066259,36.0,5.2,3.8
401360424,SAC,4277848,21.0,1.1,-0.1
401360424,SAC,4278053,21.0,0.0,-1.2
401360424,SAC,4396961,1.0,-0.7,-0.7
401360424,SAC,4396993,35.0,18.2,15.6
401360424,SAC,4431688,1.0,2.0,1.7
401360425,LAL,1966,33.0,32.7,33.4
401360425,LAL,1975,23.0,2.4,1.5
401360425,LAL,2384,9.0,6.2,6.4
401360425,LAL,2426,15.0,5.6,4.1
401360425,LAL,3442,8.0,4.0,2.1
401360425,LAL,3468,26.0,5.0,3.3
401360425,LAL,3981,11.0,13.4,13.5
401360425,LAL,4240,23.0,2.4,1.2
401360425,LAL,6637,7.0,2.0,1.4
401360425,LAL,3134881,13.0,0.7,0.3
401360425,LAL,4066262,29.0,1.4,-1.1
401360425,LAL,4066457,23.0,11.9,12.4
401360425,LAL,4396991,19.0,4.8,5.0
401360425,MEM,2993874,29.0,18.8,14.0
401360425,MEM,3134932,22.0,10.4,10.7
401360425,MEM,3135046,16.0,7.8,6.9
401360425,MEM,3906665,16.0,14.5,12.5
401360425,MEM,4066320,26.0,20.9,18.2
401360425,MEM,4066436,19.0,2.4,1.0
401360425,MEM,4277928,3.0,-1.5,-0.7
401360425,MEM,4277961,29.0,21.5,15.1
401360425,MEM,4277964,19.0,5.0,5.7
401360425,MEM,4279888,31.0,14.5,11.6
401360425,MEM,4433137,27.0,5.4,5.4
401360425,MEM,4593125,3.0,-0.7,-0.7
401360426,CHA,4249,36.0,11.0,8.8
401360426,CHA,2488653,22.0,7.9,6.9
401360426,CHA,3074752,40.0,23.0,20.4
401360426,CHA,3138161,28.0,8.6,5.1
401360426,CHA,4066383,41.0,12.1,8.9
401360426,CHA,4066731,10.0,-1.2,-1.8
401360426,CHA,4278078,27.0,4.5,0.0
401360426,CHA,4432816,35.0,13.7,13.1
401360426,MIL,4032,29.0,13.3,12.2
401360426,MIL,6609,37.0,23.1,19.8
401360426,MIL,2530572,12.0,-2.5,-2.4
401360426,MIL,2578239,23.0,-3.6,-4.2
401360426,MIL,2581177,13.0,6.0,5.4
401360426,MIL,3032977,35.0,21.0,16.5
401360426,MIL,3064482,35.0,2.0,1.3
401360426,MIL,3934673,16.0,-5.6,-5.6
401360426,MIL,4277883,29.0,16.4,14.2
401360426,MIL,4278580,11.0,-0.4,-1.4
401360427,DET,6446,25.0,16.7,15.2
401360427,DET,3136196,29.0,10.5,10.5
401360427,DET,4066297,24.0,8.9,8.1
401360427,DET,4080610,24.0,12.1,8.1
401360427,DET,4278124,12.0,4.2,3.1
401360427,DET,4397136,37.0,23.6,22.6
401360427,DET,4431686,5.0,3.4,3.4
401360427,DET,4432166,38.0,24.6,21.7
401360427,DET,4432810,22.0,3.4,1.0
401360427,DET,4683024,23.0,3.5,2.3
401360427,UTA,3195,32.0,13.0,12.5
401360427,UTA,3593,34.0,6.5,6.4
401360427,UTA,4262,34.0,22.9,16.6
401360427,UTA,2528426,28.0,11.6,8.8
401360427,UTA,2583632,35.0,8.9,5.8
401360427,UTA,2608892,8.0,-1.1,-1.0
401360427,UTA,2991155,15.0,2.2,1.3
401360427,UTA,3133817,18.0,11.7,11.8
401360427,UTA,3908809,37.0,17.2,16.3
401360428,BOS,3213,23.0,3.1,0.7
401360428,BOS,6447,7.0,6.4,6.5
401360428,BOS,2581190,38.0,3.9,3.0
401360428,BOS,2990992,23.0,1.3,0.6
401360428,BOS,3032979,21.0,4.0,3.5
401360428,BOS,3917376,44.0,20.8,17.4
401360428,BOS,4065648,42.0,6.8,5.1
401360428,BOS,4066211,41.0,22.5,15.0
401360428,BOS,4066218,26.0,1.8,-0.1
401360428,IND,4244,31.0,5.6,5.2
401360428,IND,6603,22.0,3.7,2.6
401360428,IND,2284101,33.0,6.4,4.3
401360428,IND,2528693,31.0,15.6,14.2
401360428,IND,2596247,23.0,4.8,4.0
401360428,IND,3133628,23.0,3.7,0.6
401360428,IND,3155942,45.0,16.0,11.3
401360428,IND,4278031,35.0,5.4,4.0
401360428,IND,4397235,23.0,6.9,5.0
401360429,NYK,3986,13.0,5.7,4.7
401360429,NYK,6429,32.0,13.8,11.4
401360429,NYK,6588,22.0,12.9,11.3
401360429,NYK,3064514,34.0,0.1,-2.7
401360429,NYK,4277922,3.0,0.7,0.0
401360429,NYK,4278075,4.0,-2.1,-1.7
401360429,NYK,4278355,14.0,4.9,5.1
401360429,NYK,4351852,32.0,16.1,11.0
401360429,NYK,4395625,31.0,24.0,23.9
401360429,NYK,4395724,25.0,8.3,6.8
401360429,NYK,4397014,28.0,7.1,5.5
401360429,NYK,4431823,3.0,-0.4,-0.7
401360429,SAS,2530276,22.0,1.8,0.6
401360429,SAS,2994526,18.0,1.0,0.9
401360429,SAS,3134908,24.0,10.7,9.6
401360429,SAS,3136779,25.0,3.4,2.7
401360429,SAS,3907497,30.0,19.1,17.0
401360429,SAS,3914285,20.0,5.6,5.4
401360429,SAS,3946974,23.0,9.1,4.4
401360429,SAS,3952343,7.0,-1.8,-1.8
401360429,SAS,4066790,4.0,0.0,0.0
401360429,SAS,4277890,27.0,5.5,3.7
401360429,SAS,4397033,12.0,5.9,6.0
401360429,SAS,4702176,28.0,8.9,7.0
401360430,CLE,3026,20.0,6.3,4.2
401360430,CLE,3449,21.0,12.2,9.9
401360430,CLE,3893016,31.0,10.1,10.0
401360430,CLE,3906786,4.0,-0.4,0.0
401360430,CLE,3912848,5.0,-1.1,-0.3
401360430,CLE,4066328,31.0,21.2,16.3
401360430,CLE,4066336,33.0,10.1,9.0
401360430,CLE,4066405,20.0,8.7,7.9
401360430,CLE,4396907,34.0,10.7,9.3
401360430,CLE,4432158,42.0,15.4,12.3
401360430,SAC,6578,28.0,12.8,11.2
401360430,SAC,2596107,24.0,0.7,-0.4
401360430,SAC,2990984,27.0,19.0,16.2
401360430,SAC,3914283,23.0,7.8,6.0
401360430,SAC,3919454,3.0,1.3,1.0
401360430,SAC,4066259,31.0,6.6,5.0
401360430,SAC,4277848,20.0,9.0,7.8
401360430,SAC,4278053,22.0,1.9,2.3
401360430,SAC,4396993,36.0,18.7,15.2
401360430,SAC,4397424,24.0,8.3,7.7
401360431,OKC,4257,12.0,-0.2,0.0
401360431,OKC,2490089,10.0,2.1,1.6
401360431,OKC,4065733,14.0,8.4,8.1
401360431,OKC,4278073,35.0,25.3,25.0
401360431,OKC,4397020,34.0,13.1,11.7
401360431,OKC,4397183,18.0,-0.4,-1.4
401360431,OKC,4423545,30.0,14.8,13.2
401360431,OKC,4432813,28.0,5.4,6.0
401360431,OKC,4432819,23.0,5.1,4.9
401360431,OKC,4871145,36.0,18.5,15.7
401360431,WAS,6426,13.0,7.2,5.3
401360431,WAS,2580782,34.0,22.0,22.0
401360431,WAS,2581018,30.0,11.7,9.7
401360431,WAS,2968361,19.0,1.1,0.4
401360431,WAS,2991055,24.0,13.4,11.8
401360431,WAS,3134907,35.0,24.0,21.8
401360431,WAS,4066648,15.0,4.2,4.0
401360431,WAS,4278049,23.0,8.1,6.5
401360431,WAS,4280151,29.0,10.2,8.8
401360431,WAS,4683021,18.0,5.2,4.4
401360432,PHX,2779,33.0,20.5,16.1
401360432,PHX,3452,14.0,2.8,1.6
401360432,PHX,6427,5.0,-0.8,-1.3
401360432,PHX,6581,35.0,15.6,12.1
401360432,PHX,3064230,15.0,0.6,1.4
401360432,PHX,3136193,36.0,7.3,7.5
401360432,PHX,3147657,41.0,5.4,4.3
401360432,PHX,3914044,14.0,6.0,5.4
401360432,PHX,4278129,30.0,14.1,13.2
401360432,PHX,4397189,18.0,3.5,3.8
401360432,TOR,2578240,26.0,8.8,7.2
401360432,TOR,2991230,44.0,11.5,10.9
401360432,TOR,3133602,7.0,-0.7,-1.0
401360432,TOR,3133838,15.0,-2.5,-3.8
401360432,TOR,3149673,39.0,12.7,10.0
401360432,TOR,3934719,39.0,12.9,12.8
401360432,TOR,3948153,37.0,14.4,11.4
401360432,TOR,4431679,22.0,5.7,3.7
401360432,TOR,4432907,10.0,4.8,3.8
401360433,GSW,2386,21.0,1.4,0.0
401360433,GSW,3975,39.0,23.3,19.8
401360433,GSW,4269,12.0,7.2,6.0
401360433,GSW,6475,20.0,7.2,6.0
401360433,GSW,2594922,28.0,9.4,6.3
401360433,GSW,2595209,9.0,4.7,4.7
401360433,GSW,3059319,34.0,4.0,4.0
401360433,GSW,3134903,23.0,12.7,10.5
401360433,GSW,3155535,18.0,6.8,5.4
401360433,GSW,4277956,22.0,7.6,5.9
401360433,GSW,4401416,7.0,-2.8,-3.0
401360433,GSW,4432171,7.0,2.0,1.7
401360433,MEM,2993874,24.0,9.1,5.5
401360433,MEM,3134932,17.0,5.0,4.1
401360433,MEM,3135046,23.0,22.6,19.1
401360433,MEM,3906665,26.0,15.9,12.5
401360433,MEM,4066320,32.0,2.3,2.5
401360433,MEM,4066436,12.0,-0.7,-0.4
401360433,MEM,4277961,22.0,11.5,5.3
401360433,MEM,4277964,16.0,1.7,-0.4
401360433,MEM,4279888,37.0,22.6,20.1
401360433,MEM,4433137,30.0,10.5,11.4
401360434,MIN,3964,21.0,11.0,6.4
401360434,MIN,2990962,8.0,5.0,4.7
401360434,MIN,3136195,42.0,23.4,19.4
401360434,MIN,3136776,34.0,14.6,14.9
401360434,MIN,3907822,30.0,14.2,14.1
401360434,MIN,4065663,7.0,-0.4,-0.7
401360434,MIN,4278077,26.0,7.5,6.0
401360434,MIN,4278541,2.0,0.6,0.6
401360434,MIN,4396971,6.0,-0.2,0.3
401360434,MIN,4431671,28.0,6.4,5.7
401360434,MIN,4594268,37.0,19.6,19.2
401360434,NOP,4023,18.0,1.0,0.6
401360434,NOP,6477,28.0,11.6,10.1
401360434,NOP,3062679,36.0,17.4,16.2
401360434,NOP,3132042,6.0,5.7,5.4
401360434,NOP,3133601,32.0,9.3,7.7
401360434,NOP,3913176,37.0,27.1,25.4
401360434,NOP,4277813,25.0,10.5,12.1
401360434,NOP,4277869,12.0,3.5,4.1
401360434,NOP,4278039,27.0,6.9,6.1
401360434,NOP,4397077,19.0,9.4,9.7
401360435,DEN,3209,21.0,1.8,1.5
401360435,DEN,6617,30.0,0.1,0.5
401360435,DEN,2327577,18.0,1.5,-0.7
401360435,DEN,2579321,4.0,-1.4,-1.0
401360435,DEN,2968334,28.0,1.7,0.3
401360435,DEN,3059262,14.0,1.4,0.0
401360435,DEN,3059310,34.0,7.3,5.8
401360435,DEN,3064290,35.0,22.7,21.3
401360435,DEN,3112335,37.0,21.5,18.9
401360435,DEN,4431690,11.0,4.3,3.7
401360435,DEN,4592492,8.0,-2.7,-2.8
401360435,LAC,3416,26.0,2.5,2.3
401360435,LAC,3439,22.0,3.9,-0.1
401360435,LAC,4238,26.0,12.1,8.9
401360435,LAC,6443,31.0,6.6,6.0
401360435,LAC,6462,35.0,3.8,2.4
401360435,LAC,3907823,28.0,7.9,7.3
401360435,LAC,4017837,10.0,-1.6,0.0
401360435,LAC,4066387,43.0,21.7,16.6
401360435,LAC,4432162,20.0,7.3,6.4
401360436,DET,6446,27.0,19.2,19.8
401360436,DET,3136196,19.0,14.8,14.1
401360436,DET,4066297,15.0,-1.3,-0.8
401360436,DET,4080610,29.0,4.7,4.3
401360436,DET,4277951,7.0,3.2,2.7
401360436,DET,4278124,18.0,2.6,0.7
401360436,DET,4397136,29.0,3.2,2.6
401360436,DET,4431686,22.0,5.8,3.3
401360436,DET,4432166,25.0,16.6,16.5
401360436,DET,4432810,23.0,2.8,1.7
401360436,DET,4683024,27.0,9.3,8.5
401360436,PHX,2779,27.0,8.7,6.8
401360436,PHX,3452,15.0,16.5,16.9
401360436,PHX,6427,14.0,4.5,3.3
401360436,PHX,6581,23.0,13.8,9.2
401360436,PHX,2583639,7.0,1.7,1.4
401360436,PHX,3059307,15.0,7.7,6.8
401360436,PHX,3064230,31.0,17.0,16.3
401360436,PHX,3136193,30.0,23.6,23.1
401360436,PHX,3147657,30.0,4.9,5.1
401360436,PHX,3914044,25.0,9.8,10.7
401360436,PHX,4278129,8.0,6.5,5.5
401360436,PHX,4397189,15.0,1.8,0.9
401360437,BOS,3213,28.0,8.0,7.5
401360437,BOS,6447,7.0,1.3,1.4
401360437,BOS,2581190,29.0,3.9,2.7
401360437,BOS,3032979,34.0,18.2,17.8
401360437,BOS,3917376,35.0,24.1,24.2
401360437,BOS,4065648,37.0,27.6,22.5
401360437,BOS,4066211,23.0,7.7,6.8
401360437,BOS,4066218,23.0,3.0,1.6
401360437,BOS,4066354,11.0,0.5,0.6
401360437,BOS,4277952,3.0,1.3,1.0
401360437,BOS,4396909,3.0,0.0,0.0
401360437,BOS,4397008,3.0,3.3,2.7
401360437,BOS,4407254,3.0,-0.4,0.0
401360437,IND,4244,21.0,3.0,1.4
401360437,IND,6603,6.0,-1.5,-0.7
401360437,IND,2284101,26.0,9.9,9.4
401360437,IND,2528693,27.0,0.6,0.7
401360437,IND,2566769,17.0,2.6,2.7
401360437,IND,2596247,5.0,3.4,2.4
401360437,IND,2991043,29.0,13.7,13.1
401360437,IND,3133628,24.0,13.2,13.5
401360437,IND,3155942,32.0,17.9,15.9
401360437,IND,4278031,25.0,7.3,5.0
401360437,IND,4279815,5.0,0.3,0.0
401360437,IND,4348700,5.0,2.6,3.0
401360437,IND,4397235,14.0,-0.3,-0.1
401360437,IND,4432170,5.0,3.6,2.3
401360438,CHA,4249,36.0,30.3,26.9
401360438,CHA,2488653,26.0,5.0,5.8
401360438,CHA,3074752,41.0,18.2,16.5
401360438,CHA,3138161,25.0,12.0,10.5
401360438,CHA,4066383,40.0,12.6,9.7
401360438,CHA,4066731,17.0,2.6,2.4
401360438,CHA,4278078,19.0,0.9,-0.3
401360438,CHA,4432816,36.0,11.5,8.4
401360438,PHI,3988,10.0,4.2,2.9
401360438,PHI,6440,37.0,13.1,11.1
401360438,PHI,6585,20.0,2.1,-0.9
401360438,PHI,2326307,34.0,7.3,5.8
401360438,PHI,2990969,15.0,-1.0,1.0
401360438,PHI,3059318,33.0,18.3,17.3
401360438,PHI,3907498,16.0,0.2,-1.4
401360438,PHI,3929325,27.0,11.0,11.4
401360438,PHI,4065816,1.0,1.7,1.7
401360438,PHI,4066508,1.0,0.0,0.0
401360438,PHI,4278562,1.0,0.0,0.0
401360438,PHI,4395702,7.0,0.0,0.0
401360438,PHI,4397886,1.0,1.7,1.7
401360438,PHI,4431678,38.0,5.5,4.6
401360439,ORL,3447,31.0,15.6,14.9
401360439,ORL,6619,34.0,11.0,9.6
401360439,ORL,2999547,35.0,8.6,6.6
401360439,ORL,3150844,10.0,3.9,4.1
401360439,ORL,3918423,19.0,8.7,7.5
401360439,ORL,4278052,28.0,9.2,6.3
401360439,ORL,4432809,33.0,14.6,13.5
401360439,ORL,4566434,32.0,15.8,14.3
401360439,ORL,4590530,17.0,2.9,0.4
401360439,WAS,6426,13.0,-1.1,-2.1
401360439,WAS,2580782,32.0,13.0,12.0
401360439,WAS,2581018,31.0,11.3,8.7
401360439,WAS,2968361,21.0,8.2,7.7
401360439,WAS,2991055,21.0,16.3,14.5
401360439,WAS,3134907,35.0,18.3,15.7
401360439,WAS,3934723,12.0,5.6,5.7
401360439,WAS,4066648,12.0,-0.8,-1.1
401360439,WAS,4278049,16.0,9.8,8.2
401360439,WAS,4280151,29.0,7.9,7.4
401360439,WAS,4683021,19.0,7.7,5.5
401360440,ATL,3428,26.0,2.0,1.3
401360440,ATL,2534781,2.0,2.7,2.7
401360440,ATL,3037789,32.0,10.8,8.0
401360440,ATL,3064447,16.0,1.6,1.0
401360440,ATL,3893019,13.0,3.5,3.7
401360440,ATL,3908845,33.0,12.2,9.8
401360440,ATL,4065732,24.0,10.9,8.9
401360440,ATL,4066269,2.0,-0.7,-0.7
401360440,ATL,4066372,33.0,3.4,1.9
401360440,ATL,4277905,32.0,7.1,5.2
401360440,ATL,4431680,24.0,8.0,6.3
401360440,ATL,4432173,2.0,-0.7,-0.7
401360440,MIA,3012,28.0,7.2,3.6
401360440,MIA,3033,28.0,9.6,6.7
401360440,MIA,2580913,18.0,7.4,5.1
401360440,MIA,3074213,29.0,13.6,11.7
401360440,MIA,3137259,20.0,12.4,10.8
401360440,MIA,3138160,33.0,10.4,9.8
401360440,MIA,3157465,32.0,6.1,5.9
401360440,MIA,3923253,1.0,0.0,0.0
401360440,MIA,4065730,1.0,0.7,0.7
401360440,MIA,4065778,15.0,8.2,8.7
401360440,MIA,4395725,36.0,20.8,18.4
401360441,DAL,2528210,29.0,10.1,9.4
401360441,DAL,2528779,19.0,1.9,1.3
401360441,DAL,2531367,17.0,1.9,1.7
401360441,DAL,2578185,34.0,1.5,0.8
401360441,DAL,2960236,37.0,2.6,1.9
401360441,DAL,3057187,6.0,4.2,3.7
401360441,DAL,3138154,1.0,0.0,0.0
401360441,DAL,3907487,7.0,4.3,4.7
401360441,DAL,3934672,37.0,13.3,11.9
401360441,DAL,3945274,36.0,9.7,5.5
401360441,DAL,4230547,1.0,2.0,1.7
401360441,DAL,4397126,3.0,-0.4,-0.7
401360441,DAL,4432811,11.0,1.8,0.6
401360441,NYK,6429,35.0,12.3,9.4
401360441,NYK,6588,33.0,11.9,11.1
401360441,NYK,2991280,21.0,5.8,3.4
401360441,NYK,3064514,37.0,10.5,8.0
401360441,NYK,4277922,1.0,-1.1,-0.7
401360441,NYK,4278075,1.0,0.0,0.0
401360441,NYK,4278355,11.0,0.3,0.3
401360441,NYK,4351852,26.0,20.4,17.4
401360441,NYK,4395625,41.0,22.9,21.2
401360441,NYK,4395724,14.0,-1.4,-0.4
401360441,NYK,4397014,19.0,6.1,5.7
401360441,NYK,4431823,1.0,0.7,0.7
401360442,HOU,3415,20.0,7.9,7.4
401360442,HOU,3431,32.0,28.0,27.2
401360442,HOU,2451037,16.0,6.5,6.7
401360442,HOU,3058254,32.0,17.6,12.7
401360442,HOU,3136777,29.0,17.4,13.7
401360442,HOU,3913180,16.0,-1.0,-1.4
401360442,HOU,4397140,30.0,10.6,11.0
401360442,HOU,4431828,19.0,4.3,3.3
401360442,HOU,4432168,16.0,3.9,3.1
401360442,HOU,4437244,30.0,7.8,5.8
401360442,SAS,2994526,32.0,15.8,14.0
401360442,SAS,3134908,31.0,14.4,12.5
401360442,SAS,3136779,24.0,10.8,9.8
401360442,SAS,3146557,17.0,-1.8,-4.4
401360442,SAS,3907497,37.0,30.3,27.2
401360442,SAS,3946974,3.0,1.3,1.0
401360442,SAS,4277890,25.0,3.9,3.9
401360442,SAS,4395630,22.0,6.4,5.8
401360442,SAS,4395723,24.0,14.3,13.1
401360442,SAS,4702176,25.0,4.4,2.8
401360443,CLE,3449,21.0,11.8,9.7
401360443,CLE,2583962,2.0,0.3,0.0
401360443,CLE,3057198,14.0,2.5,2.0
401360443,CLE,3893016,31.0,1.1,0.4
401360443,CLE,3906786,2.0,2.0,2.0
401360443,CLE,3912848,3.0,-0.7,-0.7
401360443,CLE,4066328,30.0,8.9,6.5
401360443,CLE,4066336,35.0,19.1,18.3
401360443,CLE,4066405,30.0,20.2,17.6
401360443,CLE,4277916,2.0,0.0,0.0
401360443,CLE,4396907,34.0,14.7,12.3
401360443,CLE,4432158,36.0,16.1,13.7
401360443,UTA,3195,27.0,7.3,7.2
401360443,UTA,3593,34.0,0.9,-0.3
401360443,UTA,2528426,34.0,13.1,12.3
401360443,UTA,2583632,36.0,9.6,5.4
401360443,UTA,2968436,13.0,-0.8,-1.1
401360443,UTA,2999549,17.0,1.7,1.0
401360443,UTA,3133817,33.0,16.5,14.6
401360443,UTA,3137713,5.0,-2.1,-2.1
401360443,UTA,3908809,33.0,10.9,10.0
401360443,UTA,4065656,6.0,0.3,0.0
401360444,BKN,3202,30.0,29.5,27.7
401360444,BKN,3989,20.0,9.8,7.6
401360444,BKN,3992,33.0,31.7,28.2
401360444,BKN,3999,5.0,-0.5,0.0
401360444,BKN,4004,22.0,16.2,16.1
401360444,BKN,6442,25.0,5.9,4.7
401360444,BKN,3062667,20.0,9.2,5.1
401360444,BKN,3133635,6.0,3.3,2.7
401360444,BKN,4065670,6.0,1.9,1.7
401360444,BKN,4397107,7.0,1.5,1.3
401360444,BKN,4397693,29.0,7.5,5.4
401360444,BKN,4432174,16.0,0.9,0.3
401360444,BKN,4432194,22.0,13.8,14.3
401360444,CHI,3978,32.0,11.1,9.9
401360444,CHI,6478,31.0,10.6,9.4
401360444,CHI,2530923,20.0,-3.1,-1.4
401360444,CHI,3059311,7.0,4.2,4.2
401360444,CHI,3064440,33.0,16.9,15.3
401360444,CHI,3936099,1.0,-1.0,-1.0
401360444,CHI,4065673,14.0,4.2,1.3
401360444,CHI,4066421,32.0,13.3,10.9
401360444,CHI,4278508,16.0,7.4,7.8
401360444,CHI,4395651,25.0,11.8,10.4
401360444,CHI,4397002,23.0,1.4,1.6
401360444,CHI,4397016,4.0,2.4,2.1
401360444,CHI,4683622,3.0,3.0,3.0
401360445,LAL,1966,39.0,22.5,20.8
401360445,LAL,2384,15.0,10.3,9.8
401360445,LAL,2426,25.0,5.2,2.1
401360445,LAL,3468,37.0,6.4,3.9
401360445,LAL,3981,9.0,-0.4,-1.4
401360445,LAL,4240,27.0,5.2,4.7
401360445,LAL,3134881,12.0,5.0,5.4
401360445,LAL,4066262,29.0,18.1,16.5
401360445,LAL,4066457,28.0,16.1,16.2
401360445,LAL,4396991,19.0,1.1,2.0
401360445,SAC,6578,38.0,21.4,18.9
401360445,SAC,6591,6.0,1.5,1.0
401360445,SAC,2596107,18.0,7.0,6.9
401360445,SAC,2990984,29.0,6.5,6.4
401360445,SAC,3914283,22.0,16.9,12.2
401360445,SAC,3919454,5.0,2.2,2.7
401360445,SAC,4066259,37.0,18.5,18.4
401360445,SAC,4277848,30.0,13.2,11.4
401360445,SAC,4278053,18.0,7.6,4.1
401360445,SAC,4396993,38.0,16.2,13.0
401360445,SAC,4397424,1.0,-0.7,-0.7
401360446,GSW,2386,13.0,0.6,0.7
401360446,GSW,3975,29.0,9.1,4.7
401360446,GSW,4269,15.0,-2.1,-2.1
401360446,GSW,6475,21.0,5.8,4.9
401360446,GSW,2594922,15.0,8.2,5.7
401360446,GSW,2595209,23.0,5.7,3.7
401360446,GSW,3059319,28.0,10.3,9.4
401360446,GSW,3134903,5.0,0.6,-0.3
401360446,GSW,3137795,14.0,1.6,1.4
401360446,GSW,3155535,15.0,6.6,6.6
401360446,GSW,4277956,24.0,3.0,2.9
401360446,GSW,4401416,18.0,7.1,4.9
401360446,GSW,4433247,19.0,9.3,7.8
401360446,MIL,3438,18.0,-0.1,-0.3
401360446,MIL,4032,23.0,6.6,4.7
401360446,MIL,6609,30.0,21.7,19.6
401360446,MIL,2578239,16.0,5.2,4.8
401360446,MIL,2581177,13.0,4.4,4.1
401360446,MIL,3032977,30.0,29.3,25.0
401360446,MIL,3056602,5.0,3.7,2.7
401360446,MIL,3064482,25.0,12.2,10.0
401360446,MIL,3102533,5.0,2.0,1.7
401360446,MIL,3135045,27.0,13.2,9.4
401360446,MIL,3934673,20.0,0.3,-1.4
401360446,MIL,4277883,20.0,1.8,-1.9
401360446,MIL,4277887,5.0,3.0,1.7
401360446,MIL,4278580,6.0,0.7,0.7
401360447,MEM,2993874,23.0,5.5,4.0
401360447,MEM,3134932,30.0,19.7,16.7
401360447,MEM,3135046,16.0,3.9,2.7
401360447,MEM,3906665,26.0,14.4,12.9
401360447,MEM,4066320,32.0,15.1,11.0
401360447,MEM,4066436,16.0,5.6,3.3
401360447,MEM,4277961,33.0,17.7,13.2
401360447,MEM,4277964,15.0,2.6,0.7
401360447,MEM,4279888,32.0,11.1,10.8
401360447,MEM,4433137,18.0,2.9,2.3
401360447,MIN,3964,30.0,5.3,1.3
401360447,MIN,2990962,10.0,2.0,2.4
401360447,MIN,3136195,40.0,19.9,17.0
401360447,MIN,3136776,35.0,21.1,21.9
401360447,MIN,3907822,24.0,-0.0,0.6
401360447,MIN,4065663,3.0,-0.7,-0.7
401360447,MIN,4278077,30.0,7.6,6.9
401360447,MIN,4396971,11.0,-1.6,-3.6
401360447,MIN,4431671,19.0,1.1,0.3
401360447,MIN,4594268,38.0,20.2,19.4
401360448,LAC,3416,24.0,5.8,2.3
401360448,LAC,3439,20.0,8.4,6.0
401360448,LAC,4238,9.0,1.7,1.4
401360448,LAC,6443,25.0,1.0,-0.8
401360448,LAC,6462,23.0,3.7,2.8
401360448,LAC,3907823,31.0,9.7,9.3
401360448,LAC,3914075,15.0,9.4,9.8
401360448,LAC,4017837,20.0,5.1,5.1
401360448,LAC,4066264,4.0,1.2,1.4
401360448,LAC,4066387,26.0,4.8,3.1
401360448,LAC,4432162,23.0,8.2,6.0
401360448,LAC,4683023,21.0,-0.9,-1.1
401360448,NOP,4023,13.0,-0.5,-0.1
401360448,NOP,6477,32.0,15.2,11.8
401360448,NOP,3062679,34.0,7.2,6.6
401360448,NOP,3132042,6.0,-1.9,-2.1
401360448,NOP,3133601,33.0,10.8,9.7
401360448,NOP,3913176,33.0,19.2,17.5
401360448,NOP,4277813,32.0,17.3,13.6
401360448,NOP,4277869,15.0,10.1,6.2
401360448,NOP,4278039,21.0,-0.1,-0.8
401360448,NOP,4278594,3.0,3.3,3.0
401360448,NOP,4397077,16.0,14.5,13.6
401360448,NOP,4397688,3.0,2.0,1.3
401360449,BKN,3015,19.0,11.4,7.9
401360449,BKN,3989,13.0,4.2,3.7
401360449,BKN,3992,36.0,23.5,17.4
401360449,BKN,3999,9.0,4.4,4.1
401360449,BKN,3062667,13.0,0.5,1.7
401360449,BKN,3133635,25.0,1.1,0.6
401360449,BKN,4065670,27.0,9.9,6.1
401360449,BKN,4397107,20.0,11.4,10.5
401360449,BKN,4397693,25.0,4.9,5.0
401360449,BKN,4432174,33.0,10.9,10.5
401360449,BKN,4432194,20.0,3.5,2.4
401360449,OKC,2490089,12.0,13.1,11.8
401360449,OKC,3947156,10.0,-0.5,0.3
401360449,OKC,4065733,25.0,2.9,2.4
401360449,OKC,4278073,35.0,31.9,27.1
401360449,OKC,4397020,33.0,19.2,19.7
401360449,OKC,4397183,27.0,7.0,7.1
401360449,OKC,4423545,20.0,13.7,11.8
401360449,OKC,4432813,24.0,1.4,0.7
401360449,OKC,4432819,23.0,13.2,8.2
401360449,OKC,4871145,31.0,15.1,13.9
401360450,DEN,3209,30.0,16.7,16.7
401360450,DEN,6579,25.0,16.4,15.3
401360450,DEN,6617,27.0,4.8,5.0
401360450,DEN,2968334,27.0,21.2,18.8
401360450,DEN,3059262,5.0,3.7,3.4
401360450,DEN,3059310,22.0,7.2,7.7
401360450,DEN,3064290,27.0,4.4,1.7
401360450,DEN,3112335,28.0,21.1,18.1
401360450,DEN,4065805,3.0,2.0,2.0
401360450,DEN,4431690,22.0,17.3,15.6
401360450,DEN,4592492,23.0,8.9,10.1
401360450,POR,2490620,30.0,8.7,3.9
401360450,POR,2528353,17.0,4.3,3.4
401360450,POR,2578213,29.0,13.8,12.0
401360450,POR,3102530,25.0,9.4,7.5
401360450,POR,3152335,15.0,3.8,3.6
401360450,POR,4065697,36.0,15.6,15.2
401360450,POR,4395652,27.0,10.5,8.9
401360450,POR,4397166,27.0,9.2,7.1
401360450,POR,4431675,23.0,4.5,3.6
401360450,POR,4432161,10.0,5.7,6.1
401360451,CHA,4249,38.0,11.9,10.7
401360451,CHA,4305,7.0,6.3,3.7
401360451,CHA,2488653,27.0,10.2,8.8
401360451,CHA,3074752,39.0,14.0,10.9
401360451,CHA,3138161,23.0,5.2,1.7
401360451,CHA,4066383,42.0,10.7,10.0
401360451,CHA,4066731,16.0,4.5,3.7
401360451,CHA,4278078,19.0,-0.8,-0.3
401360451,CHA,4432816,30.0,19.2,17.6
401360451,ORL,3447,20.0,10.0,9.8
401360451,ORL,6619,27.0,4.1,4.0
401360451,ORL,2999547,34.0,14.2,12.0
401360451,ORL,3150844,28.0,19.1,18.2
401360451,ORL,4278052,22.0,7.3,1.6
401360451,ORL,4432165,22.0,9.3,7.6
401360451,ORL,4432809,29.0,6.6,5.7
401360451,ORL,4566434,37.0,18.2,15.1
401360451,ORL,4590530,21.0,5.2,3.7
401360452,DET,6446,26.0,7.5,8.5
401360452,DET,3136196,33.0,23.0,18.1
401360452,DET,4066297,21.0,8.1,7.3
401360452,DET,4080610,26.0,13.5,11.5
401360452,DET,4278124,13.0,2.1,1.9
401360452,DET,4397136,33.0,10.7,10.7
401360452,DET,4431686,14.0,-1.3,-0.7
401360452,DET,4432166,33.0,14.9,12.2
401360452,DET,4432810,15.0,-1.6,-1.7
401360452,DET,4683024,26.0,8.1,5.8
401360452,TOR,2578240,4.0,0.0,0.0
401360452,TOR,2991230,42.0,21.4,19.3
401360452,TOR,3133602,7.0,-0.8,-1.4
401360452,TOR,3133838,8.0,-0.2,-1.1
401360452,TOR,3149673,41.0,18.1,17.0
401360452,TOR,3934719,37.0,5.1,4.9
401360452,TOR,3948153,25.0,7.7,6.7
401360452,TOR,4066668,1.0,0.0,0.0
401360452,TOR,4397885,6.0,-1.4,-1.7
401360452,TOR,4431679,25.0,2.0,1.0
401360452,TOR,4432907,12.0,-1.0,0.0
401360452,TOR,4433134,33.0,4.0,3.0
401360453,IND,4244,10.0,-0.5,0.2
401360453,IND,2284101,37.0,24.1,20.2
401360453,IND,2528693,25.0,4.8,4.7
401360453,IND,2596247,18.0,-0.2,0.3
401360453,IND,2991043,39.0,16.1,15.3
401360453,IND,3133628,28.0,6.0,1.2
401360453,IND,3155942,37.0,14.8,10.4
401360453,IND,4278031,16.0,0.1,0.3
401360453,IND,4348700,1.0,0.0,0.0
401360453,IND,4397235,3.0,0.0,0.0
401360453,IND,4432170,1.0,1.0,0.0
401360453,IND,4592402,25.0,1.9,-0.3
401360453,PHX,2779,33.0,12.1,9.3
401360453,PHX,3452,17.0,8.3,6.4
401360453,PHX,6581,31.0,7.7,4.3
401360453,PHX,2583639,1.0,0.0,0.0
401360453,PHX,3059307,1.0,-0.7,-0.7
401360453,PHX,3064230,24.0,10.7,11.6
401360453,PHX,3136193,35.0,23.5,23.0
401360453,PHX,3147657,30.0,1.8,0.6
401360453,PHX,3914044,20.0,5.2,4.6
401360453,PHX,4278129,30.0,23.6,20.4
401360453,PHX,4397189,17.0,1.3,-2.7
401360454,BOS,3213,17.0,2.8,2.7
401360454,BOS,6447,14.0,-0.4,-0.3
401360454,BOS,2581190,18.0,5.2,4.7
401360454,BOS,3032979,25.0,-4.0,-3.5
401360454,BOS,3917376,32.0,5.5,6.5
401360454,BOS,4065648,32.0,9.9,8.1
401360454,BOS,4066211,31.0,13.8,11.3
401360454,BOS,4066218,14.0,3.9,4.1
401360454,BOS,4066354,24.0,16.1,14.6
401360454,BOS,4277952,3.0,1.2,1.3
401360454,BOS,4396909,9.0,11.8,8.8
401360454,BOS,4397008,16.0,1.2,-0.8
401360454,BOS,4407254,3.0,-1.0,-1.0
401360454,PHI,6440,39.0,12.0,10.1
401360454,PHI,6585,16.0,10.1,9.2
401360454,PHI,2326307,36.0,13.0,11.5
401360454,PHI,2990969,18.0,3.2,2.6
401360454,PHI,3059318,32.0,24.7,20.2
401360454,PHI,3907498,28.0,11.3,4.5
401360454,PHI,3929325,27.0,5.5,4.0
401360454,PHI,4065816,1.0,0.0,0.0
401360454,PHI,4066508,2.0,-1.1,-0.7
401360454,PHI,4395702,3.0,-1.1,-0.7
401360454,PHI,4431678,38.0,18.7,18.5
401360455,ATL,3428,34.0,13.4,11.3
401360455,ATL,2534781,15.0,2.1,0.7
401360455,ATL,3037789,23.0,4.7,5.7
401360455,ATL,3064447,13.0,12.4,9.1
401360455,ATL,3893019,17.0,0.1,0.0
401360455,ATL,3908845,30.0,8.9,10.4
401360455,ATL,4065732,30.0,17.9,15.8
401360455,ATL,4066372,27.0,8.8,9.4
401360455,ATL,4277905,35.0,19.3,20.0
401360455,ATL,4431680,16.0,5.1,3.4
401360455,MIA,3012,36.0,13.3,11.6
401360455,MIA,3033,33.0,14.4,13.8
401360455,MIA,6430,33.0,24.9,22.4
401360455,MIA,2580913,14.0,8.4,8.5
401360455,MIA,3074213,28.0,17.8,16.6
401360455,MIA,3137259,6.0,-0.7,-0.7
401360455,MIA,3138160,21.0,0.7,-0.7
401360455,MIA,3157465,18.0,-1.2,-1.0
401360455,MIA,4065778,20.0,13.0,12.8
401360455,MIA,4395725,32.0,14.5,14.7
401360456,CHI,3978,29.0,17.1,15.9
401360456,CHI,6478,30.0,21.7,16.4
401360456,CHI,2530923,19.0,4.1,3.6
401360456,CHI,3059311,18.0,4.9,3.0
401360456,CHI,3064440,4.0,-0.7,-0.3
401360456,CHI,4065673,15.0,2.0,1.0
401360456,CHI,4066421,24.0,5.5,6.4
401360456,CHI,4278508,27.0,-1.5,-1.0
401360456,CHI,4395651,29.0,10.9,10.4
401360456,CHI,4397002,32.0,-4.9,-3.6
401360456,CHI,4397016,8.0,-0.2,0.6
401360456,CHI,4683622,7.0,7.5,6.3
401360456,GSW,2386,11.0,9.1,4.4
401360456,GSW,3975,28.0,12.9,11.3
401360456,GSW,4269,24.0,11.8,8.6
401360456,GSW,2594922,19.0,16.0,9.9
401360456,GSW,2595209,27.0,8.5,6.7
401360456,GSW,3059319,28.0,20.3,19.9
401360456,GSW,3137795,12.0,3.0,3.1
401360456,GSW,3155535,24.0,16.1,15.1
401360456,GSW,4277956,29.0,12.9,13.4
401360456,GSW,4401416,14.0,3.6,3.7
401360456,GSW,4433247,26.0,24.3,22.3
401360457,CLE,3449,16.0,5.2,4.7
401360457,CLE,3057198,11.0,9.1,8.2
401360457,CLE,3893016,24.0,8.4,8.2
401360457,CLE,4066328,32.0,16.9,12.8
401360457,CLE,4066336,34.0,8.2,5.8
401360457,CLE,4066405,31.0,7.5,5.7
401360457,CLE,4396907,37.0,26.0,23.5
401360457,CLE,4432158,39.0,9.5,7.7
401360457,CLE,4432822,16.0,1.4,1.5
401360457,SAS,2528588,25.0,-1.7,-2.2
401360457,SAS,2994526,17.0,11.6,12.8
401360457,SAS,3134908,33.0,4.1,-1.7
401360457,SAS,3136779,18.0,8.0,6.8
401360457,SAS,3146557,15.0,6.3,4.7
401360457,SAS,3907497,36.0,26.1,23.7
401360457,SAS,4277890,29.0,8.9,10.1
401360457,SAS,4395630,28.0,2.8,1.6
401360457,SAS,4395723,30.0,13.3,12.8
401360457,SAS,4702176,10.0,-0.8,-1.0
401360458,DAL,2528210,26.0,10.0,9.2
401360458,DAL,2528779,21.0,8.6,7.8
401360458,DAL,2531367,32.0,13.6,12.5
401360458,DAL,2578185,32.0,9.3,8.1
401360458,DAL,2579260,3.0,1.2,0.7
401360458,DAL,2960236,27.0,2.2,1.0
401360458,DAL,3057187,6.0,-1.5,-1.4
401360458,DAL,3907487,16.0,12.8,12.1
401360458,DAL,3934672,32.0,20.1,14.0
401360458,DAL,3945274,32.0,20.5,17.7
401360458,DAL,4230547,3.0,-2.0,-2.0
401360458,DAL,4432811,10.0,-2.2,-1.4
401360458,MEM,2991235,21.0,11.1,8.3
401360458,MEM,2993874,19.0,9.2,8.0
401360458,MEM,3134932,20.0,-1.5,-0.7
401360458,MEM,3135046,14.0,-1.1,-1.4
401360458,MEM,3136991,5.0,1.0,0.0
401360458,MEM,3906665,20.0,8.7,6.4
401360458,MEM,4066320,29.0,10.4,9.0
401360458,MEM,4066436,11.0,0.1,0.6
401360458,MEM,4277928,5.0,0.5,-0.5
401360458,MEM,4277961,27.0,1.5,-1.5
401360458,MEM,4277964,5.0,1.6,1.7
401360458,MEM,4279888,32.0,12.0,8.9
401360458,MEM,4433137,29.0,3.4,3.3
401360458,MEM,4593125,5.0,-0.4,-0.7
401360459,HOU,3415,12.0,6.6,6.0
401360459,HOU,3431,29.0,13.3,12.8
401360459,HOU,2451037,6.0,-1.5,-1.7
401360459,HOU,3058254,26.0,19.8,16.7
401360459,HOU,3136777,31.0,20.6,18.4
401360459,HOU,3913180,22.0,-2.4,-2.8
401360459,HOU,4397140,31.0,15.7,12.6
401360459,HOU,4431828,18.0,-3.0,-4.5
401360459,HOU,4432168,18.0,3.4,2.1
401360459,HOU,4437244,32.0,3.8,3.9
401360459,HOU,4871144,14.0,7.3,6.8
401360459,SAC,6578,38.0,14.0,12.9
401360459,SAC,2596107,12.0,4.6,2.4
401360459,SAC,2990984,32.0,14.6,12.9
401360459,SAC,3914283,13.0,3.8,3.4
401360459,SAC,3919454,18.0,11.6,9.7
401360459,SAC,4066259,34.0,22.2,19.2
401360459,SAC,4277848,33.0,23.0,19.3
401360459,SAC,4278053,24.0,0.7,-0.8
401360459,SAC,4396993,31.0,13.4,12.7
401360459,SAC,4397424,5.0,1.2,1.7
401360460,MIL,3438,27.0,5.1,4.0
401360460,MIL,4032,30.0,2.7,0.9
401360460,MIL,6609,37.0,14.1,8.9
401360460,MIL,2578239,20.0,3.0,3.3
401360460,MIL,2581177,8.0,-1.1,-1.4
401360460,MIL,3032977,35.0,20.5,19.3
401360460,MIL,3064482,34.0,11.4,8.4
401360460,MIL,3135045,28.0,16.2,15.8
401360460,MIL,3934673,17.0,0.4,-0.3
401360460,MIL,4277883,5.0,-0.4,-1.0
401360460,TOR,2991230,42.0,11.8,9.6
401360460,TOR,3133602,7.0,-0.4,-0.7
401360460,TOR,3133838,5.0,0.0,0.0
401360460,TOR,3149673,40.0,23.0,21.2
401360460,TOR,3934719,39.0,14.0,13.9
401360460,TOR,3948153,36.0,13.1,9.7
401360460,TOR,4431679,39.0,12.8,9.9
401360460,TOR,4432907,31.0,4.9,2.8
401360461,POR,2490620,40.0,15.1,10.3
401360461,POR,2528353,20.0,0.2,-1.0
401360461,POR,2578213,28.0,2.8,3.8
401360461,POR,3102530,31.0,16.5,13.6
401360461,POR,3152335,3.0,-0.7,-0.7
401360461,POR,4065697,23.0,9.9,6.0
401360461,POR,4351851,40.0,28.0,26.0
401360461,POR,4395652,29.0,13.2,13.4
401360461,POR,4397166,18.0,4.5,2.9
401360461,POR,4431675,8.0,-2.2,-0.7
401360461,WAS,2580782,34.0,18.6,19.9
401360461,WAS,2581018,29.0,-0.3,-0.1
401360461,WAS,2968361,19.0,1.0,0.0
401360461,WAS,2991055,25.0,12.4,11.5
401360461,WAS,3134907,37.0,8.4,5.4
401360461,WAS,3922230,12.0,11.3,11.9
401360461,WAS,3934723,12.0,-2.3,-2.1
401360461,WAS,4066648,15.0,2.5,2.3
401360461,WAS,4278049,11.0,0.0,0.6
401360461,WAS,4280151,26.0,13.4,11.8
401360461,WAS,4683021,20.0,3.0,1.2
401360462,ATL,2799,14.0,7.8,7.5
401360462,ATL,3428,27.0,10.0,9.6
401360462,ATL,2534781,13.0,5.7,5.3
401360462,ATL,3064447,24.0,5.6,4.7
401360462,ATL,3893019,15.0,2.9,3.7
401360462,ATL,3908845,29.0,8.1,8.1
401360462,ATL,4065732,30.0,5.1,3.9
401360462,ATL,4066372,30.0,6.5,5.1
401360462,ATL,4277905,34.0,19.5,16.4
401360462,ATL,4431680,24.0,13.3,11.6
401360462,NYK,3986,17.0,5.5,5.7
401360462,NYK,6429,36.0,20.1,18.6
401360462,NYK,6588,32.0,9.6,10.1
401360462,NYK,3064514,38.0,18.8,18.9
401360462,NYK,4278355,11.0,0.3,0.7
401360462,NYK,4351852,31.0,15.5,12.5
401360462,NYK,4395625,41.0,17.6,16.2
401360462,NYK,4395724,20.0,-1.0,-1.4
401360462,NYK,4397014,16.0,7.3,8.5
401360463,BKN,3202,12.0,10.6,8.4
401360463,BKN,3989,20.0,8.7,7.9
401360463,BKN,3992,40.0,27.5,24.9
401360463,BKN,4004,29.0,17.7,16.8
401360463,BKN,3062667,17.0,1.6,-0.3
401360463,BKN,3133635,2.0,1.0,1.0
401360463,BKN,4065670,18.0,0.7,1.0
401360463,BKN,4397107,2.0,-0.4,0.0
401360463,BKN,4397693,37.0,13.5,12.5
401360463,BKN,4432174,35.0,14.9,12.5
401360463,BKN,4432194,27.0,7.3,7.8
401360463,NOP,4023,21.0,2.9,2.0
401360463,NOP,6477,30.0,8.1,9.1
401360463,NOP,3062679,33.0,15.2,10.2
401360463,NOP,3132042,5.0,1.0,0.7
401360463,NOP,3133601,29.0,8.0,6.1
401360463,NOP,3913176,34.0,16.2,15.0
401360463,NOP,4277813,29.0,10.8,11.9
401360463,NOP,4277869,16.0,3.9,2.9
401360463,NOP,4278039,21.0,5.3,4.3
401360463,NOP,4278594,2.0,1.7,1.7
401360463,NOP,4397077,18.0,9.9,9.3
401360463,NOP,4397688,2.0,1.0,0.0
401360464,MIA,3012,35.0,6.0,6.0
401360464,MIA,3033,32.0,5.7,3.9
401360464,MIA,6430,35.0,10.2,7.0
401360464,MIA,2580913,19.0,3.0,1.3
401360464,MIA,3074213,24.0,20.5,19.7
401360464,MIA,3138160,17.0,21.6,17.0
401360464,MIA,3157465,17.0,-2.9,-3.2
401360464,MIA,4065778,28.0,3.2,2.5
401360464,MIA,4395725,32.0,11.0,9.2
401360464,PHI,6440,42.0,18.7,16.3
401360464,PHI,6585,11.0,2.1,-1.0
401360464,PHI,2326307,40.0,16.9,14.2
401360464,PHI,2990969,25.0,7.9,9.1
401360464,PHI,3059318,36.0,26.0,22.4
401360464,PHI,3929325,25.0,3.9,4.7
401360464,PHI,4066508,15.0,0.8,1.7
401360464,PHI,4395702,4.0,-1.0,-1.0
401360464,PHI,4431678,40.0,9.2,7.3
401360465,CLE,3449,21.0,7.6,7.0
401360465,CLE,3057198,11.0,5.4,3.8
401360465,CLE,3893016,13.0,-0.4,-0.4
401360465,CLE,3906786,17.0,4.9,4.0
401360465,CLE,4066328,33.0,11.3,9.6
401360465,CLE,4066336,32.0,12.0,7.3
401360465,CLE,4066405,19.0,2.2,2.3
401360465,CLE,4396907,37.0,30.1,29.4
401360465,CLE,4432158,33.0,14.6,12.4
401360465,CLE,4432822,24.0,3.3,4.2
401360465,OKC,4257,17.0,8.4,7.9
401360465,OKC,2490089,8.0,8.0,7.4
401360465,OKC,3947156,13.0,1.5,0.7
401360465,OKC,4065733,18.0,8.6,7.4
401360465,OKC,4278073,34.0,14.0,12.3
401360465,OKC,4397020,29.0,8.3,8.2
401360465,OKC,4397183,10.0,-1.7,-1.7
401360465,OKC,4423545,28.0,15.1,13.5
401360465,OKC,4432813,27.0,3.5,1.6
401360465,OKC,4432819,25.0,1.1,1.3
401360465,OKC,4871145,30.0,7.6,5.6
401360466,BOS,3213,30.0,13.3,12.6
401360466,BOS,6447,8.0,4.7,5.1
401360466,BOS,2581190,29.0,11.7,10.8
401360466,BOS,3032979,36.0,19.1,17.0
401360466,BOS,3917376,36.0,16.4,11.7
401360466,BOS,4065648,40.0,14.0,11.0
401360466,BOS,4066211,35.0,17.7,14.4
401360466,BOS,4066218,14.0,2.6,2.7
401360466,BOS,4066354,12.0,2.2,2.3
401360466,CHI,3978,37.0,17.8,15.4
401360466,CHI,6478,35.0,25.5,21.7
401360466,CHI,2530923,27.0,0.2,1.2
401360466,CHI,3056245,18.0,1.7,2.2
401360466,CHI,3059311,17.0,2.5,3.0
401360466,CHI,4065673,13.0,5.3,5.1
401360466,CHI,4278508,13.0,1.6,1.1
401360466,CHI,4395651,39.0,14.1,14.1
401360466,CHI,4397002,40.0,24.4,24.3
401360467,LAC,3416,27.0,7.5,6.3
401360467,LAC,3439,18.0,9.7,7.8
401360467,LAC,4238,26.0,3.0,0.7
401360467,LAC,6443,25.0,1.4,-0.2
401360467,LAC,6462,37.0,8.6,7.0
401360467,LAC,3907823,31.0,2.5,3.1
401360467,LAC,4017837,21.0,10.0,8.6
401360467,LAC,4066387,32.0,18.0,15.8
401360467,LAC,4222252,6.0,5.1,5.1
401360467,LAC,4432162,17.0,2.4,1.7
401360467,SAS,2528588,23.0,0.8,1.2
401360467,SAS,3078576,25.0,17.4,13.8
401360467,SAS,3136779,22.0,11.8,10.4
401360467,SAS,3146557,26.0,11.6,10.5
401360467,SAS,3907497,36.0,18.1,13.3
401360467,SAS,3914285,19.0,1.2,-0.3
401360467,SAS,4277890,20.0,2.7,2.5
401360467,SAS,4395630,31.0,7.8,3.9
401360467,SAS,4395723,33.0,11.7,11.4
401360467,SAS,4702176,6.0,-2.4,-2.4
401360468,DEN,3209,29.0,24.1,23.0
401360468,DEN,6579,23.0,10.7,9.8
401360468,DEN,2579321,7.0,2.7,2.4
401360468,DEN,2968334,26.0,10.6,9.5
401360468,DEN,3059262,27.0,12.0,9.8
401360468,DEN,3059310,22.0,8.3,6.3
401360468,DEN,3064290,23.0,8.8,9.8
401360468,DEN,3112335,28.0,22.5,18.9
401360468,DEN,4431690,24.0,5.7,3.2
401360468,DEN,4592492,33.0,23.3,19.8
401360468,LAL,1966,31.0,16.6,12.8
401360468,LAL,2384,21.0,11.0,11.2
401360468,LAL,2426,21.0,10.1,9.5
401360468,LAL,3442,12.0,5.7,4.8
401360468,LAL,3468,26.0,14.9,14.1
401360468,LAL,3981,15.0,0.1,-0.4
401360468,LAL,4240,20.0,2.6,1.7
401360468,LAL,6637,9.0,1.8,2.0
401360468,LAL,3134881,13.0,0.8,1.0
401360468,LAL,4066262,25.0,4.3,4.2
401360468,LAL,4066457,27.0,1.4,0.2
401360468,LAL,4396991,21.0,2.0,0.2
401360469,DAL,2528210,23.0,6.9,7.1
401360469,DAL,2528779,19.0,5.7,5.4
401360469,DAL,2531367,13.0,7.5,7.8
401360469,DAL,2578185,23.0,0.6,-1.7
401360469,DAL,2579260,4.0,-1.1,-0.7
401360469,DAL,2960236,19.0,4.0,2.7
401360469,DAL,3057187,14.0,1.8,1.3
401360469,DAL,3102531,28.0,16.2,14.2
401360469,DAL,3907487,6.0,0.9,0.6
401360469,DAL,3934672,28.0,19.7,16.6
401360469,DAL,3945274,31.0,15.1,13.9
401360469,DAL,4230547,6.0,3.3,1.7
401360469,DAL,4432811,25.0,5.2,5.5
401360469,ORL,3447,17.0,11.5,12.3
401360469,ORL,6619,23.0,1.2,0.3
401360469,ORL,2999547,25.0,2.4,3.3
401360469,ORL,3150844,20.0,15.2,13.1
401360469,ORL,3918423,6.0,0.3,0.0
401360469,ORL,4277919,17.0,2.3,1.7
401360469,ORL,4278052,25.0,5.2,1.2
401360469,ORL,4397205,6.0,-1.5,-2.1
401360469,ORL,4432165,24.0,8.0,9.1
401360469,ORL,4432809,26.0,9.5,9.1
401360469,ORL,4566434,27.0,1.4,0.9
401360469,ORL,4590530,24.0,3.4,1.7
401360470,HOU,3431,32.0,11.1,9.1
401360470,HOU,3058254,33.0,20.1,14.3
401360470,HOU,3136777,27.0,6.2,5.9
401360470,HOU,3913180,23.0,12.7,14.4
401360470,HOU,4066450,12.0,-1.7,-2.8
401360470,HOU,4397140,36.0,17.9,15.9
401360470,HOU,4431828,22.0,8.6,7.1
401360470,HOU,4432168,11.0,1.6,0.0
401360470,HOU,4437244,29.0,9.6,9.9
401360470,HOU,4871144,15.0,2.7,2.0
401360470,SAC,6578,32.0,11.6,9.0
401360470,SAC,6591,19.0,5.0,4.0
401360470,SAC,2596107,13.0,1.0,1.3
401360470,SAC,2990984,30.0,21.7,17.4
401360470,SAC,2993370,15.0,2.2,2.4
401360470,SAC,3064559,14.0,-1.0,-1.1
401360470,SAC,3914283,26.0,8.2,6.3
401360470,SAC,3919454,37.0,16.3,12.8
401360470,SAC,4066259,26.0,6.7,7.0
401360470,SAC,4278053,28.0,18.5,14.3
401360471,GSW,2386,20.0,-0.4,-1.4
401360471,GSW,4269,15.0,-0.2,-1.1
401360471,GSW,6475,23.0,6.4,4.6
401360471,GSW,2594922,26.0,14.3,10.5
401360471,GSW,2595209,24.0,7.9,6.4
401360471,GSW,3059319,29.0,7.8,6.9
401360471,GSW,3137795,5.0,-1.0,-1.0
401360471,GSW,3155535,25.0,8.1,5.5
401360471,GSW,4277956,33.0,11.0,11.7
401360471,GSW,4401416,8.0,3.1,3.3
401360471,GSW,4433247,33.0,11.8,10.1
401360471,MIN,3964,25.0,10.4,8.3
401360471,MIN,2982268,3.0,1.0,0.0
401360471,MIN,2990962,12.0,3.9,2.7
401360471,MIN,3136195,30.0,20.4,18.1
401360471,MIN,3136776,22.0,7.4,4.9
401360471,MIN,3907822,24.0,12.9,13.1
401360471,MIN,4065663,3.0,0.6,0.6
401360471,MIN,4067325,3.0,0.5,-1.4
401360471,MIN,4278077,24.0,10.3,8.9
401360471,MIN,4278507,3.0,0.6,1.0
401360471,MIN,4278541,25.0,13.8,14.1
401360471,MIN,4396971,15.0,8.4,6.5
401360471,MIN,4431671,21.0,2.7,-0.1
401360471,MIN,4594268,28.0,6.0,4.0
401360471,MIN,4683025,2.0,0.0,0.0
401360472,DEN,3209,20.0,3.6,3.4
401360472,DEN,6579,36.0,11.2,9.3
401360472,DEN,2579321,3.0,0.6,0.6
401360472,DEN,2968334,19.0,-5.5,-3.8
401360472,DEN,3059262,16.0,3.2,3.7
401360472,DEN,3059310,29.0,9.5,6.7
401360472,DEN,3064290,35.0,19.4,17.3
401360472,DEN,3112335,37.0,28.9,25.3
401360472,DEN,4431690,10.0,0.1,0.7
401360472,DEN,4592492,37.0,6.0,6.3
401360472,UTA,3005,21.0,3.3,1.9
401360472,UTA,3195,23.0,7.4,6.2
401360472,UTA,3593,31.0,17.6,16.1
401360472,UTA,2528426,27.0,16.5,13.4
401360472,UTA,2583632,31.0,9.8,9.1
401360472,UTA,2968436,21.0,4.2,3.4
401360472,UTA,2999549,2.0,0.3,0.0
401360472,UTA,3032976,35.0,22.2,18.0
401360472,UTA,3133817,9.0,9.0,8.1
401360472,UTA,3908809,35.0,22.7,20.3
401360472,UTA,4065656,6.0,1.2,0.0
401360473,BOS,3213,25.0,13.2,11.2
401360473,BOS,6447,23.0,3.1,1.7
401360473,BOS,2581190,19.0,1.2,-1.6
401360473,BOS,3032979,41.0,22.4,20.4
401360473,BOS,3917376,35.0,14.9,13.7
401360473,BOS,4065648,38.0,20.7,18.0
401360473,BOS,4066218,25.0,6.9,5.7
401360473,BOS,4066354,11.0,-1.1,-1.4
401360473,BOS,4396909,19.0,1.6,1.0
401360473,BOS,4397008,5.0,-1.4,-1.4
401360473,NOP,4023,18.0,-1.2,-1.4
401360473,NOP,6477,33.0,16.9,14.9
401360473,NOP,3062679,39.0,11.7,9.1
401360473,NOP,3133601,33.0,7.3,4.7
401360473,NOP,3913176,35.0,11.3,8.7
401360473,NOP,4277813,34.0,12.0,10.6
401360473,NOP,4277869,15.0,3.0,1.0
401360473,NOP,4278039,18.0,5.9,5.6
401360473,NOP,4397077,15.0,3.2,0.2
401360474,CHA,4249,36.0,8.6,7.2
401360474,CHA,4305,14.0,-0.8,-1.8
401360474,CHA,2488653,28.0,4.7,4.7
401360474,CHA,3074752,35.0,20.3,17.5
401360474,CHA,3138161,46.0,6.4,4.2
401360474,CHA,4066383,39.0,36.6,32.8
401360474,CHA,4066731,20.0,-1.0,-1.8
401360474,CHA,4278076,2.0,0.0,0.0
401360474,CHA,4278078,20.0,-1.0,-0.7
401360474,NYK,3986,19.0,-0.5,-1.0
401360474,NYK,6429,26.0,3.9,4.6
401360474,NYK,6588,25.0,2.5,1.9
401360474,NYK,3064514,31.0,14.0,12.7
401360474,NYK,4277922,4.0,0.0,0.0
401360474,NYK,4278355,17.0,7.0,5.6
401360474,NYK,4351852,26.0,9.9,7.7
401360474,NYK,4395625,39.0,10.1,5.6
401360474,NYK,4395724,29.0,8.7,7.8
401360474,NYK,4397014,23.0,8.4,5.8
401360474,NYK,4431823,3.0,-0.1,-0.7
401360475,PHI,6440,25.0,-1.5,0.9
401360475,PHI,6585,15.0,3.2,0.4
401360475,PHI,2326307,32.0,7.4,4.8
401360475,PHI,2990969,24.0,6.8,7.1
401360475,PHI,3059318,29.0,19.9,19.7
401360475,PHI,3929325,28.0,5.0,2.7
401360475,PHI,4065816,4.0,-0.7,-0.7
401360475,PHI,4066508,23.0,4.5,2.7
401360475,PHI,4278562,4.0,-1.2,-1.5
401360475,PHI,4395702,18.0,4.8,3.6
401360475,PHI,4397886,4.0,4.1,4.1
401360475,PHI,4431678,33.0,16.5,14.7
401360475,WAS,6580,33.0,11.0,9.1
401360475,WAS,2580782,27.0,7.9,6.4
401360475,WAS,2581018,29.0,9.1,6.6
401360475,WAS,2581184,3.0,-1.4,-1.0
401360475,WAS,2968361,23.0,5.0,4.8
401360475,WAS,2991055,21.0,15.1,15.5
401360475,WAS,3134907,29.0,17.2,10.0
401360475,WAS,3922230,3.0,-0.7,-1.0
401360475,WAS,3934723,16.0,12.2,11.7
401360475,WAS,4066648,16.0,9.1,7.0
401360475,WAS,4278049,8.0,2.1,3.0
401360475,WAS,4280151,30.0,8.2,7.7
401360475,WAS,4683021,3.0,2.7,1.7
401360476,BKN,2983,23.0,12.7,10.5
401360476,BKN,3989,17.0,5.5,4.4
401360476,BKN,3992,40.0,20.7,18.0
401360476,BKN,4004,31.0,8.5,6.3
401360476,BKN,6442,38.0,21.9,20.0
401360476,BKN,4065670,12.0,0.5,0.7
401360476,BKN,4397693,38.0,6.4,6.0
401360476,BKN,4432174,19.0,2.8,2.4
401360476,BKN,4432194,24.0,7.9,5.5
401360476,CLE,3449,20.0,14.0,12.8
401360476,CLE,3057198,12.0,6.9,5.0
401360476,CLE,3893016,24.0,2.7,2.6
401360476,CLE,3906786,16.0,6.9,7.4
401360476,CLE,4066328,33.0,17.0,14.7
401360476,CLE,4066336,30.0,7.3,5.3
401360476,CLE,4396907,36.0,19.3,16.5
401360476,CLE,4432158,37.0,7.5,5.7
401360476,CLE,4432822,32.0,13.6,12.1
401360477,CHI,3978,33.0,9.9,10.7
401360477,CHI,6478,30.0,5.6,0.2
401360477,CHI,2530923,15.0,1.3,1.0
401360477,CHI,3056245,30.0,10.7,11.5
401360477,CHI,3059311,23.0,11.8,9.5
401360477,CHI,4065673,14.0,3.5,1.3
401360477,CHI,4278508,21.0,10.6,8.7
401360477,CHI,4395651,32.0,11.1,10.1
401360477,CHI,4397002,38.0,17.2,9.6
401360477,CHI,4683622,4.0,-0.7,-0.7
401360477,MEM,2991235,23.0,10.0,5.9
401360477,MEM,2993874,21.0,3.7,-0.3
401360477,MEM,3134932,23.0,8.2,4.7
401360477,MEM,3135046,20.0,12.9,11.6
401360477,MEM,3136991,4.0,-0.7,-0.7
401360477,MEM,3906665,20.0,17.5,14.0
401360477,MEM,4066320,29.0,21.4,20.2
401360477,MEM,4066436,15.0,8.5,6.0
401360477,MEM,4277928,4.0,1.2,1.3
401360477,MEM,4277961,25.0,10.3,6.4
401360477,MEM,4277964,4.0,-2.1,-1.7
401360477,MEM,4279888,32.0,18.6,17.1
401360477,MEM,4433137,18.0,-2.0,-2.1
401360477,MEM,4593125,4.0,-0.7,-0.7
401360478,IND,4244,14.0,0.2,0.0
401360478,IND,2284101,32.0,14.6,13.0
401360478,IND,2528693,15.0,5.0,4.8
401360478,IND,2596247,3.0,-1.4,-1.0
401360478,IND,2991043,35.0,19.1,17.8
401360478,IND,3155942,34.0,18.2,16.6
401360478,IND,4278031,22.0,9.6,9.0
401360478,IND,4348700,25.0,19.3,17.4
401360478,IND,4397235,27.0,3.5,4.0
401360478,IND,4592402,34.0,24.7,21.8
401360478,LAC,3416,36.0,29.2,26.3
401360478,LAC,3439,7.0,2.7,1.0
401360478,LAC,4238,19.0,10.4,10.4
401360478,LAC,6443,32.0,20.6,17.3
401360478,LAC,6462,38.0,17.9,15.9
401360478,LAC,3907823,20.0,8.8,8.1
401360478,LAC,4017837,25.0,12.7,13.0
401360478,LAC,4066387,36.0,18.1,16.3
401360478,LAC,4222252,15.0,8.8,8.4
401360478,LAC,4432162,10.0,-1.2,-2.1
401360479,ATL,2799,14.0,6.9,7.1
401360479,ATL,3428,30.0,13.9,13.8
401360479,ATL,3064447,15.0,7.0,4.4
401360479,ATL,3893019,4.0,-1.7,-1.7
401360479,ATL,3908845,31.0,13.6,8.9
401360479,ATL,4065732,35.0,11.9,10.3
401360479,ATL,4066372,37.0,10.3,7.0
401360479,ATL,4277905,40.0,27.4,25.6
401360479,ATL,4431680,36.0,13.6,11.3
401360479,MIL,3438,31.0,4.5,5.1
401360479,MIL,4032,21.0,-1.2,-0.1
401360479,MIL,6609,35.0,21.3,17.8
401360479,MIL,2578239,27.0,14.8,13.2
401360479,MIL,3032977,37.0,16.1,14.5
401360479,MIL,3064482,32.0,13.0,9.8
401360479,MIL,3135045,29.0,9.6,8.8
401360479,MIL,3934673,22.0,7.3,6.7
401360479,MIL,4277883,6.0,-1.5,-1.4
401360480,ORL,3447,23.0,3.0,4.0
401360480,ORL,6619,21.0,3.9,3.3
401360480,ORL,2999547,29.0,3.4,2.9
401360480,ORL,3150844,15.0,13.3,11.1
401360480,ORL,3918423,2.0,0.0,0.0
401360480,ORL,4277919,20.0,6.1,1.0
401360480,ORL,4278052,29.0,5.8,2.6
401360480,ORL,4397205,2.0,1.0,0.7
401360480,ORL,4432165,21.0,6.1,4.8
401360480,ORL,4432809,28.0,5.6,3.3
401360480,ORL,4566434,32.0,4.7,2.6
401360480,ORL,4590530,18.0,8.1,4.8
401360480,POR,2490149,28.0,8.3,7.1
401360480,POR,2490620,34.0,7.2,1.3
401360480,POR,2528353,19.0,-1.6,-1.4
401360480,POR,2578213,21.0,8.8,7.6
401360480,POR,3102530,36.0,17.7,8.1
401360480,POR,3152335,3.0,-2.1,-2.1
401360480,POR,4065697,13.0,3.1,3.7
401360480,POR,4351851,35.0,10.0,9.8
401360480,POR,4395652,35.0,16.4,13.6
401360480,POR,4431675,12.0,7.0,6.4
401360480,POR,4432161,2.0,0.3,0.0
401360481,MIA,3033,27.0,4.8,4.4
401360481,MIA,6430,36.0,20.4,17.3
401360481,MIA,2580913,16.0,9.6,7.2
401360481,MIA,3137259,27.0,9.6,7.0
401360481,MIA,3138160,21.0,3.6,3.0
401360481,MIA,3157465,18.0,7.4,5.4
401360481,MIA,4065778,29.0,5.1,2.3
401360481,MIA,4066261,32.0,11.4,8.3
401360481,MIA,4395725,34.0,19.3,16.1
401360481,TOR,2991230,41.0,11.7,10.7
401360481,TOR,3149673,42.0,21.7,16.0
401360481,TOR,3934719,34.0,4.1,3.8
401360481,TOR,3948153,38.0,20.5,19.1
401360481,TOR,4431679,37.0,10.1,6.5
401360481,TOR,4432907,9.0,0.3,0.7
401360481,TOR,4433134,39.0,9.8,8.3
401360482,DAL,2528210,33.0,5.3,2.8
401360482,DAL,2531367,20.0,11.8,11.9
401360482,DAL,2578185,34.0,16.5,13.5
401360482,DAL,2579260,4.0,0.6,0.6
401360482,DAL,2960236,15.0,6.3,5.7
401360482,DAL,3057187,5.0,-2.5,-1.7
401360482,DAL,3102531,28.0,11.4,7.1
401360482,DAL,3934672,38.0,12.4,10.5
401360482,DAL,3945274,39.0,23.7,16.7
401360482,DAL,4230547,8.0,2.3,2.0
401360482,DAL,4432811,18.0,0.6,1.2
401360482,OKC,2490089,17.0,2.7,2.0
401360482,OKC,3947156,6.0,2.9,2.4
401360482,OKC,4065733,18.0,3.3,3.3
401360482,OKC,4278073,37.0,29.5,26.9
401360482,OKC,4397020,37.0,10.8,9.4
401360482,OKC,4397183,31.0,6.6,3.5
401360482,OKC,4423545,19.0,1.0,-1.1
401360482,OKC,4432813,23.0,6.4,5.0
401360482,OKC,4432819,19.0,3.6,3.9
401360482,OKC,4871145,32.0,7.3,5.5
401360483,PHX,2779,32.0,21.4,17.8
401360483,PHX,3452,23.0,6.4,4.4
401360483,PHX,6427,25.0,18.9,17.3
401360483,PHX,6581,26.0,4.8,4.3
401360483,PHX,2583639,2.0,0.3,0.0
401360483,PHX,3059307,2.0,-1.4,-1.0
401360483,PHX,3064230,23.0,7.4,7.1
401360483,PHX,3136193,35.0,39.6,35.9
401360483,PHX,3138196,20.0,6.6,6.4
401360483,PHX,3147657,34.0,8.9,6.0
401360483,PHX,3914044,15.0,-2.3,-2.8
401360483,PHX,4397189,2.0,0.0,0.0
401360483,SAS,2528588,26.0,8.4,9.0
401360483,SAS,3078576,30.0,10.3,11.5
401360483,SAS,3134908,30.0,25.2,21.4
401360483,SAS,3136779,19.0,0.8,0.6
401360483,SAS,3146557,18.0,3.6,4.2
401360483,SAS,3907497,32.0,12.4,10.4
401360483,SAS,3914285,3.0,1.2,0.6
401360483,SAS,4277890,19.0,0.4,-1.2
401360483,SAS,4395630,28.0,4.2,3.2
401360483,SAS,4395723,33.0,10.1,8.7
401360483,SAS,4397033,3.0,0.0,0.0
401360484,LAL,1966,37.0,20.3,16.9
401360484,LAL,2384,22.0,8.2,3.1
401360484,LAL,2426,27.0,-1.2,-1.6
401360484,LAL,3468,28.0,9.6,8.0
401360484,LAL,4240,27.0,3.1,3.6
401360484,LAL,3134881,25.0,13.8,12.9
401360484,LAL,4066262,25.0,10.6,8.1
401360484,LAL,4066457,21.0,3.1,3.4
401360484,LAL,4396991,28.0,3.8,3.5
401360484,UTA,3005,18.0,7.7,5.0
401360484,UTA,3195,28.0,15.1,15.1
401360484,UTA,3593,32.0,0.3,1.3
401360484,UTA,2528426,24.0,-3.6,-2.9
401360484,UTA,2583632,35.0,14.2,12.8
401360484,UTA,2968436,24.0,5.8,5.0
401360484,UTA,3032976,37.0,19.9,13.8
401360484,UTA,3133817,4.0,0.0,0.0
401360484,UTA,3908809,37.0,6.0,2.7
401360484,UTA,4065656,2.0,0.6,0.6
401360485,MIN,3964,30.0,8.9,6.0
401360485,MIN,2990962,4.0,1.6,0.3
401360485,MIN,3136195,36.0,15.0,14.4
401360485,MIN,3136776,25.0,11.8,11.1
401360485,MIN,3907822,17.0,6.9,6.0
401360485,MIN,4278077,34.0,3.2,3.6
401360485,MIN,4278541,23.0,12.1,10.0
401360485,MIN,4396971,12.0,12.5,10.8
401360485,MIN,4431671,19.0,3.5,1.8
401360485,MIN,4594268,39.0,11.7,10.0
401360485,NYK,3986,25.0,4.3,3.7
401360485,NYK,6429,17.0,-3.3,-3.4
401360485,NYK,6479,30.0,13.1,13.3
401360485,NYK,6588,37.0,22.6,19.9
401360485,NYK,3064514,39.0,22.1,16.8
401360485,NYK,4278355,9.0,3.6,2.7
401360485,NYK,4351852,20.0,6.3,7.5
401360485,NYK,4395625,37.0,2.4,2.8
401360485,NYK,4395724,9.0,5.2,4.3
401360485,NYK,4397014,17.0,2.1,2.0
401360486,DET,6446,24.0,1.7,2.1
401360486,DET,2488826,22.0,17.0,14.8
401360486,DET,3136196,25.0,6.7,5.7
401360486,DET,4066297,17.0,-2.3,-1.8
401360486,DET,4080610,35.0,8.4,4.7
401360486,DET,4278124,22.0,4.6,0.8
401360486,DET,4397136,30.0,1.9,2.8
401360486,DET,4432166,28.0,0.9,0.7
401360486,DET,4432810,28.0,14.0,12.3
401360486,DET,4683024,9.0,-2.9,-2.1
401360486,GSW,3975,29.0,20.8,17.3
401360486,GSW,4269,18.0,6.3,6.4
401360486,GSW,6475,22.0,18.6,16.1
401360486,GSW,2594922,22.0,3.8,3.3
401360486,GSW,2595209,12.0,0.6,0.0
401360486,GSW,3059319,28.0,16.2,13.4
401360486,GSW,3134903,14.0,0.4,0.6
401360486,GSW,3137795,4.0,-0.7,-0.7
401360486,GSW,3155535,23.0,6.2,2.1
401360486,GSW,4277956,21.0,1.2,2.4
401360486,GSW,4401416,15.0,3.5,1.2
401360486,GSW,4432171,8.0,1.8,1.9
401360486,GSW,4433247,25.0,6.7,5.0
401360487,ORL,3447,15.0,1.2,1.7
401360487,ORL,6619,11.0,-0.8,-0.8
401360487,ORL,2999547,32.0,2.6,2.3
401360487,ORL,3150844,10.0,3.6,3.0
401360487,ORL,3918423,5.0,2.2,2.0
401360487,ORL,4277919,30.0,28.8,29.1
401360487,ORL,4278052,21.0,17.7,16.2
401360487,ORL,4397205,5.0,6.1,5.8
401360487,ORL,4432165,34.0,10.2,6.2
401360487,ORL,4432809,32.0,6.2,6.2
401360487,ORL,4566434,34.0,7.0,4.6
401360487,ORL,4590530,12.0,-0.5,-1.4
401360487,PHI,6440,35.0,21.0,17.5
401360487,PHI,6585,17.0,5.1,1.7
401360487,PHI,2326307,33.0,6.1,3.0
401360487,PHI,2990969,25.0,8.2,7.4
401360487,PHI,3059318,27.0,45.2,40.0
401360487,PHI,3929325,23.0,8.6,7.5
401360487,PHI,4065816,4.0,-0.7,-0.7
401360487,PHI,4066508,17.0,1.6,1.3
401360487,PHI,4395702,21.0,1.5,2.0
401360487,PHI,4397886,4.0,-0.5,0.0
401360487,PHI,4431678,35.0,13.1,11.5
401360488,BKN,2983,32.0,26.2,24.4
401360488,BKN,3992,39.0,4.8,3.6
401360488,BKN,4004,38.0,14.9,13.1
401360488,BKN,6442,38.0,22.1,21.7
401360488,BKN,4065670,20.0,2.3,3.3
401360488,BKN,4397693,35.0,4.6,2.7
401360488,BKN,4432174,21.0,-0.6,-0.1
401360488,BKN,4432194,16.0,15.5,14.6
401360488,WAS,6426,8.0,-1.1,-0.7
401360488,WAS,6580,37.0,20.4,17.7
401360488,WAS,2580782,31.0,7.9,7.0
401360488,WAS,2581018,31.0,2.6,2.3
401360488,WAS,2991055,24.0,14.0,12.2
401360488,WAS,3134907,31.0,7.6,6.3
401360488,WAS,3934723,12.0,5.7,4.8
401360488,WAS,4066648,17.0,11.9,10.0
401360488,WAS,4278049,12.0,9.1,8.1
401360488,WAS,4280151,14.0,4.4,4.1
401360488,WAS,4683021,23.0,14.6,13.2
401360489,ATL,2799,15.0,7.9,6.7
401360489,ATL,3428,25.0,11.5,10.4
401360489,ATL,2534781,4.0,0.2,0.7
401360489,ATL,3064447,19.0,7.1,5.8
401360489,ATL,3908845,33.0,14.5,11.1
401360489,ATL,4065732,34.0,13.6,13.4
401360489,ATL,4066372,38.0,9.6,10.9
401360489,ATL,4277905,36.0,36.0,33.9
401360489,ATL,4278075,3.0,1.0,1.0
401360489,ATL,4431680,34.0,20.6,14.7
401360489,MIN,3964,6.0,0.7,0.7
401360489,MIN,2990962,20.0,5.3,3.4
401360489,MIN,3136195,34.0,14.1,11.1
401360489,MIN,3136776,35.0,23.2,20.7
401360489,MIN,3907822,31.0,8.8,8.2
401360489,MIN,4065663,14.0,1.7,1.2
401360489,MIN,4278077,21.0,12.8,11.3
401360489,MIN,4278541,17.0,7.2,7.4
401360489,MIN,4396971,21.0,4.5,3.3
401360489,MIN,4431671,17.0,0.4,0.3
401360489,MIN,4594268,24.0,13.1,13.0
401360490,BOS,3213,32.0,13.5,12.3
401360490,BOS,6447,19.0,6.3,4.7
401360490,BOS,2581190,25.0,5.8,4.3
401360490,BOS,3032979,37.0,22.0,19.0
401360490,BOS,3917376,38.0,14.8,11.4
401360490,BOS,4065648,35.0,0.6,0.1
401360490,BOS,4066218,25.0,3.0,3.0
401360490,BOS,4066354,11.0,1.3,1.4
401360490,BOS,4397008,18.0,7.7,7.7
401360490,CHA,4249,21.0,6.4,5.8
401360490,CHA,2488653,28.0,4.8,3.4
401360490,CHA,3074752,41.0,24.8,24.4
401360490,CHA,3133603,25.0,14.6,11.3
401360490,CHA,3138161,21.0,2.4,0.2
401360490,CHA,4066383,34.0,15.0,14.1
401360490,CHA,4066731,19.0,10.8,10.1
401360490,CHA,4278078,19.0,3.0,0.0
401360490,CHA,4432816,32.0,10.0,8.3
401360491,MIA,3033,34.0,1.2,-0.3
401360491,MIA,6430,15.0,3.0,2.4
401360491,MIA,2580913,15.0,11.1,9.5
401360491,MIA,3137259,37.0,9.5,6.0
401360491,MIA,3138160,32.0,23.2,21.9
401360491,MIA,3157465,23.0,5.5,4.3
401360491,MIA,4065730,18.0,0.5,-0.1
401360491,MIA,4065778,32.0,12.5,11.0
401360491,MIA,4066261,32.0,23.8,14.8
401360491,POR,2490149,33.0,15.3,12.8
401360491,POR,2490620,38.0,5.7,3.6
401360491,POR,2528353,19.0,2.5,2.0
401360491,POR,2578213,20.0,-3.6,-4.5
401360491,POR,3102530,28.0,18.7,16.9
401360491,POR,4065697,13.0,2.2,2.0
401360491,POR,4351851,38.0,20.2,18.8
401360491,POR,4395652,12.0,-3.2,-3.8
401360491,POR,4397166,18.0,1.4,1.0
401360491,POR,4431675,20.0,4.3,2.4
401360492,CHI,3978,36.0,19.9,18.5
401360492,CHI,6478,37.0,17.7,15.9
401360492,CHI,2530923,5.0,1.0,1.0
401360492,CHI,2991350,23.0,6.2,4.6
401360492,CHI,3056245,2.0,-0.4,0.0
401360492,CHI,3059311,24.0,7.7,7.8
401360492,CHI,4065673,11.0,4.8,4.8
401360492,CHI,4278508,26.0,4.4,3.6
401360492,CHI,4395651,38.0,16.6,11.4
401360492,CHI,4397002,39.0,20.7,19.4
401360492,CLE,3449,21.0,11.6,9.8
401360492,CLE,4259,2.0,0.0,0.0
401360492,CLE,2583962,2.0,1.0,0.0
401360492,CLE,3057198,11.0,4.4,3.4
401360492,CLE,3893016,17.0,-1.9,-2.4
401360492,CLE,3906786,17.0,5.2,4.0
401360492,CLE,3912848,2.0,0.0,0.0
401360492,CLE,4066328,36.0,6.9,4.2
401360492,CLE,4066336,33.0,24.8,22.1
401360492,CLE,4396907,40.0,16.5,16.4
401360492,CLE,4432158,31.0,15.1,12.0
401360492,CLE,4432822,30.0,3.4,5.0
401360493,MEM,2991235,26.0,5.7,3.6
401360493,MEM,3134932,32.0,7.6,4.1
401360493,MEM,3906665,26.0,15.4,11.1
401360493,MEM,4066436,17.0,0.5,-0.2
401360493,MEM,4277928,16.0,2.4,2.0
401360493,MEM,4277961,31.0,18.8,15.6
401360493,MEM,4277964,6.0,2.7,2.4
401360493,MEM,4279888,39.0,29.3,28.4
401360493,MEM,4433137,33.0,5.5,4.6
401360493,MEM,4593125,13.0,3.6,3.0
401360493,MIL,3438,30.0,17.7,15.3
401360493,MIL,3995,22.0,5.1,5.4
401360493,MIL,4032,19.0,3.9,4.4
401360493,MIL,6609,36.0,23.9,22.3
401360493,MIL,2578239,26.0,10.6,9.8
401360493,MIL,3032977,31.0,25.8,21.9
401360493,MIL,3064482,32.0,12.9,9.5
401360493,MIL,3135045,26.0,5.5,4.3
401360493,MIL,3934673,19.0,0.8,-2.4
401360494,DAL,2528210,27.0,9.3,9.5
401360494,DAL,2528779,18.0,4.2,4.1
401360494,DAL,2531367,17.0,2.9,3.8
401360494,DAL,2578185,35.0,5.7,3.3
401360494,DAL,2960236,25.0,-1.7,-1.3
401360494,DAL,3102531,33.0,12.9,10.1
401360494,DAL,3934672,33.0,4.4,3.7
401360494,DAL,3945274,42.0,35.1,31.3
401360494,DAL,4230547,2.0,-0.4,0.0
401360494,DAL,4432811,7.0,5.4,5.8
401360494,TOR,2991230,42.0,11.6,11.3
401360494,TOR,3149673,44.0,10.7,6.5
401360494,TOR,3934719,43.0,17.6,14.2
401360494,TOR,3948153,34.0,14.2,10.7
401360494,TOR,4431679,33.0,6.1,6.0
401360494,TOR,4432907,16.0,0.6,1.0
401360494,TOR,4433134,28.0,8.3,7.7
401360495,OKC,2490089,6.0,5.7,5.4
401360495,OKC,3947156,19.0,4.1,5.1
401360495,OKC,4065733,22.0,5.1,4.6
401360495,OKC,4278073,30.0,4.7,3.2
401360495,OKC,4397020,27.0,6.3,7.9
401360495,OKC,4397183,35.0,15.9,13.2
401360495,OKC,4423545,24.0,5.5,3.0
401360495,OKC,4432813,28.0,6.1,2.7
401360495,OKC,4432819,16.0,2.3,2.0
401360495,OKC,4871145,33.0,5.9,4.1
401360495,SAS,3244,11.0,-2.6,-3.8
401360495,SAS,2528588,21.0,12.8,13.4
401360495,SAS,3078576,27.0,9.2,8.5
401360495,SAS,3134908,26.0,17.5,12.6
401360495,SAS,3136779,19.0,2.6,2.0
401360495,SAS,3146557,7.0,0.3,-0.7
401360495,SAS,3907497,30.0,29.4,24.3
401360495,SAS,3914285,11.0,8.1,7.5
401360495,SAS,4277890,24.0,1.7,-1.9
401360495,SAS,4395626,11.0,4.2,3.3
401360495,SAS,4395630,23.0,19.3,15.1
401360495,SAS,4395723,23.0,9.3,9.1
401360495,SAS,4397033,9.0,-0.1,-0.7
401360496,HOU,3431,35.0,11.6,11.8
401360496,HOU,3058254,32.0,11.8,8.0
401360496,HOU,3136777,26.0,11.1,11.4
401360496,HOU,3913180,30.0,21.0,19.3
401360496,HOU,4066450,13.0,7.2,7.0
401360496,HOU,4397140,31.0,12.3,13.6
401360496,HOU,4431828,18.0,3.3,2.4
401360496,HOU,4432168,17.0,5.7,4.4
401360496,HOU,4437244,23.0,1.0,-1.2
401360496,HOU,4871144,16.0,3.9,3.7
401360496,UTA,3195,34.0,15.1,13.4
401360496,UTA,3593,37.0,16.1,16.3
401360496,UTA,2528426,29.0,13.6,12.8
401360496,UTA,2583632,36.0,9.9,4.8
401360496,UTA,2968436,31.0,11.2,9.5
401360496,UTA,2991155,11.0,3.0,2.7
401360496,UTA,3032976,37.0,25.0,21.3
401360496,UTA,4065656,14.0,3.0,2.4
401360496,UTA,4066299,11.0,-0.2,-2.0
401360497,DEN,3209,33.0,10.2,8.1
401360497,DEN,6579,41.0,5.3,3.4
401360497,DEN,6617,7.0,-2.5,-2.1
401360497,DEN,2968334,9.0,-2.9,-2.8
401360497,DEN,3059262,18.0,2.1,3.4
401360497,DEN,3059310,45.0,20.4,16.3
401360497,DEN,3064290,44.0,22.9,20.1
401360497,DEN,3112335,41.0,48.2,44.0
401360497,DEN,4431690,13.0,5.0,5.1
401360497,DEN,4592492,15.0,4.2,3.0
401360497,LAC,3439,14.0,7.6,7.2
401360497,LAC,4238,25.0,9.0,7.4
401360497,LAC,6443,38.0,23.5,23.4
401360497,LAC,3135047,14.0,7.2,7.7
401360497,LAC,3907823,39.0,9.1,6.8
401360497,LAC,3913174,27.0,-0.7,0.2
401360497,LAC,4017837,37.0,28.9,28.0
401360497,LAC,4066387,31.0,8.1,6.1
401360497,LAC,4222252,13.0,5.4,3.1
401360497,LAC,4432162,27.0,11.5,10.7
401360498,DET,6446,37.0,19.8,18.6
401360498,DET,2488826,32.0,13.4,12.9
401360498,DET,2489663,22.0,21.0,18.6
401360498,DET,3136196,19.0,5.6,4.6
401360498,DET,4066297,20.0,6.3,5.0
401360498,DET,4080610,27.0,8.1,8.8
401360498,DET,4278124,7.0,1.0,1.0
401360498,DET,4397136,34.0,24.8,23.2
401360498,DET,4432166,21.0,5.5,7.6
401360498,DET,4432810,21.0,5.8,5.8
401360498,SAC,6578,34.0,12.2,12.4
401360498,SAC,2990984,19.0,-0.1,0.7
401360498,SAC,2993370,28.0,10.8,8.0
401360498,SAC,3064559,15.0,5.4,3.8
401360498,SAC,3914283,21.0,4.1,2.9
401360498,SAC,3919454,38.0,28.1,26.4
401360498,SAC,4066259,37.0,21.8,20.2
401360498,SAC,4277848,25.0,16.5,13.8
401360498,SAC,4278053,24.0,10.7,10.4
401360499,IND,4244,6.0,-2.1,-1.7
401360499,IND,6603,25.0,2.2,2.0
401360499,IND,2284101,28.0,9.5,7.7
401360499,IND,2528693,31.0,3.5,0.6
401360499,IND,2566769,26.0,15.6,14.2
401360499,IND,2991043,27.0,24.2,23.0
401360499,IND,3155942,35.0,25.9,24.7
401360499,IND,4278031,16.0,3.9,3.3
401360499,IND,4348700,3.0,2.2,1.3
401360499,IND,4432170,10.0,0.9,0.0
401360499,IND,4592402,32.0,9.0,6.7
401360499,LAL,1966,37.0,24.3,19.4
401360499,LAL,1975,30.0,10.8,9.8
401360499,LAL,2384,13.0,7.9,6.8
401360499,LAL,2426,15.0,-1.5,-3.8
401360499,LAL,3468,27.0,5.6,5.9
401360499,LAL,4240,24.0,0.5,0.9
401360499,LAL,3134881,16.0,3.9,4.4
401360499,LAL,4066262,28.0,8.3,8.4
401360499,LAL,4066457,25.0,-0.5,-1.0
401360499,LAL,4396991,25.0,19.3,17.7
401360500,NOP,4023,11.0,-0.7,-1.0
401360500,NOP,6477,33.0,15.3,12.2
401360500,NOP,3062679,35.0,15.1,13.9
401360500,NOP,3132042,8.0,-0.4,-0.4
401360500,NOP,3133601,28.0,6.0,5.5
401360500,NOP,3913176,27.0,11.7,10.0
401360500,NOP,4277813,37.0,12.3,9.6
401360500,NOP,4277869,20.0,14.7,11.9
401360500,NOP,4278039,24.0,4.1,4.4
401360500,NOP,4397077,16.0,2.7,4.1
401360500,NYK,3986,18.0,2.0,1.7
401360500,NYK,6429,23.0,7.4,7.0
401360500,NYK,6479,21.0,1.7,0.9
401360500,NYK,6588,25.0,1.4,1.2
401360500,NYK,3064514,29.0,2.7,-0.1
401360500,NYK,4278355,19.0,0.2,-0.7
401360500,NYK,4351852,30.0,18.3,16.4
401360500,NYK,4395625,28.0,13.0,11.2
401360500,NYK,4395724,23.0,9.8,6.0
401360500,NYK,4397014,24.0,8.2,9.8
401360501,DAL,2528210,28.0,6.6,6.3
401360501,DAL,2528779,20.0,3.8,2.7
401360501,DAL,2531367,14.0,4.6,4.7
401360501,DAL,2578185,32.0,2.6,2.7
401360501,DAL,2960236,27.0,6.5,5.4
401360501,DAL,3102531,32.0,13.5,11.4
401360501,DAL,3934672,35.0,8.9,9.2
401360501,DAL,3945274,38.0,15.3,12.6
401360501,DAL,4230547,2.0,-0.4,0.0
401360501,DAL,4432811,11.0,0.9,1.0
401360501,PHX,2779,37.0,24.1,21.1
401360501,PHX,3452,18.0,4.1,4.4
401360501,PHX,6427,28.0,8.4,7.0
401360501,PHX,6581,33.0,9.0,7.3
401360501,PHX,3064230,19.0,8.1,6.6
401360501,PHX,3136193,38.0,17.8,17.1
401360501,PHX,3138196,20.0,5.9,3.6
401360501,PHX,3147657,37.0,17.3,11.9
401360501,PHX,3914044,10.0,-1.3,-1.4
401360502,GSW,2386,31.0,6.1,3.2
401360502,GSW,3975,44.0,29.8,28.5
401360502,GSW,4269,14.0,9.0,6.2
401360502,GSW,6475,23.0,1.8,1.9
401360502,GSW,2595209,14.0,6.5,5.7
401360502,GSW,3059319,38.0,3.2,2.9
401360502,GSW,3134903,17.0,6.8,4.0
401360502,GSW,3155535,28.0,15.2,11.7
401360502,GSW,4277956,25.0,2.7,2.9
401360502,GSW,4401416,15.0,3.0,1.7
401360502,GSW,4433247,15.0,6.4,6.4
401360502,IND,4244,18.0,2.7,2.8
401360502,IND,6603,19.0,13.8,11.6
401360502,IND,2284101,34.0,9.5,9.1
401360502,IND,2528693,34.0,11.3,6.7
401360502,IND,2596247,31.0,4.1,4.7
401360502,IND,4278031,22.0,-1.6,-4.0
401360502,IND,4348700,31.0,11.1,9.7
401360502,IND,4397235,18.0,3.6,4.0
401360502,IND,4432170,19.0,12.4,10.2
401360502,IND,4592402,39.0,26.6,23.3
401360503,CHA,4249,30.0,16.0,13.9
401360503,CHA,2488653,17.0,8.6,6.9
401360503,CHA,3074752,31.0,20.3,19.2
401360503,CHA,3133603,21.0,2.3,0.3
401360503,CHA,3138161,28.0,5.3,4.5
401360503,CHA,4066383,32.0,19.4,12.8
401360503,CHA,4066731,6.0,-0.8,-0.7
401360503,CHA,4278076,4.0,0.6,0.0
401360503,CHA,4278078,27.0,18.2,16.1
401360503,CHA,4431669,3.0,0.6,0.6
401360503,CHA,4431699,3.0,-0.4,0.0
401360503,CHA,4431712,7.0,4.1,4.1
401360503,CHA,4432816,26.0,11.6,10.6
401360503,CHA,4702233,4.0,2.6,2.0
401360503,OKC,2490089,12.0,2.1,2.0
401360503,OKC,3133626,16.0,6.6,6.4
401360503,OKC,3947156,12.0,0.4,0.7
401360503,OKC,4065733,19.0,-3.0,-2.1
401360503,OKC,4278073,33.0,22.5,21.1
401360503,OKC,4397020,29.0,-3.7,-3.8
401360503,OKC,4397183,27.0,3.3,1.6
401360503,OKC,4423545,20.0,2.8,1.2
401360503,OKC,4432813,24.0,15.5,10.5
401360503,OKC,4432819,15.0,2.4,2.6
401360503,OKC,4871145,33.0,17.7,16.3
401360504,LAL,1966,34.0,18.2,15.9
401360504,LAL,1975,17.0,18.3,17.8
401360504,LAL,2384,13.0,-0.7,0.7
401360504,LAL,2426,25.0,5.6,3.7
401360504,LAL,3468,35.0,17.1,12.6
401360504,LAL,4240,20.0,10.9,9.2
401360504,LAL,3134881,22.0,10.9,8.0
401360504,LAL,4066262,31.0,4.9,3.3
401360504,LAL,4066457,23.0,4.7,3.2
401360504,LAL,4396991,20.0,1.8,1.0
401360504,ORL,6619,9.0,-0.1,0.0
401360504,ORL,2999547,39.0,8.1,7.7
401360504,ORL,3150844,5.0,1.4,1.4
401360504,ORL,3918423,1.0,0.0,0.0
401360504,ORL,4277847,19.0,16.1,12.9
401360504,ORL,4277919,25.0,10.7,8.4
401360504,ORL,4278052,31.0,6.6,4.6
401360504,ORL,4397205,10.0,5.5,5.7
401360504,ORL,4432165,35.0,16.5,13.1
401360504,ORL,4432809,28.0,-2.5,-3.9
401360504,ORL,4566434,38.0,12.3,11.2
401360505,LAC,3416,30.0,16.5,14.6
401360505,LAC,3439,6.0,-0.1,-0.4
401360505,LAC,4238,19.0,8.3,6.4
401360505,LAC,6443,29.0,15.6,15.4
401360505,LAC,6462,30.0,6.7,3.8
401360505,LAC,3907823,18.0,-0.7,-1.8
401360505,LAC,3913174,21.0,6.2,6.0
401360505,LAC,4017837,24.0,11.1,9.9
401360505,LAC,4066387,34.0,7.1,7.3
401360505,LAC,4222252,16.0,6.8,8.1
401360505,LAC,4432162,14.0,-2.0,-2.1
401360505,PHI,6440,40.0,18.3,13.3
401360505,PHI,6585,11.0,5.8,3.4
401360505,PHI,2990969,30.0,1.8,1.2
401360505,PHI,3059318,37.0,31.5,30.0
401360505,PHI,3929325,39.0,3.2,3.0
401360505,PHI,4066508,22.0,2.7,2.0
401360505,PHI,4395702,15.0,1.6,0.6
401360505,PHI,4431678,46.0,15.0,14.8
401360506,ATL,2799,14.0,5.7,5.7
401360506,ATL,3064447,28.0,11.6,10.9
401360506,ATL,3102529,26.0,8.7,7.2
401360506,ATL,3908845,24.0,13.7,13.9
401360506,ATL,4065732,35.0,8.8,6.0
401360506,ATL,4066372,36.0,17.5,16.9
401360506,ATL,4277905,36.0,17.1,15.6
401360506,ATL,4278075,15.0,0.5,1.0
401360506,ATL,4431680,25.0,4.7,5.2
401360506,MIA,3033,8.0,2.6,1.0
401360506,MIA,6430,36.0,13.2,9.5
401360506,MIA,2580913,14.0,6.4,5.5
401360506,MIA,3074213,7.0,2.6,3.1
401360506,MIA,3137259,38.0,11.2,13.0
401360506,MIA,3138160,28.0,8.1,4.7
401360506,MIA,3157465,30.0,11.1,13.1
401360506,MIA,4065730,12.0,3.0,3.0
401360506,MIA,4065778,33.0,8.6,9.4
401360506,MIA,4066261,34.0,17.9,15.9
401360507,BOS,3213,27.0,6.8,5.1
401360507,BOS,6447,3.0,-1.5,-0.7
401360507,BOS,2581190,12.0,1.9,2.3
401360507,BOS,3032979,22.0,10.9,7.1
401360507,BOS,3917376,35.0,14.0,13.3
401360507,BOS,4065648,41.0,18.4,17.3
401360507,BOS,4066211,33.0,8.2,5.6
401360507,BOS,4066218,33.0,11.4,10.5
401360507,BOS,4066354,12.0,6.0,4.7
401360507,BOS,4397008,23.0,9.7,8.1
401360507,POR,2490149,36.0,14.8,13.5
401360507,POR,2490620,39.0,2.8,2.5
401360507,POR,2578213,20.0,5.8,5.7
401360507,POR,3102530,38.0,27.0,23.6
401360507,POR,4065697,10.0,1.1,0.7
401360507,POR,4351851,38.0,17.3,14.7
401360507,POR,4395652,33.0,5.3,3.7
401360507,POR,4397166,15.0,4.5,3.3
401360507,POR,4431675,10.0,4.8,4.8
401360508,TOR,2991230,39.0,22.6,19.6
401360508,TOR,3133838,6.0,0.6,0.0
401360508,TOR,3149673,41.0,15.8,15.2
401360508,TOR,3934719,41.0,9.6,4.0
401360508,TOR,3948153,22.0,9.0,7.4
401360508,TOR,4277843,29.0,8.5,7.2
401360508,TOR,4431679,19.0,3.8,2.3
401360508,TOR,4432907,2.0,0.7,0.7
401360508,TOR,4433134,40.0,20.2,18.9
401360508,WAS,6426,13.0,-0.5,-0.4
401360508,WAS,6580,40.0,13.0,13.3
401360508,WAS,2580782,39.0,19.0,17.0
401360508,WAS,2581018,28.0,9.4,7.5
401360508,WAS,2968361,5.0,0.6,0.7
401360508,WAS,2991055,23.0,11.7,10.6
401360508,WAS,3934723,14.0,2.1,1.9
401360508,WAS,4066648,20.0,7.0,4.6
401360508,WAS,4278049,12.0,8.4,6.8
401360508,WAS,4280151,16.0,2.8,3.0
401360508,WAS,4683021,31.0,8.3,7.9
401360509,CHI,3978,38.0,28.9,27.4
401360509,CHI,6478,35.0,13.7,10.0
401360509,CHI,2991350,24.0,5.8,2.5
401360509,CHI,3056245,2.0,-0.7,-0.7
401360509,CHI,3059311,19.0,7.8,7.7
401360509,CHI,4066367,26.0,3.9,2.4
401360509,CHI,4278508,19.0,1.6,0.7
401360509,CHI,4395651,37.0,-0.1,0.9
401360509,CHI,4397002,39.0,3.0,1.7
401360509,MIL,3438,26.0,2.6,2.0
401360509,MIL,3995,27.0,9.2,8.7
401360509,MIL,4032,18.0,4.2,4.8
401360509,MIL,6609,36.0,13.8,9.9
401360509,MIL,2578239,27.0,0.5,-0.1
401360509,MIL,3032977,37.0,21.0,16.5
401360509,MIL,3064482,27.0,7.9,7.0
401360509,MIL,3135045,20.0,2.0,1.3
401360509,MIL,3934673,22.0,6.2,6.4
401360510,BKN,2983,22.0,13.6,12.2
401360510,BKN,3989,11.0,7.5,7.8
401360510,BKN,3992,37.0,33.0,30.8
401360510,BKN,3999,15.0,-2.3,-1.4
401360510,BKN,4004,32.0,6.2,5.0
401360510,BKN,6442,35.0,16.2,16.8
401360510,BKN,3062667,9.0,2.0,1.7
401360510,BKN,4065670,20.0,9.0,6.8
401360510,BKN,4397107,1.0,0.7,0.7
401360510,BKN,4397693,32.0,4.5,0.3
401360510,BKN,4432174,10.0,-0.4,-0.7
401360510,BKN,4432194,14.0,6.4,4.4
401360510,SAS,2528588,25.0,4.6,4.0
401360510,SAS,3078576,34.0,9.9,9.9
401360510,SAS,3134908,36.0,15.5,12.4
401360510,SAS,3136779,19.0,3.6,2.0
401360510,SAS,3146557,5.0,3.4,3.4
401360510,SAS,3907497,37.0,25.2,23.0
401360510,SAS,3914285,7.0,1.7,1.7
401360510,SAS,4017839,2.0,-0.3,-0.3
401360510,SAS,4277890,18.0,5.3,3.0
401360510,SAS,4395626,2.0,0.0,0.0
401360510,SAS,4395630,24.0,5.1,3.6
401360510,SAS,4395723,32.0,9.3,8.0
401360511,DEN,3209,31.0,11.1,9.3
401360511,DEN,6579,38.0,22.0,20.6
401360511,DEN,2968334,19.0,0.5,-1.0
401360511,DEN,2994526,19.0,1.3,2.9
401360511,DEN,3059310,33.0,8.2,8.7
401360511,DEN,3064290,36.0,18.9,16.7
401360511,DEN,3112335,40.0,33.2,29.3
401360511,DEN,4431690,12.0,4.3,5.6
401360511,DEN,4592492,12.0,-3.5,-4.4
401360511,MEM,2991235,34.0,7.5,3.4
401360511,MEM,3134932,33.0,6.4,3.9
401360511,MEM,3906665,22.0,6.5,5.4
401360511,MEM,4066436,27.0,17.5,14.8
401360511,MEM,4277928,16.0,4.3,3.1
401360511,MEM,4277961,28.0,11.5,9.1
401360511,MEM,4277964,10.0,4.2,4.1
401360511,MEM,4279888,37.0,27.8,25.3
401360511,MEM,4433137,31.0,16.4,14.1
401360512,DET,6446,35.0,7.0,6.3
401360512,DET,2488826,23.0,10.4,10.0
401360512,DET,2489663,19.0,0.5,0.9
401360512,DET,3136196,25.0,12.9,12.1
401360512,DET,4066297,15.0,2.6,1.4
401360512,DET,4080610,19.0,7.3,6.4
401360512,DET,4278124,7.0,-1.1,-1.0
401360512,DET,4397136,31.0,8.5,7.0
401360512,DET,4432166,41.0,19.5,16.2
401360512,DET,4432810,25.0,6.3,6.1
401360512,UTA,3005,18.0,4.2,2.7
401360512,UTA,3195,30.0,16.2,14.4
401360512,UTA,3593,31.0,18.7,17.7
401360512,UTA,2528426,31.0,11.5,10.7
401360512,UTA,2583632,32.0,3.0,3.0
401360512,UTA,2968436,32.0,2.7,2.0
401360512,UTA,3032976,32.0,24.0,19.8
401360512,UTA,3133817,16.0,-1.0,-0.7
401360512,UTA,4065656,18.0,9.7,8.8
401360513,GSW,3975,39.0,17.0,15.3
401360513,GSW,4269,16.0,3.8,1.1
401360513,GSW,2594922,27.0,10.2,8.1
401360513,GSW,2595209,21.0,3.9,4.8
401360513,GSW,3059319,35.0,10.4,10.2
401360513,GSW,3134903,21.0,7.9,7.2
401360513,GSW,3155535,32.0,12.3,6.9
401360513,GSW,4277956,32.0,11.9,10.4
401360513,GSW,4401416,3.0,0.0,0.0
401360513,GSW,4433247,15.0,3.2,3.3
401360513,HOU,3431,34.0,6.7,6.4
401360513,HOU,3058254,34.0,21.0,14.2
401360513,HOU,3136777,22.0,5.1,4.4
401360513,HOU,3913180,24.0,9.4,8.0
401360513,HOU,4066450,14.0,2.9,3.0
401360513,HOU,4397140,34.0,16.9,13.4
401360513,HOU,4431828,26.0,15.0,13.6
401360513,HOU,4432168,14.0,4.3,3.7
401360513,HOU,4437244,25.0,-2.6,-2.2
401360513,HOU,4871144,14.0,2.5,1.3
401360514,CLE,3449,23.0,4.2,2.8
401360514,CLE,3057198,9.0,-0.1,-1.4
401360514,CLE,3893016,19.0,5.3,6.2
401360514,CLE,3906786,4.0,-1.1,-1.0
401360514,CLE,3912848,13.0,1.3,0.4
401360514,CLE,4066328,34.0,16.9,13.8
401360514,CLE,4066336,13.0,8.3,7.4
401360514,CLE,4066405,13.0,1.5,1.7
401360514,CLE,4396907,39.0,12.0,12.3
401360514,CLE,4432158,39.0,11.8,8.3
401360514,CLE,4432822,35.0,4.7,1.4
401360514,OKC,3133626,25.0,10.4,10.2
401360514,OKC,3947156,16.0,3.7,0.2
401360514,OKC,4065733,16.0,3.7,1.7
401360514,OKC,4278073,39.0,22.9,19.1
401360514,OKC,4397020,32.0,3.3,2.9
401360514,OKC,4397183,22.0,8.2,6.7
401360514,OKC,4423545,22.0,2.1,-0.8
401360514,OKC,4432813,26.0,-3.4,-3.8
401360514,OKC,4432819,9.0,3.4,4.7
401360514,OKC,4871145,34.0,1.4,0.9
401360515,MIL,3438,30.0,17.5,16.2
401360515,MIL,3995,32.0,20.3,17.5
401360515,MIL,4032,18.0,0.5,-0.1
401360515,MIL,6609,34.0,27.9,27.0
401360515,MIL,2578239,29.0,15.2,9.7
401360515,MIL,2581177,13.0,4.4,4.1
401360515,MIL,3064482,33.0,4.4,1.9
401360515,MIL,3934673,25.0,17.9,17.1
401360515,MIL,4277883,22.0,6.2,5.3
401360515,MIL,4278580,6.0,1.0,0.0
401360515,SAC,6578,39.0,23.9,22.8
401360515,SAC,2990984,29.0,1.9,1.6
401360515,SAC,2993370,25.0,18.9,15.7
401360515,SAC,3064559,24.0,8.0,7.5
401360515,SAC,3914283,13.0,-0.5,-0.7
401360515,SAC,3919454,30.0,13.6,12.1
401360515,SAC,4277848,23.0,7.5,7.4
401360515,SAC,4278053,20.0,4.5,4.4
401360515,SAC,4396993,38.0,22.6,21.7
401360516,IND,4244,18.0,11.7,11.5
401360516,IND,6603,28.0,11.6,8.9
401360516,IND,2284101,27.0,10.7,10.8
401360516,IND,2528693,30.0,6.1,3.3
401360516,IND,2596247,26.0,-2.5,-3.4
401360516,IND,4278031,18.0,8.9,7.7
401360516,IND,4348700,35.0,12.6,11.0
401360516,IND,4397235,15.0,-3.1,-3.1
401360516,IND,4432170,13.0,5.9,6.1
401360516,IND,4592402,31.0,9.5,7.7
401360516,PHX,2779,41.0,25.9,20.7
401360516,PHX,3452,18.0,14.1,11.5
401360516,PHX,6427,30.0,25.2,21.9
401360516,PHX,6581,23.0,3.9,1.7
401360516,PHX,2583639,7.0,1.6,0.0
401360516,PHX,3064230,7.0,4.9,5.0
401360516,PHX,3136193,39.0,0.3,-3.3
401360516,PHX,3138196,25.0,3.6,3.9
401360516,PHX,3147657,35.0,21.7,19.3
401360516,PHX,3914044,16.0,5.3,5.7
401360517,LAC,3416,25.0,5.8,4.0
401360517,LAC,3439,15.0,8.2,6.7
401360517,LAC,4238,15.0,1.3,1.0
401360517,LAC,6443,33.0,19.3,18.9
401360517,LAC,6462,24.0,-1.7,-2.0
401360517,LAC,3907823,25.0,8.1,5.7
401360517,LAC,3913174,28.0,9.8,8.0
401360517,LAC,4017837,29.0,14.9,10.6
401360517,LAC,4066387,18.0,1.0,1.0
401360517,LAC,4222252,4.0,0.2,0.0
401360517,LAC,4432162,24.0,9.4,8.6
401360517,NYK,3986,6.0,-1.3,0.0
401360517,NYK,6429,30.0,10.3,8.8
401360517,NYK,6588,28.0,9.4,8.7
401360517,NYK,2991280,26.0,11.7,7.2
401360517,NYK,3064514,40.0,13.9,12.8
401360517,NYK,4278355,8.0,2.4,1.7
401360517,NYK,4351852,16.0,9.2,8.4
401360517,NYK,4395625,43.0,22.5,19.4
401360517,NYK,4395627,5.0,1.6,1.0
401360517,NYK,4395724,18.0,9.0,9.2
401360517,NYK,4397014,20.0,-0.2,0.2
401360518,BOS,3213,35.0,4.7,3.3
401360518,BOS,6447,3.0,0.3,0.0
401360518,BOS,2581190,17.0,-0.9,-1.4
401360518,BOS,2990992,31.0,9.7,6.1
401360518,BOS,3032979,22.0,5.0,4.8
401360518,BOS,3917376,31.0,8.9,6.7
401360518,BOS,4065648,33.0,45.9,43.9
401360518,BOS,4066211,31.0,11.0,9.3
401360518,BOS,4066218,22.0,10.5,8.4
401360518,BOS,4066354,4.0,-1.8,-1.7
401360518,BOS,4396909,4.0,-0.2,-0.8
401360518,BOS,4397008,8.0,1.7,1.7
401360518,WAS,6426,12.0,-0.0,-0.1
401360518,WAS,6580,31.0,16.7,13.5
401360518,WAS,2580782,27.0,1.4,-1.1
401360518,WAS,2581018,22.0,2.0,1.8
401360518,WAS,2581184,2.0,0.0,0.0
401360518,WAS,2968361,6.0,1.3,0.0
401360518,WAS,2991055,7.0,2.3,2.0
401360518,WAS,3134907,24.0,7.8,5.9
401360518,WAS,3922230,4.0,0.9,1.0
401360518,WAS,3934723,22.0,10.2,7.7
401360518,WAS,4066648,19.0,7.8,4.7
401360518,WAS,4278049,11.0,2.0,1.7
401360518,WAS,4280151,24.0,2.2,0.6
401360518,WAS,4683021,27.0,10.7,10.5
401360519,LAL,1966,40.0,25.5,22.4
401360519,LAL,1975,25.0,4.3,4.6
401360519,LAL,2384,11.0,2.0,0.7
401360519,LAL,2426,15.0,-6.0,-7.5
401360519,LAL,3468,32.0,21.1,21.0
401360519,LAL,3981,10.0,2.3,2.0
401360519,LAL,4240,31.0,8.1,7.6
401360519,LAL,3134881,23.0,5.5,5.7
401360519,LAL,4066262,24.0,7.3,5.4
401360519,LAL,4066457,9.0,1.0,1.0
401360519,LAL,4396991,22.0,3.5,2.7
401360519,MIA,3033,30.0,10.2,8.9
401360519,MIA,6430,39.0,22.9,17.6
401360519,MIA,2580913,8.0,6.6,6.8
401360519,MIA,3137259,32.0,5.6,5.7
401360519,MIA,3138160,23.0,11.8,11.0
401360519,MIA,3157465,42.0,20.1,18.5
401360519,MIA,4065730,4.0,1.9,2.7
401360519,MIA,4065778,29.0,1.9,2.6
401360519,MIA,4066261,33.0,10.0,8.6
401360520,CHI,3978,38.0,33.7,32.0
401360520,CHI,6478,30.0,0.7,0.1
401360520,CHI,2530923,4.0,0.6,0.7
401360520,CHI,3056245,8.0,1.0,1.0
401360520,CHI,3059311,20.0,4.3,3.7
401360520,CHI,4065673,6.0,-2.8,-3.0
401360520,CHI,4066367,27.0,1.5,0.2
401360520,CHI,4278508,30.0,0.1,-0.0
401360520,CHI,4395651,35.0,10.9,9.5
401360520,CHI,4397002,40.0,2.4,1.3
401360520,ORL,3150844,25.0,19.7,19.3
401360520,ORL,3918423,23.0,3.4,3.4
401360520,ORL,4277847,28.0,13.3,10.3
401360520,ORL,4277919,7.0,-2.7,-2.0
401360520,ORL,4278052,30.0,14.0,10.2
401360520,ORL,4397205,25.0,9.5,9.8
401360520,ORL,4432165,33.0,15.3,13.1
401360520,ORL,4432809,31.0,7.1,5.6
401360520,ORL,4566434,38.0,17.2,14.9
401360521,POR,2490149,38.0,17.6,13.7
401360521,POR,2490620,31.0,9.2,5.7
401360521,POR,2578213,18.0,13.0,13.1
401360521,POR,3102530,31.0,8.2,5.3
401360521,POR,4065697,14.0,5.6,6.5
401360521,POR,4351851,37.0,7.4,6.3
401360521,POR,4395652,39.0,16.0,12.2
401360521,POR,4397166,17.0,8.2,6.4
401360521,POR,4431675,15.0,8.4,7.2
401360521,TOR,2991230,42.0,17.0,13.1
401360521,TOR,3133838,2.0,0.0,0.0
401360521,TOR,3149673,34.0,22.2,20.3
401360521,TOR,3934719,42.0,9.8,6.3
401360521,TOR,3948153,24.0,14.1,10.5
401360521,TOR,4277843,28.0,2.0,1.4
401360521,TOR,4397885,12.0,4.6,2.1
401360521,TOR,4431679,15.0,2.6,2.3
401360521,TOR,4432907,8.0,7.4,5.1
401360521,TOR,4433134,34.0,7.2,4.0
401360522,ATL,2799,15.0,9.4,9.2
401360522,ATL,3428,22.0,7.7,6.0
401360522,ATL,3064447,20.0,7.0,3.0
401360522,ATL,3102529,26.0,5.8,1.9
401360522,ATL,3893019,1.0,2.7,2.7
401360522,ATL,3908845,30.0,9.9,9.9
401360522,ATL,4065732,34.0,14.9,12.6
401360522,ATL,4066269,1.0,-0.4,-0.7
401360522,ATL,4066372,29.0,8.4,7.1
401360522,ATL,4277905,35.0,21.4,20.0
401360522,ATL,4278075,11.0,3.2,1.3
401360522,ATL,4431680,16.0,6.2,4.4
401360522,CHA,4305,14.0,1.5,0.4
401360522,CHA,2488653,19.0,7.3,5.4
401360522,CHA,3074752,30.0,5.2,1.8
401360522,CHA,3133603,23.0,4.6,4.2
401360522,CHA,3138161,29.0,7.5,6.1
401360522,CHA,4066383,34.0,11.0,9.7
401360522,CHA,4278076,2.0,-0.5,-0.8
401360522,CHA,4278078,31.0,11.6,9.2
401360522,CHA,4431669,2.0,1.0,0.7
401360522,CHA,4431699,2.0,-0.7,-0.7
401360522,CHA,4431712,17.0,4.4,4.0
401360522,CHA,4432816,34.0,9.6,9.0
401360522,CHA,4702233,2.0,-0.7,-0.7
401360523,PHI,6440,36.0,17.7,15.2
401360523,PHI,6585,16.0,3.7,3.0
401360523,PHI,2990969,24.0,2.2,1.3
401360523,PHI,3059318,32.0,29.5,26.9
401360523,PHI,3929325,37.0,11.9,10.8
401360523,PHI,4066508,27.0,8.3,6.8
401360523,PHI,4395702,27.0,5.3,6.0
401360523,PHI,4431678,42.0,12.6,11.5
401360523,SAS,2528588,28.0,5.5,4.0
401360523,SAS,3078576,33.0,9.9,7.8
401360523,SAS,3134908,39.0,24.0,21.0
401360523,SAS,3136779,15.0,-0.8,-0.7
401360523,SAS,3146557,4.0,-1.1,-1.4
401360523,SAS,3907497,38.0,18.5,16.2
401360523,SAS,3914285,5.0,0.6,0.0
401360523,SAS,4277890,25.0,10.0,9.8
401360523,SAS,4395630,20.0,10.1,10.4
401360523,SAS,4395723,33.0,16.2,15.0
401360524,DAL,2528210,26.0,1.6,1.2
401360524,DAL,2528779,21.0,2.8,2.0
401360524,DAL,2531367,21.0,3.3,4.4
401360524,DAL,2578185,36.0,11.9,8.1
401360524,DAL,2579260,2.0,0.0,0.0
401360524,DAL,2960236,24.0,7.5,5.4
401360524,DAL,3102531,26.0,14.9,11.0
401360524,DAL,3138154,1.0,0.0,0.0
401360524,DAL,3907487,1.0,0.0,0.0
401360524,DAL,3934672,31.0,10.0,8.7
401360524,DAL,3945274,38.0,31.8,26.2
401360524,DAL,4432811,15.0,5.4,3.1
401360524,MEM,2991235,32.0,7.9,4.3
401360524,MEM,3134932,23.0,3.9,2.8
401360524,MEM,4066436,31.0,10.0,6.3
401360524,MEM,4066651,22.0,7.9,5.1
401360524,MEM,4277928,3.0,0.0,0.0
401360524,MEM,4277961,35.0,-0.9,-0.6
401360524,MEM,4277964,16.0,3.6,2.8
401360524,MEM,4279888,41.0,21.0,19.8
401360524,MEM,4433137,23.0,0.9,2.9
401360524,MEM,4593125,13.0,4.3,4.4
401360525,BKN,2983,17.0,-3.1,-1.0
401360525,BKN,3989,6.0,5.0,5.1
401360525,BKN,3992,35.0,10.3,8.6
401360525,BKN,3999,20.0,7.8,8.9
401360525,BKN,4004,33.0,13.5,13.4
401360525,BKN,6442,35.0,23.3,20.9
401360525,BKN,3062667,16.0,4.9,3.0
401360525,BKN,3133635,3.0,-0.3,-0.3
401360525,BKN,4065670,9.0,5.2,5.4
401360525,BKN,4397693,29.0,9.9,10.4
401360525,BKN,4432174,15.0,9.3,9.1
401360525,BKN,4432194,22.0,7.3,6.9
401360525,MIN,2982268,1.0,0.0,0.0
401360525,MIN,2990962,20.0,11.8,12.2
401360525,MIN,3134916,1.0,0.0,0.0
401360525,MIN,3136195,32.0,15.1,10.8
401360525,MIN,3136776,31.0,23.4,21.7
401360525,MIN,3907822,14.0,1.3,1.0
401360525,MIN,4065663,11.0,3.9,4.4
401360525,MIN,4067325,1.0,-0.7,-0.7
401360525,MIN,4278077,32.0,17.2,10.5
401360525,MIN,4278507,1.0,0.7,0.7
401360525,MIN,4278541,22.0,13.4,13.2
401360525,MIN,4396971,14.0,3.8,1.3
401360525,MIN,4431671,27.0,11.7,10.8
401360525,MIN,4594268,31.0,19.2,17.7
401360526,DEN,4258,12.0,-3.0,-2.9
401360526,DEN,6579,27.0,13.2,11.9
401360526,DEN,6617,34.0,10.2,8.7
401360526,DEN,2968334,21.0,9.8,8.2
401360526,DEN,2994526,21.0,6.0,7.3
401360526,DEN,3059262,12.0,3.1,4.0
401360526,DEN,3059310,30.0,2.6,2.0
401360526,DEN,3064290,31.0,8.5,7.4
401360526,DEN,3112335,36.0,33.5,29.1
401360526,DEN,4431690,17.0,11.4,11.9
401360526,DET,6446,28.0,17.8,16.7
401360526,DET,2488826,24.0,3.1,2.7
401360526,DET,3136196,21.0,12.4,10.9
401360526,DET,4066297,17.0,2.2,1.7
401360526,DET,4080610,20.0,5.5,7.1
401360526,DET,4397136,31.0,6.3,4.0
401360526,DET,4431686,11.0,-0.7,0.3
401360526,DET,4432166,36.0,12.3,10.6
401360526,DET,4432810,27.0,12.8,14.3
401360526,DET,4683024,25.0,7.7,6.2
401360527,GSW,3975,35.0,6.2,5.6
401360527,GSW,4269,20.0,7.3,6.5
401360527,GSW,2594922,31.0,16.9,10.8
401360527,GSW,2595209,24.0,6.4,6.0
401360527,GSW,3059319,35.0,7.2,4.5
401360527,GSW,3134903,17.0,6.8,3.7
401360527,GSW,3155535,28.0,9.9,10.6
401360527,GSW,4277956,34.0,13.5,13.8
401360527,GSW,4401416,7.0,1.0,0.4
401360527,GSW,4433247,8.0,-1.1,-0.7
401360527,UTA,3005,18.0,14.6,13.8
401360527,UTA,3195,29.0,3.4,1.3
401360527,UTA,3593,33.0,14.0,11.9
401360527,UTA,2528426,28.0,2.8,2.6
401360527,UTA,2583632,32.0,-0.3,-0.7
401360527,UTA,2968436,33.0,7.2,7.7
401360527,UTA,3032976,36.0,17.3,13.0
401360527,UTA,3133817,12.0,3.8,4.3
401360527,UTA,4065656,19.0,11.5,7.0
401360528,CLE,3026,18.0,7.9,6.5
401360528,CLE,3449,24.0,16.6,13.1
401360528,CLE,4259,17.0,2.6,3.4
401360528,CLE,3893016,11.0,-1.8,-2.1
401360528,CLE,3906786,9.0,-2.4,-1.4
401360528,CLE,3912848,35.0,11.3,7.6
401360528,CLE,4066405,15.0,6.0,6.4
401360528,CLE,4396907,39.0,6.7,4.5
401360528,CLE,4432158,38.0,12.5,10.4
401360528,CLE,4432822,33.0,11.6,10.4
401360528,NYK,3986,19.0,6.7,5.1
401360528,NYK,6429,18.0,0.1,0.7
401360528,NYK,6479,20.0,3.6,2.7
401360528,NYK,6588,21.0,1.9,1.9
401360528,NYK,2991280,29.0,6.7,3.3
401360528,NYK,3064514,33.0,10.8,7.2
401360528,NYK,4278355,15.0,9.1,8.1
401360528,NYK,4395625,34.0,20.1,16.9
401360528,NYK,4395724,26.0,0.1,-0.4
401360528,NYK,4397014,24.0,10.8,10.1
401360529,ATL,2799,12.0,0.9,-0.1
401360529,ATL,3428,30.0,8.1,6.3
401360529,ATL,2534781,15.0,5.8,5.4
401360529,ATL,3037789,31.0,16.1,15.0
401360529,ATL,3064447,14.0,6.1,4.8
401360529,ATL,3102529,33.0,15.9,14.0
401360529,ATL,4065732,36.0,12.9,12.0
401360529,ATL,4066372,33.0,12.4,11.7
401360529,ATL,4277905,38.0,38.4,36.9
401360529,CHI,3978,39.0,15.7,14.3
401360529,CHI,6474,21.0,9.0,6.8
401360529,CHI,6478,36.0,17.1,16.0
401360529,CHI,2596112,21.0,3.1,3.3
401360529,CHI,3064440,34.0,16.7,16.3
401360529,CHI,3936099,13.0,0.8,0.9
401360529,CHI,4278508,15.0,10.1,8.8
401360529,CHI,4395651,27.0,15.2,15.3
401360529,CHI,4397002,36.0,13.5,12.6
401360530,HOU,3415,15.0,-1.4,-1.7
401360530,HOU,2451037,22.0,11.1,8.7
401360530,HOU,3058254,36.0,10.6,8.6
401360530,HOU,3062744,8.0,5.7,3.7
401360530,HOU,3136777,25.0,5.2,4.3
401360530,HOU,3913180,23.0,4.0,2.9
401360530,HOU,4397140,28.0,2.6,1.2
401360530,HOU,4431828,22.0,9.3,7.1
401360530,HOU,4432168,23.0,6.4,4.8
401360530,HOU,4432176,5.0,1.3,0.3
401360530,HOU,4437244,30.0,3.6,2.4
401360530,HOU,4871143,5.0,2.7,0.7
401360530,PHI,3988,20.0,5.2,3.0
401360530,PHI,6440,25.0,7.5,4.3
401360530,PHI,6585,17.0,15.6,12.9
401360530,PHI,2990969,19.0,2.7,3.3
401360530,PHI,3059318,26.0,30.8,28.4
401360530,PHI,3907498,26.0,10.9,8.1
401360530,PHI,3929325,28.0,9.2,7.1
401360530,PHI,4065816,20.0,1.8,0.7
401360530,PHI,4066240,4.0,1.0,0.4
401360530,PHI,4066508,22.0,0.3,-2.5
401360530,PHI,4395702,25.0,7.6,7.4
401360530,PHI,4397209,3.0,-0.7,-0.7
401360530,PHI,4397886,5.0,1.6,0.7
401360531,IND,4244,17.0,4.4,3.7
401360531,IND,6603,22.0,5.9,4.0
401360531,IND,2284101,22.0,3.6,4.0
401360531,IND,2528693,30.0,11.9,12.2
401360531,IND,2991043,32.0,10.1,9.7
401360531,IND,4278031,33.0,5.0,0.8
401360531,IND,4348700,22.0,7.7,9.1
401360531,IND,4397235,23.0,17.7,17.5
401360531,IND,4432170,12.0,4.3,3.7
401360531,IND,4592402,27.0,12.1,10.0
401360531,NOP,4023,29.0,8.5,8.0
401360531,NOP,6477,30.0,16.2,15.0
401360531,NOP,3062679,36.0,17.5,15.8
401360531,NOP,3132042,12.0,-1.5,-2.1
401360531,NOP,3133601,35.0,23.1,21.6
401360531,NOP,4277813,34.0,7.7,6.0
401360531,NOP,4277869,12.0,1.5,1.3
401360531,NOP,4278039,34.0,11.7,10.1
401360531,NOP,4397077,17.0,10.7,8.8
401360532,PHX,2779,40.0,24.1,21.5
401360532,PHX,3452,17.0,5.1,4.5
401360532,PHX,6427,31.0,15.9,13.7
401360532,PHX,2583639,12.0,6.4,5.4
401360532,PHX,3059307,10.0,1.3,0.7
401360532,PHX,3136193,38.0,17.5,14.2
401360532,PHX,3138196,38.0,17.6,13.8
401360532,PHX,3147657,35.0,6.6,4.1
401360532,PHX,3914044,18.0,2.0,2.0
401360532,UTA,3005,36.0,7.0,6.3
401360532,UTA,4262,33.0,9.3,6.3
401360532,UTA,2528426,34.0,13.9,12.1
401360532,UTA,2991155,43.0,15.0,9.5
401360532,UTA,3133817,25.0,9.1,9.4
401360532,UTA,4065656,36.0,14.6,13.6
401360532,UTA,4066299,3.0,-0.7,-0.7
401360532,UTA,4066446,14.0,4.2,3.0
401360532,UTA,4395695,17.0,12.6,9.1
401360533,DEN,3209,29.0,14.5,15.5
401360533,DEN,4258,14.0,-1.0,-3.0
401360533,DEN,6617,27.0,7.6,7.8
401360533,DEN,2968334,19.0,1.9,1.3
401360533,DEN,2994526,18.0,-1.1,-1.1
401360533,DEN,3059262,9.0,-0.5,-1.7
401360533,DEN,3059310,33.0,7.7,5.6
401360533,DEN,3064290,34.0,13.6,11.5
401360533,DEN,3112335,34.0,28.6,23.0
401360533,DEN,4431690,18.0,7.7,7.8
401360533,DEN,4592492,6.0,1.6,1.0
401360533,DET,6446,23.0,5.1,6.1
401360533,DET,2488826,20.0,3.2,0.6
401360533,DET,3136196,23.0,10.7,8.0
401360533,DET,4065651,14.0,5.9,5.3
401360533,DET,4066297,6.0,0.6,-1.1
401360533,DET,4080610,26.0,7.0,6.4
401360533,DET,4397136,34.0,16.6,14.7
401360533,DET,4432166,40.0,28.2,23.0
401360533,DET,4432810,25.0,-3.2,-3.4
401360533,DET,4683024,29.0,8.6,7.5
401360534,CHA,4305,8.0,0.2,-0.7
401360534,CHA,2488653,32.0,10.7,10.2
401360534,CHA,3074752,29.0,12.7,9.8
401360534,CHA,3133603,27.0,2.4,2.1
401360534,CHA,3138161,37.0,2.8,1.1
401360534,CHA,4066383,31.0,16.9,16.5
401360534,CHA,4278076,4.0,-0.7,-1.0
401360534,CHA,4278078,4.0,2.7,2.7
401360534,CHA,4431699,4.0,2.7,2.4
401360534,CHA,4431712,29.0,14.6,13.4
401360534,CHA,4432816,32.0,18.2,18.2
401360534,CHA,4702233,4.0,5.4,5.1
401360534,TOR,3133602,3.0,-1.4,-1.4
401360534,TOR,3133838,22.0,-1.5,-1.1
401360534,TOR,3149673,39.0,25.2,23.2
401360534,TOR,3934719,36.0,21.2,17.8
401360534,TOR,3948153,30.0,12.6,8.7
401360534,TOR,4066668,26.0,9.2,8.8
401360534,TOR,4277843,35.0,23.9,23.1
401360534,TOR,4348697,3.0,0.0,0.0
401360534,TOR,4397885,17.0,6.9,6.1
401360534,TOR,4431679,25.0,7.4,6.3
401360534,TOR,4432907,4.0,1.3,0.7
401360535,LAC,3416,8.0,-0.3,-0.7
401360535,LAC,3439,4.0,-1.7,-1.7
401360535,LAC,4238,15.0,8.0,7.5
401360535,LAC,6443,16.0,-1.0,-1.5
401360535,LAC,3135047,23.0,2.0,2.8
401360535,LAC,3907823,32.0,15.4,12.8
401360535,LAC,3913174,30.0,25.5,24.0
401360535,LAC,4017837,12.0,1.0,0.5
401360535,LAC,4066387,37.0,23.0,20.1
401360535,LAC,4222252,26.0,13.4,12.5
401360535,LAC,4432162,20.0,1.7,-0.2
401360535,LAC,4683023,17.0,5.9,5.1
401360535,WAS,6580,40.0,17.0,15.2
401360535,WAS,2580782,34.0,0.8,-0.7
401360535,WAS,2581018,29.0,9.5,9.7
401360535,WAS,2991055,20.0,14.1,11.6
401360535,WAS,3134907,35.0,14.6,10.3
401360535,WAS,3934723,15.0,10.6,9.8
401360535,WAS,4066648,13.0,4.3,3.4
401360535,WAS,4278049,12.0,8.5,8.1
401360535,WAS,4280151,20.0,2.5,2.7
401360535,WAS,4683021,21.0,7.1,7.0
401360536,BOS,3213,23.0,2.8,0.6
401360536,BOS,6447,12.0,-2.2,-2.7
401360536,BOS,2581190,22.0,11.5,9.5
401360536,BOS,2990992,24.0,1.7,-0.2
401360536,BOS,3032979,16.0,1.1,-0.7
401360536,BOS,3917376,24.0,25.0,23.2
401360536,BOS,4065648,31.0,29.2,28.7
401360536,BOS,4066211,27.0,24.9,17.5
401360536,BOS,4066218,23.0,8.1,7.5
401360536,BOS,4066354,9.0,8.4,7.1
401360536,BOS,4396909,19.0,6.8,6.7
401360536,BOS,4397008,9.0,2.3,2.0
401360536,SAC,6578,30.0,-0.6,-1.2
401360536,SAC,6591,12.0,3.2,0.6
401360536,SAC,2990984,24.0,4.0,2.9
401360536,SAC,2993370,24.0,8.7,6.7
401360536,SAC,3064559,16.0,6.4,4.4
401360536,SAC,3919454,10.0,5.2,4.6
401360536,SAC,4277848,21.0,4.4,1.3
401360536,SAC,4278053,30.0,-4.0,-4.9
401360536,SAC,4396961,12.0,0.6,-0.7
401360536,SAC,4396993,27.0,8.4,6.5
401360536,SAC,4397103,12.0,3.1,3.6
401360536,SAC,4397424,8.0,5.6,4.7
401360536,SAC,4431688,15.0,0.5,1.0
401360537,BKN,2983,20.0,6.2,4.0
401360537,BKN,3992,38.0,29.4,24.4
401360537,BKN,3999,24.0,5.6,6.0
401360537,BKN,4004,30.0,8.2,8.0
401360537,BKN,3062667,30.0,8.3,8.8
401360537,BKN,3133635,5.0,-2.8,-2.4
401360537,BKN,4065670,21.0,2.1,1.7
401360537,BKN,4278067,17.0,4.5,3.3
401360537,BKN,4397693,33.0,3.6,0.9
401360537,BKN,4432174,9.0,-1.9,-2.8
401360537,BKN,4432194,11.0,4.2,3.1
401360537,LAL,1966,34.0,34.2,28.1
401360537,LAL,1975,23.0,9.1,6.3
401360537,LAL,3468,33.0,7.4,5.8
401360537,LAL,4240,24.0,7.1,5.7
401360537,LAL,6583,25.0,7.2,4.7
401360537,LAL,6637,2.0,-0.7,-0.7
401360537,LAL,3134881,29.0,2.8,2.0
401360537,LAL,4066262,28.0,18.8,17.1
401360537,LAL,4066457,25.0,8.9,7.3
401360537,LAL,4396991,19.0,-3.6,-4.2
401360538,HOU,3431,25.0,4.6,4.0
401360538,HOU,3058254,24.0,8.6,7.9
401360538,HOU,3136777,19.0,13.1,11.1
401360538,HOU,3913180,26.0,1.5,0.9
401360538,HOU,4066450,12.0,-0.4,0.0
401360538,HOU,4397140,26.0,12.6,12.2
401360538,HOU,4431828,29.0,17.1,13.6
401360538,HOU,4432168,24.0,12.8,10.2
401360538,HOU,4437244,32.0,-3.5,-3.6
401360538,HOU,4871144,24.0,9.2,5.9
401360538,SAS,3244,12.0,10.0,9.2
401360538,SAS,2528588,25.0,11.2,11.5
401360538,SAS,3078576,23.0,5.7,5.5
401360538,SAS,3134908,21.0,18.1,15.0
401360538,SAS,3146557,7.0,3.6,3.4
401360538,SAS,3907497,24.0,19.6,16.7
401360538,SAS,3914285,15.0,12.7,12.0
401360538,SAS,4017839,10.0,0.9,0.0
401360538,SAS,4277890,21.0,0.1,-1.1
401360538,SAS,4395626,25.0,14.2,12.6
401360538,SAS,4395630,29.0,11.9,10.8
401360538,SAS,4395723,27.0,13.9,12.2
401360539,DAL,2528210,10.0,8.0,8.0
401360539,DAL,2528779,24.0,1.8,1.3
401360539,DAL,2531367,4.0,-1.4,-1.0
401360539,DAL,2578185,26.0,5.9,4.0
401360539,DAL,2579260,8.0,2.0,2.0
401360539,DAL,2960236,24.0,8.9,8.1
401360539,DAL,3102531,25.0,1.9,-1.5
401360539,DAL,3138154,8.0,1.0,0.7
401360539,DAL,3907487,8.0,-0.5,-2.8
401360539,DAL,3934672,36.0,8.2,6.1
401360539,DAL,3945274,27.0,17.6,16.7
401360539,DAL,4230547,18.0,5.8,4.7
401360539,DAL,4432811,22.0,3.5,2.7
401360539,GSW,3975,29.0,13.4,11.5
401360539,GSW,4269,18.0,11.8,8.2
401360539,GSW,6475,26.0,12.8,12.2
401360539,GSW,2594922,20.0,9.5,8.4
401360539,GSW,2595209,24.0,10.1,8.9
401360539,GSW,3059319,26.0,10.5,9.4
401360539,GSW,3134903,11.0,7.3,5.4
401360539,GSW,3137795,5.0,0.7,0.7
401360539,GSW,3155535,22.0,3.7,2.1
401360539,GSW,4277956,26.0,14.7,13.5
401360539,GSW,4401416,7.0,1.5,0.6
401360539,GSW,4432171,7.0,1.1,1.3
401360539,GSW,4433247,18.0,19.4,17.9
401360540,MIN,2990962,27.0,-1.4,-1.3
401360540,MIN,3136195,37.0,20.4,14.2
401360540,MIN,3136776,35.0,11.8,12.0
401360540,MIN,3907822,20.0,2.2,0.6
401360540,MIN,4278077,36.0,20.5,15.7
401360540,MIN,4278541,20.0,6.3,5.4
401360540,MIN,4396971,11.0,-1.8,-0.1
401360540,MIN,4431671,16.0,0.3,-1.1
401360540,MIN,4594268,39.0,30.7,24.8
401360540,POR,2490149,38.0,10.4,10.0
401360540,POR,2490620,37.0,4.3,2.6
401360540,POR,2578213,18.0,4.8,4.6
401360540,POR,2595516,26.0,6.1,4.0
401360540,POR,3102530,32.0,18.0,17.2
401360540,POR,4065697,12.0,9.1,8.6
401360540,POR,4351851,34.0,4.9,5.3
401360540,POR,4395652,29.0,18.3,17.2
401360540,POR,4431675,14.0,-0.1,0.0
401360541,CLE,3026,20.0,1.9,0.7
401360541,CLE,3449,27.0,18.5,15.2
401360541,CLE,4259,1.0,0.0,0.0
401360541,CLE,2583962,1.0,0.0,0.0
401360541,CLE,3057198,1.0,0.0,0.0
401360541,CLE,3893016,34.0,17.6,15.8
401360541,CLE,3906786,1.0,0.0,0.0
401360541,CLE,3912848,14.0,9.3,10.2
401360541,CLE,4066328,33.0,10.0,8.8
401360541,CLE,4066405,19.0,4.8,1.3
401360541,CLE,4396907,26.0,19.2,17.6
401360541,CLE,4432158,34.0,13.0,11.6
401360541,CLE,4432822,29.0,4.5,3.4
401360541,MIL,3438,23.0,2.9,0.0
401360541,MIL,3995,32.0,3.5,2.8
401360541,MIL,6609,35.0,14.5,14.2
401360541,MIL,2578239,32.0,9.1,8.4
401360541,MIL,2581177,4.0,-0.7,-0.7
401360541,MIL,3032977,29.0,17.3,15.1
401360541,MIL,3056602,2.0,1.7,1.7
401360541,MIL,3064482,32.0,16.6,15.9
401360541,MIL,3102533,2.0,-0.4,0.0
401360541,MIL,3934673,28.0,4.9,2.4
401360541,MIL,4277883,15.0,1.8,0.6
401360541,MIL,4278580,5.0,0.0,0.0
401360542,CHA,4305,5.0,1.4,0.7
401360542,CHA,2488653,27.0,9.1,8.1
401360542,CHA,3074752,28.0,16.7,14.1
401360542,CHA,3133603,35.0,35.0,34.0
401360542,CHA,3138161,26.0,10.2,8.4
401360542,CHA,4066383,28.0,17.5,17.9
401360542,CHA,4278076,5.0,4.6,4.0
401360542,CHA,4278078,18.0,8.8,8.5
401360542,CHA,4431699,3.0,3.3,4.1
401360542,CHA,4431712,22.0,3.2,4.2
401360542,CHA,4432816,38.0,30.8,27.6
401360542,CHA,4702233,5.0,-1.1,-1.4
401360542,IND,4244,28.0,14.6,13.2
401360542,IND,6603,15.0,5.6,3.3
401360542,IND,2284101,23.0,7.2,7.4
401360542,IND,2528693,27.0,8.1,9.1
401360542,IND,2596247,12.0,4.6,3.7
401360542,IND,2991043,20.0,9.0,10.4
401360542,IND,4278031,17.0,7.8,5.4
401360542,IND,4279815,10.0,7.0,6.5
401360542,IND,4348700,19.0,12.8,14.0
401360542,IND,4397235,24.0,1.6,1.3
401360542,IND,4432170,24.0,12.2,12.2
401360542,IND,4592402,22.0,8.2,6.3
401360543,LAC,3416,22.0,11.8,9.8
401360543,LAC,3439,6.0,0.3,0.0
401360543,LAC,4238,26.0,5.3,3.9
401360543,LAC,6443,19.0,-1.1,-1.5
401360543,LAC,3135047,23.0,10.1,7.0
401360543,LAC,3907823,27.0,12.1,11.5
401360543,LAC,3913174,32.0,15.3,14.5
401360543,LAC,4017837,22.0,3.5,2.7
401360543,LAC,4066387,34.0,18.5,16.8
401360543,LAC,4222252,19.0,2.7,2.7
401360543,LAC,4432162,9.0,3.2,2.7
401360543,LAC,4683023,2.0,1.6,2.0
401360543,ORL,6619,17.0,3.1,0.9
401360543,ORL,2999547,31.0,7.5,8.3
401360543,ORL,3150844,16.0,2.6,1.4
401360543,ORL,4277847,31.0,3.9,3.9
401360543,ORL,4277919,26.0,7.4,5.6
401360543,ORL,4278052,17.0,2.4,-0.8
401360543,ORL,4432165,35.0,8.1,9.2
401360543,ORL,4432809,32.0,23.3,19.7
401360543,ORL,4566434,34.0,22.2,21.1
401360544,ATL,2799,19.0,15.5,15.6
401360544,ATL,3428,23.0,4.6,1.9
401360544,ATL,2534781,4.0,1.3,1.0
401360544,ATL,3037789,23.0,16.9,16.2
401360544,ATL,3064447,28.0,5.6,4.4
401360544,ATL,3102529,21.0,12.4,9.6
401360544,ATL,3893019,4.0,0.0,0.0
401360544,ATL,3908845,25.0,8.1,5.0
401360544,ATL,4065732,17.0,4.4,5.7
401360544,ATL,4066269,5.0,1.2,1.3
401360544,ATL,4066372,19.0,4.4,4.7
401360544,ATL,4277905,25.0,15.5,10.9
401360544,ATL,4278075,4.0,-0.4,-0.7
401360544,ATL,4431680,20.0,16.8,15.5
401360544,ATL,4701230,4.0,1.6,1.0
401360544,SAC,6578,36.0,23.7,21.0
401360544,SAC,6591,20.0,3.2,2.3
401360544,SAC,2596107,7.0,3.4,1.2
401360544,SAC,2990984,30.0,2.6,2.7
401360544,SAC,2993370,28.0,11.7,8.5
401360544,SAC,3064559,9.0,0.8,2.4
401360544,SAC,4277848,22.0,5.5,5.4
401360544,SAC,4278053,31.0,12.1,13.8
401360544,SAC,4396961,4.0,0.3,0.0
401360544,SAC,4396993,37.0,7.3,4.1
401360544,SAC,4397103,7.0,-1.6,-2.2
401360544,SAC,4397424,4.0,-0.7,-0.7
401360544,SAC,4431688,5.0,5.0,5.1
401360545,BKN,2983,20.0,14.1,12.8
401360545,BKN,3423,17.0,3.1,4.0
401360545,BKN,3989,9.0,2.5,2.6
401360545,BKN,3999,18.0,2.8,3.1
401360545,BKN,4004,20.0,-1.2,-1.1
401360545,BKN,6585,16.0,2.6,1.4
401360545,BKN,2326307,23.0,9.1,8.4
401360545,BKN,4065670,24.0,11.5,9.5
401360545,BKN,4278067,12.0,3.2,1.6
401360545,BKN,4397107,19.0,0.4,-0.1
401360545,BKN,4397693,25.0,-1.0,-2.4
401360545,BKN,4432174,25.0,4.6,4.6
401360545,BKN,4432194,12.0,9.0,7.5
401360545,TOR,3244,15.0,9.7,8.3
401360545,TOR,2578240,10.0,-1.2,0.0
401360545,TOR,3133602,10.0,7.1,7.1
401360545,TOR,3133838,13.0,5.9,4.7
401360545,TOR,3136491,6.0,5.3,5.1
401360545,TOR,3149673,30.0,6.7,2.9
401360545,TOR,3948153,12.0,4.3,5.7
401360545,TOR,4066668,34.0,19.4,16.9
401360545,TOR,4277843,30.0,11.5,6.9
401360545,TOR,4397885,13.0,3.7,2.7
401360545,TOR,4431679,24.0,16.6,15.5
401360545,TOR,4432907,10.0,2.9,1.7
401360545,TOR,4433134,34.0,34.1,26.7
401360546,MIA,3033,23.0,13.6,14.5
401360546,MIA,6430,29.0,21.3,19.7
401360546,MIA,2580913,15.0,6.1,3.7
401360546,MIA,3074213,2.0,1.3,1.7
401360546,MIA,3137259,33.0,6.5,5.1
401360546,MIA,3138160,25.0,1.9,0.6
401360546,MIA,3157465,26.0,19.5,20.2
401360546,MIA,4065730,2.0,-1.0,-1.0
401360546,MIA,4065778,21.0,-4.1,-5.2
401360546,MIA,4066261,31.0,12.1,9.1
401360546,MIA,4395725,33.0,14.1,12.7
401360546,NYK,3986,17.0,2.1,1.4
401360546,NYK,6429,15.0,0.3,-1.2
401360546,NYK,6479,19.0,0.8,1.2
401360546,NYK,6588,20.0,-0.1,0.2
401360546,NYK,3064514,27.0,4.8,4.1
401360546,NYK,4277922,2.0,2.7,1.7
401360546,NYK,4278355,21.0,16.4,15.6
401360546,NYK,4351852,29.0,9.1,8.2
401360546,NYK,4395625,24.0,11.0,10.3
401360546,NYK,4395627,10.0,2.9,1.6
401360546,NYK,4395724,22.0,12.7,10.2
401360546,NYK,4397014,31.0,7.4,6.5
401360546,NYK,4431823,2.0,0.0,0.0
401360547,MEM,2991235,28.0,7.2,4.9
401360547,MEM,3134932,23.0,3.2,1.7
401360547,MEM,3906665,20.0,9.6,7.9
401360547,MEM,4066320,33.0,13.6,12.4
401360547,MEM,4066436,24.0,4.7,2.3
401360547,MEM,4066651,16.0,1.2,1.7
401360547,MEM,4277961,32.0,19.5,14.3
401360547,MEM,4279888,37.0,35.1,31.9
401360547,MEM,4433137,26.0,6.4,5.7
401360547,SAS,2528588,22.0,2.8,1.3
401360547,SAS,3078576,34.0,10.1,9.5
401360547,SAS,3134908,33.0,24.8,21.1
401360547,SAS,3146557,11.0,1.4,0.3
401360547,SAS,3907497,39.0,15.8,13.2
401360547,SAS,3914285,4.0,5.8,4.8
401360547,SAS,4277890,20.0,7.2,8.1
401360547,SAS,4395626,11.0,-2.4,-2.4
401360547,SAS,4395630,30.0,11.2,10.3
401360547,SAS,4395723,36.0,14.3,10.7
401360548,DEN,3209,21.0,2.5,2.0
401360548,DEN,4258,12.0,4.3,2.3
401360548,DEN,6617,35.0,11.1,7.8
401360548,DEN,2327577,4.0,0.7,0.7
401360548,DEN,2968334,7.0,-0.8,-0.4
401360548,DEN,2994526,25.0,8.8,9.0
401360548,DEN,3059310,33.0,16.0,13.6
401360548,DEN,3064290,31.0,10.6,8.7
401360548,DEN,3112335,30.0,26.2,23.2
401360548,DEN,4431690,17.0,8.2,8.1
401360548,DEN,4592492,25.0,5.0,4.4
401360548,NOP,4023,23.0,3.5,-1.4
401360548,NOP,2999409,33.0,20.8,15.4
401360548,NOP,3062679,37.0,9.9,7.3
401360548,NOP,3132042,2.0,-1.4,-1.4
401360548,NOP,3133601,34.0,9.8,8.7
401360548,NOP,4277813,37.0,21.3,16.6
401360548,NOP,4277869,14.0,0.1,0.3
401360548,NOP,4278039,34.0,10.8,10.0
401360548,NOP,4278594,12.0,1.8,2.3
401360548,NOP,4397077,16.0,9.0,9.9
401360549,CHI,6478,39.0,25.0,19.7
401360549,CHI,2530923,11.0,-0.4,0.0
401360549,CHI,2596112,25.0,7.3,4.0
401360549,CHI,3056245,17.0,3.6,3.4
401360549,CHI,3059311,7.0,0.8,0.9
401360549,CHI,3064440,35.0,18.0,13.2
401360549,CHI,4065673,2.0,-0.4,-1.0
401360549,CHI,4066367,8.0,6.3,5.4
401360549,CHI,4278508,31.0,6.7,5.7
401360549,CHI,4395651,31.0,4.7,3.7
401360549,CHI,4397002,35.0,20.6,20.8
401360549,OKC,2490089,15.0,8.5,8.3
401360549,OKC,3133626,30.0,3.7,1.2
401360549,OKC,3947156,7.0,3.2,1.7
401360549,OKC,4065733,12.0,7.6,6.1
401360549,OKC,4278073,39.0,29.7,25.5
401360549,OKC,4397020,31.0,12.3,12.0
401360549,OKC,4397183,16.0,2.9,3.0
401360549,OKC,4423545,20.0,3.0,0.6
401360549,OKC,4432813,22.0,11.2,8.8
401360549,OKC,4432819,17.0,0.9,0.6
401360549,OKC,4871145,31.0,6.3,4.8
401360550,PHX,2779,37.0,13.7,14.0
401360550,PHX,6427,29.0,10.3,7.9
401360550,PHX,2583639,11.0,0.5,-1.4
401360550,PHX,3059307,12.0,6.4,6.8
401360550,PHX,3136193,40.0,33.0,29.5
401360550,PHX,3138196,36.0,7.3,4.3
401360550,PHX,3147657,45.0,6.0,5.0
401360550,PHX,3914044,12.0,-0.1,0.0
401360550,PHX,4397189,19.0,5.4,3.0
401360550,UTA,3005,17.0,-0.7,-1.3
401360550,UTA,3195,33.0,13.6,14.3
401360550,UTA,3593,33.0,-3.3,-3.6
401360550,UTA,4262,35.0,12.7,9.3
401360550,UTA,2528426,31.0,17.4,17.1
401360550,UTA,2583632,27.0,11.2,9.2
401360550,UTA,2968436,26.0,3.0,3.3
401360550,UTA,2991155,11.0,1.6,2.0
401360550,UTA,3133817,13.0,9.7,8.2
401360550,UTA,4065656,14.0,0.2,0.0
401360551,DAL,2528779,25.0,12.5,11.4
401360551,DAL,2531367,18.0,16.5,14.5
401360551,DAL,2578185,28.0,10.3,8.8
401360551,DAL,2579260,2.0,-1.4,-1.4
401360551,DAL,2960236,27.0,12.2,8.4
401360551,DAL,3102531,27.0,10.4,9.9
401360551,DAL,3138154,2.0,-0.4,-0.7
401360551,DAL,3907487,7.0,7.1,6.5
401360551,DAL,3934672,35.0,22.2,21.5
401360551,DAL,3945274,37.0,18.8,15.2
401360551,DAL,4230547,15.0,4.9,5.7
401360551,DAL,4432811,15.0,8.3,8.1
401360551,POR,2490149,36.0,14.0,13.8
401360551,POR,2528353,29.0,1.1,1.0
401360551,POR,2578213,22.0,8.0,8.1
401360551,POR,2595516,36.0,9.3,6.8
401360551,POR,3102530,31.0,15.8,13.4
401360551,POR,3152335,4.0,0.6,1.0
401360551,POR,4351851,36.0,18.9,18.7
401360551,POR,4397166,20.0,10.6,8.5
401360551,POR,4431675,19.0,7.1,6.8
401360551,POR,4432161,7.0,1.2,1.7
401360552,LAL,1975,26.0,2.1,2.3
401360552,LAL,2384,12.0,1.7,1.4
401360552,LAL,3468,34.0,12.1,9.9
401360552,LAL,3981,10.0,1.9,1.3
401360552,LAL,4240,26.0,-0.1,0.0
401360552,LAL,6583,34.0,27.6,21.7
401360552,LAL,6637,3.0,0.7,0.7
401360552,LAL,3134881,25.0,3.4,-0.7
401360552,LAL,4066262,31.0,6.0,3.6
401360552,LAL,4066457,23.0,-0.4,-1.4
401360552,LAL,4396991,18.0,4.2,3.6
401360552,PHI,3988,16.0,4.2,3.6
401360552,PHI,6440,35.0,19.8,16.3
401360552,PHI,6585,13.0,4.7,2.1
401360552,PHI,2990969,24.0,11.6,11.5
401360552,PHI,3059318,35.0,19.2,15.2
401360552,PHI,3907498,29.0,10.7,5.8
401360552,PHI,3929325,32.0,3.2,4.1
401360552,PHI,4065816,2.0,0.3,0.0
401360552,PHI,4066508,2.0,0.0,0.0
401360552,PHI,4395702,15.0,1.6,1.3
401360552,PHI,4431678,39.0,12.3,10.4
401360553,GSW,3975,38.0,24.2,19.2
401360553,GSW,4269,16.0,5.9,7.2
401360553,GSW,6475,27.0,16.4,14.9
401360553,GSW,2594922,26.0,10.1,8.8
401360553,GSW,2595209,14.0,2.9,2.0
401360553,GSW,3059319,36.0,18.9,15.4
401360553,GSW,3134903,15.0,5.9,4.5
401360553,GSW,3155535,24.0,4.2,4.7
401360553,GSW,4277956,24.0,17.0,16.9
401360553,GSW,4401416,2.0,-0.3,-0.3
401360553,GSW,4433247,18.0,-0.7,-0.8
401360553,MIN,2990962,16.0,3.0,2.9
401360553,MIN,3134916,1.0,0.3,0.0
401360553,MIN,3136195,36.0,26.8,25.0
401360553,MIN,3136776,20.0,5.7,3.9
401360553,MIN,3907822,20.0,-2.5,-3.2
401360553,MIN,4065663,7.0,2.7,2.7
401360553,MIN,4067325,1.0,0.0,0.0
401360553,MIN,4278077,30.0,12.3,8.4
401360553,MIN,4278541,29.0,6.1,3.6
401360553,MIN,4396971,11.0,2.4,2.4
401360553,MIN,4431671,33.0,12.6,10.4
401360553,MIN,4594268,37.0,23.0,20.2
401360554,CHA,4305,26.0,22.0,21.8
401360554,CHA,2488653,38.0,12.7,10.1
401360554,CHA,3074752,37.0,12.3,11.3
401360554,CHA,3138161,30.0,3.8,4.0
401360554,CHA,4066383,41.0,26.6,23.3
401360554,CHA,4278078,27.0,5.5,5.1
401360554,CHA,4431712,7.0,1.0,1.0
401360554,CHA,4432816,34.0,12.8,10.5
401360554,LAL,1975,35.0,19.2,15.1
401360554,LAL,2426,14.0,2.6,1.0
401360554,LAL,3442,20.0,2.5,1.7
401360554,LAL,3468,37.0,25.4,26.1
401360554,LAL,3981,18.0,5.3,4.3
401360554,LAL,4240,20.0,0.4,-1.5
401360554,LAL,6637,14.0,10.6,11.1
401360554,LAL,3134881,28.0,2.4,2.7
401360554,LAL,4066457,28.0,14.1,13.1
401360554,LAL,4396991,27.0,4.6,4.0
401360555,DET,6446,20.0,9.8,8.5
401360555,DET,2488826,21.0,10.9,10.4
401360555,DET,3136196,23.0,13.8,10.9
401360555,DET,4065651,21.0,6.4,7.6
401360555,DET,4066297,16.0,7.0,1.6
401360555,DET,4080610,21.0,2.1,1.3
401360555,DET,4278124,3.0,1.4,1.4
401360555,DET,4397136,32.0,11.8,10.6
401360555,DET,4431686,3.0,1.7,1.7
401360555,DET,4432166,30.0,-1.7,-1.9
401360555,DET,4432810,25.0,5.8,5.1
401360555,DET,4683024,25.0,13.4,10.4
401360555,ORL,6619,24.0,17.3,16.5
401360555,ORL,2999547,25.0,11.7,10.9
401360555,ORL,3150844,10.0,2.6,2.4
401360555,ORL,3918423,3.0,-0.8,-0.7
401360555,ORL,4277847,29.0,9.2,6.3
401360555,ORL,4277919,30.0,17.9,15.3
401360555,ORL,4278052,25.0,17.0,13.9
401360555,ORL,4397205,3.0,0.0,0.0
401360555,ORL,4432165,27.0,1.9,0.4
401360555,ORL,4432809,36.0,7.4,5.7
401360555,ORL,4566434,27.0,15.7,16.4
401360556,ATL,2799,15.0,8.3,7.1
401360556,ATL,3428,25.0,11.9,11.7
401360556,ATL,2534781,3.0,-0.7,-0.7
401360556,ATL,3037789,28.0,14.4,13.1
401360556,ATL,3064447,16.0,1.9,0.0
401360556,ATL,3102529,23.0,6.4,5.0
401360556,ATL,3893019,2.0,2.7,2.7
401360556,ATL,3908845,27.0,20.0,15.1
401360556,ATL,4065732,29.0,6.1,4.6
401360556,ATL,4066269,2.0,-0.3,-0.3
401360556,ATL,4066372,20.0,6.8,3.7
401360556,ATL,4277905,32.0,9.1,5.9
401360556,ATL,4278075,2.0,-0.7,-1.0
401360556,ATL,4431680,16.0,1.9,1.4
401360556,ATL,4701230,3.0,0.0,0.0
401360556,BOS,3213,16.0,1.2,-0.8
401360556,BOS,2581190,18.0,1.8,0.6
401360556,BOS,2990992,32.0,15.8,14.9
401360556,BOS,3032979,15.0,1.8,1.7
401360556,BOS,3917376,35.0,11.3,10.3
401360556,BOS,4065648,36.0,11.3,8.6
401360556,BOS,4065804,3.0,-0.1,-0.7
401360556,BOS,4066211,32.0,14.0,11.2
401360556,BOS,4066218,23.0,-1.0,-1.4
401360556,BOS,4066354,3.0,-0.4,-0.4
401360556,BOS,4277952,3.0,2.7,2.7
401360556,BOS,4396909,6.0,0.2,1.0
401360556,BOS,4397008,17.0,1.5,1.0
401360557,LAC,3416,22.0,8.3,8.4
401360557,LAC,4238,27.0,15.9,12.1
401360557,LAC,6443,21.0,7.5,8.0
401360557,LAC,3135047,26.0,12.9,9.8
401360557,LAC,3907823,25.0,-0.8,0.6
401360557,LAC,3913174,31.0,19.9,17.8
401360557,LAC,4017837,23.0,3.8,2.6
401360557,LAC,4066387,32.0,6.4,7.5
401360557,LAC,4222252,16.0,3.9,4.4
401360557,LAC,4432162,12.0,1.8,0.6
401360557,LAC,4683023,4.0,0.6,-0.7
401360557,MIA,3033,29.0,15.7,14.2
401360557,MIA,6430,37.0,30.4,26.3
401360557,MIA,2580913,12.0,1.7,0.7
401360557,MIA,3137259,33.0,15.2,15.5
401360557,MIA,3138160,19.0,-0.1,-1.3
401360557,MIA,3157465,26.0,12.3,12.5
401360557,MIA,4065778,14.0,0.4,1.0
401360557,MIA,4066261,36.0,17.4,13.8
401360557,MIA,4395725,34.0,4.7,4.4
401360558,HOU,3415,15.0,-2.7,-2.7
401360558,HOU,3431,33.0,3.8,3.4
401360558,HOU,3058254,37.0,17.5,13.1
401360558,HOU,3136777,26.0,10.0,10.1
401360558,HOU,3913180,36.0,18.5,17.4
401360558,HOU,4066450,7.0,-2.1,-2.4
401360558,HOU,4431828,22.0,10.9,10.5
401360558,HOU,4432168,20.0,8.6,8.4
401360558,HOU,4437244,33.0,12.3,10.6
401360558,HOU,4871144,11.0,3.5,2.7
401360558,POR,2490149,37.0,17.8,18.1
401360558,POR,2490620,38.0,12.8,8.7
401360558,POR,2528353,10.0,-1.9,-1.4
401360558,POR,2578213,21.0,6.5,7.0
401360558,POR,2595516,39.0,15.1,12.1
401360558,POR,3102530,33.0,18.1,14.4
401360558,POR,4065697,12.0,2.7,1.4
401360558,POR,4351851,35.0,21.0,20.7
401360558,POR,4431675,15.0,9.0,7.9
401360559,MEM,2991235,24.0,0.8,0.8
401360559,MEM,3134932,22.0,6.8,4.4
401360559,MEM,3906665,26.0,18.8,17.6
401360559,MEM,4066320,30.0,10.7,10.3
401360559,MEM,4066436,28.0,18.1,13.3
401360559,MEM,4066651,16.0,1.1,2.0
401360559,MEM,4277961,30.0,18.6,13.6
401360559,MEM,4279888,36.0,22.3,19.0
401360559,MEM,4433137,27.0,6.4,6.1
401360559,UTA,3005,19.0,9.4,6.1
401360559,UTA,3195,30.0,11.5,9.4
401360559,UTA,3593,32.0,2.5,2.9
401360559,UTA,4262,27.0,11.5,11.2
401360559,UTA,2528426,28.0,7.1,6.3
401360559,UTA,2583632,29.0,12.3,9.1
401360559,UTA,2968436,21.0,5.5,4.7
401360559,UTA,2991155,16.0,17.0,15.5
401360559,UTA,3133817,21.0,3.6,3.9
401360559,UTA,4065656,16.0,1.9,-0.3
401360560,IND,4244,17.0,6.2,5.5
401360560,IND,6603,23.0,11.8,10.3
401360560,IND,2284101,36.0,17.5,16.9
401360560,IND,2528693,29.0,3.5,2.3
401360560,IND,2991043,43.0,-0.4,-2.1
401360560,IND,3155942,44.0,28.0,22.8
401360560,IND,4278031,24.0,6.5,5.5
401360560,IND,4279815,7.0,7.7,7.5
401360560,IND,4348700,2.0,-1.4,-2.0
401360560,IND,4397235,9.0,3.0,3.0
401360560,IND,4592402,31.0,3.4,0.6
401360560,OKC,2490089,20.0,2.9,1.8
401360560,OKC,3133626,26.0,0.4,1.0
401360560,OKC,3947156,11.0,2.4,2.4
401360560,OKC,4065733,17.0,7.0,7.2
401360560,OKC,4278073,17.0,8.4,5.1
401360560,OKC,4397020,41.0,24.2,22.0
401360560,OKC,4423545,32.0,14.3,11.8
401360560,OKC,4432813,22.0,5.0,3.3
401360560,OKC,4432819,26.0,1.9,0.2
401360560,OKC,4683027,13.0,2.9,2.3
401360560,OKC,4871145,40.0,13.2,10.2
401360561,CHI,3978,37.0,27.8,26.4
401360561,CHI,6478,37.0,15.4,13.2
401360561,CHI,2596112,23.0,8.6,7.8
401360561,CHI,3059311,10.0,-1.1,-1.4
401360561,CHI,3064440,35.0,19.8,18.3
401360561,CHI,4065673,3.0,0.0,0.0
401360561,CHI,4066367,9.0,0.1,0.2
401360561,CHI,4278508,23.0,4.1,2.7
401360561,CHI,4395651,29.0,15.0,15.2
401360561,CHI,4397002,36.0,9.6,7.0
401360561,SAS,2528588,23.0,7.3,7.0
401360561,SAS,3078576,33.0,13.8,14.6
401360561,SAS,3134908,32.0,23.0,22.4
401360561,SAS,3907497,37.0,24.9,20.0
401360561,SAS,3914285,16.0,5.7,5.9
401360561,SAS,4277890,23.0,8.3,8.4
401360561,SAS,4395626,3.0,3.4,3.4
401360561,SAS,4395630,22.0,6.7,6.7
401360561,SAS,4395723,40.0,18.4,16.4
401360561,SAS,4702176,13.0,3.0,3.0
401360562,MIN,2990962,24.0,13.8,11.4
401360562,MIN,3134916,17.0,5.6,4.7
401360562,MIN,3136195,31.0,13.4,13.6
401360562,MIN,3907822,28.0,16.8,17.0
401360562,MIN,4065663,13.0,-0.3,-1.0
401360562,MIN,4278077,29.0,8.2,7.1
401360562,MIN,4278541,15.0,4.7,6.0
401360562,MIN,4396971,17.0,4.8,4.4
401360562,MIN,4431671,29.0,4.8,3.8
401360562,MIN,4594268,37.0,27.2,22.2
401360562,PHX,2779,37.0,28.0,24.4
401360562,PHX,6427,29.0,10.1,9.7
401360562,PHX,2583639,11.0,0.4,0.1
401360562,PHX,3059307,10.0,-0.3,0.0
401360562,PHX,3136193,38.0,20.8,19.7
401360562,PHX,3138196,37.0,21.2,19.2
401360562,PHX,3147657,41.0,16.0,15.2
401360562,PHX,3914044,21.0,16.1,15.2
401360562,PHX,4397189,16.0,5.0,5.5
401360563,MIL,3438,15.0,8.6,6.4
401360563,MIL,3995,35.0,23.4,21.7
401360563,MIL,4032,14.0,-1.4,0.3
401360563,MIL,6609,32.0,12.5,10.7
401360563,MIL,2578239,24.0,4.2,3.4
401360563,MIL,3032977,34.0,31.5,29.5
401360563,MIL,3064482,27.0,1.7,-0.8
401360563,MIL,3102533,1.0,0.0,0.0
401360563,MIL,3135045,30.0,16.9,13.8
401360563,MIL,3934673,24.0,3.3,2.4
401360563,MIL,4277883,1.0,0.0,0.0
401360563,MIL,4277887,1.0,-0.4,0.0
401360563,MIL,4278580,1.0,2.7,2.7
401360563,NYK,6429,18.0,7.2,7.4
401360563,NYK,6479,30.0,9.0,6.9
401360563,NYK,6588,32.0,20.4,19.5
401360563,NYK,2991280,20.0,4.9,3.3
401360563,NYK,3064514,37.0,4.5,2.7
401360563,NYK,4278355,14.0,3.2,2.6
401360563,NYK,4351852,25.0,5.6,5.9
401360563,NYK,4395625,35.0,13.9,12.1
401360563,NYK,4395724,11.0,2.6,3.0
401360563,NYK,4397014,18.0,6.9,5.0
401360564,BOS,3213,24.0,8.6,6.1
401360564,BOS,2581190,26.0,8.7,8.8
401360564,BOS,2990992,30.0,7.3,7.3
401360564,BOS,3032979,16.0,-3.3,-2.8
401360564,BOS,3917376,35.0,22.9,21.7
401360564,BOS,4065648,37.0,33.7,29.5
401360564,BOS,4065804,2.0,-1.1,-0.7
401360564,BOS,4066211,35.0,16.4,10.3
401360564,BOS,4066218,23.0,2.1,0.7
401360564,BOS,4066354,2.0,-0.7,-0.7
401360564,BOS,4277952,2.0,0.0,0.0
401360564,BOS,4396909,6.0,-2.4,-2.4
401360564,BOS,4397008,1.0,0.0,0.0
401360564,NOP,4023,35.0,8.4,6.6
401360564,NOP,2999409,30.0,7.5,8.5
401360564,NOP,3062679,35.0,10.2,3.6
401360564,NOP,3132042,7.0,1.0,1.0
401360564,NOP,3133601,28.0,6.5,6.6
401360564,NOP,4277813,35.0,8.5,8.4
401360564,NOP,4277869,20.0,21.1,16.6
401360564,NOP,4278039,22.0,3.2,2.7
401360564,NOP,4278594,11.0,3.8,3.6
401360564,NOP,4397077,18.0,1.8,2.7
401360565,DAL,2528779,24.0,20.4,18.5
401360565,DAL,2531367,20.0,9.6,6.4
401360565,DAL,2578185,28.0,5.6,4.8
401360565,DAL,2579260,5.0,1.3,1.3
401360565,DAL,2960236,23.0,16.2,12.8
401360565,DAL,3102531,11.0,1.4,1.9
401360565,DAL,3138154,5.0,2.7,2.7
401360565,DAL,3907487,16.0,4.3,2.0
401360565,DAL,3934672,32.0,13.2,11.6
401360565,DAL,3945274,32.0,30.1,26.2
401360565,DAL,4230547,17.0,7.2,7.0
401360565,DAL,4432811,24.0,10.2,11.2
401360565,IND,4244,16.0,0.2,-0.0
401360565,IND,6603,18.0,3.3,2.0
401360565,IND,2284101,24.0,2.5,2.3
401360565,IND,2528693,20.0,-2.9,-2.8
401360565,IND,2596247,5.0,0.3,0.3
401360565,IND,2991043,27.0,10.5,11.0
401360565,IND,3155942,29.0,23.8,21.5
401360565,IND,4278031,23.0,2.4,-0.3
401360565,IND,4279815,12.0,4.0,2.3
401360565,IND,4397235,25.0,15.9,15.8
401360565,IND,4432170,18.0,10.8,9.5
401360565,IND,4592402,22.0,5.8,6.4
401360566,PHI,3988,16.0,10.4,9.1
401360566,PHI,6440,32.0,12.4,10.5
401360566,PHI,6585,13.0,4.0,0.3
401360566,PHI,2326307,32.0,4.8,4.4
401360566,PHI,2990969,28.0,-0.5,-0.0
401360566,PHI,3059318,35.0,30.3,26.0
401360566,PHI,3907498,19.0,4.5,6.1
401360566,PHI,3929325,17.0,4.8,1.9
401360566,PHI,4066508,3.0,-1.4,-1.0
401360566,PHI,4395702,3.0,0.3,0.0
401360566,PHI,4431678,41.0,11.1,10.2
401360566,SAC,6578,39.0,10.9,9.2
401360566,SAC,6591,19.0,-3.2,-3.8
401360566,SAC,2990984,23.0,-0.7,-2.7
401360566,SAC,2993370,31.0,9.4,9.9
401360566,SAC,3064559,16.0,9.3,7.9
401360566,SAC,3914283,18.0,2.5,1.3
401360566,SAC,4277848,20.0,5.8,4.1
401360566,SAC,4278053,33.0,11.8,11.1
401360566,SAC,4396993,40.0,35.5,31.6
401360566,SAC,4397424,1.0,-1.8,-1.0
401360567,MIA,3033,41.0,8.6,7.0
401360567,MIA,6430,52.0,34.6,28.7
401360567,MIA,2580913,18.0,7.8,3.8
401360567,MIA,3137259,45.0,9.4,9.4
401360567,MIA,3138160,22.0,9.2,8.8
401360567,MIA,3157465,20.0,-4.2,-4.5
401360567,MIA,4065778,26.0,10.2,9.8
401360567,MIA,4066261,45.0,11.1,6.0
401360567,MIA,4395725,45.0,-1.2,-1.9
401360567,TOR,2991230,54.0,9.5,7.7
401360567,TOR,3149673,57.0,20.9,12.8
401360567,TOR,3934719,56.0,18.0,12.1
401360567,TOR,3948153,12.0,0.7,1.3
401360567,TOR,4277843,56.0,24.2,19.3
401360567,TOR,4397885,9.0,0.5,-1.0
401360567,TOR,4431679,16.0,8.8,6.8
401360567,TOR,4433134,56.0,17.7,16.5
401360568,MEM,2991235,29.0,19.3,15.5
401360568,MEM,2993874,23.0,7.6,5.5
401360568,MEM,3134932,33.0,9.6,7.4
401360568,MEM,3906665,20.0,10.0,8.5
401360568,MEM,4066320,29.0,10.9,11.8
401360568,MEM,4066436,27.0,7.3,3.5
401360568,MEM,4066651,16.0,6.2,5.4
401360568,MEM,4277928,2.0,2.7,2.0
401360568,MEM,4277961,23.0,7.9,4.3
401360568,MEM,4277964,2.0,0.0,0.0
401360568,MEM,4278116,2.0,0.0,0.0
401360568,MEM,4279888,34.0,23.4,22.2
401360568,MEM,4593125,2.0,-1.5,-1.0
401360568,WAS,6580,35.0,9.2,7.7
401360568,WAS,2580782,26.0,7.1,7.3
401360568,WAS,2581018,27.0,8.8,9.0
401360568,WAS,2581184,2.0,2.0,2.0
401360568,WAS,2991055,19.0,6.7,5.1
401360568,WAS,3134907,36.0,25.7,20.2
401360568,WAS,3922230,5.0,2.7,2.4
401360568,WAS,3934723,20.0,0.3,-1.1
401360568,WAS,4066648,18.0,3.7,3.1
401360568,WAS,4280151,25.0,2.4,-0.1
401360568,WAS,4683021,26.0,4.7,4.0
401360569,BKN,2983,15.0,7.6,5.7
401360569,BKN,3989,16.0,7.3,6.1
401360569,BKN,3999,26.0,11.9,10.5
401360569,BKN,4004,38.0,19.9,16.0
401360569,BKN,6442,39.0,25.0,21.8
401360569,BKN,3062667,19.0,1.2,1.7
401360569,BKN,4065670,21.0,3.1,0.3
401360569,BKN,4278067,17.0,7.3,6.7
401360569,BKN,4397693,32.0,2.1,0.3
401360569,BKN,4432174,18.0,1.5,-0.4
401360569,GSW,3975,36.0,12.9,10.4
401360569,GSW,6475,27.0,13.5,11.0
401360569,GSW,2594922,28.0,17.7,13.8
401360569,GSW,2595209,14.0,-0.8,-1.4
401360569,GSW,3059319,37.0,22.8,17.5
401360569,GSW,3134903,19.0,3.9,2.7
401360569,GSW,3155535,30.0,6.0,5.6
401360569,GSW,4277956,28.0,13.5,13.1
401360569,GSW,4401416,11.0,2.4,3.3
401360569,GSW,4433247,10.0,-1.2,-1.4
401360570,ATL,2799,16.0,8.0,8.1
401360570,ATL,3428,24.0,3.3,0.6
401360570,ATL,3037789,27.0,8.1,6.0
401360570,ATL,3064447,14.0,4.0,4.4
401360570,ATL,3102529,24.0,16.6,15.8
401360570,ATL,3908845,26.0,21.8,17.3
401360570,ATL,4065732,26.0,4.9,4.9
401360570,ATL,4066372,24.0,2.2,3.4
401360570,ATL,4277905,37.0,27.3,26.6
401360570,ATL,4431680,22.0,14.2,13.6
401360570,LAL,1975,21.0,7.8,6.7
401360570,LAL,2384,10.0,1.4,0.9
401360570,LAL,3468,35.0,18.6,15.9
401360570,LAL,4240,22.0,-2.8,-0.7
401360570,LAL,6583,38.0,19.0,17.0
401360570,LAL,6637,7.0,1.6,1.4
401360570,LAL,3134881,29.0,9.3,9.8
401360570,LAL,4066262,38.0,27.0,25.6
401360570,LAL,4066457,26.0,6.4,5.3
401360570,LAL,4396991,14.0,5.1,5.1
401360571,CHA,4305,15.0,-3.8,-3.4
401360571,CHA,2488653,24.0,10.5,7.4
401360571,CHA,3074752,40.0,2.6,1.9
401360571,CHA,3138161,39.0,5.1,4.0
401360571,CHA,4066383,38.0,12.4,9.1
401360571,CHA,4278076,3.0,0.6,0.6
401360571,CHA,4278078,20.0,4.2,2.8
401360571,CHA,4431712,19.0,6.6,4.8
401360571,CHA,4432816,38.0,22.2,19.9
401360571,CHA,4702233,3.0,0.0,0.0
401360571,LAC,3439,7.0,5.0,4.7
401360571,LAC,4238,16.0,3.1,3.1
401360571,LAC,6443,27.0,16.6,15.6
401360571,LAC,6462,23.0,10.8,9.7
401360571,LAC,3135047,25.0,12.2,7.8
401360571,LAC,3907823,21.0,1.5,1.0
401360571,LAC,3913174,27.0,13.4,10.8
401360571,LAC,4017837,20.0,8.7,5.8
401360571,LAC,4066387,26.0,4.4,2.7
401360571,LAC,4222252,21.0,2.2,0.2
401360571,LAC,4432162,22.0,15.7,15.2
401360571,LAC,4683023,4.0,-1.5,-0.7
401360572,CHI,3978,34.0,26.7,23.5
401360572,CHI,6478,32.0,24.5,19.7
401360572,CHI,2530923,1.0,-0.4,-0.7
401360572,CHI,2596112,24.0,14.6,13.5
401360572,CHI,3056245,1.0,-0.7,-0.7
401360572,CHI,3059311,17.0,5.2,5.7
401360572,CHI,3064440,33.0,14.1,12.6
401360572,CHI,4065673,16.0,12.1,9.2
401360572,CHI,4278508,18.0,1.7,1.7
401360572,CHI,4395651,31.0,15.7,15.5
401360572,CHI,4397002,34.0,13.4,10.4
401360572,POR,2490149,36.0,21.4,20.6
401360572,POR,2490620,32.0,13.7,10.8
401360572,POR,2528353,15.0,-0.9,-1.4
401360572,POR,2578213,19.0,3.7,2.9
401360572,POR,2595516,34.0,16.3,15.8
401360572,POR,3102530,26.0,5.8,5.3
401360572,POR,3152335,4.0,-1.3,-1.3
401360572,POR,4065697,15.0,4.0,2.8
401360572,POR,4351851,33.0,14.9,13.0
401360572,POR,4431675,22.0,10.7,9.2
401360572,POR,4432161,4.0,3.4,3.4
401360573,CLE,3026,19.0,4.0,1.7
401360573,CLE,3449,19.0,5.0,3.7
401360573,CLE,3893016,22.0,8.7,9.3
401360573,CLE,3906786,4.0,-1.1,-0.7
401360573,CLE,3912848,26.0,13.6,12.2
401360573,CLE,4066328,35.0,13.7,11.7
401360573,CLE,4066405,8.0,0.2,0.6
401360573,CLE,4396907,36.0,18.7,17.9
401360573,CLE,4432158,37.0,13.2,9.5
401360573,CLE,4432822,33.0,9.0,8.2
401360573,DET,6446,27.0,0.8,-0.0
401360573,DET,2488826,21.0,5.4,3.7
401360573,DET,3136196,20.0,12.6,10.0
401360573,DET,4065651,25.0,13.4,14.1
401360573,DET,4080610,19.0,2.7,3.0
401360573,DET,4397136,36.0,24.5,22.5
401360573,DET,4432166,37.0,20.2,16.2
401360573,DET,4432810,31.0,13.7,12.6
401360573,DET,4683024,24.0,4.6,4.8
401360574,DAL,2528779,31.0,7.3,3.6
401360574,DAL,2531367,22.0,5.8,5.8
401360574,DAL,2578185,39.0,5.3,5.3
401360574,DAL,2579260,4.0,0.0,0.0
401360574,DAL,2960236,27.0,0.6,-0.8
401360574,DAL,3907487,19.0,14.9,9.4
401360574,DAL,3934672,35.0,12.1,11.5
401360574,DAL,3945274,38.0,28.1,24.7
401360574,DAL,4230547,3.0,-1.4,-1.0
401360574,DAL,4432811,22.0,9.0,9.1
401360574,ORL,6619,21.0,0.3,-0.3
401360574,ORL,2999547,27.0,9.7,8.8
401360574,ORL,3150844,15.0,12.3,12.2
401360574,ORL,4277847,33.0,13.5,10.0
401360574,ORL,4277919,24.0,8.9,7.1
401360574,ORL,4278052,24.0,21.9,18.7
401360574,ORL,4432165,33.0,0.3,-0.7
401360574,ORL,4432809,31.0,9.8,9.7
401360574,ORL,4566434,31.0,10.6,10.2
401360575,DEN,3209,24.0,-4.0,-3.5
401360575,DEN,6579,27.0,17.2,16.3
401360575,DEN,6617,24.0,5.4,5.0
401360575,DEN,2327577,13.0,6.8,6.8
401360575,DEN,2968334,3.0,0.7,0.7
401360575,DEN,2994526,21.0,10.1,10.1
401360575,DEN,3059262,3.0,0.3,0.0
401360575,DEN,3059310,27.0,19.7,19.1
401360575,DEN,3064290,28.0,19.9,17.5
401360575,DEN,3112335,28.0,26.3,20.0
401360575,DEN,4065805,3.0,8.4,7.4
401360575,DEN,4431690,20.0,7.1,6.0
401360575,DEN,4592492,18.0,13.6,11.5
401360575,MIL,3995,32.0,15.0,11.4
401360575,MIL,4032,18.0,0.4,1.3
401360575,MIL,6609,27.0,10.0,6.5
401360575,MIL,2578239,20.0,5.0,4.4
401360575,MIL,2581177,6.0,-0.7,-0.7
401360575,MIL,3032977,31.0,22.5,19.1
401360575,MIL,3056602,6.0,0.3,0.0
401360575,MIL,3064482,23.0,5.4,4.3
401360575,MIL,3102533,6.0,-0.3,-1.0
401360575,MIL,3135045,31.0,8.0,7.4
401360575,MIL,3934673,18.0,1.7,2.3
401360575,MIL,4277883,13.0,3.0,3.0
401360575,MIL,4277887,6.0,5.1,5.1
401360575,MIL,4278580,3.0,-0.4,0.0
401360576,MIN,2982268,2.0,3.1,3.1
401360576,MIN,2990962,24.0,10.9,6.8
401360576,MIN,3134916,27.0,14.3,11.6
401360576,MIN,3136195,34.0,34.4,31.5
401360576,MIN,3907822,23.0,1.0,0.8
401360576,MIN,4067325,2.0,3.3,3.7
401360576,MIN,4278077,25.0,7.2,2.3
401360576,MIN,4278541,26.0,7.4,7.5
401360576,MIN,4396971,14.0,6.4,6.2
401360576,MIN,4431671,27.0,19.1,20.1
401360576,MIN,4594268,36.0,5.9,4.0
401360576,UTA,3005,17.0,1.1,-0.1
401360576,UTA,3195,29.0,15.2,12.8
401360576,UTA,3593,33.0,16.9,15.5
401360576,UTA,4262,29.0,7.5,4.6
401360576,UTA,2528426,34.0,11.6,10.7
401360576,UTA,2583632,30.0,8.2,6.8
401360576,UTA,2968436,12.0,0.2,0.0
401360576,UTA,3133817,22.0,7.4,7.1
401360576,UTA,4066299,2.0,1.9,2.3
401360576,UTA,4066446,17.0,-1.2,-1.4
401360576,UTA,4395695,16.0,7.6,8.2
401360577,PHX,2779,40.0,26.6,23.3
401360577,PHX,3452,14.0,9.3,7.8
401360577,PHX,6427,22.0,10.9,9.1
401360577,PHX,2583639,14.0,1.6,-0.7
401360577,PHX,3059307,20.0,8.7,6.4
401360577,PHX,3136193,38.0,15.1,13.7
401360577,PHX,3138196,36.0,7.1,6.7
401360577,PHX,3147657,40.0,22.6,20.6
401360577,PHX,3914044,17.0,-0.6,-0.8
401360577,SAS,2528588,28.0,20.3,18.5
401360577,SAS,3146557,17.0,5.5,4.4
401360577,SAS,3914285,22.0,7.3,4.8
401360577,SAS,4017839,15.0,3.3,1.4
401360577,SAS,4277890,27.0,12.8,11.4
401360577,SAS,4395626,33.0,17.0,17.1
401360577,SAS,4395630,31.0,1.1,-0.2
401360577,SAS,4395723,39.0,11.6,10.0
401360577,SAS,4702176,28.0,6.0,5.8
401360578,CLE,3026,18.0,1.5,1.3
401360578,CLE,3449,33.0,13.7,9.7
401360578,CLE,3057198,27.0,13.5,14.2
401360578,CLE,3893016,38.0,3.4,4.4
401360578,CLE,3912848,19.0,-2.6,-3.1
401360578,CLE,4066328,34.0,15.7,12.5
401360578,CLE,4066405,23.0,13.6,8.8
401360578,CLE,4432158,23.0,4.1,0.9
401360578,CLE,4432822,25.0,12.7,13.2
401360578,NOP,4023,12.0,1.6,1.0
401360578,NOP,6477,31.0,14.8,13.7
401360578,NOP,2999409,16.0,4.0,3.6
401360578,NOP,3062679,37.0,8.4,4.9
401360578,NOP,3132042,13.0,4.1,1.3
401360578,NOP,3133601,29.0,14.3,14.0
401360578,NOP,4277813,31.0,0.8,-1.1
401360578,NOP,4277869,19.0,3.6,2.4
401360578,NOP,4278039,19.0,5.0,3.8
401360578,NOP,4397077,31.0,17.2,15.3
401360579,IND,4244,12.0,9.1,8.6
401360579,IND,6603,27.0,9.1,7.7
401360579,IND,2284101,34.0,14.4,12.6
401360579,IND,2528693,27.0,3.1,3.3
401360579,IND,2991043,36.0,12.8,11.5
401360579,IND,4279815,21.0,15.5,15.0
401360579,IND,4397235,24.0,11.5,11.1
401360579,IND,4432170,29.0,24.1,19.9
401360579,IND,4592402,30.0,6.5,2.6
401360579,LAC,3416,25.0,12.7,10.7
401360579,LAC,3439,22.0,16.2,11.9
401360579,LAC,4238,23.0,9.4,7.3
401360579,LAC,6443,31.0,14.4,13.8
401360579,LAC,6462,27.0,3.7,3.3
401360579,LAC,3135047,16.0,1.3,1.4
401360579,LAC,3907823,23.0,6.2,5.1
401360579,LAC,3913174,16.0,-0.8,-1.1
401360579,LAC,4066387,35.0,25.8,24.0
401360579,LAC,4222252,14.0,3.5,2.4
401360579,LAC,4432162,6.0,2.9,2.7
401360580,MEM,2991235,38.0,11.6,5.8
401360580,MEM,2993874,20.0,6.2,3.7
401360580,MEM,3134932,12.0,-1.5,-1.4
401360580,MEM,3135046,17.0,5.6,2.7
401360580,MEM,3906665,13.0,5.4,4.1
401360580,MEM,4066320,39.0,28.5,24.5
401360580,MEM,4066436,15.0,2.6,2.0
401360580,MEM,4277961,35.0,13.3,11.2
401360580,MEM,4279888,42.0,16.6,15.3
401360580,MEM,4433137,34.0,5.7,4.0
401360580,PHI,3988,25.0,4.0,2.3
401360580,PHI,6440,40.0,19.9,19.2
401360580,PHI,6585,43.0,24.6,18.6
401360580,PHI,2326307,40.0,5.4,4.4
401360580,PHI,2990969,17.0,-0.4,0.6
401360580,PHI,3907498,33.0,9.1,6.5
401360580,PHI,4395702,14.0,5.2,4.7
401360580,PHI,4397886,9.0,1.5,0.0
401360580,PHI,4431678,43.0,29.0,24.3
401360581,BOS,3213,32.0,12.0,9.3
401360581,BOS,6447,3.0,2.3,2.0
401360581,BOS,2581190,22.0,6.3,6.1
401360581,BOS,2990992,28.0,17.0,15.2
401360581,BOS,3032979,17.0,3.5,2.6
401360581,BOS,3917376,32.0,24.3,22.2
401360581,BOS,4065648,31.0,16.6,13.7
401360581,BOS,4065804,5.0,1.9,2.7
401360581,BOS,4066211,26.0,8.2,4.7
401360581,BOS,4066218,24.0,10.0,7.8
401360581,BOS,4066354,5.0,0.3,0.4
401360581,BOS,4277952,3.0,3.4,3.4
401360581,BOS,4396909,8.0,4.3,2.3
401360581,BOS,4397008,5.0,-2.1,-2.1
401360581,MIA,2184,5.0,1.0,0.7
401360581,MIA,2580913,14.0,0.7,0.7
401360581,MIA,3137259,29.0,10.6,9.6
401360581,MIA,3138160,26.0,11.1,10.5
401360581,MIA,3157465,27.0,1.9,0.9
401360581,MIA,3923253,19.0,2.4,1.5
401360581,MIA,4065730,18.0,-3.2,-3.5
401360581,MIA,4065778,41.0,17.4,17.7
401360581,MIA,4066261,32.0,11.8,8.8
401360581,MIA,4395725,29.0,3.3,3.1
401360582,NYK,3986,3.0,-0.7,-0.7
401360582,NYK,6429,26.0,19.2,18.2
401360582,NYK,6479,17.0,0.2,-1.7
401360582,NYK,6588,27.0,13.5,13.1
401360582,NYK,2991280,21.0,8.0,4.2
401360582,NYK,3064514,29.0,12.5,10.2
401360582,NYK,4277922,2.0,0.7,0.0
401360582,NYK,4278355,19.0,12.7,11.2
401360582,NYK,4351852,22.0,13.7,10.1
401360582,NYK,4395625,27.0,-0.1,-0.5
401360582,NYK,4395627,5.0,3.6,2.6
401360582,NYK,4395724,16.0,3.5,4.3
401360582,NYK,4397014,23.0,12.8,9.4
401360582,NYK,4431823,2.0,-0.7,-0.7
401360582,SAC,6578,33.0,5.5,4.8
401360582,SAC,6591,22.0,1.4,2.0
401360582,SAC,2990984,28.0,3.9,1.5
401360582,SAC,2993370,26.0,6.0,5.2
401360582,SAC,3064559,19.0,4.7,3.0
401360582,SAC,3914283,25.0,2.4,1.0
401360582,SAC,4278053,34.0,13.8,12.5
401360582,SAC,4396961,4.0,1.3,0.0
401360582,SAC,4396993,35.0,15.3,15.8
401360582,SAC,4397103,8.0,2.6,3.4
401360582,SAC,4397424,4.0,3.5,2.8
401360582,SAC,4431688,5.0,1.3,1.3
401360583,GSW,3975,38.0,37.2,34.0
401360583,GSW,6475,26.0,8.8,7.0
401360583,GSW,2595209,9.0,-0.6,-1.0
401360583,GSW,3059319,34.0,21.6,18.2
401360583,GSW,3134903,24.0,10.2,7.7
401360583,GSW,3137795,1.0,0.7,0.7
401360583,GSW,3155535,26.0,9.8,6.2
401360583,GSW,4277956,26.0,0.2,0.4
401360583,GSW,4401416,21.0,8.1,7.1
401360583,GSW,4432171,25.0,8.5,8.4
401360583,GSW,4433247,11.0,0.3,-0.1
401360583,HOU,3431,35.0,4.8,4.5
401360583,HOU,3058254,34.0,17.6,12.4
401360583,HOU,3136777,30.0,7.3,8.0
401360583,HOU,3913180,23.0,8.3,7.3
401360583,HOU,4397140,33.0,12.1,13.0
401360583,HOU,4431828,19.0,10.4,9.5
401360583,HOU,4432168,19.0,10.3,10.0
401360583,HOU,4437244,33.0,5.6,4.9
401360583,HOU,4871144,12.0,-1.7,-1.8
401360584,OKC,4257,21.0,4.2,2.6
401360584,OKC,2490089,14.0,4.8,3.0
401360584,OKC,3133626,25.0,5.3,5.8
401360584,OKC,3947156,9.0,2.5,3.0
401360584,OKC,4065733,21.0,6.0,6.4
401360584,OKC,4397020,34.0,13.9,9.7
401360584,OKC,4397183,28.0,7.6,6.1
401360584,OKC,4423545,26.0,15.1,13.9
401360584,OKC,4432819,24.0,8.9,6.3
401360584,OKC,4683027,5.0,-1.5,-1.4
401360584,OKC,4871145,33.0,10.3,7.1
401360584,POR,2490149,39.0,16.5,16.0
401360584,POR,2490620,34.0,0.9,-3.4
401360584,POR,2528353,14.0,3.6,1.7
401360584,POR,2578213,12.0,1.5,1.2
401360584,POR,2595516,37.0,10.3,8.9
401360584,POR,3102530,31.0,11.9,9.9
401360584,POR,3152335,3.0,-0.7,-0.7
401360584,POR,4065697,18.0,3.1,2.1
401360584,POR,4351851,34.0,-1.9,-2.6
401360584,POR,4431675,9.0,6.6,5.1
401360584,POR,4432161,9.0,1.8,1.7
401360585,DET,6446,30.0,11.7,11.1
401360585,DET,2488826,3.0,0.0,0.0
401360585,DET,2489663,17.0,0.2,1.2
401360585,DET,2991070,29.0,6.3,7.6
401360585,DET,3136196,21.0,10.0,7.5
401360585,DET,4065651,22.0,5.0,4.6
401360585,DET,4080610,17.0,12.1,10.9
401360585,DET,4397136,31.0,5.0,3.6
401360585,DET,4432166,21.0,3.0,1.0
401360585,DET,4432810,29.0,9.0,8.2
401360585,DET,4683024,20.0,3.8,2.6
401360585,NOP,4023,18.0,-0.2,-0.1
401360585,NOP,6477,29.0,12.9,9.5
401360585,NOP,2999409,16.0,10.6,9.5
401360585,NOP,3132042,12.0,5.4,4.4
401360585,NOP,3133601,31.0,-2.6,-3.1
401360585,NOP,3913176,32.0,21.2,19.0
401360585,NOP,4277813,22.0,5.7,5.2
401360585,NOP,4277869,19.0,8.6,8.5
401360585,NOP,4278039,19.0,8.7,6.0
401360585,NOP,4397077,26.0,7.9,5.8
401360585,NOP,4397688,15.0,11.6,11.4
401360586,ATL,2799,19.0,9.1,7.9
401360586,ATL,3428,23.0,4.0,4.3
401360586,ATL,3037789,31.0,13.1,12.4
401360586,ATL,3064447,23.0,6.6,3.1
401360586,ATL,3102529,23.0,6.8,4.8
401360586,ATL,3908845,27.0,2.6,0.3
401360586,ATL,4065732,33.0,8.3,7.0
401360586,ATL,4066372,39.0,20.0,18.9
401360586,ATL,4431680,23.0,8.7,6.7
401360586,TOR,2991230,39.0,12.8,11.1
401360586,TOR,3149673,41.0,18.3,14.7
401360586,TOR,3934719,36.0,12.1,9.7
401360586,TOR,3948153,21.0,5.4,3.3
401360586,TOR,4277843,41.0,20.9,18.5
401360586,TOR,4397885,6.0,1.6,-0.7
401360586,TOR,4431679,18.0,5.5,5.4
401360586,TOR,4432907,3.0,2.0,2.4
401360586,TOR,4433134,36.0,6.9,3.4
401360587,MIL,3995,36.0,15.5,14.2
401360587,MIL,4032,14.0,-1.3,-1.8
401360587,MIL,6609,35.0,8.6,7.6
401360587,MIL,2578239,25.0,3.1,1.9
401360587,MIL,3032977,38.0,35.1,31.0
401360587,MIL,3064482,35.0,12.1,10.8
401360587,MIL,3135045,32.0,12.1,9.9
401360587,MIL,3934673,20.0,6.3,5.8
401360587,MIL,4278580,4.0,1.3,1.0
401360587,WAS,2580782,31.0,5.3,4.4
401360587,WAS,2581018,30.0,9.3,7.3
401360587,WAS,2968361,14.0,2.3,2.7
401360587,WAS,2991055,26.0,11.4,11.7
401360587,WAS,3134907,35.0,21.5,16.0
401360587,WAS,3922230,19.0,0.5,-0.7
401360587,WAS,3934723,16.0,4.0,3.7
401360587,WAS,4066648,20.0,7.0,6.7
401360587,WAS,4278049,6.0,2.0,1.7
401360587,WAS,4280151,20.0,5.3,4.7
401360587,WAS,4683021,22.0,3.3,2.7
401360588,CHI,3978,37.0,28.8,24.7
401360588,CHI,6478,35.0,14.9,10.4
401360588,CHI,2596112,26.0,10.4,6.9
401360588,CHI,3059311,12.0,2.6,2.7
401360588,CHI,3064440,36.0,17.5,16.4
401360588,CHI,4065673,4.0,1.3,2.1
401360588,CHI,4066367,8.0,6.5,4.6
401360588,CHI,4278508,16.0,7.1,7.0
401360588,CHI,4395651,29.0,5.6,5.4
401360588,CHI,4397002,36.0,15.1,15.0
401360588,ORL,6619,20.0,1.9,2.7
401360588,ORL,2999547,29.0,8.0,7.9
401360588,ORL,3150844,11.0,7.7,7.1
401360588,ORL,4277847,34.0,20.3,19.8
401360588,ORL,4277919,22.0,8.5,6.1
401360588,ORL,4278052,23.0,7.8,3.7
401360588,ORL,4432165,33.0,7.4,5.7
401360588,ORL,4432809,35.0,18.3,15.6
401360588,ORL,4566434,33.0,16.3,15.1
401360589,DEN,3209,22.0,7.2,7.0
401360589,DEN,6579,27.0,9.9,8.0
401360589,DEN,6617,15.0,4.3,2.7
401360589,DEN,2327577,18.0,9.2,10.1
401360589,DEN,2968334,12.0,2.1,1.1
401360589,DEN,2994526,17.0,-2.4,-1.5
401360589,DEN,3059262,9.0,10.0,8.8
401360589,DEN,3059310,27.0,13.0,11.2
401360589,DEN,3064290,25.0,4.1,3.6
401360589,DEN,3112335,30.0,20.6,16.6
401360589,DEN,4065805,9.0,5.3,5.3
401360589,DEN,4431690,16.0,10.0,7.8
401360589,DEN,4592492,15.0,1.1,-0.1
401360589,MIN,3964,15.0,10.2,11.2
401360589,MIN,2982268,4.0,-1.1,-1.4
401360589,MIN,2990962,24.0,22.6,17.5
401360589,MIN,3134916,26.0,12.1,9.9
401360589,MIN,3136195,28.0,27.2,23.7
401360589,MIN,3907822,24.0,8.4,7.3
401360589,MIN,4067325,3.0,0.2,0.3
401360589,MIN,4278077,19.0,18.3,15.9
401360589,MIN,4278541,25.0,6.9,6.7
401360589,MIN,4396971,20.0,12.4,10.2
401360589,MIN,4431671,26.0,3.0,1.6
401360589,MIN,4594268,26.0,1.9,1.6
401360590,GSW,2595209,37.0,17.2,13.7
401360590,GSW,3134903,17.0,5.8,0.4
401360590,GSW,3137795,27.0,8.9,7.8
401360590,GSW,3155535,23.0,14.7,12.7
401360590,GSW,3907358,15.0,2.8,2.7
401360590,GSW,4277956,34.0,25.0,22.4
401360590,GSW,4401416,21.0,5.1,4.5
401360590,GSW,4432171,37.0,15.4,15.1
401360590,GSW,4433247,29.0,11.2,12.2
401360590,SAS,2528588,19.0,6.8,8.1
401360590,SAS,3078576,35.0,13.0,13.3
401360590,SAS,3134908,12.0,7.9,6.1
401360590,SAS,3136779,11.0,0.5,1.0
401360590,SAS,3146557,8.0,-0.1,0.3
401360590,SAS,3907497,38.0,22.4,17.7
401360590,SAS,3914285,5.0,4.4,3.7
401360590,SAS,4277890,26.0,10.4,7.4
401360590,SAS,4395630,30.0,15.4,11.4
401360590,SAS,4395723,35.0,16.3,16.2
401360590,SAS,4702176,19.0,7.7,5.7
401360591,BKN,3989,27.0,14.8,13.8
401360591,BKN,3992,37.0,15.8,14.0
401360591,BKN,3999,13.0,1.1,2.8
401360591,BKN,4004,33.0,4.6,5.3
401360591,BKN,6442,37.0,17.1,15.7
401360591,BKN,3062667,20.0,8.5,8.9
401360591,BKN,3133635,3.0,5.4,5.4
401360591,BKN,4065670,7.0,3.7,1.4
401360591,BKN,4278067,19.0,2.0,2.6
401360591,BKN,4397693,29.0,8.3,7.0
401360591,BKN,4432174,15.0,0.3,0.0
401360591,BKN,4432194,3.0,2.0,1.7
401360591,PHX,2779,39.0,23.8,21.4
401360591,PHX,3452,14.0,1.8,0.7
401360591,PHX,6427,6.0,0.3,0.0
401360591,PHX,6581,25.0,2.4,1.0
401360591,PHX,2583639,13.0,5.0,3.7
401360591,PHX,3059307,8.0,-1.1,-0.7
401360591,PHX,3136193,41.0,25.5,23.8
401360591,PHX,3138156,1.0,0.0,0.0
401360591,PHX,3138196,23.0,10.5,10.0
401360591,PHX,3147657,40.0,29.1,26.4
401360591,PHX,4278129,28.0,6.3,5.1
401360591,PHX,4397189,1.0,-0.7,-0.7
401360592,IND,4244,16.0,15.4,14.3
401360592,IND,6603,15.0,1.5,0.2
401360592,IND,2284101,34.0,10.9,9.1
401360592,IND,2528693,37.0,15.0,14.0
401360592,IND,2596247,9.0,-0.9,-2.1
401360592,IND,2991043,35.0,16.9,13.5
401360592,IND,4279815,37.0,24.0,22.4
401360592,IND,4397235,25.0,2.5,3.0
401360592,IND,4592402,32.0,5.1,4.2
401360592,ORL,3447,5.0,3.5,3.4
401360592,ORL,6619,19.0,4.6,3.7
401360592,ORL,2999547,32.0,19.9,18.1
401360592,ORL,3150844,9.0,7.7,7.5
401360592,ORL,3918423,2.0,-0.4,0.0
401360592,ORL,4277847,34.0,18.2,13.2
401360592,ORL,4277919,15.0,7.6,5.7
401360592,ORL,4278052,25.0,6.4,6.0
401360592,ORL,4432165,33.0,7.8,7.5
401360592,ORL,4432809,36.0,9.5,8.2
401360592,ORL,4566434,30.0,9.9,9.8
401360593,PHI,3988,27.0,5.2,5.4
401360593,PHI,6440,41.0,11.7,9.7
401360593,PHI,6585,13.0,4.9,6.2
401360593,PHI,2990969,24.0,4.4,5.0
401360593,PHI,3059318,35.0,21.4,17.6
401360593,PHI,3907498,34.0,3.0,2.0
401360593,PHI,4065816,4.0,-1.5,-0.7
401360593,PHI,4395702,25.0,8.7,8.4
401360593,PHI,4431678,38.0,21.9,20.0
401360593,WAS,2580782,30.0,12.8,11.5
401360593,WAS,2581018,29.0,0.1,-0.8
401360593,WAS,2968361,17.0,6.2,6.7
401360593,WAS,2991055,27.0,10.6,11.2
401360593,WAS,3134907,35.0,21.0,16.5
401360593,WAS,3922230,18.0,0.8,1.3
401360593,WAS,4066648,19.0,8.7,8.1
401360593,WAS,4278049,21.0,9.3,9.6
401360593,WAS,4280151,18.0,12.0,10.1
401360593,WAS,4683021,26.0,6.3,3.6
401360594,BOS,3213,33.0,6.2,2.3
401360594,BOS,2581190,31.0,18.2,17.1
401360594,BOS,2990992,33.0,20.4,20.0
401360594,BOS,3032979,17.0,2.8,1.7
401360594,BOS,3917376,38.0,6.1,4.8
401360594,BOS,4065648,33.0,15.7,13.5
401360594,BOS,4066211,36.0,14.8,9.3
401360594,BOS,4066218,20.0,10.2,10.8
401360594,CHA,2488653,30.0,6.8,4.1
401360594,CHA,3074752,41.0,15.9,13.5
401360594,CHA,3133603,34.0,11.2,6.5
401360594,CHA,3138161,16.0,3.6,2.7
401360594,CHA,4066383,31.0,0.6,-0.2
401360594,CHA,4278076,8.0,-0.8,-1.0
401360594,CHA,4278078,42.0,12.1,9.8
401360594,CHA,4432816,39.0,31.9,29.5
401360595,MEM,2991235,30.0,6.3,6.0
401360595,MEM,2993874,14.0,2.8,2.0
401360595,MEM,3134932,11.0,4.3,4.1
401360595,MEM,3135046,11.0,3.3,2.7
401360595,MEM,3906665,18.0,8.6,6.9
401360595,MEM,4066320,34.0,6.5,2.1
401360595,MEM,4066436,18.0,11.3,10.5
401360595,MEM,4277961,34.0,24.7,19.7
401360595,MEM,4279888,37.0,15.8,12.2
401360595,MEM,4433137,33.0,20.4,19.7
401360595,NYK,3986,2.0,1.6,2.0
401360595,NYK,6429,13.0,1.8,1.6
401360595,NYK,6479,17.0,-0.1,-0.7
401360595,NYK,6588,33.0,22.3,20.2
401360595,NYK,2991280,16.0,1.5,1.4
401360595,NYK,3064514,37.0,15.9,14.5
401360595,NYK,4278355,11.0,2.1,0.3
401360595,NYK,4351852,30.0,19.8,13.4
401360595,NYK,4395625,39.0,11.5,10.4
401360595,NYK,4395724,27.0,5.0,6.0
401360595,NYK,4397014,15.0,2.9,0.3
401360596,CLE,3026,15.0,2.5,1.1
401360596,CLE,3449,29.0,16.3,13.0
401360596,CLE,4259,4.0,-3.6,-2.0
401360596,CLE,2583962,1.0,0.0,0.0
401360596,CLE,3057198,32.0,10.9,8.2
401360596,CLE,3893016,35.0,2.8,3.1
401360596,CLE,3906786,1.0,0.0,0.0
401360596,CLE,3912848,13.0,5.0,3.4
401360596,CLE,4066328,23.0,8.8,8.4
401360596,CLE,4066405,16.0,2.7,4.0
401360596,CLE,4432158,36.0,20.6,19.1
401360596,CLE,4432822,32.0,9.9,8.8
401360596,HOU,3431,30.0,6.9,6.7
401360596,HOU,3058254,34.0,17.9,16.1
401360596,HOU,3136777,29.0,5.1,1.8
401360596,HOU,3913180,24.0,12.6,9.9
401360596,HOU,4397140,32.0,12.5,12.4
401360596,HOU,4431828,18.0,7.9,6.6
401360596,HOU,4432168,12.0,3.2,3.3
401360596,HOU,4437244,36.0,19.4,17.4
401360596,HOU,4871144,25.0,7.4,6.1
401360597,DAL,2528779,38.0,21.1,16.4
401360597,DAL,2531367,13.0,3.2,4.1
401360597,DAL,2578185,43.0,3.2,3.1
401360597,DAL,2960236,42.0,15.7,9.5
401360597,DAL,3907487,14.0,3.7,3.1
401360597,DAL,3934672,43.0,9.7,8.2
401360597,DAL,3945274,43.0,30.9,27.6
401360597,DAL,4230547,11.0,2.9,2.0
401360597,DAL,4432811,19.0,5.3,4.7
401360597,OKC,2490089,20.0,5.6,4.8
401360597,OKC,3133626,29.0,8.4,6.2
401360597,OKC,3947156,18.0,3.0,0.7
401360597,OKC,4065733,16.0,7.2,6.7
401360597,OKC,4397020,40.0,24.1,22.8
401360597,OKC,4397183,24.0,7.3,7.1
401360597,OKC,4423545,36.0,8.4,2.7
401360597,OKC,4432819,41.0,22.6,22.1
401360597,OKC,4683027,5.0,-0.7,-0.7
401360597,OKC,4871145,37.0,14.0,11.5
401360598,DEN,3209,20.0,6.3,7.1
401360598,DEN,6579,35.0,7.6,2.9
401360598,DEN,6617,29.0,1.2,-1.4
401360598,DEN,2327577,16.0,8.4,6.4
401360598,DEN,2994526,30.0,20.4,20.9
401360598,DEN,3059262,30.0,14.8,13.6
401360598,DEN,3059310,31.0,12.4,10.8
401360598,DEN,4431690,29.0,4.3,4.1
401360598,DEN,4592492,20.0,8.1,7.6
401360598,UTA,3005,26.0,8.8,7.8
401360598,UTA,3195,28.0,16.7,12.8
401360598,UTA,3593,35.0,9.5,7.2
401360598,UTA,2583632,34.0,14.7,12.5
401360598,UTA,3133817,17.0,2.9,1.7
401360598,UTA,4065656,39.0,20.7,20.7
401360598,UTA,4066299,22.0,9.9,6.8
401360598,UTA,4066446,11.0,3.3,3.0
401360598,UTA,4395695,29.0,4.1,3.4
401360599,BKN,3989,18.0,9.7,9.2
401360599,BKN,3992,37.0,1.1,-0.5
401360599,BKN,3999,29.0,16.3,13.8
401360599,BKN,4004,32.0,12.6,8.7
401360599,BKN,6442,37.0,5.1,2.2
401360599,BKN,3062667,10.0,3.0,1.7
401360599,BKN,4065670,10.0,1.6,1.7
401360599,BKN,4278067,29.0,27.8,23.0
401360599,BKN,4397693,19.0,2.1,2.0
401360599,BKN,4432174,18.0,5.5,5.0
401360599,SAC,6578,29.0,17.6,16.3
401360599,SAC,6591,34.0,6.8,6.1
401360599,SAC,2990984,27.0,8.3,8.3
401360599,SAC,2993370,21.0,8.1,6.0
401360599,SAC,3064559,27.0,12.9,11.5
401360599,SAC,3914283,23.0,11.9,6.6
401360599,SAC,4278053,35.0,10.5,8.7
401360599,SAC,4396993,40.0,15.8,11.2
401360599,SAC,4397103,4.0,3.0,3.4
401360600,LAL,1975,33.0,22.2,19.5
401360600,LAL,2384,11.0,9.2,8.4
401360600,LAL,3468,34.0,9.3,7.9
401360600,LAL,4240,31.0,10.5,6.7
401360600,LAL,6583,37.0,24.0,20.3
401360600,LAL,6637,7.0,0.0,0.0
401360600,LAL,3134881,17.0,-0.3,-0.8
401360600,LAL,4066262,31.0,1.6,-0.3
401360600,LAL,4066457,22.0,-0.5,-2.4
401360600,LAL,4396991,18.0,5.1,3.8
401360600,POR,2490149,34.0,10.2,6.2
401360600,POR,2490620,36.0,5.1,-0.9
401360600,POR,2578213,17.0,-4.1,-3.9
401360600,POR,2595516,41.0,19.9,19.0
401360600,POR,3102530,36.0,12.9,10.4
401360600,POR,4065697,17.0,2.8,2.5
401360600,POR,4351851,36.0,10.3,10.6
401360600,POR,4397166,9.0,1.5,2.4
401360600,POR,4431675,15.0,6.9,6.2
401360601,DET,6446,31.0,4.7,4.8
401360601,DET,2488826,17.0,4.5,5.4
401360601,DET,2489663,15.0,0.7,0.3
401360601,DET,2991070,32.0,10.6,8.5
401360601,DET,3136196,18.0,8.0,8.4
401360601,DET,4065651,27.0,19.6,19.8
401360601,DET,4080610,15.0,8.4,6.9
401360601,DET,4397136,33.0,19.8,17.5
401360601,DET,4432810,32.0,10.5,8.9
401360601,DET,4683024,20.0,0.3,-0.6
401360601,MIN,3964,29.0,14.3,11.2
401360601,MIN,2990962,24.0,17.4,17.2
401360601,MIN,3134916,16.0,9.2,6.9
401360601,MIN,3136195,36.0,17.1,12.4
401360601,MIN,3907822,20.0,16.8,15.5
401360601,MIN,4278077,24.0,12.1,9.1
401360601,MIN,4278541,13.0,2.8,1.3
401360601,MIN,4396971,12.0,1.7,1.8
401360601,MIN,4431671,32.0,7.2,8.1
401360601,MIN,4594268,34.0,13.3,12.6
401360602,ATL,3428,23.0,9.6,8.0
401360602,ATL,3037789,36.0,7.2,7.2
401360602,ATL,3064447,16.0,0.9,-0.7
401360602,ATL,3102529,25.0,11.5,7.5
401360602,ATL,3908845,31.0,14.8,13.9
401360602,ATL,4065732,21.0,6.8,8.2
401360602,ATL,4066372,37.0,12.1,11.4
401360602,ATL,4277905,36.0,31.2,30.6
401360602,ATL,4431680,15.0,1.8,1.0
401360602,PHX,2779,39.0,21.2,19.0
401360602,PHX,3452,16.0,10.0,9.1
401360602,PHX,6581,34.0,7.8,5.7
401360602,PHX,2583639,10.0,2.8,1.2
401360602,PHX,3059307,6.0,-1.1,-0.7
401360602,PHX,3136193,38.0,17.0,17.6
401360602,PHX,3138196,29.0,12.3,9.4
401360602,PHX,3147657,40.0,19.9,16.9
401360602,PHX,4278129,24.0,10.2,7.2
401360602,PHX,4397189,4.0,-0.4,0.0
401360603,MIA,3033,36.0,8.1,5.7
401360603,MIA,6430,40.0,20.4,17.0
401360603,MIA,2580913,13.0,-0.3,0.4
401360603,MIA,3137259,25.0,-0.8,-0.4
401360603,MIA,3138160,14.0,3.9,2.6
401360603,MIA,3157465,15.0,1.4,2.6
401360603,MIA,4065778,33.0,6.5,6.0
401360603,MIA,4066261,35.0,30.3,27.1
401360603,MIA,4395725,29.0,12.2,13.6
401360603,TOR,2991230,38.0,19.8,16.4
401360603,TOR,3149673,35.0,14.6,11.1
401360603,TOR,3934719,36.0,8.2,8.2
401360603,TOR,3948153,18.0,0.7,0.3
401360603,TOR,4277843,41.0,22.7,21.9
401360603,TOR,4397885,8.0,3.1,3.1
401360603,TOR,4431679,19.0,10.4,9.1
401360603,TOR,4432907,5.0,-1.0,-1.0
401360603,TOR,4433134,42.0,6.2,5.7
401360604,GSW,3975,32.0,16.7,16.0
401360604,GSW,6475,24.0,21.7,21.4
401360604,GSW,2595209,27.0,12.3,9.4
401360604,GSW,3059319,28.0,6.9,7.4
401360604,GSW,3134903,12.0,0.9,0.6
401360604,GSW,3155535,21.0,12.6,10.1
401360604,GSW,3907358,2.0,0.3,0.0
401360604,GSW,4277956,25.0,11.1,7.5
401360604,GSW,4401416,20.0,11.6,7.8
401360604,GSW,4432171,24.0,2.1,1.6
401360604,GSW,4433247,26.0,13.2,12.8
401360604,SAC,6578,39.0,21.7,19.9
401360604,SAC,6591,31.0,19.6,12.8
401360604,SAC,2990984,27.0,0.7,0.9
401360604,SAC,2993370,24.0,2.7,2.4
401360604,SAC,3064559,24.0,20.3,17.3
401360604,SAC,3914283,21.0,2.9,2.0
401360604,SAC,4278053,38.0,20.7,21.3
401360604,SAC,4396993,36.0,8.1,5.4
401360605,LAC,3416,26.0,7.1,2.4
401360605,LAC,3439,34.0,15.3,13.8
401360605,LAC,4238,20.0,8.0,7.2
401360605,LAC,6443,33.0,20.7,18.9
401360605,LAC,6462,36.0,25.2,23.8
401360605,LAC,3907823,14.0,2.5,2.7
401360605,LAC,3913174,29.0,6.2,6.4
401360605,LAC,4066387,24.0,3.2,2.0
401360605,LAC,4222252,14.0,6.8,5.8
401360605,LAC,4432162,10.0,-0.5,0.3
401360605,LAL,1975,11.0,3.9,2.6
401360605,LAL,2384,10.0,8.5,7.0
401360605,LAL,2426,17.0,3.5,4.0
401360605,LAL,3468,36.0,10.8,8.3
401360605,LAL,4240,20.0,1.2,2.0
401360605,LAL,6583,38.0,28.5,22.9
401360605,LAL,6637,7.0,-0.8,-0.8
401360605,LAL,3134881,23.0,2.1,-0.7
401360605,LAL,4066262,33.0,16.7,15.7
401360605,LAL,4066457,25.0,5.7,5.5
401360605,LAL,4396991,21.0,7.4,6.1
401360606,CHA,4249,29.0,0.9,-2.1
401360606,CHA,2488653,32.0,12.7,10.0
401360606,CHA,3074752,40.0,16.2,16.4
401360606,CHA,3133603,28.0,14.0,11.3
401360606,CHA,3138161,16.0,4.6,4.0
401360606,CHA,4066383,37.0,15.6,14.0
401360606,CHA,4278078,26.0,12.0,9.2
401360606,CHA,4432816,32.0,3.5,4.0
401360606,CLE,3026,17.0,0.9,1.0
401360606,CLE,3449,26.0,16.8,15.6
401360606,CLE,3057198,36.0,10.2,5.8
401360606,CLE,3893016,15.0,0.4,0.9
401360606,CLE,3912848,32.0,4.2,4.3
401360606,CLE,4066328,34.0,31.0,27.1
401360606,CLE,4066405,6.0,2.1,3.0
401360606,CLE,4432158,38.0,6.4,2.7
401360606,CLE,4432822,36.0,7.5,8.1
401360607,BOS,3213,19.0,9.0,5.9
401360607,BOS,6447,2.0,-1.1,-0.7
401360607,BOS,2581190,21.0,11.5,9.0
401360607,BOS,2990992,25.0,9.1,8.3
401360607,BOS,3032979,23.0,6.2,6.5
401360607,BOS,3917376,34.0,4.1,2.4
401360607,BOS,4065648,28.0,15.3,11.9
401360607,BOS,4066211,32.0,17.7,12.7
401360607,BOS,4066218,26.0,6.2,5.7
401360607,BOS,4066354,4.0,4.6,4.7
401360607,BOS,4277952,4.0,0.0,-0.7
401360607,BOS,4396909,4.0,-2.2,-2.4
401360607,BOS,4397008,19.0,4.1,4.5
401360607,DET,6446,24.0,1.7,0.3
401360607,DET,2488826,16.0,-0.2,-0.1
401360607,DET,2489663,15.0,1.9,0.7
401360607,DET,2991070,26.0,4.4,3.9
401360607,DET,3136196,16.0,0.2,-0.5
401360607,DET,4065651,23.0,3.4,2.6
401360607,DET,4080610,28.0,17.1,15.7
401360607,DET,4397136,35.0,15.6,14.6
401360607,DET,4432810,33.0,3.6,2.1
401360607,DET,4683024,24.0,8.7,8.1
401360608,CHI,3978,39.0,18.1,16.8
401360608,CHI,6478,37.0,35.5,30.0
401360608,CHI,2596112,35.0,15.7,13.9
401360608,CHI,3056245,19.0,2.8,3.0
401360608,CHI,3059311,27.0,5.8,5.6
401360608,CHI,4065673,8.0,3.3,2.8
401360608,CHI,4066367,3.0,-0.7,-0.7
401360608,CHI,4278508,35.0,8.1,5.7
401360608,CHI,4397002,37.0,19.3,18.5
401360608,IND,4244,11.0,-0.9,-0.4
401360608,IND,6603,7.0,-2.1,-2.1
401360608,IND,2284101,33.0,6.2,2.9
401360608,IND,2528693,39.0,5.2,3.4
401360608,IND,2991043,41.0,34.3,34.0
401360608,IND,4278031,10.0,1.6,1.3
401360608,IND,4279815,38.0,18.6,18.8
401360608,IND,4396959,10.0,0.8,1.7
401360608,IND,4397235,28.0,14.5,12.8
401360608,IND,4592402,24.0,7.2,7.4
401360609,ATL,2799,13.0,0.3,-0.7
401360609,ATL,3037789,34.0,17.3,11.8
401360609,ATL,3064447,21.0,11.8,7.5
401360609,ATL,3102529,19.0,8.9,7.5
401360609,ATL,3908845,34.0,15.7,13.7
401360609,ATL,4065732,36.0,14.6,13.9
401360609,ATL,4066372,27.0,4.3,4.7
401360609,ATL,4277905,35.0,21.9,20.4
401360609,ATL,4431680,21.0,6.0,5.5
401360609,TOR,2578240,5.0,1.6,2.0
401360609,TOR,2991230,38.0,22.5,22.1
401360609,TOR,3149673,40.0,29.3,28.0
401360609,TOR,3934719,35.0,10.0,5.8
401360609,TOR,3948153,19.0,14.2,12.6
401360609,TOR,4277843,36.0,11.9,11.0
401360609,TOR,4397885,10.0,2.0,1.1
401360609,TOR,4431679,19.0,7.2,6.4
401360609,TOR,4433134,38.0,12.8,8.8
401360610,DAL,4376,3.0,1.3,1.7
401360610,DAL,2528779,36.0,12.0,11.2
401360610,DAL,2531367,34.0,13.6,12.0
401360610,DAL,2578185,39.0,7.8,5.3
401360610,DAL,2579260,8.0,0.6,1.0
401360610,DAL,3907487,11.0,-1.7,0.0
401360610,DAL,3934672,39.0,15.2,14.4
401360610,DAL,3945274,40.0,31.6,27.0
401360610,DAL,4230547,11.0,2.6,2.3
401360610,DAL,4432811,18.0,1.1,-0.3
401360610,PHI,3988,25.0,-0.1,-1.4
401360610,PHI,6440,33.0,11.5,10.6
401360610,PHI,6585,15.0,7.2,5.5
401360610,PHI,2326307,36.0,6.5,6.4
401360610,PHI,2990969,17.0,9.1,9.5
401360610,PHI,3059318,33.0,26.5,19.9
401360610,PHI,3907498,26.0,5.1,3.9
401360610,PHI,4395702,18.0,-3.0,-1.7
401360610,PHI,4431678,36.0,14.2,15.6
401360611,HOU,3431,21.0,5.7,5.4
401360611,HOU,3058254,31.0,8.8,6.2
401360611,HOU,3062744,8.0,1.3,1.0
401360611,HOU,3136777,26.0,7.9,7.1
401360611,HOU,3913180,18.0,-1.0,-1.1
401360611,HOU,4066450,15.0,-0.1,-1.8
401360611,HOU,4397140,11.0,3.9,2.0
401360611,HOU,4431828,28.0,4.7,4.0
401360611,HOU,4432168,29.0,21.2,19.5
401360611,HOU,4437244,23.0,7.4,7.0
401360611,HOU,4871144,29.0,12.9,10.4
401360611,SAS,2528588,19.0,13.2,14.9
401360611,SAS,3078576,29.0,11.6,10.8
401360611,SAS,3134908,33.0,19.9,15.2
401360611,SAS,3136779,14.0,5.5,2.7
401360611,SAS,3907497,35.0,23.4,18.8
401360611,SAS,4017839,2.0,-0.7,-0.7
401360611,SAS,4066650,13.0,11.3,9.2
401360611,SAS,4395626,13.0,5.2,4.7
401360611,SAS,4395630,27.0,4.5,1.3
401360611,SAS,4395723,34.0,22.5,21.3
401360611,SAS,4702176,21.0,7.3,8.1
401360612,BKN,3989,22.0,12.0,7.5
401360612,BKN,3999,21.0,-2.3,-2.1
401360612,BKN,4004,23.0,7.3,7.7
401360612,BKN,6442,31.0,6.7,7.3
401360612,BKN,3062667,27.0,13.7,10.9
401360612,BKN,3133635,25.0,2.9,1.3
401360612,BKN,4065670,20.0,7.5,5.3
401360612,BKN,4278067,5.0,0.3,0.0
401360612,BKN,4397693,18.0,-0.9,-3.1
401360612,BKN,4432174,31.0,22.7,21.5
401360612,BKN,4432194,16.0,12.1,11.3
401360612,UTA,3005,10.0,2.9,2.7
401360612,UTA,3195,23.0,12.9,9.1
401360612,UTA,3593,29.0,16.9,13.9
401360612,UTA,4262,24.0,14.9,12.5
401360612,UTA,2583632,27.0,4.9,4.8
401360612,UTA,3133817,20.0,11.6,11.8
401360612,UTA,3908809,22.0,25.4,24.1
401360612,UTA,4065656,28.0,12.2,9.3
401360612,UTA,4066299,24.0,6.9,5.4
401360612,UTA,4066446,9.0,-0.1,-1.7
401360612,UTA,4395695,23.0,5.2,5.4
401360613,DEN,3209,19.0,3.3,3.0
401360613,DEN,6579,34.0,11.4,8.8
401360613,DEN,6617,19.0,0.5,-0.4
401360613,DEN,2327577,13.0,2.4,1.7
401360613,DEN,2994526,19.0,-0.6,-1.2
401360613,DEN,3059262,25.0,3.5,4.0
401360613,DEN,3059310,31.0,16.5,15.8
401360613,DEN,3112335,35.0,27.9,24.5
401360613,DEN,4431690,29.0,11.4,9.2
401360613,DEN,4592492,17.0,4.0,3.9
401360613,NOP,6477,32.0,13.0,13.2
401360613,NOP,3132042,17.0,2.1,2.0
401360613,NOP,3133601,32.0,5.7,4.8
401360613,NOP,3913176,38.0,22.8,19.6
401360613,NOP,4277813,34.0,22.4,20.2
401360613,NOP,4277869,16.0,1.1,1.3
401360613,NOP,4278039,20.0,5.5,2.7
401360613,NOP,4397077,33.0,24.0,21.1
401360613,NOP,4397688,17.0,1.5,0.0
401360614,OKC,2490089,12.0,9.2,7.6
401360614,OKC,3133626,23.0,12.0,9.5
401360614,OKC,3947156,30.0,9.9,7.4
401360614,OKC,4065733,23.0,10.1,11.2
401360614,OKC,4397020,33.0,14.5,13.9
401360614,OKC,4423545,36.0,7.4,3.0
401360614,OKC,4432819,32.0,1.0,-0.6
401360614,OKC,4683027,15.0,-2.1,-2.0
401360614,OKC,4871145,36.0,9.5,7.8
401360614,POR,2490149,38.0,9.7,9.0
401360614,POR,2528353,36.0,13.2,10.1
401360614,POR,2578213,18.0,-6.4,-5.9
401360614,POR,3102530,33.0,8.7,6.0
401360614,POR,4065697,16.0,3.7,3.8
401360614,POR,4351851,37.0,14.2,11.4
401360614,POR,4397166,27.0,7.5,5.4
401360614,POR,4431675,20.0,5.5,5.5
401360614,POR,4432161,16.0,6.9,4.3
401360615,MEM,2991235,23.0,17.5,16.6
401360615,MEM,2993874,19.0,6.4,4.2
401360615,MEM,3134932,20.0,3.5,2.0
401360615,MEM,3135046,17.0,9.0,7.7
401360615,MEM,3906665,22.0,12.5,13.3
401360615,MEM,4066320,26.0,4.9,2.6
401360615,MEM,4066436,22.0,14.7,12.1
401360615,MEM,4066651,3.0,-0.4,0.0
401360615,MEM,4277928,2.0,0.0,0.0
401360615,MEM,4277961,29.0,12.2,10.5
401360615,MEM,4277964,3.0,5.0,4.4
401360615,MEM,4279888,29.0,27.3,24.8
401360615,MEM,4433137,25.0,8.9,8.4
401360615,ORL,3447,11.0,0.2,1.0
401360615,ORL,6619,11.0,1.0,1.0
401360615,ORL,2999547,24.0,8.9,8.0
401360615,ORL,3150844,17.0,6.2,5.5
401360615,ORL,3918423,12.0,5.0,5.0
401360615,ORL,4277847,23.0,7.4,6.6
401360615,ORL,4277919,20.0,2.5,1.3
401360615,ORL,4278052,19.0,0.1,-0.4
401360615,ORL,4397205,16.0,8.9,8.7
401360615,ORL,4432165,29.0,13.7,12.7
401360615,ORL,4432809,31.0,17.3,16.6
401360615,ORL,4566434,27.0,12.3,12.8
401360616,CHA,4249,22.0,-3.0,-2.8
401360616,CHA,4305,12.0,9.5,7.9
401360616,CHA,2488653,24.0,8.1,3.3
401360616,CHA,3074752,32.0,6.7,6.0
401360616,CHA,3133603,29.0,2.2,1.8
401360616,CHA,3138161,35.0,4.2,2.4
401360616,CHA,4066383,33.0,10.2,7.4
401360616,CHA,4278076,12.0,0.8,1.3
401360616,CHA,4278078,19.0,6.7,7.4
401360616,CHA,4432816,22.0,8.0,7.4
401360616,MIA,3012,31.0,14.0,10.9
401360616,MIA,3033,24.0,5.1,4.4
401360616,MIA,6430,29.0,25.6,24.1
401360616,MIA,2580913,17.0,5.3,3.4
401360616,MIA,3074213,3.0,0.0,0.0
401360616,MIA,3137259,24.0,2.1,2.9
401360616,MIA,3138160,24.0,8.9,6.1
401360616,MIA,3157465,27.0,-0.7,-1.1
401360616,MIA,4065730,3.0,1.0,-1.0
401360616,MIA,4066261,28.0,15.6,8.9
401360616,MIA,4395725,29.0,15.6,11.1
401360617,PHX,2779,31.0,14.8,11.9
401360617,PHX,3452,14.0,10.3,5.5
401360617,PHX,6427,10.0,-0.0,-1.1
401360617,PHX,6581,25.0,3.6,1.9
401360617,PHX,2583639,21.0,-5.4,-5.6
401360617,PHX,3059307,12.0,-0.5,-0.1
401360617,PHX,3136193,30.0,7.4,6.4
401360617,PHX,3138156,9.0,-2.5,-2.1
401360617,PHX,3138196,18.0,9.9,9.8
401360617,PHX,3147657,26.0,11.4,9.5
401360617,PHX,4278129,24.0,23.6,18.6
401360617,PHX,4397189,22.0,6.2,6.4
401360617,WAS,6426,7.0,-1.9,-0.7
401360617,WAS,2580782,23.0,0.8,1.0
401360617,WAS,2581018,24.0,4.2,1.9
401360617,WAS,2581184,4.0,0.7,0.0
401360617,WAS,2968361,22.0,7.1,3.2
401360617,WAS,2991055,23.0,11.8,9.7
401360617,WAS,3134907,24.0,5.3,2.1
401360617,WAS,3922230,22.0,8.4,7.4
401360617,WAS,3934723,17.0,1.0,0.6
401360617,WAS,4066648,24.0,1.3,0.6
401360617,WAS,4278049,7.0,4.0,3.4
401360617,WAS,4280151,20.0,3.5,3.7
401360617,WAS,4683021,21.0,5.3,4.4
401360618,LAL,1966,40.0,25.9,23.1
401360618,LAL,2426,35.0,9.9,8.3
401360618,LAL,3442,3.0,0.6,0.7
401360618,LAL,3468,29.0,-0.5,-2.3
401360618,LAL,4240,13.0,-2.3,-1.4
401360618,LAL,6583,41.0,31.3,23.7
401360618,LAL,3134881,22.0,7.4,6.8
401360618,LAL,4066262,39.0,19.0,19.4
401360618,LAL,4066457,18.0,6.9,5.3
401360618,LAL,4396991,24.0,0.9,-1.1
401360618,NYK,6429,30.0,11.0,9.0
401360618,NYK,6479,24.0,5.3,4.4
401360618,NYK,6588,37.0,7.9,6.9
401360618,NYK,2991280,23.0,4.2,3.7
401360618,NYK,3064514,41.0,26.7,23.6
401360618,NYK,4278355,12.0,0.6,0.5
401360618,NYK,4351852,30.0,7.9,4.4
401360618,NYK,4395625,50.0,24.7,21.6
401360618,NYK,4395724,5.0,-1.2,0.0
401360618,NYK,4397014,15.0,-3.1,-2.8
401360619,MIL,3995,27.0,11.5,11.0
401360619,MIL,4032,10.0,-1.7,-1.7
401360619,MIL,4260,15.0,4.4,4.1
401360619,MIL,6609,24.0,17.4,11.9
401360619,MIL,2578239,17.0,1.6,0.6
401360619,MIL,2581177,8.0,3.0,2.7
401360619,MIL,3032977,25.0,28.4,25.7
401360619,MIL,3056602,8.0,6.0,6.0
401360619,MIL,3064482,24.0,30.6,27.4
401360619,MIL,3102533,6.0,-2.1,-1.7
401360619,MIL,3135045,25.0,6.9,5.7
401360619,MIL,3934673,20.0,4.5,4.3
401360619,MIL,4277883,12.0,5.3,5.4
401360619,MIL,4277887,12.0,7.4,6.5
401360619,MIL,4278580,7.0,5.0,4.1
401360619,POR,2490149,27.0,13.4,12.1
401360619,POR,2528353,22.0,6.2,5.0
401360619,POR,2578213,28.0,13.1,11.9
401360619,POR,3102530,25.0,11.9,9.2
401360619,POR,3135047,20.0,5.4,3.4
401360619,POR,3152335,6.0,1.3,1.7
401360619,POR,4065697,20.0,10.1,7.8
401360619,POR,4351851,28.0,8.7,7.7
401360619,POR,4397166,24.0,-1.7,-1.4
401360619,POR,4431675,24.0,5.0,5.4
401360619,POR,4432161,17.0,7.4,6.3
401360620,OKC,4257,16.0,3.5,1.7
401360620,OKC,3133626,17.0,1.1,-0.7
401360620,OKC,3947156,24.0,8.0,7.0
401360620,OKC,4065733,27.0,6.1,5.5
401360620,OKC,4423545,37.0,14.8,10.3
401360620,OKC,4432819,32.0,6.2,5.5
401360620,OKC,4683018,26.0,12.7,10.9
401360620,OKC,4683027,23.0,7.7,7.8
401360620,OKC,4871145,38.0,15.9,15.5
401360620,SAC,6578,37.0,23.3,18.3
401360620,SAC,6591,38.0,14.2,11.1
401360620,SAC,2596107,8.0,4.4,4.5
401360620,SAC,2990984,20.0,4.5,3.7
401360620,SAC,2993370,25.0,11.2,9.5
401360620,SAC,3064559,15.0,7.2,5.4
401360620,SAC,3914283,21.0,8.9,3.8
401360620,SAC,4278053,36.0,9.6,8.7
401360620,SAC,4396993,40.0,18.7,15.2
401360621,CHI,3978,41.0,35.2,33.0
401360621,CHI,6478,36.0,14.6,15.1
401360621,CHI,2530923,3.0,-0.8,-0.7
401360621,CHI,2596112,32.0,17.1,15.9
401360621,CHI,3056245,22.0,4.9,4.0
401360621,CHI,3059311,34.0,1.3,-0.5
401360621,CHI,4065673,12.0,0.8,0.0
401360621,CHI,4278508,22.0,3.4,2.3
401360621,CHI,4397002,38.0,7.9,7.5
401360621,PHI,3988,27.0,5.9,6.4
401360621,PHI,6440,39.0,20.9,18.6
401360621,PHI,6585,16.0,5.5,3.1
401360621,PHI,2326307,39.0,7.2,5.3
401360621,PHI,2990969,28.0,7.8,7.4
401360621,PHI,3059318,32.0,29.7,27.9
401360621,PHI,3929325,17.0,4.9,5.0
401360621,PHI,4395702,5.0,0.6,0.7
401360621,PHI,4431678,38.0,20.5,16.3
401360622,DET,6446,28.0,10.6,9.2
401360622,DET,2488826,12.0,0.5,-0.4
401360622,DET,2489663,14.0,1.8,2.7
401360622,DET,2991070,32.0,6.5,6.0
401360622,DET,3136196,17.0,11.3,10.3
401360622,DET,4065651,24.0,7.2,5.3
401360622,DET,4080610,22.0,7.9,6.3
401360622,DET,4397136,34.0,20.8,18.0
401360622,DET,4432810,33.0,7.6,4.4
401360622,DET,4683024,24.0,10.7,9.7
401360622,MIN,3964,30.0,6.8,6.0
401360622,MIN,2990962,2.0,1.0,1.0
401360622,MIN,3134916,16.0,7.8,6.2
401360622,MIN,3136195,38.0,18.9,16.3
401360622,MIN,3136776,30.0,19.3,17.5
401360622,MIN,3907822,22.0,15.3,13.0
401360622,MIN,4278077,26.0,2.2,1.4
401360622,MIN,4278541,7.0,2.2,2.7
401360622,MIN,4396971,10.0,1.9,0.7
401360622,MIN,4431671,25.0,11.7,8.4
401360622,MIN,4594268,35.0,14.3,12.9
401360623,BKN,3989,30.0,14.6,13.8
401360623,BKN,3999,27.0,-1.3,-1.1
401360623,BKN,4004,31.0,9.0,6.6
401360623,BKN,6442,41.0,22.3,19.5
401360623,BKN,3062667,28.0,6.8,3.3
401360623,BKN,3133635,4.0,-0.7,-1.0
401360623,BKN,4065670,13.0,11.0,10.4
401360623,BKN,4397693,20.0,3.9,1.7
401360623,BKN,4432174,32.0,15.1,12.6
401360623,BKN,4432194,14.0,1.9,1.7
401360623,DEN,3209,20.0,12.0,10.5
401360623,DEN,4258,16.0,3.1,1.9
401360623,DEN,6579,33.0,17.5,15.8
401360623,DEN,6617,8.0,-1.1,-0.7
401360623,DEN,2968334,2.0,3.3,2.7
401360623,DEN,2994526,25.0,8.9,8.1
401360623,DEN,3059262,2.0,-0.7,-0.7
401360623,DEN,3059310,31.0,13.5,12.3
401360623,DEN,3064290,33.0,17.2,15.9
401360623,DEN,3112335,30.0,32.2,26.6
401360623,DEN,4065805,2.0,-0.7,-0.7
401360623,DEN,4431690,20.0,6.6,7.8
401360623,DEN,4592492,17.0,1.2,-0.1
401360624,CLE,3026,32.0,17.7,16.7
401360624,CLE,3449,32.0,17.5,15.1
401360624,CLE,4259,2.0,0.0,0.0
401360624,CLE,2583962,2.0,-1.1,-0.7
401360624,CLE,3057198,16.0,-1.3,-2.0
401360624,CLE,3893016,31.0,19.3,18.2
401360624,CLE,3906786,2.0,0.0,0.0
401360624,CLE,3912848,19.0,8.7,7.4
401360624,CLE,4066328,31.0,13.5,9.9
401360624,CLE,4066405,16.0,5.5,3.2
401360624,CLE,4277916,2.0,-1.0,-1.0
401360624,CLE,4432158,29.0,4.4,2.2
401360624,CLE,4432822,28.0,-1.4,-1.1
401360624,IND,4244,14.0,-1.2,-0.7
401360624,IND,2284101,31.0,3.8,3.3
401360624,IND,2528693,33.0,2.9,0.3
401360624,IND,2596247,25.0,3.2,2.9
401360624,IND,3155942,26.0,6.7,5.5
401360624,IND,4278031,17.0,2.1,-0.0
401360624,IND,4279815,12.0,3.9,4.8
401360624,IND,4348700,16.0,-1.2,-0.7
401360624,IND,4397235,31.0,8.3,9.3
401360624,IND,4592402,36.0,18.2,15.8
401360625,BOS,3213,29.0,16.7,13.3
401360625,BOS,2581190,27.0,-2.1,-3.8
401360625,BOS,2990992,25.0,2.4,-1.3
401360625,BOS,3032979,20.0,14.5,14.8
401360625,BOS,3917376,29.0,18.8,15.4
401360625,BOS,4065648,35.0,10.2,8.1
401360625,BOS,4066211,28.0,14.0,11.6
401360625,BOS,4066218,28.0,11.0,9.5
401360625,BOS,4066354,5.0,6.7,7.1
401360625,BOS,4277952,4.0,2.0,1.4
401360625,BOS,4396909,5.0,-0.7,-0.7
401360625,BOS,4397008,6.0,6.4,6.4
401360625,ORL,6619,19.0,2.3,2.3
401360625,ORL,2999547,25.0,1.0,0.9
401360625,ORL,3150844,16.0,2.1,1.9
401360625,ORL,3918423,6.0,1.3,1.3
401360625,ORL,4277847,28.0,13.1,10.9
401360625,ORL,4277919,27.0,5.2,2.6
401360625,ORL,4278052,25.0,8.6,3.3
401360625,ORL,4397205,5.0,1.4,1.4
401360625,ORL,4432165,30.0,11.6,8.8
401360625,ORL,4432809,32.0,4.2,3.7
401360625,ORL,4566434,26.0,1.9,0.9
401360626,ATL,3428,25.0,8.8,7.7
401360626,ATL,3037789,23.0,2.7,1.3
401360626,ATL,3064447,17.0,2.3,1.7
401360626,ATL,3102529,20.0,6.2,4.8
401360626,ATL,3908845,35.0,19.9,15.5
401360626,ATL,4065732,33.0,7.5,7.6
401360626,ATL,4066372,34.0,4.2,3.6
401360626,ATL,4277905,37.0,9.6,9.8
401360626,ATL,4431680,16.0,7.0,3.1
401360626,DAL,2528779,38.0,20.1,16.5
401360626,DAL,2531367,36.0,13.0,11.2
401360626,DAL,2578185,42.0,6.7,4.9
401360626,DAL,2579260,15.0,1.0,2.7
401360626,DAL,3907487,12.0,1.1,0.7
401360626,DAL,3934672,30.0,15.8,15.3
401360626,DAL,3945274,28.0,18.0,16.9
401360626,DAL,4230547,15.0,-3.5,-3.8
401360626,DAL,4432811,23.0,7.8,3.3
401360627,HOU,3058254,35.0,16.3,15.1
401360627,HOU,3136777,32.0,8.6,7.3
401360627,HOU,3913180,30.0,13.9,14.1
401360627,HOU,4066450,11.0,-2.7,-3.1
401360627,HOU,4397140,34.0,6.5,6.4
401360627,HOU,4431828,18.0,8.3,7.8
401360627,HOU,4432168,23.0,7.4,6.1
401360627,HOU,4437244,32.0,12.7,9.8
401360627,HOU,4871144,25.0,7.4,5.8
401360627,NOP,6477,27.0,13.1,12.6
401360627,NOP,3062679,36.0,16.5,12.5
401360627,NOP,3132042,11.0,0.9,0.0
401360627,NOP,3133601,32.0,3.1,3.3
401360627,NOP,3913176,36.0,29.7,26.3
401360627,NOP,4277813,31.0,6.8,6.4
401360627,NOP,4277869,16.0,7.0,6.8
401360627,NOP,4278039,18.0,5.3,4.9
401360627,NOP,4397077,28.0,21.9,17.8
401360627,NOP,4397688,5.0,2.0,1.7
401360628,LAC,3416,16.0,-0.0,-0.4
401360628,LAC,3439,19.0,8.2,6.1
401360628,LAC,6443,25.0,5.5,6.0
401360628,LAC,6462,30.0,15.1,13.5
401360628,LAC,2490620,23.0,9.5,9.1
401360628,LAC,2595516,24.0,20.5,21.8
401360628,LAC,3907823,25.0,9.6,5.8
401360628,LAC,3913174,22.0,4.9,3.0
401360628,LAC,4017837,19.0,8.8,7.4
401360628,LAC,4066387,25.0,3.5,3.6
401360628,LAC,4222252,8.0,-0.4,-0.3
401360628,LAC,4432162,4.0,1.0,1.0
401360628,MIL,3995,36.0,30.7,26.9
401360628,MIL,4032,22.0,1.8,2.0
401360628,MIL,4260,14.0,7.3,7.1
401360628,MIL,6609,32.0,14.8,13.5
401360628,MIL,2578239,28.0,15.2,14.1
401360628,MIL,2581177,14.0,-0.8,-2.1
401360628,MIL,3032977,31.0,26.8,22.8
401360628,MIL,3064482,29.0,22.6,19.5
401360628,MIL,3934673,21.0,3.5,2.6
401360628,MIL,4277883,12.0,0.9,0.7
401360628,MIL,4277887,1.0,0.0,0.0
401360629,CHA,4249,6.0,1.6,1.3
401360629,CHA,4305,8.0,-3.5,-3.1
401360629,CHA,2488653,28.0,11.0,8.3
401360629,CHA,3074752,41.0,13.8,13.1
401360629,CHA,3133603,38.0,12.0,10.3
401360629,CHA,4066383,42.0,21.8,17.5
401360629,CHA,4278078,32.0,13.4,10.1
401360629,CHA,4432816,44.0,7.0,4.7
401360629,TOR,2578240,8.0,-0.1,0.0
401360629,TOR,2991230,37.0,14.3,12.2
401360629,TOR,3133602,1.0,-1.0,-1.0
401360629,TOR,3133838,1.0,0.0,0.0
401360629,TOR,3149673,43.0,20.8,18.6
401360629,TOR,3934719,38.0,15.7,12.7
401360629,TOR,3948153,19.0,9.9,7.1
401360629,TOR,4066668,1.0,0.0,0.0
401360629,TOR,4277843,34.0,17.4,15.0
401360629,TOR,4397885,11.0,-1.3,-1.5
401360629,TOR,4431679,15.0,4.6,3.0
401360629,TOR,4433134,31.0,11.4,10.0
401360630,MIA,3012,30.0,12.7,10.9
401360630,MIA,3033,23.0,4.4,2.8
401360630,MIA,6430,30.0,12.6,11.8
401360630,MIA,2580913,16.0,7.7,7.7
401360630,MIA,3074213,8.0,3.6,3.4
401360630,MIA,3137259,28.0,17.3,15.7
401360630,MIA,3138160,21.0,12.6,13.5
401360630,MIA,3157465,29.0,3.5,3.6
401360630,MIA,4065730,7.0,3.6,2.6
401360630,MIA,4065778,24.0,3.5,1.0
401360630,MIA,4066261,24.0,17.8,16.2
401360630,WAS,6426,6.0,1.7,1.7
401360630,WAS,2580782,26.0,6.9,3.8
401360630,WAS,2581018,22.0,3.4,3.9
401360630,WAS,2581184,2.0,0.0,0.0
401360630,WAS,2968361,12.0,0.2,-0.4
401360630,WAS,2991055,18.0,9.3,10.1
401360630,WAS,3134907,27.0,6.9,6.7
401360630,WAS,3922230,28.0,12.6,9.1
401360630,WAS,3934723,22.0,3.4,3.4
401360630,WAS,4066648,27.0,6.8,6.0
401360630,WAS,4280151,26.0,16.0,14.9
401360630,WAS,4683021,25.0,7.4,4.8
401360631,CHI,3978,36.0,28.0,25.9
401360631,CHI,6478,34.0,9.3,5.7
401360631,CHI,2530923,2.0,0.9,0.6
401360631,CHI,2596112,24.0,6.9,5.8
401360631,CHI,3056245,2.0,7.7,7.1
401360631,CHI,3059311,12.0,7.3,6.1
401360631,CHI,3064440,37.0,26.6,25.9
401360631,CHI,4065673,13.0,5.0,3.7
401360631,CHI,4066367,1.0,0.0,0.0
401360631,CHI,4278508,22.0,1.9,1.0
401360631,CHI,4395651,26.0,8.1,9.0
401360631,CHI,4397002,33.0,-3.5,-2.5
401360631,PHX,2779,34.0,19.7,17.8
401360631,PHX,3452,23.0,18.0,15.0
401360631,PHX,6427,1.0,-0.7,-0.7
401360631,PHX,6581,35.0,11.5,9.5
401360631,PHX,2583639,18.0,8.0,8.6
401360631,PHX,3059307,1.0,0.0,0.0
401360631,PHX,3136193,38.0,31.0,29.6
401360631,PHX,3138156,1.0,-1.1,-1.4
401360631,PHX,3138196,22.0,1.7,1.9
401360631,PHX,3147657,36.0,13.2,11.8
401360631,PHX,4278129,23.0,9.5,9.1
401360631,PHX,4397189,9.0,0.2,0.3
401360632,GSW,2386,6.0,5.3,4.1
401360632,GSW,3975,37.0,17.9,15.0
401360632,GSW,6475,29.0,16.8,14.3
401360632,GSW,2594922,15.0,1.6,1.0
401360632,GSW,2595209,14.0,4.6,4.3
401360632,GSW,3059319,35.0,5.9,3.9
401360632,GSW,3134903,14.0,6.7,4.4
401360632,GSW,3155535,27.0,8.1,4.8
401360632,GSW,4277956,30.0,13.6,11.4
401360632,GSW,4432171,9.0,1.9,2.7
401360632,GSW,4433247,23.0,11.9,11.7
401360632,OKC,4257,26.0,6.6,6.5
401360632,OKC,3133626,31.0,12.4,9.2
401360632,OKC,3947156,14.0,7.0,5.8
401360632,OKC,4065733,19.0,0.8,0.6
401360632,OKC,4397020,38.0,14.0,11.9
401360632,OKC,4423545,37.0,14.0,11.6
401360632,OKC,4432819,35.0,5.8,3.3
401360632,OKC,4683027,10.0,-1.1,-0.6
401360632,OKC,4871145,30.0,12.4,10.2
401360633,NYK,6429,31.0,-1.3,-2.5
401360633,NYK,6588,31.0,10.3,9.7
401360633,NYK,2991280,12.0,-1.4,-1.8
401360633,NYK,3064514,38.0,19.7,18.3
401360633,NYK,4278355,10.0,-1.1,-1.4
401360633,NYK,4351852,36.0,28.0,21.0
401360633,NYK,4395625,43.0,13.2,13.9
401360633,NYK,4395627,15.0,2.8,1.6
401360633,NYK,4395724,24.0,-0.4,-0.7
401360633,UTA,3195,30.0,12.0,12.0
401360633,UTA,3593,32.0,13.3,14.0
401360633,UTA,4262,20.0,3.0,3.3
401360633,UTA,2528426,22.0,9.8,11.1
401360633,UTA,2583632,32.0,1.7,0.9
401360633,UTA,3133817,17.0,6.3,5.7
401360633,UTA,3908809,36.0,25.6,20.5
401360633,UTA,4065656,20.0,4.2,1.0
401360633,UTA,4066299,28.0,10.4,7.5
401360633,UTA,4395695,4.0,-1.0,-1.0
401360634,PHI,3988,17.0,-1.7,-1.7
401360634,PHI,6440,41.0,22.0,20.7
401360634,PHI,6585,16.0,9.2,5.9
401360634,PHI,2326307,26.0,-2.6,-2.5
401360634,PHI,2990969,25.0,6.6,6.1
401360634,PHI,3059318,33.0,27.6,22.5
401360634,PHI,3907498,35.0,9.6,8.8
401360634,PHI,3929325,14.0,5.2,4.3
401360634,PHI,4431678,34.0,6.2,5.6
401360634,PHX,2779,42.0,10.6,8.2
401360634,PHX,3452,18.0,17.5,15.0
401360634,PHX,6581,30.0,5.1,-0.7
401360634,PHX,2583639,16.0,6.6,6.1
401360634,PHX,3136193,37.0,26.0,25.0
401360634,PHX,3138196,20.0,3.1,2.5
401360634,PHX,3147657,41.0,19.0,18.2
401360634,PHX,4278129,30.0,7.9,6.5
401360634,PHX,4397189,6.0,2.3,1.7
401360635,ATL,3428,23.0,14.3,10.8
401360635,ATL,2534781,8.0,7.4,6.5
401360635,ATL,3037789,21.0,8.5,8.7
401360635,ATL,3064447,24.0,5.6,3.8
401360635,ATL,3102529,21.0,12.7,7.8
401360635,ATL,3893019,7.0,2.3,0.6
401360635,ATL,3908845,21.0,14.9,15.2
401360635,ATL,4065732,25.0,4.4,4.3
401360635,ATL,4066269,6.0,-1.0,-1.0
401360635,ATL,4066372,31.0,9.2,9.2
401360635,ATL,4277905,30.0,28.1,27.9
401360635,ATL,4278075,7.0,0.9,1.0
401360635,ATL,4431680,17.0,12.5,12.6
401360635,IND,4244,34.0,23.6,22.9
401360635,IND,2528693,29.0,5.6,2.3
401360635,IND,2596247,31.0,1.0,2.6
401360635,IND,4278031,29.0,14.1,12.7
401360635,IND,4279815,24.0,7.6,6.8
401360635,IND,4348700,30.0,11.8,8.7
401360635,IND,4397235,28.0,6.0,1.5
401360635,IND,4592402,35.0,18.9,17.2
401360636,BKN,3989,16.0,4.3,3.8
401360636,BKN,3999,24.0,14.6,13.2
401360636,BKN,4004,22.0,1.5,1.3
401360636,BKN,3062667,20.0,-2.2,-0.8
401360636,BKN,3133635,31.0,15.5,14.7
401360636,BKN,4065670,32.0,-0.5,-1.7
401360636,BKN,4397107,28.0,12.2,8.0
401360636,BKN,4397693,15.0,-1.4,-1.7
401360636,BKN,4432174,28.0,9.7,8.6
401360636,BKN,4432194,24.0,2.0,1.2
401360636,BOS,3213,22.0,11.4,8.2
401360636,BOS,6447,12.0,8.4,6.5
401360636,BOS,2581190,15.0,2.6,1.0
401360636,BOS,2990992,28.0,16.3,15.1
401360636,BOS,3032979,19.0,7.2,6.4
401360636,BOS,3917376,28.0,22.2,20.1
401360636,BOS,4065648,27.0,19.0,16.5
401360636,BOS,4066211,27.0,17.6,13.0
401360636,BOS,4066218,18.0,4.2,2.7
401360636,BOS,4066354,14.0,6.7,7.5
401360636,BOS,4277952,5.0,2.6,2.7
401360636,BOS,4396909,14.0,0.5,0.6
401360636,BOS,4397008,12.0,-2.6,-2.5
401360637,LAC,3416,23.0,4.8,4.0
401360637,LAC,6443,24.0,2.3,0.3
401360637,LAC,6462,22.0,-0.1,-0.1
401360637,LAC,2490620,29.0,11.3,8.9
401360637,LAC,2595516,23.0,12.0,10.1
401360637,LAC,3907823,26.0,16.3,13.2
401360637,LAC,3913174,15.0,3.9,3.4
401360637,LAC,4017837,14.0,2.3,2.3
401360637,LAC,4066387,24.0,7.3,7.4
401360637,LAC,4222252,28.0,21.6,18.0
401360637,LAC,4432162,12.0,1.6,1.0
401360637,MEM,2991235,20.0,10.7,9.6
401360637,MEM,2993874,24.0,11.8,7.4
401360637,MEM,3134932,23.0,10.0,8.5
401360637,MEM,3135046,17.0,3.9,3.3
401360637,MEM,3906665,24.0,20.2,16.7
401360637,MEM,4066320,26.0,4.1,2.7
401360637,MEM,4066436,28.0,5.2,0.9
401360637,MEM,4277928,5.0,1.0,1.0
401360637,MEM,4277961,26.0,27.1,25.7
401360637,MEM,4279888,26.0,21.1,19.8
401360637,MEM,4433137,22.0,6.1,6.4
401360638,HOU,3058254,33.0,11.6,9.0
401360638,HOU,3136777,32.0,8.2,5.4
401360638,HOU,3913180,29.0,11.1,11.7
401360638,HOU,4066450,8.0,-2.4,-2.4
401360638,HOU,4397140,36.0,16.2,16.2
401360638,HOU,4431828,25.0,1.0,0.5
401360638,HOU,4432168,17.0,-1.6,-2.4
401360638,HOU,4437244,33.0,9.3,7.7
401360638,HOU,4871144,28.0,6.3,4.4
401360638,NOP,4023,9.0,1.0,0.7
401360638,NOP,6477,24.0,8.3,7.9
401360638,NOP,3132042,18.0,5.5,2.7
401360638,NOP,3133601,29.0,10.3,9.5
401360638,NOP,3913176,34.0,16.0,14.5
401360638,NOP,4277813,31.0,10.1,6.9
401360638,NOP,4277869,19.0,10.7,8.9
401360638,NOP,4278594,20.0,11.5,9.1
401360638,NOP,4397077,36.0,11.9,10.1
401360638,NOP,4397688,19.0,6.1,5.2
401360639,DAL,2528779,29.0,8.8,8.0
401360639,DAL,2531367,20.0,10.6,10.5
401360639,DAL,2578185,29.0,12.2,9.2
401360639,DAL,2579260,21.0,11.2,10.1
401360639,DAL,2960236,18.0,7.5,5.1
401360639,DAL,3138154,9.0,-1.4,-1.4
401360639,DAL,3907487,15.0,-2.7,-5.5
401360639,DAL,3934672,26.0,17.8,17.9
401360639,DAL,3945274,33.0,28.4,25.1
401360639,DAL,4230547,16.0,2.8,2.0
401360639,DAL,4397126,4.0,2.0,0.7
401360639,DAL,4432811,21.0,4.1,1.0
401360639,DET,6446,27.0,-1.6,-1.0
401360639,DET,2488826,13.0,-0.8,0.0
401360639,DET,2489663,19.0,2.6,2.7
401360639,DET,2991070,30.0,6.7,5.3
401360639,DET,3136196,18.0,10.2,9.1
401360639,DET,4065651,25.0,5.4,5.3
401360639,DET,4080610,26.0,11.6,10.6
401360639,DET,4397136,31.0,1.7,-0.1
401360639,DET,4432810,29.0,16.7,13.9
401360639,DET,4683024,21.0,-2.5,-2.2
401360640,DEN,3209,18.0,5.1,4.6
401360640,DEN,6579,37.0,18.6,17.7
401360640,DEN,2327577,17.0,19.9,18.2
401360640,DEN,2968334,2.0,0.0,0.0
401360640,DEN,2994526,15.0,2.4,3.0
401360640,DEN,3059262,11.0,-1.5,-2.1
401360640,DEN,3059310,28.0,6.1,6.5
401360640,DEN,3064290,31.0,19.1,16.3
401360640,DEN,3112335,30.0,16.2,14.6
401360640,DEN,4065805,2.0,2.3,2.0
401360640,DEN,4431690,24.0,9.4,7.7
401360640,DEN,4592492,25.0,18.1,16.7
401360640,NYK,3986,27.0,11.7,11.2
401360640,NYK,6429,26.0,12.3,12.2
401360640,NYK,6479,22.0,2.4,1.8
401360640,NYK,6588,32.0,17.4,13.1
401360640,NYK,3064514,34.0,26.2,22.6
401360640,NYK,4277922,18.0,3.6,3.1
401360640,NYK,4278355,14.0,7.4,6.3
401360640,NYK,4395625,35.0,9.5,9.6
401360640,NYK,4395627,14.0,0.3,0.3
401360640,NYK,4395724,18.0,-0.1,1.3
401360640,NYK,4431823,1.0,-0.7,-0.7
401360641,LAL,1966,35.0,18.8,18.9
401360641,LAL,2426,20.0,8.2,6.1
401360641,LAL,3468,26.0,5.9,3.2
401360641,LAL,4240,16.0,-2.5,-2.4
401360641,LAL,6583,37.0,25.0,21.2
401360641,LAL,3134881,26.0,9.6,10.7
401360641,LAL,4066262,32.0,13.8,12.7
401360641,LAL,4066457,20.0,8.1,8.1
401360641,LAL,4396991,29.0,6.3,2.8
401360641,MIL,3995,37.0,17.4,14.1
401360641,MIL,4032,14.0,-1.6,-0.7
401360641,MIL,4260,15.0,-0.4,-1.4
401360641,MIL,6609,34.0,10.2,10.0
401360641,MIL,2578239,24.0,7.2,5.7
401360641,MIL,3032977,35.0,46.6,43.2
401360641,MIL,3064482,33.0,16.6,14.4
401360641,MIL,3135045,27.0,11.0,10.1
401360641,MIL,3934673,20.0,5.3,4.4
401360642,ORL,3447,18.0,6.2,4.7
401360642,ORL,6619,29.0,4.6,-0.0
401360642,ORL,2999547,33.0,12.7,12.5
401360642,ORL,4277847,30.0,20.4,17.0
401360642,ORL,4277919,19.0,15.5,12.6
401360642,ORL,4278052,29.0,14.2,13.1
401360642,ORL,4397205,10.0,-0.5,-0.7
401360642,ORL,4432165,7.0,-2.5,-2.1
401360642,ORL,4432809,35.0,19.1,16.3
401360642,ORL,4566434,30.0,11.6,10.2
401360642,POR,2578213,31.0,9.1,9.1
401360642,POR,3102530,34.0,11.3,7.9
401360642,POR,3135047,33.0,9.2,3.7
401360642,POR,3152335,10.0,-0.4,-1.0
401360642,POR,4065697,20.0,3.2,0.8
401360642,POR,4351851,38.0,13.5,11.7
401360642,POR,4397166,34.0,11.5,9.2
401360642,POR,4431675,20.0,3.5,4.0
401360642,POR,4432161,19.0,12.0,9.9
401360643,MIN,3964,23.0,7.5,6.0
401360643,MIN,2982268,3.0,0.3,0.0
401360643,MIN,2990962,19.0,10.5,7.1
401360643,MIN,3134916,19.0,20.4,17.9
401360643,MIN,3136195,28.0,20.6,20.4
401360643,MIN,3136776,24.0,10.3,9.4
401360643,MIN,3907822,19.0,15.9,15.1
401360643,MIN,4065663,3.0,-2.4,-2.4
401360643,MIN,4067325,3.0,2.5,2.6
401360643,MIN,4278077,21.0,10.3,9.2
401360643,MIN,4278541,12.0,6.3,5.7
401360643,MIN,4396971,17.0,11.3,9.8
401360643,MIN,4431671,21.0,3.2,3.6
401360643,MIN,4594268,26.0,-1.4,-2.2
401360643,MIN,4683025,2.0,0.0,0.0
401360643,SAC,6578,32.0,22.6,20.5
401360643,SAC,6591,10.0,4.3,4.7
401360643,SAC,2596107,19.0,1.9,0.4
401360643,SAC,3064559,29.0,17.0,15.4
401360643,SAC,3914283,34.0,12.1,10.9
401360643,SAC,4066259,35.0,19.1,17.5
401360643,SAC,4278053,30.0,0.1,0.0
401360643,SAC,4396961,7.0,-0.1,0.3
401360643,SAC,4397103,18.0,0.9,0.3
401360643,SAC,4431688,26.0,6.0,5.9
401360644,CLE,3026,22.0,5.8,5.1
401360644,CLE,3449,24.0,-0.8,-2.0
401360644,CLE,4259,2.0,0.0,0.0
401360644,CLE,2583962,2.0,0.0,0.0
401360644,CLE,2991043,28.0,6.8,6.3
401360644,CLE,3057198,2.0,-0.7,-0.7
401360644,CLE,3893016,20.0,4.5,4.2
401360644,CLE,3906786,2.0,1.0,0.0
401360644,CLE,3912848,16.0,-0.8,-0.7
401360644,CLE,4066328,32.0,17.3,12.6
401360644,CLE,4066405,2.0,-0.7,-0.7
401360644,CLE,4396907,30.0,21.2,19.5
401360644,CLE,4432158,33.0,16.4,12.0
401360644,CLE,4432822,27.0,14.3,11.8
401360644,SAS,2528588,28.0,-1.4,-2.2
401360644,SAS,3078576,32.0,14.1,11.7
401360644,SAS,3134908,29.0,9.9,4.5
401360644,SAS,3136779,2.0,2.7,2.7
401360644,SAS,3146557,2.0,0.0,0.0
401360644,SAS,3907497,34.0,13.0,12.6
401360644,SAS,3914285,2.0,0.6,0.0
401360644,SAS,4066650,18.0,4.0,3.4
401360644,SAS,4277890,11.0,-0.8,-0.7
401360644,SAS,4395630,28.0,13.8,12.1
401360644,SAS,4395723,33.0,9.5,8.3
401360644,SAS,4702176,22.0,-1.1,-1.4
401360645,CHA,4305,15.0,3.4,3.1
401360645,CHA,2488653,27.0,7.9,5.7
401360645,CHA,3074752,39.0,10.6,9.7
401360645,CHA,3133603,36.0,10.4,9.9
401360645,CHA,4066383,39.0,17.4,16.1
401360645,CHA,4278076,13.0,8.0,8.4
401360645,CHA,4278078,34.0,2.9,1.0
401360645,CHA,4432816,38.0,25.3,21.1
401360645,CHI,3978,38.0,24.4,24.5
401360645,CHI,6478,38.0,20.2,14.8
401360645,CHI,2596112,34.0,7.3,6.5
401360645,CHI,3056245,10.0,5.3,3.0
401360645,CHI,3059311,4.0,2.3,2.7
401360645,CHI,3064440,40.0,19.7,18.7
401360645,CHI,4065673,10.0,0.1,0.9
401360645,CHI,4278508,28.0,11.4,9.2
401360645,CHI,4395651,38.0,10.5,9.7
401360646,OKC,4257,15.0,1.7,1.4
401360646,OKC,3133626,31.0,9.9,6.6
401360646,OKC,4065733,31.0,9.1,8.7
401360646,OKC,4397020,31.0,5.0,3.6
401360646,OKC,4423545,24.0,9.9,8.0
401360646,OKC,4432819,18.0,-3.2,-2.8
401360646,OKC,4683018,30.0,20.4,14.9
401360646,OKC,4683027,31.0,11.8,10.7
401360646,OKC,4871145,29.0,14.8,12.0
401360646,TOR,2578240,6.0,0.7,-0.3
401360646,TOR,2991230,36.0,14.3,13.1
401360646,TOR,3133602,2.0,2.4,2.4
401360646,TOR,3133838,2.0,3.4,3.4
401360646,TOR,3149673,40.0,27.3,22.9
401360646,TOR,3934719,37.0,9.3,7.1
401360646,TOR,3948153,19.0,5.3,5.7
401360646,TOR,4066668,2.0,-0.7,-0.7
401360646,TOR,4277843,34.0,14.9,10.0
401360646,TOR,4397885,12.0,-0.4,-1.0
401360646,TOR,4431679,19.0,4.5,2.7
401360646,TOR,4433134,31.0,14.7,14.5
401360647,GSW,3975,30.0,7.6,6.6
401360647,GSW,2594922,15.0,4.8,3.6
401360647,GSW,2595209,27.0,-2.5,-5.2
401360647,GSW,3059319,28.0,10.5,7.7
401360647,GSW,3134903,23.0,1.9,0.0
401360647,GSW,3155535,23.0,5.1,1.7
401360647,GSW,4277956,32.0,11.8,11.7
401360647,GSW,4401416,19.0,4.8,5.7
401360647,GSW,4432171,21.0,4.6,3.7
401360647,GSW,4433247,23.0,6.5,7.5
401360647,UTA,3195,25.0,10.5,9.7
401360647,UTA,3593,31.0,16.8,16.0
401360647,UTA,4262,29.0,19.3,9.6
401360647,UTA,2528426,29.0,6.8,7.3
401360647,UTA,2583632,29.0,4.6,4.4
401360647,UTA,3133817,19.0,1.5,1.2
401360647,UTA,3908809,33.0,14.1,11.5
401360647,UTA,4065656,23.0,9.9,9.2
401360647,UTA,4066299,19.0,8.1,7.1
401360647,UTA,4395695,4.0,3.6,4.0
401360648,LAL,1966,37.0,23.4,18.7
401360648,LAL,2426,20.0,5.4,4.7
401360648,LAL,3981,15.0,8.4,7.4
401360648,LAL,4240,36.0,3.3,1.7
401360648,LAL,6583,41.0,19.3,13.5
401360648,LAL,3134881,26.0,9.9,7.6
401360648,LAL,4066262,29.0,-0.6,-1.0
401360648,LAL,4066457,13.0,4.3,4.3
401360648,LAL,4396991,24.0,11.2,11.3
401360648,POR,2578213,28.0,3.4,-0.2
401360648,POR,3102530,33.0,17.0,15.2
401360648,POR,3135047,33.0,13.8,9.1
401360648,POR,3152335,10.0,5.2,5.7
401360648,POR,4065697,22.0,14.8,9.4
401360648,POR,4351851,38.0,17.8,17.8
401360648,POR,4397166,43.0,9.0,5.8
401360648,POR,4431675,16.0,5.7,4.7
401360648,POR,4432161,16.0,8.6,7.7
401360649,MIN,2990962,13.0,-0.6,-0.4
401360649,MIN,3134916,14.0,3.6,3.7
401360649,MIN,3136195,34.0,17.7,16.7
401360649,MIN,3136776,36.0,24.1,23.0
401360649,MIN,3907822,20.0,1.1,1.2
401360649,MIN,4067325,2.0,0.0,0.0
401360649,MIN,4278077,34.0,12.8,7.8
401360649,MIN,4278541,5.0,1.6,2.0
401360649,MIN,4396971,12.0,6.6,4.3
401360649,MIN,4431671,33.0,11.7,11.5
401360649,MIN,4594268,38.0,10.2,10.8
401360649,SAC,6578,36.0,28.6,26.6
401360649,SAC,6603,31.0,13.2,10.4
401360649,SAC,2284101,30.0,-0.2,-2.4
401360649,SAC,2993370,12.0,1.6,2.8
401360649,SAC,3064559,4.0,0.3,0.0
401360649,SAC,3155942,33.0,17.4,15.3
401360649,SAC,3914283,25.0,12.4,11.9
401360649,SAC,4066259,36.0,21.7,19.1
401360649,SAC,4278053,34.0,20.3,18.3
401360650,DET,6446,31.0,5.2,5.5
401360650,DET,2488826,23.0,6.0,5.4
401360650,DET,2489663,21.0,6.8,5.7
401360650,DET,2991070,29.0,15.5,13.1
401360650,DET,4065651,29.0,5.5,4.4
401360650,DET,4080610,31.0,15.7,13.8
401360650,DET,4277951,10.0,3.9,4.4
401360650,DET,4397136,36.0,12.1,10.7
401360650,DET,4432810,17.0,10.3,9.9
401360650,DET,4683024,13.0,-1.4,0.4
401360650,MEM,2991235,26.0,19.9,17.5
401360650,MEM,2993874,26.0,10.9,8.8
401360650,MEM,3134932,20.0,3.8,2.7
401360650,MEM,3135046,17.0,3.3,1.7
401360650,MEM,3906665,20.0,14.7,13.0
401360650,MEM,4066320,28.0,17.7,17.1
401360650,MEM,4066436,23.0,13.0,11.1
401360650,MEM,4277928,4.0,4.4,4.4
401360650,MEM,4277961,24.0,4.5,4.6
401360650,MEM,4279888,30.0,16.7,15.3
401360650,MEM,4433137,22.0,6.3,6.8
401360651,BKN,3989,27.0,14.5,11.8
401360651,BKN,3999,27.0,11.0,11.4
401360651,BKN,4004,35.0,5.9,5.8
401360651,BKN,6442,38.0,21.0,20.0
401360651,BKN,3133635,14.0,4.6,5.4
401360651,BKN,4065670,14.0,2.2,1.7
401360651,BKN,4397107,10.0,-1.4,-1.4
401360651,BKN,4397693,21.0,-1.3,-2.4
401360651,BKN,4432174,36.0,20.2,18.5
401360651,BKN,4432194,17.0,10.9,8.1
401360651,WAS,2581018,32.0,11.1,8.7
401360651,WAS,2581184,26.0,12.1,13.1
401360651,WAS,2968361,31.0,18.2,18.7
401360651,WAS,3134907,38.0,10.2,7.9
401360651,WAS,3934723,20.0,16.2,13.3
401360651,WAS,4066382,10.0,3.5,5.1
401360651,WAS,4066648,22.0,14.2,10.9
401360651,WAS,4280151,30.0,2.0,0.5
401360651,WAS,4683021,32.0,9.3,8.0
401360652,MIA,3012,36.0,20.5,14.4
401360652,MIA,3033,27.0,-0.4,1.0
401360652,MIA,6430,36.0,28.0,21.9
401360652,MIA,2580913,17.0,10.0,8.7
401360652,MIA,3074213,6.0,2.9,2.3
401360652,MIA,3137259,31.0,4.5,5.0
401360652,MIA,3157465,24.0,1.8,2.6
401360652,MIA,4065730,1.0,0.0,0.0
401360652,MIA,4065778,27.0,4.2,2.6
401360652,MIA,4066261,36.0,26.8,23.0
401360652,NOP,4023,13.0,3.4,2.7
401360652,NOP,6477,33.0,14.9,13.3
401360652,NOP,2490149,37.0,6.1,4.5
401360652,NOP,3132042,20.0,5.6,0.6
401360652,NOP,3133601,31.0,11.5,9.1
401360652,NOP,3913176,33.0,4.3,5.0
401360652,NOP,4277813,29.0,5.6,3.8
401360652,NOP,4277869,20.0,12.0,12.1
401360652,NOP,4278594,6.0,-0.1,0.3
401360652,NOP,4397077,17.0,3.6,4.4
401360653,HOU,3058254,32.0,17.1,14.5
401360653,HOU,3062744,7.0,3.8,4.3
401360653,HOU,3136777,40.0,10.2,9.2
401360653,HOU,3913180,32.0,14.9,13.2
401360653,HOU,4397140,36.0,26.1,25.4
401360653,HOU,4431828,22.0,6.0,4.5
401360653,HOU,4432168,15.0,1.8,1.6
401360653,HOU,4437244,35.0,9.5,8.6
401360653,HOU,4871144,21.0,-0.6,-0.7
401360653,TOR,2578240,16.0,6.0,3.8
401360653,TOR,3133602,1.0,-0.7,-0.7
401360653,TOR,3133838,6.0,2.3,2.0
401360653,TOR,3149673,32.0,20.4,21.9
401360653,TOR,3934719,35.0,7.1,6.7
401360653,TOR,3948153,23.0,14.5,14.4
401360653,TOR,4066668,22.0,8.4,6.8
401360653,TOR,4277843,37.0,33.7,30.2
401360653,TOR,4397885,20.0,8.9,8.2
401360653,TOR,4431679,14.0,5.6,4.8
401360653,TOR,4433134,33.0,10.6,8.9
401360654,DAL,2528779,37.0,8.0,8.0
401360654,DAL,2531367,21.0,8.6,7.8
401360654,DAL,2578185,41.0,8.6,5.4
401360654,DAL,2579260,11.0,-1.5,-1.1
401360654,DAL,2960236,27.0,9.5,9.9
401360654,DAL,3907487,5.0,-0.7,-0.7
401360654,DAL,3934672,37.0,6.1,4.6
401360654,DAL,3945274,40.0,38.0,35.2
401360654,DAL,4230547,7.0,2.6,3.0
401360654,DAL,4432811,14.0,4.5,4.8
401360654,LAC,3416,28.0,11.4,9.5
401360654,LAC,6443,33.0,14.1,14.2
401360654,LAC,6462,32.0,13.2,12.4
401360654,LAC,2490620,10.0,1.8,1.0
401360654,LAC,2595516,34.0,15.4,14.0
401360654,LAC,3907823,31.0,11.6,9.7
401360654,LAC,3913174,28.0,9.9,8.5
401360654,LAC,4017837,26.0,2.6,2.9
401360654,LAC,4066387,14.0,-2.3,-2.5
401360654,LAC,4222252,6.0,1.5,1.0
401360655,MIL,3995,34.0,15.9,15.9
401360655,MIL,4032,14.0,1.9,2.7
401360655,MIL,4260,13.0,11.2,8.7
401360655,MIL,6609,33.0,13.7,14.2
401360655,MIL,2578239,17.0,-0.3,-1.5
401360655,MIL,3032977,30.0,12.8,10.4
401360655,MIL,3064482,28.0,8.0,5.0
401360655,MIL,3102533,8.0,5.1,4.8
401360655,MIL,3135045,25.0,5.5,5.0
401360655,MIL,4277883,15.0,-2.7,-2.8
401360655,MIL,4277887,18.0,0.8,1.4
401360655,MIL,4278580,6.0,1.0,0.7
401360655,PHX,2779,37.0,26.3,22.6
401360655,PHX,3452,15.0,10.3,7.5
401360655,PHX,6427,11.0,5.3,7.3
401360655,PHX,6581,32.0,6.5,5.6
401360655,PHX,2583639,9.0,3.2,3.2
401360655,PHX,3059307,10.0,2.6,1.3
401360655,PHX,3136193,34.0,10.0,9.7
401360655,PHX,3138196,26.0,18.1,15.0
401360655,PHX,3147657,39.0,14.2,13.1
401360655,PHX,4278129,27.0,23.9,22.3
401360656,GSW,3975,39.0,25.5,25.9
401360656,GSW,4269,19.0,-0.0,0.7
401360656,GSW,6475,30.0,12.8,10.4
401360656,GSW,2595209,17.0,6.5,6.4
401360656,GSW,3059319,36.0,15.3,13.2
401360656,GSW,3134903,9.0,1.6,0.0
401360656,GSW,3155535,19.0,7.4,6.4
401360656,GSW,4277956,27.0,5.5,5.7
401360656,GSW,4401416,6.0,1.2,1.7
401360656,GSW,4432171,3.0,-1.4,-1.4
401360656,GSW,4433247,36.0,15.1,12.7
401360656,NYK,3986,20.0,11.9,11.2
401360656,NYK,6429,25.0,14.0,12.0
401360656,NYK,6479,22.0,5.3,5.1
401360656,NYK,6588,31.0,8.2,9.5
401360656,NYK,3064514,37.0,23.5,18.6
401360656,NYK,4278355,11.0,-0.5,-0.7
401360656,NYK,4351852,28.0,7.9,8.2
401360656,NYK,4395627,19.0,9.9,8.7
401360656,NYK,4395724,16.0,3.0,3.4
401360656,NYK,4397014,31.0,5.2,4.0
401360657,CHA,2488653,22.0,9.2,8.2
401360657,CHA,2991055,22.0,11.5,9.7
401360657,CHA,3074752,37.0,27.3,22.1
401360657,CHA,3133603,31.0,2.6,2.8
401360657,CHA,4066383,38.0,16.3,14.2
401360657,CHA,4278076,4.0,-1.4,-1.0
401360657,CHA,4278078,29.0,13.9,12.6
401360657,CHA,4431699,2.0,1.0,1.0
401360657,CHA,4431712,19.0,2.4,1.9
401360657,CHA,4432816,32.0,37.1,33.3
401360657,CHA,4702233,4.0,5.7,4.4
401360657,DET,6446,20.0,3.9,4.2
401360657,DET,2488826,16.0,10.4,9.4
401360657,DET,2489663,18.0,6.9,7.5
401360657,DET,2991070,27.0,13.0,11.1
401360657,DET,4065651,9.0,-3.8,-3.8
401360657,DET,4080610,27.0,8.9,5.0
401360657,DET,4277951,4.0,3.1,3.1
401360657,DET,4278124,4.0,0.3,-0.7
401360657,DET,4397136,35.0,20.4,18.2
401360657,DET,4432166,22.0,4.1,1.0
401360657,DET,4432810,30.0,12.5,9.8
401360657,DET,4683024,28.0,14.8,14.8
401360658,CLE,3026,33.0,21.0,16.3
401360658,CLE,3449,26.0,9.7,9.3
401360658,CLE,2991043,36.0,16.3,12.8
401360658,CLE,3893016,20.0,7.6,7.0
401360658,CLE,3912848,21.0,10.3,8.6
401360658,CLE,4066328,34.0,24.4,20.7
401360658,CLE,4066405,8.0,-1.8,-1.4
401360658,CLE,4432158,29.0,7.0,3.4
401360658,CLE,4432822,33.0,7.5,7.0
401360658,IND,4244,13.0,3.6,3.8
401360658,IND,6474,15.0,-0.2,-0.7
401360658,IND,2990984,40.0,12.2,11.4
401360658,IND,4278031,38.0,17.0,14.4
401360658,IND,4348700,10.0,-1.2,-1.7
401360658,IND,4396993,40.0,17.4,15.0
401360658,IND,4397189,21.0,8.3,5.7
401360658,IND,4397235,15.0,0.4,2.0
401360658,IND,4432170,12.0,9.6,7.4
401360658,IND,4592402,37.0,12.7,12.0
401360659,OKC,4257,28.0,16.1,12.6
401360659,OKC,3133626,24.0,11.5,9.5
401360659,OKC,4065733,17.0,-3.2,-3.4
401360659,OKC,4066317,1.0,0.0,0.0
401360659,OKC,4066392,12.0,-1.2,-2.4
401360659,OKC,4397020,27.0,5.2,5.2
401360659,OKC,4423545,34.0,14.9,10.1
401360659,OKC,4432819,19.0,-3.7,-3.2
401360659,OKC,4578893,9.0,4.1,4.1
401360659,OKC,4683018,30.0,10.1,8.8
401360659,OKC,4683027,17.0,-0.1,-1.4
401360659,OKC,4871145,24.0,6.8,5.1
401360659,PHI,3988,19.0,0.5,-0.4
401360659,PHI,6440,36.0,16.9,12.8
401360659,PHI,2990969,19.0,2.1,2.3
401360659,PHI,3059318,35.0,19.7,11.1
401360659,PHI,3907498,31.0,8.8,6.4
401360659,PHI,3915195,25.0,-2.1,-1.8
401360659,PHI,3929325,29.0,7.3,6.4
401360659,PHI,4278562,13.0,7.2,4.1
401360659,PHI,4431678,32.0,19.3,19.2
401360660,ATL,3428,22.0,13.5,12.4
401360660,ATL,2534781,4.0,5.7,4.0
401360660,ATL,3037789,30.0,20.5,18.9
401360660,ATL,3064447,19.0,7.9,4.0
401360660,ATL,3102529,21.0,13.4,10.6
401360660,ATL,3893019,4.0,4.0,3.7
401360660,ATL,3908845,21.0,-1.6,-0.7
401360660,ATL,4065732,26.0,3.3,4.3
401360660,ATL,4066269,4.0,-0.7,-0.7
401360660,ATL,4066372,31.0,10.9,6.0
401360660,ATL,4277905,35.0,14.0,13.3
401360660,ATL,4278075,4.0,2.7,2.4
401360660,ATL,4431680,19.0,6.7,6.2
401360660,SAS,2528588,26.0,10.2,8.1
401360660,SAS,3134908,27.0,11.2,7.4
401360660,SAS,3136779,7.0,0.2,-1.0
401360660,SAS,3146557,4.0,-0.4,0.0
401360660,SAS,3907497,32.0,39.5,33.6
401360660,SAS,3946974,4.0,-0.8,-1.0
401360660,SAS,4066650,17.0,2.8,2.0
401360660,SAS,4277890,13.0,-2.3,-2.1
401360660,SAS,4395626,16.0,10.4,9.2
401360660,SAS,4395630,28.0,19.1,17.3
401360660,SAS,4395723,33.0,25.1,24.3
401360660,SAS,4397033,4.0,0.3,0.7
401360660,SAS,4702176,28.0,8.1,8.7
401360661,BOS,3213,30.0,13.7,9.5
401360661,BOS,2990992,39.0,17.8,13.7
401360661,BOS,3078576,28.0,10.0,9.4
401360661,BOS,3917376,39.0,4.6,1.3
401360661,BOS,4065648,37.0,20.2,16.4
401360661,BOS,4066211,37.0,20.1,14.6
401360661,BOS,4066218,19.0,4.5,4.7
401360661,BOS,4066354,11.0,0.7,0.6
401360661,DEN,3209,21.0,5.4,2.9
401360661,DEN,6579,33.0,8.7,7.7
401360661,DEN,6617,15.0,2.3,2.4
401360661,DEN,2327577,14.0,1.5,0.3
401360661,DEN,2968334,29.0,10.7,10.4
401360661,DEN,2994526,12.0,3.5,1.3
401360661,DEN,3059262,1.0,0.0,0.0
401360661,DEN,3064290,34.0,12.7,9.4
401360661,DEN,3112335,34.0,17.9,14.0
401360661,DEN,4431690,29.0,1.7,1.0
401360661,DEN,4592492,18.0,6.1,6.7
401360662,CHI,3978,38.0,31.8,29.4
401360662,CHI,6478,35.0,24.9,24.5
401360662,CHI,2596112,31.0,16.8,16.3
401360662,CHI,3056245,4.0,0.3,0.0
401360662,CHI,3064440,37.0,4.7,3.6
401360662,CHI,4065673,13.0,5.4,3.4
401360662,CHI,4278508,11.0,-1.6,-2.4
401360662,CHI,4395651,29.0,17.5,15.2
401360662,CHI,4397002,42.0,20.9,17.5
401360662,MIN,3964,30.0,9.7,8.8
401360662,MIN,2990962,13.0,1.6,1.3
401360662,MIN,3134916,14.0,7.1,5.5
401360662,MIN,3136195,37.0,28.8,25.8
401360662,MIN,3136776,29.0,10.9,10.4
401360662,MIN,3907822,23.0,8.9,6.3
401360662,MIN,4278077,25.0,7.0,5.8
401360662,MIN,4396971,11.0,0.8,0.6
401360662,MIN,4431671,21.0,5.9,5.4
401360662,MIN,4594268,37.0,22.9,21.2
401360663,ORL,6619,25.0,8.0,7.4
401360663,ORL,2999547,29.0,5.7,5.0
401360663,ORL,3918423,3.0,-0.4,-0.7
401360663,ORL,4277847,34.0,13.7,11.3
401360663,ORL,4277919,31.0,13.7,11.5
401360663,ORL,4278052,19.0,7.5,1.7
401360663,ORL,4397205,3.0,0.0,0.0
401360663,ORL,4432165,25.0,8.5,6.4
401360663,ORL,4432809,37.0,10.1,8.5
401360663,ORL,4566434,33.0,9.8,6.7
401360663,UTA,3195,25.0,4.2,2.7
401360663,UTA,3593,32.0,0.2,-2.9
401360663,UTA,4262,27.0,19.8,15.3
401360663,UTA,2528426,24.0,15.9,12.7
401360663,UTA,2583632,34.0,17.5,14.3
401360663,UTA,3133817,12.0,4.3,3.0
401360663,UTA,3908809,35.0,14.5,11.5
401360663,UTA,4017839,1.0,0.0,0.0
401360663,UTA,4065656,24.0,9.4,6.4
401360663,UTA,4066299,21.0,9.4,8.9
401360663,UTA,4278039,1.0,0.0,0.0
401360663,UTA,4395695,3.0,4.0,2.7
401360664,NYK,3986,27.0,6.3,6.5
401360664,NYK,6429,21.0,8.0,6.7
401360664,NYK,6479,26.0,19.1,18.8
401360664,NYK,6588,36.0,-2.8,-6.0
401360664,NYK,3064514,41.0,20.8,18.1
401360664,NYK,4277922,6.0,-0.8,0.0
401360664,NYK,4278355,8.0,-2.1,-2.4
401360664,NYK,4351852,14.0,2.6,1.7
401360664,NYK,4395627,14.0,5.3,3.3
401360664,NYK,4395724,11.0,0.4,0.2
401360664,NYK,4397014,37.0,17.7,17.4
401360664,POR,2578213,31.0,14.1,12.4
401360664,POR,3062679,37.0,12.7,14.0
401360664,POR,3102530,33.0,11.8,9.0
401360664,POR,3135047,37.0,15.0,13.6
401360664,POR,4066446,11.0,1.1,1.6
401360664,POR,4351851,37.0,23.4,22.9
401360664,POR,4397166,23.0,1.9,1.3
401360664,POR,4431675,15.0,4.1,3.8
401360664,POR,4432161,16.0,2.1,1.0
401360665,CHA,2488653,30.0,8.0,7.0
401360665,CHA,2991055,29.0,19.7,18.8
401360665,CHA,3074752,41.0,28.1,26.8
401360665,CHA,3133603,20.0,4.8,5.1
401360665,CHA,4066383,31.0,2.9,1.2
401360665,CHA,4278078,23.0,2.9,-0.1
401360665,CHA,4431712,20.0,7.4,6.3
401360665,CHA,4432816,33.0,11.5,11.6
401360665,CHA,4702233,12.0,3.9,2.4
401360665,MEM,2991235,16.0,19.2,18.6
401360665,MEM,2993874,17.0,4.1,3.2
401360665,MEM,3134932,20.0,6.5,4.3
401360665,MEM,3135046,19.0,3.0,2.4
401360665,MEM,3906665,32.0,12.9,10.9
401360665,MEM,4066320,32.0,19.9,15.2
401360665,MEM,4066436,16.0,10.1,5.7
401360665,MEM,4277961,31.0,12.6,10.8
401360665,MEM,4279888,34.0,17.5,16.4
401360665,MEM,4433137,23.0,-0.0,-0.2
401360666,SAC,6578,33.0,18.8,17.8
401360666,SAC,6591,30.0,16.4,14.1
401360666,SAC,2284101,30.0,11.0,10.1
401360666,SAC,2993370,17.0,2.2,2.7
401360666,SAC,3155942,34.0,17.5,16.1
401360666,SAC,3914283,19.0,10.2,8.5
401360666,SAC,3934673,19.0,6.6,5.7
401360666,SAC,4066259,38.0,13.7,14.7
401360666,SAC,4278053,20.0,6.3,4.8
401360666,WAS,4305,20.0,12.1,8.9
401360666,WAS,2581018,29.0,8.5,7.4
401360666,WAS,2581184,19.0,-1.1,0.6
401360666,WAS,2968361,28.0,7.1,8.0
401360666,WAS,3134907,35.0,21.6,18.5
401360666,WAS,3934723,22.0,11.6,9.5
401360666,WAS,4066648,22.0,8.5,5.3
401360666,WAS,4280151,36.0,15.1,14.5
401360666,WAS,4431669,1.0,0.0,0.0
401360666,WAS,4683021,28.0,7.3,5.9
401360667,NOP,4023,10.0,-1.1,-1.4
401360667,NOP,6477,32.0,16.0,12.8
401360667,NOP,2490149,36.0,26.8,24.8
401360667,NOP,2999409,12.0,4.0,3.6
401360667,NOP,3132042,8.0,6.0,4.7
401360667,NOP,3133601,21.0,-0.5,0.7
401360667,NOP,3913176,35.0,10.1,10.7
401360667,NOP,4277813,39.0,13.5,11.5
401360667,NOP,4277869,18.0,4.9,3.4
401360667,NOP,4278594,9.0,4.3,4.0
401360667,NOP,4397077,20.0,0.5,1.7
401360667,SAS,2528588,24.0,8.8,8.6
401360667,SAS,3134908,29.0,12.4,7.8
401360667,SAS,3146557,19.0,5.1,4.9
401360667,SAS,3907497,35.0,32.3,28.2
401360667,SAS,3946974,9.0,0.5,0.0
401360667,SAS,4277890,30.0,9.7,10.5
401360667,SAS,4395626,16.0,6.3,5.4
401360667,SAS,4395630,31.0,11.9,9.4
401360667,SAS,4395723,32.0,11.4,10.0
401360667,SAS,4702176,15.0,9.2,9.8
401360668,CLE,3449,17.0,1.6,0.3
401360668,CLE,4259,3.0,2.4,1.4
401360668,CLE,2991043,32.0,5.9,3.7
401360668,CLE,3057198,3.0,-0.7,-1.0
401360668,CLE,3893016,25.0,8.8,8.3
401360668,CLE,3912848,25.0,7.3,8.1
401360668,CLE,4066328,33.0,10.2,9.8
401360668,CLE,4066405,3.0,2.0,1.7
401360668,CLE,4396907,35.0,10.8,10.0
401360668,CLE,4432158,32.0,11.2,8.9
401360668,CLE,4432822,32.0,3.8,4.7
401360668,PHI,3988,28.0,6.4,4.7
401360668,PHI,6440,33.0,3.9,3.3
401360668,PHI,2990969,28.0,0.9,2.0
401360668,PHI,3059318,33.0,37.6,32.3
401360668,PHI,3907498,32.0,11.5,5.8
401360668,PHI,3915195,20.0,4.7,4.2
401360668,PHI,3929325,17.0,6.7,5.7
401360668,PHI,4278562,15.0,7.5,5.1
401360668,PHI,4395702,3.0,0.0,0.0
401360668,PHI,4431678,33.0,11.2,9.6
401360669,DEN,3209,31.0,19.4,18.6
401360669,DEN,4258,13.0,2.4,2.0
401360669,DEN,6579,29.0,6.2,4.7
401360669,DEN,6617,20.0,3.9,3.8
401360669,DEN,2327577,19.0,4.4,3.3
401360669,DEN,2968334,23.0,6.6,3.0
401360669,DEN,2994526,14.0,4.7,4.4
401360669,DEN,3064290,32.0,10.1,9.4
401360669,DEN,3112335,35.0,27.7,23.7
401360669,DEN,4592492,24.0,3.3,3.7
401360669,TOR,2578240,18.0,6.0,5.5
401360669,TOR,2991230,38.0,20.2,18.1
401360669,TOR,3149673,42.0,32.7,30.3
401360669,TOR,3934719,37.0,4.7,4.3
401360669,TOR,3948153,16.0,3.0,1.9
401360669,TOR,4277843,38.0,5.8,3.6
401360669,TOR,4397885,10.0,4.5,3.6
401360669,TOR,4431679,11.0,-1.1,-0.7
401360669,TOR,4433134,30.0,12.6,9.6
401360670,BKN,3989,21.0,4.4,3.6
401360670,BKN,3999,15.0,5.2,5.0
401360670,BKN,4004,35.0,3.3,2.9
401360670,BKN,6442,41.0,22.1,19.1
401360670,BKN,3133635,7.0,-0.4,-0.7
401360670,BKN,4065670,26.0,9.7,7.3
401360670,BKN,4397107,6.0,0.9,0.7
401360670,BKN,4397693,29.0,9.1,5.9
401360670,BKN,4432174,32.0,15.0,14.4
401360670,BKN,4432194,27.0,12.3,11.2
401360670,MIA,3012,36.0,9.7,9.4
401360670,MIA,3033,30.0,8.1,7.4
401360670,MIA,6430,34.0,7.8,7.7
401360670,MIA,2580913,11.0,5.4,5.0
401360670,MIA,3137259,24.0,11.0,8.8
401360670,MIA,3157465,25.0,15.5,13.5
401360670,MIA,4065778,20.0,6.4,6.0
401360670,MIA,4066261,37.0,15.6,12.2
401360670,MIA,4395725,23.0,9.0,7.6
401360671,CHI,3978,40.0,29.1,27.4
401360671,CHI,6478,36.0,22.2,16.6
401360671,CHI,3056245,16.0,4.1,3.6
401360671,CHI,3059311,14.0,-0.4,-1.7
401360671,CHI,3936099,23.0,-0.2,0.9
401360671,CHI,4065673,1.0,0.0,0.0
401360671,CHI,4066367,4.0,-0.5,0.0
401360671,CHI,4278508,28.0,-1.8,-4.2
401360671,CHI,4395651,37.0,14.7,12.5
401360671,CHI,4397002,42.0,13.9,11.7
401360671,OKC,3133626,27.0,12.8,10.3
401360671,OKC,4065733,21.0,1.1,-0.4
401360671,OKC,4066317,4.0,0.3,0.0
401360671,OKC,4066392,24.0,9.6,5.1
401360671,OKC,4397020,38.0,19.4,19.0
401360671,OKC,4397183,19.0,1.2,2.6
401360671,OKC,4423545,35.0,15.1,9.3
401360671,OKC,4432819,25.0,2.8,2.2
401360671,OKC,4683018,15.0,6.0,3.7
401360671,OKC,4871145,33.0,13.6,10.3
401360672,DAL,2528779,40.0,10.7,12.4
401360672,DAL,2531367,26.0,8.5,8.3
401360672,DAL,2578185,39.0,-0.6,0.3
401360672,DAL,2579260,2.0,0.0,0.0
401360672,DAL,2960236,22.0,0.4,-1.7
401360672,DAL,3934672,39.0,12.6,12.6
401360672,DAL,3945274,39.0,28.6,24.9
401360672,DAL,4230547,12.0,-0.5,-1.4
401360672,DAL,4432811,20.0,1.8,-0.4
401360672,LAC,3416,20.0,-2.2,-2.4
401360672,LAC,6443,40.0,20.9,18.1
401360672,LAC,6462,37.0,12.5,12.4
401360672,LAC,2490620,12.0,4.5,2.7
401360672,LAC,3907823,35.0,17.4,15.5
401360672,LAC,3913174,19.0,0.7,1.7
401360672,LAC,4017837,33.0,12.5,7.9
401360672,LAC,4066387,30.0,7.9,7.1
401360672,LAC,4222252,15.0,1.5,0.1
401360673,GSW,3975,37.0,19.8,18.5
401360673,GSW,4269,11.0,2.9,2.6
401360673,GSW,6475,30.0,21.3,21.0
401360673,GSW,2594922,24.0,3.8,2.4
401360673,GSW,2595209,15.0,7.0,5.1
401360673,GSW,3059319,33.0,12.5,10.8
401360673,GSW,3134903,11.0,-1.2,-1.0
401360673,GSW,3155535,29.0,3.1,1.3
401360673,GSW,4277956,25.0,6.9,7.7
401360673,GSW,4433247,25.0,14.3,13.5
401360673,LAL,1966,38.0,15.2,12.8
401360673,LAL,2426,16.0,-1.6,-2.5
401360673,LAL,3468,35.0,17.1,15.9
401360673,LAL,4240,26.0,7.2,6.4
401360673,LAL,6583,35.0,13.9,11.5
401360673,LAL,3134881,16.0,2.6,3.4
401360673,LAL,4066262,20.0,6.7,6.7
401360673,LAL,4066457,23.0,15.2,13.6
401360673,LAL,4396991,30.0,17.4,15.5
401360674,ORL,3447,15.0,-2.7,-3.2
401360674,ORL,6619,21.0,8.0,7.7
401360674,ORL,2999547,27.0,1.6,0.3
401360674,ORL,3918423,7.0,1.0,0.3
401360674,ORL,4277847,26.0,12.1,9.4
401360674,ORL,4277919,23.0,6.0,4.7
401360674,ORL,4278052,26.0,12.6,10.6
401360674,ORL,4397205,7.0,2.3,1.3
401360674,ORL,4432165,26.0,16.7,15.8
401360674,ORL,4432809,33.0,9.5,8.3
401360674,ORL,4566434,28.0,6.7,6.8
401360674,PHX,2779,26.0,15.1,12.4
401360674,PHX,3452,14.0,6.9,5.4
401360674,PHX,6427,7.0,-0.6,0.0
401360674,PHX,6581,25.0,10.8,9.1
401360674,PHX,2528693,23.0,14.8,11.9
401360674,PHX,2583639,22.0,11.2,9.8
401360674,PHX,3059307,4.0,1.0,0.0
401360674,PHX,3136193,29.0,19.3,17.4
401360674,PHX,3138196,26.0,6.2,6.7
401360674,PHX,3147657,30.0,12.6,11.2
401360674,PHX,3922230,9.0,6.6,7.1
401360674,PHX,4278129,25.0,16.6,14.2
401360675,ATL,2799,15.0,1.9,0.3
401360675,ATL,3428,23.0,0.2,0.2
401360675,ATL,3037789,38.0,17.6,16.7
401360675,ATL,3064447,16.0,1.7,1.0
401360675,ATL,3102529,31.0,11.2,6.8
401360675,ATL,4065732,38.0,3.5,2.6
401360675,ATL,4066372,26.0,1.9,3.0
401360675,ATL,4277905,37.0,22.4,20.5
401360675,ATL,4431680,17.0,0.8,-0.3
401360675,BOS,3213,24.0,9.2,7.1
401360675,BOS,2990992,35.0,12.4,11.3
401360675,BOS,3078576,29.0,11.8,9.0
401360675,BOS,3917376,38.0,10.0,7.3
401360675,BOS,4065648,40.0,29.0,25.4
401360675,BOS,4066211,36.0,9.9,7.3
401360675,BOS,4066218,27.0,4.0,3.0
401360675,BOS,4066354,11.0,-1.5,-1.4
401360676,IND,4244,32.0,15.9,14.4
401360676,IND,6474,15.0,-0.2,-0.1
401360676,IND,2596247,5.0,0.6,0.6
401360676,IND,2990984,40.0,4.5,2.2
401360676,IND,4278031,37.0,18.5,16.5
401360676,IND,4279815,13.0,9.7,10.2
401360676,IND,4348700,19.0,7.0,5.8
401360676,IND,4396993,41.0,24.9,23.2
401360676,IND,4397189,23.0,16.7,15.5
401360676,IND,4397235,11.0,-0.3,-1.4
401360676,IND,4592402,4.0,-0.3,-0.3
401360676,MIN,3964,30.0,9.0,7.4
401360676,MIN,3134916,17.0,4.0,3.4
401360676,MIN,3136195,22.0,8.6,8.2
401360676,MIN,3136776,35.0,20.0,19.6
401360676,MIN,3907822,20.0,7.8,8.4
401360676,MIN,4278077,23.0,7.3,5.5
401360676,MIN,4396971,23.0,12.6,10.7
401360676,MIN,4431671,30.0,9.1,8.4
401360676,MIN,4594268,39.0,29.1,23.3
401360677,DET,6446,35.0,9.1,7.8
401360677,DET,2488826,12.0,4.5,3.4
401360677,DET,2489663,13.0,-0.8,-2.7
401360677,DET,2991070,32.0,6.8,5.6
401360677,DET,4080610,21.0,10.1,7.7
401360677,DET,4277848,21.0,6.9,5.8
401360677,DET,4397136,38.0,19.9,19.4
401360677,DET,4432166,27.0,4.2,3.6
401360677,DET,4432810,27.0,9.9,8.8
401360677,DET,4683024,12.0,-3.1,-2.7
401360677,WAS,4305,20.0,8.4,7.9
401360677,WAS,2581018,35.0,9.3,8.0
401360677,WAS,2581184,26.0,7.1,6.6
401360677,WAS,2968361,28.0,7.6,4.0
401360677,WAS,3134907,38.0,13.8,11.4
401360677,WAS,3934723,20.0,9.5,10.8
401360677,WAS,4066648,10.0,4.1,3.2
401360677,WAS,4280151,33.0,6.1,4.3
401360677,WAS,4683021,31.0,12.9,8.4
401360678,BKN,2983,19.0,12.2,10.9
401360678,BKN,3989,3.0,0.0,0.0
401360678,BKN,3999,20.0,2.0,3.1
401360678,BKN,4004,32.0,1.4,1.6
401360678,BKN,6585,24.0,12.7,10.2
401360678,BKN,2326307,32.0,14.8,13.9
401360678,BKN,3133635,17.0,1.2,0.6
401360678,BKN,4065670,38.0,26.5,18.0
401360678,BKN,4397107,2.0,3.0,2.7
401360678,BKN,4397693,25.0,-1.0,-2.1
401360678,BKN,4432174,26.0,12.8,12.1
401360678,BKN,4432194,2.0,1.7,1.7
401360678,SAC,6578,30.0,3.2,2.4
401360678,SAC,6591,18.0,-1.6,-1.8
401360678,SAC,2284101,32.0,2.5,2.6
401360678,SAC,2993370,22.0,0.7,-1.7
401360678,SAC,3136196,3.0,-1.1,-1.0
401360678,SAC,3155942,26.0,4.1,1.2
401360678,SAC,3914283,19.0,4.6,4.7
401360678,SAC,3934673,27.0,13.3,6.3
401360678,SAC,4066259,33.0,16.5,17.4
401360678,SAC,4066297,3.0,-2.8,-2.4
401360678,SAC,4278053,26.0,5.1,3.2
401360679,NYK,3986,12.0,3.6,3.8
401360679,NYK,6429,27.0,8.0,5.9
401360679,NYK,6479,26.0,11.1,8.1
401360679,NYK,6588,45.0,27.8,25.3
401360679,NYK,3064514,45.0,17.7,16.2
401360679,NYK,4278355,8.0,1.7,2.6
401360679,NYK,4351852,41.0,22.4,13.6
401360679,NYK,4395627,8.0,0.6,1.0
401360679,NYK,4395724,14.0,-4.2,-3.4
401360679,NYK,4397014,40.0,11.5,9.6
401360679,OKC,4257,21.0,7.5,7.5
401360679,OKC,3133626,27.0,11.8,11.2
401360679,OKC,4065733,19.0,13.0,12.4
401360679,OKC,4066392,22.0,3.8,3.6
401360679,OKC,4397183,34.0,2.5,1.0
401360679,OKC,4423545,40.0,18.6,16.3
401360679,OKC,4432819,32.0,24.7,22.1
401360679,OKC,4578893,5.0,-1.1,-1.0
401360679,OKC,4683018,20.0,1.5,-0.4
401360679,OKC,4683027,7.0,-1.1,-1.7
401360679,OKC,4871145,39.0,21.9,18.6
401360680,CHI,3978,35.0,32.0,31.5
401360680,CHI,6478,36.0,16.2,11.5
401360680,CHI,2596112,35.0,7.4,6.1
401360680,CHI,3059311,6.0,-0.7,-0.7
401360680,CHI,3936099,22.0,1.5,1.0
401360680,CHI,4065673,4.0,-0.4,-2.0
401360680,CHI,4278508,31.0,7.4,5.4
401360680,CHI,4395651,34.0,21.4,21.5
401360680,CHI,4397002,37.0,10.7,10.8
401360680,SAS,2528588,29.0,14.6,13.8
401360680,SAS,3134908,30.0,11.4,10.2
401360680,SAS,3136779,13.0,6.9,5.4
401360680,SAS,3907497,36.0,18.1,15.5
401360680,SAS,4066650,18.0,9.3,7.8
401360680,SAS,4277890,26.0,16.2,14.3
401360680,SAS,4395626,12.0,2.4,1.4
401360680,SAS,4395630,24.0,-0.6,-1.5
401360680,SAS,4395723,31.0,7.7,7.3
401360680,SAS,4702176,21.0,2.3,1.0
401360681,MIL,3439,31.0,5.2,3.0
401360681,MIL,3995,35.0,14.4,13.3
401360681,MIL,4032,18.0,-2.2,-3.1
401360681,MIL,4260,11.0,2.6,2.0
401360681,MIL,6609,36.0,11.7,8.6
401360681,MIL,3064482,32.0,11.9,10.3
401360681,MIL,3102533,2.0,0.0,0.0
401360681,MIL,3135045,32.0,10.8,8.3
401360681,MIL,4277883,24.0,12.6,11.4
401360681,MIL,4277887,18.0,8.3,7.5
401360681,MIL,4278580,2.0,0.0,0.0
401360681,POR,2578213,20.0,2.6,1.5
401360681,POR,3062679,36.0,24.4,21.0
401360681,POR,3102530,30.0,20.6,16.8
401360681,POR,3135047,32.0,14.5,10.8
401360681,POR,4066446,16.0,-1.9,-2.8
401360681,POR,4351851,35.0,22.0,21.2
401360681,POR,4397166,35.0,8.1,8.4
401360681,POR,4431675,23.0,10.8,8.6
401360681,POR,4432161,14.0,3.2,1.0
401360682,NOP,4023,15.0,10.7,10.5
401360682,NOP,6477,29.0,17.2,14.6
401360682,NOP,2490149,32.0,23.4,21.0
401360682,NOP,2528353,14.0,4.1,4.7
401360682,NOP,2999409,7.0,0.5,-0.4
401360682,NOP,3132042,18.0,6.5,5.4
401360682,NOP,3133601,25.0,2.6,1.7
401360682,NOP,3913176,29.0,14.4,9.9
401360682,NOP,4277813,27.0,9.0,9.9
401360682,NOP,4277869,16.0,5.6,4.1
401360682,NOP,4278594,5.0,4.0,3.7
401360682,NOP,4397077,20.0,13.0,13.2
401360682,NOP,4397688,5.0,-0.5,0.0
401360682,TOR,3244,12.0,4.4,3.1
401360682,TOR,2578240,17.0,8.2,7.2
401360682,TOR,2991230,31.0,15.2,13.7
401360682,TOR,3133602,5.0,-1.2,-1.4
401360682,TOR,3133838,5.0,3.2,2.6
401360682,TOR,3149673,33.0,8.5,7.9
401360682,TOR,3934719,25.0,3.2,1.3
401360682,TOR,3948153,23.0,14.1,13.6
401360682,TOR,4066668,9.0,-1.1,-2.1
401360682,TOR,4277843,28.0,-5.2,-4.7
401360682,TOR,4397885,12.0,2.3,1.3
401360682,TOR,4431679,15.0,3.2,2.9
401360682,TOR,4432907,3.0,0.3,0.0
401360682,TOR,4433134,20.0,1.1,-0.2
401360683,DEN,3209,27.0,11.2,10.7
401360683,DEN,4258,12.0,4.3,3.7
401360683,DEN,6579,33.0,13.5,10.7
401360683,DEN,6617,16.0,-0.5,-2.7
401360683,DEN,2327577,17.0,8.0,6.8
401360683,DEN,2968334,19.0,5.8,6.8
401360683,DEN,2994526,20.0,13.1,13.5
401360683,DEN,3064290,32.0,6.9,5.2
401360683,DEN,3112335,35.0,18.4,15.2
401360683,DEN,4592492,29.0,11.8,9.4
401360683,ORL,3447,8.0,3.4,2.0
401360683,ORL,6619,20.0,0.1,0.3
401360683,ORL,2999547,37.0,15.1,11.6
401360683,ORL,3918423,6.0,4.6,4.0
401360683,ORL,4277847,34.0,21.9,18.0
401360683,ORL,4277919,11.0,-1.7,-1.4
401360683,ORL,4278052,32.0,11.8,6.0
401360683,ORL,4432165,35.0,11.7,8.0
401360683,ORL,4432809,26.0,2.3,2.6
401360683,ORL,4566434,32.0,23.6,20.5
401360684,HOU,3431,29.0,11.2,10.0
401360684,HOU,3032979,18.0,4.6,3.8
401360684,HOU,3058254,27.0,12.5,10.2
401360684,HOU,3062744,4.0,4.6,3.7
401360684,HOU,3136777,22.0,4.9,6.3
401360684,HOU,3913180,26.0,3.5,3.3
401360684,HOU,4277952,4.0,-1.7,-1.7
401360684,HOU,4397140,29.0,9.5,7.9
401360684,HOU,4431828,26.0,10.0,10.1
401360684,HOU,4432168,10.0,-1.4,-1.4
401360684,HOU,4437244,28.0,7.7,6.9
401360684,HOU,4871144,16.0,5.7,5.3
401360684,UTA,3195,23.0,9.0,4.5
401360684,UTA,3593,27.0,15.3,15.2
401360684,UTA,4262,18.0,13.2,10.2
401360684,UTA,2528426,26.0,15.0,13.1
401360684,UTA,2583632,28.0,5.0,4.0
401360684,UTA,2991155,17.0,6.7,6.8
401360684,UTA,3032976,22.0,13.6,11.6
401360684,UTA,3133817,15.0,10.2,9.7
401360684,UTA,3908809,32.0,26.2,25.6
401360684,UTA,4017839,4.0,1.3,1.7
401360684,UTA,4065656,12.0,-3.5,-3.0
401360684,UTA,4066299,8.0,9.7,9.5
401360684,UTA,4278039,4.0,-0.4,-0.7
401360684,UTA,4395695,4.0,2.4,2.8
401360685,GSW,3975,34.0,22.0,22.2
401360685,GSW,4269,11.0,4.7,4.8
401360685,GSW,6475,27.0,2.0,0.2
401360685,GSW,2594922,16.0,7.4,5.4
401360685,GSW,2595209,21.0,4.8,3.0
401360685,GSW,3059319,28.0,8.6,8.0
401360685,GSW,3134903,11.0,0.2,-0.4
401360685,GSW,3155535,19.0,8.9,8.5
401360685,GSW,4277956,25.0,10.1,8.1
401360685,GSW,4401416,7.0,1.3,0.4
401360685,GSW,4432171,13.0,1.6,1.3
401360685,GSW,4433247,28.0,4.8,3.7
401360685,LAC,3416,29.0,14.8,11.1
401360685,LAC,6443,38.0,15.2,13.6
401360685,LAC,6462,27.0,4.4,4.6
401360685,LAC,2490620,27.0,9.7,8.7
401360685,LAC,2581177,5.0,0.0,0.0
401360685,LAC,3056602,4.0,-3.4,-3.4
401360685,LAC,3907823,39.0,21.5,18.5
401360685,LAC,4017837,23.0,16.7,15.9
401360685,LAC,4066387,23.0,2.1,2.3
401360685,LAC,4222252,23.0,8.8,7.2
401360685,LAC,4432162,4.0,7.8,7.1
401360686,ATL,2799,13.0,4.1,3.8
401360686,ATL,3428,33.0,17.1,16.0
401360686,ATL,3037789,29.0,11.4,6.1
401360686,ATL,3064447,17.0,4.5,2.8
401360686,ATL,3102529,31.0,5.1,2.7
401360686,ATL,4065732,35.0,12.8,13.1
401360686,ATL,4066372,31.0,12.2,11.8
401360686,ATL,4277905,35.0,34.2,32.3
401360686,ATL,4431680,16.0,7.0,6.8
401360686,CLE,3026,19.0,3.3,1.4
401360686,CLE,3449,26.0,14.0,13.7
401360686,CLE,2991043,29.0,2.8,3.6
401360686,CLE,3893016,14.0,1.5,2.0
401360686,CLE,3912848,23.0,12.0,10.6
401360686,CLE,4066328,33.0,13.8,12.7
401360686,CLE,4396907,35.0,22.1,21.0
401360686,CLE,4432158,35.0,22.9,17.9
401360686,CLE,4432822,26.0,5.4,6.5
401360687,DAL,6426,13.0,9.2,9.4
401360687,DAL,2531367,26.0,5.7,6.4
401360687,DAL,2578185,36.0,11.2,11.5
401360687,DAL,2580782,23.0,4.0,3.2
401360687,DAL,2960236,35.0,18.1,13.6
401360687,DAL,3057187,6.0,1.0,0.7
401360687,DAL,3934672,39.0,16.8,15.5
401360687,DAL,3945274,38.0,12.6,10.4
401360687,DAL,4230547,4.0,2.7,2.7
401360687,DAL,4432811,20.0,7.9,8.5
401360687,MIA,3012,38.0,10.8,9.4
401360687,MIA,3033,30.0,0.9,0.6
401360687,MIA,6430,38.0,23.1,22.1
401360687,MIA,3074213,15.0,10.3,9.5
401360687,MIA,3137259,29.0,-0.4,0.3
401360687,MIA,3157465,20.0,2.6,3.0
401360687,MIA,4065778,21.0,0.0,1.3
401360687,MIA,4066261,33.0,17.4,15.2
401360687,MIA,4291678,16.0,2.4,2.6
401360688,BOS,3213,20.0,5.9,4.0
401360688,BOS,2451037,20.0,9.3,5.8
401360688,BOS,2990992,13.0,5.2,5.6
401360688,BOS,3064560,9.0,0.2,-1.4
401360688,BOS,3078576,28.0,7.5,7.4
401360688,BOS,3917376,29.0,23.2,21.1
401360688,BOS,4065648,30.0,28.5,25.3
401360688,BOS,4065804,13.0,9.1,8.8
401360688,BOS,4066218,26.0,10.9,11.5
401360688,BOS,4066354,19.0,6.9,6.6
401360688,BOS,4396909,23.0,12.6,11.8
401360688,BOS,4407254,12.0,2.8,3.4
401360688,PHI,3015,9.0,8.0,8.4
401360688,PHI,3988,19.0,-0.6,0.6
401360688,PHI,6440,28.0,4.3,2.6
401360688,PHI,2990969,22.0,7.2,6.3
401360688,PHI,3059318,26.0,16.5,13.9
401360688,PHI,3907498,23.0,-2.6,-2.5
401360688,PHI,3915195,27.0,7.2,6.7
401360688,PHI,3929325,18.0,0.7,-0.1
401360688,PHI,4066508,5.0,4.3,3.0
401360688,PHI,4278562,15.0,4.8,3.0
401360688,PHI,4395702,9.0,-0.1,-1.4
401360688,PHI,4397886,7.0,5.0,4.4
401360688,PHI,4431678,31.0,4.4,4.2
401360689,IND,4244,19.0,4.0,3.0
401360689,IND,6474,15.0,6.2,5.3
401360689,IND,2596247,28.0,7.0,6.4
401360689,IND,2990984,37.0,28.2,27.4
401360689,IND,4278031,27.0,1.0,0.8
401360689,IND,4279815,32.0,12.2,9.9
401360689,IND,4348700,25.0,9.9,10.3
401360689,IND,4396993,36.0,19.6,15.2
401360689,IND,4397189,17.0,7.5,8.1
401360689,IND,4397235,4.0,-0.4,-0.7
401360689,MIL,3439,24.0,7.7,8.1
401360689,MIL,3995,37.0,12.3,11.9
401360689,MIL,6609,33.0,19.8,19.0
401360689,MIL,3032977,36.0,44.9,43.1
401360689,MIL,3064482,28.0,3.8,-2.8
401360689,MIL,3102533,1.0,0.0,0.0
401360689,MIL,3135045,16.0,1.9,2.0
401360689,MIL,4277883,26.0,5.1,3.7
401360689,MIL,4277887,28.0,7.1,5.9
401360689,MIL,4278580,10.0,5.7,5.8
401360690,CHA,2488653,36.0,19.4,18.1
401360690,CHA,2991055,34.0,10.5,7.8
401360690,CHA,3074752,41.0,15.7,16.7
401360690,CHA,3133603,25.0,5.6,3.9
401360690,CHA,4066383,44.0,20.8,17.3
401360690,CHA,4278078,33.0,6.6,1.3
401360690,CHA,4432816,41.0,13.6,11.9
401360690,CHA,4702233,11.0,4.2,3.7
401360690,MIN,3964,36.0,13.8,10.6
401360690,MIN,2990962,10.0,-0.4,-1.7
401360690,MIN,3134916,16.0,2.0,3.3
401360690,MIN,3136195,42.0,29.7,26.0
401360690,MIN,3136776,37.0,10.9,11.2
401360690,MIN,3907822,14.0,-3.6,-3.5
401360690,MIN,4278077,38.0,9.2,6.0
401360690,MIN,4278541,6.0,5.1,4.8
401360690,MIN,4396971,11.0,7.3,6.8
401360690,MIN,4431671,37.0,17.2,12.1
401360690,MIN,4594268,18.0,6.0,4.1
401360691,MEM,2991235,32.0,18.6,16.7
401360691,MEM,2993874,16.0,1.7,0.4
401360691,MEM,3134932,26.0,3.3,2.2
401360691,MEM,3135046,32.0,24.3,23.4
401360691,MEM,3906665,23.0,19.6,17.3
401360691,MEM,4066320,30.0,5.5,5.7
401360691,MEM,4066436,22.0,9.5,7.3
401360691,MEM,4277928,11.0,-0.3,-0.4
401360691,MEM,4277961,25.0,18.2,16.0
401360691,MEM,4433137,21.0,2.3,2.3
401360691,NOP,4023,15.0,-0.5,-2.4
401360691,NOP,6477,27.0,13.2,13.2
401360691,NOP,2490149,38.0,26.0,22.5
401360691,NOP,2528353,11.0,1.3,0.3
401360691,NOP,2999409,18.0,10.9,9.9
401360691,NOP,3132042,7.0,-1.4,-1.7
401360691,NOP,3133601,23.0,0.8,1.3
401360691,NOP,3913176,34.0,8.0,9.1
401360691,NOP,4277813,30.0,6.1,6.1
401360691,NOP,4277869,8.0,-0.7,-1.7
401360691,NOP,4397077,29.0,15.0,13.9
401360692,LAC,3416,25.0,16.6,12.4
401360692,LAC,6443,37.0,1.6,1.2
401360692,LAC,6462,30.0,18.7,16.5
401360692,LAC,2490620,21.0,9.6,4.5
401360692,LAC,3907823,32.0,0.1,-3.1
401360692,LAC,3913174,24.0,10.4,8.5
401360692,LAC,4017837,31.0,15.2,13.3
401360692,LAC,4066387,25.0,3.2,1.3
401360692,LAC,4222252,14.0,4.2,2.6
401360692,PHX,2779,35.0,19.3,16.8
401360692,PHX,3452,17.0,3.8,2.7
401360692,PHX,6581,31.0,8.1,4.0
401360692,PHX,2528693,13.0,0.1,-1.0
401360692,PHX,2583639,13.0,2.4,2.1
401360692,PHX,3136193,36.0,19.7,16.9
401360692,PHX,3138196,21.0,6.6,6.4
401360692,PHX,3147657,33.0,16.1,13.1
401360692,PHX,3922230,11.0,3.7,3.8
401360692,PHX,4278129,30.0,9.0,5.0
401360693,ATL,2799,18.0,5.3,5.4
401360693,ATL,3428,26.0,8.4,6.6
401360693,ATL,2534781,5.0,2.3,1.7
401360693,ATL,3037789,26.0,22.2,20.3
401360693,ATL,3064447,19.0,11.6,8.8
401360693,ATL,3102529,23.0,10.1,7.7
401360693,ATL,3893019,5.0,-0.1,-1.4
401360693,ATL,4065732,27.0,8.5,8.7
401360693,ATL,4066269,5.0,-2.4,-2.0
401360693,ATL,4066372,25.0,11.9,10.8
401360693,ATL,4277905,25.0,19.2,18.1
401360693,ATL,4278075,11.0,1.3,1.9
401360693,ATL,4431680,20.0,11.6,10.9
401360693,ATL,4701230,6.0,0.3,-0.7
401360693,ORL,6619,17.0,0.5,0.6
401360693,ORL,2999547,19.0,2.2,2.6
401360693,ORL,3918423,19.0,4.5,5.1
401360693,ORL,4277847,27.0,12.6,10.3
401360693,ORL,4277919,27.0,9.5,7.8
401360693,ORL,4278052,29.0,5.9,3.0
401360693,ORL,4397205,12.0,5.0,4.7
401360693,ORL,4432165,35.0,11.3,10.2
401360693,ORL,4432809,25.0,17.1,15.9
401360693,ORL,4566434,29.0,8.5,8.1
401360694,BOS,3213,34.0,21.8,17.7
401360694,BOS,2451037,16.0,5.9,3.4
401360694,BOS,3078576,36.0,10.0,4.6
401360694,BOS,3917376,38.0,23.3,22.9
401360694,BOS,4065648,39.0,13.0,10.8
401360694,BOS,4066218,41.0,13.5,12.8
401360694,BOS,4066354,14.0,2.3,2.4
401360694,BOS,4396909,22.0,4.2,4.4
401360694,DET,6446,30.0,3.6,2.8
401360694,DET,2488826,6.0,0.0,0.0
401360694,DET,2489663,17.0,13.1,10.2
401360694,DET,2991070,29.0,21.0,19.2
401360694,DET,4080610,16.0,3.8,3.3
401360694,DET,4277848,23.0,3.5,2.3
401360694,DET,4397136,34.0,24.4,21.0
401360694,DET,4432166,36.0,7.8,8.0
401360694,DET,4432810,29.0,12.3,10.9
401360694,DET,4683024,18.0,1.2,1.4
401360695,IND,4244,34.0,13.2,8.5
401360695,IND,6474,21.0,13.8,13.2
401360695,IND,2990984,39.0,14.3,12.5
401360695,IND,4278031,29.0,14.8,11.2
401360695,IND,4279815,36.0,15.9,14.6
401360695,IND,4396993,39.0,18.6,16.5
401360695,IND,4397189,23.0,8.3,5.1
401360695,IND,4397235,18.0,2.4,2.2
401360695,WAS,4305,21.0,7.2,8.2
401360695,WAS,2581018,34.0,20.8,18.4
401360695,WAS,2581184,16.0,1.3,1.2
401360695,WAS,2968361,33.0,15.5,13.3
401360695,WAS,3134907,38.0,18.2,14.0
401360695,WAS,3934723,24.0,6.6,4.8
401360695,WAS,4066382,6.0,2.7,2.7
401360695,WAS,4280151,30.0,0.8,1.4
401360695,WAS,4683021,32.0,10.7,9.4
401360695,WAS,4715198,6.0,-0.5,-0.8
401360696,BKN,2983,22.0,16.3,15.1
401360696,BKN,3989,15.0,6.6,6.4
401360696,BKN,3999,32.0,8.9,8.5
401360696,BKN,4004,38.0,2.0,1.1
401360696,BKN,6585,23.0,14.1,8.6
401360696,BKN,2326307,36.0,14.7,15.2
401360696,BKN,3133635,11.0,-0.8,-1.3
401360696,BKN,4065670,27.0,10.2,9.1
401360696,BKN,4397693,8.0,-1.8,-1.4
401360696,BKN,4432174,30.0,12.5,11.6
401360696,NYK,3986,25.0,5.5,3.7
401360696,NYK,6429,26.0,4.7,3.0
401360696,NYK,6479,21.0,7.4,7.4
401360696,NYK,6588,31.0,9.9,7.6
401360696,NYK,3064514,37.0,21.9,17.3
401360696,NYK,4278355,11.0,7.2,6.4
401360696,NYK,4351852,23.0,6.0,2.4
401360696,NYK,4395627,13.0,3.6,2.6
401360696,NYK,4395724,21.0,17.4,16.7
401360696,NYK,4397014,32.0,7.0,6.8
401360697,CHI,3978,41.0,27.7,26.4
401360697,CHI,6478,38.0,18.1,14.8
401360697,CHI,2596112,29.0,14.6,13.2
401360697,CHI,3059311,11.0,1.5,0.6
401360697,CHI,3936099,16.0,4.9,5.8
401360697,CHI,4065673,8.0,2.0,1.4
401360697,CHI,4278508,17.0,0.8,-0.7
401360697,CHI,4395651,40.0,27.0,25.6
401360697,CHI,4397002,40.0,9.8,6.1
401360697,SAC,6578,34.0,13.8,12.0
401360697,SAC,6591,30.0,3.7,1.3
401360697,SAC,2284101,37.0,12.1,11.7
401360697,SAC,2993370,10.0,-1.1,-1.4
401360697,SAC,3136196,5.0,3.0,2.4
401360697,SAC,3155942,37.0,24.9,21.6
401360697,SAC,3914283,16.0,9.2,8.0
401360697,SAC,3934673,29.0,9.0,7.4
401360697,SAC,4066259,41.0,23.9,21.3
401360698,MEM,2991235,36.0,1.1,1.5
401360698,MEM,2993874,8.0,3.1,0.8
401360698,MEM,3134932,16.0,1.6,2.7
401360698,MEM,3135046,19.0,5.3,3.0
401360698,MEM,3906665,26.0,11.8,8.1
401360698,MEM,4066320,36.0,20.3,19.7
401360698,MEM,4066436,17.0,8.6,5.7
401360698,MEM,4277961,26.0,0.8,0.1
401360698,MEM,4279888,38.0,39.5,38.5
401360698,MEM,4433137,19.0,4.2,3.0
401360698,POR,2578213,23.0,9.7,9.1
401360698,POR,3062679,37.0,18.5,17.2
401360698,POR,3102530,34.0,29.6,29.0
401360698,POR,3135047,33.0,11.9,10.3
401360698,POR,4066446,16.0,0.8,0.0
401360698,POR,4351851,34.0,24.7,24.0
401360698,POR,4397166,31.0,-2.4,-2.5
401360698,POR,4431675,15.0,3.4,2.3
401360698,POR,4432161,16.0,2.2,1.3
401360699,MIN,3964,29.0,6.1,5.8
401360699,MIN,2990962,13.0,5.6,4.4
401360699,MIN,3134916,16.0,-0.8,-1.1
401360699,MIN,3136195,34.0,22.6,17.5
401360699,MIN,3136776,32.0,5.8,5.3
401360699,MIN,3907822,18.0,0.8,0.5
401360699,MIN,4278077,18.0,7.9,6.9
401360699,MIN,4278541,4.0,0.3,0.0
401360699,MIN,4396971,14.0,8.2,4.4
401360699,MIN,4431671,30.0,12.0,10.0
401360699,MIN,4594268,32.0,-1.8,-1.5
401360699,TOR,3244,21.0,6.4,4.7
401360699,TOR,2578240,20.0,9.7,8.5
401360699,TOR,3149673,41.0,11.3,8.9
401360699,TOR,3934719,30.0,0.3,1.6
401360699,TOR,3948153,22.0,7.7,4.7
401360699,TOR,4066668,7.0,0.9,0.7
401360699,TOR,4277843,39.0,18.2,16.8
401360699,TOR,4397885,8.0,3.6,3.0
401360699,TOR,4431679,21.0,9.2,8.8
401360699,TOR,4433134,32.0,11.0,6.1
401360700,OKC,4257,10.0,1.8,1.3
401360700,OKC,4066317,8.0,2.9,3.7
401360700,OKC,4066392,29.0,14.5,11.3
401360700,OKC,4397183,30.0,2.7,2.9
401360700,OKC,4423545,32.0,-0.1,-1.0
401360700,OKC,4432819,31.0,17.1,16.0
401360700,OKC,4578893,8.0,-0.8,-0.7
401360700,OKC,4683018,30.0,8.7,5.0
401360700,OKC,4683027,29.0,16.4,13.6
401360700,OKC,4871145,33.0,16.4,14.4
401360700,SAS,2528588,22.0,11.2,10.6
401360700,SAS,2581190,14.0,2.7,2.0
401360700,SAS,3134908,32.0,21.6,18.5
401360700,SAS,3136779,11.0,3.6,2.7
401360700,SAS,3907497,36.0,16.7,14.6
401360700,SAS,4066650,16.0,-1.6,-3.0
401360700,SAS,4277890,28.0,9.2,8.2
401360700,SAS,4395630,33.0,13.0,11.5
401360700,SAS,4395723,36.0,16.9,14.5
401360700,SAS,4702176,12.0,-0.4,-1.5
401360701,HOU,3431,38.0,5.5,5.4
401360701,HOU,3032979,39.0,16.4,15.2
401360701,HOU,3062744,16.0,2.5,2.0
401360701,HOU,3136777,28.0,19.2,18.3
401360701,HOU,3913180,21.0,0.7,1.3
401360701,HOU,4431828,24.0,8.6,7.8
401360701,HOU,4432168,11.0,2.6,1.0
401360701,HOU,4437244,35.0,9.2,9.9
401360701,HOU,4871144,28.0,21.3,16.6
401360701,PHX,2779,19.0,11.5,9.9
401360701,PHX,3452,11.0,10.6,7.8
401360701,PHX,6581,22.0,9.0,7.0
401360701,PHX,2528693,23.0,7.4,6.7
401360701,PHX,2583639,3.0,0.6,0.7
401360701,PHX,3136193,43.0,18.1,14.0
401360701,PHX,3138196,31.0,12.8,10.7
401360701,PHX,3147657,40.0,12.7,11.6
401360701,PHX,3922230,20.0,9.4,7.9
401360701,PHX,4278129,27.0,16.7,15.1
401360702,DEN,3209,18.0,1.3,1.0
401360702,DEN,4258,13.0,6.3,6.1
401360702,DEN,6579,21.0,-3.3,-4.8
401360702,DEN,6617,28.0,8.6,6.8
401360702,DEN,2327577,18.0,5.7,6.0
401360702,DEN,2994526,30.0,16.0,15.8
401360702,DEN,3059310,31.0,14.0,13.6
401360702,DEN,3064290,30.0,8.8,6.8
401360702,DEN,3112335,34.0,29.7,26.3
401360702,DEN,4592492,17.0,0.4,0.6
401360702,GSW,3975,39.0,18.0,17.9
401360702,GSW,4269,16.0,3.5,4.1
401360702,GSW,6475,31.0,11.3,9.9
401360702,GSW,2594922,23.0,10.6,9.1
401360702,GSW,3059319,36.0,7.3,3.7
401360702,GSW,3134903,25.0,13.1,6.0
401360702,GSW,3155535,27.0,11.8,11.3
401360702,GSW,4277956,22.0,12.0,9.8
401360702,GSW,4433247,21.0,12.9,11.9
401360703,LAL,1966,40.0,28.1,24.4
401360703,LAL,2384,12.0,3.4,3.7
401360703,LAL,2426,19.0,1.4,0.5
401360703,LAL,3468,33.0,11.2,10.1
401360703,LAL,3981,4.0,-0.2,-2.1
401360703,LAL,6583,17.0,17.9,15.6
401360703,LAL,6637,7.0,2.7,1.7
401360703,LAL,3134881,19.0,3.6,3.4
401360703,LAL,4066262,29.0,7.8,5.9
401360703,LAL,4066457,29.0,8.8,7.0
401360703,LAL,4396991,31.0,4.8,3.0
401360703,UTA,3195,28.0,2.6,3.7
401360703,UTA,3593,33.0,5.8,5.9
401360703,UTA,4262,20.0,9.0,6.7
401360703,UTA,2528426,22.0,5.5,6.7
401360703,UTA,2583632,32.0,9.1,3.1
401360703,UTA,2991155,15.0,-0.5,-1.4
401360703,UTA,3032976,28.0,5.9,2.0
401360703,UTA,3133817,12.0,2.5,2.4
401360703,UTA,3908809,37.0,31.4,27.2
401360703,UTA,4065656,12.0,8.8,7.5
401360704,CHA,2488653,14.0,2.8,2.4
401360704,CHA,2991055,43.0,18.0,16.7
401360704,CHA,3074752,36.0,2.0,0.6
401360704,CHA,3133603,38.0,6.8,5.7
401360704,CHA,4066383,50.0,18.2,16.7
401360704,CHA,4278078,49.0,10.4,7.0
401360704,CHA,4431712,7.0,0.9,0.4
401360704,CHA,4432816,39.0,12.0,11.3
401360704,CHA,4702233,15.0,3.7,4.1
401360704,MIA,3012,46.0,21.8,18.9
401360704,MIA,3033,44.0,13.8,12.2
401360704,MIA,6430,51.0,6.8,3.2
401360704,MIA,3074213,14.0,8.9,8.2
401360704,MIA,3137259,19.0,3.2,4.1
401360704,MIA,3157465,44.0,16.0,16.8
401360704,MIA,4065778,14.0,-1.9,-1.8
401360704,MIA,4066261,44.0,14.3,10.6
401360704,MIA,4291678,14.0,-1.3,-1.2
401360705,DAL,6426,17.0,-1.0,-0.8
401360705,DAL,2531367,24.0,8.2,8.1
401360705,DAL,2578185,37.0,14.5,11.8
401360705,DAL,2580782,31.0,7.8,6.7
401360705,DAL,2960236,26.0,16.9,15.8
401360705,DAL,3057187,4.0,-0.1,0.0
401360705,DAL,3934672,37.0,18.4,19.3
401360705,DAL,3945274,38.0,34.7,31.0
401360705,DAL,4432811,25.0,0.8,0.0
401360705,NOP,4023,18.0,0.5,-0.8
401360705,NOP,6477,34.0,19.7,15.7
401360705,NOP,2490149,40.0,26.7,25.5
401360705,NOP,2528353,29.0,10.3,8.8
401360705,NOP,3132042,1.0,0.0,0.0
401360705,NOP,3133601,25.0,10.8,9.4
401360705,NOP,3913176,35.0,6.4,4.6
401360705,NOP,4277813,33.0,4.1,4.8
401360705,NOP,4397077,26.0,14.1,15.5
401360706,MIL,3439,24.0,1.6,0.6
401360706,MIL,3995,38.0,19.7,19.0
401360706,MIL,4032,20.0,1.1,2.0
401360706,MIL,6609,37.0,7.1,7.1
401360706,MIL,3032977,39.0,31.0,26.8
401360706,MIL,3064482,28.0,15.1,14.8
401360706,MIL,3102533,1.0,0.0,0.0
401360706,MIL,4277883,35.0,11.1,11.7
401360706,MIL,4277887,16.0,2.8,1.3
401360706,MIL,4278580,2.0,0.3,0.0
401360706,PHI,3015,11.0,1.7,2.4
401360706,PHI,3988,14.0,-0.9,0.3
401360706,PHI,6440,41.0,14.2,12.8
401360706,PHI,2990969,40.0,12.6,12.7
401360706,PHI,3059318,37.0,33.2,30.6
401360706,PHI,3907498,15.0,-0.4,-1.0
401360706,PHI,3915195,13.0,6.0,5.5
401360706,PHI,3929325,30.0,10.8,8.8
401360706,PHI,4431678,40.0,14.5,14.3
401360707,HOU,3032979,30.0,6.3,5.5
401360707,HOU,3058254,25.0,12.0,7.6
401360707,HOU,3062744,20.0,1.3,2.1
401360707,HOU,3136777,28.0,14.2,14.2
401360707,HOU,3913180,31.0,5.5,5.7
401360707,HOU,4277952,9.0,7.5,7.4
401360707,HOU,4431828,26.0,6.5,6.3
401360707,HOU,4432168,26.0,10.4,8.1
401360707,HOU,4437244,31.0,14.7,14.1
401360707,HOU,4871144,14.0,2.7,1.8
401360707,LAC,3416,21.0,4.6,2.4
401360707,LAC,6443,26.0,14.6,12.7
401360707,LAC,6462,25.0,21.1,19.8
401360707,LAC,2490620,14.0,1.8,1.7
401360707,LAC,2581177,9.0,0.3,0.0
401360707,LAC,3056602,9.0,4.9,4.6
401360707,LAC,3907823,28.0,17.0,14.9
401360707,LAC,3913174,23.0,21.8,20.6
401360707,LAC,4017837,23.0,12.5,11.2
401360707,LAC,4066387,26.0,11.5,10.9
401360707,LAC,4222252,25.0,15.5,8.5
401360707,LAC,4432162,11.0,7.5,5.3
401360708,CLE,3026,26.0,7.3,7.9
401360708,CLE,3449,17.0,-0.1,-0.8
401360708,CLE,3057198,24.0,13.3,12.2
401360708,CLE,3893016,20.0,4.4,4.9
401360708,CLE,3912848,23.0,4.1,3.6
401360708,CLE,4066328,33.0,11.9,7.4
401360708,CLE,4066336,28.0,14.8,14.5
401360708,CLE,4066405,7.0,-0.4,0.0
401360708,CLE,4432158,36.0,10.9,7.2
401360708,CLE,4432822,28.0,9.7,9.0
401360708,DET,6446,23.0,4.9,2.7
401360708,DET,2488826,16.0,14.0,11.5
401360708,DET,2489663,21.0,4.1,2.7
401360708,DET,2991070,32.0,8.4,6.0
401360708,DET,4080610,21.0,18.2,15.5
401360708,DET,4277848,27.0,10.8,11.5
401360708,DET,4397136,24.0,-2.6,-2.4
401360708,DET,4432166,32.0,12.4,11.3
401360708,DET,4432810,19.0,11.9,11.9
401360708,DET,4683024,25.0,6.5,3.1
401360709,BKN,2983,17.0,7.3,4.7
401360709,BKN,3989,7.0,-1.5,-1.4
401360709,BKN,3999,29.0,2.2,2.6
401360709,BKN,4004,28.0,-4.7,-5.0
401360709,BKN,6585,20.0,11.0,8.1
401360709,BKN,2326307,31.0,15.7,13.4
401360709,BKN,4065670,35.0,15.0,11.7
401360709,BKN,4278067,11.0,7.4,6.1
401360709,BKN,4397107,8.0,2.2,1.3
401360709,BKN,4397693,19.0,13.7,13.6
401360709,BKN,4432174,31.0,4.5,4.3
401360709,BKN,4432194,6.0,6.7,6.7
401360709,BOS,3213,32.0,12.1,5.8
401360709,BOS,2451037,6.0,2.9,2.7
401360709,BOS,2990992,30.0,16.9,14.7
401360709,BOS,3064560,5.0,0.9,0.0
401360709,BOS,3078576,20.0,10.7,10.7
401360709,BOS,3917376,30.0,14.8,14.0
401360709,BOS,4065648,35.0,21.5,19.1
401360709,BOS,4065804,6.0,-1.4,-1.7
401360709,BOS,4066211,25.0,14.4,13.6
401360709,BOS,4066218,30.0,6.7,6.0
401360709,BOS,4066354,14.0,5.3,4.0
401360709,BOS,4396909,6.0,4.7,5.1
401360709,BOS,4407254,5.0,2.9,3.3
401360710,ATL,2799,12.0,-1.6,-1.8
401360710,ATL,3428,35.0,17.5,16.3
401360710,ATL,3037789,38.0,17.1,15.3
401360710,ATL,3064447,16.0,2.3,2.0
401360710,ATL,3102529,29.0,17.6,13.3
401360710,ATL,4065732,13.0,-1.0,-0.1
401360710,ATL,4066372,35.0,3.3,4.3
401360710,ATL,4277905,37.0,6.0,5.1
401360710,ATL,4278075,6.0,1.3,1.7
401360710,ATL,4431680,19.0,11.0,10.9
401360710,CHI,3978,37.0,30.0,28.3
401360710,CHI,6474,13.0,12.8,11.0
401360710,CHI,6478,35.0,9.6,4.3
401360710,CHI,2596112,28.0,3.7,1.6
401360710,CHI,3064440,36.0,13.1,12.0
401360710,CHI,3936099,20.0,2.9,0.6
401360710,CHI,4278508,17.0,3.1,3.0
401360710,CHI,4395651,20.0,3.0,5.0
401360710,CHI,4397002,34.0,10.5,9.2
401360711,MEM,2991235,27.0,8.4,7.5
401360711,MEM,2993874,14.0,-1.8,-2.0
401360711,MEM,3134932,18.0,8.1,6.5
401360711,MEM,3135046,13.0,3.3,1.3
401360711,MEM,3906665,23.0,11.9,11.1
401360711,MEM,4066320,29.0,3.8,4.2
401360711,MEM,4066436,22.0,12.2,10.1
401360711,MEM,4277961,32.0,20.0,15.3
401360711,MEM,4279888,35.0,9.8,6.0
401360711,MEM,4433137,27.0,16.6,16.9
401360711,MIN,3964,28.0,9.5,8.0
401360711,MIN,2990962,20.0,1.5,-0.1
401360711,MIN,3134916,12.0,1.0,-0.3
401360711,MIN,3136195,28.0,17.8,15.0
401360711,MIN,3136776,38.0,30.2,29.4
401360711,MIN,3907822,18.0,12.0,12.1
401360711,MIN,4278077,28.0,9.1,7.1
401360711,MIN,4396971,20.0,6.2,5.8
401360711,MIN,4431671,16.0,5.7,6.4
401360711,MIN,4594268,32.0,1.4,-0.9
401360712,OKC,4257,18.0,7.2,4.7
401360712,OKC,4066317,2.0,0.7,0.0
401360712,OKC,4066392,25.0,6.3,5.7
401360712,OKC,4278046,1.0,-0.7,-0.7
401360712,OKC,4278073,35.0,18.3,19.6
401360712,OKC,4397183,21.0,2.9,1.0
401360712,OKC,4423545,26.0,0.4,-1.7
401360712,OKC,4432819,31.0,12.4,8.1
401360712,OKC,4578893,21.0,6.9,6.1
401360712,OKC,4683018,19.0,9.1,8.4
401360712,OKC,4683027,6.0,-0.4,-0.4
401360712,OKC,4871145,37.0,13.0,9.6
401360712,PHX,3452,18.0,4.3,2.6
401360712,PHX,6581,26.0,20.0,14.5
401360712,PHX,2528693,20.0,2.1,-0.1
401360712,PHX,3059307,1.0,0.0,0.0
401360712,PHX,3136193,38.0,28.9,21.8
401360712,PHX,3138196,31.0,19.4,17.9
401360712,PHX,3147657,31.0,18.7,16.6
401360712,PHX,3914044,20.0,6.2,5.6
401360712,PHX,3922230,25.0,13.8,13.0
401360712,PHX,4278129,30.0,2.9,-1.0
401360713,GSW,3975,27.0,21.1,19.1
401360713,GSW,4269,9.0,6.5,6.2
401360713,GSW,6475,25.0,16.0,14.8
401360713,GSW,2594922,16.0,11.8,8.9
401360713,GSW,2595209,22.0,7.6,5.4
401360713,GSW,3059319,26.0,5.2,3.1
401360713,GSW,3134903,19.0,7.4,7.4
401360713,GSW,3155535,15.0,11.4,9.9
401360713,GSW,4277956,25.0,13.0,12.9
401360713,GSW,4401416,17.0,4.7,4.1
401360713,GSW,4432171,12.0,4.2,3.9
401360713,GSW,4433247,27.0,14.2,10.9
401360713,POR,2578213,17.0,-5.0,-4.8
401360713,POR,3062679,27.0,7.3,6.1
401360713,POR,3135047,22.0,8.3,9.6
401360713,POR,3152335,7.0,-1.0,-1.7
401360713,POR,3914285,21.0,1.5,1.4
401360713,POR,4066446,11.0,3.9,3.0
401360713,POR,4351851,29.0,15.2,15.8
401360713,POR,4397040,20.0,5.5,6.0
401360713,POR,4397166,22.0,4.3,3.6
401360713,POR,4431675,23.0,6.0,6.3
401360713,POR,4432161,25.0,5.2,3.3
401360713,POR,4432192,17.0,0.0,-1.1
401360714,DEN,3209,25.0,2.4,2.3
401360714,DEN,6579,32.0,25.4,24.3
401360714,DEN,6617,27.0,6.6,5.4
401360714,DEN,2327577,15.0,10.8,10.5
401360714,DEN,2968334,2.0,0.0,0.0
401360714,DEN,2994526,21.0,4.3,4.8
401360714,DEN,3059262,2.0,0.3,0.0
401360714,DEN,3059310,31.0,19.2,17.3
401360714,DEN,3064290,32.0,10.1,6.5
401360714,DEN,3112335,34.0,29.1,22.3
401360714,DEN,4065805,2.0,-0.7,-0.7
401360714,DEN,4592492,17.0,1.4,0.2
401360714,SAC,6578,34.0,15.2,11.8
401360714,SAC,6591,13.0,2.9,3.0
401360714,SAC,6603,20.0,9.7,7.4
401360714,SAC,2284101,28.0,3.8,3.7
401360714,SAC,3064559,11.0,5.6,4.7
401360714,SAC,3136196,6.0,1.5,0.6
401360714,SAC,3155942,37.0,28.3,25.2
401360714,SAC,3934673,23.0,3.9,4.1
401360714,SAC,4066259,36.0,9.9,9.4
401360714,SAC,4066297,2.0,0.0,-0.7
401360714,SAC,4278053,30.0,3.9,3.3
401360715,CHA,2488653,29.0,10.8,7.8
401360715,CHA,2991055,23.0,19.7,19.4
401360715,CHA,3074752,32.0,23.8,22.1
401360715,CHA,3133603,32.0,18.6,15.8
401360715,CHA,3138161,12.0,6.3,5.1
401360715,CHA,4066383,31.0,10.3,8.3
401360715,CHA,4278078,27.0,13.5,9.4
401360715,CHA,4432816,29.0,4.1,2.7
401360715,CHA,4702233,24.0,7.2,5.1
401360715,TOR,3244,21.0,3.9,3.7
401360715,TOR,2578240,18.0,0.8,0.3
401360715,TOR,2991230,29.0,2.1,1.6
401360715,TOR,3133602,5.0,1.9,1.3
401360715,TOR,3133838,5.0,6.0,6.0
401360715,TOR,3149673,27.0,2.4,0.5
401360715,TOR,3948153,21.0,5.7,5.5
401360715,TOR,4066668,12.0,6.6,6.4
401360715,TOR,4277843,29.0,5.7,4.3
401360715,TOR,4397885,12.0,-2.1,-1.7
401360715,TOR,4431679,24.0,5.6,1.7
401360715,TOR,4432907,5.0,-0.4,-0.7
401360715,TOR,4433134,32.0,22.2,19.7
401360716,IND,4244,28.0,6.2,6.3
401360716,IND,2566769,31.0,11.2,10.4
401360716,IND,2990984,43.0,22.2,19.6
401360716,IND,4278031,37.0,8.7,2.9
401360716,IND,4279815,19.0,8.6,7.0
401360716,IND,4348700,1.0,0.3,0.0
401360716,IND,4396993,43.0,16.8,13.7
401360716,IND,4397189,29.0,14.7,13.2
401360716,IND,4397235,12.0,0.7,0.7
401360716,IND,4432170,23.0,16.8,12.6
401360716,OKC,4066317,24.0,6.1,3.6
401360716,OKC,4066392,28.0,10.7,9.9
401360716,OKC,4278046,21.0,3.0,4.1
401360716,OKC,4278073,38.0,25.8,20.4
401360716,OKC,4397183,31.0,7.0,6.1
401360716,OKC,4423545,34.0,12.3,6.9
401360716,OKC,4432819,34.0,18.4,16.4
401360716,OKC,4578893,18.0,0.5,1.4
401360716,OKC,4683018,19.0,8.8,8.5
401360716,OKC,4683027,18.0,11.5,11.4
401360717,HOU,3431,30.0,10.2,10.4
401360717,HOU,3032979,28.0,6.9,7.5
401360717,HOU,3058254,28.0,9.7,9.2
401360717,HOU,3136777,28.0,14.1,12.6
401360717,HOU,3913180,23.0,11.3,9.4
401360717,HOU,4397140,21.0,2.6,0.2
401360717,HOU,4431828,21.0,2.9,2.7
401360717,HOU,4432168,12.0,-2.9,-3.1
401360717,HOU,4437244,31.0,20.5,15.4
401360717,HOU,4871144,18.0,6.3,3.5
401360717,ORL,6619,21.0,6.1,5.0
401360717,ORL,2999547,30.0,8.8,8.3
401360717,ORL,3918423,1.0,0.0,0.0
401360717,ORL,4277847,35.0,22.3,20.3
401360717,ORL,4277919,25.0,2.1,2.0
401360717,ORL,4278052,32.0,29.7,24.0
401360717,ORL,4432165,15.0,-7.6,-6.5
401360717,ORL,4432809,31.0,11.5,9.9
401360717,ORL,4566434,29.0,9.0,7.6
401360717,ORL,4590530,23.0,10.2,7.3
401360718,SAS,6621,9.0,2.9,2.6
401360718,SAS,2528588,27.0,8.4,8.4
401360718,SAS,3134908,41.0,31.2,29.5
401360718,SAS,3136779,14.0,3.9,3.4
401360718,SAS,3907497,43.0,29.1,27.0
401360718,SAS,4066650,16.0,4.0,2.1
401360718,SAS,4277890,35.0,11.2,11.9
401360718,SAS,4395626,16.0,4.6,4.0
401360718,SAS,4395630,42.0,11.5,9.4
401360718,SAS,4395723,46.0,24.1,23.1
401360718,WAS,4305,21.0,7.1,6.2
401360718,WAS,2581018,43.0,20.3,19.5
401360718,WAS,2581184,8.0,3.3,3.3
401360718,WAS,2968361,36.0,21.8,21.8
401360718,WAS,3134907,46.0,29.7,25.8
401360718,WAS,3934723,15.0,2.9,2.0
401360718,WAS,4066382,4.0,-0.5,0.7
401360718,WAS,4066648,20.0,5.8,5.7
401360718,WAS,4278049,29.0,15.9,15.3
401360718,WAS,4280151,32.0,9.2,8.8
401360718,WAS,4683021,37.0,11.7,7.8
401360719,MIA,3012,36.0,16.8,13.7
401360719,MIA,3033,32.0,9.7,9.2
401360719,MIA,6430,34.0,13.2,12.1
401360719,MIA,3074213,13.0,5.2,5.4
401360719,MIA,3137259,24.0,4.1,3.4
401360719,MIA,3138160,16.0,7.5,6.8
401360719,MIA,3157465,14.0,-3.5,-2.8
401360719,MIA,4065778,7.0,3.7,2.7
401360719,MIA,4066261,35.0,21.0,13.4
401360719,MIA,4395725,31.0,18.7,15.2
401360719,NYK,6429,34.0,10.0,8.8
401360719,NYK,6588,36.0,3.5,4.9
401360719,NYK,3064514,36.0,5.1,3.2
401360719,NYK,4277922,18.0,2.5,1.4
401360719,NYK,4278355,13.0,-0.1,-0.4
401360719,NYK,4351852,29.0,-0.9,-3.0
401360719,NYK,4395625,38.0,31.7,31.0
401360719,NYK,4395627,16.0,5.9,5.7
401360719,NYK,4395724,17.0,1.3,2.7
401360719,NYK,4431823,2.0,0.0,0.0
401360720,MIN,3964,19.0,-2.5,-2.7
401360720,MIN,2982268,4.0,1.0,1.0
401360720,MIN,2990962,23.0,5.4,6.4
401360720,MIN,3134916,19.0,3.0,2.4
401360720,MIN,3136195,34.0,17.3,16.7
401360720,MIN,3136776,28.0,15.6,15.5
401360720,MIN,4065663,4.0,0.9,0.7
401360720,MIN,4278077,17.0,0.6,-0.1
401360720,MIN,4278541,16.0,2.9,3.0
401360720,MIN,4396971,14.0,3.8,3.4
401360720,MIN,4431671,23.0,6.1,5.4
401360720,MIN,4594268,38.0,10.4,9.3
401360720,PHI,3015,12.0,0.4,0.9
401360720,PHI,3988,21.0,3.8,3.3
401360720,PHI,3992,35.0,28.6,28.1
401360720,PHI,6440,30.0,4.4,3.3
401360720,PHI,2990969,16.0,-0.9,0.3
401360720,PHI,2991282,4.0,0.9,0.7
401360720,PHI,3059318,31.0,27.5,24.7
401360720,PHI,3907498,23.0,13.0,9.2
401360720,PHI,3915195,12.0,2.2,1.0
401360720,PHI,3929325,17.0,3.9,3.6
401360720,PHI,4278562,3.0,0.0,0.0
401360720,PHI,4395702,4.0,7.0,7.1
401360720,PHI,4431678,32.0,25.0,22.0
401360721,NOP,6477,33.0,14.1,9.6
401360721,NOP,2490149,35.0,25.8,24.1
401360721,NOP,2528353,25.0,9.1,8.1
401360721,NOP,2999409,7.0,3.6,3.0
401360721,NOP,3132042,2.0,0.7,0.7
401360721,NOP,3133601,26.0,8.3,8.0
401360721,NOP,3913176,34.0,24.3,23.2
401360721,NOP,4277813,32.0,0.2,-2.5
401360721,NOP,4277869,11.0,-0.1,-0.3
401360721,NOP,4278594,16.0,5.9,2.3
401360721,NOP,4397077,17.0,9.2,8.5
401360721,NOP,4397688,2.0,-0.4,-0.7
401360721,PHX,3452,11.0,0.9,1.4
401360721,PHX,6427,3.0,0.3,0.0
401360721,PHX,6581,30.0,11.6,10.7
401360721,PHX,2528693,25.0,2.1,-2.5
401360721,PHX,2583639,14.0,0.3,0.7
401360721,PHX,3059307,6.0,2.3,2.7
401360721,PHX,3136193,37.0,18.8,16.7
401360721,PHX,3138196,29.0,9.8,9.3
401360721,PHX,3147657,39.0,8.1,7.8
401360721,PHX,3914044,17.0,2.3,2.6
401360721,PHX,4278129,32.0,16.9,14.2
401360722,DAL,6426,19.0,15.7,13.1
401360722,DAL,2528779,34.0,6.6,5.0
401360722,DAL,2531367,26.0,20.5,19.0
401360722,DAL,2578185,28.0,4.4,5.1
401360722,DAL,2580782,26.0,16.0,15.2
401360722,DAL,2960236,25.0,4.2,1.0
401360722,DAL,3934672,36.0,1.3,1.3
401360722,DAL,3945274,35.0,15.0,14.5
401360722,DAL,4432811,12.0,-0.2,0.0
401360722,UTA,3195,30.0,15.7,11.5
401360722,UTA,3593,33.0,10.0,9.7
401360722,UTA,4262,14.0,4.8,3.1
401360722,UTA,2528426,22.0,5.8,4.9
401360722,UTA,2583632,32.0,8.9,8.2
401360722,UTA,2991155,15.0,5.2,4.6
401360722,UTA,3032976,34.0,16.6,11.2
401360722,UTA,3133817,8.0,0.7,0.7
401360722,UTA,3908809,36.0,24.0,23.2
401360722,UTA,4065656,16.0,5.3,3.2
401360723,LAC,3416,19.0,-0.6,-1.4
401360723,LAC,6443,33.0,11.8,11.2
401360723,LAC,6462,29.0,5.5,3.7
401360723,LAC,2490620,20.0,13.5,8.8
401360723,LAC,3907823,36.0,19.5,14.2
401360723,LAC,3913174,34.0,15.5,13.5
401360723,LAC,4017837,18.0,-0.8,-1.0
401360723,LAC,4066387,23.0,10.2,9.7
401360723,LAC,4222252,28.0,11.7,9.6
401360723,LAL,1966,36.0,11.5,7.2
401360723,LAL,1975,28.0,14.5,12.1
401360723,LAL,2384,26.0,17.5,12.5
401360723,LAL,2426,18.0,0.1,-2.1
401360723,LAL,3468,33.0,7.5,6.8
401360723,LAL,3134881,14.0,0.6,0.0
401360723,LAL,4066262,25.0,6.3,6.8
401360723,LAL,4066457,33.0,5.6,5.8
401360723,LAL,4396991,27.0,12.9,11.1
401360724,BOS,3213,37.0,8.2,7.2
401360724,BOS,2990992,29.0,10.4,8.5
401360724,BOS,3078576,20.0,1.8,1.1
401360724,BOS,3917376,36.0,10.9,11.9
401360724,BOS,4065648,39.0,20.7,16.9
401360724,BOS,4066211,26.0,11.8,11.3
401360724,BOS,4066218,26.0,13.2,11.5
401360724,BOS,4066354,27.0,18.0,17.7
401360724,DET,6446,34.0,11.4,11.5
401360724,DET,2488826,20.0,3.3,3.4
401360724,DET,2489663,17.0,2.7,2.7
401360724,DET,2991070,31.0,1.2,1.4
401360724,DET,4080610,11.0,2.3,1.4
401360724,DET,4277848,18.0,13.3,10.7
401360724,DET,4397136,34.0,12.3,10.8
401360724,DET,4432166,27.0,15.9,15.8
401360724,DET,4432810,30.0,7.2,4.7
401360724,DET,4683024,18.0,0.8,0.7
401360725,ATL,3428,30.0,1.6,-0.8
401360725,ATL,2534781,3.0,4.0,3.4
401360725,ATL,3037789,29.0,10.1,6.7
401360725,ATL,3064447,15.0,6.1,4.8
401360725,ATL,3102529,18.0,9.8,7.5
401360725,ATL,3893019,3.0,0.0,0.0
401360725,ATL,4065732,38.0,9.5,8.9
401360725,ATL,4066269,3.0,1.7,1.7
401360725,ATL,4066372,29.0,13.8,11.8
401360725,ATL,4277905,37.0,36.8,35.4
401360725,ATL,4278075,5.0,-0.1,-0.1
401360725,ATL,4431680,27.0,18.9,15.2
401360725,ATL,4701230,3.0,2.7,2.4
401360725,TOR,3244,22.0,8.1,7.0
401360725,TOR,2578240,13.0,-2.6,-1.7
401360725,TOR,2991230,35.0,16.4,16.1
401360725,TOR,3133602,1.0,0.0,0.0
401360725,TOR,3133838,3.0,6.5,5.8
401360725,TOR,3149673,37.0,8.5,7.3
401360725,TOR,3948153,23.0,2.7,3.0
401360725,TOR,4066668,19.0,-0.3,-0.2
401360725,TOR,4277843,31.0,4.4,2.9
401360725,TOR,4397885,3.0,2.7,2.4
401360725,TOR,4431679,30.0,18.1,16.6
401360725,TOR,4432907,3.0,-0.7,-0.7
401360725,TOR,4433134,21.0,2.4,2.4
401360726,CLE,3449,14.0,0.3,-1.8
401360726,CLE,3057198,38.0,4.0,2.6
401360726,CLE,3893016,29.0,14.2,12.4
401360726,CLE,3912848,12.0,0.3,-1.4
401360726,CLE,4066328,34.0,23.0,17.0
401360726,CLE,4066336,35.0,14.6,12.1
401360726,CLE,4277916,4.0,0.7,0.7
401360726,CLE,4432158,37.0,12.2,10.2
401360726,CLE,4432822,37.0,6.6,4.8
401360726,WAS,4305,23.0,-0.1,-1.1
401360726,WAS,2581018,34.0,8.6,7.7
401360726,WAS,2968361,25.0,2.5,1.0
401360726,WAS,3134907,39.0,27.1,21.2
401360726,WAS,3934723,16.0,-0.2,-1.0
401360726,WAS,4066648,22.0,6.2,5.7
401360726,WAS,4278049,24.0,12.6,12.6
401360726,WAS,4280151,34.0,3.7,1.4
401360726,WAS,4683021,23.0,-3.5,-4.4
401360727,MIA,3012,35.0,15.5,14.0
401360727,MIA,3033,19.0,-1.0,0.3
401360727,MIA,6430,30.0,22.1,20.0
401360727,MIA,2580913,14.0,9.6,9.2
401360727,MIA,3137259,28.0,11.0,10.1
401360727,MIA,3138160,29.0,1.2,-2.1
401360727,MIA,3157465,18.0,2.4,4.0
401360727,MIA,4066261,34.0,31.1,26.1
401360727,MIA,4395725,34.0,17.2,17.0
401360727,SAS,2528588,20.0,0.5,1.0
401360727,SAS,2581190,26.0,8.6,9.9
401360727,SAS,3136779,34.0,23.2,19.3
401360727,SAS,3146557,26.0,6.8,8.8
401360727,SAS,3946974,13.0,9.0,6.2
401360727,SAS,4066650,17.0,1.1,1.1
401360727,SAS,4277890,24.0,13.7,14.0
401360727,SAS,4395626,36.0,18.6,18.2
401360727,SAS,4395630,27.0,16.7,13.8
401360727,SAS,4397033,1.0,-0.7,-0.7
401360727,SAS,4702176,16.0,1.9,4.3
401360728,CHI,3978,42.0,19.8,16.1
401360728,CHI,6474,16.0,3.0,1.5
401360728,CHI,6478,31.0,3.2,0.4
401360728,CHI,2596112,29.0,12.7,9.8
401360728,CHI,3064440,38.0,20.1,19.5
401360728,CHI,3936099,19.0,8.5,7.0
401360728,CHI,4278508,7.0,0.0,0.0
401360728,CHI,4395651,35.0,13.2,12.8
401360728,CHI,4397002,22.0,-0.9,-2.3
401360728,MEM,2991235,35.0,18.3,13.0
401360728,MEM,2993874,29.0,9.9,7.6
401360728,MEM,3134932,8.0,0.4,-0.1
401360728,MEM,3135046,16.0,11.1,11.2
401360728,MEM,3906665,11.0,1.1,1.7
401360728,MEM,4066320,28.0,3.7,4.5
401360728,MEM,4066436,23.0,5.8,2.7
401360728,MEM,4277961,26.0,3.3,1.6
401360728,MEM,4279888,36.0,30.5,29.4
401360728,MEM,4433137,29.0,8.9,6.4
401360729,BKN,2983,19.0,6.9,7.0
401360729,BKN,3423,14.0,5.6,5.7
401360729,BKN,3999,35.0,7.7,4.7
401360729,BKN,4004,16.0,-1.2,-0.8
401360729,BKN,6442,39.0,28.8,26.5
401360729,BKN,6585,29.0,19.3,16.2
401360729,BKN,2326307,29.0,15.2,14.4
401360729,BKN,4065670,32.0,13.1,12.8
401360729,BKN,4397693,13.0,1.5,2.0
401360729,BKN,4432174,14.0,6.6,5.7
401360729,MIL,3439,15.0,4.0,4.3
401360729,MIL,3995,39.0,14.9,12.5
401360729,MIL,4032,28.0,4.5,3.7
401360729,MIL,6609,36.0,20.9,21.9
401360729,MIL,3032977,36.0,21.2,16.8
401360729,MIL,3062667,11.0,-0.9,0.7
401360729,MIL,3064482,36.0,23.8,21.7
401360729,MIL,3133635,9.0,-0.9,0.0
401360729,MIL,3135045,22.0,3.4,4.3
401360729,MIL,4277883,7.0,-0.4,-0.7
401360730,DEN,3209,20.0,1.3,1.6
401360730,DEN,4258,14.0,6.6,3.0
401360730,DEN,6579,30.0,10.5,8.7
401360730,DEN,6617,26.0,6.2,6.0
401360730,DEN,2327577,18.0,1.8,1.7
401360730,DEN,2994526,18.0,3.2,2.2
401360730,DEN,3059310,31.0,18.4,16.9
401360730,DEN,3064290,32.0,17.5,16.8
401360730,DEN,3112335,34.0,15.9,15.5
401360730,DEN,4592492,17.0,8.8,9.1
401360730,SAC,6578,38.0,18.2,18.1
401360730,SAC,6591,13.0,3.6,2.7
401360730,SAC,6603,29.0,8.9,6.2
401360730,SAC,2284101,27.0,10.4,10.0
401360730,SAC,2596107,6.0,1.2,1.6
401360730,SAC,3064559,9.0,2.2,3.1
401360730,SAC,3136196,16.0,4.5,4.6
401360730,SAC,3155942,33.0,15.4,12.1
401360730,SAC,3934673,18.0,-1.3,-0.8
401360730,SAC,4066259,40.0,21.3,20.7
401360730,SAC,4278053,12.0,-6.7,-7.5
401360731,NYK,6429,34.0,1.2,0.6
401360731,NYK,6588,37.0,15.8,14.6
401360731,NYK,3064514,38.0,11.4,11.2
401360731,NYK,4277922,18.0,4.2,2.8
401360731,NYK,4278355,16.0,2.5,2.7
401360731,NYK,4351852,17.0,4.0,5.8
401360731,NYK,4395625,38.0,14.3,11.5
401360731,NYK,4395627,17.0,4.6,2.4
401360731,NYK,4395724,26.0,14.9,13.0
401360731,PHI,3015,12.0,4.9,4.8
401360731,PHI,3988,15.0,1.8,1.7
401360731,PHI,3992,39.0,37.0,30.6
401360731,PHI,6440,35.0,7.7,7.0
401360731,PHI,2990969,18.0,0.7,2.3
401360731,PHI,3059318,36.0,31.0,25.7
401360731,PHI,3907498,29.0,10.0,6.8
401360731,PHI,3915195,7.0,3.4,3.4
401360731,PHI,3929325,14.0,-1.7,-1.7
401360731,PHI,4431678,37.0,19.4,16.1
401360732,PHX,3452,14.0,6.7,3.4
401360732,PHX,6581,34.0,13.4,12.1
401360732,PHX,2528693,13.0,-2.5,-2.4
401360732,PHX,3136193,40.0,22.4,19.1
401360732,PHX,3138196,35.0,22.0,22.3
401360732,PHX,3147657,38.0,10.3,9.9
401360732,PHX,3914044,11.0,1.1,2.0
401360732,PHX,3922230,21.0,0.5,-0.8
401360732,PHX,4278129,34.0,21.8,19.4
401360732,UTA,3005,13.0,1.0,1.0
401360732,UTA,3195,27.0,5.5,3.6
401360732,UTA,3593,30.0,6.9,5.6
401360732,UTA,4262,19.0,11.2,8.4
401360732,UTA,2528426,26.0,17.9,15.9
401360732,UTA,2583632,26.0,8.0,8.8
401360732,UTA,2991155,22.0,8.1,7.8
401360732,UTA,3032976,29.0,17.5,13.7
401360732,UTA,3908809,37.0,18.1,16.3
401360732,UTA,4065656,12.0,2.6,2.8
401360733,BOS,2451037,15.0,4.7,3.7
401360733,BOS,2990992,35.0,9.7,8.8
401360733,BOS,3064560,3.0,0.0,0.0
401360733,BOS,3078576,22.0,8.2,5.6
401360733,BOS,3133596,3.0,-1.1,-1.4
401360733,BOS,3917376,35.0,19.6,18.2
401360733,BOS,4065648,34.0,13.2,12.9
401360733,BOS,4065804,3.0,2.7,2.7
401360733,BOS,4066211,33.0,16.0,11.0
401360733,BOS,4066218,34.0,2.5,1.3
401360733,BOS,4066354,17.0,13.7,12.5
401360733,BOS,4066467,3.0,-0.4,-0.7
401360733,BOS,4396909,3.0,-0.7,-1.0
401360733,IND,2566769,29.0,18.5,15.2
401360733,IND,2596247,2.0,0.3,0.0
401360733,IND,2990984,38.0,17.1,14.5
401360733,IND,4278031,34.0,21.8,21.4
401360733,IND,4279815,2.0,0.0,0.0
401360733,IND,4348700,16.0,0.0,0.4
401360733,IND,4396993,35.0,23.6,21.1
401360733,IND,4397189,26.0,11.8,10.1
401360733,IND,4397235,12.0,-0.9,-0.7
401360733,IND,4432170,20.0,7.9,6.8
401360733,IND,4592402,26.0,6.0,4.3
401360734,CHA,2488653,19.0,3.4,3.8
401360734,CHA,2991055,24.0,3.4,3.0
401360734,CHA,3074752,41.0,26.6,24.5
401360734,CHA,3133603,24.0,9.2,8.0
401360734,CHA,3138161,33.0,12.3,10.2
401360734,CHA,4066383,43.0,29.4,23.6
401360734,CHA,4278078,32.0,7.9,6.5
401360734,CHA,4432816,38.0,7.2,4.2
401360734,CHA,4702233,11.0,3.0,2.4
401360734,DET,6446,22.0,1.8,1.3
401360734,DET,2488826,16.0,-1.9,-2.8
401360734,DET,2489663,24.0,20.6,18.6
401360734,DET,2991070,33.0,15.8,14.5
401360734,DET,4080610,25.0,11.4,8.4
401360734,DET,4277957,13.0,4.3,4.7
401360734,DET,4397136,39.0,23.1,22.7
401360734,DET,4432166,33.0,8.9,9.0
401360734,DET,4432810,29.0,9.0,7.1
401360734,DET,4683024,31.0,7.5,6.9
401360735,HOU,3431,31.0,1.7,1.6
401360735,HOU,3032979,38.0,7.5,7.4
401360735,HOU,3058254,32.0,9.8,10.3
401360735,HOU,3136777,32.0,16.1,11.5
401360735,HOU,3913180,26.0,13.2,11.3
401360735,HOU,4431828,15.0,8.2,8.0
401360735,HOU,4432168,13.0,0.5,0.0
401360735,HOU,4437244,38.0,4.0,1.8
401360735,HOU,4871144,16.0,9.1,9.3
401360735,LAC,3416,21.0,5.5,2.3
401360735,LAC,6443,38.0,14.0,12.9
401360735,LAC,6462,32.0,3.9,4.2
401360735,LAC,2490620,25.0,9.2,6.0
401360735,LAC,3907823,27.0,10.2,7.1
401360735,LAC,3913174,23.0,-0.3,-1.2
401360735,LAC,4017837,34.0,19.9,12.6
401360735,LAC,4066387,25.0,5.8,6.4
401360735,LAC,4222252,10.0,7.9,7.5
401360735,LAC,4432162,4.0,-0.7,-0.7
401360736,DAL,6426,21.0,5.2,3.6
401360736,DAL,2528779,34.0,8.0,7.0
401360736,DAL,2531367,18.0,-1.0,-1.0
401360736,DAL,2578185,36.0,14.3,12.2
401360736,DAL,2580782,31.0,20.7,18.9
401360736,DAL,2960236,18.0,2.7,-0.1
401360736,DAL,3934672,32.0,5.2,4.8
401360736,DAL,3945274,37.0,20.9,16.0
401360736,DAL,4432811,13.0,2.2,2.4
401360736,GSW,3975,38.0,22.7,19.8
401360736,GSW,4269,16.0,6.6,4.1
401360736,GSW,2594922,22.0,8.7,7.8
401360736,GSW,2595209,13.0,3.5,2.0
401360736,GSW,3059319,34.0,10.4,10.5
401360736,GSW,3134903,27.0,11.2,9.5
401360736,GSW,3155535,26.0,13.8,9.5
401360736,GSW,4277956,19.0,0.2,-1.2
401360736,GSW,4401416,2.0,-0.4,0.0
401360736,GSW,4432171,25.0,3.9,3.7
401360736,GSW,4433247,17.0,3.2,1.3
401360737,DEN,3209,21.0,13.0,10.5
401360737,DEN,4258,18.0,18.1,16.2
401360737,DEN,6579,22.0,-1.4,-2.2
401360737,DEN,6617,21.0,6.3,5.7
401360737,DEN,2327577,27.0,21.1,17.2
401360737,DEN,2968334,25.0,4.6,1.3
401360737,DEN,2994526,25.0,12.6,12.1
401360737,DEN,3059262,5.0,5.7,6.1
401360737,DEN,3059310,23.0,3.6,3.6
401360737,DEN,3064290,23.0,8.3,8.0
401360737,DEN,3112335,26.0,17.4,12.1
401360737,DEN,4065805,4.0,0.2,-0.1
401360737,POR,2578213,19.0,1.1,1.3
401360737,POR,3062679,31.0,7.4,4.7
401360737,POR,3152335,5.0,1.0,1.0
401360737,POR,3914285,29.0,11.7,11.2
401360737,POR,4066446,9.0,2.1,2.0
401360737,POR,4351851,29.0,3.4,4.4
401360737,POR,4397040,24.0,7.8,8.6
401360737,POR,4397166,26.0,7.4,3.0
401360737,POR,4431675,20.0,6.4,5.4
401360737,POR,4432161,21.0,10.8,7.0
401360737,POR,4432192,26.0,1.1,-1.8
401360738,LAL,1966,36.0,20.6,16.2
401360738,LAL,1975,30.0,10.4,10.4
401360738,LAL,2384,22.0,5.4,2.8
401360738,LAL,2426,11.0,1.9,1.3
401360738,LAL,3442,9.0,2.7,1.7
401360738,LAL,3468,28.0,2.8,1.5
401360738,LAL,3981,18.0,6.2,4.6
401360738,LAL,6637,5.0,3.1,2.4
401360738,LAL,3134881,12.0,4.7,4.4
401360738,LAL,4066262,24.0,-3.2,-5.8
401360738,LAL,4066457,21.0,-1.9,-1.1
401360738,LAL,4396991,25.0,4.1,3.4
401360738,NOP,6477,28.0,15.4,12.0
401360738,NOP,2490149,34.0,22.0,19.3
401360738,NOP,2528353,22.0,7.6,7.4
401360738,NOP,2999409,3.0,2.7,1.7
401360738,NOP,3132042,3.0,5.7,5.4
401360738,NOP,3133601,21.0,12.0,9.0
401360738,NOP,3913176,31.0,14.1,11.7
401360738,NOP,4277813,31.0,9.1,5.7
401360738,NOP,4277869,14.0,2.7,2.5
401360738,NOP,4278594,18.0,2.4,1.6
401360738,NOP,4397077,30.0,12.6,7.8
401360738,NOP,4397688,3.0,3.4,3.4
401360739,CLE,3449,26.0,22.7,20.5
401360739,CLE,2488945,4.0,1.0,1.4
401360739,CLE,3057198,35.0,21.5,20.5
401360739,CLE,3893016,28.0,16.5,16.4
401360739,CLE,3912848,10.0,0.0,0.0
401360739,CLE,4066328,34.0,18.4,16.3
401360739,CLE,4066336,35.0,1.6,1.2
401360739,CLE,4066405,5.0,1.6,2.0
401360739,CLE,4432158,34.0,10.4,7.5
401360739,CLE,4432822,28.0,6.1,5.3
401360739,MIN,3964,29.0,11.9,10.2
401360739,MIN,2990962,20.0,15.6,13.1
401360739,MIN,3134916,13.0,8.6,7.3
401360739,MIN,3136195,34.0,13.5,12.5
401360739,MIN,3136776,35.0,16.1,14.7
401360739,MIN,3907822,17.0,5.2,6.0
401360739,MIN,4278077,27.0,9.2,7.7
401360739,MIN,4396971,14.0,4.0,3.4
401360739,MIN,4431671,18.0,10.7,11.8
401360739,MIN,4594268,32.0,13.5,10.9
401360740,IND,2596247,15.0,-1.8,-3.1
401360740,IND,2990984,34.0,15.8,15.9
401360740,IND,4278031,31.0,5.3,3.2
401360740,IND,4279815,22.0,6.2,5.8
401360740,IND,4348700,21.0,10.2,9.1
401360740,IND,4396993,33.0,18.6,15.6
401360740,IND,4397189,25.0,9.7,8.0
401360740,IND,4397235,26.0,4.4,4.2
401360740,IND,4432170,18.0,1.6,0.9
401360740,IND,4592402,15.0,2.5,1.4
401360740,ORL,6619,14.0,1.6,0.3
401360740,ORL,2999547,20.0,8.3,6.3
401360740,ORL,3918423,3.0,-1.1,-0.7
401360740,ORL,4066636,16.0,11.3,11.7
401360740,ORL,4277847,28.0,16.9,16.2
401360740,ORL,4277919,30.0,11.6,9.7
401360740,ORL,4278052,24.0,7.3,4.7
401360740,ORL,4397205,4.0,1.0,1.0
401360740,ORL,4432165,27.0,15.6,13.9
401360740,ORL,4432809,29.0,1.8,2.1
401360740,ORL,4566434,27.0,14.3,12.5
401360740,ORL,4590530,17.0,9.0,7.4
401360741,CHI,3978,34.0,13.3,8.3
401360741,CHI,6474,16.0,-1.0,0.2
401360741,CHI,6478,26.0,9.1,7.1
401360741,CHI,2596112,21.0,6.0,4.8
401360741,CHI,3056245,1.0,-0.4,0.0
401360741,CHI,3059311,3.0,3.7,3.4
401360741,CHI,3064440,33.0,13.0,13.7
401360741,CHI,3936099,20.0,0.7,1.4
401360741,CHI,4065673,6.0,4.3,3.1
401360741,CHI,4278508,13.0,1.9,-0.4
401360741,CHI,4395651,31.0,7.5,6.7
401360741,CHI,4397002,36.0,14.2,11.9
401360741,MIA,3033,25.0,7.0,5.5
401360741,MIA,6430,29.0,13.6,8.5
401360741,MIA,2580913,15.0,3.9,2.4
401360741,MIA,3074213,5.0,0.9,0.7
401360741,MIA,3137259,33.0,14.8,15.4
401360741,MIA,3138160,25.0,7.3,7.5
401360741,MIA,3157465,22.0,6.3,6.4
401360741,MIA,4065730,3.0,-1.1,-1.1
401360741,MIA,4065778,23.0,7.6,6.7
401360741,MIA,4066261,29.0,17.2,13.6
401360741,MIA,4291678,3.0,0.0,0.0
401360741,MIA,4395725,30.0,16.6,15.2
401360742,MEM,2991235,31.0,13.1,7.7
401360742,MEM,2993874,24.0,13.7,11.3
401360742,MEM,3135046,19.0,6.5,6.0
401360742,MEM,3906665,16.0,7.1,6.7
401360742,MEM,4066320,29.0,5.8,5.3
401360742,MEM,4066436,24.0,8.2,5.9
401360742,MEM,4066651,15.0,1.9,2.0
401360742,MEM,4277961,20.0,3.0,1.4
401360742,MEM,4277964,1.0,0.0,0.0
401360742,MEM,4279888,34.0,38.1,36.7
401360742,MEM,4433137,26.0,-1.2,-1.4
401360742,SAS,2528588,26.0,12.3,11.8
401360742,SAS,2581190,7.0,-0.8,-1.4
401360742,SAS,3134908,32.0,16.2,13.3
401360742,SAS,3136779,10.0,0.3,0.3
401360742,SAS,3146557,1.0,0.0,0.0
401360742,SAS,3907497,35.0,17.6,14.1
401360742,SAS,4066650,16.0,3.1,2.7
401360742,SAS,4277890,25.0,16.1,15.8
401360742,SAS,4395626,14.0,5.4,4.1
401360742,SAS,4395630,33.0,8.7,7.7
401360742,SAS,4395723,30.0,5.8,2.8
401360742,SAS,4397033,1.0,1.0,0.0
401360742,SAS,4702176,10.0,0.5,-0.7
401360743,CHA,2488653,17.0,2.8,1.5
401360743,CHA,2991055,25.0,5.2,4.8
401360743,CHA,3074752,36.0,13.2,11.9
401360743,CHA,3133603,31.0,12.1,11.1
401360743,CHA,3138161,17.0,1.0,0.6
401360743,CHA,4066383,30.0,5.1,5.8
401360743,CHA,4278078,31.0,10.3,9.4
401360743,CHA,4431699,7.0,2.8,1.9
401360743,CHA,4432816,30.0,14.8,14.8
401360743,CHA,4702233,16.0,2.1,2.4
401360743,MIL,3439,16.0,1.1,0.7
401360743,MIL,3995,25.0,21.1,22.4
401360743,MIL,4032,16.0,0.5,-0.7
401360743,MIL,6609,27.0,12.9,12.3
401360743,MIL,3032977,28.0,32.2,24.7
401360743,MIL,3062667,20.0,7.7,6.5
401360743,MIL,3064482,23.0,13.6,11.7
401360743,MIL,3102533,11.0,7.1,7.1
401360743,MIL,3133635,29.0,7.1,7.3
401360743,MIL,3135045,18.0,7.9,8.4
401360743,MIL,4277883,18.0,-3.7,-3.1
401360743,MIL,4277887,10.0,-1.0,-0.6
401360744,OKC,4066317,18.0,1.8,1.3
401360744,OKC,4066392,20.0,6.9,5.7
401360744,OKC,4278046,26.0,7.6,8.0
401360744,OKC,4278073,33.0,34.5,31.7
401360744,OKC,4397183,9.0,0.2,0.3
401360744,OKC,4423545,29.0,6.6,4.0
401360744,OKC,4432819,31.0,4.9,4.4
401360744,OKC,4578893,29.0,4.9,4.3
401360744,OKC,4683018,26.0,9.9,6.1
401360744,OKC,4683027,19.0,8.2,5.3
401360744,SAC,6578,34.0,20.3,17.4
401360744,SAC,6603,19.0,4.5,2.7
401360744,SAC,2284101,25.0,0.6,-1.1
401360744,SAC,3064559,17.0,6.1,4.0
401360744,SAC,3136196,31.0,20.4,20.0
401360744,SAC,3155942,31.0,13.9,11.6
401360744,SAC,3934673,22.0,13.6,12.6
401360744,SAC,4066259,41.0,25.3,22.6
401360744,SAC,4278053,21.0,9.6,9.8
401360745,DET,6446,16.0,7.6,8.1
401360745,DET,2488826,7.0,1.0,1.0
401360745,DET,2489663,21.0,10.4,10.6
401360745,DET,2991070,36.0,21.3,19.5
401360745,DET,4065651,14.0,-0.5,-0.7
401360745,DET,4080610,19.0,1.8,0.2
401360745,DET,4277957,10.0,0.9,1.7
401360745,DET,4397136,31.0,16.3,13.8
401360745,DET,4432166,32.0,14.0,12.5
401360745,DET,4432810,27.0,8.0,6.7
401360745,DET,4683024,27.0,10.1,6.1
401360745,WAS,4305,23.0,10.0,10.7
401360745,WAS,6621,14.0,8.0,4.4
401360745,WAS,2581018,32.0,9.2,9.4
401360745,WAS,2581184,5.0,-0.7,-0.7
401360745,WAS,2968361,24.0,13.2,12.1
401360745,WAS,3134907,34.0,15.8,13.9
401360745,WAS,3934723,22.0,12.6,10.8
401360745,WAS,4066648,21.0,5.8,7.0
401360745,WAS,4278049,20.0,12.3,9.7
401360745,WAS,4280151,36.0,9.1,7.7
401360745,WAS,4683021,9.0,3.2,1.7
401360746,ATL,3428,35.0,9.9,8.3
401360746,ATL,2534781,7.0,0.9,1.0
401360746,ATL,3037789,37.0,19.7,17.9
401360746,ATL,3064447,19.0,5.1,2.3
401360746,ATL,3102529,30.0,5.9,2.9
401360746,ATL,4065732,37.0,0.6,-1.2
401360746,ATL,4066372,31.0,5.1,2.6
401360746,ATL,4277905,37.0,20.3,20.1
401360746,ATL,4431680,7.0,2.2,3.4
401360746,BOS,3213,34.0,9.0,6.8
401360746,BOS,2990992,37.0,9.8,7.1
401360746,BOS,3078576,28.0,14.0,14.2
401360746,BOS,3917376,3.0,0.3,0.4
401360746,BOS,4065648,39.0,24.8,23.5
401360746,BOS,4066211,35.0,15.4,12.3
401360746,BOS,4066218,28.0,15.1,14.1
401360746,BOS,4066354,19.0,2.3,1.7
401360746,BOS,4396909,17.0,0.4,-1.4
401360747,BKN,2983,30.0,15.2,13.5
401360747,BKN,3423,15.0,5.0,5.2
401360747,BKN,3989,19.0,6.6,6.8
401360747,BKN,3999,31.0,14.3,13.8
401360747,BKN,4004,32.0,4.9,4.7
401360747,BKN,2326307,37.0,11.0,11.4
401360747,BKN,4065670,33.0,6.2,5.4
401360747,BKN,4278067,23.0,9.3,5.8
401360747,BKN,4397693,2.0,-0.7,-0.7
401360747,BKN,4432174,18.0,6.9,5.7
401360747,TOR,3244,23.0,7.4,7.0
401360747,TOR,2578240,18.0,10.3,9.8
401360747,TOR,3149673,35.0,10.9,9.8
401360747,TOR,3948153,19.0,6.4,5.7
401360747,TOR,4066668,43.0,14.9,14.6
401360747,TOR,4277843,39.0,21.0,20.1
401360747,TOR,4397885,6.0,-2.0,-2.0
401360747,TOR,4431679,18.0,0.4,-0.7
401360747,TOR,4433134,41.0,17.4,14.0
401360748,HOU,3431,26.0,4.6,4.6
401360748,HOU,3032979,31.0,1.8,2.1
401360748,HOU,3058254,31.0,16.5,13.1
401360748,HOU,3062744,5.0,0.3,0.7
401360748,HOU,3136777,20.0,9.3,9.4
401360748,HOU,3913180,26.0,0.4,0.8
401360748,HOU,4431828,24.0,8.3,7.7
401360748,HOU,4432168,22.0,5.2,0.7
401360748,HOU,4437244,33.0,13.9,11.3
401360748,HOU,4871144,22.0,11.1,6.7
401360748,LAC,3416,22.0,1.5,0.6
401360748,LAC,6443,26.0,12.9,11.8
401360748,LAC,6462,28.0,14.2,12.7
401360748,LAC,2490620,22.0,8.4,4.0
401360748,LAC,2581177,4.0,-0.7,-0.7
401360748,LAC,3056602,4.0,1.3,1.7
401360748,LAC,3907823,30.0,9.2,8.5
401360748,LAC,3913174,20.0,1.8,1.3
401360748,LAC,4017837,25.0,22.7,20.7
401360748,LAC,4066387,17.0,7.6,6.4
401360748,LAC,4222252,22.0,3.4,0.8
401360748,LAC,4432162,18.0,10.0,8.1
401360749,GSW,3975,33.0,21.5,20.7
401360749,GSW,2594922,17.0,6.2,-1.0
401360749,GSW,2595209,27.0,13.8,13.6
401360749,GSW,3059319,30.0,8.0,5.4
401360749,GSW,3134903,27.0,6.9,7.6
401360749,GSW,3155535,27.0,6.1,3.5
401360749,GSW,4277956,27.0,5.5,7.1
401360749,GSW,4401416,22.0,6.2,5.1
401360749,GSW,4432171,7.0,5.7,5.7
401360749,GSW,4433247,23.0,5.8,5.3
401360749,MIN,3964,22.0,8.9,8.8
401360749,MIN,2990962,21.0,10.3,6.4
401360749,MIN,3134916,29.0,2.9,0.3
401360749,MIN,3136195,32.0,28.6,26.7
401360749,MIN,3136776,29.0,17.1,14.9
401360749,MIN,3907822,28.0,17.9,16.5
401360749,MIN,4278077,24.0,3.3,1.5
401360749,MIN,4278541,17.0,7.4,7.2
401360749,MIN,4396971,16.0,5.2,4.7
401360749,MIN,4431671,23.0,3.6,4.0
401360750,DAL,6426,10.0,-3.3,-2.8
401360750,DAL,2528779,36.0,2.9,0.5
401360750,DAL,2531367,21.0,12.1,12.5
401360750,DAL,2578185,39.0,15.0,12.4
401360750,DAL,2580782,24.0,13.6,12.6
401360750,DAL,2960236,27.0,7.7,4.3
401360750,DAL,3934672,34.0,20.7,16.9
401360750,DAL,3945274,38.0,14.6,10.5
401360750,DAL,4432811,10.0,7.3,7.9
401360750,LAL,1966,38.0,19.9,16.1
401360750,LAL,1975,31.0,18.4,15.4
401360750,LAL,2384,4.0,1.9,1.7
401360750,LAL,3468,38.0,11.8,9.1
401360750,LAL,6637,17.0,5.2,4.4
401360750,LAL,3134881,22.0,7.5,7.4
401360750,LAL,4066262,39.0,10.8,8.9
401360750,LAL,4066457,17.0,-0.1,-1.4
401360750,LAL,4396991,33.0,4.7,4.4
401360751,CHA,6472,14.0,7.5,4.7
401360751,CHA,2488653,28.0,10.3,8.0
401360751,CHA,2991055,17.0,10.5,9.4
401360751,CHA,3074752,33.0,27.3,22.5
401360751,CHA,3133603,27.0,14.5,14.5
401360751,CHA,3138161,33.0,6.1,4.7
401360751,CHA,4066383,36.0,16.1,13.0
401360751,CHA,4278076,3.0,0.9,0.9
401360751,CHA,4278078,28.0,10.9,11.2
401360751,CHA,4431699,3.0,-0.4,0.0
401360751,CHA,4432816,8.0,2.1,1.7
401360751,CHA,4702233,9.0,3.1,2.4
401360751,CLE,3449,18.0,7.3,7.0
401360751,CLE,4259,4.0,-0.2,0.0
401360751,CLE,2488945,4.0,-2.5,-1.7
401360751,CLE,3057198,11.0,0.7,0.4
401360751,CLE,3893016,20.0,5.9,6.4
401360751,CLE,3906786,4.0,0.3,0.0
401360751,CLE,3912848,9.0,1.2,1.0
401360751,CLE,4066328,33.0,18.7,13.8
401360751,CLE,4066336,31.0,10.8,7.3
401360751,CLE,4066405,11.0,-0.4,-0.7
401360751,CLE,4277916,4.0,0.6,0.3
401360751,CLE,4396907,33.0,18.5,17.8
401360751,CLE,4432158,30.0,6.0,6.0
401360751,CLE,4432822,28.0,0.7,0.6
401360752,IND,4244,13.0,0.3,1.2
401360752,IND,2566769,41.0,31.8,26.4
401360752,IND,2990984,44.0,8.0,6.0
401360752,IND,4278031,28.0,6.7,3.9
401360752,IND,4279815,18.0,7.0,7.2
401360752,IND,4348700,3.0,-0.7,-1.0
401360752,IND,4396993,40.0,16.9,12.7
401360752,IND,4397189,37.0,16.7,11.8
401360752,IND,4397235,17.0,-1.5,-3.5
401360752,IND,4432170,23.0,13.8,13.0
401360752,ORL,6619,16.0,3.1,3.0
401360752,ORL,2999547,10.0,0.6,0.6
401360752,ORL,3918423,5.0,-1.5,-0.7
401360752,ORL,4066636,15.0,7.6,6.2
401360752,ORL,4277847,41.0,11.2,7.5
401360752,ORL,4277919,34.0,22.0,18.7
401360752,ORL,4278052,19.0,6.2,1.6
401360752,ORL,4432165,33.0,5.2,4.6
401360752,ORL,4432809,38.0,7.8,5.3
401360752,ORL,4566434,36.0,22.3,20.1
401360752,ORL,4590530,17.0,-0.3,1.0
401360753,NYK,3986,14.0,6.4,5.1
401360753,NYK,6429,31.0,7.1,4.8
401360753,NYK,6588,27.0,-1.1,-2.6
401360753,NYK,2991047,1.0,0.0,0.0
401360753,NYK,3064514,33.0,13.6,11.9
401360753,NYK,4277922,13.0,3.1,3.8
401360753,NYK,4278355,15.0,3.5,2.6
401360753,NYK,4351852,21.0,9.0,8.4
401360753,NYK,4395625,40.0,20.4,20.1
401360753,NYK,4395627,23.0,4.6,4.0
401360753,NYK,4395724,20.0,10.4,9.1
401360753,NYK,4431823,1.0,3.0,2.7
401360753,PHI,3015,12.0,-1.1,-1.3
401360753,PHI,3988,20.0,2.9,3.4
401360753,PHI,3992,36.0,24.1,22.6
401360753,PHI,6440,29.0,9.6,8.4
401360753,PHI,2990969,19.0,4.0,4.0
401360753,PHI,2991282,1.0,-0.4,0.0
401360753,PHI,3059318,35.0,22.9,18.0
401360753,PHI,3907498,25.0,10.0,8.8
401360753,PHI,3915195,20.0,4.5,3.7
401360753,PHI,3929325,5.0,-1.7,-1.7
401360753,PHI,4278562,1.0,2.7,2.7
401360753,PHI,4395702,1.0,0.0,0.0
401360753,PHI,4431678,36.0,21.9,21.8
401360754,HOU,3058254,43.0,26.8,21.1
401360754,HOU,3062744,10.0,5.6,5.4
401360754,HOU,3136777,11.0,3.9,4.7
401360754,HOU,3913180,41.0,9.1,8.9
401360754,HOU,4397140,40.0,11.5,10.0
401360754,HOU,4431828,36.0,17.2,14.5
401360754,HOU,4432168,19.0,2.9,2.0
401360754,HOU,4437244,47.0,20.9,19.0
401360754,HOU,4871144,18.0,1.3,0.8
401360754,UTA,3005,13.0,-0.2,-1.8
401360754,UTA,3195,34.0,17.4,14.1
401360754,UTA,3593,36.0,9.4,8.7
401360754,UTA,4262,15.0,2.3,1.7
401360754,UTA,2528426,25.0,10.0,8.8
401360754,UTA,2583632,36.0,11.9,10.0
401360754,UTA,2991155,17.0,6.6,6.5
401360754,UTA,3032976,38.0,28.6,24.5
401360754,UTA,3908809,40.0,25.1,23.4
401360754,UTA,4065656,10.0,0.7,0.7
401360755,MIA,3033,27.0,10.5,8.9
401360755,MIA,6430,35.0,-0.3,-1.9
401360755,MIA,2580913,11.0,1.0,1.0
401360755,MIA,3137259,32.0,18.0,14.9
401360755,MIA,3138160,20.0,15.4,12.9
401360755,MIA,3157465,22.0,11.8,12.1
401360755,MIA,4065778,22.0,5.9,5.0
401360755,MIA,4066261,37.0,15.3,12.0
401360755,MIA,4395725,35.0,20.9,18.9
401360755,MIL,3439,19.0,5.6,4.1
401360755,MIL,3995,38.0,23.8,20.7
401360755,MIL,4032,28.0,-0.1,1.2
401360755,MIL,6609,36.0,16.5,15.0
401360755,MIL,3032977,34.0,24.1,19.1
401360755,MIL,3062667,11.0,0.6,0.0
401360755,MIL,3064482,32.0,15.2,11.4
401360755,MIL,3133635,12.0,1.9,2.0
401360755,MIL,3135045,24.0,6.7,5.4
401360755,MIL,4277883,5.0,3.3,3.7
401360756,NOP,6477,31.0,13.0,10.1
401360756,NOP,2490149,34.0,15.3,13.6
401360756,NOP,2528353,23.0,0.6,0.6
401360756,NOP,3132042,3.0,0.6,0.0
401360756,NOP,3133601,21.0,1.3,1.0
401360756,NOP,3913176,32.0,27.2,26.5
401360756,NOP,4067045,3.0,0.3,0.0
401360756,NOP,4277813,32.0,14.6,10.5
401360756,NOP,4277869,15.0,2.0,1.8
401360756,NOP,4278594,16.0,14.3,14.5
401360756,NOP,4397077,27.0,13.6,13.0
401360756,NOP,4397688,3.0,3.7,2.7
401360756,SAC,6578,31.0,15.2,13.7
401360756,SAC,6603,26.0,8.4,8.0
401360756,SAC,2284101,24.0,3.0,1.6
401360756,SAC,3064559,14.0,1.7,0.2
401360756,SAC,3136196,20.0,1.8,0.2
401360756,SAC,3155942,33.0,15.3,13.0
401360756,SAC,3914283,4.0,-1.5,-1.4
401360756,SAC,3934673,25.0,8.8,5.1
401360756,SAC,4066259,37.0,14.3,14.9
401360756,SAC,4066297,4.0,-0.7,-0.7
401360756,SAC,4278053,23.0,0.6,0.3
401360757,DEN,3209,21.0,4.7,4.7
401360757,DEN,4258,15.0,7.7,5.8
401360757,DEN,6579,26.0,4.8,2.9
401360757,DEN,6617,20.0,7.5,6.7
401360757,DEN,2327577,22.0,7.2,5.8
401360757,DEN,2994526,27.0,10.3,10.0
401360757,DEN,3059310,26.0,3.2,0.3
401360757,DEN,3064290,28.0,1.3,0.2
401360757,DEN,3112335,33.0,18.5,13.7
401360757,DEN,4592492,22.0,18.4,17.6
401360757,OKC,4066317,19.0,2.4,3.3
401360757,OKC,4066392,34.0,27.3,24.6
401360757,OKC,4278046,14.0,5.2,5.2
401360757,OKC,4278073,37.0,16.6,12.6
401360757,OKC,4423545,33.0,16.2,10.8
401360757,OKC,4432819,35.0,8.7,6.0
401360757,OKC,4578893,21.0,6.8,6.4
401360757,OKC,4683018,29.0,11.7,5.4
401360757,OKC,4683027,18.0,9.0,8.1
401360758,PHX,3452,14.0,10.2,5.7
401360758,PHX,6427,9.0,3.2,2.0
401360758,PHX,6581,25.0,18.3,13.0
401360758,PHX,2528693,23.0,8.1,5.9
401360758,PHX,2583639,5.0,2.0,1.7
401360758,PHX,3059307,15.0,1.4,1.3
401360758,PHX,3064230,20.0,5.5,3.8
401360758,PHX,3138196,24.0,20.4,18.6
401360758,PHX,3147657,29.0,13.7,12.5
401360758,PHX,3914044,23.0,6.0,5.6
401360758,PHX,3922230,28.0,7.3,6.9
401360758,PHX,4278129,26.0,16.7,14.3
401360758,POR,2578213,17.0,6.8,5.0
401360758,POR,3062679,23.0,5.9,3.5
401360758,POR,3152335,12.0,5.4,4.4
401360758,POR,3914285,18.0,12.2,9.8
401360758,POR,4066446,23.0,-3.6,-3.2
401360758,POR,4351851,28.0,5.6,5.8
401360758,POR,4397040,15.0,11.0,10.8
401360758,POR,4397166,35.0,2.2,1.2
401360758,POR,4431675,30.0,11.2,10.4
401360758,POR,4432161,19.0,3.2,1.0
401360758,POR,4432192,20.0,-2.8,-2.8
401360759,BOS,3213,40.0,22.0,18.7
401360759,BOS,2451037,13.0,5.8,5.4
401360759,BOS,2990992,35.0,14.1,15.0
401360759,BOS,3078576,26.0,8.9,7.3
401360759,BOS,4065648,39.0,24.3,22.9
401360759,BOS,4066211,35.0,17.6,10.3
401360759,BOS,4066218,35.0,9.5,9.8
401360759,BOS,4066354,13.0,5.0,5.1
401360759,BOS,4396909,5.0,1.0,0.0
401360759,MEM,2991235,26.0,8.2,8.7
401360759,MEM,2993874,24.0,11.8,5.8
401360759,MEM,3134932,14.0,2.3,0.0
401360759,MEM,3135046,14.0,2.3,2.0
401360759,MEM,3906665,21.0,6.9,6.3
401360759,MEM,4066320,34.0,12.6,10.3
401360759,MEM,4066436,18.0,4.7,2.0
401360759,MEM,4277961,36.0,11.7,11.4
401360759,MEM,4279888,37.0,27.4,27.2
401360759,MEM,4433137,15.0,1.6,1.3
401360760,BKN,2983,24.0,5.5,3.6
401360760,BKN,3202,35.0,20.4,20.1
401360760,BKN,3423,28.0,7.6,6.5
401360760,BKN,3999,12.0,-0.8,-0.2
401360760,BKN,4004,30.0,9.9,10.1
401360760,BKN,6585,20.0,4.5,5.5
401360760,BKN,2326307,35.0,3.7,4.0
401360760,BKN,4065670,33.0,19.3,16.5
401360760,BKN,4278067,6.0,2.7,2.1
401360760,BKN,4432174,17.0,4.2,3.0
401360760,MIA,2580913,15.0,4.1,4.1
401360760,MIA,3074213,6.0,1.8,1.0
401360760,MIA,3137259,33.0,-2.0,-1.8
401360760,MIA,3138160,37.0,21.7,18.9
401360760,MIA,3157465,31.0,0.3,0.8
401360760,MIA,4065778,36.0,16.4,15.0
401360760,MIA,4066261,33.0,27.0,23.7
401360760,MIA,4291678,14.0,1.9,-0.7
401360760,MIA,4395725,35.0,23.7,21.5
401360761,DET,6446,32.0,7.0,6.8
401360761,DET,2488826,10.0,3.8,4.0
401360761,DET,2489663,18.0,2.0,2.3
401360761,DET,2991070,35.0,20.9,21.5
401360761,DET,4080610,16.0,8.0,7.2
401360761,DET,4277957,5.0,-0.7,-0.7
401360761,DET,4397136,38.0,15.1,13.6
401360761,DET,4432166,38.0,19.6,15.5
401360761,DET,4432810,30.0,9.2,8.6
401360761,DET,4683024,18.0,-1.9,-1.0
401360761,TOR,2578240,20.0,1.5,1.7
401360761,TOR,3133602,3.0,1.6,2.0
401360761,TOR,3149673,43.0,19.0,18.1
401360761,TOR,3948153,27.0,7.1,4.7
401360761,TOR,4066668,27.0,10.2,9.1
401360761,TOR,4277843,39.0,2.7,1.3
401360761,TOR,4397885,13.0,2.9,2.7
401360761,TOR,4431679,28.0,10.4,10.8
401360761,TOR,4433134,40.0,18.6,16.5
401360762,DAL,6426,11.0,-2.0,-1.4
401360762,DAL,2528779,42.0,13.2,8.6
401360762,DAL,2531367,33.0,13.0,12.1
401360762,DAL,2578185,35.0,16.8,17.3
401360762,DAL,2580782,29.0,15.7,16.2
401360762,DAL,3057187,4.0,1.3,1.7
401360762,DAL,3934672,29.0,9.9,10.2
401360762,DAL,3945274,40.0,33.7,29.7
401360762,DAL,4432811,17.0,2.3,1.0
401360762,GSW,3975,40.0,18.3,17.0
401360762,GSW,4269,7.0,0.2,0.0
401360762,GSW,6475,28.0,6.7,5.9
401360762,GSW,2594922,21.0,0.0,-1.4
401360762,GSW,3059319,37.0,11.8,9.7
401360762,GSW,3134903,21.0,7.0,5.8
401360762,GSW,3155535,25.0,11.0,10.7
401360762,GSW,4277956,27.0,20.4,17.2
401360762,GSW,4401416,1.0,0.0,0.0
401360762,GSW,4432171,16.0,12.2,11.9
401360762,GSW,4433247,17.0,6.3,6.1
401360763,SAC,6578,39.0,22.3,20.7
401360763,SAC,6603,9.0,-3.6,-4.2
401360763,SAC,2284101,26.0,3.7,2.8
401360763,SAC,3064559,20.0,11.0,9.6
401360763,SAC,3136196,20.0,8.9,9.1
401360763,SAC,3155942,28.0,10.2,9.3
401360763,SAC,3914283,5.0,0.2,0.0
401360763,SAC,3934673,29.0,9.8,7.0
401360763,SAC,4066259,39.0,27.0,21.9
401360763,SAC,4278053,24.0,5.3,4.4
401360763,SAS,2528588,19.0,-0.2,0.6
401360763,SAS,2581190,6.0,-1.1,-0.7
401360763,SAS,3134908,33.0,15.9,13.6
401360763,SAS,3136779,17.0,2.1,0.4
401360763,SAS,3907497,35.0,23.5,18.6
401360763,SAS,4066650,15.0,5.6,5.2
401360763,SAS,4277890,30.0,21.6,20.8
401360763,SAS,4395626,20.0,6.1,6.3
401360763,SAS,4395630,29.0,8.3,7.3
401360763,SAS,4395723,16.0,-2.0,-2.9
401360763,SAS,4702176,20.0,7.2,5.7
401360764,LAC,3416,19.0,8.6,7.5
401360764,LAC,6443,35.0,27.1,25.3
401360764,LAC,6462,21.0,8.5,8.4
401360764,LAC,2490620,27.0,11.7,9.1
401360764,LAC,2581177,4.0,0.3,-0.7
401360764,LAC,3056602,4.0,-0.4,0.0
401360764,LAC,3907823,26.0,11.6,9.9
401360764,LAC,3913174,24.0,6.0,5.7
401360764,LAC,4017837,25.0,20.3,19.7
401360764,LAC,4066387,27.0,8.3,5.4
401360764,LAC,4222252,23.0,16.6,15.4
401360764,LAC,4432162,4.0,2.6,2.3
401360764,LAL,1966,37.0,17.3,15.3
401360764,LAL,1975,25.0,7.0,6.4
401360764,LAL,2384,16.0,0.1,0.9
401360764,LAL,3415,22.0,8.1,5.5
401360764,LAL,3468,29.0,9.9,9.7
401360764,LAL,3981,12.0,10.4,10.5
401360764,LAL,6637,20.0,4.4,2.4
401360764,LAL,3134881,20.0,6.5,5.1
401360764,LAL,4066262,29.0,13.5,11.2
401360764,LAL,4066264,4.0,3.0,2.7
401360764,LAL,4066457,26.0,9.0,7.4
401360765,DET,6446,27.0,4.2,4.0
401360765,DET,2488826,16.0,6.0,5.4
401360765,DET,2489663,14.0,5.5,4.8
401360765,DET,2991070,26.0,11.2,8.0
401360765,DET,4080610,12.0,3.7,4.0
401360765,DET,4277848,22.0,14.2,12.5
401360765,DET,4277957,6.0,3.7,3.7
401360765,DET,4397136,36.0,20.8,19.8
401360765,DET,4432166,32.0,11.0,8.0
401360765,DET,4432810,27.0,8.1,7.6
401360765,DET,4683024,21.0,3.5,1.7
401360765,IND,4244,9.0,-2.5,-2.8
401360765,IND,2566769,36.0,16.6,16.6
401360765,IND,2990984,38.0,11.6,9.5
401360765,IND,4278031,29.0,11.0,9.5
401360765,IND,4279815,16.0,3.7,4.3
401360765,IND,4396993,37.0,8.2,4.8
401360765,IND,4397189,29.0,8.6,6.3
401360765,IND,4397235,20.0,12.7,10.7
401360765,IND,4432170,27.0,11.3,8.2
401360766,CLE,3449,26.0,10.3,8.7
401360766,CLE,3057198,5.0,2.6,2.4
401360766,CLE,3893016,32.0,13.6,13.4
401360766,CLE,4066328,35.0,18.9,16.2
401360766,CLE,4066336,18.0,4.0,3.4
401360766,CLE,4066405,19.0,5.1,5.1
401360766,CLE,4396907,43.0,26.4,23.6
401360766,CLE,4432158,32.0,3.0,2.6
401360766,CLE,4432822,29.0,18.4,18.6
401360766,PHI,3015,8.0,2.0,0.7
401360766,PHI,3988,16.0,-0.1,0.0
401360766,PHI,3992,36.0,25.0,24.7
401360766,PHI,6440,38.0,7.3,6.3
401360766,PHI,2990969,23.0,14.2,13.1
401360766,PHI,3059318,36.0,20.0,17.5
401360766,PHI,3907498,17.0,-2.4,-1.4
401360766,PHI,3915195,21.0,8.9,8.1
401360766,PHI,3929325,7.0,-0.7,-0.7
401360766,PHI,4431678,38.0,29.3,26.6
401360767,ATL,2799,14.0,8.3,8.4
401360767,ATL,3428,27.0,6.5,5.6
401360767,ATL,3037789,35.0,12.1,9.0
401360767,ATL,3064447,25.0,7.6,5.0
401360767,ATL,3102529,23.0,15.0,12.5
401360767,ATL,3908845,25.0,7.7,4.6
401360767,ATL,4065732,35.0,20.1,20.5
401360767,ATL,4066372,22.0,1.8,2.3
401360767,ATL,4277905,34.0,15.6,15.9
401360767,WAS,4305,17.0,2.2,0.3
401360767,WAS,6621,17.0,-0.5,0.4
401360767,WAS,2581018,30.0,26.4,26.4
401360767,WAS,2968361,27.0,6.7,6.8
401360767,WAS,3134907,35.0,15.9,14.6
401360767,WAS,3934723,22.0,10.2,9.6
401360767,WAS,4066648,26.0,16.1,14.5
401360767,WAS,4278049,18.0,3.6,3.5
401360767,WAS,4280151,26.0,5.5,5.7
401360767,WAS,4683021,22.0,8.7,7.5
401360768,CHI,3978,39.0,16.1,13.9
401360768,CHI,6474,20.0,1.8,3.8
401360768,CHI,6478,34.0,15.4,12.5
401360768,CHI,2596112,24.0,7.8,7.8
401360768,CHI,3064440,38.0,21.6,19.4
401360768,CHI,3936099,16.0,3.0,3.4
401360768,CHI,4278508,8.0,4.3,4.4
401360768,CHI,4395651,24.0,2.2,1.0
401360768,CHI,4397002,35.0,8.3,6.6
401360768,MIL,3439,12.0,-3.5,-3.4
401360768,MIL,3995,38.0,23.0,21.9
401360768,MIL,4032,23.0,4.9,4.3
401360768,MIL,6609,39.0,14.2,14.3
401360768,MIL,3032977,39.0,26.8,22.1
401360768,MIL,3064482,31.0,9.7,7.4
401360768,MIL,3133635,13.0,7.4,6.4
401360768,MIL,3135045,31.0,4.0,3.6
401360768,MIL,4277883,13.0,4.5,2.0
401360769,NOP,4023,5.0,7.1,5.8
401360769,NOP,6477,17.0,-1.5,-1.0
401360769,NOP,2490149,29.0,18.9,17.5
401360769,NOP,2528353,19.0,7.8,7.0
401360769,NOP,2999409,24.0,12.1,10.1
401360769,NOP,3132042,5.0,0.3,0.7
401360769,NOP,3133601,19.0,8.8,6.8
401360769,NOP,3913176,30.0,25.1,22.1
401360769,NOP,4067045,5.0,6.0,6.1
401360769,NOP,4277813,27.0,5.5,2.4
401360769,NOP,4277869,19.0,6.7,4.7
401360769,NOP,4278594,13.0,7.3,7.1
401360769,NOP,4397077,23.0,6.3,4.7
401360769,NOP,4397688,5.0,1.3,1.3
401360769,UTA,3005,10.0,-0.9,-1.8
401360769,UTA,3195,24.0,-1.9,-4.8
401360769,UTA,3593,24.0,-4.4,-4.2
401360769,UTA,4262,16.0,14.2,13.3
401360769,UTA,2528426,20.0,5.9,4.7
401360769,UTA,2583632,24.0,6.0,4.4
401360769,UTA,2991155,17.0,9.7,9.1
401360769,UTA,3032976,25.0,12.4,9.7
401360769,UTA,3133817,7.0,3.7,3.7
401360769,UTA,3908809,31.0,3.2,2.4
401360769,UTA,4017839,7.0,1.2,1.2
401360769,UTA,4065656,13.0,1.0,1.0
401360769,UTA,4066299,7.0,4.0,3.1
401360769,UTA,4278039,7.0,4.6,4.7
401360769,UTA,4395695,7.0,-4.5,-4.1
401360770,MIN,3964,24.0,4.1,4.4
401360770,MIN,2982268,5.0,0.0,0.0
401360770,MIN,2990962,20.0,14.6,11.5
401360770,MIN,3134916,23.0,6.0,4.4
401360770,MIN,3136195,25.0,18.1,13.4
401360770,MIN,3136776,25.0,17.8,14.9
401360770,MIN,3907822,23.0,12.9,11.4
401360770,MIN,4065663,6.0,1.5,1.0
401360770,MIN,4067325,5.0,1.3,-0.0
401360770,MIN,4278077,24.0,10.7,6.2
401360770,MIN,4278541,13.0,6.7,5.4
401360770,MIN,4396971,18.0,19.5,18.0
401360770,MIN,4431671,23.0,10.4,9.0
401360770,MIN,4683025,5.0,6.0,4.7
401360770,OKC,4066317,27.0,-1.0,-1.8
401360770,OKC,4066392,37.0,16.6,13.4
401360770,OKC,4278046,16.0,4.8,3.7
401360770,OKC,4278073,30.0,25.1,24.1
401360770,OKC,4423545,18.0,2.6,-1.0
401360770,OKC,4432819,32.0,6.1,2.0
401360770,OKC,4578893,28.0,-0.4,-1.4
401360770,OKC,4683018,27.0,10.8,8.7
401360770,OKC,4683027,25.0,3.4,2.6
401360771,DEN,3209,28.0,11.5,10.7
401360771,DEN,4258,24.0,29.2,25.7
401360771,DEN,6579,29.0,6.8,5.6
401360771,DEN,2327577,24.0,11.6,9.1
401360771,DEN,2968334,19.0,1.1,1.3
401360771,DEN,2994526,19.0,0.5,0.9
401360771,DEN,3059262,20.0,4.8,3.3
401360771,DEN,3059310,26.0,11.6,9.5
401360771,DEN,3064290,29.0,10.3,10.4
401360771,DEN,4065805,1.0,0.0,0.0
401360771,DEN,4592492,20.0,11.2,8.4
401360771,HOU,3431,30.0,2.8,2.7
401360771,HOU,3058254,31.0,21.8,19.6
401360771,HOU,3136777,23.0,6.1,5.8
401360771,HOU,3913180,29.0,0.8,0.6
401360771,HOU,4397140,31.0,2.4,1.5
401360771,HOU,4409222,2.0,6.1,6.1
401360771,HOU,4431828,19.0,10.4,9.8
401360771,HOU,4432168,18.0,-1.9,-1.7
401360771,HOU,4432176,2.0,-1.1,-0.7
401360771,HOU,4437244,32.0,16.7,15.5
401360771,HOU,4871144,22.0,9.2,5.9
401360772,NYK,6429,35.0,16.3,13.5
401360772,NYK,6588,36.0,10.4,11.3
401360772,NYK,3064514,28.0,17.1,14.8
401360772,NYK,4277922,11.0,-0.7,-0.5
401360772,NYK,4351852,37.0,26.9,20.2
401360772,NYK,4395625,44.0,5.0,4.9
401360772,NYK,4395627,14.0,4.0,3.4
401360772,NYK,4395724,27.0,12.6,10.4
401360772,NYK,4431823,8.0,-0.1,0.7
401360772,PHX,3452,7.0,0.7,0.3
401360772,PHX,6427,8.0,0.6,-0.3
401360772,PHX,6581,30.0,8.7,6.2
401360772,PHX,2528693,16.0,-4.0,-3.8
401360772,PHX,3059307,2.0,0.0,0.0
401360772,PHX,3064230,32.0,15.3,14.6
401360772,PHX,3138196,28.0,32.0,30.8
401360772,PHX,3147657,39.0,20.5,17.8
401360772,PHX,3914044,28.0,5.6,4.4
401360772,PHX,3922230,15.0,7.6,8.1
401360772,PHX,4278129,34.0,3.7,3.3
401360773,DAL,6426,15.0,6.5,5.3
401360773,DAL,2528779,42.0,5.8,5.0
401360773,DAL,2531367,28.0,3.8,4.4
401360773,DAL,2578185,33.0,12.9,10.7
401360773,DAL,2579260,4.0,-0.5,-1.5
401360773,DAL,2580782,36.0,23.1,24.5
401360773,DAL,3057187,9.0,2.2,1.0
401360773,DAL,3934672,37.0,20.4,18.9
401360773,DAL,4230547,8.0,0.0,0.0
401360773,DAL,4432811,29.0,14.9,12.5
401360773,SAC,6578,38.0,6.1,4.0
401360773,SAC,2284101,29.0,3.9,3.3
401360773,SAC,2993370,16.0,5.1,5.8
401360773,SAC,3136196,18.0,6.7,6.8
401360773,SAC,3155942,32.0,11.2,10.8
401360773,SAC,3914283,10.0,4.6,4.4
401360773,SAC,3934673,34.0,7.6,5.0
401360773,SAC,4066259,40.0,32.3,32.3
401360773,SAC,4278053,23.0,0.5,0.6
401360774,CHA,2488653,24.0,10.0,6.2
401360774,CHA,2991055,17.0,14.0,13.1
401360774,CHA,3074752,35.0,28.5,27.0
401360774,CHA,3133603,25.0,7.9,4.7
401360774,CHA,3138161,31.0,12.6,11.5
401360774,CHA,4066383,36.0,6.6,6.3
401360774,CHA,4278078,37.0,10.1,6.7
401360774,CHA,4432816,29.0,19.2,17.2
401360774,CHA,4702233,5.0,0.6,0.0
401360774,SAS,2528588,23.0,6.4,5.3
401360774,SAS,3134908,30.0,8.4,6.0
401360774,SAS,3136779,5.0,-0.4,-0.7
401360774,SAS,3907497,35.0,23.4,19.2
401360774,SAS,4066650,18.0,8.4,5.5
401360774,SAS,4277890,18.0,0.8,0.2
401360774,SAS,4395626,20.0,9.0,8.2
401360774,SAS,4395630,29.0,8.6,6.0
401360774,SAS,4395723,37.0,23.6,22.9
401360774,SAS,4702176,25.0,10.7,10.9
401360775,MIA,3033,26.0,1.6,1.1
401360775,MIA,6430,33.0,14.7,12.6
401360775,MIA,2580913,15.0,2.7,2.0
401360775,MIA,3074213,1.0,0.3,0.0
401360775,MIA,3137259,29.0,12.7,13.2
401360775,MIA,3138160,21.0,12.7,11.1
401360775,MIA,3157465,18.0,2.2,2.7
401360775,MIA,4065730,1.0,-0.7,-0.7
401360775,MIA,4065778,27.0,9.8,7.4
401360775,MIA,4066261,31.0,3.8,2.0
401360775,MIA,4291678,1.0,2.3,2.7
401360775,MIA,4395725,34.0,14.6,12.5
401360775,MIA,4396972,1.0,0.0,0.0
401360775,PHI,3015,9.0,4.9,3.4
401360775,PHI,3988,20.0,6.0,3.3
401360775,PHI,6440,37.0,12.2,9.7
401360775,PHI,2990969,24.0,4.8,5.0
401360775,PHI,3059318,36.0,17.8,14.0
401360775,PHI,3907498,22.0,1.6,-0.7
401360775,PHI,3915195,24.0,0.8,1.3
401360775,PHI,3929325,22.0,0.5,-0.4
401360775,PHI,4278562,1.0,-0.4,0.0
401360775,PHI,4395702,9.0,-0.5,-0.1
401360775,PHI,4431678,35.0,9.1,7.9
401360776,MEM,2991235,23.0,6.6,5.9
401360776,MEM,2993874,18.0,9.9,7.8
401360776,MEM,3134932,22.0,5.3,3.1
401360776,MEM,3135046,19.0,10.0,9.7
401360776,MEM,3906665,20.0,12.0,8.6
401360776,MEM,4066320,24.0,20.7,18.9
401360776,MEM,4066436,24.0,11.9,7.8
401360776,MEM,4066651,5.0,-1.2,-0.7
401360776,MEM,4277928,5.0,-1.8,-1.4
401360776,MEM,4277961,25.0,7.5,5.3
401360776,MEM,4277964,5.0,3.0,2.7
401360776,MEM,4279888,28.0,19.2,17.4
401360776,MEM,4433137,22.0,4.9,4.0
401360776,ORL,6619,19.0,2.9,2.3
401360776,ORL,3150844,27.0,13.4,10.7
401360776,ORL,3918423,9.0,1.3,1.3
401360776,ORL,4066636,19.0,3.9,3.3
401360776,ORL,4277919,21.0,8.9,6.0
401360776,ORL,4278052,34.0,3.8,-0.7
401360776,ORL,4397205,22.0,8.8,8.4
401360776,ORL,4432809,32.0,12.4,12.4
401360776,ORL,4566434,24.0,13.7,12.3
401360776,ORL,4590530,34.0,0.2,-1.2
401360777,MIN,2990962,13.0,7.3,5.4
401360777,MIN,3134916,21.0,9.6,4.9
401360777,MIN,3136195,34.0,38.6,33.1
401360777,MIN,3136776,35.0,16.8,16.8
401360777,MIN,3907822,21.0,12.0,11.3
401360777,MIN,4065663,3.0,0.0,0.0
401360777,MIN,4278077,37.0,13.1,11.8
401360777,MIN,4278541,24.0,14.6,15.1
401360777,MIN,4396971,13.0,6.0,5.5
401360777,MIN,4431671,37.0,11.6,9.3
401360777,POR,2578213,30.0,5.8,5.9
401360777,POR,3152335,24.0,2.4,1.8
401360777,POR,3914285,28.0,11.1,11.0
401360777,POR,4351851,40.0,24.9,24.0
401360777,POR,4397040,27.0,12.5,12.5
401360777,POR,4397166,28.0,4.7,2.9
401360777,POR,4431675,32.0,14.1,12.4
401360777,POR,4432192,29.0,15.0,14.5
401360778,GSW,3975,36.0,17.7,16.5
401360778,GSW,6475,31.0,2.0,-1.4
401360778,GSW,2594922,24.0,10.2,8.4
401360778,GSW,3059319,32.0,10.2,8.3
401360778,GSW,3155535,13.0,2.2,0.0
401360778,GSW,4277956,32.0,18.5,17.6
401360778,GSW,4401416,22.0,6.5,4.5
401360778,GSW,4432171,21.0,8.1,8.1
401360778,GSW,4433247,29.0,12.1,10.4
401360778,LAL,1966,39.0,44.1,41.0
401360778,LAL,1975,25.0,13.5,10.4
401360778,LAL,3415,19.0,6.0,5.8
401360778,LAL,3468,32.0,8.3,9.1
401360778,LAL,4240,16.0,1.2,0.0
401360778,LAL,3134881,26.0,7.8,4.5
401360778,LAL,4066262,32.0,13.8,9.8
401360778,LAL,4066457,34.0,11.2,7.1
401360778,LAL,4396991,18.0,-1.4,-0.7
401360779,BKN,2983,23.0,11.7,10.9
401360779,BKN,3202,39.0,29.1,26.0
401360779,BKN,3423,22.0,3.6,4.7
401360779,BKN,3999,7.0,-0.2,-0.7
401360779,BKN,4004,14.0,2.0,2.0
401360779,BKN,6442,37.0,14.2,11.5
401360779,BKN,6585,17.0,6.9,6.5
401360779,BKN,2326307,29.0,6.5,5.7
401360779,BKN,4065670,30.0,17.2,15.6
401360779,BKN,4278067,18.0,3.2,3.6
401360779,BKN,4432174,4.0,-0.8,-0.7
401360779,BOS,3213,30.0,15.1,13.2
401360779,BOS,2451037,11.0,1.7,0.7
401360779,BOS,2990992,35.0,9.8,9.5
401360779,BOS,3078576,20.0,5.2,5.0
401360779,BOS,3917376,35.0,19.0,15.5
401360779,BOS,4065648,41.0,39.0,39.7
401360779,BOS,4066211,37.0,16.4,9.9
401360779,BOS,4066218,18.0,-2.7,-2.1
401360779,BOS,4066354,13.0,5.7,3.4
401360780,MIL,3439,22.0,16.1,13.5
401360780,MIL,3995,38.0,23.7,20.0
401360780,MIL,6609,36.0,34.6,32.0
401360780,MIL,3032977,31.0,18.9,15.2
401360780,MIL,3062667,9.0,-0.1,0.0
401360780,MIL,3064482,32.0,4.4,4.6
401360780,MIL,3133635,14.0,2.1,1.8
401360780,MIL,3135045,32.0,12.0,10.9
401360780,MIL,4277883,26.0,9.1,7.0
401360780,PHX,3452,9.0,4.4,4.4
401360780,PHX,6427,13.0,2.2,-0.3
401360780,PHX,6581,35.0,18.0,18.0
401360780,PHX,2528693,21.0,2.7,1.0
401360780,PHX,3064230,36.0,16.8,16.6
401360780,PHX,3147657,42.0,9.6,9.8
401360780,PHX,3914044,34.0,13.7,13.3
401360780,PHX,3922230,18.0,9.4,7.2
401360780,PHX,4278129,33.0,24.3,22.0
401360781,CLE,3449,30.0,13.6,11.7
401360781,CLE,4259,7.0,4.2,3.6
401360781,CLE,3057198,14.0,3.0,1.8
401360781,CLE,3893016,32.0,9.4,8.7
401360781,CLE,3912848,17.0,0.0,1.7
401360781,CLE,4066328,10.0,6.4,4.4
401360781,CLE,4066336,38.0,15.5,11.2
401360781,CLE,4396907,34.0,13.1,11.3
401360781,CLE,4432158,36.0,18.3,15.2
401360781,CLE,4432822,22.0,-2.3,-2.4
401360781,TOR,3244,14.0,-1.8,-2.4
401360781,TOR,2578240,26.0,7.8,4.8
401360781,TOR,3133602,3.0,-2.5,-2.1
401360781,TOR,3133838,4.0,-0.7,-0.7
401360781,TOR,3149673,41.0,13.5,12.2
401360781,TOR,3948153,36.0,21.6,17.9
401360781,TOR,4066450,5.0,-0.4,0.0
401360781,TOR,4277843,38.0,6.9,5.5
401360781,TOR,4397885,9.0,0.3,0.0
401360781,TOR,4431679,21.0,5.0,2.3
401360781,TOR,4433134,42.0,22.4,18.2
401360782,IND,2566769,35.0,20.5,20.0
401360782,IND,2596247,9.0,1.0,0.7
401360782,IND,2990984,40.0,15.0,14.2
401360782,IND,4278031,27.0,2.9,2.5
401360782,IND,4279815,8.0,1.4,1.4
401360782,IND,4348700,24.0,17.5,16.9
401360782,IND,4396993,37.0,17.3,13.0
401360782,IND,4397189,29.0,16.1,14.3
401360782,IND,4397235,24.0,6.1,6.7
401360782,IND,4432170,8.0,4.4,4.3
401360782,WAS,4305,28.0,19.2,15.8
401360782,WAS,6621,14.0,10.8,10.9
401360782,WAS,2581018,33.0,16.2,15.0
401360782,WAS,2581184,10.0,5.9,6.1
401360782,WAS,2968361,11.0,4.9,4.0
401360782,WAS,3102531,21.0,20.7,19.3
401360782,WAS,3134907,36.0,21.6,18.1
401360782,WAS,4066648,16.0,1.8,-0.1
401360782,WAS,4278049,17.0,6.6,6.8
401360782,WAS,4280151,23.0,5.2,6.0
401360782,WAS,4683021,31.0,8.8,8.1
401360783,HOU,3431,31.0,6.0,4.6
401360783,HOU,3058254,37.0,26.8,22.7
401360783,HOU,3136777,27.0,3.6,2.4
401360783,HOU,3913180,25.0,9.5,7.4
401360783,HOU,4397140,37.0,17.9,17.4
401360783,HOU,4431828,10.0,0.9,1.0
401360783,HOU,4432168,17.0,2.8,3.5
401360783,HOU,4437244,35.0,17.7,17.0
401360783,HOU,4871144,22.0,7.3,6.7
401360783,MEM,2991235,37.0,29.5,25.7
401360783,MEM,2993874,18.0,3.2,0.1
401360783,MEM,3134932,10.0,3.6,3.4
401360783,MEM,3135046,20.0,9.6,7.1
401360783,MEM,3906665,27.0,8.2,7.1
401360783,MEM,4066320,36.0,19.4,18.1
401360783,MEM,4066436,26.0,1.0,-0.1
401360783,MEM,4277961,13.0,3.0,2.7
401360783,MEM,4279888,35.0,12.4,10.7
401360783,MEM,4433137,18.0,0.1,0.0
401360784,OKC,4066317,13.0,6.2,5.4
401360784,OKC,4278046,20.0,9.6,6.8
401360784,OKC,4278073,38.0,31.7,26.5
401360784,OKC,4397183,35.0,11.0,9.9
401360784,OKC,4423545,36.0,9.9,5.7
401360784,OKC,4432819,25.0,0.6,-0.2
401360784,OKC,4578893,20.0,4.4,4.0
401360784,OKC,4683018,34.0,10.9,6.8
401360784,OKC,4683027,19.0,4.3,3.2
401360784,UTA,3005,15.0,1.9,2.2
401360784,UTA,3593,34.0,27.7,27.6
401360784,UTA,4262,14.0,1.2,-1.0
401360784,UTA,2528426,27.0,6.5,7.9
401360784,UTA,2583632,34.0,9.4,5.7
401360784,UTA,2991155,14.0,3.6,3.4
401360784,UTA,3032976,34.0,15.5,11.2
401360784,UTA,3908809,35.0,19.1,19.2
401360784,UTA,4065656,28.0,5.3,4.8
401360784,UTA,4278039,5.0,3.0,2.7
401360785,LAC,3416,19.0,3.3,3.2
401360785,LAC,6443,27.0,2.5,1.5
401360785,LAC,6462,23.0,-3.8,-3.5
401360785,LAC,2490620,18.0,7.1,3.3
401360785,LAC,2581177,9.0,3.4,2.7
401360785,LAC,3056602,9.0,3.4,3.4
401360785,LAC,3907823,32.0,11.5,10.5
401360785,LAC,3913174,24.0,5.1,5.0
401360785,LAC,4017837,19.0,0.2,-0.3
401360785,LAC,4066387,31.0,9.8,9.9
401360785,LAC,4222252,21.0,12.5,12.8
401360785,LAC,4432162,9.0,1.9,1.9
401360785,NYK,6429,26.0,15.6,13.1
401360785,NYK,6588,29.0,3.9,3.3
401360785,NYK,2991047,6.0,2.7,2.7
401360785,NYK,3064514,29.0,1.8,-0.2
401360785,NYK,4277922,20.0,4.6,4.4
401360785,NYK,4351852,26.0,14.3,11.0
401360785,NYK,4395625,33.0,16.9,15.4
401360785,NYK,4395627,25.0,12.5,12.0
401360785,NYK,4395724,28.0,20.5,16.9
401360785,NYK,4431823,18.0,0.0,1.3
401360786,DEN,3209,34.0,7.9,6.4
401360786,DEN,4258,10.0,-3.8,-3.5
401360786,DEN,6579,24.0,8.8,6.0
401360786,DEN,6617,24.0,-0.9,-0.7
401360786,DEN,2327577,19.0,10.9,10.6
401360786,DEN,2994526,15.0,3.4,4.3
401360786,DEN,3059310,36.0,15.4,14.6
401360786,DEN,3064290,43.0,20.1,18.2
401360786,DEN,3112335,43.0,48.7,41.4
401360786,DEN,4592492,17.0,9.5,9.4
401360786,NOP,6477,30.0,13.2,12.6
401360786,NOP,2490149,43.0,21.3,20.9
401360786,NOP,2528353,22.0,6.0,6.1
401360786,NOP,2999409,22.0,8.1,5.7
401360786,NOP,3133601,21.0,7.0,6.9
401360786,NOP,3913176,40.0,27.1,26.5
401360786,NOP,4277813,40.0,2.5,0.3
401360786,NOP,4277869,11.0,6.3,5.4
401360786,NOP,4278594,9.0,4.8,3.6
401360786,NOP,4397077,26.0,5.7,3.7
401360787,ATL,2799,17.0,10.0,10.5
401360787,ATL,3428,21.0,8.7,8.3
401360787,ATL,3037789,39.0,16.0,15.8
401360787,ATL,3064447,27.0,7.7,4.5
401360787,ATL,3102529,33.0,12.9,10.2
401360787,ATL,3893019,1.0,0.0,0.0
401360787,ATL,3908845,32.0,12.2,11.1
401360787,ATL,4065732,37.0,8.2,8.2
401360787,ATL,4277905,39.0,5.8,6.0
401360787,ATL,4431680,19.0,0.8,0.0
401360787,DET,6446,22.0,4.3,3.8
401360787,DET,2488826,14.0,-0.1,-0.2
401360787,DET,2489663,17.0,4.5,5.2
401360787,DET,2991070,35.0,15.7,15.3
401360787,DET,4277848,36.0,17.6,13.9
401360787,DET,4277957,25.0,8.2,6.1
401360787,DET,4397136,32.0,2.8,3.9
401360787,DET,4432166,43.0,20.0,18.8
401360787,DET,4432810,10.0,-0.1,0.0
401360787,DET,4683024,31.0,13.6,12.5
401360788,CHI,3978,39.0,18.6,17.1
401360788,CHI,6474,29.0,9.9,9.8
401360788,CHI,2596112,36.0,6.5,5.1
401360788,CHI,3064440,37.0,12.8,12.6
401360788,CHI,3936099,21.0,8.9,5.5
401360788,CHI,4065673,6.0,0.2,0.7
401360788,CHI,4278508,6.0,2.0,2.0
401360788,CHI,4395651,34.0,13.9,12.7
401360788,CHI,4397002,31.0,6.1,5.0
401360788,PHI,3442,10.0,5.7,4.1
401360788,PHI,3988,10.0,6.0,3.4
401360788,PHI,3992,38.0,15.5,14.6
401360788,PHI,6440,37.0,4.8,5.7
401360788,PHI,2990969,19.0,9.4,10.1
401360788,PHI,3059318,36.0,36.6,30.0
401360788,PHI,3907498,28.0,7.4,8.7
401360788,PHI,3915195,14.0,3.0,2.7
401360788,PHI,4278562,1.0,0.7,0.7
401360788,PHI,4395702,11.0,0.9,0.6
401360788,PHI,4431678,36.0,12.6,12.1
401360789,HOU,3062744,13.0,0.4,1.0
401360789,HOU,3136777,25.0,4.4,3.4
401360789,HOU,3913180,20.0,-1.6,-2.8
401360789,HOU,4277952,3.0,4.4,3.7
401360789,HOU,4397140,29.0,15.7,14.6
401360789,HOU,4409222,3.0,0.7,0.0
401360789,HOU,4431828,33.0,13.5,9.4
401360789,HOU,4432168,29.0,14.3,11.8
401360789,HOU,4432176,23.0,5.5,5.4
401360789,HOU,4437244,31.0,13.2,14.1
401360789,HOU,4871144,30.0,8.9,8.3
401360789,MIA,3012,32.0,-0.5,-0.6
401360789,MIA,3033,25.0,9.0,7.1
401360789,MIA,6430,29.0,20.7,17.5
401360789,MIA,2527963,15.0,9.4,9.1
401360789,MIA,2580913,14.0,5.8,4.5
401360789,MIA,3074213,3.0,-0.8,-0.7
401360789,MIA,3137259,3.0,5.4,5.4
401360789,MIA,3138160,21.0,6.3,5.5
401360789,MIA,3157465,27.0,9.0,9.1
401360789,MIA,4065730,3.0,0.3,0.0
401360789,MIA,4065778,3.0,0.0,0.0
401360789,MIA,4066261,30.0,12.7,11.5
401360789,MIA,4291678,3.0,-1.1,-0.7
401360789,MIA,4395725,31.0,23.9,22.3
401360790,MIN,3964,22.0,6.3,4.1
401360790,MIN,2982268,12.0,3.7,1.9
401360790,MIN,2990962,17.0,-4.1,-4.5
401360790,MIN,3134916,20.0,12.4,9.5
401360790,MIN,3136195,24.0,25.4,22.0
401360790,MIN,3907822,28.0,12.8,10.9
401360790,MIN,4065663,20.0,6.5,5.4
401360790,MIN,4067325,10.0,5.6,4.4
401360790,MIN,4278077,19.0,6.5,4.4
401360790,MIN,4278541,12.0,5.4,5.1
401360790,MIN,4396971,21.0,16.2,13.4
401360790,MIN,4431671,26.0,4.1,2.6
401360790,MIN,4683025,9.0,-0.9,0.0
401360790,POR,2578213,8.0,0.2,-0.4
401360790,POR,3062679,28.0,0.9,-1.2
401360790,POR,3152335,14.0,7.5,8.0
401360790,POR,3914285,29.0,-1.1,-1.4
401360790,POR,4066446,19.0,-1.1,-3.2
401360790,POR,4397040,34.0,18.9,14.0
401360790,POR,4397166,30.0,0.0,-0.8
401360790,POR,4431675,30.0,8.3,8.5
401360790,POR,4432161,22.0,-3.3,-3.6
401360790,POR,4432192,26.0,5.8,4.5
401360791,DAL,6426,14.0,1.5,0.3
401360791,DAL,2528779,35.0,1.7,1.3
401360791,DAL,2531367,21.0,10.8,10.8
401360791,DAL,2578185,39.0,18.3,18.2
401360791,DAL,2580782,40.0,15.4,15.7
401360791,DAL,2960236,27.0,3.8,0.4
401360791,DAL,3057187,7.0,-0.4,-0.7
401360791,DAL,3945274,38.0,32.9,25.9
401360791,DAL,4432811,18.0,4.3,2.1
401360791,UTA,3005,13.0,7.3,5.7
401360791,UTA,3195,26.0,0.8,0.3
401360791,UTA,3593,31.0,17.7,17.5
401360791,UTA,4262,14.0,8.7,6.5
401360791,UTA,2528426,30.0,11.7,11.7
401360791,UTA,2583632,31.0,10.1,10.1
401360791,UTA,2991155,19.0,3.0,0.7
401360791,UTA,3032976,34.0,11.9,8.8
401360791,UTA,3908809,35.0,8.8,8.2
401360791,UTA,4065656,8.0,-0.8,-1.4
401360792,LAL,1975,30.0,10.0,9.1
401360792,LAL,2384,18.0,10.0,9.2
401360792,LAL,3415,19.0,3.6,3.0
401360792,LAL,3468,35.0,8.2,8.1
401360792,LAL,4240,17.0,4.2,5.4
401360792,LAL,3134881,30.0,7.6,4.4
401360792,LAL,4066262,34.0,8.5,6.3
401360792,LAL,4066457,27.0,9.8,9.5
401360792,LAL,4396991,31.0,13.5,12.4
401360792,SAS,2528588,28.0,6.7,5.7
401360792,SAS,2581190,30.0,14.3,13.1
401360792,SAS,3134908,25.0,17.6,17.9
401360792,SAS,3146557,13.0,9.7,8.9
401360792,SAS,3907497,38.0,21.1,16.0
401360792,SAS,4066650,9.0,2.2,3.0
401360792,SAS,4395626,25.0,10.9,6.0
401360792,SAS,4395723,32.0,5.9,4.9
401360792,SAS,4397008,16.0,4.5,4.2
401360792,SAS,4702176,23.0,4.3,3.3
401360793,NYK,3986,26.0,10.3,6.8
401360793,NYK,6429,36.0,4.7,2.3
401360793,NYK,6588,27.0,7.7,7.2
401360793,NYK,2991047,1.0,0.0,0.0
401360793,NYK,3064514,34.0,35.1,33.3
401360793,NYK,4277922,11.0,-1.0,-1.0
401360793,NYK,4351852,2.0,-0.8,0.0
401360793,NYK,4395625,37.0,20.3,19.9
401360793,NYK,4395627,16.0,4.0,2.4
401360793,NYK,4395724,31.0,24.8,23.9
401360793,NYK,4431823,20.0,0.5,0.6
401360793,SAC,6578,38.0,18.3,17.4
401360793,SAC,2284101,28.0,1.4,0.5
401360793,SAC,3064559,18.0,8.5,6.4
401360793,SAC,3136196,17.0,5.1,4.7
401360793,SAC,3155942,37.0,14.7,13.4
401360793,SAC,3934673,27.0,13.7,11.8
401360793,SAC,4066259,41.0,16.3,15.0
401360793,SAC,4066297,4.0,3.2,2.0
401360793,SAC,4278053,30.0,7.1,7.3
401360794,BKN,3202,40.0,6.5,7.2
401360794,BKN,3423,28.0,6.7,4.5
401360794,BKN,3999,11.0,6.4,5.8
401360794,BKN,4004,20.0,8.6,9.4
401360794,BKN,6442,38.0,44.1,43.1
401360794,BKN,6585,24.0,19.5,13.9
401360794,BKN,2326307,32.0,2.6,1.9
401360794,BKN,4065670,28.0,19.3,15.3
401360794,BKN,4278067,20.0,1.2,1.4
401360794,BKN,4397693,1.0,-1.0,-1.0
401360794,BKN,4432174,1.0,0.0,0.0
401360794,CHA,2488653,20.0,5.9,3.5
401360794,CHA,2991055,22.0,7.2,6.9
401360794,CHA,3074752,37.0,26.8,22.2
401360794,CHA,3133603,22.0,12.5,10.8
401360794,CHA,3138161,24.0,2.0,3.3
401360794,CHA,4066383,39.0,18.5,17.8
401360794,CHA,4066731,8.0,1.9,1.0
401360794,CHA,4278078,37.0,5.6,3.6
401360794,CHA,4432816,30.0,16.6,14.1
401360795,CLE,3026,11.0,1.7,0.4
401360795,CLE,3449,15.0,3.1,2.6
401360795,CLE,4259,10.0,4.2,4.4
401360795,CLE,3893016,12.0,-2.2,-2.4
401360795,CLE,3912848,37.0,10.9,8.1
401360795,CLE,4066336,30.0,18.3,17.2
401360795,CLE,4066405,19.0,7.9,6.0
401360795,CLE,4396907,37.0,37.0,34.9
401360795,CLE,4432158,36.0,26.5,18.8
401360795,CLE,4432822,33.0,9.3,8.1
401360795,IND,2566769,37.0,8.4,7.3
401360795,IND,2990984,38.0,15.5,14.4
401360795,IND,4278031,23.0,1.4,0.9
401360795,IND,4348700,18.0,16.3,15.3
401360795,IND,4396993,39.0,23.7,20.7
401360795,IND,4397189,28.0,11.8,11.0
401360795,IND,4397235,19.0,10.7,10.7
401360795,IND,4432170,22.0,12.0,8.6
401360795,IND,4592402,16.0,4.3,4.2
401360796,ORL,6619,20.0,4.0,3.8
401360796,ORL,2999547,27.0,8.9,7.4
401360796,ORL,3150844,16.0,8.5,6.3
401360796,ORL,4066636,17.0,6.7,6.4
401360796,ORL,4277847,32.0,15.9,13.4
401360796,ORL,4277919,22.0,7.8,5.0
401360796,ORL,4278052,26.0,3.2,2.9
401360796,ORL,4432809,28.0,5.0,5.3
401360796,ORL,4566434,28.0,0.9,1.0
401360796,ORL,4590530,24.0,5.9,2.4
401360796,PHX,3452,12.0,2.3,2.3
401360796,PHX,6581,32.0,0.5,-1.6
401360796,PHX,2528693,20.0,7.6,3.7
401360796,PHX,3059307,12.0,-1.8,-2.1
401360796,PHX,3064230,35.0,19.2,16.2
401360796,PHX,3147657,38.0,8.9,5.1
401360796,PHX,3914044,39.0,14.5,14.4
401360796,PHX,3922230,16.0,12.1,11.5
401360796,PHX,4278129,36.0,15.1,12.2
401360797,MEM,2991235,29.0,5.9,4.4
401360797,MEM,2993874,14.0,2.5,1.3
401360797,MEM,3134932,20.0,4.6,1.4
401360797,MEM,3135046,18.0,3.2,1.6
401360797,MEM,3906665,14.0,13.5,14.0
401360797,MEM,4066320,26.0,17.6,17.2
401360797,MEM,4066436,19.0,12.1,10.7
401360797,MEM,4066651,8.0,-4.6,-5.5
401360797,MEM,4277928,6.0,-1.5,-1.7
401360797,MEM,4277961,24.0,18.1,15.7
401360797,MEM,4277964,7.0,0.9,1.7
401360797,MEM,4278116,6.0,2.4,2.4
401360797,MEM,4279888,27.0,25.6,22.0
401360797,MEM,4433137,22.0,14.4,14.2
401360797,NOP,6477,21.0,3.1,2.5
401360797,NOP,2490149,31.0,27.4,26.4
401360797,NOP,2528353,22.0,0.1,-0.8
401360797,NOP,2999409,28.0,15.9,14.2
401360797,NOP,3132042,12.0,0.4,-2.1
401360797,NOP,3133601,24.0,10.1,9.2
401360797,NOP,4067045,17.0,3.4,2.0
401360797,NOP,4277813,24.0,11.3,10.9
401360797,NOP,4277869,20.0,9.9,5.4
401360797,NOP,4278594,27.0,6.5,5.3
401360797,NOP,4397077,14.0,-0.9,0.4
401360798,MIL,3439,18.0,12.4,10.2
401360798,MIL,3995,29.0,12.8,9.6
401360798,MIL,4032,5.0,-1.0,-1.0
401360798,MIL,6609,30.0,21.8,22.0
401360798,MIL,3032977,28.0,38.2,33.9
401360798,MIL,3062667,20.0,-0.1,0.4
401360798,MIL,3064482,28.0,21.6,16.3
401360798,MIL,3102533,4.0,1.3,1.7
401360798,MIL,3133635,25.0,11.6,9.8
401360798,MIL,4277883,38.0,5.3,4.7
401360798,MIL,4277887,6.0,-1.1,-1.4
401360798,MIL,4278580,9.0,8.2,8.1
401360798,OKC,4066317,25.0,12.6,10.7
401360798,OKC,4066392,26.0,11.3,10.5
401360798,OKC,4278046,11.0,1.3,0.3
401360798,OKC,4278073,35.0,32.9,28.0
401360798,OKC,4397183,30.0,4.3,4.7
401360798,OKC,4423545,22.0,3.0,2.7
401360798,OKC,4432819,29.0,2.3,1.9
401360798,OKC,4578893,19.0,6.3,6.1
401360798,OKC,4683018,28.0,12.5,11.4
401360798,OKC,4683027,14.0,2.0,1.7
401360799,GSW,3975,35.0,11.0,8.1
401360799,GSW,4269,19.0,4.9,3.1
401360799,GSW,6475,34.0,11.1,8.9
401360799,GSW,3059319,31.0,8.7,5.1
401360799,GSW,3137795,1.0,1.0,1.4
401360799,GSW,3155535,21.0,10.7,9.2
401360799,GSW,3907358,1.0,-0.4,0.0
401360799,GSW,4277956,30.0,16.4,13.9
401360799,GSW,4401416,11.0,-0.5,-1.0
401360799,GSW,4432171,30.0,10.7,9.2
401360799,GSW,4433247,26.0,21.4,20.6
401360799,LAC,3416,27.0,14.6,11.9
401360799,LAC,6443,28.0,0.9,0.3
401360799,LAC,6462,23.0,5.0,3.9
401360799,LAC,2581177,11.0,9.4,8.1
401360799,LAC,3056602,11.0,4.5,3.7
401360799,LAC,3907823,28.0,3.3,1.6
401360799,LAC,3913174,17.0,5.6,5.3
401360799,LAC,4017837,22.0,3.7,-0.7
401360799,LAC,4066387,30.0,4.5,1.9
401360799,LAC,4222252,26.0,16.6,13.0
401360799,LAC,4432162,18.0,6.7,6.0
401360800,BOS,3213,34.0,12.3,7.8
401360800,BOS,2451037,5.0,1.6,1.0
401360800,BOS,2990992,32.0,12.6,12.7
401360800,BOS,2991042,1.0,-0.7,-0.7
401360800,BOS,3064560,1.0,0.0,0.0
401360800,BOS,3078576,32.0,15.1,10.9
401360800,BOS,3133596,1.0,0.7,0.7
401360800,BOS,3917376,36.0,6.0,5.9
401360800,BOS,4065648,38.0,37.7,33.7
401360800,BOS,4065804,1.0,0.0,0.0
401360800,BOS,4066211,20.0,14.3,12.7
401360800,BOS,4066218,31.0,5.7,3.7
401360800,BOS,4066354,9.0,-0.1,-0.1
401360800,CHA,6472,11.0,4.0,4.0
401360800,CHA,2488653,30.0,12.7,8.2
401360800,CHA,2991055,17.0,9.0,8.5
401360800,CHA,3074752,38.0,9.9,4.9
401360800,CHA,3133603,16.0,4.3,3.9
401360800,CHA,3138161,16.0,5.5,4.2
401360800,CHA,4066383,39.0,10.9,9.2
401360800,CHA,4278076,1.0,-0.7,-0.7
401360800,CHA,4278078,42.0,13.5,11.5
401360800,CHA,4432816,28.0,7.3,6.5
401360800,CHA,4702233,1.0,0.0,0.0
401360801,CHI,3978,41.0,28.1,23.7
401360801,CHI,6474,19.0,3.7,2.6
401360801,CHI,6478,29.0,17.9,14.9
401360801,CHI,2596112,17.0,4.5,2.7
401360801,CHI,3064440,38.0,18.4,17.0
401360801,CHI,3936099,22.0,6.0,5.1
401360801,CHI,4278508,9.0,0.0,0.0
401360801,CHI,4395651,28.0,4.3,4.0
401360801,CHI,4397002,37.0,12.3,8.9
401360801,DET,6446,26.0,8.4,6.5
401360801,DET,2488826,13.0,7.3,6.4
401360801,DET,2489663,20.0,7.7,8.1
401360801,DET,2991070,32.0,7.6,5.2
401360801,DET,4080610,14.0,10.3,7.8
401360801,DET,4277848,28.0,6.3,6.7
401360801,DET,4277957,16.0,1.1,1.7
401360801,DET,4278124,20.0,8.4,7.1
401360801,DET,4397136,34.0,7.4,8.0
401360801,DET,4432166,36.0,12.5,13.3
401360802,MIA,3012,32.0,7.6,7.3
401360802,MIA,3033,25.0,9.5,6.7
401360802,MIA,2527963,17.0,4.0,3.4
401360802,MIA,2580913,14.0,1.9,-0.4
401360802,MIA,3074213,4.0,6.3,5.4
401360802,MIA,3137259,30.0,-1.3,-2.8
401360802,MIA,3138160,10.0,2.2,-1.1
401360802,MIA,3157465,31.0,14.8,14.3
401360802,MIA,4065778,12.0,0.3,0.0
401360802,MIA,4066261,30.0,14.7,11.6
401360802,MIA,4291678,5.0,0.7,0.4
401360802,MIA,4395725,31.0,7.1,5.5
401360802,PHX,3452,16.0,10.2,6.8
401360802,PHX,6427,3.0,1.6,1.7
401360802,PHX,6581,31.0,0.2,-0.8
401360802,PHX,2528693,16.0,-0.1,-1.4
401360802,PHX,2583639,3.0,-0.7,-1.7
401360802,PHX,3059307,3.0,0.3,-0.7
401360802,PHX,3064230,31.0,7.4,6.5
401360802,PHX,3136193,33.0,26.7,22.4
401360802,PHX,3147657,35.0,20.6,18.3
401360802,PHX,3914044,26.0,3.3,3.3
401360802,PHX,3922230,15.0,1.5,1.6
401360802,PHX,4278129,30.0,19.3,17.7
401360803,ATL,2799,16.0,7.0,7.2
401360803,ATL,3428,36.0,12.7,9.7
401360803,ATL,3037789,31.0,5.7,3.0
401360803,ATL,3064447,8.0,1.3,0.7
401360803,ATL,3102529,20.0,8.4,8.3
401360803,ATL,3908845,19.0,-5.6,-6.3
401360803,ATL,4065732,29.0,12.2,10.8
401360803,ATL,4066372,26.0,13.3,13.5
401360803,ATL,4277905,36.0,27.6,25.4
401360803,ATL,4431680,19.0,13.1,12.2
401360803,MIL,3439,18.0,4.8,2.0
401360803,MIL,3995,35.0,5.0,4.1
401360803,MIL,4032,20.0,0.8,1.3
401360803,MIL,6609,36.0,19.8,19.3
401360803,MIL,3032977,37.0,37.3,35.2
401360803,MIL,3062667,2.0,0.0,0.0
401360803,MIL,3064482,32.0,21.6,16.1
401360803,MIL,3133635,17.0,0.5,1.3
401360803,MIL,3135045,28.0,10.9,9.1
401360803,MIL,4277883,14.0,3.3,3.1
401360804,HOU,3431,38.0,8.9,7.7
401360804,HOU,3032979,23.0,10.3,10.8
401360804,HOU,3062744,7.0,2.9,1.6
401360804,HOU,3913180,19.0,5.8,4.0
401360804,HOU,4397140,36.0,12.4,9.2
401360804,HOU,4431828,40.0,12.0,10.9
401360804,HOU,4432168,22.0,17.2,17.2
401360804,HOU,4437244,38.0,23.4,22.6
401360804,HOU,4871144,40.0,17.0,12.5
401360804,LAL,1966,45.0,19.4,12.4
401360804,LAL,1975,30.0,8.2,7.0
401360804,LAL,3415,22.0,14.1,13.5
401360804,LAL,3468,40.0,25.0,23.6
401360804,LAL,4240,20.0,2.5,1.3
401360804,LAL,6637,9.0,-3.8,-3.0
401360804,LAL,3134881,25.0,5.0,2.6
401360804,LAL,4066262,40.0,16.8,14.5
401360804,LAL,4066264,2.0,-0.3,-0.2
401360804,LAL,4066457,33.0,15.2,13.1
401360805,MIN,2982268,4.0,3.0,3.4
401360805,MIN,2990962,23.0,14.3,10.8
401360805,MIN,3134916,12.0,4.0,3.4
401360805,MIN,3136195,29.0,13.9,9.9
401360805,MIN,3136776,29.0,9.4,8.3
401360805,MIN,3907822,30.0,25.9,25.2
401360805,MIN,4065663,10.0,3.9,2.3
401360805,MIN,4067325,6.0,5.6,4.3
401360805,MIN,4278541,27.0,8.5,8.2
401360805,MIN,4396971,14.0,12.8,10.1
401360805,MIN,4431671,25.0,11.8,10.5
401360805,MIN,4594268,25.0,8.6,6.4
401360805,MIN,4683025,5.0,-1.4,-1.4
401360805,OKC,4066317,28.0,4.3,2.9
401360805,OKC,4066392,36.0,14.3,11.6
401360805,OKC,4278046,9.0,-0.6,-0.3
401360805,OKC,4278073,31.0,1.4,-0.1
401360805,OKC,4397183,39.0,19.9,17.5
401360805,OKC,4423545,35.0,13.3,10.8
401360805,OKC,4578893,25.0,5.9,5.4
401360805,OKC,4683018,17.0,7.5,7.8
401360805,OKC,4683027,20.0,6.5,6.2
401360806,NOP,6477,34.0,30.2,25.0
401360806,NOP,2490149,38.0,19.9,19.5
401360806,NOP,2528353,31.0,-1.9,-3.8
401360806,NOP,2999409,4.0,0.6,0.0
401360806,NOP,3133601,29.0,5.8,3.0
401360806,NOP,4277813,27.0,8.7,10.8
401360806,NOP,4277869,19.0,4.7,4.4
401360806,NOP,4278594,11.0,-3.9,-3.8
401360806,NOP,4397077,24.0,6.7,5.3
401360806,NOP,4397688,24.0,5.5,3.0
401360806,ORL,6619,22.0,7.5,6.7
401360806,ORL,2999547,27.0,11.4,9.4
401360806,ORL,3150844,19.0,6.8,5.7
401360806,ORL,4277847,29.0,12.2,12.6
401360806,ORL,4277919,20.0,9.1,6.7
401360806,ORL,4278052,28.0,6.7,5.6
401360806,ORL,4432165,20.0,-4.3,-3.7
401360806,ORL,4432809,25.0,17.1,17.6
401360806,ORL,4566434,22.0,12.6,10.4
401360806,ORL,4590530,28.0,1.0,1.0
401360807,DAL,6426,13.0,-4.4,-4.2
401360807,DAL,2528779,30.0,-1.8,-4.3
401360807,DAL,2531367,21.0,6.8,7.8
401360807,DAL,2578185,35.0,5.9,5.8
401360807,DAL,2579260,5.0,3.7,3.7
401360807,DAL,2580782,28.0,6.4,7.4
401360807,DAL,2960236,27.0,-1.0,-0.1
401360807,DAL,3057187,5.0,-0.4,-1.4
401360807,DAL,3934672,25.0,1.1,-0.2
401360807,DAL,3945274,34.0,21.4,20.0
401360807,DAL,4432811,18.0,-1.5,-2.0
401360807,NYK,3986,19.0,8.5,10.2
401360807,NYK,6429,39.0,11.9,9.7
401360807,NYK,6588,25.0,2.1,3.3
401360807,NYK,2991047,4.0,-0.7,-0.7
401360807,NYK,3064514,34.0,18.2,16.9
401360807,NYK,4277922,6.0,4.1,4.0
401360807,NYK,4351852,24.0,17.4,11.9
401360807,NYK,4395625,38.0,11.9,11.0
401360807,NYK,4395724,31.0,10.4,9.4
401360807,NYK,4431823,22.0,-2.8,-2.1
401360808,SAS,2528588,23.0,0.1,0.9
401360808,SAS,2581190,19.0,3.3,2.4
401360808,SAS,3134908,34.0,10.5,9.3
401360808,SAS,3146557,7.0,1.6,1.7
401360808,SAS,3907497,34.0,27.8,23.8
401360808,SAS,4066650,10.0,3.6,4.0
401360808,SAS,4277890,27.0,7.4,7.6
401360808,SAS,4395626,20.0,-0.5,0.0
401360808,SAS,4395630,28.0,5.4,2.6
401360808,SAS,4395723,35.0,20.5,18.1
401360808,SAS,4397033,3.0,-0.7,-0.7
401360808,TOR,3244,20.0,5.1,5.1
401360808,TOR,2578240,17.0,2.4,2.0
401360808,TOR,2991230,34.0,20.3,17.3
401360808,TOR,3133602,2.0,-0.7,-0.7
401360808,TOR,3133838,2.0,1.3,1.7
401360808,TOR,3149673,37.0,15.6,14.1
401360808,TOR,3948153,12.0,2.0,1.7
401360808,TOR,4066450,4.0,0.0,0.0
401360808,TOR,4277843,35.0,11.8,10.0
401360808,TOR,4348697,2.0,1.6,0.6
401360808,TOR,4397885,21.0,9.1,7.2
401360808,TOR,4431679,21.0,5.3,6.7
401360808,TOR,4433134,34.0,17.5,16.9
401360809,POR,2578213,19.0,0.7,1.9
401360809,POR,3062679,26.0,2.4,0.9
401360809,POR,3152335,21.0,5.9,6.4
401360809,POR,3914285,19.0,4.5,2.0
401360809,POR,4066446,21.0,0.1,-1.7
401360809,POR,4397040,26.0,-2.4,-3.0
401360809,POR,4397166,24.0,7.4,7.4
401360809,POR,4431675,29.0,15.4,15.3
401360809,POR,4432161,25.0,1.3,2.3
401360809,POR,4432192,30.0,12.3,11.8
401360809,UTA,3005,17.0,4.5,4.0
401360809,UTA,3195,20.0,6.6,5.4
401360809,UTA,3593,24.0,22.4,21.5
401360809,UTA,4262,16.0,5.2,5.5
401360809,UTA,2528426,16.0,5.8,4.6
401360809,UTA,2583632,24.0,13.5,11.2
401360809,UTA,2991155,16.0,1.4,0.5
401360809,UTA,3032976,22.0,8.1,7.0
401360809,UTA,3133817,8.0,3.9,4.7
401360809,UTA,3908809,24.0,13.6,12.2
401360809,UTA,4017839,7.0,5.4,4.1
401360809,UTA,4065656,14.0,9.5,9.5
401360809,UTA,4066299,10.0,5.2,5.1
401360809,UTA,4278039,12.0,0.5,-0.3
401360809,UTA,4395695,10.0,2.9,3.0
401360810,DEN,4258,13.0,-1.5,-2.3
401360810,DEN,6617,32.0,2.0,2.3
401360810,DEN,2327577,20.0,5.3,3.0
401360810,DEN,2968334,18.0,4.7,4.2
401360810,DEN,2994526,16.0,4.8,5.6
401360810,DEN,3059262,22.0,6.6,5.4
401360810,DEN,3059310,30.0,17.7,14.9
401360810,DEN,3064290,34.0,8.1,6.8
401360810,DEN,3112335,35.0,36.1,30.8
401360810,DEN,4431690,20.0,2.6,-1.7
401360810,SAC,6578,39.0,14.5,13.7
401360810,SAC,2284101,31.0,8.6,5.0
401360810,SAC,2596107,11.0,0.7,2.0
401360810,SAC,3064559,37.0,6.0,2.5
401360810,SAC,3136196,35.0,10.1,7.4
401360810,SAC,3914283,18.0,6.7,3.4
401360810,SAC,3934673,12.0,-4.2,-4.5
401360810,SAC,4066259,37.0,26.0,25.4
401360810,SAC,4278053,21.0,6.0,4.8
401360811,LAC,3416,33.0,6.5,4.7
401360811,LAC,6443,40.0,23.0,22.0
401360811,LAC,6462,35.0,26.4,23.0
401360811,LAC,3907823,29.0,11.0,6.5
401360811,LAC,3913174,31.0,13.0,13.1
401360811,LAC,4017837,27.0,7.1,4.4
401360811,LAC,4066387,25.0,3.2,2.2
401360811,LAC,4222252,19.0,6.6,3.7
401360811,WAS,4305,16.0,10.0,7.2
401360811,WAS,6621,19.0,0.2,-1.7
401360811,WAS,2581018,35.0,16.9,13.4
401360811,WAS,2968361,23.0,9.3,9.4
401360811,WAS,3102531,26.0,12.5,12.5
401360811,WAS,3134907,33.0,10.8,8.8
401360811,WAS,4066648,24.0,15.0,13.8
401360811,WAS,4278049,22.0,14.7,11.9
401360811,WAS,4280151,24.0,5.6,5.0
401360811,WAS,4683021,19.0,-2.7,-4.5
401360812,BKN,3202,32.0,22.7,17.3
401360812,BKN,3423,22.0,4.7,3.1
401360812,BKN,3999,22.0,20.0,16.3
401360812,BKN,4004,21.0,9.7,8.1
401360812,BKN,6442,30.0,18.2,16.1
401360812,BKN,6585,21.0,9.4,7.3
401360812,BKN,2326307,27.0,23.2,17.6
401360812,BKN,4065670,29.0,5.3,5.3
401360812,BKN,4278067,22.0,12.4,9.1
401360812,BKN,4397693,6.0,-1.8,-2.4
401360812,BKN,4432174,8.0,0.2,1.0
401360812,PHI,3442,17.0,7.3,6.2
401360812,PHI,3992,29.0,2.8,0.5
401360812,PHI,6440,29.0,13.1,12.5
401360812,PHI,2990969,23.0,8.0,6.3
401360812,PHI,3059318,30.0,17.2,15.7
401360812,PHI,3907498,25.0,0.9,0.3
401360812,PHI,3915195,24.0,-0.3,0.0
401360812,PHI,3929325,14.0,4.2,3.3
401360812,PHI,4278562,8.0,6.9,6.1
401360812,PHI,4395702,12.0,2.7,2.0
401360812,PHI,4431678,29.0,0.5,-0.4
401360813,DEN,3209,29.0,13.1,12.2
401360813,DEN,4258,14.0,2.9,2.5
401360813,DEN,6617,31.0,-1.3,-1.4
401360813,DEN,2327577,17.0,7.7,6.1
401360813,DEN,2994526,17.0,2.7,3.6
401360813,DEN,3059262,16.0,6.7,5.7
401360813,DEN,3059310,30.0,14.3,12.1
401360813,DEN,3064290,32.0,6.4,3.8
401360813,DEN,3112335,32.0,16.9,13.5
401360813,DEN,4592492,22.0,8.0,7.0
401360813,GSW,3975,38.0,28.1,23.8
401360813,GSW,4269,20.0,2.5,0.4
401360813,GSW,6475,33.0,11.1,8.5
401360813,GSW,2595209,6.0,-1.1,-0.7
401360813,GSW,3059319,34.0,4.4,1.8
401360813,GSW,3155535,27.0,13.7,13.1
401360813,GSW,4277956,34.0,17.5,18.3
401360813,GSW,4401416,7.0,-1.1,-1.4
401360813,GSW,4432171,18.0,4.8,5.4
401360813,GSW,4433247,22.0,13.3,13.8
401360814,MIN,3964,4.0,6.2,6.4
401360814,MIN,2990962,17.0,-1.5,-1.1
401360814,MIN,3136195,34.0,19.5,14.8
401360814,MIN,3136776,39.0,9.3,9.1
401360814,MIN,3907822,32.0,7.2,4.3
401360814,MIN,4278077,20.0,2.7,1.0
401360814,MIN,4278541,13.0,12.4,12.6
401360814,MIN,4396971,14.0,0.9,1.0
401360814,MIN,4431671,32.0,10.0,7.8
401360814,MIN,4594268,34.0,19.5,18.8
401360814,ORL,6619,16.0,0.3,-0.7
401360814,ORL,3150844,13.0,16.9,15.8
401360814,ORL,4066636,18.0,16.4,14.5
401360814,ORL,4277847,35.0,16.8,16.2
401360814,ORL,4277919,32.0,25.9,21.9
401360814,ORL,4278052,15.0,1.8,0.3
401360814,ORL,4432165,26.0,1.2,0.7
401360814,ORL,4432809,30.0,11.5,9.8
401360814,ORL,4566434,32.0,6.2,5.4
401360814,ORL,4590530,22.0,5.7,5.4
401360815,ATL,2799,12.0,-1.1,-1.1
401360815,ATL,3428,30.0,10.5,8.7
401360815,ATL,3037789,28.0,10.1,8.5
401360815,ATL,3064447,5.0,2.7,1.7
401360815,ATL,3102529,26.0,17.2,13.4
401360815,ATL,3908845,23.0,5.7,6.0
401360815,ATL,4065732,26.0,6.4,7.8
401360815,ATL,4066372,36.0,13.4,11.1
401360815,ATL,4277905,37.0,23.3,21.9
401360815,ATL,4431680,17.0,6.4,7.5
401360815,LAC,3416,34.0,10.1,8.0
401360815,LAC,6443,40.0,14.2,12.4
401360815,LAC,6462,24.0,7.1,4.9
401360815,LAC,3907823,21.0,3.0,3.0
401360815,LAC,3913174,31.0,14.6,13.2
401360815,LAC,4017837,36.0,26.7,23.5
401360815,LAC,4066387,36.0,5.9,5.7
401360815,LAC,4222252,12.0,0.6,1.0
401360815,LAC,4432162,6.0,-1.1,-0.7
401360816,BOS,3213,30.0,4.4,3.0
401360816,BOS,2451037,11.0,-0.8,-1.3
401360816,BOS,2990992,33.0,22.6,17.5
401360816,BOS,2991042,2.0,0.6,0.6
401360816,BOS,3078576,24.0,9.9,8.1
401360816,BOS,3133596,2.0,-0.7,-0.7
401360816,BOS,3917376,34.0,11.8,10.2
401360816,BOS,4065648,38.0,23.5,21.9
401360816,BOS,4065804,2.0,-0.4,0.0
401360816,BOS,4066211,34.0,16.0,13.9
401360816,BOS,4066218,18.0,6.3,6.1
401360816,BOS,4066354,13.0,3.8,3.0
401360816,BOS,4066467,2.0,-0.7,-0.7
401360816,DET,6446,31.0,8.1,9.1
401360816,DET,2489663,13.0,5.2,5.8
401360816,DET,2991070,38.0,11.6,8.5
401360816,DET,4277848,34.0,15.5,11.9
401360816,DET,4277951,2.0,3.6,3.7
401360816,DET,4277957,14.0,-1.0,-2.0
401360816,DET,4278124,18.0,-0.6,0.3
401360816,DET,4278566,10.0,7.3,7.1
401360816,DET,4397136,40.0,10.2,9.5
401360816,DET,4432166,41.0,14.3,13.0
401360817,CLE,3026,14.0,4.1,3.8
401360817,CLE,3449,22.0,10.5,8.2
401360817,CLE,4259,10.0,1.2,0.7
401360817,CLE,3057198,2.0,2.4,2.4
401360817,CLE,3893016,16.0,5.1,5.0
401360817,CLE,3912848,20.0,3.1,3.0
401360817,CLE,4066336,32.0,10.8,8.7
401360817,CLE,4066405,18.0,-3.4,-2.8
401360817,CLE,4277916,2.0,2.7,2.7
401360817,CLE,4396907,37.0,13.7,14.0
401360817,CLE,4397126,2.0,1.3,1.7
401360817,CLE,4432158,34.0,19.3,15.5
401360817,CLE,4432822,30.0,4.6,5.4
401360817,MIA,3012,32.0,4.9,4.6
401360817,MIA,3033,29.0,3.2,2.4
401360817,MIA,6430,34.0,24.0,20.1
401360817,MIA,2527963,18.0,3.1,3.0
401360817,MIA,2580913,14.0,0.1,0.6
401360817,MIA,3074213,1.0,2.7,2.4
401360817,MIA,3137259,1.0,0.0,0.0
401360817,MIA,3157465,24.0,5.8,6.7
401360817,MIA,4065778,19.0,12.9,11.4
401360817,MIA,4066261,33.0,28.9,22.3
401360817,MIA,4291678,1.0,-0.4,0.0
401360817,MIA,4395725,34.0,16.0,14.7
401360818,DAL,4376,2.0,-0.7,-0.7
401360818,DAL,6426,21.0,0.2,-0.2
401360818,DAL,2528779,36.0,3.1,2.6
401360818,DAL,2531367,32.0,28.2,25.8
401360818,DAL,2579260,23.0,7.9,8.4
401360818,DAL,2580782,33.0,14.8,12.8
401360818,DAL,2960236,4.0,-0.9,0.0
401360818,DAL,3057187,17.0,-0.5,-0.7
401360818,DAL,3945274,36.0,23.9,19.0
401360818,DAL,4432811,36.0,12.1,7.4
401360818,HOU,3431,21.0,5.6,4.7
401360818,HOU,3032979,24.0,3.8,2.7
401360818,HOU,3062744,15.0,7.1,6.8
401360818,HOU,3913180,24.0,8.9,6.0
401360818,HOU,4277952,23.0,16.1,13.3
401360818,HOU,4397140,26.0,10.8,10.5
401360818,HOU,4431828,30.0,3.7,3.5
401360818,HOU,4432168,26.0,9.8,8.3
401360818,HOU,4432176,5.0,1.3,1.3
401360818,HOU,4437244,27.0,10.4,8.8
401360818,HOU,4871144,20.0,0.8,0.3
401360819,MEM,2991235,25.0,5.3,4.3
401360819,MEM,2993874,19.0,8.4,4.7
401360819,MEM,3134932,16.0,5.2,4.8
401360819,MEM,3135046,20.0,11.2,11.1
401360819,MEM,3906665,25.0,14.0,9.2
401360819,MEM,4066320,28.0,5.3,4.4
401360819,MEM,4066436,18.0,1.5,-0.4
401360819,MEM,4277961,27.0,11.1,8.7
401360819,MEM,4279888,38.0,25.8,23.0
401360819,MEM,4433137,24.0,9.3,8.4
401360819,NYK,3986,15.0,1.2,3.0
401360819,NYK,6429,35.0,17.0,16.5
401360819,NYK,6588,29.0,8.8,8.4
401360819,NYK,3064514,40.0,27.1,23.0
401360819,NYK,4277922,6.0,-1.1,-1.3
401360819,NYK,4351852,34.0,17.2,11.0
401360819,NYK,4395625,40.0,10.4,8.0
401360819,NYK,4395724,31.0,5.6,5.3
401360819,NYK,4431823,11.0,-1.5,-0.7
401360820,CHA,6472,16.0,11.7,10.4
401360820,CHA,2488653,20.0,11.0,9.6
401360820,CHA,2991055,23.0,13.3,11.9
401360820,CHA,3074752,33.0,21.8,19.3
401360820,CHA,3133603,15.0,3.7,4.7
401360820,CHA,3138161,28.0,15.8,14.9
401360820,CHA,4066383,29.0,28.8,26.4
401360820,CHA,4066731,17.0,2.5,2.3
401360820,CHA,4278076,1.0,0.3,0.0
401360820,CHA,4278078,24.0,2.5,3.8
401360820,CHA,4432816,31.0,19.9,15.9
401360820,CHA,4702233,1.0,0.0,0.0
401360820,NOP,6477,25.0,4.5,2.6
401360820,NOP,2528353,12.0,-3.1,-2.7
401360820,NOP,2999409,22.0,14.2,12.9
401360820,NOP,3133601,34.0,16.7,13.6
401360820,NOP,4277813,34.0,13.0,12.5
401360820,NOP,4277869,22.0,-0.6,0.6
401360820,NOP,4278594,29.0,16.1,12.6
401360820,NOP,4397077,35.0,11.2,9.7
401360820,NOP,4397688,28.0,26.5,26.6
401360821,SAS,2581190,34.0,9.5,8.4
401360821,SAS,3134908,29.0,10.9,9.7
401360821,SAS,3146557,6.0,-2.1,-1.4
401360821,SAS,3907497,37.0,19.0,11.7
401360821,SAS,4066650,19.0,15.4,14.9
401360821,SAS,4277890,29.0,7.3,5.7
401360821,SAS,4395626,13.0,4.0,2.4
401360821,SAS,4395630,27.0,4.6,2.6
401360821,SAS,4395723,37.0,7.8,6.2
401360821,SAS,4397033,7.0,0.0,0.0
401360821,UTA,3005,13.0,4.1,4.6
401360821,UTA,3195,31.0,5.2,0.9
401360821,UTA,4262,16.0,10.9,9.7
401360821,UTA,2528426,24.0,11.3,9.3
401360821,UTA,2583632,34.0,3.8,3.4
401360821,UTA,2991155,29.0,6.6,4.6
401360821,UTA,3032976,32.0,17.3,11.8
401360821,UTA,3908809,35.0,13.8,12.8
401360821,UTA,4065656,20.0,2.3,1.0
401360821,UTA,4278039,7.0,-0.4,-0.7
401360822,PHX,3452,18.0,4.8,1.0
401360822,PHX,6427,10.0,3.6,3.1
401360822,PHX,6581,24.0,13.2,10.8
401360822,PHX,2528693,14.0,1.5,2.0
401360822,PHX,3064230,37.0,16.1,14.4
401360822,PHX,3136193,37.0,15.9,14.5
401360822,PHX,3147657,38.0,9.3,8.0
401360822,PHX,3914044,21.0,-0.5,-0.7
401360822,PHX,3922230,11.0,8.4,7.1
401360822,PHX,4278129,30.0,14.4,12.6
401360822,TOR,3244,19.0,5.5,3.0
401360822,TOR,2578240,26.0,3.5,3.1
401360822,TOR,2991230,38.0,2.8,1.3
401360822,TOR,3149673,41.0,19.5,18.9
401360822,TOR,3948153,12.0,3.6,2.4
401360822,TOR,4277843,40.0,33.2,31.9
401360822,TOR,4397885,10.0,2.3,1.3
401360822,TOR,4431679,16.0,6.9,5.3
401360822,TOR,4433134,37.0,13.6,6.7
401360823,LAL,1966,36.0,42.5,40.9
401360823,LAL,1975,21.0,3.1,3.3
401360823,LAL,3415,20.0,-0.8,-0.7
401360823,LAL,3468,31.0,3.6,2.2
401360823,LAL,3134881,27.0,8.5,6.1
401360823,LAL,4066262,30.0,17.5,18.6
401360823,LAL,4066264,13.0,1.7,2.7
401360823,LAL,4066457,32.0,10.3,8.5
401360823,LAL,4396991,30.0,10.6,9.3
401360823,WAS,4305,18.0,4.2,3.7
401360823,WAS,6621,20.0,16.4,14.6
401360823,WAS,2581018,30.0,-0.6,-1.1
401360823,WAS,2581184,2.0,0.0,0.0
401360823,WAS,2968361,23.0,6.7,5.4
401360823,WAS,3102531,25.0,15.4,11.7
401360823,WAS,3134907,32.0,12.2,11.1
401360823,WAS,4066648,26.0,12.4,11.4
401360823,WAS,4278049,20.0,9.0,5.1
401360823,WAS,4280151,34.0,13.8,15.1
401360823,WAS,4683021,11.0,-1.4,-1.8
401360824,MIA,3012,37.0,10.4,9.7
401360824,MIA,3033,23.0,1.4,2.1
401360824,MIA,6461,17.0,-0.6,-1.0
401360824,MIA,2580913,15.0,1.3,0.0
401360824,MIA,3137259,25.0,-0.6,-2.1
401360824,MIA,3157465,17.0,0.8,2.0
401360824,MIA,4065778,31.0,13.9,14.1
401360824,MIA,4066261,33.0,17.2,12.0
401360824,MIA,4291678,5.0,2.7,2.7
401360824,MIA,4395725,37.0,24.0,20.3
401360824,MIN,2990962,23.0,6.3,5.5
401360824,MIN,3134916,21.0,7.3,4.4
401360824,MIN,3136195,25.0,8.3,7.2
401360824,MIN,3136776,34.0,10.2,7.4
401360824,MIN,3907822,31.0,7.3,7.0
401360824,MIN,4278541,22.0,10.0,10.0
401360824,MIN,4396971,24.0,14.5,8.4
401360824,MIN,4431671,24.0,10.4,10.2
401360824,MIN,4594268,36.0,17.8,12.1
401360825,CHI,3978,40.0,14.2,12.3
401360825,CHI,6474,14.0,5.1,4.4
401360825,CHI,6478,34.0,12.4,8.3
401360825,CHI,2596112,26.0,12.4,8.7
401360825,CHI,2991350,29.0,12.2,8.8
401360825,CHI,3936099,15.0,0.5,0.3
401360825,CHI,4278508,9.0,-0.5,-0.7
401360825,CHI,4395651,36.0,10.7,7.2
401360825,CHI,4397002,36.0,14.9,12.9
401360825,CLE,3026,17.0,6.7,6.7
401360825,CLE,3449,34.0,9.2,6.4
401360825,CLE,4259,4.0,0.3,0.0
401360825,CLE,3057198,5.0,-0.3,-0.3
401360825,CLE,3893016,33.0,8.9,6.9
401360825,CLE,3912848,21.0,3.7,4.0
401360825,CLE,4066405,13.0,1.3,0.3
401360825,CLE,4396907,42.0,12.6,11.0
401360825,CLE,4432158,39.0,10.5,7.4
401360825,CLE,4432822,34.0,6.6,4.4
401360826,IND,2596247,17.0,7.3,8.1
401360826,IND,2990984,36.0,10.1,8.4
401360826,IND,4278031,27.0,10.5,8.1
401360826,IND,4348700,20.0,12.0,9.5
401360826,IND,4396993,37.0,16.9,13.3
401360826,IND,4397189,24.0,6.7,2.0
401360826,IND,4397235,21.0,13.5,14.5
401360826,IND,4432170,24.0,10.4,8.0
401360826,IND,4592402,34.0,12.0,11.1
401360826,SAS,2528588,3.0,3.0,3.0
401360826,SAS,2581190,36.0,10.0,8.3
401360826,SAS,3136779,8.0,1.5,1.0
401360826,SAS,3146557,35.0,25.6,23.1
401360826,SAS,4066650,20.0,8.5,8.5
401360826,SAS,4277890,33.0,13.4,11.6
401360826,SAS,4395626,37.0,13.5,8.8
401360826,SAS,4395630,37.0,12.0,10.7
401360826,SAS,4702176,31.0,-2.0,-2.7
401360827,GSW,3975,33.0,9.1,6.6
401360827,GSW,4269,22.0,7.1,7.5
401360827,GSW,6475,34.0,31.4,28.7
401360827,GSW,2595209,3.0,0.0,0.0
401360827,GSW,3059319,36.0,19.1,17.6
401360827,GSW,3137795,3.0,0.0,0.0
401360827,GSW,3155535,23.0,4.9,2.8
401360827,GSW,3907358,2.0,1.3,1.0
401360827,GSW,4277956,35.0,26.9,24.9
401360827,GSW,4401416,3.0,-0.1,-0.1
401360827,GSW,4432171,18.0,-0.2,-1.4
401360827,GSW,4433247,28.0,9.7,8.4
401360827,MIL,3439,17.0,12.1,11.8
401360827,MIL,3995,33.0,11.7,9.8
401360827,MIL,4032,23.0,-1.9,-2.1
401360827,MIL,6609,35.0,14.1,11.7
401360827,MIL,3032977,34.0,24.1,22.1
401360827,MIL,3062667,4.0,0.6,0.0
401360827,MIL,3064482,22.0,2.7,1.3
401360827,MIL,3102533,3.0,3.7,3.4
401360827,MIL,3133635,26.0,11.8,9.5
401360827,MIL,3135045,28.0,8.1,8.0
401360827,MIL,4277883,11.0,0.2,-0.7
401360827,MIL,4278580,3.0,2.6,2.7
401360828,DEN,3209,24.0,8.1,8.0
401360828,DEN,4258,16.0,3.7,0.9
401360828,DEN,6579,32.0,8.8,9.2
401360828,DEN,6617,24.0,9.4,8.5
401360828,DEN,2327577,20.0,1.4,1.7
401360828,DEN,2968334,1.0,0.0,0.0
401360828,DEN,2994526,15.0,5.2,5.0
401360828,DEN,3059262,27.0,3.0,1.7
401360828,DEN,3059310,28.0,9.8,9.2
401360828,DEN,3112335,31.0,27.2,24.8
401360828,DEN,4065805,1.0,0.0,0.0
401360828,DEN,4592492,19.0,15.6,15.9
401360828,TOR,3244,23.0,11.0,8.2
401360828,TOR,2578240,21.0,8.0,8.2
401360828,TOR,3133602,1.0,-0.7,-0.7
401360828,TOR,3133838,1.0,2.7,2.7
401360828,TOR,3149673,36.0,28.6,26.6
401360828,TOR,3948153,30.0,23.4,19.6
401360828,TOR,4066450,22.0,6.3,3.4
401360828,TOR,4277843,31.0,0.3,-1.4
401360828,TOR,4397885,17.0,2.5,3.1
401360828,TOR,4431679,21.0,8.4,8.7
401360828,TOR,4433134,39.0,25.7,22.7
401360829,SAC,6578,35.0,13.8,13.5
401360829,SAC,6591,8.0,0.9,0.0
401360829,SAC,6603,13.0,6.4,5.4
401360829,SAC,2284101,9.0,2.3,2.7
401360829,SAC,2993370,23.0,5.9,4.7
401360829,SAC,3064559,25.0,8.2,7.5
401360829,SAC,3136196,24.0,9.7,9.5
401360829,SAC,3914283,23.0,11.4,9.7
401360829,SAC,3934673,17.0,2.8,3.4
401360829,SAC,4066259,41.0,32.3,30.3
401360829,SAC,4278053,21.0,8.2,7.6
401360829,UTA,3005,13.0,4.0,3.4
401360829,UTA,3593,35.0,19.2,18.7
401360829,UTA,4262,35.0,17.3,10.7
401360829,UTA,2528426,35.0,36.2,35.7
401360829,UTA,2583632,35.0,7.5,7.5
401360829,UTA,2991155,25.0,6.9,6.0
401360829,UTA,3133817,13.0,0.8,1.3
401360829,UTA,3908809,36.0,16.7,14.7
401360829,UTA,4395695,12.0,3.2,4.1
401360830,POR,2578213,16.0,-3.7,-3.6
401360830,POR,3062679,36.0,41.3,36.5
401360830,POR,3914285,39.0,19.0,16.7
401360830,POR,4066446,3.0,-0.4,-1.0
401360830,POR,4397040,40.0,5.7,3.2
401360830,POR,4397166,37.0,6.8,6.8
401360830,POR,4431675,38.0,25.7,23.7
401360830,POR,4432161,17.0,6.0,5.7
401360830,POR,4432192,15.0,5.0,4.4
401360830,WAS,4305,25.0,9.4,8.3
401360830,WAS,6621,16.0,1.2,-2.0
401360830,WAS,2581018,32.0,20.3,20.4
401360830,WAS,2581184,12.0,5.3,5.4
401360830,WAS,2968361,17.0,6.7,4.8
401360830,WAS,3134907,30.0,12.2,11.7
401360830,WAS,3934723,23.0,11.0,8.4
401360830,WAS,4066648,17.0,7.3,5.7
401360830,WAS,4278049,15.0,12.4,12.9
401360830,WAS,4280151,39.0,14.3,11.4
401360830,WAS,4683021,14.0,-0.5,-1.4
401360831,BKN,3202,43.0,38.6,36.3
401360831,BKN,3423,38.0,6.6,4.5
401360831,BKN,3999,31.0,3.5,1.4
401360831,BKN,4004,31.0,2.2,2.3
401360831,BKN,6585,27.0,15.5,13.5
401360831,BKN,4065670,41.0,13.8,12.2
401360831,BKN,4278067,21.0,12.7,9.1
401360831,BKN,4432174,8.0,0.0,0.0
401360831,NYK,3986,2.0,0.3,0.0
401360831,NYK,6429,36.0,2.2,0.4
401360831,NYK,6588,34.0,20.4,20.0
401360831,NYK,3064514,37.0,17.7,17.1
401360831,NYK,4277922,23.0,9.6,7.6
401360831,NYK,4278355,8.0,7.3,7.1
401360831,NYK,4351852,22.0,9.4,8.2
401360831,NYK,4395625,42.0,13.4,10.5
401360831,NYK,4395724,25.0,5.1,2.3
401360831,NYK,4431823,11.0,0.3,0.7
401360832,DET,6446,35.0,8.0,7.4
401360832,DET,2489663,15.0,5.1,5.7
401360832,DET,2991070,37.0,12.6,12.0
401360832,DET,4277848,32.0,11.8,11.5
401360832,DET,4277957,27.0,9.6,8.8
401360832,DET,4278124,17.0,3.4,3.8
401360832,DET,4397136,34.0,9.5,5.1
401360832,DET,4432166,44.0,20.7,17.0
401360832,LAC,3416,26.0,2.6,1.0
401360832,LAC,6443,40.0,15.4,12.2
401360832,LAC,6462,35.0,22.4,21.8
401360832,LAC,3907823,23.0,7.5,6.8
401360832,LAC,3913174,25.0,12.0,11.4
401360832,LAC,4017837,30.0,13.6,9.4
401360832,LAC,4066387,36.0,3.1,3.3
401360832,LAC,4222252,17.0,11.7,11.1
401360832,LAC,4432162,7.0,0.6,0.3
401360833,BOS,3213,33.0,22.4,14.5
401360833,BOS,2990992,34.0,11.8,8.0
401360833,BOS,3078576,22.0,-1.9,-1.9
401360833,BOS,3917376,35.0,7.1,5.7
401360833,BOS,4065648,41.0,13.0,10.9
401360833,BOS,4066211,35.0,11.6,12.3
401360833,BOS,4066218,22.0,-0.6,-2.1
401360833,BOS,4066354,17.0,2.8,3.3
401360833,DAL,6426,6.0,3.2,1.3
401360833,DAL,2531367,23.0,2.5,2.4
401360833,DAL,2578185,38.0,17.3,13.8
401360833,DAL,2579260,11.0,0.3,0.3
401360833,DAL,2580782,37.0,11.5,9.4
401360833,DAL,2960236,29.0,2.8,-1.7
401360833,DAL,3057187,4.0,-1.1,-1.4
401360833,DAL,3934672,37.0,6.8,7.1
401360833,DAL,3945274,39.0,24.0,18.6
401360833,DAL,4432811,17.0,2.4,4.4
401360834,ORL,2999547,18.0,5.9,6.7
401360834,ORL,3150844,14.0,6.0,5.7
401360834,ORL,4066636,19.0,12.9,10.0
401360834,ORL,4277847,39.0,16.8,12.7
401360834,ORL,4277919,33.0,2.6,1.3
401360834,ORL,4278052,20.0,11.1,10.8
401360834,ORL,4432165,22.0,9.9,7.4
401360834,ORL,4432809,37.0,13.5,13.0
401360834,ORL,4566434,35.0,6.0,3.6
401360834,ORL,4590530,27.0,7.5,7.3
401360834,PHI,3442,12.0,0.6,-0.3
401360834,PHI,3992,44.0,19.9,15.8
401360834,PHI,6440,44.0,22.6,19.5
401360834,PHI,2990969,36.0,11.4,11.4
401360834,PHI,3059318,41.0,29.5,23.9
401360834,PHI,3907498,18.0,-3.4,-2.4
401360834,PHI,3915195,12.0,-0.4,0.0
401360834,PHI,4395702,13.0,3.6,2.7
401360834,PHI,4431678,45.0,6.3,6.7
401360835,ATL,2799,13.0,3.0,1.7
401360835,ATL,3428,28.0,14.4,13.6
401360835,ATL,3037789,31.0,10.9,8.4
401360835,ATL,3064447,13.0,2.9,1.7
401360835,ATL,3102529,22.0,14.5,11.3
401360835,ATL,4065732,37.0,9.1,10.4
401360835,ATL,4066372,35.0,7.3,6.0
401360835,ATL,4277905,35.0,39.4,37.7
401360835,ATL,4431680,26.0,13.3,13.2
401360835,IND,2596247,18.0,-1.5,-1.4
401360835,IND,2990984,39.0,15.9,15.7
401360835,IND,4278031,29.0,11.0,10.7
401360835,IND,4279815,25.0,14.8,14.5
401360835,IND,4396993,40.0,21.3,20.8
401360835,IND,4397189,27.0,16.5,12.9
401360835,IND,4397235,34.0,12.9,11.4
401360835,IND,4432170,28.0,12.6,9.1
401360836,HOU,3058254,26.0,7.6,5.1
401360836,HOU,3062744,14.0,14.3,13.0
401360836,HOU,3136777,20.0,5.8,7.1
401360836,HOU,3913180,29.0,3.5,3.9
401360836,HOU,4277952,2.0,-0.5,0.0
401360836,HOU,4397140,26.0,-0.1,-1.1
401360836,HOU,4431828,26.0,1.1,2.0
401360836,HOU,4432168,26.0,6.8,6.0
401360836,HOU,4432176,22.0,7.8,7.5
401360836,HOU,4437244,27.0,10.7,9.8
401360836,HOU,4871143,7.0,3.9,1.7
401360836,HOU,4871144,15.0,5.3,6.8
401360836,NOP,6477,27.0,30.4,28.1
401360836,NOP,2999409,17.0,15.5,12.9
401360836,NOP,3002137,20.0,3.0,2.8
401360836,NOP,3133601,28.0,10.7,8.8
401360836,NOP,4067045,4.0,0.3,-0.7
401360836,NOP,4277813,30.0,-2.2,-1.8
401360836,NOP,4277869,30.0,21.4,16.0
401360836,NOP,4278594,37.0,15.0,11.7
401360836,NOP,4397077,27.0,18.9,16.0
401360836,NOP,4397688,21.0,8.3,7.1
401360837,MEM,2991235,25.0,13.0,10.0
401360837,MEM,2993874,18.0,8.3,5.1
401360837,MEM,3135046,18.0,12.0,8.8
401360837,MEM,3155526,26.0,10.2,10.8
401360837,MEM,3906665,23.0,11.7,8.8
401360837,MEM,4066320,31.0,18.5,16.8
401360837,MEM,4066436,14.0,-3.2,-2.4
401360837,MEM,4277961,30.0,13.1,12.7
401360837,MEM,4279888,33.0,14.7,13.9
401360837,MEM,4433137,22.0,10.3,9.5
401360837,OKC,4066317,30.0,15.7,12.8
401360837,OKC,4066392,16.0,1.3,0.9
401360837,OKC,4278046,16.0,0.5,1.1
401360837,OKC,4278073,38.0,28.4,24.5
401360837,OKC,4423545,39.0,23.0,19.3
401360837,OKC,4432819,36.0,11.4,10.4
401360837,OKC,4578893,20.0,-0.9,-1.3
401360837,OKC,4683018,20.0,7.6,6.8
401360837,OKC,4683027,26.0,7.0,6.3
401360838,LAL,1966,30.0,23.6,20.8
401360838,LAL,1975,18.0,12.1,12.6
401360838,LAL,2384,17.0,4.6,4.5
401360838,LAL,3415,9.0,-0.1,-1.0
401360838,LAL,3468,29.0,5.6,5.7
401360838,LAL,3981,9.0,4.6,3.4
401360838,LAL,4240,25.0,5.2,5.7
401360838,LAL,6637,6.0,-0.8,-1.4
401360838,LAL,3134881,11.0,1.4,1.3
401360838,LAL,4066262,27.0,10.4,9.2
401360838,LAL,4066264,12.0,4.2,4.3
401360838,LAL,4066457,25.0,8.8,6.6
401360838,LAL,4396991,22.0,-2.6,-3.5
401360838,PHX,3452,10.0,9.2,9.5
401360838,PHX,6427,11.0,1.0,1.3
401360838,PHX,6581,28.0,9.8,6.0
401360838,PHX,2528693,20.0,7.7,6.8
401360838,PHX,2583639,8.0,4.8,4.8
401360838,PHX,3059307,12.0,-1.9,-1.1
401360838,PHX,3064230,24.0,12.1,11.3
401360838,PHX,3136193,32.0,25.3,22.3
401360838,PHX,3147657,29.0,18.6,17.0
401360838,PHX,3914044,15.0,6.4,6.1
401360838,PHX,3922230,24.0,14.6,10.5
401360838,PHX,4278129,27.0,26.4,22.5
401360839,CLE,3449,18.0,6.2,4.9
401360839,CLE,4259,6.0,1.4,1.4
401360839,CLE,2991043,25.0,10.2,9.5
401360839,CLE,3057198,12.0,1.7,-0.3
401360839,CLE,3893016,8.0,-0.1,-0.1
401360839,CLE,3906786,12.0,1.8,0.7
401360839,CLE,4066336,46.0,15.3,12.7
401360839,CLE,4066405,13.0,1.6,2.0
401360839,CLE,4396907,46.0,19.4,18.6
401360839,CLE,4432158,40.0,24.3,20.4
401360839,CLE,4432822,39.0,21.1,19.8
401360839,LAC,3416,33.0,5.9,2.4
401360839,LAC,2581177,11.0,-1.1,-0.3
401360839,LAC,3056602,20.0,8.3,6.7
401360839,LAC,3907823,45.0,12.7,8.8
401360839,LAC,3913174,40.0,9.4,9.4
401360839,LAC,4017837,36.0,23.3,22.2
401360839,LAC,4066387,40.0,9.2,9.5
401360839,LAC,4222252,20.0,12.7,11.0
401360839,LAC,4432162,21.0,6.6,7.0
401360840,ATL,2799,16.0,4.6,1.7
401360840,ATL,3037789,24.0,8.2,6.3
401360840,ATL,3064447,30.0,10.0,5.4
401360840,ATL,3102529,28.0,8.8,4.7
401360840,ATL,3893019,8.0,3.2,3.0
401360840,ATL,4065732,34.0,14.8,10.8
401360840,ATL,4066372,36.0,8.4,8.0
401360840,ATL,4277905,39.0,38.9,37.1
401360840,ATL,4278075,7.0,0.3,0.0
401360840,ATL,4431680,20.0,12.0,11.4
401360840,POR,2991139,20.0,-2.6,-3.7
401360840,POR,3062679,38.0,23.8,22.4
401360840,POR,3914285,30.0,15.7,12.3
401360840,POR,4066446,13.0,5.5,6.4
401360840,POR,4397040,36.0,10.7,9.3
401360840,POR,4397166,29.0,9.0,7.6
401360840,POR,4431675,39.0,18.6,15.5
401360840,POR,4432161,13.0,2.6,1.1
401360840,POR,4432192,23.0,2.3,0.9
401360841,DEN,3209,21.0,5.6,4.5
401360841,DEN,4258,14.0,6.7,6.8
401360841,DEN,6579,32.0,13.5,13.7
401360841,DEN,6617,19.0,3.5,2.7
401360841,DEN,2327577,23.0,10.3,9.2
401360841,DEN,2994526,12.0,0.8,2.0
401360841,DEN,3059310,34.0,10.9,9.8
401360841,DEN,3064290,20.0,6.0,5.1
401360841,DEN,3112335,34.0,21.1,14.5
401360841,DEN,4592492,31.0,14.8,13.6
401360841,PHI,3442,12.0,1.7,0.9
401360841,PHI,3988,14.0,-0.9,-2.1
401360841,PHI,3992,39.0,25.0,22.0
401360841,PHI,6440,37.0,7.3,4.9
401360841,PHI,2990969,25.0,0.9,0.8
401360841,PHI,3059318,36.0,26.1,23.9
401360841,PHI,3907498,26.0,13.9,7.2
401360841,PHI,3915195,8.0,3.4,3.4
401360841,PHI,4431678,42.0,14.5,14.4
401360842,CHA,6472,17.0,10.4,10.1
401360842,CHA,2488653,28.0,14.7,8.9
401360842,CHA,2991055,18.0,5.2,6.1
401360842,CHA,3074752,32.0,25.9,23.3
401360842,CHA,3133603,17.0,8.3,6.5
401360842,CHA,3138161,21.0,11.4,8.4
401360842,CHA,4066383,30.0,26.6,25.1
401360842,CHA,4066731,13.0,-0.9,-0.4
401360842,CHA,4278076,2.0,1.0,1.0
401360842,CHA,4278078,30.0,5.9,3.0
401360842,CHA,4432816,30.0,18.9,16.9
401360842,CHA,4702233,2.0,2.0,1.7
401360842,OKC,4066317,24.0,3.3,-0.4
401360842,OKC,4066392,10.0,0.3,0.0
401360842,OKC,4278046,32.0,7.8,7.1
401360842,OKC,4278073,36.0,24.5,24.7
401360842,OKC,4423545,35.0,18.0,16.8
401360842,OKC,4432819,30.0,12.7,10.8
401360842,OKC,4578893,15.0,8.6,8.8
401360842,OKC,4683018,27.0,11.1,10.9
401360842,OKC,4683027,31.0,4.4,2.7
401360843,MIN,3964,30.0,22.7,21.3
401360843,MIN,2990962,28.0,11.3,11.1
401360843,MIN,3136195,36.0,46.5,43.0
401360843,MIN,3136776,29.0,20.6,17.7
401360843,MIN,3907822,19.0,-0.7,-0.7
401360843,MIN,4065663,1.0,0.0,0.0
401360843,MIN,4067325,8.0,0.9,1.3
401360843,MIN,4278541,26.0,11.9,11.2
401360843,MIN,4431671,32.0,9.9,7.4
401360843,MIN,4594268,30.0,3.6,2.4
401360843,SAS,2581190,23.0,0.5,-2.0
401360843,SAS,3134908,29.0,17.6,16.9
401360843,SAS,3146557,3.0,2.3,2.0
401360843,SAS,3907497,36.0,24.3,23.0
401360843,SAS,4066650,19.0,3.8,1.0
401360843,SAS,4277890,26.0,17.7,17.2
401360843,SAS,4395626,16.0,4.3,5.9
401360843,SAS,4395630,31.0,16.5,11.8
401360843,SAS,4395723,37.0,28.5,28.3
401360843,SAS,4397033,3.0,-1.8,-1.4
401360843,SAS,4702176,17.0,2.2,2.0
401360844,GSW,3975,35.0,40.5,38.1
401360844,GSW,4269,24.0,7.5,7.2
401360844,GSW,6475,33.0,10.0,9.2
401360844,GSW,6589,20.0,7.1,4.8
401360844,GSW,2594922,22.0,5.8,5.3
401360844,GSW,3155535,24.0,6.6,4.5
401360844,GSW,4277956,32.0,14.7,13.0
401360844,GSW,4401416,2.0,0.0,0.0
401360844,GSW,4432171,19.0,1.5,2.0
401360844,GSW,4433247,28.0,12.1,8.9
401360844,WAS,4305,24.0,9.3,9.1
401360844,WAS,6621,6.0,-0.4,0.0
401360844,WAS,2581018,35.0,14.9,13.4
401360844,WAS,2581184,2.0,0.3,0.0
401360844,WAS,2968361,22.0,12.8,9.0
401360844,WAS,3102531,27.0,20.9,19.2
401360844,WAS,3134907,31.0,4.9,4.0
401360844,WAS,4066648,23.0,9.3,8.8
401360844,WAS,4278049,21.0,5.4,5.3
401360844,WAS,4280151,20.0,1.2,0.7
401360844,WAS,4683021,29.0,11.4,11.0
401360845,CHI,3978,40.0,15.4,14.8
401360845,CHI,6474,15.0,1.9,-1.0
401360845,CHI,6478,33.0,15.2,13.7
401360845,CHI,2596112,17.0,6.2,5.1
401360845,CHI,2991350,27.0,-1.3,-1.1
401360845,CHI,3064440,36.0,21.4,20.5
401360845,CHI,3936099,18.0,6.3,2.4
401360845,CHI,4395651,23.0,7.9,8.7
401360845,CHI,4397002,31.0,0.9,1.0
401360845,SAC,6578,37.0,7.6,4.1
401360845,SAC,6591,6.0,-0.5,-1.3
401360845,SAC,2993370,10.0,-0.2,0.0
401360845,SAC,3136196,24.0,12.2,10.5
401360845,SAC,3155942,38.0,14.2,12.7
401360845,SAC,3914283,20.0,10.5,7.4
401360845,SAC,3934673,35.0,15.2,12.8
401360845,SAC,4066259,42.0,23.5,22.2
401360845,SAC,4066297,2.0,-1.8,-1.0
401360845,SAC,4278053,26.0,11.2,9.4
401360846,MIL,3438,14.0,3.3,0.7
401360846,MIL,3439,7.0,1.8,1.0
401360846,MIL,3448,15.0,3.0,3.6
401360846,MIL,3995,37.0,24.8,19.8
401360846,MIL,4032,26.0,3.5,3.7
401360846,MIL,6609,35.0,14.8,13.0
401360846,MIL,3032977,34.0,23.3,20.1
401360846,MIL,3064482,28.0,4.9,3.0
401360846,MIL,3133635,21.0,7.4,6.8
401360846,MIL,3135045,24.0,6.6,6.4
401360846,UTA,3005,22.0,1.2,2.0
401360846,UTA,3195,32.0,28.4,27.4
401360846,UTA,4262,16.0,6.2,3.0
401360846,UTA,2528426,32.0,-1.1,-1.2
401360846,UTA,2583632,38.0,7.6,6.0
401360846,UTA,2991155,7.0,1.6,1.3
401360846,UTA,3032976,32.0,18.0,14.8
401360846,UTA,3133817,16.0,4.0,3.7
401360846,UTA,3908809,40.0,14.2,12.9
401360846,UTA,4278039,4.0,0.0,0.0
401360846,UTA,4395695,1.0,0.0,0.0
401360847,LAL,1966,40.0,20.7,19.1
401360847,LAL,1975,28.0,10.3,9.6
401360847,LAL,3415,5.0,-1.1,-1.4
401360847,LAL,3468,35.0,13.4,11.4
401360847,LAL,3981,25.0,6.6,4.7
401360847,LAL,4240,5.0,1.5,2.3
401360847,LAL,3134881,15.0,2.2,1.0
401360847,LAL,4066262,24.0,1.3,0.6
401360847,LAL,4066264,19.0,0.1,-1.1
401360847,LAL,4066457,17.0,-2.3,-2.9
401360847,LAL,4396991,27.0,18.8,16.9
401360847,TOR,3244,15.0,4.0,0.4
401360847,TOR,2578240,11.0,1.4,0.6
401360847,TOR,2991230,40.0,6.8,4.9
401360847,TOR,3149673,35.0,22.0,17.7
401360847,TOR,3948153,20.0,12.2,11.1
401360847,TOR,4066450,4.0,-0.7,-0.7
401360847,TOR,4277843,36.0,22.0,21.6
401360847,TOR,4397885,5.0,-1.1,-1.1
401360847,TOR,4431679,33.0,10.4,5.4
401360847,TOR,4433134,40.0,19.3,16.6
401360848,IND,4244,16.0,3.8,4.7
401360848,IND,2566769,28.0,6.2,5.4
401360848,IND,2596247,8.0,3.8,3.8
401360848,IND,2990984,27.0,8.0,7.1
401360848,IND,4278031,21.0,0.6,1.2
401360848,IND,4279815,27.0,13.5,12.0
401360848,IND,4396993,30.0,3.1,1.8
401360848,IND,4397189,27.0,10.2,8.5
401360848,IND,4397235,18.0,9.6,7.4
401360848,IND,4432170,21.0,2.4,1.9
401360848,IND,4592402,18.0,2.5,2.3
401360848,MEM,2991235,23.0,16.5,14.4
401360848,MEM,2993874,21.0,4.9,3.1
401360848,MEM,3134932,19.0,12.5,10.6
401360848,MEM,3135046,26.0,10.8,9.2
401360848,MEM,3155526,24.0,5.0,3.8
401360848,MEM,3906665,18.0,14.8,12.2
401360848,MEM,4066320,23.0,18.9,16.2
401360848,MEM,4066436,28.0,17.7,14.2
401360848,MEM,4066651,6.0,-0.4,0.0
401360848,MEM,4277928,7.0,2.5,1.9
401360848,MEM,4277961,21.0,18.6,14.1
401360848,MEM,4277964,7.0,2.3,2.7
401360848,MEM,4433137,16.0,7.2,6.7
401360849,BKN,3202,30.0,20.3,18.6
401360849,BKN,3423,20.0,-0.9,-0.6
401360849,BKN,3989,12.0,5.9,4.4
401360849,BKN,3999,22.0,5.8,6.2
401360849,BKN,4004,22.0,12.1,12.1
401360849,BKN,6442,35.0,53.8,49.1
401360849,BKN,6585,18.0,5.0,4.7
401360849,BKN,4065670,32.0,15.0,11.2
401360849,BKN,4278067,24.0,8.9,7.4
401360849,BKN,4397693,25.0,13.6,11.5
401360849,ORL,6619,10.0,-1.4,-1.4
401360849,ORL,3150844,22.0,14.8,13.8
401360849,ORL,3918423,13.0,1.5,1.7
401360849,ORL,4066636,20.0,2.0,0.2
401360849,ORL,4277847,26.0,18.0,16.6
401360849,ORL,4277919,17.0,4.3,5.7
401360849,ORL,4278052,30.0,4.8,4.6
401360849,ORL,4397205,18.0,1.2,2.0
401360849,ORL,4432809,25.0,15.4,15.0
401360849,ORL,4566434,28.0,8.4,8.3
401360849,ORL,4590530,31.0,0.3,0.2
401360850,DET,6446,18.0,5.1,6.5
401360850,DET,2488826,20.0,4.2,4.3
401360850,DET,2489663,13.0,7.7,5.5
401360850,DET,2991070,39.0,13.5,10.0
401360850,DET,4277848,30.0,8.2,7.3
401360850,DET,4277957,32.0,16.5,14.9
401360850,DET,4397136,37.0,8.3,8.6
401360850,DET,4432810,22.0,-0.2,-1.4
401360850,DET,4683024,30.0,6.0,6.2
401360850,MIA,3012,34.0,7.0,5.7
401360850,MIA,3033,32.0,3.0,2.7
401360850,MIA,6430,18.0,6.3,5.3
401360850,MIA,6461,17.0,5.9,5.4
401360850,MIA,2527963,16.0,1.2,2.4
401360850,MIA,2580913,15.0,0.8,1.4
401360850,MIA,3137259,13.0,-1.8,-2.4
401360850,MIA,3157465,21.0,7.6,7.2
401360850,MIA,4065778,16.0,11.4,10.8
401360850,MIA,4066261,24.0,12.1,11.3
401360850,MIA,4395725,34.0,23.4,22.7
401360851,NOP,6477,30.0,15.2,11.6
401360851,NOP,2490149,32.0,15.3,13.2
401360851,NOP,2999409,12.0,4.9,5.1
401360851,NOP,3002137,16.0,1.0,0.9
401360851,NOP,3133601,28.0,9.3,9.1
401360851,NOP,4277813,32.0,18.8,16.5
401360851,NOP,4277869,19.0,4.0,3.4
401360851,NOP,4278594,16.0,1.2,1.4
401360851,NOP,4397077,31.0,13.6,12.4
401360851,NOP,4397688,24.0,10.1,8.0
401360851,PHX,3452,21.0,15.4,16.2
401360851,PHX,6427,4.0,-0.1,0.7
401360851,PHX,6581,22.0,9.3,8.8
401360851,PHX,2528693,28.0,7.9,7.7
401360851,PHX,2583639,4.0,1.0,0.7
401360851,PHX,3059307,4.0,4.0,4.4
401360851,PHX,3064230,27.0,19.3,16.1
401360851,PHX,3136193,30.0,23.7,21.0
401360851,PHX,3147657,36.0,14.5,13.8
401360851,PHX,3914044,20.0,3.6,3.3
401360851,PHX,3922230,22.0,4.1,1.4
401360851,PHX,4278129,23.0,15.6,14.2
401360852,ATL,2799,11.0,4.2,4.0
401360852,ATL,3428,14.0,4.6,4.4
401360852,ATL,3037789,32.0,4.2,4.2
401360852,ATL,3064447,14.0,-0.5,0.0
401360852,ATL,3102529,31.0,17.2,14.6
401360852,ATL,3893019,10.0,1.1,2.3
401360852,ATL,4065732,37.0,15.2,14.7
401360852,ATL,4066372,36.0,10.6,8.0
401360852,ATL,4277905,38.0,9.0,6.3
401360852,ATL,4431680,17.0,14.4,14.0
401360852,CHA,6472,9.0,0.9,1.0
401360852,CHA,2488653,22.0,12.7,10.9
401360852,CHA,2991055,20.0,19.1,18.9
401360852,CHA,3074752,35.0,12.2,9.7
401360852,CHA,3133603,19.0,2.7,2.6
401360852,CHA,3138161,26.0,2.3,0.4
401360852,CHA,4066383,33.0,17.3,14.5
401360852,CHA,4066731,14.0,1.3,1.0
401360852,CHA,4278078,26.0,17.1,13.1
401360852,CHA,4432816,36.0,20.8,18.3
401360853,CLE,3449,17.0,6.7,5.0
401360853,CLE,2991043,25.0,10.0,9.4
401360853,CLE,3057198,14.0,10.7,9.4
401360853,CLE,3906786,11.0,1.0,-0.3
401360853,CLE,4066336,33.0,11.7,9.3
401360853,CLE,4066405,19.0,8.4,6.8
401360853,CLE,4396907,38.0,19.3,17.4
401360853,CLE,4397126,11.0,7.5,5.4
401360853,CLE,4432158,31.0,11.0,9.9
401360853,CLE,4432822,41.0,13.7,13.4
401360853,PHI,3442,13.0,4.9,3.4
401360853,PHI,3988,21.0,5.1,4.0
401360853,PHI,3992,42.0,19.7,17.5
401360853,PHI,6440,39.0,13.6,13.2
401360853,PHI,2990969,19.0,1.8,1.3
401360853,PHI,3059318,35.0,32.5,30.1
401360853,PHI,3907498,26.0,1.6,0.9
401360853,PHI,3915195,3.0,-0.4,0.0
401360853,PHI,4395702,4.0,-1.5,-0.7
401360853,PHI,4431678,38.0,17.9,18.5
401360854,DEN,3209,21.0,7.2,5.4
401360854,DEN,4258,20.0,9.3,9.4
401360854,DEN,6579,26.0,5.5,3.7
401360854,DEN,6617,21.0,11.0,10.8
401360854,DEN,2327577,27.0,1.1,2.1
401360854,DEN,2968334,1.0,0.7,0.7
401360854,DEN,2994526,17.0,4.1,4.9
401360854,DEN,3059262,1.0,0.0,0.0
401360854,DEN,3059310,31.0,11.6,11.5
401360854,DEN,3064290,22.0,8.2,8.0
401360854,DEN,3112335,26.0,32.4,27.2
401360854,DEN,4065805,1.0,2.0,2.0
401360854,DEN,4592492,24.0,15.5,13.9
401360854,WAS,4305,23.0,4.5,1.9
401360854,WAS,6621,5.0,2.7,2.4
401360854,WAS,2581018,27.0,8.1,5.2
401360854,WAS,2581184,3.0,1.0,0.0
401360854,WAS,2968361,19.0,6.0,5.9
401360854,WAS,3102531,23.0,13.1,11.3
401360854,WAS,3134907,27.0,6.8,3.8
401360854,WAS,3934723,11.0,8.3,7.7
401360854,WAS,4066648,27.0,9.7,7.4
401360854,WAS,4278049,14.0,6.1,6.0
401360854,WAS,4280151,34.0,9.6,9.4
401360854,WAS,4683021,28.0,18.2,17.2
401360855,BKN,3202,40.0,16.6,16.6
401360855,BKN,3423,36.0,13.9,14.2
401360855,BKN,3999,16.0,-0.8,-0.4
401360855,BKN,4004,36.0,6.2,3.9
401360855,BKN,6585,22.0,16.9,15.1
401360855,BKN,4065670,39.0,13.8,13.5
401360855,BKN,4278067,26.0,13.5,14.0
401360855,BKN,4397693,20.0,9.8,9.8
401360855,BKN,4432174,6.0,-1.1,-0.7
401360855,DAL,6426,9.0,2.3,2.7
401360855,DAL,2531367,30.0,14.6,13.3
401360855,DAL,2578185,34.0,4.6,5.4
401360855,DAL,2580782,33.0,19.1,16.4
401360855,DAL,2960236,30.0,2.7,2.7
401360855,DAL,3057187,9.0,-0.1,0.3
401360855,DAL,3934672,34.0,12.3,11.5
401360855,DAL,3945274,39.0,31.3,26.7
401360855,DAL,4230547,3.0,0.3,0.0
401360855,DAL,4432811,18.0,3.2,3.3
401360856,NYK,6429,27.0,8.3,6.3
401360856,NYK,6588,28.0,14.0,12.5
401360856,NYK,2991047,4.0,3.0,2.7
401360856,NYK,3064514,34.0,15.5,12.2
401360856,NYK,4277922,24.0,4.5,3.4
401360856,NYK,4278355,14.0,10.7,9.8
401360856,NYK,4351852,24.0,9.4,5.1
401360856,NYK,4395625,40.0,27.4,24.5
401360856,NYK,4395724,25.0,19.2,17.9
401360856,NYK,4431823,20.0,11.6,8.8
401360856,POR,2578213,14.0,0.6,2.3
401360856,POR,2991139,28.0,12.1,12.0
401360856,POR,3062679,28.0,9.3,8.6
401360856,POR,3135047,19.0,4.7,4.0
401360856,POR,3152335,5.0,-1.1,-1.4
401360856,POR,3914285,30.0,10.8,9.6
401360856,POR,4066446,5.0,0.9,1.3
401360856,POR,4397040,29.0,6.1,5.2
401360856,POR,4397166,22.0,5.1,5.7
401360856,POR,4431675,32.0,8.6,8.4
401360856,POR,4432161,12.0,-0.3,0.2
401360856,POR,4432192,18.0,4.9,5.8
401360857,HOU,3032979,28.0,14.0,13.9
401360857,HOU,3058254,27.0,10.8,8.8
401360857,HOU,3136777,24.0,10.7,9.8
401360857,HOU,3913180,14.0,4.3,2.0
401360857,HOU,4397140,36.0,20.1,16.6
401360857,HOU,4431828,19.0,11.3,9.1
401360857,HOU,4432168,18.0,1.3,1.3
401360857,HOU,4432176,12.0,-1.3,-0.8
401360857,HOU,4437244,36.0,14.0,13.2
401360857,HOU,4871144,26.0,7.9,6.1
401360857,PHX,3452,16.0,7.7,6.8
401360857,PHX,6427,6.0,-0.4,-0.7
401360857,PHX,2528693,34.0,25.3,21.8
401360857,PHX,2583639,1.0,0.0,0.0
401360857,PHX,3059307,9.0,-2.5,-2.4
401360857,PHX,3064230,32.0,8.2,6.6
401360857,PHX,3136193,36.0,26.1,25.0
401360857,PHX,3147657,44.0,23.7,20.2
401360857,PHX,3914044,15.0,4.5,5.7
401360857,PHX,3922230,16.0,3.3,2.5
401360857,PHX,4278129,31.0,18.5,17.5
401360858,LAL,1966,37.0,6.0,4.1
401360858,LAL,1975,26.0,7.3,8.9
401360858,LAL,2384,16.0,3.5,3.1
401360858,LAL,3415,11.0,6.4,6.1
401360858,LAL,3468,36.0,11.1,9.7
401360858,LAL,3981,18.0,5.3,4.7
401360858,LAL,4240,14.0,3.5,2.7
401360858,LAL,3134881,7.0,3.0,3.4
401360858,LAL,4066262,30.0,11.5,8.8
401360858,LAL,4066264,15.0,7.8,7.7
401360858,LAL,4066457,22.0,5.3,4.4
401360858,LAL,4396991,9.0,-0.5,-0.7
401360858,MIN,3964,29.0,19.7,16.2
401360858,MIN,2982268,1.0,2.7,2.7
401360858,MIN,2990962,25.0,10.4,9.0
401360858,MIN,3134916,15.0,2.4,1.1
401360858,MIN,3136195,26.0,19.7,18.8
401360858,MIN,3136776,30.0,1.4,1.5
401360858,MIN,3907822,22.0,7.8,6.4
401360858,MIN,4065663,1.0,0.0,0.0
401360858,MIN,4067325,14.0,5.0,5.5
401360858,MIN,4278077,25.0,4.8,2.5
401360858,MIN,4278541,18.0,4.5,4.6
401360858,MIN,4594268,32.0,19.0,16.3
401360858,MIN,4683025,1.0,0.7,0.7
401360859,OKC,4066317,12.0,0.8,-2.1
401360859,OKC,4066392,14.0,7.6,8.3
401360859,OKC,4278046,18.0,4.2,5.1
401360859,OKC,4278073,35.0,31.1,26.3
401360859,OKC,4397183,26.0,-2.8,-3.1
401360859,OKC,4423545,33.0,20.2,17.1
401360859,OKC,4432819,29.0,5.4,4.1
401360859,OKC,4578893,20.0,6.8,5.4
401360859,OKC,4683018,27.0,13.6,12.7
401360859,OKC,4683027,25.0,12.1,9.6
401360859,SAS,2581190,28.0,10.9,9.1
401360859,SAS,3134908,29.0,14.8,12.0
401360859,SAS,3146557,4.0,2.4,2.4
401360859,SAS,3907497,36.0,28.3,23.0
401360859,SAS,4066650,15.0,6.5,6.1
401360859,SAS,4277890,22.0,11.0,10.1
401360859,SAS,4395626,18.0,3.0,3.4
401360859,SAS,4395630,32.0,1.6,1.3
401360859,SAS,4395723,35.0,20.4,17.8
401360859,SAS,4702176,20.0,4.8,4.4
401360860,CHI,3978,35.0,15.8,15.5
401360860,CHI,6474,16.0,7.2,4.7
401360860,CHI,6478,29.0,6.8,3.6
401360860,CHI,2596112,22.0,5.9,4.1
401360860,CHI,2991350,25.0,-2.7,-3.4
401360860,CHI,3059311,3.0,-1.1,-1.4
401360860,CHI,3064440,33.0,28.2,25.1
401360860,CHI,3936099,19.0,3.0,2.0
401360860,CHI,4065673,3.0,-1.0,-1.0
401360860,CHI,4278508,4.0,2.3,1.7
401360860,CHI,4395651,20.0,7.8,9.1
401360860,CHI,4397002,31.0,12.6,12.6
401360860,UTA,3005,18.0,-1.9,-1.7
401360860,UTA,3195,27.0,11.3,9.4
401360860,UTA,4262,13.0,4.6,3.4
401360860,UTA,2528426,35.0,18.2,15.8
401360860,UTA,2583632,32.0,7.7,7.5
401360860,UTA,3032976,33.0,21.0,14.2
401360860,UTA,3133817,2.0,-0.7,-0.7
401360860,UTA,3908809,29.0,25.2,25.9
401360860,UTA,4017839,23.0,1.3,-0.2
401360860,UTA,4066303,2.0,0.0,0.0
401360860,UTA,4278039,22.0,12.6,10.6
401360860,UTA,4395695,3.0,2.7,1.7
401360861,BOS,3213,32.0,3.1,1.6
401360861,BOS,2451037,11.0,4.2,4.1
401360861,BOS,2990992,34.0,22.2,20.4
401360861,BOS,2991042,3.0,2.7,2.7
401360861,BOS,3078576,22.0,-2.8,-3.8
401360861,BOS,3917376,35.0,17.1,16.0
401360861,BOS,4065648,37.0,18.6,15.6
401360861,BOS,4065804,3.0,2.7,2.7
401360861,BOS,4066211,24.0,13.5,8.9
401360861,BOS,4066218,21.0,5.5,4.1
401360861,BOS,4066354,18.0,6.2,6.7
401360861,BOS,4066467,2.0,0.3,0.0
401360861,GSW,3975,14.0,-2.5,-2.0
401360861,GSW,6475,33.0,5.0,5.1
401360861,GSW,6589,22.0,4.3,1.7
401360861,GSW,2594922,25.0,4.5,0.9
401360861,GSW,2595209,17.0,-1.0,-2.5
401360861,GSW,3137795,7.0,2.4,2.4
401360861,GSW,3155535,27.0,11.8,9.6
401360861,GSW,3907358,15.0,3.1,2.7
401360861,GSW,4277956,34.0,22.4,20.7
401360861,GSW,4401416,14.0,7.3,6.8
401360861,GSW,4432171,9.0,2.6,2.7
401360861,GSW,4433247,22.0,1.4,1.5
401360862,MIL,3438,17.0,4.1,3.9
401360862,MIL,3439,18.0,4.8,5.4
401360862,MIL,3448,15.0,-0.4,0.6
401360862,MIL,3995,35.0,15.9,11.0
401360862,MIL,4032,20.0,11.2,8.1
401360862,MIL,6609,34.0,28.9,24.6
401360862,MIL,3032977,35.0,27.8,23.9
401360862,MIL,3064482,30.0,14.3,11.9
401360862,MIL,3133635,13.0,3.5,2.7
401360862,MIL,3135045,23.0,5.3,5.1
401360862,SAC,6578,22.0,8.6,8.1
401360862,SAC,6591,3.0,-0.1,0.0
401360862,SAC,2284101,20.0,5.2,5.0
401360862,SAC,2993370,13.0,5.7,5.1
401360862,SAC,3136196,33.0,13.6,9.8
401360862,SAC,3155942,39.0,19.2,16.7
401360862,SAC,3914283,12.0,8.6,9.2
401360862,SAC,3934673,30.0,15.9,12.4
401360862,SAC,4066259,37.0,6.4,4.0
401360862,SAC,4278053,30.0,15.8,15.9
401360863,LAC,3416,32.0,10.4,7.1
401360863,LAC,6443,34.0,15.2,15.4
401360863,LAC,6462,35.0,21.2,20.7
401360863,LAC,2490620,21.0,6.0,3.0
401360863,LAC,3907823,30.0,16.6,15.3
401360863,LAC,3913174,22.0,-0.5,-0.7
401360863,LAC,4017837,17.0,1.1,-1.3
401360863,LAC,4066387,24.0,8.0,6.8
401360863,LAC,4222252,24.0,5.4,5.4
401360863,TOR,3244,12.0,2.1,1.9
401360863,TOR,2578240,21.0,11.6,12.2
401360863,TOR,2991230,36.0,11.4,10.9
401360863,TOR,3149673,39.0,27.1,23.7
401360863,TOR,3948153,22.0,3.9,3.3
401360863,TOR,4066450,9.0,-1.4,-1.4
401360863,TOR,4277843,33.0,5.7,2.5
401360863,TOR,4431679,27.0,8.0,6.9
401360863,TOR,4433134,40.0,7.5,6.0
401360864,DET,6446,31.0,8.7,9.1
401360864,DET,2488826,20.0,6.7,6.8
401360864,DET,2489663,19.0,7.2,5.7
401360864,DET,4277848,32.0,15.0,12.1
401360864,DET,4277957,20.0,2.6,2.3
401360864,DET,4278124,21.0,14.9,13.6
401360864,DET,4278566,18.0,2.7,1.0
401360864,DET,4397136,39.0,44.8,39.5
401360864,DET,4432810,30.0,16.9,14.2
401360864,DET,4683024,11.0,2.1,2.1
401360864,ORL,3447,16.0,2.8,4.0
401360864,ORL,6619,23.0,11.8,11.0
401360864,ORL,3150844,29.0,14.6,13.5
401360864,ORL,3918423,21.0,5.6,5.7
401360864,ORL,4066636,18.0,3.9,2.8
401360864,ORL,4277919,25.0,10.7,9.5
401360864,ORL,4397205,16.0,5.6,5.4
401360864,ORL,4432809,33.0,6.0,4.0
401360864,ORL,4566434,31.0,22.1,20.2
401360864,ORL,4590530,29.0,4.1,3.2
401360865,NYK,6429,28.0,9.5,8.6
401360865,NYK,6588,34.0,12.9,9.7
401360865,NYK,3064514,39.0,6.9,3.3
401360865,NYK,4277922,15.0,-0.2,-0.7
401360865,NYK,4278355,9.0,-0.2,-1.7
401360865,NYK,4351852,31.0,16.8,17.4
401360865,NYK,4395625,40.0,9.0,7.1
401360865,NYK,4395724,28.0,15.2,13.8
401360865,NYK,4397014,17.0,5.6,2.6
401360865,WAS,4305,14.0,-2.1,-2.5
401360865,WAS,6621,10.0,-0.4,1.0
401360865,WAS,2581018,37.0,6.6,3.7
401360865,WAS,2968361,24.0,8.6,7.8
401360865,WAS,3102531,29.0,16.2,14.8
401360865,WAS,3134907,35.0,10.6,10.7
401360865,WAS,4066648,21.0,6.5,6.7
401360865,WAS,4278049,17.0,3.5,3.0
401360865,WAS,4280151,29.0,13.0,11.4
401360865,WAS,4683021,25.0,-0.9,-0.9
401360866,LAL,1966,45.0,29.4,27.3
401360866,LAL,2384,24.0,6.5,5.3
401360866,LAL,3415,18.0,5.9,6.7
401360866,LAL,3468,41.0,19.2,16.3
401360866,LAL,4240,25.0,9.4,8.7
401360866,LAL,3134881,30.0,3.9,1.7
401360866,LAL,4066262,30.0,5.2,5.7
401360866,LAL,4066264,25.0,14.6,15.6
401360866,LAL,4066457,27.0,12.5,9.1
401360866,TOR,3244,13.0,-1.2,-1.4
401360866,TOR,2578240,17.0,4.7,4.5
401360866,TOR,2991230,47.0,17.1,13.8
401360866,TOR,3149673,46.0,14.4,13.1
401360866,TOR,3948153,17.0,3.5,4.4
401360866,TOR,4277843,41.0,16.8,15.0
401360866,TOR,4397885,6.0,1.8,1.2
401360866,TOR,4431679,36.0,10.9,11.1
401360866,TOR,4433134,42.0,31.4,26.9
401360867,MIA,2184,2.0,1.7,1.7
401360867,MIA,3012,28.0,17.7,15.2
401360867,MIA,3033,18.0,-0.7,-3.1
401360867,MIA,6461,20.0,8.9,9.8
401360867,MIA,3074213,4.0,-0.8,-1.7
401360867,MIA,3137259,30.0,-3.1,-3.1
401360867,MIA,3138160,27.0,8.2,9.1
401360867,MIA,3157465,20.0,15.4,15.5
401360867,MIA,4065730,3.0,-0.4,-0.7
401360867,MIA,4065778,31.0,6.6,6.6
401360867,MIA,4066261,25.0,21.0,18.7
401360867,MIA,4291678,4.0,0.6,0.7
401360867,MIA,4395725,28.0,25.2,23.7
401360867,MIA,4396972,3.0,-2.1,-2.1
401360867,OKC,4066317,11.0,2.6,1.3
401360867,OKC,4066392,19.0,6.4,5.5
401360867,OKC,4278046,14.0,2.0,1.4
401360867,OKC,4278073,33.0,20.4,16.7
401360867,OKC,4397183,29.0,13.3,14.1
401360867,OKC,4423545,30.0,7.0,6.5
401360867,OKC,4432819,28.0,17.1,15.4
401360867,OKC,4578893,29.0,4.0,3.4
401360867,OKC,4683018,34.0,11.8,7.9
401360867,OKC,4683027,14.0,3.9,2.0
401360868,HOU,3032979,24.0,1.4,0.6
401360868,HOU,3058254,34.0,33.9,27.4
401360868,HOU,3136777,23.0,3.0,2.7
401360868,HOU,3913180,23.0,8.2,7.0
401360868,HOU,4397140,34.0,15.2,13.8
401360868,HOU,4431828,17.0,6.4,5.8
401360868,HOU,4432168,16.0,1.3,-0.4
401360868,HOU,4432176,11.0,3.6,1.0
401360868,HOU,4437244,37.0,15.9,14.8
401360868,HOU,4871144,21.0,11.2,9.3
401360868,IND,4244,13.0,3.2,2.5
401360868,IND,2566769,35.0,17.8,17.6
401360868,IND,2982340,9.0,-1.4,-1.4
401360868,IND,2990984,29.0,1.0,1.7
401360868,IND,4278031,31.0,13.2,12.1
401360868,IND,4279815,21.0,0.4,0.0
401360868,IND,4348700,26.0,25.8,22.0
401360868,IND,4396993,37.0,10.0,8.2
401360868,IND,4397189,13.0,17.3,16.0
401360868,IND,4397235,25.0,6.3,6.5
401360869,NOP,6477,21.0,13.5,11.8
401360869,NOP,2490149,28.0,15.9,12.0
401360869,NOP,2999409,27.0,9.5,9.2
401360869,NOP,3002137,18.0,0.5,-0.4
401360869,NOP,3132042,7.0,2.3,2.7
401360869,NOP,3133601,21.0,7.8,6.7
401360869,NOP,4277813,26.0,15.0,11.9
401360869,NOP,4277869,22.0,13.4,9.6
401360869,NOP,4278594,25.0,13.8,10.4
401360869,NOP,4397077,28.0,16.1,12.4
401360869,NOP,4397688,18.0,4.4,5.0
401360869,SAS,3134908,27.0,6.4,5.7
401360869,SAS,3146557,24.0,9.6,7.8
401360869,SAS,3907497,34.0,9.3,5.3
401360869,SAS,4066650,16.0,-3.3,-4.8
401360869,SAS,4277890,5.0,-2.1,-1.7
401360869,SAS,4395626,22.0,5.0,5.0
401360869,SAS,4395630,31.0,12.0,11.6
401360869,SAS,4395723,28.0,6.7,5.0
401360869,SAS,4397033,20.0,9.5,8.8
401360869,SAS,4702176,33.0,4.4,2.2
401360870,LAC,3416,11.0,1.2,1.7
401360870,LAC,6443,15.0,2.8,1.6
401360870,LAC,6462,14.0,1.9,1.6
401360870,LAC,2490620,30.0,16.1,10.3
401360870,LAC,2581177,19.0,2.2,1.6
401360870,LAC,3056602,24.0,12.8,9.3
401360870,LAC,3907823,27.0,10.6,9.8
401360870,LAC,3913174,25.0,8.2,7.0
401360870,LAC,4017837,21.0,6.7,5.7
401360870,LAC,4066387,30.0,-0.6,-1.8
401360870,LAC,4222252,25.0,12.1,6.3
401360870,UTA,3005,23.0,11.2,8.5
401360870,UTA,3195,23.0,4.2,3.5
401360870,UTA,2528426,29.0,15.2,12.2
401360870,UTA,2583632,26.0,3.2,1.7
401360870,UTA,3032976,27.0,22.6,19.5
401360870,UTA,3133817,18.0,12.9,12.0
401360870,UTA,4017839,27.0,7.4,2.0
401360870,UTA,4066303,9.0,3.0,2.7
401360870,UTA,4278039,33.0,9.7,9.1
401360870,UTA,4395695,25.0,19.3,19.0
401360871,BOS,3213,22.0,4.6,2.0
401360871,BOS,2451037,22.0,10.1,8.5
401360871,BOS,2990992,27.0,12.9,8.8
401360871,BOS,2991042,2.0,0.0,0.0
401360871,BOS,3078576,31.0,2.7,2.7
401360871,BOS,3917376,28.0,21.1,19.3
401360871,BOS,4065648,34.0,27.5,26.4
401360871,BOS,4065804,3.0,2.3,1.7
401360871,BOS,4066211,19.0,3.5,3.1
401360871,BOS,4066218,29.0,4.2,5.3
401360871,BOS,4066354,21.0,21.0,18.8
401360871,BOS,4066467,2.0,3.0,2.7
401360871,SAC,6578,24.0,-2.2,-2.1
401360871,SAC,6591,4.0,-0.4,0.0
401360871,SAC,2284101,41.0,17.3,14.0
401360871,SAC,3064559,11.0,0.9,1.0
401360871,SAC,3136196,32.0,19.0,17.2
401360871,SAC,3155942,37.0,28.4,23.7
401360871,SAC,3914283,23.0,4.3,2.6
401360871,SAC,3934673,30.0,2.2,2.0
401360871,SAC,4066297,3.0,-1.4,-1.4
401360871,SAC,4278053,35.0,2.4,1.2
401360872,ATL,2799,14.0,1.8,0.9
401360872,ATL,3428,30.0,7.5,6.3
401360872,ATL,2534781,1.0,2.7,2.7
401360872,ATL,3037789,30.0,26.2,23.8
401360872,ATL,3064447,32.0,22.5,16.3
401360872,ATL,3102529,28.0,18.4,16.4
401360872,ATL,3893019,21.0,6.2,5.1
401360872,ATL,4065732,30.0,8.6,7.3
401360872,ATL,4066269,1.0,0.0,0.0
401360872,ATL,4066372,31.0,2.7,3.3
401360872,ATL,4278075,1.0,0.0,0.0
401360872,ATL,4431680,19.0,8.7,6.1
401360872,ATL,4701230,1.0,1.0,0.0
401360872,MEM,2991235,30.0,7.4,4.0
401360872,MEM,2993874,22.0,11.4,9.1
401360872,MEM,3134932,3.0,3.3,2.7
401360872,MEM,3135046,12.0,-0.4,-0.7
401360872,MEM,3155526,26.0,5.3,4.3
401360872,MEM,3906665,17.0,9.3,5.4
401360872,MEM,4066320,31.0,10.2,8.7
401360872,MEM,4066436,21.0,3.7,3.7
401360872,MEM,4277928,3.0,0.0,0.0
401360872,MEM,4277961,24.0,9.7,8.1
401360872,MEM,4277964,3.0,6.5,5.5
401360872,MEM,4279888,33.0,13.8,14.0
401360872,MEM,4433137,14.0,1.0,0.7
401360873,BKN,3202,38.0,28.6,27.7
401360873,BKN,3423,36.0,9.7,8.0
401360873,BKN,3999,11.0,2.3,2.4
401360873,BKN,4004,17.0,-2.6,-2.8
401360873,BKN,6585,23.0,15.4,14.9
401360873,BKN,2326307,38.0,21.5,20.2
401360873,BKN,4065670,34.0,13.9,11.7
401360873,BKN,4278067,25.0,6.8,5.1
401360873,BKN,4397693,5.0,-0.7,-0.7
401360873,BKN,4432174,14.0,10.7,8.5
401360873,POR,2578213,25.0,12.0,11.3
401360873,POR,2991139,26.0,9.4,6.5
401360873,POR,3062679,40.0,19.8,19.2
401360873,POR,3135047,28.0,12.4,8.9
401360873,POR,3914285,27.0,18.5,18.4
401360873,POR,4397040,37.0,21.3,17.5
401360873,POR,4397166,25.0,6.1,5.0
401360873,POR,4431675,32.0,3.1,3.4
401360874,CLE,3449,31.0,11.4,8.8
401360874,CLE,2991043,29.0,5.9,5.9
401360874,CLE,3057198,11.0,-2.5,-2.1
401360874,CLE,3906786,6.0,1.3,0.6
401360874,CLE,4066336,42.0,28.9,23.5
401360874,CLE,4066405,21.0,8.5,6.5
401360874,CLE,4396907,45.0,23.4,22.3
401360874,CLE,4397126,4.0,-0.1,0.0
401360874,CLE,4432158,39.0,21.5,18.4
401360874,CLE,4432822,37.0,3.6,1.7
401360874,DEN,3209,34.0,9.6,9.8
401360874,DEN,4258,16.0,10.8,9.4
401360874,DEN,6579,36.0,3.6,2.9
401360874,DEN,6617,22.0,3.5,3.8
401360874,DEN,2327577,19.0,9.3,8.5
401360874,DEN,2994526,11.0,1.3,1.0
401360874,DEN,3059310,20.0,0.5,-1.0
401360874,DEN,3064290,35.0,9.5,9.1
401360874,DEN,3112335,38.0,29.3,26.3
401360874,DEN,4592492,35.0,16.5,14.2
401360875,DAL,6426,9.0,1.6,2.0
401360875,DAL,2531367,32.0,12.3,12.9
401360875,DAL,2578185,34.0,6.0,5.4
401360875,DAL,2579260,3.0,-0.7,-0.7
401360875,DAL,2580782,36.0,12.7,8.3
401360875,DAL,2960236,19.0,1.4,2.7
401360875,DAL,3057187,3.0,3.0,2.7
401360875,DAL,3907487,8.0,0.9,1.7
401360875,DAL,3934672,33.0,21.9,21.0
401360875,DAL,3945274,35.0,7.6,5.1
401360875,DAL,4230547,9.0,2.6,2.4
401360875,DAL,4432811,20.0,6.5,4.3
401360875,PHI,3442,13.0,7.5,6.8
401360875,PHI,3988,31.0,-1.7,-0.8
401360875,PHI,3992,42.0,26.6,22.6
401360875,PHI,6440,24.0,9.8,10.9
401360875,PHI,2990969,27.0,10.2,8.7
401360875,PHI,3059318,34.0,25.7,18.8
401360875,PHI,3907498,21.0,11.2,9.1
401360875,PHI,3915195,13.0,0.2,0.0
401360875,PHI,3929325,1.0,0.0,0.0
401360875,PHI,4066508,1.0,0.0,0.0
401360875,PHI,4278562,1.0,0.0,0.0
401360875,PHI,4395702,1.0,-0.7,-0.7
401360875,PHI,4431678,31.0,5.6,5.7
401360876,CHI,3978,34.0,9.3,10.6
401360876,CHI,6474,15.0,10.7,9.8
401360876,CHI,6478,26.0,12.2,9.4
401360876,CHI,2596112,22.0,7.4,6.4
401360876,CHI,2991350,25.0,6.5,6.1
401360876,CHI,3059311,4.0,6.4,6.4
401360876,CHI,3064440,30.0,11.6,11.0
401360876,CHI,3936099,19.0,-0.5,-1.0
401360876,CHI,4065673,5.0,2.6,2.0
401360876,CHI,4278508,6.0,-2.2,-2.4
401360876,CHI,4395651,25.0,8.8,9.0
401360876,CHI,4397002,29.0,-0.6,-1.1
401360876,PHX,3452,18.0,11.8,10.5
401360876,PHX,6427,6.0,4.0,4.4
401360876,PHX,2528693,31.0,15.8,14.0
401360876,PHX,2583639,18.0,0.9,-1.0
401360876,PHX,3059307,9.0,0.9,-0.7
401360876,PHX,3064230,30.0,12.8,12.5
401360876,PHX,3136193,32.0,18.9,19.2
401360876,PHX,3147657,38.0,9.0,6.3
401360876,PHX,3914044,27.0,8.5,8.7
401360876,PHX,3922230,6.0,9.0,8.1
401360876,PHX,4278129,24.0,20.2,18.3
401360877,MIL,3438,4.0,0.6,0.0
401360877,MIL,3439,21.0,-1.2,-0.9
401360877,MIL,3448,20.0,13.7,13.2
401360877,MIL,3995,24.0,9.6,7.4
401360877,MIL,4032,17.0,9.0,8.1
401360877,MIL,6609,26.0,11.5,9.5
401360877,MIL,2578239,20.0,12.2,11.4
401360877,MIL,3064482,26.0,1.3,-1.1
401360877,MIL,3102533,12.0,10.0,9.4
401360877,MIL,3133635,28.0,12.4,11.3
401360877,MIL,3135045,21.0,9.2,8.1
401360877,MIL,4277883,21.0,6.2,5.4
401360877,MIN,3964,10.0,2.3,0.3
401360877,MIN,2982268,4.0,0.0,0.0
401360877,MIN,2990962,17.0,16.1,12.4
401360877,MIN,3134916,18.0,8.4,7.5
401360877,MIN,3136195,32.0,23.6,20.1
401360877,MIN,3136776,30.0,12.2,12.0
401360877,MIN,3907822,22.0,6.9,6.0
401360877,MIN,4065663,4.0,0.0,0.0
401360877,MIN,4067325,4.0,4.3,4.7
401360877,MIN,4278077,32.0,9.5,7.7
401360877,MIN,4278541,21.0,5.8,6.0
401360877,MIN,4396971,13.0,11.7,11.2
401360877,MIN,4594268,33.0,23.3,19.2
401360877,MIN,4683025,2.0,-1.1,-0.7
401360878,CHA,6472,14.0,10.1,9.8
401360878,CHA,2488653,16.0,-0.9,0.4
401360878,CHA,2991055,16.0,15.9,14.4
401360878,CHA,3074752,29.0,18.5,16.7
401360878,CHA,3133603,28.0,9.2,8.9
401360878,CHA,3138161,22.0,10.4,5.9
401360878,CHA,4066383,30.0,22.5,18.5
401360878,CHA,4066731,17.0,-1.1,-0.9
401360878,CHA,4278076,4.0,0.4,-0.3
401360878,CHA,4278078,29.0,15.3,14.4
401360878,CHA,4432816,30.0,21.0,16.6
401360878,CHA,4702233,5.0,-0.4,-0.7
401360878,DAL,6426,12.0,-2.2,-0.7
401360878,DAL,2531367,22.0,2.2,2.0
401360878,DAL,2578185,28.0,3.8,2.9
401360878,DAL,2579260,23.0,-5.5,-4.2
401360878,DAL,2960236,25.0,9.0,7.1
401360878,DAL,3057187,17.0,3.1,3.7
401360878,DAL,3907487,17.0,9.7,7.3
401360878,DAL,3934672,23.0,8.2,6.0
401360878,DAL,3945274,30.0,25.9,25.5
401360878,DAL,4230547,23.0,13.0,11.9
401360878,DAL,4432811,21.0,6.5,6.2
401360879,CLE,3449,24.0,14.0,11.4
401360879,CLE,2991043,24.0,2.5,3.0
401360879,CLE,3057198,7.0,2.2,2.0
401360879,CLE,3893016,20.0,14.1,12.9
401360879,CLE,4066336,33.0,4.0,3.6
401360879,CLE,4066405,16.0,13.2,11.8
401360879,CLE,4396907,41.0,19.7,18.6
401360879,CLE,4397126,7.0,1.5,-0.2
401360879,CLE,4432158,35.0,11.1,6.8
401360879,CLE,4432822,32.0,10.1,9.5
401360879,DET,6446,31.0,4.3,4.1
401360879,DET,2488826,13.0,1.9,2.0
401360879,DET,2489663,17.0,7.1,5.4
401360879,DET,2991070,35.0,30.4,29.2
401360879,DET,4277848,14.0,-2.6,-1.7
401360879,DET,4277957,19.0,3.2,1.3
401360879,DET,4278124,16.0,3.2,1.3
401360879,DET,4397136,36.0,18.7,14.5
401360879,DET,4432166,36.0,12.4,10.1
401360879,DET,4432810,22.0,7.2,5.8
401360880,LAL,1966,36.0,28.5,27.3
401360880,LAL,1975,23.0,8.4,8.7
401360880,LAL,3415,18.0,-0.1,0.3
401360880,LAL,3468,37.0,20.4,17.5
401360880,LAL,4240,18.0,2.0,1.7
401360880,LAL,3134881,25.0,11.2,9.8
401360880,LAL,4066262,28.0,13.0,13.2
401360880,LAL,4066264,12.0,1.7,2.7
401360880,LAL,4066457,27.0,8.2,8.1
401360880,LAL,4396991,17.0,-3.3,-3.4
401360880,WAS,4305,26.0,6.2,4.1
401360880,WAS,6621,27.0,21.7,19.8
401360880,WAS,2581018,33.0,15.8,12.9
401360880,WAS,2968361,18.0,4.0,3.8
401360880,WAS,3102531,26.0,19.7,20.1
401360880,WAS,4066648,25.0,7.7,5.4
401360880,WAS,4278049,22.0,16.3,13.5
401360880,WAS,4280151,32.0,11.4,10.1
401360880,WAS,4683021,32.0,13.4,12.3
401360881,IND,4244,27.0,10.6,7.4
401360881,IND,2596247,24.0,2.6,2.3
401360881,IND,2982340,36.0,17.6,15.9
401360881,IND,2990984,20.0,6.6,4.9
401360881,IND,4278031,25.0,24.4,22.7
401360881,IND,4279815,21.0,18.6,16.3
401360881,IND,4348700,24.0,10.1,10.2
401360881,IND,4396993,24.0,7.3,6.9
401360881,IND,4397189,18.0,14.0,12.8
401360881,IND,4397235,21.0,9.5,9.1
401360881,POR,2578213,22.0,4.0,2.4
401360881,POR,2991139,24.0,15.9,13.4
401360881,POR,3062679,30.0,24.2,22.1
401360881,POR,3152335,5.0,-1.1,-1.0
401360881,POR,3914285,30.0,9.5,7.8
401360881,POR,4066446,5.0,-0.7,-0.7
401360881,POR,4397040,25.0,0.8,2.0
401360881,POR,4397166,22.0,-1.2,-2.0
401360881,POR,4431675,32.0,16.1,12.8
401360881,POR,4432161,27.0,1.5,1.4
401360881,POR,4432192,19.0,2.7,2.4
401360882,HOU,3032979,27.0,12.5,12.1
401360882,HOU,3058254,21.0,7.6,6.3
401360882,HOU,3062744,6.0,1.0,0.7
401360882,HOU,3136777,17.0,4.5,2.8
401360882,HOU,3913180,18.0,1.5,1.9
401360882,HOU,4277952,6.0,4.1,3.6
401360882,HOU,4397140,27.0,5.2,2.7
401360882,HOU,4431828,29.0,11.9,9.4
401360882,HOU,4432168,24.0,1.6,1.1
401360882,HOU,4432176,15.0,3.7,2.1
401360882,HOU,4437244,27.0,1.3,0.4
401360882,HOU,4871144,23.0,12.1,10.2
401360882,MEM,2991235,24.0,4.2,3.4
401360882,MEM,2993874,21.0,4.8,3.0
401360882,MEM,3134932,15.0,1.8,0.3
401360882,MEM,3135046,30.0,14.4,12.9
401360882,MEM,3155526,25.0,14.1,11.0
401360882,MEM,3906665,22.0,4.1,3.1
401360882,MEM,4066320,32.0,26.1,22.0
401360882,MEM,4066436,20.0,11.8,9.1
401360882,MEM,4277928,4.0,-0.1,-0.1
401360882,MEM,4277961,21.0,12.0,9.4
401360882,MEM,4277964,4.0,1.9,0.0
401360882,MEM,4433137,22.0,8.8,8.0
401360883,ATL,2799,14.0,5.0,3.7
401360883,ATL,3428,41.0,19.9,18.8
401360883,ATL,3037789,33.0,10.3,10.7
401360883,ATL,3064447,27.0,10.5,8.2
401360883,ATL,3102529,31.0,11.7,10.1
401360883,ATL,4065732,25.0,9.6,6.7
401360883,ATL,4066372,18.0,-3.5,-5.5
401360883,ATL,4277905,34.0,14.3,15.3
401360883,ATL,4431680,17.0,3.7,2.6
401360883,NOP,6477,33.0,24.2,22.0
401360883,NOP,2490149,39.0,15.4,13.6
401360883,NOP,2999409,15.0,14.2,13.9
401360883,NOP,3002137,9.0,2.6,2.0
401360883,NOP,3132042,4.0,-1.4,-1.0
401360883,NOP,4277813,37.0,12.5,8.4
401360883,NOP,4277869,24.0,14.5,11.5
401360883,NOP,4278594,27.0,3.2,2.3
401360883,NOP,4397077,38.0,8.8,7.5
401360883,NOP,4397688,15.0,-0.9,-1.4
401360884,OKC,4066317,21.0,11.8,10.1
401360884,OKC,4066392,29.0,13.9,9.9
401360884,OKC,4278046,18.0,4.5,4.8
401360884,OKC,4397183,27.0,0.1,-0.4
401360884,OKC,4423545,28.0,10.6,10.5
401360884,OKC,4432819,32.0,5.6,2.1
401360884,OKC,4578893,32.0,6.9,5.0
401360884,OKC,4683018,32.0,-1.8,-5.9
401360884,OKC,4683027,21.0,3.9,1.2
401360884,ORL,2999547,24.0,0.3,-0.5
401360884,ORL,3150844,22.0,6.6,4.5
401360884,ORL,4066636,20.0,0.2,-0.7
401360884,ORL,4277847,31.0,27.4,22.3
401360884,ORL,4277919,21.0,5.3,2.4
401360884,ORL,4278052,31.0,9.5,4.4
401360884,ORL,4397205,6.0,-0.8,0.0
401360884,ORL,4432809,28.0,3.8,4.0
401360884,ORL,4566434,34.0,10.2,6.7
401360884,ORL,4590530,24.0,5.6,4.5
401360885,PHX,3452,17.0,12.8,13.2
401360885,PHX,6427,8.0,-2.9,-1.7
401360885,PHX,6581,22.0,6.2,3.7
401360885,PHX,2528693,31.0,6.3,2.4
401360885,PHX,2583639,18.0,2.5,-2.4
401360885,PHX,3136193,37.0,21.9,21.2
401360885,PHX,3147657,50.0,20.5,18.3
401360885,PHX,3914044,31.0,16.5,15.4
401360885,PHX,3922230,23.0,8.4,6.9
401360885,PHX,4278129,27.0,10.2,9.9
401360885,SAC,6578,41.0,13.1,12.6
401360885,SAC,6603,16.0,4.9,3.4
401360885,SAC,2284101,27.0,4.9,6.3
401360885,SAC,3064559,22.0,13.5,11.1
401360885,SAC,3136196,33.0,10.3,7.3
401360885,SAC,3155942,31.0,20.6,17.2
401360885,SAC,3914283,20.0,5.6,3.3
401360885,SAC,3934673,29.0,7.5,5.0
401360885,SAC,4278053,46.0,18.2,17.5
401360886,NYK,6429,34.0,5.7,5.0
401360886,NYK,6588,28.0,9.9,10.3
401360886,NYK,3064514,35.0,4.5,2.9
401360886,NYK,4277922,21.0,2.9,2.8
401360886,NYK,4278355,13.0,6.7,5.0
401360886,NYK,4351852,26.0,7.1,5.5
401360886,NYK,4395625,43.0,13.2,11.9
401360886,NYK,4395724,23.0,14.7,12.5
401360886,NYK,4397014,14.0,-1.2,-1.7
401360886,NYK,4431823,3.0,0.3,0.7
401360886,UTA,3005,26.0,13.1,10.1
401360886,UTA,4262,15.0,5.2,0.6
401360886,UTA,2528426,39.0,18.2,16.8
401360886,UTA,2583632,36.0,11.8,10.4
401360886,UTA,3032976,33.0,16.8,13.0
401360886,UTA,3908809,37.0,29.9,27.6
401360886,UTA,4017839,25.0,5.7,2.2
401360886,UTA,4278039,18.0,-3.7,-5.5
401360886,UTA,4395695,11.0,-1.2,-1.3
401360887,BOS,3213,24.0,6.4,5.4
401360887,BOS,2451037,12.0,5.3,5.4
401360887,BOS,2990992,29.0,6.1,5.8
401360887,BOS,2991042,4.0,-2.4,-2.4
401360887,BOS,3064560,2.0,-0.7,-0.7
401360887,BOS,3078576,23.0,5.7,5.4
401360887,BOS,3917376,34.0,22.5,20.5
401360887,BOS,4065648,33.0,24.0,22.4
401360887,BOS,4065804,5.0,0.6,0.0
401360887,BOS,4066211,26.0,14.3,11.0
401360887,BOS,4066218,27.0,12.5,11.8
401360887,BOS,4066354,19.0,18.5,17.3
401360887,BOS,4066467,2.0,-0.7,-0.7
401360887,DEN,3209,23.0,3.9,3.6
401360887,DEN,4258,17.0,6.0,5.2
401360887,DEN,6579,24.0,4.5,3.3
401360887,DEN,6617,23.0,6.6,7.1
401360887,DEN,2327577,14.0,9.3,7.1
401360887,DEN,2968334,5.0,-2.1,-1.7
401360887,DEN,2994526,7.0,0.0,0.0
401360887,DEN,3059262,22.0,4.2,4.1
401360887,DEN,3059310,26.0,7.6,5.4
401360887,DEN,3064290,22.0,9.1,10.4
401360887,DEN,3112335,33.0,15.4,13.3
401360887,DEN,4065805,5.0,6.3,4.7
401360887,DEN,4592492,20.0,7.3,7.1
401360888,PHI,3442,11.0,-0.4,-0.3
401360888,PHI,3988,16.0,3.2,2.3
401360888,PHI,3992,38.0,12.1,9.0
401360888,PHI,6440,27.0,1.6,3.0
401360888,PHI,2990969,29.0,8.0,7.0
401360888,PHI,3059318,37.0,13.8,9.7
401360888,PHI,3907498,34.0,14.6,9.4
401360888,PHI,3915195,9.0,0.3,0.7
401360888,PHI,4278562,3.0,-0.4,-0.7
401360888,PHI,4431678,37.0,13.3,14.2
401360888,TOR,3244,19.0,6.0,1.8
401360888,TOR,2578240,22.0,4.3,3.7
401360888,TOR,3149673,36.0,18.7,16.8
401360888,TOR,3948153,39.0,10.5,7.3
401360888,TOR,4066450,14.0,4.8,4.0
401360888,TOR,4277843,34.0,3.2,2.4
401360888,TOR,4431679,34.0,17.5,17.9
401360888,TOR,4433134,42.0,3.5,2.4
401360889,GSW,4269,25.0,9.9,9.3
401360889,GSW,6475,38.0,13.3,12.9
401360889,GSW,6589,18.0,4.4,4.5
401360889,GSW,2594922,29.0,16.7,14.0
401360889,GSW,3059319,33.0,13.7,10.2
401360889,GSW,3137795,19.0,2.0,-0.6
401360889,GSW,3155535,17.0,1.4,2.0
401360889,GSW,4277956,36.0,16.7,16.8
401360889,GSW,4433247,23.0,6.9,7.1
401360889,SAS,2581190,27.0,20.3,19.5
401360889,SAS,3134908,26.0,9.6,8.7
401360889,SAS,3146557,7.0,-1.7,-1.7
401360889,SAS,3907497,34.0,10.8,9.7
401360889,SAS,4066650,19.0,7.7,7.7
401360889,SAS,4395626,21.0,8.7,6.5
401360889,SAS,4395630,33.0,6.7,4.5
401360889,SAS,4395723,34.0,12.5,10.0
401360889,SAS,4397033,5.0,0.5,1.3
401360889,SAS,4702176,34.0,7.8,7.4
401360890,CHA,6472,14.0,7.2,8.4
401360890,CHA,2488653,24.0,11.5,8.8
401360890,CHA,2991055,20.0,11.1,8.8
401360890,CHA,3074752,35.0,10.2,8.7
401360890,CHA,3133603,15.0,3.8,2.3
401360890,CHA,3138161,29.0,5.8,3.8
401360890,CHA,4066383,35.0,11.6,9.8
401360890,CHA,4066731,4.0,1.0,1.0
401360890,CHA,4278078,32.0,8.9,8.3
401360890,CHA,4432816,32.0,18.5,16.3
401360890,NOP,6477,29.0,25.9,21.5
401360890,NOP,2490149,34.0,17.7,17.9
401360890,NOP,2999409,19.0,6.8,5.0
401360890,NOP,3002137,9.0,-1.2,-2.4
401360890,NOP,3133601,25.0,-0.5,-2.1
401360890,NOP,4277813,19.0,4.8,2.3
401360890,NOP,4277869,23.0,5.0,5.1
401360890,NOP,4278594,25.0,10.5,9.0
401360890,NOP,4397077,38.0,5.5,4.4
401360890,NOP,4397688,18.0,7.3,6.1
401360891,CLE,3449,20.0,6.6,5.8
401360891,CLE,4259,1.0,0.3,0.0
401360891,CLE,2991043,16.0,8.7,9.8
401360891,CLE,3057198,8.0,3.0,2.4
401360891,CLE,3893016,18.0,1.8,0.9
401360891,CLE,3906786,2.0,0.0,0.0
401360891,CLE,4066336,37.0,15.0,13.4
401360891,CLE,4066405,34.0,11.0,10.2
401360891,CLE,4277916,2.0,0.0,0.0
401360891,CLE,4396907,41.0,28.6,27.8
401360891,CLE,4397126,5.0,2.2,1.9
401360891,CLE,4432158,27.0,7.1,6.8
401360891,CLE,4432822,29.0,12.0,11.5
401360891,LAL,1966,41.0,35.0,30.6
401360891,LAL,1975,14.0,3.4,2.7
401360891,LAL,2384,12.0,3.2,2.4
401360891,LAL,3415,26.0,15.5,15.9
401360891,LAL,3468,35.0,19.4,18.5
401360891,LAL,4240,6.0,-0.8,0.0
401360891,LAL,3134881,23.0,12.6,9.8
401360891,LAL,4066262,22.0,9.2,9.1
401360891,LAL,4066264,32.0,7.0,5.0
401360891,LAL,4066457,29.0,13.9,13.3
401360892,DET,4277848,29.0,15.6,14.6
401360892,DET,4277951,17.0,8.9,8.1
401360892,DET,4277957,25.0,-0.6,-0.5
401360892,DET,4278124,19.0,7.8,7.4
401360892,DET,4278566,14.0,1.3,2.3
401360892,DET,4397136,33.0,16.9,15.9
401360892,DET,4432166,36.0,16.2,12.6
401360892,DET,4432810,31.0,8.6,6.1
401360892,DET,4683024,36.0,6.9,6.4
401360892,POR,2578213,31.0,15.6,12.9
401360892,POR,2991139,27.0,1.8,1.3
401360892,POR,3135047,30.0,8.5,5.7
401360892,POR,3914285,31.0,18.3,17.9
401360892,POR,4066446,6.0,4.9,4.7
401360892,POR,4397040,33.0,18.4,15.0
401360892,POR,4397166,25.0,17.8,13.4
401360892,POR,4431675,30.0,12.0,9.0
401360892,POR,4432161,12.0,6.6,7.3
401360892,POR,4432192,14.0,0.3,-1.5
401360893,MIA,3012,36.0,15.4,13.9
401360893,MIA,3033,26.0,2.2,1.4
401360893,MIA,6430,35.0,25.4,23.6
401360893,MIA,6461,12.0,0.8,1.7
401360893,MIA,3138160,22.0,12.9,10.4
401360893,MIA,3157465,26.0,3.4,3.3
401360893,MIA,4065778,17.0,-1.1,-1.1
401360893,MIA,4066261,36.0,19.0,14.6
401360893,MIA,4395725,30.0,5.5,4.3
401360893,PHI,3015,23.0,3.7,2.7
401360893,PHI,3442,25.0,3.3,1.1
401360893,PHI,3988,18.0,3.8,3.3
401360893,PHI,6440,35.0,12.4,9.8
401360893,PHI,2990969,33.0,10.4,9.1
401360893,PHI,3907498,16.0,7.1,7.5
401360893,PHI,3915195,31.0,17.0,15.2
401360893,PHI,3929325,27.0,15.4,13.7
401360893,PHI,4395702,4.0,-0.7,-0.7
401360893,PHI,4431678,28.0,21.9,21.6
401360894,BKN,3202,38.0,31.8,28.5
401360894,BKN,3423,32.0,2.9,3.1
401360894,BKN,3989,20.0,8.6,8.2
401360894,BKN,3999,18.0,3.5,3.1
401360894,BKN,4004,31.0,7.2,6.7
401360894,BKN,2326307,12.0,-2.8,-2.4
401360894,BKN,4065670,37.0,19.8,18.1
401360894,BKN,4278067,28.0,17.8,14.7
401360894,BKN,4397693,11.0,3.4,3.0
401360894,BKN,4432174,13.0,3.9,2.7
401360894,UTA,3005,18.0,7.7,7.5
401360894,UTA,3195,33.0,18.5,15.9
401360894,UTA,4262,17.0,6.6,5.8
401360894,UTA,2528426,37.0,13.7,10.6
401360894,UTA,2583632,32.0,3.0,-0.0
401360894,UTA,3032976,31.0,9.2,8.4
401360894,UTA,3908809,36.0,13.3,14.3
401360894,UTA,4017839,16.0,1.9,1.7
401360894,UTA,4065656,14.0,5.2,1.5
401360894,UTA,4395695,6.0,3.6,2.7
401360895,CHI,3978,35.0,22.9,19.5
401360895,CHI,6474,13.0,4.3,1.7
401360895,CHI,6478,33.0,16.1,13.4
401360895,CHI,2596112,30.0,8.3,6.4
401360895,CHI,2991350,33.0,7.5,6.7
401360895,CHI,3059311,1.0,0.0,0.0
401360895,CHI,3064440,35.0,23.6,21.4
401360895,CHI,4065673,2.0,0.2,0.6
401360895,CHI,4278508,2.0,2.7,2.7
401360895,CHI,4395651,13.0,1.9,1.7
401360895,CHI,4397002,24.0,11.0,11.6
401360895,CHI,4431687,19.0,3.2,2.3
401360895,TOR,3244,14.0,4.3,2.4
401360895,TOR,2578240,30.0,12.7,12.3
401360895,TOR,2991230,37.0,14.3,13.1
401360895,TOR,3133602,2.0,0.0,0.0
401360895,TOR,3133838,4.0,2.3,1.0
401360895,TOR,3149673,38.0,14.5,13.4
401360895,TOR,3948153,33.0,17.2,14.2
401360895,TOR,4066450,14.0,3.2,3.3
401360895,TOR,4397885,4.0,1.0,0.7
401360895,TOR,4431679,28.0,3.3,1.3
401360895,TOR,4433134,35.0,5.4,4.8
401360896,HOU,3431,25.0,9.9,10.1
401360896,HOU,3032979,23.0,6.4,5.8
401360896,HOU,3058254,36.0,35.9,32.4
401360896,HOU,3136777,19.0,7.1,6.5
401360896,HOU,3913180,22.0,5.5,4.0
401360896,HOU,4397140,36.0,5.7,6.0
401360896,HOU,4431828,16.0,5.0,3.7
401360896,HOU,4432168,7.0,-0.7,-0.3
401360896,HOU,4437244,32.0,16.2,13.1
401360896,HOU,4871144,25.0,6.9,3.4
401360896,WAS,4305,17.0,0.2,-0.4
401360896,WAS,6621,24.0,-1.7,-2.1
401360896,WAS,2581018,32.0,6.2,7.4
401360896,WAS,2581184,8.0,3.0,3.0
401360896,WAS,2968361,26.0,9.2,6.8
401360896,WAS,3102531,32.0,23.6,16.8
401360896,WAS,4066648,30.0,11.9,11.2
401360896,WAS,4278049,14.0,8.4,6.7
401360896,WAS,4280151,33.0,9.0,9.1
401360896,WAS,4683021,24.0,9.6,4.6
401360897,BOS,3213,34.0,13.0,6.8
401360897,BOS,2451037,19.0,7.3,7.5
401360897,BOS,3078576,34.0,17.1,17.2
401360897,BOS,3917376,39.0,15.3,13.2
401360897,BOS,4065648,39.0,32.7,28.3
401360897,BOS,4065804,12.0,0.5,0.6
401360897,BOS,4066218,38.0,17.0,14.7
401360897,BOS,4066354,25.0,12.6,10.7
401360897,OKC,4066317,22.0,-0.4,-0.8
401360897,OKC,4066392,26.0,0.1,-0.7
401360897,OKC,4278073,37.0,22.7,24.4
401360897,OKC,4397183,24.0,4.1,3.8
401360897,OKC,4423545,36.0,21.5,18.5
401360897,OKC,4432819,36.0,25.4,25.6
401360897,OKC,4578893,22.0,3.1,1.7
401360897,OKC,4683018,28.0,15.8,14.1
401360897,OKC,4683027,10.0,2.3,1.0
401360898,DAL,2528779,37.0,16.0,14.1
401360898,DAL,2531367,27.0,24.5,22.7
401360898,DAL,2578185,36.0,15.0,13.9
401360898,DAL,2580782,28.0,18.1,16.8
401360898,DAL,2960236,24.0,-0.4,-1.5
401360898,DAL,3934672,32.0,9.5,9.4
401360898,DAL,3945274,38.0,4.5,3.3
401360898,DAL,4230547,7.0,1.0,0.7
401360898,DAL,4432811,12.0,1.2,-0.7
401360898,MIN,3964,32.0,6.8,5.1
401360898,MIN,2990962,23.0,10.1,8.9
401360898,MIN,3134916,14.0,1.8,1.4
401360898,MIN,3136195,38.0,18.9,14.8
401360898,MIN,3136776,29.0,12.1,10.0
401360898,MIN,3907822,27.0,7.7,5.8
401360898,MIN,4278077,15.0,5.1,4.5
401360898,MIN,4278541,14.0,6.5,5.7
401360898,MIN,4396971,11.0,3.9,3.7
401360898,MIN,4594268,38.0,14.0,12.6
401360899,GSW,4269,14.0,-0.6,-2.4
401360899,GSW,6475,32.0,9.4,8.0
401360899,GSW,6589,29.0,5.9,4.2
401360899,GSW,2594922,26.0,15.9,12.6
401360899,GSW,2595209,16.0,-0.5,-1.4
401360899,GSW,3059319,36.0,3.7,2.4
401360899,GSW,3134903,6.0,-0.4,-0.3
401360899,GSW,3137795,4.0,-2.0,-2.0
401360899,GSW,3155535,12.0,4.8,4.7
401360899,GSW,4277956,40.0,13.5,13.7
401360899,GSW,4432171,5.0,-1.0,-1.0
401360899,GSW,4433247,20.0,8.2,8.7
401360899,ORL,2999547,20.0,7.3,4.0
401360899,ORL,3150844,15.0,5.4,4.3
401360899,ORL,3918423,18.0,0.2,-1.0
401360899,ORL,4066636,19.0,3.0,2.7
401360899,ORL,4277847,33.0,12.6,12.4
401360899,ORL,4277919,24.0,3.3,0.9
401360899,ORL,4278052,25.0,7.6,4.7
401360899,ORL,4432809,29.0,11.8,11.1
401360899,ORL,4566434,30.0,17.5,15.2
401360899,ORL,4590530,28.0,8.2,5.1
401360900,ATL,3428,30.0,8.8,6.4
401360900,ATL,3037789,34.0,26.5,24.2
401360900,ATL,3064447,17.0,1.3,1.7
401360900,ATL,3102529,29.0,5.2,3.8
401360900,ATL,3893019,5.0,1.3,1.4
401360900,ATL,4065732,32.0,6.7,4.3
401360900,ATL,4066372,34.0,11.1,8.2
401360900,ATL,4277905,40.0,34.8,33.5
401360900,ATL,4431680,19.0,3.0,2.0
401360900,NYK,3986,20.0,3.8,3.7
401360900,NYK,6429,36.0,16.9,15.9
401360900,NYK,6588,26.0,7.6,6.7
401360900,NYK,4277922,13.0,2.7,3.1
401360900,NYK,4278355,24.0,9.1,8.6
401360900,NYK,4351852,35.0,10.4,5.9
401360900,NYK,4395625,42.0,17.1,12.9
401360900,NYK,4395724,25.0,12.2,10.7
401360900,NYK,4397014,12.0,4.9,2.7
401360900,NYK,4431823,8.0,2.6,3.4
401360901,CHI,3978,36.0,11.4,10.0
401360901,CHI,6474,16.0,5.5,4.0
401360901,CHI,6478,32.0,17.2,16.2
401360901,CHI,2596112,20.0,6.8,2.0
401360901,CHI,2991350,30.0,3.8,2.0
401360901,CHI,3064440,34.0,16.2,14.7
401360901,CHI,4278508,4.0,3.7,3.4
401360901,CHI,4395651,23.0,0.8,-0.8
401360901,CHI,4397002,27.0,3.3,3.3
401360901,CHI,4431687,18.0,4.7,3.2
401360901,MIL,3438,16.0,0.2,-0.7
401360901,MIL,3439,19.0,11.3,9.8
401360901,MIL,3448,24.0,7.9,6.1
401360901,MIL,3995,32.0,25.4,24.4
401360901,MIL,4032,24.0,9.0,8.7
401360901,MIL,2578239,23.0,13.2,12.1
401360901,MIL,3032977,30.0,20.9,14.2
401360901,MIL,3064482,22.0,5.6,2.7
401360901,MIL,3102533,4.0,1.2,0.6
401360901,MIL,3133635,18.0,7.0,5.8
401360901,MIL,3135045,23.0,8.7,8.5
401360901,MIL,4277883,4.0,1.3,1.7
401360902,DEN,3209,26.0,12.7,11.8
401360902,DEN,4258,14.0,6.6,5.5
401360902,DEN,6579,34.0,6.5,4.7
401360902,DEN,6617,22.0,10.7,10.5
401360902,DEN,2327577,19.0,-2.0,-1.1
401360902,DEN,2994526,12.0,3.4,3.4
401360902,DEN,3059310,31.0,14.0,13.5
401360902,DEN,3064290,30.0,16.3,15.2
401360902,DEN,3112335,34.0,32.6,26.6
401360902,DEN,4592492,18.0,12.3,12.9
401360902,LAC,3416,19.0,6.8,6.1
401360902,LAC,6443,32.0,8.7,8.0
401360902,LAC,6462,29.0,8.2,7.6
401360902,LAC,2490620,22.0,12.5,11.8
401360902,LAC,3907823,35.0,26.1,23.9
401360902,LAC,3913174,29.0,3.5,3.6
401360902,LAC,4017837,17.0,4.4,3.4
401360902,LAC,4066387,19.0,2.4,2.2
401360902,LAC,4222252,24.0,16.0,13.6
401360902,LAC,4432162,14.0,7.1,6.5
401360903,CHA,6472,12.0,0.4,0.9
401360903,CHA,2488653,27.0,9.9,9.5
401360903,CHA,2991055,13.0,4.6,4.7
401360903,CHA,3074752,39.0,8.9,8.0
401360903,CHA,3133603,5.0,3.0,2.7
401360903,CHA,3138161,26.0,4.5,2.7
401360903,CHA,4066383,32.0,18.5,15.7
401360903,CHA,4066731,17.0,4.8,4.9
401360903,CHA,4278076,1.0,0.0,0.0
401360903,CHA,4278078,27.0,9.7,6.7
401360903,CHA,4432816,39.0,22.7,21.3
401360903,CHA,4702233,1.0,-0.8,-0.8
401360903,NYK,3986,22.0,13.5,12.5
401360903,NYK,6429,33.0,16.0,12.7
401360903,NYK,6588,34.0,5.8,6.7
401360903,NYK,2991047,1.0,0.0,0.0
401360903,NYK,4277922,26.0,7.5,8.2
401360903,NYK,4278355,40.0,23.9,19.8
401360903,NYK,4395625,38.0,21.5,20.4
401360903,NYK,4395724,21.0,10.7,9.2
401360903,NYK,4397014,15.0,0.4,-0.1
401360903,NYK,4431823,11.0,8.7,8.1
401360904,ATL,2534781,6.0,5.3,4.7
401360904,ATL,3037789,28.0,5.0,3.2
401360904,ATL,3064447,27.0,13.4,9.8
401360904,ATL,3102529,17.0,-0.4,-1.8
401360904,ATL,3893019,22.0,-2.1,-1.5
401360904,ATL,4065732,26.0,9.8,9.7
401360904,ATL,4066372,28.0,1.6,1.2
401360904,ATL,4277905,34.0,16.9,14.3
401360904,ATL,4278075,6.0,1.2,1.3
401360904,ATL,4431680,21.0,11.4,9.9
401360904,ATL,4701230,25.0,8.1,6.8
401360904,DET,6446,18.0,9.9,7.8
401360904,DET,2488826,24.0,11.1,10.3
401360904,DET,2489663,18.0,14.0,12.5
401360904,DET,2991070,22.0,21.1,18.8
401360904,DET,4277848,28.0,8.5,5.5
401360904,DET,4278566,5.0,1.6,2.0
401360904,DET,4397136,34.0,8.1,5.2
401360904,DET,4432166,35.0,14.7,12.7
401360904,DET,4432810,23.0,7.4,4.1
401360904,DET,4683024,33.0,11.4,10.2
401360905,IND,4244,15.0,5.6,5.7
401360905,IND,2982340,31.0,4.7,3.0
401360905,IND,2990984,37.0,22.9,18.0
401360905,IND,4278031,33.0,4.8,4.0
401360905,IND,4279815,29.0,9.9,8.5
401360905,IND,4348700,29.0,19.0,16.7
401360905,IND,4396993,37.0,20.5,17.4
401360905,IND,4397235,21.0,3.8,4.3
401360905,IND,4432170,7.0,2.6,0.3
401360905,SAC,6578,33.0,6.7,3.6
401360905,SAC,6603,21.0,7.8,6.7
401360905,SAC,2284101,22.0,-1.9,-4.1
401360905,SAC,2596107,18.0,6.0,4.4
401360905,SAC,3064559,30.0,13.0,10.9
401360905,SAC,3136196,22.0,7.9,7.4
401360905,SAC,3914283,26.0,17.6,14.8
401360905,SAC,3934673,31.0,9.5,8.7
401360905,SAC,4278053,38.0,20.9,20.4
401360906,BOS,3213,31.0,11.7,8.5
401360906,BOS,2451037,17.0,11.3,8.8
401360906,BOS,2990992,27.0,10.7,8.8
401360906,BOS,2991042,3.0,2.7,2.7
401360906,BOS,3064560,3.0,4.8,4.8
401360906,BOS,3078576,31.0,7.4,8.1
401360906,BOS,3917376,32.0,19.3,19.9
401360906,BOS,4065648,29.0,20.0,19.2
401360906,BOS,4065804,5.0,-0.8,-0.7
401360906,BOS,4066211,25.0,16.3,10.3
401360906,BOS,4066218,12.0,1.4,1.0
401360906,BOS,4066354,18.0,12.4,9.8
401360906,BOS,4396909,5.0,1.7,1.7
401360906,BOS,4407254,3.0,2.7,2.4
401360906,UTA,3005,16.0,-3.9,-4.5
401360906,UTA,3195,28.0,5.3,4.4
401360906,UTA,4262,15.0,5.2,4.7
401360906,UTA,2528426,27.0,1.0,-0.8
401360906,UTA,2583632,31.0,6.2,4.1
401360906,UTA,3032976,30.0,16.6,13.9
401360906,UTA,3133817,25.0,5.6,5.6
401360906,UTA,3908809,35.0,27.5,24.8
401360906,UTA,4017839,5.0,0.0,0.0
401360906,UTA,4065656,16.0,-0.8,0.0
401360906,UTA,4066303,3.0,-0.4,-0.7
401360906,UTA,4278039,5.0,2.0,2.4
401360906,UTA,4395695,5.0,0.9,1.0
401360907,GSW,4269,19.0,10.4,9.2
401360907,GSW,2595209,31.0,19.1,18.8
401360907,GSW,3059319,37.0,15.9,13.7
401360907,GSW,3134903,27.0,9.8,9.2
401360907,GSW,3137795,9.0,0.0,0.0
401360907,GSW,3155535,29.0,8.9,3.8
401360907,GSW,4277956,39.0,23.1,23.4
401360907,GSW,4401416,2.0,0.0,0.0
401360907,GSW,4432171,17.0,-1.8,-2.1
401360907,GSW,4433247,30.0,11.3,12.5
401360907,MIA,3012,38.0,25.4,26.1
401360907,MIA,3033,36.0,10.5,5.8
401360907,MIA,6430,41.0,16.7,15.4
401360907,MIA,6461,4.0,-1.1,-1.4
401360907,MIA,2527963,20.0,0.7,0.2
401360907,MIA,2580913,10.0,3.7,4.3
401360907,MIA,3138160,10.0,-1.3,-1.7
401360907,MIA,3157465,33.0,10.3,9.4
401360907,MIA,4065778,15.0,-4.2,-4.5
401360907,MIA,4066261,34.0,20.3,18.5
401360908,BKN,3202,40.0,27.5,21.5
401360908,BKN,3999,11.0,-3.3,-3.1
401360908,BKN,4004,25.0,-5.3,-4.8
401360908,BKN,6442,44.0,33.0,32.7
401360908,BKN,6585,28.0,11.5,11.2
401360908,BKN,4065670,37.0,15.5,12.6
401360908,BKN,4278067,20.0,7.6,5.7
401360908,BKN,4397693,20.0,4.4,2.7
401360908,BKN,4432174,17.0,3.9,2.6
401360908,MEM,2991235,28.0,15.4,12.3
401360908,MEM,2993874,15.0,9.9,8.1
401360908,MEM,3134932,10.0,4.7,3.0
401360908,MEM,3135046,35.0,15.9,14.9
401360908,MEM,3155526,34.0,11.9,11.9
401360908,MEM,3906665,20.0,13.7,12.3
401360908,MEM,4066320,32.0,14.8,14.5
401360908,MEM,4066436,27.0,15.6,14.8
401360908,MEM,4277961,33.0,9.4,6.6
401360908,MEM,4433137,7.0,-0.5,-0.7
401360909,MIN,3964,31.0,9.2,9.2
401360909,MIN,2982268,1.0,0.3,0.0
401360909,MIN,2990962,18.0,4.0,4.6
401360909,MIN,3134916,17.0,6.4,4.8
401360909,MIN,3136195,31.0,13.7,11.5
401360909,MIN,3136776,27.0,5.3,5.1
401360909,MIN,3907822,23.0,10.9,9.0
401360909,MIN,4065663,1.0,0.0,0.0
401360909,MIN,4278077,26.0,11.0,8.2
401360909,MIN,4278541,12.0,10.3,10.7
401360909,MIN,4396971,17.0,9.8,9.4
401360909,MIN,4594268,35.0,10.1,9.4
401360909,MIN,4683025,1.0,0.6,0.6
401360909,PHX,3452,9.0,1.5,-0.3
401360909,PHX,6427,4.0,-0.8,-0.7
401360909,PHX,6581,24.0,4.3,2.0
401360909,PHX,2528693,26.0,7.5,5.8
401360909,PHX,2583639,1.0,0.0,0.0
401360909,PHX,3059307,1.0,-0.4,0.0
401360909,PHX,3064230,32.0,13.7,13.3
401360909,PHX,3136193,35.0,23.1,22.0
401360909,PHX,3147657,39.0,14.4,12.3
401360909,PHX,3914044,25.0,14.1,13.1
401360909,PHX,3922230,9.0,2.0,1.4
401360909,PHX,4278129,35.0,31.6,28.2
401360910,OKC,4066317,19.0,6.2,4.3
401360910,OKC,4066392,33.0,21.5,17.7
401360910,OKC,4278046,19.0,5.7,5.7
401360910,OKC,4397183,22.0,3.8,3.6
401360910,OKC,4423545,29.0,7.0,5.8
401360910,OKC,4432819,29.0,13.3,13.8
401360910,OKC,4578893,27.0,11.7,8.8
401360910,OKC,4683018,29.0,6.0,1.7
401360910,OKC,4683027,32.0,23.4,21.7
401360910,ORL,3150844,26.0,7.8,7.0
401360910,ORL,3918423,23.0,2.3,3.3
401360910,ORL,4066786,30.0,3.6,2.7
401360910,ORL,4277919,22.0,9.1,6.4
401360910,ORL,4278052,35.0,10.2,9.2
401360910,ORL,4397205,23.0,-1.9,-1.8
401360910,ORL,4432809,30.0,17.9,17.2
401360910,ORL,4566434,22.0,11.6,11.5
401360910,ORL,4590530,30.0,9.7,7.7
401360911,DAL,2528779,34.0,4.3,1.6
401360911,DAL,2531367,24.0,14.0,14.0
401360911,DAL,2578185,35.0,11.8,7.6
401360911,DAL,2580782,34.0,23.0,20.5
401360911,DAL,2960236,21.0,3.2,3.1
401360911,DAL,3057187,16.0,0.5,-0.3
401360911,DAL,3907487,3.0,0.9,0.0
401360911,DAL,3934672,29.0,19.4,19.4
401360911,DAL,4230547,21.0,8.5,8.9
401360911,DAL,4277871,3.0,2.0,2.0
401360911,DAL,4432811,20.0,-1.9,-1.4
401360911,HOU,3431,23.0,2.0,1.0
401360911,HOU,3032979,20.0,6.3,6.7
401360911,HOU,3058254,27.0,7.9,5.5
401360911,HOU,3136777,23.0,8.5,8.4
401360911,HOU,3913180,19.0,4.3,0.3
401360911,HOU,4277952,3.0,3.0,3.4
401360911,HOU,4397140,29.0,7.4,7.1
401360911,HOU,4431828,18.0,1.1,1.3
401360911,HOU,4432168,17.0,5.4,4.9
401360911,HOU,4432176,3.0,0.6,0.0
401360911,HOU,4437244,32.0,0.8,-1.1
401360911,HOU,4871143,3.0,0.3,0.0
401360911,HOU,4871144,22.0,14.7,11.8
401360912,LAL,1975,31.0,14.0,13.4
401360912,LAL,2384,28.0,20.6,18.7
401360912,LAL,3415,22.0,6.6,5.8
401360912,LAL,3468,33.0,15.1,12.8
401360912,LAL,3134881,35.0,15.4,15.4
401360912,LAL,4066262,32.0,14.0,12.1
401360912,LAL,4066264,30.0,5.6,4.0
401360912,LAL,4066457,29.0,3.3,1.7
401360912,PHI,3442,14.0,7.5,6.4
401360912,PHI,3988,11.0,0.3,-0.7
401360912,PHI,3992,37.0,18.0,16.4
401360912,PHI,6440,36.0,17.9,16.2
401360912,PHI,2990969,14.0,9.1,8.8
401360912,PHI,3059318,34.0,27.7,22.4
401360912,PHI,3907498,22.0,3.4,1.3
401360912,PHI,3915195,20.0,0.8,0.6
401360912,PHI,3929325,14.0,5.4,5.1
401360912,PHI,4431678,38.0,21.2,19.0
401360913,POR,2578213,20.0,17.1,16.5
401360913,POR,2991139,25.0,7.5,5.1
401360913,POR,3135047,7.0,-2.9,-3.5
401360913,POR,3152335,12.0,-2.9,-2.1
401360913,POR,3914285,36.0,18.0,16.0
401360913,POR,4066446,19.0,7.6,7.4
401360913,POR,4397040,25.0,-1.7,-2.1
401360913,POR,4397166,20.0,-0.9,-1.1
401360913,POR,4431675,25.0,6.7,5.7
401360913,POR,4432161,27.0,8.6,5.7
401360913,POR,4432192,23.0,1.5,1.6
401360913,SAS,2581190,24.0,8.5,6.6
401360913,SAS,3134908,24.0,16.9,12.0
401360913,SAS,3136779,10.0,6.6,5.7
401360913,SAS,3146557,8.0,3.0,2.4
401360913,SAS,3907497,30.0,27.5,25.4
401360913,SAS,4066650,23.0,8.8,6.5
401360913,SAS,4395626,23.0,10.1,5.6
401360913,SAS,4395630,24.0,17.3,14.8
401360913,SAS,4395723,28.0,20.6,17.7
401360913,SAS,4397033,20.0,0.8,1.2
401360913,SAS,4702176,25.0,7.5,7.5
401360914,CLE,3449,33.0,14.6,11.3
401360914,CLE,4259,2.0,0.0,0.0
401360914,CLE,2991043,24.0,5.3,5.0
401360914,CLE,3057198,2.0,5.4,5.4
401360914,CLE,3893016,11.0,0.5,1.3
401360914,CLE,3906786,2.0,0.0,0.0
401360914,CLE,4066336,36.0,17.2,15.8
401360914,CLE,4066405,24.0,10.2,9.6
401360914,CLE,4277916,2.0,-0.7,-0.7
401360914,CLE,4396907,38.0,12.1,11.9
401360914,CLE,4397126,2.0,0.3,0.0
401360914,CLE,4432158,39.0,11.5,7.7
401360914,CLE,4432822,27.0,4.2,4.7
401360914,TOR,3244,15.0,9.8,8.2
401360914,TOR,2578240,13.0,1.8,2.4
401360914,TOR,2991230,39.0,13.4,10.6
401360914,TOR,3133602,2.0,-0.7,-0.7
401360914,TOR,3133838,2.0,-1.1,-0.7
401360914,TOR,3149673,32.0,27.9,28.7
401360914,TOR,3934719,26.0,11.3,10.0
401360914,TOR,3948153,33.0,14.4,11.3
401360914,TOR,4066450,19.0,5.3,2.7
401360914,TOR,4397885,2.0,2.0,2.4
401360914,TOR,4431679,22.0,5.3,4.9
401360914,TOR,4433134,35.0,12.4,10.2
401360915,IND,4244,23.0,18.3,17.9
401360915,IND,2596247,17.0,-3.7,-3.8
401360915,IND,2982340,32.0,10.3,5.9
401360915,IND,2990984,27.0,9.3,5.7
401360915,IND,4278031,34.0,8.4,6.6
401360915,IND,4279815,30.0,13.6,13.4
401360915,IND,4348700,30.0,10.6,9.5
401360915,IND,4396993,27.0,9.8,8.6
401360915,IND,4397235,21.0,-4.3,-3.1
401360915,MEM,2991235,23.0,18.8,12.8
401360915,MEM,2993874,23.0,6.3,5.3
401360915,MEM,3134932,25.0,18.2,16.5
401360915,MEM,3135046,25.0,13.4,11.6
401360915,MEM,4066320,24.0,29.0,27.5
401360915,MEM,4066436,21.0,12.1,11.4
401360915,MEM,4277928,10.0,1.0,1.0
401360915,MEM,4277961,17.0,12.4,11.4
401360915,MEM,4277964,24.0,13.9,11.7
401360915,MEM,4433137,30.0,0.4,0.4
401360915,MEM,4593125,18.0,-1.4,-2.7
401360916,MIL,3438,23.0,10.0,8.8
401360916,MIL,3439,17.0,10.4,9.5
401360916,MIL,3448,28.0,6.2,6.0
401360916,MIL,3995,33.0,17.5,16.4
401360916,MIL,4032,28.0,1.7,0.7
401360916,MIL,2578239,23.0,13.7,12.3
401360916,MIL,3064482,29.0,5.8,3.7
401360916,MIL,3133635,13.0,9.7,8.5
401360916,MIL,3135045,29.0,17.4,15.5
401360916,MIL,4277883,18.0,-4.5,-4.2
401360916,WAS,4305,28.0,17.3,15.4
401360916,WAS,6621,13.0,0.3,0.3
401360916,WAS,2581018,33.0,9.9,7.5
401360916,WAS,2581184,14.0,8.8,9.2
401360916,WAS,2968361,20.0,8.2,7.9
401360916,WAS,3102531,32.0,13.2,10.8
401360916,WAS,4066648,24.0,6.4,4.9
401360916,WAS,4278049,16.0,2.9,3.1
401360916,WAS,4280151,30.0,6.6,3.0
401360916,WAS,4683021,32.0,6.1,6.0
401360917,CHI,6474,15.0,3.3,2.4
401360917,CHI,6478,32.0,17.1,12.2
401360917,CHI,2596112,25.0,8.0,5.8
401360917,CHI,2991350,28.0,5.0,5.7
401360917,CHI,3064440,40.0,26.2,24.0
401360917,CHI,3936099,6.0,1.3,1.0
401360917,CHI,4065673,1.0,0.7,0.7
401360917,CHI,4278508,14.0,1.2,2.0
401360917,CHI,4395651,29.0,16.8,17.3
401360917,CHI,4397002,32.0,1.7,2.4
401360917,CHI,4431687,17.0,-0.3,0.6
401360917,NOP,6477,34.0,13.4,8.1
401360917,NOP,2490149,33.0,19.1,17.5
401360917,NOP,2580365,18.0,6.5,5.0
401360917,NOP,2999409,13.0,4.2,3.6
401360917,NOP,3002137,3.0,0.3,0.0
401360917,NOP,3133601,29.0,29.2,27.6
401360917,NOP,4277813,24.0,6.1,5.1
401360917,NOP,4277869,30.0,18.2,15.2
401360917,NOP,4278594,12.0,1.2,2.3
401360917,NOP,4397077,30.0,6.5,5.4
401360917,NOP,4397688,14.0,6.4,6.8
401360918,DEN,3209,23.0,10.0,9.1
401360918,DEN,4258,16.0,8.5,7.8
401360918,DEN,6579,31.0,18.1,17.7
401360918,DEN,6617,19.0,-1.9,-0.7
401360918,DEN,2327577,21.0,0.0,-0.4
401360918,DEN,3059262,14.0,2.2,2.4
401360918,DEN,3059310,27.0,11.3,10.8
401360918,DEN,3064290,33.0,14.0,13.9
401360918,DEN,3112335,32.0,24.8,21.4
401360918,DEN,4592492,25.0,17.9,17.2
401360918,PHX,2779,30.0,21.4,18.5
401360918,PHX,3452,10.0,0.7,1.6
401360918,PHX,6427,5.0,0.1,0.2
401360918,PHX,6581,29.0,8.6,7.0
401360918,PHX,2528693,19.0,6.6,5.7
401360918,PHX,3064230,18.0,8.3,9.2
401360918,PHX,3136193,39.0,45.8,42.1
401360918,PHX,3147657,38.0,20.2,20.3
401360918,PHX,3914044,19.0,1.2,1.7
401360918,PHX,4278129,33.0,10.3,9.8
401360919,CHA,6472,15.0,8.0,6.4
401360919,CHA,2488653,16.0,5.4,4.5
401360919,CHA,2991055,19.0,9.7,9.5
401360919,CHA,3074752,34.0,16.7,15.3
401360919,CHA,3133603,18.0,4.1,4.3
401360919,CHA,3138161,25.0,3.4,2.8
401360919,CHA,4066383,36.0,23.9,21.9
401360919,CHA,4066731,10.0,3.3,3.1
401360919,CHA,4278078,33.0,4.0,1.0
401360919,CHA,4432816,34.0,12.7,11.4
401360919,UTA,3005,13.0,-1.7,-1.5
401360919,UTA,3195,32.0,13.8,10.9
401360919,UTA,2528426,35.0,12.6,12.4
401360919,UTA,2583632,35.0,2.6,2.6
401360919,UTA,3032976,37.0,13.0,8.8
401360919,UTA,3133817,10.0,10.4,8.8
401360919,UTA,3908809,36.0,15.7,14.9
401360919,UTA,4017839,28.0,10.9,10.7
401360919,UTA,4065656,12.0,2.4,1.4
401360920,DET,6446,22.0,6.5,5.0
401360920,DET,2488826,26.0,-2.2,-4.2
401360920,DET,2991070,8.0,2.0,1.7
401360920,DET,4065651,15.0,-0.2,-0.8
401360920,DET,4066240,18.0,0.7,-0.7
401360920,DET,4277848,35.0,22.4,18.5
401360920,DET,4397136,27.0,4.2,1.8
401360920,DET,4432166,35.0,16.7,16.4
401360920,DET,4432810,25.0,9.4,8.5
401360920,DET,4683024,29.0,9.5,4.8
401360920,WAS,4305,19.0,4.8,3.2
401360920,WAS,6621,29.0,10.5,7.9
401360920,WAS,2581018,33.0,3.7,2.9
401360920,WAS,2581184,23.0,3.8,2.4
401360920,WAS,3102531,32.0,24.3,19.7
401360920,WAS,3934723,14.0,4.9,5.0
401360920,WAS,4066648,27.0,5.4,4.3
401360920,WAS,4280151,31.0,2.9,1.3
401360920,WAS,4683021,32.0,14.7,11.4
401360921,ATL,2799,10.0,3.3,2.7
401360921,ATL,3428,37.0,17.4,16.7
401360921,ATL,3064447,19.0,6.7,4.8
401360921,ATL,3102529,31.0,20.4,16.7
401360921,ATL,3893019,16.0,4.2,4.1
401360921,ATL,4065732,34.0,7.3,4.2
401360921,ATL,4066372,37.0,13.5,11.9
401360921,ATL,4277905,39.0,33.7,32.0
401360921,ATL,4431680,17.0,1.5,-1.3
401360921,GSW,6475,40.0,27.3,25.2
401360921,GSW,6589,24.0,0.1,0.4
401360921,GSW,2594922,19.0,6.7,6.2
401360921,GSW,2595209,27.0,3.2,1.9
401360921,GSW,3059319,22.0,6.1,5.7
401360921,GSW,3134903,30.0,15.1,13.7
401360921,GSW,3155535,24.0,10.0,9.3
401360921,GSW,4277956,39.0,13.0,13.8
401360921,GSW,4433247,14.0,0.0,-0.5
401360922,MIA,3012,36.0,13.4,12.0
401360922,MIA,3033,28.0,4.4,1.0
401360922,MIA,6430,37.0,27.6,25.1
401360922,MIA,6461,16.0,8.0,8.1
401360922,MIA,2580913,16.0,1.7,2.0
401360922,MIA,3138160,21.0,-1.7,-1.4
401360922,MIA,3157465,24.0,0.7,0.9
401360922,MIA,4065778,30.0,4.3,6.4
401360922,MIA,4066261,32.0,17.4,15.5
401360922,NYK,3986,22.0,3.4,3.0
401360922,NYK,6429,24.0,9.5,8.4
401360922,NYK,6588,29.0,3.6,2.5
401360922,NYK,4277922,28.0,9.5,8.3
401360922,NYK,4278355,26.0,12.8,12.5
401360922,NYK,4351852,19.0,12.4,11.8
401360922,NYK,4395625,34.0,7.9,7.2
401360922,NYK,4395724,24.0,21.3,19.1
401360922,NYK,4397014,16.0,3.4,4.7
401360922,NYK,4431823,17.0,6.1,5.1
401360923,DAL,4376,6.0,4.6,3.6
401360923,DAL,2528779,33.0,-1.4,-1.4
401360923,DAL,2531367,21.0,10.4,10.5
401360923,DAL,2578185,32.0,2.1,0.9
401360923,DAL,2580782,27.0,8.9,8.0
401360923,DAL,2960236,21.0,7.0,5.0
401360923,DAL,3907487,6.0,1.7,1.7
401360923,DAL,3934672,30.0,5.9,4.6
401360923,DAL,3945274,37.0,20.4,16.4
401360923,DAL,4230547,10.0,3.0,2.4
401360923,DAL,4432811,17.0,3.9,4.4
401360923,MIN,3964,25.0,9.4,7.4
401360923,MIN,2982268,4.0,2.0,2.0
401360923,MIN,2990962,22.0,12.1,11.8
401360923,MIN,3134916,20.0,14.6,13.5
401360923,MIN,3136195,30.0,18.4,16.9
401360923,MIN,3136776,31.0,11.1,10.4
401360923,MIN,3907822,12.0,1.2,1.3
401360923,MIN,4065663,4.0,2.3,2.7
401360923,MIN,4067325,7.0,1.7,1.4
401360923,MIN,4278077,23.0,12.1,10.7
401360923,MIN,4278541,16.0,-0.5,0.3
401360923,MIN,4396971,11.0,3.2,2.4
401360923,MIN,4594268,32.0,6.6,5.0
401360923,MIN,4683025,3.0,0.3,0.0
401360924,HOU,3431,22.0,4.3,3.7
401360924,HOU,3032979,23.0,13.5,10.4
401360924,HOU,3058254,27.0,13.0,8.8
401360924,HOU,3136777,23.0,14.3,12.2
401360924,HOU,3913180,20.0,2.0,2.9
401360924,HOU,4277952,3.0,-0.4,0.0
401360924,HOU,4397140,26.0,13.5,11.9
401360924,HOU,4431828,22.0,13.3,13.1
401360924,HOU,4432168,20.0,14.4,12.9
401360924,HOU,4432176,5.0,1.6,2.0
401360924,HOU,4437244,28.0,16.3,15.4
401360924,HOU,4871144,21.0,2.0,0.8
401360924,POR,2578213,27.0,8.4,7.9
401360924,POR,2991139,19.0,13.7,11.6
401360924,POR,3152335,17.0,2.5,2.0
401360924,POR,3914285,26.0,13.4,13.3
401360924,POR,4066446,25.0,6.2,4.7
401360924,POR,4397040,24.0,-3.9,-4.5
401360924,POR,4397166,28.0,10.8,10.8
401360924,POR,4431675,30.0,16.2,15.2
401360924,POR,4432161,21.0,6.6,6.2
401360924,POR,4432192,22.0,6.3,5.8
401360925,LAC,3416,23.0,4.5,3.0
401360925,LAC,6443,27.0,0.6,-0.5
401360925,LAC,6462,15.0,-3.0,-4.2
401360925,LAC,2490620,24.0,9.8,5.4
401360925,LAC,2581177,9.0,2.0,1.0
401360925,LAC,3056602,13.0,-1.6,-1.5
401360925,LAC,3907823,23.0,7.7,8.0
401360925,LAC,3913174,22.0,3.5,2.6
401360925,LAC,4017837,24.0,9.9,9.9
401360925,LAC,4066387,38.0,16.7,14.2
401360925,LAC,4222252,23.0,16.7,15.2
401360925,PHI,3442,15.0,2.8,2.8
401360925,PHI,3988,16.0,6.0,5.4
401360925,PHI,3992,34.0,29.4,22.9
401360925,PHI,6440,25.0,10.0,8.4
401360925,PHI,2990969,17.0,0.0,-1.0
401360925,PHI,3059318,28.0,20.7,16.7
401360925,PHI,3907498,26.0,13.3,11.5
401360925,PHI,3915195,25.0,5.6,5.4
401360925,PHI,3929325,11.0,1.3,1.3
401360925,PHI,4066508,4.0,0.0,0.0
401360925,PHI,4278562,6.0,10.3,7.5
401360925,PHI,4395702,5.0,1.0,1.0
401360925,PHI,4431678,29.0,9.1,5.2
401360926,NOP,6477,29.0,17.2,16.3
401360926,NOP,2490149,35.0,24.0,22.1
401360926,NOP,2580365,19.0,7.6,4.8
401360926,NOP,2999409,14.0,2.2,2.0
401360926,NOP,3133601,28.0,1.6,0.9
401360926,NOP,4277813,32.0,-4.6,-6.3
401360926,NOP,4277869,29.0,20.0,17.2
401360926,NOP,4278594,12.0,2.5,2.9
401360926,NOP,4397077,29.0,10.1,7.5
401360926,NOP,4397688,12.0,2.6,2.7
401360926,SAS,2581190,27.0,13.5,13.0
401360926,SAS,3134908,30.0,13.7,11.0
401360926,SAS,3136779,12.0,3.3,3.4
401360926,SAS,3146557,19.0,9.6,8.8
401360926,SAS,3907497,40.0,15.5,10.7
401360926,SAS,4066650,18.0,8.5,8.8
401360926,SAS,4395626,15.0,1.8,1.9
401360926,SAS,4395723,36.0,16.6,13.8
401360926,SAS,4397033,8.0,-1.8,-1.4
401360926,SAS,4702176,34.0,4.2,3.6
401360927,ORL,3447,20.0,1.5,3.2
401360927,ORL,6619,19.0,6.1,5.0
401360927,ORL,3150844,19.0,16.8,15.6
401360927,ORL,4066636,20.0,13.4,10.1
401360927,ORL,4066786,20.0,3.7,1.7
401360927,ORL,4277919,34.0,16.0,11.8
401360927,ORL,4278052,34.0,3.8,1.6
401360927,ORL,4432809,33.0,8.6,8.1
401360927,ORL,4566434,34.0,13.3,10.4
401360927,ORL,4590530,33.0,3.7,3.7
401360927,SAC,6578,40.0,15.8,11.7
401360927,SAC,6603,14.0,3.0,2.7
401360927,SAC,2284101,34.0,9.7,7.0
401360927,SAC,2596107,22.0,11.3,12.2
401360927,SAC,3064559,25.0,8.0,8.4
401360927,SAC,3136196,36.0,11.9,7.7
401360927,SAC,3914283,17.0,-2.4,-2.5
401360927,SAC,3934673,32.0,13.2,11.8
401360927,SAC,4278053,45.0,19.4,16.6
401360928,IND,4244,21.0,-1.0,-1.9
401360928,IND,2596247,23.0,-2.7,-2.1
401360928,IND,2982340,35.0,15.2,13.8
401360928,IND,2990984,32.0,9.2,9.4
401360928,IND,4278031,38.0,18.6,12.6
401360928,IND,4279815,28.0,1.9,2.8
401360928,IND,4396993,33.0,11.8,11.7
401360928,IND,4397189,30.0,12.2,9.6
401360928,TOR,3244,15.0,10.0,7.7
401360928,TOR,2578240,15.0,4.9,5.1
401360928,TOR,2991230,17.0,5.3,5.1
401360928,TOR,3133602,7.0,4.0,4.4
401360928,TOR,3133838,8.0,3.2,2.9
401360928,TOR,3149673,31.0,20.6,18.3
401360928,TOR,3934719,28.0,15.3,12.4
401360928,TOR,3948153,30.0,14.8,11.8
401360928,TOR,4066450,23.0,10.4,9.6
401360928,TOR,4397885,9.0,0.9,1.1
401360928,TOR,4431679,24.0,18.4,16.6
401360928,TOR,4433134,31.0,21.5,19.7
401360929,CHI,3978,35.0,7.8,8.3
401360929,CHI,6474,12.0,5.5,4.3
401360929,CHI,6478,36.0,13.0,10.1
401360929,CHI,2596112,15.0,2.7,4.0
401360929,CHI,2991350,38.0,17.0,14.0
401360929,CHI,3064440,39.0,17.3,16.0
401360929,CHI,4395651,20.0,-2.9,-4.1
401360929,CHI,4397002,32.0,9.9,11.3
401360929,CHI,4431687,14.0,2.9,1.7
401360929,CLE,3449,17.0,1.0,0.6
401360929,CLE,2991043,36.0,9.6,8.2
401360929,CLE,3893016,6.0,-1.8,-1.7
401360929,CLE,3906786,12.0,2.8,2.7
401360929,CLE,4066336,32.0,10.1,8.0
401360929,CLE,4066405,25.0,9.8,9.8
401360929,CLE,4396907,44.0,21.1,18.3
401360929,CLE,4432158,33.0,7.0,4.4
401360929,CLE,4432822,35.0,6.0,6.1
401360930,BKN,3202,31.0,18.3,14.1
401360930,BKN,3423,21.0,4.1,3.4
401360930,BKN,3989,12.0,6.2,5.7
401360930,BKN,3999,21.0,6.1,2.8
401360930,BKN,4004,20.0,1.7,1.8
401360930,BKN,6442,30.0,10.5,8.1
401360930,BKN,6585,18.0,13.3,11.7
401360930,BKN,2326307,22.0,13.0,12.4
401360930,BKN,4065670,24.0,11.8,8.9
401360930,BKN,4278067,18.0,13.0,9.9
401360930,BKN,4397693,15.0,-2.2,-1.4
401360930,BKN,4432174,8.0,1.0,1.0
401360930,MIA,3012,25.0,4.5,4.4
401360930,MIA,3033,23.0,7.5,7.4
401360930,MIA,6430,25.0,6.0,4.3
401360930,MIA,2527963,25.0,3.2,2.7
401360930,MIA,2580913,16.0,6.4,4.5
401360930,MIA,3074213,8.0,0.6,0.0
401360930,MIA,3138160,25.0,6.4,6.7
401360930,MIA,3157465,13.0,-2.6,-2.1
401360930,MIA,4065778,17.0,11.4,11.5
401360930,MIA,4066261,24.0,10.8,8.4
401360930,MIA,4291678,7.0,0.6,0.0
401360930,MIA,4395725,32.0,6.5,2.3
401360931,MEM,2991235,24.0,9.7,6.6
401360931,MEM,2993874,20.0,9.6,6.0
401360931,MEM,3134932,16.0,4.2,2.0
401360931,MEM,3135046,29.0,17.5,15.6
401360931,MEM,3155526,25.0,9.7,10.7
401360931,MEM,4066320,28.0,16.3,13.8
401360931,MEM,4066436,22.0,21.2,18.8
401360931,MEM,4277928,3.0,2.4,1.7
401360931,MEM,4277961,27.0,9.2,7.6
401360931,MEM,4277964,22.0,8.5,7.5
401360931,MEM,4278116,3.0,-0.7,-0.7
401360931,MEM,4433137,18.0,7.5,5.3
401360931,MEM,4593125,3.0,1.6,1.7
401360931,MIL,3438,24.0,2.6,2.7
401360931,MIL,3448,22.0,9.0,6.7
401360931,MIL,4032,17.0,0.2,-0.7
401360931,MIL,6609,29.0,6.0,5.3
401360931,MIL,2578239,22.0,5.8,5.3
401360931,MIL,3032977,28.0,26.1,21.8
401360931,MIL,3064482,21.0,4.7,3.9
401360931,MIL,3102533,4.0,2.3,2.0
401360931,MIL,3133635,23.0,9.1,8.2
401360931,MIL,3135045,30.0,2.0,2.7
401360931,MIL,4277883,11.0,1.9,1.3
401360931,MIL,4277887,5.0,0.6,0.6
401360931,MIL,4278580,4.0,-0.4,0.0
401360932,DEN,3209,20.0,4.5,3.3
401360932,DEN,4258,13.0,6.6,5.8
401360932,DEN,6579,35.0,14.8,11.5
401360932,DEN,6617,27.0,1.2,-1.7
401360932,DEN,2327577,8.0,-0.2,-0.4
401360932,DEN,2994526,10.0,3.4,3.4
401360932,DEN,3059262,6.0,1.0,1.0
401360932,DEN,3059310,31.0,9.3,7.5
401360932,DEN,3064290,35.0,14.4,12.4
401360932,DEN,3112335,35.0,38.1,33.3
401360932,DEN,4592492,19.0,9.5,8.5
401360932,OKC,4066317,26.0,12.0,9.4
401360932,OKC,4066392,25.0,13.7,12.7
401360932,OKC,4278046,19.0,4.6,5.1
401360932,OKC,4397183,30.0,6.7,5.7
401360932,OKC,4423545,14.0,3.8,3.3
401360932,OKC,4432819,33.0,6.4,3.6
401360932,OKC,4578893,28.0,7.6,6.5
401360932,OKC,4683018,35.0,17.2,14.5
401360932,OKC,4683027,32.0,12.4,10.4
401360933,HOU,3032979,29.0,12.2,7.3
401360933,HOU,3058254,24.0,9.1,5.0
401360933,HOU,3136777,20.0,2.6,3.0
401360933,HOU,3913180,18.0,7.0,4.4
401360933,HOU,4397140,30.0,8.8,8.6
401360933,HOU,4431828,26.0,11.8,9.2
401360933,HOU,4432168,19.0,4.0,2.4
401360933,HOU,4432176,16.0,4.6,3.4
401360933,HOU,4437244,32.0,18.8,16.4
401360933,HOU,4871144,26.0,22.9,21.1
401360933,POR,2578213,21.0,8.8,7.0
401360933,POR,2991139,21.0,3.2,2.8
401360933,POR,3152335,13.0,2.4,1.2
401360933,POR,3914285,33.0,16.4,13.1
401360933,POR,4066446,19.0,1.8,-0.1
401360933,POR,4397040,34.0,13.6,12.2
401360933,POR,4397166,32.0,6.0,2.6
401360933,POR,4431675,30.0,13.4,10.7
401360933,POR,4432161,6.0,4.4,3.4
401360933,POR,4432192,32.0,2.3,1.2
401360934,DET,6446,21.0,10.1,9.5
401360934,DET,2488826,8.0,-1.1,-2.1
401360934,DET,2489663,18.0,1.5,1.7
401360934,DET,4065651,13.0,3.2,2.6
401360934,DET,4066240,13.0,8.2,6.4
401360934,DET,4277848,35.0,22.6,21.6
401360934,DET,4397136,32.0,9.5,8.0
401360934,DET,4432166,37.0,10.3,8.7
401360934,DET,4432810,37.0,15.0,12.3
401360934,DET,4683024,25.0,1.9,1.0
401360934,NYK,6429,33.0,19.6,17.1
401360934,NYK,6588,27.0,5.7,5.0
401360934,NYK,3064514,31.0,15.0,12.2
401360934,NYK,4277922,19.0,5.9,2.1
401360934,NYK,4278355,17.0,10.8,9.5
401360934,NYK,4351852,29.0,8.2,3.8
401360934,NYK,4395625,36.0,13.2,10.9
401360934,NYK,4395724,31.0,9.6,9.0
401360934,NYK,4431823,17.0,-3.3,-3.5
401360935,BOS,2451037,18.0,1.9,1.7
401360935,BOS,2990992,27.0,4.5,2.8
401360935,BOS,3064560,4.0,-0.7,-0.7
401360935,BOS,3078576,30.0,13.4,12.6
401360935,BOS,3917376,35.0,25.6,22.9
401360935,BOS,4065648,34.0,28.1,25.3
401360935,BOS,4065804,4.0,5.4,5.4
401360935,BOS,4066211,24.0,16.8,14.7
401360935,BOS,4066218,28.0,4.3,4.3
401360935,BOS,4066354,21.0,12.9,11.9
401360935,BOS,4396909,16.0,5.6,3.9
401360935,MIN,3964,24.0,4.4,3.0
401360935,MIN,2982268,4.0,-0.4,0.0
401360935,MIN,2990962,25.0,7.1,4.6
401360935,MIN,3134916,17.0,5.7,4.8
401360935,MIN,3136195,35.0,12.0,11.4
401360935,MIN,3136776,31.0,3.9,2.4
401360935,MIN,4065663,4.0,2.0,2.0
401360935,MIN,4067325,4.0,5.4,5.1
401360935,MIN,4278077,18.0,8.9,9.1
401360935,MIN,4278541,27.0,11.7,10.8
401360935,MIN,4396971,9.0,3.7,4.7
401360935,MIN,4594268,37.0,17.3,15.6
401360935,MIN,4683025,4.0,3.4,3.1
401360936,GSW,6475,37.0,16.8,15.7
401360936,GSW,6589,26.0,8.5,6.2
401360936,GSW,2594922,27.0,15.8,13.9
401360936,GSW,2595209,18.0,1.2,1.3
401360936,GSW,3059319,35.0,12.6,12.9
401360936,GSW,3134903,21.0,5.6,4.8
401360936,GSW,3155535,24.0,11.0,10.8
401360936,GSW,4277956,40.0,13.9,10.3
401360936,GSW,4433247,14.0,2.1,1.9
401360936,WAS,4305,18.0,1.1,0.6
401360936,WAS,6621,30.0,7.9,6.8
401360936,WAS,2581018,31.0,22.5,20.4
401360936,WAS,2581184,21.0,14.0,10.9
401360936,WAS,3102531,31.0,14.1,11.9
401360936,WAS,4066648,24.0,4.4,4.0
401360936,WAS,4278049,16.0,10.5,8.5
401360936,WAS,4280151,41.0,20.8,21.3
401360936,WAS,4683021,28.0,12.0,10.8
401360937,PHI,3442,10.0,3.8,2.4
401360937,PHI,3988,29.0,5.6,4.7
401360937,PHI,3992,39.0,13.7,12.1
401360937,PHI,6440,38.0,15.3,13.2
401360937,PHI,2990969,18.0,-0.1,-0.7
401360937,PHI,3059318,38.0,30.4,24.4
401360937,PHI,3907498,16.0,-0.0,0.9
401360937,PHI,3915195,14.0,3.3,3.1
401360937,PHI,4431678,38.0,7.0,7.8
401360937,PHX,2779,36.0,23.8,21.6
401360937,PHX,6427,17.0,4.7,3.0
401360937,PHX,6581,30.0,7.4,5.0
401360937,PHX,2528693,19.0,-1.2,-0.7
401360937,PHX,3064230,15.0,2.5,3.0
401360937,PHX,3136193,35.0,22.2,23.1
401360937,PHX,3147657,41.0,6.9,3.0
401360937,PHX,3914044,17.0,7.9,8.3
401360937,PHX,4278129,31.0,13.4,10.7
401360938,LAL,1966,42.0,27.8,25.1
401360938,LAL,1975,15.0,0.4,0.3
401360938,LAL,2384,33.0,7.3,6.1
401360938,LAL,3415,12.0,5.3,4.4
401360938,LAL,3468,32.0,15.4,14.0
401360938,LAL,3134881,19.0,0.1,0.0
401360938,LAL,4066262,29.0,16.5,16.9
401360938,LAL,4066264,18.0,-0.5,-0.5
401360938,LAL,4066457,20.0,4.6,2.5
401360938,LAL,4396991,21.0,5.6,5.7
401360938,NOP,6477,37.0,16.9,13.8
401360938,NOP,2490149,38.0,13.4,12.0
401360938,NOP,2999409,4.0,-0.4,-0.3
401360938,NOP,3133601,17.0,0.6,0.3
401360938,NOP,3913176,26.0,22.3,20.9
401360938,NOP,4277813,38.0,15.4,10.3
401360938,NOP,4277869,17.0,2.3,1.7
401360938,NOP,4278594,21.0,6.0,3.8
401360938,NOP,4397077,18.0,7.1,7.5
401360938,NOP,4397688,25.0,17.4,16.8
401360939,BKN,3202,42.0,20.7,16.7
401360939,BKN,3423,30.0,9.8,6.4
401360939,BKN,3999,12.0,2.9,2.4
401360939,BKN,4004,12.0,1.4,1.0
401360939,BKN,6442,41.0,9.9,9.0
401360939,BKN,6585,31.0,20.5,14.3
401360939,BKN,2326307,29.0,7.9,8.4
401360939,BKN,4065670,25.0,9.3,7.1
401360939,BKN,4278067,15.0,8.8,7.1
401360939,BKN,4397693,3.0,5.8,5.1
401360939,CHA,6472,12.0,2.9,2.7
401360939,CHA,2488653,27.0,4.1,3.8
401360939,CHA,2991055,7.0,-0.1,-0.4
401360939,CHA,3074752,37.0,10.1,8.1
401360939,CHA,3133603,17.0,-1.4,-2.8
401360939,CHA,3138161,21.0,9.7,9.9
401360939,CHA,4066383,38.0,14.4,12.4
401360939,CHA,4066731,13.0,2.9,3.3
401360939,CHA,4278078,31.0,20.0,19.8
401360939,CHA,4432816,37.0,31.1,27.5
401360940,DAL,6426,16.0,5.6,4.0
401360940,DAL,2528779,35.0,19.9,18.5
401360940,DAL,2531367,22.0,5.9,4.0
401360940,DAL,2578185,32.0,8.4,8.5
401360940,DAL,2579260,4.0,-0.7,-0.7
401360940,DAL,2580782,23.0,6.8,6.7
401360940,DAL,2960236,23.0,2.8,1.3
401360940,DAL,3907487,4.0,-0.4,0.0
401360940,DAL,3934672,32.0,20.2,18.9
401360940,DAL,3945274,33.0,23.2,21.7
401360940,DAL,4230547,4.0,4.4,3.4
401360940,DAL,4432811,14.0,0.6,0.7
401360940,UTA,3005,23.0,14.8,14.9
401360940,UTA,3195,26.0,12.6,13.8
401360940,UTA,2528426,29.0,10.9,10.8
401360940,UTA,2583632,29.0,4.3,2.6
401360940,UTA,3133817,26.0,6.1,6.0
401360940,UTA,3908809,32.0,7.4,5.3
401360940,UTA,4017839,29.0,7.7,5.1
401360940,UTA,4065656,21.0,8.0,8.1
401360940,UTA,4066303,6.0,0.3,0.3
401360940,UTA,4278039,9.0,-1.4,-2.1
401360940,UTA,4395695,9.0,3.2,2.7
401360941,CHA,6472,21.0,8.4,6.6
401360941,CHA,2488653,25.0,7.1,5.8
401360941,CHA,2991055,15.0,11.0,9.2
401360941,CHA,3074752,26.0,10.2,9.8
401360941,CHA,3133603,26.0,10.6,9.0
401360941,CHA,3138161,17.0,-2.4,-3.4
401360941,CHA,4066383,36.0,16.3,12.8
401360941,CHA,4066731,10.0,-0.7,-1.0
401360941,CHA,4278078,29.0,9.8,8.5
401360941,CHA,4432816,34.0,18.6,17.3
401360941,DEN,3209,32.0,9.0,8.7
401360941,DEN,4258,12.0,2.9,3.8
401360941,DEN,6579,38.0,10.5,8.7
401360941,DEN,6617,26.0,2.7,1.6
401360941,DEN,2994526,5.0,-1.9,-2.4
401360941,DEN,3059262,4.0,-0.1,0.0
401360941,DEN,3059310,34.0,15.8,15.0
401360941,DEN,3064290,33.0,21.5,18.2
401360941,DEN,3112335,35.0,29.1,23.3
401360941,DEN,4592492,19.0,5.2,5.3
401360942,CLE,3449,32.0,12.9,11.1
401360942,CLE,2991043,33.0,4.7,2.0
401360942,CLE,3057198,9.0,1.3,1.7
401360942,CLE,3906786,16.0,7.9,3.6
401360942,CLE,4066336,29.0,9.6,9.9
401360942,CLE,4066405,24.0,4.9,4.7
401360942,CLE,4396907,40.0,25.2,21.3
401360942,CLE,4397126,7.0,5.7,4.1
401360942,CLE,4432158,13.0,4.9,4.7
401360942,CLE,4432822,36.0,13.9,8.8
401360942,ORL,3150844,21.0,1.4,0.1
401360942,ORL,3918423,20.0,3.6,4.7
401360942,ORL,4066636,19.0,9.4,7.1
401360942,ORL,4066786,18.0,4.0,3.5
401360942,ORL,4277847,27.0,12.4,8.9
401360942,ORL,4277919,23.0,9.2,9.1
401360942,ORL,4278052,25.0,3.1,0.6
401360942,ORL,4397205,23.0,8.8,8.7
401360942,ORL,4432809,24.0,9.1,8.5
401360942,ORL,4566434,28.0,7.9,8.2
401360942,ORL,4590530,13.0,4.1,5.4
401360943,ATL,2799,15.0,6.0,4.6
401360943,ATL,3037789,29.0,22.1,22.7
401360943,ATL,3064447,31.0,8.8,4.1
401360943,ATL,3102529,31.0,21.1,18.1
401360943,ATL,3893019,30.0,11.7,10.0
401360943,ATL,4066372,34.0,19.5,20.0
401360943,ATL,4277905,36.0,17.8,15.7
401360943,ATL,4431680,17.0,7.1,5.4
401360943,ATL,4701230,17.0,7.3,6.5
401360943,IND,4244,16.0,8.9,9.4
401360943,IND,2596247,34.0,12.6,12.9
401360943,IND,2982340,27.0,6.4,5.7
401360943,IND,2990984,38.0,21.7,20.3
401360943,IND,4279815,33.0,8.8,8.1
401360943,IND,4348700,30.0,14.0,12.9
401360943,IND,4396993,40.0,23.5,20.0
401360943,IND,4397189,23.0,5.8,4.0
401360944,MIA,2184,2.0,0.3,0.0
401360944,MIA,3012,26.0,14.1,12.3
401360944,MIA,3033,24.0,8.4,7.5
401360944,MIA,6430,34.0,25.0,23.8
401360944,MIA,2580913,14.0,2.3,3.4
401360944,MIA,3074213,2.0,2.7,2.4
401360944,MIA,3137259,20.0,2.9,1.7
401360944,MIA,3157465,25.0,12.1,12.1
401360944,MIA,4065778,30.0,-1.1,-1.8
401360944,MIA,4066261,32.0,21.1,16.3
401360944,MIA,4291678,2.0,0.3,0.0
401360944,MIA,4395725,29.0,15.6,14.9
401360944,SAC,6578,38.0,12.3,12.1
401360944,SAC,6603,9.0,6.4,4.7
401360944,SAC,2284101,23.0,0.2,-0.6
401360944,SAC,3064559,25.0,13.9,13.2
401360944,SAC,3136196,31.0,6.4,5.7
401360944,SAC,3914283,26.0,3.1,1.6
401360944,SAC,3934673,32.0,10.2,7.4
401360944,SAC,4278053,41.0,15.9,13.6
401360944,SAC,4397424,15.0,3.0,3.0
401360945,CHI,3978,41.0,24.7,24.5
401360945,CHI,6474,14.0,2.5,1.7
401360945,CHI,6478,34.0,14.8,10.4
401360945,CHI,2596112,14.0,2.1,0.9
401360945,CHI,2991350,30.0,2.8,1.0
401360945,CHI,3064440,36.0,20.4,20.0
401360945,CHI,4395651,21.0,-0.2,-1.5
401360945,CHI,4397002,36.0,6.5,7.8
401360945,CHI,4431687,13.0,1.7,-0.3
401360945,NYK,6429,42.0,21.0,19.4
401360945,NYK,6588,25.0,-1.0,-1.1
401360945,NYK,3064514,28.0,1.5,-1.6
401360945,NYK,4277922,13.0,-0.2,-0.1
401360945,NYK,4278355,20.0,9.9,10.5
401360945,NYK,4351852,35.0,21.4,19.1
401360945,NYK,4395625,43.0,19.1,18.0
401360945,NYK,4395724,27.0,6.4,6.9
401360945,NYK,4431823,7.0,2.5,1.6
401360946,BOS,2451037,41.0,12.8,8.4
401360946,BOS,2990992,40.0,13.5,10.8
401360946,BOS,3064560,15.0,7.6,7.5
401360946,BOS,3078576,41.0,10.5,8.7
401360946,BOS,4065804,21.0,10.4,8.8
401360946,BOS,4066218,39.0,9.6,7.6
401360946,BOS,4066354,30.0,9.1,7.4
401360946,BOS,4396909,39.0,12.7,10.8
401360946,TOR,3244,28.0,15.7,11.9
401360946,TOR,2991230,40.0,8.6,4.6
401360946,TOR,3149673,47.0,32.1,26.8
401360946,TOR,3934719,40.0,14.3,12.9
401360946,TOR,3948153,15.0,1.3,2.2
401360946,TOR,4277843,37.0,6.7,4.6
401360946,TOR,4431679,28.0,4.2,0.8
401360946,TOR,4433134,30.0,4.0,5.8
401360947,HOU,3136777,28.0,9.1,8.1
401360947,HOU,3913180,23.0,-0.2,-0.8
401360947,HOU,4397140,36.0,22.1,18.8
401360947,HOU,4431828,26.0,5.6,4.6
401360947,HOU,4432168,30.0,21.7,18.3
401360947,HOU,4432176,14.0,4.3,2.9
401360947,HOU,4437244,40.0,19.1,18.7
401360947,HOU,4871143,14.0,4.8,5.4
401360947,HOU,4871144,29.0,7.8,6.4
401360947,SAS,2581190,33.0,11.8,11.5
401360947,SAS,3134908,27.0,20.5,16.3
401360947,SAS,3146557,13.0,1.2,0.6
401360947,SAS,3907497,38.0,33.0,29.3
401360947,SAS,4066650,21.0,13.3,11.9
401360947,SAS,4395626,13.0,5.7,4.8
401360947,SAS,4395630,34.0,4.9,3.6
401360947,SAS,4395723,36.0,17.0,13.7
401360947,SAS,4702176,25.0,-0.3,-2.8
401360948,GSW,2386,16.0,6.2,7.1
401360948,GSW,4269,18.0,0.7,0.3
401360948,GSW,2595209,19.0,2.6,2.7
401360948,GSW,3059319,29.0,2.7,1.3
401360948,GSW,3134903,14.0,2.1,1.7
401360948,GSW,3137795,20.0,-0.4,-0.4
401360948,GSW,3155535,21.0,2.4,3.1
401360948,GSW,4277956,28.0,18.1,17.0
401360948,GSW,4401416,13.0,1.5,0.0
401360948,GSW,4432171,27.0,13.3,10.6
401360948,GSW,4433247,35.0,12.4,8.2
401360948,MEM,2991235,20.0,11.7,8.8
401360948,MEM,2993874,25.0,8.5,7.1
401360948,MEM,3134932,16.0,5.3,2.1
401360948,MEM,3135046,26.0,6.9,5.7
401360948,MEM,3155526,22.0,12.1,12.0
401360948,MEM,3906665,25.0,6.2,6.5
401360948,MEM,4066320,27.0,18.6,16.0
401360948,MEM,4066436,21.0,17.3,16.2
401360948,MEM,4277928,8.0,1.3,0.3
401360948,MEM,4277964,25.0,5.7,4.0
401360948,MEM,4433137,24.0,8.9,7.4
401360949,OKC,4066317,24.0,4.5,5.0
401360949,OKC,4066392,38.0,29.9,25.9
401360949,OKC,4278046,35.0,9.4,7.4
401360949,OKC,4397183,40.0,21.6,21.7
401360949,OKC,4432813,15.0,8.2,5.4
401360949,OKC,4578893,32.0,11.9,9.8
401360949,OKC,4683018,41.0,8.9,7.3
401360949,OKC,4683027,40.0,17.6,15.0
401360949,POR,2578213,32.0,19.2,17.3
401360949,POR,2991139,23.0,10.9,8.5
401360949,POR,3152335,21.0,5.1,3.7
401360949,POR,3914285,41.0,32.9,26.9
401360949,POR,4066446,28.0,1.9,1.2
401360949,POR,4397040,41.0,22.8,19.5
401360949,POR,4397166,38.0,11.0,9.9
401360949,POR,4432192,42.0,9.2,6.3
401360950,MIL,3438,9.0,0.2,0.6
401360950,MIL,3439,3.0,0.6,0.7
401360950,MIL,3448,29.0,7.3,8.3
401360950,MIL,3995,40.0,19.0,15.6
401360950,MIL,4032,25.0,4.9,4.4
401360950,MIL,6609,39.0,20.6,16.8
401360950,MIL,2578239,18.0,-1.2,-1.1
401360950,MIL,3032977,38.0,36.9,31.7
401360950,MIL,3064482,14.0,4.4,3.4
401360950,MIL,3135045,25.0,5.7,5.3
401360950,PHI,3015,9.0,-1.5,-1.7
401360950,PHI,3988,23.0,7.4,6.7
401360950,PHI,3992,37.0,28.2,27.2
401360950,PHI,6440,36.0,23.2,19.7
401360950,PHI,2990969,20.0,3.1,2.9
401360950,PHI,3059318,39.0,23.6,19.5
401360950,PHI,3907498,21.0,4.7,1.7
401360950,PHI,3915195,16.0,3.1,3.7
401360950,PHI,4431678,40.0,4.6,4.7
401360951,CHI,3978,36.0,22.6,19.7
401360951,CHI,6474,17.0,6.1,5.5
401360951,CHI,6478,31.0,22.4,21.0
401360951,CHI,2596112,13.0,10.0,7.8
401360951,CHI,2991350,28.0,5.6,2.1
401360951,CHI,3064440,34.0,5.9,5.5
401360951,CHI,4395651,29.0,6.2,5.8
401360951,CHI,4397002,27.0,5.4,5.5
401360951,CHI,4431687,25.0,6.8,5.0
401360951,WAS,4305,23.0,5.4,2.4
401360951,WAS,6621,25.0,8.6,7.2
401360951,WAS,2581018,32.0,10.2,8.7
401360951,WAS,2581184,17.0,1.5,2.0
401360951,WAS,2968361,1.0,0.0,0.0
401360951,WAS,3102531,29.0,12.8,8.8
401360951,WAS,4066648,31.0,16.0,15.5
401360951,WAS,4278049,19.0,1.7,1.6
401360951,WAS,4280151,34.0,4.4,3.9
401360951,WAS,4683021,29.0,12.8,10.2
401360952,BKN,3202,39.0,37.6,32.0
401360952,BKN,3423,27.0,6.6,5.2
401360952,BKN,3999,14.0,2.7,1.7
401360952,BKN,4004,17.0,2.9,3.4
401360952,BKN,6442,40.0,10.7,11.0
401360952,BKN,6585,28.0,17.1,14.6
401360952,BKN,2326307,30.0,10.2,7.7
401360952,BKN,4065670,23.0,14.0,13.1
401360952,BKN,4278067,18.0,8.5,8.1
401360952,BKN,4397693,4.0,1.0,-1.0
401360952,DET,6446,19.0,3.4,1.6
401360952,DET,2488826,12.0,3.6,4.0
401360952,DET,2489663,17.0,11.7,11.3
401360952,DET,4065651,16.0,7.6,6.7
401360952,DET,4066240,24.0,2.3,1.3
401360952,DET,4277848,24.0,8.9,9.6
401360952,DET,4397136,33.0,11.9,11.1
401360952,DET,4432166,32.0,24.1,22.6
401360952,DET,4432810,31.0,12.1,11.5
401360952,DET,4683024,33.0,16.0,11.2
401360953,DAL,4376,2.0,-0.7,-0.7
401360953,DAL,6426,15.0,12.0,11.5
401360953,DAL,2528779,33.0,16.1,13.8
401360953,DAL,2531367,29.0,12.3,12.3
401360953,DAL,2578185,31.0,5.8,5.7
401360953,DAL,2580782,29.0,10.5,10.0
401360953,DAL,2960236,15.0,3.7,2.7
401360953,DAL,3907487,4.0,2.5,1.3
401360953,DAL,3934672,31.0,9.0,6.9
401360953,DAL,3945274,30.0,35.1,31.8
401360953,DAL,4277871,2.0,-0.7,-0.7
401360953,DAL,4432811,20.0,7.7,8.1
401360953,LAL,1975,15.0,1.8,1.0
401360953,LAL,2384,5.0,-0.8,-0.8
401360953,LAL,2426,23.0,6.2,4.4
401360953,LAL,3415,18.0,7.7,7.1
401360953,LAL,3468,32.0,20.1,18.9
401360953,LAL,4240,17.0,-2.4,-2.1
401360953,LAL,6637,13.0,-3.4,-3.4
401360953,LAL,3134881,35.0,17.5,15.6
401360953,LAL,4066262,32.0,24.1,21.2
401360953,LAL,4066264,15.0,9.2,8.8
401360953,LAL,4066457,17.0,0.3,0.6
401360953,LAL,4396991,17.0,6.4,5.6
401360954,LAC,3416,22.0,8.6,5.4
401360954,LAC,4251,31.0,29.5,25.0
401360954,LAC,6443,37.0,9.9,10.6
401360954,LAC,6462,27.0,-2.1,-2.5
401360954,LAC,2490620,21.0,5.5,6.4
401360954,LAC,3907823,23.0,9.4,9.9
401360954,LAC,3913174,35.0,14.2,13.1
401360954,LAC,4017837,17.0,8.6,8.8
401360954,LAC,4222252,26.0,16.0,14.7
401360954,UTA,3005,16.0,8.9,7.8
401360954,UTA,3195,33.0,12.6,12.5
401360954,UTA,4260,10.0,4.2,4.4
401360954,UTA,2528426,33.0,11.0,10.8
401360954,UTA,2583632,34.0,3.1,4.4
401360954,UTA,3032976,38.0,9.9,4.2
401360954,UTA,3133817,6.0,1.7,1.7
401360954,UTA,3908809,36.0,21.3,20.8
401360954,UTA,4017839,28.0,12.5,11.5
401360954,UTA,4065656,7.0,4.0,3.8
401360955,CLE,3449,26.0,3.4,3.0
401360955,CLE,2991043,38.0,25.7,24.9
401360955,CLE,3057198,13.0,-0.9,-0.5
401360955,CLE,3906786,12.0,0.0,-1.0
401360955,CLE,4066336,33.0,9.4,8.0
401360955,CLE,4066405,26.0,10.5,11.5
401360955,CLE,4277916,2.0,1.7,0.7
401360955,CLE,4396907,37.0,25.2,19.7
401360955,CLE,4397126,21.0,10.6,9.4
401360955,CLE,4432822,32.0,5.3,3.1
401360955,DAL,6426,10.0,2.3,1.3
401360955,DAL,6448,7.0,-0.4,-0.4
401360955,DAL,2528779,42.0,7.2,6.1
401360955,DAL,2531367,22.0,15.1,14.2
401360955,DAL,2578185,37.0,22.0,22.2
401360955,DAL,2960236,26.0,3.7,1.3
401360955,DAL,3907487,3.0,1.6,2.4
401360955,DAL,3934672,39.0,16.1,15.2
401360955,DAL,3945274,38.0,33.2,28.5
401360955,DAL,4432811,17.0,1.8,-0.3
401360956,DEN,3209,21.0,4.4,3.9
401360956,DEN,4258,12.0,7.1,7.2
401360956,DEN,6579,38.0,16.2,14.3
401360956,DEN,6617,19.0,1.2,0.3
401360956,DEN,2994526,6.0,2.3,2.7
401360956,DEN,3059262,17.0,4.8,4.1
401360956,DEN,3059310,28.0,10.0,9.6
401360956,DEN,3064290,36.0,9.4,7.5
401360956,DEN,3112335,36.0,35.2,30.7
401360956,DEN,4592492,27.0,19.0,18.0
401360956,IND,4244,13.0,1.1,1.6
401360956,IND,2596247,15.0,9.8,8.8
401360956,IND,2982340,32.0,11.1,8.4
401360956,IND,2990984,37.0,13.6,14.5
401360956,IND,4279815,36.0,20.0,18.6
401360956,IND,4348700,33.0,14.1,12.1
401360956,IND,4396993,37.0,21.2,16.4
401360956,IND,4397189,21.0,7.8,7.2
401360956,IND,4397235,17.0,3.0,3.0
401360957,ORL,3447,12.0,4.0,3.0
401360957,ORL,6619,11.0,1.6,1.7
401360957,ORL,3150844,18.0,-0.5,-0.7
401360957,ORL,3918423,15.0,2.5,3.0
401360957,ORL,4066636,21.0,20.4,15.5
401360957,ORL,4066786,10.0,1.2,-0.4
401360957,ORL,4277919,22.0,9.3,7.4
401360957,ORL,4278052,30.0,2.2,1.6
401360957,ORL,4397205,19.0,5.6,5.7
401360957,ORL,4432809,25.0,9.7,8.4
401360957,ORL,4566434,31.0,19.8,19.5
401360957,ORL,4590530,27.0,4.8,4.3
401360957,WAS,4305,21.0,8.7,7.9
401360957,WAS,6621,27.0,9.5,7.1
401360957,WAS,2581018,33.0,19.6,18.2
401360957,WAS,2581184,19.0,4.9,5.7
401360957,WAS,2968361,1.0,0.3,0.0
401360957,WAS,3102531,29.0,29.5,27.8
401360957,WAS,4066648,29.0,12.9,9.4
401360957,WAS,4278049,19.0,19.5,15.2
401360957,WAS,4280151,36.0,7.1,5.6
401360957,WAS,4683021,26.0,5.2,4.0
401360958,BOS,3213,34.0,12.6,8.2
401360958,BOS,2451037,17.0,13.1,12.8
401360958,BOS,2990992,35.0,2.4,-0.1
401360958,BOS,3078576,32.0,3.6,3.6
401360958,BOS,3917376,37.0,19.2,17.7
401360958,BOS,4065648,40.0,16.8,15.2
401360958,BOS,4066218,26.0,-1.6,-1.1
401360958,BOS,4066354,20.0,3.2,1.3
401360958,MIA,3012,36.0,17.6,19.2
401360958,MIA,3033,27.0,3.9,1.4
401360958,MIA,6430,37.0,15.8,15.0
401360958,MIA,2580913,15.0,7.1,4.9
401360958,MIA,3137259,13.0,-2.9,-2.7
401360958,MIA,3157465,15.0,1.2,1.3
401360958,MIA,4065778,32.0,12.8,6.7
401360958,MIA,4066261,33.0,21.4,17.9
401360958,MIA,4395725,32.0,7.9,5.7
401360959,CHA,6472,4.0,-0.1,-0.4
401360959,CHA,2488653,24.0,5.3,4.5
401360959,CHA,2991055,19.0,9.0,8.8
401360959,CHA,3074752,33.0,10.9,9.3
401360959,CHA,3133603,24.0,19.0,17.9
401360959,CHA,3138161,26.0,10.0,9.6
401360959,CHA,4066383,34.0,27.4,26.3
401360959,CHA,4066731,6.0,2.2,2.7
401360959,CHA,4278078,34.0,10.9,8.2
401360959,CHA,4432816,37.0,18.4,15.8
401360959,NYK,6429,41.0,6.7,3.3
401360959,NYK,6588,35.0,21.7,21.1
401360959,NYK,3064514,36.0,13.2,13.7
401360959,NYK,4277922,11.0,2.0,0.7
401360959,NYK,4278355,12.0,4.3,3.4
401360959,NYK,4351852,34.0,12.5,10.2
401360959,NYK,4395625,38.0,17.2,15.7
401360959,NYK,4395724,23.0,13.1,12.4
401360959,NYK,4431823,9.0,-1.1,-1.4
401360960,MIN,3964,23.0,8.8,8.7
401360960,MIN,2982268,5.0,2.2,1.9
401360960,MIN,2990962,20.0,2.2,1.0
401360960,MIN,3134916,27.0,9.0,7.3
401360960,MIN,3136195,32.0,9.7,7.2
401360960,MIN,3136776,28.0,4.4,4.0
401360960,MIN,4065663,5.0,0.0,-1.0
401360960,MIN,4278077,21.0,10.8,8.2
401360960,MIN,4278541,23.0,2.0,-0.5
401360960,MIN,4396971,19.0,11.3,7.1
401360960,MIN,4594268,32.0,18.1,15.9
401360960,MIN,4683025,4.0,-0.4,-0.7
401360960,TOR,3244,17.0,10.2,8.8
401360960,TOR,2578240,5.0,-0.9,-0.8
401360960,TOR,2991230,32.0,12.4,7.7
401360960,TOR,3133602,4.0,-0.7,-1.7
401360960,TOR,3133838,4.0,-1.5,-1.4
401360960,TOR,3149673,40.0,10.1,7.3
401360960,TOR,3934719,32.0,17.3,17.3
401360960,TOR,3948153,22.0,1.4,0.6
401360960,TOR,4066450,4.0,0.6,0.0
401360960,TOR,4277843,27.0,22.3,22.5
401360960,TOR,4397885,4.0,4.4,4.8
401360960,TOR,4431679,22.0,10.2,9.1
401360960,TOR,4433134,25.0,16.1,14.3
401360961,HOU,3136777,24.0,1.8,1.3
401360961,HOU,3913180,28.0,-1.8,-2.1
401360961,HOU,4277952,22.0,14.7,13.2
401360961,HOU,4397140,38.0,31.0,28.9
401360961,HOU,4431828,24.0,6.4,6.4
401360961,HOU,4432168,24.0,5.0,1.3
401360961,HOU,4432176,18.0,0.0,0.6
401360961,HOU,4437244,37.0,18.3,18.9
401360961,HOU,4871143,26.0,7.0,6.0
401360961,SAC,6578,35.0,9.5,8.9
401360961,SAC,6603,24.0,9.1,8.7
401360961,SAC,2284101,10.0,-2.9,-2.8
401360961,SAC,2596107,4.0,1.6,2.4
401360961,SAC,3064559,34.0,25.9,21.9
401360961,SAC,3136196,37.0,23.5,20.3
401360961,SAC,3914283,17.0,5.1,2.2
401360961,SAC,3934673,29.0,6.7,3.4
401360961,SAC,4066297,12.0,2.7,2.6
401360961,SAC,4278053,39.0,16.6,15.3
401360962,ATL,2799,14.0,0.3,-0.0
401360962,ATL,3037789,22.0,16.5,14.2
401360962,ATL,3064447,26.0,4.3,3.2
401360962,ATL,3102529,20.0,5.1,2.7
401360962,ATL,3893019,23.0,8.5,8.1
401360962,ATL,4065732,30.0,12.5,10.7
401360962,ATL,4066372,29.0,18.1,14.9
401360962,ATL,4277905,29.0,32.4,31.6
401360962,ATL,4278075,18.0,13.1,12.4
401360962,ATL,4431680,28.0,8.4,5.1
401360962,OKC,4066317,33.0,17.8,16.8
401360962,OKC,4066392,34.0,9.4,7.9
401360962,OKC,4278046,26.0,14.3,13.9
401360962,OKC,4397183,34.0,7.4,6.6
401360962,OKC,4432813,16.0,8.6,6.7
401360962,OKC,4578893,35.0,8.0,7.0
401360962,OKC,4683018,29.0,9.9,9.1
401360962,OKC,4683027,34.0,14.8,13.0
401360963,MEM,2991235,31.0,8.8,7.9
401360963,MEM,2993874,23.0,6.0,3.5
401360963,MEM,3134932,9.0,0.7,0.7
401360963,MEM,3135046,36.0,22.4,19.2
401360963,MEM,3155526,31.0,12.9,13.7
401360963,MEM,3906665,17.0,9.8,8.5
401360963,MEM,4066320,33.0,12.6,11.4
401360963,MEM,4066436,24.0,9.8,9.0
401360963,MEM,4277961,25.0,8.6,5.8
401360963,MEM,4433137,11.0,1.6,-0.4
401360963,SAS,2581190,32.0,13.0,8.2
401360963,SAS,3134908,34.0,11.0,9.9
401360963,SAS,3146557,4.0,-0.4,-0.7
401360963,SAS,3907497,38.0,24.8,22.3
401360963,SAS,4066650,14.0,2.1,3.1
401360963,SAS,4277890,14.0,2.9,2.6
401360963,SAS,4395626,17.0,8.1,7.8
401360963,SAS,4395630,34.0,13.6,12.7
401360963,SAS,4395723,38.0,15.4,13.7
401360963,SAS,4702176,15.0,-0.4,-2.0
401360964,GSW,2386,16.0,0.7,-1.0
401360964,GSW,4269,19.0,4.2,3.5
401360964,GSW,6475,34.0,-1.2,0.1
401360964,GSW,6589,31.0,12.4,7.2
401360964,GSW,2594922,29.0,4.2,2.7
401360964,GSW,3059319,33.0,10.6,9.5
401360964,GSW,3134903,21.0,7.3,6.8
401360964,GSW,3155535,15.0,3.5,3.1
401360964,GSW,4277956,37.0,32.0,30.2
401360964,GSW,4432171,1.0,0.0,0.0
401360964,GSW,4433247,5.0,-1.0,-1.0
401360964,PHX,2779,33.0,14.8,14.7
401360964,PHX,6427,9.0,-0.4,-0.4
401360964,PHX,6581,34.0,12.6,8.0
401360964,PHX,2528693,18.0,5.0,3.0
401360964,PHX,3064230,15.0,2.2,3.1
401360964,PHX,3136193,37.0,9.8,9.9
401360964,PHX,3147657,41.0,17.9,15.8
401360964,PHX,3914044,18.0,6.7,5.7
401360964,PHX,4278129,35.0,7.5,4.0
401360965,NOP,6477,35.0,20.6,16.4
401360965,NOP,2490149,37.0,15.1,14.6
401360965,NOP,2580365,22.0,7.3,6.1
401360965,NOP,3133601,16.0,0.9,-0.4
401360965,NOP,3913176,28.0,17.0,15.3
401360965,NOP,4277813,31.0,4.5,0.7
401360965,NOP,4277869,15.0,10.1,5.9
401360965,NOP,4278594,11.0,10.4,8.8
401360965,NOP,4397077,22.0,17.4,15.1
401360965,NOP,4397688,23.0,6.7,5.3
401360965,POR,2578213,26.0,10.2,8.3
401360965,POR,2991139,25.0,10.4,7.6
401360965,POR,3152335,23.0,3.0,2.3
401360965,POR,3914285,31.0,18.5,16.7
401360965,POR,4396959,17.0,9.7,11.1
401360965,POR,4397040,27.0,6.8,6.3
401360965,POR,4397166,31.0,5.9,5.2
401360965,POR,4423885,12.0,3.3,3.0
401360965,POR,4432161,27.0,7.6,6.8
401360965,POR,4432192,22.0,4.0,4.7
401360966,DET,6446,23.0,5.3,4.3
401360966,DET,2489663,21.0,15.0,12.3
401360966,DET,4065651,13.0,1.6,1.7
401360966,DET,4066240,16.0,3.8,1.2
401360966,DET,4277848,24.0,7.2,5.2
401360966,DET,4277957,21.0,7.2,8.5
401360966,DET,4397136,32.0,14.3,12.4
401360966,DET,4432166,35.0,22.2,19.6
401360966,DET,4432810,27.0,1.5,-0.3
401360966,DET,4683024,26.0,8.9,6.8
401360966,PHI,3442,10.0,2.0,1.0
401360966,PHI,3988,12.0,-1.9,-2.4
401360966,PHI,3992,38.0,16.0,10.6
401360966,PHI,6440,36.0,12.8,11.2
401360966,PHI,2990969,15.0,1.3,0.3
401360966,PHI,3059318,37.0,27.7,22.4
401360966,PHI,3907498,32.0,10.5,6.2
401360966,PHI,3915195,19.0,3.6,4.1
401360966,PHI,3929325,5.0,-1.1,-0.7
401360966,PHI,4431678,35.0,7.2,7.4
401360967,BKN,3202,45.0,19.2,17.0
401360967,BKN,3423,21.0,3.2,1.0
401360967,BKN,3999,11.0,1.5,0.7
401360967,BKN,4004,16.0,4.0,2.7
401360967,BKN,6442,45.0,15.8,13.7
401360967,BKN,6585,29.0,9.3,5.4
401360967,BKN,2326307,35.0,7.6,9.0
401360967,BKN,4065670,34.0,18.6,15.1
401360967,BKN,4278067,24.0,10.6,7.0
401360967,BKN,4397693,6.0,4.2,4.7
401360967,MIL,3438,16.0,0.9,0.0
401360967,MIL,3448,21.0,-0.3,-1.5
401360967,MIL,3995,43.0,12.8,5.9
401360967,MIL,4032,36.0,7.6,7.7
401360967,MIL,6609,30.0,11.8,8.0
401360967,MIL,2578239,21.0,9.6,8.4
401360967,MIL,3032977,39.0,35.9,32.3
401360967,MIL,3064482,31.0,7.1,3.7
401360967,MIL,3135045,29.0,5.5,4.4
401360968,CHI,3978,43.0,41.3,40.4
401360968,CHI,6474,12.0,4.2,3.3
401360968,CHI,6478,40.0,16.0,14.1
401360968,CHI,2596112,12.0,3.5,1.7
401360968,CHI,2991350,33.0,8.4,8.2
401360968,CHI,3064440,41.0,12.8,11.4
401360968,CHI,4395651,23.0,4.8,5.3
401360968,CHI,4397002,24.0,4.9,3.4
401360968,CHI,4431687,37.0,15.2,10.9
401360968,LAC,3416,38.0,18.5,14.1
401360968,LAC,4251,32.0,11.9,8.9
401360968,LAC,6443,40.0,22.2,23.6
401360968,LAC,6462,39.0,17.6,15.8
401360968,LAC,2490620,22.0,8.6,7.8
401360968,LAC,3907823,20.0,2.5,2.4
401360968,LAC,3913174,23.0,8.5,7.3
401360968,LAC,4017837,32.0,10.3,9.2
401360968,LAC,4066387,1.0,0.7,0.7
401360968,LAC,4222252,18.0,4.1,3.4
401360969,LAL,1975,26.0,7.5,6.6
401360969,LAL,2384,30.0,19.3,16.5
401360969,LAL,2426,25.0,4.2,1.9
401360969,LAL,3415,20.0,8.0,7.8
401360969,LAL,3468,34.0,16.7,16.0
401360969,LAL,3134881,23.0,-0.6,-0.4
401360969,LAL,4066262,32.0,9.4,8.7
401360969,LAL,4066264,11.0,4.1,5.5
401360969,LAL,4066457,17.0,1.5,1.6
401360969,LAL,4396991,22.0,9.9,7.8
401360969,UTA,3195,30.0,14.1,15.0
401360969,UTA,3593,22.0,7.3,7.6
401360969,UTA,4260,12.0,5.5,6.0
401360969,UTA,2528426,29.0,13.0,10.7
401360969,UTA,2583632,29.0,0.2,-0.4
401360969,UTA,2991155,21.0,4.4,3.0
401360969,UTA,3032976,36.0,26.0,20.9
401360969,UTA,3133817,2.0,0.3,0.0
401360969,UTA,3908809,32.0,22.8,21.5
401360969,UTA,4017839,19.0,7.4,7.7
401360969,UTA,4066303,2.0,0.0,0.0
401360969,UTA,4278039,2.0,-0.7,-1.7
401360969,UTA,4395695,2.0,-0.7,-0.7
401360970,ORL,3447,10.0,2.4,1.4
401360970,ORL,3150844,27.0,2.9,2.0
401360970,ORL,3906977,29.0,5.7,4.7
401360970,ORL,3918423,20.0,5.9,5.1
401360970,ORL,4066636,20.0,9.5,6.8
401360970,ORL,4277919,33.0,18.3,15.0
401360970,ORL,4278052,24.0,3.9,1.3
401360970,ORL,4397205,21.0,9.8,9.5
401360970,ORL,4432809,27.0,0.7,0.3
401360970,ORL,4590530,28.0,5.3,3.9
401360970,TOR,3244,12.0,3.9,0.3
401360970,TOR,2578240,4.0,-2.3,-1.7
401360970,TOR,2991230,39.0,15.1,8.3
401360970,TOR,3149673,43.0,8.8,6.6
401360970,TOR,3934719,35.0,13.4,10.7
401360970,TOR,3948153,15.0,7.0,3.7
401360970,TOR,4277843,40.0,8.8,8.3
401360970,TOR,4431679,16.0,10.0,9.8
401360970,TOR,4433134,36.0,20.8,20.7
401360971,DAL,6426,10.0,-0.7,-0.7
401360971,DAL,6448,3.0,-0.4,-0.7
401360971,DAL,2528779,34.0,6.2,6.0
401360971,DAL,2531367,21.0,6.7,5.3
401360971,DAL,2578185,27.0,5.5,5.4
401360971,DAL,2580782,23.0,2.1,1.5
401360971,DAL,2960236,26.0,5.1,2.3
401360971,DAL,3907487,10.0,0.9,1.0
401360971,DAL,3934672,32.0,17.2,15.9
401360971,DAL,3945274,36.0,25.8,24.2
401360971,DAL,4230547,3.0,1.3,1.0
401360971,DAL,4432811,14.0,-0.2,0.3
401360971,WAS,4305,30.0,12.4,11.3
401360971,WAS,6621,15.0,5.2,5.2
401360971,WAS,2581018,34.0,25.5,24.9
401360971,WAS,2581184,19.0,8.9,7.1
401360971,WAS,2968361,3.0,0.7,0.7
401360971,WAS,3102531,30.0,22.8,19.1
401360971,WAS,3934723,3.0,3.7,3.7
401360971,WAS,4066648,29.0,20.0,18.2
401360971,WAS,4278049,15.0,9.3,7.5
401360971,WAS,4280151,36.0,5.4,3.7
401360971,WAS,4683021,26.0,9.9,9.1
401360972,BOS,3213,35.0,20.3,19.5
401360972,BOS,2451037,29.0,8.1,5.8
401360972,BOS,2990992,34.0,8.6,7.8
401360972,BOS,3078576,30.0,12.8,11.8
401360972,BOS,3917376,35.0,25.4,24.8
401360972,BOS,4065648,37.0,24.9,22.0
401360972,BOS,4066218,27.0,4.8,3.0
401360972,BOS,4066354,13.0,6.1,5.4
401360972,IND,4244,22.0,14.1,14.4
401360972,IND,2982340,14.0,2.1,2.6
401360972,IND,2990984,37.0,1.8,1.8
401360972,IND,4278031,34.0,12.5,9.5
401360972,IND,4279815,19.0,4.9,4.7
401360972,IND,4348700,32.0,12.0,11.2
401360972,IND,4396993,26.0,26.6,25.7
401360972,IND,4397189,23.0,10.8,10.5
401360972,IND,4397235,18.0,7.4,6.0
401360972,IND,4432170,16.0,3.3,3.4
401360973,HOU,3136777,27.0,12.5,13.8
401360973,HOU,3913180,33.0,20.6,19.9
401360973,HOU,4277952,18.0,10.4,6.6
401360973,HOU,4397140,38.0,23.5,20.6
401360973,HOU,4431828,21.0,4.2,1.6
401360973,HOU,4432168,19.0,-0.8,-0.0
401360973,HOU,4432176,14.0,-5.0,-4.5
401360973,HOU,4437244,40.0,23.1,21.2
401360973,HOU,4871143,30.0,5.4,1.8
401360973,SAC,6578,36.0,18.3,19.2
401360973,SAC,6603,14.0,4.7,3.7
401360973,SAC,2284101,14.0,2.9,2.0
401360973,SAC,2596107,4.0,-1.1,-0.7
401360973,SAC,3064559,31.0,22.8,16.0
401360973,SAC,3136196,26.0,11.0,11.0
401360973,SAC,3914283,27.0,13.8,11.8
401360973,SAC,3934673,30.0,24.6,19.0
401360973,SAC,4066297,19.0,8.4,7.5
401360973,SAC,4278053,39.0,4.2,2.3
401360974,MEM,2993874,28.0,6.1,3.2
401360974,MEM,3134932,24.0,13.7,12.9
401360974,MEM,3155526,35.0,19.3,19.1
401360974,MEM,3906665,28.0,10.3,8.1
401360974,MEM,4066436,29.0,11.3,9.3
401360974,MEM,4277928,11.0,-1.5,-1.7
401360974,MEM,4277964,28.0,14.9,14.2
401360974,MEM,4433137,35.0,14.2,14.1
401360974,MEM,4593125,21.0,10.7,9.0
401360974,PHX,2779,32.0,11.6,9.5
401360974,PHX,3452,22.0,8.1,3.1
401360974,PHX,6581,28.0,5.4,5.7
401360974,PHX,2528693,11.0,0.9,0.6
401360974,PHX,3064230,17.0,12.7,10.6
401360974,PHX,3136193,37.0,26.8,27.6
401360974,PHX,3138196,18.0,-6.1,-5.9
401360974,PHX,3147657,33.0,15.7,13.2
401360974,PHX,3914044,17.0,5.0,5.8
401360974,PHX,4278129,25.0,4.9,2.9
401360975,LAC,2490620,46.0,36.1,31.6
401360975,LAC,2581177,21.0,3.7,2.7
401360975,LAC,3907823,32.0,13.7,12.8
401360975,LAC,3913174,32.0,21.7,19.9
401360975,LAC,3914075,19.0,8.0,8.2
401360975,LAC,4017837,21.0,11.7,11.1
401360975,LAC,4066387,43.0,34.7,29.7
401360975,LAC,4222252,27.0,14.9,13.0
401360975,MIL,3438,21.0,2.3,1.4
401360975,MIL,3439,28.0,7.3,7.2
401360975,MIL,2578239,23.0,3.9,2.0
401360975,MIL,3064482,26.0,20.3,19.0
401360975,MIL,3102533,25.0,8.9,7.0
401360975,MIL,3133635,30.0,20.0,18.8
401360975,MIL,4277883,40.0,17.9,17.8
401360975,MIL,4277887,25.0,5.9,5.2
401360975,MIL,4278580,23.0,8.4,7.1
401360976,DET,4065651,33.0,18.0,18.3
401360976,DET,4066240,30.0,5.4,5.3
401360976,DET,4277957,43.0,17.4,13.2
401360976,DET,4278124,35.0,16.0,12.9
401360976,DET,4278566,39.0,13.2,9.3
401360976,DET,4397136,6.0,1.3,1.3
401360976,DET,4432166,8.0,-2.8,-2.4
401360976,DET,4432810,6.0,2.6,2.4
401360976,DET,4683024,40.0,23.2,16.6
401360976,OKC,4066317,23.0,14.2,12.8
401360976,OKC,4066392,35.0,13.3,11.0
401360976,OKC,4278046,30.0,11.4,9.5
401360976,OKC,4395688,40.0,17.4,12.2
401360976,OKC,4397183,25.0,-1.4,-1.6
401360976,OKC,4432813,11.0,1.2,0.6
401360976,OKC,4578893,41.0,-0.9,-0.5
401360976,OKC,4683027,37.0,20.4,18.4
401360977,POR,2578213,21.0,6.4,6.3
401360977,POR,2991139,23.0,13.6,12.0
401360977,POR,3152335,19.0,7.5,5.3
401360977,POR,3914285,29.0,10.8,10.1
401360977,POR,4066446,7.0,0.2,0.0
401360977,POR,4396959,19.0,8.0,5.3
401360977,POR,4397040,29.0,14.1,13.0
401360977,POR,4397166,22.0,0.5,-1.4
401360977,POR,4423885,17.0,3.9,3.4
401360977,POR,4432161,29.0,9.8,7.0
401360977,POR,4432192,25.0,17.5,16.9
401360977,SAS,2581190,21.0,10.4,7.1
401360977,SAS,3134908,23.0,12.6,11.2
401360977,SAS,3136779,17.0,1.5,1.0
401360977,SAS,3146557,14.0,8.3,7.4
401360977,SAS,4066650,25.0,18.3,13.7
401360977,SAS,4277890,22.0,9.6,6.0
401360977,SAS,4395626,33.0,14.0,11.3
401360977,SAS,4395630,27.0,16.6,16.9
401360977,SAS,4395723,27.0,18.9,19.3
401360977,SAS,4702176,31.0,12.1,10.8
401360978,DEN,3209,18.0,9.2,8.5
401360978,DEN,4258,5.0,-2.6,-0.6
401360978,DEN,6579,31.0,2.3,3.0
401360978,DEN,6617,14.0,-1.5,-1.4
401360978,DEN,2327577,18.0,11.4,11.9
401360978,DEN,3059262,13.0,0.8,-0.7
401360978,DEN,3059310,31.0,22.9,20.0
401360978,DEN,3064290,38.0,21.1,20.0
401360978,DEN,3112335,43.0,37.6,33.2
401360978,DEN,4592492,29.0,9.4,7.3
401360978,MIN,3964,27.0,12.3,7.0
401360978,MIN,2990962,28.0,15.4,14.6
401360978,MIN,3134916,16.0,9.4,10.2
401360978,MIN,3136195,31.0,24.7,22.2
401360978,MIN,3136776,37.0,19.3,18.1
401360978,MIN,3907822,23.0,14.2,11.0
401360978,MIN,4278077,23.0,4.1,2.3
401360978,MIN,4396971,15.0,6.0,6.0
401360978,MIN,4594268,40.0,15.8,13.8
401360979,LAL,1966,40.0,24.9,22.7
401360979,LAL,2384,22.0,7.1,4.7
401360979,LAL,3415,16.0,-0.8,-0.4
401360979,LAL,3468,31.0,5.6,7.4
401360979,LAL,4240,34.0,10.7,7.8
401360979,LAL,6583,37.0,18.3,15.3
401360979,LAL,3134881,22.0,3.6,2.5
401360979,LAL,4066262,34.0,11.9,9.5
401360979,LAL,4066264,4.0,2.0,2.8
401360979,NOP,6477,38.0,17.9,15.9
401360979,NOP,2490149,41.0,23.6,20.9
401360979,NOP,2580365,16.0,4.7,4.1
401360979,NOP,3133601,14.0,2.3,2.0
401360979,NOP,3913176,35.0,24.6,21.0
401360979,NOP,4277813,36.0,8.0,7.6
401360979,NOP,4277869,8.0,4.0,3.4
401360979,NOP,4278594,14.0,5.4,4.6
401360979,NOP,4397077,24.0,3.5,2.0
401360979,NOP,4397688,14.0,-2.3,-2.1
401360980,CHA,4249,17.0,5.3,3.4
401360980,CHA,6472,19.0,0.7,1.3
401360980,CHA,2488653,20.0,9.7,9.9
401360980,CHA,2991055,17.0,5.3,5.8
401360980,CHA,3074752,28.0,13.5,7.3
401360980,CHA,3133603,22.0,7.9,7.7
401360980,CHA,3138161,24.0,12.1,9.6
401360980,CHA,4066383,30.0,13.2,13.6
401360980,CHA,4066731,7.0,5.2,5.0
401360980,CHA,4278076,3.0,2.4,2.1
401360980,CHA,4278078,26.0,13.0,9.8
401360980,CHA,4432816,28.0,6.3,4.1
401360980,PHI,3442,10.0,8.0,5.5
401360980,PHI,3988,16.0,6.1,5.4
401360980,PHI,3992,31.0,14.5,12.1
401360980,PHI,6440,32.0,17.6,15.9
401360980,PHI,2990969,20.0,10.1,7.5
401360980,PHI,3059318,31.0,26.2,23.4
401360980,PHI,3907498,21.0,12.6,10.9
401360980,PHI,3915195,26.0,10.4,9.7
401360980,PHI,3929325,7.0,1.9,1.6
401360980,PHI,4278562,7.0,0.9,0.7
401360980,PHI,4395702,6.0,7.6,7.7
401360980,PHI,4431678,33.0,18.8,16.9
401360981,CLE,3449,27.0,12.3,11.1
401360981,CLE,4259,2.0,0.0,0.0
401360981,CLE,2991043,36.0,16.2,13.9
401360981,CLE,3057198,10.0,1.0,0.0
401360981,CLE,3893016,19.0,7.3,7.3
401360981,CLE,3906786,2.0,-0.7,-0.7
401360981,CLE,4066336,24.0,10.1,9.0
401360981,CLE,4066405,23.0,7.5,4.3
401360981,CLE,4396907,36.0,17.4,18.6
401360981,CLE,4397126,30.0,16.4,13.9
401360981,CLE,4432822,31.0,13.8,14.6
401360981,NYK,3986,24.0,5.0,4.9
401360981,NYK,6429,28.0,4.7,5.6
401360981,NYK,6588,27.0,15.4,14.5
401360981,NYK,2991047,22.0,4.0,3.4
401360981,NYK,4277922,16.0,4.6,2.7
401360981,NYK,4278355,31.0,18.2,17.5
401360981,NYK,4351852,29.0,8.5,5.9
401360981,NYK,4395625,34.0,0.4,-1.0
401360981,NYK,4395724,30.0,12.9,10.3
401360982,ATL,2799,13.0,4.5,4.2
401360982,ATL,3428,25.0,13.1,11.0
401360982,ATL,3037789,24.0,4.8,3.3
401360982,ATL,3064447,17.0,11.0,7.4
401360982,ATL,3102529,30.0,13.0,8.7
401360982,ATL,3893019,22.0,8.3,7.6
401360982,ATL,4065732,27.0,14.1,13.0
401360982,ATL,4066372,30.0,-2.2,-2.2
401360982,ATL,4277905,35.0,27.8,27.1
401360982,ATL,4431680,18.0,9.4,4.9
401360982,BKN,3202,42.0,43.0,40.3
401360982,BKN,3989,6.0,-0.9,-0.7
401360982,BKN,3999,31.0,2.9,2.4
401360982,BKN,4004,31.0,-7.5,-6.2
401360982,BKN,6442,44.0,15.2,15.6
401360982,BKN,6585,18.0,9.8,5.8
401360982,BKN,4278067,24.0,5.1,4.1
401360982,BKN,4397693,19.0,6.0,6.0
401360982,BKN,4432174,24.0,0.9,-0.9
401360983,CHI,3978,38.0,18.1,17.2
401360983,CHI,6474,13.0,1.8,-0.1
401360983,CHI,6478,32.0,14.3,11.6
401360983,CHI,2596112,13.0,5.5,6.4
401360983,CHI,2991350,22.0,2.3,1.8
401360983,CHI,3064440,35.0,25.2,24.5
401360983,CHI,3936099,3.0,3.4,3.4
401360983,CHI,4065673,2.0,0.3,0.0
401360983,CHI,4278508,2.0,0.0,0.0
401360983,CHI,4395651,20.0,-3.8,-3.2
401360983,CHI,4397002,31.0,8.5,8.8
401360983,CHI,4431687,30.0,12.8,9.4
401360983,MIA,2184,2.0,-0.7,-0.7
401360983,MIA,3012,27.0,19.5,19.7
401360983,MIA,3033,27.0,8.5,5.8
401360983,MIA,6430,35.0,20.9,19.6
401360983,MIA,2580913,19.0,10.2,9.4
401360983,MIA,3074213,3.0,2.0,2.4
401360983,MIA,3137259,21.0,12.4,12.5
401360983,MIA,3157465,24.0,2.3,3.5
401360983,MIA,4065778,24.0,8.2,6.7
401360983,MIA,4066261,26.0,11.5,10.6
401360983,MIA,4291678,3.0,1.0,0.0
401360983,MIA,4395725,29.0,10.6,9.8
401360984,GSW,2386,15.0,1.9,0.7
401360984,GSW,4269,14.0,2.5,2.7
401360984,GSW,6475,39.0,22.7,22.4
401360984,GSW,6589,33.0,11.0,9.2
401360984,GSW,2594922,30.0,4.1,1.0
401360984,GSW,3059319,33.0,15.0,13.6
401360984,GSW,3134903,22.0,11.7,9.5
401360984,GSW,3155535,13.0,3.7,3.8
401360984,GSW,4277956,38.0,19.7,19.1
401360984,GSW,4433247,4.0,0.6,0.0
401360984,UTA,3195,36.0,25.1,24.4
401360984,UTA,3593,31.0,9.2,7.5
401360984,UTA,4262,10.0,2.7,1.7
401360984,UTA,2528426,28.0,6.8,7.7
401360984,UTA,2583632,30.0,-4.7,-5.4
401360984,UTA,2991155,18.0,-0.2,-1.1
401360984,UTA,3032976,38.0,16.0,10.7
401360984,UTA,3908809,33.0,18.7,16.6
401360984,UTA,4017839,17.0,6.7,5.1
401360985,BOS,3213,30.0,13.2,10.2
401360985,BOS,2451037,24.0,2.2,2.3
401360985,BOS,2990992,24.0,6.4,7.6
401360985,BOS,3064560,8.0,5.0,3.4
401360985,BOS,3078576,24.0,16.5,16.2
401360985,BOS,3917376,29.0,32.1,28.4
401360985,BOS,3934721,4.0,0.0,0.0
401360985,BOS,4065648,29.0,19.5,16.8
401360985,BOS,4065804,8.0,1.0,0.7
401360985,BOS,4066218,28.0,12.6,11.5
401360985,BOS,4066354,18.0,11.4,11.5
401360985,BOS,4066467,6.0,6.8,7.2
401360985,BOS,4396909,8.0,10.7,10.5
401360985,WAS,4305,28.0,17.0,14.7
401360985,WAS,6621,20.0,8.0,8.5
401360985,WAS,2581018,30.0,9.4,8.3
401360985,WAS,2581184,25.0,4.7,5.9
401360985,WAS,2968361,8.0,4.1,3.1
401360985,WAS,3102531,26.0,10.1,8.6
401360985,WAS,3934723,8.0,2.6,1.7
401360985,WAS,4066648,24.0,-2.4,-4.5
401360985,WAS,4278049,14.0,5.7,5.7
401360985,WAS,4280151,33.0,8.1,7.8
401360985,WAS,4683021,23.0,6.6,6.8
401360986,DAL,6426,17.0,3.3,2.3
401360986,DAL,2528779,40.0,13.6,12.8
401360986,DAL,2531367,31.0,21.4,18.3
401360986,DAL,2578185,41.0,12.7,10.5
401360986,DAL,2580782,21.0,8.0,8.8
401360986,DAL,3907487,4.0,1.3,1.7
401360986,DAL,3934672,36.0,9.8,8.3
401360986,DAL,3945274,39.0,28.1,23.5
401360986,DAL,4432811,10.0,1.9,2.0
401360986,MIL,3438,18.0,0.0,-1.7
401360986,MIL,3448,22.0,9.4,8.0
401360986,MIL,3995,36.0,22.2,21.4
401360986,MIL,4032,18.0,-1.6,-1.1
401360986,MIL,6609,37.0,4.9,6.0
401360986,MIL,2578239,22.0,8.2,8.7
401360986,MIL,3032977,40.0,19.6,16.3
401360986,MIL,3064482,23.0,14.5,12.1
401360986,MIL,3135045,23.0,7.3,6.1
401360987,DEN,4258,15.0,12.0,11.5
401360987,DEN,6579,37.0,21.1,19.8
401360987,DEN,6617,23.0,-0.5,0.0
401360987,DEN,2327577,12.0,0.5,2.1
401360987,DEN,3059262,21.0,10.9,9.8
401360987,DEN,3059310,36.0,10.7,6.1
401360987,DEN,3064290,37.0,23.4,20.9
401360987,DEN,3112335,33.0,32.6,25.3
401360987,DEN,4592492,27.0,8.5,7.8
401360987,LAL,1975,26.0,8.8,9.7
401360987,LAL,2384,23.0,5.2,3.9
401360987,LAL,3415,17.0,-0.7,0.6
401360987,LAL,3468,34.0,26.3,23.2
401360987,LAL,4240,28.0,7.9,8.8
401360987,LAL,6583,35.0,25.7,19.2
401360987,LAL,3134881,16.0,3.4,3.1
401360987,LAL,4066262,33.0,6.0,6.6
401360987,LAL,4066264,11.0,3.9,4.1
401360987,LAL,4396991,18.0,5.5,5.1
401360988,DET,2488826,26.0,8.7,7.7
401360988,DET,2489663,18.0,5.3,3.3
401360988,DET,4065651,36.0,13.8,14.0
401360988,DET,4066240,28.0,11.2,7.7
401360988,DET,4066407,31.0,11.9,10.5
401360988,DET,4277957,35.0,9.2,6.3
401360988,DET,4397136,23.0,25.4,22.9
401360988,DET,4432810,22.0,4.7,3.4
401360988,DET,4683024,22.0,9.4,9.2
401360988,IND,4244,9.0,-0.5,-1.0
401360988,IND,2982340,17.0,-0.4,-2.1
401360988,IND,2990984,32.0,10.5,9.1
401360988,IND,4278031,34.0,15.5,13.6
401360988,IND,4279815,32.0,11.7,11.9
401360988,IND,4348700,9.0,5.3,4.8
401360988,IND,4396993,39.0,27.5,24.5
401360988,IND,4397189,21.0,5.1,3.3
401360988,IND,4397235,23.0,7.0,3.9
401360988,IND,4432170,23.0,19.5,15.6
401360989,CLE,3026,14.0,7.6,6.1
401360989,CLE,3449,21.0,6.9,7.0
401360989,CLE,4259,6.0,0.3,0.7
401360989,CLE,2991043,38.0,15.4,13.9
401360989,CLE,3893016,7.0,3.6,2.4
401360989,CLE,4066336,39.0,9.7,10.0
401360989,CLE,4066405,26.0,16.8,14.4
401360989,CLE,4396907,37.0,19.8,16.4
401360989,CLE,4397126,20.0,5.0,4.2
401360989,CLE,4432822,32.0,2.9,1.8
401360989,PHI,3442,10.0,6.7,5.8
401360989,PHI,3988,17.0,4.1,1.0
401360989,PHI,3992,41.0,19.9,18.9
401360989,PHI,6440,37.0,3.7,3.1
401360989,PHI,2990969,22.0,7.8,7.4
401360989,PHI,3059318,38.0,39.3,31.3
401360989,PHI,3907498,24.0,7.3,4.8
401360989,PHI,3915195,15.0,1.8,2.3
401360989,PHI,3929325,7.0,-0.7,-1.7
401360989,PHI,4431678,29.0,3.4,4.0
401360990,NYK,3986,13.0,2.6,2.0
401360990,NYK,6429,33.0,20.8,19.3
401360990,NYK,6588,15.0,-0.4,-0.4
401360990,NYK,2991047,1.0,0.3,0.0
401360990,NYK,4277922,19.0,5.8,5.5
401360990,NYK,4278355,35.0,14.8,12.4
401360990,NYK,4351852,29.0,17.1,9.6
401360990,NYK,4395625,33.0,19.9,17.7
401360990,NYK,4395724,34.0,20.1,16.6
401360990,NYK,4397014,16.0,1.5,1.0
401360990,NYK,4431823,11.0,5.6,6.4
401360990,ORL,3447,18.0,4.6,3.6
401360990,ORL,6619,24.0,7.4,6.2
401360990,ORL,3150844,29.0,15.8,14.8
401360990,ORL,3906977,30.0,1.0,-1.5
401360990,ORL,4066636,22.0,9.7,8.8
401360990,ORL,4277919,29.0,8.5,6.3
401360990,ORL,4278052,20.0,2.3,-0.2
401360990,ORL,4397205,37.0,9.3,8.6
401360990,ORL,4432809,3.0,-1.1,-0.7
401360990,ORL,4590530,28.0,-3.0,-2.6
401360991,MIA,3012,35.0,17.8,17.3
401360991,MIA,6461,26.0,11.3,8.1
401360991,MIA,2527963,27.0,16.0,14.2
401360991,MIA,3074213,12.0,5.3,5.8
401360991,MIA,3138160,26.0,4.9,1.3
401360991,MIA,3157465,13.0,-0.1,-0.7
401360991,MIA,4065778,29.0,20.6,19.5
401360991,MIA,4066261,36.0,9.0,8.1
401360991,MIA,4395725,36.0,9.1,7.9
401360991,TOR,3244,18.0,4.5,2.3
401360991,TOR,2578240,13.0,-1.2,0.0
401360991,TOR,2991230,41.0,22.6,19.8
401360991,TOR,3149673,43.0,23.1,19.9
401360991,TOR,3948153,22.0,4.6,3.6
401360991,TOR,4066450,5.0,0.3,-0.7
401360991,TOR,4277843,43.0,13.8,11.0
401360991,TOR,4431679,21.0,-1.1,-0.9
401360991,TOR,4433134,35.0,14.9,13.4
401360992,HOU,3136777,21.0,5.5,5.7
401360992,HOU,3913180,28.0,3.7,1.5
401360992,HOU,4397140,36.0,14.2,11.9
401360992,HOU,4431828,27.0,11.4,9.5
401360992,HOU,4432168,30.0,23.9,21.8
401360992,HOU,4432176,13.0,-0.1,-0.1
401360992,HOU,4437244,36.0,22.5,23.5
401360992,HOU,4871143,15.0,5.1,5.5
401360992,HOU,4871144,33.0,14.9,13.1
401360992,MIN,2990962,20.0,3.7,5.4
401360992,MIN,3134916,13.0,8.7,8.1
401360992,MIN,3136195,35.0,24.4,22.7
401360992,MIN,3136776,35.0,18.0,14.9
401360992,MIN,3907822,28.0,13.4,11.5
401360992,MIN,4065663,16.0,10.2,8.7
401360992,MIN,4278077,30.0,2.8,0.1
401360992,MIN,4278541,14.0,7.6,7.1
401360992,MIN,4396971,13.0,2.9,2.4
401360992,MIN,4594268,35.0,27.7,24.6
401360993,OKC,4066317,23.0,7.9,4.3
401360993,OKC,4066392,30.0,12.3,8.9
401360993,OKC,4278046,22.0,20.7,19.3
401360993,OKC,4395688,24.0,2.2,2.4
401360993,OKC,4397183,26.0,16.3,14.9
401360993,OKC,4432813,15.0,12.3,11.1
401360993,OKC,4578893,37.0,8.8,7.8
401360993,OKC,4683018,36.0,15.5,13.1
401360993,OKC,4683027,27.0,6.4,5.4
401360993,PHX,2779,30.0,10.8,9.2
401360993,PHX,3452,23.0,7.1,5.7
401360993,PHX,6427,22.0,9.5,8.1
401360993,PHX,2528693,22.0,6.3,3.4
401360993,PHX,2583639,11.0,6.1,6.1
401360993,PHX,3059307,12.0,8.4,6.4
401360993,PHX,3064230,17.0,5.1,1.3
401360993,PHX,3138196,32.0,6.6,5.6
401360993,PHX,3147657,30.0,9.1,7.9
401360993,PHX,3914044,31.0,8.1,5.3
401360993,PHX,3922230,5.0,-1.0,-1.0
401360993,PHX,4981257,4.0,-1.7,-1.7
401360994,POR,2578213,25.0,13.0,11.7
401360994,POR,2991139,27.0,2.1,2.5
401360994,POR,3152335,21.0,-0.6,-1.5
401360994,POR,3914285,32.0,8.1,6.0
401360994,POR,4396959,16.0,5.5,2.9
401360994,POR,4397040,30.0,4.4,2.1
401360994,POR,4397166,26.0,5.6,4.9
401360994,POR,4423885,13.0,0.2,0.3
401360994,POR,4432161,24.0,9.3,9.7
401360994,POR,4432192,25.0,13.7,12.1
401360994,SAS,2581190,24.0,5.5,3.3
401360994,SAS,3136779,21.0,11.4,10.6
401360994,SAS,3146557,6.0,3.4,3.1
401360994,SAS,3946974,1.0,2.0,1.7
401360994,SAS,4066650,31.0,13.6,11.7
401360994,SAS,4277890,24.0,6.1,4.3
401360994,SAS,4395626,34.0,20.3,18.7
401360994,SAS,4395630,30.0,11.6,7.0
401360994,SAS,4395723,37.0,16.9,17.2
401360994,SAS,4397008,5.0,0.3,0.0
401360994,SAS,4397033,2.0,1.0,0.0
401360994,SAS,4702176,26.0,1.8,1.5
401360995,GSW,4269,30.0,21.7,17.7
401360995,GSW,6589,24.0,6.3,4.5
401360995,GSW,2595209,28.0,8.2,7.1
401360995,GSW,3059319,36.0,20.8,19.1
401360995,GSW,3134903,19.0,2.0,0.0
401360995,GSW,3155535,15.0,-0.8,-0.3
401360995,GSW,3907358,1.0,-0.7,-0.7
401360995,GSW,4277956,34.0,14.1,13.9
401360995,GSW,4401416,20.0,3.4,1.7
401360995,GSW,4432171,2.0,3.0,2.7
401360995,GSW,4433247,31.0,15.1,13.0
401360995,SAC,6578,35.0,12.4,9.7
401360995,SAC,6603,12.0,0.5,0.6
401360995,SAC,2284101,26.0,2.1,1.6
401360995,SAC,3064559,35.0,12.0,11.7
401360995,SAC,3136196,21.0,3.8,4.0
401360995,SAC,3914283,22.0,6.2,5.7
401360995,SAC,3934673,30.0,10.1,7.3
401360995,SAC,4066297,20.0,4.0,2.6
401360995,SAC,4278053,38.0,7.3,6.8
401360996,LAC,3416,23.0,6.9,6.8
401360996,LAC,4251,29.0,10.9,7.4
401360996,LAC,6443,33.0,6.0,4.3
401360996,LAC,6462,27.0,19.9,16.1
401360996,LAC,2490620,18.0,7.5,5.0
401360996,LAC,2581177,3.0,0.0,0.0
401360996,LAC,3907823,29.0,11.8,11.9
401360996,LAC,3913174,24.0,11.4,11.4
401360996,LAC,3914075,3.0,1.4,1.4
401360996,LAC,4017837,25.0,18.3,16.7
401360996,LAC,4066387,3.0,-0.4,0.0
401360996,LAC,4222252,23.0,11.3,10.2
401360996,NOP,6477,22.0,7.2,5.8
401360996,NOP,2490149,37.0,12.5,9.9
401360996,NOP,2528353,3.0,1.0,1.0
401360996,NOP,2580365,28.0,7.8,7.2
401360996,NOP,3132042,3.0,0.3,0.0
401360996,NOP,3133601,18.0,0.9,1.0
401360996,NOP,3913176,35.0,6.9,5.3
401360996,NOP,4277813,32.0,12.5,9.0
401360996,NOP,4277869,8.0,1.7,1.7
401360996,NOP,4278594,16.0,7.6,7.7
401360996,NOP,4397077,22.0,13.6,11.8
401360996,NOP,4397688,17.0,5.2,4.0
401360997,IND,4244,9.0,9.0,8.5
401360997,IND,2530530,15.0,3.5,3.4
401360997,IND,2982340,5.0,0.7,0.0
401360997,IND,2990984,38.0,23.0,19.7
401360997,IND,4278031,30.0,1.4,0.3
401360997,IND,4279815,28.0,11.8,10.9
401360997,IND,4396993,37.0,17.3,14.3
401360997,IND,4397189,30.0,18.6,15.2
401360997,IND,4397235,23.0,6.5,5.9
401360997,IND,4432170,25.0,15.2,11.4
401360997,PHI,3442,9.0,6.6,6.2
401360997,PHI,3988,20.0,3.0,2.0
401360997,PHI,3992,40.0,12.1,11.0
401360997,PHI,6440,37.0,17.8,12.8
401360997,PHI,2990969,18.0,4.4,6.4
401360997,PHI,3059318,39.0,33.4,29.8
401360997,PHI,3907498,20.0,-2.2,-2.8
401360997,PHI,3915195,20.0,10.0,8.1
401360997,PHI,4431678,38.0,29.3,27.1
401360998,CLE,3026,14.0,3.0,2.1
401360998,CLE,3449,25.0,16.5,13.2
401360998,CLE,2991043,31.0,7.6,7.1
401360998,CLE,3893016,15.0,7.7,7.4
401360998,CLE,4066336,35.0,18.7,17.3
401360998,CLE,4066405,22.0,4.0,3.7
401360998,CLE,4396907,41.0,24.0,20.5
401360998,CLE,4397126,28.0,9.6,6.7
401360998,CLE,4432822,29.0,6.3,3.6
401360998,ORL,3447,19.0,8.6,8.1
401360998,ORL,3150844,20.0,15.4,13.9
401360998,ORL,3906977,24.0,10.4,8.0
401360998,ORL,4066636,24.0,14.4,13.0
401360998,ORL,4277919,29.0,23.1,17.4
401360998,ORL,4278052,33.0,12.3,8.0
401360998,ORL,4397205,36.0,12.4,12.7
401360998,ORL,4432165,18.0,2.3,0.7
401360998,ORL,4566434,7.0,2.4,2.4
401360998,ORL,4590530,30.0,8.2,7.8
401360999,BKN,2983,17.0,-1.9,-1.0
401360999,BKN,3202,37.0,15.3,12.0
401360999,BKN,4004,25.0,3.1,1.6
401360999,BKN,6442,40.0,33.4,30.6
401360999,BKN,6585,20.0,8.7,6.5
401360999,BKN,4065670,33.0,12.9,11.5
401360999,BKN,4278067,27.0,9.1,7.1
401360999,BKN,4397693,24.0,4.7,2.7
401360999,BKN,4432174,16.0,10.2,9.4
401360999,HOU,3136777,29.0,5.2,1.6
401360999,HOU,3913180,22.0,-0.9,-0.2
401360999,HOU,4397140,41.0,23.1,22.0
401360999,HOU,4431828,20.0,1.3,2.3
401360999,HOU,4432168,30.0,1.1,-3.7
401360999,HOU,4432176,8.0,1.5,0.9
401360999,HOU,4437244,41.0,21.6,18.4
401360999,HOU,4871143,12.0,5.0,4.5
401360999,HOU,4871144,36.0,16.8,15.7
401361000,CHA,6472,15.0,3.8,3.6
401361000,CHA,2488653,20.0,4.6,3.7
401361000,CHA,3074752,34.0,12.1,12.2
401361000,CHA,3133603,16.0,2.1,2.6
401361000,CHA,3138161,27.0,9.4,5.1
401361000,CHA,4066383,35.0,26.0,24.3
401361000,CHA,4066731,17.0,10.0,8.1
401361000,CHA,4278076,3.0,1.3,1.7
401361000,CHA,4278078,33.0,10.9,9.8
401361000,CHA,4431712,2.0,-1.7,-1.7
401361000,CHA,4432816,34.0,18.2,17.2
401361000,CHA,4702233,2.0,0.6,0.6
401361000,MIA,3033,22.0,7.6,5.8
401361000,MIA,6430,36.0,25.4,22.3
401361000,MIA,3074213,15.0,5.0,3.7
401361000,MIA,3137259,23.0,1.9,1.4
401361000,MIA,3138160,26.0,7.0,6.3
401361000,MIA,3157465,27.0,18.0,17.5
401361000,MIA,3936298,2.0,3.0,2.7
401361000,MIA,4065778,19.0,10.4,10.5
401361000,MIA,4066261,31.0,22.9,19.9
401361000,MIA,4291678,3.0,-1.5,-0.7
401361000,MIA,4395725,34.0,26.3,24.6
401361000,MIA,4396972,2.0,1.7,0.7
401361001,ATL,2799,11.0,0.0,0.0
401361001,ATL,3037789,32.0,12.8,11.7
401361001,ATL,3064447,17.0,5.2,3.7
401361001,ATL,3102529,33.0,12.2,8.1
401361001,ATL,3893019,21.0,5.1,6.4
401361001,ATL,4065732,37.0,13.4,13.8
401361001,ATL,4066372,31.0,18.4,16.9
401361001,ATL,4277905,37.0,22.2,21.7
401361001,ATL,4431680,16.0,0.5,-1.4
401361001,ATL,4701230,6.0,-1.4,-1.4
401361001,TOR,3244,15.0,8.3,8.2
401361001,TOR,2578240,24.0,5.5,3.1
401361001,TOR,2991230,36.0,2.5,1.8
401361001,TOR,3149673,40.0,29.5,24.5
401361001,TOR,3948153,22.0,15.6,13.8
401361001,TOR,4066668,7.0,-1.1,-1.0
401361001,TOR,4277843,32.0,11.2,9.0
401361001,TOR,4397885,4.0,2.2,1.3
401361001,TOR,4431679,24.0,5.7,4.8
401361001,TOR,4433134,35.0,18.4,16.4
401361002,CHI,3978,37.0,29.1,29.8
401361002,CHI,6474,16.0,4.1,3.4
401361002,CHI,6478,26.0,-3.4,-4.3
401361002,CHI,2596112,22.0,8.9,5.7
401361002,CHI,2991350,22.0,1.1,2.1
401361002,CHI,3936099,21.0,6.0,4.4
401361002,CHI,4065673,4.0,2.3,1.7
401361002,CHI,4278508,5.0,-2.1,-2.4
401361002,CHI,4395651,31.0,6.9,6.0
401361002,CHI,4397002,24.0,5.4,2.0
401361002,CHI,4431687,32.0,16.1,16.3
401361002,MIL,3438,17.0,6.0,5.4
401361002,MIL,3448,29.0,27.0,21.5
401361002,MIL,3995,35.0,13.2,11.4
401361002,MIL,4032,22.0,8.6,8.4
401361002,MIL,6609,28.0,12.0,9.8
401361002,MIL,2578239,17.0,3.9,1.7
401361002,MIL,3032977,24.0,15.3,15.2
401361002,MIL,3064482,26.0,10.8,9.5
401361002,MIL,3102533,4.0,2.7,1.7
401361002,MIL,3133635,4.0,1.3,0.7
401361002,MIL,3135045,25.0,13.8,11.8
401361002,MIL,4277883,4.0,0.2,0.6
401361002,MIL,4278580,4.0,0.6,0.0
401361003,MIN,2990962,23.0,7.7,6.2
401361003,MIN,3134916,21.0,8.0,6.2
401361003,MIN,3136195,35.0,20.4,17.7
401361003,MIN,3136776,29.0,15.8,15.3
401361003,MIN,3907822,32.0,8.6,8.3
401361003,MIN,4065663,5.0,0.0,0.0
401361003,MIN,4278077,20.0,7.3,6.0
401361003,MIN,4278507,3.0,0.0,0.0
401361003,MIN,4278541,12.0,11.2,9.3
401361003,MIN,4396971,13.0,-1.4,-1.8
401361003,MIN,4431671,15.0,0.2,0.0
401361003,MIN,4594268,32.0,11.5,10.8
401361003,WAS,4305,30.0,16.0,13.0
401361003,WAS,6621,20.0,8.0,8.6
401361003,WAS,2581018,27.0,8.2,7.1
401361003,WAS,3102531,27.0,20.9,19.6
401361003,WAS,4066648,37.0,14.6,14.6
401361003,WAS,4278049,31.0,25.5,24.1
401361003,WAS,4280151,31.0,7.7,7.1
401361003,WAS,4683021,36.0,12.6,9.7
401361004,OKC,4066317,4.0,8.0,6.7
401361004,OKC,4066377,44.0,7.2,5.1
401361004,OKC,4066392,43.0,13.1,7.6
401361004,OKC,4278046,39.0,11.9,8.8
401361004,OKC,4395688,46.0,25.9,19.5
401361004,OKC,4578893,21.0,10.3,5.7
401361004,OKC,4683022,43.0,6.3,2.7
401361004,POR,2578213,28.0,8.3,6.9
401361004,POR,2991139,30.0,3.1,1.0
401361004,POR,3152335,19.0,1.8,0.0
401361004,POR,3914285,35.0,11.8,9.5
401361004,POR,4066446,11.0,3.3,3.7
401361004,POR,4396959,13.0,0.1,-1.7
401361004,POR,4397166,27.0,8.9,7.4
401361004,POR,4423885,17.0,3.1,2.3
401361004,POR,4432161,24.0,15.0,14.2
401361004,POR,4432192,36.0,15.7,12.2
401361005,DEN,4258,8.0,-1.4,-1.1
401361005,DEN,6579,40.0,6.8,6.7
401361005,DEN,6617,33.0,2.0,2.7
401361005,DEN,2327577,13.0,0.6,0.7
401361005,DEN,2994526,7.0,1.7,1.7
401361005,DEN,3059262,13.0,2.0,1.7
401361005,DEN,3059310,34.0,0.6,1.0
401361005,DEN,3064290,35.0,15.3,10.0
401361005,DEN,3112335,40.0,30.4,25.1
401361005,DEN,4592492,18.0,6.7,6.1
401361005,SAS,2581190,25.0,14.6,12.4
401361005,SAS,3134908,23.0,9.8,8.6
401361005,SAS,3136779,17.0,4.6,4.8
401361005,SAS,4066650,25.0,12.3,10.9
401361005,SAS,4277890,20.0,4.8,3.3
401361005,SAS,4395626,33.0,17.4,14.5
401361005,SAS,4395630,34.0,19.3,15.5
401361005,SAS,4395723,34.0,13.8,13.4
401361005,SAS,4397033,3.0,-0.4,-0.7
401361005,SAS,4702176,25.0,2.5,0.6
401361006,MEM,2991235,28.0,9.0,4.1
401361006,MEM,2993874,18.0,5.4,4.7
401361006,MEM,3134932,12.0,-0.7,0.0
401361006,MEM,3135046,37.0,18.4,17.2
401361006,MEM,3906665,20.0,2.0,1.3
401361006,MEM,4066320,37.0,16.2,11.3
401361006,MEM,4066436,28.0,12.0,9.8
401361006,MEM,4277961,39.0,16.3,13.0
401361006,MEM,4277964,11.0,5.0,4.4
401361006,MEM,4433137,35.0,6.1,5.3
401361006,UTA,3005,13.0,0.6,-0.4
401361006,UTA,3195,34.0,9.9,8.2
401361006,UTA,3593,40.0,6.7,4.1
401361006,UTA,4262,19.0,14.4,10.4
401361006,UTA,2528426,31.0,20.3,17.8
401361006,UTA,2583632,24.0,2.9,2.0
401361006,UTA,2991155,29.0,5.8,5.0
401361006,UTA,3032976,34.0,21.4,17.2
401361006,UTA,3908809,41.0,11.0,9.1
401361007,NOP,2490149,31.0,19.2,15.5
401361007,NOP,2580365,22.0,8.7,6.5
401361007,NOP,2999409,26.0,13.0,13.0
401361007,NOP,3133601,18.0,11.4,10.8
401361007,NOP,3913176,34.0,12.2,11.3
401361007,NOP,4277813,33.0,8.3,4.3
401361007,NOP,4277869,15.0,2.9,1.0
401361007,NOP,4278594,13.0,-3.0,-2.0
401361007,NOP,4397077,29.0,21.7,19.2
401361007,NOP,4397688,19.0,13.4,12.8
401361007,SAC,6578,30.0,9.8,8.7
401361007,SAC,6603,23.0,16.0,13.2
401361007,SAC,2284101,18.0,5.9,5.4
401361007,SAC,3064559,29.0,19.0,18.6
401361007,SAC,3136196,19.0,6.1,5.7
401361007,SAC,3914283,28.0,7.6,6.0
401361007,SAC,3934673,29.0,-0.3,-1.4
401361007,SAC,4066297,13.0,4.3,4.0
401361007,SAC,4278053,40.0,13.2,14.5
401361007,SAC,4397424,11.0,3.1,2.6
401361008,LAL,1975,24.0,7.9,4.6
401361008,LAL,2384,19.0,12.3,10.8
401361008,LAL,3415,18.0,-1.4,-1.7
401361008,LAL,3468,34.0,14.4,14.0
401361008,LAL,4240,18.0,3.5,3.0
401361008,LAL,6583,36.0,16.7,11.4
401361008,LAL,3134881,15.0,-1.2,-2.1
401361008,LAL,4066262,18.0,4.5,4.8
401361008,LAL,4066264,6.0,0.2,0.2
401361008,LAL,4066457,31.0,16.6,15.5
401361008,LAL,4396991,22.0,8.6,6.4
401361008,PHX,2779,24.0,13.3,11.1
401361008,PHX,3452,16.0,11.6,6.1
401361008,PHX,6427,5.0,-1.8,-1.7
401361008,PHX,6581,23.0,7.4,5.3
401361008,PHX,2528693,17.0,7.3,7.8
401361008,PHX,3059307,1.0,-1.0,-1.0
401361008,PHX,3064230,23.0,5.6,4.9
401361008,PHX,3136193,30.0,25.9,23.9
401361008,PHX,3138196,25.0,4.9,3.9
401361008,PHX,3147657,27.0,10.9,8.5
401361008,PHX,3914044,20.0,2.4,2.9
401361008,PHX,3922230,1.0,-1.0,-1.0
401361008,PHX,4278129,27.0,21.2,19.4
401361008,PHX,4981257,1.0,-1.0,-1.0
401361009,DAL,6426,12.0,7.6,7.4
401361009,DAL,2528779,31.0,7.2,7.1
401361009,DAL,2531367,30.0,10.7,9.5
401361009,DAL,2578185,36.0,12.7,11.9
401361009,DAL,2579260,2.0,-0.7,-0.7
401361009,DAL,2580782,23.0,9.9,9.1
401361009,DAL,3138154,2.0,2.0,2.0
401361009,DAL,3907487,10.0,10.2,10.0
401361009,DAL,3934672,35.0,20.8,19.5
401361009,DAL,3945274,34.0,18.5,17.0
401361009,DAL,4230547,2.0,1.7,1.7
401361009,DAL,4432811,21.0,13.4,10.5
401361009,DET,4065651,16.0,9.7,9.1
401361009,DET,4066240,19.0,14.9,11.4
401361009,DET,4066407,10.0,-2.4,-2.4
401361009,DET,4277957,26.0,5.6,5.7
401361009,DET,4278124,19.0,11.8,10.6
401361009,DET,4278566,20.0,7.8,8.1
401361009,DET,4397136,34.0,3.7,3.2
401361009,DET,4432166,38.0,19.0,16.1
401361009,DET,4432810,28.0,17.7,16.2
401361009,DET,4683024,30.0,7.9,6.3
401361010,BKN,2983,6.0,0.2,-1.0
401361010,BKN,3202,42.0,28.5,25.7
401361010,BKN,4004,24.0,13.1,12.5
401361010,BKN,6442,43.0,16.3,12.7
401361010,BKN,6585,18.0,3.7,1.7
401361010,BKN,2326307,30.0,11.4,11.0
401361010,BKN,4065670,33.0,5.7,5.1
401361010,BKN,4278067,23.0,3.6,3.7
401361010,BKN,4397693,18.0,5.6,4.7
401361010,BKN,4432174,5.0,-1.1,-0.7
401361010,NYK,3986,18.0,7.3,6.5
401361010,NYK,6429,38.0,13.5,12.9
401361010,NYK,6588,29.0,4.2,3.7
401361010,NYK,4277922,35.0,12.8,9.0
401361010,NYK,4278355,43.0,18.2,15.0
401361010,NYK,4395625,45.0,8.1,7.5
401361010,NYK,4395724,26.0,4.0,2.9
401361010,NYK,4431823,7.0,0.9,0.6
401361011,ATL,3428,39.0,21.6,18.2
401361011,ATL,2534781,2.0,-1.4,-1.4
401361011,ATL,3037789,28.0,14.3,14.1
401361011,ATL,3064447,26.0,7.9,2.7
401361011,ATL,3102529,25.0,21.0,15.9
401361011,ATL,4065732,27.0,3.1,1.4
401361011,ATL,4066269,2.0,0.0,0.0
401361011,ATL,4066372,29.0,1.7,1.6
401361011,ATL,4277905,37.0,25.4,26.3
401361011,ATL,4278075,2.0,-0.7,-0.7
401361011,ATL,4431680,21.0,9.6,8.6
401361011,ATL,4432173,2.0,0.0,0.0
401361011,ATL,4701230,2.0,0.3,0.0
401361011,WAS,4305,23.0,6.3,4.8
401361011,WAS,6621,25.0,8.5,8.6
401361011,WAS,2581018,26.0,3.6,3.4
401361011,WAS,2581184,13.0,2.6,2.7
401361011,WAS,2968361,4.0,1.0,1.0
401361011,WAS,3102531,32.0,25.2,19.5
401361011,WAS,3934723,4.0,1.9,1.0
401361011,WAS,4066648,32.0,2.2,1.5
401361011,WAS,4278049,14.0,11.0,9.8
401361011,WAS,4280151,32.0,9.9,8.4
401361011,WAS,4683021,34.0,6.4,6.5
401361012,BOS,3213,30.0,23.6,19.1
401361012,BOS,2451037,30.0,9.3,10.8
401361012,BOS,2990992,26.0,8.6,7.5
401361012,BOS,3064560,6.0,3.0,1.4
401361012,BOS,3078576,23.0,5.8,5.9
401361012,BOS,3917376,35.0,21.3,15.6
401361012,BOS,4065648,30.0,13.5,8.2
401361012,BOS,4065804,5.0,0.3,0.0
401361012,BOS,4066218,26.0,5.4,4.7
401361012,BOS,4066354,18.0,5.0,5.0
401361012,BOS,4066467,3.0,0.0,0.0
401361012,BOS,4396909,5.0,4.7,4.4
401361012,BOS,4407254,4.0,2.0,1.7
401361012,CHI,3978,33.0,10.1,8.3
401361012,CHI,6474,21.0,9.2,8.8
401361012,CHI,6478,25.0,4.9,3.3
401361012,CHI,2596112,21.0,9.6,6.1
401361012,CHI,3056245,3.0,-0.7,-0.7
401361012,CHI,3064440,27.0,2.8,2.3
401361012,CHI,3936099,23.0,5.4,4.6
401361012,CHI,4065673,6.0,3.0,3.0
401361012,CHI,4278508,6.0,4.0,3.4
401361012,CHI,4395651,26.0,8.7,7.4
401361012,CHI,4397002,23.0,6.7,5.5
401361012,CHI,4431687,26.0,-2.0,-1.2
401361013,OKC,3913546,33.0,1.4,-0.2
401361013,OKC,4066317,27.0,6.1,5.2
401361013,OKC,4066377,39.0,4.6,2.2
401361013,OKC,4066392,26.0,17.4,17.9
401361013,OKC,4395688,36.0,17.4,16.4
401361013,OKC,4432813,16.0,14.0,14.1
401361013,OKC,4578893,34.0,7.3,6.5
401361013,OKC,4683022,30.0,6.0,4.9
401361013,UTA,3005,26.0,14.2,10.8
401361013,UTA,3593,26.0,20.6,20.1
401361013,UTA,4260,5.0,4.7,4.8
401361013,UTA,4262,17.0,19.0,15.8
401361013,UTA,2528426,29.0,17.0,17.1
401361013,UTA,2991155,26.0,9.5,8.4
401361013,UTA,3032976,26.0,22.6,18.6
401361013,UTA,3133817,7.0,2.3,2.0
401361013,UTA,4017839,17.0,2.8,1.9
401361013,UTA,4065656,12.0,3.8,2.8
401361013,UTA,4066303,5.0,-2.1,-2.1
401361013,UTA,4278039,14.0,10.7,8.8
401361013,UTA,4395695,30.0,10.5,6.1
401361014,LAC,3416,22.0,7.9,5.7
401361014,LAC,4251,28.0,19.6,12.9
401361014,LAC,6443,30.0,5.2,3.7
401361014,LAC,6462,26.0,2.1,1.3
401361014,LAC,2490620,22.0,8.9,7.6
401361014,LAC,2595516,23.0,18.3,18.0
401361014,LAC,3907823,26.0,7.9,6.7
401361014,LAC,3914075,7.0,0.2,-0.4
401361014,LAC,4017837,25.0,12.6,9.8
401361014,LAC,4066387,9.0,0.2,-0.4
401361014,LAC,4222252,23.0,11.8,9.5
401361014,PHX,3452,18.0,2.0,1.3
401361014,PHX,6427,30.0,16.2,12.6
401361014,PHX,2528693,22.0,5.1,5.0
401361014,PHX,2583639,12.0,-2.8,-2.6
401361014,PHX,3059307,25.0,22.5,19.7
401361014,PHX,3064230,22.0,9.0,7.8
401361014,PHX,3138196,32.0,4.7,1.5
401361014,PHX,3147657,22.0,6.3,4.7
401361014,PHX,3914044,28.0,-1.1,0.2
401361014,PHX,3922230,18.0,16.5,15.5
401361014,PHX,4981257,12.0,3.9,3.8
401361015,CHA,6472,8.0,5.0,5.4
401361015,CHA,2488653,15.0,3.5,2.0
401361015,CHA,2991055,20.0,15.4,13.2
401361015,CHA,3074752,26.0,20.7,17.9
401361015,CHA,3133603,24.0,12.6,12.3
401361015,CHA,3138161,22.0,8.0,6.8
401361015,CHA,4066383,24.0,9.0,6.6
401361015,CHA,4066731,16.0,8.2,6.1
401361015,CHA,4278076,5.0,0.3,0.0
401361015,CHA,4278078,34.0,8.1,4.7
401361015,CHA,4431699,3.0,1.6,1.7
401361015,CHA,4431712,4.0,1.0,0.4
401361015,CHA,4432816,35.0,24.6,18.6
401361015,CHA,4702233,5.0,1.3,0.6
401361015,ORL,3447,20.0,-0.0,1.0
401361015,ORL,3150844,28.0,12.0,12.8
401361015,ORL,3906977,28.0,4.4,4.9
401361015,ORL,3918423,19.0,2.0,1.2
401361015,ORL,4066636,24.0,8.4,6.9
401361015,ORL,4277919,5.0,2.6,2.4
401361015,ORL,4278052,34.0,21.6,16.2
401361015,ORL,4397205,31.0,5.2,3.8
401361015,ORL,4432165,16.0,4.5,2.7
401361015,ORL,4590530,35.0,6.8,5.1
401361016,PHI,3988,39.0,17.7,16.6
401361016,PHI,3992,39.0,14.1,13.3
401361016,PHI,6440,38.0,4.6,1.3
401361016,PHI,2990969,19.0,4.8,5.3
401361016,PHI,3059318,37.0,18.1,14.2
401361016,PHI,3915195,18.0,7.0,7.4
401361016,PHI,3929325,2.0,-0.8,0.0
401361016,PHI,4278562,11.0,6.5,5.5
401361016,PHI,4431678,37.0,20.3,17.5
401361016,TOR,3244,31.0,4.1,2.2
401361016,TOR,2578240,13.0,1.3,1.4
401361016,TOR,3149673,37.0,34.4,30.7
401361016,TOR,3948153,25.0,6.8,5.7
401361016,TOR,4066668,13.0,3.3,3.7
401361016,TOR,4277843,41.0,24.3,22.2
401361016,TOR,4431679,40.0,14.0,11.8
401361016,TOR,4433134,41.0,9.0,7.8
401361017,BOS,2451037,32.0,19.0,18.5
401361017,BOS,2990992,30.0,25.6,23.7
401361017,BOS,3064560,16.0,3.9,3.4
401361017,BOS,3078576,39.0,12.7,11.4
401361017,BOS,3917376,37.0,16.8,14.4
401361017,BOS,4065804,18.0,11.0,9.8
401361017,BOS,4066218,37.0,4.3,0.0
401361017,BOS,4066354,19.0,11.7,8.8
401361017,BOS,4396909,12.0,-3.5,-4.1
401361017,MIL,3438,14.0,4.2,3.1
401361017,MIL,3448,24.0,10.2,8.7
401361017,MIL,3995,39.0,27.2,23.9
401361017,MIL,4032,27.0,6.5,6.4
401361017,MIL,6609,39.0,21.0,16.3
401361017,MIL,2578239,21.0,5.6,3.0
401361017,MIL,3032977,38.0,23.0,18.4
401361017,MIL,3064482,27.0,15.5,14.2
401361017,MIL,3133635,11.0,-0.1,0.0
401361018,MIN,3964,28.0,10.1,8.5
401361018,MIN,2990962,9.0,-3.8,-2.1
401361018,MIN,3134916,21.0,6.5,5.7
401361018,MIN,3136195,33.0,14.0,13.3
401361018,MIN,3907822,27.0,7.7,5.2
401361018,MIN,4278077,33.0,11.5,8.9
401361018,MIN,4278541,13.0,4.5,5.3
401361018,MIN,4396971,15.0,-0.7,-0.4
401361018,MIN,4431671,21.0,7.6,6.4
401361018,MIN,4594268,39.0,41.0,39.6
401361018,SAS,2581190,25.0,8.8,9.4
401361018,SAS,3134908,31.0,16.6,11.9
401361018,SAS,3136779,24.0,9.6,8.8
401361018,SAS,3946974,2.0,-0.1,0.0
401361018,SAS,4066650,16.0,10.6,9.4
401361018,SAS,4395626,30.0,13.6,12.9
401361018,SAS,4395630,30.0,11.8,9.6
401361018,SAS,4395723,34.0,16.3,14.3
401361018,SAS,4397008,11.0,3.9,3.0
401361018,SAS,4397033,8.0,-1.3,-0.8
401361018,SAS,4702176,29.0,8.6,9.1
401361019,NOP,4023,7.0,-0.4,-1.4
401361019,NOP,6477,22.0,9.7,9.8
401361019,NOP,2490149,29.0,18.2,14.4
401361019,NOP,2528353,7.0,4.3,4.4
401361019,NOP,2580365,17.0,12.1,12.6
401361019,NOP,2999409,26.0,19.5,16.6
401361019,NOP,3132042,7.0,1.0,0.0
401361019,NOP,3133601,19.0,8.7,7.1
401361019,NOP,4066248,5.0,6.0,6.0
401361019,NOP,4277813,25.0,12.4,11.6
401361019,NOP,4277869,22.0,11.4,7.1
401361019,NOP,4278594,12.0,0.2,-1.1
401361019,NOP,4397077,24.0,10.4,9.5
401361019,NOP,4397688,17.0,8.7,7.7
401361019,POR,2578213,23.0,3.7,4.0
401361019,POR,2991139,20.0,2.2,0.8
401361019,POR,3152335,15.0,-0.5,-0.4
401361019,POR,3914285,26.0,19.0,17.3
401361019,POR,4066446,7.0,1.6,1.7
401361019,POR,4396959,22.0,14.6,10.9
401361019,POR,4397040,17.0,0.9,1.0
401361019,POR,4397166,31.0,10.1,10.7
401361019,POR,4423885,19.0,8.0,7.1
401361019,POR,4432161,30.0,4.4,1.8
401361019,POR,4432192,31.0,4.2,4.1
401361020,DEN,3209,27.0,2.7,1.6
401361020,DEN,4258,4.0,-0.1,-0.1
401361020,DEN,6579,29.0,11.1,10.1
401361020,DEN,6617,25.0,6.8,6.3
401361020,DEN,2327577,20.0,4.1,4.4
401361020,DEN,2968334,3.0,-0.7,-0.7
401361020,DEN,3059262,14.0,4.2,3.1
401361020,DEN,3059310,24.0,8.7,9.2
401361020,DEN,3064290,34.0,14.2,14.2
401361020,DEN,3112335,35.0,35.7,27.9
401361020,DEN,4065805,3.0,-2.8,-2.4
401361020,DEN,4592492,21.0,16.1,16.3
401361020,MEM,2991235,23.0,5.4,4.8
401361020,MEM,2993874,22.0,10.5,9.5
401361020,MEM,3134932,21.0,8.8,8.9
401361020,MEM,3135046,23.0,1.0,1.0
401361020,MEM,3155526,26.0,3.7,3.3
401361020,MEM,3906665,13.0,8.7,8.4
401361020,MEM,4066320,22.0,11.3,9.7
401361020,MEM,4066436,23.0,7.3,6.3
401361020,MEM,4277961,24.0,6.5,5.3
401361020,MEM,4277964,9.0,5.1,4.8
401361020,MEM,4278116,5.0,3.7,2.4
401361020,MEM,4433137,19.0,7.5,7.7
401361020,MEM,4593125,9.0,6.9,5.4
401361021,GSW,2386,21.0,7.0,4.8
401361021,GSW,4269,15.0,11.4,9.6
401361021,GSW,6475,33.0,25.0,24.9
401361021,GSW,6589,26.0,10.9,8.6
401361021,GSW,2594922,30.0,7.3,3.6
401361021,GSW,2595209,2.0,2.0,2.4
401361021,GSW,3059319,27.0,11.6,11.5
401361021,GSW,3134903,25.0,10.9,7.8
401361021,GSW,3155535,15.0,5.3,4.5
401361021,GSW,4277956,33.0,15.6,15.0
401361021,GSW,4401416,2.0,-0.8,0.0
401361021,GSW,4432171,2.0,2.7,2.7
401361021,GSW,4433247,8.0,4.1,3.7
401361021,LAL,2384,25.0,18.0,14.2
401361021,LAL,3415,23.0,-0.2,0.0
401361021,LAL,3981,16.0,1.7,0.5
401361021,LAL,6637,13.0,-0.9,-1.4
401361021,LAL,3134881,35.0,0.7,-1.6
401361021,LAL,4066262,37.0,18.2,14.4
401361021,LAL,4066264,20.0,1.8,2.4
401361021,LAL,4066457,33.0,8.8,7.9
401361021,LAL,4396991,37.0,30.2,26.1
401361022,DET,2488826,24.0,25.2,23.7
401361022,DET,2489663,23.0,15.6,14.5
401361022,DET,4065651,16.0,0.3,-0.8
401361022,DET,4066240,20.0,2.6,1.6
401361022,DET,4066407,13.0,3.9,3.7
401361022,DET,4277957,19.0,0.7,-1.4
401361022,DET,4397136,33.0,10.4,10.9
401361022,DET,4432166,39.0,3.6,2.7
401361022,DET,4432810,27.0,9.8,7.5
401361022,DET,4683024,27.0,4.2,3.0
401361022,MIL,3438,16.0,6.3,6.7
401361022,MIL,3439,11.0,6.9,7.5
401361022,MIL,3448,21.0,13.0,12.5
401361022,MIL,3995,27.0,8.3,8.6
401361022,MIL,4032,22.0,7.0,7.1
401361022,MIL,6609,28.0,10.9,9.0
401361022,MIL,2578239,24.0,7.8,6.7
401361022,MIL,3032977,28.0,32.1,26.9
401361022,MIL,3064482,22.0,6.2,3.3
401361022,MIL,3102533,6.0,4.7,5.1
401361022,MIL,3133635,14.0,2.5,2.4
401361022,MIL,3908819,2.0,2.4,1.4
401361022,MIL,4277883,6.0,0.1,-0.8
401361022,MIL,4277887,8.0,1.5,1.3
401361022,MIL,4278580,6.0,1.7,1.7
401361023,NYK,3986,23.0,11.7,9.2
401361023,NYK,6429,33.0,3.8,1.9
401361023,NYK,6588,28.0,11.9,10.6
401361023,NYK,2991047,13.0,0.1,-1.0
401361023,NYK,4277922,34.0,9.8,7.5
401361023,NYK,4278355,38.0,27.1,24.6
401361023,NYK,4395625,15.0,10.9,10.0
401361023,NYK,4395724,36.0,22.8,19.7
401361023,NYK,4396638,2.0,0.6,0.0
401361023,NYK,4431823,19.0,1.5,0.6
401361023,WAS,4305,16.0,7.5,6.2
401361023,WAS,6621,20.0,3.4,3.2
401361023,WAS,2581184,16.0,2.6,1.8
401361023,WAS,2968361,20.0,6.1,7.4
401361023,WAS,3934723,26.0,0.5,-3.8
401361023,WAS,4066382,8.0,1.6,1.7
401361023,WAS,4066648,28.0,15.5,14.3
401361023,WAS,4278049,20.0,8.3,7.8
401361023,WAS,4278707,12.0,3.8,1.6
401361023,WAS,4280151,26.0,8.4,6.0
401361023,WAS,4431669,7.0,-0.8,-0.4
401361023,WAS,4683021,26.0,5.2,4.1
401361023,WAS,4715198,16.0,-0.5,0.3
401361024,BKN,3202,41.0,28.4,25.6
401361024,BKN,4004,24.0,5.6,5.6
401361024,BKN,6442,39.0,11.2,9.0
401361024,BKN,6585,24.0,16.2,14.0
401361024,BKN,2326307,29.0,10.0,10.2
401361024,BKN,4065670,40.0,23.8,19.4
401361024,BKN,4278067,16.0,4.0,3.4
401361024,BKN,4397107,1.0,0.0,0.0
401361024,BKN,4397693,24.0,3.5,3.3
401361024,BKN,4432174,1.0,0.0,0.0
401361024,CLE,3026,9.0,3.1,3.2
401361024,CLE,3449,21.0,7.9,6.1
401361024,CLE,4259,1.0,0.0,0.0
401361024,CLE,2991043,34.0,11.9,12.0
401361024,CLE,3057198,1.0,0.0,0.0
401361024,CLE,3893016,26.0,7.2,7.4
401361024,CLE,3906786,1.0,0.7,0.7
401361024,CLE,4066336,25.0,8.0,8.7
401361024,CLE,4066405,15.0,-1.3,-1.1
401361024,CLE,4396907,41.0,20.7,19.1
401361024,CLE,4397126,3.0,1.7,1.7
401361024,CLE,4432158,34.0,19.3,15.8
401361024,CLE,4432822,28.0,1.8,2.3
401361025,HOU,3136777,26.0,7.4,8.1
401361025,HOU,3913180,26.0,8.1,6.3
401361025,HOU,4397140,39.0,29.9,25.2
401361025,HOU,4431828,21.0,2.8,2.3
401361025,HOU,4432168,30.0,16.3,15.0
401361025,HOU,4432176,13.0,2.0,2.1
401361025,HOU,4437244,37.0,0.3,-0.8
401361025,HOU,4871143,15.0,8.6,6.5
401361025,HOU,4871144,33.0,12.5,12.5
401361025,TOR,3244,24.0,13.3,12.6
401361025,TOR,2578240,27.0,9.4,7.2
401361025,TOR,3133838,12.0,4.2,1.3
401361025,TOR,3149673,40.0,26.0,21.6
401361025,TOR,3948153,20.0,6.2,5.0
401361025,TOR,4066450,15.0,2.8,2.7
401361025,TOR,4066668,11.0,0.6,0.3
401361025,TOR,4277843,38.0,17.8,15.6
401361025,TOR,4431679,12.0,3.5,3.3
401361025,TOR,4432907,7.0,2.6,1.0
401361025,TOR,4433134,34.0,11.7,10.5
401361026,ATL,3428,29.0,0.3,0.9
401361026,ATL,3037789,36.0,21.1,17.7
401361026,ATL,3064447,21.0,3.2,1.0
401361026,ATL,3102529,27.0,17.5,15.9
401361026,ATL,3893019,15.0,-0.8,-0.7
401361026,ATL,4065732,25.0,-7.2,-5.5
401361026,ATL,4066372,30.0,14.3,11.5
401361026,ATL,4277905,36.0,23.9,23.0
401361026,ATL,4431680,21.0,6.9,6.6
401361026,MIA,3012,31.0,12.8,11.2
401361026,MIA,6430,37.0,12.7,11.6
401361026,MIA,2580913,15.0,3.8,1.3
401361026,MIA,3137259,17.0,6.2,6.7
401361026,MIA,3138160,26.0,3.2,2.0
401361026,MIA,3157465,20.0,4.8,4.7
401361026,MIA,4065778,27.0,5.5,4.4
401361026,MIA,4066261,33.0,22.2,19.8
401361026,MIA,4395725,33.0,16.4,14.3
401361027,CHA,6472,6.0,-0.5,0.3
401361027,CHA,2488653,20.0,10.3,8.9
401361027,CHA,2991055,21.0,10.6,10.6
401361027,CHA,3074752,30.0,14.8,13.6
401361027,CHA,3133603,23.0,16.2,13.8
401361027,CHA,3138161,29.0,12.1,11.6
401361027,CHA,4066383,29.0,16.1,14.5
401361027,CHA,4066731,19.0,15.7,13.2
401361027,CHA,4278078,29.0,9.3,7.5
401361027,CHA,4432816,29.0,18.2,19.0
401361027,CHA,4702233,6.0,-0.4,-1.0
401361027,CHI,3978,30.0,5.5,6.0
401361027,CHI,6474,14.0,7.1,7.5
401361027,CHI,6478,22.0,5.6,4.4
401361027,CHI,2596112,15.0,3.9,2.0
401361027,CHI,3064440,30.0,20.4,20.0
401361027,CHI,3936099,19.0,3.6,2.7
401361027,CHI,4278508,19.0,10.6,6.1
401361027,CHI,4395651,36.0,11.7,12.0
401361027,CHI,4397002,28.0,12.6,11.5
401361027,CHI,4431687,26.0,14.7,13.1
401361028,DAL,4376,12.0,4.3,3.7
401361028,DAL,6426,21.0,12.0,8.9
401361028,DAL,2528779,27.0,-0.3,-0.4
401361028,DAL,2531367,28.0,14.7,14.2
401361028,DAL,2578185,24.0,18.0,14.2
401361028,DAL,2579260,12.0,1.8,1.3
401361028,DAL,2580782,16.0,14.1,12.1
401361028,DAL,3057187,15.0,5.0,4.0
401361028,DAL,3138154,13.0,1.9,1.7
401361028,DAL,3934672,22.0,7.9,7.7
401361028,DAL,3945274,30.0,31.8,27.8
401361028,DAL,4230547,5.0,-1.1,-0.7
401361028,DAL,4432811,16.0,3.9,2.0
401361028,POR,2578213,31.0,12.9,10.7
401361028,POR,3152335,3.0,-1.4,-1.4
401361028,POR,3914285,32.0,11.7,10.1
401361028,POR,4066446,30.0,1.6,0.2
401361028,POR,4396959,16.0,5.5,6.1
401361028,POR,4397040,23.0,4.5,5.4
401361028,POR,4397166,36.0,1.8,-2.7
401361028,POR,4423885,26.0,0.3,-0.1
401361028,POR,4432161,12.0,1.8,1.0
401361028,POR,4432192,30.0,2.3,3.3
401361029,PHX,2779,38.0,22.3,20.0
401361029,PHX,3452,14.0,0.7,1.7
401361029,PHX,6581,26.0,5.5,1.6
401361029,PHX,2528693,12.0,6.7,6.4
401361029,PHX,3136193,38.0,20.7,21.1
401361029,PHX,3138196,22.0,7.9,5.1
401361029,PHX,3147657,34.0,15.6,15.2
401361029,PHX,3914044,12.0,-4.3,-3.8
401361029,PHX,3922230,10.0,-4.9,-4.1
401361029,PHX,4278129,34.0,17.2,14.6
401361029,UTA,3195,34.0,9.0,8.3
401361029,UTA,3593,32.0,13.8,10.9
401361029,UTA,4262,15.0,12.1,11.9
401361029,UTA,2528426,22.0,2.1,1.5
401361029,UTA,2583632,28.0,1.5,2.7
401361029,UTA,2991155,25.0,9.1,5.8
401361029,UTA,3032976,33.0,13.2,11.4
401361029,UTA,3908809,35.0,11.7,9.3
401361029,UTA,4017839,13.0,5.8,4.8
401361029,UTA,4395695,3.0,1.3,0.7
401361030,LAL,2384,23.0,14.7,11.7
401361030,LAL,3415,23.0,8.0,6.4
401361030,LAL,3981,22.0,5.5,5.0
401361030,LAL,3134881,32.0,15.4,12.9
401361030,LAL,4066262,34.0,6.9,5.1
401361030,LAL,4066264,25.0,14.7,13.5
401361030,LAL,4066457,28.0,12.5,10.7
401361030,LAL,4395704,18.0,11.8,12.1
401361030,LAL,4396991,34.0,12.9,9.6
401361030,OKC,3913546,44.0,3.7,4.4
401361030,OKC,4066377,47.0,7.5,7.4
401361030,OKC,4066392,14.0,9.7,10.8
401361030,OKC,4395688,47.0,24.9,21.1
401361030,OKC,4578893,43.0,4.1,2.0
401361030,OKC,4683022,45.0,18.1,15.1
401361031,LAC,3416,26.0,7.3,3.8
401361031,LAC,4251,34.0,24.0,21.1
401361031,LAC,6443,22.0,-0.5,-1.4
401361031,LAC,6462,24.0,3.9,4.2
401361031,LAC,2490620,20.0,7.7,6.7
401361031,LAC,2581177,4.0,2.7,2.7
401361031,LAC,2595516,22.0,14.9,14.7
401361031,LAC,3907823,16.0,1.0,2.3
401361031,LAC,3913174,20.0,7.3,4.4
401361031,LAC,4017837,25.0,14.7,13.9
401361031,LAC,4066387,4.0,0.7,0.7
401361031,LAC,4222252,23.0,11.7,10.6
401361031,SAC,6578,26.0,1.3,-0.2
401361031,SAC,6603,27.0,4.8,3.7
401361031,SAC,2284101,18.0,7.6,5.4
401361031,SAC,3064559,29.0,9.3,5.6
401361031,SAC,3136196,20.0,12.8,10.7
401361031,SAC,3914283,21.0,9.0,5.7
401361031,SAC,3934673,20.0,5.2,3.0
401361031,SAC,4066297,23.0,3.0,1.3
401361031,SAC,4278053,38.0,15.8,16.3
401361031,SAC,4397424,19.0,6.8,6.6
401361032,MEM,2991235,22.0,7.5,6.3
401361032,MEM,2993874,21.0,6.3,5.5
401361032,MEM,3134932,8.0,1.3,1.4
401361032,MEM,3135046,16.0,6.5,4.9
401361032,MEM,3155526,24.0,19.0,18.9
401361032,MEM,3906665,18.0,22.0,20.5
401361032,MEM,4066320,20.0,12.9,14.2
401361032,MEM,4066436,25.0,8.9,6.8
401361032,MEM,4277961,22.0,12.7,8.0
401361032,MEM,4277964,8.0,2.2,1.2
401361032,MEM,4278116,8.0,-1.8,-2.4
401361032,MEM,4279888,27.0,17.4,16.9
401361032,MEM,4433137,22.0,14.9,14.4
401361032,NOP,4023,8.0,2.3,2.0
401361032,NOP,6477,6.0,3.4,5.1
401361032,NOP,2490149,29.0,6.8,6.7
401361032,NOP,2528353,12.0,3.3,3.7
401361032,NOP,2580365,19.0,0.4,-1.4
401361032,NOP,2999409,34.0,14.1,13.8
401361032,NOP,3132042,10.0,-2.1,-2.7
401361032,NOP,3133601,18.0,6.4,5.4
401361032,NOP,4066248,7.0,13.2,10.2
401361032,NOP,4277813,17.0,3.8,2.7
401361032,NOP,4277869,23.0,10.8,9.9
401361032,NOP,4278594,16.0,3.9,3.0
401361032,NOP,4397077,25.0,8.3,6.5
401361032,NOP,4397688,16.0,4.2,4.6
401361033,IND,4244,20.0,10.3,8.2
401361033,IND,2530530,25.0,11.8,11.2
401361033,IND,2990984,28.0,5.5,6.0
401361033,IND,2991011,15.0,5.1,5.3
401361033,IND,4278031,29.0,17.2,15.9
401361033,IND,4279815,30.0,6.5,5.7
401361033,IND,4396993,37.0,16.3,14.7
401361033,IND,4397235,26.0,11.3,10.4
401361033,IND,4432170,30.0,12.7,8.7
401361033,PHI,3988,29.0,14.9,11.8
401361033,PHI,3992,39.0,19.8,18.4
401361033,PHI,6440,32.0,11.8,11.8
401361033,PHI,3059318,37.0,40.0,34.4
401361033,PHI,3907498,24.0,4.8,2.8
401361033,PHI,3915195,22.0,4.3,4.5
401361033,PHI,3929325,6.0,-0.7,-0.7
401361033,PHI,4278562,11.0,11.4,8.8
401361033,PHI,4395702,9.0,3.6,3.7
401361033,PHI,4431678,31.0,14.3,13.8
401361034,GSW,2386,17.0,2.1,0.6
401361034,GSW,4269,16.0,11.0,10.1
401361034,GSW,6589,32.0,13.0,9.0
401361034,GSW,2594922,25.0,5.2,4.7
401361034,GSW,2595209,23.0,1.1,0.6
401361034,GSW,3059319,35.0,4.3,4.9
401361034,GSW,3134903,23.0,5.7,4.4
401361034,GSW,3155535,12.0,7.7,5.1
401361034,GSW,4277956,34.0,10.9,10.9
401361034,GSW,4433247,22.0,17.2,16.6
401361034,SAS,2581190,22.0,5.1,5.0
401361034,SAS,3136779,22.0,4.9,3.7
401361034,SAS,3146557,28.0,3.7,2.5
401361034,SAS,3946974,21.0,2.8,2.4
401361034,SAS,4066650,22.0,7.1,3.3
401361034,SAS,4277890,27.0,19.8,18.1
401361034,SAS,4395626,33.0,9.3,8.3
401361034,SAS,4397008,11.0,0.2,-0.1
401361034,SAS,4397033,22.0,3.9,3.3
401361034,SAS,4702176,32.0,3.9,5.6
401361035,BKN,3202,41.0,19.3,15.3
401361035,BKN,4004,30.0,3.6,3.4
401361035,BKN,6442,40.0,29.8,27.8
401361035,BKN,6585,20.0,22.0,19.1
401361035,BKN,4065670,38.0,19.1,13.8
401361035,BKN,4278067,23.0,15.0,15.4
401361035,BKN,4397693,39.0,6.8,5.4
401361035,BKN,4432174,9.0,3.3,3.3
401361035,IND,4244,17.0,7.0,7.3
401361035,IND,2530530,31.0,11.3,8.6
401361035,IND,2990984,36.0,13.0,10.3
401361035,IND,2991011,6.0,1.5,-0.4
401361035,IND,4278031,36.0,22.3,21.8
401361035,IND,4279815,24.0,12.1,11.6
401361035,IND,4396993,39.0,20.0,17.4
401361035,IND,4397235,19.0,14.1,13.1
401361035,IND,4432170,32.0,4.6,3.0
401361036,CHA,6472,13.0,11.6,11.1
401361036,CHA,2488653,21.0,7.0,4.7
401361036,CHA,2991055,22.0,8.9,7.6
401361036,CHA,3074752,32.0,19.7,19.6
401361036,CHA,3133603,16.0,4.3,3.2
401361036,CHA,3138161,24.0,9.4,6.5
401361036,CHA,4066383,28.0,8.1,6.0
401361036,CHA,4066731,21.0,14.5,12.6
401361036,CHA,4230551,3.0,-1.1,-0.7
401361036,CHA,4278078,25.0,6.9,7.5
401361036,CHA,4431699,3.0,1.4,0.0
401361036,CHA,4431712,3.0,0.9,1.0
401361036,CHA,4432816,29.0,18.7,15.7
401361036,CHA,4702233,3.0,-1.1,-1.0
401361036,WAS,4305,17.0,4.3,1.7
401361036,WAS,6621,20.0,11.8,10.4
401361036,WAS,2581184,19.0,7.2,6.4
401361036,WAS,2968361,22.0,9.7,7.4
401361036,WAS,4066382,4.0,-1.8,-1.4
401361036,WAS,4066648,32.0,15.3,14.1
401361036,WAS,4278049,28.0,9.7,8.1
401361036,WAS,4278707,4.0,-0.4,-0.7
401361036,WAS,4280151,26.0,16.4,15.5
401361036,WAS,4431669,19.0,9.7,8.2
401361036,WAS,4683021,31.0,9.5,8.1
401361036,WAS,4715198,17.0,-1.5,-3.4
401361037,CLE,3026,25.0,12.0,11.4
401361037,CLE,3449,15.0,29.8,26.8
401361037,CLE,2991043,29.0,5.9,5.1
401361037,CLE,3057198,8.0,-3.5,-2.7
401361037,CLE,3893016,27.0,11.0,10.4
401361037,CLE,3906786,19.0,1.4,2.4
401361037,CLE,4066336,21.0,20.2,18.5
401361037,CLE,4066405,20.0,3.0,2.4
401361037,CLE,4277916,3.0,-1.4,-1.7
401361037,CLE,4396907,23.0,13.9,13.3
401361037,CLE,4397126,9.0,5.9,6.8
401361037,CLE,4432158,23.0,18.0,13.1
401361037,CLE,4432822,18.0,3.2,4.1
401361037,MIL,3102533,41.0,17.4,16.4
401361037,MIL,3133635,33.0,4.0,-0.1
401361037,MIL,3908819,39.0,16.7,14.9
401361037,MIL,4277883,44.0,15.2,12.2
401361037,MIL,4277887,40.0,13.0,13.0
401361037,MIL,4278580,43.0,25.5,22.3
401361038,DAL,4376,8.0,1.3,1.4
401361038,DAL,6426,13.0,7.3,6.4
401361038,DAL,2528779,27.0,0.7,1.3
401361038,DAL,2531367,25.0,9.8,8.7
401361038,DAL,2578185,27.0,16.1,14.2
401361038,DAL,2579260,9.0,4.4,4.1
401361038,DAL,2580782,18.0,8.3,6.8
401361038,DAL,3138154,13.0,13.8,13.9
401361038,DAL,3907487,21.0,2.8,4.0
401361038,DAL,3934672,25.0,15.6,13.8
401361038,DAL,3945274,29.0,24.0,19.6
401361038,DAL,4277871,8.0,4.0,2.7
401361038,DAL,4432811,17.0,4.2,4.8
401361038,SAS,2581190,28.0,12.2,10.7
401361038,SAS,3134908,29.0,10.8,8.5
401361038,SAS,3136779,14.0,7.7,7.1
401361038,SAS,3146557,5.0,1.7,1.7
401361038,SAS,3907497,32.0,13.9,11.4
401361038,SAS,3946974,4.0,0.3,0.0
401361038,SAS,4066650,15.0,12.0,8.9
401361038,SAS,4395626,21.0,13.4,11.9
401361038,SAS,4395630,32.0,11.2,9.7
401361038,SAS,4395723,34.0,21.0,16.0
401361038,SAS,4397033,9.0,-0.1,0.0
401361038,SAS,4702176,19.0,4.6,4.1
401361039,DEN,3209,24.0,13.7,13.6
401361039,DEN,4258,24.0,18.9,17.0
401361039,DEN,6617,23.0,5.4,4.0
401361039,DEN,2327577,23.0,14.8,10.2
401361039,DEN,2968334,9.0,4.0,2.4
401361039,DEN,2994526,36.0,16.8,16.3
401361039,DEN,3059262,29.0,9.1,8.0
401361039,DEN,4065805,24.0,17.3,18.0
401361039,DEN,4230557,24.0,3.2,3.4
401361039,DEN,4431690,26.0,-0.7,0.2
401361039,DEN,4592492,24.0,13.2,11.1
401361039,LAL,3415,15.0,-1.9,-1.4
401361039,LAL,3981,30.0,13.9,13.4
401361039,LAL,3134881,46.0,11.6,10.8
401361039,LAL,4066262,35.0,27.6,27.5
401361039,LAL,4066264,38.0,13.0,11.7
401361039,LAL,4066457,42.0,35.8,30.1
401361039,LAL,4395704,24.0,9.9,9.0
401361039,LAL,4396991,13.0,7.3,7.0
401361039,LAL,4397071,22.0,2.6,2.0
401361040,ATL,3428,32.0,20.7,19.9
401361040,ATL,3037789,28.0,13.3,9.9
401361040,ATL,3064447,22.0,5.4,4.1
401361040,ATL,3102529,23.0,22.1,18.7
401361040,ATL,3893019,7.0,-0.7,-1.0
401361040,ATL,4065732,33.0,13.5,13.3
401361040,ATL,4066269,2.0,0.0,0.0
401361040,ATL,4066372,30.0,9.8,9.5
401361040,ATL,4277905,34.0,21.0,21.4
401361040,ATL,4278075,2.0,-0.2,-0.1
401361040,ATL,4431680,23.0,7.9,6.8
401361040,ATL,4432173,2.0,0.0,0.0
401361040,ATL,4701230,2.0,0.0,0.0
401361040,HOU,3062744,13.0,4.4,2.4
401361040,HOU,3136777,30.0,4.3,4.8
401361040,HOU,3913180,32.0,13.4,10.7
401361040,HOU,4397140,41.0,18.2,16.8
401361040,HOU,4431828,18.0,7.5,8.0
401361040,HOU,4432168,19.0,2.6,2.9
401361040,HOU,4437244,40.0,30.6,29.7
401361040,HOU,4871143,13.0,0.6,-0.7
401361040,HOU,4871144,35.0,8.1,7.5
401361041,LAC,2490620,13.0,6.7,5.0
401361041,LAC,2581177,20.0,6.2,6.1
401361041,LAC,3907823,24.0,10.7,7.8
401361041,LAC,3913174,28.0,13.6,13.4
401361041,LAC,3914075,26.0,17.6,15.4
401361041,LAC,4017837,23.0,13.3,10.6
401361041,LAC,4066387,43.0,31.3,27.7
401361041,LAC,4222252,25.0,17.2,15.0
401361041,LAC,4432162,38.0,16.2,13.1
401361041,OKC,3913546,43.0,-0.9,-0.2
401361041,OKC,4066377,45.0,15.8,12.9
401361041,OKC,4066392,18.0,10.5,7.9
401361041,OKC,4395688,45.0,11.3,7.7
401361041,OKC,4578893,40.0,7.8,8.7
401361041,OKC,4683022,48.0,9.8,7.9
401361042,BOS,3213,24.0,11.7,9.2
401361042,BOS,2451037,26.0,13.8,13.0
401361042,BOS,2990992,26.0,4.0,2.8
401361042,BOS,3064560,13.0,10.4,10.6
401361042,BOS,3078576,20.0,9.4,8.5
401361042,BOS,3908336,5.0,0.9,-0.1
401361042,BOS,3917376,23.0,9.1,9.8
401361042,BOS,4065648,26.0,25.6,22.7
401361042,BOS,4065804,9.0,4.3,3.7
401361042,BOS,4066218,20.0,5.4,5.3
401361042,BOS,4066354,15.0,13.4,12.2
401361042,BOS,4066467,9.0,8.1,7.5
401361042,BOS,4396909,16.0,0.5,1.6
401361042,BOS,4407254,8.0,4.3,3.1
401361042,MEM,2993874,25.0,18.6,13.1
401361042,MEM,3134932,39.0,24.9,20.8
401361042,MEM,4066436,24.0,9.8,9.3
401361042,MEM,4277928,32.0,2.7,2.3
401361042,MEM,4277964,35.0,2.4,1.3
401361042,MEM,4278116,26.0,4.1,2.6
401361042,MEM,4433137,28.0,10.7,9.2
401361042,MEM,4593125,31.0,15.8,13.8
401361043,CHI,6474,15.0,8.1,8.0
401361043,CHI,2596112,40.0,8.7,6.1
401361043,CHI,3056245,13.0,3.2,2.1
401361043,CHI,3936099,29.0,11.6,10.2
401361043,CHI,4065673,15.0,8.6,8.9
401361043,CHI,4066367,4.0,1.5,2.0
401361043,CHI,4278508,40.0,17.2,12.9
401361043,CHI,4397002,45.0,16.9,14.8
401361043,CHI,4431687,41.0,22.4,21.3
401361043,MIN,3964,15.0,5.6,5.7
401361043,MIN,4260,18.0,9.0,5.8
401361043,MIN,2982268,17.0,10.6,8.7
401361043,MIN,3134916,19.0,3.4,2.5
401361043,MIN,3907822,16.0,3.5,3.6
401361043,MIN,4065663,21.0,14.3,13.2
401361043,MIN,4067325,16.0,13.7,13.5
401361043,MIN,4278077,14.0,-2.2,-2.7
401361043,MIN,4278507,7.0,1.4,1.4
401361043,MIN,4278541,21.0,10.1,9.4
401361043,MIN,4396971,21.0,9.5,8.8
401361043,MIN,4431671,18.0,5.2,4.0
401361043,MIN,4594268,18.0,3.9,3.3
401361043,MIN,4683025,18.0,10.0,9.8
401361044,GSW,4269,23.0,8.7,6.7
401361044,GSW,6475,31.0,25.2,25.1
401361044,GSW,6589,25.0,10.1,8.6
401361044,GSW,2595209,24.0,11.3,9.1
401361044,GSW,3134903,18.0,8.5,8.2
401361044,GSW,3155535,15.0,5.8,4.8
401361044,GSW,3907358,4.0,0.7,0.7
401361044,GSW,4277956,28.0,14.7,12.8
401361044,GSW,4401416,24.0,6.6,6.2
401361044,GSW,4432171,19.0,4.6,5.1
401361044,GSW,4433247,29.0,15.5,13.8
401361044,NOP,4023,24.0,-0.6,-0.8
401361044,NOP,2490149,6.0,-0.4,-0.7
401361044,NOP,2528353,25.0,6.8,5.7
401361044,NOP,2580365,20.0,3.4,3.0
401361044,NOP,2999409,20.0,5.6,4.0
401361044,NOP,3132042,28.0,18.2,17.3
401361044,NOP,4066248,20.0,12.1,12.3
401361044,NOP,4277869,22.0,7.4,5.6
401361044,NOP,4278594,32.0,14.8,15.0
401361044,NOP,4397077,16.0,2.6,1.6
401361044,NOP,4397688,27.0,12.2,8.7
401361045,NYK,3986,17.0,1.9,0.0
401361045,NYK,6429,40.0,9.9,9.7
401361045,NYK,6588,33.0,6.1,2.6
401361045,NYK,2991047,23.0,1.8,2.7
401361045,NYK,4277922,39.0,8.7,4.2
401361045,NYK,4278355,40.0,32.6,29.6
401361045,NYK,4395724,42.0,27.8,25.9
401361045,NYK,4396638,7.0,-1.0,-1.0
401361045,TOR,3244,20.0,8.3,5.5
401361045,TOR,2578240,19.0,7.4,5.5
401361045,TOR,3133602,8.0,1.8,1.6
401361045,TOR,3133838,11.0,5.2,3.0
401361045,TOR,3934719,25.0,6.5,3.4
401361045,TOR,3948153,32.0,17.8,16.7
401361045,TOR,4066450,18.0,-1.0,-0.4
401361045,TOR,4066668,28.0,6.8,4.3
401361045,TOR,4277843,31.0,5.8,6.7
401361045,TOR,4431679,26.0,5.4,3.3
401361045,TOR,4433134,22.0,6.6,6.2
401361046,MIA,2184,20.0,-1.2,-1.4
401361046,MIA,2527963,36.0,34.5,30.6
401361046,MIA,3074213,35.0,2.6,-0.5
401361046,MIA,3137259,12.0,5.2,5.4
401361046,MIA,3157465,20.0,9.8,7.4
401361046,MIA,3936298,42.0,8.2,7.3
401361046,MIA,4291678,40.0,9.9,9.0
401361046,MIA,4396972,34.0,15.3,12.8
401361046,ORL,3447,10.0,5.3,5.1
401361046,ORL,3150844,30.0,14.3,9.8
401361046,ORL,3906977,33.0,10.6,11.0
401361046,ORL,3918423,22.0,5.7,5.0
401361046,ORL,4066636,29.0,10.5,10.1
401361046,ORL,4277919,28.0,20.8,17.8
401361046,ORL,4278052,29.0,12.0,9.3
401361046,ORL,4397205,25.0,13.6,12.8
401361046,ORL,4590530,33.0,17.3,16.9
401361047,DET,2488826,25.0,1.2,0.2
401361047,DET,4065651,22.0,4.2,4.3
401361047,DET,4066240,22.0,13.2,10.6
401361047,DET,4066407,26.0,0.0,0.0
401361047,DET,4277951,31.0,16.1,15.7
401361047,DET,4277957,23.0,12.7,11.9
401361047,DET,4278124,32.0,6.8,7.4
401361047,DET,4278566,23.0,2.8,0.6
401361047,DET,4397136,13.0,3.2,2.6
401361047,DET,4432810,13.0,12.0,10.9
401361047,DET,4683024,10.0,5.1,4.6
401361047,PHI,3442,23.0,9.3,7.4
401361047,PHI,3988,20.0,1.4,-2.0
401361047,PHI,6440,24.0,4.1,3.8
401361047,PHI,3907498,36.0,7.8,6.1
401361047,PHI,3915195,33.0,28.9,26.0
401361047,PHI,3929325,32.0,6.6,5.3
401361047,PHI,4278562,21.0,26.7,22.8
401361047,PHI,4395702,28.0,3.3,0.9
401361047,PHI,4431678,23.0,18.0,18.2
401361048,PHX,3452,22.0,10.4,9.1
401361048,PHX,6427,26.0,15.1,12.8
401361048,PHX,2528693,26.0,6.7,6.1
401361048,PHX,2583639,12.0,1.7,0.4
401361048,PHX,3059307,32.0,10.9,9.0
401361048,PHX,3138196,23.0,9.9,7.4
401361048,PHX,3147657,6.0,-0.7,-1.0
401361048,PHX,3914044,33.0,22.1,19.9
401361048,PHX,3922230,33.0,2.7,3.2
401361048,PHX,4981257,27.0,8.3,6.7
401361048,SAC,6578,13.0,2.0,1.7
401361048,SAC,6603,15.0,1.6,0.7
401361048,SAC,2284101,31.0,15.9,15.2
401361048,SAC,3064559,30.0,18.6,16.5
401361048,SAC,3136196,18.0,3.6,0.9
401361048,SAC,3914283,30.0,11.5,4.7
401361048,SAC,3934673,27.0,13.2,12.6
401361048,SAC,4066297,18.0,5.7,5.6
401361048,SAC,4278053,40.0,20.8,18.9
401361048,SAC,4397424,18.0,6.4,4.4
401361049,POR,2578213,25.0,13.6,11.8
401361049,POR,3152335,22.0,2.6,0.9
401361049,POR,4066446,20.0,0.8,-1.8
401361049,POR,4396959,33.0,15.4,13.8
401361049,POR,4397040,32.0,4.5,2.2
401361049,POR,4397166,28.0,11.2,10.9
401361049,POR,4423885,18.0,1.7,2.7
401361049,POR,4432161,25.0,-3.3,-4.5
401361049,POR,4432192,35.0,4.7,1.3
401361049,UTA,3005,18.0,5.6,4.4
401361049,UTA,3195,26.0,12.2,9.4
401361049,UTA,4262,15.0,11.0,8.5
401361049,UTA,2528426,29.0,9.0,4.4
401361049,UTA,2583632,27.0,0.2,0.3
401361049,UTA,2991155,27.0,2.6,0.2
401361049,UTA,3032976,30.0,18.2,14.6
401361049,UTA,3133817,6.0,4.6,4.3
401361049,UTA,4017839,32.0,18.8,17.1
401361049,UTA,4066303,4.0,1.7,1.4
401361049,UTA,4278039,6.0,1.9,2.7
401361049,UTA,4395695,22.0,7.5,6.7
401401133,BKN,3202,42.0,26.1,21.5
401401133,BKN,3989,11.0,-1.5,-1.7
401401133,BKN,3999,7.0,2.6,2.3
401401133,BKN,4004,31.0,3.7,3.4
401401133,BKN,6442,40.0,13.4,10.4
401401133,BKN,3062667,18.0,3.6,1.7
401401133,BKN,4278067,13.0,-0.9,0.7
401401133,BKN,4397107,13.0,3.9,5.1
401401133,BKN,4397693,15.0,2.0,0.6
401401133,BKN,4432174,26.0,15.5,12.4
401401133,BKN,4432194,24.0,14.4,13.0
401401133,POR,2490620,34.0,21.1,16.8
401401133,POR,2528353,6.0,-0.4,0.0
401401133,POR,2578213,31.0,15.8,12.3
401401133,POR,2579258,15.0,6.3,5.5
401401133,POR,3102530,33.0,8.8,7.2
401401133,POR,4065697,13.0,5.8,4.8
401401133,POR,4351851,38.0,15.5,14.5
401401133,POR,4395652,39.0,13.5,9.6
401401133,POR,4397166,17.0,6.5,5.8
401401133,POR,4431675,14.0,3.2,1.3
401401134,BKN,2983,33.0,9.7,7.8
401401134,BKN,3989,15.0,7.4,6.5
401401134,BKN,3999,38.0,12.7,8.8
401401134,BKN,4004,32.0,19.3,17.8
401401134,BKN,3062667,26.0,10.1,10.2
401401134,BKN,3133635,21.0,10.4,10.7
401401134,BKN,4065670,12.0,-0.9,-0.3
401401134,BKN,4397693,37.0,6.4,5.4
401401134,BKN,4432174,26.0,14.2,14.7
401401134,DEN,3209,24.0,6.0,5.0
401401134,DEN,4258,13.0,7.4,6.3
401401134,DEN,6579,34.0,15.7,12.1
401401134,DEN,6617,26.0,21.7,20.2
401401134,DEN,2968334,20.0,6.0,5.5
401401134,DEN,2994526,15.0,0.5,1.3
401401134,DEN,3059310,28.0,9.9,8.1
401401134,DEN,3064290,30.0,4.8,3.3
401401134,DEN,3112335,35.0,26.5,25.1
401401134,DEN,4431690,15.0,6.3,6.1
401401136,BKN,2983,28.0,13.5,12.8
401401136,BKN,3989,8.0,1.9,0.3
401401136,BKN,4004,30.0,20.0,15.8
401401136,BKN,6585,19.0,1.8,0.6
401401136,BKN,2326307,31.0,7.3,6.4
401401136,BKN,3133635,19.0,6.5,6.3
401401136,BKN,4065670,35.0,8.1,9.4
401401136,BKN,4397107,21.0,0.8,0.3
401401136,BKN,4397693,18.0,-0.5,-0.7
401401136,BKN,4432174,28.0,11.3,9.9
401401136,BKN,4432194,1.0,0.0,0.0
401401136,WAS,4305,27.0,15.1,15.0
401401136,WAS,2581018,25.0,6.6,4.4
401401136,WAS,2581184,19.0,9.8,9.1
401401136,WAS,2968361,21.0,13.4,11.5
401401136,WAS,3134907,30.0,-1.7,-3.6
401401136,WAS,3934723,14.0,14.5,11.9
401401136,WAS,4066648,27.0,13.7,13.1
401401136,WAS,4278049,13.0,3.8,3.7
401401136,WAS,4280151,33.0,12.3,10.8
401401136,WAS,4683021,31.0,12.9,9.0
401401137,NOP,4023,25.0,1.7,0.7
401401137,NOP,6621,19.0,0.6,0.7
401401137,NOP,2999409,30.0,25.7,24.7
401401137,NOP,3132042,13.0,2.8,3.8
401401137,NOP,4277813,39.0,11.6,8.8
401401137,NOP,4277869,33.0,10.3,7.6
401401137,NOP,4278039,37.0,22.0,21.3
401401137,NOP,4278594,22.0,2.2,1.3
401401137,NOP,4397077,22.0,11.0,10.7
401401137,PHI,6440,39.0,29.0,24.0
401401137,PHI,6585,15.0,4.8,3.4
401401137,PHI,2990969,21.0,4.2,5.5
401401137,PHI,3059318,33.0,36.4,33.2
401401137,PHI,3907498,33.0,6.3,4.1
401401137,PHI,3929325,37.0,10.2,9.3
401401137,PHI,4066508,4.0,-0.4,0.0
401401137,PHI,4395702,22.0,3.9,4.4
401401137,PHI,4431678,35.0,6.4,7.1
401401138,CHI,3978,27.0,19.6,17.0
401401138,CHI,6478,27.0,19.0,16.3
401401138,CHI,2530923,12.0,8.7,7.8
401401138,CHI,3059311,7.0,7.6,7.0
401401138,CHI,3064440,29.0,11.4,8.1
401401138,CHI,3936099,13.0,3.7,4.7
401401138,CHI,4065673,10.0,5.9,5.1
401401138,CHI,4066421,27.0,20.9,16.9
401401138,CHI,4278508,25.0,14.7,7.2
401401138,CHI,4395651,23.0,7.2,8.1
401401138,CHI,4397002,27.0,4.5,4.3
401401138,CHI,4397016,6.0,0.0,-0.3
401401138,CHI,4683622,6.0,0.4,0.7
401401138,DET,3136196,15.0,3.4,2.9
401401138,DET,4066297,29.0,7.7,7.7
401401138,DET,4080610,18.0,5.9,3.0
401401138,DET,4277951,10.0,4.6,3.2
401401138,DET,4278124,22.0,4.1,3.9
401401138,DET,4397136,37.0,8.1,6.9
401401138,DET,4431686,18.0,0.5,0.2
401401138,DET,4432166,29.0,-0.5,-1.7
401401138,DET,4432810,28.0,12.1,9.5
401401138,DET,4683024,33.0,6.5,3.1
401401140,CHI,3978,37.0,22.3,22.7
401401140,CHI,6478,35.0,17.0,14.8
401401140,CHI,2596112,24.0,9.8,10.5
401401140,CHI,3059311,8.0,2.3,2.0
401401140,CHI,3064440,38.0,19.8,18.0
401401140,CHI,4066367,13.0,2.6,3.0
401401140,CHI,4278508,22.0,8.1,7.5
401401140,CHI,4395651,24.0,3.5,3.3
401401140,CHI,4397002,38.0,4.4,3.6
401401140,TOR,3133838,5.0,-0.1,0.0
401401140,TOR,3149673,43.0,9.8,6.2
401401140,TOR,3934719,34.0,22.4,20.3
401401140,TOR,3948153,29.0,3.9,3.2
401401140,TOR,4066668,8.0,3.3,3.4
401401140,TOR,4277843,37.0,21.7,20.7
401401140,TOR,4397885,24.0,6.8,4.7
401401140,TOR,4431679,23.0,2.4,0.6
401401140,TOR,4433134,38.0,13.2,11.8
401401141,CHI,3978,45.0,23.2,19.8
401401141,CHI,6478,39.0,27.8,23.1
401401141,CHI,2596112,33.0,14.8,10.0
401401141,CHI,3059311,11.0,1.6,0.0
401401141,CHI,3064440,42.0,15.1,12.9
401401141,CHI,4065673,11.0,0.7,-0.6
401401141,CHI,4066367,3.0,1.7,1.7
401401141,CHI,4278508,16.0,3.2,3.0
401401141,CHI,4395651,23.0,6.4,7.3
401401141,CHI,4397002,42.0,7.5,7.2
401401141,TOR,2578240,5.0,0.6,0.7
401401141,TOR,2991230,42.0,15.2,12.4
401401141,TOR,3149673,45.0,21.7,18.2
401401141,TOR,3934719,42.0,16.1,14.9
401401141,TOR,3948153,25.0,17.4,13.6
401401141,TOR,4277843,40.0,11.3,10.0
401401141,TOR,4397885,11.0,3.2,1.7
401401141,TOR,4431679,18.0,5.8,3.7
401401141,TOR,4433134,37.0,16.9,15.5
401401142,ORL,3447,20.0,4.1,3.0
401401142,ORL,2999547,27.0,8.6,8.0
401401142,ORL,3918423,9.0,5.5,4.0
401401142,ORL,4277919,25.0,10.4,10.8
401401142,ORL,4278052,30.0,10.5,7.8
401401142,ORL,4397205,5.0,6.4,5.8
401401142,ORL,4432165,30.0,10.6,8.3
401401142,ORL,4432809,37.0,11.5,8.3
401401142,ORL,4566434,33.0,6.7,6.1
401401142,ORL,4590530,25.0,6.9,5.6
401401142,TOR,3244,15.0,2.9,1.4
401401142,TOR,2578240,9.0,0.4,-0.1
401401142,TOR,3133602,16.0,0.2,0.3
401401142,TOR,3133838,12.0,2.2,0.0
401401142,TOR,3149673,40.0,25.0,22.9
401401142,TOR,3948153,20.0,7.0,4.7
401401142,TOR,4066668,39.0,19.6,17.8
401401142,TOR,4277843,27.0,-1.3,-1.5
401401142,TOR,4348697,1.0,0.7,0.7
401401142,TOR,4397885,1.0,2.7,2.7
401401142,TOR,4431679,23.0,5.9,4.9
401401142,TOR,4432907,1.0,0.0,0.0
401401142,TOR,4433134,38.0,3.8,2.3
401401143,MIA,3012,25.0,-0.8,-1.9
401401143,MIA,3033,24.0,9.5,6.4
401401143,MIA,6430,25.0,14.2,14.2
401401143,MIA,2580913,15.0,7.1,7.1
401401143,MIA,3137259,25.0,7.8,4.4
401401143,MIA,3157465,34.0,13.8,13.1
401401143,MIA,3923253,6.0,-1.2,0.0
401401143,MIA,4065730,7.0,1.9,2.0
401401143,MIA,4065778,16.0,4.7,5.1
401401143,MIA,4066261,31.0,18.5,13.4
401401143,MIA,4395725,32.0,20.0,16.9
401401143,SAS,3244,24.0,9.7,7.6
401401143,SAS,3078576,22.0,12.9,12.5
401401143,SAS,3914285,17.0,6.4,5.6
401401143,SAS,3946974,9.0,9.4,6.2
401401143,SAS,4017839,22.0,7.9,5.7
401401143,SAS,4277890,27.0,3.4,0.9
401401143,SAS,4395626,36.0,13.4,12.3
401401143,SAS,4395630,23.0,4.7,2.6
401401143,SAS,4395723,24.0,0.6,0.5
401401143,SAS,4397033,11.0,2.0,2.0
401401143,SAS,4702176,27.0,-3.5,-3.2
401401144,DEN,3209,32.0,13.2,12.1
401401144,DEN,4258,13.0,12.8,11.0
401401144,DEN,6617,35.0,13.2,10.8
401401144,DEN,2327577,16.0,2.1,2.4
401401144,DEN,2968334,6.0,-2.4,-2.2
401401144,DEN,2994526,14.0,-0.2,-0.4
401401144,DEN,3059262,20.0,15.3,14.5
401401144,DEN,3059310,32.0,20.1,17.6
401401144,DEN,3064290,28.0,7.2,8.1
401401144,DEN,3112335,35.0,33.8,30.7
401401144,DEN,4592492,10.0,5.6,4.4
401401144,GSW,4269,18.0,-0.6,-1.3
401401144,GSW,2595209,26.0,5.8,4.6
401401144,GSW,3137795,29.0,5.0,4.9
401401144,GSW,3155535,29.0,15.1,14.2
401401144,GSW,3907358,16.0,8.4,9.8
401401144,GSW,4277956,34.0,23.3,23.0
401401144,GSW,4401416,22.0,7.0,7.4
401401144,GSW,4432171,36.0,17.5,15.9
401401144,GSW,4433247,29.0,11.7,12.1
401401145,ATL,3428,23.0,1.8,1.0
401401145,ATL,2534781,7.0,0.7,1.3
401401145,ATL,3037789,22.0,4.0,3.2
401401145,ATL,3064447,21.0,11.5,9.6
401401145,ATL,3102529,23.0,17.8,12.1
401401145,ATL,3893019,27.0,11.5,10.8
401401145,ATL,4065732,21.0,-1.3,-0.8
401401145,ATL,4066269,5.0,-1.1,-0.7
401401145,ATL,4066372,30.0,19.6,17.8
401401145,ATL,4277905,28.0,25.2,25.0
401401145,ATL,4278075,7.0,5.3,5.4
401401145,ATL,4431680,25.0,19.8,18.3
401401145,CLE,3449,21.0,2.1,2.6
401401145,CLE,4259,5.0,1.6,0.7
401401145,CLE,2991043,24.0,7.2,3.7
401401145,CLE,3057198,18.0,7.5,6.3
401401145,CLE,3893016,27.0,18.3,17.9
401401145,CLE,3906786,16.0,1.9,2.0
401401145,CLE,4066336,20.0,3.0,3.0
401401145,CLE,4066405,27.0,5.7,4.0
401401145,CLE,4396907,30.0,10.3,8.6
401401145,CLE,4397126,26.0,15.7,13.5
401401145,CLE,4432822,25.0,4.8,4.7
401428070,BKN,3202,42.0,29.3,24.1
401428070,BKN,3423,10.0,2.1,1.3
401428070,BKN,4004,17.0,4.4,3.0
401428070,BKN,6442,42.0,32.6,32.7
401428070,BKN,6585,19.0,10.7,9.7
401428070,BKN,2326307,34.0,-3.4,-3.8
401428070,BKN,4065670,40.0,15.8,12.6
401428070,BKN,4278067,29.0,16.3,11.0
401428070,BKN,4397693,8.0,-3.5,-3.5
401428070,CLE,3026,26.0,5.2,5.9
401428070,CLE,3449,29.0,14.1,10.4
401428070,CLE,2991043,40.0,12.4,8.8
401428070,CLE,3893016,21.0,0.7,-0.1
401428070,CLE,4066336,29.0,9.8,7.3
401428070,CLE,4066405,7.0,5.3,5.7
401428070,CLE,4396907,39.0,20.6,19.5
401428070,CLE,4432158,35.0,13.4,12.2
401428070,CLE,4432822,13.0,-1.5,-0.7
401428071,LAC,3416,28.0,5.3,3.6
401428071,LAC,4251,41.0,24.0,20.5
401428071,LAC,6443,42.0,5.8,6.0
401428071,LAC,6462,30.0,4.4,6.0
401428071,LAC,2490620,18.0,6.5,6.0
401428071,LAC,2595516,27.0,10.3,10.0
401428071,LAC,3907823,15.0,6.2,4.5
401428071,LAC,4017837,32.0,6.6,5.8
401428071,LAC,4222252,7.0,-0.8,-1.0
401428071,MIN,3964,33.0,6.9,4.3
401428071,MIN,3136195,24.0,4.5,4.3
401428071,MIN,3136776,37.0,26.1,23.5
401428071,MIN,3907822,28.0,8.3,6.2
401428071,MIN,4278077,27.0,5.3,3.0
401428071,MIN,4278541,9.0,2.6,2.0
401428071,MIN,4396971,21.0,5.8,5.2
401428071,MIN,4431671,23.0,4.2,3.6
401428071,MIN,4594268,37.0,19.2,18.3
401428072,ATL,3428,30.0,12.5,13.1
401428072,ATL,2534781,2.0,3.4,2.7
401428072,ATL,3037789,25.0,9.8,9.7
401428072,ATL,3064447,19.0,11.4,10.2
401428072,ATL,3102529,29.0,21.0,13.8
401428072,ATL,3893019,16.0,5.8,4.7
401428072,ATL,4065732,30.0,17.9,16.5
401428072,ATL,4066269,3.0,2.0,2.4
401428072,ATL,4066372,30.0,11.8,11.9
401428072,ATL,4277905,34.0,16.5,14.7
401428072,ATL,4278075,2.0,1.0,1.4
401428072,ATL,4431680,17.0,-0.5,0.3
401428072,ATL,4701230,3.0,2.3,1.7
401428072,CHA,6472,6.0,2.3,2.7
401428072,CHA,2488653,11.0,4.3,4.1
401428072,CHA,2991055,16.0,8.9,8.0
401428072,CHA,3074752,36.0,7.1,7.3
401428072,CHA,3133603,16.0,-0.6,-1.1
401428072,CHA,3138161,22.0,1.8,-0.5
401428072,CHA,4066383,30.0,7.8,7.8
401428072,CHA,4066731,26.0,3.3,2.9
401428072,CHA,4278078,38.0,16.8,14.2
401428072,CHA,4432816,38.0,14.4,14.5
401428073,NOP,6477,36.0,20.7,15.4
401428073,NOP,2490149,39.0,22.9,21.6
401428073,NOP,2580365,14.0,1.8,-0.3
401428073,NOP,3133601,7.0,-0.4,-0.7
401428073,NOP,3913176,30.0,19.5,19.9
401428073,NOP,4277813,37.0,13.3,10.6
401428073,NOP,4277869,22.0,8.9,8.0
401428073,NOP,4278594,12.0,6.7,6.8
401428073,NOP,4397077,20.0,0.6,0.0
401428073,NOP,4397688,22.0,1.2,0.3
401428073,SAS,2581190,32.0,9.5,8.7
401428073,SAS,3134908,31.0,15.1,11.8
401428073,SAS,3136779,6.0,0.7,0.7
401428073,SAS,3907497,34.0,8.4,6.9
401428073,SAS,4066650,17.0,3.5,3.3
401428073,SAS,4277890,17.0,8.0,7.7
401428073,SAS,4395626,17.0,5.3,4.0
401428073,SAS,4395630,37.0,15.4,16.4
401428073,SAS,4395723,40.0,4.7,5.8
401428073,SAS,4702176,10.0,-0.1,-0.7
401428074,ATL,3428,41.0,5.4,4.9
401428074,ATL,2534781,5.0,-2.1,-1.7
401428074,ATL,3037789,29.0,20.5,17.9
401428074,ATL,3064447,21.0,2.3,0.4
401428074,ATL,3102529,13.0,9.3,8.5
401428074,ATL,3893019,4.0,1.2,1.3
401428074,ATL,4065732,28.0,1.7,0.9
401428074,ATL,4066372,29.0,9.1,9.1
401428074,ATL,4277905,40.0,28.8,27.6
401428074,ATL,4431680,29.0,3.2,1.4
401428074,CLE,3026,15.0,-0.9,-1.7
401428074,CLE,3449,10.0,3.4,2.0
401428074,CLE,2991043,40.0,10.7,10.4
401428074,CLE,4066328,36.0,9.6,9.5
401428074,CLE,4066336,37.0,21.0,17.8
401428074,CLE,4396907,43.0,11.3,7.7
401428074,CLE,4432158,37.0,18.5,17.2
401428074,CLE,4432822,22.0,6.2,5.7
401428075,LAC,3416,33.0,1.6,-1.1
401428075,LAC,6443,46.0,22.0,18.0
401428075,LAC,6462,43.0,21.8,20.4
401428075,LAC,2490620,35.0,10.9,11.0
401428075,LAC,2595516,24.0,7.1,5.0
401428075,LAC,3907823,37.0,7.3,5.2
401428075,LAC,4017837,13.0,7.6,8.4
401428075,LAC,4066387,4.0,-3.2,-3.2
401428075,LAC,4222252,6.0,1.6,2.4
401428075,NOP,6477,25.0,4.6,4.6
401428075,NOP,2490149,42.0,5.2,5.1
401428075,NOP,2528353,4.0,-1.5,-0.7
401428075,NOP,2580365,24.0,20.5,18.1
401428075,NOP,3133601,4.0,0.3,0.3
401428075,NOP,3913176,43.0,23.3,22.3
401428075,NOP,4277813,33.0,4.5,4.0
401428075,NOP,4277869,17.0,3.2,4.1
401428075,NOP,4278594,10.0,0.7,0.1
401428075,NOP,4397077,15.0,3.7,3.0
401428075,NOP,4397688,24.0,14.0,12.8
401429872,DAL,6426,18.0,3.0,1.9
401429872,DAL,2528779,44.0,12.3,9.7
401429872,DAL,2531367,22.0,6.7,4.8
401429872,DAL,2578185,44.0,14.9,12.1
401429872,DAL,2580782,36.0,13.7,13.1
401429872,DAL,2960236,24.0,5.9,5.9
401429872,DAL,3934672,41.0,13.6,13.3
401429872,DAL,4432811,10.0,-2.0,-2.8
401429872,UTA,3195,35.0,7.5,5.8
401429872,UTA,3593,40.0,18.1,17.2
401429872,UTA,4262,13.0,4.7,3.7
401429872,UTA,2528426,20.0,2.8,3.7
401429872,UTA,2583632,31.0,2.7,3.4
401429872,UTA,2991155,20.0,2.5,3.7
401429872,UTA,3032976,35.0,9.7,4.3
401429872,UTA,3908809,42.0,19.6,17.9
401429872,UTA,4017839,5.0,0.6,0.0
401429873,MEM,2991235,24.0,0.8,1.8
401429873,MEM,2993874,21.0,8.5,6.4
401429873,MEM,3135046,16.0,8.1,7.5
401429873,MEM,3155526,35.0,11.8,13.5
401429873,MEM,3906665,27.0,16.5,12.9
401429873,MEM,4066320,33.0,10.2,8.6
401429873,MEM,4066436,14.0,0.8,0.3
401429873,MEM,4277961,24.0,6.9,2.8
401429873,MEM,4279888,35.0,25.4,23.3
401429873,MEM,4433137,10.0,1.2,2.0
401429873,MIN,3964,28.0,10.1,8.9
401429873,MIN,2990962,12.0,0.8,0.2
401429873,MIN,3134916,9.0,1.0,1.4
401429873,MIN,3136195,43.0,24.9,22.7
401429873,MIN,3136776,29.0,8.1,7.4
401429873,MIN,3907822,30.0,16.3,16.1
401429873,MIN,4278077,19.0,1.4,0.7
401429873,MIN,4396971,5.0,-3.6,-3.0
401429873,MIN,4431671,25.0,16.6,14.6
401429873,MIN,4594268,40.0,27.9,26.9
401429874,PHI,3988,22.0,-0.9,-0.4
401429874,PHI,3992,40.0,24.9,22.3
401429874,PHI,6440,37.0,25.7,23.3
401429874,PHI,2990969,16.0,6.6,6.4
401429874,PHI,3059318,37.0,17.3,15.3
401429874,PHI,3907498,19.0,3.1,2.7
401429874,PHI,3915195,14.0,11.1,9.8
401429874,PHI,3929325,3.0,0.7,0.7
401429874,PHI,4278562,11.0,2.6,1.6
401429874,PHI,4395702,2.0,-1.0,-1.0
401429874,PHI,4431678,38.0,31.9,31.0
401429874,TOR,3244,6.0,-1.8,-1.7
401429874,TOR,2578240,8.0,2.6,3.4
401429874,TOR,2991230,36.0,16.9,16.6
401429874,TOR,3133838,5.0,1.0,1.0
401429874,TOR,3149673,40.0,21.3,19.9
401429874,TOR,3934719,33.0,15.6,14.9
401429874,TOR,3948153,15.0,3.7,5.8
401429874,TOR,4066450,3.0,-1.5,-2.1
401429874,TOR,4066668,3.0,0.7,0.7
401429874,TOR,4277843,26.0,1.5,0.7
401429874,TOR,4348697,3.0,1.9,2.0
401429874,TOR,4397885,3.0,0.3,0.3
401429874,TOR,4431679,29.0,6.9,5.7
401429874,TOR,4433134,32.0,19.3,16.6
401429875,DEN,3209,23.0,8.2,6.7
401429875,DEN,4258,10.0,7.0,5.7
401429875,DEN,6579,36.0,18.0,15.9
401429875,DEN,6617,26.0,1.5,2.0
401429875,DEN,2327577,15.0,2.4,2.7
401429875,DEN,2994526,14.0,3.6,3.0
401429875,DEN,3059310,31.0,10.3,8.5
401429875,DEN,3064290,26.0,3.7,3.9
401429875,DEN,3112335,35.0,19.8,15.9
401429875,DEN,4230557,4.0,0.0,-0.3
401429875,DEN,4431690,4.0,2.3,2.7
401429875,DEN,4592492,17.0,4.7,5.7
401429875,GSW,2386,13.0,2.6,2.1
401429875,GSW,3975,22.0,13.0,12.1
401429875,GSW,4269,15.0,4.3,3.2
401429875,GSW,6475,29.0,9.8,9.7
401429875,GSW,6589,29.0,18.9,16.1
401429875,GSW,2594922,25.0,2.8,2.4
401429875,GSW,2595209,4.0,1.2,1.0
401429875,GSW,3059319,29.0,14.0,11.4
401429875,GSW,3134903,20.0,7.1,6.1
401429875,GSW,3155535,13.0,7.2,6.8
401429875,GSW,4277956,30.0,22.3,23.2
401429875,GSW,4401416,4.0,3.0,2.7
401429875,GSW,4432171,4.0,1.6,0.6
401429875,GSW,4433247,4.0,1.0,0.3
401429890,BKN,3202,41.0,7.2,5.5
401429890,BKN,3423,26.0,10.5,9.1
401429890,BKN,4004,12.0,0.9,1.7
401429890,BKN,6442,42.0,36.0,31.7
401429890,BKN,6585,17.0,7.1,5.1
401429890,BKN,2326307,30.0,8.5,9.5
401429890,BKN,4065670,37.0,3.4,3.1
401429890,BKN,4278067,31.0,13.8,9.3
401429890,BKN,4397693,4.0,1.3,0.7
401429890,BOS,3213,41.0,21.2,18.7
401429890,BOS,2451037,20.0,2.0,2.0
401429890,BOS,2990992,36.0,15.8,13.9
401429890,BOS,3078576,28.0,6.5,3.4
401429890,BOS,3917376,40.0,18.3,13.3
401429890,BOS,4065648,45.0,24.2,22.5
401429890,BOS,4066218,21.0,3.7,3.6
401429890,BOS,4066354,8.0,3.0,2.7
401429891,ATL,3428,29.0,10.3,9.6
401429891,ATL,2534781,6.0,3.4,3.4
401429891,ATL,3037789,26.0,-0.1,0.5
401429891,ATL,3064447,21.0,7.8,5.5
401429891,ATL,3893019,15.0,1.3,2.0
401429891,ATL,3908845,21.0,9.5,7.3
401429891,ATL,4065732,35.0,9.5,8.8
401429891,ATL,4066269,5.0,2.0,1.7
401429891,ATL,4066372,23.0,4.6,3.7
401429891,ATL,4277905,28.0,0.2,-2.9
401429891,ATL,4278075,5.0,6.3,4.7
401429891,ATL,4431680,21.0,4.0,3.7
401429891,ATL,4701230,5.0,-0.7,-0.7
401429891,MIA,3012,29.0,15.1,12.3
401429891,MIA,3033,24.0,14.2,13.5
401429891,MIA,6430,33.0,16.3,12.6
401429891,MIA,2580913,15.0,6.2,5.5
401429891,MIA,3074213,5.0,3.2,3.3
401429891,MIA,3137259,25.0,7.9,8.2
401429891,MIA,3138160,5.0,2.3,1.0
401429891,MIA,3157465,23.0,23.1,23.6
401429891,MIA,4065778,25.0,7.0,4.9
401429891,MIA,4066261,28.0,5.1,2.4
401429891,MIA,4291678,5.0,-0.7,-1.0
401429891,MIA,4395725,23.0,0.7,-2.0
401429892,CHI,3978,43.0,8.7,4.8
401429892,CHI,6474,7.0,2.4,2.4
401429892,CHI,6478,39.0,16.9,13.0
401429892,CHI,2596112,17.0,0.9,0.0
401429892,CHI,2991350,33.0,6.0,5.4
401429892,CHI,3064440,37.0,8.9,6.2
401429892,CHI,3936099,10.0,1.4,1.4
401429892,CHI,4395651,23.0,7.8,7.0
401429892,CHI,4397002,9.0,0.3,0.4
401429892,CHI,4431687,23.0,3.6,1.9
401429892,MIL,3448,32.0,10.7,10.0
401429892,MIL,3995,39.0,9.8,7.8
401429892,MIL,4032,27.0,4.1,3.4
401429892,MIL,6609,39.0,2.4,0.7
401429892,MIL,2578239,18.0,0.4,-0.8
401429892,MIL,3032977,34.0,18.2,14.9
401429892,MIL,3064482,23.0,11.9,8.3
401429892,MIL,3133635,10.0,3.0,2.7
401429892,MIL,3135045,18.0,-2.0,-2.4
401429893,NOP,6477,31.0,18.3,15.5
401429893,NOP,2490149,43.0,16.0,13.6
401429893,NOP,2580365,20.0,14.3,13.2
401429893,NOP,3133601,10.0,-2.2,-1.7
401429893,NOP,3913176,39.0,8.0,7.0
401429893,NOP,4277813,31.0,0.7,1.3
401429893,NOP,4277869,14.0,1.2,0.6
401429893,NOP,4278594,15.0,4.8,4.8
401429893,NOP,4397077,11.0,1.7,1.8
401429893,NOP,4397688,26.0,6.6,6.1
401429893,PHX,2779,35.0,33.6,28.6
401429893,PHX,3452,14.0,7.8,6.4
401429893,PHX,6581,28.0,-1.7,-1.5
401429893,PHX,2528693,11.0,0.2,-1.0
401429893,PHX,3064230,17.0,-2.9,-2.8
401429893,PHX,3136193,41.0,20.5,19.1
401429893,PHX,3138196,23.0,7.9,9.1
401429893,PHX,3147657,38.0,9.3,8.0
401429893,PHX,4278129,34.0,19.6,16.3
401430210,BKN,3202,42.0,13.6,13.4
401430210,BKN,3423,20.0,12.8,12.1
401430210,BKN,4004,18.0,2.9,3.0
401430210,BKN,6442,40.0,4.3,3.3
401430210,BKN,6585,24.0,6.0,2.3
401430210,BKN,2326307,31.0,10.5,10.8
401430210,BKN,4065670,38.0,24.4,21.7
401430210,BKN,4278067,23.0,6.3,2.9
401430210,BKN,4397693,3.0,-1.8,-1.0
401430210,BOS,3213,32.0,14.9,13.1
401430210,BOS,2451037,31.0,11.3,10.5
401430210,BOS,2990992,36.0,6.1,6.0
401430210,BOS,3078576,13.0,2.0,2.6
401430210,BOS,3917376,39.0,16.2,12.8
401430210,BOS,4065648,41.0,14.7,14.1
401430210,BOS,4066218,32.0,19.4,18.6
401430210,BOS,4066354,16.0,7.6,6.8
401430211,BKN,3202,46.0,13.9,12.0
401430211,BKN,3423,9.0,-1.7,-1.3
401430211,BKN,3989,8.0,6.0,5.7
401430211,BKN,4004,23.0,11.1,10.1
401430211,BKN,6442,43.0,13.8,11.5
401430211,BKN,6585,16.0,0.1,0.7
401430211,BKN,2326307,34.0,6.5,7.1
401430211,BKN,4065670,40.0,17.3,15.1
401430211,BKN,4278067,21.0,12.4,10.5
401430211,BOS,3213,28.0,4.6,3.8
401430211,BOS,2451037,17.0,10.4,9.9
401430211,BOS,2990992,38.0,10.2,9.5
401430211,BOS,3078576,14.0,2.4,0.0
401430211,BOS,3917376,38.0,19.1,16.6
401430211,BOS,4065648,45.0,28.4,23.1
401430211,BOS,4066211,16.0,4.1,3.1
401430211,BOS,4066218,32.0,5.5,5.1
401430211,BOS,4066354,12.0,9.0,8.8
401430212,BKN,3202,47.0,26.3,25.1
401430212,BKN,3423,24.0,10.8,10.3
401430212,BKN,3989,18.0,2.2,1.4
401430212,BKN,4004,19.0,1.4,1.6
401430212,BKN,6442,45.0,17.7,15.5
401430212,BKN,6585,4.0,-1.1,-1.0
401430212,BKN,2326307,38.0,19.9,18.5
401430212,BKN,4065670,24.0,0.1,0.7
401430212,BKN,4278067,23.0,14.5,10.0
401430212,BOS,3213,26.0,9.4,9.8
401430212,BOS,2451037,20.0,6.4,4.8
401430212,BOS,2990992,37.0,18.2,18.6
401430212,BOS,3078576,27.0,6.4,5.0
401430212,BOS,3917376,38.0,15.3,12.3
401430212,BOS,4065648,36.0,17.0,18.5
401430212,BOS,4066211,14.0,1.7,2.0
401430212,BOS,4066218,33.0,11.9,10.1
401430212,BOS,4066354,9.0,-0.1,0.0
401430216,ATL,3428,22.0,0.3,-1.8
401430216,ATL,3037789,28.0,21.9,23.0
401430216,ATL,3064447,29.0,9.8,7.5
401430216,ATL,3893019,3.0,-0.8,0.0
401430216,ATL,3908845,29.0,9.9,7.0
401430216,ATL,4065732,35.0,7.2,7.9
401430216,ATL,4066372,34.0,6.6,5.4
401430216,ATL,4277905,41.0,10.9,10.9
401430216,ATL,4431680,19.0,1.0,0.0
401430216,MIA,3012,37.0,4.8,2.2
401430216,MIA,3033,24.0,1.5,0.7
401430216,MIA,6430,39.0,40.1,36.6
401430216,MIA,2580913,13.0,5.0,4.8
401430216,MIA,3137259,26.0,9.2,7.7
401430216,MIA,3138160,17.0,2.2,-0.1
401430216,MIA,3157465,7.0,-0.2,0.0
401430216,MIA,4065778,22.0,12.3,10.8
401430216,MIA,4066261,24.0,4.4,4.4
401430216,MIA,4395725,31.0,10.1,9.7
401430217,ATL,3428,25.0,8.0,7.1
401430217,ATL,3037789,32.0,16.2,12.8
401430217,ATL,3064447,30.0,13.8,12.9
401430217,ATL,3908845,24.0,4.3,4.0
401430217,ATL,4065732,32.0,4.7,6.3
401430217,ATL,4066372,33.0,10.6,8.7
401430217,ATL,4277905,40.0,19.0,18.4
401430217,ATL,4431680,24.0,10.2,8.2
401430217,MIA,3012,23.0,5.4,5.4
401430217,MIA,3033,33.0,12.9,13.3
401430217,MIA,6430,41.0,20.1,15.6
401430217,MIA,2580913,13.0,4.9,5.0
401430217,MIA,3137259,18.0,-1.6,-1.7
401430217,MIA,3138160,1.0,0.0,0.0
401430217,MIA,3157465,14.0,0.6,1.6
401430217,MIA,4065778,29.0,12.1,12.6
401430217,MIA,4066261,35.0,15.5,10.6
401430217,MIA,4395725,34.0,14.0,12.4
401430218,ATL,3428,15.0,6.7,5.7
401430218,ATL,2534781,4.0,-0.1,-0.7
401430218,ATL,3037789,21.0,0.5,0.8
401430218,ATL,3064447,26.0,8.2,6.3
401430218,ATL,3102529,21.0,2.5,1.0
401430218,ATL,3893019,4.0,1.4,1.4
401430218,ATL,3908845,22.0,4.6,5.3
401430218,ATL,4065732,30.0,17.9,18.1
401430218,ATL,4066269,4.0,1.3,0.7
401430218,ATL,4066372,30.0,-1.6,-2.1
401430218,ATL,4277905,36.0,-0.3,0.6
401430218,ATL,4278075,4.0,10.4,9.4
401430218,ATL,4431680,19.0,2.8,3.1
401430218,ATL,4701230,4.0,-2.4,-2.4
401430218,MIA,3033,28.0,16.4,15.3
401430218,MIA,6430,36.0,37.0,30.6
401430218,MIA,2527963,23.0,3.2,2.7
401430218,MIA,2580913,4.0,1.9,2.7
401430218,MIA,3074213,3.0,2.0,2.0
401430218,MIA,3137259,27.0,10.2,9.8
401430218,MIA,3138160,19.0,-2.4,-2.1
401430218,MIA,3157465,9.0,2.6,2.7
401430218,MIA,4065778,36.0,5.6,4.9
401430218,MIA,4066261,30.0,10.4,10.8
401430218,MIA,4291678,3.0,2.4,2.4
401430218,MIA,4395725,21.0,0.0,-1.9
401430219,ATL,3428,21.0,4.9,5.3
401430219,ATL,3064447,31.0,6.2,5.8
401430219,ATL,3102529,19.0,4.1,1.4
401430219,ATL,3908845,26.0,1.8,2.3
401430219,ATL,4065732,43.0,26.0,22.4
401430219,ATL,4066372,33.0,8.6,6.8
401430219,ATL,4277905,41.0,2.2,1.2
401430219,ATL,4431680,26.0,8.7,7.7
401430219,MIA,3033,32.0,2.9,2.7
401430219,MIA,2527963,36.0,17.2,15.1
401430219,MIA,2580913,2.0,-0.8,-0.3
401430219,MIA,3137259,30.0,9.2,6.4
401430219,MIA,3138160,21.0,2.2,1.1
401430219,MIA,3157465,13.0,-3.5,-3.5
401430219,MIA,4065778,32.0,10.7,9.8
401430219,MIA,4066261,41.0,18.3,15.5
401430219,MIA,4395725,33.0,11.6,9.8
401430222,NOP,6477,26.0,7.9,5.5
401430222,NOP,2490149,40.0,19.6,17.5
401430222,NOP,2580365,21.0,9.3,8.2
401430222,NOP,3133601,7.0,3.1,2.4
401430222,NOP,3913176,39.0,35.2,31.2
401430222,NOP,4277813,41.0,10.4,10.7
401430222,NOP,4277869,17.0,8.0,8.2
401430222,NOP,4278594,8.0,0.7,0.0
401430222,NOP,4397077,20.0,7.3,7.1
401430222,NOP,4397688,20.0,7.4,5.3
401430222,PHX,2779,36.0,17.7,17.6
401430222,PHX,3452,15.0,8.4,8.9
401430222,PHX,6581,27.0,1.2,-3.2
401430222,PHX,2528693,8.0,1.0,0.7
401430222,PHX,3064230,17.0,3.3,1.4
401430222,PHX,3136193,25.0,21.0,21.9
401430222,PHX,3138196,26.0,6.6,3.8
401430222,PHX,3147657,40.0,16.2,14.5
401430222,PHX,3914044,12.0,4.7,3.7
401430222,PHX,4278129,33.0,12.9,12.3
401430223,MEM,2991235,3.0,-0.1,0.7
401430223,MEM,2993874,18.0,2.2,1.0
401430223,MEM,3134932,5.0,-0.1,-0.7
401430223,MEM,3135046,16.0,8.9,6.7
401430223,MEM,3155526,26.0,2.8,2.3
401430223,MEM,3906665,21.0,11.3,10.0
401430223,MEM,4066320,31.0,14.6,13.8
401430223,MEM,4066436,18.0,2.1,1.9
401430223,MEM,4277928,5.0,5.0,2.4
401430223,MEM,4277961,27.0,13.0,12.3
401430223,MEM,4277964,21.0,12.0,12.3
401430223,MEM,4279888,30.0,23.3,21.4
401430223,MEM,4433137,19.0,11.6,11.4
401430223,MIN,3964,29.0,5.1,5.0
401430223,MIN,2990962,17.0,9.9,7.4
401430223,MIN,3134916,17.0,7.0,6.2
401430223,MIN,3136195,28.0,10.5,8.4
401430223,MIN,3136776,28.0,5.3,4.9
401430223,MIN,3907822,22.0,2.1,2.0
401430223,MIN,4065663,2.0,0.0,0.0
401430223,MIN,4278077,9.0,-0.6,-0.4
401430223,MIN,4278541,12.0,1.5,0.9
401430223,MIN,4396971,20.0,10.7,8.7
401430223,MIN,4431671,21.0,-0.9,-2.5
401430223,MIN,4594268,34.0,8.9,8.0
401430224,NOP,6477,26.0,5.4,3.1
401430224,NOP,2490149,41.0,22.0,18.9
401430224,NOP,2580365,23.0,-2.1,-1.4
401430224,NOP,3133601,13.0,9.8,9.0
401430224,NOP,3913176,37.0,26.8,24.8
401430224,NOP,4277813,40.0,9.9,9.8
401430224,NOP,4277869,17.0,3.8,5.1
401430224,NOP,4278594,11.0,2.5,3.8
401430224,NOP,4397077,10.0,3.7,2.7
401430224,NOP,4397688,23.0,-1.6,-2.1
401430224,PHX,2779,40.0,31.0,30.2
401430224,PHX,3452,12.0,14.1,12.5
401430224,PHX,6581,34.0,7.7,8.1
401430224,PHX,2528693,10.0,-1.1,-1.4
401430224,PHX,3064230,13.0,1.0,0.9
401430224,PHX,3138196,27.0,1.6,2.5
401430224,PHX,3147657,40.0,13.8,12.7
401430224,PHX,3914044,30.0,1.9,2.4
401430224,PHX,4278129,35.0,27.7,20.3
401430225,NOP,4023,2.0,0.3,0.0
401430225,NOP,6477,33.0,25.0,22.8
401430225,NOP,2490149,36.0,10.8,8.7
401430225,NOP,2580365,25.0,11.1,10.0
401430225,NOP,2999409,2.0,0.6,1.0
401430225,NOP,3133601,13.0,7.3,6.0
401430225,NOP,3913176,36.0,20.4,20.3
401430225,NOP,4277813,35.0,14.9,11.7
401430225,NOP,4277869,18.0,2.3,0.9
401430225,NOP,4278594,10.0,6.4,5.4
401430225,NOP,4397077,13.0,-0.2,0.0
401430225,NOP,4397688,16.0,3.3,3.0
401430225,PHX,2779,35.0,5.6,4.6
401430225,PHX,3452,13.0,13.0,14.0
401430225,PHX,6427,2.0,-0.7,-0.6
401430225,PHX,6581,29.0,9.9,8.7
401430225,PHX,2528693,10.0,7.0,5.7
401430225,PHX,2583639,2.0,2.4,2.4
401430225,PHX,3059307,2.0,0.3,-0.7
401430225,PHX,3064230,18.0,0.4,0.9
401430225,PHX,3138196,32.0,8.2,8.3
401430225,PHX,3147657,41.0,7.1,6.1
401430225,PHX,3914044,20.0,4.3,4.4
401430225,PHX,3922230,2.0,7.1,7.1
401430225,PHX,4278129,33.0,18.6,17.3
401430226,NOP,6477,32.0,19.2,16.7
401430226,NOP,2490149,40.0,12.1,10.2
401430226,NOP,2580365,20.0,6.3,6.1
401430226,NOP,3133601,12.0,-1.1,-1.4
401430226,NOP,3913176,41.0,10.5,8.4
401430226,NOP,4277813,40.0,2.2,-1.8
401430226,NOP,4277869,20.0,9.1,8.3
401430226,NOP,4278594,7.0,1.6,1.7
401430226,NOP,4397077,16.0,4.9,4.7
401430226,NOP,4397688,13.0,1.8,2.0
401430226,PHX,2779,39.0,23.3,19.3
401430226,PHX,3452,9.0,0.5,1.0
401430226,PHX,6427,8.0,-1.2,0.0
401430226,PHX,6581,23.0,6.6,6.0
401430226,PHX,3064230,12.0,6.8,6.3
401430226,PHX,3138196,37.0,7.4,5.8
401430226,PHX,3147657,47.0,29.2,24.3
401430226,PHX,3914044,25.0,3.7,1.2
401430226,PHX,3922230,6.0,4.8,4.8
401430226,PHX,4278129,35.0,14.1,13.5
401430227,MEM,2993874,26.0,6.6,5.5
401430227,MEM,3135046,14.0,11.7,9.2
401430227,MEM,3155526,37.0,1.8,1.1
401430227,MEM,3906665,29.0,20.8,18.9
401430227,MEM,4066320,40.0,19.7,15.9
401430227,MEM,4066436,7.0,-2.2,-2.4
401430227,MEM,4277961,21.0,5.9,3.0
401430227,MEM,4277964,16.0,2.6,3.0
401430227,MEM,4279888,41.0,8.7,4.8
401430227,MEM,4433137,8.0,2.2,3.0
401430227,MIN,3964,34.0,11.4,8.0
401430227,MIN,2990962,6.0,-0.8,-0.7
401430227,MIN,3136195,33.0,6.5,3.8
401430227,MIN,3136776,39.0,14.8,13.5
401430227,MIN,3907822,25.0,7.9,5.6
401430227,MIN,4278077,32.0,12.1,9.0
401430227,MIN,4396971,10.0,1.6,0.6
401430227,MIN,4431671,22.0,2.5,1.0
401430227,MIN,4594268,40.0,12.4,10.5
401430228,NOP,6477,27.0,11.9,10.3
401430228,NOP,2490149,33.0,4.6,6.0
401430228,NOP,2580365,21.0,15.0,14.6
401430228,NOP,3133601,5.0,-0.7,-0.7
401430228,NOP,3913176,44.0,14.3,12.6
401430228,NOP,4277813,40.0,16.1,13.2
401430228,NOP,4277869,31.0,8.7,7.7
401430228,NOP,4278594,4.0,1.0,0.7
401430228,NOP,4397077,12.0,3.9,4.7
401430228,NOP,4397688,22.0,8.2,7.7
401430228,PHX,2779,36.0,33.5,32.1
401430228,PHX,3452,3.0,1.8,2.0
401430228,PHX,6427,5.0,-1.8,-1.3
401430228,PHX,6581,30.0,5.2,4.3
401430228,PHX,3064230,14.0,2.5,0.6
401430228,PHX,3136193,32.0,8.2,6.7
401430228,PHX,3138196,24.0,10.8,11.1
401430228,PHX,3147657,44.0,12.3,9.8
401430228,PHX,3914044,12.0,-0.7,-0.7
401430228,PHX,4278129,40.0,23.0,21.1
401430230,MEM,2991235,4.0,0.6,0.7
401430230,MEM,2993874,22.0,5.7,5.1
401430230,MEM,3135046,22.0,12.6,11.1
401430230,MEM,3155526,34.0,11.0,11.0
401430230,MEM,3906665,29.0,15.3,12.8
401430230,MEM,4066320,35.0,25.8,26.2
401430230,MEM,4066436,7.0,-1.9,-3.1
401430230,MEM,4277961,23.0,0.8,0.0
401430230,MEM,4277964,16.0,1.0,1.4
401430230,MEM,4279888,34.0,13.8,12.0
401430230,MEM,4433137,14.0,4.9,3.9
401430230,MIN,3964,37.0,15.1,15.0
401430230,MIN,2990962,12.0,1.3,1.3
401430230,MIN,3134916,14.0,15.8,13.2
401430230,MIN,3136195,42.0,23.7,20.6
401430230,MIN,3136776,35.0,4.9,4.9
401430230,MIN,3907822,12.0,-1.1,-1.0
401430230,MIN,4278077,35.0,13.5,10.9
401430230,MIN,4396971,5.0,-0.4,-0.7
401430230,MIN,4431671,10.0,0.2,1.2
401430230,MIN,4594268,37.0,21.7,17.5
401430231,MEM,2993874,18.0,10.9,7.8
401430231,MEM,3134932,3.0,1.0,0.7
401430231,MEM,3135046,20.0,5.9,3.8
401430231,MEM,3155526,36.0,-0.8,-2.3
401430231,MEM,3906665,37.0,22.3,20.6
401430231,MEM,4066320,45.0,17.4,13.3
401430231,MEM,4277961,18.0,7.3,8.0
401430231,MEM,4277964,16.0,0.6,0.0
401430231,MEM,4279888,45.0,23.6,18.5
401430231,MEM,4433137,4.0,-1.4,-1.4
401430231,MIN,3964,28.0,5.8,6.2
401430231,MIN,2990962,19.0,7.2,7.4
401430231,MIN,3134916,17.0,4.6,3.1
401430231,MIN,3136195,35.0,20.4,14.7
401430231,MIN,3136776,39.0,9.2,7.8
401430231,MIN,3907822,14.0,3.4,1.6
401430231,MIN,4278077,22.0,6.4,2.4
401430231,MIN,4396971,13.0,6.2,5.7
401430231,MIN,4431671,18.0,4.2,3.4
401430231,MIN,4594268,35.0,8.5,10.5
401430232,DAL,6426,13.0,-0.9,0.0
401430232,DAL,2528779,45.0,11.9,10.5
401430232,DAL,2531367,16.0,0.8,1.0
401430232,DAL,2578185,42.0,4.4,3.9
401430232,DAL,2579260,5.0,1.6,1.3
401430232,DAL,2580782,40.0,10.0,8.7
401430232,DAL,2960236,32.0,23.6,22.9
401430232,DAL,3934672,42.0,36.6,32.2
401430232,DAL,4432811,6.0,-0.4,-0.4
401430232,UTA,3195,22.0,-1.8,-2.1
401430232,UTA,3593,40.0,16.8,16.4
401430232,UTA,4262,11.0,3.8,1.7
401430232,UTA,2528426,23.0,15.2,16.9
401430232,UTA,2583632,37.0,13.4,10.8
401430232,UTA,2991155,21.0,1.0,0.4
401430232,UTA,3032976,37.0,8.8,4.7
401430232,UTA,3908809,41.0,21.7,22.1
401430232,UTA,4017839,7.0,1.6,0.7
401430233,PHI,3988,38.0,7.6,6.0
401430233,PHI,3992,41.0,13.5,8.4
401430233,PHI,6440,39.0,17.7,14.1
401430233,PHI,2990969,9.0,1.8,3.4
401430233,PHI,3059318,37.0,21.9,20.0
401430233,PHI,3907498,10.0,6.1,4.4
401430233,PHI,3915195,14.0,2.6,1.3
401430233,PHI,4278562,11.0,-0.5,0.0
401430233,PHI,4431678,41.0,27.1,23.8
401430233,TOR,3244,8.0,2.3,1.7
401430233,TOR,2578240,19.0,5.2,4.4
401430233,TOR,2991230,44.0,12.4,7.2
401430233,TOR,3149673,41.0,13.5,12.7
401430233,TOR,3934719,38.0,19.0,19.3
401430233,TOR,3948153,30.0,16.9,15.3
401430233,TOR,4066668,21.0,-3.7,-2.1
401430233,TOR,4277843,10.0,-3.4,-2.1
401430233,TOR,4431679,29.0,5.0,4.0
401430234,MEM,2993874,12.0,3.3,1.4
401430234,MEM,3134932,10.0,1.3,-0.7
401430234,MEM,3135046,26.0,7.0,6.1
401430234,MEM,3155526,32.0,14.0,15.1
401430234,MEM,3906665,33.0,21.4,18.3
401430234,MEM,4066320,43.0,15.6,13.2
401430234,MEM,4277961,34.0,15.0,11.3
401430234,MEM,4277964,11.0,0.5,0.7
401430234,MEM,4279888,38.0,15.6,12.4
401430234,MIN,3964,38.0,6.1,5.3
401430234,MIN,4260,7.0,3.6,1.7
401430234,MIN,3134916,25.0,11.6,9.5
401430234,MIN,3136195,41.0,10.2,7.4
401430234,MIN,3136776,27.0,5.0,2.1
401430234,MIN,3907822,16.0,0.5,0.3
401430234,MIN,4278077,12.0,2.8,1.7
401430234,MIN,4431671,33.0,22.4,21.2
401430234,MIN,4594268,41.0,22.0,18.6
401430235,DAL,6426,14.0,11.2,11.4
401430235,DAL,2528779,44.0,13.1,11.1
401430235,DAL,2531367,13.0,-3.1,-2.0
401430235,DAL,2578185,47.0,13.6,9.1
401430235,DAL,2579260,4.0,1.5,2.3
401430235,DAL,2580782,41.0,12.4,10.9
401430235,DAL,2960236,22.0,13.1,14.5
401430235,DAL,3934672,35.0,23.1,23.6
401430235,DAL,4432811,19.0,14.1,12.4
401430235,UTA,3195,35.0,14.7,13.4
401430235,UTA,3593,32.0,17.0,17.2
401430235,UTA,4262,7.0,2.7,1.7
401430235,UTA,2528426,30.0,10.2,10.1
401430235,UTA,2583632,32.0,0.7,1.4
401430235,UTA,2991155,19.0,2.9,1.1
401430235,UTA,3032976,29.0,14.4,13.2
401430235,UTA,3133817,10.0,4.2,4.7
401430235,UTA,3908809,39.0,22.8,23.1
401430235,UTA,4017839,6.0,-1.5,-0.7
401430236,PHI,3988,46.0,6.6,4.7
401430236,PHI,3992,38.0,16.1,17.3
401430236,PHI,6440,47.0,10.4,6.1
401430236,PHI,2990969,23.0,7.0,7.1
401430236,PHI,3059318,44.0,21.8,18.7
401430236,PHI,3915195,11.0,2.6,2.7
401430236,PHI,4278562,9.0,0.9,-0.3
401430236,PHI,4431678,47.0,6.7,6.0
401430236,TOR,3244,6.0,1.3,1.7
401430236,TOR,2578240,14.0,-1.3,0.0
401430236,TOR,2991230,45.0,13.7,10.4
401430236,TOR,3149673,48.0,5.6,3.7
401430236,TOR,3934719,46.0,20.0,19.3
401430236,TOR,3948153,17.0,3.5,2.7
401430236,TOR,4066668,8.0,1.0,-0.3
401430236,TOR,4277843,45.0,18.2,15.3
401430236,TOR,4431679,36.0,14.3,13.2
401430237,DAL,6426,3.0,-2.3,-1.4
401430237,DAL,2528779,46.0,9.4,7.7
401430237,DAL,2531367,24.0,9.3,9.0
401430237,DAL,2578185,40.0,11.3,9.5
401430237,DAL,2580782,24.0,0.4,1.0
401430237,DAL,2960236,18.0,-1.0,-0.4
401430237,DAL,3934672,35.0,15.6,15.6
401430237,DAL,3945274,34.0,22.3,18.5
401430237,DAL,4432811,16.0,0.3,1.2
401430237,UTA,3195,24.0,3.8,3.6
401430237,UTA,3593,39.0,5.8,6.6
401430237,UTA,4262,14.0,5.1,1.6
401430237,UTA,2528426,36.0,15.4,14.7
401430237,UTA,2583632,33.0,6.1,4.7
401430237,UTA,2991155,13.0,-2.0,-1.8
401430237,UTA,3032976,32.0,15.0,15.1
401430237,UTA,3133817,2.0,0.3,0.0
401430237,UTA,3908809,38.0,17.2,14.9
401430237,UTA,4017839,9.0,5.0,4.7
401430239,DAL,4376,1.0,-1.4,-1.7
401430239,DAL,6426,6.0,1.3,0.7
401430239,DAL,2528779,31.0,10.0,6.0
401430239,DAL,2531367,20.0,7.6,7.5
401430239,DAL,2578185,41.0,10.2,9.8
401430239,DAL,2579260,5.0,2.3,2.0
401430239,DAL,2580782,28.0,4.7,4.6
401430239,DAL,2960236,20.0,1.2,0.0
401430239,DAL,3907487,4.0,2.0,1.7
401430239,DAL,3934672,37.0,17.9,16.8
401430239,DAL,3945274,33.0,21.9,18.9
401430239,DAL,4432811,14.0,-2.6,-2.1
401430239,UTA,3195,27.0,-0.4,1.3
401430239,UTA,3593,28.0,-6.5,-5.3
401430239,UTA,4262,13.0,2.7,0.3
401430239,UTA,2528426,32.0,16.2,14.2
401430239,UTA,2583632,22.0,2.8,1.3
401430239,UTA,2991155,23.0,7.8,6.3
401430239,UTA,3032976,27.0,16.6,15.5
401430239,UTA,3133817,8.0,-1.2,-1.4
401430239,UTA,3908809,32.0,-2.0,-3.2
401430239,UTA,4017839,19.0,1.4,0.3
401430239,UTA,4278039,5.0,6.4,5.1
401430239,UTA,4395695,5.0,-1.1,-1.4
401430240,PHI,3988,28.0,1.7,1.9
401430240,PHI,3992,42.0,18.2,14.7
401430240,PHI,6440,41.0,11.5,7.8
401430240,PHI,2990969,22.0,6.0,8.1
401430240,PHI,3059318,39.0,10.5,10.3
401430240,PHI,3915195,15.0,5.6,5.7
401430240,PHI,3929325,1.0,-0.4,0.0
401430240,PHI,4278562,9.0,6.5,5.8
401430240,PHI,4395702,1.0,2.7,2.7
401430240,PHI,4431678,39.0,9.0,7.0
401430240,PHI,4432164,1.0,0.3,0.0
401430240,TOR,3244,30.0,17.0,14.6
401430240,TOR,2578240,6.0,0.0,-0.3
401430240,TOR,2991230,15.0,4.3,5.1
401430240,TOR,3133602,1.0,-0.4,0.0
401430240,TOR,3133838,1.0,-1.7,-1.7
401430240,TOR,3149673,44.0,28.0,24.4
401430240,TOR,3934719,31.0,3.8,3.5
401430240,TOR,3948153,19.0,10.6,7.1
401430240,TOR,4066450,1.0,0.0,0.0
401430240,TOR,4066668,1.0,-0.7,-0.7
401430240,TOR,4277843,39.0,16.5,13.6
401430240,TOR,4397885,1.0,3.7,2.7
401430240,TOR,4431679,24.0,0.5,0.3
401430240,TOR,4433134,26.0,5.3,3.2
401430241,DAL,6426,2.0,-1.1,-0.7
401430241,DAL,2528779,44.0,4.8,3.0
401430241,DAL,2531367,11.0,-2.9,-2.4
401430241,DAL,2578185,46.0,17.8,16.6
401430241,DAL,2580782,32.0,13.2,13.8
401430241,DAL,2960236,23.0,4.5,2.4
401430241,DAL,3934672,38.0,19.2,16.3
401430241,DAL,3945274,42.0,20.0,15.1
401430241,DAL,4432811,2.0,0.0,0.0
401430241,UTA,3195,31.0,10.3,8.2
401430241,UTA,3593,36.0,9.8,9.9
401430241,UTA,4262,8.0,0.9,0.0
401430241,UTA,2528426,29.0,9.5,8.6
401430241,UTA,2583632,33.0,5.6,4.0
401430241,UTA,2991155,15.0,1.8,1.9
401430241,UTA,3032976,36.0,11.0,7.7
401430241,UTA,3133817,4.0,3.4,2.4
401430241,UTA,3908809,39.0,18.3,16.3
401430241,UTA,4017839,9.0,2.6,1.3
401430243,PHI,3988,25.0,12.6,9.7
401430243,PHI,3992,40.0,10.3,8.4
401430243,PHI,6440,44.0,10.3,9.0
401430243,PHI,2990969,13.0,1.9,2.0
401430243,PHI,3059318,40.0,12.8,11.8
401430243,PHI,3907498,14.0,-2.8,-2.9
401430243,PHI,3915195,10.0,0.6,0.4
401430243,PHI,3929325,2.0,3.0,2.7
401430243,PHI,4278562,8.0,3.2,2.0
401430243,PHI,4395702,2.0,-1.7,-1.7
401430243,PHI,4431678,42.0,6.8,6.0
401430243,TOR,3244,16.0,3.8,2.7
401430243,TOR,2578240,11.0,3.5,4.4
401430243,TOR,3133602,1.0,0.6,0.3
401430243,TOR,3133838,1.0,1.7,1.7
401430243,TOR,3149673,44.0,20.2,17.6
401430243,TOR,3934719,39.0,11.2,8.1
401430243,TOR,3948153,17.0,6.2,4.4
401430243,TOR,4066450,1.0,0.0,0.0
401430243,TOR,4066668,1.0,-0.1,0.7
401430243,TOR,4277843,39.0,12.2,10.3
401430243,TOR,4397885,1.0,0.0,0.0
401430243,TOR,4431679,27.0,15.1,12.8
401430243,TOR,4433134,41.0,13.4,9.5
401430244,PHI,3988,29.0,9.9,7.4
401430244,PHI,3992,42.0,24.5,23.9
401430244,PHI,6440,38.0,15.8,13.4
401430244,PHI,2990969,21.0,6.3,7.2
401430244,PHI,3059318,36.0,31.6,26.6
401430244,PHI,3915195,8.0,1.6,1.0
401430244,PHI,3929325,5.0,1.6,1.4
401430244,PHI,4278562,12.0,7.0,7.9
401430244,PHI,4395702,2.0,-0.7,-0.7
401430244,PHI,4431678,44.0,20.3,20.6
401430244,PHI,4432164,2.0,3.3,3.4
401430244,TOR,3244,22.0,1.9,-0.3
401430244,TOR,2578240,5.0,-0.1,0.0
401430244,TOR,3133602,2.0,-0.7,-0.7
401430244,TOR,3133838,2.0,-1.4,-1.4
401430244,TOR,3149673,44.0,21.1,19.3
401430244,TOR,3934719,29.0,1.0,0.9
401430244,TOR,3948153,32.0,21.4,19.4
401430244,TOR,4066450,2.0,-0.7,-0.7
401430244,TOR,4066668,2.0,-0.7,-0.7
401430244,TOR,4277843,40.0,10.9,11.7
401430244,TOR,4397885,2.0,3.3,3.3
401430244,TOR,4431679,22.0,-2.8,-2.2
401430244,TOR,4433134,35.0,10.0,10.1
401430246,CHI,3978,44.0,29.8,26.5
401430246,CHI,6474,7.0,0.8,-0.7
401430246,CHI,6478,36.0,18.9,16.9
401430246,CHI,2596112,14.0,2.5,1.7
401430246,CHI,2991350,38.0,14.6,11.3
401430246,CHI,3064440,43.0,12.3,11.4
401430246,CHI,3936099,8.0,1.8,2.7
401430246,CHI,4395651,10.0,1.3,1.3
401430246,CHI,4397002,7.0,0.2,0.0
401430246,CHI,4431687,32.0,10.0,7.5
401430246,MIL,3439,1.0,0.0,0.0
401430246,MIL,3448,35.0,21.4,20.2
401430246,MIL,3995,38.0,5.3,4.0
401430246,MIL,4032,34.0,8.4,7.6
401430246,MIL,6609,33.0,16.6,15.0
401430246,MIL,2578239,23.0,1.2,-0.4
401430246,MIL,3032977,40.0,31.7,26.0
401430246,MIL,3064482,6.0,0.6,0.3
401430246,MIL,3133635,9.0,-0.5,-0.7
401430246,MIL,3135045,21.0,0.8,1.6
401430247,DEN,3209,23.0,2.3,2.7
401430247,DEN,4258,12.0,7.5,6.1
401430247,DEN,6579,31.0,7.1,4.0
401430247,DEN,6617,21.0,4.5,5.4
401430247,DEN,2327577,18.0,2.7,1.6
401430247,DEN,2968334,6.0,-1.9,-1.7
401430247,DEN,2994526,24.0,5.9,6.4
401430247,DEN,3059310,25.0,8.9,8.8
401430247,DEN,3064290,25.0,5.2,4.4
401430247,DEN,3112335,28.0,21.1,18.9
401430247,DEN,4230557,5.0,3.0,2.7
401430247,DEN,4431690,5.0,-0.4,0.0
401430247,DEN,4592492,17.0,8.9,9.7
401430247,GSW,3975,23.0,28.3,26.9
401430247,GSW,4269,16.0,9.3,8.5
401430247,GSW,6475,36.0,12.1,12.0
401430247,GSW,6589,30.0,8.1,6.1
401430247,GSW,2594922,22.0,3.6,2.7
401430247,GSW,2595209,5.0,3.0,3.0
401430247,GSW,3059319,31.0,12.4,9.7
401430247,GSW,3134903,18.0,6.5,3.3
401430247,GSW,3155535,11.0,-1.2,-0.7
401430247,GSW,4277956,34.0,28.8,25.4
401430247,GSW,4401416,5.0,4.3,3.0
401430247,GSW,4432171,5.0,-1.0,-1.0
401430247,GSW,4433247,5.0,-1.0,-2.0
401430248,CHI,3978,32.0,7.0,5.3
401430248,CHI,6474,12.0,-0.7,-0.3
401430248,CHI,6478,30.0,14.9,12.4
401430248,CHI,2596112,8.0,0.3,0.0
401430248,CHI,2991350,26.0,5.4,6.0
401430248,CHI,3064440,31.0,11.5,9.8
401430248,CHI,3936099,14.0,1.3,1.4
401430248,CHI,4065673,6.0,9.4,8.5
401430248,CHI,4278508,12.0,-0.2,-1.4
401430248,CHI,4395651,21.0,1.4,-0.2
401430248,CHI,4397002,18.0,3.7,3.5
401430248,CHI,4431687,30.0,-2.5,-5.3
401430248,MIL,3439,9.0,2.1,0.9
401430248,MIL,3448,25.0,6.6,5.0
401430248,MIL,3995,30.0,14.7,11.5
401430248,MIL,4032,25.0,2.5,2.4
401430248,MIL,2578239,21.0,10.2,7.3
401430248,MIL,3032977,29.0,15.9,14.3
401430248,MIL,3064482,25.0,15.2,12.1
401430248,MIL,3102533,9.0,2.8,3.0
401430248,MIL,3133635,18.0,3.3,2.8
401430248,MIL,3135045,25.0,20.3,16.8
401430248,MIL,3908819,8.0,1.0,0.7
401430248,MIL,4231914,8.0,5.3,3.4
401430248,MIL,4277883,9.0,-0.8,-1.1
401430249,CHI,3978,41.0,14.6,12.9
401430249,CHI,6474,5.0,-2.8,-2.3
401430249,CHI,6478,38.0,8.3,5.3
401430249,CHI,2596112,6.0,1.5,1.7
401430249,CHI,2991350,17.0,4.9,2.1
401430249,CHI,3064440,42.0,21.8,20.7
401430249,CHI,3936099,14.0,1.6,0.3
401430249,CHI,4278508,2.0,-1.4,-1.4
401430249,CHI,4395651,13.0,-1.9,-1.7
401430249,CHI,4397002,29.0,6.9,5.7
401430249,CHI,4431687,33.0,16.3,15.8
401430249,MIL,3439,3.0,3.6,3.4
401430249,MIL,3448,22.0,2.0,0.4
401430249,MIL,3995,37.0,17.8,17.8
401430249,MIL,4032,26.0,3.0,3.3
401430249,MIL,2578239,28.0,4.8,2.7
401430249,MIL,3032977,35.0,26.8,22.8
401430249,MIL,3064482,33.0,7.5,4.9
401430249,MIL,3102533,3.0,0.0,0.0
401430249,MIL,3133635,21.0,-0.4,0.0
401430249,MIL,3135045,28.0,26.2,22.6
401430249,MIL,3908819,2.0,0.0,0.0
401430249,MIL,4277883,2.0,0.7,0.7
401430250,DEN,3209,22.0,0.8,-1.1
401430250,DEN,4258,10.0,4.9,4.4
401430250,DEN,6579,34.0,9.4,9.1
401430250,DEN,6617,21.0,6.1,5.1
401430250,DEN,2327577,12.0,2.8,4.0
401430250,DEN,2968334,4.0,-1.0,-1.0
401430250,DEN,2994526,17.0,3.9,4.3
401430250,DEN,3059310,34.0,8.9,6.7
401430250,DEN,3064290,34.0,16.8,16.3
401430250,DEN,3112335,38.0,33.7,27.7
401430250,DEN,4592492,14.0,3.5,3.7
401430250,GSW,2386,16.0,6.7,5.8
401430250,GSW,3975,31.0,17.8,18.1
401430250,GSW,4269,12.0,2.2,2.0
401430250,GSW,6475,37.0,18.8,17.1
401430250,GSW,6589,35.0,6.6,4.4
401430250,GSW,2594922,22.0,4.1,2.4
401430250,GSW,3059319,29.0,7.7,6.0
401430250,GSW,3134903,14.0,11.3,10.5
401430250,GSW,3155535,9.0,-1.3,0.0
401430250,GSW,4277956,34.0,20.8,19.4
401430251,CHI,3978,43.0,11.3,8.5
401430251,CHI,6474,7.0,0.6,0.0
401430251,CHI,6478,37.0,17.9,14.3
401430251,CHI,2596112,27.0,1.6,-4.5
401430251,CHI,3936099,14.0,2.9,4.2
401430251,CHI,4065673,2.0,1.0,0.7
401430251,CHI,4278508,23.0,6.8,4.7
401430251,CHI,4395651,32.0,11.9,10.0
401430251,CHI,4397002,22.0,3.1,2.9
401430251,CHI,4431687,35.0,13.7,13.8
401430251,MIL,3439,7.0,-3.2,-3.8
401430251,MIL,3448,29.0,9.1,7.7
401430251,MIL,3995,36.0,3.6,2.4
401430251,MIL,4032,27.0,11.7,7.8
401430251,MIL,2578239,23.0,15.0,14.8
401430251,MIL,3032977,30.0,28.5,26.5
401430251,MIL,3064482,32.0,10.1,6.4
401430251,MIL,3102533,2.0,0.6,0.0
401430251,MIL,3133635,21.0,11.7,7.2
401430251,MIL,3135045,27.0,8.4,6.7
401430251,MIL,3908819,2.0,0.0,0.0
401430251,MIL,4231914,2.0,-0.4,0.0
401430251,MIL,4277883,2.0,0.0,0.0
401430253,DEN,3209,16.0,3.0,3.4
401430253,DEN,4258,10.0,8.3,8.7
401430253,DEN,6579,32.0,3.9,1.6
401430253,DEN,6617,36.0,3.4,-0.0
401430253,DEN,2327577,14.0,4.5,5.1
401430253,DEN,2994526,11.0,-1.6,-0.7
401430253,DEN,3059310,29.0,18.6,19.6
401430253,DEN,3064290,35.0,18.3,16.3
401430253,DEN,3112335,38.0,26.7,25.8
401430253,DEN,4592492,20.0,12.9,11.8
401430253,GSW,2386,13.0,-5.4,-3.4
401430253,GSW,3975,37.0,28.1,22.9
401430253,GSW,4269,5.0,0.3,0.0
401430253,GSW,6475,31.0,22.0,21.1
401430253,GSW,6589,34.0,15.9,13.0
401430253,GSW,2594922,15.0,-2.1,-1.4
401430253,GSW,3059319,37.0,17.3,13.8
401430253,GSW,3134903,7.0,0.3,-0.7
401430253,GSW,3155535,12.0,3.2,2.1
401430253,GSW,4277956,39.0,12.1,9.9
401430253,GSW,4433247,11.0,6.6,6.6
401430255,DEN,3209,29.0,4.4,1.7
401430255,DEN,4258,15.0,14.6,13.1
401430255,DEN,6579,40.0,4.9,5.5
401430255,DEN,6617,5.0,-1.1,-0.7
401430255,DEN,2327577,10.0,-1.1,-0.7
401430255,DEN,2968334,3.0,0.6,0.7
401430255,DEN,2994526,11.0,2.1,2.1
401430255,DEN,3059310,36.0,11.4,11.1
401430255,DEN,3064290,40.0,12.9,10.0
401430255,DEN,3112335,32.0,28.3,23.1
401430255,DEN,4592492,19.0,0.0,0.2
401430255,GSW,3975,38.0,19.4,17.0
401430255,GSW,6475,40.0,17.0,10.7
401430255,GSW,6589,36.0,11.3,8.8
401430255,GSW,2594922,24.0,3.5,2.7
401430255,GSW,3059319,24.0,7.3,5.9
401430255,GSW,3134903,26.0,16.7,14.6
401430255,GSW,3155535,22.0,6.0,6.1
401430255,GSW,4277956,26.0,3.3,4.0
401430255,GSW,4433247,5.0,2.0,2.0
401433610,BOS,3213,36.0,10.2,6.0
401433610,BOS,2451037,4.0,1.6,1.4
401433610,BOS,2990992,33.0,5.4,4.3
401433610,BOS,2991042,2.0,-1.4,-1.4
401433610,BOS,3064560,2.0,0.0,0.0
401433610,BOS,3078576,16.0,5.7,5.3
401433610,BOS,3917376,38.0,3.8,1.3
401433610,BOS,4065648,40.0,13.8,12.2
401433610,BOS,4065804,2.0,0.0,0.0
401433610,BOS,4066211,22.0,8.1,5.1
401433610,BOS,4066218,29.0,6.1,5.3
401433610,BOS,4066354,11.0,1.8,1.9
401433610,BOS,4066467,2.0,2.0,1.7
401433610,BOS,4396909,2.0,0.3,0.0
401433610,MIL,3439,1.0,-0.7,-0.7
401433610,MIL,3448,28.0,9.6,5.1
401433610,MIL,3995,36.0,21.0,17.1
401433610,MIL,4032,29.0,2.1,1.3
401433610,MIL,2578239,21.0,5.0,4.4
401433610,MIL,3032977,38.0,16.4,13.6
401433610,MIL,3064482,32.0,11.0,8.3
401433610,MIL,3102533,1.0,0.0,0.0
401433610,MIL,3133635,22.0,5.3,4.0
401433610,MIL,3135045,29.0,9.1,6.7
401433610,MIL,3908819,1.0,0.0,0.0
401433610,MIL,4231914,1.0,0.0,0.0
401433610,MIL,4277883,1.0,0.3,0.0
401433611,BOS,3213,37.0,13.4,7.4
401433611,BOS,2991042,2.0,0.0,0.0
401433611,BOS,3064560,2.0,-0.1,0.0
401433611,BOS,3078576,28.0,-2.1,-2.0
401433611,BOS,3917376,38.0,28.9,25.4
401433611,BOS,4065648,43.0,24.0,20.9
401433611,BOS,4065804,2.0,1.6,1.3
401433611,BOS,4066211,25.0,9.2,9.2
401433611,BOS,4066218,35.0,16.1,15.7
401433611,BOS,4066354,24.0,4.2,3.7
401433611,BOS,4066467,2.0,-0.4,-0.7
401433611,BOS,4396909,2.0,0.3,0.0
401433611,MIL,3439,2.0,-1.4,-1.4
401433611,MIL,3448,25.0,2.7,1.4
401433611,MIL,3995,40.0,12.5,10.4
401433611,MIL,4032,30.0,3.8,3.0
401433611,MIL,2578239,25.0,9.4,9.5
401433611,MIL,3032977,38.0,14.4,11.5
401433611,MIL,3064482,26.0,10.1,8.8
401433611,MIL,3102533,2.0,-0.4,0.0
401433611,MIL,3133635,19.0,-0.5,-0.6
401433611,MIL,3135045,28.0,3.8,2.9
401433611,MIL,3908819,2.0,0.3,0.0
401433611,MIL,4231914,2.0,-0.7,-0.7
401433611,MIL,4277883,2.0,-0.5,-0.8
401433612,BOS,3213,39.0,23.0,19.3
401433612,BOS,2451037,2.0,-1.1,-1.0
401433612,BOS,2990992,29.0,2.2,2.1
401433612,BOS,3078576,21.0,11.8,10.2
401433612,BOS,3917376,40.0,20.5,17.4
401433612,BOS,4065648,41.0,0.7,-3.0
401433612,BOS,4066211,23.0,14.9,11.3
401433612,BOS,4066218,34.0,6.6,5.3
401433612,BOS,4066354,11.0,0.2,0.7
401433612,MIL,3438,11.0,-0.4,0.0
401433612,MIL,3448,29.0,13.0,10.5
401433612,MIL,3995,43.0,12.5,8.2
401433612,MIL,4032,32.0,0.7,2.0
401433612,MIL,2578239,33.0,7.5,6.3
401433612,MIL,3032977,39.0,35.0,30.2
401433612,MIL,3064482,26.0,6.4,4.7
401433612,MIL,3133635,2.0,-0.4,-0.7
401433612,MIL,3135045,25.0,-0.3,0.4
401433613,BOS,3213,42.0,26.8,25.3
401433613,BOS,2451037,11.0,-4.3,-3.8
401433613,BOS,2990992,41.0,15.5,14.7
401433613,BOS,3078576,34.0,12.0,11.2
401433613,BOS,3917376,32.0,10.9,11.0
401433613,BOS,4065648,42.0,22.2,20.1
401433613,BOS,4066218,25.0,1.5,1.9
401433613,BOS,4066354,13.0,2.9,2.1
401433613,MIL,3438,23.0,6.0,6.1
401433613,MIL,3448,29.0,13.9,13.8
401433613,MIL,3995,41.0,11.6,8.3
401433613,MIL,4032,29.0,10.8,9.7
401433613,MIL,2578239,30.0,10.8,7.0
401433613,MIL,3032977,41.0,18.9,16.1
401433613,MIL,3064482,15.0,3.6,2.7
401433613,MIL,3102533,1.0,0.0,0.0
401433613,MIL,3133635,1.0,0.0,0.0
401433613,MIL,3135045,29.0,4.6,4.7
401433613,MIL,3908819,1.0,1.7,1.7
401433613,MIL,4231914,1.0,0.0,0.0
401433613,MIL,4277883,1.0,0.0,0.0
401433614,BOS,3213,41.0,13.2,8.6
401433614,BOS,2451037,11.0,9.7,9.5
401433614,BOS,2990992,38.0,10.5,7.4
401433614,BOS,3078576,32.0,12.4,10.3
401433614,BOS,3917376,35.0,20.8,19.5
401433614,BOS,4065648,42.0,22.6,20.6
401433614,BOS,4066218,31.0,-4.0,-2.7
401433614,BOS,4066354,10.0,4.0,3.4
401433614,MIL,3438,13.0,-0.2,0.0
401433614,MIL,3448,20.0,2.3,2.4
401433614,MIL,3995,41.0,18.8,15.1
401433614,MIL,4032,37.0,9.6,7.4
401433614,MIL,2578239,31.0,11.1,9.4
401433614,MIL,3032977,40.0,25.2,22.4
401433614,MIL,3064482,28.0,14.3,12.1
401433614,MIL,3135045,30.0,5.7,5.5
401433615,BOS,3213,38.0,6.5,0.7
401433615,BOS,2451037,10.0,2.9,2.7
401433615,BOS,2990992,40.0,19.4,19.3
401433615,BOS,2991042,1.0,2.0,2.0
401433615,BOS,3078576,30.0,8.4,6.7
401433615,BOS,3917376,41.0,15.4,14.6
401433615,BOS,4065648,43.0,31.0,28.4
401433615,BOS,4066218,28.0,-0.1,-1.6
401433615,BOS,4066354,7.0,-0.4,-0.7
401433615,BOS,4396909,1.0,0.3,0.0
401433615,MIL,3438,19.0,-3.4,-1.4
401433615,MIL,3448,19.0,3.5,2.0
401433615,MIL,3995,42.0,14.3,9.7
401433615,MIL,4032,28.0,1.4,1.0
401433615,MIL,2578239,33.0,12.2,12.2
401433615,MIL,3032977,41.0,33.7,28.5
401433615,MIL,3064482,29.0,1.4,0.6
401433615,MIL,3102533,1.0,0.9,0.6
401433615,MIL,3133635,1.0,2.0,1.7
401433615,MIL,3135045,22.0,-1.7,-1.1
401433615,MIL,3908819,1.0,-0.8,0.0
401433615,MIL,4231914,1.0,-0.7,-0.7
401433615,MIL,4277883,1.0,-0.7,-0.7
401433616,BOS,3213,40.0,9.0,6.8
401433616,BOS,2451037,6.0,3.0,0.0
401433616,BOS,2990992,37.0,12.3,10.8
401433616,BOS,2991042,2.0,0.7,0.7
401433616,BOS,3064560,2.0,0.0,0.0
401433616,BOS,3078576,18.0,-1.3,-2.9
401433616,BOS,3917376,37.0,11.8,8.5
401433616,BOS,3934721,1.0,0.0,0.0
401433616,BOS,4065648,37.0,15.5,14.9
401433616,BOS,4066218,39.0,16.2,15.3
401433616,BOS,4066354,17.0,15.5,14.6
401433616,BOS,4066467,2.0,2.7,2.7
401433616,BOS,4396909,2.0,3.0,2.7
401433616,MIL,3438,11.0,-0.8,-1.0
401433616,MIL,3448,37.0,12.5,9.8
401433616,MIL,3995,41.0,16.4,14.8
401433616,MIL,4032,22.0,-1.3,-0.8
401433616,MIL,2578239,32.0,1.0,-0.4
401433616,MIL,3032977,43.0,20.0,13.4
401433616,MIL,3064482,22.0,4.6,2.3
401433616,MIL,3102533,2.0,0.7,0.7
401433616,MIL,3133635,2.0,0.0,0.0
401433616,MIL,3135045,22.0,-3.1,-3.6
401433616,MIL,3908819,2.0,-1.4,-1.4
401433616,MIL,4231914,2.0,3.1,3.1
401433616,MIL,4277883,2.0,1.0,1.0
401434050,MIA,3033,28.0,8.3,8.5
401434050,MIA,6430,30.0,11.0,7.3
401434050,MIA,2527963,27.0,1.6,0.2
401434050,MIA,2580913,4.0,-2.7,-0.7
401434050,MIA,3074213,5.0,4.0,4.4
401434050,MIA,3137259,29.0,4.8,4.0
401434050,MIA,3138160,21.0,3.5,3.4
401434050,MIA,4065778,33.0,0.7,-0.1
401434050,MIA,4066261,34.0,26.7,22.1
401434050,MIA,4395725,29.0,22.3,22.3
401434050,PHI,3015,6.0,0.6,0.7
401434050,PHI,3442,17.0,2.6,1.4
401434050,PHI,3988,26.0,3.1,3.0
401434050,PHI,3992,35.0,9.7,8.1
401434050,PHI,6440,37.0,18.6,16.8
401434050,PHI,2990969,22.0,-3.0,-4.2
401434050,PHI,3907498,15.0,2.9,1.0
401434050,PHI,3915195,15.0,1.9,2.0
401434050,PHI,3929325,10.0,7.7,6.7
401434050,PHI,4278562,13.0,6.8,5.9
401434050,PHI,4395702,5.0,0.0,0.0
401434050,PHI,4397886,5.0,3.0,2.7
401434050,PHI,4431678,35.0,10.3,10.3
401434051,MIA,3033,26.0,1.7,1.6
401434051,MIA,6430,37.0,24.5,22.4
401434051,MIA,2527963,29.0,11.4,11.1
401434051,MIA,2580913,11.0,5.5,3.6
401434051,MIA,3074213,1.0,1.7,1.7
401434051,MIA,3137259,28.0,3.1,3.4
401434051,MIA,3138160,13.0,4.5,3.3
401434051,MIA,3157465,1.0,0.3,0.0
401434051,MIA,4065778,27.0,7.1,7.1
401434051,MIA,4066261,33.0,22.1,20.5
401434051,MIA,4291678,1.0,-0.7,-0.7
401434051,MIA,4395725,33.0,15.0,13.1
401434051,PHI,3442,13.0,6.9,6.5
401434051,PHI,3988,23.0,-2.4,-4.6
401434051,PHI,3992,41.0,15.6,15.9
401434051,PHI,6440,38.0,19.1,15.5
401434051,PHI,2990969,10.0,1.9,3.7
401434051,PHI,3907498,21.0,1.3,-0.3
401434051,PHI,3915195,1.0,0.3,0.3
401434051,PHI,3929325,18.0,3.2,3.3
401434051,PHI,4278562,25.0,5.1,2.3
401434051,PHI,4395702,1.0,-1.1,-1.0
401434051,PHI,4397886,1.0,1.0,0.0
401434051,PHI,4431678,43.0,26.2,24.0
401434051,PHI,4432164,1.0,0.0,0.0
401434052,MIA,3012,25.0,-0.3,-0.3
401434052,MIA,3033,35.0,6.8,4.5
401434052,MIA,6430,38.0,25.4,22.1
401434052,MIA,2527963,21.0,2.9,3.3
401434052,MIA,2580913,12.0,2.0,2.3
401434052,MIA,3074213,2.0,0.3,0.0
401434052,MIA,3137259,15.0,0.5,0.0
401434052,MIA,3138160,2.0,0.0,0.0
401434052,MIA,4065778,27.0,5.8,2.2
401434052,MIA,4066261,34.0,0.9,0.0
401434052,MIA,4291678,2.0,-0.7,-0.7
401434052,MIA,4395725,27.0,5.8,5.6
401434052,PHI,3988,34.0,16.5,15.5
401434052,PHI,3992,38.0,10.0,8.8
401434052,PHI,6440,39.0,8.9,7.2
401434052,PHI,2990969,9.0,0.5,-0.4
401434052,PHI,3059318,36.0,11.3,8.2
401434052,PHI,3907498,20.0,4.3,3.4
401434052,PHI,3915195,9.0,2.2,2.6
401434052,PHI,3929325,6.0,0.0,0.0
401434052,PHI,4278562,12.0,2.9,3.1
401434052,PHI,4431678,39.0,20.1,18.3
401434053,MIA,3012,30.0,3.2,1.1
401434053,MIA,3033,25.0,1.3,3.0
401434053,MIA,6430,42.0,37.9,34.0
401434053,MIA,6461,3.0,-2.2,-1.7
401434053,MIA,2527963,32.0,13.0,8.5
401434053,MIA,3137259,10.0,-2.3,-1.1
401434053,MIA,4065778,30.0,5.7,6.8
401434053,MIA,4066261,33.0,18.9,18.7
401434053,MIA,4395725,34.0,6.9,2.6
401434053,PHI,3988,24.0,8.4,6.7
401434053,PHI,3992,41.0,24.2,22.2
401434053,PHI,6440,35.0,10.1,9.2
401434053,PHI,2990969,21.0,7.9,8.1
401434053,PHI,3059318,38.0,16.7,14.9
401434053,PHI,3907498,15.0,4.3,4.4
401434053,PHI,3915195,13.0,1.8,1.6
401434053,PHI,4278562,10.0,1.2,1.7
401434053,PHI,4431678,42.0,14.9,15.5
401434054,MIA,3033,31.0,15.6,13.0
401434054,MIA,6430,35.0,22.0,20.0
401434054,MIA,2527963,18.0,9.2,7.1
401434054,MIA,2580913,12.0,-1.3,-0.7
401434054,MIA,3074213,8.0,3.7,2.7
401434054,MIA,3137259,28.0,15.6,13.5
401434054,MIA,3138160,11.0,1.3,-0.7
401434054,MIA,3157465,14.0,1.8,1.6
401434054,MIA,4065778,28.0,15.0,12.7
401434054,MIA,4066261,28.0,11.7,8.2
401434054,MIA,4291678,7.0,5.7,6.1
401434054,MIA,4395725,22.0,6.3,6.1
401434054,PHI,3988,21.0,2.6,2.4
401434054,PHI,3992,37.0,7.7,6.0
401434054,PHI,6440,33.0,4.3,4.2
401434054,PHI,2990969,16.0,-4.7,-4.2
401434054,PHI,3059318,33.0,13.3,11.5
401434054,PHI,3907498,11.0,2.3,2.7
401434054,PHI,3915195,20.0,4.9,3.6
401434054,PHI,3929325,8.0,3.7,2.7
401434054,PHI,4278562,16.0,11.1,8.6
401434054,PHI,4397886,7.0,-0.5,-0.7
401434054,PHI,4431678,32.0,2.6,1.5
401434054,PHI,4432164,7.0,1.6,1.0
401434055,MIA,3033,39.0,13.7,11.6
401434055,MIA,6430,43.0,22.5,18.3
401434055,MIA,2527963,20.0,2.7,1.7
401434055,MIA,2580913,12.0,3.3,3.4
401434055,MIA,3137259,27.0,4.0,2.8
401434055,MIA,3138160,5.0,2.0,0.0
401434055,MIA,3157465,4.0,-1.1,-0.7
401434055,MIA,4065778,40.0,17.4,15.8
401434055,MIA,4066261,34.0,10.2,6.2
401434055,MIA,4395725,16.0,6.6,5.0
401434055,PHI,3988,3.0,3.3,2.7
401434055,PHI,3992,43.0,10.0,8.6
401434055,PHI,6440,38.0,12.2,7.7
401434055,PHI,2990969,15.0,-1.1,-1.3
401434055,PHI,3059318,44.0,10.1,8.2
401434055,PHI,3907498,12.0,2.5,0.6
401434055,PHI,3915195,28.0,16.7,13.5
401434055,PHI,3929325,8.0,0.5,0.3
401434055,PHI,4278562,4.0,0.6,0.0
401434055,PHI,4395702,1.0,1.3,1.0
401434055,PHI,4431678,42.0,7.4,7.7
401434055,PHI,4432164,1.0,0.0,0.0
401434070,DAL,6426,8.0,2.9,2.0
401434070,DAL,2528779,33.0,2.3,1.9
401434070,DAL,2531367,16.0,2.2,2.7
401434070,DAL,2578185,40.0,11.4,10.7
401434070,DAL,2580782,30.0,8.5,6.4
401434070,DAL,2960236,25.0,14.5,13.9
401434070,DAL,3934672,31.0,6.7,6.7
401434070,DAL,3945274,44.0,34.1,30.8
401434070,DAL,4230547,2.0,0.7,0.7
401434070,DAL,4432811,10.0,-0.2,0.0
401434070,PHX,2779,29.0,15.8,13.8
401434070,PHX,3452,14.0,5.6,4.8
401434070,PHX,6581,28.0,9.4,8.9
401434070,PHX,2528693,3.0,-1.4,-1.7
401434070,PHX,3064230,19.0,8.4,7.5
401434070,PHX,3136193,38.0,20.6,18.5
401434070,PHX,3138196,24.0,11.8,11.8
401434070,PHX,3147657,42.0,14.8,13.2
401434070,PHX,3914044,9.0,0.2,0.0
401434070,PHX,4278129,33.0,19.7,17.9
401434110,DAL,6426,19.0,6.1,6.7
401434110,DAL,2528779,37.0,12.7,12.0
401434110,DAL,2531367,13.0,-1.0,1.0
401434110,DAL,2578185,20.0,1.1,1.7
401434110,DAL,2579260,5.0,2.7,1.7
401434110,DAL,2580782,28.0,5.5,5.9
401434110,DAL,2960236,28.0,9.6,7.4
401434110,DAL,3057187,5.0,3.3,2.0
401434110,DAL,3907487,5.0,5.0,5.0
401434110,DAL,3934672,28.0,1.5,0.9
401434110,DAL,3945274,36.0,24.4,23.0
401434110,DAL,4230547,5.0,3.0,3.4
401434110,DAL,4432811,12.0,-0.5,0.0
401434110,PHX,2779,36.0,25.8,23.8
401434110,PHX,3452,10.0,4.5,3.8
401434110,PHX,6427,18.0,8.2,7.4
401434110,PHX,6581,29.0,16.2,13.1
401434110,PHX,2528693,3.0,-0.1,-1.0
401434110,PHX,3059307,6.0,0.9,1.7
401434110,PHX,3064230,12.0,4.0,3.8
401434110,PHX,3136193,36.0,22.6,22.6
401434110,PHX,3138196,17.0,4.4,5.4
401434110,PHX,3147657,39.0,15.9,13.7
401434110,PHX,3914044,15.0,3.9,3.0
401434110,PHX,4278129,18.0,2.3,3.3
401434111,DAL,6426,7.0,-0.8,0.0
401434111,DAL,2528779,41.0,14.5,11.4
401434111,DAL,2531367,10.0,3.9,3.1
401434111,DAL,2578185,41.0,8.1,4.9
401434111,DAL,2580782,24.0,4.8,2.7
401434111,DAL,2960236,33.0,15.1,12.9
401434111,DAL,3934672,36.0,21.6,19.8
401434111,DAL,3945274,34.0,18.1,15.1
401434111,DAL,4230547,12.0,0.2,0.0
401434111,PHX,2779,37.0,5.8,4.9
401434111,PHX,3452,15.0,6.0,4.7
401434111,PHX,6581,36.0,18.6,14.9
401434111,PHX,3059307,1.0,0.0,0.0
401434111,PHX,3064230,14.0,-3.3,-1.7
401434111,PHX,3136193,40.0,9.9,9.7
401434111,PHX,3138196,16.0,5.6,5.0
401434111,PHX,3147657,38.0,8.1,6.0
401434111,PHX,3914044,11.0,5.0,3.4
401434111,PHX,3922230,1.0,-0.7,-0.7
401434111,PHX,4278129,33.0,14.9,12.8
401434112,DAL,6426,13.0,9.7,9.4
401434112,DAL,2528779,39.0,3.4,4.0
401434112,DAL,2531367,10.0,-1.7,-0.8
401434112,DAL,2578185,38.0,23.4,22.3
401434112,DAL,2580782,19.0,8.2,7.7
401434112,DAL,2960236,34.0,8.1,7.1
401434112,DAL,3057187,1.0,0.0,0.0
401434112,DAL,3907487,1.0,0.3,0.0
401434112,DAL,3934672,38.0,10.1,10.0
401434112,DAL,3945274,37.0,18.9,15.4
401434112,DAL,4230547,9.0,1.5,1.4
401434112,DAL,4432811,1.0,0.0,0.0
401434112,PHX,2779,23.0,6.0,5.9
401434112,PHX,3452,10.0,3.7,4.1
401434112,PHX,6427,5.0,2.0,1.7
401434112,PHX,6581,36.0,6.9,5.3
401434112,PHX,3059307,2.0,0.0,0.0
401434112,PHX,3064230,16.0,2.6,2.4
401434112,PHX,3136193,43.0,23.8,23.8
401434112,PHX,3138196,30.0,8.5,7.7
401434112,PHX,3147657,32.0,3.3,3.0
401434112,PHX,3914044,9.0,1.0,1.0
401434112,PHX,3922230,2.0,3.4,2.4
401434112,PHX,4278129,33.0,11.7,9.2
401434113,DAL,6426,19.0,9.3,8.4
401434113,DAL,2528779,35.0,-0.6,-3.1
401434113,DAL,2531367,8.0,-0.5,0.0
401434113,DAL,2578185,37.0,4.9,5.4
401434113,DAL,2579260,5.0,0.6,0.6
401434113,DAL,2580782,16.0,-2.9,-2.4
401434113,DAL,2960236,24.0,-0.9,-0.8
401434113,DAL,3057187,5.0,-1.2,-1.5
401434113,DAL,3907487,5.0,2.3,2.4
401434113,DAL,3934672,35.0,10.8,8.9
401434113,DAL,3945274,35.0,18.4,13.6
401434113,DAL,4230547,13.0,0.5,1.3
401434113,DAL,4432811,5.0,-0.5,-0.8
401434113,PHX,2779,35.0,6.4,5.6
401434113,PHX,3452,3.0,-1.9,-1.7
401434113,PHX,6427,21.0,6.2,5.4
401434113,PHX,6581,27.0,0.1,1.3
401434113,PHX,2528693,4.0,6.4,5.4
401434113,PHX,3059307,7.0,0.3,-0.3
401434113,PHX,3064230,4.0,-0.4,-0.7
401434113,PHX,3136193,35.0,20.7,18.1
401434113,PHX,3138196,25.0,11.6,9.4
401434113,PHX,3147657,34.0,13.7,8.7
401434113,PHX,3914044,19.0,9.2,7.7
401434113,PHX,3922230,4.0,4.4,4.8
401434113,PHX,4278129,22.0,17.6,17.0
401434114,DAL,4376,2.0,1.9,1.3
401434114,DAL,6426,8.0,2.2,1.9
401434114,DAL,2528779,40.0,15.8,13.4
401434114,DAL,2531367,17.0,8.1,7.3
401434114,DAL,2578185,25.0,2.8,2.6
401434114,DAL,2579260,2.0,0.0,0.0
401434114,DAL,2580782,21.0,13.1,12.2
401434114,DAL,2960236,25.0,6.4,7.1
401434114,DAL,3057187,3.0,1.3,0.0
401434114,DAL,3907487,2.0,2.3,2.0
401434114,DAL,3934672,35.0,15.3,12.0
401434114,DAL,3945274,35.0,27.9,22.5
401434114,DAL,4230547,21.0,2.1,-1.3
401434114,DAL,4432811,3.0,1.0,0.0
401434114,PHX,2779,36.0,8.5,8.2
401434114,PHX,6427,14.0,2.9,3.4
401434114,PHX,6581,29.0,6.0,7.4
401434114,PHX,2528693,15.0,3.8,3.7
401434114,PHX,3059307,4.0,-1.0,-1.0
401434114,PHX,3064230,4.0,-3.6,-3.1
401434114,PHX,3136193,39.0,6.9,5.0
401434114,PHX,3138196,20.0,3.5,3.3
401434114,PHX,3147657,31.0,6.6,5.1
401434114,PHX,3914044,17.0,-2.3,-2.4
401434114,PHX,4278129,30.0,14.2,12.7
401434115,DAL,4376,3.0,1.0,0.0
401434115,DAL,6426,14.0,-0.1,-1.4
401434115,DAL,2528779,32.0,1.7,0.6
401434115,DAL,2531367,20.0,4.9,3.8
401434115,DAL,2578185,30.0,6.3,4.4
401434115,DAL,2579260,5.0,3.3,3.4
401434115,DAL,2580782,25.0,27.9,25.3
401434115,DAL,2960236,21.0,6.0,3.4
401434115,DAL,3057187,4.0,-0.7,-1.7
401434115,DAL,3907487,7.0,0.9,1.3
401434115,DAL,3934672,30.0,19.7,18.6
401434115,DAL,3945274,30.0,31.5,28.0
401434115,DAL,4230547,13.0,0.1,-0.7
401434115,DAL,4432811,5.0,2.7,2.7
401434115,PHX,2779,31.0,8.5,8.4
401434115,PHX,3452,16.0,8.1,5.8
401434115,PHX,6427,12.0,4.3,3.4
401434115,PHX,6581,27.0,-0.3,-2.5
401434115,PHX,2528693,4.0,0.6,0.0
401434115,PHX,2583639,5.0,2.4,2.4
401434115,PHX,3059307,5.0,10.8,9.5
401434115,PHX,3064230,13.0,2.2,2.4
401434115,PHX,3136193,37.0,0.5,0.1
401434115,PHX,3138196,20.0,11.5,11.8
401434115,PHX,3147657,33.0,0.4,0.2
401434115,PHX,3914044,14.0,7.0,7.1
401434115,PHX,3922230,5.0,6.7,4.0
401434115,PHX,4278129,17.0,1.9,1.2
401434770,GSW,3975,37.0,14.2,14.6
401434770,GSW,6475,31.0,7.2,5.4
401434770,GSW,6589,17.0,6.3,2.1
401434770,GSW,2594922,23.0,6.8,3.8
401434770,GSW,2595209,3.0,0.0,-0.3
401434770,GSW,3059319,34.0,10.5,10.2
401434770,GSW,3134903,23.0,8.0,7.0
401434770,GSW,3155535,19.0,9.3,7.9
401434770,GSW,4277956,38.0,27.9,26.2
401434770,GSW,4433247,15.0,6.8,5.1
401434770,MEM,2993874,19.0,1.5,1.0
401434770,MEM,3134932,9.0,2.6,2.1
401434770,MEM,3135046,12.0,2.7,1.7
401434770,MEM,3155526,30.0,0.8,1.2
401434770,MEM,3906665,31.0,10.2,8.1
401434770,MEM,4066320,32.0,4.8,3.2
401434770,MEM,4066436,25.0,16.7,11.5
401434770,MEM,4277961,31.0,26.2,25.5
401434770,MEM,4277964,13.0,4.0,3.1
401434770,MEM,4279888,38.0,26.0,21.5
401434771,GSW,3975,39.0,19.0,16.6
401434771,GSW,6475,41.0,4.6,1.8
401434771,GSW,6589,32.0,6.7,5.3
401434771,GSW,2594922,21.0,5.7,4.1
401434771,GSW,2595209,8.0,1.0,0.7
401434771,GSW,3059319,38.0,10.4,8.7
401434771,GSW,3134903,3.0,0.6,0.6
401434771,GSW,3155535,9.0,3.4,2.6
401434771,GSW,4277956,34.0,11.8,13.2
401434771,GSW,4433247,14.0,7.2,6.0
401434771,MEM,2993874,16.0,0.6,0.6
401434771,MEM,3134932,4.0,0.7,0.7
401434771,MEM,3135046,21.0,2.5,-0.1
401434771,MEM,3155526,3.0,-1.5,-2.1
401434771,MEM,3906665,27.0,7.5,6.5
401434771,MEM,4066320,32.0,1.1,-0.4
401434771,MEM,4066436,26.0,4.2,-0.6
401434771,MEM,4277961,29.0,5.3,4.5
401434771,MEM,4277964,13.0,10.3,6.5
401434771,MEM,4279888,41.0,39.9,35.9
401434771,MEM,4433137,28.0,11.5,11.8
401434772,GSW,3975,35.0,27.0,26.2
401434772,GSW,4269,4.0,-1.1,-1.0
401434772,GSW,6475,35.0,17.5,15.2
401434772,GSW,6589,27.0,5.5,4.9
401434772,GSW,2594922,24.0,13.4,10.9
401434772,GSW,2595209,15.0,2.5,1.0
401434772,GSW,3059319,26.0,15.5,14.2
401434772,GSW,3155535,17.0,7.7,7.9
401434772,GSW,4277956,31.0,19.7,18.9
401434772,GSW,4401416,5.0,0.3,0.0
401434772,GSW,4432171,4.0,3.6,3.7
401434772,GSW,4433247,18.0,10.3,11.6
401434772,MEM,2991235,6.0,3.6,3.0
401434772,MEM,2993874,16.0,7.6,5.4
401434772,MEM,3134932,9.0,-2.8,-3.1
401434772,MEM,3135046,13.0,-0.8,-1.1
401434772,MEM,3906665,17.0,2.4,2.3
401434772,MEM,4066320,30.0,11.7,11.7
401434772,MEM,4066436,27.0,4.9,4.7
401434772,MEM,4277928,6.0,3.9,4.0
401434772,MEM,4277961,29.0,9.9,8.2
401434772,MEM,4277964,22.0,5.6,5.1
401434772,MEM,4279888,36.0,30.9,27.7
401434772,MEM,4433137,30.0,3.0,3.3
401434773,GSW,3975,38.0,22.0,20.7
401434773,GSW,6475,38.0,5.7,1.5
401434773,GSW,6589,33.0,4.9,3.2
401434773,GSW,2594922,26.0,11.2,9.8
401434773,GSW,2595209,13.0,-0.9,-1.8
401434773,GSW,3059319,39.0,16.4,12.5
401434773,GSW,3155535,15.0,9.5,6.1
401434773,GSW,4277956,32.0,7.7,7.4
401434773,GSW,4433247,5.0,1.7,0.7
401434773,MEM,2991235,27.0,13.6,10.0
401434773,MEM,2993874,23.0,17.7,14.0
401434773,MEM,3135046,41.0,15.0,12.8
401434773,MEM,3155526,39.0,2.5,2.3
401434773,MEM,3906665,12.0,3.4,1.7
401434773,MEM,4066320,37.0,9.3,6.8
401434773,MEM,4066436,9.0,-2.8,-3.1
401434773,MEM,4277961,34.0,14.1,9.4
401434773,MEM,4433137,18.0,4.9,3.0
401434774,GSW,3975,25.0,9.5,9.0
401434774,GSW,4269,20.0,3.5,3.4
401434774,GSW,6475,25.0,12.8,12.1
401434774,GSW,6589,22.0,3.5,2.5
401434774,GSW,2594922,12.0,-2.9,-2.1
401434774,GSW,2595209,24.0,6.9,7.1
401434774,GSW,3059319,19.0,0.4,0.6
401434774,GSW,3155535,16.0,3.8,2.1
401434774,GSW,4277956,20.0,-1.9,-2.7
401434774,GSW,4401416,16.0,2.5,0.3
401434774,GSW,4432171,17.0,8.0,6.4
401434774,GSW,4433247,24.0,9.1,9.3
401434774,MEM,2991235,22.0,10.1,8.4
401434774,MEM,2993874,19.0,11.0,8.2
401434774,MEM,3134932,16.0,10.1,8.1
401434774,MEM,3135046,24.0,25.3,22.1
401434774,MEM,3155526,24.0,9.1,8.0
401434774,MEM,3906665,14.0,11.7,11.1
401434774,MEM,4066320,24.0,17.3,16.4
401434774,MEM,4066436,24.0,10.4,7.4
401434774,MEM,4277928,12.0,-6.1,-5.5
401434774,MEM,4277961,25.0,20.9,18.2
401434774,MEM,4277964,12.0,0.6,-0.3
401434774,MEM,4433137,23.0,8.5,7.7
401434775,GSW,3975,40.0,17.5,14.2
401434775,GSW,4269,8.0,1.7,2.1
401434775,GSW,6475,42.0,21.5,18.1
401434775,GSW,6589,39.0,13.3,10.3
401434775,GSW,2595209,11.0,2.0,2.4
401434775,GSW,3059319,41.0,15.2,11.4
401434775,GSW,3155535,35.0,11.5,9.1
401434775,GSW,4277956,24.0,3.7,2.1
401434775,MEM,2991235,28.0,5.2,3.3
401434775,MEM,2993874,10.0,0.9,0.4
401434775,MEM,3135046,36.0,7.3,3.7
401434775,MEM,3155526,39.0,19.4,15.5
401434775,MEM,3906665,20.0,8.0,7.0
401434775,MEM,4066320,44.0,20.4,19.1
401434775,MEM,4066436,11.0,6.3,5.4
401434775,MEM,4277961,38.0,3.1,-0.1
401434775,MEM,4433137,13.0,2.3,1.0
401438130,BOS,2451037,20.0,9.0,8.2
401438130,BOS,3078576,29.0,0.1,1.0
401438130,BOS,3917376,43.0,17.0,14.8
401438130,BOS,4065648,44.0,21.8,15.4
401438130,BOS,4066211,28.0,17.8,15.5
401438130,BOS,4066218,35.0,3.0,3.7
401438130,BOS,4066354,30.0,13.1,11.7
401438130,BOS,4396909,11.0,-0.5,-2.4
401438130,MIA,3033,31.0,3.8,2.6
401438130,MIA,6430,41.0,43.2,37.1
401438130,MIA,2527963,15.0,1.0,-0.8
401438130,MIA,2580913,11.0,5.2,4.7
401438130,MIA,3137259,34.0,14.2,13.1
401438130,MIA,3138160,13.0,3.3,3.0
401438130,MIA,4065778,30.0,9.1,7.4
401438130,MIA,4066261,37.0,9.1,6.7
401438130,MIA,4395725,27.0,11.8,9.1
401438131,BOS,3213,33.0,10.1,7.9
401438131,BOS,2451037,6.0,2.7,2.4
401438131,BOS,2990992,40.0,26.0,20.6
401438131,BOS,2991042,4.0,3.0,2.7
401438131,BOS,3064560,5.0,2.0,1.7
401438131,BOS,3917376,33.0,18.4,18.2
401438131,BOS,3934721,5.0,0.2,0.6
401438131,BOS,4065648,32.0,23.3,21.6
401438131,BOS,4066211,20.0,6.2,3.4
401438131,BOS,4066218,32.0,16.3,16.4
401438131,BOS,4066354,23.0,8.2,7.4
401438131,BOS,4396909,7.0,-2.6,-2.1
401438131,MIA,3033,22.0,0.7,0.9
401438131,MIA,6430,33.0,22.7,22.6
401438131,MIA,2527963,26.0,7.8,6.5
401438131,MIA,2580913,13.0,2.2,2.4
401438131,MIA,3074213,6.0,3.0,2.4
401438131,MIA,3137259,24.0,8.8,9.1
401438131,MIA,3138160,18.0,3.2,3.3
401438131,MIA,3157465,14.0,7.6,4.4
401438131,MIA,4065778,26.0,5.1,2.3
401438131,MIA,4066261,29.0,5.7,5.1
401438131,MIA,4291678,6.0,-0.8,-0.7
401438131,MIA,4395725,24.0,5.6,5.4
401438132,BOS,3213,42.0,18.4,13.5
401438132,BOS,2451037,11.0,0.2,-0.7
401438132,BOS,2990992,37.0,10.0,11.5
401438132,BOS,3078576,14.0,1.3,0.0
401438132,BOS,3917376,42.0,28.5,25.5
401438132,BOS,4065648,41.0,-1.2,-1.5
401438132,BOS,4066218,39.0,6.8,6.3
401438132,BOS,4066354,13.0,5.1,5.5
401438132,MIA,3012,29.0,10.6,7.1
401438132,MIA,3033,38.0,17.1,13.1
401438132,MIA,6430,20.0,7.5,5.0
401438132,MIA,2527963,20.0,6.1,2.5
401438132,MIA,2580913,3.0,-0.6,0.0
401438132,MIA,3137259,19.0,0.5,-0.7
401438132,MIA,3138160,10.0,7.3,6.1
401438132,MIA,3157465,4.0,0.5,1.0
401438132,MIA,4065778,34.0,11.1,11.8
401438132,MIA,4066261,42.0,32.1,26.2
401438132,MIA,4395725,20.0,1.8,1.9
401438133,BOS,3213,33.0,12.8,7.5
401438133,BOS,2451037,9.0,3.6,2.7
401438133,BOS,2991042,2.0,2.0,2.0
401438133,BOS,3078576,41.0,11.3,5.2
401438133,BOS,3917376,29.0,0.9,1.4
401438133,BOS,3934721,2.0,0.0,0.0
401438133,BOS,4065648,34.0,26.1,23.4
401438133,BOS,4066211,19.0,16.2,13.6
401438133,BOS,4066218,37.0,3.7,3.6
401438133,BOS,4066354,25.0,11.8,11.1
401438133,BOS,4066467,2.0,0.0,0.0
401438133,BOS,4396909,9.0,4.0,2.4
401438133,MIA,3012,21.0,0.7,-1.4
401438133,MIA,3033,21.0,0.5,0.0
401438133,MIA,6430,27.0,-0.4,-0.8
401438133,MIA,2527963,30.0,17.0,17.3
401438133,MIA,2580913,11.0,2.1,3.4
401438133,MIA,3074213,5.0,1.3,1.0
401438133,MIA,3137259,27.0,5.6,4.7
401438133,MIA,3138160,25.0,9.1,8.7
401438133,MIA,3157465,23.0,10.3,8.3
401438133,MIA,4065778,15.0,-6.1,-4.9
401438133,MIA,4066261,28.0,4.9,5.0
401438133,MIA,4291678,5.0,0.7,0.7
401438134,BOS,3213,39.0,18.6,14.1
401438134,BOS,2990992,24.0,4.0,4.4
401438134,BOS,2991042,2.0,-1.4,-1.4
401438134,BOS,3064560,2.0,0.0,0.0
401438134,BOS,3078576,29.0,12.3,10.9
401438134,BOS,3917376,40.0,13.7,12.0
401438134,BOS,3934721,2.0,0.0,0.0
401438134,BOS,4065648,44.0,14.5,12.7
401438134,BOS,4066211,27.0,12.3,7.5
401438134,BOS,4066218,23.0,1.5,1.3
401438134,BOS,4066354,6.0,-1.1,-1.4
401438134,BOS,4066467,2.0,0.0,0.0
401438134,BOS,4396909,2.0,0.0,0.0
401438134,MIA,3012,25.0,-8.9,-7.2
401438134,MIA,3033,32.0,11.0,8.9
401438134,MIA,6430,40.0,9.7,6.9
401438134,MIA,2527963,15.0,-2.4,-5.9
401438134,MIA,3074213,2.0,1.7,1.7
401438134,MIA,3137259,23.0,8.6,7.4
401438134,MIA,3138160,15.0,6.2,4.7
401438134,MIA,3157465,28.0,6.3,6.3
401438134,MIA,4065778,20.0,-0.8,-0.2
401438134,MIA,4066261,38.0,15.3,14.6
401438134,MIA,4291678,2.0,0.0,-0.3
401438135,BOS,3213,33.0,0.2,-0.3
401438135,BOS,2990992,40.0,6.2,5.9
401438135,BOS,3078576,33.0,21.1,18.1
401438135,BOS,3917376,41.0,14.2,13.4
401438135,BOS,4065648,45.0,25.2,21.7
401438135,BOS,4066211,26.0,10.8,8.1
401438135,BOS,4066218,17.0,0.2,0.6
401438135,BOS,4066354,4.0,-1.1,-0.7
401438135,MIA,3012,37.0,15.7,15.2
401438135,MIA,3033,25.0,11.0,10.1
401438135,MIA,6430,46.0,45.9,39.8
401438135,MIA,2527963,22.0,7.5,5.3
401438135,MIA,3137259,17.0,0.8,1.0
401438135,MIA,3138160,12.0,0.5,1.4
401438135,MIA,3157465,5.0,-1.5,-0.7
401438135,MIA,4065778,34.0,2.2,4.0
401438135,MIA,4066261,41.0,4.9,2.5
401438136,BOS,3213,44.0,7.4,3.0
401438136,BOS,2990992,41.0,17.0,13.9
401438136,BOS,3078576,19.0,2.1,2.0
401438136,BOS,3917376,44.0,16.7,17.2
401438136,BOS,4065648,46.0,21.3,18.1
401438136,BOS,4066211,15.0,0.8,1.0
401438136,BOS,4066218,30.0,7.1,6.7
401438136,BOS,4066354,2.0,-0.4,0.0
401438136,MIA,3012,39.0,11.1,7.8
401438136,MIA,3033,17.0,-2.6,-4.1
401438136,MIA,6430,48.0,25.2,22.6
401438136,MIA,2527963,33.0,5.0,4.3
401438136,MIA,3137259,15.0,0.5,1.3
401438136,MIA,4065778,35.0,5.9,3.0
401438136,MIA,4066261,46.0,20.4,19.9
401438136,MIA,4395725,7.0,0.0,-0.7
401438944,DAL,6426,13.0,-0.9,-2.8
401438944,DAL,2528779,36.0,6.9,6.6
401438944,DAL,2531367,14.0,3.9,3.0
401438944,DAL,2578185,34.0,2.1,3.1
401438944,DAL,2579260,5.0,6.8,6.8
401438944,DAL,2580782,24.0,11.6,11.3
401438944,DAL,2960236,19.0,0.7,1.3
401438944,DAL,3057187,5.0,2.6,0.0
401438944,DAL,3907487,5.0,-0.1,0.0
401438944,DAL,3934672,32.0,8.4,6.9
401438944,DAL,3945274,35.0,7.1,4.4
401438944,DAL,4230547,10.0,-1.5,-1.4
401438944,DAL,4432811,8.0,0.6,0.3
401438944,GSW,3975,31.0,16.1,12.6
401438944,GSW,4269,5.0,-0.4,-0.3
401438944,GSW,6475,35.0,11.4,8.5
401438944,GSW,6589,29.0,12.3,8.8
401438944,GSW,2594922,23.0,9.8,7.8
401438944,GSW,2595209,12.0,2.8,1.7
401438944,GSW,3059319,35.0,12.0,10.3
401438944,GSW,3155535,28.0,13.2,11.7
401438944,GSW,4277956,26.0,14.9,15.6
401438944,GSW,4401416,5.0,-1.4,-2.0
401438944,GSW,4432171,5.0,2.7,2.7
401438944,GSW,4433247,5.0,1.2,-0.1
401438945,DAL,6426,7.0,5.7,4.4
401438945,DAL,2528779,44.0,15.4,16.1
401438945,DAL,2531367,8.0,0.3,0.0
401438945,DAL,2578185,42.0,8.3,6.6
401438945,DAL,2580782,22.0,1.6,-0.6
401438945,DAL,2960236,33.0,1.7,0.6
401438945,DAL,3934672,36.0,23.7,22.8
401438945,DAL,3945274,38.0,37.5,33.5
401438945,DAL,4230547,4.0,-2.5,-2.1
401438945,DAL,4432811,5.0,-0.8,-0.7
401438945,GSW,3975,37.0,23.0,22.2
401438945,GSW,6475,37.0,13.5,13.9
401438945,GSW,6589,28.0,1.1,1.7
401438945,GSW,2594922,24.0,14.6,11.9
401438945,GSW,2595209,5.0,-2.5,-1.7
401438945,GSW,3059319,38.0,11.9,10.9
401438945,GSW,3155535,32.0,21.8,20.1
401438945,GSW,4277956,29.0,20.8,19.3
401438945,GSW,4432171,10.0,2.0,2.4
401438946,DAL,6426,13.0,1.1,1.0
401438946,DAL,2528779,40.0,-3.0,-4.6
401438946,DAL,2531367,8.0,2.5,3.0
401438946,DAL,2578185,42.0,8.0,8.1
401438946,DAL,2580782,32.0,19.6,19.4
401438946,DAL,2960236,25.0,-1.9,-1.7
401438946,DAL,3934672,37.0,16.2,15.8
401438946,DAL,3945274,40.0,30.7,26.2
401438946,DAL,4230547,4.0,0.0,0.0
401438946,GSW,3975,39.0,25.6,26.4
401438946,GSW,6475,39.0,12.2,10.9
401438946,GSW,6589,37.0,8.5,6.2
401438946,GSW,2594922,7.0,1.3,1.0
401438946,GSW,3059319,40.0,23.2,23.3
401438946,GSW,3155535,29.0,13.8,11.6
401438946,GSW,4277956,28.0,9.0,7.4
401438946,GSW,4401416,5.0,-1.0,-1.0
401438946,GSW,4432171,16.0,-0.5,-0.1
401438947,DAL,6426,10.0,4.2,3.0
401438947,DAL,2528779,38.0,15.0,14.8
401438947,DAL,2531367,12.0,0.3,0.0
401438947,DAL,2578185,39.0,17.1,16.5
401438947,DAL,2580782,28.0,9.6,8.5
401438947,DAL,2960236,22.0,15.5,13.6
401438947,DAL,3934672,34.0,13.1,12.4
401438947,DAL,3945274,38.0,24.7,17.9
401438947,DAL,4230547,17.0,5.2,5.1
401438947,DAL,4432811,2.0,0.0,0.0
401438947,GSW,3975,33.0,16.5,14.8
401438947,GSW,4269,15.0,5.6,5.5
401438947,GSW,6475,28.0,8.8,7.3
401438947,GSW,6589,26.0,10.8,8.0
401438947,GSW,2595209,15.0,6.3,5.1
401438947,GSW,3059319,31.0,9.5,10.1
401438947,GSW,3155535,20.0,3.1,0.9
401438947,GSW,4277956,29.0,9.1,10.8
401438947,GSW,4432171,23.0,8.3,5.7
401438947,GSW,4433247,22.0,10.8,9.2
401438948,DAL,6426,4.0,1.9,2.0
401438948,DAL,2528779,38.0,6.6,5.4
401438948,DAL,2531367,7.0,3.3,3.4
401438948,DAL,2578185,39.0,11.9,9.5
401438948,DAL,2579260,2.0,4.7,4.7
401438948,DAL,2580782,32.0,21.2,21.4
401438948,DAL,2960236,27.0,8.4,5.4
401438948,DAL,3057187,2.0,4.4,3.4
401438948,DAL,3907487,2.0,-1.0,-1.0
401438948,DAL,3934672,30.0,5.6,6.2
401438948,DAL,3945274,40.0,14.7,12.5
401438948,DAL,4230547,14.0,5.9,4.7
401438948,DAL,4432811,2.0,0.0,0.0
401438948,GSW,3975,35.0,13.2,9.4
401438948,GSW,4269,22.0,6.5,6.5
401438948,GSW,6475,37.0,21.2,21.1
401438948,GSW,6589,31.0,18.7,18.5
401438948,GSW,2595209,2.0,0.0,0.0
401438948,GSW,3059319,40.0,14.8,12.1
401438948,GSW,3155535,31.0,17.0,14.1
401438948,GSW,4277956,28.0,15.6,14.0
401438948,GSW,4401416,2.0,0.0,0.0
401438948,GSW,4432171,11.0,6.0,5.7
401438948,GSW,4433247,2.0,-0.4,0.0
401442530,BOS,3213,33.0,23.3,21.6
401442530,BOS,2451037,6.0,3.0,2.7
401442530,BOS,2990992,30.0,19.4,16.6
401442530,BOS,2991042,1.0,0.0,0.0
401442530,BOS,3078576,32.0,14.9,15.8
401442530,BOS,3917376,38.0,16.6,12.8
401442530,BOS,3934721,1.0,0.0,0.0
401442530,BOS,4065648,42.0,9.3,7.6
401442530,BOS,4065804,1.0,0.0,0.0
401442530,BOS,4066211,24.0,10.8,6.2
401442530,BOS,4066218,16.0,1.2,0.7
401442530,BOS,4066354,16.0,9.6,8.5
401442530,BOS,4066467,1.0,0.0,0.0
401442530,BOS,4396909,1.0,0.0,0.0
401442530,GSW,2386,12.0,5.3,6.5
401442530,GSW,3975,38.0,25.7,22.4
401442530,GSW,4269,1.0,3.4,3.4
401442530,GSW,6475,39.0,10.7,10.4
401442530,GSW,6589,38.0,-0.2,-2.2
401442530,GSW,2594922,24.0,12.3,9.1
401442530,GSW,2595209,1.0,-0.7,-0.7
401442530,GSW,3059319,35.0,15.5,12.4
401442530,GSW,3155535,25.0,10.3,7.3
401442530,GSW,4277956,25.0,2.5,2.3
401442530,GSW,4401416,1.0,0.7,0.7
401442530,GSW,4432171,1.0,0.0,0.0
401442530,GSW,4433247,1.0,0.0,0.0
401442531,BOS,3213,28.0,1.4,-0.3
401442531,BOS,2451037,14.0,1.2,-1.0
401442531,BOS,2990992,25.0,-3.3,-3.3
401442531,BOS,2991042,4.0,3.6,2.7
401442531,BOS,3064560,4.0,2.4,2.4
401442531,BOS,3078576,30.0,6.1,3.6
401442531,BOS,3917376,28.0,7.4,6.8
401442531,BOS,4065648,34.0,17.6,15.9
401442531,BOS,4065804,6.0,2.7,2.7
401442531,BOS,4066211,14.0,3.6,2.4
401442531,BOS,4066218,21.0,5.5,5.7
401442531,BOS,4066354,19.0,3.3,1.7
401442531,BOS,4066467,4.0,2.7,2.7
401442531,BOS,4396909,11.0,5.0,3.4
401442531,GSW,3975,32.0,22.3,18.3
401442531,GSW,4269,11.0,4.7,3.4
401442531,GSW,6475,30.0,0.5,-2.0
401442531,GSW,6589,35.0,12.8,10.8
401442531,GSW,2594922,15.0,7.3,4.1
401442531,GSW,2595209,4.0,-0.7,-0.7
401442531,GSW,3059319,31.0,5.4,5.3
401442531,GSW,3134903,25.0,7.9,8.1
401442531,GSW,3155535,21.0,17.0,12.3
401442531,GSW,4277956,23.0,10.9,8.7
401442531,GSW,4401416,4.0,0.3,-0.3
401442531,GSW,4432171,6.0,1.7,1.7
401442531,GSW,4433247,4.0,0.0,0.0
401442532,BOS,3213,30.0,15.6,13.6
401442532,BOS,2990992,39.0,14.7,14.4
401442532,BOS,2991042,2.0,-0.7,-0.7
401442532,BOS,3078576,24.0,3.5,2.3
401442532,BOS,3917376,40.0,24.3,22.6
401442532,BOS,3934721,2.0,0.0,0.0
401442532,BOS,4065648,41.0,19.8,18.1
401442532,BOS,4065804,2.0,-0.7,-0.7
401442532,BOS,4066211,26.0,14.9,8.2
401442532,BOS,4066218,20.0,8.2,7.4
401442532,BOS,4066354,10.0,1.7,1.7
401442532,BOS,4066467,2.0,0.0,0.0
401442532,BOS,4396909,2.0,-0.4,-0.7
401442532,GSW,2386,2.0,0.0,0.0
401442532,GSW,3975,37.0,20.4,18.8
401442532,GSW,4269,3.0,0.0,0.0
401442532,GSW,6475,39.0,20.2,18.0
401442532,GSW,6589,35.0,-0.4,0.4
401442532,GSW,2594922,21.0,7.8,7.2
401442532,GSW,2595209,2.0,-0.7,-0.7
401442532,GSW,3059319,40.0,11.9,8.3
401442532,GSW,3134903,11.0,1.8,1.3
401442532,GSW,3155535,17.0,5.6,5.6
401442532,GSW,4277956,24.0,4.8,4.7
401442532,GSW,4401416,2.0,-1.0,-1.0
401442532,GSW,4432171,2.0,0.7,0.0
401442532,GSW,4433247,2.0,0.3,0.0
401442533,BOS,3213,28.0,7.7,6.4
401442533,BOS,2990992,40.0,14.9,11.1
401442533,BOS,3078576,36.0,8.2,6.9
401442533,BOS,3917376,40.0,11.9,11.7
401442533,BOS,4065648,43.0,13.9,9.6
401442533,BOS,4066211,31.0,16.1,11.3
401442533,BOS,4066218,13.0,0.7,2.0
401442533,BOS,4066354,10.0,-1.5,-1.8
401442533,GSW,3975,41.0,30.4,29.2
401442533,GSW,4269,9.0,-1.1,-2.4
401442533,GSW,6475,41.0,10.4,9.3
401442533,GSW,6589,33.0,8.6,4.6
401442533,GSW,2594922,15.0,1.2,1.3
401442533,GSW,3059319,43.0,13.1,9.0
401442533,GSW,3134903,10.0,5.9,3.7
401442533,GSW,3155535,28.0,8.2,5.6
401442533,GSW,4277956,21.0,7.4,7.0
401442534,BOS,3213,33.0,7.0,5.0
401442534,BOS,2990992,40.0,8.6,9.3
401442534,BOS,2991042,1.0,0.0,0.0
401442534,BOS,3064560,1.0,3.0,2.7
401442534,BOS,3078576,21.0,0.8,-0.1
401442534,BOS,3917376,44.0,8.5,6.5
401442534,BOS,3934721,1.0,0.3,0.0
401442534,BOS,4065648,44.0,16.0,14.2
401442534,BOS,4065804,1.0,0.7,0.7
401442534,BOS,4066211,30.0,12.3,11.6
401442534,BOS,4066218,16.0,1.8,0.7
401442534,BOS,4066354,5.0,-2.8,-3.1
401442534,BOS,4396909,1.0,2.6,2.6
401442534,GSW,2386,4.0,1.4,1.4
401442534,GSW,3975,37.0,10.0,7.6
401442534,GSW,4269,5.0,-0.1,0.0
401442534,GSW,6475,40.0,15.7,14.4
401442534,GSW,6589,35.0,8.3,7.9
401442534,GSW,2594922,15.0,0.8,0.3
401442534,GSW,2595209,1.0,-0.7,-0.7
401442534,GSW,3059319,43.0,20.9,16.4
401442534,GSW,3134903,26.0,15.5,12.5
401442534,GSW,3155535,17.0,1.7,2.8
401442534,GSW,4277956,14.0,8.6,9.0
401442534,GSW,4401416,1.0,-0.8,0.0
401442534,GSW,4432171,1.0,0.0,0.0
401442534,GSW,4433247,1.0,-0.7,-0.7
401442535,BOS,3213,39.0,21.9,16.3
401442535,BOS,2990992,38.0,7.7,6.2
401442535,BOS,2991042,1.0,-0.7,-0.7
401442535,BOS,3064560,1.0,-0.7,-1.0
401442535,BOS,3078576,16.0,-1.5,-1.4
401442535,BOS,3917376,44.0,22.1,20.1
401442535,BOS,3934721,1.0,0.0,0.0
401442535,BOS,4065648,40.0,6.1,2.7
401442535,BOS,4065804,1.0,0.0,0.0
401442535,BOS,4066211,33.0,12.2,8.9
401442535,BOS,4066218,16.0,2.3,1.7
401442535,BOS,4066354,8.0,-1.0,-1.0
401442535,BOS,4396909,1.0,-0.4,0.0
401442535,GSW,2386,1.0,0.0,0.0
401442535,GSW,3975,40.0,30.2,27.0
401442535,GSW,6475,41.0,0.7,-1.6
401442535,GSW,6589,42.0,15.8,10.4
401442535,GSW,2594922,13.0,5.0,4.7
401442535,GSW,3059319,44.0,17.8,10.8
401442535,GSW,3134903,20.0,6.0,3.7
401442535,GSW,3155535,22.0,1.2,2.5
401442535,GSW,4277956,18.0,10.1,10.7
