game_id,team,athlete_id,minutes,gs,os
401703370,ATL,2580365,27.0,18.9,17.6
401703370,ATL,3102529,17.0,20.5,17.6
401703370,ATL,3913180,23.0,1.9,1.4
401703370,ATL,4279118,32.0,2.9,2.7
401703370,ATL,4431680,31.0,10.3,11.3
401703370,ATL,4593041,5.0,1.7,1.7
401703370,ATL,4701230,39.0,20.5,15.4
401703370,ATL,4869342,41.0,21.9,16.2
401703370,ATL,5211175,25.0,6.6,3.2
401703370,BOS,3213,26.0,6.9,6.1
401703370,BOS,3995,29.0,9.5,8.9
401703370,BOS,3064560,4.0,3.0,1.4
401703370,BOS,3078576,38.0,27.0,25.3
401703370,BOS,3917376,36.0,23.1,22.4
401703370,BOS,4065648,37.0,14.4,11.4
401703370,BOS,4065804,19.0,5.0,3.7
401703370,BOS,4066354,25.0,4.1,1.6
401703370,BOS,4397424,21.0,2.3,0.4
401703370,BOS,4683689,4.0,-0.7,-0.7
401703371,DET,6440,40.0,15.0,12.5
401703371,DET,2528210,19.0,8.2,8.7
401703371,DET,3899664,23.0,5.9,6.1
401703371,DET,3907822,35.0,10.3,8.9
401703371,DET,4432166,38.0,15.3,12.2
401703371,DET,4432810,23.0,15.9,14.2
401703371,DET,4433218,41.0,13.6,12.9
401703371,DET,4433621,30.0,12.5,9.9
401703371,DET,4683771,16.0,2.9,2.7
401703371,MIA,3449,10.0,1.2,0.6
401703371,MIA,2581190,8.0,4.4,4.4
401703371,MIA,3074752,40.0,0.4,-1.1
401703371,MIA,3157465,36.0,11.7,7.7
401703371,MIA,4066261,44.0,20.7,18.6
401703371,MIA,4291678,36.0,9.6,6.7
401703371,MIA,4395725,42.0,35.6,31.3
401703371,MIA,4432848,25.0,13.3,11.6
401703371,MIA,4601025,13.0,-0.3,0.3
401703371,MIA,4997528,3.0,0.6,0.7
401703371,MIA,5105623,9.0,3.2,3.0
401703372,CHA,3986,14.0,0.9,1.1
401703372,CHA,2326307,6.0,-1.1,-1.0
401703372,CHA,3102532,14.0,1.3,-0.2
401703372,CHA,3138161,19.0,6.3,4.4
401703372,CHA,4066218,31.0,11.0,8.6
401703372,CHA,4397119,2.0,-1.4,-1.4
401703372,CHA,4432811,29.0,-4.7,-4.0
401703372,CHA,4432816,35.0,24.2,23.9
401703372,CHA,4433249,30.0,19.7,13.0
401703372,CHA,4433287,38.0,-1.8,-3.5
401703372,CHA,4683686,2.0,0.0,0.0
401703372,CHA,5211176,21.0,-0.1,-0.5
401703372,ORL,6446,2.0,0.3,0.0
401703372,ORL,2581018,25.0,3.2,3.7
401703372,ORL,2999547,17.0,2.6,0.0
401703372,ORL,3150844,24.0,17.7,15.2
401703372,ORL,4065654,14.0,10.0,6.8
401703372,ORL,4348700,20.0,7.6,7.4
401703372,ORL,4409222,2.0,0.9,1.3
401703372,ORL,4432165,28.0,13.5,10.8
401703372,ORL,4432809,10.0,4.8,4.0
401703372,ORL,4433623,4.0,0.3,0.0
401703372,ORL,4566434,32.0,26.2,21.9
401703372,ORL,4702382,32.0,6.2,3.7
401703372,ORL,4712849,25.0,2.8,1.5
401703372,ORL,5105806,6.0,-0.5,0.3
401703373,NYK,3062679,37.0,18.3,14.5
401703373,NYK,3064230,9.0,1.1,1.7
401703373,NYK,3136195,38.0,20.0,16.5
401703373,NYK,3147657,35.0,12.7,9.5
401703373,NYK,3908336,9.0,-2.1,-2.1
401703373,NYK,3934672,35.0,8.5,7.0
401703373,NYK,3934719,41.0,21.7,18.6
401703373,NYK,4277922,10.0,3.3,3.1
401703373,NYK,4431823,26.0,11.9,9.4
401703373,PHI,3012,26.0,3.5,3.0
401703373,PHI,4251,32.0,23.7,18.5
401703373,PHI,6585,18.0,5.2,4.0
401703373,PHI,3059318,26.0,8.4,8.3
401703373,PHI,3133603,29.0,2.5,1.6
401703373,PHI,3138160,36.0,17.7,13.9
401703373,PHI,4017844,19.0,-1.1,-3.1
401703373,PHI,4066786,22.0,0.2,-1.4
401703373,PHI,4683778,30.0,14.9,14.7
401703373,PHI,4701234,1.0,0.0,0.0
401703373,PHI,5105637,1.0,0.0,0.0
401703374,MIL,3448,37.0,12.7,8.7
401703374,MIL,2578239,20.0,3.7,1.9
401703374,MIL,2990962,22.0,5.6,5.4
401703374,MIL,3032977,33.0,21.1,18.2
401703374,MIL,3064447,24.0,7.0,1.7
401703374,MIL,3064482,18.0,10.9,9.4
401703374,MIL,4277843,6.0,-1.1,-1.4
401703374,MIL,4279532,2.0,0.7,0.0
401703374,MIL,4397475,30.0,8.4,6.3
401703374,MIL,4432179,2.0,-2.0,-2.0
401703374,MIL,4432190,18.0,1.5,0.4
401703374,MIL,4433622,2.0,-0.7,-0.7
401703374,MIL,4591725,22.0,11.4,6.0
401703374,MIL,5167876,2.0,3.0,2.7
401703374,MIL,5170947,2.0,-0.3,-0.3
401703374,TOR,4023,2.0,0.0,0.0
401703374,TOR,3134908,28.0,10.4,6.4
401703374,TOR,3948153,20.0,6.9,6.0
401703374,TOR,4277952,18.0,12.0,8.2
401703374,TOR,4278053,33.0,3.6,1.8
401703374,TOR,4395625,31.0,-1.1,-4.5
401703374,TOR,4397018,35.0,5.3,2.0
401703374,TOR,4431893,12.0,3.0,2.7
401703374,TOR,4432241,12.0,-0.7,-2.0
401703374,TOR,5106258,38.0,21.6,19.8
401703374,TOR,5107897,11.0,1.0,-0.3
401703375,PHX,6580,29.0,19.9,17.5
401703375,PHX,2488653,26.0,17.8,14.2
401703375,PHX,2583632,24.0,7.8,4.9
401703375,PHX,3059310,15.0,2.0,1.0
401703375,PHX,3135045,26.0,8.9,8.6
401703375,PHX,3135046,33.0,6.1,6.5
401703375,PHX,3136193,34.0,27.8,24.1
401703375,PHX,4065663,12.0,1.9,0.3
401703375,PHX,4601023,21.0,8.5,5.5
401703375,PHX,4888725,20.0,6.5,5.7
401703375,UTA,2528426,30.0,15.9,13.9
401703375,UTA,3908845,34.0,29.2,24.1
401703375,UTA,3914285,3.0,5.1,4.8
401703375,UTA,4066336,31.0,13.4,13.5
401703375,UTA,4277811,31.0,10.4,10.4
401703375,UTA,4432817,13.0,-0.5,0.0
401703375,UTA,4433627,33.0,3.9,3.6
401703375,UTA,4683766,15.0,2.6,3.1
401703375,UTA,4684793,23.0,17.1,14.2
401703375,UTA,4895758,15.0,-0.4,-1.0
401703375,UTA,5105839,10.0,-0.7,-1.0
401703376,DAL,6442,36.0,13.2,13.9
401703376,DAL,6475,34.0,12.2,13.0
401703376,DAL,2580782,11.0,-0.7,-0.7
401703376,DAL,3945274,41.0,21.1,16.5
401703376,DAL,4278049,24.0,12.4,13.2
401703376,DAL,4278594,22.0,3.9,3.4
401703376,DAL,4397014,29.0,7.9,6.1
401703376,DAL,4683688,24.0,11.3,10.0
401703376,DAL,4868423,19.0,6.0,4.8
401703376,GSW,3975,35.0,29.0,25.6
401703376,GSW,6589,32.0,17.5,11.8
401703376,GSW,2990984,21.0,9.6,7.3
401703376,GSW,3059319,34.0,7.0,5.3
401703376,GSW,3134903,7.0,-0.4,-0.7
401703376,GSW,3155535,15.0,8.4,7.6
401703376,GSW,4066436,26.0,10.6,9.5
401703376,GSW,4431684,14.0,9.8,7.0
401703376,GSW,4432171,12.0,2.2,0.6
401703376,GSW,4433247,28.0,13.1,12.0
401703376,GSW,4709138,17.0,2.2,2.7
401703377,MIN,3195,24.0,9.3,6.5
401703377,MIN,3032976,33.0,9.4,6.1
401703377,MIN,3064514,29.0,3.9,5.0
401703377,MIN,3934673,18.0,0.2,-2.0
401703377,MIN,4278039,27.0,6.3,3.7
401703377,MIN,4396971,34.0,21.0,19.8
401703377,MIN,4431671,36.0,14.2,11.3
401703377,MIN,4594268,37.0,18.9,17.0
401703377,MIN,4687718,2.0,0.3,0.7
401703377,POR,2991070,39.0,14.9,14.7
401703377,POR,4066211,25.0,24.9,18.1
401703377,POR,4351851,5.0,1.3,1.0
401703377,POR,4397885,24.0,8.6,6.5
401703377,POR,4431736,38.0,12.3,10.9
401703377,POR,4683021,25.0,16.2,14.1
401703377,POR,4683678,21.0,11.1,8.8
401703377,POR,4914336,33.0,12.1,10.1
401703377,POR,5099752,9.0,3.0,2.7
401703377,POR,5105565,21.0,3.0,2.4
401703378,IND,2530530,17.0,10.3,8.8
401703378,IND,3133628,28.0,8.1,5.3
401703378,IND,3149673,30.0,8.5,8.4
401703378,IND,4278355,21.0,17.1,16.2
401703378,IND,4396993,29.0,17.2,16.3
401703378,IND,4433076,29.0,9.1,7.1
401703378,IND,4592699,13.0,0.7,1.3
401703378,IND,4592829,10.0,5.5,3.8
401703378,IND,4683634,29.0,1.4,1.3
401703378,IND,5106060,25.0,8.6,4.9
401703378,IND,5157066,9.0,0.4,-0.6
401703378,MIA,3449,12.0,18.9,13.9
401703378,MIA,2581190,25.0,3.6,2.3
401703378,MIA,3074752,23.0,6.2,4.3
401703378,MIA,3157465,23.0,4.4,3.9
401703378,MIA,4066261,39.0,32.5,25.3
401703378,MIA,4291678,25.0,13.8,12.9
401703378,MIA,4395725,34.0,12.0,11.4
401703378,MIA,4432848,25.0,11.2,9.1
401703378,MIA,4997528,30.0,10.5,8.8
401703378,MIA,5105623,4.0,-0.4,-0.7
401703379,ORL,6446,1.0,0.3,0.7
401703379,ORL,2581018,33.0,3.1,1.6
401703379,ORL,2999547,14.0,0.6,0.0
401703379,ORL,3150844,20.0,13.7,11.8
401703379,ORL,4065654,25.0,11.4,9.4
401703379,ORL,4348700,27.0,0.6,-1.9
401703379,ORL,4432165,34.0,10.7,9.4
401703379,ORL,4432809,4.0,-2.8,-2.4
401703379,ORL,4433623,1.0,-0.4,-0.7
401703379,ORL,4566434,41.0,27.9,23.8
401703379,ORL,4702382,18.0,4.8,3.3
401703379,ORL,4712849,20.0,0.2,-0.7
401703379,ORL,5105806,1.0,3.3,2.7
401703379,PHI,3012,28.0,6.4,3.4
401703379,PHI,3431,16.0,1.2,-0.7
401703379,PHI,4251,36.0,9.0,4.9
401703379,PHI,6585,4.0,1.2,0.0
401703379,PHI,3059318,33.0,10.6,7.6
401703379,PHI,3133603,26.0,3.0,2.7
401703379,PHI,3138160,33.0,-1.7,-1.3
401703379,PHI,4017844,24.0,2.8,2.7
401703379,PHI,4066786,5.0,1.2,1.3
401703379,PHI,4431828,1.0,2.3,2.3
401703379,PHI,4683778,31.0,22.2,24.6
401703379,PHI,4701234,1.0,0.3,0.0
401703379,PHI,5105637,1.0,0.3,0.0
401703380,DET,6440,28.0,6.5,5.4
401703380,DET,3907822,30.0,13.8,12.7
401703380,DET,4432107,17.0,5.2,2.0
401703380,DET,4432166,36.0,8.1,6.7
401703380,DET,4432810,24.0,4.8,2.4
401703380,DET,4433218,28.0,10.2,7.5
401703380,DET,4433621,24.0,10.6,10.1
401703380,DET,4592187,30.0,10.7,7.8
401703380,DET,4683771,21.0,8.8,4.3
401703380,TOR,4023,2.0,-1.4,-1.0
401703380,TOR,3134908,35.0,26.6,22.7
401703380,TOR,3948153,14.0,1.5,-1.7
401703380,TOR,4277952,10.0,0.9,0.3
401703380,TOR,4278053,33.0,5.8,1.7
401703380,TOR,4395625,35.0,18.6,17.4
401703380,TOR,4397018,36.0,1.9,0.5
401703380,TOR,4431893,14.0,7.7,7.4
401703380,TOR,4432241,10.0,2.2,2.7
401703380,TOR,5106258,35.0,3.8,2.7
401703380,TOR,5107897,16.0,0.9,-1.0
401703381,ATL,2580365,13.0,0.9,-0.7
401703381,ATL,3102529,22.0,10.0,9.1
401703381,ATL,3913180,12.0,10.7,10.4
401703381,ATL,4065732,21.0,14.3,14.6
401703381,ATL,4277905,33.0,7.1,7.7
401703381,ATL,4279118,15.0,3.7,1.4
401703381,ATL,4431680,26.0,13.8,8.5
401703381,ATL,4701230,35.0,18.9,14.0
401703381,ATL,4869342,36.0,29.3,21.7
401703381,ATL,5211175,27.0,4.4,4.2
401703381,WAS,6477,17.0,3.2,2.7
401703381,WAS,3134907,29.0,8.1,5.5
401703381,WAS,4277956,29.0,16.9,15.4
401703381,WAS,4280151,32.0,11.8,9.7
401703381,WAS,4432356,7.0,0.9,-1.4
401703381,WAS,4845374,37.0,9.4,9.5
401703381,WAS,5104155,38.0,8.0,6.1
401703381,WAS,5160992,31.0,20.9,15.5
401703381,WAS,5174563,20.0,9.5,8.7
401703382,CHI,6478,33.0,19.6,17.6
401703382,CHI,3064440,37.0,3.6,3.7
401703382,CHI,4395651,30.0,20.9,19.8
401703382,CHI,4396991,1.0,0.0,0.0
401703382,CHI,4397002,26.0,13.1,12.2
401703382,CHI,4397189,14.0,6.3,5.4
401703382,CHI,4431687,34.0,19.6,17.7
401703382,CHI,4432821,1.0,0.0,0.0
401703382,CHI,4433159,18.0,2.7,1.7
401703382,CHI,4592402,1.0,1.7,1.7
401703382,CHI,4711294,8.0,9.4,8.1
401703382,CHI,4871145,15.0,0.5,0.2
401703382,CHI,5105553,21.0,2.6,0.2
401703382,CLE,6474,5.0,-0.1,0.3
401703382,CLE,2990969,25.0,11.6,9.4
401703382,CLE,2991043,26.0,21.5,21.7
401703382,CLE,3908809,34.0,30.8,27.1
401703382,CLE,3912848,29.0,6.2,2.3
401703382,CLE,4065733,19.0,6.2,6.1
401703382,CLE,4066328,37.0,25.8,18.7
401703382,CLE,4396907,34.0,22.4,21.3
401703382,CLE,4432822,26.0,6.3,4.1
401703382,CLE,4701233,6.0,-0.1,0.0
401703383,BKN,2578185,32.0,14.3,13.4
401703383,BKN,3032979,34.0,10.4,8.3
401703383,BKN,3138196,36.0,17.2,14.7
401703383,BKN,3907387,25.0,7.9,5.5
401703383,BKN,3915195,6.0,0.9,1.7
401703383,BKN,4431714,16.0,2.7,3.3
401703383,BKN,4432174,39.0,32.8,31.3
401703383,BKN,4432192,12.0,6.2,5.4
401703383,BKN,4433137,28.0,5.1,4.0
401703383,BKN,4712896,13.0,2.2,3.4
401703383,NYK,3062679,40.0,18.1,14.6
401703383,NYK,3064230,19.0,3.9,3.2
401703383,NYK,3147657,41.0,19.5,16.9
401703383,NYK,3934672,34.0,28.2,28.9
401703383,NYK,3934719,39.0,16.8,15.1
401703383,NYK,4277922,18.0,6.3,5.5
401703383,NYK,4433225,7.0,-1.9,-2.1
401703383,NYK,4871141,30.0,7.0,4.8
401703383,NYK,5211983,12.0,7.6,4.7
401703384,LAL,1966,38.0,15.8,10.3
401703384,LAL,6583,36.0,33.6,29.5
401703384,LAL,3136776,30.0,13.7,10.5
401703384,LAL,3137259,20.0,7.2,4.3
401703384,LAL,4066457,32.0,17.3,17.9
401703384,LAL,4395627,19.0,-3.3,-2.1
401703384,LAL,4431778,10.0,0.2,1.0
401703384,LAL,4432582,30.0,12.4,9.1
401703384,LAL,4897943,26.0,10.0,9.4
401703384,SAS,2779,29.0,15.5,13.7
401703384,SAS,6578,27.0,8.5,7.0
401703384,SAS,4066650,14.0,5.7,5.9
401703384,SAS,4278580,6.0,-0.4,-0.3
401703384,SAS,4395630,22.0,11.9,11.8
401703384,SAS,4395723,27.0,7.7,6.7
401703384,SAS,4565201,6.0,0.3,0.3
401703384,SAS,4592479,31.0,9.0,7.4
401703384,SAS,4683935,8.0,-1.8,-2.1
401703384,SAS,4845367,33.0,18.7,18.4
401703384,SAS,5104157,34.0,21.6,17.3
401703385,HOU,2991230,33.0,17.8,15.3
401703385,HOU,2991235,7.0,-0.4,-1.0
401703385,HOU,3136777,3.0,1.2,1.0
401703385,HOU,3146557,3.0,0.0,0.0
401703385,HOU,3155526,33.0,8.7,10.4
401703385,HOU,3911893,3.0,-0.4,0.0
401703385,HOU,3922230,9.0,5.7,5.4
401703385,HOU,4432639,35.0,26.5,23.3
401703385,HOU,4433192,22.0,14.8,12.8
401703385,HOU,4437244,22.0,0.7,-0.4
401703385,HOU,4684740,25.0,10.5,8.7
401703385,HOU,4711272,12.0,-1.9,-2.1
401703385,HOU,4871144,33.0,22.9,17.9
401703385,LAC,3416,4.0,0.4,-0.3
401703385,LAC,3992,31.0,11.7,10.4
401703385,LAC,2595516,29.0,2.4,1.8
401703385,LAC,2991139,19.0,9.6,8.4
401703385,LAC,3907823,13.0,0.0,-0.4
401703385,LAC,3936099,23.0,1.4,-1.8
401703385,LAC,4017837,30.0,3.5,2.0
401703385,LAC,4066387,27.0,10.0,8.1
401703385,LAC,4396818,10.0,10.6,10.3
401703385,LAC,4397140,25.0,8.4,7.5
401703385,LAC,4431699,11.0,3.9,3.1
401703385,LAC,4431752,10.0,3.1,1.9
401703385,LAC,4592492,8.0,5.9,4.3
401703386,DEN,3468,22.0,4.5,4.8
401703386,DEN,3032978,34.0,6.0,4.5
401703386,DEN,3936299,43.0,16.2,12.8
401703386,DEN,4230557,8.0,2.7,1.7
401703386,DEN,4278104,39.0,18.5,18.2
401703386,DEN,4395620,2.0,-1.4,-1.4
401703386,DEN,4431690,6.0,-0.4,-1.4
401703386,DEN,4431767,37.0,15.9,11.2
401703386,DEN,4432181,20.0,0.7,0.2
401703386,DEN,4576087,29.0,13.7,11.6
401703386,NOP,2596112,26.0,6.5,4.9
401703386,NOP,3913176,37.0,21.5,18.5
401703386,NOP,4278541,24.0,6.2,5.3
401703386,NOP,4278572,20.0,1.8,-0.4
401703386,NOP,4395623,15.0,5.2,5.8
401703386,NOP,4397688,30.0,12.4,10.1
401703386,NOP,4432162,38.0,14.9,13.5
401703386,NOP,4432813,22.0,9.0,8.2
401703386,NOP,5061589,29.0,3.2,0.8
401703387,OKC,3133626,15.0,3.4,0.0
401703387,OKC,4278073,33.0,18.6,17.8
401703387,OKC,4395702,22.0,10.5,8.4
401703387,OKC,4397020,32.0,13.9,11.8
401703387,OKC,4397183,20.0,5.8,7.0
401703387,OKC,4397654,4.0,-1.5,-1.4
401703387,OKC,4593803,30.0,10.9,6.3
401703387,OKC,4683692,27.0,8.2,5.8
401703387,OKC,4702159,8.0,0.5,0.0
401703387,OKC,4897449,4.0,0.3,0.0
401703387,OKC,4900671,23.0,5.6,5.8
401703387,OKC,4997526,22.0,2.2,1.6
401703387,PHX,2583632,22.0,10.8,9.4
401703387,PHX,2595209,5.0,6.3,4.7
401703387,PHX,3059310,20.0,6.2,4.6
401703387,PHX,3102530,29.0,-2.5,-2.4
401703387,PHX,3135046,30.0,4.4,3.9
401703387,PHX,3136193,34.0,7.1,5.3
401703387,PHX,4065663,30.0,8.4,6.8
401703387,PHX,4397102,5.0,2.5,2.3
401703387,PHX,4432946,5.0,-1.0,-1.0
401703387,PHX,4601023,27.0,6.6,6.1
401703387,PHX,4683749,7.0,1.7,0.7
401703387,PHX,4888725,25.0,2.9,0.5
401703388,GSW,3975,26.0,14.8,9.5
401703388,GSW,6589,30.0,13.4,11.2
401703388,GSW,2990984,30.0,7.9,9.5
401703388,GSW,2993874,19.0,7.5,6.1
401703388,GSW,3059319,21.0,7.8,6.6
401703388,GSW,3134903,11.0,1.3,-0.3
401703388,GSW,3155535,13.0,6.8,6.4
401703388,GSW,4066317,11.0,6.4,6.1
401703388,GSW,4431684,18.0,9.2,7.1
401703388,GSW,4432171,16.0,8.0,7.9
401703388,GSW,4433247,18.0,-0.3,1.1
401703388,GSW,4709138,28.0,13.8,11.5
401703388,MEM,2990992,20.0,6.6,4.8
401703388,MEM,3906665,13.0,1.1,-0.7
401703388,MEM,3913174,12.0,-1.3,-1.8
401703388,MEM,4065731,6.0,2.7,1.7
401703388,MEM,4066320,27.0,13.5,10.4
401703388,MEM,4277961,33.0,25.5,22.4
401703388,MEM,4397227,24.0,6.0,5.3
401703388,MEM,4431785,22.0,1.8,1.6
401703388,MEM,4592691,17.0,6.1,2.7
401703388,MEM,4593125,16.0,1.2,0.6
401703388,MEM,4600663,23.0,15.2,13.2
401703388,MEM,5112087,27.0,13.0,13.1
401703389,MIN,3195,37.0,17.5,11.7
401703389,MIN,3032976,41.0,14.3,10.6
401703389,MIN,3064514,41.0,16.9,15.4
401703389,MIN,3934673,19.0,2.1,2.0
401703389,MIN,4278039,21.0,9.0,9.2
401703389,MIN,4396971,24.0,13.3,12.5
401703389,MIN,4431671,37.0,9.9,7.7
401703389,MIN,4594268,42.0,22.4,22.8
401703389,MIN,4684275,3.0,0.0,0.0
401703389,SAC,2528588,16.0,6.2,5.7
401703389,SAC,2596107,9.0,0.5,1.0
401703389,SAC,3134916,17.0,3.8,3.6
401703389,SAC,3136196,41.0,4.5,3.3
401703389,SAC,3155942,40.0,21.4,16.7
401703389,SAC,4066259,44.0,47.0,44.2
401703389,SAC,4066372,31.0,3.4,1.7
401703389,SAC,4594327,45.0,12.8,9.4
401703389,SAC,4702177,23.0,3.1,1.0
401703390,BOS,3213,32.0,19.6,17.2
401703390,BOS,3995,28.0,10.6,10.2
401703390,BOS,3078576,42.0,18.8,17.3
401703390,BOS,3917376,37.0,9.0,9.1
401703390,BOS,4065648,38.0,26.5,22.1
401703390,BOS,4065804,21.0,2.6,1.7
401703390,BOS,4066354,26.0,12.0,11.5
401703390,BOS,4397424,16.0,1.5,2.4
401703390,CLE,2990969,30.0,9.9,10.9
401703390,CLE,3908809,40.0,21.4,20.9
401703390,CLE,4065733,28.0,10.7,10.6
401703390,CLE,4066328,28.0,14.3,11.3
401703390,CLE,4066757,19.0,6.0,5.4
401703390,CLE,4396907,31.0,-0.3,-2.6
401703390,CLE,4432158,38.0,24.3,21.5
401703390,CLE,4701233,25.0,14.4,13.9
401703391,BKN,2578185,27.0,14.6,14.2
401703391,BKN,3032979,36.0,16.9,14.2
401703391,BKN,3138196,38.0,25.7,22.9
401703391,BKN,3907387,26.0,13.1,9.7
401703391,BKN,3915195,18.0,7.1,7.1
401703391,BKN,4431675,19.0,10.5,7.3
401703391,BKN,4431714,34.0,8.8,9.0
401703391,BKN,4432192,10.0,-1.9,-1.7
401703391,BKN,4433137,17.0,4.2,2.7
401703391,BKN,4712896,14.0,1.8,1.6
401703391,CHA,2326307,5.0,-0.4,-0.7
401703391,CHA,3138161,25.0,5.1,2.0
401703391,CHA,4066218,33.0,17.6,15.0
401703391,CHA,4066383,33.0,15.3,14.8
401703391,CHA,4432811,26.0,-0.9,-1.0
401703391,CHA,4432816,24.0,4.0,4.3
401703391,CHA,4432819,26.0,10.2,11.1
401703391,CHA,4433249,16.0,1.8,0.0
401703391,CHA,4433287,38.0,25.1,22.0
401703391,CHA,5211176,15.0,12.3,9.7
401703392,DEN,3442,8.0,4.0,3.4
401703392,DEN,3468,32.0,14.9,10.7
401703392,DEN,3032978,18.0,3.8,2.3
401703392,DEN,3936299,36.0,23.0,18.5
401703392,DEN,4230557,11.0,3.9,3.4
401703392,DEN,4278104,40.0,20.0,17.7
401703392,DEN,4431690,6.0,1.0,1.0
401703392,DEN,4431767,34.0,16.7,13.8
401703392,DEN,4432181,20.0,4.5,1.5
401703392,DEN,4433268,9.0,-1.8,-1.4
401703392,DEN,4576087,25.0,9.0,8.5
401703392,MEM,3134932,11.0,0.2,-1.7
401703392,MEM,3906665,21.0,9.3,9.2
401703392,MEM,3913174,24.0,3.6,2.3
401703392,MEM,4065731,13.0,2.4,3.6
401703392,MEM,4066320,29.0,-0.4,-0.9
401703392,MEM,4277961,29.0,8.9,4.2
401703392,MEM,4397227,7.0,-0.5,-1.0
401703392,MEM,4431785,25.0,16.2,14.0
401703392,MEM,4592691,28.0,9.4,7.1
401703392,MEM,4593125,33.0,20.8,17.5
401703392,MEM,5112087,19.0,4.9,3.3
401703393,DAL,6442,27.0,16.9,17.3
401703393,DAL,6475,24.0,15.6,13.0
401703393,DAL,2531367,6.0,2.7,1.0
401703393,DAL,2960236,17.0,4.5,1.7
401703393,DAL,3945274,30.0,23.7,18.5
401703393,DAL,4278049,20.0,8.7,8.2
401703393,DAL,4278078,25.0,1.6,-0.4
401703393,DAL,4278594,20.0,13.5,12.1
401703393,DAL,4397014,23.0,12.5,11.2
401703393,DAL,4397040,3.0,0.0,0.0
401703393,DAL,4595400,4.0,4.6,3.0
401703393,DAL,4683688,21.0,12.1,9.9
401703393,DAL,4868423,19.0,5.5,5.3
401703393,NOP,2596112,30.0,11.7,10.8
401703393,NOP,3913176,33.0,6.6,6.3
401703393,NOP,4278541,21.0,-2.3,-1.7
401703393,NOP,4278572,18.0,4.2,2.7
401703393,NOP,4395623,17.0,1.2,-0.3
401703393,NOP,4397688,29.0,12.7,9.6
401703393,NOP,4432162,30.0,7.6,5.0
401703393,NOP,4432813,25.0,7.3,4.9
401703393,NOP,4592686,7.0,4.3,4.7
401703393,NOP,4997538,7.0,-2.2,-1.0
401703393,NOP,5061589,23.0,5.7,3.8
401703394,OKC,2991350,26.0,3.1,-2.8
401703394,OKC,3133626,14.0,1.5,1.3
401703394,OKC,4278073,37.0,26.3,23.6
401703394,OKC,4397020,32.0,5.7,2.0
401703394,OKC,4397183,20.0,4.7,3.6
401703394,OKC,4397654,11.0,-0.6,-1.5
401703394,OKC,4593803,34.0,24.5,18.6
401703394,OKC,4683692,34.0,15.5,15.0
401703394,OKC,4702159,15.0,2.1,1.7
401703394,OKC,4900671,13.0,1.6,1.4
401703394,OKC,4997526,3.0,0.3,0.0
401703394,SAS,2779,31.0,13.4,12.7
401703394,SAS,6578,32.0,17.7,14.9
401703394,SAS,4066650,26.0,13.6,10.2
401703394,SAS,4278580,5.0,0.9,1.0
401703394,SAS,4395626,17.0,-0.5,0.0
401703394,SAS,4395723,29.0,18.2,17.8
401703394,SAS,4397886,21.0,13.6,9.4
401703394,SAS,4565201,15.0,0.3,0.4
401703394,SAS,4592479,28.0,8.1,4.7
401703394,SAS,4845367,35.0,1.5,1.0
401703395,LAL,1966,34.0,20.7,20.5
401703395,LAL,6583,34.0,28.7,24.9
401703395,LAL,3136776,26.0,6.5,4.1
401703395,LAL,3137259,19.0,2.4,2.0
401703395,LAL,4066457,33.0,9.7,10.1
401703395,LAL,4395627,25.0,7.3,3.7
401703395,LAL,4431778,14.0,1.6,1.4
401703395,LAL,4432582,17.0,0.5,-2.1
401703395,LAL,4897943,38.0,31.9,30.2
401703395,UTA,2528426,26.0,11.7,11.3
401703395,UTA,3908845,29.0,13.4,12.9
401703395,UTA,3914285,19.0,9.6,8.5
401703395,UTA,4066336,36.0,22.5,19.5
401703395,UTA,4277811,32.0,14.1,13.5
401703395,UTA,4432817,15.0,3.3,4.0
401703395,UTA,4433627,29.0,13.6,14.9
401703395,UTA,4683766,20.0,1.0,-2.3
401703395,UTA,4684793,25.0,4.0,2.1
401703395,UTA,4895758,8.0,0.6,0.7
401703396,BKN,2578185,26.0,2.5,2.3
401703396,BKN,3032979,34.0,3.0,2.2
401703396,BKN,3138196,36.0,28.8,28.3
401703396,BKN,3907387,26.0,2.7,1.1
401703396,BKN,4278067,22.0,12.6,10.9
401703396,BKN,4431675,16.0,1.4,1.7
401703396,BKN,4431714,21.0,6.4,5.8
401703396,BKN,4432174,30.0,8.3,8.5
401703396,BKN,4433137,11.0,0.4,2.0
401703396,BKN,4712896,19.0,2.8,1.0
401703396,PHI,3431,20.0,5.1,0.8
401703396,PHI,6443,22.0,5.0,4.3
401703396,PHI,6585,17.0,10.2,8.0
401703396,PHI,3133603,26.0,13.6,10.6
401703396,PHI,3138160,30.0,8.1,7.4
401703396,PHI,4017844,31.0,8.3,5.4
401703396,PHI,4431678,27.0,26.8,22.7
401703396,PHI,4431828,18.0,2.9,1.7
401703396,PHI,4683778,39.0,22.2,20.5
401703396,PHI,4701234,12.0,-1.8,-1.4
401703397,BOS,3995,29.0,17.5,12.4
401703397,BOS,3064560,24.0,8.7,6.5
401703397,BOS,3078576,36.0,4.5,4.0
401703397,BOS,3917376,37.0,19.5,18.3
401703397,BOS,4065648,37.0,11.2,7.6
401703397,BOS,4065804,22.0,12.2,9.1
401703397,BOS,4066354,23.0,9.6,9.1
401703397,BOS,4277964,9.0,0.2,-1.4
401703397,BOS,4397424,18.0,4.6,4.9
401703397,BOS,4683689,5.0,0.7,0.0
401703397,WAS,6477,19.0,9.2,7.9
401703397,WAS,2566769,26.0,14.0,12.1
401703397,WAS,3134907,35.0,11.3,11.0
401703397,WAS,4277956,33.0,14.5,14.5
401703397,WAS,4280151,17.0,2.7,3.0
401703397,WAS,4845374,22.0,-1.1,-2.1
401703397,WAS,5104155,40.0,3.0,0.2
401703397,WAS,5160992,28.0,4.0,2.7
401703397,WAS,5174563,19.0,-1.1,-1.4
401703398,IND,2530530,21.0,16.7,12.4
401703398,IND,3133628,33.0,10.0,7.1
401703398,IND,3149673,34.0,17.9,16.0
401703398,IND,4278355,17.0,7.3,4.4
401703398,IND,4396993,34.0,16.2,15.9
401703398,IND,4397126,2.0,0.0,0.0
401703398,IND,4592699,6.0,-1.3,-0.9
401703398,IND,4592829,22.0,6.3,6.8
401703398,IND,4592965,2.0,2.0,2.0
401703398,IND,4683634,33.0,13.5,9.6
401703398,IND,5106060,24.0,6.5,5.4
401703398,IND,5157066,14.0,6.4,4.8
401703398,MIL,3448,33.0,9.9,9.2
401703398,MIL,6606,37.0,21.1,19.7
401703398,MIL,2990962,27.0,14.0,12.1
401703398,MIL,3032977,35.0,33.7,30.2
401703398,MIL,3064447,11.0,2.3,1.7
401703398,MIL,3064482,23.0,12.8,10.8
401703398,MIL,4277843,29.0,14.3,13.1
401703398,MIL,4279532,1.0,0.0,0.0
401703398,MIL,4397475,23.0,2.0,0.9
401703398,MIL,4432179,1.0,0.0,0.0
401703398,MIL,4432190,20.0,-0.7,-3.4
401703398,MIL,4433622,1.0,2.7,2.4
401703398,MIL,5167876,1.0,0.0,0.0
401703399,ATL,3037789,26.0,13.0,12.5
401703399,ATL,3102529,27.0,20.9,19.6
401703399,ATL,3913180,1.0,0.0,0.0
401703399,ATL,4065732,29.0,7.4,7.0
401703399,ATL,4277905,38.0,24.9,20.7
401703399,ATL,4431680,21.0,4.0,2.2
401703399,ATL,4578893,3.0,-1.8,-1.4
401703399,ATL,4683736,10.0,-0.3,-0.3
401703399,ATL,4701230,37.0,24.7,20.6
401703399,ATL,4869342,32.0,7.1,3.3
401703399,ATL,5211175,16.0,1.8,1.7
401703399,CHI,6478,33.0,16.8,9.8
401703399,CHI,3064440,34.0,14.7,14.6
401703399,CHI,4395651,37.0,20.9,17.8
401703399,CHI,4397002,38.0,21.9,20.5
401703399,CHI,4397189,15.0,14.0,11.4
401703399,CHI,4433159,22.0,12.7,10.8
401703399,CHI,4711294,20.0,3.6,1.6
401703399,CHI,4871145,33.0,20.2,18.5
401703399,CHI,5105553,7.0,-1.5,-0.7
401703400,HOU,3209,7.0,4.0,3.7
401703400,HOU,2991230,28.0,6.6,5.2
401703400,HOU,2991235,15.0,-0.4,-0.3
401703400,HOU,3136777,9.0,0.0,-2.4
401703400,HOU,3146557,7.0,2.7,1.7
401703400,HOU,3155526,25.0,21.2,21.5
401703400,HOU,3911893,4.0,3.7,3.4
401703400,HOU,3922230,9.0,1.3,1.3
401703400,HOU,4432639,20.0,0.3,0.9
401703400,HOU,4433192,22.0,21.2,17.5
401703400,HOU,4437244,30.0,8.3,6.9
401703400,HOU,4684740,24.0,13.1,7.7
401703400,HOU,4711272,16.0,4.6,0.6
401703400,HOU,4871144,25.0,9.8,7.8
401703400,POR,2991070,27.0,5.3,4.1
401703400,POR,4066211,17.0,9.9,5.7
401703400,POR,4066268,12.0,0.5,1.0
401703400,POR,4066808,12.0,2.1,-0.5
401703400,POR,4351851,21.0,1.1,-0.1
401703400,POR,4397885,12.0,-3.4,-4.2
401703400,POR,4431736,26.0,7.4,5.6
401703400,POR,4432446,12.0,-1.1,-2.7
401703400,POR,4594326,24.0,6.2,5.3
401703400,POR,4683021,23.0,5.6,5.3
401703400,POR,4914336,23.0,11.6,10.0
401703400,POR,5099752,16.0,-1.2,-0.7
401703400,POR,5105565,15.0,7.5,6.5
401703401,GSW,3975,33.0,15.8,13.2
401703401,GSW,6589,30.0,9.7,8.0
401703401,GSW,2990984,19.0,7.2,6.9
401703401,GSW,2993874,5.0,-1.0,-1.0
401703401,GSW,3059319,28.0,26.0,25.3
401703401,GSW,3134903,16.0,5.0,3.4
401703401,GSW,3155535,14.0,6.9,6.2
401703401,GSW,4066317,15.0,-2.1,-1.7
401703401,GSW,4431684,18.0,8.2,6.0
401703401,GSW,4432171,20.0,1.8,1.3
401703401,GSW,4433247,20.0,2.7,1.2
401703401,GSW,4709138,21.0,8.7,7.8
401703401,NOP,2451037,18.0,4.1,2.0
401703401,NOP,2583639,26.0,4.1,1.4
401703401,NOP,2596112,20.0,12.4,11.1
401703401,NOP,3913176,36.0,11.6,10.4
401703401,NOP,4395623,12.0,3.1,2.0
401703401,NOP,4397688,38.0,19.6,18.8
401703401,NOP,4432162,35.0,15.6,13.9
401703401,NOP,4432813,23.0,20.4,16.9
401703401,NOP,4592686,13.0,-1.2,-0.8
401703401,NOP,4683750,20.0,2.1,0.8
401703402,DAL,6442,38.0,12.4,10.4
401703402,DAL,6475,23.0,-3.3,-4.1
401703402,DAL,2580782,16.0,10.7,10.1
401703402,DAL,2960236,11.0,-0.4,1.4
401703402,DAL,4278049,27.0,16.3,12.5
401703402,DAL,4278078,36.0,18.7,13.1
401703402,DAL,4278594,26.0,18.7,18.2
401703402,DAL,4397014,29.0,15.4,12.5
401703402,DAL,4683688,20.0,11.8,10.5
401703402,DAL,4868423,13.0,2.5,2.9
401703402,DEN,3442,5.0,1.9,2.3
401703402,DEN,3468,27.0,11.0,9.5
401703402,DEN,3032978,4.0,0.9,1.0
401703402,DEN,3112335,39.0,33.5,30.2
401703402,DEN,3936299,39.0,11.5,9.1
401703402,DEN,4278104,36.0,13.8,14.2
401703402,DEN,4395620,2.0,-0.7,-0.7
401703402,DEN,4431767,29.0,13.9,12.7
401703402,DEN,4432181,17.0,1.4,1.6
401703402,DEN,4433268,2.0,0.0,0.0
401703402,DEN,4576087,40.0,13.0,10.9
401703403,LAC,3416,18.0,6.1,6.0
401703403,LAC,3992,36.0,19.2,13.7
401703403,LAC,2991139,27.0,5.1,2.3
401703403,LAC,3907823,18.0,7.6,5.1
401703403,LAC,3936099,30.0,12.8,12.4
401703403,LAC,4017837,31.0,10.4,8.0
401703403,LAC,4066387,24.0,8.7,8.8
401703403,LAC,4277919,16.0,3.5,1.7
401703403,LAC,4396818,13.0,4.0,3.4
401703403,LAC,4397140,26.0,9.4,7.0
401703403,SAC,3978,36.0,5.2,2.9
401703403,SAC,2528588,3.0,-0.1,0.0
401703403,SAC,3134916,8.0,-0.4,-1.0
401703403,SAC,3136196,18.0,2.8,0.6
401703403,SAC,3155942,40.0,18.3,13.9
401703403,SAC,4066259,43.0,24.0,21.5
401703403,SAC,4066372,29.0,-1.5,-3.8
401703403,SAC,4433378,6.0,3.3,3.7
401703403,SAC,4594327,40.0,9.1,6.8
401703403,SAC,4702177,16.0,0.5,-0.8
401703404,CHI,6478,29.0,17.4,15.3
401703404,CHI,3064440,31.0,12.3,12.4
401703404,CHI,3133635,2.0,-0.7,-1.0
401703404,CHI,4395651,31.0,18.7,16.1
401703404,CHI,4396991,16.0,14.2,12.2
401703404,CHI,4397002,30.0,9.5,6.3
401703404,CHI,4397189,18.0,10.1,8.4
401703404,CHI,4432821,2.0,-0.2,1.0
401703404,CHI,4433159,16.0,-0.1,0.7
401703404,CHI,4592402,2.0,0.3,0.0
401703404,CHI,4711294,17.0,7.8,6.4
401703404,CHI,4871145,26.0,11.2,9.8
401703404,CHI,5105553,22.0,6.8,7.1
401703404,WAS,6477,14.0,2.8,2.7
401703404,WAS,2566769,23.0,12.4,12.5
401703404,WAS,2581184,8.0,3.5,2.9
401703404,WAS,3134907,33.0,17.8,14.1
401703404,WAS,4277848,3.0,2.0,2.0
401703404,WAS,4280151,24.0,-1.7,-2.8
401703404,WAS,4395695,6.0,1.3,1.8
401703404,WAS,4432356,3.0,3.6,2.3
401703404,WAS,4433246,3.0,3.4,2.7
401703404,WAS,4845374,25.0,6.8,5.1
401703404,WAS,5104155,37.0,5.5,4.3
401703404,WAS,5160992,31.0,19.8,17.1
401703404,WAS,5174563,31.0,2.0,1.2
401703405,MIA,3449,7.0,1.1,-0.8
401703405,MIA,6429,13.0,0.9,0.3
401703405,MIA,6430,37.0,20.3,20.1
401703405,MIA,3074752,21.0,12.7,11.1
401703405,MIA,3157465,31.0,11.5,9.8
401703405,MIA,4066261,31.0,15.1,14.9
401703405,MIA,4291678,14.0,1.3,0.3
401703405,MIA,4395725,40.0,14.8,12.3
401703405,MIA,4432848,14.0,1.6,0.4
401703405,MIA,4601025,22.0,6.0,6.7
401703405,MIA,5105623,9.0,2.0,1.7
401703405,MIL,3448,30.0,14.6,11.9
401703405,MIL,6606,38.0,35.3,33.5
401703405,MIL,2578239,21.0,9.7,7.7
401703405,MIL,2990962,31.0,5.7,6.0
401703405,MIL,3064447,17.0,6.2,6.0
401703405,MIL,3064482,18.0,5.2,4.3
401703405,MIL,4277843,24.0,-1.1,-3.2
401703405,MIL,4397475,28.0,4.4,5.7
401703405,MIL,4432179,6.0,3.3,2.7
401703405,MIL,4432190,26.0,6.3,3.1
401703406,HOU,2991230,45.0,21.4,20.2
401703406,HOU,3146557,11.0,0.5,-0.4
401703406,HOU,3155526,41.0,15.3,16.2
401703406,HOU,4432639,38.0,21.1,18.0
401703406,HOU,4433192,18.0,-2.1,-4.5
401703406,HOU,4437244,23.0,6.8,4.3
401703406,HOU,4684740,38.0,19.2,12.5
401703406,HOU,4711272,9.0,-2.2,-1.7
401703406,HOU,4871144,42.0,23.3,17.3
401703406,MIN,3032976,44.0,8.4,5.8
401703406,MIN,3064514,35.0,12.7,12.5
401703406,MIN,3934673,21.0,-1.3,-1.4
401703406,MIN,4278039,30.0,10.8,11.3
401703406,MIN,4396971,27.0,14.5,10.7
401703406,MIN,4431671,40.0,4.1,2.9
401703406,MIN,4594268,43.0,21.4,16.6
401703406,MIN,4684275,24.0,8.3,7.5
401703407,SAS,2779,28.0,16.1,13.2
401703407,SAS,6578,27.0,11.7,11.2
401703407,SAS,4066650,6.0,0.2,0.7
401703407,SAS,4278580,12.0,9.8,8.5
401703407,SAS,4395626,19.0,4.6,2.8
401703407,SAS,4395723,19.0,4.2,3.5
401703407,SAS,4397886,5.0,0.5,1.0
401703407,SAS,4592479,36.0,13.6,10.4
401703407,SAS,4683935,22.0,12.4,9.8
401703407,SAS,4845367,29.0,14.7,15.0
401703407,SAS,5104157,37.0,27.3,22.5
401703407,UTA,3908845,33.0,19.1,16.2
401703407,UTA,3914285,14.0,5.3,4.8
401703407,UTA,4066336,33.0,9.4,6.7
401703407,UTA,4277811,31.0,15.0,15.5
401703407,UTA,4432817,23.0,0.0,-0.1
401703407,UTA,4433136,28.0,6.4,5.5
401703407,UTA,4433627,34.0,19.4,17.3
401703407,UTA,4683766,17.0,1.8,1.0
401703407,UTA,5105839,27.0,8.3,7.7
401703408,LAL,1966,35.0,14.4,12.3
401703408,LAL,6583,35.0,23.3,16.8
401703408,LAL,3136776,29.0,11.0,9.5
401703408,LAL,3137259,14.0,2.6,1.3
401703408,LAL,4066457,31.0,12.7,10.1
401703408,LAL,4066648,23.0,3.2,3.3
401703408,LAL,4395627,23.0,0.0,-1.4
401703408,LAL,4397077,17.0,6.6,5.4
401703408,LAL,4431778,1.0,0.0,0.0
401703408,LAL,4432582,14.0,2.3,2.4
401703408,LAL,4897943,19.0,4.1,3.2
401703408,PHX,3202,30.0,17.5,16.8
401703408,PHX,6580,27.0,15.0,14.9
401703408,PHX,2488653,6.0,-0.9,-1.0
401703408,PHX,2583632,24.0,9.8,6.4
401703408,PHX,3059310,3.0,0.0,0.0
401703408,PHX,3102530,27.0,12.9,9.1
401703408,PHX,3135045,23.0,6.6,6.7
401703408,PHX,3135046,33.0,12.1,7.2
401703408,PHX,3136193,34.0,24.4,22.4
401703408,PHX,4065663,3.0,1.8,2.6
401703408,PHX,4601023,14.0,8.0,7.5
401703408,PHX,4888725,15.0,3.7,3.0
401703409,CHA,3986,11.0,0.6,0.0
401703409,CHA,2326307,10.0,5.7,3.4
401703409,CHA,3102532,31.0,7.0,6.8
401703409,CHA,3138161,22.0,12.2,9.4
401703409,CHA,4432811,29.0,12.2,11.8
401703409,CHA,4433249,37.0,6.3,5.4
401703409,CHA,4433287,37.0,7.1,4.2
401703409,CHA,4683686,11.0,6.0,6.4
401703409,CHA,4683834,16.0,9.0,7.1
401703409,CHA,5211176,35.0,8.8,8.3
401703409,NYK,3062679,41.0,13.5,10.3
401703409,NYK,3064230,11.0,4.1,3.0
401703409,NYK,3136195,39.0,14.5,11.3
401703409,NYK,3147657,37.0,2.4,0.9
401703409,NYK,3934672,37.0,24.9,23.0
401703409,NYK,3934719,40.0,-1.1,-1.8
401703409,NYK,4277922,8.0,0.0,0.0
401703409,NYK,4431823,27.0,12.7,11.8
401703410,ATL,3037789,24.0,5.2,5.0
401703410,ATL,3102529,25.0,13.2,6.5
401703410,ATL,3913180,1.0,0.0,0.0
401703410,ATL,4065732,28.0,19.6,18.5
401703410,ATL,4277905,35.0,15.4,16.1
401703410,ATL,4431680,22.0,16.1,14.6
401703410,ATL,4578893,1.0,0.0,0.0
401703410,ATL,4593041,1.0,0.0,0.0
401703410,ATL,4683736,13.0,1.6,1.0
401703410,ATL,4701230,35.0,18.6,15.7
401703410,ATL,4869342,35.0,5.6,1.6
401703410,ATL,5211175,21.0,8.1,7.0
401703410,CLE,2990969,20.0,-0.5,-0.8
401703410,CLE,2991043,20.0,5.2,5.7
401703410,CLE,3908809,35.0,5.0,1.5
401703410,CLE,4065733,18.0,4.7,2.0
401703410,CLE,4066328,25.0,4.8,4.1
401703410,CLE,4066757,20.0,2.0,3.2
401703410,CLE,4396907,33.0,22.7,22.3
401703410,CLE,4432158,37.0,22.6,20.0
401703410,CLE,4432822,18.0,-1.9,-2.1
401703410,CLE,4683747,11.0,3.6,3.4
401703410,CLE,4701233,2.0,0.0,0.0
401703411,MEM,2990992,26.0,10.9,8.1
401703411,MEM,3906665,22.0,6.8,5.2
401703411,MEM,3913174,17.0,6.1,4.8
401703411,MEM,4065731,17.0,2.5,2.2
401703411,MEM,4066320,26.0,4.7,4.4
401703411,MEM,4277961,28.0,18.5,15.8
401703411,MEM,4279888,29.0,21.8,18.3
401703411,MEM,4431785,14.0,1.4,1.4
401703411,MEM,4592691,13.0,2.5,2.7
401703411,MEM,4593125,27.0,19.0,17.3
401703411,MEM,5112087,22.0,11.0,10.2
401703411,NOP,2451037,17.0,0.4,-0.3
401703411,NOP,2490149,36.0,22.1,21.7
401703411,NOP,2583639,15.0,3.4,2.1
401703411,NOP,2596112,28.0,5.5,5.0
401703411,NOP,3907497,33.0,10.7,9.4
401703411,NOP,4397688,38.0,11.9,8.8
401703411,NOP,4432162,29.0,6.5,2.3
401703411,NOP,4432813,14.0,5.0,3.7
401703411,NOP,5061589,31.0,16.3,12.4
401703412,BKN,3138196,29.0,12.2,9.4
401703412,BKN,3907387,26.0,6.5,5.2
401703412,BKN,3915195,34.0,16.7,15.8
401703412,BKN,4278067,26.0,9.0,6.2
401703412,BKN,4397179,25.0,3.7,4.7
401703412,BKN,4431675,20.0,5.7,6.4
401703412,BKN,4431714,31.0,7.9,8.1
401703412,BKN,4432192,28.0,5.6,3.3
401703412,BKN,4433137,21.0,0.4,-0.5
401703412,ORL,6446,3.0,4.1,4.1
401703412,ORL,2581018,29.0,22.0,19.7
401703412,ORL,3150844,16.0,0.7,-2.1
401703412,ORL,4065654,19.0,7.7,4.2
401703412,ORL,4277847,26.0,11.5,10.9
401703412,ORL,4348700,27.0,10.2,6.8
401703412,ORL,4432165,27.0,7.0,6.8
401703412,ORL,4432809,3.0,4.4,3.4
401703412,ORL,4433623,3.0,-3.1,-3.1
401703412,ORL,4566434,35.0,27.9,23.1
401703412,ORL,4702382,20.0,10.9,9.0
401703412,ORL,4712849,16.0,3.2,2.3
401703412,ORL,5105806,16.0,7.4,6.4
401703413,LAC,3416,24.0,11.0,9.4
401703413,LAC,3992,37.0,18.5,12.1
401703413,LAC,2991139,27.0,0.7,-2.8
401703413,LAC,3907823,20.0,1.8,-0.4
401703413,LAC,3936099,24.0,1.5,0.3
401703413,LAC,4017837,34.0,17.9,15.4
401703413,LAC,4066387,24.0,6.9,6.7
401703413,LAC,4277919,14.0,0.2,-0.4
401703413,LAC,4396818,11.0,0.7,0.2
401703413,LAC,4397140,24.0,13.8,10.5
401703413,MIN,3195,33.0,9.8,8.4
401703413,MIN,3032976,43.0,8.3,5.4
401703413,MIN,3064514,30.0,8.3,6.1
401703413,MIN,3934673,22.0,7.7,7.5
401703413,MIN,4278039,28.0,8.9,6.4
401703413,MIN,4396971,23.0,6.8,2.6
401703413,MIN,4431671,25.0,12.6,11.3
401703413,MIN,4594268,36.0,10.4,7.8
401703414,DET,6440,30.0,13.9,11.5
401703414,DET,2528210,27.0,5.1,4.3
401703414,DET,3899664,17.0,5.3,5.1
401703414,DET,3907822,29.0,21.4,19.5
401703414,DET,4432107,1.0,2.4,1.4
401703414,DET,4432166,33.0,19.0,16.4
401703414,DET,4432810,22.0,3.3,3.8
401703414,DET,4433218,31.0,21.2,19.0
401703414,DET,4433621,26.0,16.0,11.0
401703414,DET,4683771,12.0,6.5,6.2
401703414,DET,4684742,12.0,4.0,2.7
401703414,IND,2530530,24.0,8.0,7.5
401703414,IND,3133628,28.0,6.9,4.7
401703414,IND,3149673,35.0,15.4,13.1
401703414,IND,4278355,25.0,2.4,2.3
401703414,IND,4396993,30.0,14.9,14.6
401703414,IND,4397126,5.0,-0.7,-2.0
401703414,IND,4592699,4.0,2.4,2.4
401703414,IND,4592829,16.0,8.9,9.1
401703414,IND,4592965,3.0,-3.2,-2.4
401703414,IND,4683634,36.0,6.2,7.0
401703414,IND,5106060,31.0,15.0,10.2
401703414,IND,5157066,5.0,3.4,1.0
401703415,MIA,3449,13.0,7.0,4.4
401703415,MIA,6429,7.0,1.2,0.6
401703415,MIA,6430,34.0,25.4,23.2
401703415,MIA,3074752,25.0,8.9,10.2
401703415,MIA,3157465,28.0,5.5,6.0
401703415,MIA,4066261,35.0,16.8,12.2
401703415,MIA,4291678,27.0,4.3,3.7
401703415,MIA,4395725,37.0,17.7,16.1
401703415,MIA,4432848,18.0,13.4,12.5
401703415,MIA,4601025,18.0,1.3,3.0
401703415,TOR,3134908,32.0,21.5,21.4
401703415,TOR,3948153,13.0,0.7,-0.0
401703415,TOR,4278053,20.0,3.0,2.1
401703415,TOR,4395625,39.0,16.3,15.6
401703415,TOR,4397018,32.0,13.0,12.2
401703415,TOR,4431893,17.0,3.8,2.6
401703415,TOR,4432241,7.0,1.7,2.1
401703415,TOR,4433134,38.0,23.0,19.0
401703415,TOR,4684272,26.0,3.8,2.0
401703415,TOR,5107897,15.0,7.1,6.8
401703416,BOS,3213,25.0,-0.2,0.3
401703416,BOS,3995,36.0,10.6,8.2
401703416,BOS,3078576,24.0,17.0,14.9
401703416,BOS,3102531,25.0,17.2,16.0
401703416,BOS,3917376,37.0,8.7,9.2
401703416,BOS,4065648,36.0,32.8,27.2
401703416,BOS,4065804,22.0,1.7,-0.4
401703416,BOS,4066354,29.0,26.8,25.3
401703416,BOS,4397424,7.0,1.7,1.4
401703416,CHI,6478,34.0,29.3,26.5
401703416,CHI,2528693,13.0,8.5,9.1
401703416,CHI,3064440,35.0,17.4,18.7
401703416,CHI,4066421,22.0,6.0,3.8
401703416,CHI,4395651,33.0,7.1,5.6
401703416,CHI,4396991,14.0,12.1,12.5
401703416,CHI,4397002,32.0,9.5,9.8
401703416,CHI,4397189,14.0,4.1,0.3
401703416,CHI,4433159,8.0,2.0,2.4
401703416,CHI,4711294,5.0,1.6,1.0
401703416,CHI,4871145,24.0,9.7,4.6
401703416,CHI,5105553,7.0,2.7,2.7
401703417,LAL,1966,34.0,6.5,4.1
401703417,LAL,6583,38.0,21.2,15.2
401703417,LAL,3136776,26.0,12.9,9.8
401703417,LAL,3137259,15.0,0.8,1.6
401703417,LAL,4066457,29.0,1.9,1.9
401703417,LAL,4066648,30.0,9.8,7.2
401703417,LAL,4395627,13.0,-1.5,-0.7
401703417,LAL,4432582,23.0,5.2,5.7
401703417,LAL,4897943,33.0,15.1,14.4
401703417,OKC,3133626,12.0,4.8,3.0
401703417,OKC,4222252,37.0,16.3,10.9
401703417,OKC,4278073,37.0,29.0,26.6
401703417,OKC,4395702,24.0,-1.2,-3.2
401703417,OKC,4397020,24.0,11.2,13.2
401703417,OKC,4397183,18.0,5.4,2.6
401703417,OKC,4593803,34.0,8.9,6.9
401703417,OKC,4683692,31.0,5.7,3.8
401703417,OKC,4702159,4.0,-0.7,-0.7
401703417,OKC,4900671,18.0,2.5,1.9
401703418,POR,4066268,3.0,-0.4,0.0
401703418,POR,4278129,41.0,21.1,18.1
401703418,POR,4351851,41.0,19.8,16.7
401703418,POR,4397885,23.0,13.3,8.1
401703418,POR,4431736,33.0,9.1,9.1
401703418,POR,4432446,10.0,6.1,5.5
401703418,POR,4594326,16.0,-0.6,0.7
401703418,POR,4683021,37.0,20.4,16.5
401703418,POR,4914336,37.0,8.8,8.0
401703418,SAC,6581,21.0,7.7,6.9
401703418,SAC,2528588,8.0,1.3,1.3
401703418,SAC,3134916,12.0,1.9,1.0
401703418,SAC,3155942,41.0,25.4,20.9
401703418,SAC,4066259,36.0,10.6,11.7
401703418,SAC,4066262,36.0,21.5,19.6
401703418,SAC,4066372,7.0,2.3,1.3
401703418,SAC,4433378,3.0,2.3,1.4
401703418,SAC,4593049,2.0,-0.4,0.0
401703418,SAC,4594327,29.0,-0.4,-2.5
401703418,SAC,4702177,24.0,7.0,6.1
401703418,SAC,5107818,20.0,2.6,2.9
401703419,CHA,2326307,5.0,2.0,1.3
401703419,CHA,3102532,19.0,-0.2,-1.0
401703419,CHA,3138161,31.0,7.9,8.5
401703419,CHA,4278076,30.0,23.0,19.1
401703419,CHA,4432811,36.0,-0.9,-1.0
401703419,CHA,4433249,10.0,-0.1,0.7
401703419,CHA,4433287,37.0,21.3,21.2
401703419,CHA,4683686,11.0,6.8,6.5
401703419,CHA,4683834,28.0,11.1,9.6
401703419,CHA,4701232,9.0,2.6,2.0
401703419,CHA,5211176,26.0,9.0,5.7
401703419,PHI,3012,13.0,-1.0,-0.7
401703419,PHI,4251,37.0,28.3,26.1
401703419,PHI,3133603,29.0,10.4,11.1
401703419,PHI,3138160,24.0,1.3,0.9
401703419,PHI,4017844,33.0,6.7,4.1
401703419,PHI,4431678,37.0,18.5,15.3
401703419,PHI,4431828,22.0,3.7,3.3
401703419,PHI,4683778,22.0,14.9,12.9
401703419,PHI,4701234,10.0,2.3,2.4
401703419,PHI,5105637,14.0,2.9,3.4
401703420,CLE,6474,6.0,5.4,4.8
401703420,CLE,2990969,26.0,10.6,10.8
401703420,CLE,2991043,24.0,5.0,3.4
401703420,CLE,3908809,28.0,18.5,14.8
401703420,CLE,3912848,19.0,-1.2,-3.6
401703420,CLE,4066328,25.0,9.6,7.8
401703420,CLE,4066757,23.0,16.0,13.9
401703420,CLE,4396907,17.0,8.6,8.8
401703420,CLE,4432158,31.0,15.6,12.3
401703420,CLE,4432822,30.0,8.9,7.1
401703420,CLE,4683747,6.0,2.0,1.7
401703420,CLE,4701233,6.0,3.1,3.1
401703420,WAS,6477,19.0,13.9,10.1
401703420,WAS,2566769,22.0,0.8,1.6
401703420,WAS,2581184,18.0,2.5,2.3
401703420,WAS,2993370,13.0,4.7,2.7
401703420,WAS,4277848,2.0,-1.4,-1.0
401703420,WAS,4277956,24.0,2.6,3.9
401703420,WAS,4280151,9.0,3.9,3.0
401703420,WAS,4395695,17.0,6.0,6.4
401703420,WAS,4432356,11.0,1.6,0.3
401703420,WAS,4845374,36.0,3.9,3.0
401703420,WAS,5104155,31.0,6.2,4.3
401703420,WAS,5160992,27.0,6.7,3.7
401703420,WAS,5174563,11.0,2.5,0.7
401703421,DET,6440,33.0,17.3,13.5
401703421,DET,2528210,29.0,11.2,10.7
401703421,DET,3899664,12.0,4.2,3.0
401703421,DET,3907822,18.0,-1.3,-2.2
401703421,DET,4278562,6.0,5.6,4.3
401703421,DET,4432107,6.0,-3.1,-3.1
401703421,DET,4432166,33.0,16.1,14.7
401703421,DET,4432810,20.0,5.7,7.2
401703421,DET,4433218,30.0,6.6,4.0
401703421,DET,4433621,20.0,11.3,9.3
401703421,DET,4592187,6.0,0.6,-0.7
401703421,DET,4683771,12.0,1.6,0.0
401703421,DET,4684742,14.0,6.3,5.5
401703421,MIL,3448,33.0,7.5,4.0
401703421,MIL,6606,32.0,20.0,19.2
401703421,MIL,2990962,24.0,14.4,12.5
401703421,MIL,3032977,28.0,24.7,23.0
401703421,MIL,3064447,16.0,1.9,0.0
401703421,MIL,3064482,26.0,11.1,9.7
401703421,MIL,4277843,27.0,13.5,11.0
401703421,MIL,4397475,22.0,7.7,6.8
401703421,MIL,4432190,19.0,5.9,5.7
401703421,MIL,4433622,4.0,0.7,-0.3
401703421,MIL,4591725,2.0,-1.1,-0.7
401703421,MIL,5167876,5.0,0.3,-1.0
401703421,MIL,5170947,2.0,3.0,2.7
401703422,NYK,3062679,39.0,17.9,12.1
401703422,NYK,3064230,19.0,4.9,5.7
401703422,NYK,3136195,36.0,13.7,10.0
401703422,NYK,3147657,36.0,16.0,14.6
401703422,NYK,3908336,6.0,-1.4,-1.4
401703422,NYK,3934672,27.0,13.3,14.2
401703422,NYK,3934719,32.0,15.6,15.2
401703422,NYK,4277922,12.0,3.2,3.4
401703422,NYK,4431823,26.0,14.2,13.8
401703422,NYK,4433225,3.0,-2.5,-2.1
401703422,NYK,4871141,3.0,-0.4,0.0
401703422,NYK,5211983,3.0,0.7,0.7
401703422,ORL,2581018,27.0,2.6,3.3
401703422,ORL,3150844,28.0,18.5,14.6
401703422,ORL,4065654,13.0,2.6,2.7
401703422,ORL,4277847,20.0,5.5,3.8
401703422,ORL,4432165,39.0,9.1,5.9
401703422,ORL,4432809,13.0,7.1,7.8
401703422,ORL,4433623,7.0,2.7,2.0
401703422,ORL,4566434,39.0,23.3,19.8
401703422,ORL,4702382,22.0,5.3,4.7
401703422,ORL,4712849,20.0,2.0,2.5
401703422,ORL,5105806,11.0,-1.8,-3.1
401703423,IND,2530530,24.0,9.2,8.0
401703423,IND,3133628,38.0,14.3,10.8
401703423,IND,3149673,36.0,7.4,6.2
401703423,IND,4278355,14.0,12.7,11.5
401703423,IND,4395712,19.0,3.9,3.7
401703423,IND,4396993,40.0,25.4,24.3
401703423,IND,4397126,3.0,-1.0,-1.0
401703423,IND,4592699,3.0,1.0,0.0
401703423,IND,4683634,37.0,9.7,8.0
401703423,IND,5106060,26.0,-5.7,-5.1
401703423,TOR,3134908,36.0,16.4,13.3
401703423,TOR,3948153,14.0,2.8,2.6
401703423,TOR,4278053,26.0,5.1,4.3
401703423,TOR,4395625,37.0,20.6,19.4
401703423,TOR,4397018,36.0,12.9,11.2
401703423,TOR,4431893,14.0,2.9,2.7
401703423,TOR,4432241,10.0,3.9,4.4
401703423,TOR,4433134,36.0,27.0,24.7
401703423,TOR,4684272,17.0,-2.7,-2.8
401703423,TOR,5107897,15.0,5.8,2.7
401703424,OKC,3133626,13.0,6.4,6.5
401703424,OKC,4222252,22.0,5.9,3.5
401703424,OKC,4278073,30.0,25.6,22.7
401703424,OKC,4395702,22.0,18.1,16.9
401703424,OKC,4397020,30.0,2.3,2.0
401703424,OKC,4397183,22.0,13.3,9.8
401703424,OKC,4397654,4.0,0.6,0.6
401703424,OKC,4592435,8.0,0.4,-1.5
401703424,OKC,4593803,28.0,26.9,24.0
401703424,OKC,4683692,29.0,11.9,10.5
401703424,OKC,4702159,16.0,8.7,8.2
401703424,OKC,4900671,17.0,3.8,4.1
401703424,UTA,3133602,12.0,1.8,0.3
401703424,UTA,3908845,31.0,8.5,7.1
401703424,UTA,3914285,12.0,7.1,4.8
401703424,UTA,4066336,31.0,10.1,9.0
401703424,UTA,4277811,28.0,13.0,12.0
401703424,UTA,4432817,24.0,6.6,7.4
401703424,UTA,4433136,36.0,18.2,15.8
401703424,UTA,4433627,31.0,9.7,9.2
401703424,UTA,4683766,14.0,-1.1,-1.0
401703424,UTA,5105839,20.0,-1.2,-1.0
401703425,DAL,6442,35.0,1.2,0.9
401703425,DAL,6475,20.0,2.2,1.0
401703425,DAL,2580782,24.0,11.6,11.4
401703425,DAL,2960236,10.0,-0.4,-1.0
401703425,DAL,3945274,40.0,31.3,25.5
401703425,DAL,4278049,16.0,12.7,10.5
401703425,DAL,4278078,38.0,16.7,13.1
401703425,DAL,4397014,20.0,3.0,4.0
401703425,DAL,4683688,32.0,14.5,12.5
401703425,DAL,4868423,4.0,-2.0,-2.0
401703425,MEM,2990992,25.0,0.5,-1.3
401703425,MEM,3906665,22.0,8.4,7.9
401703425,MEM,3913174,6.0,-0.4,-0.7
401703425,MEM,4065731,16.0,5.5,5.0
401703425,MEM,4066320,31.0,13.5,13.2
401703425,MEM,4277961,29.0,8.0,6.6
401703425,MEM,4279888,31.0,19.6,16.4
401703425,MEM,4431785,17.0,4.8,3.1
401703425,MEM,4592691,11.0,0.5,1.7
401703425,MEM,4593125,29.0,18.8,14.7
401703425,MEM,5112087,22.0,8.8,8.1
401703426,PHX,3202,16.0,8.6,7.4
401703426,PHX,6580,31.0,7.9,5.0
401703426,PHX,2488653,19.0,10.3,5.8
401703426,PHX,2583632,30.0,6.1,3.6
401703426,PHX,3059310,8.0,4.4,3.8
401703426,PHX,3135045,24.0,8.5,7.4
401703426,PHX,3135046,33.0,13.4,14.2
401703426,PHX,3136193,39.0,20.2,16.8
401703426,PHX,4601023,28.0,8.2,5.7
401703426,PHX,4888725,12.0,2.7,0.9
401703426,SAS,2779,32.0,4.7,1.1
401703426,SAS,6578,24.0,-3.7,-3.5
401703426,SAS,4066650,14.0,-2.5,-3.1
401703426,SAS,4395630,28.0,20.3,18.9
401703426,SAS,4395723,24.0,8.2,6.7
401703426,SAS,4592479,28.0,3.3,2.6
401703426,SAS,4610139,22.0,16.5,13.7
401703426,SAS,4845367,34.0,7.8,7.6
401703426,SAS,5104157,34.0,11.3,7.8
401703427,DEN,3468,23.0,4.9,5.8
401703427,DEN,3064290,33.0,15.8,13.1
401703427,DEN,3112335,40.0,35.3,27.6
401703427,DEN,3936299,34.0,11.9,9.1
401703427,DEN,4278104,31.0,17.1,15.1
401703427,DEN,4431690,5.0,1.3,1.7
401703427,DEN,4431767,36.0,6.5,4.9
401703427,DEN,4432181,20.0,2.9,2.0
401703427,DEN,4576087,18.0,8.1,7.8
401703427,GSW,3975,34.0,16.3,14.5
401703427,GSW,2990984,21.0,0.9,0.2
401703427,GSW,2993874,19.0,8.6,5.5
401703427,GSW,3059319,31.0,13.2,10.8
401703427,GSW,3134903,14.0,10.1,10.2
401703427,GSW,3155535,25.0,8.2,5.8
401703427,GSW,4431684,22.0,9.1,7.5
401703427,GSW,4432171,21.0,9.1,8.3
401703427,GSW,4433247,29.0,12.2,10.6
401703427,GSW,4709138,25.0,10.1,9.2
401703428,HOU,2991230,37.0,3.8,3.9
401703428,HOU,2991235,11.0,1.1,0.3
401703428,HOU,3136777,2.0,0.6,0.0
401703428,HOU,3155526,24.0,0.5,2.0
401703428,HOU,3922230,5.0,6.0,5.4
401703428,HOU,4432639,36.0,3.5,3.3
401703428,HOU,4433192,25.0,15.0,11.0
401703428,HOU,4437244,34.0,23.0,20.6
401703428,HOU,4684740,24.0,-1.4,-1.5
401703428,HOU,4711272,11.0,4.0,4.4
401703428,HOU,4871144,32.0,19.2,17.9
401703428,SAC,3978,34.0,11.4,9.0
401703428,SAC,6581,12.0,1.3,2.1
401703428,SAC,2528588,2.0,0.7,0.7
401703428,SAC,2596107,2.0,0.0,0.0
401703428,SAC,3134916,2.0,-1.5,-2.5
401703428,SAC,3155942,32.0,19.8,19.9
401703428,SAC,4066259,37.0,19.7,16.3
401703428,SAC,4066262,35.0,20.8,20.4
401703428,SAC,4066372,25.0,10.8,9.7
401703428,SAC,4433378,2.0,-0.7,-0.7
401703428,SAC,4594327,40.0,11.6,8.4
401703428,SAC,5107818,18.0,9.9,8.7
401703429,LAC,3416,20.0,1.9,1.1
401703429,LAC,3992,32.0,15.9,15.4
401703429,LAC,2595516,25.0,25.2,25.1
401703429,LAC,2991139,20.0,8.3,6.8
401703429,LAC,3907823,13.0,2.7,2.0
401703429,LAC,3936099,25.0,14.7,11.8
401703429,LAC,4017837,28.0,9.2,6.4
401703429,LAC,4066387,23.0,16.5,15.9
401703429,LAC,4277919,17.0,5.2,1.7
401703429,LAC,4396818,24.0,13.5,12.6
401703429,LAC,4431699,6.0,-0.4,0.0
401703429,LAC,4592492,7.0,2.6,1.3
401703429,POR,2991070,35.0,11.7,8.5
401703429,POR,4066268,7.0,4.3,4.7
401703429,POR,4278129,33.0,13.4,12.6
401703429,POR,4351851,30.0,2.1,1.6
401703429,POR,4397885,21.0,10.0,10.4
401703429,POR,4431736,29.0,6.8,6.4
401703429,POR,4432446,15.0,5.0,2.4
401703429,POR,4594326,7.0,1.7,1.7
401703429,POR,4683021,23.0,12.7,12.6
401703429,POR,4914336,27.0,10.2,8.4
401703429,POR,5099752,14.0,4.7,5.1
401704627,BOS,3213,26.0,13.0,11.2
401704627,BOS,3995,31.0,19.5,18.7
401704627,BOS,3064560,19.0,6.8,4.8
401704627,BOS,3078576,27.0,22.4,20.9
401704627,BOS,3917376,30.0,15.6,14.3
401704627,BOS,4065648,30.0,38.1,35.6
401704627,BOS,4065804,24.0,6.4,6.0
401704627,BOS,4066354,25.0,-1.0,-1.1
401704627,BOS,4277964,18.0,2.5,1.7
401704627,BOS,4397424,4.0,-0.4,0.0
401704627,BOS,4683689,6.0,0.0,0.0
401704627,NYK,3062679,25.0,11.3,10.4
401704627,NYK,3064230,21.0,8.9,8.5
401704627,NYK,3136195,24.0,11.5,9.8
401704627,NYK,3147657,35.0,9.7,9.7
401704627,NYK,3934672,25.0,12.3,13.2
401704627,NYK,3934719,34.0,2.9,1.6
401704627,NYK,4277922,24.0,7.7,4.5
401704627,NYK,4431823,26.0,17.8,18.2
401704627,NYK,4433225,5.0,0.0,0.0
401704627,NYK,4592461,3.0,-0.7,-0.7
401704627,NYK,4871141,6.0,1.9,0.0
401704627,NYK,5211983,13.0,1.2,1.3
401704628,LAL,1966,35.0,10.1,8.4
401704628,LAL,6583,38.0,34.0,27.4
401704628,LAL,3136776,34.0,6.2,4.7
401704628,LAL,3137259,17.0,0.6,0.4
401704628,LAL,4066457,36.0,11.4,9.8
401704628,LAL,4066648,35.0,15.9,13.4
401704628,LAL,4397077,15.0,10.0,10.2
401704628,LAL,4432582,11.0,-1.1,0.6
401704628,LAL,4683774,3.0,-0.7,-0.7
401704628,LAL,4897943,16.0,4.3,3.4
401704628,MIN,3195,20.0,1.5,0.3
401704628,MIN,2968436,7.0,-0.4,0.0
401704628,MIN,3032976,35.0,13.9,11.5
401704628,MIN,3064514,34.0,13.7,13.1
401704628,MIN,3934673,32.0,6.3,4.5
401704628,MIN,4278039,28.0,11.0,10.1
401704628,MIN,4396971,26.0,7.7,8.0
401704628,MIN,4431671,16.0,0.9,1.3
401704628,MIN,4594268,41.0,11.8,11.2
401704629,DET,6440,36.0,5.5,5.7
401704629,DET,2528210,29.0,10.5,10.0
401704629,DET,3899664,15.0,-4.3,-3.1
401704629,DET,3907822,28.0,6.3,6.2
401704629,DET,4432107,3.0,2.7,2.4
401704629,DET,4432166,37.0,21.2,19.5
401704629,DET,4432810,17.0,2.9,1.1
401704629,DET,4433218,31.0,13.8,13.7
401704629,DET,4433621,30.0,16.5,15.0
401704629,DET,4683771,15.0,4.5,2.3
401704629,IND,2530530,16.0,14.6,13.0
401704629,IND,3133628,36.0,15.7,11.8
401704629,IND,3149673,32.0,23.2,19.7
401704629,IND,4278355,16.0,2.5,2.4
401704629,IND,4395712,35.0,6.9,6.5
401704629,IND,4396909,19.0,7.1,5.7
401704629,IND,4396993,35.0,10.1,5.3
401704629,IND,4432808,5.0,4.3,4.0
401704629,IND,4433076,6.0,0.5,0.0
401704629,IND,4592699,7.0,1.0,1.0
401704629,IND,4683634,28.0,13.3,13.0
401704629,IND,5106060,6.0,1.6,2.4
401704630,ATL,3037789,28.0,4.8,4.0
401704630,ATL,3102529,20.0,7.6,4.1
401704630,ATL,4065732,26.0,8.7,7.2
401704630,ATL,4277905,37.0,29.4,26.9
401704630,ATL,4431680,28.0,28.4,25.5
401704630,ATL,4578893,11.0,3.3,3.4
401704630,ATL,4701230,37.0,7.0,1.8
401704630,ATL,4869342,35.0,15.0,10.3
401704630,ATL,5211175,19.0,0.3,1.1
401704630,BKN,2578185,30.0,5.9,4.0
401704630,BKN,3032979,34.0,3.6,3.3
401704630,BKN,3138196,32.0,9.9,8.2
401704630,BKN,3907387,24.0,5.0,5.4
401704630,BKN,3915195,6.0,-0.7,-0.7
401704630,BKN,4278067,15.0,6.2,4.2
401704630,BKN,4431714,34.0,11.6,12.7
401704630,BKN,4432174,34.0,26.5,24.2
401704630,BKN,4433137,16.0,5.8,6.0
401704630,BKN,4712896,15.0,6.9,4.7
401704631,MIA,6430,26.0,2.8,0.6
401704631,MIA,3074752,32.0,14.2,11.0
401704631,MIA,3157465,20.0,1.3,2.6
401704631,MIA,3934723,16.0,8.4,6.8
401704631,MIA,4066261,26.0,7.7,7.5
401704631,MIA,4066993,6.0,1.4,0.7
401704631,MIA,4291678,30.0,8.8,6.1
401704631,MIA,4395725,29.0,11.2,9.4
401704631,MIA,4432848,19.0,8.3,9.0
401704631,MIA,4601025,6.0,2.7,1.7
401704631,MIA,4997528,24.0,9.3,8.0
401704631,MIA,5105623,6.0,-1.8,-1.7
401704631,ORL,6446,5.0,-1.4,-1.4
401704631,ORL,2581018,25.0,1.6,-0.4
401704631,ORL,2999547,22.0,16.1,14.5
401704631,ORL,3150844,16.0,6.8,6.1
401704631,ORL,4065654,11.0,3.5,1.2
401704631,ORL,4277847,27.0,11.3,7.1
401704631,ORL,4348700,5.0,-2.5,-2.7
401704631,ORL,4432165,13.0,11.6,11.2
401704631,ORL,4432573,31.0,28.5,25.5
401704631,ORL,4432809,18.0,-2.6,-2.7
401704631,ORL,4433623,5.0,-0.1,0.0
401704631,ORL,4566434,23.0,21.7,19.3
401704631,ORL,4702382,5.0,-1.7,-1.7
401704631,ORL,4712849,28.0,9.9,10.1
401704631,ORL,5105806,5.0,-1.8,-2.1
401704632,MIL,3448,36.0,8.7,4.0
401704632,MIL,6606,38.0,24.6,23.2
401704632,MIL,2578239,21.0,6.9,5.7
401704632,MIL,2990962,30.0,16.3,15.6
401704632,MIL,3032977,31.0,23.3,20.3
401704632,MIL,3064447,13.0,1.3,0.3
401704632,MIL,3064482,26.0,12.3,10.6
401704632,MIL,4277843,34.0,6.6,8.0
401704632,MIL,4397475,4.0,1.7,0.7
401704632,MIL,4432179,1.0,0.0,0.0
401704632,MIL,4432190,1.0,0.0,0.0
401704632,MIL,4591725,1.0,-0.4,0.0
401704632,MIL,5167876,2.0,4.0,4.4
401704632,MIL,5170947,1.0,-0.7,-0.7
401704632,PHI,3012,24.0,13.9,13.1
401704632,PHI,3431,22.0,-1.2,-1.1
401704632,PHI,6585,25.0,8.9,8.5
401704632,PHI,3133603,30.0,9.5,11.2
401704632,PHI,3138160,37.0,9.5,8.9
401704632,PHI,4017844,26.0,6.9,5.7
401704632,PHI,4066786,3.0,0.0,0.0
401704632,PHI,4431678,39.0,11.1,8.0
401704632,PHI,4431720,3.0,0.7,0.7
401704632,PHI,4431828,15.0,2.0,2.3
401704632,PHI,4683778,4.0,3.7,3.4
401704632,PHI,4701234,9.0,4.9,5.0
401704632,PHI,5105637,3.0,2.0,2.4
401704633,CLE,6474,9.0,1.3,1.0
401704633,CLE,2990969,19.0,8.0,8.1
401704633,CLE,2991043,21.0,18.2,18.3
401704633,CLE,3908809,28.0,16.8,13.3
401704633,CLE,3912848,20.0,6.6,3.7
401704633,CLE,4065733,19.0,16.3,14.4
401704633,CLE,4066328,26.0,16.7,11.8
401704633,CLE,4066757,16.0,4.1,5.7
401704633,CLE,4396907,23.0,0.7,2.0
401704633,CLE,4432158,27.0,27.5,22.7
401704633,CLE,4432822,19.0,2.9,2.0
401704633,CLE,4683747,7.0,1.8,2.0
401704633,CLE,4701233,9.0,2.0,2.0
401704633,TOR,4023,9.0,2.6,2.4
401704633,TOR,3134908,26.0,0.5,0.3
401704633,TOR,3948153,20.0,14.9,13.3
401704633,TOR,4277952,15.0,4.0,4.1
401704633,TOR,4278053,25.0,1.7,-0.3
401704633,TOR,4395724,14.0,9.5,8.7
401704633,TOR,4397018,25.0,7.3,5.8
401704633,TOR,4431893,16.0,5.6,4.7
401704633,TOR,4432241,19.0,8.3,7.1
401704633,TOR,4433134,26.0,2.5,3.6
401704633,TOR,5106258,29.0,12.0,10.3
401704633,TOR,5107897,11.0,5.6,5.0
401704633,TOR,5211984,5.0,2.0,1.7
401704634,CHA,2326307,26.0,4.7,4.2
401704634,CHA,3102532,17.0,0.1,-1.4
401704634,CHA,3138161,24.0,8.0,7.0
401704634,CHA,4066218,25.0,5.4,4.4
401704634,CHA,4066383,32.0,5.7,1.7
401704634,CHA,4278076,24.0,5.9,4.7
401704634,CHA,4432816,38.0,33.0,30.4
401704634,CHA,4432819,29.0,16.6,15.8
401704634,CHA,4433249,15.0,4.3,1.0
401704634,CHA,4433287,11.0,5.4,4.4
401704634,HOU,2991230,37.0,8.8,6.6
401704634,HOU,3146557,10.0,6.1,6.5
401704634,HOU,3155526,31.0,-2.1,-1.1
401704634,HOU,4432639,33.0,6.0,4.9
401704634,HOU,4433192,13.0,4.3,2.4
401704634,HOU,4437244,35.0,16.1,15.5
401704634,HOU,4684740,22.0,7.6,7.2
401704634,HOU,4711272,16.0,0.9,1.1
401704634,HOU,4871144,34.0,25.4,17.9
401704634,HOU,5105592,8.0,1.6,2.0
401704635,CHI,6478,31.0,18.0,16.5
401704635,CHI,3064440,37.0,14.1,14.5
401704635,CHI,4066421,14.0,4.6,4.8
401704635,CHI,4395651,35.0,6.4,2.7
401704635,CHI,4396991,8.0,-1.2,-1.8
401704635,CHI,4397002,25.0,5.9,5.5
401704635,CHI,4397189,17.0,14.3,13.5
401704635,CHI,4431687,24.0,4.0,3.0
401704635,CHI,4433159,2.0,1.0,0.0
401704635,CHI,4592402,2.0,2.7,2.7
401704635,CHI,4711294,5.0,-1.2,-1.4
401704635,CHI,4871145,30.0,7.7,6.9
401704635,CHI,5105553,12.0,2.0,1.0
401704635,NOP,2451037,19.0,9.7,5.8
401704635,NOP,2490149,30.0,18.7,16.8
401704635,NOP,2596112,25.0,12.3,7.4
401704635,NOP,3907497,30.0,14.1,10.7
401704635,NOP,3913176,31.0,24.5,21.9
401704635,NOP,4277813,33.0,2.0,0.3
401704635,NOP,4277869,13.0,3.2,3.4
401704635,NOP,4432813,7.0,6.3,5.4
401704635,NOP,4592686,1.0,-3.1,-3.1
401704635,NOP,4683750,28.0,9.4,7.0
401704635,NOP,4997538,1.0,1.4,0.7
401704635,NOP,5061589,23.0,13.7,10.2
401704636,MEM,2990992,26.0,5.3,5.3
401704636,MEM,3134932,15.0,6.5,6.1
401704636,MEM,3906665,14.0,-0.5,-0.7
401704636,MEM,4065731,22.0,13.6,11.8
401704636,MEM,4066320,27.0,16.3,15.0
401704636,MEM,4279888,28.0,20.9,20.0
401704636,MEM,4431785,22.0,8.9,5.8
401704636,MEM,4592691,16.0,3.2,3.0
401704636,MEM,4593125,31.0,20.7,20.6
401704636,MEM,4600663,15.0,1.1,3.2
401704636,MEM,5112087,23.0,1.5,2.5
401704636,UTA,4004,16.0,0.2,0.7
401704636,UTA,2528426,25.0,13.7,12.5
401704636,UTA,3908845,18.0,4.2,3.3
401704636,UTA,4066336,35.0,29.4,27.8
401704636,UTA,4277811,25.0,11.2,9.7
401704636,UTA,4433136,30.0,22.1,16.0
401704636,UTA,4433627,31.0,2.7,2.9
401704636,UTA,4684806,29.0,12.1,9.7
401704636,UTA,4895758,19.0,0.6,1.0
401704636,UTA,5105839,12.0,4.6,3.0
401704637,LAC,3416,24.0,1.4,1.0
401704637,LAC,3992,40.0,14.8,12.3
401704637,LAC,2595516,40.0,9.9,8.3
401704637,LAC,2991139,20.0,7.0,4.8
401704637,LAC,3907823,27.0,6.5,6.7
401704637,LAC,3936099,29.0,10.9,9.9
401704637,LAC,4017837,34.0,13.7,13.7
401704637,LAC,4066387,26.0,11.2,10.1
401704637,LAC,4397140,13.0,-2.0,-3.1
401704637,LAC,4431699,13.0,4.9,5.1
401704637,PHX,3202,44.0,12.7,8.5
401704637,PHX,6580,38.0,19.3,17.1
401704637,PHX,2488653,14.0,7.6,7.0
401704637,PHX,2583632,24.0,3.2,0.7
401704637,PHX,3059310,13.0,4.6,3.3
401704637,PHX,3102530,22.0,8.0,4.9
401704637,PHX,3135045,21.0,6.2,5.0
401704637,PHX,3135046,35.0,14.9,11.6
401704637,PHX,3136193,32.0,11.0,10.5
401704637,PHX,4601023,12.0,4.6,3.1
401704637,PHX,4888725,9.0,-0.3,-0.4
401704638,GSW,3975,25.0,21.3,16.6
401704638,GSW,6589,20.0,8.8,5.8
401704638,GSW,2990984,15.0,17.6,17.2
401704638,GSW,2993874,15.0,7.1,4.2
401704638,GSW,3059319,23.0,14.3,14.5
401704638,GSW,3134903,14.0,10.8,8.5
401704638,GSW,3155535,14.0,4.5,3.1
401704638,GSW,4066317,5.0,6.6,7.1
401704638,GSW,4066436,19.0,8.7,6.3
401704638,GSW,4431684,25.0,15.7,14.2
401704638,GSW,4432171,15.0,10.1,10.7
401704638,GSW,4433247,20.0,1.9,1.5
401704638,GSW,4709138,25.0,-0.2,-0.9
401704638,GSW,4997536,5.0,2.9,3.0
401704638,POR,2991070,33.0,9.4,7.9
401704638,POR,4066268,3.0,2.4,2.4
401704638,POR,4278129,31.0,9.3,5.4
401704638,POR,4351851,33.0,6.1,5.7
401704638,POR,4397885,8.0,1.6,1.3
401704638,POR,4431736,30.0,10.8,9.8
401704638,POR,4432446,7.0,0.2,0.7
401704638,POR,4594326,10.0,-1.6,-1.2
401704638,POR,4683021,27.0,12.1,8.0
401704638,POR,4683678,28.0,13.0,13.3
401704638,POR,5099752,17.0,5.9,5.1
401704638,POR,5105565,13.0,1.9,0.0
401704639,BOS,3213,20.0,-0.8,-2.0
401704639,BOS,3995,23.0,2.7,3.3
401704639,BOS,3064560,16.0,3.4,4.1
401704639,BOS,3078576,29.0,17.3,15.8
401704639,BOS,3917376,30.0,23.1,17.4
401704639,BOS,4065648,29.0,21.3,18.0
401704639,BOS,4066354,28.0,10.6,10.7
401704639,BOS,4277964,15.0,6.0,6.1
401704639,BOS,4397424,14.0,10.2,10.9
401704639,BOS,4397689,4.0,1.7,-1.0
401704639,BOS,4432164,6.0,2.3,2.0
401704639,BOS,4576085,8.0,-3.1,-3.0
401704639,BOS,4593841,8.0,2.2,2.3
401704639,BOS,4683689,10.0,-1.8,-2.1
401704639,WAS,6477,20.0,15.8,14.9
401704639,WAS,2581184,3.0,1.7,0.7
401704639,WAS,3134907,28.0,4.8,2.9
401704639,WAS,4277848,10.0,7.0,6.4
401704639,WAS,4277956,32.0,20.3,16.5
401704639,WAS,4280151,24.0,4.8,4.1
401704639,WAS,4395695,9.0,5.0,4.0
401704639,WAS,4432356,4.0,-0.7,-0.7
401704639,WAS,4432907,4.0,0.5,1.4
401704639,WAS,4433246,8.0,4.9,5.4
401704639,WAS,4845374,26.0,-0.7,-1.8
401704639,WAS,5104155,30.0,10.6,8.1
401704639,WAS,5160992,22.0,0.7,-1.1
401704639,WAS,5174563,20.0,2.7,2.0
401704640,DAL,6442,27.0,10.5,7.6
401704640,DAL,6475,26.0,22.3,18.5
401704640,DAL,2531367,2.0,2.4,2.4
401704640,DAL,2580782,3.0,0.3,0.0
401704640,DAL,2960236,15.0,3.5,2.0
401704640,DAL,3945274,36.0,18.8,15.6
401704640,DAL,4278049,19.0,9.1,8.8
401704640,DAL,4278078,26.0,8.8,7.3
401704640,DAL,4278594,21.0,0.2,0.3
401704640,DAL,4397014,15.0,-2.2,-1.8
401704640,DAL,4595400,2.0,0.0,0.0
401704640,DAL,4683688,28.0,17.5,16.0
401704640,DAL,4868423,20.0,7.6,8.1
401704640,SAS,2779,29.0,4.7,2.8
401704640,SAS,6578,29.0,15.6,14.5
401704640,SAS,4066650,14.0,5.5,4.8
401704640,SAS,4278580,6.0,0.2,-1.0
401704640,SAS,4395626,16.0,5.0,4.0
401704640,SAS,4395723,25.0,2.5,1.3
401704640,SAS,4397886,6.0,2.7,0.7
401704640,SAS,4565201,6.0,5.3,4.7
401704640,SAS,4592479,27.0,16.4,12.9
401704640,SAS,4610139,27.0,10.3,10.7
401704640,SAS,4683935,9.0,6.1,6.1
401704640,SAS,4845367,18.0,5.9,6.8
401704640,SAS,5104157,28.0,6.9,4.5
401704641,DEN,3468,21.0,4.4,0.8
401704641,DEN,3032978,11.0,1.9,1.0
401704641,DEN,3064290,33.0,10.3,8.5
401704641,DEN,3112335,35.0,21.7,17.8
401704641,DEN,3936299,38.0,8.1,5.7
401704641,DEN,4230557,2.0,0.3,0.0
401704641,DEN,4278104,32.0,8.5,6.2
401704641,DEN,4395620,2.0,-0.4,-0.7
401704641,DEN,4398390,2.0,-0.7,-0.7
401704641,DEN,4431690,2.0,-0.7,-0.7
401704641,DEN,4431767,29.0,12.3,7.8
401704641,DEN,4432181,17.0,2.9,2.7
401704641,DEN,4433268,2.0,0.3,0.0
401704641,DEN,4576087,15.0,2.2,-0.4
401704641,OKC,2991350,19.0,2.2,1.8
401704641,OKC,4278073,36.0,25.0,20.2
401704641,OKC,4395702,20.0,2.9,2.6
401704641,OKC,4397020,29.0,4.4,1.6
401704641,OKC,4397183,20.0,14.0,11.2
401704641,OKC,4397654,1.0,0.0,0.0
401704641,OKC,4432971,1.0,0.0,0.0
401704641,OKC,4433255,36.0,27.3,20.3
401704641,OKC,4593803,34.0,1.0,0.2
401704641,OKC,4683692,23.0,3.5,1.3
401704641,OKC,4702159,1.0,-0.4,-0.7
401704641,OKC,4900671,7.0,-2.1,-2.4
401704641,OKC,4997526,13.0,5.2,4.0
401704642,MIN,3195,27.0,4.2,4.0
401704642,MIN,2968436,5.0,0.3,0.7
401704642,MIN,3032976,35.0,3.4,0.0
401704642,MIN,3064514,35.0,26.0,25.7
401704642,MIN,3934673,27.0,2.5,3.7
401704642,MIN,4278039,18.0,7.4,7.1
401704642,MIN,4396971,27.0,16.8,14.5
401704642,MIN,4431671,27.0,1.5,2.0
401704642,MIN,4594268,39.0,20.9,19.7
401704642,SAC,3978,43.0,18.6,15.5
401704642,SAC,2528588,6.0,-1.5,-0.7
401704642,SAC,2596107,6.0,2.2,1.3
401704642,SAC,3136196,11.0,2.2,1.3
401704642,SAC,3155942,38.0,17.5,14.3
401704642,SAC,4066259,37.0,13.7,13.3
401704642,SAC,4066262,26.0,15.4,15.5
401704642,SAC,4066372,20.0,0.0,-0.4
401704642,SAC,4594327,43.0,18.6,17.1
401704642,SAC,4702177,11.0,3.2,1.3
401704643,BKN,2578185,26.0,13.0,11.5
401704643,BKN,3032979,32.0,16.3,16.2
401704643,BKN,3138196,35.0,4.3,4.9
401704643,BKN,3907387,24.0,3.5,2.0
401704643,BKN,3915195,17.0,2.5,3.4
401704643,BKN,4278067,20.0,5.9,3.4
401704643,BKN,4431714,13.0,-3.0,-2.7
401704643,BKN,4432174,35.0,15.0,14.3
401704643,BKN,4432192,2.0,-0.1,0.3
401704643,BKN,4433137,19.0,4.9,3.7
401704643,BKN,4712896,16.0,2.4,2.3
401704643,ORL,2581018,26.0,11.0,7.7
401704643,ORL,2999547,16.0,4.3,3.3
401704643,ORL,3150844,15.0,12.4,11.8
401704643,ORL,4277847,31.0,13.4,8.8
401704643,ORL,4348700,6.0,2.6,2.3
401704643,ORL,4432165,22.0,6.4,4.7
401704643,ORL,4432573,37.0,13.9,12.5
401704643,ORL,4432809,20.0,4.8,2.3
401704643,ORL,4566434,39.0,23.0,21.6
401704643,ORL,4712849,26.0,9.2,8.5
401704643,ORL,5105806,2.0,2.7,2.7
401704644,PHI,3012,29.0,12.4,11.1
401704644,PHI,3431,20.0,6.1,6.2
401704644,PHI,6443,3.0,-1.7,-1.7
401704644,PHI,6585,22.0,9.4,5.1
401704644,PHI,3133603,39.0,18.1,16.7
401704644,PHI,3138160,34.0,8.4,9.0
401704644,PHI,4017844,17.0,4.0,3.7
401704644,PHI,4431678,41.0,10.9,11.3
401704644,PHI,4431828,24.0,4.8,3.8
401704644,PHI,4683778,4.0,1.0,0.7
401704644,PHI,4701234,4.0,-1.4,-1.4
401704644,PHI,5105637,1.0,-0.4,0.0
401704644,TOR,3134908,27.0,19.0,15.4
401704644,TOR,3948153,19.0,5.9,0.2
401704644,TOR,4277952,8.0,0.9,0.4
401704644,TOR,4278053,19.0,3.3,4.8
401704644,TOR,4397018,26.0,11.8,9.5
401704644,TOR,4431893,15.0,9.9,11.4
401704644,TOR,4432241,25.0,1.2,1.4
401704644,TOR,4432820,16.0,1.2,-1.0
401704644,TOR,4433134,36.0,24.7,21.9
401704644,TOR,5106258,24.0,-0.2,0.9
401704644,TOR,5107897,24.0,16.7,12.2
401704645,ATL,3102529,22.0,7.8,4.8
401704645,ATL,3913180,19.0,6.2,6.7
401704645,ATL,4065732,33.0,20.7,19.8
401704645,ATL,4277905,41.0,32.0,26.9
401704645,ATL,4431680,26.0,8.3,6.1
401704645,ATL,4578893,15.0,0.3,0.6
401704645,ATL,4701230,41.0,10.7,7.8
401704645,ATL,4869342,24.0,17.7,16.0
401704645,ATL,5211175,19.0,3.3,2.6
401704645,CHA,2326307,27.0,8.4,6.4
401704645,CHA,3102532,19.0,0.9,0.0
401704645,CHA,3138161,23.0,1.7,1.3
401704645,CHA,4066218,29.0,9.1,9.1
401704645,CHA,4066383,31.0,19.7,19.0
401704645,CHA,4278076,30.0,15.2,12.8
401704645,CHA,4432811,18.0,5.1,4.4
401704645,CHA,4432816,29.0,17.6,17.1
401704645,CHA,4432819,25.0,7.8,8.0
401704645,CHA,4433249,10.0,1.4,0.9
401704646,CLE,2990969,15.0,1.0,0.3
401704646,CLE,2991043,20.0,10.9,7.0
401704646,CLE,3908809,30.0,8.0,8.9
401704646,CLE,3912848,27.0,18.5,15.8
401704646,CLE,4065733,16.0,13.8,12.5
401704646,CLE,4066328,31.0,19.1,14.1
401704646,CLE,4066757,16.0,-0.5,-1.4
401704646,CLE,4396907,33.0,9.3,8.5
401704646,CLE,4432158,32.0,15.3,8.8
401704646,CLE,4432822,18.0,5.3,6.2
401704646,CLE,4683747,1.0,0.0,0.0
401704646,CLE,4701233,1.0,0.0,0.0
401704646,DET,6440,35.0,9.5,6.7
401704646,DET,2528210,23.0,6.2,5.7
401704646,DET,3899664,20.0,2.2,1.6
401704646,DET,3907822,29.0,8.5,7.0
401704646,DET,4278562,7.0,-0.6,-0.6
401704646,DET,4432107,1.0,1.4,1.4
401704646,DET,4432166,35.0,17.4,18.4
401704646,DET,4432810,11.0,-1.3,-1.6
401704646,DET,4433218,29.0,13.9,14.0
401704646,DET,4433621,29.0,7.3,6.4
401704646,DET,4592187,1.0,0.0,0.0
401704646,DET,4683771,17.0,2.7,0.3
401704646,DET,5107199,1.0,-0.7,-0.7
401704647,IND,3999,4.0,2.1,1.4
401704647,IND,2530530,16.0,7.1,6.5
401704647,IND,3133628,23.0,9.6,7.3
401704647,IND,3149673,23.0,7.6,7.1
401704647,IND,4278355,20.0,9.2,8.2
401704647,IND,4395712,21.0,1.3,-1.3
401704647,IND,4396909,18.0,0.1,1.0
401704647,IND,4396993,26.0,-2.6,-3.1
401704647,IND,4432170,15.0,8.5,7.8
401704647,IND,4433076,12.0,-0.4,2.0
401704647,IND,4592699,10.0,2.3,2.4
401704647,IND,4592829,4.0,4.0,3.4
401704647,IND,4683634,24.0,14.2,13.0
401704647,IND,5106060,20.0,13.3,10.8
401704647,IND,5157066,5.0,-2.1,-2.1
401704647,NYK,3062679,37.0,16.2,13.5
401704647,NYK,3064230,22.0,5.2,4.3
401704647,NYK,3136195,32.0,22.6,17.7
401704647,NYK,3147657,33.0,18.0,18.6
401704647,NYK,3934672,30.0,20.7,20.2
401704647,NYK,3934719,34.0,8.3,7.3
401704647,NYK,4277922,15.0,1.9,1.7
401704647,NYK,4431823,21.0,5.2,5.8
401704647,NYK,4433225,4.0,3.0,3.0
401704647,NYK,4592461,2.0,0.0,0.0
401704647,NYK,4871141,6.0,0.3,-1.0
401704647,NYK,5211983,4.0,-1.8,-1.7
401704648,HOU,2991230,31.0,12.9,12.6
401704648,HOU,3136777,2.0,0.6,0.7
401704648,HOU,3146557,6.0,1.3,0.7
401704648,HOU,3155526,31.0,14.8,13.7
401704648,HOU,3922230,2.0,0.0,0.0
401704648,HOU,4397821,2.0,3.3,2.7
401704648,HOU,4432639,35.0,13.3,10.9
401704648,HOU,4433192,16.0,14.3,11.5
401704648,HOU,4437244,32.0,14.8,11.1
401704648,HOU,4684740,24.0,2.9,3.2
401704648,HOU,4711272,13.0,5.3,4.7
401704648,HOU,4871144,32.0,12.0,10.0
401704648,HOU,5105592,14.0,2.1,3.5
401704648,MEM,2990992,20.0,3.7,3.6
401704648,MEM,3134932,22.0,10.2,7.1
401704648,MEM,3906665,12.0,-0.6,-0.8
401704648,MEM,4065731,16.0,8.9,5.7
401704648,MEM,4066320,29.0,12.9,10.1
401704648,MEM,4279888,24.0,9.1,9.5
401704648,MEM,4431785,24.0,9.8,9.7
401704648,MEM,4592691,23.0,5.0,5.7
401704648,MEM,4593125,22.0,2.8,0.7
401704648,MEM,4600663,23.0,12.7,11.1
401704648,MEM,5112087,21.0,0.6,0.4
401704648,MEM,5159895,4.0,0.7,0.7
401704649,CHI,6478,32.0,16.9,16.1
401704649,CHI,3064440,33.0,20.7,18.1
401704649,CHI,4395651,34.0,31.7,26.3
401704649,CHI,4396991,1.0,0.0,0.0
401704649,CHI,4397002,28.0,1.1,-0.7
401704649,CHI,4397189,15.0,7.1,8.1
401704649,CHI,4431687,36.0,11.8,8.4
401704649,CHI,4433159,12.0,4.5,3.3
401704649,CHI,4711294,9.0,1.9,1.7
401704649,CHI,4871145,24.0,19.1,17.3
401704649,CHI,5105553,15.0,3.6,2.7
401704649,MIL,3448,29.0,1.6,-0.5
401704649,MIL,6606,36.0,19.1,18.3
401704649,MIL,2578239,17.0,-0.2,-0.7
401704649,MIL,2990962,30.0,12.5,11.6
401704649,MIL,3032977,35.0,28.5,25.9
401704649,MIL,3064447,13.0,6.4,5.8
401704649,MIL,3064482,28.0,9.4,5.4
401704649,MIL,4277843,34.0,8.5,7.0
401704649,MIL,4397475,11.0,8.0,8.1
401704649,MIL,4432179,2.0,-1.7,-1.7
401704649,MIL,4591725,2.0,2.0,2.0
401704649,MIL,5167876,2.0,0.0,0.0
401704649,MIL,5170947,2.0,-0.4,-0.7
401704650,GSW,3975,27.0,10.3,8.6
401704650,GSW,6589,20.0,3.8,1.4
401704650,GSW,2990984,20.0,27.6,25.4
401704650,GSW,2993874,19.0,10.0,6.8
401704650,GSW,3059319,23.0,12.4,10.2
401704650,GSW,3134903,13.0,7.0,4.1
401704650,GSW,3155535,13.0,11.4,10.6
401704650,GSW,4066317,7.0,6.7,5.4
401704650,GSW,4066436,14.0,-2.6,-1.3
401704650,GSW,4431684,17.0,13.3,12.7
401704650,GSW,4432171,19.0,8.0,5.7
401704650,GSW,4433247,18.0,0.6,-0.4
401704650,GSW,4709138,25.0,11.5,9.4
401704650,GSW,4997536,6.0,-0.9,-1.0
401704650,UTA,4004,18.0,3.9,2.3
401704650,UTA,2528426,24.0,3.7,4.2
401704650,UTA,3908845,24.0,12.2,9.8
401704650,UTA,3914285,6.0,6.1,6.1
401704650,UTA,4066336,27.0,5.1,2.3
401704650,UTA,4277811,21.0,1.4,1.5
401704650,UTA,4433136,20.0,5.3,3.2
401704650,UTA,4433627,30.0,5.3,3.0
401704650,UTA,4684793,4.0,0.0,0.0
401704650,UTA,4684806,25.0,-0.5,-4.5
401704650,UTA,4895758,25.0,0.1,-1.4
401704650,UTA,5105839,18.0,4.6,4.3
401704651,LAL,1966,35.0,17.9,17.1
401704651,LAL,6583,38.0,31.4,27.7
401704651,LAL,3136776,29.0,4.2,3.4
401704651,LAL,3137259,21.0,4.7,3.0
401704651,LAL,4066457,37.0,25.3,22.0
401704651,LAL,4066648,39.0,9.7,8.6
401704651,LAL,4397077,18.0,9.6,7.6
401704651,LAL,4432582,11.0,2.6,1.7
401704651,LAL,4897943,13.0,8.0,6.7
401704651,PHX,3202,39.0,24.0,23.3
401704651,PHX,6580,35.0,13.3,11.9
401704651,PHX,2488653,19.0,6.3,5.1
401704651,PHX,2583632,28.0,6.1,5.1
401704651,PHX,3059310,13.0,11.8,9.5
401704651,PHX,3102530,18.0,1.3,0.4
401704651,PHX,3135046,32.0,12.8,11.2
401704651,PHX,3136193,35.0,14.5,13.7
401704651,PHX,4601023,6.0,-1.9,-1.0
401704651,PHX,4888725,14.0,7.5,7.4
401704652,NOP,2451037,18.0,4.6,4.7
401704652,NOP,2490149,40.0,16.9,12.4
401704652,NOP,2596112,19.0,0.5,1.0
401704652,NOP,3913176,35.0,15.3,12.0
401704652,NOP,4277813,29.0,5.0,2.7
401704652,NOP,4277869,13.0,0.2,-1.9
401704652,NOP,4395628,29.0,15.0,10.7
401704652,NOP,4432813,4.0,-1.8,-2.0
401704652,NOP,4683750,29.0,20.3,19.5
401704652,NOP,5061589,22.0,9.1,7.3
401704652,POR,2991070,40.0,21.7,18.0
401704652,POR,4278129,33.0,7.3,3.6
401704652,POR,4351851,36.0,13.4,12.9
401704652,POR,4431736,25.0,4.8,4.8
401704652,POR,4432446,17.0,-0.3,-0.7
401704652,POR,4594326,15.0,7.0,6.8
401704652,POR,4683021,31.0,2.5,-1.0
401704652,POR,4683678,29.0,14.8,12.3
401704652,POR,5105565,14.0,5.5,2.7
401704653,DEN,3468,19.0,-0.8,-2.2
401704653,DEN,3032978,11.0,-1.2,-0.7
401704653,DEN,3064290,36.0,7.7,6.6
401704653,DEN,3112335,37.0,31.2,27.5
401704653,DEN,3936299,37.0,18.7,16.5
401704653,DEN,4278104,38.0,7.3,4.0
401704653,DEN,4431767,34.0,11.8,8.8
401704653,DEN,4432181,16.0,7.8,7.5
401704653,DEN,4576087,12.0,-0.9,-1.5
401704653,LAC,3416,22.0,3.8,3.4
401704653,LAC,3992,38.0,22.6,21.1
401704653,LAC,2595516,33.0,29.4,28.2
401704653,LAC,2991139,19.0,8.3,8.8
401704653,LAC,3907823,21.0,-1.6,-1.4
401704653,LAC,3936099,27.0,3.9,2.7
401704653,LAC,4017837,39.0,21.1,18.7
401704653,LAC,4066387,24.0,0.2,-0.7
401704653,LAC,4397140,15.0,-2.9,-2.8
401704653,LAC,4431699,4.0,1.7,0.7
401704654,CHA,2326307,29.0,11.2,11.8
401704654,CHA,3102532,10.0,-1.8,-1.4
401704654,CHA,3138161,27.0,6.5,6.1
401704654,CHA,4066218,19.0,3.2,1.9
401704654,CHA,4066383,35.0,10.6,8.6
401704654,CHA,4278076,35.0,12.4,8.5
401704654,CHA,4432816,37.0,16.9,16.1
401704654,CHA,4432819,32.0,11.8,10.1
401704654,CHA,4433249,8.0,3.6,4.4
401704654,CHA,5211176,9.0,-0.8,-1.7
401704654,MIA,6429,25.0,8.7,7.4
401704654,MIA,6430,37.0,26.4,23.3
401704654,MIA,3074752,32.0,13.8,13.5
401704654,MIA,3157465,15.0,1.3,-0.1
401704654,MIA,3934723,12.0,7.4,6.5
401704654,MIA,4066261,33.0,9.4,6.0
401704654,MIA,4066993,3.0,-0.8,0.4
401704654,MIA,4395725,33.0,16.1,15.1
401704654,MIA,4432848,22.0,5.6,4.2
401704654,MIA,4997528,30.0,11.5,9.5
401704655,BOS,3213,32.0,18.4,14.5
401704655,BOS,3995,36.0,4.9,4.4
401704655,BOS,3064560,19.0,2.7,1.5
401704655,BOS,3078576,39.0,14.6,12.1
401704655,BOS,3917376,38.0,15.1,12.8
401704655,BOS,4065648,38.0,25.5,23.9
401704655,BOS,4066354,19.0,16.6,15.4
401704655,BOS,4277964,18.0,4.2,2.4
401704655,DET,6440,31.0,4.6,2.6
401704655,DET,2528210,37.0,5.7,6.3
401704655,DET,3899664,18.0,7.8,8.0
401704655,DET,3907822,20.0,11.9,11.0
401704655,DET,4432166,41.0,13.2,8.4
401704655,DET,4432810,19.0,7.9,7.6
401704655,DET,4433218,39.0,22.7,21.6
401704655,DET,4433621,29.0,16.8,14.0
401704655,DET,4683771,6.0,3.2,3.7
401704656,CLE,6474,5.0,-2.7,-2.6
401704656,CLE,2990969,21.0,2.4,1.3
401704656,CLE,2991043,19.0,12.2,11.2
401704656,CLE,3908809,29.0,25.1,20.6
401704656,CLE,3912848,19.0,1.6,0.3
401704656,CLE,4065733,15.0,13.7,12.8
401704656,CLE,4066328,25.0,24.2,21.0
401704656,CLE,4066757,20.0,7.5,7.0
401704656,CLE,4396907,24.0,19.4,18.4
401704656,CLE,4432158,32.0,9.6,6.2
401704656,CLE,4432822,19.0,4.4,1.2
401704656,CLE,4683747,8.0,-1.4,0.3
401704656,CLE,4701233,3.0,2.7,0.7
401704656,WAS,6477,21.0,8.3,6.5
401704656,WAS,3134907,24.0,7.9,6.4
401704656,WAS,4277848,10.0,7.6,6.4
401704656,WAS,4277956,24.0,15.0,12.5
401704656,WAS,4280151,26.0,5.2,5.7
401704656,WAS,4395695,11.0,9.3,8.1
401704656,WAS,4432356,6.0,0.9,1.7
401704656,WAS,4433246,5.0,2.3,1.0
401704656,WAS,4845374,25.0,4.6,6.0
401704656,WAS,5104155,35.0,15.3,15.2
401704656,WAS,5160992,25.0,11.1,8.7
401704656,WAS,5174563,27.0,-0.1,-1.5
401704657,CHI,6478,33.0,15.8,12.9
401704657,CHI,3064440,34.0,15.0,10.0
401704657,CHI,3133635,4.0,1.0,0.0
401704657,CHI,4066421,16.0,-1.4,-2.1
401704657,CHI,4395651,30.0,0.7,-0.3
401704657,CHI,4396991,4.0,1.0,0.7
401704657,CHI,4397002,24.0,-2.2,-2.1
401704657,CHI,4397189,11.0,3.0,2.6
401704657,CHI,4431687,26.0,2.0,-0.4
401704657,CHI,4433159,4.0,0.7,0.7
401704657,CHI,4592402,4.0,3.4,3.4
401704657,CHI,4711294,7.0,0.2,0.6
401704657,CHI,4871145,26.0,7.5,6.8
401704657,CHI,5105553,15.0,6.9,6.0
401704657,OKC,2991350,22.0,4.1,1.3
401704657,OKC,4278073,30.0,19.1,13.7
401704657,OKC,4395702,12.0,4.2,4.7
401704657,OKC,4397020,25.0,4.6,4.0
401704657,OKC,4397183,16.0,3.7,4.1
401704657,OKC,4397654,3.0,3.3,2.7
401704657,OKC,4432971,3.0,-0.7,-0.7
401704657,OKC,4433255,29.0,16.0,10.5
401704657,OKC,4593803,32.0,19.3,17.6
401704657,OKC,4683692,29.0,9.1,5.0
401704657,OKC,4702159,4.0,0.0,-1.0
401704657,OKC,4900671,16.0,3.9,2.4
401704657,OKC,4997526,20.0,4.7,2.2
401704658,MEM,2990992,21.0,7.4,5.1
401704658,MEM,3906665,18.0,5.3,3.0
401704658,MEM,4065731,19.0,15.4,14.5
401704658,MEM,4066320,28.0,9.3,7.1
401704658,MEM,4277961,23.0,7.1,6.4
401704658,MEM,4279888,25.0,13.3,13.2
401704658,MEM,4431785,23.0,14.5,12.9
401704658,MEM,4592691,23.0,6.2,3.4
401704658,MEM,4593125,28.0,21.5,18.7
401704658,MEM,4600663,13.0,4.1,5.4
401704658,MEM,5112087,18.0,6.0,5.7
401704658,MEM,5159895,2.0,-2.4,-2.4
401704658,ORL,6446,5.0,3.4,3.4
401704658,ORL,2581018,28.0,1.4,-1.1
401704658,ORL,2999547,4.0,0.0,0.0
401704658,ORL,3150844,12.0,5.8,6.4
401704658,ORL,4277847,31.0,2.7,1.7
401704658,ORL,4348700,5.0,3.8,3.1
401704658,ORL,4397071,5.0,1.7,1.4
401704658,ORL,4409222,3.0,-1.0,-1.0
401704658,ORL,4432165,31.0,18.0,11.6
401704658,ORL,4432573,37.0,9.0,8.0
401704658,ORL,4432809,8.0,2.7,2.1
401704658,ORL,4433623,5.0,4.3,4.7
401704658,ORL,4566434,34.0,14.0,11.0
401704658,ORL,4712849,20.0,6.3,6.1
401704658,ORL,5105806,12.0,8.6,8.4
401704659,MIN,3195,26.0,13.3,8.4
401704659,MIN,2968436,6.0,2.3,3.5
401704659,MIN,3032976,39.0,18.1,12.5
401704659,MIN,3064514,36.0,18.2,17.2
401704659,MIN,3934673,23.0,8.1,6.9
401704659,MIN,4278039,16.0,5.3,5.4
401704659,MIN,4396971,21.0,9.6,7.7
401704659,MIN,4431671,33.0,10.4,8.2
401704659,MIN,4594268,39.0,13.2,10.9
401704659,TOR,3134908,30.0,7.7,5.5
401704659,TOR,3948153,16.0,0.7,-0.9
401704659,TOR,4277952,12.0,5.6,4.1
401704659,TOR,4278053,29.0,3.6,2.1
401704659,TOR,4397018,31.0,12.6,10.8
401704659,TOR,4431893,19.0,7.9,6.7
401704659,TOR,4432241,19.0,4.7,5.5
401704659,TOR,4432820,9.0,-0.4,-1.0
401704659,TOR,4433134,37.0,11.1,10.2
401704659,TOR,5106258,30.0,18.3,17.8
401704659,TOR,5107897,9.0,2.9,0.7
401704660,HOU,2991230,39.0,16.9,14.5
401704660,HOU,3146557,14.0,10.3,9.7
401704660,HOU,3155526,35.0,10.4,10.4
401704660,HOU,4432639,32.0,2.8,2.3
401704660,HOU,4433192,18.0,6.5,3.4
401704660,HOU,4437244,33.0,20.1,19.8
401704660,HOU,4684740,20.0,0.1,0.3
401704660,HOU,4711272,6.0,-1.4,-1.7
401704660,HOU,4871144,22.0,3.9,1.9
401704660,HOU,5105592,21.0,6.2,4.9
401704660,SAS,2779,27.0,3.8,3.6
401704660,SAS,6578,28.0,10.7,9.1
401704660,SAS,4066650,18.0,5.0,4.4
401704660,SAS,4395723,29.0,12.9,10.6
401704660,SAS,4565201,14.0,6.4,4.1
401704660,SAS,4592479,25.0,8.6,8.1
401704660,SAS,4610139,37.0,14.7,11.2
401704660,SAS,4683935,6.0,1.6,1.7
401704660,SAS,4845367,27.0,3.3,1.5
401704660,SAS,5104157,30.0,21.8,19.1
401704661,DAL,6442,39.0,14.7,12.7
401704661,DAL,6475,33.0,10.6,10.3
401704661,DAL,2531367,1.0,0.0,0.0
401704661,DAL,2960236,16.0,1.9,2.4
401704661,DAL,3945274,39.0,30.2,28.4
401704661,DAL,4278049,18.0,7.9,7.5
401704661,DAL,4278078,35.0,0.5,-0.8
401704661,DAL,4278594,16.0,2.2,1.7
401704661,DAL,4397014,6.0,-0.2,0.0
401704661,DAL,4595400,1.0,0.0,0.0
401704661,DAL,4683688,21.0,8.8,7.9
401704661,DAL,4708972,1.0,-1.0,-1.0
401704661,DAL,4868423,13.0,-2.9,-2.8
401704661,PHX,3202,39.0,24.3,19.9
401704661,PHX,2488653,10.0,2.1,3.0
401704661,PHX,2583632,27.0,9.8,7.8
401704661,PHX,2595209,18.0,1.2,0.7
401704661,PHX,3059310,16.0,5.9,5.3
401704661,PHX,3102530,30.0,11.8,8.6
401704661,PHX,3135046,31.0,12.4,9.2
401704661,PHX,3136193,37.0,16.4,16.3
401704661,PHX,4278585,3.0,2.0,2.0
401704661,PHX,4601023,7.0,-1.8,-1.7
401704661,PHX,4888725,21.0,7.8,9.8
401704662,LAL,1966,34.0,27.1,23.4
401704662,LAL,6583,38.0,30.6,24.8
401704662,LAL,3136776,32.0,14.6,12.9
401704662,LAL,3137259,13.0,-1.2,-1.8
401704662,LAL,4066457,34.0,11.1,11.4
401704662,LAL,4066648,37.0,15.9,14.8
401704662,LAL,4397077,14.0,4.3,4.8
401704662,LAL,4432582,18.0,1.6,0.4
401704662,LAL,4897943,20.0,5.2,6.4
401704662,SAC,3978,37.0,20.1,17.9
401704662,SAC,2596107,9.0,-1.8,-2.7
401704662,SAC,3134916,3.0,0.0,0.0
401704662,SAC,3136196,19.0,4.0,2.6
401704662,SAC,3155942,37.0,33.1,29.9
401704662,SAC,4066259,41.0,20.5,18.2
401704662,SAC,4066262,28.0,10.8,10.1
401704662,SAC,4066372,26.0,11.2,9.4
401704662,SAC,4594327,40.0,12.2,8.7
401704663,IND,2530530,21.0,8.7,7.2
401704663,IND,3133628,37.0,5.6,1.7
401704663,IND,3149673,40.0,16.3,14.9
401704663,IND,4278355,23.0,12.9,10.7
401704663,IND,4395712,31.0,5.9,7.7
401704663,IND,4396909,28.0,8.2,7.4
401704663,IND,4396993,37.0,11.3,10.5
401704663,IND,4432170,6.0,1.3,0.7
401704663,IND,4433076,15.0,6.7,6.1
401704663,IND,4683634,21.0,1.8,2.3
401704663,IND,5106060,4.0,2.6,2.7
401704663,PHI,3012,17.0,5.9,5.4
401704663,PHI,3431,32.0,9.9,9.3
401704663,PHI,6585,37.0,10.9,6.6
401704663,PHI,3133603,38.0,5.4,3.5
401704663,PHI,3138160,37.0,7.7,5.9
401704663,PHI,4017844,17.0,3.0,2.5
401704663,PHI,4431678,48.0,27.2,24.8
401704663,PHI,4431828,22.0,8.5,8.8
401704663,PHI,4683778,17.0,1.6,1.7
401704664,BKN,2578185,25.0,1.3,-0.1
401704664,BKN,3032979,35.0,24.9,23.9
401704664,BKN,3138196,29.0,10.3,7.7
401704664,BKN,3907387,24.0,4.5,3.9
401704664,BKN,3915195,2.0,0.7,0.7
401704664,BKN,4278067,22.0,12.6,11.0
401704664,BKN,4431714,14.0,2.6,3.1
401704664,BKN,4432174,35.0,24.2,21.0
401704664,BKN,4432192,10.0,-2.9,-3.1
401704664,BKN,4432735,2.0,-1.7,-2.0
401704664,BKN,4433137,18.0,5.1,4.0
401704664,BKN,4684737,2.0,2.3,2.7
401704664,BKN,4712896,21.0,5.3,5.2
401704664,BKN,5159486,2.0,0.6,0.6
401704664,MIL,3448,29.0,12.9,10.1
401704664,MIL,6606,32.0,13.1,13.0
401704664,MIL,2578239,17.0,1.5,1.7
401704664,MIL,2990962,34.0,2.8,0.7
401704664,MIL,3032977,33.0,21.3,17.5
401704664,MIL,3064447,13.0,-1.5,-2.4
401704664,MIL,3064482,27.0,14.9,11.8
401704664,MIL,4277843,28.0,1.6,3.2
401704664,MIL,4397475,13.0,2.3,2.3
401704664,MIL,4432179,3.0,0.5,0.3
401704664,MIL,4432190,3.0,2.3,0.7
401704664,MIL,5167876,3.0,2.0,1.7
401704664,MIL,5170947,3.0,1.7,1.7
401704665,NOP,2451037,17.0,4.3,2.4
401704665,NOP,2490149,36.0,19.0,14.6
401704665,NOP,2596112,15.0,7.6,7.1
401704665,NOP,3913176,32.0,9.1,7.8
401704665,NOP,4277813,31.0,8.8,8.8
401704665,NOP,4277869,16.0,4.3,3.4
401704665,NOP,4395628,28.0,7.0,7.2
401704665,NOP,4432813,4.0,0.0,0.0
401704665,NOP,4592686,4.0,-1.8,-2.1
401704665,NOP,4683750,34.0,12.9,11.1
401704665,NOP,4997538,4.0,1.0,1.1
401704665,NOP,5061589,20.0,7.7,5.5
401704665,POR,2991070,29.0,22.0,17.2
401704665,POR,4066268,4.0,-1.4,-1.4
401704665,POR,4278129,31.0,17.4,15.7
401704665,POR,4351851,33.0,23.1,20.5
401704665,POR,4397885,3.0,1.0,0.7
401704665,POR,4431736,34.0,13.3,12.2
401704665,POR,4432446,15.0,3.7,3.3
401704665,POR,4594326,15.0,1.9,1.6
401704665,POR,4683021,30.0,8.1,7.4
401704665,POR,4683678,30.0,2.6,3.0
401704665,POR,5099752,4.0,2.7,0.4
401704665,POR,5105565,13.0,11.7,10.6
401704666,ATL,3102529,22.0,8.9,6.1
401704666,ATL,3913180,22.0,10.7,10.4
401704666,ATL,4277905,37.0,11.7,12.6
401704666,ATL,4279118,3.0,1.6,1.3
401704666,ATL,4431680,23.0,10.7,10.2
401704666,ATL,4578893,20.0,1.7,1.0
401704666,ATL,4593041,20.0,11.7,10.8
401704666,ATL,4701230,29.0,-1.7,-2.8
401704666,ATL,4712863,3.0,1.0,1.0
401704666,ATL,4869342,34.0,4.2,1.9
401704666,ATL,5211175,27.0,11.3,9.1
401704666,OKC,2991350,21.0,3.6,-0.7
401704666,OKC,4277812,2.0,2.4,2.4
401704666,OKC,4278073,36.0,35.5,28.9
401704666,OKC,4395702,16.0,1.1,2.3
401704666,OKC,4397020,29.0,12.8,14.5
401704666,OKC,4397183,18.0,8.4,7.8
401704666,OKC,4397654,2.0,3.0,2.7
401704666,OKC,4432971,2.0,-1.4,-1.4
401704666,OKC,4433255,33.0,26.7,20.2
401704666,OKC,4593803,33.0,17.1,14.6
401704666,OKC,4683692,23.0,3.7,0.3
401704666,OKC,4702159,2.0,-0.4,0.0
401704666,OKC,4900671,14.0,2.6,1.4
401704666,OKC,4997526,8.0,3.3,3.0
401704667,GSW,3975,27.0,14.4,10.9
401704667,GSW,6589,27.0,-0.1,0.0
401704667,GSW,2990984,28.0,-0.5,-2.5
401704667,GSW,2993874,4.0,-0.3,-0.3
401704667,GSW,3059319,29.0,23.3,21.5
401704667,GSW,3134903,14.0,4.6,4.7
401704667,GSW,3155535,20.0,12.3,9.1
401704667,GSW,4066317,1.0,0.0,0.0
401704667,GSW,4066436,17.0,5.9,5.7
401704667,GSW,4431684,16.0,1.3,0.3
401704667,GSW,4432171,12.0,-0.9,-0.8
401704667,GSW,4433247,22.0,10.0,7.2
401704667,GSW,4709138,25.0,1.1,0.7
401704667,LAC,3416,15.0,4.2,4.8
401704667,LAC,3992,36.0,16.9,15.5
401704667,LAC,2595516,28.0,10.7,11.3
401704667,LAC,2991139,28.0,10.0,4.1
401704667,LAC,3907823,18.0,-2.0,-2.1
401704667,LAC,3936099,35.0,15.4,14.2
401704667,LAC,4017837,38.0,23.6,17.7
401704667,LAC,4066387,20.0,6.2,6.0
401704667,LAC,4397140,17.0,3.8,3.0
401704667,LAC,4431699,5.0,-0.1,0.0
401704668,IND,2530530,6.0,-2.4,-3.4
401704668,IND,3133628,26.0,6.5,7.3
401704668,IND,3149673,34.0,21.3,19.2
401704668,IND,4278355,14.0,11.0,11.1
401704668,IND,4395712,34.0,11.4,9.5
401704668,IND,4396909,31.0,4.6,4.8
401704668,IND,4396993,35.0,21.0,18.6
401704668,IND,4432170,22.0,8.5,6.3
401704668,IND,4433076,23.0,4.9,5.7
401704668,IND,4683634,14.0,3.1,3.7
401704668,IND,5106060,2.0,-0.8,-1.0
401704668,ORL,2581018,31.0,0.4,1.0
401704668,ORL,2999547,26.0,-1.6,-2.8
401704668,ORL,3150844,16.0,8.1,8.7
401704668,ORL,4277847,32.0,12.2,9.7
401704668,ORL,4432165,35.0,22.0,19.5
401704668,ORL,4432573,40.0,44.0,40.5
401704668,ORL,4432809,11.0,-2.2,-3.0
401704668,ORL,4566434,11.0,6.3,5.4
401704668,ORL,4712849,31.0,5.7,3.7
401704668,ORL,5105806,8.0,0.2,0.7
401704669,ATL,2580365,23.0,16.1,15.0
401704669,ATL,3102529,25.0,14.5,13.5
401704669,ATL,3913180,24.0,6.8,7.6
401704669,ATL,4277905,36.0,9.9,7.0
401704669,ATL,4279118,2.0,0.0,0.0
401704669,ATL,4578893,10.0,4.9,3.9
401704669,ATL,4593041,19.0,12.3,8.8
401704669,ATL,4701230,39.0,27.9,24.4
401704669,ATL,4869342,36.0,10.1,6.6
401704669,ATL,5211175,26.0,0.0,-2.3
401704669,WAS,6477,22.0,5.6,3.5
401704669,WAS,3134907,40.0,16.6,14.7
401704669,WAS,4277848,4.0,2.3,1.7
401704669,WAS,4277956,33.0,19.7,18.9
401704669,WAS,4280151,35.0,13.2,12.6
401704669,WAS,4845374,21.0,12.2,11.5
401704669,WAS,5104155,37.0,11.3,10.3
401704669,WAS,5160992,27.0,5.3,3.0
401704669,WAS,5174563,22.0,0.3,1.0
401704670,BOS,3213,27.0,10.9,8.8
401704670,BOS,3995,33.0,16.9,16.5
401704670,BOS,3064560,10.0,1.7,0.7
401704670,BOS,3078576,34.0,13.3,11.5
401704670,BOS,3917376,38.0,19.3,18.6
401704670,BOS,4065648,36.0,9.1,6.0
401704670,BOS,4066354,28.0,25.8,23.7
401704670,BOS,4277964,15.0,-3.0,-3.1
401704670,BOS,4397424,2.0,-0.7,-0.7
401704670,BOS,4397689,2.0,-0.7,-0.7
401704670,BOS,4432164,2.0,-1.0,-1.0
401704670,BOS,4593841,2.0,0.0,0.0
401704670,BOS,4683689,13.0,1.2,1.0
401704670,MIL,3448,32.0,12.2,8.0
401704670,MIL,6606,36.0,33.2,29.5
401704670,MIL,2578239,15.0,4.9,4.7
401704670,MIL,2990962,32.0,-0.5,-0.7
401704670,MIL,3032977,39.0,14.8,13.7
401704670,MIL,3064447,10.0,-0.3,-0.3
401704670,MIL,3064482,19.0,-0.9,-2.7
401704670,MIL,4277843,37.0,8.4,6.3
401704670,MIL,4397475,3.0,2.3,2.0
401704670,MIL,4432179,3.0,1.6,2.0
401704670,MIL,4432190,9.0,2.8,3.8
401704670,MIL,4591725,3.0,-0.4,0.0
401704670,MIL,5167876,3.0,-0.4,-0.7
401704671,DET,6440,37.0,6.3,3.0
401704671,DET,2528210,33.0,14.3,14.7
401704671,DET,3899664,22.0,3.2,2.2
401704671,DET,3907822,19.0,-4.7,-5.3
401704671,DET,4432166,35.0,17.7,14.5
401704671,DET,4432810,19.0,4.4,3.2
401704671,DET,4433218,32.0,8.7,6.9
401704671,DET,4433621,29.0,15.4,12.0
401704671,DET,4683771,14.0,2.0,3.0
401704671,MIA,6429,9.0,1.0,0.7
401704671,MIA,6430,34.0,27.8,24.3
401704671,MIA,3074752,33.0,13.0,11.7
401704671,MIA,3157465,16.0,-0.3,0.2
401704671,MIA,3934723,13.0,1.4,1.6
401704671,MIA,4066261,35.0,16.8,9.4
401704671,MIA,4291678,21.0,5.5,3.0
401704671,MIA,4395725,33.0,12.2,10.0
401704671,MIA,4432848,33.0,12.5,8.1
401704671,MIA,4997528,14.0,3.2,3.4
401704672,CLE,2990969,15.0,4.1,3.0
401704672,CLE,2991043,26.0,5.5,3.0
401704672,CLE,3908809,33.0,15.6,16.2
401704672,CLE,3912848,28.0,0.8,0.6
401704672,CLE,4065733,7.0,-0.5,-2.1
401704672,CLE,4066328,31.0,16.7,13.5
401704672,CLE,4066757,22.0,5.1,4.7
401704672,CLE,4396907,33.0,28.1,25.3
401704672,CLE,4432158,36.0,14.0,11.1
401704672,CLE,4432822,9.0,0.3,-0.7
401704672,NYK,3062679,38.0,15.1,9.8
401704672,NYK,3064230,10.0,2.5,2.3
401704672,NYK,3136195,32.0,10.1,8.8
401704672,NYK,3147657,40.0,16.7,15.0
401704672,NYK,3934672,38.0,10.6,10.5
401704672,NYK,3934719,37.0,10.2,8.4
401704672,NYK,4277922,4.0,0.3,0.7
401704672,NYK,4431823,29.0,10.3,10.5
401704672,NYK,4871141,12.0,-0.8,-1.7
401704673,DEN,3468,18.0,6.0,5.7
401704673,DEN,3032978,5.0,-3.1,-3.4
401704673,DEN,3064290,42.0,19.0,15.3
401704673,DEN,3112335,44.0,33.5,29.8
401704673,DEN,3936299,40.0,13.6,11.0
401704673,DEN,4278104,39.0,10.0,8.4
401704673,DEN,4431767,40.0,14.6,13.5
401704673,DEN,4432181,22.0,6.1,6.7
401704673,DEN,4576087,15.0,4.6,4.0
401704673,TOR,3134908,40.0,16.9,13.7
401704673,TOR,3948153,14.0,1.8,1.3
401704673,TOR,4278053,35.0,11.3,11.5
401704673,TOR,4395625,29.0,8.9,9.7
401704673,TOR,4397018,29.0,12.0,10.7
401704673,TOR,4431893,12.0,2.5,3.0
401704673,TOR,4432241,18.0,6.6,6.5
401704673,TOR,4432820,3.0,-1.4,-1.4
401704673,TOR,4433134,35.0,22.5,14.2
401704673,TOR,5106258,37.0,11.3,11.4
401704673,TOR,5107897,14.0,4.8,4.7
401704674,CHI,6478,35.0,17.2,16.2
401704674,CHI,3064440,35.0,23.1,21.2
401704674,CHI,4066421,18.0,9.2,8.2
401704674,CHI,4395651,32.0,15.6,16.1
401704674,CHI,4397002,27.0,12.3,10.2
401704674,CHI,4397189,12.0,15.5,13.2
401704674,CHI,4431687,25.0,1.1,-1.8
401704674,CHI,4433159,12.0,-0.9,-0.3
401704674,CHI,4711294,3.0,-1.1,-0.7
401704674,CHI,4871145,28.0,16.2,12.2
401704674,CHI,5105553,14.0,2.2,1.0
401704674,MEM,2990992,25.0,1.0,-1.8
401704674,MEM,3906665,13.0,2.6,2.4
401704674,MEM,4065731,18.0,8.6,7.4
401704674,MEM,4066320,31.0,24.6,24.3
401704674,MEM,4277961,24.0,13.8,10.7
401704674,MEM,4431785,31.0,15.0,14.0
401704674,MEM,4592691,31.0,16.5,14.8
401704674,MEM,4593125,35.0,14.0,10.6
401704674,MEM,4600663,14.0,3.8,3.0
401704674,MEM,5112087,17.0,7.4,6.4
401704675,HOU,2991230,41.0,11.2,9.8
401704675,HOU,2991235,14.0,3.8,4.4
401704675,HOU,3155526,37.0,3.6,2.9
401704675,HOU,4432639,29.0,13.3,13.1
401704675,HOU,4433192,22.0,7.4,6.1
401704675,HOU,4437244,38.0,22.7,22.4
401704675,HOU,4684740,19.0,3.1,1.3
401704675,HOU,4711272,3.0,0.7,0.7
401704675,HOU,4871144,26.0,10.6,8.8
401704675,HOU,5105592,12.0,1.2,0.9
401704675,SAS,2779,29.0,11.2,11.8
401704675,SAS,6578,29.0,-1.2,-1.4
401704675,SAS,4066650,13.0,12.6,10.8
401704675,SAS,4395723,26.0,0.2,-0.2
401704675,SAS,4565201,17.0,9.3,9.1
401704675,SAS,4592479,28.0,4.4,2.3
401704675,SAS,4610139,34.0,16.9,16.2
401704675,SAS,4683935,12.0,4.0,4.0
401704675,SAS,4845367,18.0,2.3,1.8
401704675,SAS,5104157,35.0,15.3,9.2
401704676,DAL,6442,36.0,22.2,20.1
401704676,DAL,6475,28.0,12.3,11.4
401704676,DAL,2531367,1.0,-0.4,0.0
401704676,DAL,2580782,23.0,7.1,7.6
401704676,DAL,3945274,33.0,7.8,4.4
401704676,DAL,4278049,20.0,10.0,7.8
401704676,DAL,4278078,33.0,13.4,5.8
401704676,DAL,4278594,15.0,5.6,3.1
401704676,DAL,4397014,13.0,3.1,3.0
401704676,DAL,4397040,1.0,-0.7,-0.7
401704676,DAL,4397693,1.0,0.0,0.0
401704676,DAL,4595400,4.0,-0.4,0.0
401704676,DAL,4683688,26.0,15.5,13.3
401704676,DAL,4868423,5.0,-2.1,-1.7
401704676,UTA,4004,10.0,0.6,0.0
401704676,UTA,2528426,27.0,6.6,5.5
401704676,UTA,3908845,19.0,11.3,10.4
401704676,UTA,4066336,35.0,12.4,11.3
401704676,UTA,4277811,28.0,18.9,17.9
401704676,UTA,4433136,30.0,14.5,9.4
401704676,UTA,4433627,36.0,9.8,8.0
401704676,UTA,4684793,5.0,0.2,0.7
401704676,UTA,4684806,21.0,1.5,0.3
401704676,UTA,4895758,16.0,0.6,-0.7
401704676,UTA,5105839,13.0,1.3,0.7
401704677,LAL,1966,36.0,6.9,4.8
401704677,LAL,6583,36.0,24.9,19.2
401704677,LAL,3136776,33.0,10.3,11.2
401704677,LAL,3137259,19.0,1.3,1.3
401704677,LAL,4066457,38.0,19.6,16.4
401704677,LAL,4066648,31.0,16.0,14.8
401704677,LAL,4397077,13.0,-2.6,-3.0
401704677,LAL,4432582,23.0,4.5,4.4
401704677,LAL,4897943,11.0,-1.8,-2.1
401704677,PHX,3202,38.0,25.2,20.8
401704677,PHX,6580,35.0,11.4,9.4
401704677,PHX,2488653,26.0,4.7,2.8
401704677,PHX,2583632,25.0,12.4,10.5
401704677,PHX,3059310,3.0,-0.4,0.0
401704677,PHX,3102530,15.0,-3.0,-4.5
401704677,PHX,3135045,12.0,1.8,2.7
401704677,PHX,3135046,31.0,10.3,6.5
401704677,PHX,3136193,39.0,22.6,21.4
401704677,PHX,4888725,15.0,6.3,4.7
401704678,POR,2991070,29.0,2.5,-0.8
401704678,POR,4066268,2.0,1.7,0.7
401704678,POR,4278129,34.0,15.5,13.9
401704678,POR,4351851,32.0,2.4,2.9
401704678,POR,4397885,2.0,-0.5,-0.5
401704678,POR,4431736,21.0,2.9,2.8
401704678,POR,4432446,19.0,12.9,12.8
401704678,POR,4594326,25.0,4.0,4.0
401704678,POR,4683021,25.0,5.6,3.2
401704678,POR,4683678,28.0,10.3,11.4
401704678,POR,5099752,11.0,3.6,2.7
401704678,POR,5105565,12.0,3.1,1.7
401704678,SAC,3978,34.0,20.9,17.4
401704678,SAC,2528588,3.0,4.7,4.7
401704678,SAC,2596107,7.0,2.6,2.1
401704678,SAC,3134916,5.0,-2.8,-2.0
401704678,SAC,3136196,15.0,0.3,-0.4
401704678,SAC,3155942,36.0,17.0,15.3
401704678,SAC,4066259,35.0,15.3,13.4
401704678,SAC,4066262,19.0,10.1,8.0
401704678,SAC,4066372,33.0,16.0,15.2
401704678,SAC,4433378,3.0,0.0,0.0
401704678,SAC,4594327,33.0,2.9,3.7
401704678,SAC,4702177,14.0,2.2,0.7
401704678,SAC,5107818,3.0,-0.4,0.0
401704679,BKN,2578185,37.0,12.7,11.1
401704679,BKN,3032979,42.0,23.8,25.8
401704679,BKN,3138196,40.0,19.2,17.2
401704679,BKN,3915195,17.0,1.8,1.3
401704679,BKN,4278067,26.0,18.4,15.7
401704679,BKN,4431714,21.0,12.2,10.8
401704679,BKN,4432174,38.0,12.8,13.9
401704679,BKN,4432192,7.0,-0.8,-0.7
401704679,BKN,4433137,22.0,17.2,17.4
401704679,BKN,4712896,16.0,0.1,-0.7
401704679,DEN,3468,21.0,18.6,18.1
401704679,DEN,3032978,12.0,2.6,2.3
401704679,DEN,3064290,33.0,21.3,20.6
401704679,DEN,3112335,41.0,38.1,35.0
401704679,DEN,3936299,37.0,13.9,14.2
401704679,DEN,4278104,41.0,13.8,12.4
401704679,DEN,4431767,39.0,10.3,9.6
401704679,DEN,4432181,22.0,5.2,3.0
401704679,DEN,4576087,20.0,3.3,4.7
401704680,DAL,6442,39.0,27.6,27.2
401704680,DAL,6475,30.0,4.2,3.6
401704680,DAL,2580782,18.0,1.1,0.3
401704680,DAL,3945274,40.0,14.3,12.0
401704680,DAL,4278049,21.0,15.0,13.6
401704680,DAL,4278078,32.0,15.8,15.6
401704680,DAL,4278594,16.0,6.5,4.0
401704680,DAL,4397014,12.0,6.0,4.7
401704680,DAL,4683688,27.0,9.4,5.8
401704680,DAL,4868423,4.0,1.7,1.4
401704680,MIN,3195,22.0,7.8,8.5
401704680,MIN,2968436,4.0,0.0,0.0
401704680,MIN,3032976,31.0,5.0,5.0
401704680,MIN,3064514,35.0,18.5,16.6
401704680,MIN,3934673,26.0,4.6,2.4
401704680,MIN,4278039,24.0,9.6,9.5
401704680,MIN,4396971,26.0,9.8,6.8
401704680,MIN,4431671,35.0,10.7,11.6
401704680,MIN,4594268,37.0,24.6,22.5
401704681,SAC,3978,34.0,20.9,18.7
401704681,SAC,2528588,4.0,-0.5,-0.5
401704681,SAC,2596107,5.0,2.9,1.7
401704681,SAC,3134916,4.0,0.3,0.7
401704681,SAC,3136196,20.0,6.0,1.7
401704681,SAC,3155942,34.0,23.3,22.1
401704681,SAC,4066259,31.0,15.0,14.3
401704681,SAC,4066262,26.0,2.3,0.8
401704681,SAC,4066372,27.0,14.3,10.8
401704681,SAC,4433378,4.0,-0.3,-1.0
401704681,SAC,4594327,32.0,8.8,7.0
401704681,SAC,4702177,17.0,7.1,3.7
401704681,SAC,5107818,2.0,-1.1,-0.7
401704681,UTA,4004,18.0,1.3,-0.7
401704681,UTA,2528426,26.0,14.8,14.8
401704681,UTA,3908845,23.0,11.4,10.4
401704681,UTA,3914285,5.0,0.3,0.0
401704681,UTA,4066336,17.0,4.3,4.1
401704681,UTA,4277811,18.0,-3.0,-3.2
401704681,UTA,4432817,7.0,-0.8,-1.4
401704681,UTA,4433136,26.0,7.9,4.5
401704681,UTA,4433627,30.0,7.0,6.5
401704681,UTA,4684793,25.0,9.4,7.0
401704681,UTA,4895758,30.0,7.3,5.7
401704681,UTA,5105839,16.0,7.6,7.4
401704682,GSW,6589,29.0,7.6,6.2
401704682,GSW,2990984,29.0,20.8,19.7
401704682,GSW,2993874,20.0,2.3,-2.9
401704682,GSW,3134903,8.0,5.1,4.4
401704682,GSW,3155535,20.0,7.5,5.2
401704682,GSW,4066317,31.0,21.3,20.0
401704682,GSW,4431684,17.0,6.1,4.8
401704682,GSW,4432171,18.0,14.0,13.5
401704682,GSW,4432187,3.0,1.3,0.7
401704682,GSW,4433247,28.0,14.0,10.4
401704682,GSW,4592714,3.0,2.7,2.7
401704682,GSW,4709138,34.0,16.0,13.8
401704682,GSW,4997536,3.0,-0.3,-0.3
401704682,NOP,2451037,21.0,5.4,3.7
401704682,NOP,2490149,31.0,2.9,0.4
401704682,NOP,2596112,19.0,5.3,3.1
401704682,NOP,3913176,31.0,22.1,22.0
401704682,NOP,4277813,20.0,4.6,2.7
401704682,NOP,4277869,22.0,5.4,4.8
401704682,NOP,4278572,3.0,2.7,2.7
401704682,NOP,4395628,30.0,19.5,18.2
401704682,NOP,4432162,3.0,0.7,0.7
401704682,NOP,4432813,11.0,4.4,4.4
401704682,NOP,4683750,26.0,-1.1,-1.5
401704682,NOP,5061589,22.0,8.4,5.6
401704683,CHA,2326307,27.0,5.1,5.1
401704683,CHA,3138161,25.0,22.9,22.6
401704683,CHA,4066218,23.0,17.7,17.0
401704683,CHA,4066383,24.0,1.1,-0.5
401704683,CHA,4278076,33.0,28.4,23.7
401704683,CHA,4432811,22.0,9.3,8.8
401704683,CHA,4432816,32.0,7.3,6.0
401704683,CHA,4432819,28.0,19.5,18.5
401704683,CHA,4433249,9.0,1.9,1.4
401704683,CHA,5211176,16.0,5.3,3.7
401704683,TOR,3134908,35.0,21.8,18.1
401704683,TOR,3948153,17.0,10.0,8.8
401704683,TOR,4277952,3.0,0.3,0.7
401704683,TOR,4278053,28.0,10.0,11.3
401704683,TOR,4395625,33.0,25.4,23.7
401704683,TOR,4397018,29.0,9.0,7.1
401704683,TOR,4431893,14.0,-1.3,-1.4
401704683,TOR,4432241,20.0,10.1,9.2
401704683,TOR,5106258,36.0,21.0,20.1
401704683,TOR,5107897,25.0,11.7,9.5
401704684,CLE,6474,5.0,3.6,2.7
401704684,CLE,2990969,22.0,3.2,3.1
401704684,CLE,2991043,22.0,16.2,16.0
401704684,CLE,3908809,30.0,20.0,17.6
401704684,CLE,3912848,26.0,7.0,3.9
401704684,CLE,4065733,16.0,15.1,13.9
401704684,CLE,4066328,31.0,23.6,18.0
401704684,CLE,4066757,21.0,3.9,2.7
401704684,CLE,4396907,22.0,10.0,9.2
401704684,CLE,4432158,19.0,15.5,16.3
401704684,CLE,4432822,20.0,0.3,1.3
401704684,CLE,4683747,5.0,1.0,0.7
401704684,LAL,1966,29.0,18.0,17.3
401704684,LAL,6583,31.0,15.4,10.2
401704684,LAL,3136776,24.0,10.7,10.1
401704684,LAL,3137259,16.0,1.3,1.3
401704684,LAL,4066457,28.0,2.3,1.7
401704684,LAL,4066648,28.0,6.9,4.8
401704684,LAL,4395627,9.0,-1.4,-1.7
401704684,LAL,4397077,19.0,7.7,7.2
401704684,LAL,4432582,27.0,3.8,2.5
401704684,LAL,4683774,5.0,3.4,2.4
401704684,LAL,4897943,22.0,12.2,11.7
401704685,BOS,3213,19.0,6.9,5.4
401704685,BOS,3995,25.0,2.8,3.0
401704685,BOS,3064560,16.0,11.0,11.2
401704685,BOS,3078576,37.0,20.0,19.3
401704685,BOS,3917376,43.0,11.7,8.1
401704685,BOS,4065648,43.0,27.7,22.8
401704685,BOS,4065804,14.0,3.6,1.3
401704685,BOS,4066354,39.0,12.2,11.4
401704685,BOS,4277964,8.0,-0.1,-1.4
401704685,BOS,4397424,14.0,6.7,4.5
401704685,BOS,4683689,8.0,-0.1,0.0
401704685,IND,2530530,22.0,6.6,5.4
401704685,IND,3149673,38.0,24.2,23.2
401704685,IND,4278355,33.0,14.2,12.1
401704685,IND,4395712,5.0,2.4,1.4
401704685,IND,4396909,30.0,9.9,9.5
401704685,IND,4396993,40.0,15.7,13.9
401704685,IND,4432170,25.0,10.0,8.1
401704685,IND,4433076,21.0,8.7,5.8
401704685,IND,4683634,43.0,23.8,22.2
401704685,IND,5106060,8.0,-3.2,-4.7
401704686,DET,6440,35.0,11.2,8.3
401704686,DET,2528210,31.0,11.6,12.4
401704686,DET,3899664,17.0,2.9,2.4
401704686,DET,3907822,26.0,6.9,7.0
401704686,DET,4432166,37.0,16.6,14.5
401704686,DET,4432810,34.0,13.2,9.9
401704686,DET,4433218,37.0,14.5,12.8
401704686,DET,4433621,11.0,-1.5,-0.0
401704686,DET,4683771,13.0,4.9,4.4
401704686,PHI,3012,20.0,4.5,1.7
401704686,PHI,3431,16.0,1.6,2.0
401704686,PHI,6585,28.0,9.2,7.3
401704686,PHI,3133603,31.0,6.6,5.9
401704686,PHI,3138160,33.0,-1.0,-0.6
401704686,PHI,4017844,19.0,7.5,5.8
401704686,PHI,4431678,40.0,24.5,22.8
401704686,PHI,4431828,23.0,4.5,4.0
401704686,PHI,4683778,22.0,9.3,8.7
401704686,PHI,4701234,7.0,1.3,1.0
401704686,PHI,5105637,3.0,0.7,0.0
401704687,ATL,2580365,7.0,1.7,1.7
401704687,ATL,3102529,24.0,7.8,7.1
401704687,ATL,3913180,23.0,5.4,4.7
401704687,ATL,4277905,40.0,30.9,29.1
401704687,ATL,4279118,15.0,8.8,8.5
401704687,ATL,4431680,24.0,1.9,1.0
401704687,ATL,4593041,32.0,10.3,8.7
401704687,ATL,4701230,40.0,18.6,12.7
401704687,ATL,5211175,35.0,11.1,9.8
401704687,WAS,6477,25.0,20.6,19.7
401704687,WAS,4277848,6.0,1.3,1.0
401704687,WAS,4277956,32.0,17.8,15.8
401704687,WAS,4280151,37.0,9.9,10.0
401704687,WAS,4395695,10.0,2.0,1.4
401704687,WAS,4432356,6.0,0.0,0.0
401704687,WAS,4433246,3.0,1.0,1.0
401704687,WAS,4845374,33.0,15.2,14.6
401704687,WAS,5104155,35.0,26.7,23.1
401704687,WAS,5160992,23.0,10.4,5.9
401704687,WAS,5174563,32.0,10.8,8.8
401704688,MIA,6430,37.0,12.3,10.9
401704688,MIA,3074752,35.0,13.5,11.1
401704688,MIA,3157465,14.0,0.5,-0.1
401704688,MIA,3934723,15.0,5.2,5.4
401704688,MIA,4066261,33.0,9.8,9.4
401704688,MIA,4066993,16.0,2.9,-0.4
401704688,MIA,4395725,35.0,30.4,28.7
401704688,MIA,4432848,27.0,3.6,3.4
401704688,MIA,4997528,27.0,8.4,7.3
401704688,NYK,3062679,42.0,15.3,11.6
401704688,NYK,3064230,12.0,4.4,2.8
401704688,NYK,3136195,39.0,35.8,34.8
401704688,NYK,3147657,40.0,14.9,11.7
401704688,NYK,3934672,36.0,17.3,16.7
401704688,NYK,3934719,37.0,7.1,5.0
401704688,NYK,4277922,9.0,2.2,2.4
401704688,NYK,4431823,25.0,8.6,5.7
401704689,CHI,6478,36.0,15.8,13.3
401704689,CHI,2528693,3.0,-0.5,-0.7
401704689,CHI,3064440,36.0,6.0,2.8
401704689,CHI,4395651,37.0,13.5,12.7
401704689,CHI,4397002,29.0,12.7,11.2
401704689,CHI,4431687,30.0,9.1,6.3
401704689,CHI,4433159,11.0,-2.0,-1.8
401704689,CHI,4702023,9.0,3.0,3.4
401704689,CHI,4711294,4.0,-0.7,-0.7
401704689,CHI,4871145,31.0,20.3,17.1
401704689,CHI,5105553,14.0,0.1,-0.8
401704689,ORL,2581018,34.0,4.1,4.3
401704689,ORL,2999547,18.0,-0.4,-0.7
401704689,ORL,3150844,16.0,4.7,3.3
401704689,ORL,4065654,14.0,8.3,6.4
401704689,ORL,4277847,28.0,12.6,10.4
401704689,ORL,4432165,35.0,14.1,8.1
401704689,ORL,4432573,37.0,19.7,18.4
401704689,ORL,4566434,23.0,7.6,6.1
401704689,ORL,4712849,23.0,7.3,4.8
401704689,ORL,5105806,11.0,1.5,0.6
401704690,BKN,2578185,28.0,4.7,3.1
401704690,BKN,3032979,34.0,32.4,31.2
401704690,BKN,3138196,35.0,10.1,10.0
401704690,BKN,3907387,25.0,7.5,7.6
401704690,BKN,3915195,1.0,0.3,0.0
401704690,BKN,4397179,1.0,0.0,0.0
401704690,BKN,4431714,27.0,11.0,10.2
401704690,BKN,4432174,33.0,11.0,10.2
401704690,BKN,4432192,16.0,6.2,4.1
401704690,BKN,4433137,24.0,14.9,11.1
401704690,BKN,4684737,1.0,0.0,0.0
401704690,BKN,4712896,14.0,-1.2,0.2
401704690,BKN,5159486,1.0,0.0,0.0
401704690,MEM,2990992,6.0,1.0,0.7
401704690,MEM,3134932,19.0,2.6,1.0
401704690,MEM,3906665,20.0,15.9,13.6
401704690,MEM,4065731,10.0,1.3,1.7
401704690,MEM,4066320,17.0,6.1,5.0
401704690,MEM,4277961,28.0,25.0,22.4
401704690,MEM,4279888,29.0,9.1,8.5
401704690,MEM,4431785,20.0,1.8,2.4
401704690,MEM,4592691,26.0,1.1,1.0
401704690,MEM,4593125,22.0,-0.0,-2.1
401704690,MEM,4600663,18.0,10.0,9.8
401704690,MEM,5112087,23.0,4.3,3.7
401704690,MEM,5159895,1.0,-0.7,-0.7
401704691,OKC,2991350,22.0,1.5,-3.1
401704691,OKC,4278073,28.0,11.1,9.3
401704691,OKC,4395702,19.0,7.0,6.1
401704691,OKC,4397020,25.0,21.2,19.3
401704691,OKC,4397183,18.0,1.2,0.3
401704691,OKC,4397654,1.0,-0.4,0.0
401704691,OKC,4432971,1.0,0.0,0.0
401704691,OKC,4433255,28.0,14.9,11.2
401704691,OKC,4593803,27.0,14.7,9.1
401704691,OKC,4683692,29.0,6.9,5.4
401704691,OKC,4702159,3.0,-0.4,-0.7
401704691,OKC,4900671,22.0,12.6,9.4
401704691,OKC,4997526,19.0,7.5,5.1
401704691,SAS,2779,26.0,16.2,13.7
401704691,SAS,6578,30.0,15.9,14.9
401704691,SAS,4066650,12.0,2.3,1.4
401704691,SAS,4278580,8.0,1.1,0.7
401704691,SAS,4395723,29.0,5.4,2.0
401704691,SAS,4565201,20.0,9.6,8.7
401704691,SAS,4592479,20.0,-1.2,-3.1
401704691,SAS,4610139,31.0,13.7,12.1
401704691,SAS,4683935,13.0,0.2,-0.1
401704691,SAS,4845367,20.0,-1.5,-2.8
401704691,SAS,5081727,3.0,1.0,0.7
401704691,SAS,5104157,27.0,5.2,1.0
401704692,GSW,6589,30.0,13.6,10.2
401704692,GSW,2990984,29.0,15.7,14.4
401704692,GSW,2993874,15.0,11.7,10.5
401704692,GSW,3134903,7.0,0.3,1.1
401704692,GSW,3155535,9.0,2.2,2.1
401704692,GSW,4066317,30.0,3.6,2.0
401704692,GSW,4431684,20.0,15.9,13.2
401704692,GSW,4432171,30.0,2.4,2.7
401704692,GSW,4432187,1.0,2.4,2.4
401704692,GSW,4433247,27.0,11.4,11.4
401704692,GSW,4592714,1.0,0.7,0.7
401704692,GSW,4709138,38.0,8.4,6.4
401704692,GSW,4997536,1.0,-0.7,-0.7
401704692,NOP,2451037,5.0,-1.5,-2.4
401704692,NOP,2596112,26.0,8.6,3.7
401704692,NOP,3913176,32.0,11.6,11.2
401704692,NOP,4277869,35.0,14.6,11.8
401704692,NOP,4278572,24.0,5.8,5.4
401704692,NOP,4395623,1.0,2.4,2.4
401704692,NOP,4395628,33.0,2.3,1.0
401704692,NOP,4432162,10.0,1.8,-1.1
401704692,NOP,4432813,23.0,10.0,9.9
401704692,NOP,4683750,39.0,10.6,10.9
401704692,NOP,5061589,12.0,-1.1,-1.4
401704693,LAC,3416,13.0,8.0,5.8
401704693,LAC,3992,32.0,13.7,10.0
401704693,LAC,2595516,35.0,21.5,19.4
401704693,LAC,2991139,18.0,5.7,5.5
401704693,LAC,3907823,19.0,3.2,4.5
401704693,LAC,3936099,33.0,8.8,5.7
401704693,LAC,4017837,31.0,7.0,3.8
401704693,LAC,4066387,27.0,4.9,5.7
401704693,LAC,4397140,15.0,3.8,0.7
401704693,LAC,4431699,17.0,9.6,8.4
401704693,POR,2991070,34.0,-1.0,-0.5
401704693,POR,4278129,34.0,12.7,9.1
401704693,POR,4351851,36.0,16.0,15.4
401704693,POR,4431736,40.0,9.9,6.7
401704693,POR,4432446,6.0,0.3,0.0
401704693,POR,4594326,19.0,9.3,5.5
401704693,POR,4683021,29.0,12.6,8.0
401704693,POR,4683678,24.0,11.5,11.2
401704693,POR,5099752,8.0,5.3,5.7
401704693,POR,5105565,11.0,6.8,5.8
401704694,MEM,3906665,12.0,7.7,7.5
401704694,MEM,4065731,17.0,1.0,1.3
401704694,MEM,4277961,26.0,4.9,5.0
401704694,MEM,4279888,29.0,29.2,25.5
401704694,MEM,4397204,2.0,0.7,0.0
401704694,MEM,4431785,27.0,11.2,10.1
401704694,MEM,4592691,33.0,12.1,9.0
401704694,MEM,4593125,33.0,14.5,11.8
401704694,MEM,4600663,24.0,8.4,6.1
401704694,MEM,5112087,36.0,13.1,12.1
401704694,MEM,5159895,3.0,-0.7,-0.7
401704694,MIL,3448,24.0,7.6,8.3
401704694,MIL,6606,33.0,0.0,-0.1
401704694,MIL,2578239,16.0,-1.0,-1.1
401704694,MIL,2990962,27.0,5.1,1.3
401704694,MIL,3032977,34.0,32.0,28.9
401704694,MIL,3064447,21.0,8.0,7.8
401704694,MIL,3064482,25.0,6.5,5.7
401704694,MIL,4277843,18.0,3.4,2.2
401704694,MIL,4397347,5.0,0.9,0.9
401704694,MIL,4397475,5.0,-0.7,-0.7
401704694,MIL,4432179,5.0,0.3,0.0
401704694,MIL,4432190,19.0,1.5,-0.4
401704694,MIL,4591725,5.0,3.0,2.3
401704694,MIL,5167876,5.0,-1.8,-1.0
401704695,DAL,6442,43.0,23.1,22.7
401704695,DAL,6475,30.0,6.5,5.6
401704695,DAL,2531367,6.0,3.7,4.1
401704695,DAL,2580782,12.0,2.9,2.6
401704695,DAL,3945274,38.0,16.4,15.9
401704695,DAL,4278049,15.0,5.2,4.8
401704695,DAL,4278078,37.0,8.9,2.6
401704695,DAL,4278594,22.0,4.3,3.8
401704695,DAL,4397014,10.0,-1.0,-0.5
401704695,DAL,4683688,15.0,4.4,5.1
401704695,DAL,4868423,11.0,1.2,0.7
401704695,HOU,2991230,39.0,-0.4,-0.1
401704695,HOU,2991235,10.0,3.0,2.8
401704695,HOU,3155526,41.0,11.8,10.6
401704695,HOU,4432639,29.0,11.4,10.7
401704695,HOU,4433192,19.0,13.7,12.8
401704695,HOU,4437244,36.0,13.0,9.3
401704695,HOU,4684740,18.0,10.0,9.2
401704695,HOU,4711272,5.0,2.0,1.7
401704695,HOU,4871144,35.0,14.3,13.0
401704695,HOU,5105592,8.0,2.2,2.6
401704696,SAS,2779,32.0,22.4,19.1
401704696,SAS,6578,24.0,5.9,4.6
401704696,SAS,4066650,11.0,-2.5,-2.4
401704696,SAS,4278580,11.0,8.4,8.1
401704696,SAS,4395723,28.0,7.0,6.2
401704696,SAS,4565201,17.0,5.4,2.2
401704696,SAS,4592479,25.0,9.3,5.1
401704696,SAS,4610139,31.0,8.4,5.6
401704696,SAS,4683935,5.0,-3.8,-3.4
401704696,SAS,4845367,21.0,5.3,5.3
401704696,SAS,5104157,34.0,27.3,17.9
401704696,UTA,4004,16.0,4.7,3.7
401704696,UTA,2528426,21.0,-1.0,-3.5
401704696,UTA,3908845,28.0,12.8,10.2
401704696,UTA,3914285,20.0,4.9,4.5
401704696,UTA,4277811,25.0,12.3,11.4
401704696,UTA,4432817,13.0,-2.2,-2.4
401704696,UTA,4433136,28.0,7.2,3.4
401704696,UTA,4433627,30.0,4.5,4.0
401704696,UTA,4684793,20.0,7.8,7.8
401704696,UTA,4895758,24.0,0.1,-1.1
401704696,UTA,5105839,15.0,3.3,2.4
401704697,LAC,3416,22.0,5.6,2.4
401704697,LAC,3992,36.0,23.2,17.6
401704697,LAC,2595516,31.0,12.1,10.9
401704697,LAC,2991139,24.0,5.9,6.8
401704697,LAC,3907823,31.0,7.6,7.5
401704697,LAC,3936099,24.0,9.3,7.7
401704697,LAC,4017837,36.0,23.1,20.4
401704697,LAC,4066387,10.0,4.4,5.3
401704697,LAC,4397140,17.0,9.2,8.1
401704697,LAC,4431699,10.0,0.0,-1.0
401704697,PHX,3202,39.0,13.6,10.1
401704697,PHX,2488653,17.0,6.4,4.3
401704697,PHX,2583632,29.0,21.9,19.6
401704697,PHX,3059310,3.0,-0.7,-0.7
401704697,PHX,3102530,23.0,6.5,6.4
401704697,PHX,3135045,19.0,4.0,-1.1
401704697,PHX,3135046,33.0,9.0,9.3
401704697,PHX,3136193,38.0,39.1,35.3
401704697,PHX,4601023,5.0,2.0,2.4
401704697,PHX,4888725,34.0,10.6,10.7
401704698,BOS,3995,32.0,9.6,7.9
401704698,BOS,3064560,24.0,8.7,6.1
401704698,BOS,3078576,35.0,12.4,11.7
401704698,BOS,3917376,37.0,20.5,19.1
401704698,BOS,4065648,36.0,25.6,19.3
401704698,BOS,4065804,18.0,7.0,5.8
401704698,BOS,4066354,28.0,9.5,3.9
401704698,BOS,4397424,24.0,11.5,11.7
401704698,BOS,4432164,1.0,0.0,0.0
401704698,BOS,4576085,1.0,0.0,0.0
401704698,BOS,4683689,6.0,4.7,4.7
401704698,CHA,2326307,19.0,6.7,7.1
401704698,CHA,3138161,26.0,3.8,2.3
401704698,CHA,4066218,30.0,5.3,4.1
401704698,CHA,4066383,31.0,8.2,5.5
401704698,CHA,4278076,16.0,1.9,0.3
401704698,CHA,4432811,23.0,-1.8,-0.5
401704698,CHA,4432816,31.0,15.9,16.7
401704698,CHA,4432819,30.0,17.2,15.6
401704698,CHA,4433249,16.0,8.4,8.9
401704698,CHA,5211176,19.0,9.6,8.1
401704699,CLE,6474,4.0,3.4,3.4
401704699,CLE,2990969,16.0,5.2,5.1
401704699,CLE,2991043,22.0,9.2,9.1
401704699,CLE,3908809,22.0,13.7,14.8
401704699,CLE,3912848,24.0,5.2,5.0
401704699,CLE,4065733,21.0,9.1,5.3
401704699,CLE,4066328,28.0,4.0,0.4
401704699,CLE,4066757,20.0,4.8,5.4
401704699,CLE,4396907,29.0,17.8,17.5
401704699,CLE,4432158,30.0,13.1,8.5
401704699,CLE,4432822,19.0,6.6,5.6
401704699,CLE,4997539,4.0,6.8,5.8
401704699,ORL,6446,4.0,5.1,4.1
401704699,ORL,2581018,28.0,6.5,6.4
401704699,ORL,2999547,20.0,-2.9,-3.8
401704699,ORL,3150844,28.0,10.0,6.5
401704699,ORL,4065654,17.0,4.9,2.0
401704699,ORL,4432165,37.0,25.2,20.2
401704699,ORL,4432809,8.0,-0.5,-0.4
401704699,ORL,4433623,4.0,-1.1,-0.7
401704699,ORL,4566434,30.0,9.3,7.7
401704699,ORL,4702382,20.0,15.9,16.2
401704699,ORL,4712849,28.0,4.6,4.8
401704699,ORL,5105806,17.0,6.9,5.3
401704700,DET,6440,26.0,13.6,8.5
401704700,DET,2528210,25.0,4.3,4.7
401704700,DET,3899664,20.0,7.9,6.7
401704700,DET,3907822,25.0,1.6,0.6
401704700,DET,4278562,7.0,6.0,3.7
401704700,DET,4432107,20.0,1.3,0.7
401704700,DET,4432166,32.0,18.0,15.9
401704700,DET,4432810,16.0,4.3,2.4
401704700,DET,4433218,19.0,4.2,4.1
401704700,DET,4433621,18.0,5.2,3.1
401704700,DET,4592187,6.0,1.7,1.4
401704700,DET,4683771,22.0,5.3,4.1
401704700,DET,5107199,4.0,-1.1,-0.7
401704700,NYK,3062679,37.0,14.0,11.0
401704700,NYK,3064230,12.0,2.2,2.7
401704700,NYK,3136195,27.0,21.9,17.2
401704700,NYK,3147657,35.0,16.2,10.4
401704700,NYK,3934672,31.0,28.4,26.9
401704700,NYK,3934719,33.0,21.9,19.3
401704700,NYK,4277922,16.0,-0.2,-0.6
401704700,NYK,4431823,28.0,8.7,4.9
401704700,NYK,4433225,5.0,4.0,2.7
401704700,NYK,4592461,5.0,2.7,2.4
401704700,NYK,4871141,5.0,-1.8,-1.0
401704700,NYK,5211983,5.0,2.0,1.7
401704701,ATL,2580365,8.0,-0.7,-1.0
401704701,ATL,3102529,29.0,14.8,14.3
401704701,ATL,3913180,30.0,18.9,17.1
401704701,ATL,4277905,42.0,17.6,17.2
401704701,ATL,4279118,29.0,12.2,10.8
401704701,ATL,4431680,19.0,11.9,10.1
401704701,ATL,4593041,27.0,6.9,2.6
401704701,ATL,4701230,36.0,13.8,11.8
401704701,ATL,5211175,20.0,-4.8,-3.9
401704701,SAC,3978,39.0,24.7,19.7
401704701,SAC,3136196,19.0,3.7,1.6
401704701,SAC,3155942,33.0,13.5,12.6
401704701,SAC,4066259,37.0,24.8,19.9
401704701,SAC,4066262,29.0,7.9,6.7
401704701,SAC,4066372,24.0,5.1,5.0
401704701,SAC,4594327,39.0,12.8,11.2
401704701,SAC,4702177,19.0,12.5,12.2
401704702,BKN,2578185,28.0,7.6,5.7
401704702,BKN,3032979,33.0,10.2,5.8
401704702,BKN,3138196,32.0,14.2,11.8
401704702,BKN,3907387,26.0,13.4,10.8
401704702,BKN,4278067,24.0,12.9,12.0
401704702,BKN,4431714,22.0,3.6,2.7
401704702,BKN,4432174,32.0,21.3,20.7
401704702,BKN,4432192,9.0,12.7,10.5
401704702,BKN,4433137,20.0,6.8,6.4
401704702,BKN,4712896,15.0,8.7,6.7
401704702,CHI,6478,34.0,32.6,28.5
401704702,CHI,3064440,34.0,12.2,11.3
401704702,CHI,4395651,34.0,13.7,14.4
401704702,CHI,4396991,7.0,2.7,2.7
401704702,CHI,4397002,27.0,3.1,2.6
401704702,CHI,4397189,14.0,4.2,2.7
401704702,CHI,4431687,28.0,1.7,-0.4
401704702,CHI,4433159,14.0,4.9,4.0
401704702,CHI,4871145,33.0,6.1,3.6
401704702,CHI,5105553,14.0,1.5,2.0
401704703,LAL,1966,36.0,27.3,24.9
401704703,LAL,6583,36.0,35.7,28.3
401704703,LAL,3136776,32.0,14.2,14.9
401704703,LAL,3137259,21.0,-0.7,0.3
401704703,LAL,4066457,34.0,16.7,14.9
401704703,LAL,4066648,33.0,3.4,2.2
401704703,LAL,4397077,15.0,6.9,5.8
401704703,LAL,4432582,13.0,7.7,6.8
401704703,LAL,4897943,19.0,2.5,2.7
401704703,TOR,3134908,35.0,21.9,19.2
401704703,TOR,3948153,14.0,5.7,6.3
401704703,TOR,4278053,31.0,6.5,5.8
401704703,TOR,4395625,32.0,28.3,28.3
401704703,TOR,4397018,34.0,5.4,5.4
401704703,TOR,4432241,15.0,-0.9,-0.4
401704703,TOR,4432820,5.0,0.0,0.0
401704703,TOR,4684272,22.0,2.6,1.9
401704703,TOR,5106258,32.0,22.2,20.5
401704703,TOR,5107897,21.0,7.7,7.1
401704704,IND,2530530,22.0,11.5,10.0
401704704,IND,3133628,30.0,3.3,3.0
401704704,IND,3149673,32.0,13.1,12.6
401704704,IND,4278355,19.0,3.1,2.7
401704704,IND,4396909,10.0,10.5,10.2
401704704,IND,4396993,33.0,12.1,12.6
401704704,IND,4432170,16.0,7.7,5.0
401704704,IND,4433076,33.0,15.6,15.1
401704704,IND,4683634,32.0,13.4,13.4
401704704,IND,5106060,14.0,3.9,3.0
401704704,NOP,2451037,13.0,4.3,3.4
401704704,NOP,2596112,19.0,8.3,5.4
401704704,NOP,3913176,35.0,19.2,16.8
401704704,NOP,4277869,32.0,13.1,11.2
401704704,NOP,4278572,9.0,-1.4,-1.4
401704704,NOP,4395628,37.0,31.4,29.1
401704704,NOP,4432162,23.0,13.3,11.5
401704704,NOP,4432813,9.0,0.7,0.7
401704704,NOP,4683750,37.0,15.0,14.2
401704704,NOP,5061589,26.0,6.6,5.5
401704705,DEN,3468,25.0,3.8,1.0
401704705,DEN,3032978,5.0,-0.7,-0.7
401704705,DEN,3064290,38.0,28.9,26.6
401704705,DEN,3112335,40.0,30.1,24.7
401704705,DEN,3936299,22.0,5.6,4.0
401704705,DEN,4278104,39.0,21.0,18.6
401704705,DEN,4395620,6.0,1.6,1.7
401704705,DEN,4431767,36.0,9.0,9.1
401704705,DEN,4432181,16.0,0.6,1.6
401704705,DEN,4576087,14.0,-0.5,-1.1
401704705,MIN,3195,26.0,6.4,7.0
401704705,MIN,2968436,5.0,0.4,0.4
401704705,MIN,3032976,36.0,19.5,15.3
401704705,MIN,3064514,37.0,20.0,19.7
401704705,MIN,3934673,25.0,7.1,4.4
401704705,MIN,4278039,24.0,12.0,8.1
401704705,MIN,4396971,23.0,14.0,12.9
401704705,MIN,4431671,26.0,4.8,4.4
401704705,MIN,4594268,38.0,20.6,18.1
401704706,OKC,2991350,17.0,4.8,5.8
401704706,OKC,4278073,28.0,26.1,23.7
401704706,OKC,4395702,27.0,8.2,6.3
401704706,OKC,4397020,25.0,11.2,5.0
401704706,OKC,4397183,23.0,13.0,11.2
401704706,OKC,4433255,18.0,7.6,4.4
401704706,OKC,4593803,26.0,21.7,17.3
401704706,OKC,4683692,23.0,13.2,11.2
401704706,OKC,4702159,12.0,6.5,7.5
401704706,OKC,4897449,3.0,0.5,1.3
401704706,OKC,4900671,17.0,5.2,6.8
401704706,OKC,4997526,19.0,8.2,7.7
401704706,POR,2991070,28.0,12.5,11.3
401704706,POR,4066268,5.0,2.0,2.0
401704706,POR,4278129,28.0,12.8,10.6
401704706,POR,4351851,28.0,7.9,6.0
401704706,POR,4397885,9.0,9.3,9.4
401704706,POR,4431736,24.0,11.2,9.1
401704706,POR,4432446,11.0,3.0,1.7
401704706,POR,4594326,22.0,4.2,3.8
401704706,POR,4683021,23.0,3.9,3.1
401704706,POR,4683678,25.0,5.6,5.4
401704706,POR,5099752,23.0,11.2,9.7
401704706,POR,5105565,13.0,3.7,3.0
401704707,BOS,3213,27.0,2.1,1.1
401704707,BOS,3995,35.0,9.3,7.8
401704707,BOS,3064560,30.0,20.5,18.0
401704707,BOS,3078576,34.0,10.9,7.2
401704707,BOS,4065648,34.0,18.1,17.2
401704707,BOS,4065804,20.0,7.9,7.1
401704707,BOS,4066354,29.0,15.2,15.8
401704707,BOS,4277964,3.0,0.3,0.0
401704707,BOS,4397424,15.0,2.4,2.7
401704707,BOS,4683689,13.0,-0.4,-1.4
401704707,CHA,3986,4.0,2.0,2.4
401704707,CHA,3138161,19.0,7.9,5.7
401704707,CHA,4066218,34.0,1.9,3.0
401704707,CHA,4066383,31.0,6.7,2.7
401704707,CHA,4432811,21.0,10.6,9.4
401704707,CHA,4432816,37.0,24.6,23.4
401704707,CHA,4432819,22.0,5.9,6.4
401704707,CHA,4433249,14.0,0.7,1.0
401704707,CHA,4433287,31.0,11.9,9.6
401704707,CHA,4683686,10.0,1.2,1.3
401704707,CHA,5211176,16.0,-1.8,-2.1
401704708,MEM,3906665,13.0,2.4,1.2
401704708,MEM,4065731,14.0,18.7,17.2
401704708,MEM,4277961,31.0,25.6,21.2
401704708,MEM,4279888,31.0,16.3,12.9
401704708,MEM,4397204,1.0,0.0,0.0
401704708,MEM,4431785,29.0,15.4,14.4
401704708,MEM,4592691,26.0,2.7,4.1
401704708,MEM,4593125,35.0,11.0,6.1
401704708,MEM,4600663,22.0,9.9,7.9
401704708,MEM,5112087,36.0,11.2,11.5
401704708,MEM,5159895,1.0,0.0,0.0
401704708,PHI,3012,21.0,10.6,8.4
401704708,PHI,3431,22.0,7.1,7.5
401704708,PHI,6443,9.0,2.0,2.0
401704708,PHI,6585,29.0,0.2,-1.7
401704708,PHI,3133603,27.0,7.8,6.2
401704708,PHI,3138160,28.0,6.0,4.1
401704708,PHI,4017844,19.0,7.1,6.0
401704708,PHI,4066786,1.0,-0.7,-0.7
401704708,PHI,4431678,37.0,16.9,14.1
401704708,PHI,4431828,20.0,5.5,3.7
401704708,PHI,4683778,17.0,12.9,11.4
401704708,PHI,4701234,8.0,2.1,2.1
401704708,PHI,5105637,1.0,1.4,1.4
401704709,SAC,3978,43.0,19.2,15.7
401704709,SAC,2528588,15.0,2.1,2.6
401704709,SAC,3134916,5.0,1.0,-1.0
401704709,SAC,3136196,13.0,2.5,2.0
401704709,SAC,3155942,43.0,23.4,20.5
401704709,SAC,4066259,43.0,13.9,8.8
401704709,SAC,4066262,38.0,17.2,15.2
401704709,SAC,4594327,39.0,13.1,11.7
401704709,SAC,4702177,27.0,8.3,5.7
401704709,TOR,3134908,34.0,10.6,8.5
401704709,TOR,3948153,25.0,19.9,18.8
401704709,TOR,4278053,37.0,5.1,0.5
401704709,TOR,4395625,40.0,21.9,19.2
401704709,TOR,4397018,36.0,20.6,17.6
401704709,TOR,4431893,15.0,8.8,8.8
401704709,TOR,4432241,14.0,0.3,1.1
401704709,TOR,4684272,10.0,-0.6,-0.1
401704709,TOR,5106258,38.0,14.4,10.9
401704709,TOR,5107897,16.0,4.7,5.1
401704710,GSW,6589,35.0,12.0,12.3
401704710,GSW,2990984,32.0,22.2,19.5
401704710,GSW,2993874,24.0,6.6,4.0
401704710,GSW,3059319,31.0,10.4,8.8
401704710,GSW,3134903,11.0,2.5,2.0
401704710,GSW,3155535,21.0,8.9,6.9
401704710,GSW,4066317,17.0,2.0,1.7
401704710,GSW,4431684,13.0,6.9,7.2
401704710,GSW,4432171,17.0,9.0,9.0
401704710,GSW,4433247,26.0,15.1,13.6
401704710,GSW,4709138,38.0,6.5,6.7
401704710,HOU,3209,3.0,0.3,0.7
401704710,HOU,2991230,40.0,7.5,7.6
401704710,HOU,3146557,5.0,2.7,3.1
401704710,HOU,3155526,27.0,1.8,2.0
401704710,HOU,3922230,16.0,6.8,5.8
401704710,HOU,4432639,37.0,14.3,12.6
401704710,HOU,4433192,35.0,24.2,19.2
401704710,HOU,4437244,34.0,0.2,-0.2
401704710,HOU,4684740,34.0,17.4,14.8
401704710,HOU,4711272,7.0,1.9,2.7
401704710,HOU,4871144,21.0,12.7,11.1
401704710,HOU,5105592,5.0,2.7,2.4
401704711,CLE,2990969,21.0,-0.0,-1.1
401704711,CLE,3908809,35.0,20.0,20.1
401704711,CLE,3912848,23.0,5.4,4.7
401704711,CLE,4065733,9.0,4.3,4.1
401704711,CLE,4066328,32.0,12.5,9.3
401704711,CLE,4066757,22.0,14.1,13.1
401704711,CLE,4396907,34.0,11.8,12.3
401704711,CLE,4432158,32.0,11.1,10.9
401704711,CLE,4432822,28.0,14.0,13.2
401704711,CLE,4701233,5.0,1.7,1.4
401704711,MIL,3448,35.0,3.5,1.7
401704711,MIL,6606,39.0,33.8,33.5
401704711,MIL,2578239,10.0,1.6,1.4
401704711,MIL,2990962,32.0,16.3,14.2
401704711,MIL,3032977,39.0,32.4,30.4
401704711,MIL,3064447,17.0,-2.2,-1.7
401704711,MIL,3064482,20.0,5.0,3.7
401704711,MIL,4277843,34.0,-5.8,-5.9
401704711,MIL,4432190,15.0,-1.9,-1.0
401704712,MIN,3195,21.0,6.6,3.8
401704712,MIN,3032976,23.0,6.8,7.0
401704712,MIN,3064514,30.0,13.4,12.4
401704712,MIN,3923250,3.0,3.6,3.3
401704712,MIN,3934673,28.0,11.7,12.2
401704712,MIN,4277951,3.0,-0.4,-0.7
401704712,MIN,4278039,24.0,5.7,4.8
401704712,MIN,4396971,26.0,8.8,8.0
401704712,MIN,4431671,30.0,4.4,3.3
401704712,MIN,4432847,3.0,0.0,0.0
401704712,MIN,4594268,36.0,13.4,9.9
401704712,MIN,4684275,3.0,0.7,0.7
401704712,MIN,4687718,10.0,0.8,1.0
401704712,SAS,2779,33.0,20.0,19.5
401704712,SAS,6578,38.0,13.8,12.2
401704712,SAS,4066650,13.0,8.4,7.2
401704712,SAS,4278580,1.0,0.3,0.0
401704712,SAS,4395723,29.0,21.9,18.5
401704712,SAS,4397886,1.0,0.0,0.0
401704712,SAS,4565201,14.0,2.9,2.7
401704712,SAS,4592479,29.0,6.1,4.7
401704712,SAS,4610139,33.0,17.7,14.9
401704712,SAS,4683935,1.0,-0.7,-0.7
401704712,SAS,4845367,15.0,-0.4,-0.9
401704712,SAS,5081727,1.0,0.0,0.0
401704712,SAS,5104157,31.0,11.4,9.1
401704713,MIA,6429,29.0,14.8,13.9
401704713,MIA,6430,31.0,13.3,13.5
401704713,MIA,2581190,16.0,-2.6,-1.4
401704713,MIA,3074752,31.0,8.2,7.6
401704713,MIA,3934723,14.0,6.5,3.7
401704713,MIA,4066261,31.0,26.7,23.5
401704713,MIA,4066993,2.0,1.0,0.7
401704713,MIA,4291678,2.0,0.3,0.0
401704713,MIA,4395725,20.0,7.6,8.2
401704713,MIA,4432848,25.0,4.7,3.0
401704713,MIA,4601025,14.0,5.7,4.8
401704713,MIA,4997528,23.0,3.0,-1.8
401704713,MIA,5105623,2.0,0.9,0.3
401704713,WAS,6477,16.0,0.5,-1.1
401704713,WAS,2581184,3.0,-0.4,0.0
401704713,WAS,2993370,3.0,-0.7,-0.7
401704713,WAS,4277848,4.0,-0.4,-0.7
401704713,WAS,4277956,31.0,11.1,9.3
401704713,WAS,4280151,31.0,-1.0,-2.9
401704713,WAS,4395695,7.0,4.7,3.7
401704713,WAS,4432356,18.0,10.5,8.1
401704713,WAS,4433246,3.0,5.7,4.7
401704713,WAS,4845374,37.0,8.1,4.1
401704713,WAS,5104155,33.0,19.4,19.5
401704713,WAS,5160992,27.0,17.4,13.9
401704713,WAS,5174563,27.0,3.9,-0.1
401704714,DEN,3442,14.0,2.5,2.4
401704714,DEN,3468,31.0,2.1,-1.9
401704714,DEN,3064290,26.0,13.0,12.6
401704714,DEN,3112335,30.0,27.1,23.2
401704714,DEN,4278104,29.0,16.9,15.8
401704714,DEN,4395620,25.0,7.9,7.8
401704714,DEN,4398390,2.0,0.0,0.0
401704714,DEN,4431690,4.0,5.3,5.8
401704714,DEN,4431767,33.0,14.2,12.8
401704714,DEN,4432181,19.0,14.1,13.8
401704714,DEN,4433268,4.0,0.3,0.3
401704714,DEN,4576087,20.0,5.8,3.3
401704714,DEN,4592427,2.0,1.3,0.0
401704714,UTA,4004,16.0,-1.4,-1.7
401704714,UTA,3133602,15.0,2.5,2.0
401704714,UTA,3908845,22.0,13.4,11.8
401704714,UTA,3914285,20.0,5.9,2.4
401704714,UTA,4277811,26.0,5.9,5.4
401704714,UTA,4432817,27.0,13.2,12.4
401704714,UTA,4433136,29.0,19.9,15.0
401704714,UTA,4433627,32.0,12.4,12.2
401704714,UTA,4684793,18.0,-1.1,-1.7
401704714,UTA,4895758,20.0,-2.6,-2.2
401704714,UTA,5105839,16.0,5.3,4.7
401704715,PHX,3202,38.0,13.3,11.3
401704715,PHX,6580,34.0,13.7,10.6
401704715,PHX,2488653,17.0,1.8,-1.1
401704715,PHX,2583632,23.0,4.1,1.0
401704715,PHX,3059310,8.0,1.0,0.0
401704715,PHX,3102530,24.0,1.3,-1.4
401704715,PHX,3135045,19.0,13.1,11.1
401704715,PHX,3135046,29.0,16.1,14.6
401704715,PHX,3136193,36.0,23.9,22.5
401704715,PHX,4888725,14.0,-0.8,-1.7
401704715,POR,2991070,39.0,10.5,7.5
401704715,POR,4278129,30.0,7.0,4.2
401704715,POR,4351851,41.0,12.9,9.9
401704715,POR,4397885,12.0,12.1,10.2
401704715,POR,4431736,34.0,8.8,6.1
401704715,POR,4594326,13.0,3.1,2.0
401704715,POR,4683021,32.0,11.8,8.0
401704715,POR,4683678,17.0,0.8,0.2
401704715,POR,5099752,7.0,-0.9,-0.4
401704715,POR,5105565,14.0,1.8,1.3
401704716,LAC,3416,20.0,3.2,1.9
401704716,LAC,3992,32.0,15.6,7.4
401704716,LAC,2595516,32.0,17.4,15.2
401704716,LAC,2991139,20.0,8.4,7.7
401704716,LAC,3907823,25.0,10.8,9.4
401704716,LAC,3936099,22.0,-6.2,-5.2
401704716,LAC,4017837,28.0,6.7,3.1
401704716,LAC,4066387,20.0,0.9,-1.0
401704716,LAC,4396818,4.0,-0.4,-0.4
401704716,LAC,4397140,19.0,4.9,4.4
401704716,LAC,4431699,10.0,4.8,4.5
401704716,LAC,4431752,4.0,1.0,0.7
401704716,LAC,4592492,4.0,2.0,1.3
401704716,OKC,2991350,16.0,2.6,1.6
401704716,OKC,4278073,31.0,22.1,21.3
401704716,OKC,4395702,22.0,10.7,9.4
401704716,OKC,4397020,30.0,11.7,12.4
401704716,OKC,4397183,30.0,11.1,7.0
401704716,OKC,4433255,29.0,10.6,5.0
401704716,OKC,4593803,34.0,7.1,4.6
401704716,OKC,4683692,25.0,7.2,6.1
401704716,OKC,4702159,3.0,0.0,0.0
401704716,OKC,4897449,3.0,-1.1,-0.7
401704716,OKC,4900671,8.0,-3.6,-2.0
401704716,OKC,4997526,8.0,4.7,2.7
401704717,BKN,2578185,28.0,7.9,6.1
401704717,BKN,3032979,33.0,7.4,4.1
401704717,BKN,3138196,30.0,18.8,18.0
401704717,BKN,3907387,24.0,5.2,3.2
401704717,BKN,3915195,2.0,0.0,0.0
401704717,BKN,4278067,22.0,2.6,3.3
401704717,BKN,4397179,2.0,0.3,0.0
401704717,BKN,4431714,22.0,7.3,6.7
401704717,BKN,4432174,31.0,6.5,5.9
401704717,BKN,4432192,13.0,5.1,4.3
401704717,BKN,4433137,16.0,0.7,1.3
401704717,BKN,4712896,17.0,2.8,3.3
401704717,DET,6440,35.0,17.6,17.4
401704717,DET,2528210,23.0,9.5,11.1
401704717,DET,3899664,24.0,6.3,4.9
401704717,DET,3907822,29.0,11.3,10.2
401704717,DET,4432107,1.0,0.0,0.0
401704717,DET,4432166,35.0,10.2,9.9
401704717,DET,4432810,14.0,1.5,1.0
401704717,DET,4433218,35.0,7.6,5.2
401704717,DET,4433621,33.0,18.1,12.0
401704717,DET,4592187,1.0,0.0,0.0
401704717,DET,4683771,10.0,-0.8,0.0
401704718,ATL,2580365,25.0,13.4,11.2
401704718,ATL,3102529,21.0,7.6,6.1
401704718,ATL,3913180,20.0,5.3,6.0
401704718,ATL,4277905,31.0,24.3,22.8
401704718,ATL,4279118,22.0,3.2,1.7
401704718,ATL,4593041,26.0,9.1,8.9
401704718,ATL,4701230,38.0,27.1,22.4
401704718,ATL,4869342,25.0,14.0,13.3
401704718,ATL,4870562,2.0,0.0,0.0
401704718,ATL,5211175,30.0,5.9,2.9
401704718,NOP,2451037,18.0,4.5,3.4
401704718,NOP,2596112,24.0,3.5,2.7
401704718,NOP,3913176,30.0,21.1,19.2
401704718,NOP,4277869,29.0,7.2,6.4
401704718,NOP,4278541,4.0,-1.0,-1.0
401704718,NOP,4278572,18.0,11.6,11.7
401704718,NOP,4395623,4.0,-0.1,-0.7
401704718,NOP,4432162,30.0,10.9,11.1
401704718,NOP,4432813,25.0,6.7,5.8
401704718,NOP,4592686,4.0,2.3,2.0
401704718,NOP,4683750,31.0,8.5,8.0
401704718,NOP,5061589,26.0,6.4,3.8
401704719,DAL,6442,28.0,13.8,12.0
401704719,DAL,6475,29.0,8.7,6.1
401704719,DAL,2531367,8.0,-1.0,-1.8
401704719,DAL,2580782,16.0,1.0,0.7
401704719,DAL,3945274,32.0,23.0,21.8
401704719,DAL,4278049,20.0,12.5,11.2
401704719,DAL,4278078,28.0,8.0,6.5
401704719,DAL,4278594,21.0,6.9,3.8
401704719,DAL,4397014,17.0,4.1,2.0
401704719,DAL,4397040,6.0,0.1,0.2
401704719,DAL,4595400,6.0,-0.4,0.0
401704719,DAL,4683688,20.0,9.7,8.8
401704719,DAL,4868423,9.0,-1.8,-1.7
401704719,ORL,6446,5.0,-1.0,-1.0
401704719,ORL,2581018,26.0,4.4,5.0
401704719,ORL,2999547,14.0,0.3,0.3
401704719,ORL,3150844,21.0,3.4,3.2
401704719,ORL,4065654,16.0,2.3,0.9
401704719,ORL,4277847,9.0,7.0,5.4
401704719,ORL,4432165,29.0,6.7,4.2
401704719,ORL,4432809,14.0,7.4,6.3
401704719,ORL,4433623,7.0,0.9,1.0
401704719,ORL,4566434,25.0,10.1,7.8
401704719,ORL,4702382,31.0,6.9,5.0
401704719,ORL,4712849,21.0,-2.4,-2.2
401704719,ORL,5105806,22.0,4.1,3.2
401704720,CLE,2990969,26.0,7.6,7.4
401704720,CLE,3908809,31.0,7.1,3.9
401704720,CLE,4065733,19.0,6.7,4.7
401704720,CLE,4066328,35.0,18.0,11.1
401704720,CLE,4066757,27.0,9.5,6.4
401704720,CLE,4396907,35.0,33.8,33.9
401704720,CLE,4432158,32.0,13.8,10.9
401704720,CLE,4432822,26.0,3.8,4.1
401704720,CLE,4701233,5.0,-1.0,-1.0
401704720,CLE,4997539,3.0,-0.9,0.0
401704720,MIL,3448,36.0,13.2,6.7
401704720,MIL,6606,37.0,22.5,22.6
401704720,MIL,2578239,22.0,10.9,8.9
401704720,MIL,2990962,15.0,3.9,4.8
401704720,MIL,3064447,4.0,-0.7,-0.7
401704720,MIL,3064482,39.0,17.1,11.7
401704720,MIL,4277843,21.0,-1.4,-0.8
401704720,MIL,4397475,34.0,19.0,17.2
401704720,MIL,4432190,25.0,5.1,2.6
401704720,MIL,4591725,7.0,2.6,2.4
401704721,GSW,3975,24.0,19.4,19.2
401704721,GSW,6589,29.0,18.5,16.5
401704721,GSW,2990984,28.0,17.4,14.0
401704721,GSW,2993874,16.0,6.1,4.9
401704721,GSW,3059319,18.0,1.9,0.8
401704721,GSW,3134903,16.0,6.7,6.9
401704721,GSW,3155535,18.0,5.8,5.5
401704721,GSW,4066317,14.0,1.8,2.0
401704721,GSW,4431684,23.0,11.3,9.5
401704721,GSW,4432171,15.0,8.7,7.7
401704721,GSW,4433247,25.0,11.5,9.6
401704721,GSW,4592714,1.0,0.0,0.0
401704721,GSW,4709138,13.0,1.4,0.0
401704721,WAS,6477,21.0,19.7,17.4
401704721,WAS,2581184,3.0,0.0,0.0
401704721,WAS,4277956,34.0,18.8,13.9
401704721,WAS,4280151,29.0,2.8,1.3
401704721,WAS,4395695,8.0,7.5,7.5
401704721,WAS,4432356,8.0,2.9,4.1
401704721,WAS,4845374,33.0,14.7,14.3
401704721,WAS,5104155,39.0,1.3,0.9
401704721,WAS,5160992,27.0,9.2,5.9
401704721,WAS,5174563,38.0,12.5,12.0
401704722,DET,6440,30.0,7.8,6.0
401704722,DET,2528210,32.0,14.1,14.1
401704722,DET,3899664,13.0,-1.4,-1.4
401704722,DET,3907822,28.0,0.9,1.2
401704722,DET,4432166,36.0,15.1,12.8
401704722,DET,4432810,25.0,10.2,8.5
401704722,DET,4433218,35.0,18.9,17.5
401704722,DET,4433621,24.0,13.9,12.4
401704722,DET,4683771,17.0,10.5,8.0
401704722,LAL,1966,40.0,22.7,19.0
401704722,LAL,6583,39.0,27.0,25.4
401704722,LAL,3136776,33.0,6.5,5.7
401704722,LAL,3137259,18.0,0.0,-1.0
401704722,LAL,4066457,39.0,8.3,7.0
401704722,LAL,4066648,35.0,6.4,5.3
401704722,LAL,4395627,14.0,1.7,0.0
401704722,LAL,4397077,9.0,4.6,3.6
401704722,LAL,4432582,4.0,-2.9,-2.4
401704722,LAL,4897943,9.0,4.0,4.4
401704723,ATL,3102529,17.0,1.1,0.0
401704723,ATL,3913180,26.0,9.4,9.1
401704723,ATL,4277905,23.0,-3.2,-3.4
401704723,ATL,4279118,21.0,8.9,2.7
401704723,ATL,4431680,23.0,18.0,15.3
401704723,ATL,4593041,29.0,9.2,7.8
401704723,ATL,4701230,31.0,10.3,6.6
401704723,ATL,4712863,8.0,-1.8,-2.4
401704723,ATL,4869342,24.0,5.2,4.4
401704723,ATL,4870562,8.0,-0.5,-0.1
401704723,ATL,5211175,30.0,6.8,7.0
401704723,BOS,3213,22.0,14.4,10.2
401704723,BOS,3995,24.0,13.1,11.5
401704723,BOS,3064560,16.0,4.4,2.4
401704723,BOS,3078576,29.0,17.9,15.2
401704723,BOS,4065648,30.0,26.0,22.2
401704723,BOS,4065804,20.0,5.2,4.3
401704723,BOS,4066354,25.0,13.7,12.2
401704723,BOS,4277964,9.0,3.7,3.1
401704723,BOS,4397424,23.0,10.5,8.1
401704723,BOS,4432164,8.0,1.5,-0.4
401704723,BOS,4576085,6.0,0.9,-0.1
401704723,BOS,4593841,8.0,-1.2,-1.4
401704723,BOS,4683689,19.0,1.8,-1.4
401704724,BKN,2578185,28.0,13.3,14.0
401704724,BKN,3032979,34.0,13.1,13.1
401704724,BKN,3138196,36.0,17.0,17.2
401704724,BKN,3915195,12.0,5.0,4.4
401704724,BKN,4278067,27.0,13.2,9.1
401704724,BKN,4431714,28.0,10.4,9.7
401704724,BKN,4432174,34.0,5.5,4.7
401704724,BKN,4432192,21.0,1.2,2.0
401704724,BKN,4433137,21.0,3.9,2.0
401704724,MEM,3906665,11.0,2.9,1.7
401704724,MEM,4065731,8.0,2.7,1.7
401704724,MEM,4277961,32.0,10.1,8.4
401704724,MEM,4279888,33.0,18.8,17.6
401704724,MEM,4431785,31.0,6.6,7.4
401704724,MEM,4592691,32.0,9.6,6.8
401704724,MEM,4593125,31.0,5.9,5.1
401704724,MEM,4600663,29.0,26.9,22.4
401704724,MEM,5112087,33.0,1.7,0.6
401704725,MIA,6429,13.0,0.9,-0.1
401704725,MIA,6430,36.0,21.9,20.0
401704725,MIA,2581190,21.0,-3.7,-4.4
401704725,MIA,3074752,30.0,8.1,7.4
401704725,MIA,3157465,14.0,9.3,8.8
401704725,MIA,3934723,12.0,2.2,1.0
401704725,MIA,4066261,36.0,19.6,12.7
401704725,MIA,4291678,8.0,-0.1,-1.4
401704725,MIA,4395725,34.0,17.4,15.7
401704725,MIA,4601025,25.0,12.6,12.1
401704725,MIA,4997528,12.0,1.5,2.3
401704725,SAC,3978,36.0,21.7,21.3
401704725,SAC,2596107,10.0,0.6,-1.0
401704725,SAC,3134916,11.0,3.9,2.7
401704725,SAC,3136196,16.0,1.5,2.7
401704725,SAC,3155942,38.0,16.3,14.0
401704725,SAC,4066259,37.0,17.8,18.2
401704725,SAC,4066262,24.0,4.4,5.7
401704725,SAC,4594327,39.0,10.1,9.4
401704725,SAC,4702177,29.0,8.1,6.4
401704726,CHI,6478,33.0,25.0,19.6
401704726,CHI,4395651,34.0,21.5,19.9
401704726,CHI,4396991,28.0,9.3,9.0
401704726,CHI,4397002,35.0,24.6,24.1
401704726,CHI,4397189,15.0,5.8,5.0
401704726,CHI,4431687,27.0,6.6,7.7
401704726,CHI,4433159,18.0,4.0,4.1
401704726,CHI,4711294,4.0,-0.4,-0.7
401704726,CHI,4871145,30.0,12.4,10.8
401704726,CHI,5105553,16.0,1.2,0.0
401704726,UTA,4004,13.0,7.7,7.8
401704726,UTA,3908845,31.0,27.0,24.5
401704726,UTA,3914285,16.0,3.9,2.7
401704726,UTA,4277811,34.0,18.2,16.7
401704726,UTA,4432817,18.0,5.9,6.4
401704726,UTA,4433136,32.0,14.4,11.3
401704726,UTA,4433627,39.0,28.7,27.1
401704726,UTA,4684793,17.0,5.8,5.8
401704726,UTA,4895758,30.0,11.9,10.4
401704726,UTA,5105839,10.0,-2.4,-2.7
401704727,HOU,2991230,36.0,17.4,15.6
401704727,HOU,2991235,14.0,4.2,4.0
401704727,HOU,3155526,31.0,8.0,9.7
401704727,HOU,4432639,22.0,3.3,2.3
401704727,HOU,4433192,25.0,5.4,5.0
401704727,HOU,4437244,32.0,7.4,5.6
401704727,HOU,4684740,33.0,13.4,11.2
401704727,HOU,4711272,14.0,3.2,2.6
401704727,HOU,4871144,33.0,25.4,19.8
401704727,NYK,3062679,38.0,12.2,11.2
401704727,NYK,3136195,32.0,12.9,10.8
401704727,NYK,3147657,40.0,5.5,3.9
401704727,NYK,3934672,42.0,21.9,21.1
401704727,NYK,3934719,40.0,18.8,15.7
401704727,NYK,4277922,16.0,-0.3,0.4
401704727,NYK,4431823,26.0,-3.4,-4.9
401704727,NYK,4433225,6.0,2.7,2.7
401704728,CHA,3986,16.0,5.2,3.7
401704728,CHA,2326307,10.0,3.0,3.4
401704728,CHA,3138161,19.0,5.4,3.7
401704728,CHA,4066218,22.0,4.8,2.7
401704728,CHA,4066383,25.0,5.7,4.6
401704728,CHA,4397119,7.0,5.4,4.1
401704728,CHA,4432811,26.0,3.8,5.0
401704728,CHA,4432816,25.0,6.9,6.5
401704728,CHA,4432819,21.0,10.6,9.9
401704728,CHA,4433249,11.0,2.6,1.4
401704728,CHA,4433287,21.0,4.4,3.9
401704728,CHA,4683686,8.0,1.3,0.3
401704728,CHA,4683834,7.0,3.4,3.1
401704728,CHA,5211176,22.0,-2.1,-2.5
401704728,MIN,3195,23.0,12.4,10.5
401704728,MIN,3032976,30.0,11.0,9.3
401704728,MIN,3064514,25.0,12.6,10.7
401704728,MIN,3923250,6.0,-0.1,-0.7
401704728,MIN,3934673,28.0,11.1,7.8
401704728,MIN,4277951,7.0,-0.5,-1.0
401704728,MIN,4278039,21.0,1.7,1.9
401704728,MIN,4396971,26.0,23.9,21.3
401704728,MIN,4431671,22.0,3.9,3.1
401704728,MIN,4432847,6.0,-1.7,-1.7
401704728,MIN,4594268,29.0,16.7,14.6
401704728,MIN,4684275,8.0,3.1,3.1
401704728,MIN,4687718,8.0,0.2,-0.4
401704729,OKC,2991350,21.0,2.2,2.8
401704729,OKC,4278073,35.0,16.5,15.3
401704729,OKC,4395702,22.0,10.5,9.3
401704729,OKC,4397020,28.0,3.4,2.0
401704729,OKC,4397183,17.0,11.9,8.4
401704729,OKC,4433255,22.0,11.4,8.3
401704729,OKC,4593803,35.0,18.5,14.8
401704729,OKC,4683692,27.0,1.0,0.3
401704729,OKC,4702159,10.0,-0.6,-0.1
401704729,OKC,4897449,3.0,-0.7,-1.0
401704729,OKC,4900671,12.0,2.0,1.7
401704729,OKC,4997526,8.0,2.5,-0.7
401704729,ORL,6446,3.0,1.6,2.0
401704729,ORL,2581018,31.0,7.7,1.9
401704729,ORL,3150844,21.0,6.6,2.6
401704729,ORL,4065654,11.0,1.6,2.0
401704729,ORL,4348700,27.0,13.6,10.9
401704729,ORL,4432165,35.0,15.4,14.5
401704729,ORL,4432809,3.0,0.9,-0.7
401704729,ORL,4433623,9.0,-2.2,-2.1
401704729,ORL,4566434,34.0,12.5,10.7
401704729,ORL,4702382,34.0,2.7,2.6
401704729,ORL,4712849,21.0,-0.9,-3.5
401704729,ORL,5105806,11.0,-0.7,-1.4
401704730,NOP,2451037,20.0,3.6,2.4
401704730,NOP,2596112,17.0,-0.8,0.0
401704730,NOP,3913176,33.0,16.4,15.1
401704730,NOP,4277869,34.0,12.5,13.7
401704730,NOP,4278541,23.0,4.7,4.2
401704730,NOP,4278572,12.0,-1.9,-3.4
401704730,NOP,4395623,2.0,3.1,3.1
401704730,NOP,4432162,37.0,16.3,13.9
401704730,NOP,4432813,34.0,11.9,11.2
401704730,NOP,4592686,2.0,0.0,0.0
401704730,NOP,5061589,27.0,7.9,7.2
401704730,POR,2991070,36.0,14.3,11.0
401704730,POR,4278129,32.0,17.5,14.5
401704730,POR,4351851,34.0,17.8,16.9
401704730,POR,4397885,12.0,18.9,16.6
401704730,POR,4431736,37.0,14.4,13.4
401704730,POR,4432446,2.0,0.3,0.0
401704730,POR,4594326,8.0,0.9,0.6
401704730,POR,4683021,21.0,7.8,7.4
401704730,POR,4683678,25.0,1.5,-0.3
401704730,POR,5099752,19.0,4.9,4.0
401704730,POR,5105565,16.0,3.1,1.7
401704731,DAL,6442,40.0,18.6,18.9
401704731,DAL,6475,34.0,10.7,10.1
401704731,DAL,2531367,7.0,0.0,0.0
401704731,DAL,2580782,23.0,10.8,11.5
401704731,DAL,3945274,42.0,31.0,28.1
401704731,DAL,4278049,15.0,7.5,7.8
401704731,DAL,4278078,35.0,3.7,-0.6
401704731,DAL,4278594,34.0,23.2,21.8
401704731,DAL,4397014,10.0,0.2,-0.7
401704731,IND,2530530,20.0,10.8,8.5
401704731,IND,3133628,33.0,24.7,20.8
401704731,IND,3149673,36.0,19.4,18.3
401704731,IND,4278355,24.0,10.2,9.5
401704731,IND,4395712,29.0,8.5,9.1
401704731,IND,4396993,36.0,26.5,23.0
401704731,IND,4433076,17.0,0.6,1.4
401704731,IND,4683634,32.0,12.9,11.0
401704731,IND,5106060,14.0,2.0,1.6
401704732,DEN,3442,6.0,3.3,2.1
401704732,DEN,3468,34.0,18.1,16.5
401704732,DEN,3064290,4.0,1.3,1.7
401704732,DEN,3112335,38.0,26.1,21.8
401704732,DEN,4278104,36.0,15.5,13.1
401704732,DEN,4395620,15.0,0.5,-0.7
401704732,DEN,4431690,14.0,2.4,1.7
401704732,DEN,4431767,36.0,13.1,12.0
401704732,DEN,4432181,26.0,10.8,8.3
401704732,DEN,4576087,31.0,14.3,12.3
401704732,TOR,3134908,32.0,21.4,19.3
401704732,TOR,3948153,14.0,1.9,-0.3
401704732,TOR,4277952,3.0,2.0,2.4
401704732,TOR,4278053,30.0,13.4,12.9
401704732,TOR,4395625,33.0,6.5,5.6
401704732,TOR,4397018,33.0,15.8,13.8
401704732,TOR,4431893,12.0,2.2,2.3
401704732,TOR,4432241,17.0,8.5,8.5
401704732,TOR,4684272,9.0,1.1,2.0
401704732,TOR,5106258,36.0,20.5,15.5
401704732,TOR,5107897,21.0,4.8,4.7
401704733,PHI,3012,28.0,17.0,15.7
401704733,PHI,3431,18.0,9.3,7.7
401704733,PHI,4251,32.0,4.5,3.2
401704733,PHI,6585,15.0,4.4,0.7
401704733,PHI,3133603,32.0,6.5,6.0
401704733,PHI,3138160,39.0,9.5,7.2
401704733,PHI,4017844,30.0,16.2,15.9
401704733,PHI,4431678,41.0,23.8,22.4
401704733,PHI,4431828,2.0,0.0,0.0
401704733,PHI,4683778,3.0,3.0,2.7
401704733,PHX,3202,39.0,28.9,27.8
401704733,PHX,6580,34.0,15.6,12.9
401704733,PHX,2488653,14.0,4.9,4.7
401704733,PHX,2583632,24.0,14.3,13.2
401704733,PHX,3102530,28.0,13.0,7.7
401704733,PHX,3135045,24.0,11.6,11.7
401704733,PHX,3135046,29.0,3.4,3.5
401704733,PHX,3136193,38.0,6.8,5.2
401704733,PHX,4888725,10.0,-0.6,-1.4
401704734,LAC,3416,20.0,0.8,1.3
401704734,LAC,3992,33.0,17.5,13.8
401704734,LAC,2595516,34.0,18.9,16.0
401704734,LAC,2991139,25.0,6.9,6.6
401704734,LAC,3907823,19.0,3.9,3.7
401704734,LAC,3936099,22.0,4.7,5.3
401704734,LAC,4017837,37.0,13.0,13.3
401704734,LAC,4066387,26.0,20.3,18.6
401704734,LAC,4397140,19.0,7.3,4.5
401704734,LAC,4431699,4.0,0.7,0.0
401704734,SAS,2779,34.0,14.3,11.7
401704734,SAS,6578,38.0,7.1,7.2
401704734,SAS,4066650,14.0,4.1,2.6
401704734,SAS,4278580,5.0,3.0,3.0
401704734,SAS,4395723,28.0,8.2,7.8
401704734,SAS,4565201,18.0,2.9,1.9
401704734,SAS,4592479,38.0,16.7,16.4
401704734,SAS,4610139,12.0,2.9,2.1
401704734,SAS,4845367,20.0,7.2,5.6
401704734,SAS,5104157,34.0,25.1,13.7
401704735,CHA,3986,15.0,6.2,5.1
401704735,CHA,2326307,11.0,-1.5,-2.1
401704735,CHA,3138161,28.0,8.4,6.8
401704735,CHA,4066218,27.0,10.1,5.7
401704735,CHA,4066383,35.0,23.1,22.5
401704735,CHA,4432811,24.0,-3.3,-2.4
401704735,CHA,4432816,32.0,19.9,17.9
401704735,CHA,4432819,21.0,1.8,0.3
401704735,CHA,4433249,7.0,3.2,1.7
401704735,CHA,4433287,29.0,11.8,11.4
401704735,CHA,5211176,12.0,3.0,2.7
401704735,DET,6440,32.0,10.9,9.1
401704735,DET,2528210,31.0,10.0,9.1
401704735,DET,3899664,20.0,8.0,6.8
401704735,DET,3907822,24.0,3.5,1.6
401704735,DET,4278562,12.0,11.9,9.8
401704735,DET,4432166,38.0,13.9,13.2
401704735,DET,4432810,26.0,7.8,6.1
401704735,DET,4433218,34.0,15.4,14.9
401704735,DET,4433621,8.0,0.5,0.0
401704735,DET,4683771,16.0,5.9,5.4
401704736,IND,2530530,17.0,12.6,12.4
401704736,IND,3133628,36.0,10.1,6.2
401704736,IND,3149673,33.0,12.8,13.1
401704736,IND,4278355,17.0,3.0,3.4
401704736,IND,4395712,31.0,3.1,2.7
401704736,IND,4396993,37.0,13.8,13.5
401704736,IND,4433076,11.0,3.5,4.7
401704736,IND,4683634,34.0,17.7,15.3
401704736,IND,5106060,23.0,19.4,15.6
401704736,ORL,2581018,37.0,12.3,10.8
401704736,ORL,2999547,14.0,3.0,2.7
401704736,ORL,3150844,15.0,10.2,9.3
401704736,ORL,4065654,16.0,9.7,7.8
401704736,ORL,4348700,30.0,10.7,7.2
401704736,ORL,4432165,36.0,12.0,10.3
401704736,ORL,4566434,39.0,17.5,17.0
401704736,ORL,4702382,23.0,2.9,4.1
401704736,ORL,4712849,27.0,11.5,11.1
401704736,ORL,5105806,3.0,-3.5,-3.1
401704737,ATL,3102529,28.0,17.5,18.1
401704737,ATL,3913180,20.0,9.6,8.4
401704737,ATL,4277905,35.0,19.1,16.7
401704737,ATL,4279118,13.0,2.9,2.3
401704737,ATL,4431680,20.0,3.9,3.1
401704737,ATL,4593041,11.0,1.0,0.7
401704737,ATL,4701230,39.0,23.7,20.1
401704737,ATL,4869342,37.0,0.8,-3.9
401704737,ATL,5211175,37.0,31.8,26.0
401704737,NYK,3062679,38.0,14.8,13.4
401704737,NYK,3136195,38.0,29.1,23.5
401704737,NYK,3147657,39.0,6.9,6.1
401704737,NYK,3934672,37.0,10.7,11.0
401704737,NYK,3934719,41.0,12.8,10.7
401704737,NYK,4277922,10.0,0.8,-0.8
401704737,NYK,4431823,28.0,14.3,13.6
401704737,NYK,4433225,9.0,4.7,5.1
401704738,BOS,3213,30.0,8.9,5.8
401704738,BOS,3995,33.0,6.8,4.8
401704738,BOS,3064560,14.0,3.3,3.4
401704738,BOS,3078576,36.0,19.2,17.7
401704738,BOS,4065648,37.0,20.3,18.6
401704738,BOS,4065804,22.0,5.1,4.0
401704738,BOS,4066354,32.0,9.1,10.4
401704738,BOS,4397424,28.0,11.9,10.4
401704738,BOS,4683689,8.0,0.6,0.0
401704738,GSW,3975,34.0,27.6,21.6
401704738,GSW,6589,30.0,6.8,6.0
401704738,GSW,2990984,29.0,13.1,12.1
401704738,GSW,2993874,20.0,10.5,8.7
401704738,GSW,3059319,31.0,6.0,5.8
401704738,GSW,3134903,18.0,6.0,4.1
401704738,GSW,3155535,16.0,7.5,7.9
401704738,GSW,4066317,14.0,-0.1,-0.7
401704738,GSW,4431684,16.0,5.7,5.8
401704738,GSW,4432171,13.0,10.3,8.8
401704738,GSW,4433247,18.0,4.3,4.3
401704739,HOU,3209,5.0,5.7,4.4
401704739,HOU,2991230,25.0,24.6,21.3
401704739,HOU,3136777,5.0,1.6,1.3
401704739,HOU,3146557,18.0,7.2,6.4
401704739,HOU,3155526,25.0,6.1,5.3
401704739,HOU,3911893,2.0,-2.1,-2.1
401704739,HOU,3922230,7.0,-0.4,-0.7
401704739,HOU,4432639,24.0,10.4,10.2
401704739,HOU,4433192,22.0,13.1,11.5
401704739,HOU,4437244,31.0,14.8,13.0
401704739,HOU,4684740,24.0,12.3,8.5
401704739,HOU,4711272,20.0,3.0,3.1
401704739,HOU,4871144,24.0,13.6,10.1
401704739,HOU,5105592,7.0,3.9,3.0
401704739,SAS,2779,20.0,6.9,7.8
401704739,SAS,6578,18.0,-1.4,-1.7
401704739,SAS,4066650,15.0,3.3,3.0
401704739,SAS,4278580,15.0,11.5,8.9
401704739,SAS,4395723,19.0,11.4,9.5
401704739,SAS,4397107,8.0,1.2,1.6
401704739,SAS,4397886,8.0,5.2,3.4
401704739,SAS,4433618,7.0,-0.8,-0.7
401704739,SAS,4565201,20.0,7.8,6.6
401704739,SAS,4592479,28.0,8.2,8.1
401704739,SAS,4683935,16.0,0.8,0.6
401704739,SAS,4845367,25.0,3.4,0.2
401704739,SAS,5081727,8.0,4.3,4.8
401704739,SAS,5104157,25.0,8.9,4.3
401704739,SAS,5177362,7.0,-0.1,-0.7
401704740,LAL,1966,35.0,29.3,27.0
401704740,LAL,3136776,22.0,7.8,6.3
401704740,LAL,3137259,23.0,-0.6,-0.5
401704740,LAL,4066457,35.0,15.5,12.0
401704740,LAL,4395627,26.0,16.5,14.5
401704740,LAL,4397077,35.0,6.5,6.1
401704740,LAL,4431778,13.0,2.3,1.7
401704740,LAL,4432582,19.0,8.0,6.4
401704740,LAL,4683774,5.0,0.2,0.6
401704740,LAL,4897943,27.0,1.5,1.0
401704740,MEM,3906665,19.0,3.1,2.6
401704740,MEM,3913174,18.0,4.5,5.0
401704740,MEM,4065731,14.0,10.5,9.2
401704740,MEM,4277961,32.0,17.3,14.5
401704740,MEM,4279888,24.0,11.1,9.0
401704740,MEM,4397204,2.0,-0.8,0.0
401704740,MEM,4431785,26.0,10.8,8.8
401704740,MEM,4592691,29.0,14.4,13.3
401704740,MEM,4593125,31.0,13.1,9.8
401704740,MEM,4600663,15.0,5.6,5.5
401704740,MEM,5112087,28.0,17.0,15.1
401704740,MEM,5159895,2.0,0.3,0.3
401704741,CLE,2990969,21.0,6.9,6.4
401704741,CLE,2991043,28.0,16.5,14.3
401704741,CLE,3908809,34.0,21.6,19.1
401704741,CLE,4065733,16.0,12.7,10.5
401704741,CLE,4066328,35.0,18.6,14.6
401704741,CLE,4066757,19.0,3.8,4.7
401704741,CLE,4396907,30.0,13.5,12.3
401704741,CLE,4432158,29.0,11.3,10.4
401704741,CLE,4432822,24.0,9.8,8.9
401704741,CLE,4701233,5.0,4.0,2.7
401704741,NOP,2451037,6.0,-1.1,-0.7
401704741,NOP,2596112,30.0,11.9,8.4
401704741,NOP,3913176,39.0,13.5,11.1
401704741,NOP,4277869,35.0,25.7,23.7
401704741,NOP,4395628,29.0,21.7,19.4
401704741,NOP,4432162,38.0,13.1,12.8
401704741,NOP,4432813,26.0,5.2,3.7
401704741,NOP,4683750,19.0,4.1,2.2
401704741,NOP,5061589,19.0,8.7,6.7
401704742,CHI,6478,25.0,14.3,12.0
401704742,CHI,2528693,3.0,-0.4,0.0
401704742,CHI,3133635,6.0,5.4,5.1
401704742,CHI,4395651,29.0,0.1,-0.8
401704742,CHI,4396991,16.0,8.4,7.5
401704742,CHI,4397002,25.0,-0.8,-0.8
401704742,CHI,4397189,16.0,-1.2,-2.1
401704742,CHI,4431687,23.0,3.7,2.7
401704742,CHI,4433159,24.0,7.6,5.7
401704742,CHI,4592402,8.0,6.5,5.9
401704742,CHI,4711294,23.0,13.9,9.4
401704742,CHI,4871145,28.0,5.6,4.4
401704742,CHI,5105553,15.0,5.9,6.3
401704742,DAL,6442,28.0,17.3,12.5
401704742,DAL,6461,5.0,1.3,0.7
401704742,DAL,6475,25.0,9.5,8.4
401704742,DAL,2531367,20.0,8.8,6.1
401704742,DAL,2580782,22.0,-1.3,-1.1
401704742,DAL,3945274,32.0,25.5,20.6
401704742,DAL,4278049,24.0,18.4,15.2
401704742,DAL,4278594,21.0,7.1,4.8
401704742,DAL,4397014,16.0,6.8,6.1
401704742,DAL,4397040,6.0,2.0,2.1
401704742,DAL,4397693,5.0,-1.5,-0.7
401704742,DAL,4595400,20.0,0.1,1.3
401704742,DAL,4708972,4.0,2.7,2.7
401704742,DAL,4868423,13.0,5.6,6.0
401704743,DEN,3468,32.0,23.1,22.2
401704743,DEN,3112335,39.0,29.4,22.9
401704743,DEN,4278104,41.0,19.0,17.4
401704743,DEN,4395620,19.0,-0.4,-1.0
401704743,DEN,4431690,11.0,2.6,2.3
401704743,DEN,4431767,37.0,19.7,15.7
401704743,DEN,4432181,27.0,5.4,6.1
401704743,DEN,4576087,33.0,7.0,4.2
401704743,OKC,2991350,22.0,4.5,-0.4
401704743,OKC,4278073,39.0,16.0,14.1
401704743,OKC,4395702,25.0,9.9,9.8
401704743,OKC,4397020,26.0,13.7,9.1
401704743,OKC,4397183,17.0,10.4,10.1
401704743,OKC,4433255,36.0,7.9,6.3
401704743,OKC,4593803,36.0,29.1,25.3
401704743,OKC,4683692,20.0,0.6,-0.4
401704743,OKC,4900671,9.0,2.9,2.7
401704743,OKC,4997526,10.0,6.2,6.4
401704744,MIA,6429,16.0,7.0,5.8
401704744,MIA,6430,37.0,12.3,10.5
401704744,MIA,3074752,32.0,5.4,3.0
401704744,MIA,3157465,15.0,5.6,4.6
401704744,MIA,4066261,34.0,13.8,7.4
401704744,MIA,4291678,31.0,19.9,17.6
401704744,MIA,4395725,35.0,22.0,22.3
401704744,MIA,4601025,21.0,2.8,4.0
401704744,MIA,4997528,5.0,3.3,3.0
401704744,MIA,5105623,14.0,5.8,3.0
401704744,PHX,3202,37.0,20.5,16.8
401704744,PHX,6580,32.0,5.8,3.7
401704744,PHX,2488653,12.0,6.1,5.5
401704744,PHX,2583632,23.0,7.2,5.1
401704744,PHX,3102530,33.0,22.9,17.9
401704744,PHX,3135045,22.0,5.4,4.8
401704744,PHX,3135046,33.0,5.4,5.5
401704744,PHX,3136193,39.0,17.8,17.3
401704744,PHX,4888725,9.0,5.6,5.7
401704745,LAC,3416,20.0,7.6,4.7
401704745,LAC,3992,34.0,11.4,6.9
401704745,LAC,2595516,35.0,23.1,23.4
401704745,LAC,2991139,18.0,5.7,4.9
401704745,LAC,3907823,21.0,6.6,6.1
401704745,LAC,3936099,24.0,14.0,13.9
401704745,LAC,4017837,33.0,16.7,14.0
401704745,LAC,4066387,25.0,8.7,8.4
401704745,LAC,4396818,3.0,-1.7,-1.7
401704745,LAC,4397140,12.0,-0.1,-0.7
401704745,LAC,4431699,9.0,0.3,0.7
401704745,LAC,4431752,3.0,1.7,1.7
401704745,LAC,4592492,3.0,0.9,0.0
401704745,PHI,3012,20.0,-0.1,-0.6
401704745,PHI,3431,17.0,-3.1,-2.7
401704745,PHI,4251,24.0,17.3,14.0
401704745,PHI,6443,7.0,0.7,-0.3
401704745,PHI,6585,32.0,9.8,8.1
401704745,PHI,3133603,25.0,11.5,11.9
401704745,PHI,3138160,31.0,8.2,7.0
401704745,PHI,4017844,10.0,3.0,3.4
401704745,PHI,4431678,32.0,2.7,2.6
401704745,PHI,4431828,18.0,9.6,7.8
401704745,PHI,4683778,12.0,5.3,4.4
401704745,PHI,4701234,10.0,4.3,4.4
401704745,PHI,5105637,4.0,0.0,0.0
401704746,SAC,3978,35.0,17.0,15.8
401704746,SAC,2528588,3.0,0.3,0.0
401704746,SAC,2596107,14.0,5.5,1.3
401704746,SAC,3134916,5.0,-1.8,-2.1
401704746,SAC,3136196,11.0,0.3,0.0
401704746,SAC,3155942,34.0,30.2,27.1
401704746,SAC,4066259,34.0,11.6,11.1
401704746,SAC,4066262,21.0,8.6,5.5
401704746,SAC,4066372,24.0,7.1,7.8
401704746,SAC,4433378,1.0,0.0,0.0
401704746,SAC,4594327,35.0,20.7,19.3
401704746,SAC,4702177,23.0,10.0,8.8
401704746,SAC,5107818,1.0,-0.7,-0.7
401704746,TOR,3134908,35.0,10.2,6.9
401704746,TOR,3948153,25.0,13.3,12.8
401704746,TOR,4277952,3.0,-0.4,-0.7
401704746,TOR,4278053,32.0,20.2,19.4
401704746,TOR,4395625,33.0,14.1,12.0
401704746,TOR,4397018,32.0,8.7,8.3
401704746,TOR,4431893,16.0,0.3,1.3
401704746,TOR,4432241,16.0,2.9,2.7
401704746,TOR,4684272,8.0,0.6,0.3
401704746,TOR,5106258,24.0,2.2,2.9
401704746,TOR,5107897,18.0,7.3,7.2
401704747,CHI,6478,30.0,18.9,18.9
401704747,CHI,3133635,2.0,0.7,0.7
401704747,CHI,4395651,34.0,18.1,19.7
401704747,CHI,4396991,18.0,11.6,10.4
401704747,CHI,4397002,33.0,8.8,9.1
401704747,CHI,4397189,16.0,7.9,6.1
401704747,CHI,4431687,31.0,8.2,6.0
401704747,CHI,4433159,16.0,5.7,3.8
401704747,CHI,4592402,2.0,-0.7,-0.7
401704747,CHI,4711294,17.0,2.6,-1.0
401704747,CHI,4871145,30.0,12.3,11.2
401704747,CHI,5105553,11.0,5.5,5.0
401704747,MIN,3195,26.0,17.2,17.4
401704747,MIN,3032976,32.0,20.0,19.1
401704747,MIN,3064514,35.0,17.2,14.2
401704747,MIN,3923250,2.0,0.0,0.0
401704747,MIN,3934673,27.0,10.7,7.0
401704747,MIN,4277951,2.0,-0.7,-0.7
401704747,MIN,4278039,22.0,2.2,1.3
401704747,MIN,4396971,18.0,1.8,1.3
401704747,MIN,4431671,33.0,16.4,15.5
401704747,MIN,4432847,2.0,4.4,3.4
401704747,MIN,4594268,35.0,27.8,26.4
401704747,MIN,4684275,2.0,0.7,0.7
401704747,MIN,4687718,5.0,-1.1,-1.0
401704748,MIL,3448,32.0,2.4,-0.7
401704748,MIL,6606,37.0,32.3,27.9
401704748,MIL,2578239,17.0,0.9,0.9
401704748,MIL,2990962,25.0,6.3,4.7
401704748,MIL,3032977,30.0,23.8,21.1
401704748,MIL,3064482,27.0,12.7,13.0
401704748,MIL,4277843,8.0,-0.8,0.0
401704748,MIL,4279532,3.0,2.7,2.7
401704748,MIL,4397347,3.0,-0.2,0.6
401704748,MIL,4397475,18.0,10.8,9.8
401704748,MIL,4432179,3.0,0.6,0.0
401704748,MIL,4432190,28.0,11.5,8.2
401704748,MIL,4591725,4.0,3.3,2.4
401704748,MIL,5167876,3.0,-0.7,-0.7
401704748,UTA,4004,16.0,4.2,2.7
401704748,UTA,2528426,21.0,10.9,9.7
401704748,UTA,3908845,25.0,4.9,4.4
401704748,UTA,3914285,18.0,5.2,4.8
401704748,UTA,4066336,29.0,7.5,4.4
401704748,UTA,4277811,27.0,8.9,9.5
401704748,UTA,4432817,16.0,10.9,10.1
401704748,UTA,4433136,25.0,7.6,5.2
401704748,UTA,4433627,25.0,2.9,3.2
401704748,UTA,4683766,4.0,-1.0,-1.0
401704748,UTA,4684793,4.0,-0.7,-0.7
401704748,UTA,4895758,25.0,3.9,3.0
401704748,UTA,5105839,3.0,5.3,5.0
401704749,POR,2991070,37.0,13.6,13.9
401704749,POR,4066268,1.0,0.0,0.0
401704749,POR,4278129,31.0,18.2,13.9
401704749,POR,4351851,33.0,12.7,12.5
401704749,POR,4397885,16.0,2.4,0.8
401704749,POR,4431736,35.0,2.3,0.7
401704749,POR,4432446,1.0,2.7,2.7
401704749,POR,4594326,1.0,0.0,0.0
401704749,POR,4683021,25.0,10.9,9.4
401704749,POR,4683678,20.0,7.0,5.4
401704749,POR,4914336,20.0,9.7,9.5
401704749,POR,5099752,8.0,-0.7,-0.7
401704749,POR,5105565,12.0,2.7,1.8
401704749,SAS,2779,28.0,8.0,5.8
401704749,SAS,6578,24.0,8.2,7.7
401704749,SAS,4066650,15.0,12.0,13.3
401704749,SAS,4278580,8.0,2.3,1.4
401704749,SAS,4395723,31.0,14.5,13.4
401704749,SAS,4565201,22.0,13.8,13.9
401704749,SAS,4592479,33.0,12.6,10.1
401704749,SAS,4683935,21.0,13.9,12.4
401704749,SAS,4845367,25.0,13.8,13.6
401704749,SAS,5104157,32.0,10.8,2.9
401704750,CHA,3986,13.0,1.5,1.4
401704750,CHA,2326307,4.0,-0.4,0.0
401704750,CHA,3138161,27.0,15.4,13.2
401704750,CHA,4066218,31.0,5.3,2.7
401704750,CHA,4397119,1.0,-0.4,-0.7
401704750,CHA,4432811,19.0,0.2,0.7
401704750,CHA,4432816,33.0,20.5,17.8
401704750,CHA,4432819,27.0,8.7,7.8
401704750,CHA,4433249,29.0,6.1,0.1
401704750,CHA,4433287,33.0,27.4,24.3
401704750,CHA,4683686,1.0,-0.7,-0.7
401704750,CHA,5211176,21.0,-0.6,-1.0
401704750,IND,3999,2.0,-0.7,-0.7
401704750,IND,3133628,32.0,7.6,4.2
401704750,IND,3149673,34.0,22.2,18.8
401704750,IND,4278355,21.0,1.3,0.0
401704750,IND,4396993,34.0,7.2,4.1
401704750,IND,4433076,31.0,-0.5,-0.4
401704750,IND,4592699,9.0,0.3,-0.7
401704750,IND,4592829,20.0,2.5,2.7
401704750,IND,4683634,36.0,17.4,14.7
401704750,IND,5106060,18.0,3.9,3.4
401704750,IND,5157066,4.0,-0.4,-0.7
401704751,ATL,2580365,13.0,13.4,12.9
401704751,ATL,3102529,19.0,6.1,4.3
401704751,ATL,3913180,27.0,8.0,6.7
401704751,ATL,4277905,41.0,29.4,27.6
401704751,ATL,4279118,7.0,0.4,-0.3
401704751,ATL,4431680,17.0,7.2,7.2
401704751,ATL,4593041,16.0,3.1,1.8
401704751,ATL,4701230,37.0,12.2,9.6
401704751,ATL,4869342,38.0,16.4,9.0
401704751,ATL,5211175,25.0,4.2,4.4
401704751,DET,6440,31.0,20.2,16.7
401704751,DET,2528210,29.0,7.3,4.0
401704751,DET,3899664,20.0,9.8,8.0
401704751,DET,3907822,34.0,13.9,14.7
401704751,DET,4278562,15.0,0.1,-0.4
401704751,DET,4432166,36.0,20.0,16.1
401704751,DET,4432810,33.0,12.3,10.3
401704751,DET,4433218,30.0,11.4,9.6
401704751,DET,4683771,14.0,2.6,3.0
401704752,NOP,2451037,12.0,2.0,2.4
401704752,NOP,2596112,24.0,-0.2,-0.1
401704752,NOP,3913176,26.0,2.4,2.4
401704752,NOP,4277869,35.0,15.4,11.2
401704752,NOP,4278541,13.0,5.0,5.0
401704752,NOP,4278572,9.0,-1.3,-0.7
401704752,NOP,4395623,13.0,-3.4,-2.0
401704752,NOP,4432162,38.0,24.0,20.2
401704752,NOP,4432813,32.0,6.0,3.6
401704752,NOP,4592686,18.0,2.1,0.6
401704752,NOP,5061589,20.0,1.2,0.0
401704752,ORL,6446,2.0,2.0,2.0
401704752,ORL,2581018,29.0,10.6,5.4
401704752,ORL,2999547,19.0,7.7,7.4
401704752,ORL,3150844,18.0,12.1,10.9
401704752,ORL,4065654,9.0,10.2,10.2
401704752,ORL,4348700,27.0,16.8,14.4
401704752,ORL,4432165,33.0,2.8,-1.0
401704752,ORL,4432809,12.0,8.5,5.7
401704752,ORL,4433623,3.0,0.3,-0.7
401704752,ORL,4566434,32.0,23.3,21.2
401704752,ORL,4702382,27.0,1.7,1.2
401704752,ORL,4712849,24.0,9.2,9.5
401704752,ORL,5105806,4.0,-1.1,-0.7
401704753,BKN,2578185,31.0,3.0,3.4
401704753,BKN,3032979,37.0,9.7,5.6
401704753,BKN,3138196,40.0,16.5,15.5
401704753,BKN,3907387,27.0,10.8,8.7
401704753,BKN,4278067,28.0,6.8,3.1
401704753,BKN,4431714,25.0,2.5,2.6
401704753,BKN,4432174,38.0,17.8,17.9
401704753,BKN,4432192,16.0,-0.9,-0.4
401704753,BKN,4433137,23.0,7.2,6.0
401704753,BOS,3213,31.0,9.9,6.3
401704753,BOS,3995,37.0,11.5,10.9
401704753,BOS,3078576,43.0,11.3,9.8
401704753,BOS,4065648,42.0,24.9,20.7
401704753,BOS,4065804,35.0,7.8,4.3
401704753,BOS,4066354,34.0,14.2,13.7
401704753,BOS,4277964,6.0,-2.1,-2.1
401704753,BOS,4397424,27.0,5.7,1.7
401704753,BOS,4683689,11.0,-0.1,0.0
401704754,CLE,6474,3.0,-0.7,-0.7
401704754,CLE,2990969,14.0,4.9,5.1
401704754,CLE,2991043,21.0,13.7,8.5
401704754,CLE,3908809,26.0,3.2,3.3
401704754,CLE,3912848,18.0,7.3,4.8
401704754,CLE,4065733,21.0,16.2,17.0
401704754,CLE,4066328,30.0,13.9,11.2
401704754,CLE,4066757,15.0,3.9,3.3
401704754,CLE,4396907,30.0,22.4,18.5
401704754,CLE,4432158,26.0,21.4,17.8
401704754,CLE,4432822,27.0,14.8,14.9
401704754,CLE,4683747,3.0,-2.4,-2.4
401704754,CLE,4701233,3.0,2.4,2.4
401704754,GSW,3975,24.0,4.7,2.4
401704754,GSW,6589,21.0,6.1,4.1
401704754,GSW,2990984,19.0,0.1,0.3
401704754,GSW,2993874,14.0,3.5,2.7
401704754,GSW,3059319,21.0,8.4,7.4
401704754,GSW,3134903,10.0,8.0,7.8
401704754,GSW,3155535,16.0,10.8,7.8
401704754,GSW,4066317,5.0,0.6,1.0
401704754,GSW,4066436,18.0,4.8,6.4
401704754,GSW,4431684,16.0,4.9,4.5
401704754,GSW,4432171,17.0,5.9,5.7
401704754,GSW,4433247,29.0,17.5,14.4
401704754,GSW,4709138,27.0,15.9,10.8
401704754,GSW,4997536,5.0,3.4,3.4
401704755,MIL,3448,24.0,4.3,4.4
401704755,MIL,6606,34.0,16.3,14.8
401704755,MIL,2578239,16.0,1.0,1.0
401704755,MIL,2990962,28.0,0.7,0.0
401704755,MIL,3032977,32.0,17.9,14.6
401704755,MIL,3064482,17.0,0.0,-0.1
401704755,MIL,4279532,8.0,-0.9,-1.5
401704755,MIL,4397347,8.0,2.3,2.4
401704755,MIL,4397475,25.0,4.4,6.0
401704755,MIL,4432179,8.0,4.0,3.7
401704755,MIL,4432190,18.0,1.3,1.0
401704755,MIL,4591725,12.0,4.3,3.8
401704755,MIL,5167876,8.0,8.3,6.7
401704755,NYK,3062679,33.0,16.3,15.4
401704755,NYK,3136195,32.0,26.8,26.0
401704755,NYK,3147657,37.0,10.9,9.0
401704755,NYK,3908336,6.0,2.0,2.0
401704755,NYK,3934672,32.0,14.7,14.2
401704755,NYK,3934719,32.0,12.9,8.3
401704755,NYK,4277922,16.0,4.0,3.5
401704755,NYK,4431823,28.0,11.6,10.4
401704755,NYK,4433225,16.0,8.3,7.5
401704755,NYK,4871141,3.0,-0.9,-0.7
401704755,NYK,5211983,5.0,0.3,0.0
401704756,DAL,6442,41.0,28.0,23.9
401704756,DAL,6475,34.0,4.9,4.9
401704756,DAL,2531367,25.0,5.3,5.1
401704756,DAL,2580782,28.0,4.0,3.4
401704756,DAL,3945274,42.0,20.7,18.8
401704756,DAL,4278049,23.0,12.4,13.6
401704756,DAL,4278594,29.0,10.9,10.8
401704756,DAL,4397014,9.0,1.9,1.7
401704756,DAL,4397693,2.0,-1.7,-1.7
401704756,DAL,4595400,3.0,-0.4,-0.7
401704756,DAL,4868423,3.0,0.0,0.0
401704756,PHX,3202,37.0,24.7,21.9
401704756,PHX,6580,36.0,7.4,8.0
401704756,PHX,2488653,14.0,2.4,2.6
401704756,PHX,2583632,29.0,17.3,16.9
401704756,PHX,3102530,34.0,12.2,9.7
401704756,PHX,3135045,19.0,-0.1,-2.4
401704756,PHX,3135046,31.0,11.6,11.2
401704756,PHX,3136193,35.0,16.1,15.7
401704756,PHX,4065663,5.0,3.3,3.3
401704757,MEM,3134932,20.0,3.8,1.4
401704757,MEM,3906665,18.0,6.5,3.7
401704757,MEM,3913174,19.0,7.7,7.5
401704757,MEM,4065731,14.0,14.4,9.7
401704757,MEM,4277961,28.0,25.0,23.7
401704757,MEM,4397204,2.0,0.3,0.0
401704757,MEM,4431785,28.0,15.5,13.0
401704757,MEM,4592691,27.0,9.7,8.9
401704757,MEM,4593125,32.0,9.2,7.4
401704757,MEM,4600663,22.0,13.2,10.2
401704757,MEM,5112087,25.0,4.4,3.9
401704757,MEM,5159895,5.0,1.2,1.0
401704757,WAS,6477,23.0,17.1,13.2
401704757,WAS,2581184,5.0,5.7,4.4
401704757,WAS,2993370,5.0,4.3,4.4
401704757,WAS,4277956,23.0,0.7,1.6
401704757,WAS,4280151,29.0,9.6,9.2
401704757,WAS,4395695,14.0,5.8,4.0
401704757,WAS,4432356,14.0,0.1,0.6
401704757,WAS,4433246,5.0,-0.7,-0.7
401704757,WAS,4845374,33.0,11.3,5.8
401704757,WAS,5104155,31.0,6.5,4.1
401704757,WAS,5160992,25.0,3.4,2.4
401704757,WAS,5174563,34.0,15.1,12.1
401704758,HOU,3209,4.0,1.7,1.7
401704758,HOU,2991230,30.0,8.2,7.0
401704758,HOU,2991235,16.0,2.9,2.0
401704758,HOU,3136777,6.0,4.8,3.7
401704758,HOU,3146557,6.0,-1.3,-1.5
401704758,HOU,3155526,27.0,11.5,12.1
401704758,HOU,3911893,6.0,1.6,1.0
401704758,HOU,3922230,6.0,3.7,3.4
401704758,HOU,4432639,17.0,0.9,0.2
401704758,HOU,4433192,25.0,8.8,4.0
401704758,HOU,4437244,28.0,7.4,6.6
401704758,HOU,4684740,24.0,10.1,8.7
401704758,HOU,4711272,19.0,5.4,5.2
401704758,HOU,4871144,27.0,8.9,8.4
401704758,OKC,2991350,14.0,10.2,9.1
401704758,OKC,4278073,29.0,24.4,22.3
401704758,OKC,4395702,24.0,9.5,9.7
401704758,OKC,4397020,19.0,-3.0,-1.8
401704758,OKC,4397183,30.0,9.6,7.1
401704758,OKC,4433255,29.0,25.3,22.4
401704758,OKC,4593803,32.0,9.2,8.2
401704758,OKC,4683692,23.0,6.3,4.8
401704758,OKC,4702159,12.0,-0.9,-2.8
401704758,OKC,4897449,4.0,0.2,0.6
401704758,OKC,4900671,20.0,17.5,14.7
401704758,OKC,4997526,6.0,-0.8,-2.4
401704759,MIN,3195,18.0,-0.6,-1.1
401704759,MIN,3032976,23.0,11.7,8.3
401704759,MIN,3064514,32.0,16.3,15.1
401704759,MIN,3923250,4.0,2.0,2.1
401704759,MIN,3934673,29.0,13.0,11.8
401704759,MIN,4277951,5.0,2.6,2.6
401704759,MIN,4278039,27.0,10.3,7.2
401704759,MIN,4396971,22.0,10.0,9.4
401704759,MIN,4431671,27.0,3.7,1.6
401704759,MIN,4432847,4.0,2.1,0.4
401704759,MIN,4594268,30.0,26.9,24.2
401704759,MIN,4684275,6.0,7.0,6.5
401704759,MIN,4687718,13.0,1.3,1.0
401704759,POR,2991070,27.0,7.5,6.2
401704759,POR,4066211,17.0,16.9,13.9
401704759,POR,4278129,18.0,2.8,1.0
401704759,POR,4351851,27.0,6.1,5.6
401704759,POR,4397885,12.0,13.0,9.7
401704759,POR,4431736,25.0,-1.7,-3.7
401704759,POR,4432446,5.0,0.0,-0.3
401704759,POR,4594326,7.0,4.3,3.4
401704759,POR,4683021,23.0,5.3,3.9
401704759,POR,4683678,32.0,9.1,9.1
401704759,POR,4914336,21.0,0.4,0.2
401704759,POR,5099752,7.0,1.3,1.0
401704759,POR,5105565,19.0,4.6,3.0
401704760,DEN,3468,24.0,9.4,8.3
401704760,DEN,3112335,40.0,35.4,31.5
401704760,DEN,3936299,35.0,21.1,19.9
401704760,DEN,4278104,36.0,17.9,14.5
401704760,DEN,4395620,9.0,5.3,5.8
401704760,DEN,4431690,3.0,0.3,0.0
401704760,DEN,4431767,35.0,19.6,17.8
401704760,DEN,4432181,24.0,0.2,-0.4
401704760,DEN,4576087,33.0,14.6,13.2
401704760,MIA,6430,7.0,2.1,2.1
401704760,MIA,2581190,21.0,9.9,6.8
401704760,MIA,3074752,35.0,12.4,11.5
401704760,MIA,3157465,20.0,15.8,15.5
401704760,MIA,3934723,7.0,0.6,-0.7
401704760,MIA,4066261,39.0,13.9,11.0
401704760,MIA,4291678,35.0,9.8,11.8
401704760,MIA,4395725,40.0,22.5,20.7
401704760,MIA,4601025,14.0,4.5,4.3
401704760,MIA,4997528,20.0,13.1,9.5
401704760,MIA,5105623,2.0,-1.5,-0.7
401704761,LAL,1966,34.0,27.6,21.9
401704761,LAL,6583,36.0,24.6,20.8
401704761,LAL,3136776,25.0,12.7,12.1
401704761,LAL,3137259,16.0,-0.2,1.0
401704761,LAL,4066457,30.0,18.7,16.6
401704761,LAL,4066648,33.0,3.9,5.0
401704761,LAL,4395627,28.0,5.9,3.1
401704761,LAL,4397077,16.0,9.0,7.1
401704761,LAL,4431778,1.0,0.6,0.7
401704761,LAL,4432582,1.0,0.3,0.3
401704761,LAL,4433626,1.0,0.0,0.0
401704761,LAL,4683774,1.0,0.0,0.0
401704761,LAL,4684286,1.0,-0.4,0.0
401704761,LAL,4897943,16.0,-2.0,-3.2
401704761,PHI,3012,32.0,4.9,3.7
401704761,PHI,4251,25.0,8.5,7.4
401704761,PHI,6443,11.0,-0.4,0.6
401704761,PHI,6585,22.0,13.0,9.5
401704761,PHI,3133603,30.0,3.4,2.5
401704761,PHI,3138160,26.0,13.6,13.0
401704761,PHI,4017844,23.0,14.6,12.1
401704761,PHI,4066786,3.0,1.7,1.7
401704761,PHI,4431720,2.0,3.7,3.4
401704761,PHI,4431828,17.0,10.0,9.1
401704761,PHI,4683778,31.0,8.8,7.9
401704761,PHI,4701234,15.0,1.9,1.3
401704761,PHI,5105637,2.0,3.7,2.7
401704762,LAC,3416,11.0,-1.0,-0.3
401704762,LAC,3992,35.0,13.8,11.4
401704762,LAC,2595516,39.0,21.5,18.3
401704762,LAC,2991139,18.0,0.1,0.7
401704762,LAC,3907823,22.0,2.4,2.0
401704762,LAC,3936099,31.0,10.8,8.4
401704762,LAC,4017837,37.0,18.7,16.1
401704762,LAC,4066387,29.0,9.5,9.0
401704762,LAC,4397140,19.0,3.3,2.7
401704762,SAC,3978,40.0,10.3,8.4
401704762,SAC,2596107,9.0,0.5,0.0
401704762,SAC,3136196,7.0,-1.5,-2.1
401704762,SAC,3155942,38.0,23.0,20.0
401704762,SAC,4066259,38.0,15.1,15.1
401704762,SAC,4066262,31.0,14.3,11.4
401704762,SAC,4066372,20.0,1.8,2.0
401704762,SAC,4594327,39.0,6.7,5.0
401704762,SAC,4702177,19.0,0.1,1.0
401704763,SAS,2779,27.0,4.3,3.1
401704763,SAS,6578,27.0,5.7,5.8
401704763,SAS,4066650,15.0,5.8,5.8
401704763,SAS,4278580,7.0,-0.5,-1.4
401704763,SAS,4395630,22.0,11.8,13.5
401704763,SAS,4395723,30.0,14.5,11.4
401704763,SAS,4592479,25.0,1.6,0.3
401704763,SAS,4683935,19.0,3.0,2.4
401704763,SAS,4845367,35.0,16.7,15.7
401704763,SAS,5104157,33.0,20.4,12.8
401704763,UTA,4004,14.0,1.6,1.7
401704763,UTA,2528426,24.0,12.0,9.6
401704763,UTA,3908845,29.0,11.3,8.2
401704763,UTA,4066336,36.0,16.7,14.3
401704763,UTA,4277811,29.0,17.1,15.8
401704763,UTA,4432817,22.0,9.5,8.4
401704763,UTA,4433136,19.0,5.6,4.4
401704763,UTA,4683766,25.0,6.6,3.5
401704763,UTA,4684793,25.0,9.8,7.7
401704763,UTA,4895758,17.0,-1.4,-3.4
401704764,ATL,2580365,14.0,4.7,5.7
401704764,ATL,3102529,26.0,17.7,16.6
401704764,ATL,3913180,19.0,5.8,4.9
401704764,ATL,4277905,38.0,10.9,11.1
401704764,ATL,4279118,19.0,1.9,1.7
401704764,ATL,4431680,22.0,7.7,6.3
401704764,ATL,4593041,2.0,-1.0,-1.0
401704764,ATL,4701230,34.0,17.5,15.5
401704764,ATL,4869342,36.0,17.0,9.3
401704764,ATL,5211175,30.0,10.0,9.5
401704764,CHI,6478,31.0,16.4,12.2
401704764,CHI,3064440,32.0,15.1,13.9
401704764,CHI,3133635,9.0,-2.1,-2.1
401704764,CHI,4395651,33.0,15.1,12.1
401704764,CHI,4397002,31.0,16.5,15.6
401704764,CHI,4397189,17.0,6.8,5.7
401704764,CHI,4431687,29.0,10.5,6.4
401704764,CHI,4433159,14.0,10.0,9.1
401704764,CHI,4711294,5.0,-3.3,-2.8
401704764,CHI,4871145,25.0,14.4,12.0
401704764,CHI,5105553,14.0,10.7,8.8
401704765,BKN,2578185,29.0,7.2,8.1
401704765,BKN,3032979,37.0,17.7,18.2
401704765,BKN,3138196,31.0,19.7,18.5
401704765,BKN,3915195,18.0,2.2,2.0
401704765,BKN,4278067,32.0,13.0,9.9
401704765,BKN,4431714,10.0,0.3,0.4
401704765,BKN,4432174,36.0,10.5,10.7
401704765,BKN,4432192,12.0,1.9,1.0
401704765,BKN,4433137,20.0,-3.0,-4.1
401704765,BKN,4712896,14.0,2.8,0.0
401704765,CLE,2990969,15.0,5.2,5.1
401704765,CLE,2991043,31.0,12.1,9.9
401704765,CLE,3908809,35.0,15.8,15.3
401704765,CLE,3912848,18.0,3.1,1.3
401704765,CLE,4065733,18.0,6.4,4.5
401704765,CLE,4066328,21.0,-0.6,-2.1
401704765,CLE,4066757,20.0,6.2,5.4
401704765,CLE,4396907,32.0,16.8,16.7
401704765,CLE,4432158,35.0,25.1,16.9
401704765,CLE,4432822,15.0,0.1,0.2
401704766,LAC,3416,17.0,8.8,6.8
401704766,LAC,3992,34.0,18.8,15.3
401704766,LAC,2595516,35.0,17.1,15.3
401704766,LAC,2991139,20.0,6.6,5.1
401704766,LAC,3907823,29.0,2.7,2.7
401704766,LAC,3936099,19.0,0.3,1.6
401704766,LAC,4017837,38.0,15.4,9.5
401704766,LAC,4066387,23.0,2.1,2.2
401704766,LAC,4397140,22.0,13.0,11.0
401704766,LAC,4431699,4.0,-0.7,-1.0
401704766,TOR,3134908,30.0,3.8,-0.5
401704766,TOR,3948153,24.0,10.8,9.7
401704766,TOR,4277952,9.0,4.5,5.5
401704766,TOR,4278053,22.0,4.7,4.9
401704766,TOR,4395625,30.0,5.9,2.2
401704766,TOR,4395724,26.0,14.9,14.1
401704766,TOR,4397018,36.0,20.6,18.3
401704766,TOR,4431893,14.0,0.4,0.6
401704766,TOR,4432241,5.0,-1.1,-0.7
401704766,TOR,5106258,34.0,10.2,9.6
401704766,TOR,5107897,9.0,2.7,1.8
401704767,DET,6440,35.0,11.4,5.6
401704767,DET,2528210,30.0,7.8,5.6
401704767,DET,3899664,17.0,5.2,4.0
401704767,DET,3907822,27.0,8.5,8.0
401704767,DET,4278562,15.0,5.4,6.5
401704767,DET,4432166,36.0,18.7,16.8
401704767,DET,4432810,33.0,17.4,15.7
401704767,DET,4433218,34.0,-4.6,-4.8
401704767,DET,4683771,13.0,-1.3,-1.2
401704767,HOU,2991230,37.0,7.6,2.9
401704767,HOU,3146557,17.0,0.2,0.2
401704767,HOU,3155526,34.0,7.8,6.6
401704767,HOU,4432639,26.0,3.8,2.0
401704767,HOU,4433192,27.0,15.5,13.5
401704767,HOU,4437244,34.0,7.8,5.6
401704767,HOU,4684740,23.0,8.5,7.1
401704767,HOU,4711272,11.0,4.4,3.8
401704767,HOU,4871144,30.0,23.2,21.2
401704768,BOS,3213,32.0,8.5,6.1
401704768,BOS,3995,33.0,14.0,12.8
401704768,BOS,3064560,6.0,0.3,0.7
401704768,BOS,3078576,36.0,16.7,14.6
401704768,BOS,3917376,37.0,8.2,7.9
401704768,BOS,4065648,40.0,19.9,17.5
401704768,BOS,4065804,12.0,0.8,0.6
401704768,BOS,4066354,23.0,12.8,13.2
401704768,BOS,4397424,21.0,7.1,4.7
401704768,MIL,3448,29.0,5.9,4.7
401704768,MIL,6606,36.0,9.3,6.3
401704768,MIL,2578239,13.0,5.7,6.1
401704768,MIL,2990962,38.0,9.8,5.8
401704768,MIL,3032977,39.0,34.9,31.5
401704768,MIL,3064482,23.0,11.7,9.7
401704768,MIL,4397475,27.0,12.9,9.4
401704768,MIL,4432190,23.0,-3.0,-2.4
401704768,MIL,4591725,12.0,1.1,-1.0
401704769,IND,2530530,16.0,5.7,5.1
401704769,IND,3133628,39.0,19.6,17.0
401704769,IND,3149673,34.0,11.0,11.1
401704769,IND,4396993,35.0,36.0,33.8
401704769,IND,4433076,23.0,-1.0,0.3
401704769,IND,4592699,9.0,0.2,0.7
401704769,IND,4592829,11.0,4.0,4.1
401704769,IND,4683634,41.0,32.9,32.0
401704769,IND,5106060,27.0,4.0,0.5
401704769,IND,5157066,4.0,-1.1,-1.4
401704769,NYK,3062679,43.0,18.3,14.6
401704769,NYK,3136195,39.0,20.5,19.0
401704769,NYK,3147657,42.0,5.1,4.8
401704769,NYK,3934672,41.0,28.9,28.7
401704769,NYK,3934719,36.0,20.0,18.6
401704769,NYK,4277922,9.0,0.9,0.7
401704769,NYK,4431823,29.0,2.7,1.6
401704769,NYK,4433225,2.0,0.0,0.0
401704770,ORL,6446,5.0,1.2,-0.7
401704770,ORL,2581018,28.0,5.7,5.0
401704770,ORL,2999547,19.0,3.3,3.0
401704770,ORL,3150844,23.0,12.6,11.2
401704770,ORL,4065654,19.0,3.2,2.3
401704770,ORL,4348700,22.0,16.2,14.1
401704770,ORL,4432165,18.0,-2.7,-1.7
401704770,ORL,4432809,15.0,12.6,13.1
401704770,ORL,4433623,4.0,-1.1,-0.7
401704770,ORL,4566434,29.0,19.7,17.5
401704770,ORL,4702382,32.0,7.3,6.4
401704770,ORL,4712849,22.0,13.2,11.9
401704770,ORL,5105806,5.0,8.1,8.1
401704770,WAS,6477,18.0,5.6,4.8
401704770,WAS,2581184,5.0,2.6,2.0
401704770,WAS,4277848,9.0,0.3,0.0
401704770,WAS,4277956,31.0,11.8,12.2
401704770,WAS,4280151,25.0,-2.3,-3.1
401704770,WAS,4395695,9.0,4.1,4.6
401704770,WAS,4432356,5.0,0.3,0.3
401704770,WAS,4433246,11.0,-0.6,-1.8
401704770,WAS,4845374,31.0,2.2,2.4
401704770,WAS,5104155,37.0,22.0,19.2
401704770,WAS,5160992,25.0,9.1,7.3
401704770,WAS,5174563,34.0,9.7,9.0
401704771,CHA,3986,13.0,3.7,3.7
401704771,CHA,2326307,15.0,1.8,0.9
401704771,CHA,3138161,32.0,5.7,3.1
401704771,CHA,4066218,38.0,11.7,8.3
401704771,CHA,4432811,27.0,2.9,1.3
401704771,CHA,4432816,41.0,23.8,22.1
401704771,CHA,4432819,16.0,0.2,0.2
401704771,CHA,4433249,23.0,5.4,5.2
401704771,CHA,4433287,41.0,16.0,12.7
401704771,CHA,5211176,19.0,1.4,-1.0
401704771,PHI,3012,33.0,8.5,6.8
401704771,PHI,3431,17.0,-2.4,-2.0
401704771,PHI,4251,33.0,9.6,7.1
401704771,PHI,6585,24.0,9.6,9.1
401704771,PHI,3133603,32.0,2.6,2.9
401704771,PHI,3138160,41.0,7.1,2.7
401704771,PHI,4017844,31.0,13.5,13.7
401704771,PHI,4066786,23.0,8.9,7.7
401704771,PHI,4683778,31.0,18.5,18.8
401704772,MIA,3449,13.0,7.9,4.7
401704772,MIA,2581190,20.0,1.1,1.7
401704772,MIA,3074752,32.0,8.4,4.7
401704772,MIA,3157465,17.0,3.4,4.0
401704772,MIA,4066261,39.0,6.6,2.2
401704772,MIA,4291678,33.0,9.2,3.2
401704772,MIA,4395725,34.0,12.6,12.8
401704772,MIA,4432848,16.0,5.6,2.7
401704772,MIA,4601025,3.0,0.6,0.0
401704772,MIA,4997528,23.0,11.3,9.4
401704772,MIA,5105623,9.0,3.8,1.7
401704772,MIN,3195,24.0,0.7,-2.7
401704772,MIN,3032976,33.0,12.0,7.9
401704772,MIN,3064514,36.0,10.4,9.8
401704772,MIN,3934673,29.0,8.0,3.0
401704772,MIN,4278039,26.0,12.7,11.2
401704772,MIN,4396971,23.0,10.2,10.4
401704772,MIN,4431671,33.0,8.1,6.7
401704772,MIN,4594268,37.0,8.9,6.9
401704773,GSW,3975,37.0,29.4,27.3
401704773,GSW,6589,31.0,10.0,10.4
401704773,GSW,2990984,21.0,5.3,5.7
401704773,GSW,2993874,20.0,9.4,7.5
401704773,GSW,3059319,35.0,20.2,16.8
401704773,GSW,3134903,12.0,4.1,6.1
401704773,GSW,4066436,27.0,15.9,11.3
401704773,GSW,4431684,5.0,1.6,1.0
401704773,GSW,4432171,11.0,0.6,0.6
401704773,GSW,4433247,26.0,15.6,14.5
401704773,GSW,4709138,15.0,-3.0,-1.7
401704773,OKC,2991350,22.0,4.2,3.7
401704773,OKC,4278073,34.0,15.1,13.2
401704773,OKC,4395702,23.0,8.5,8.4
401704773,OKC,4397020,30.0,15.1,13.5
401704773,OKC,4397183,18.0,5.9,6.4
401704773,OKC,4433255,5.0,-0.9,-2.1
401704773,OKC,4593803,31.0,16.2,12.6
401704773,OKC,4683692,30.0,11.6,12.1
401704773,OKC,4702159,15.0,4.6,4.4
401704773,OKC,4900671,21.0,8.6,7.4
401704773,OKC,4997526,11.0,1.5,1.7
401704774,DAL,6442,35.0,39.7,36.9
401704774,DAL,6475,33.0,5.0,4.3
401704774,DAL,2531367,14.0,8.1,7.4
401704774,DAL,2580782,20.0,3.0,3.4
401704774,DAL,3945274,41.0,18.8,15.5
401704774,DAL,4278049,34.0,17.1,14.2
401704774,DAL,4278594,36.0,11.6,8.8
401704774,DAL,4595400,8.0,1.3,1.7
401704774,DAL,4868423,19.0,0.2,-0.7
401704774,DEN,3468,20.0,4.2,3.1
401704774,DEN,3112335,38.0,44.8,39.6
401704774,DEN,3936299,38.0,9.0,9.9
401704774,DEN,4278104,36.0,17.8,14.1
401704774,DEN,4431690,10.0,1.1,0.9
401704774,DEN,4431767,35.0,10.4,10.4
401704774,DEN,4432181,23.0,8.5,6.6
401704774,DEN,4576087,40.0,15.0,13.5
401704775,PHX,6580,38.0,22.7,20.0
401704775,PHX,2488653,26.0,12.1,9.6
401704775,PHX,2583632,28.0,3.4,1.2
401704775,PHX,3102530,15.0,-0.7,-3.8
401704775,PHX,3135045,27.0,1.1,1.2
401704775,PHX,3135046,40.0,20.8,18.9
401704775,PHX,3136193,43.0,19.1,17.6
401704775,PHX,4065663,16.0,6.8,4.4
401704775,PHX,4601023,10.0,2.1,2.7
401704775,PHX,4888725,21.0,6.6,4.7
401704775,SAC,3978,43.0,23.7,21.8
401704775,SAC,2528588,11.0,0.9,-0.1
401704775,SAC,3134916,2.0,0.0,0.0
401704775,SAC,3136196,17.0,5.7,3.9
401704775,SAC,3155942,39.0,13.7,13.7
401704775,SAC,4066259,41.0,18.2,15.2
401704775,SAC,4066262,8.0,4.2,2.7
401704775,SAC,4066372,35.0,15.6,12.5
401704775,SAC,4594327,43.0,11.6,9.7
401704775,SAC,4702177,28.0,4.3,2.7
401704776,MEM,3134932,23.0,3.5,1.7
401704776,MEM,3906665,16.0,9.6,8.5
401704776,MEM,3913174,20.0,9.8,6.6
401704776,MEM,4065731,20.0,11.0,7.0
401704776,MEM,4277961,24.0,15.7,11.0
401704776,MEM,4397204,7.0,4.5,3.3
401704776,MEM,4431785,21.0,12.9,11.8
401704776,MEM,4592691,23.0,19.8,14.9
401704776,MEM,4593125,30.0,16.7,14.0
401704776,MEM,4600663,24.0,10.2,6.2
401704776,MEM,5112087,24.0,13.3,12.4
401704776,MEM,5159895,8.0,3.7,3.7
401704776,POR,2991070,28.0,12.7,12.2
401704776,POR,4066211,11.0,2.2,0.0
401704776,POR,4066268,5.0,-1.9,-1.1
401704776,POR,4278129,21.0,4.2,3.2
401704776,POR,4351851,19.0,-5.3,-4.8
401704776,POR,4397885,20.0,4.1,2.0
401704776,POR,4431736,26.0,5.1,4.0
401704776,POR,4432446,7.0,1.8,0.3
401704776,POR,4594326,12.0,4.8,3.8
401704776,POR,4683021,13.0,-1.4,-2.0
401704776,POR,4683678,26.0,4.0,3.5
401704776,POR,4914336,19.0,2.5,2.2
401704776,POR,5099752,15.0,-0.1,-0.3
401704776,POR,5105565,17.0,9.9,8.8
401704777,LAL,1966,35.0,24.6,21.2
401704777,LAL,6583,26.0,23.7,20.8
401704777,LAL,3136776,27.0,9.6,8.0
401704777,LAL,3137259,18.0,2.2,1.3
401704777,LAL,4066457,33.0,22.6,22.9
401704777,LAL,4066648,32.0,1.7,-0.8
401704777,LAL,4395627,29.0,10.0,9.5
401704777,LAL,4397077,21.0,11.4,11.4
401704777,LAL,4432582,2.0,4.0,2.7
401704777,LAL,4683774,2.0,-0.4,0.0
401704777,LAL,4684286,2.0,0.0,0.0
401704777,LAL,4897943,15.0,4.7,4.4
401704777,TOR,3134908,31.0,14.2,13.0
401704777,TOR,3948153,20.0,18.1,16.2
401704777,TOR,4277952,10.0,3.3,3.4
401704777,TOR,4278053,19.0,1.8,2.8
401704777,TOR,4395625,36.0,8.4,7.5
401704777,TOR,4395724,27.0,4.0,4.9
401704777,TOR,4397018,33.0,13.5,12.5
401704777,TOR,4431893,13.0,-0.3,-0.6
401704777,TOR,4432241,9.0,-3.1,-2.7
401704777,TOR,5106258,33.0,9.6,10.1
401704777,TOR,5107897,8.0,2.9,2.7
401704778,CHI,6478,35.0,16.3,13.2
401704778,CHI,3064440,36.0,17.5,16.5
401704778,CHI,4395651,37.0,18.1,12.1
401704778,CHI,4396991,1.0,-0.8,0.0
401704778,CHI,4397002,31.0,8.1,7.6
401704778,CHI,4431687,36.0,10.7,6.7
401704778,CHI,4433159,15.0,1.8,2.4
401704778,CHI,4702023,5.0,1.4,1.4
401704778,CHI,4711294,4.0,-1.8,-1.7
401704778,CHI,4871145,31.0,16.9,14.7
401704778,CHI,5105553,10.0,0.3,-1.0
401704778,CLE,2990969,17.0,9.5,8.4
401704778,CLE,2991043,24.0,10.6,9.0
401704778,CLE,3908809,35.0,29.6,24.3
401704778,CLE,3912848,19.0,4.5,1.9
401704778,CLE,4065733,21.0,13.7,11.3
401704778,CLE,4066328,26.0,8.9,7.0
401704778,CLE,4066757,18.0,-3.3,-2.4
401704778,CLE,4396907,30.0,14.2,10.7
401704778,CLE,4432158,31.0,14.1,12.3
401704778,CLE,4432822,19.0,2.9,2.0
401704779,HOU,2991235,15.0,0.2,-0.2
401704779,HOU,3136777,2.0,-0.4,-0.7
401704779,HOU,3155526,33.0,4.9,2.7
401704779,HOU,3911893,2.0,0.0,0.0
401704779,HOU,3922230,17.0,7.5,8.4
401704779,HOU,4432639,32.0,8.6,6.2
401704779,HOU,4433192,26.0,9.8,4.4
401704779,HOU,4437244,37.0,8.9,6.7
401704779,HOU,4684740,28.0,14.1,7.2
401704779,HOU,4711272,17.0,5.6,4.7
401704779,HOU,4871144,31.0,28.2,23.5
401704779,WAS,6477,17.0,12.3,10.2
401704779,WAS,2581184,2.0,0.0,0.0
401704779,WAS,3134907,24.0,6.2,5.2
401704779,WAS,4277848,2.0,0.0,-0.3
401704779,WAS,4277956,34.0,3.7,-0.6
401704779,WAS,4280151,34.0,5.4,3.3
401704779,WAS,4395695,5.0,3.0,3.0
401704779,WAS,4432356,2.0,3.4,3.4
401704779,WAS,4433246,2.0,0.0,0.0
401704779,WAS,4845374,31.0,15.4,10.2
401704779,WAS,5104155,35.0,8.0,5.7
401704779,WAS,5160992,28.0,1.8,0.4
401704779,WAS,5174563,25.0,4.8,5.0
401704780,BKN,3032979,32.0,9.2,8.3
401704780,BKN,3138196,31.0,9.2,8.0
401704780,BKN,3907387,22.0,11.8,9.8
401704780,BKN,4278067,32.0,14.1,11.9
401704780,BKN,4431714,23.0,4.1,5.3
401704780,BKN,4432174,33.0,12.5,10.4
401704780,BKN,4432192,18.0,4.6,3.7
401704780,BKN,4433137,28.0,6.8,4.2
401704780,BKN,4712896,20.0,11.2,10.4
401704780,NOP,2451037,9.0,4.3,3.4
401704780,NOP,2596112,27.0,8.4,5.0
401704780,NOP,3913176,35.0,15.6,14.2
401704780,NOP,4277869,18.0,-0.9,-1.1
401704780,NOP,4278541,22.0,11.8,11.9
401704780,NOP,4395623,9.0,5.4,3.8
401704780,NOP,4397688,26.0,2.3,1.2
401704780,NOP,4432162,35.0,9.4,5.8
401704780,NOP,4432813,20.0,15.2,13.9
401704780,NOP,4592686,8.0,3.7,1.7
401704780,NOP,5061589,30.0,21.0,17.3
401704781,LAC,3416,12.0,2.7,1.4
401704781,LAC,3992,37.0,11.9,11.5
401704781,LAC,2595516,37.0,24.7,23.5
401704781,LAC,2991139,28.0,10.8,11.9
401704781,LAC,3907823,18.0,1.9,1.3
401704781,LAC,3936099,33.0,16.1,15.6
401704781,LAC,4017837,34.0,19.9,15.2
401704781,LAC,4066387,27.0,10.5,9.8
401704781,LAC,4397140,14.0,6.0,5.0
401704781,OKC,2991350,20.0,8.4,8.4
401704781,OKC,3133626,6.0,2.3,2.7
401704781,OKC,4278073,39.0,46.5,40.4
401704781,OKC,4395702,31.0,12.7,9.1
401704781,OKC,4397020,35.0,10.3,9.7
401704781,OKC,4397183,29.0,11.5,10.6
401704781,OKC,4593803,35.0,27.0,24.8
401704781,OKC,4683692,20.0,0.2,-1.7
401704781,OKC,4702159,6.0,0.2,0.0
401704781,OKC,4900671,11.0,-1.1,-1.0
401704781,OKC,4997526,9.0,4.0,2.7
401704782,SAC,3978,38.0,22.3,18.2
401704782,SAC,2528588,13.0,1.2,1.6
401704782,SAC,2596107,1.0,0.0,0.0
401704782,SAC,3134916,9.0,4.4,3.4
401704782,SAC,3136196,27.0,7.6,5.0
401704782,SAC,3155942,36.0,18.1,15.7
401704782,SAC,4066259,36.0,17.0,16.1
401704782,SAC,4066372,24.0,2.5,-1.4
401704782,SAC,4395704,1.0,0.0,0.0
401704782,SAC,4433378,1.0,-1.0,-1.0
401704782,SAC,4594327,29.0,0.1,-0.4
401704782,SAC,4702177,23.0,-0.2,-1.8
401704782,SAC,5107818,1.0,0.0,0.0
401704782,SAS,2779,30.0,18.9,15.8
401704782,SAS,6578,30.0,8.5,7.4
401704782,SAS,4066650,13.0,1.2,1.0
401704782,SAS,4278580,16.0,5.9,5.7
401704782,SAS,4395630,21.0,9.7,9.4
401704782,SAS,4395723,25.0,5.9,5.4
401704782,SAS,4397886,1.0,2.7,1.7
401704782,SAS,4592479,27.0,7.7,7.0
401704782,SAS,4683935,11.0,-1.7,-2.0
401704782,SAS,4845367,31.0,8.0,5.8
401704782,SAS,5081727,1.0,0.0,0.0
401704782,SAS,5104157,34.0,33.5,27.8
401704783,IND,2530530,15.0,1.7,-0.7
401704783,IND,3133628,34.0,6.6,4.2
401704783,IND,3149673,39.0,19.8,19.6
401704783,IND,4278355,19.0,2.9,1.7
401704783,IND,4396993,40.0,4.0,4.1
401704783,IND,4433076,26.0,4.5,3.0
401704783,IND,4592699,2.0,-0.7,-0.7
401704783,IND,4683634,35.0,13.7,10.2
401704783,IND,5106060,23.0,6.4,1.7
401704783,IND,5157066,9.0,5.4,4.4
401704783,ORL,2581018,34.0,7.4,7.1
401704783,ORL,3150844,18.0,1.5,2.4
401704783,ORL,4065654,22.0,11.0,7.1
401704783,ORL,4348700,28.0,14.0,11.4
401704783,ORL,4432165,38.0,-0.4,-2.9
401704783,ORL,4432809,5.0,0.9,0.3
401704783,ORL,4566434,37.0,21.2,18.6
401704783,ORL,4702382,21.0,4.8,3.7
401704783,ORL,4712849,25.0,11.4,5.5
401704783,ORL,5105806,14.0,5.0,5.1
401704784,BKN,3032979,31.0,13.1,12.1
401704784,BKN,3138196,26.0,5.8,6.1
401704784,BKN,3915195,24.0,10.3,10.3
401704784,BKN,4278067,24.0,2.8,1.7
401704784,BKN,4397179,17.0,1.6,1.6
401704784,BKN,4431714,22.0,13.0,11.6
401704784,BKN,4432174,28.0,12.1,11.4
401704784,BKN,4432192,23.0,7.5,5.3
401704784,BKN,4433137,26.0,18.0,15.7
401704784,BKN,4712896,18.0,5.0,6.0
401704784,BOS,3995,32.0,18.2,13.6
401704784,BOS,3064560,27.0,9.8,8.9
401704784,BOS,3078576,22.0,2.5,3.0
401704784,BOS,3917376,36.0,20.1,16.9
401704784,BOS,4065648,35.0,34.6,33.4
401704784,BOS,4065804,26.0,10.2,8.0
401704784,BOS,4066354,36.0,25.0,22.3
401704784,BOS,4277964,2.0,0.0,0.0
401704784,BOS,4397424,21.0,6.9,7.5
401704784,BOS,4397689,2.0,0.7,0.7
401704784,BOS,4683689,2.0,3.3,2.7
401704785,CHI,6478,34.0,18.5,15.0
401704785,CHI,3064440,36.0,27.1,23.0
401704785,CHI,4395651,36.0,12.7,13.0
401704785,CHI,4397002,25.0,17.6,15.6
401704785,CHI,4397189,14.0,-2.3,-2.7
401704785,CHI,4431687,33.0,18.7,15.5
401704785,CHI,4433159,10.0,3.3,3.0
401704785,CHI,4711294,12.0,3.5,0.2
401704785,CHI,4871145,28.0,4.7,3.8
401704785,CHI,5105553,11.0,4.3,4.4
401704785,NYK,3062679,34.0,8.0,8.0
401704785,NYK,3064230,17.0,13.3,11.2
401704785,NYK,3136195,39.0,33.1,29.4
401704785,NYK,3147657,43.0,16.0,13.2
401704785,NYK,3908336,5.0,-0.7,-0.7
401704785,NYK,3934672,34.0,16.5,17.1
401704785,NYK,3934719,36.0,9.7,7.0
401704785,NYK,4277922,9.0,2.8,2.5
401704785,NYK,4431823,23.0,0.3,0.0
401704786,CLE,2990969,16.0,4.5,3.6
401704786,CLE,2991043,25.0,5.5,3.3
401704786,CLE,3908809,34.0,24.5,19.6
401704786,CLE,3912848,20.0,4.6,5.4
401704786,CLE,4065733,13.0,4.6,5.8
401704786,CLE,4066328,32.0,12.7,8.4
401704786,CLE,4396907,34.0,20.1,20.0
401704786,CLE,4432158,34.0,10.2,8.1
401704786,CLE,4432822,20.0,7.4,6.0
401704786,CLE,4701233,11.0,3.0,2.7
401704786,PHI,3012,17.0,-0.9,-1.4
401704786,PHI,3431,12.0,4.6,3.0
401704786,PHI,6443,27.0,13.7,11.9
401704786,PHI,3133603,34.0,16.3,14.8
401704786,PHI,3138160,34.0,15.3,11.5
401704786,PHI,4017844,31.0,11.2,8.8
401704786,PHI,4066786,4.0,0.3,0.0
401704786,PHI,4431828,15.0,-4.4,-3.1
401704786,PHI,4683778,38.0,26.8,24.6
401704786,PHI,4701234,11.0,-2.1,-2.1
401704786,PHI,5105637,17.0,5.1,3.8
401704787,NOP,2596112,26.0,-2.1,-3.3
401704787,NOP,3913176,35.0,7.2,5.8
401704787,NOP,4278541,26.0,3.7,2.2
401704787,NOP,4278572,19.0,10.0,9.5
401704787,NOP,4395623,18.0,6.5,5.1
401704787,NOP,4397688,26.0,7.0,7.6
401704787,NOP,4432162,31.0,5.1,1.8
401704787,NOP,4432813,24.0,1.4,1.3
401704787,NOP,4592686,8.0,4.0,3.7
401704787,NOP,5061589,26.0,13.5,11.7
401704787,OKC,3133626,14.0,6.7,6.1
401704787,OKC,4278073,33.0,22.3,17.4
401704787,OKC,4395702,22.0,-2.0,-3.5
401704787,OKC,4397020,32.0,10.3,7.9
401704787,OKC,4397183,24.0,6.9,7.1
401704787,OKC,4397654,3.0,2.7,2.7
401704787,OKC,4593803,31.0,32.5,26.0
401704787,OKC,4683692,28.0,7.0,1.6
401704787,OKC,4702159,8.0,-0.5,-0.4
401704787,OKC,4897449,3.0,0.0,0.0
401704787,OKC,4900671,26.0,7.9,6.1
401704787,OKC,4997526,16.0,-0.6,0.3
401704788,HOU,2991230,34.0,10.8,5.9
401704788,HOU,3146557,17.0,9.4,6.9
401704788,HOU,3155526,30.0,11.4,11.4
401704788,HOU,4432639,21.0,3.3,3.0
401704788,HOU,4433192,26.0,16.9,12.5
401704788,HOU,4437244,36.0,10.1,9.9
401704788,HOU,4684740,34.0,20.9,17.9
401704788,HOU,4711272,11.0,2.2,1.0
401704788,HOU,4871144,30.0,13.3,8.6
401704788,LAC,3416,14.0,1.6,1.3
401704788,LAC,3992,31.0,18.8,14.4
401704788,LAC,2595516,33.0,2.4,1.5
401704788,LAC,2991139,31.0,12.2,10.6
401704788,LAC,3907823,24.0,15.7,10.5
401704788,LAC,3936099,22.0,10.1,8.8
401704788,LAC,4017837,27.0,7.4,5.3
401704788,LAC,4066387,26.0,3.5,3.6
401704788,LAC,4396818,12.0,4.6,4.7
401704788,LAC,4397140,6.0,-1.9,-0.7
401704788,LAC,4431752,8.0,4.3,3.4
401704788,LAC,4592492,5.0,3.3,3.3
401704789,DET,6440,44.0,8.6,4.6
401704789,DET,3907822,44.0,21.5,19.9
401704789,DET,4278562,8.0,-1.2,0.0
401704789,DET,4432107,25.0,10.8,9.1
401704789,DET,4432166,43.0,23.5,19.5
401704789,DET,4432810,14.0,7.6,7.1
401704789,DET,4433621,34.0,8.5,9.0
401704789,DET,4592187,23.0,6.2,5.4
401704789,DET,4683771,29.0,8.4,6.6
401704789,MIL,3448,40.0,26.8,20.0
401704789,MIL,2578239,24.0,3.3,2.0
401704789,MIL,2990962,45.0,10.9,9.0
401704789,MIL,3032977,44.0,54.2,47.2
401704789,MIL,3064447,27.0,5.0,2.5
401704789,MIL,4277843,34.0,11.9,9.1
401704789,MIL,4397475,21.0,-0.8,-1.4
401704789,MIL,4432190,31.0,2.4,2.4
401704790,SAS,2779,29.0,15.5,12.0
401704790,SAS,6578,30.0,11.5,10.1
401704790,SAS,4066650,16.0,8.6,7.9
401704790,SAS,4395630,25.0,10.6,8.3
401704790,SAS,4395723,23.0,7.7,7.3
401704790,SAS,4565201,13.0,6.1,5.8
401704790,SAS,4592479,33.0,11.1,9.0
401704790,SAS,4683935,13.0,9.8,8.9
401704790,SAS,4845367,27.0,8.3,8.1
401704790,SAS,5104157,32.0,40.2,36.8
401704790,WAS,6477,22.0,16.5,13.9
401704790,WAS,3134907,25.0,2.0,1.4
401704790,WAS,4277956,33.0,34.4,33.8
401704790,WAS,4280151,33.0,15.4,15.5
401704790,WAS,4432907,1.0,0.0,0.0
401704790,WAS,4845374,30.0,4.7,4.8
401704790,WAS,5104155,38.0,7.7,5.3
401704790,WAS,5160992,26.0,5.9,4.7
401704790,WAS,5174563,32.0,12.6,11.5
401704791,LAL,1966,37.0,31.6,28.1
401704791,LAL,6583,32.0,16.0,12.3
401704791,LAL,3136776,20.0,3.1,3.3
401704791,LAL,3137259,13.0,-5.0,-4.2
401704791,LAL,4066457,36.0,10.6,10.6
401704791,LAL,4066648,36.0,21.8,19.3
401704791,LAL,4395627,23.0,4.8,2.2
401704791,LAL,4431778,13.0,2.3,1.4
401704791,LAL,4897943,31.0,17.3,17.3
401704791,MEM,2990992,23.0,14.4,13.2
401704791,MEM,3134932,11.0,1.6,1.4
401704791,MEM,3913174,26.0,11.3,11.5
401704791,MEM,4065731,13.0,3.8,1.5
401704791,MEM,4277961,33.0,20.5,18.0
401704791,MEM,4431785,32.0,11.1,7.7
401704791,MEM,4592691,20.0,10.3,10.5
401704791,MEM,4593125,29.0,16.9,12.8
401704791,MEM,4600663,26.0,9.6,9.1
401704791,MEM,5112087,27.0,4.5,4.4
401704792,MIN,3032976,34.0,11.2,11.5
401704792,MIN,3064514,37.0,15.3,14.0
401704792,MIN,3934673,22.0,-1.6,-2.5
401704792,MIN,4278039,32.0,10.6,6.1
401704792,MIN,4396971,28.0,11.4,10.3
401704792,MIN,4431671,34.0,5.7,2.6
401704792,MIN,4594268,40.0,15.4,10.3
401704792,MIN,4684275,9.0,-1.0,-1.0
401704792,MIN,4687718,4.0,0.2,1.0
401704792,POR,2991070,35.0,3.0,1.2
401704792,POR,4066268,8.0,-0.8,-0.7
401704792,POR,4397885,24.0,14.7,11.8
401704792,POR,4431736,35.0,10.2,6.8
401704792,POR,4432446,2.0,-1.5,-1.0
401704792,POR,4594326,20.0,5.9,4.1
401704792,POR,4683021,18.0,3.6,1.6
401704792,POR,4683678,27.0,6.5,4.1
401704792,POR,4914336,36.0,20.4,19.7
401704792,POR,5099752,3.0,-1.0,-1.0
401704792,POR,5105565,31.0,22.5,16.3
401704793,PHX,2488653,12.0,-3.1,-3.5
401704793,PHX,2583632,22.0,1.3,-0.1
401704793,PHX,2595209,11.0,1.3,1.3
401704793,PHX,3059310,13.0,8.7,8.1
401704793,PHX,3102530,22.0,4.3,0.3
401704793,PHX,3135046,31.0,10.5,10.5
401704793,PHX,3136193,31.0,13.0,10.7
401704793,PHX,4065663,28.0,25.2,23.0
401704793,PHX,4397102,6.0,4.7,4.7
401704793,PHX,4432946,6.0,-1.5,-1.8
401704793,PHX,4601023,15.0,5.3,3.0
401704793,PHX,4683749,16.0,6.0,5.7
401704793,PHX,4888725,28.0,6.3,5.2
401704793,SAC,3978,17.0,5.0,1.8
401704793,SAC,2528588,15.0,-0.5,-2.1
401704793,SAC,2596107,5.0,4.7,4.8
401704793,SAC,3134916,15.0,10.0,9.1
401704793,SAC,3136196,22.0,13.7,12.2
401704793,SAC,3155942,30.0,12.0,9.4
401704793,SAC,4066259,32.0,28.4,25.4
401704793,SAC,4066372,37.0,19.7,16.4
401704793,SAC,4395704,3.0,2.4,2.8
401704793,SAC,4433378,3.0,4.0,4.4
401704793,SAC,4594327,33.0,12.5,12.5
401704793,SAC,4702177,26.0,4.9,4.1
401704793,SAC,5107818,3.0,3.7,3.4
401704794,DAL,6475,28.0,7.5,5.9
401704794,DAL,2531367,13.0,2.7,1.8
401704794,DAL,2580782,16.0,0.6,-2.7
401704794,DAL,2960236,17.0,0.8,1.6
401704794,DAL,3945274,38.0,31.5,28.7
401704794,DAL,4278049,19.0,10.0,8.7
401704794,DAL,4278594,34.0,16.2,14.0
401704794,DAL,4397014,36.0,13.4,12.8
401704794,DAL,4683688,17.0,5.8,3.7
401704794,DAL,4868423,22.0,4.9,2.4
401704794,UTA,2528426,30.0,16.0,15.8
401704794,UTA,3908845,36.0,22.4,20.3
401704794,UTA,3914285,17.0,7.2,4.7
401704794,UTA,4066336,24.0,9.7,10.1
401704794,UTA,4277811,31.0,12.6,11.9
401704794,UTA,4432817,7.0,-0.8,-1.4
401704794,UTA,4433627,31.0,11.4,10.2
401704794,UTA,4683766,18.0,0.6,-2.6
401704794,UTA,4684793,30.0,12.5,11.1
401704794,UTA,4895758,15.0,1.4,1.3
401704795,CHA,2326307,5.0,2.7,2.7
401704795,CHA,3138161,23.0,4.0,4.2
401704795,CHA,4066218,30.0,3.8,2.6
401704795,CHA,4066383,27.0,16.3,13.8
401704795,CHA,4432811,29.0,19.0,15.6
401704795,CHA,4432816,36.0,18.9,18.4
401704795,CHA,4432819,21.0,7.2,7.1
401704795,CHA,4433249,25.0,18.1,14.2
401704795,CHA,4433287,34.0,6.0,3.2
401704795,CHA,5211176,10.0,2.3,2.0
401704795,MIL,3448,30.0,1.6,0.6
401704795,MIL,2578239,21.0,8.1,7.1
401704795,MIL,2990962,35.0,20.2,19.7
401704795,MIL,3032977,33.0,22.9,18.4
401704795,MIL,3064447,33.0,8.6,5.3
401704795,MIL,3064482,24.0,17.5,16.4
401704795,MIL,4277843,18.0,9.7,6.7
401704795,MIL,4397475,13.0,0.2,1.0
401704795,MIL,4432190,33.0,8.1,9.1
401704796,BOS,3213,32.0,15.4,13.5
401704796,BOS,3064560,17.0,7.0,5.9
401704796,BOS,3078576,41.0,11.5,9.6
401704796,BOS,3917376,43.0,21.8,21.9
401704796,BOS,4065648,42.0,19.9,17.8
401704796,BOS,4065804,25.0,8.2,8.3
401704796,BOS,4066354,24.0,1.1,1.9
401704796,BOS,4397424,33.0,14.1,13.0
401704796,BOS,4683689,8.0,2.9,3.4
401704796,TOR,3134908,37.0,31.9,29.9
401704796,TOR,3948153,20.0,14.5,14.6
401704796,TOR,4277952,9.0,2.4,2.1
401704796,TOR,4278053,32.0,12.3,12.3
401704796,TOR,4395625,42.0,20.7,17.6
401704796,TOR,4397018,39.0,9.1,7.0
401704796,TOR,4431893,11.0,3.4,3.4
401704796,TOR,4432241,21.0,1.8,2.7
401704796,TOR,5106258,37.0,4.9,5.0
401704796,TOR,5107897,17.0,2.7,3.0
401704797,LAL,1966,37.0,11.9,10.4
401704797,LAL,6583,37.0,26.6,21.8
401704797,LAL,3136776,21.0,4.9,4.8
401704797,LAL,3137259,22.0,0.6,0.7
401704797,LAL,4066457,41.0,7.2,6.3
401704797,LAL,4431778,11.0,9.8,7.9
401704797,LAL,4432582,30.0,2.5,0.3
401704797,LAL,4897943,37.0,25.0,21.9
401704797,LAL,5104156,4.0,-0.8,-0.7
401704797,NOP,2596112,31.0,8.7,6.8
401704797,NOP,3913176,38.0,22.2,18.8
401704797,NOP,4278541,35.0,9.8,7.6
401704797,NOP,4278572,21.0,4.7,4.7
401704797,NOP,4395623,19.0,6.8,6.4
401704797,NOP,4432162,36.0,8.3,6.4
401704797,NOP,4432813,33.0,8.1,7.8
401704797,NOP,5061589,29.0,8.5,6.8
401704798,DAL,6442,28.0,19.9,16.6
401704798,DAL,6461,5.0,-0.5,-1.1
401704798,DAL,6475,19.0,4.7,4.7
401704798,DAL,2531367,9.0,1.1,0.7
401704798,DAL,2580782,9.0,0.0,0.0
401704798,DAL,2960236,12.0,2.6,1.7
401704798,DAL,3945274,28.0,9.6,8.0
401704798,DAL,4278049,18.0,24.9,21.4
401704798,DAL,4278078,19.0,3.2,0.0
401704798,DAL,4278594,18.0,4.4,4.0
401704798,DAL,4397014,22.0,3.0,2.1
401704798,DAL,4397040,6.0,-1.1,-1.4
401704798,DAL,4595400,7.0,5.3,4.4
401704798,DAL,4683688,21.0,7.4,4.4
401704798,DAL,4868423,19.0,7.7,8.0
401704798,SAS,2779,25.0,9.5,7.1
401704798,SAS,6578,24.0,1.5,0.9
401704798,SAS,4066650,26.0,15.0,12.7
401704798,SAS,4278580,17.0,14.2,11.7
401704798,SAS,4395626,19.0,1.4,1.7
401704798,SAS,4395723,21.0,8.4,3.6
401704798,SAS,4397886,22.0,2.9,-1.0
401704798,SAS,4565201,9.0,-0.2,-0.4
401704798,SAS,4592479,25.0,7.4,6.5
401704798,SAS,4683935,18.0,3.7,3.7
401704798,SAS,4845367,28.0,10.0,8.1
401704798,SAS,5081727,6.0,-0.9,-0.8
401704799,SAC,2528588,19.0,2.0,1.9
401704799,SAC,2596107,13.0,10.5,10.3
401704799,SAC,3134916,22.0,6.9,5.8
401704799,SAC,3136196,35.0,12.6,11.8
401704799,SAC,4066259,36.0,36.4,34.7
401704799,SAC,4066372,34.0,9.5,8.6
401704799,SAC,4395704,8.0,2.3,1.4
401704799,SAC,4593049,12.0,4.9,5.4
401704799,SAC,4594327,39.0,3.2,2.7
401704799,SAC,4702177,10.0,-3.5,-2.7
401704799,SAC,5107818,12.0,5.5,6.1
401704799,UTA,2528426,30.0,10.8,6.9
401704799,UTA,3908845,32.0,15.9,11.5
401704799,UTA,3914285,16.0,4.1,3.3
401704799,UTA,4066336,35.0,21.0,19.8
401704799,UTA,4277811,29.0,9.8,11.9
401704799,UTA,4432817,8.0,-3.1,-2.7
401704799,UTA,4433627,31.0,16.0,15.5
401704799,UTA,4683766,19.0,7.6,7.8
401704799,UTA,4684793,28.0,11.6,6.8
401704799,UTA,4895758,11.0,-1.2,0.0
401704800,MIN,3195,30.0,5.9,2.7
401704800,MIN,3032976,37.0,11.6,7.8
401704800,MIN,3064514,34.0,28.7,27.6
401704800,MIN,3934673,26.0,10.9,11.4
401704800,MIN,4278039,20.0,6.5,5.5
401704800,MIN,4396971,22.0,8.5,7.3
401704800,MIN,4431671,27.0,11.3,8.6
401704800,MIN,4594268,39.0,21.4,20.0
401704800,MIN,4684275,6.0,-2.4,-2.4
401704800,PHX,2488653,29.0,4.0,3.9
401704800,PHX,2583632,25.0,6.4,3.7
401704800,PHX,3059310,11.0,4.4,3.1
401704800,PHX,3102530,14.0,3.7,3.4
401704800,PHX,3135045,24.0,13.2,12.8
401704800,PHX,3135046,37.0,18.2,14.4
401704800,PHX,3136193,40.0,32.3,32.3
401704800,PHX,4065663,16.0,6.0,5.1
401704800,PHX,4601023,26.0,7.5,8.1
401704800,PHX,4888725,18.0,-3.0,-2.8
401704801,IND,2530530,23.0,8.8,7.9
401704801,IND,3133628,40.0,28.1,25.3
401704801,IND,3149673,35.0,18.8,19.0
401704801,IND,4278355,18.0,6.3,5.1
401704801,IND,4396993,38.0,19.5,18.3
401704801,IND,4433076,26.0,-0.0,-0.4
401704801,IND,4592829,7.0,-0.5,0.0
401704801,IND,4683634,37.0,23.2,18.2
401704801,IND,5106060,16.0,4.4,0.9
401704801,MIA,3449,12.0,5.8,4.0
401704801,MIA,2581190,24.0,5.9,5.1
401704801,MIA,3074752,27.0,4.9,5.7
401704801,MIA,3157465,31.0,17.0,16.9
401704801,MIA,4066261,40.0,18.4,18.2
401704801,MIA,4291678,22.0,-3.9,-4.1
401704801,MIA,4395725,38.0,22.2,20.4
401704801,MIA,4432848,15.0,0.9,-0.3
401704801,MIA,4997528,31.0,11.4,10.3
401704802,CHA,2326307,9.0,1.9,0.6
401704802,CHA,3102532,14.0,7.0,7.8
401704802,CHA,3138161,25.0,7.3,3.7
401704802,CHA,4066218,35.0,15.5,13.9
401704802,CHA,4066383,27.0,21.6,17.6
401704802,CHA,4397119,2.0,-1.4,-1.0
401704802,CHA,4432811,29.0,14.2,14.2
401704802,CHA,4432816,35.0,17.8,18.5
401704802,CHA,4433249,12.0,4.7,3.1
401704802,CHA,4433287,35.0,8.9,6.9
401704802,CHA,4683686,2.0,0.0,0.0
401704802,CHA,5211176,15.0,1.0,-0.7
401704802,CLE,2990969,26.0,5.3,4.7
401704802,CLE,2991043,32.0,0.3,1.7
401704802,CLE,3912848,15.0,1.4,1.0
401704802,CLE,4065733,32.0,21.3,20.7
401704802,CLE,4066328,31.0,23.9,18.9
401704802,CLE,4396907,30.0,23.7,23.0
401704802,CLE,4432158,34.0,17.8,14.9
401704802,CLE,4432822,14.0,3.7,4.1
401704802,CLE,4683747,2.0,0.0,0.0
401704802,CLE,4701233,21.0,8.2,6.1
401704802,CLE,4702233,2.0,2.4,1.7
401704802,CLE,4997539,2.0,-0.7,-1.0
401704803,DET,6440,28.0,11.8,9.0
401704803,DET,3899664,22.0,3.4,3.3
401704803,DET,3907822,29.0,21.8,20.2
401704803,DET,4278562,4.0,-0.4,-0.7
401704803,DET,4432107,13.0,2.2,2.6
401704803,DET,4432166,31.0,27.0,19.7
401704803,DET,4432810,25.0,8.5,7.1
401704803,DET,4433218,30.0,23.5,22.7
401704803,DET,4433621,18.0,10.3,8.7
401704803,DET,4592187,24.0,5.7,3.4
401704803,DET,4683771,15.0,-3.3,-3.1
401704803,WAS,6477,20.0,11.0,8.0
401704803,WAS,2566769,22.0,-2.6,-3.2
401704803,WAS,2581184,4.0,0.0,0.0
401704803,WAS,3134907,29.0,13.9,13.5
401704803,WAS,4277848,4.0,1.0,0.7
401704803,WAS,4277956,27.0,14.2,15.5
401704803,WAS,4280151,22.0,6.6,4.7
401704803,WAS,4395695,4.0,2.7,2.7
401704803,WAS,4432356,4.0,-0.4,-0.7
401704803,WAS,4433246,4.0,0.5,0.6
401704803,WAS,4845374,25.0,10.3,7.8
401704803,WAS,5104155,26.0,12.5,9.4
401704803,WAS,5160992,24.0,0.0,-0.8
401704803,WAS,5174563,26.0,2.5,2.1
401704804,DEN,3442,14.0,2.9,2.7
401704804,DEN,3468,23.0,7.1,4.9
401704804,DEN,3032978,32.0,12.1,8.1
401704804,DEN,3936299,37.0,9.2,4.5
401704804,DEN,4230557,13.0,-0.5,0.7
401704804,DEN,4278104,27.0,2.4,1.9
401704804,DEN,4395620,1.0,-0.7,-0.7
401704804,DEN,4431690,1.0,-0.7,-1.0
401704804,DEN,4431767,34.0,11.3,9.4
401704804,DEN,4432181,25.0,16.1,14.0
401704804,DEN,4433268,1.0,0.0,0.0
401704804,DEN,4576087,28.0,8.3,5.4
401704804,DEN,4701225,1.0,0.0,0.0
401704804,MEM,3906665,22.0,8.5,6.8
401704804,MEM,3913174,26.0,7.6,7.1
401704804,MEM,4065731,12.0,8.8,7.8
401704804,MEM,4066320,29.0,11.5,8.2
401704804,MEM,4277961,31.0,17.3,13.4
401704804,MEM,4397227,14.0,0.8,2.1
401704804,MEM,4431785,26.0,8.1,5.0
401704804,MEM,4592691,20.0,9.8,7.5
401704804,MEM,4593125,20.0,6.7,3.4
401704804,MEM,4600663,14.0,8.2,5.4
401704804,MEM,5112087,26.0,7.5,6.9
401704805,ATL,2580365,11.0,2.3,0.0
401704805,ATL,3102529,20.0,9.5,8.1
401704805,ATL,3913180,11.0,3.6,3.3
401704805,ATL,4277905,38.0,21.3,20.9
401704805,ATL,4279118,17.0,-1.6,-1.7
401704805,ATL,4431680,28.0,11.9,7.4
401704805,ATL,4578893,21.0,8.3,7.5
401704805,ATL,4701230,37.0,18.9,15.0
401704805,ATL,4869342,36.0,5.9,3.1
401704805,ATL,5211175,21.0,8.2,8.1
401704805,POR,2991070,28.0,6.7,4.3
401704805,POR,4066211,25.0,15.9,12.7
401704805,POR,4397885,26.0,14.0,11.8
401704805,POR,4431736,35.0,5.1,2.4
401704805,POR,4594326,8.0,2.8,1.5
401704805,POR,4683021,25.0,15.7,11.9
401704805,POR,4683678,30.0,3.7,3.2
401704805,POR,4914336,32.0,22.6,20.2
401704805,POR,5099752,10.0,1.6,1.7
401704805,POR,5105565,22.0,9.7,6.9
401704806,BKN,2578185,28.0,13.4,13.2
401704806,BKN,3032979,31.0,5.2,5.3
401704806,BKN,3138196,31.0,21.0,19.9
401704806,BKN,3907387,22.0,1.2,0.5
401704806,BKN,3915195,1.0,0.0,0.0
401704806,BKN,4397179,1.0,3.0,2.7
401704806,BKN,4431675,13.0,3.9,3.4
401704806,BKN,4431714,25.0,12.5,12.1
401704806,BKN,4432174,33.0,11.7,9.5
401704806,BKN,4432192,11.0,-0.1,0.0
401704806,BKN,4433137,24.0,3.2,3.5
401704806,BKN,4712896,17.0,8.0,9.0
401704806,BKN,5159486,1.0,-0.7,-0.7
401704806,NYK,3062679,46.0,20.7,18.7
401704806,NYK,3064230,17.0,8.7,9.5
401704806,NYK,3136195,30.0,27.8,24.8
401704806,NYK,3147657,45.0,15.2,13.1
401704806,NYK,3934672,34.0,8.9,7.3
401704806,NYK,3934719,40.0,17.6,17.0
401704806,NYK,4277922,18.0,3.1,2.4
401704806,NYK,5211983,10.0,-0.5,-0.7
401704807,CHI,6478,25.0,5.7,4.7
401704807,CHI,2528693,11.0,3.2,2.6
401704807,CHI,3064440,26.0,14.0,11.0
401704807,CHI,3133635,14.0,5.8,3.3
401704807,CHI,4395651,25.0,6.7,6.1
401704807,CHI,4396991,10.0,9.3,9.7
401704807,CHI,4397002,24.0,6.6,6.8
401704807,CHI,4397189,15.0,5.5,3.0
401704807,CHI,4431687,16.0,-0.5,-0.8
401704807,CHI,4433159,12.0,2.9,1.0
401704807,CHI,4592402,12.0,4.6,4.7
401704807,CHI,4711294,16.0,4.1,3.3
401704807,CHI,4871145,21.0,9.5,7.1
401704807,CHI,5105553,12.0,-2.3,-2.1
401704807,HOU,3209,13.0,-0.2,-0.4
401704807,HOU,2991230,28.0,28.4,25.0
401704807,HOU,3136777,6.0,6.1,5.5
401704807,HOU,3146557,16.0,4.9,2.7
401704807,HOU,3155526,28.0,11.9,9.4
401704807,HOU,3911893,5.0,0.3,-0.4
401704807,HOU,3922230,7.0,0.8,0.2
401704807,HOU,4397821,5.0,4.0,2.7
401704807,HOU,4432639,24.0,8.7,7.7
401704807,HOU,4433192,18.0,-1.0,-1.5
401704807,HOU,4437244,23.0,17.0,14.5
401704807,HOU,4684740,22.0,18.1,15.9
401704807,HOU,4711272,19.0,10.7,8.4
401704807,HOU,4871144,26.0,24.5,21.8
401704808,DAL,6442,36.0,17.1,17.9
401704808,DAL,6475,25.0,1.3,-2.3
401704808,DAL,2531367,4.0,0.6,0.6
401704808,DAL,2580782,17.0,8.1,7.0
401704808,DAL,2960236,14.0,-2.3,-1.3
401704808,DAL,4278049,18.0,8.4,7.3
401704808,DAL,4278078,28.0,29.3,25.3
401704808,DAL,4278594,27.0,10.1,9.9
401704808,DAL,4397014,21.0,7.4,7.7
401704808,DAL,4683688,26.0,6.5,5.1
401704808,DAL,4868423,24.0,8.5,7.8
401704808,OKC,3133626,18.0,4.6,3.0
401704808,OKC,4278073,38.0,35.3,31.7
401704808,OKC,4395702,26.0,5.1,4.4
401704808,OKC,4397020,36.0,14.8,14.7
401704808,OKC,4397183,25.0,3.9,0.8
401704808,OKC,4593803,35.0,24.0,23.4
401704808,OKC,4683692,25.0,1.7,-0.1
401704808,OKC,4702159,16.0,12.5,12.6
401704808,OKC,4900671,19.0,1.0,0.9
401704808,OKC,4997526,2.0,0.3,0.7
401704809,LAC,3416,18.0,0.2,-0.1
401704809,LAC,3992,34.0,25.5,21.0
401704809,LAC,2595516,35.0,11.4,10.2
401704809,LAC,2991139,25.0,13.8,11.2
401704809,LAC,3907823,14.0,5.6,4.7
401704809,LAC,3936099,21.0,6.3,3.0
401704809,LAC,4017837,33.0,16.0,14.3
401704809,LAC,4066387,18.0,6.6,5.7
401704809,LAC,4277919,15.0,8.1,6.8
401704809,LAC,4397140,27.0,13.5,12.0
401704809,UTA,2528426,30.0,13.9,12.0
401704809,UTA,3908845,31.0,13.2,9.2
401704809,UTA,3914285,17.0,5.7,5.4
401704809,UTA,4066336,39.0,13.5,11.3
401704809,UTA,4277811,20.0,5.4,6.1
401704809,UTA,4433627,34.0,1.8,1.7
401704809,UTA,4683766,26.0,6.7,4.6
401704809,UTA,4684793,24.0,11.0,11.1
401704809,UTA,4895758,20.0,9.7,7.8
401704810,CHI,6478,35.0,28.2,23.9
401704810,CHI,3064440,35.0,20.6,17.8
401704810,CHI,4395651,33.0,21.3,20.6
401704810,CHI,4397002,33.0,3.9,3.2
401704810,CHI,4397189,13.0,8.0,6.1
401704810,CHI,4431687,33.0,3.7,4.0
401704810,CHI,4433159,12.0,2.9,2.7
401704810,CHI,4711294,2.0,-1.1,-0.7
401704810,CHI,4871145,29.0,11.0,10.4
401704810,CHI,5105553,15.0,3.7,3.3
401704810,DET,6440,32.0,7.1,7.3
401704810,DET,2528210,30.0,-2.2,-2.5
401704810,DET,3899664,15.0,2.9,2.0
401704810,DET,3907822,30.0,14.9,14.4
401704810,DET,4432107,6.0,3.0,3.4
401704810,DET,4432166,36.0,20.7,20.1
401704810,DET,4432810,19.0,6.5,5.5
401704810,DET,4433218,32.0,7.2,7.5
401704810,DET,4433621,30.0,22.0,18.8
401704810,DET,4683771,9.0,3.9,2.4
401704811,MIA,3449,15.0,3.4,-0.4
401704811,MIA,6429,19.0,6.9,5.4
401704811,MIA,6430,34.0,33.5,31.8
401704811,MIA,2581190,14.0,-0.5,-0.1
401704811,MIA,3157465,22.0,6.1,5.6
401704811,MIA,4066261,32.0,4.3,-0.7
401704811,MIA,4066993,25.0,12.2,7.8
401704811,MIA,4291678,32.0,5.6,5.4
401704811,MIA,4395725,32.0,12.3,11.1
401704811,MIA,4601025,8.0,2.3,2.7
401704811,MIA,4997528,8.0,3.5,1.6
401704811,MIA,5105623,1.0,0.0,0.0
401704811,PHI,3012,19.0,-1.9,-2.4
401704811,PHI,3431,14.0,0.5,0.6
401704811,PHI,4251,33.0,14.2,10.6
401704811,PHI,6585,12.0,6.5,4.1
401704811,PHI,3059318,31.0,9.9,7.5
401704811,PHI,3133603,27.0,4.4,2.3
401704811,PHI,3138160,29.0,9.8,6.3
401704811,PHI,4017844,10.0,2.4,1.6
401704811,PHI,4066786,20.0,2.6,2.8
401704811,PHI,4683778,37.0,14.8,12.8
401704811,PHI,4701234,9.0,2.0,1.7
401704811,PHI,5105637,1.0,0.0,0.0
401704812,NYK,3062679,32.0,12.6,11.2
401704812,NYK,3064230,23.0,16.2,16.7
401704812,NYK,3136195,25.0,23.1,20.2
401704812,NYK,3147657,35.0,9.8,9.9
401704812,NYK,3908336,3.0,0.0,0.0
401704812,NYK,3934672,30.0,27.7,26.8
401704812,NYK,3934719,30.0,15.3,12.4
401704812,NYK,4277922,19.0,7.2,5.1
401704812,NYK,4433225,17.0,2.9,2.7
401704812,NYK,4592461,3.0,1.0,0.7
401704812,NYK,4871141,6.0,0.2,0.7
401704812,NYK,5211983,18.0,7.2,6.7
401704812,WAS,6477,18.0,18.6,16.4
401704812,WAS,2566769,19.0,4.7,5.1
401704812,WAS,2581184,15.0,6.1,5.6
401704812,WAS,3134907,24.0,7.7,5.7
401704812,WAS,4277848,6.0,1.3,0.3
401704812,WAS,4277956,27.0,6.8,7.1
401704812,WAS,4280151,31.0,15.1,13.7
401704812,WAS,4395695,6.0,5.4,4.8
401704812,WAS,4432356,8.0,1.6,1.0
401704812,WAS,4433246,5.0,0.0,0.0
401704812,WAS,4845374,32.0,9.0,9.0
401704812,WAS,5160992,24.0,3.1,4.4
401704812,WAS,5174563,26.0,-0.0,-1.9
401704813,IND,2530530,27.0,13.9,8.8
401704813,IND,3149673,39.0,22.9,21.5
401704813,IND,4278355,31.0,18.5,15.6
401704813,IND,4396993,39.0,13.7,8.6
401704813,IND,4592699,19.0,1.7,1.0
401704813,IND,4592829,19.0,8.6,7.8
401704813,IND,4592965,1.0,-0.7,-0.7
401704813,IND,4683634,32.0,20.6,19.5
401704813,IND,5106060,25.0,3.5,1.3
401704813,IND,5157066,8.0,0.6,1.0
401704813,TOR,4023,11.0,6.5,4.1
401704813,TOR,3134908,38.0,25.5,20.0
401704813,TOR,3948153,18.0,6.6,2.7
401704813,TOR,4278053,33.0,5.5,7.5
401704813,TOR,4395625,36.0,29.1,27.5
401704813,TOR,4397018,33.0,12.2,10.2
401704813,TOR,4431893,11.0,6.6,6.7
401704813,TOR,4432241,14.0,-1.9,-1.1
401704813,TOR,5106258,35.0,7.6,8.4
401704813,TOR,5107897,13.0,5.5,5.5
401704814,HOU,3209,2.0,0.0,0.0
401704814,HOU,2991230,35.0,20.1,17.0
401704814,HOU,2991235,5.0,1.0,0.7
401704814,HOU,3155526,21.0,0.9,1.3
401704814,HOU,3922230,9.0,5.4,5.1
401704814,HOU,4432639,25.0,3.2,2.3
401704814,HOU,4433192,31.0,16.1,7.5
401704814,HOU,4437244,39.0,8.9,7.6
401704814,HOU,4684740,29.0,13.1,10.2
401704814,HOU,4711272,5.0,-2.4,-2.4
401704814,HOU,4871144,39.0,9.7,8.4
401704814,MIL,3448,40.0,30.0,21.9
401704814,MIL,6606,36.0,13.2,12.4
401704814,MIL,2990962,27.0,-1.3,-3.8
401704814,MIL,3032977,36.0,10.1,5.9
401704814,MIL,3064447,23.0,6.6,5.1
401704814,MIL,3064482,21.0,7.5,6.0
401704814,MIL,4277843,24.0,7.3,8.0
401704814,MIL,4397475,29.0,3.3,3.0
401704814,MIL,4432190,5.0,-0.8,-0.7
401704815,ORL,2581018,34.0,8.0,7.1
401704815,ORL,2999547,11.0,0.2,0.7
401704815,ORL,3150844,12.0,6.1,5.4
401704815,ORL,4065654,20.0,7.2,5.0
401704815,ORL,4348700,31.0,17.1,15.6
401704815,ORL,4432165,30.0,5.2,3.6
401704815,ORL,4432809,3.0,-0.1,0.3
401704815,ORL,4566434,39.0,24.9,24.2
401704815,ORL,4702382,26.0,5.6,4.8
401704815,ORL,4712849,33.0,21.7,17.9
401704815,PHX,2488653,23.0,9.2,8.6
401704815,PHX,2583632,20.0,-1.8,-3.5
401704815,PHX,3059310,13.0,6.0,5.7
401704815,PHX,3135045,29.0,6.7,7.1
401704815,PHX,3135046,32.0,15.1,15.2
401704815,PHX,3136193,38.0,10.3,10.7
401704815,PHX,4065663,25.0,12.5,10.1
401704815,PHX,4397102,6.0,-0.1,-0.1
401704815,PHX,4601023,32.0,13.7,10.9
401704815,PHX,4888725,21.0,2.5,2.7
401704816,ATL,3037789,18.0,4.5,4.0
401704816,ATL,3102529,28.0,13.3,10.1
401704816,ATL,3913180,28.0,10.3,8.8
401704816,ATL,4065732,25.0,17.3,17.5
401704816,ATL,4277905,36.0,13.3,10.8
401704816,ATL,4431680,20.0,5.9,4.7
401704816,ATL,4593041,7.0,3.4,3.4
401704816,ATL,4683736,12.0,-0.4,0.5
401704816,ATL,4869342,39.0,11.8,8.1
401704816,ATL,5211175,26.0,13.5,11.4
401704816,SAC,2528588,19.0,5.2,6.1
401704816,SAC,2596107,17.0,3.3,1.4
401704816,SAC,3134916,20.0,9.7,9.1
401704816,SAC,3136196,38.0,13.1,11.1
401704816,SAC,4066259,39.0,18.5,16.8
401704816,SAC,4066372,39.0,3.5,0.2
401704816,SAC,4433378,3.0,1.3,0.7
401704816,SAC,4593049,7.0,0.8,-0.7
401704816,SAC,4594327,22.0,0.7,-0.7
401704816,SAC,4702177,33.0,27.9,25.4
401704816,SAC,5107818,2.0,-2.0,-2.0
401704817,GSW,3975,32.0,19.3,17.2
401704817,GSW,6589,32.0,7.4,4.5
401704817,GSW,2990984,23.0,3.8,3.0
401704817,GSW,2993874,13.0,1.8,1.0
401704817,GSW,3059319,29.0,17.0,16.0
401704817,GSW,3134903,12.0,0.8,-0.7
401704817,GSW,4066317,29.0,7.8,4.0
401704817,GSW,4431684,20.0,7.3,5.4
401704817,GSW,4432171,16.0,0.8,0.7
401704817,GSW,4433247,19.0,10.5,6.9
401704817,GSW,4709138,16.0,0.7,-0.8
401704817,LAC,3416,20.0,5.9,5.0
401704817,LAC,3992,41.0,15.7,11.3
401704817,LAC,2595516,26.0,13.4,12.1
401704817,LAC,2991139,19.0,2.1,1.7
401704817,LAC,3907823,23.0,11.9,9.5
401704817,LAC,3936099,23.0,6.3,5.7
401704817,LAC,4017837,36.0,13.2,6.1
401704817,LAC,4066387,29.0,10.3,10.3
401704817,LAC,4277919,7.0,4.5,2.3
401704817,LAC,4397140,16.0,2.0,0.6
401704818,CLE,6474,21.0,9.4,7.5
401704818,CLE,2990969,22.0,14.4,13.0
401704818,CLE,3908809,20.0,7.8,5.6
401704818,CLE,4065733,23.0,19.3,19.1
401704818,CLE,4066328,21.0,22.7,20.9
401704818,CLE,4432158,18.0,8.6,5.0
401704818,CLE,4683747,37.0,20.0,17.4
401704818,CLE,4701233,35.0,6.1,3.2
401704818,CLE,4702233,13.0,11.3,8.8
401704818,CLE,4997539,30.0,3.3,1.7
401704818,NOP,2583639,22.0,10.1,9.3
401704818,NOP,2596112,26.0,6.6,6.7
401704818,NOP,4278572,31.0,10.1,7.0
401704818,NOP,4395623,15.0,0.5,-1.5
401704818,NOP,4432162,34.0,3.2,2.8
401704818,NOP,4432813,35.0,6.1,3.6
401704818,NOP,4592686,40.0,25.7,24.9
401704818,NOP,4997538,18.0,5.0,1.4
401704818,NOP,5061589,19.0,10.9,10.1
401704819,CHI,6478,35.0,13.8,9.8
401704819,CHI,2528693,28.0,15.3,13.2
401704819,CHI,3064440,33.0,21.0,20.3
401704819,CHI,3133635,2.0,-1.4,-1.4
401704819,CHI,4395651,32.0,3.3,4.3
401704819,CHI,4396991,2.0,0.3,0.0
401704819,CHI,4397002,32.0,4.5,3.8
401704819,CHI,4397189,12.0,2.2,2.7
401704819,CHI,4432821,2.0,0.0,0.0
401704819,CHI,4433159,16.0,9.3,8.8
401704819,CHI,4592402,2.0,0.0,0.0
401704819,CHI,4711294,6.0,1.5,1.3
401704819,CHI,4871145,26.0,1.2,1.0
401704819,CHI,5105553,14.0,4.4,4.0
401704819,MIL,3448,35.0,23.5,18.6
401704819,MIL,6606,36.0,14.6,13.9
401704819,MIL,2990962,25.0,0.1,-1.7
401704819,MIL,3032977,35.0,36.5,33.5
401704819,MIL,3064447,12.0,3.3,3.3
401704819,MIL,3064482,22.0,7.6,6.5
401704819,MIL,4277843,29.0,9.0,8.7
401704819,MIL,4279532,2.0,0.3,0.0
401704819,MIL,4397347,2.0,0.0,0.0
401704819,MIL,4397475,27.0,17.3,15.1
401704819,MIL,4432179,2.0,-0.4,-0.7
401704819,MIL,4432190,14.0,-1.5,-0.6
401704820,HOU,3209,4.0,0.3,-0.7
401704820,HOU,2991230,35.0,17.6,13.4
401704820,HOU,3136777,5.0,0.9,1.0
401704820,HOU,3146557,13.0,6.6,7.1
401704820,HOU,3155526,22.0,-0.9,-0.8
401704820,HOU,3922230,8.0,1.5,1.0
401704820,HOU,4397821,3.0,0.0,0.0
401704820,HOU,4432639,30.0,21.0,19.2
401704820,HOU,4433192,23.0,13.8,7.7
401704820,HOU,4437244,28.0,9.4,6.6
401704820,HOU,4684740,17.0,-0.6,0.0
401704820,HOU,4711272,17.0,8.8,6.5
401704820,HOU,4871144,28.0,27.1,24.9
401704820,HOU,5105592,5.0,1.1,1.5
401704820,IND,3999,4.0,0.3,-0.3
401704820,IND,2530530,19.0,15.1,13.2
401704820,IND,3133628,29.0,8.3,3.3
401704820,IND,3149673,31.0,13.4,11.7
401704820,IND,4278355,13.0,0.7,0.6
401704820,IND,4396993,30.0,3.7,3.1
401704820,IND,4397126,7.0,5.2,5.1
401704820,IND,4592699,14.0,3.9,4.8
401704820,IND,4592829,27.0,23.2,20.3
401704820,IND,4683634,25.0,1.0,-0.4
401704820,IND,5106060,20.0,-1.5,-2.2
401704820,IND,5157066,21.0,3.2,3.7
401704821,MEM,3906665,19.0,3.0,3.7
401704821,MEM,3913174,25.0,12.4,10.5
401704821,MEM,4065731,14.0,4.0,3.7
401704821,MEM,4066320,35.0,16.1,12.5
401704821,MEM,4277961,30.0,18.8,17.8
401704821,MEM,4431785,26.0,3.3,3.3
401704821,MEM,4433083,9.0,0.7,-0.3
401704821,MEM,4592691,25.0,14.8,13.0
401704821,MEM,4593125,27.0,10.7,9.2
401704821,MEM,5112087,29.0,9.7,8.1
401704821,PHI,3431,5.0,-0.4,-0.7
401704821,PHI,4251,17.0,0.8,-0.7
401704821,PHI,6443,17.0,4.2,2.7
401704821,PHI,6585,13.0,10.3,6.7
401704821,PHI,3059318,35.0,26.5,24.1
401704821,PHI,3133603,23.0,8.9,6.1
401704821,PHI,3138160,32.0,5.1,1.8
401704821,PHI,4017844,19.0,16.1,16.3
401704821,PHI,4431678,20.0,2.0,0.5
401704821,PHI,4431828,5.0,0.6,0.7
401704821,PHI,4683778,41.0,14.4,14.5
401704821,PHI,4701234,13.0,3.6,3.4
401704822,OKC,2991350,15.0,14.4,12.9
401704822,OKC,3133626,5.0,3.3,3.4
401704822,OKC,4222252,29.0,14.3,9.2
401704822,OKC,4278073,39.0,23.5,19.7
401704822,OKC,4397020,30.0,-0.5,-0.8
401704822,OKC,4397183,15.0,1.6,2.0
401704822,OKC,4397654,1.0,0.0,0.0
401704822,OKC,4593803,36.0,28.0,23.7
401704822,OKC,4683692,26.0,2.3,0.7
401704822,OKC,4702159,11.0,0.3,0.0
401704822,OKC,4900671,22.0,8.3,6.1
401704822,OKC,4997526,11.0,-0.2,-2.5
401704822,POR,2991070,39.0,9.7,7.3
401704822,POR,4066211,24.0,4.8,4.5
401704822,POR,4397885,25.0,4.4,1.5
401704822,POR,4431736,38.0,10.1,8.8
401704822,POR,4594326,4.0,3.6,3.4
401704822,POR,4683021,24.0,9.6,7.5
401704822,POR,4683678,27.0,7.1,6.9
401704822,POR,4914336,38.0,7.2,7.2
401704822,POR,5105565,21.0,11.4,8.0
401704823,NYK,3062679,39.0,24.4,20.1
401704823,NYK,3064230,26.0,9.7,9.1
401704823,NYK,3136195,34.0,26.3,24.2
401704823,NYK,3147657,40.0,14.4,12.5
401704823,NYK,3934672,37.0,29.7,28.8
401704823,NYK,3934719,35.0,12.7,10.1
401704823,NYK,4277922,14.0,6.2,6.2
401704823,NYK,4433225,11.0,2.6,1.7
401704823,NYK,4592461,2.0,0.0,0.0
401704823,NYK,5211983,2.0,-0.7,-0.7
401704823,PHX,2488653,4.0,0.0,0.0
401704823,PHX,2583632,33.0,11.0,10.3
401704823,PHX,2595209,4.0,1.6,0.6
401704823,PHX,3059310,12.0,6.0,6.4
401704823,PHX,3102530,33.0,18.7,12.5
401704823,PHX,3135045,21.0,1.1,1.2
401704823,PHX,3135046,31.0,16.6,14.7
401704823,PHX,3136193,38.0,24.3,25.2
401704823,PHX,4065663,22.0,5.0,4.1
401704823,PHX,4397102,4.0,4.4,4.1
401704823,PHX,4601023,14.0,1.9,1.4
401704823,PHX,4683749,4.0,1.4,0.4
401704823,PHX,4888725,22.0,7.6,7.8
401704824,ATL,3037789,23.0,-4.4,-3.8
401704824,ATL,3102529,22.0,11.1,7.6
401704824,ATL,3913180,4.0,2.3,2.0
401704824,ATL,4065732,25.0,8.3,3.9
401704824,ATL,4277905,30.0,11.6,9.5
401704824,ATL,4431680,23.0,4.8,3.8
401704824,ATL,4578893,4.0,0.7,0.7
401704824,ATL,4593041,4.0,1.0,1.0
401704824,ATL,4683736,18.0,3.5,1.2
401704824,ATL,4701230,35.0,15.4,10.1
401704824,ATL,4869342,31.0,5.1,5.8
401704824,ATL,5211175,19.0,10.0,8.7
401704824,GSW,3975,30.0,23.3,19.4
401704824,GSW,6589,28.0,11.2,7.9
401704824,GSW,2990984,20.0,3.1,2.9
401704824,GSW,2993874,15.0,2.5,0.0
401704824,GSW,3059319,30.0,26.6,24.1
401704824,GSW,3134903,6.0,5.0,4.4
401704824,GSW,3155535,13.0,1.7,1.2
401704824,GSW,4066317,23.0,6.3,6.0
401704824,GSW,4431684,22.0,13.5,10.9
401704824,GSW,4432171,19.0,0.7,0.2
401704824,GSW,4433247,15.0,9.8,6.3
401704824,GSW,4709138,15.0,1.2,0.3
401704824,GSW,4997536,3.0,-1.1,-1.4
401704825,LAC,3416,19.0,5.3,5.1
401704825,LAC,3992,34.0,15.2,14.3
401704825,LAC,2991139,26.0,0.8,-0.3
401704825,LAC,3907823,15.0,-2.1,-2.7
401704825,LAC,3936099,26.0,10.0,6.4
401704825,LAC,4017837,31.0,16.8,15.0
401704825,LAC,4066387,33.0,12.5,12.1
401704825,LAC,4277919,15.0,4.1,4.4
401704825,LAC,4396818,16.0,7.5,5.7
401704825,LAC,4397140,20.0,9.7,7.6
401704825,LAC,4431699,3.0,0.0,0.0
401704825,LAC,4431752,3.0,-0.1,0.0
401704825,ORL,6446,3.0,0.6,0.0
401704825,ORL,2581018,30.0,-0.7,-1.1
401704825,ORL,2999547,15.0,1.2,-0.4
401704825,ORL,3150844,17.0,3.9,2.6
401704825,ORL,4065654,22.0,5.7,3.0
401704825,ORL,4348700,20.0,7.2,5.7
401704825,ORL,4432165,25.0,13.6,12.4
401704825,ORL,4432809,3.0,2.0,2.0
401704825,ORL,4433623,3.0,0.0,0.0
401704825,ORL,4566434,35.0,14.1,9.5
401704825,ORL,4702382,26.0,9.6,8.1
401704825,ORL,4712849,29.0,9.5,10.0
401704825,ORL,5105806,11.0,2.8,2.0
401704826,CHA,3986,9.0,1.6,0.7
401704826,CHA,2326307,9.0,0.3,-0.7
401704826,CHA,3138161,36.0,14.2,13.2
401704826,CHA,4066218,40.0,7.5,5.6
401704826,CHA,4432811,31.0,11.0,10.5
401704826,CHA,4432816,33.0,25.6,25.5
401704826,CHA,4432819,21.0,-1.3,-2.6
401704826,CHA,4433249,32.0,7.9,3.4
401704826,CHA,4433287,42.0,27.2,22.3
401704826,CHA,5211176,13.0,4.2,4.0
401704826,DET,6440,31.0,22.0,20.3
401704826,DET,2528210,21.0,-0.8,-0.4
401704826,DET,3899664,21.0,5.6,4.0
401704826,DET,3907822,34.0,8.6,7.9
401704826,DET,4432107,9.0,-1.2,-0.7
401704826,DET,4432166,37.0,17.5,16.4
401704826,DET,4432810,29.0,15.7,13.7
401704826,DET,4433218,24.0,6.6,6.3
401704826,DET,4433621,24.0,5.6,4.1
401704826,DET,4592187,21.0,12.4,9.6
401704826,DET,4683771,14.0,2.6,2.0
401704827,MIN,3032976,36.0,15.2,11.9
401704827,MIN,3064514,38.0,17.4,13.8
401704827,MIN,3934673,30.0,6.4,4.0
401704827,MIN,4278039,26.0,2.8,0.8
401704827,MIN,4396971,22.0,-3.8,-3.1
401704827,MIN,4431671,42.0,19.5,17.2
401704827,MIN,4594268,36.0,18.1,15.7
401704827,MIN,4684275,10.0,0.3,0.7
401704827,TOR,3134908,29.0,14.8,13.7
401704827,TOR,3948153,26.0,15.8,13.5
401704827,TOR,4278053,27.0,1.8,2.4
401704827,TOR,4395625,35.0,27.2,23.2
401704827,TOR,4397018,27.0,1.2,1.0
401704827,TOR,4431893,7.0,2.0,1.7
401704827,TOR,4432241,8.0,0.2,-0.7
401704827,TOR,4433134,27.0,14.2,13.1
401704827,TOR,5106258,34.0,4.4,1.7
401704827,TOR,5107897,19.0,6.2,6.2
401704828,SAS,2779,30.0,17.4,14.3
401704828,SAS,6578,36.0,24.0,22.9
401704828,SAS,4066650,21.0,10.9,11.0
401704828,SAS,4395626,18.0,6.9,7.2
401704828,SAS,4395723,28.0,9.9,8.3
401704828,SAS,4397886,27.0,13.9,9.5
401704828,SAS,4565201,8.0,1.4,0.3
401704828,SAS,4592479,32.0,14.9,10.7
401704828,SAS,4683935,4.0,-0.9,-1.5
401704828,SAS,4845367,35.0,15.4,12.8
401704828,UTA,3908845,33.0,18.0,14.6
401704828,UTA,3914285,22.0,4.7,3.1
401704828,UTA,4066336,33.0,22.3,21.8
401704828,UTA,4277811,25.0,9.9,9.3
401704828,UTA,4432817,16.0,6.3,5.4
401704828,UTA,4433627,33.0,9.7,9.3
401704828,UTA,4683766,24.0,-3.9,-2.8
401704828,UTA,4684793,18.0,3.6,3.0
401704828,UTA,4895758,15.0,-2.3,-2.4
401704828,UTA,5105839,22.0,14.5,13.1
401704829,LAL,1966,37.0,25.0,21.9
401704829,LAL,6583,38.0,31.2,29.2
401704829,LAL,3136776,23.0,6.6,5.4
401704829,LAL,3137259,14.0,-0.8,0.0
401704829,LAL,4066457,33.0,2.7,1.4
401704829,LAL,4395627,21.0,8.8,7.8
401704829,LAL,4431778,10.0,2.3,1.7
401704829,LAL,4432582,25.0,5.9,4.0
401704829,LAL,4897943,39.0,10.7,10.7
401704829,ORL,2999547,26.0,7.3,8.1
401704829,ORL,3150844,18.0,18.1,17.9
401704829,ORL,4065654,18.0,0.7,-0.7
401704829,ORL,4348700,30.0,10.6,7.6
401704829,ORL,4432165,40.0,17.0,14.0
401704829,ORL,4432809,4.0,-0.4,0.0
401704829,ORL,4566434,39.0,32.1,28.3
401704829,ORL,4702382,32.0,7.5,7.4
401704829,ORL,4712849,22.0,2.9,1.4
401704829,ORL,5105806,11.0,3.1,3.5
401704830,NYK,3062679,41.0,18.0,13.2
401704830,NYK,3064230,31.0,10.6,8.4
401704830,NYK,3136195,39.0,14.5,12.2
401704830,NYK,3147657,33.0,-1.7,-4.3
401704830,NYK,3934672,37.0,16.9,16.5
401704830,NYK,3934719,36.0,21.4,18.4
401704830,NYK,4277922,9.0,2.6,1.7
401704830,NYK,4433225,11.0,3.2,1.3
401704830,NYK,5211983,3.0,0.0,0.0
401704830,UTA,2528426,25.0,-0.1,0.1
401704830,UTA,3908845,33.0,17.6,13.2
401704830,UTA,3914285,13.0,-0.7,-1.5
401704830,UTA,4066336,33.0,30.0,28.9
401704830,UTA,4277811,38.0,20.8,20.3
401704830,UTA,4432817,17.0,8.9,8.4
401704830,UTA,4433136,35.0,13.5,9.8
401704830,UTA,4433627,27.0,7.6,6.5
401704830,UTA,4683766,11.0,1.0,1.4
401704830,UTA,4895758,9.0,-1.5,-2.1
401704831,DET,6440,29.0,5.1,2.9
401704831,DET,2528210,27.0,0.5,0.9
401704831,DET,3899664,16.0,2.4,1.9
401704831,DET,3907822,31.0,15.5,14.9
401704831,DET,4278562,6.0,4.4,4.4
401704831,DET,4397134,4.0,-0.8,-0.7
401704831,DET,4432107,21.0,10.7,9.8
401704831,DET,4432810,20.0,9.4,4.9
401704831,DET,4433218,28.0,14.4,11.3
401704831,DET,4433621,25.0,2.7,2.3
401704831,DET,4592187,15.0,5.5,5.8
401704831,DET,4592216,4.0,5.1,5.1
401704831,DET,4683771,16.0,-2.8,-2.8
401704831,ORL,6446,3.0,1.7,0.7
401704831,ORL,2581018,24.0,7.4,5.4
401704831,ORL,2999547,18.0,8.5,6.0
401704831,ORL,3150844,28.0,19.1,18.0
401704831,ORL,4065654,23.0,9.3,2.9
401704831,ORL,4348700,18.0,7.0,4.8
401704831,ORL,4432165,9.0,1.7,1.0
401704831,ORL,4432809,10.0,0.1,0.6
401704831,ORL,4433623,6.0,-1.4,-1.4
401704831,ORL,4566434,29.0,25.3,22.7
401704831,ORL,4702382,26.0,6.4,6.4
401704831,ORL,4712849,32.0,7.6,6.1
401704831,ORL,5105806,15.0,8.0,8.1
401704832,CHI,6478,28.0,20.7,19.7
401704832,CHI,2528693,8.0,-1.2,0.0
401704832,CHI,3064440,34.0,21.6,18.7
401704832,CHI,3133635,5.0,1.7,1.7
401704832,CHI,4395651,30.0,9.5,8.4
401704832,CHI,4396991,18.0,10.1,8.8
401704832,CHI,4397002,29.0,5.5,6.0
401704832,CHI,4397189,15.0,7.3,5.4
401704832,CHI,4432821,5.0,6.1,5.4
401704832,CHI,4433159,13.0,-0.4,-1.1
401704832,CHI,4592402,5.0,3.7,3.4
401704832,CHI,4711294,29.0,7.8,7.3
401704832,CHI,4871145,21.0,16.1,13.3
401704832,MEM,3906665,24.0,13.6,12.6
401704832,MEM,3913174,24.0,10.0,8.1
401704832,MEM,4065731,19.0,15.3,12.8
401704832,MEM,4066320,30.0,6.6,4.8
401704832,MEM,4277961,26.0,19.5,17.7
401704832,MEM,4431785,31.0,26.8,27.0
401704832,MEM,4433083,12.0,1.2,1.7
401704832,MEM,4592691,18.0,2.2,2.1
401704832,MEM,4593125,24.0,10.1,6.8
401704832,MEM,5112087,32.0,24.8,25.1
401704833,HOU,2991230,28.0,1.5,1.0
401704833,HOU,3146557,12.0,2.5,0.6
401704833,HOU,3155526,31.0,9.7,8.7
401704833,HOU,4432639,37.0,11.6,8.9
401704833,HOU,4433192,20.0,4.1,1.2
401704833,HOU,4437244,30.0,4.0,2.4
401704833,HOU,4684740,35.0,17.4,16.3
401704833,HOU,4711272,11.0,3.2,4.0
401704833,HOU,4871144,36.0,16.3,14.6
401704833,POR,2991070,33.0,15.4,16.1
401704833,POR,4066268,5.0,1.4,0.7
401704833,POR,4351851,37.0,12.7,13.1
401704833,POR,4397885,22.0,4.5,3.6
401704833,POR,4431736,28.0,-1.3,-2.6
401704833,POR,4594326,14.0,3.6,3.0
401704833,POR,4683021,33.0,14.8,9.0
401704833,POR,4914336,36.0,15.0,13.6
401704833,POR,5099752,6.0,-0.7,-0.7
401704833,POR,5105565,26.0,7.7,3.2
401704834,CHA,3986,4.0,2.3,2.7
401704834,CHA,2326307,4.0,1.0,1.0
401704834,CHA,3102532,8.0,-2.9,-2.8
401704834,CHA,3138161,29.0,9.9,6.1
401704834,CHA,4066218,32.0,7.6,5.0
401704834,CHA,4432811,31.0,6.3,7.0
401704834,CHA,4432816,40.0,33.3,32.0
401704834,CHA,4433249,31.0,4.8,2.5
401704834,CHA,4433287,43.0,22.4,19.8
401704834,CHA,5211176,17.0,6.0,6.1
401704834,MIL,3448,38.0,13.0,9.4
401704834,MIL,6606,35.0,22.7,21.3
401704834,MIL,2990962,22.0,2.6,3.0
401704834,MIL,3032977,31.0,24.8,21.1
401704834,MIL,3064447,13.0,-1.4,-2.4
401704834,MIL,3064482,27.0,9.7,5.6
401704834,MIL,4277843,29.0,12.3,12.9
401704834,MIL,4397475,25.0,5.2,6.1
401704834,MIL,4432190,21.0,8.8,7.9
401704835,GSW,3975,32.0,7.8,6.7
401704835,GSW,6589,27.0,3.9,4.1
401704835,GSW,2990984,24.0,7.0,7.8
401704835,GSW,2993874,13.0,3.7,3.0
401704835,GSW,3059319,33.0,15.8,14.3
401704835,GSW,3134903,13.0,2.9,2.7
401704835,GSW,3155535,13.0,7.8,5.4
401704835,GSW,4066317,25.0,6.4,6.3
401704835,GSW,4431684,23.0,11.3,10.9
401704835,GSW,4432171,22.0,3.6,2.6
401704835,GSW,4709138,16.0,-0.8,-1.7
401704835,SAS,2779,29.0,11.7,10.2
401704835,SAS,6578,32.0,24.3,21.2
401704835,SAS,4066650,12.0,-0.6,-1.4
401704835,SAS,4278580,17.0,5.7,3.0
401704835,SAS,4395626,23.0,5.0,4.5
401704835,SAS,4565201,13.0,3.2,3.7
401704835,SAS,4592479,34.0,5.7,3.6
401704835,SAS,4683935,14.0,6.0,5.1
401704835,SAS,4845367,33.0,12.5,11.0
401704835,SAS,5104157,34.0,19.8,15.8
401704836,DEN,3442,5.0,3.4,2.4
401704836,DEN,3468,24.0,16.4,15.1
401704836,DEN,3032978,4.0,-0.7,-1.0
401704836,DEN,3112335,37.0,30.2,25.4
401704836,DEN,3936299,30.0,9.2,7.5
401704836,DEN,4278104,36.0,21.8,18.6
401704836,DEN,4395620,3.0,2.3,2.0
401704836,DEN,4431690,3.0,-0.7,-0.7
401704836,DEN,4431767,31.0,14.8,14.0
401704836,DEN,4432181,19.0,4.8,5.4
401704836,DEN,4433268,10.0,1.6,2.0
401704836,DEN,4576087,35.0,10.4,9.2
401704836,DEN,4701225,3.0,0.6,1.0
401704836,LAL,1966,35.0,11.4,7.8
401704836,LAL,6583,35.0,11.6,5.9
401704836,LAL,3136776,18.0,3.6,3.0
401704836,LAL,3137259,14.0,3.2,4.4
401704836,LAL,4066457,32.0,15.8,14.6
401704836,LAL,4066648,22.0,10.4,9.5
401704836,LAL,4395627,20.0,4.9,3.7
401704836,LAL,4431778,10.0,2.2,0.0
401704836,LAL,4432582,17.0,7.7,8.1
401704836,LAL,4684286,4.0,0.0,0.0
401704836,LAL,4897943,28.0,7.5,6.7
401704836,LAL,5104156,4.0,-0.9,-0.8
401704837,BOS,3213,34.0,5.4,4.0
401704837,BOS,3995,37.0,6.8,5.0
401704837,BOS,3078576,38.0,19.6,15.9
401704837,BOS,3917376,36.0,23.3,22.9
401704837,BOS,4065648,38.0,18.7,15.9
401704837,BOS,4065804,20.0,4.2,4.4
401704837,BOS,4066354,22.0,7.2,7.1
401704837,BOS,4277964,14.0,1.9,1.6
401704837,MIN,3032976,34.0,16.5,13.7
401704837,MIN,3064514,36.0,16.9,16.1
401704837,MIN,3934673,29.0,8.6,6.4
401704837,MIN,4278039,27.0,2.2,3.0
401704837,MIN,4396971,26.0,0.2,-1.1
401704837,MIN,4431671,32.0,1.7,2.2
401704837,MIN,4594268,39.0,20.3,18.8
401704837,MIN,4684275,16.0,9.7,10.1
401704837,MIN,4687718,1.0,0.0,0.0
401704838,IND,2530530,22.0,9.3,9.2
401704838,IND,3133628,30.0,11.1,7.4
401704838,IND,3149673,34.0,20.2,18.9
401704838,IND,4278355,16.0,10.4,9.5
401704838,IND,4396993,34.0,17.7,16.6
401704838,IND,4397126,12.0,12.5,11.7
401704838,IND,4592829,22.0,0.2,-0.7
401704838,IND,4683634,39.0,10.6,10.3
401704838,IND,5106060,20.0,4.3,0.6
401704838,IND,5157066,11.0,4.4,4.4
401704838,WAS,6477,16.0,6.7,4.8
401704838,WAS,2566769,25.0,10.9,10.4
401704838,WAS,2581184,6.0,5.0,4.0
401704838,WAS,3134907,30.0,1.8,2.7
401704838,WAS,4280151,36.0,7.9,6.3
401704838,WAS,4395695,5.0,-0.7,-0.3
401704838,WAS,4845374,22.0,2.8,0.0
401704838,WAS,5104155,38.0,17.9,15.1
401704838,WAS,5160992,31.0,15.6,10.7
401704838,WAS,5174563,29.0,12.4,12.8
401704839,DAL,6442,39.0,16.3,16.7
401704839,DAL,6475,31.0,13.5,11.0
401704839,DAL,2580782,28.0,6.5,3.9
401704839,DAL,2960236,9.0,-4.0,-3.1
401704839,DAL,4278049,21.0,13.1,10.3
401704839,DAL,4278078,40.0,19.1,15.8
401704839,DAL,4278594,30.0,11.4,11.3
401704839,DAL,4397014,27.0,2.1,-0.0
401704839,DAL,4683688,31.0,18.0,14.4
401704839,DAL,4868423,9.0,-2.2,-2.4
401704839,MIA,3449,19.0,6.1,2.5
401704839,MIA,6429,31.0,14.3,12.4
401704839,MIA,6430,38.0,30.6,26.8
401704839,MIA,3157465,18.0,2.0,4.0
401704839,MIA,4066261,38.0,13.4,11.8
401704839,MIA,4291678,19.0,3.4,1.4
401704839,MIA,4395725,42.0,9.4,5.8
401704839,MIA,4432848,19.0,4.5,4.3
401704839,MIA,4601025,37.0,12.4,12.5
401704839,MIA,4997528,6.0,-0.4,-0.7
401704840,LAC,3416,10.0,3.7,3.4
401704840,LAC,3992,27.0,20.4,19.2
401704840,LAC,2991139,23.0,8.9,7.5
401704840,LAC,3907823,22.0,9.8,9.7
401704840,LAC,3936099,25.0,18.3,15.5
401704840,LAC,4017837,25.0,18.1,14.7
401704840,LAC,4066387,25.0,6.2,5.3
401704840,LAC,4277919,17.0,6.9,5.4
401704840,LAC,4396818,23.0,5.8,4.8
401704840,LAC,4397140,24.0,5.8,5.1
401704840,LAC,4431752,13.0,5.8,5.8
401704840,LAC,4592492,6.0,0.6,0.0
401704840,PHI,3431,16.0,7.0,5.4
401704840,PHI,6443,13.0,9.9,7.9
401704840,PHI,6585,14.0,4.2,3.8
401704840,PHI,3133603,31.0,10.3,7.2
401704840,PHI,3138160,13.0,-1.2,-2.2
401704840,PHI,4017844,27.0,4.1,3.7
401704840,PHI,4431678,30.0,14.1,11.7
401704840,PHI,4431720,9.0,3.4,3.4
401704840,PHI,4431828,26.0,4.6,4.8
401704840,PHI,4683778,28.0,9.7,9.7
401704840,PHI,4701234,19.0,3.5,3.9
401704840,PHI,4711297,6.0,3.6,3.0
401704840,PHI,5105637,9.0,-0.2,0.0
401704841,CLE,2990969,19.0,-7.0,-7.0
401704841,CLE,3908809,35.0,16.5,15.1
401704841,CLE,4065733,28.0,25.0,21.0
401704841,CLE,4066328,32.0,25.0,22.0
401704841,CLE,4066757,20.0,2.5,2.0
401704841,CLE,4396907,31.0,11.5,11.5
401704841,CLE,4432158,33.0,14.5,11.6
401704841,CLE,4432822,29.0,15.1,12.6
401704841,CLE,4683747,7.0,-0.1,-0.7
401704841,CLE,4701233,6.0,0.3,-0.7
401704841,CLE,4997539,1.0,0.0,0.0
401704841,TOR,4023,1.0,0.0,0.0
401704841,TOR,3134908,33.0,16.1,11.2
401704841,TOR,3948153,14.0,8.4,7.0
401704841,TOR,4277952,1.0,0.7,0.7
401704841,TOR,4278053,25.0,-0.6,-0.7
401704841,TOR,4395625,33.0,10.7,9.5
401704841,TOR,4397018,27.0,7.6,6.8
401704841,TOR,4431893,4.0,-0.7,-0.7
401704841,TOR,4432241,16.0,3.1,2.7
401704841,TOR,4433134,34.0,17.9,12.8
401704841,TOR,5106258,31.0,9.0,9.6
401704841,TOR,5107897,20.0,12.2,9.4
401704842,BKN,3138196,34.0,14.1,11.7
401704842,BKN,3907387,27.0,6.4,4.9
401704842,BKN,3915195,21.0,9.7,8.5
401704842,BKN,4278067,23.0,6.7,4.5
401704842,BKN,4431675,15.0,0.3,-2.5
401704842,BKN,4431714,33.0,5.4,6.4
401704842,BKN,4432174,36.0,24.4,25.0
401704842,BKN,4432192,10.0,5.0,5.4
401704842,BKN,4433137,20.0,0.1,0.5
401704842,BKN,4712896,22.0,12.4,11.3
401704842,SAC,3978,36.0,8.2,8.6
401704842,SAC,2528588,4.0,-0.4,0.0
401704842,SAC,3136196,19.0,-0.3,-2.1
401704842,SAC,3155942,35.0,14.3,10.7
401704842,SAC,4066259,38.0,25.6,23.7
401704842,SAC,4066372,32.0,6.7,6.0
401704842,SAC,4433378,17.0,-0.5,-2.4
401704842,SAC,4594327,36.0,16.3,14.7
401704842,SAC,4702177,23.0,7.3,6.7
401704843,CHA,3986,16.0,1.7,0.8
401704843,CHA,2326307,13.0,7.3,7.4
401704843,CHA,3138161,25.0,3.0,1.0
401704843,CHA,4432811,29.0,-4.0,-3.1
401704843,CHA,4432816,40.0,29.7,26.9
401704843,CHA,4433249,32.0,5.6,0.1
401704843,CHA,4433287,38.0,9.7,7.6
401704843,CHA,4683686,9.0,-0.4,-0.7
401704843,CHA,4683834,8.0,-2.7,-2.7
401704843,CHA,5211176,30.0,-1.5,-2.1
401704843,ORL,2581018,29.0,3.5,1.3
401704843,ORL,2999547,7.0,1.3,1.7
401704843,ORL,3150844,26.0,14.6,13.5
401704843,ORL,4065654,22.0,6.6,4.9
401704843,ORL,4348700,22.0,6.7,4.8
401704843,ORL,4432809,27.0,12.6,12.1
401704843,ORL,4566434,40.0,19.5,15.0
401704843,ORL,4702382,21.0,4.1,2.9
401704843,ORL,4712849,22.0,4.5,1.8
401704843,ORL,5105806,23.0,-1.2,-1.4
401704844,DET,6440,37.0,9.1,7.2
401704844,DET,2528210,35.0,7.3,6.7
401704844,DET,3899664,9.0,-0.9,-0.1
401704844,DET,3907822,33.0,4.9,4.5
401704844,DET,4432107,14.0,5.6,5.8
401704844,DET,4432810,23.0,11.6,8.5
401704844,DET,4433218,36.0,23.0,21.3
401704844,DET,4433621,25.0,16.1,10.7
401704844,DET,4683771,11.0,0.8,1.3
401704844,DET,4684742,16.0,1.3,2.0
401704844,TOR,3134908,28.0,6.0,4.1
401704844,TOR,3948153,22.0,10.7,8.1
401704844,TOR,4277952,14.0,9.6,10.9
401704844,TOR,4278053,31.0,1.1,1.3
401704844,TOR,4395625,34.0,5.2,4.9
401704844,TOR,4397018,24.0,-3.0,-3.1
401704844,TOR,4431893,22.0,7.5,5.7
401704844,TOR,4432241,17.0,6.1,6.4
401704844,TOR,4433134,37.0,29.8,26.0
401704844,TOR,5107897,12.0,2.9,3.8
401704845,IND,2530530,21.0,8.5,4.6
401704845,IND,3133628,28.0,12.6,11.1
401704845,IND,3149673,37.0,12.3,11.6
401704845,IND,4278355,16.0,4.6,4.0
401704845,IND,4396993,36.0,33.3,29.8
401704845,IND,4397126,10.0,2.6,2.1
401704845,IND,4592699,4.0,2.0,2.0
401704845,IND,4592829,32.0,10.4,10.0
401704845,IND,4683634,38.0,9.2,5.3
401704845,IND,5106060,18.0,-1.9,-2.1
401704845,NOP,2451037,17.0,5.9,6.4
401704845,NOP,2490149,31.0,11.7,11.3
401704845,NOP,2583639,31.0,21.3,19.5
401704845,NOP,2596112,26.0,3.9,2.0
401704845,NOP,4397688,40.0,19.4,15.9
401704845,NOP,4432162,26.0,6.9,5.7
401704845,NOP,4432813,21.0,7.3,6.6
401704845,NOP,4683750,18.0,0.9,-0.7
401704845,NOP,5061589,31.0,17.2,12.3
401704846,ATL,3037789,28.0,9.7,9.4
401704846,ATL,3102529,22.0,13.7,10.8
401704846,ATL,4065732,31.0,0.7,-0.1
401704846,ATL,4277905,35.0,22.6,20.1
401704846,ATL,4431680,22.0,6.6,6.1
401704846,ATL,4683736,13.0,5.9,5.5
401704846,ATL,4701230,37.0,24.9,17.9
401704846,ATL,4869342,35.0,13.7,11.1
401704846,ATL,5211175,17.0,0.8,0.6
401704846,DAL,6442,41.0,19.7,19.4
401704846,DAL,2580782,36.0,17.6,17.1
401704846,DAL,2960236,20.0,8.5,5.8
401704846,DAL,4278049,23.0,16.2,12.0
401704846,DAL,4278078,39.0,12.0,7.1
401704846,DAL,4278594,28.0,16.1,14.6
401704846,DAL,4595400,4.0,1.0,0.7
401704846,DAL,4683688,11.0,4.6,3.4
401704846,DAL,4708972,5.0,-0.7,-0.7
401704846,DAL,4868423,32.0,11.3,8.2
401704847,BOS,3995,29.0,3.2,2.7
401704847,BOS,3078576,31.0,18.3,18.3
401704847,BOS,3102531,23.0,14.6,10.7
401704847,BOS,3917376,31.0,15.8,10.7
401704847,BOS,4065648,30.0,15.4,12.0
401704847,BOS,4065804,23.0,8.7,8.1
401704847,BOS,4066354,26.0,18.1,15.5
401704847,BOS,4277964,5.0,0.6,0.0
401704847,BOS,4397424,25.0,18.0,12.3
401704847,BOS,4432164,5.0,3.9,3.0
401704847,BOS,4593841,5.0,1.0,0.7
401704847,BOS,4683689,7.0,4.7,3.7
401704847,LAC,3416,23.0,0.9,0.0
401704847,LAC,3992,30.0,13.6,11.6
401704847,LAC,2991139,22.0,2.4,-1.7
401704847,LAC,3907823,23.0,8.5,7.4
401704847,LAC,3936099,25.0,7.9,8.1
401704847,LAC,4017837,29.0,21.0,18.2
401704847,LAC,4066387,25.0,0.6,-0.8
401704847,LAC,4396818,20.0,3.9,3.3
401704847,LAC,4397140,17.0,4.6,2.6
401704847,LAC,4431699,9.0,4.3,2.7
401704847,LAC,4431752,5.0,2.0,2.0
401704847,LAC,4592492,12.0,-2.6,-1.8
401704848,MEM,2990992,19.0,6.0,4.8
401704848,MEM,3134932,4.0,1.6,2.4
401704848,MEM,3906665,25.0,12.1,8.4
401704848,MEM,3913174,22.0,11.8,10.8
401704848,MEM,4065731,20.0,7.6,5.5
401704848,MEM,4066320,24.0,3.8,2.2
401704848,MEM,4277961,28.0,17.0,13.9
401704848,MEM,4279888,23.0,22.2,21.6
401704848,MEM,4431785,14.0,6.3,4.4
401704848,MEM,4592691,20.0,10.7,7.2
401704848,MEM,4593125,22.0,14.5,11.9
401704848,MEM,5112087,16.0,1.5,0.3
401704848,MEM,5159895,4.0,-0.4,0.0
401704848,POR,2991070,21.0,6.5,5.1
401704848,POR,4066211,12.0,9.1,6.4
401704848,POR,4066268,5.0,2.7,2.7
401704848,POR,4066808,8.0,2.0,1.4
401704848,POR,4278111,6.0,-0.1,0.0
401704848,POR,4351851,30.0,-0.2,-0.8
401704848,POR,4397885,24.0,3.4,3.6
401704848,POR,4431736,28.0,7.4,6.0
401704848,POR,4432446,23.0,8.5,7.1
401704848,POR,4683021,32.0,12.3,10.1
401704848,POR,4914336,30.0,12.0,10.0
401704848,POR,5099752,22.0,5.9,3.9
401704849,DEN,3442,14.0,-1.4,-1.3
401704849,DEN,3468,26.0,22.1,19.2
401704849,DEN,3112335,32.0,20.4,18.6
401704849,DEN,3936299,31.0,19.6,18.1
401704849,DEN,4278104,34.0,9.9,9.7
401704849,DEN,4395620,10.0,4.7,5.1
401704849,DEN,4431690,3.0,-2.1,-2.1
401704849,DEN,4431767,32.0,11.4,9.4
401704849,DEN,4432181,23.0,0.7,1.3
401704849,DEN,4433268,11.0,0.6,0.3
401704849,DEN,4576087,22.0,2.2,3.0
401704849,DEN,4701225,2.0,0.0,0.0
401704849,NYK,3062679,28.0,15.3,14.4
401704849,NYK,3064230,18.0,10.6,11.5
401704849,NYK,3136195,34.0,28.6,23.0
401704849,NYK,3147657,36.0,9.6,9.4
401704849,NYK,3908336,2.0,-1.7,-1.7
401704849,NYK,3934672,38.0,26.4,26.3
401704849,NYK,3934719,38.0,33.9,32.8
401704849,NYK,4277922,14.0,1.9,0.7
401704849,NYK,4431823,28.0,12.8,12.2
401704849,NYK,4433225,2.0,2.4,2.4
401704849,NYK,5211983,2.0,-0.4,-0.7
401704850,BKN,3032979,31.0,26.6,25.0
401704850,BKN,3138196,14.0,7.5,6.5
401704850,BKN,3915195,28.0,9.2,8.7
401704850,BKN,4397179,18.0,4.1,1.7
401704850,BKN,4431675,18.0,6.5,6.1
401704850,BKN,4431714,41.0,14.7,12.7
401704850,BKN,4432174,23.0,17.9,17.4
401704850,BKN,4432192,30.0,1.5,2.1
401704850,BKN,4433137,37.0,18.1,14.5
401704850,GSW,3975,29.0,23.4,21.2
401704850,GSW,6589,29.0,4.9,4.3
401704850,GSW,2990984,17.0,5.4,3.2
401704850,GSW,2993874,14.0,4.0,3.8
401704850,GSW,3059319,33.0,12.9,12.4
401704850,GSW,3134903,22.0,11.6,8.9
401704850,GSW,3155535,13.0,3.3,1.6
401704850,GSW,4066317,28.0,8.0,6.7
401704850,GSW,4431684,17.0,4.6,4.1
401704850,GSW,4432171,16.0,14.1,13.2
401704850,GSW,4709138,23.0,9.1,9.2
401704851,OKC,3133626,15.0,13.7,12.9
401704851,OKC,4222252,32.0,16.1,16.0
401704851,OKC,4278073,35.0,28.7,28.3
401704851,OKC,4395702,21.0,3.2,3.6
401704851,OKC,4397020,39.0,5.7,1.4
401704851,OKC,4397183,22.0,4.4,3.3
401704851,OKC,4397654,3.0,-1.1,-1.4
401704851,OKC,4592435,3.0,3.7,3.1
401704851,OKC,4593803,32.0,22.0,19.3
401704851,OKC,4683692,15.0,4.4,2.7
401704851,OKC,4702159,6.0,-1.1,-0.7
401704851,OKC,4900671,18.0,10.4,10.8
401704851,SAC,3978,36.0,25.9,24.7
401704851,SAC,2528588,3.0,-1.1,-1.4
401704851,SAC,2596107,3.0,-0.7,-0.7
401704851,SAC,3134916,3.0,-0.4,0.0
401704851,SAC,3136196,6.0,4.1,3.1
401704851,SAC,3155942,35.0,18.9,14.8
401704851,SAC,4066259,40.0,4.9,4.6
401704851,SAC,4066262,26.0,7.5,7.5
401704851,SAC,4066372,10.0,-1.9,-1.4
401704851,SAC,4433378,3.0,0.0,0.0
401704851,SAC,4594327,38.0,13.0,9.5
401704851,SAC,4702177,28.0,8.6,8.5
401704851,SAC,5107818,9.0,5.4,4.4
401704852,CHA,3986,10.0,2.9,1.4
401704852,CHA,2326307,9.0,2.7,2.0
401704852,CHA,3102532,14.0,1.5,1.3
401704852,CHA,3138161,23.0,6.3,-0.2
401704852,CHA,4432811,30.0,6.5,5.8
401704852,CHA,4432816,37.0,11.6,10.4
401704852,CHA,4433249,33.0,5.2,3.9
401704852,CHA,4433287,38.0,10.5,10.6
401704852,CHA,4683686,9.0,3.0,2.7
401704852,CHA,5211176,38.0,15.6,13.9
401704852,MIA,6429,6.0,1.6,1.4
401704852,MIA,6430,25.0,6.7,5.5
401704852,MIA,3074752,25.0,2.5,2.6
401704852,MIA,3157465,33.0,15.8,15.7
401704852,MIA,4066261,36.0,12.6,8.3
401704852,MIA,4291678,30.0,5.5,1.9
401704852,MIA,4395725,38.0,15.7,13.1
401704852,MIA,4432848,20.0,7.7,4.9
401704852,MIA,4601025,15.0,2.9,2.6
401704852,MIA,5105623,12.0,4.9,2.0
401704853,ATL,3037789,26.0,13.8,13.0
401704853,ATL,3102529,19.0,3.9,2.8
401704853,ATL,4065732,30.0,16.4,15.7
401704853,ATL,4277905,37.0,20.2,20.2
401704853,ATL,4431680,29.0,10.0,9.3
401704853,ATL,4683736,11.0,9.5,8.0
401704853,ATL,4701230,35.0,21.7,18.7
401704853,ATL,4869342,36.0,11.9,8.7
401704853,ATL,5211175,17.0,14.3,12.4
401704853,CLE,2990969,21.0,3.3,2.7
401704853,CLE,3908809,36.0,21.0,18.3
401704853,CLE,4065733,24.0,6.6,4.8
401704853,CLE,4066328,32.0,17.4,14.8
401704853,CLE,4066757,17.0,5.9,5.7
401704853,CLE,4396907,33.0,16.7,16.6
401704853,CLE,4432158,37.0,27.1,19.4
401704853,CLE,4432822,23.0,7.3,7.1
401704853,CLE,4683747,11.0,1.5,1.7
401704853,CLE,4701233,7.0,-0.7,-0.7
401704854,IND,2530530,15.0,5.3,2.8
401704854,IND,3133628,38.0,11.7,7.8
401704854,IND,3149673,38.0,25.5,22.6
401704854,IND,4278355,16.0,7.6,6.1
401704854,IND,4396993,39.0,28.8,26.1
401704854,IND,4397126,4.0,0.6,0.3
401704854,IND,4592829,33.0,8.2,6.8
401704854,IND,4683634,40.0,21.8,19.8
401704854,IND,5106060,10.0,0.9,1.3
401704854,IND,5157066,9.0,-1.2,-1.4
401704854,POR,4278129,34.0,17.1,12.0
401704854,POR,4351851,38.0,24.1,22.7
401704854,POR,4397885,17.0,7.3,5.1
401704854,POR,4431736,24.0,6.6,6.9
401704854,POR,4432446,11.0,-0.9,-0.7
401704854,POR,4683021,41.0,15.6,13.6
401704854,POR,4683678,35.0,15.5,16.1
401704854,POR,4914336,37.0,8.5,8.3
401704854,POR,5099752,3.0,0.7,0.7
401704855,CHI,6478,30.0,11.5,9.3
401704855,CHI,3064440,31.0,9.2,8.2
401704855,CHI,3133635,4.0,1.7,1.7
401704855,CHI,4066421,15.0,10.5,4.8
401704855,CHI,4395651,26.0,-0.6,-0.4
401704855,CHI,4396991,14.0,16.0,16.5
401704855,CHI,4397002,31.0,19.4,17.9
401704855,CHI,4432821,17.0,4.7,4.8
401704855,CHI,4433159,2.0,0.0,0.0
401704855,CHI,4592402,4.0,3.9,3.7
401704855,CHI,4711294,25.0,-0.2,0.9
401704855,CHI,4871145,23.0,13.5,12.0
401704855,CHI,5105553,17.0,4.6,3.0
401704855,ORL,6446,4.0,-1.0,-1.0
401704855,ORL,2581018,34.0,22.0,18.5
401704855,ORL,3150844,18.0,15.4,14.9
401704855,ORL,4065654,22.0,6.9,2.3
401704855,ORL,4277847,18.0,4.6,1.7
401704855,ORL,4348700,25.0,17.6,11.9
401704855,ORL,4432165,32.0,25.8,26.0
401704855,ORL,4432809,11.0,5.2,5.7
401704855,ORL,4433623,4.0,2.0,2.0
401704855,ORL,4566434,31.0,13.8,11.7
401704855,ORL,4702382,19.0,7.3,6.4
401704855,ORL,4712849,15.0,3.2,3.1
401704855,ORL,5105806,4.0,-0.7,-0.7
401704856,HOU,2991230,42.0,10.0,6.0
401704856,HOU,2991235,7.0,0.7,0.2
401704856,HOU,3155526,36.0,-6.4,-6.9
401704856,HOU,3922230,6.0,2.0,2.0
401704856,HOU,4432639,25.0,5.7,5.4
401704856,HOU,4433192,26.0,14.4,12.2
401704856,HOU,4437244,41.0,32.6,28.5
401704856,HOU,4684740,40.0,21.1,15.3
401704856,HOU,4711272,6.0,-1.4,-2.4
401704856,HOU,4871144,35.0,24.5,19.6
401704856,PHI,3431,7.0,0.6,1.0
401704856,PHI,6443,5.0,1.7,0.7
401704856,PHI,6585,29.0,8.8,6.2
401704856,PHI,3133603,45.0,4.5,3.6
401704856,PHI,4017844,43.0,17.6,16.3
401704856,PHI,4431678,45.0,27.8,23.8
401704856,PHI,4431828,22.0,6.7,6.4
401704856,PHI,4683778,41.0,4.2,1.4
401704856,PHI,4701234,27.0,13.1,9.5
401704857,LAC,3416,25.0,5.3,4.8
401704857,LAC,3992,32.0,37.9,34.0
401704857,LAC,2991139,20.0,2.7,0.7
401704857,LAC,3907823,25.0,10.0,6.4
401704857,LAC,3936099,18.0,3.4,3.5
401704857,LAC,4017837,24.0,20.7,16.4
401704857,LAC,4066387,21.0,5.3,3.3
401704857,LAC,4277919,16.0,5.1,2.9
401704857,LAC,4396818,20.0,9.0,9.1
401704857,LAC,4397140,25.0,-0.1,-3.2
401704857,LAC,4431699,8.0,3.9,3.4
401704857,LAC,4592492,8.0,9.5,8.0
401704857,WAS,6477,18.0,15.6,13.8
401704857,WAS,2566769,22.0,16.3,14.4
401704857,WAS,2581184,15.0,5.7,4.7
401704857,WAS,3134907,8.0,-0.1,-0.7
401704857,WAS,4277848,8.0,7.0,5.4
401704857,WAS,4277956,25.0,0.8,-0.8
401704857,WAS,4280151,23.0,7.5,4.7
401704857,WAS,4395695,8.0,0.1,0.9
401704857,WAS,4432356,8.0,3.6,3.7
401704857,WAS,4433246,8.0,3.3,2.4
401704857,WAS,4845374,19.0,1.0,2.0
401704857,WAS,5104155,31.0,0.1,-2.1
401704857,WAS,5160992,23.0,5.0,3.6
401704857,WAS,5174563,26.0,-1.3,-0.7
401704858,DAL,6442,35.0,16.4,16.2
401704858,DAL,2531367,7.0,1.5,0.0
401704858,DAL,2580782,33.0,22.5,22.5
401704858,DAL,2960236,24.0,-1.3,-0.4
401704858,DAL,4278078,36.0,18.5,13.9
401704858,DAL,4278594,30.0,16.1,16.9
401704858,DAL,4397014,29.0,15.4,14.0
401704858,DAL,4683688,29.0,16.1,12.9
401704858,DAL,4708972,2.0,1.9,2.7
401704858,DAL,4868423,16.0,1.2,0.9
401704858,NYK,3062679,42.0,11.9,8.8
401704858,NYK,3064230,20.0,4.3,4.4
401704858,NYK,3136195,35.0,21.7,18.7
401704858,NYK,3147657,39.0,9.8,9.3
401704858,NYK,3934672,36.0,31.7,30.4
401704858,NYK,3934719,40.0,1.0,1.2
401704858,NYK,4277922,13.0,3.1,1.3
401704858,NYK,4431823,15.0,7.3,5.4
401704859,DET,2528210,22.0,6.9,5.7
401704859,DET,3899664,22.0,14.1,13.2
401704859,DET,3907822,20.0,11.1,9.5
401704859,DET,4278562,15.0,8.1,6.7
401704859,DET,4397134,9.0,-1.8,-2.1
401704859,DET,4432107,27.0,21.3,20.1
401704859,DET,4432810,18.0,-3.6,-4.2
401704859,DET,4433218,18.0,5.5,5.3
401704859,DET,4433621,21.0,5.4,4.1
401704859,DET,4592187,22.0,3.4,1.0
401704859,DET,4683771,26.0,9.4,8.6
401704859,DET,4684742,20.0,1.9,1.9
401704859,MEM,2990992,20.0,26.7,23.4
401704859,MEM,3134932,4.0,0.3,0.0
401704859,MEM,3906665,19.0,13.9,12.2
401704859,MEM,3913174,24.0,2.6,2.0
401704859,MEM,4065731,22.0,9.3,10.0
401704859,MEM,4066320,22.0,1.2,-1.2
401704859,MEM,4277961,22.0,6.3,3.9
401704859,MEM,4431785,31.0,18.9,14.6
401704859,MEM,4592691,25.0,17.1,17.0
401704859,MEM,4593125,23.0,8.2,7.1
401704859,MEM,5112087,24.0,9.6,7.7
401704859,MEM,5159895,3.0,0.3,0.7
401704860,MIN,3195,32.0,11.6,9.7
401704860,MIN,3032976,37.0,14.6,11.5
401704860,MIN,3064514,36.0,16.7,13.9
401704860,MIN,3934673,25.0,1.9,1.0
401704860,MIN,4278039,20.0,18.3,16.9
401704860,MIN,4396971,24.0,5.4,0.6
401704860,MIN,4431671,24.0,-1.7,-0.7
401704860,MIN,4594268,37.0,22.8,18.6
401704860,MIN,4684275,6.0,-1.7,-2.0
401704860,SAC,6581,27.0,5.1,5.1
401704860,SAC,2528588,1.0,-0.8,-0.7
401704860,SAC,2596107,6.0,2.0,0.7
401704860,SAC,3134916,2.0,-1.4,-1.4
401704860,SAC,3155942,34.0,23.8,22.7
401704860,SAC,4066259,38.0,18.4,14.4
401704860,SAC,4066262,35.0,26.3,24.8
401704860,SAC,4066372,14.0,-2.5,-3.1
401704860,SAC,4594327,39.0,5.1,4.0
401704860,SAC,4702177,22.0,6.9,4.7
401704860,SAC,5107818,21.0,7.3,6.8
401704861,NOP,2451037,14.0,4.5,3.4
401704861,NOP,2490149,30.0,8.7,8.5
401704861,NOP,2583639,27.0,8.0,4.5
401704861,NOP,2596112,28.0,7.6,3.4
401704861,NOP,3907497,25.0,3.7,2.1
401704861,NOP,4395623,6.0,1.6,2.1
401704861,NOP,4432162,21.0,4.4,3.1
401704861,NOP,4432813,33.0,12.7,9.1
401704861,NOP,4592686,6.0,4.0,3.7
401704861,NOP,4683750,22.0,2.1,1.2
401704861,NOP,5061589,28.0,10.9,7.6
401704861,TOR,4023,4.0,1.0,0.0
401704861,TOR,3134908,31.0,3.4,0.2
401704861,TOR,3948153,12.0,-1.8,-2.1
401704861,TOR,4277952,6.0,2.6,2.4
401704861,TOR,4278053,15.0,0.7,1.1
401704861,TOR,4395625,33.0,18.8,17.5
401704861,TOR,4397018,28.0,24.7,22.0
401704861,TOR,4431893,22.0,24.0,22.7
401704861,TOR,4432241,15.0,8.7,6.8
401704861,TOR,4433134,32.0,8.3,6.0
401704861,TOR,4684272,28.0,12.8,8.1
401704861,TOR,5107897,15.0,4.3,3.4
401704862,LAL,1966,33.0,15.2,11.4
401704862,LAL,6583,35.0,22.3,19.1
401704862,LAL,3136776,26.0,16.1,15.6
401704862,LAL,3137259,6.0,-0.4,0.0
401704862,LAL,4066457,31.0,5.9,5.7
401704862,LAL,4066648,26.0,14.9,14.5
401704862,LAL,4395627,17.0,-1.8,-2.0
401704862,LAL,4431778,8.0,3.6,3.4
401704862,LAL,4432582,22.0,11.7,9.8
401704862,LAL,4684286,3.0,0.0,0.0
401704862,LAL,4897943,31.0,16.0,12.4
401704862,LAL,5104156,3.0,2.7,1.7
401704862,SAS,2779,25.0,6.2,5.4
401704862,SAS,6578,33.0,11.2,11.4
401704862,SAS,4066650,11.0,5.1,4.8
401704862,SAS,4278580,4.0,2.3,2.0
401704862,SAS,4395626,14.0,4.1,3.8
401704862,SAS,4395630,21.0,8.8,7.4
401704862,SAS,4395723,22.0,2.1,1.3
401704862,SAS,4397886,4.0,2.7,2.4
401704862,SAS,4565201,4.0,0.3,0.0
401704862,SAS,4592479,31.0,14.9,12.4
401704862,SAS,4683935,6.0,-3.1,-3.1
401704862,SAS,4845367,30.0,9.6,9.5
401704862,SAS,5081727,4.0,0.0,0.0
401704862,SAS,5104157,33.0,14.9,9.1
401704863,BKN,2578185,32.0,7.3,6.4
401704863,BKN,3032979,34.0,19.8,18.3
401704863,BKN,3138196,31.0,12.2,8.1
401704863,BKN,3907387,27.0,17.3,15.5
401704863,BKN,3915195,21.0,5.0,4.5
401704863,BKN,4397179,28.0,25.3,25.6
401704863,BKN,4431675,22.0,10.2,11.1
401704863,BKN,4432192,20.0,1.3,2.7
401704863,BKN,4433137,25.0,8.0,6.4
401704863,PHX,3202,33.0,17.9,14.6
401704863,PHX,6580,27.0,8.5,8.4
401704863,PHX,2488653,16.0,8.0,7.5
401704863,PHX,2583632,29.0,9.7,6.1
401704863,PHX,3102530,17.0,6.4,5.8
401704863,PHX,3135045,30.0,7.3,4.3
401704863,PHX,3135046,32.0,14.0,13.8
401704863,PHX,3136193,39.0,20.3,21.7
401704863,PHX,4065663,1.0,-0.7,-0.7
401704863,PHX,4397102,1.0,0.0,0.0
401704863,PHX,4601023,7.0,0.9,0.0
401704863,PHX,4888725,9.0,-1.9,-1.4
401704864,DEN,3442,13.0,1.2,0.0
401704864,DEN,3468,19.0,8.0,5.0
401704864,DEN,3112335,34.0,30.9,27.5
401704864,DEN,3936299,36.0,23.2,19.4
401704864,DEN,4278104,31.0,17.4,16.3
401704864,DEN,4395620,16.0,3.1,1.3
401704864,DEN,4431690,2.0,0.0,0.0
401704864,DEN,4431767,41.0,18.3,15.9
401704864,DEN,4432181,15.0,5.4,6.3
401704864,DEN,4433268,2.0,0.0,0.0
401704864,DEN,4576087,28.0,9.6,7.7
401704864,DEN,4592427,2.0,0.3,-0.7
401704864,DEN,4701225,2.0,-0.7,-0.7
401704864,UTA,3133602,21.0,2.6,1.6
401704864,UTA,3914285,2.0,-0.4,0.0
401704864,UTA,4066399,32.0,11.9,10.0
401704864,UTA,4277811,39.0,19.1,19.5
401704864,UTA,4432817,18.0,-0.6,-1.0
401704864,UTA,4432827,16.0,6.3,3.7
401704864,UTA,4433136,31.0,21.2,17.1
401704864,UTA,4433627,35.0,12.5,10.9
401704864,UTA,4683766,22.0,-3.0,-2.2
401704864,UTA,5105839,25.0,8.5,7.0
401704865,GSW,6589,32.0,12.5,7.2
401704865,GSW,2990984,23.0,10.9,11.4
401704865,GSW,2993874,17.0,8.5,7.7
401704865,GSW,3059319,35.0,10.7,8.8
401704865,GSW,3134903,7.0,2.7,1.7
401704865,GSW,3155535,12.0,3.1,2.7
401704865,GSW,4066317,24.0,2.2,0.5
401704865,GSW,4431684,4.0,1.0,1.0
401704865,GSW,4432171,13.0,-2.9,-2.4
401704865,GSW,4433247,28.0,8.9,7.2
401704865,GSW,4592714,15.0,5.0,4.8
401704865,GSW,4709138,30.0,12.0,9.5
401704865,OKC,3133626,15.0,2.2,2.0
401704865,OKC,4222252,31.0,11.7,8.4
401704865,OKC,4278073,39.0,23.4,19.5
401704865,OKC,4395702,31.0,11.3,9.3
401704865,OKC,4397020,32.0,1.7,0.7
401704865,OKC,4397183,14.0,4.0,3.7
401704865,OKC,4593803,16.0,16.2,12.4
401704865,OKC,4683692,33.0,17.4,13.4
401704865,OKC,4702159,13.0,2.2,1.0
401704865,OKC,4900671,16.0,-3.3,-3.5
401704866,ATL,3102529,20.0,9.1,4.1
401704866,ATL,3913180,13.0,-1.0,-1.5
401704866,ATL,4065732,25.0,11.8,12.0
401704866,ATL,4277905,31.0,7.4,6.0
401704866,ATL,4431680,28.0,15.9,14.6
401704866,ATL,4578893,12.0,1.2,1.4
401704866,ATL,4683736,17.0,7.9,6.3
401704866,ATL,4701230,38.0,19.3,17.1
401704866,ATL,4869342,31.0,7.2,4.4
401704866,ATL,5211175,25.0,12.5,9.5
401704866,CHA,2326307,5.0,-1.1,-1.0
401704866,CHA,3102532,34.0,14.3,11.6
401704866,CHA,3138161,26.0,12.3,10.5
401704866,CHA,4278076,25.0,11.9,9.7
401704866,CHA,4432811,36.0,11.9,10.3
401704866,CHA,4433249,22.0,9.9,8.0
401704866,CHA,4433287,39.0,19.6,16.9
401704866,CHA,4683686,17.0,3.6,2.3
401704866,CHA,4683834,14.0,3.4,3.3
401704866,CHA,5211176,22.0,-4.0,-5.9
401704867,DET,6440,23.0,2.3,0.5
401704867,DET,2528210,21.0,-4.6,-4.2
401704867,DET,3899664,23.0,0.5,-1.2
401704867,DET,3907822,27.0,18.3,16.9
401704867,DET,4278562,14.0,6.1,3.0
401704867,DET,4432107,26.0,10.7,8.1
401704867,DET,4432810,15.0,6.3,5.4
401704867,DET,4433218,27.0,9.5,9.0
401704867,DET,4433621,13.0,0.4,0.8
401704867,DET,4592187,16.0,7.6,7.7
401704867,DET,4683771,23.0,-1.9,-1.3
401704867,DET,4684742,14.0,7.8,6.8
401704867,PHI,3431,10.0,0.9,-1.4
401704867,PHI,4251,26.0,6.9,5.0
401704867,PHI,6585,4.0,5.0,3.4
401704867,PHI,3133603,31.0,14.3,10.8
401704867,PHI,4017844,25.0,6.1,4.4
401704867,PHI,4431678,35.0,19.8,18.1
401704867,PHI,4431720,3.0,-3.7,-3.7
401704867,PHI,4431828,27.0,20.8,19.0
401704867,PHI,4683778,29.0,1.3,1.6
401704867,PHI,4701234,27.0,16.8,15.1
401704867,PHI,4711297,3.0,0.0,0.0
401704867,PHI,5105637,20.0,3.0,1.3
401704868,MIL,3448,35.0,13.0,12.1
401704868,MIL,6606,40.0,25.4,21.3
401704868,MIL,2990962,24.0,11.6,10.8
401704868,MIL,3032977,38.0,38.0,34.3
401704868,MIL,3064447,8.0,1.0,1.0
401704868,MIL,3064482,23.0,11.0,8.5
401704868,MIL,4277843,20.0,1.5,0.7
401704868,MIL,4397475,26.0,7.6,9.7
401704868,MIL,4432190,26.0,-2.8,-3.4
401704868,WAS,6477,31.0,13.5,12.3
401704868,WAS,2566769,30.0,25.6,23.6
401704868,WAS,2581184,3.0,0.0,0.0
401704868,WAS,4277848,4.0,4.7,4.4
401704868,WAS,4277956,34.0,23.1,20.4
401704868,WAS,4280151,31.0,12.4,12.5
401704868,WAS,4845374,16.0,1.4,0.3
401704868,WAS,5104155,36.0,3.4,2.0
401704868,WAS,5160992,36.0,4.2,4.3
401704868,WAS,5174563,19.0,-0.2,-0.3
401704869,GSW,3975,32.0,16.0,14.6
401704869,GSW,6589,31.0,12.4,10.3
401704869,GSW,2990984,16.0,9.3,8.0
401704869,GSW,2993874,7.0,3.3,1.7
401704869,GSW,3059319,34.0,10.1,9.0
401704869,GSW,3134903,12.0,-0.8,-1.4
401704869,GSW,3155535,16.0,10.3,9.9
401704869,GSW,4066317,13.0,2.5,2.0
401704869,GSW,4431684,15.0,4.4,2.1
401704869,GSW,4432171,3.0,-1.7,-1.7
401704869,GSW,4433247,19.0,5.1,5.1
401704869,GSW,4592714,8.0,2.3,2.1
401704869,GSW,4709138,33.0,13.2,9.8
401704869,PHX,3202,36.0,12.8,8.1
401704869,PHX,2488653,16.0,1.6,-1.0
401704869,PHX,2583632,19.0,9.3,9.1
401704869,PHX,3059310,15.0,9.9,8.5
401704869,PHX,3135045,32.0,16.7,14.8
401704869,PHX,3135046,32.0,20.9,20.4
401704869,PHX,3136193,38.0,24.0,21.5
401704869,PHX,4601023,31.0,5.8,3.8
401704869,PHX,4888725,20.0,1.4,0.4
401704870,DAL,6442,36.0,26.7,21.6
401704870,DAL,2531367,1.0,0.0,0.0
401704870,DAL,2580782,31.0,10.3,8.2
401704870,DAL,2960236,29.0,-1.0,-2.7
401704870,DAL,4278049,24.0,16.2,14.0
401704870,DAL,4278078,35.0,11.9,8.7
401704870,DAL,4278594,13.0,-0.1,0.3
401704870,DAL,4397014,29.0,12.8,12.4
401704870,DAL,4397693,1.0,0.0,0.0
401704870,DAL,4595400,1.0,0.0,0.0
401704870,DAL,4683688,23.0,11.5,9.3
401704870,DAL,4708972,1.0,2.4,1.7
401704870,DAL,4868423,16.0,-0.7,-2.1
401704870,UTA,3908845,37.0,12.5,10.1
401704870,UTA,3914285,14.0,1.1,-0.7
401704870,UTA,4066336,34.0,9.2,7.4
401704870,UTA,4066399,13.0,5.3,3.7
401704870,UTA,4277811,30.0,6.5,5.3
401704870,UTA,4432817,15.0,1.5,0.3
401704870,UTA,4433136,30.0,26.3,19.0
401704870,UTA,4433627,33.0,1.6,0.7
401704870,UTA,4683766,12.0,-2.8,-2.0
401704870,UTA,5105839,23.0,10.1,8.0
401704871,BKN,3032979,37.0,9.1,8.0
401704871,BKN,3138196,36.0,19.2,19.8
401704871,BKN,3907387,12.0,2.6,2.5
401704871,BKN,3915195,20.0,2.4,2.6
401704871,BKN,4278067,28.0,3.1,0.9
401704871,BKN,4397179,8.0,1.7,0.7
401704871,BKN,4431675,25.0,7.9,7.9
401704871,BKN,4431714,22.0,2.9,3.0
401704871,BKN,4432192,32.0,6.5,5.3
401704871,BKN,4433137,22.0,0.6,-1.9
401704871,ORL,2581018,34.0,12.9,10.7
401704871,ORL,3150844,16.0,12.3,9.9
401704871,ORL,4065654,8.0,-0.9,-0.3
401704871,ORL,4277847,28.0,13.9,11.9
401704871,ORL,4348700,32.0,17.3,11.8
401704871,ORL,4432165,27.0,5.3,5.1
401704871,ORL,4432809,5.0,1.3,1.0
401704871,ORL,4566434,38.0,13.8,11.2
401704871,ORL,4702382,23.0,2.2,0.0
401704871,ORL,4712849,20.0,3.8,2.3
401704871,ORL,5105806,10.0,-1.5,-0.7
401704872,IND,2530530,22.0,13.3,12.6
401704872,IND,3133628,31.0,6.6,5.6
401704872,IND,3149673,30.0,11.0,11.2
401704872,IND,4278355,22.0,12.7,10.1
401704872,IND,4395712,15.0,13.3,11.5
401704872,IND,4396993,37.0,7.1,5.8
401704872,IND,4397126,3.0,0.0,0.0
401704872,IND,4592699,3.0,-0.7,-0.7
401704872,IND,4592829,9.0,1.3,2.3
401704872,IND,4592965,2.0,0.0,0.0
401704872,IND,4683634,34.0,14.3,12.3
401704872,IND,5106060,25.0,11.6,7.6
401704872,IND,5157066,7.0,3.3,3.7
401704872,MEM,2990992,23.0,13.3,12.8
401704872,MEM,3134932,2.0,2.7,2.7
401704872,MEM,3906665,24.0,9.3,8.2
401704872,MEM,3913174,14.0,6.6,4.7
401704872,MEM,4065731,6.0,-1.4,-1.7
401704872,MEM,4066320,30.0,12.7,11.5
401704872,MEM,4277961,29.0,23.1,17.4
401704872,MEM,4279888,27.0,19.0,17.5
401704872,MEM,4431785,11.0,-0.4,0.0
401704872,MEM,4592691,22.0,12.3,11.1
401704872,MEM,4593125,25.0,17.1,16.0
401704872,MEM,5112087,26.0,9.4,9.1
401704872,MEM,5159895,1.0,-0.4,0.0
401704873,BOS,3213,30.0,6.5,4.3
401704873,BOS,3995,34.0,2.3,0.4
401704873,BOS,3064560,9.0,2.2,-1.4
401704873,BOS,3102531,32.0,18.3,14.0
401704873,BOS,4065648,38.0,23.0,19.7
401704873,BOS,4065804,36.0,12.7,11.2
401704873,BOS,4066354,36.0,18.7,17.0
401704873,BOS,4397689,25.0,4.6,4.3
401704873,CLE,2990969,22.0,11.1,10.8
401704873,CLE,2991043,23.0,5.8,3.4
401704873,CLE,3908809,35.0,27.0,23.7
401704873,CLE,4065733,11.0,2.9,3.3
401704873,CLE,4066328,32.0,8.0,5.4
401704873,CLE,4066757,21.0,1.3,0.3
401704873,CLE,4396907,32.0,21.1,21.2
401704873,CLE,4432158,35.0,4.2,-0.4
401704873,CLE,4432822,24.0,7.6,7.5
401704873,CLE,4683747,4.0,-0.5,0.0
401704874,NOP,2451037,7.0,0.0,0.0
401704874,NOP,2490149,25.0,7.8,7.0
401704874,NOP,2583639,17.0,7.6,4.9
401704874,NOP,2596112,23.0,4.0,0.1
401704874,NOP,3907497,30.0,5.5,1.3
401704874,NOP,4278572,8.0,10.8,7.8
401704874,NOP,4395623,15.0,-1.4,-2.2
401704874,NOP,4397688,29.0,4.6,3.5
401704874,NOP,4432162,19.0,12.5,10.0
401704874,NOP,4432813,20.0,-0.6,-0.7
401704874,NOP,4592686,19.0,-1.6,-2.1
401704874,NOP,4997538,9.0,1.0,-0.7
401704874,NOP,5061589,20.0,11.1,11.0
401704874,NYK,3062679,31.0,13.9,10.5
401704874,NYK,3064230,16.0,10.3,6.8
401704874,NYK,3136195,25.0,14.8,8.7
401704874,NYK,3147657,36.0,23.7,22.2
401704874,NYK,3908336,9.0,3.3,3.0
401704874,NYK,3934672,26.0,13.4,14.6
401704874,NYK,3934719,31.0,6.8,0.5
401704874,NYK,4277922,23.0,9.7,6.3
401704874,NYK,4431823,22.0,10.0,9.5
401704874,NYK,4433225,6.0,1.6,1.0
401704874,NYK,4592461,5.0,-1.4,-1.7
401704874,NYK,4871141,9.0,1.8,2.0
401704875,MIA,3449,10.0,3.7,5.0
401704875,MIA,6429,6.0,5.6,3.3
401704875,MIA,6430,34.0,17.7,16.2
401704875,MIA,3074752,29.0,12.6,13.1
401704875,MIA,3157465,21.0,-1.9,-1.1
401704875,MIA,4066261,39.0,13.2,8.6
401704875,MIA,4291678,27.0,7.5,4.0
401704875,MIA,4395725,37.0,27.3,24.5
401704875,MIA,4432848,19.0,5.6,2.7
401704875,MIA,4601025,18.0,5.5,3.6
401704875,TOR,3134908,37.0,16.9,13.7
401704875,TOR,3948153,16.0,6.5,4.3
401704875,TOR,4278053,28.0,3.1,3.7
401704875,TOR,4395625,38.0,30.1,28.5
401704875,TOR,4397018,38.0,7.3,6.1
401704875,TOR,4431893,14.0,1.6,1.0
401704875,TOR,4432241,4.0,0.3,0.7
401704875,TOR,4433134,35.0,18.8,16.9
401704875,TOR,4684272,17.0,6.7,7.7
401704875,TOR,5107897,14.0,6.3,5.6
401704876,HOU,2991230,35.0,28.8,29.4
401704876,HOU,2991235,4.0,0.9,0.6
401704876,HOU,3155526,29.0,13.7,14.2
401704876,HOU,4432639,40.0,12.2,7.3
401704876,HOU,4433192,24.0,4.5,1.6
401704876,HOU,4437244,34.0,3.0,2.9
401704876,HOU,4684740,26.0,3.2,3.9
401704876,HOU,4711272,10.0,2.5,1.9
401704876,HOU,4871144,38.0,21.5,18.9
401704876,OKC,3133626,15.0,1.7,2.3
401704876,OKC,4222252,30.0,19.6,16.6
401704876,OKC,4278073,36.0,27.8,24.8
401704876,OKC,4395702,13.0,-2.1,-1.3
401704876,OKC,4397020,27.0,8.1,7.5
401704876,OKC,4397183,27.0,10.0,9.1
401704876,OKC,4593803,37.0,15.6,13.6
401704876,OKC,4683692,36.0,12.4,12.8
401704876,OKC,4702159,11.0,4.6,4.0
401704876,OKC,4900671,7.0,-3.5,-3.1
401704877,LAL,1966,36.0,21.9,19.7
401704877,LAL,6583,39.0,25.3,20.0
401704877,LAL,3137259,32.0,10.2,9.5
401704877,LAL,4066648,40.0,12.7,11.1
401704877,LAL,4431778,9.0,0.3,0.0
401704877,LAL,4432582,30.0,11.1,9.9
401704877,LAL,4433626,13.0,3.6,4.1
401704877,LAL,4897943,30.0,2.4,2.2
401704877,LAL,5104156,11.0,-0.2,-1.4
401704877,UTA,3908845,36.0,18.3,16.3
401704877,UTA,3914285,11.0,0.6,0.7
401704877,UTA,4066336,38.0,17.8,15.4
401704877,UTA,4066399,15.0,-0.5,-0.7
401704877,UTA,4277811,29.0,10.0,8.5
401704877,UTA,4432817,16.0,9.1,9.0
401704877,UTA,4433136,35.0,14.9,12.7
401704877,UTA,4433627,32.0,6.2,5.8
401704877,UTA,4683766,12.0,1.9,0.4
401704877,UTA,5105839,17.0,3.5,3.7
401704878,DAL,2531367,15.0,5.3,6.1
401704878,DAL,2580782,34.0,18.3,17.2
401704878,DAL,2960236,27.0,0.4,-0.4
401704878,DAL,3945274,36.0,34.8,30.5
401704878,DAL,4278049,27.0,15.9,15.8
401704878,DAL,4278078,37.0,12.7,11.6
401704878,DAL,4397014,36.0,27.3,21.9
401704878,DAL,4595400,3.0,-0.4,-1.4
401704878,DAL,4868423,23.0,8.8,7.3
401704878,POR,2991070,37.0,12.7,11.4
401704878,POR,4278129,32.0,12.1,11.6
401704878,POR,4351851,23.0,22.9,23.4
401704878,POR,4397885,25.0,7.0,6.1
401704878,POR,4431736,36.0,17.1,15.3
401704878,POR,4432446,12.0,0.8,1.4
401704878,POR,4594326,5.0,-0.0,0.4
401704878,POR,4683021,29.0,13.8,12.8
401704878,POR,4914336,37.0,13.9,11.8
401704878,POR,5099752,3.0,2.3,2.7
401704879,SAC,3978,37.0,28.1,23.9
401704879,SAC,6581,11.0,2.5,1.7
401704879,SAC,3155942,37.0,23.9,25.0
401704879,SAC,4066259,37.0,20.1,16.9
401704879,SAC,4066262,37.0,16.8,14.2
401704879,SAC,4433378,7.0,-0.4,-0.7
401704879,SAC,4594327,38.0,5.4,4.4
401704879,SAC,4702177,17.0,4.0,4.0
401704879,SAC,5107818,19.0,9.1,8.8
401704879,SAS,2779,34.0,14.5,12.6
401704879,SAS,6578,27.0,7.6,6.1
401704879,SAS,4066650,6.0,-0.7,-0.3
401704879,SAS,4395626,14.0,10.4,7.1
401704879,SAS,4395630,24.0,16.2,15.9
401704879,SAS,4395723,29.0,12.3,12.3
401704879,SAS,4397886,6.0,-1.9,-0.3
401704879,SAS,4592479,32.0,20.6,16.1
401704879,SAS,4845367,33.0,-1.2,-1.5
401704879,SAS,5104157,37.0,34.5,29.8
401704880,DEN,3468,25.0,10.1,7.3
401704880,DEN,3064290,24.0,9.0,8.5
401704880,DEN,3112335,39.0,23.8,20.0
401704880,DEN,3936299,38.0,14.9,14.3
401704880,DEN,4278104,32.0,12.9,12.0
401704880,DEN,4431767,36.0,9.8,8.1
401704880,DEN,4432181,19.0,13.1,13.6
401704880,DEN,4576087,29.0,12.7,10.9
401704880,LAC,3416,23.0,6.0,6.9
401704880,LAC,3992,38.0,30.4,28.9
401704880,LAC,2595516,25.0,20.4,19.4
401704880,LAC,2991139,23.0,8.2,2.7
401704880,LAC,3907823,25.0,12.7,13.2
401704880,LAC,3936099,25.0,2.5,0.3
401704880,LAC,4017837,35.0,2.6,1.9
401704880,LAC,4066387,18.0,8.9,9.1
401704880,LAC,4277919,13.0,7.5,4.0
401704880,LAC,4396818,15.0,6.8,6.5
401704881,ATL,3037789,25.0,4.5,2.9
401704881,ATL,3102529,29.0,16.2,10.3
401704881,ATL,4065732,29.0,14.2,15.1
401704881,ATL,4277905,36.0,10.9,9.0
401704881,ATL,4431680,19.0,12.0,10.1
401704881,ATL,4683736,12.0,8.1,7.8
401704881,ATL,4701230,32.0,15.7,12.3
401704881,ATL,4869342,35.0,17.3,11.8
401704881,ATL,5211175,24.0,7.4,6.2
401704881,NOP,2451037,13.0,2.8,1.7
401704881,NOP,2490149,35.0,17.2,16.6
401704881,NOP,2583639,6.0,0.0,-1.0
401704881,NOP,2596112,26.0,9.9,7.7
401704881,NOP,3907497,38.0,7.5,0.3
401704881,NOP,4397688,37.0,11.1,10.1
401704881,NOP,4432162,29.0,11.1,9.3
401704881,NOP,4432813,22.0,7.0,4.4
401704881,NOP,5061589,35.0,18.9,17.3
401704882,BOS,3064560,27.0,10.1,6.2
401704882,BOS,3078576,31.0,16.6,17.0
401704882,BOS,3917376,31.0,21.8,20.7
401704882,BOS,4065648,36.0,6.8,3.6
401704882,BOS,4066354,33.0,23.1,19.6
401704882,BOS,4277964,11.0,-0.4,-0.3
401704882,BOS,4397424,15.0,5.4,4.1
401704882,BOS,4397689,26.0,7.1,6.0
401704882,BOS,4432164,3.0,0.0,0.0
401704882,BOS,4576085,3.0,0.3,0.0
401704882,BOS,4593841,11.0,-0.5,-1.4
401704882,BOS,4683689,13.0,-1.2,-1.7
401704882,MIA,6429,8.0,-0.7,-0.7
401704882,MIA,3074752,22.0,1.2,0.3
401704882,MIA,3157465,20.0,2.1,2.3
401704882,MIA,3934723,10.0,0.5,0.3
401704882,MIA,4066261,33.0,9.1,6.7
401704882,MIA,4066993,21.0,9.4,7.5
401704882,MIA,4291678,35.0,9.7,9.2
401704882,MIA,4395725,35.0,9.2,8.5
401704882,MIA,4431786,7.0,1.0,1.0
401704882,MIA,4432848,36.0,17.9,12.5
401704882,MIA,4601025,12.0,6.2,5.8
401704883,BKN,3032979,29.0,15.1,15.3
401704883,BKN,3915195,35.0,9.3,7.1
401704883,BKN,4278067,24.0,9.1,6.0
401704883,BKN,4397179,33.0,13.1,11.4
401704883,BKN,4431675,17.0,8.3,7.3
401704883,BKN,4431714,26.0,-2.3,-2.1
401704883,BKN,4432192,30.0,5.5,4.0
401704883,BKN,4432194,16.0,5.3,3.7
401704883,BKN,4432735,24.0,15.3,12.4
401704883,BKN,5159486,6.0,-1.2,-1.8
401704883,CHI,6478,28.0,20.6,18.0
401704883,CHI,3064440,26.0,15.5,14.5
401704883,CHI,3133635,4.0,-1.4,-1.7
401704883,CHI,4066421,13.0,5.6,3.7
401704883,CHI,4396991,17.0,7.4,6.7
401704883,CHI,4397002,30.0,15.2,13.6
401704883,CHI,4397189,15.0,6.6,4.7
401704883,CHI,4432821,4.0,1.3,1.0
401704883,CHI,4433159,18.0,0.1,1.4
401704883,CHI,4592402,4.0,0.2,-0.3
401704883,CHI,4711294,22.0,19.0,17.2
401704883,CHI,4871145,32.0,18.8,14.3
401704883,CHI,5105553,26.0,5.5,3.3
401704884,LAL,1966,31.0,-0.4,-1.5
401704884,LAL,6583,33.0,8.9,6.7
401704884,LAL,3136776,34.0,16.8,16.0
401704884,LAL,3137259,22.0,3.8,2.3
401704884,LAL,4066648,29.0,10.3,8.2
401704884,LAL,4395627,11.0,2.2,1.3
401704884,LAL,4431778,8.0,0.2,0.0
401704884,LAL,4432582,21.0,-1.2,-1.8
401704884,LAL,4684286,8.0,4.8,3.8
401704884,LAL,4897943,28.0,0.3,-0.2
401704884,LAL,5104156,15.0,1.8,0.7
401704884,MIN,3195,22.0,8.0,7.5
401704884,MIN,3032976,32.0,17.6,16.0
401704884,MIN,3064514,24.0,15.1,13.1
401704884,MIN,3923250,6.0,-0.1,-0.3
401704884,MIN,3934673,28.0,16.4,13.3
401704884,MIN,4277951,6.0,5.0,5.4
401704884,MIN,4278039,26.0,10.3,11.1
401704884,MIN,4396971,28.0,13.2,11.1
401704884,MIN,4431671,23.0,1.6,-0.7
401704884,MIN,4432176,5.0,0.0,-0.6
401704884,MIN,4432847,6.0,3.0,2.7
401704884,MIN,4594268,27.0,2.5,-1.2
401704884,MIN,4687718,8.0,2.9,1.7
401704885,BOS,3213,30.0,11.9,10.2
401704885,BOS,3064560,21.0,13.3,8.5
401704885,BOS,3078576,38.0,16.2,13.1
401704885,BOS,3102531,29.0,20.8,19.1
401704885,BOS,3917376,39.0,23.2,18.7
401704885,BOS,4065804,31.0,15.3,14.1
401704885,BOS,4066354,34.0,13.0,12.9
401704885,BOS,4277964,8.0,0.6,-1.0
401704885,BOS,4397689,3.0,0.3,0.0
401704885,BOS,4683689,7.0,-1.0,-1.0
401704885,DET,6440,31.0,23.3,20.8
401704885,DET,2528210,25.0,0.5,0.0
401704885,DET,3899664,11.0,2.0,1.7
401704885,DET,3907822,33.0,18.9,16.4
401704885,DET,4432107,19.0,12.7,10.2
401704885,DET,4432166,34.0,22.7,21.9
401704885,DET,4432810,22.0,3.2,1.7
401704885,DET,4433218,24.0,6.9,6.4
401704885,DET,4433621,25.0,-0.2,-0.5
401704885,DET,4683771,16.0,6.2,4.7
401704886,BKN,3032979,31.0,-4.0,-5.5
401704886,BKN,3138196,35.0,17.9,13.5
401704886,BKN,3907387,21.0,18.2,12.7
401704886,BKN,3915195,28.0,13.4,12.1
401704886,BKN,4278067,25.0,14.5,12.8
401704886,BKN,4431675,21.0,1.5,2.2
401704886,BKN,4431714,38.0,10.3,7.7
401704886,BKN,4432192,23.0,4.1,2.0
401704886,BKN,4432194,17.0,7.5,6.1
401704886,IND,2530530,28.0,11.7,10.5
401704886,IND,3133628,31.0,10.9,6.8
401704886,IND,3149673,37.0,9.9,7.2
401704886,IND,4278355,24.0,11.9,8.4
401704886,IND,4396993,37.0,16.0,12.1
401704886,IND,4592699,3.0,-1.4,-1.0
401704886,IND,4592829,8.0,-1.5,-1.7
401704886,IND,4683634,32.0,-0.7,-0.4
401704886,IND,5106060,14.0,0.3,0.6
401704886,IND,5157066,25.0,8.7,7.7
401704887,LAL,1966,29.0,23.9,22.5
401704887,LAL,6583,31.0,4.4,2.8
401704887,LAL,3136776,30.0,6.0,5.7
401704887,LAL,3137259,24.0,7.2,4.3
401704887,LAL,4066648,26.0,12.8,11.2
401704887,LAL,4395627,15.0,-1.0,-1.7
401704887,LAL,4431778,13.0,4.3,4.8
401704887,LAL,4432582,26.0,15.6,14.0
401704887,LAL,4684286,9.0,-1.4,-1.4
401704887,LAL,4897943,23.0,1.0,-2.0
401704887,LAL,5104156,13.0,2.9,-0.3
401704887,MIA,3449,15.0,11.7,9.9
401704887,MIA,6430,29.0,20.9,17.4
401704887,MIA,3074752,25.0,11.3,10.1
401704887,MIA,3157465,27.0,9.0,8.2
401704887,MIA,3934723,9.0,7.2,4.6
401704887,MIA,4066261,25.0,17.6,13.3
401704887,MIA,4066993,12.0,3.6,2.8
401704887,MIA,4291678,30.0,13.4,12.9
401704887,MIA,4395725,27.0,22.6,20.5
401704887,MIA,4431786,6.0,0.6,0.0
401704887,MIA,4432848,17.0,8.7,8.2
401704887,MIA,4601025,19.0,7.3,6.2
401704888,ORL,2581018,32.0,6.6,2.6
401704888,ORL,3150844,21.0,7.7,2.9
401704888,ORL,4065654,15.0,17.0,13.6
401704888,ORL,4277847,32.0,1.5,2.3
401704888,ORL,4348700,21.0,8.6,6.5
401704888,ORL,4432165,37.0,12.3,9.4
401704888,ORL,4566434,36.0,23.5,22.5
401704888,ORL,4702382,16.0,6.0,5.4
401704888,ORL,4712849,30.0,9.8,9.3
401704888,PHI,6443,6.0,2.7,2.4
401704888,PHI,3133603,35.0,14.5,12.1
401704888,PHI,3138160,23.0,7.1,4.3
401704888,PHI,4017844,37.0,15.5,15.3
401704888,PHI,4431678,38.0,8.5,6.4
401704888,PHI,4431828,29.0,8.9,7.1
401704888,PHI,4683778,39.0,13.9,14.1
401704888,PHI,4701234,18.0,6.2,5.5
401704888,PHI,5105637,14.0,-1.2,-0.7
401704889,ATL,3037789,26.0,16.7,11.9
401704889,ATL,3102529,24.0,9.9,6.5
401704889,ATL,4065732,28.0,18.4,14.7
401704889,ATL,4277905,35.0,6.6,6.6
401704889,ATL,4431680,24.0,12.4,9.7
401704889,ATL,4683736,13.0,0.6,1.0
401704889,ATL,4701230,40.0,21.6,16.3
401704889,ATL,4869342,31.0,10.7,9.5
401704889,ATL,5211175,19.0,7.5,8.4
401704889,MIL,3448,35.0,8.6,5.1
401704889,MIL,6606,34.0,18.3,16.5
401704889,MIL,2578239,5.0,-0.0,-0.3
401704889,MIL,2990962,25.0,8.2,7.1
401704889,MIL,3032977,36.0,24.6,22.3
401704889,MIL,3064447,12.0,3.6,2.7
401704889,MIL,3064482,18.0,4.0,1.7
401704889,MIL,4277843,31.0,5.3,5.6
401704889,MIL,4279532,2.0,0.0,0.0
401704889,MIL,4397347,2.0,0.0,0.0
401704889,MIL,4397475,27.0,1.9,1.9
401704889,MIL,4432190,11.0,-3.3,-2.4
401704889,MIL,4591725,2.0,0.9,1.3
401704890,LAC,3416,8.0,-2.1,-1.7
401704890,LAC,3992,25.0,-2.6,-3.5
401704890,LAC,2991139,24.0,-2.4,-4.5
401704890,LAC,3936099,28.0,8.5,7.0
401704890,LAC,4017837,26.0,5.9,3.8
401704890,LAC,4066387,28.0,8.6,6.8
401704890,LAC,4277919,6.0,-0.1,0.0
401704890,LAC,4396818,24.0,3.8,4.7
401704890,LAC,4431699,16.0,6.1,3.0
401704890,LAC,4592492,23.0,8.0,7.6
401704890,LAC,4845363,18.0,3.2,0.6
401704890,LAC,5165257,14.0,3.7,4.0
401704890,MIN,3195,20.0,8.3,7.8
401704890,MIN,3032976,29.0,19.3,12.0
401704890,MIN,3064514,26.0,15.2,13.8
401704890,MIN,3923250,8.0,2.5,2.5
401704890,MIN,3934673,21.0,2.6,0.7
401704890,MIN,4277951,8.0,9.6,8.7
401704890,MIN,4278039,22.0,2.8,1.0
401704890,MIN,4396971,21.0,3.5,1.3
401704890,MIN,4431671,24.0,7.2,5.7
401704890,MIN,4432176,7.0,-0.2,-0.4
401704890,MIN,4432847,8.0,0.0,0.0
401704890,MIN,4594268,26.0,14.0,9.7
401704890,MIN,4687718,21.0,14.5,11.5
401704891,CLE,2990969,16.0,2.1,1.0
401704891,CLE,2991043,27.0,20.4,18.5
401704891,CLE,3908809,33.0,17.9,15.5
401704891,CLE,3912848,19.0,3.4,1.6
401704891,CLE,4065733,12.0,1.9,1.7
401704891,CLE,4066328,35.0,15.6,10.7
401704891,CLE,4066757,21.0,5.7,4.0
401704891,CLE,4396907,33.0,14.2,15.4
401704891,CLE,4432158,32.0,22.6,18.5
401704891,CLE,4432822,12.0,2.2,3.4
401704891,DEN,3468,16.0,7.6,5.7
401704891,DEN,3064290,34.0,13.2,12.1
401704891,DEN,3112335,39.0,27.7,20.8
401704891,DEN,3936299,42.0,16.0,14.1
401704891,DEN,4278104,38.0,21.0,15.1
401704891,DEN,4431690,3.0,-0.4,0.0
401704891,DEN,4431767,39.0,6.4,2.6
401704891,DEN,4432181,12.0,-1.2,-0.4
401704891,DEN,4576087,18.0,3.6,1.6
401704892,DAL,6442,25.0,19.9,18.2
401704892,DAL,6461,8.0,0.3,-0.7
401704892,DAL,6475,21.0,7.7,7.4
401704892,DAL,2531367,10.0,6.6,4.7
401704892,DAL,2580782,23.0,13.0,11.5
401704892,DAL,2960236,17.0,1.7,0.7
401704892,DAL,3945274,32.0,19.4,14.5
401704892,DAL,4278049,19.0,15.5,14.1
401704892,DAL,4278078,24.0,11.2,8.0
401704892,DAL,4397014,25.0,9.1,6.1
401704892,DAL,4595400,10.0,3.2,1.6
401704892,DAL,4683688,19.0,9.7,7.6
401704892,DAL,4868423,6.0,10.7,10.8
401704892,WAS,6477,13.0,6.9,6.4
401704892,WAS,2566769,25.0,10.1,8.2
401704892,WAS,2581184,8.0,3.7,2.7
401704892,WAS,4277848,24.0,14.9,12.2
401704892,WAS,4277956,32.0,7.3,6.6
401704892,WAS,4395695,19.0,1.9,2.3
401704892,WAS,4432356,5.0,3.7,2.4
401704892,WAS,4432907,29.0,6.9,6.8
401704892,WAS,4845374,28.0,6.6,8.0
401704892,WAS,5104155,29.0,-1.2,-4.2
401704892,WAS,5160992,27.0,11.0,7.8
401704893,CHA,2326307,18.0,16.1,14.5
401704893,CHA,3102532,35.0,12.8,13.3
401704893,CHA,3138161,26.0,1.2,0.3
401704893,CHA,3913220,16.0,5.5,6.0
401704893,CHA,4278076,24.0,5.2,4.2
401704893,CHA,4432811,26.0,2.4,2.0
401704893,CHA,4433249,16.0,2.5,2.4
401704893,CHA,4433287,30.0,18.4,18.1
401704893,CHA,4683686,19.0,2.4,1.9
401704893,CHA,4683834,17.0,-2.7,-1.8
401704893,CHA,4701232,11.0,6.6,4.4
401704893,CHA,5211176,2.0,4.6,3.7
401704893,NYK,3062679,38.0,20.5,17.3
401704893,NYK,3136195,39.0,24.5,20.8
401704893,NYK,3147657,47.0,14.9,13.4
401704893,NYK,3908336,2.0,-0.7,-0.7
401704893,NYK,3934672,27.0,24.8,23.9
401704893,NYK,3934719,40.0,23.6,17.5
401704893,NYK,4277922,3.0,-1.4,-1.7
401704893,NYK,4431679,12.0,-1.3,-1.1
401704893,NYK,4431823,28.0,11.4,11.5
401704893,NYK,4433225,2.0,0.0,0.0
401704893,NYK,4592461,2.0,0.0,0.0
401704893,NYK,4871141,1.0,0.3,0.0
401704894,OKC,2991350,17.0,8.2,4.7
401704894,OKC,3133626,14.0,16.2,14.3
401704894,OKC,4222252,28.0,10.2,5.8
401704894,OKC,4278073,30.0,23.9,20.1
401704894,OKC,4395702,21.0,14.7,13.5
401704894,OKC,4397020,28.0,4.6,0.9
401704894,OKC,4397183,20.0,9.6,6.7
401704894,OKC,4397654,6.0,0.0,0.0
401704894,OKC,4592435,6.0,1.7,1.4
401704894,OKC,4593803,28.0,16.4,14.7
401704894,OKC,4683692,23.0,10.5,5.4
401704894,OKC,4900671,19.0,11.6,11.2
401704894,TOR,4023,3.0,-0.7,-0.7
401704894,TOR,3948153,17.0,3.1,2.9
401704894,TOR,4277952,19.0,4.8,1.1
401704894,TOR,4278053,24.0,-0.7,-1.0
401704894,TOR,4395625,31.0,11.4,8.2
401704894,TOR,4397018,22.0,2.6,3.0
401704894,TOR,4431893,13.0,4.6,4.8
401704894,TOR,4432241,12.0,-2.1,-2.4
401704894,TOR,4433134,31.0,12.3,8.6
401704894,TOR,4684272,23.0,2.2,1.7
401704894,TOR,5106258,23.0,11.2,9.3
401704894,TOR,5107897,23.0,12.3,10.3
401704895,MEM,2990992,26.0,15.2,12.4
401704895,MEM,3906665,18.0,4.3,3.1
401704895,MEM,4065731,20.0,6.6,5.6
401704895,MEM,4066320,32.0,18.7,16.7
401704895,MEM,4277961,25.0,9.5,8.1
401704895,MEM,4279888,28.0,4.2,4.0
401704895,MEM,4431785,15.0,-0.5,-0.4
401704895,MEM,4592691,29.0,11.4,9.1
401704895,MEM,4593125,29.0,17.8,12.8
401704895,MEM,5112087,18.0,3.9,3.6
401704895,SAC,3978,35.0,16.5,16.9
401704895,SAC,6581,13.0,-0.8,-2.4
401704895,SAC,3134916,3.0,0.3,0.7
401704895,SAC,3155942,36.0,17.6,16.1
401704895,SAC,4066259,38.0,10.6,4.2
401704895,SAC,4066262,32.0,16.8,18.1
401704895,SAC,4066372,25.0,1.6,0.6
401704895,SAC,4594327,40.0,10.3,6.7
401704895,SAC,4702177,2.0,0.0,0.0
401704895,SAC,5107818,16.0,4.7,4.6
401704896,NOP,2490149,37.0,20.7,19.4
401704896,NOP,2596112,17.0,2.3,0.0
401704896,NOP,3907497,35.0,13.0,11.5
401704896,NOP,3913176,37.0,20.8,17.5
401704896,NOP,4277813,32.0,13.2,7.6
401704896,NOP,4397688,34.0,12.3,13.2
401704896,NOP,4432162,17.0,10.0,8.1
401704896,NOP,4432813,7.0,2.6,2.4
401704896,NOP,5061589,25.0,7.9,7.3
401704896,PHX,6580,34.0,13.6,11.9
401704896,PHX,2488653,26.0,9.3,4.9
401704896,PHX,2583632,28.0,17.8,15.2
401704896,PHX,3059310,15.0,6.7,6.1
401704896,PHX,3135045,30.0,17.8,15.7
401704896,PHX,3135046,28.0,14.0,11.2
401704896,PHX,3136193,37.0,16.6,15.1
401704896,PHX,4065663,11.0,7.1,5.1
401704896,PHX,4397102,11.0,4.4,3.8
401704896,PHX,4601023,20.0,1.7,3.1
401704897,CHI,6478,35.0,33.1,31.5
401704897,CHI,3064440,33.0,7.9,7.5
401704897,CHI,3133635,1.0,-0.4,-0.7
401704897,CHI,4396991,21.0,10.2,8.4
401704897,CHI,4397002,35.0,34.2,30.3
401704897,CHI,4397189,12.0,7.6,6.4
401704897,CHI,4433159,28.0,7.9,7.8
401704897,CHI,4592402,4.0,-1.5,-0.7
401704897,CHI,4711294,19.0,8.3,8.4
401704897,CHI,4871145,24.0,5.9,5.1
401704897,CHI,5105553,28.0,8.3,6.7
401704897,SAS,2779,29.0,14.4,13.6
401704897,SAS,6578,22.0,4.9,4.6
401704897,SAS,4066650,24.0,10.3,8.2
401704897,SAS,4278580,6.0,2.9,3.3
401704897,SAS,4395630,25.0,12.6,8.5
401704897,SAS,4395723,28.0,19.2,18.4
401704897,SAS,4397886,13.0,5.4,4.7
401704897,SAS,4565201,2.0,-1.0,-1.0
401704897,SAS,4592479,25.0,8.2,7.7
401704897,SAS,4610139,32.0,15.6,12.6
401704897,SAS,4683935,8.0,-0.8,-0.4
401704897,SAS,4845367,23.0,12.2,8.9
401704897,SAS,5081727,2.0,-0.7,-0.7
401704898,GSW,2990984,27.0,1.7,0.2
401704898,GSW,2993874,14.0,6.7,6.1
401704898,GSW,3059319,34.0,17.5,12.9
401704898,GSW,3134903,18.0,5.0,5.1
401704898,GSW,3155535,27.0,7.1,5.5
401704898,GSW,4431684,21.0,6.1,5.8
401704898,GSW,4432171,23.0,0.9,1.0
401704898,GSW,4433247,33.0,22.4,21.1
401704898,GSW,4592714,6.0,0.9,0.0
401704898,GSW,4709138,37.0,5.9,2.9
401704898,HOU,2991230,37.0,8.7,7.0
401704898,HOU,2991235,18.0,9.8,9.3
401704898,HOU,3155526,35.0,7.3,7.3
401704898,HOU,3922230,14.0,3.3,2.7
401704898,HOU,4432639,37.0,3.1,-0.1
401704898,HOU,4437244,36.0,9.3,4.8
401704898,HOU,4684740,22.0,10.0,7.5
401704898,HOU,4711272,13.0,5.8,4.3
401704898,HOU,4871144,29.0,14.2,11.2
401704899,ORL,2581018,34.0,0.7,-3.1
401704899,ORL,3150844,18.0,11.6,9.9
401704899,ORL,4277847,26.0,9.5,9.1
401704899,ORL,4348700,26.0,6.5,5.4
401704899,ORL,4432165,33.0,12.7,11.0
401704899,ORL,4432809,14.0,5.8,6.2
401704899,ORL,4433623,5.0,0.0,0.0
401704899,ORL,4566434,38.0,19.8,17.4
401704899,ORL,4702382,13.0,-0.8,0.4
401704899,ORL,4712849,18.0,-3.3,-5.5
401704899,ORL,5105806,16.0,2.6,2.3
401704899,PHI,3012,11.0,1.3,2.1
401704899,PHI,4251,37.0,15.8,14.8
401704899,PHI,6585,27.0,6.6,2.4
401704899,PHI,3133603,35.0,10.2,5.9
401704899,PHI,3138160,8.0,3.7,3.4
401704899,PHI,4017844,33.0,12.7,11.6
401704899,PHI,4431678,35.0,8.1,5.7
401704899,PHI,4431828,32.0,18.9,19.4
401704899,PHI,4683778,21.0,0.2,0.7
401704900,ATL,3037789,29.0,11.6,11.0
401704900,ATL,3102529,24.0,7.2,6.2
401704900,ATL,4065732,34.0,20.2,18.1
401704900,ATL,4277905,42.0,30.9,28.1
401704900,ATL,4431680,29.0,9.6,10.4
401704900,ATL,4578893,14.0,5.4,4.1
401704900,ATL,4701230,35.0,8.9,6.5
401704900,ATL,4869342,36.0,15.1,12.0
401704900,ATL,5211175,22.0,6.8,4.3
401704900,LAL,1966,43.0,36.3,30.4
401704900,LAL,6583,42.0,30.1,26.8
401704900,LAL,3136776,21.0,3.9,3.7
401704900,LAL,3137259,34.0,10.8,9.8
401704900,LAL,4066648,41.0,16.6,11.9
401704900,LAL,4395627,21.0,0.6,-0.7
401704900,LAL,4432582,31.0,7.9,6.0
401704900,LAL,4897943,28.0,9.8,10.1
401704900,LAL,5104156,4.0,-0.8,-1.4
401704901,BOS,3213,36.0,6.6,3.7
401704901,BOS,3995,34.0,19.2,17.9
401704901,BOS,3078576,37.0,7.5,3.0
401704901,BOS,3917376,34.0,16.2,16.1
401704901,BOS,4065648,37.0,28.3,27.2
401704901,BOS,4065804,24.0,14.3,12.8
401704901,BOS,4066354,24.0,0.2,0.0
401704901,BOS,4397424,12.0,3.0,2.4
401704901,MIL,3448,38.0,2.1,2.7
401704901,MIL,6606,40.0,21.8,20.8
401704901,MIL,6609,23.0,9.7,7.3
401704901,MIL,2990962,9.0,0.3,-1.0
401704901,MIL,3032977,36.0,20.3,17.3
401704901,MIL,3064482,21.0,8.2,5.7
401704901,MIL,4277843,37.0,9.1,9.1
401704901,MIL,4397475,23.0,3.6,3.0
401704901,MIL,4432190,12.0,0.2,-0.3
401704902,CHI,6478,30.0,12.2,10.8
401704902,CHI,3064440,34.0,20.2,18.7
401704902,CHI,4066421,17.0,11.0,9.5
401704902,CHI,4395651,32.0,14.2,12.8
401704902,CHI,4396991,6.0,0.9,0.0
401704902,CHI,4397002,32.0,17.1,14.3
401704902,CHI,4397189,18.0,10.6,9.1
401704902,CHI,4433159,15.0,2.9,2.7
401704902,CHI,4711294,18.0,7.0,5.0
401704902,CHI,4871145,26.0,6.6,4.8
401704902,CHI,5105553,12.0,2.7,1.7
401704902,IND,2530530,23.0,13.5,11.2
401704902,IND,3133628,32.0,17.7,12.9
401704902,IND,3149673,37.0,16.2,15.1
401704902,IND,4278355,21.0,18.3,16.3
401704902,IND,4395712,22.0,11.3,7.9
401704902,IND,4396993,38.0,21.1,18.3
401704902,IND,4683634,34.0,11.1,9.3
401704902,IND,5106060,24.0,9.3,7.5
401704902,IND,5157066,10.0,4.6,5.1
401704903,SAC,3978,32.0,15.8,15.1
401704903,SAC,2528588,3.0,2.3,2.7
401704903,SAC,2596107,4.0,1.7,1.7
401704903,SAC,3134916,3.0,2.0,0.7
401704903,SAC,3155942,33.0,23.8,20.6
401704903,SAC,4066259,33.0,18.0,17.3
401704903,SAC,4066262,34.0,18.2,16.9
401704903,SAC,4066372,24.0,15.5,15.3
401704903,SAC,4433378,4.0,4.7,4.4
401704903,SAC,4593049,9.0,6.6,5.4
401704903,SAC,4594327,33.0,13.8,11.8
401704903,SAC,4702177,21.0,6.9,2.7
401704903,SAC,5107818,8.0,-1.4,-1.0
401704903,SAS,2779,29.0,17.3,15.2
401704903,SAS,6578,27.0,4.6,4.4
401704903,SAS,4066650,9.0,1.1,2.0
401704903,SAS,4278580,17.0,7.7,6.9
401704903,SAS,4395723,22.0,9.8,6.6
401704903,SAS,4397886,26.0,5.3,2.6
401704903,SAS,4565201,16.0,-0.2,-0.4
401704903,SAS,4592479,35.0,22.8,21.7
401704903,SAS,4610139,21.0,9.5,9.8
401704903,SAS,4683935,4.0,-0.3,-0.3
401704903,SAS,4845367,29.0,11.1,8.3
401704903,SAS,5081727,4.0,-0.9,-1.5
401704904,GSW,3975,32.0,14.3,14.0
401704904,GSW,6589,26.0,12.8,8.9
401704904,GSW,2990984,13.0,-0.1,-1.0
401704904,GSW,2993874,12.0,3.7,3.4
401704904,GSW,3059319,19.0,6.6,5.3
401704904,GSW,3134903,17.0,0.7,-2.1
401704904,GSW,3155535,22.0,6.6,4.5
401704904,GSW,4066317,20.0,0.5,0.9
401704904,GSW,4431684,11.0,1.9,2.0
401704904,GSW,4432171,7.0,1.7,1.7
401704904,GSW,4433247,29.0,4.1,3.3
401704904,GSW,4592714,7.0,0.7,-0.3
401704904,GSW,4709138,25.0,7.5,3.7
401704904,MIN,3195,27.0,10.5,6.4
401704904,MIN,3032976,35.0,14.0,11.5
401704904,MIN,3064514,24.0,14.2,11.5
401704904,MIN,3923250,2.0,0.0,0.0
401704904,MIN,3934673,25.0,6.6,4.1
401704904,MIN,4277951,2.0,1.7,1.7
401704904,MIN,4278039,18.0,2.5,3.0
401704904,MIN,4396971,32.0,13.8,7.1
401704904,MIN,4431671,30.0,6.8,6.7
401704904,MIN,4432176,2.0,-1.0,-1.0
401704904,MIN,4432847,2.0,-0.7,-0.7
401704904,MIN,4594268,35.0,27.3,24.1
401704904,MIN,4687718,5.0,-0.7,-1.7
401704905,POR,2991070,29.0,14.8,13.4
401704905,POR,4066268,25.0,7.1,7.1
401704905,POR,4278129,17.0,2.7,-0.5
401704905,POR,4351851,28.0,10.1,10.1
401704905,POR,4397885,27.0,10.8,9.3
401704905,POR,4431736,8.0,-1.9,-2.1
401704905,POR,4432446,19.0,-0.3,-2.1
401704905,POR,4594326,20.0,11.0,11.5
401704905,POR,4683021,24.0,2.3,1.2
401704905,POR,4914336,29.0,5.8,5.9
401704905,POR,5099752,16.0,1.3,1.4
401704905,UTA,3133602,21.0,12.9,10.6
401704905,UTA,3908845,28.0,18.0,17.9
401704905,UTA,3914285,17.0,15.9,12.2
401704905,UTA,4066399,27.0,6.7,3.4
401704905,UTA,4277811,23.0,14.1,13.5
401704905,UTA,4432817,26.0,14.4,15.4
401704905,UTA,4433136,31.0,19.4,12.6
401704905,UTA,4433627,24.0,13.5,12.1
401704905,UTA,4683766,23.0,10.2,6.4
401704905,UTA,5105839,20.0,10.5,9.6
401704906,CHA,3986,17.0,1.0,0.7
401704906,CHA,2326307,5.0,0.2,0.0
401704906,CHA,3102532,35.0,12.0,11.6
401704906,CHA,3138161,36.0,3.2,-0.7
401704906,CHA,3913220,25.0,13.2,12.5
401704906,CHA,4431727,11.0,6.9,6.7
401704906,CHA,4432811,39.0,13.5,11.7
401704906,CHA,4433287,34.0,12.1,12.5
401704906,CHA,4683686,15.0,0.3,0.6
401704906,CHA,4683834,12.0,-0.9,-0.7
401704906,CHA,4701232,11.0,12.8,12.6
401704906,CLE,2990969,18.0,3.7,2.7
401704906,CLE,2991043,24.0,8.3,6.1
401704906,CLE,3908809,36.0,16.2,14.9
401704906,CLE,3912848,24.0,8.5,5.3
401704906,CLE,4065733,12.0,3.2,4.4
401704906,CLE,4066328,33.0,13.6,10.8
401704906,CLE,4066757,20.0,3.1,3.3
401704906,CLE,4396907,33.0,11.6,11.8
401704906,CLE,4432158,34.0,35.0,31.4
401704906,CLE,4683747,5.0,-1.1,-0.7
401704907,DEN,3442,9.0,-0.2,-0.8
401704907,DEN,3468,32.0,15.3,9.9
401704907,DEN,3112335,39.0,43.1,41.4
401704907,DEN,4278104,36.0,7.8,5.7
401704907,DEN,4395620,12.0,2.6,2.0
401704907,DEN,4398390,16.0,1.2,1.4
401704907,DEN,4431767,38.0,6.9,6.4
401704907,DEN,4432181,33.0,16.6,12.8
401704907,DEN,4576087,26.0,2.8,1.7
401704907,WAS,6477,32.0,18.3,13.3
401704907,WAS,2581184,11.0,3.1,3.0
401704907,WAS,4277848,16.0,0.3,-0.1
401704907,WAS,4277956,40.0,25.5,24.8
401704907,WAS,4395695,17.0,8.7,8.5
401704907,WAS,4432356,13.0,7.9,5.1
401704907,WAS,4432907,37.0,22.0,18.9
401704907,WAS,4845374,34.0,7.1,7.4
401704907,WAS,5104155,40.0,13.1,6.8
401704908,NOP,2490149,38.0,7.4,4.3
401704908,NOP,2596112,9.0,0.6,0.7
401704908,NOP,3907497,36.0,23.7,17.7
401704908,NOP,3913176,19.0,3.6,2.7
401704908,NOP,4277813,37.0,17.9,18.3
401704908,NOP,4397688,34.0,16.5,11.8
401704908,NOP,4432162,22.0,5.7,5.7
401704908,NOP,4432813,17.0,6.0,5.1
401704908,NOP,5061589,29.0,9.9,5.7
401704908,OKC,2991350,24.0,13.8,11.6
401704908,OKC,3133626,12.0,3.2,3.4
401704908,OKC,4222252,29.0,14.3,13.1
401704908,OKC,4278073,34.0,19.0,20.4
401704908,OKC,4395702,14.0,-0.6,-0.7
401704908,OKC,4397020,31.0,13.1,11.1
401704908,OKC,4397183,15.0,2.5,0.3
401704908,OKC,4593803,35.0,21.4,17.1
401704908,OKC,4683692,27.0,4.1,-0.3
401704908,OKC,4900671,19.0,9.0,7.8
401704909,DET,6440,34.0,10.4,8.4
401704909,DET,2528210,31.0,6.4,5.3
401704909,DET,3899664,19.0,6.3,6.1
401704909,DET,3907822,26.0,17.2,15.4
401704909,DET,4432166,35.0,31.0,29.2
401704909,DET,4432810,23.0,7.2,5.8
401704909,DET,4433218,29.0,5.0,4.6
401704909,DET,4433621,25.0,9.6,9.2
401704909,DET,4683771,18.0,1.9,1.8
401704909,NYK,3062679,39.0,15.8,14.5
401704909,NYK,3147657,38.0,16.0,12.7
401704909,NYK,3934672,44.0,22.9,21.5
401704909,NYK,3934719,39.0,12.3,7.6
401704909,NYK,4277922,6.0,-0.3,-0.3
401704909,NYK,4431679,28.0,10.0,6.0
401704909,NYK,4431823,27.0,3.8,2.3
401704909,NYK,4433225,4.0,3.7,2.7
401704909,NYK,4871141,15.0,8.4,7.8
401704910,DAL,6442,39.0,26.3,22.6
401704910,DAL,6475,25.0,11.1,10.0
401704910,DAL,2531367,3.0,0.3,0.7
401704910,DAL,2580782,24.0,7.4,7.9
401704910,DAL,3945274,38.0,29.6,23.3
401704910,DAL,4278049,21.0,9.1,5.9
401704910,DAL,4278078,34.0,8.1,5.2
401704910,DAL,4397014,17.0,-1.1,-1.7
401704910,DAL,4595400,10.0,8.9,6.7
401704910,DAL,4683688,27.0,8.9,7.4
401704910,TOR,2489663,14.0,15.4,12.5
401704910,TOR,3134908,34.0,19.9,18.4
401704910,TOR,4278053,27.0,2.1,1.7
401704910,TOR,4395625,27.0,12.7,12.5
401704910,TOR,4397018,20.0,-1.0,-0.4
401704910,TOR,4431893,4.0,-0.4,0.0
401704910,TOR,4433134,38.0,23.6,18.5
401704910,TOR,4684272,21.0,4.5,3.7
401704910,TOR,5106258,34.0,17.4,15.9
401704910,TOR,5107897,21.0,9.6,5.4
401704911,BOS,3995,30.0,12.4,11.8
401704911,BOS,3064560,9.0,2.2,2.3
401704911,BOS,3078576,38.0,10.6,4.7
401704911,BOS,3102531,33.0,14.2,11.9
401704911,BOS,3917376,35.0,16.1,15.7
401704911,BOS,4065648,38.0,13.1,10.3
401704911,BOS,4065804,9.0,-1.1,-1.4
401704911,BOS,4066354,30.0,19.2,17.4
401704911,BOS,4397424,17.0,5.0,3.7
401704911,MEM,2990992,19.0,-2.9,-4.2
401704911,MEM,3906665,26.0,21.4,19.5
401704911,MEM,4065731,18.0,11.3,9.8
401704911,MEM,4066320,33.0,9.2,6.4
401704911,MEM,4277961,34.0,25.3,18.7
401704911,MEM,4279888,34.0,29.2,26.0
401704911,MEM,4431785,17.0,0.4,0.6
401704911,MEM,4592691,24.0,4.8,2.0
401704911,MEM,4593125,17.0,8.8,7.7
401704911,MEM,5112087,18.0,2.9,3.7
401704912,MIA,3449,14.0,6.8,5.9
401704912,MIA,6430,34.0,24.2,22.4
401704912,MIA,3074752,16.0,0.7,0.0
401704912,MIA,3157465,29.0,16.6,16.2
401704912,MIA,4066261,34.0,23.2,21.0
401704912,MIA,4066993,29.0,6.7,5.1
401704912,MIA,4291678,29.0,12.4,10.6
401704912,MIA,4395725,34.0,16.9,13.7
401704912,MIA,4432848,19.0,-0.2,-0.4
401704912,PHX,6580,34.0,5.9,6.9
401704912,PHX,2488653,25.0,5.0,4.2
401704912,PHX,2583632,31.0,19.6,17.9
401704912,PHX,3059310,19.0,10.5,10.5
401704912,PHX,3135045,30.0,15.0,13.1
401704912,PHX,3135046,29.0,14.0,10.1
401704912,PHX,3136193,37.0,12.1,12.8
401704912,PHX,4065663,13.0,7.7,5.0
401704912,PHX,4601023,21.0,3.3,2.1
401704913,CHI,6478,29.0,15.0,10.5
401704913,CHI,3064440,32.0,17.4,16.0
401704913,CHI,4066421,20.0,1.1,-0.1
401704913,CHI,4395651,37.0,6.6,7.3
401704913,CHI,4396991,6.0,2.0,2.0
401704913,CHI,4397002,35.0,7.6,7.5
401704913,CHI,4397189,19.0,8.4,7.7
401704913,CHI,4433159,4.0,1.0,0.0
401704913,CHI,4711294,24.0,2.1,0.9
401704913,CHI,4871145,32.0,12.1,7.3
401704913,CHI,5105553,3.0,0.6,1.0
401704913,PHI,3012,12.0,0.2,-0.7
401704913,PHI,4251,35.0,7.7,5.7
401704913,PHI,6585,7.0,5.9,4.4
401704913,PHI,3059318,33.0,17.6,15.1
401704913,PHI,3133603,38.0,15.8,10.8
401704913,PHI,3138160,13.0,-1.4,-2.0
401704913,PHI,4017844,14.0,2.2,1.3
401704913,PHI,4431678,42.0,23.5,20.4
401704913,PHI,4431828,18.0,6.3,6.5
401704913,PHI,4683778,28.0,11.4,8.4
401704914,BKN,2578185,31.0,6.6,6.0
401704914,BKN,3032979,34.0,32.9,33.2
401704914,BKN,3138196,38.0,19.4,18.2
401704914,BKN,3907387,18.0,-1.2,-1.3
401704914,BKN,3915195,16.0,1.5,2.0
401704914,BKN,4278067,33.0,25.0,19.7
401704914,BKN,4431675,13.0,4.5,4.4
401704914,BKN,4431714,26.0,-0.3,0.6
401704914,BKN,4432192,21.0,0.0,-0.8
401704914,BKN,4432194,11.0,4.6,3.0
401704914,MIL,3448,26.0,-2.1,-1.1
401704914,MIL,6606,39.0,13.6,10.8
401704914,MIL,6609,20.0,10.6,10.8
401704914,MIL,2990962,18.0,-1.3,-1.0
401704914,MIL,3032977,38.0,28.8,23.8
401704914,MIL,3064482,31.0,22.9,18.3
401704914,MIL,4277843,25.0,15.0,14.4
401704914,MIL,4397475,22.0,4.9,5.4
401704914,MIL,4432190,21.0,7.2,6.1
401704915,CHA,3986,8.0,6.9,5.7
401704915,CHA,2326307,12.0,6.2,6.0
401704915,CHA,3102532,34.0,14.6,12.3
401704915,CHA,3138161,33.0,10.9,7.8
401704915,CHA,3913220,20.0,9.8,7.5
401704915,CHA,4278076,25.0,6.0,3.0
401704915,CHA,4431727,18.0,7.5,7.1
401704915,CHA,4432811,29.0,7.2,5.6
401704915,CHA,4433287,40.0,17.2,16.5
401704915,CHA,4683686,8.0,-1.5,-3.1
401704915,CHA,4683834,13.0,3.0,3.0
401704915,IND,2530530,26.0,29.8,26.5
401704915,IND,3133628,21.0,0.9,0.5
401704915,IND,3149673,34.0,7.8,4.4
401704915,IND,4278355,23.0,7.0,6.3
401704915,IND,4395712,31.0,8.0,6.5
401704915,IND,4396993,37.0,9.1,6.8
401704915,IND,4592699,5.0,2.0,1.7
401704915,IND,4683634,34.0,5.0,4.6
401704915,IND,5106060,20.0,10.7,9.5
401704915,IND,5157066,9.0,2.6,2.0
401704916,ATL,2580365,24.0,15.2,12.8
401704916,ATL,3102529,19.0,9.4,10.2
401704916,ATL,3913180,21.0,-1.1,-0.1
401704916,ATL,4065732,24.0,10.0,10.2
401704916,ATL,4277905,35.0,15.1,11.6
401704916,ATL,4431680,25.0,14.4,13.6
401704916,ATL,4578893,20.0,-0.1,-0.4
401704916,ATL,4593041,4.0,0.3,-0.7
401704916,ATL,4683736,4.0,1.9,1.7
401704916,ATL,4869342,34.0,16.8,11.4
401704916,ATL,5211175,29.0,3.9,3.1
401704916,DEN,3442,10.0,5.0,3.8
401704916,DEN,3468,31.0,11.5,9.7
401704916,DEN,3064290,23.0,3.9,3.0
401704916,DEN,3112335,35.0,43.9,38.4
401704916,DEN,4278104,36.0,22.1,21.4
401704916,DEN,4395620,8.0,5.0,5.1
401704916,DEN,4398390,17.0,5.9,5.9
401704916,DEN,4431690,3.0,0.6,0.6
401704916,DEN,4431767,32.0,18.2,14.9
401704916,DEN,4432181,22.0,9.3,9.9
401704916,DEN,4433268,3.0,1.0,1.0
401704916,DEN,4576087,18.0,2.1,0.6
401704916,DEN,4701225,3.0,1.3,1.0
401704917,CLE,2990969,31.0,15.3,13.9
401704917,CLE,2991043,29.0,11.9,12.9
401704917,CLE,3908809,31.0,5.2,3.3
401704917,CLE,3912848,29.0,11.4,8.0
401704917,CLE,4065733,21.0,12.9,13.5
401704917,CLE,4066328,29.0,3.3,2.0
401704917,CLE,4066757,21.0,5.8,7.4
401704917,CLE,4396907,32.0,15.5,14.4
401704917,CLE,4432158,12.0,2.9,1.0
401704917,CLE,4683747,2.0,0.0,0.0
401704917,CLE,4702233,2.0,4.4,4.4
401704917,CLE,4997539,2.0,0.0,0.0
401704917,MIA,3449,5.0,-0.7,-0.7
401704917,MIA,6430,35.0,17.0,14.4
401704917,MIA,3074752,28.0,12.5,10.1
401704917,MIA,3157465,28.0,18.9,17.8
401704917,MIA,3934723,7.0,3.3,2.0
401704917,MIA,4066261,36.0,16.4,12.9
401704917,MIA,4066993,26.0,7.3,7.8
401704917,MIA,4291678,24.0,-2.4,-2.7
401704917,MIA,4395725,36.0,29.4,29.0
401704917,MIA,4432848,16.0,2.5,1.7
401704918,ORL,2581018,33.0,7.1,4.9
401704918,ORL,3150844,17.0,11.0,7.9
401704918,ORL,4277847,21.0,5.9,3.7
401704918,ORL,4348700,31.0,23.1,21.4
401704918,ORL,4432165,31.0,13.8,13.6
401704918,ORL,4432809,29.0,7.5,5.7
401704918,ORL,4433623,18.0,7.4,7.1
401704918,ORL,4702382,19.0,3.5,2.8
401704918,ORL,4712849,26.0,4.9,2.0
401704918,ORL,5105806,15.0,6.9,5.4
401704918,PHX,6580,35.0,10.0,8.8
401704918,PHX,2488653,26.0,7.1,2.6
401704918,PHX,2583632,31.0,11.0,10.1
401704918,PHX,3059310,14.0,-1.1,-0.7
401704918,PHX,3135045,22.0,12.3,11.2
401704918,PHX,3135046,34.0,16.1,15.8
401704918,PHX,3136193,38.0,18.6,15.7
401704918,PHX,4065663,12.0,-0.6,-1.0
401704918,PHX,4397102,5.0,1.6,1.0
401704918,PHX,4601023,22.0,6.0,6.9
401704919,MEM,2990992,21.0,8.2,7.1
401704919,MEM,3134932,22.0,12.1,8.6
401704919,MEM,3906665,23.0,11.5,7.8
401704919,MEM,4065731,24.0,9.4,10.0
401704919,MEM,4277961,17.0,15.8,13.3
401704919,MEM,4397204,7.0,5.3,5.7
401704919,MEM,4431785,22.0,15.6,12.7
401704919,MEM,4433083,25.0,13.9,13.2
401704919,MEM,4592691,24.0,7.1,5.7
401704919,MEM,4593125,20.0,21.4,16.9
401704919,MEM,5112087,30.0,2.5,3.0
401704919,MEM,5159895,5.0,3.6,2.6
401704919,WAS,6477,23.0,17.4,14.6
401704919,WAS,2581184,22.0,-1.1,-1.4
401704919,WAS,4277848,25.0,18.9,17.0
401704919,WAS,4277956,29.0,4.5,5.0
401704919,WAS,4395695,26.0,9.2,9.9
401704919,WAS,4432356,20.0,6.2,4.3
401704919,WAS,4432907,34.0,12.6,7.4
401704919,WAS,4845374,33.0,-0.5,-1.8
401704919,WAS,5104155,28.0,11.3,10.4
401704920,NOP,2490149,34.0,11.5,11.1
401704920,NOP,3907497,34.0,13.7,12.1
401704920,NOP,4277813,38.0,9.1,7.0
401704920,NOP,4278572,10.0,3.7,2.4
401704920,NOP,4395623,3.0,-0.8,-0.8
401704920,NOP,4397688,38.0,22.6,19.5
401704920,NOP,4432162,28.0,12.6,11.1
401704920,NOP,4432813,19.0,5.0,2.7
401704920,NOP,4592686,4.0,-0.1,-0.7
401704920,NOP,5061589,32.0,19.5,17.2
401704920,SAS,2779,31.0,10.2,6.9
401704920,SAS,6578,32.0,16.4,15.1
401704920,SAS,4066650,3.0,2.3,2.4
401704920,SAS,4395630,28.0,3.8,3.0
401704920,SAS,4395723,11.0,8.3,7.8
401704920,SAS,4397886,18.0,16.2,13.4
401704920,SAS,4592479,35.0,6.0,4.6
401704920,SAS,4610139,23.0,7.6,3.9
401704920,SAS,4845367,34.0,15.2,13.8
401704920,SAS,5104157,26.0,20.6,16.5
401704921,GSW,3975,35.0,24.6,22.4
401704921,GSW,6589,31.0,6.1,5.6
401704921,GSW,2990984,35.0,22.6,19.5
401704921,GSW,2993874,8.0,1.1,1.3
401704921,GSW,3134903,27.0,9.3,6.8
401704921,GSW,3155535,21.0,14.2,13.0
401704921,GSW,4066317,22.0,-1.4,-0.7
401704921,GSW,4432171,5.0,-0.1,-0.4
401704921,GSW,4433247,36.0,14.6,9.5
401704921,GSW,4709138,20.0,6.3,6.8
401704921,MIN,3195,25.0,11.6,11.1
401704921,MIN,3032976,38.0,5.2,0.9
401704921,MIN,3064514,37.0,11.7,8.7
401704921,MIN,3934673,18.0,4.6,3.3
401704921,MIN,4278039,24.0,15.8,15.5
401704921,MIN,4396971,21.0,6.6,4.2
401704921,MIN,4431671,36.0,8.4,7.1
401704921,MIN,4594268,37.0,17.2,15.9
401704921,MIN,4687718,5.0,2.3,2.7
401704922,HOU,2991235,10.0,3.2,2.3
401704922,HOU,3136777,18.0,7.2,6.1
401704922,HOU,3155526,38.0,17.9,15.2
401704922,HOU,3922230,19.0,8.0,8.1
401704922,HOU,4432639,34.0,11.8,9.7
401704922,HOU,4437244,36.0,20.5,18.3
401704922,HOU,4684740,39.0,20.1,17.7
401704922,HOU,4711272,11.0,-2.1,-2.1
401704922,HOU,4871144,36.0,8.7,8.2
401704922,LAC,3416,26.0,-1.0,-1.4
401704922,LAC,2595516,35.0,8.8,6.8
401704922,LAC,2991139,22.0,7.3,4.0
401704922,LAC,3936099,12.0,2.0,1.7
401704922,LAC,4017837,37.0,19.8,16.5
401704922,LAC,4396818,32.0,8.6,8.1
401704922,LAC,4397140,37.0,13.8,12.4
401704922,LAC,4431699,11.0,3.2,3.1
401704922,LAC,4592492,28.0,18.2,18.2
401704923,SAC,3978,29.0,15.0,14.2
401704923,SAC,2528588,8.0,14.5,14.5
401704923,SAC,2596107,8.0,2.4,2.8
401704923,SAC,3134916,8.0,4.3,4.0
401704923,SAC,3155942,28.0,22.4,18.4
401704923,SAC,4066259,31.0,20.2,19.3
401704923,SAC,4066262,27.0,11.0,9.7
401704923,SAC,4066372,22.0,25.0,23.0
401704923,SAC,4433378,20.0,4.2,0.7
401704923,SAC,4592857,5.0,-0.1,0.0
401704923,SAC,4593049,12.0,1.5,0.3
401704923,SAC,4594327,25.0,6.4,4.4
401704923,SAC,4702177,16.0,9.7,6.9
401704923,UTA,3133602,11.0,-3.6,-3.5
401704923,UTA,3908845,23.0,16.9,15.1
401704923,UTA,3914285,10.0,5.0,4.0
401704923,UTA,4066336,25.0,1.1,1.3
401704923,UTA,4066399,14.0,-0.8,-1.4
401704923,UTA,4277811,23.0,7.8,8.0
401704923,UTA,4432817,25.0,-0.2,-1.1
401704923,UTA,4433136,32.0,13.7,8.3
401704923,UTA,4433627,34.0,24.5,20.0
401704923,UTA,4683766,16.0,-4.7,-3.4
401704923,UTA,4684793,10.0,-0.2,1.0
401704923,UTA,5105839,17.0,6.6,5.7
401704924,LAL,6583,32.0,28.2,20.4
401704924,LAL,3136776,34.0,28.0,27.1
401704924,LAL,3137259,25.0,0.7,-0.7
401704924,LAL,4066648,39.0,23.3,18.6
401704924,LAL,4395627,26.0,8.7,7.1
401704924,LAL,4431778,16.0,2.8,3.1
401704924,LAL,4432070,8.0,0.3,0.3
401704924,LAL,4432582,26.0,2.0,0.2
401704924,LAL,4683774,3.0,-0.7,-1.4
401704924,LAL,4684286,3.0,-1.0,-1.0
401704924,LAL,4897943,22.0,2.2,0.3
401704924,LAL,5104156,7.0,1.0,1.0
401704924,POR,2991070,32.0,-3.5,-4.6
401704924,POR,4278129,35.0,13.5,10.6
401704924,POR,4351851,31.0,7.7,6.7
401704924,POR,4397885,15.0,6.4,5.4
401704924,POR,4431736,31.0,4.4,2.7
401704924,POR,4432446,12.0,2.5,2.0
401704924,POR,4576086,3.0,1.7,1.7
401704924,POR,4594326,3.0,1.0,0.7
401704924,POR,4683021,23.0,10.1,10.4
401704924,POR,4683678,21.0,8.2,7.7
401704924,POR,4914336,34.0,10.6,10.0
401704924,POR,5099752,3.0,2.7,2.4
401704925,NYK,3062679,32.0,9.2,7.7
401704925,NYK,3064230,13.0,3.8,4.7
401704925,NYK,3136195,36.0,25.6,19.5
401704925,NYK,3147657,41.0,19.4,17.9
401704925,NYK,3934672,35.0,18.0,17.2
401704925,NYK,3934719,41.0,10.8,6.3
401704925,NYK,4431679,16.0,6.9,4.7
401704925,NYK,4431823,26.0,9.4,8.2
401704925,TOR,2489663,15.0,3.6,2.4
401704925,TOR,3134908,33.0,15.4,12.0
401704925,TOR,4278053,24.0,7.9,7.5
401704925,TOR,4395625,37.0,20.8,19.2
401704925,TOR,4397018,32.0,6.6,5.1
401704925,TOR,4433134,23.0,10.1,9.4
401704925,TOR,4684272,22.0,11.9,12.0
401704925,TOR,5106258,31.0,2.7,1.2
401704925,TOR,5107897,23.0,4.8,4.4
401704926,DET,6440,30.0,4.6,1.9
401704926,DET,2528210,30.0,3.1,2.5
401704926,DET,3899664,18.0,6.3,4.4
401704926,DET,3907822,35.0,15.0,13.4
401704926,DET,4278562,18.0,14.5,9.6
401704926,DET,4432107,12.0,2.8,4.1
401704926,DET,4432166,39.0,25.6,23.0
401704926,DET,4433621,26.0,11.3,9.3
401704926,DET,4683771,13.0,3.5,3.7
401704926,DET,4684742,20.0,6.3,7.7
401704926,UTA,2528426,14.0,0.3,-1.3
401704926,UTA,3908845,37.0,7.2,6.7
401704926,UTA,3914285,13.0,2.4,2.0
401704926,UTA,4066336,36.0,26.1,21.1
401704926,UTA,4066399,11.0,2.9,2.4
401704926,UTA,4277811,36.0,21.2,18.6
401704926,UTA,4432817,13.0,3.2,3.0
401704926,UTA,4433136,35.0,13.4,9.3
401704926,UTA,4433627,33.0,17.5,16.0
401704926,UTA,5105839,12.0,4.8,4.1
401704927,OKC,2991350,18.0,11.5,8.0
401704927,OKC,3133626,11.0,4.8,5.4
401704927,OKC,4222252,33.0,17.2,9.9
401704927,OKC,4278073,36.0,29.2,23.0
401704927,OKC,4395702,18.0,3.2,3.0
401704927,OKC,4397020,26.0,-0.1,-1.7
401704927,OKC,4397183,31.0,9.7,7.6
401704927,OKC,4593803,36.0,3.9,5.1
401704927,OKC,4683692,21.0,4.3,3.7
401704927,OKC,4900671,9.0,4.3,4.4
401704927,ORL,6446,7.0,0.6,-0.7
401704927,ORL,2581018,33.0,9.7,8.8
401704927,ORL,3150844,19.0,5.9,6.3
401704927,ORL,4065654,17.0,2.2,0.3
401704927,ORL,4277847,30.0,13.6,10.3
401704927,ORL,4348700,27.0,14.5,12.2
401704927,ORL,4432165,17.0,6.3,3.1
401704927,ORL,4432809,13.0,-1.2,-1.3
401704927,ORL,4702382,37.0,7.9,7.0
401704927,ORL,4712849,31.0,17.2,17.1
401704927,ORL,5105806,9.0,-1.8,-1.0
401704928,CHA,2326307,32.0,8.0,5.7
401704928,CHA,3102532,16.0,4.6,2.7
401704928,CHA,3138161,26.0,11.4,9.1
401704928,CHA,4066383,32.0,9.3,8.0
401704928,CHA,4278076,17.0,8.2,8.4
401704928,CHA,4431727,13.0,0.1,-0.8
401704928,CHA,4432811,24.0,0.7,2.7
401704928,CHA,4432816,34.0,28.1,24.4
401704928,CHA,4433249,12.0,8.4,7.6
401704928,CHA,4701232,19.0,15.6,12.8
401704928,CHA,5211176,16.0,2.2,2.0
401704928,WAS,6477,15.0,8.2,5.8
401704928,WAS,2566769,27.0,22.6,22.0
401704928,WAS,4277956,34.0,22.0,20.0
401704928,WAS,4280151,19.0,10.3,8.8
401704928,WAS,4432907,27.0,14.1,13.3
401704928,WAS,4845374,34.0,2.3,1.8
401704928,WAS,5104155,35.0,11.4,8.1
401704928,WAS,5160992,33.0,16.4,12.6
401704928,WAS,5174563,17.0,0.1,-0.4
401704929,BOS,3213,22.0,4.3,3.1
401704929,BOS,3995,29.0,6.0,4.4
401704929,BOS,3078576,36.0,15.8,11.7
401704929,BOS,3102531,36.0,15.4,12.3
401704929,BOS,3917376,36.0,11.2,10.0
401704929,BOS,4065648,37.0,24.0,20.6
401704929,BOS,4066354,30.0,13.7,12.5
401704929,BOS,4432164,13.0,-0.6,-1.4
401704929,CHI,6478,33.0,17.6,13.7
401704929,CHI,3064440,33.0,29.9,28.5
401704929,CHI,4066421,18.0,-0.2,-0.7
401704929,CHI,4395651,32.0,9.0,9.0
401704929,CHI,4396991,19.0,3.1,3.3
401704929,CHI,4397002,38.0,16.2,12.5
401704929,CHI,4397189,15.0,1.5,0.4
401704929,CHI,4431687,23.0,6.0,6.6
401704929,CHI,4711294,10.0,-1.3,-1.4
401704929,CHI,5105553,19.0,8.5,9.1
401704930,BKN,2578185,32.0,9.3,5.7
401704930,BKN,3138196,34.0,31.1,27.9
401704930,BKN,3907387,32.0,8.3,7.9
401704930,BKN,3915195,29.0,8.3,8.1
401704930,BKN,4278067,11.0,7.3,5.7
401704930,BKN,4397179,15.0,4.7,4.4
401704930,BKN,4431714,27.0,2.0,0.4
401704930,BKN,4432187,4.0,-1.0,-1.0
401704930,BKN,4432192,8.0,-5.4,-4.1
401704930,BKN,4432194,10.0,1.5,1.3
401704930,BKN,4712896,37.0,7.0,6.6
401704930,TOR,2489663,18.0,7.4,7.5
401704930,TOR,3948153,19.0,2.8,2.0
401704930,TOR,4397018,36.0,14.8,12.7
401704930,TOR,4431893,18.0,4.2,5.0
401704930,TOR,4432241,26.0,1.8,2.4
401704930,TOR,4433134,36.0,11.8,11.1
401704930,TOR,4684272,24.0,2.6,3.6
401704930,TOR,5106258,33.0,11.7,10.7
401704930,TOR,5107897,30.0,6.7,4.4
401704931,HOU,2991230,35.0,16.9,13.2
401704931,HOU,2991235,10.0,3.0,1.1
401704931,HOU,3136777,2.0,-0.4,0.0
401704931,HOU,3146557,2.0,0.3,0.0
401704931,HOU,3155526,34.0,21.5,19.9
401704931,HOU,3922230,16.0,8.1,8.4
401704931,HOU,4432639,32.0,14.8,13.9
401704931,HOU,4437244,32.0,24.1,23.2
401704931,HOU,4684740,24.0,4.8,3.8
401704931,HOU,4711272,15.0,1.2,-0.7
401704931,HOU,4871144,34.0,23.9,21.7
401704931,HOU,5105592,3.0,3.7,3.4
401704931,NOP,2490149,34.0,10.6,9.3
401704931,NOP,2596112,17.0,3.5,2.3
401704931,NOP,3907497,31.0,10.5,9.2
401704931,NOP,4277813,32.0,12.8,13.7
401704931,NOP,4395623,15.0,4.1,5.0
401704931,NOP,4397688,36.0,19.9,20.5
401704931,NOP,4432162,21.0,6.9,3.0
401704931,NOP,4432813,2.0,0.0,0.0
401704931,NOP,4592686,2.0,2.0,2.0
401704931,NOP,4683750,17.0,1.9,0.9
401704931,NOP,5061589,33.0,9.6,9.5
401704932,GSW,3975,24.0,-1.6,-4.2
401704932,GSW,6589,19.0,-7.4,-6.8
401704932,GSW,2990984,20.0,8.2,5.4
401704932,GSW,2993874,20.0,10.2,9.1
401704932,GSW,3032979,22.0,-3.7,-3.5
401704932,GSW,3059319,21.0,13.4,13.4
401704932,GSW,3134903,5.0,1.6,2.0
401704932,GSW,3155535,12.0,2.1,0.9
401704932,GSW,4066317,17.0,1.1,-0.1
401704932,GSW,4431684,20.0,9.9,6.8
401704932,GSW,4433247,28.0,1.8,-0.4
401704932,GSW,4709138,25.0,23.3,20.7
401704932,GSW,4997536,8.0,1.0,0.7
401704932,MEM,3134932,14.0,5.5,5.1
401704932,MEM,3906665,24.0,12.8,9.3
401704932,MEM,3913174,24.0,11.9,10.7
401704932,MEM,4066320,24.0,14.8,13.0
401704932,MEM,4277961,20.0,18.6,16.2
401704932,MEM,4279888,17.0,9.7,6.1
401704932,MEM,4431785,16.0,2.7,3.9
401704932,MEM,4433083,8.0,3.0,2.7
401704932,MEM,4592691,24.0,15.9,13.8
401704932,MEM,4593125,25.0,22.1,16.2
401704932,MEM,4600663,24.0,7.5,6.9
401704932,MEM,5112087,20.0,14.1,12.2
401704933,MIN,3195,18.0,2.6,1.3
401704933,MIN,3032976,22.0,4.3,2.2
401704933,MIN,3064514,30.0,13.1,13.0
401704933,MIN,3934673,25.0,12.6,11.5
401704933,MIN,4277951,11.0,4.3,3.7
401704933,MIN,4278039,22.0,11.3,10.2
401704933,MIN,4396971,16.0,-2.1,-1.1
401704933,MIN,4431671,24.0,8.5,5.7
401704933,MIN,4432847,11.0,1.6,1.7
401704933,MIN,4594268,34.0,16.7,11.5
401704933,MIN,4684275,17.0,1.3,1.4
401704933,MIN,4687718,11.0,13.2,9.5
401704933,NYK,3064230,18.0,10.1,8.8
401704933,NYK,3136195,38.0,35.4,29.1
401704933,NYK,3147657,36.0,25.2,23.8
401704933,NYK,3908336,4.0,2.6,1.3
401704933,NYK,3934672,30.0,10.0,8.8
401704933,NYK,3934719,30.0,11.0,8.1
401704933,NYK,4277922,19.0,2.4,2.4
401704933,NYK,4431679,28.0,13.9,11.6
401704933,NYK,4431823,29.0,17.2,15.3
401704933,NYK,4433225,2.0,-0.7,-0.7
401704933,NYK,4871141,2.0,0.6,0.3
401704933,NYK,5211983,5.0,-1.4,-1.4
401704934,DAL,6461,3.0,0.0,0.0
401704934,DAL,6475,30.0,15.1,12.5
401704934,DAL,2531367,3.0,0.0,0.0
401704934,DAL,2580782,37.0,18.3,14.0
401704934,DAL,2960236,13.0,0.3,0.0
401704934,DAL,4278049,14.0,-0.0,0.2
401704934,DAL,4278078,35.0,9.1,5.2
401704934,DAL,4278594,24.0,4.4,2.6
401704934,DAL,4397014,28.0,9.0,7.3
401704934,DAL,4397693,3.0,-0.4,-0.7
401704934,DAL,4595400,11.0,-1.4,-1.4
401704934,DAL,4683688,28.0,13.5,11.2
401704934,DAL,4708972,11.0,1.5,1.6
401704934,LAC,3416,23.0,3.5,2.7
401704934,LAC,3992,36.0,17.3,16.2
401704934,LAC,2595516,38.0,25.9,21.9
401704934,LAC,2991139,25.0,3.2,3.1
401704934,LAC,3936099,20.0,8.3,7.1
401704934,LAC,4017837,33.0,24.9,20.1
401704934,LAC,4066387,25.0,10.5,10.8
401704934,LAC,4277919,15.0,3.8,2.4
401704934,LAC,4396818,3.0,1.0,0.0
401704934,LAC,4397140,20.0,4.7,4.3
401704934,LAC,4431699,3.0,1.0,0.7
401704935,IND,2530530,16.0,9.9,8.7
401704935,IND,3133628,34.0,15.3,12.7
401704935,IND,3149673,40.0,21.0,16.0
401704935,IND,3934723,5.0,0.9,0.7
401704935,IND,4278355,17.0,13.3,10.7
401704935,IND,4395712,33.0,16.7,15.4
401704935,IND,4396993,37.0,16.2,15.0
401704935,IND,4433076,16.0,0.7,0.3
401704935,IND,4683634,37.0,11.5,8.7
401704935,IND,5106060,5.0,1.0,1.4
401704935,PHX,3202,38.0,26.1,22.5
401704935,PHX,6580,31.0,10.0,9.8
401704935,PHX,2488653,3.0,0.3,0.0
401704935,PHX,2583632,26.0,9.0,7.5
401704935,PHX,3059310,13.0,0.0,1.2
401704935,PHX,3102530,32.0,10.9,8.4
401704935,PHX,3135045,29.0,9.0,5.0
401704935,PHX,3135046,26.0,5.4,4.8
401704935,PHX,3136193,25.0,16.8,15.5
401704935,PHX,4601023,5.0,-0.1,0.0
401704935,PHX,4888725,12.0,0.2,1.0
401704936,ATL,2580365,31.0,21.7,18.6
401704936,ATL,3037789,31.0,6.9,5.4
401704936,ATL,3102529,22.0,8.6,6.9
401704936,ATL,4065732,36.0,19.4,18.5
401704936,ATL,4277905,37.0,21.8,20.0
401704936,ATL,4578893,20.0,1.5,-2.7
401704936,ATL,4701230,39.0,20.3,13.8
401704936,ATL,4869342,28.0,1.3,0.7
401704936,ATL,5211175,22.0,4.3,2.9
401704936,SAS,2779,32.0,18.8,12.4
401704936,SAS,6578,18.0,2.0,1.2
401704936,SAS,4395626,14.0,-0.4,0.0
401704936,SAS,4395630,38.0,19.0,16.5
401704936,SAS,4395723,29.0,11.8,8.9
401704936,SAS,4397886,8.0,2.6,1.7
401704936,SAS,4592479,26.0,6.0,4.0
401704936,SAS,4610139,42.0,18.4,15.8
401704936,SAS,4845367,21.0,2.4,1.9
401704936,SAS,5104157,37.0,34.3,27.7
401704937,DEN,3442,11.0,3.8,2.4
401704937,DEN,3468,33.0,18.5,16.7
401704937,DEN,3064290,31.0,-1.1,-1.8
401704937,DEN,3112335,37.0,30.4,29.2
401704937,DEN,3936299,38.0,22.6,19.9
401704937,DEN,4278104,32.0,14.2,12.1
401704937,DEN,4395620,6.0,0.3,0.0
401704937,DEN,4431767,25.0,10.5,8.7
401704937,DEN,4432181,10.0,3.9,4.7
401704937,DEN,4576087,17.0,6.2,6.7
401704937,POR,2991070,36.0,8.8,7.0
401704937,POR,4066211,10.0,2.3,1.4
401704937,POR,4278129,35.0,17.1,12.2
401704937,POR,4351851,35.0,21.5,22.0
401704937,POR,4431736,36.0,14.8,12.2
401704937,POR,4683021,21.0,14.9,14.8
401704937,POR,4683678,27.0,3.4,1.9
401704937,POR,4914336,29.0,22.6,21.8
401704937,POR,5105565,12.0,3.6,2.0
401704938,LAL,1966,34.0,12.5,10.4
401704938,LAL,6583,35.0,24.5,13.7
401704938,LAL,3136776,23.0,12.1,9.7
401704938,LAL,3137259,22.0,12.9,13.6
401704938,LAL,4066457,35.0,23.9,20.1
401704938,LAL,4066648,37.0,4.1,2.6
401704938,LAL,4395627,11.0,-2.3,-0.7
401704938,LAL,4431778,4.0,-0.8,-1.4
401704938,LAL,4432582,28.0,9.5,8.0
401704938,LAL,4897943,10.0,-0.5,-0.4
401704938,SAC,3978,35.0,5.6,4.3
401704938,SAC,2528588,1.0,-0.7,-0.7
401704938,SAC,2596107,5.0,3.3,2.6
401704938,SAC,3134916,1.0,0.0,0.0
401704938,SAC,3155942,38.0,19.6,16.9
401704938,SAC,4066259,36.0,17.9,16.0
401704938,SAC,4066262,37.0,7.8,7.1
401704938,SAC,4066372,24.0,2.4,2.0
401704938,SAC,4433378,1.0,0.0,0.0
401704938,SAC,4593049,1.0,2.4,2.4
401704938,SAC,4594327,35.0,9.4,5.3
401704938,SAC,4702177,21.0,4.5,3.7
401704938,SAC,5107818,5.0,4.0,1.7
401704939,CHA,2326307,9.0,-0.4,-0.7
401704939,CHA,3102532,33.0,15.1,14.8
401704939,CHA,3138161,20.0,9.8,7.1
401704939,CHA,3913220,30.0,10.8,9.1
401704939,CHA,4066383,29.0,7.3,3.9
401704939,CHA,4278076,30.0,7.1,6.4
401704939,CHA,4431727,16.0,8.0,8.4
401704939,CHA,4432811,33.0,-0.3,-0.3
401704939,CHA,4433249,18.0,6.1,5.7
401704939,CHA,5211176,24.0,11.3,8.9
401704939,PHI,3012,13.0,0.8,0.7
401704939,PHI,3431,16.0,4.3,1.7
401704939,PHI,4251,39.0,6.9,2.4
401704939,PHI,6585,10.0,-3.8,-3.4
401704939,PHI,3059318,31.0,29.6,26.0
401704939,PHI,3133603,39.0,21.3,19.9
401704939,PHI,4017844,14.0,7.0,6.8
401704939,PHI,4431678,38.0,18.3,15.8
401704939,PHI,4431828,28.0,4.3,0.7
401704939,PHI,4701234,13.0,8.9,8.8
401704940,CLE,6474,9.0,2.5,1.3
401704940,CLE,2990969,17.0,5.3,3.7
401704940,CLE,2991043,18.0,5.3,4.1
401704940,CLE,3908809,27.0,26.3,23.5
401704940,CLE,3912848,21.0,16.9,14.2
401704940,CLE,4065733,16.0,12.8,10.2
401704940,CLE,4065778,19.0,5.2,6.0
401704940,CLE,4066328,25.0,11.8,7.5
401704940,CLE,4066757,19.0,1.2,0.3
401704940,CLE,4396907,25.0,11.4,9.8
401704940,CLE,4432158,27.0,13.3,12.6
401704940,CLE,4683747,9.0,-4.1,-3.7
401704940,CLE,4701233,8.0,1.0,0.7
401704940,MIL,3448,24.0,10.7,8.5
401704940,MIL,6609,19.0,7.4,7.6
401704940,MIL,2578239,13.0,2.6,2.7
401704940,MIL,2990962,25.0,1.9,1.1
401704940,MIL,3032977,30.0,25.5,19.7
401704940,MIL,3064447,17.0,2.2,0.7
401704940,MIL,3064482,20.0,5.4,5.4
401704940,MIL,4277843,18.0,6.0,4.7
401704940,MIL,4279532,7.0,1.9,0.0
401704940,MIL,4397347,9.0,1.3,-0.3
401704940,MIL,4397475,17.0,1.6,0.0
401704940,MIL,4432179,12.0,4.5,3.7
401704940,MIL,4432190,15.0,-2.8,-3.1
401704940,MIL,4591725,12.0,10.1,7.1
401704941,MIA,3449,3.0,-1.0,-1.0
401704941,MIA,6430,7.0,1.4,1.4
401704941,MIA,3074752,23.0,4.5,2.3
401704941,MIA,3157465,31.0,9.5,9.0
401704941,MIA,4066261,36.0,10.7,7.7
401704941,MIA,4066993,30.0,12.1,10.6
401704941,MIA,4291678,24.0,0.4,-1.7
401704941,MIA,4395725,36.0,25.7,20.4
401704941,MIA,4432848,30.0,3.0,2.2
401704941,MIA,4997528,19.0,0.0,0.5
401704941,OKC,2991350,25.0,7.5,3.5
401704941,OKC,3133626,10.0,5.6,4.8
401704941,OKC,4222252,34.0,17.4,14.1
401704941,OKC,4278073,38.0,15.8,12.7
401704941,OKC,4395702,16.0,-0.6,-0.8
401704941,OKC,4397020,32.0,11.8,11.8
401704941,OKC,4397183,13.0,2.2,1.3
401704941,OKC,4593803,36.0,20.8,19.0
401704941,OKC,4683692,23.0,4.4,2.8
401704941,OKC,4900671,13.0,-0.8,-0.6
401704942,LAL,1966,34.0,25.5,20.2
401704942,LAL,6583,37.0,8.9,3.7
401704942,LAL,3136776,30.0,16.2,15.8
401704942,LAL,3137259,16.0,4.9,4.7
401704942,LAL,4066457,36.0,10.9,10.7
401704942,LAL,4066648,38.0,11.1,7.8
401704942,LAL,4395627,22.0,5.5,1.9
401704942,LAL,4431778,3.0,-0.4,0.0
401704942,LAL,4432582,18.0,5.5,3.0
401704942,LAL,4897943,5.0,-0.3,-0.3
401704942,SAC,3978,37.0,9.9,8.1
401704942,SAC,3136196,17.0,2.9,1.3
401704942,SAC,3155942,37.0,19.9,15.5
401704942,SAC,4066259,38.0,26.5,25.5
401704942,SAC,4066262,36.0,0.3,-1.0
401704942,SAC,4066372,23.0,5.4,3.6
401704942,SAC,4594327,27.0,3.9,4.6
401704942,SAC,4702177,14.0,3.7,2.3
401704942,SAC,5107818,11.0,3.3,2.7
401704943,MIA,3074752,33.0,17.8,17.4
401704943,MIA,3157465,27.0,7.8,8.1
401704943,MIA,4066261,34.0,14.5,11.8
401704943,MIA,4066993,26.0,11.6,9.0
401704943,MIA,4291678,6.0,-0.1,0.0
401704943,MIA,4395725,38.0,13.0,11.6
401704943,MIA,4432848,18.0,2.2,2.0
401704943,MIA,4601025,24.0,3.0,4.4
401704943,MIA,4997528,19.0,1.6,1.9
401704943,MIA,5105623,14.0,10.7,8.2
401704943,ORL,6446,24.0,3.8,2.7
401704943,ORL,2581018,36.0,21.6,20.4
401704943,ORL,3150844,2.0,-1.0,-1.0
401704943,ORL,4065654,17.0,-0.1,-2.2
401704943,ORL,4277847,13.0,3.2,3.0
401704943,ORL,4348700,31.0,21.6,18.7
401704943,ORL,4409222,18.0,9.5,5.8
401704943,ORL,4432809,28.0,31.1,29.1
401704943,ORL,4433623,12.0,-1.4,-1.4
401704943,ORL,4702382,28.0,5.8,6.4
401704943,ORL,4712849,18.0,1.4,3.1
401704943,ORL,5105806,13.0,2.8,2.3
401704944,ATL,2580365,24.0,7.3,2.7
401704944,ATL,3037789,25.0,2.2,3.4
401704944,ATL,3102529,19.0,4.4,1.2
401704944,ATL,3913180,6.0,4.0,3.7
401704944,ATL,4065732,24.0,19.0,18.8
401704944,ATL,4279118,23.0,3.1,2.8
401704944,ATL,4578893,20.0,4.1,5.1
401704944,ATL,4593041,9.0,3.3,2.7
401704944,ATL,4701230,33.0,14.1,9.1
401704944,ATL,4869342,29.0,18.3,11.0
401704944,ATL,4870562,5.0,3.6,2.7
401704944,ATL,5211175,22.0,6.2,6.3
401704944,MEM,2990992,9.0,8.7,8.1
401704944,MEM,3134932,12.0,1.0,0.7
401704944,MEM,3906665,18.0,4.1,5.8
401704944,MEM,3913174,18.0,2.2,2.0
401704944,MEM,4066320,27.0,25.3,21.0
401704944,MEM,4277961,25.0,2.4,1.2
401704944,MEM,4431785,33.0,20.8,17.7
401704944,MEM,4433083,2.0,-1.1,-0.7
401704944,MEM,4592691,22.0,16.2,14.3
401704944,MEM,4593125,21.0,8.5,7.4
401704944,MEM,4600663,27.0,7.1,4.7
401704944,MEM,5112087,26.0,10.3,8.8
401704945,BKN,3138196,38.0,9.9,7.8
401704945,BKN,3907387,29.0,14.1,11.3
401704945,BKN,3915195,26.0,7.4,8.1
401704945,BKN,4278067,26.0,8.7,4.4
401704945,BKN,4397179,22.0,5.6,5.4
401704945,BKN,4431714,23.0,6.4,4.0
401704945,BKN,4432192,29.0,1.7,0.5
401704945,BKN,4432194,19.0,7.6,5.1
401704945,BKN,4712896,29.0,7.1,7.4
401704945,UTA,2528426,31.0,15.7,13.8
401704945,UTA,3133602,20.0,12.4,11.8
401704945,UTA,3908845,35.0,5.4,2.5
401704945,UTA,3914285,9.0,-0.9,-1.1
401704945,UTA,4066336,36.0,12.0,9.9
401704945,UTA,4066399,9.0,5.1,4.8
401704945,UTA,4277811,33.0,15.3,12.6
401704945,UTA,4432817,12.0,4.6,2.0
401704945,UTA,4433136,21.0,8.5,4.8
401704945,UTA,4683766,16.0,-1.2,-2.3
401704945,UTA,5105839,18.0,8.3,5.7
401704946,CLE,6474,5.0,1.2,1.3
401704946,CLE,2990969,27.0,10.0,10.8
401704946,CLE,2991043,22.0,7.3,5.4
401704946,CLE,3908809,28.0,11.3,10.1
401704946,CLE,3912848,25.0,8.9,6.1
401704946,CLE,4065733,24.0,7.9,8.1
401704946,CLE,4066328,25.0,5.1,3.0
401704946,CLE,4066757,8.0,-1.1,-0.7
401704946,CLE,4396907,26.0,24.8,23.4
401704946,CLE,4432158,30.0,25.9,20.6
401704946,CLE,4683747,14.0,6.9,7.4
401704946,CLE,4701233,5.0,1.3,1.7
401704946,PHI,3012,5.0,1.0,0.7
401704946,PHI,3431,10.0,5.4,5.4
401704946,PHI,4251,27.0,4.4,2.6
401704946,PHI,6585,14.0,-0.8,-1.7
401704946,PHI,3133603,27.0,3.9,1.7
401704946,PHI,3138160,29.0,3.6,3.9
401704946,PHI,4017844,23.0,4.9,2.4
401704946,PHI,4066786,12.0,8.5,7.8
401704946,PHI,4431678,33.0,17.1,15.8
401704946,PHI,4431828,27.0,4.3,4.1
401704946,PHI,4701234,21.0,9.2,7.3
401704946,PHI,5105637,12.0,4.3,4.1
401704947,BOS,3213,25.0,5.7,2.6
401704947,BOS,3995,29.0,8.8,6.8
401704947,BOS,3064560,19.0,6.7,6.2
401704947,BOS,3078576,26.0,0.4,-1.5
401704947,BOS,3102531,30.0,19.4,15.8
401704947,BOS,3917376,33.0,15.1,13.2
401704947,BOS,4065648,36.0,39.7,36.3
401704947,BOS,4066354,32.0,7.3,5.4
401704947,BOS,4277964,4.0,0.0,0.0
401704947,BOS,4432164,3.0,3.0,2.7
401704947,BOS,4683689,3.0,2.7,2.7
401704947,CHI,6478,32.0,15.3,13.5
401704947,CHI,3064440,30.0,10.5,8.7
401704947,CHI,3133635,4.0,4.1,4.1
401704947,CHI,4066421,15.0,1.9,-0.7
401704947,CHI,4395651,25.0,3.3,3.9
401704947,CHI,4396991,14.0,1.1,-0.4
401704947,CHI,4397002,32.0,8.7,7.2
401704947,CHI,4397189,17.0,3.4,1.0
401704947,CHI,4431687,22.0,14.0,10.8
401704947,CHI,4433159,12.0,-1.2,-1.4
401704947,CHI,4711294,20.0,5.2,5.0
401704947,CHI,5105553,17.0,7.2,6.7
401704948,MIL,3448,31.0,6.6,6.3
401704948,MIL,6609,24.0,18.4,16.3
401704948,MIL,2990962,24.0,2.7,1.0
401704948,MIL,3064447,17.0,1.6,0.3
401704948,MIL,3064482,32.0,35.6,29.9
401704948,MIL,4277843,31.0,10.6,7.3
401704948,MIL,4397475,31.0,8.9,6.1
401704948,MIL,4432179,2.0,-0.7,-0.7
401704948,MIL,4432190,18.0,6.9,7.6
401704948,MIL,4591725,31.0,8.5,7.0
401704948,WAS,6477,15.0,6.0,4.8
401704948,WAS,2566769,24.0,-0.7,-1.8
401704948,WAS,4277956,36.0,10.9,10.2
401704948,WAS,4280151,26.0,14.0,13.1
401704948,WAS,4432907,17.0,2.9,0.7
401704948,WAS,4845374,32.0,3.9,3.7
401704948,WAS,5104155,35.0,20.4,14.1
401704948,WAS,5160992,33.0,12.3,8.8
401704948,WAS,5174563,23.0,5.1,3.7
401704949,GSW,3975,34.0,27.4,25.9
401704949,GSW,2990984,21.0,8.2,7.4
401704949,GSW,2993874,17.0,2.2,2.7
401704949,GSW,3032979,28.0,4.0,3.3
401704949,GSW,3059319,29.0,6.5,3.3
401704949,GSW,3134903,21.0,8.4,8.1
401704949,GSW,3155535,22.0,6.1,5.8
401704949,GSW,4431684,26.0,16.1,13.6
401704949,GSW,4433247,23.0,6.4,4.5
401704949,GSW,4709138,20.0,13.3,9.8
401704949,MIN,3195,25.0,0.7,0.7
401704949,MIN,3032976,37.0,20.5,15.8
401704949,MIN,3064514,32.0,11.0,9.6
401704949,MIN,3934673,26.0,17.0,14.5
401704949,MIN,4278039,19.0,-1.5,-1.7
401704949,MIN,4396971,25.0,10.2,9.8
401704949,MIN,4431671,35.0,6.7,6.7
401704949,MIN,4594268,39.0,10.4,10.2
401704949,MIN,4687718,2.0,0.0,0.0
401704950,NOP,2490149,32.0,9.9,7.7
401704950,NOP,2596112,18.0,5.5,4.1
401704950,NOP,3907497,33.0,10.6,8.1
401704950,NOP,4277813,33.0,4.1,2.9
401704950,NOP,4397688,38.0,18.6,16.9
401704950,NOP,4432162,17.0,2.0,1.5
401704950,NOP,4432813,18.0,4.3,2.4
401704950,NOP,4683750,21.0,6.3,6.0
401704950,NOP,5061589,30.0,5.3,4.8
401704950,NYK,3062679,42.0,13.7,10.1
401704950,NYK,3064230,8.0,1.6,1.7
401704950,NYK,3136195,27.0,5.5,4.4
401704950,NYK,3147657,45.0,9.6,7.6
401704950,NYK,3934672,40.0,33.0,31.1
401704950,NYK,3934719,37.0,10.7,8.0
401704950,NYK,4277922,13.0,4.5,3.5
401704950,NYK,4431679,12.0,3.3,2.8
401704950,NYK,4431823,16.0,0.9,-0.4
401704951,DAL,6442,38.0,4.0,3.8
401704951,DAL,6475,24.0,14.5,11.8
401704951,DAL,2531367,1.0,0.0,0.0
401704951,DAL,2580782,29.0,14.2,10.7
401704951,DAL,2960236,17.0,0.8,-0.1
401704951,DAL,4278049,19.0,11.3,10.4
401704951,DAL,4278078,37.0,5.0,2.3
401704951,DAL,4278594,21.0,10.3,8.4
401704951,DAL,4397014,25.0,19.8,18.3
401704951,DAL,4397693,1.0,0.0,0.0
401704951,DAL,4595400,1.0,0.0,0.0
401704951,DAL,4683688,28.0,18.4,14.8
401704951,DAL,4708972,1.0,0.0,0.0
401704951,LAC,3416,15.0,5.0,4.4
401704951,LAC,3992,37.0,7.2,3.9
401704951,LAC,2595516,42.0,18.2,16.5
401704951,LAC,2991139,34.0,10.0,7.1
401704951,LAC,3936099,17.0,3.5,0.3
401704951,LAC,4017837,34.0,15.1,10.9
401704951,LAC,4066387,22.0,-0.1,0.0
401704951,LAC,4277919,10.0,-0.4,-1.4
401704951,LAC,4396818,1.0,0.0,0.0
401704951,LAC,4397140,27.0,12.3,12.2
401704951,LAC,4431699,1.0,0.0,0.0
401704952,POR,2991070,30.0,-2.9,-3.2
401704952,POR,4066211,12.0,2.3,0.7
401704952,POR,4066268,3.0,2.0,2.0
401704952,POR,4278129,29.0,12.9,11.9
401704952,POR,4351851,33.0,11.4,6.3
401704952,POR,4431736,29.0,0.5,-1.3
401704952,POR,4432446,3.0,2.3,2.0
401704952,POR,4594326,3.0,1.4,1.4
401704952,POR,4683021,27.0,3.0,0.6
401704952,POR,4683678,24.0,5.9,6.2
401704952,POR,4914336,31.0,18.3,16.8
401704952,POR,5099752,3.0,-0.7,-0.7
401704952,POR,5105565,13.0,7.8,7.5
401704952,SAS,2779,26.0,9.7,8.9
401704952,SAS,6578,22.0,6.0,5.7
401704952,SAS,4278580,3.0,-0.7,-0.7
401704952,SAS,4395626,18.0,10.5,8.3
401704952,SAS,4395630,23.0,7.4,5.0
401704952,SAS,4395723,21.0,6.6,5.3
401704952,SAS,4397886,18.0,17.3,14.3
401704952,SAS,4565201,3.0,-1.0,-1.0
401704952,SAS,4592479,24.0,1.0,0.3
401704952,SAS,4610139,24.0,12.1,9.2
401704952,SAS,4683935,3.0,-0.4,0.0
401704952,SAS,4845367,20.0,5.5,4.1
401704952,SAS,5081727,3.0,0.6,1.0
401704952,SAS,5104157,30.0,33.0,24.8
401704953,DET,6440,29.0,8.5,7.7
401704953,DET,2528210,29.0,13.7,12.8
401704953,DET,3899664,15.0,6.6,6.4
401704953,DET,3907822,27.0,11.1,7.5
401704953,DET,4278562,14.0,9.8,7.2
401704953,DET,4432166,36.0,24.7,22.6
401704953,DET,4433218,30.0,21.8,20.4
401704953,DET,4433621,34.0,17.2,15.6
401704953,DET,4683771,14.0,3.8,2.7
401704953,DET,4684742,14.0,2.1,0.7
401704953,PHX,3202,39.0,28.9,27.3
401704953,PHX,6580,39.0,18.9,18.2
401704953,PHX,2488653,22.0,8.8,7.5
401704953,PHX,2583632,34.0,7.8,6.1
401704953,PHX,3059310,15.0,2.4,2.4
401704953,PHX,3102530,25.0,13.8,11.6
401704953,PHX,3135045,20.0,3.6,2.4
401704953,PHX,3135046,33.0,16.2,15.6
401704953,PHX,4888725,14.0,3.4,2.7
401704954,HOU,2991230,38.0,2.3,-0.7
401704954,HOU,3136777,15.0,6.5,5.7
401704954,HOU,3146557,3.0,0.0,0.0
401704954,HOU,3155526,37.0,20.0,17.4
401704954,HOU,4432639,37.0,14.2,9.4
401704954,HOU,4437244,34.0,13.1,11.3
401704954,HOU,4684740,23.0,8.0,7.8
401704954,HOU,4711272,6.0,2.3,1.7
401704954,HOU,4871144,33.0,15.5,9.8
401704954,HOU,5105592,14.0,8.7,7.1
401704954,TOR,2489663,25.0,5.6,2.8
401704954,TOR,3948153,19.0,9.4,9.2
401704954,TOR,4397018,32.0,10.6,8.4
401704954,TOR,4431893,17.0,6.9,6.4
401704954,TOR,4432241,33.0,15.8,12.1
401704954,TOR,4433134,39.0,2.3,-1.6
401704954,TOR,4684272,28.0,17.7,20.1
401704954,TOR,5106258,31.0,11.3,11.2
401704954,TOR,5107897,16.0,2.4,2.0
401704955,IND,3999,5.0,-0.1,-0.3
401704955,IND,2530530,23.0,16.6,14.1
401704955,IND,3133628,25.0,14.6,10.2
401704955,IND,3149673,28.0,15.5,14.0
401704955,IND,3934723,14.0,9.6,7.1
401704955,IND,4278355,21.0,8.5,7.7
401704955,IND,4395712,19.0,12.2,10.6
401704955,IND,4396993,31.0,15.5,14.3
401704955,IND,4433076,17.0,12.0,12.5
401704955,IND,4683634,30.0,3.4,1.0
401704955,IND,5106060,19.0,6.2,5.4
401704955,IND,5157066,8.0,3.7,3.4
401704955,SAC,3978,28.0,-0.5,-0.4
401704955,SAC,2528588,18.0,1.5,1.3
401704955,SAC,3134916,5.0,1.7,1.7
401704955,SAC,3136196,19.0,6.3,5.7
401704955,SAC,3155942,31.0,14.1,10.4
401704955,SAC,4066259,35.0,17.1,15.7
401704955,SAC,4066262,32.0,4.1,1.9
401704955,SAC,4066372,23.0,8.6,8.1
401704955,SAC,4433378,5.0,1.6,1.7
401704955,SAC,4593049,5.0,-0.7,-0.7
401704955,SAC,4594327,28.0,8.2,6.3
401704955,SAC,4702177,5.0,1.0,1.0
401704955,SAC,5107818,5.0,2.7,2.7
401704956,DEN,3442,10.0,3.5,2.7
401704956,DEN,3468,36.0,17.7,14.6
401704956,DEN,3064290,35.0,14.5,13.4
401704956,DEN,3112335,43.0,25.0,22.0
401704956,DEN,3936299,41.0,19.4,14.4
401704956,DEN,4278104,23.0,1.7,-0.1
401704956,DEN,4431767,39.0,13.1,10.6
401704956,DEN,4432181,20.0,9.9,9.7
401704956,DEN,4576087,18.0,7.3,4.8
401704956,NOP,2451037,13.0,3.1,4.1
401704956,NOP,2490149,39.0,18.7,16.0
401704956,NOP,2596112,14.0,-0.3,0.0
401704956,NOP,3907497,44.0,19.0,11.4
401704956,NOP,4277813,39.0,9.5,4.5
401704956,NOP,4397688,27.0,17.9,14.9
401704956,NOP,4432162,15.0,4.6,4.7
401704956,NOP,4683750,34.0,18.1,15.7
401704956,NOP,5061589,40.0,22.9,18.9
401704957,CHA,2326307,6.0,-1.4,-1.4
401704957,CHA,3102532,14.0,-1.4,-1.4
401704957,CHA,3138161,32.0,6.3,2.4
401704957,CHA,3913220,19.0,2.1,-0.1
401704957,CHA,4066383,29.0,19.2,15.8
401704957,CHA,4278076,13.0,3.1,3.1
401704957,CHA,4431727,8.0,3.4,2.4
401704957,CHA,4432811,31.0,0.1,1.0
401704957,CHA,4432816,30.0,21.8,20.3
401704957,CHA,4433249,16.0,13.3,12.1
401704957,CHA,4683686,3.0,3.3,3.3
401704957,CHA,4701232,19.0,12.0,10.1
401704957,CHA,5211176,19.0,-0.8,-2.7
401704957,HOU,3209,7.0,-1.5,-1.4
401704957,HOU,2991230,29.0,15.6,14.2
401704957,HOU,2991235,12.0,6.9,5.8
401704957,HOU,3136777,15.0,5.1,6.0
401704957,HOU,3146557,5.0,-0.7,-0.7
401704957,HOU,3922230,3.0,1.0,1.0
401704957,HOU,4432639,35.0,18.1,16.1
401704957,HOU,4437244,24.0,2.5,2.3
401704957,HOU,4684740,38.0,19.5,14.6
401704957,HOU,4711272,19.0,2.0,0.6
401704957,HOU,4871144,27.0,16.0,14.9
401704957,HOU,5105592,27.0,10.5,6.7
401704958,CLE,2990969,21.0,5.6,4.4
401704958,CLE,2991043,24.0,8.4,9.0
401704958,CLE,3908809,34.0,20.9,17.8
401704958,CLE,4065733,14.0,1.1,2.3
401704958,CLE,4065778,22.0,3.1,3.1
401704958,CLE,4066328,27.0,5.8,5.0
401704958,CLE,4066757,24.0,18.7,16.5
401704958,CLE,4396907,33.0,21.5,20.3
401704958,CLE,4432158,34.0,20.2,15.5
401704958,CLE,4683747,8.0,3.2,2.7
401704958,UTA,2528426,33.0,19.5,17.0
401704958,UTA,3133602,25.0,7.2,5.3
401704958,UTA,4066336,32.0,15.9,15.5
401704958,UTA,4066399,26.0,12.3,9.5
401704958,UTA,4277811,36.0,13.2,12.8
401704958,UTA,4432817,14.0,-0.1,0.7
401704958,UTA,4433136,38.0,16.2,12.1
401704958,UTA,4683766,14.0,1.0,1.8
401704958,UTA,4684793,10.0,-0.2,-0.3
401704958,UTA,5105839,11.0,2.5,1.7
401704959,BOS,3213,35.0,6.4,3.9
401704959,BOS,3995,33.0,11.8,6.1
401704959,BOS,3064560,20.0,6.0,3.4
401704959,BOS,3078576,40.0,11.0,8.0
401704959,BOS,3102531,37.0,11.2,10.1
401704959,BOS,3917376,37.0,22.6,19.1
401704959,BOS,4065804,16.0,2.8,1.4
401704959,BOS,4066354,21.0,2.9,2.7
401704959,ORL,2581018,34.0,7.3,3.6
401704959,ORL,4065654,14.0,4.8,3.3
401704959,ORL,4277847,27.0,13.7,10.9
401704959,ORL,4348700,21.0,10.5,6.2
401704959,ORL,4409222,34.0,13.8,11.8
401704959,ORL,4432165,29.0,11.2,8.1
401704959,ORL,4432809,17.0,2.4,3.8
401704959,ORL,4702382,36.0,13.2,11.7
401704959,ORL,4712849,23.0,8.2,7.1
401704959,ORL,5105806,5.0,0.9,1.3
401704960,PHI,3012,21.0,3.9,4.4
401704960,PHI,4251,37.0,12.9,10.9
401704960,PHI,6443,6.0,-0.7,-0.7
401704960,PHI,6585,7.0,3.0,2.4
401704960,PHI,3059318,14.0,4.6,2.9
401704960,PHI,3133603,36.0,4.9,4.2
401704960,PHI,3138160,27.0,10.2,9.4
401704960,PHI,4017844,32.0,18.7,13.9
401704960,PHI,4431678,41.0,28.7,23.1
401704960,PHI,4431828,20.0,2.2,1.3
401704960,SAS,2779,35.0,9.5,8.5
401704960,SAS,6578,20.0,-3.6,-3.5
401704960,SAS,4395626,14.0,4.1,1.8
401704960,SAS,4395630,32.0,10.9,10.6
401704960,SAS,4395723,22.0,1.3,1.0
401704960,SAS,4397886,7.0,-1.6,-2.4
401704960,SAS,4592479,29.0,9.6,7.7
401704960,SAS,4610139,32.0,15.6,13.9
401704960,SAS,4845367,13.0,12.5,12.2
401704960,SAS,5104157,37.0,22.0,14.8
401704961,ATL,2580365,21.0,10.3,5.4
401704961,ATL,3102529,26.0,3.2,1.8
401704961,ATL,3913180,26.0,24.0,21.5
401704961,ATL,4065732,28.0,13.1,13.1
401704961,ATL,4277905,31.0,20.2,20.4
401704961,ATL,4279118,1.0,-1.0,-1.0
401704961,ATL,4578893,17.0,0.6,-0.3
401704961,ATL,4593041,1.0,0.0,0.0
401704961,ATL,4701230,35.0,19.6,15.7
401704961,ATL,4869342,34.0,15.2,5.0
401704961,ATL,5211175,19.0,-0.4,0.0
401704961,MIN,3195,27.0,14.8,11.6
401704961,MIN,3032976,28.0,-0.5,-2.0
401704961,MIN,3064514,36.0,13.2,11.6
401704961,MIN,3923250,2.0,0.0,0.0
401704961,MIN,3934673,19.0,7.2,6.0
401704961,MIN,4278039,29.0,9.9,8.5
401704961,MIN,4396971,29.0,16.7,16.2
401704961,MIN,4431671,20.0,4.1,3.7
401704961,MIN,4432847,2.0,1.7,1.7
401704961,MIN,4594268,32.0,6.8,4.0
401704961,MIN,4684275,2.0,-0.3,-0.3
401704961,MIN,4687718,13.0,6.2,4.4
401704961,MIN,5044385,2.0,3.0,2.0
401704962,BKN,3138196,33.0,12.6,11.4
401704962,BKN,3907387,30.0,9.5,8.3
401704962,BKN,3915195,19.0,0.3,-1.1
401704962,BKN,4278067,28.0,4.9,1.9
401704962,BKN,4397179,22.0,13.0,11.2
401704962,BKN,4431714,30.0,2.4,2.2
401704962,BKN,4432187,2.0,0.0,0.0
401704962,BKN,4432192,28.0,10.3,7.7
401704962,BKN,4432194,15.0,4.1,4.7
401704962,BKN,4432735,2.0,1.0,0.0
401704962,BKN,4684737,2.0,-0.7,-0.7
401704962,BKN,4712896,30.0,12.7,12.0
401704962,MIA,6429,24.0,10.5,9.0
401704962,MIA,3157465,25.0,13.0,13.2
401704962,MIA,4066261,31.0,23.0,20.3
401704962,MIA,4066993,7.0,-2.1,-2.0
401704962,MIA,4291678,20.0,-1.0,-0.4
401704962,MIA,4395725,39.0,19.1,14.8
401704962,MIA,4431786,2.0,-0.1,0.0
401704962,MIA,4432168,2.0,-1.7,-1.7
401704962,MIA,4432848,24.0,6.9,6.1
401704962,MIA,4601025,17.0,-1.3,-1.8
401704962,MIA,4997528,32.0,17.0,16.2
401704962,MIA,5105623,17.0,9.2,5.8
401704963,NYK,3062679,31.0,7.9,7.8
401704963,NYK,3064230,15.0,14.6,13.8
401704963,NYK,3136195,32.0,30.8,30.1
401704963,NYK,3147657,41.0,11.1,9.8
401704963,NYK,3914044,1.0,1.7,1.7
401704963,NYK,3934672,32.0,4.7,4.8
401704963,NYK,3934719,34.0,28.8,27.1
401704963,NYK,4277922,3.0,2.3,2.7
401704963,NYK,4431679,22.0,4.7,2.7
401704963,NYK,4431823,25.0,12.9,11.2
401704963,NYK,4433225,1.0,-1.1,-0.7
401704963,NYK,4592461,1.0,-0.4,0.0
401704963,TOR,2489663,18.0,4.4,5.1
401704963,TOR,3948153,19.0,19.1,15.2
401704963,TOR,4067017,4.0,2.7,2.7
401704963,TOR,4278053,12.0,4.4,4.8
401704963,TOR,4395625,33.0,18.1,16.7
401704963,TOR,4397018,20.0,1.1,1.3
401704963,TOR,4431893,14.0,4.3,4.4
401704963,TOR,4433134,36.0,13.7,13.8
401704963,TOR,4684272,25.0,12.4,12.3
401704963,TOR,5106258,31.0,12.1,10.4
401704963,TOR,5107897,23.0,7.2,6.8
401704963,TOR,5211984,4.0,-1.1,-1.0
401704964,CHI,6478,31.0,14.3,10.7
401704964,CHI,3064440,34.0,8.8,6.0
401704964,CHI,3133635,4.0,0.3,-0.7
401704964,CHI,4395651,34.0,5.0,3.7
401704964,CHI,4396991,13.0,2.0,-0.1
401704964,CHI,4397002,34.0,5.2,2.8
401704964,CHI,4397189,17.0,10.2,9.5
401704964,CHI,4431687,23.0,10.5,10.1
401704964,CHI,4433159,16.0,7.3,6.8
401704964,CHI,4592402,4.0,2.3,1.7
401704964,CHI,4711294,15.0,2.2,1.6
401704964,CHI,5105553,14.0,-1.9,-0.7
401704964,MIL,3448,36.0,16.7,16.8
401704964,MIL,6609,23.0,15.3,13.6
401704964,MIL,2990962,23.0,1.4,-0.4
401704964,MIL,3064447,26.0,9.9,7.8
401704964,MIL,3064482,32.0,15.1,12.7
401704964,MIL,4277843,17.0,10.8,9.7
401704964,MIL,4279532,2.0,-1.1,-0.7
401704964,MIL,4397347,4.0,1.0,0.7
401704964,MIL,4397475,25.0,6.9,6.7
401704964,MIL,4432179,4.0,-1.7,-1.7
401704964,MIL,4432190,23.0,4.8,4.0
401704964,MIL,4591725,22.0,7.1,3.7
401704964,MIL,5167876,4.0,2.3,1.7
401704965,LAC,3416,28.0,8.6,6.2
401704965,LAC,3992,36.0,16.3,15.1
401704965,LAC,2595516,37.0,16.9,15.6
401704965,LAC,2991139,27.0,6.1,3.0
401704965,LAC,3936099,22.0,10.2,8.7
401704965,LAC,4017837,40.0,23.5,17.0
401704965,LAC,4066387,25.0,1.6,0.9
401704965,LAC,4277919,6.0,-0.9,-1.7
401704965,LAC,4397140,20.0,7.6,5.7
401704965,MEM,3906665,7.0,1.9,1.4
401704965,MEM,3913174,16.0,-0.3,-0.3
401704965,MEM,4066320,32.0,18.5,15.9
401704965,MEM,4277961,30.0,9.5,9.6
401704965,MEM,4279888,29.0,10.7,7.2
401704965,MEM,4431785,19.0,8.5,8.7
401704965,MEM,4592691,22.0,8.9,8.2
401704965,MEM,4593125,31.0,12.1,7.0
401704965,MEM,4600663,27.0,5.9,1.4
401704965,MEM,5112087,28.0,4.6,5.1
401704966,OKC,2991350,15.0,4.7,2.4
401704966,OKC,3133626,13.0,9.2,5.1
401704966,OKC,4222252,27.0,17.6,14.6
401704966,OKC,4278073,35.0,36.0,30.3
401704966,OKC,4395702,19.0,2.7,-0.9
401704966,OKC,4397020,25.0,-2.2,-2.1
401704966,OKC,4397183,14.0,-0.1,-0.4
401704966,OKC,4432823,8.0,3.0,2.7
401704966,OKC,4593803,29.0,9.9,9.0
401704966,OKC,4683692,28.0,12.7,10.6
401704966,OKC,4702159,3.0,0.0,0.0
401704966,OKC,4900671,22.0,18.2,14.6
401704966,OKC,4997526,3.0,-0.4,-0.7
401704966,WAS,6477,29.0,14.1,7.5
401704966,WAS,2566769,26.0,10.3,8.8
401704966,WAS,2993370,3.0,0.3,0.0
401704966,WAS,4277848,16.0,8.2,5.7
401704966,WAS,4277956,38.0,23.5,21.4
401704966,WAS,4280151,26.0,3.7,4.7
401704966,WAS,4395695,8.0,0.0,0.0
401704966,WAS,4432356,3.0,0.3,0.0
401704966,WAS,4432907,29.0,3.6,1.3
401704966,WAS,4433246,2.0,1.7,1.7
401704966,WAS,4845374,29.0,5.4,6.0
401704966,WAS,4997537,3.0,-0.7,-1.4
401704966,WAS,5174563,28.0,9.3,6.4
401704967,DAL,6442,29.0,17.0,15.1
401704967,DAL,6475,18.0,10.6,8.4
401704967,DAL,2531367,11.0,7.5,6.0
401704967,DAL,2580782,14.0,3.7,3.1
401704967,DAL,2960236,16.0,0.1,0.7
401704967,DAL,3945274,30.0,21.5,19.5
401704967,DAL,4278049,21.0,22.9,21.0
401704967,DAL,4278078,24.0,10.6,9.5
401704967,DAL,4278594,16.0,1.9,2.0
401704967,DAL,4397014,17.0,4.5,4.7
401704967,DAL,4397693,9.0,-1.2,-1.4
401704967,DAL,4595400,11.0,8.0,7.1
401704967,DAL,4683688,16.0,6.1,5.2
401704967,DAL,4708972,9.0,1.8,1.3
401704967,POR,2991070,20.0,-1.6,-1.1
401704967,POR,4278129,26.0,15.6,13.3
401704967,POR,4351851,29.0,4.3,5.1
401704967,POR,4397885,13.0,0.3,0.0
401704967,POR,4431736,30.0,5.0,3.4
401704967,POR,4432446,8.0,12.4,11.5
401704967,POR,4594326,18.0,-1.0,0.0
401704967,POR,4683021,23.0,15.1,15.4
401704967,POR,4683678,26.0,7.9,7.4
401704967,POR,4914336,24.0,9.9,6.7
401704967,POR,5099752,8.0,4.3,4.0
401704967,POR,5105565,15.0,1.5,1.7
401704968,DEN,3442,14.0,6.3,3.8
401704968,DEN,3468,25.0,10.4,8.6
401704968,DEN,3064290,23.0,9.8,9.4
401704968,DEN,3112335,30.0,28.6,28.4
401704968,DEN,4278104,30.0,23.6,22.8
401704968,DEN,4395620,16.0,5.0,3.6
401704968,DEN,4398390,23.0,10.1,8.5
401704968,DEN,4431690,4.0,-1.1,-0.7
401704968,DEN,4431767,26.0,2.8,1.0
401704968,DEN,4432181,18.0,6.2,5.3
401704968,DEN,4433268,4.0,0.7,0.7
401704968,DEN,4576087,21.0,2.9,2.1
401704968,DEN,4592427,4.0,-1.5,-1.7
401704968,DEN,4701225,3.0,1.3,0.0
401704968,PHX,3202,31.0,19.5,15.1
401704968,PHX,6580,35.0,14.7,14.1
401704968,PHX,2488653,15.0,7.3,7.8
401704968,PHX,2583632,29.0,4.5,4.0
401704968,PHX,2595209,7.0,-3.2,-2.8
401704968,PHX,3059310,20.0,5.5,3.3
401704968,PHX,3102530,15.0,4.5,4.5
401704968,PHX,3135046,23.0,5.7,4.4
401704968,PHX,4065663,13.0,-4.9,-5.1
401704968,PHX,4432946,5.0,-0.1,-0.7
401704968,PHX,4601023,18.0,8.1,5.6
401704968,PHX,4888725,30.0,4.6,2.7
401704969,GSW,3975,35.0,6.8,3.6
401704969,GSW,6589,26.0,6.2,1.2
401704969,GSW,2990984,16.0,6.2,5.7
401704969,GSW,3032979,30.0,5.0,6.0
401704969,GSW,3059319,34.0,9.2,8.4
401704969,GSW,3155535,9.0,6.0,5.8
401704969,GSW,4431684,23.0,15.5,13.3
401704969,GSW,4432171,10.0,0.6,0.6
401704969,GSW,4433247,30.0,23.7,21.8
401704969,GSW,4709138,26.0,9.6,5.8
401704969,IND,2530530,20.0,9.8,9.5
401704969,IND,3133628,35.0,21.0,16.9
401704969,IND,3149673,34.0,12.6,11.4
401704969,IND,3934723,10.0,2.9,2.0
401704969,IND,4278355,18.0,8.9,6.1
401704969,IND,4395712,33.0,7.2,7.1
401704969,IND,4396993,38.0,21.9,18.1
401704969,IND,4433076,11.0,0.2,-0.7
401704969,IND,4683634,36.0,4.1,4.9
401704969,IND,5106060,4.0,2.3,1.7
401704970,DET,6440,29.0,5.5,3.0
401704970,DET,2528210,25.0,9.0,9.4
401704970,DET,3899664,19.0,11.0,10.8
401704970,DET,3907822,26.0,16.8,13.7
401704970,DET,4278562,20.0,6.9,3.5
401704970,DET,4432166,35.0,10.6,9.5
401704970,DET,4433218,29.0,12.2,10.1
401704970,DET,4433621,27.0,8.8,6.5
401704970,DET,4683771,13.0,10.0,8.5
401704970,DET,4684742,16.0,8.0,8.2
401704970,LAL,1966,35.0,29.8,27.5
401704970,LAL,6583,39.0,18.8,13.7
401704970,LAL,3136776,16.0,3.0,3.4
401704970,LAL,3137259,19.0,5.6,5.4
401704970,LAL,4066457,37.0,6.4,3.1
401704970,LAL,4066648,29.0,6.2,5.3
401704970,LAL,4395627,17.0,8.3,5.8
401704970,LAL,4432582,33.0,13.3,11.4
401704970,LAL,4897943,16.0,6.3,6.4
401704971,NYK,3062679,38.0,16.8,14.3
401704971,NYK,3064230,5.0,-1.4,-1.0
401704971,NYK,3136195,30.0,15.3,15.2
401704971,NYK,3147657,43.0,36.4,33.8
401704971,NYK,3934672,38.0,14.3,12.3
401704971,NYK,3934719,36.0,5.8,5.0
401704971,NYK,4431679,20.0,9.3,5.8
401704971,NYK,4431823,30.0,4.1,3.9
401704971,SAS,2779,36.0,15.3,12.9
401704971,SAS,6578,17.0,1.6,1.3
401704971,SAS,4395626,16.0,12.6,11.7
401704971,SAS,4395630,36.0,6.4,5.8
401704971,SAS,4395723,18.0,1.8,2.4
401704971,SAS,4592479,26.0,5.8,6.0
401704971,SAS,4610139,33.0,15.5,15.0
401704971,SAS,4845367,17.0,3.4,3.2
401704971,SAS,5104157,40.0,35.1,26.9
401704972,DAL,6442,37.0,27.3,25.8
401704972,DAL,6475,29.0,8.5,3.9
401704972,DAL,2580782,14.0,-0.2,-1.5
401704972,DAL,2960236,23.0,2.8,3.4
401704972,DAL,3945274,16.0,10.6,8.8
401704972,DAL,4278049,13.0,-1.5,-1.4
401704972,DAL,4278078,40.0,7.2,4.4
401704972,DAL,4278594,14.0,1.5,1.3
401704972,DAL,4397014,24.0,10.3,8.8
401704972,DAL,4683688,30.0,8.2,5.2
401704972,MIN,3195,26.0,8.2,7.4
401704972,MIN,3032976,39.0,15.5,11.9
401704972,MIN,3064514,34.0,21.1,19.5
401704972,MIN,3934673,25.0,5.8,5.3
401704972,MIN,4278039,15.0,6.8,5.7
401704972,MIN,4396971,22.0,4.6,3.4
401704972,MIN,4431671,35.0,6.8,4.4
401704972,MIN,4594268,39.0,18.6,13.8
401704972,MIN,4687718,5.0,1.6,0.3
401704973,BOS,3213,33.0,12.4,11.7
401704973,BOS,3064560,20.0,11.8,9.6
401704973,BOS,3078576,33.0,12.2,12.5
401704973,BOS,3102531,13.0,6.9,6.7
401704973,BOS,3917376,43.0,10.4,8.2
401704973,BOS,4065648,42.0,28.0,23.2
401704973,BOS,4065804,13.0,-0.1,0.0
401704973,BOS,4066354,33.0,1.5,2.0
401704973,BOS,4397424,8.0,2.5,1.7
401704973,BOS,4683689,1.0,0.0,0.0
401704973,PHI,3012,21.0,5.1,5.1
401704973,PHI,4251,34.0,9.8,4.9
401704973,PHI,6443,17.0,2.5,1.0
401704973,PHI,3059318,31.0,21.0,19.8
401704973,PHI,3133603,38.0,6.4,2.0
401704973,PHI,3138160,38.0,21.0,20.6
401704973,PHI,4017844,21.0,9.4,8.7
401704973,PHI,4431678,41.0,31.6,27.8
401704974,GSW,3975,36.0,26.1,27.0
401704974,GSW,6589,34.0,6.8,4.2
401704974,GSW,2990984,17.0,0.5,0.6
401704974,GSW,3032979,28.0,7.7,7.7
401704974,GSW,3059319,35.0,18.9,16.5
401704974,GSW,3134903,7.0,3.3,3.4
401704974,GSW,3155535,5.0,0.7,0.7
401704974,GSW,4431684,26.0,13.0,10.2
401704974,GSW,4433247,28.0,9.2,6.8
401704974,GSW,4709138,24.0,3.9,3.0
401704974,LAL,1966,37.0,29.1,26.4
401704974,LAL,6583,7.0,-0.1,-1.4
401704974,LAL,3137259,29.0,1.7,2.0
401704974,LAL,4066457,37.0,24.0,20.6
401704974,LAL,4066648,39.0,12.4,12.4
401704974,LAL,4395627,23.0,4.3,3.1
401704974,LAL,4431778,9.0,4.8,3.5
401704974,LAL,4432582,34.0,9.7,9.3
401704974,LAL,4897943,25.0,13.7,11.5
401704975,DEN,3442,10.0,3.6,3.4
401704975,DEN,3468,27.0,10.0,7.9
401704975,DEN,3064290,19.0,4.8,5.0
401704975,DEN,3112335,38.0,22.8,18.2
401704975,DEN,3936299,39.0,9.2,7.8
401704975,DEN,4278104,37.0,12.5,12.0
401704975,DEN,4431767,28.0,3.1,3.7
401704975,DEN,4432181,18.0,3.5,4.4
401704975,DEN,4576087,24.0,2.5,2.0
401704975,PHX,3202,38.0,20.8,18.0
401704975,PHX,6580,38.0,19.8,16.4
401704975,PHX,2488653,13.0,1.4,1.4
401704975,PHX,2583632,30.0,9.4,5.8
401704975,PHX,3059310,18.0,11.7,9.4
401704975,PHX,3102530,30.0,12.1,9.9
401704975,PHX,3135046,30.0,16.8,15.3
401704975,PHX,4065663,17.0,6.4,5.4
401704975,PHX,4601023,6.0,-0.4,-0.7
401704975,PHX,4888725,21.0,5.7,5.8
401704976,IND,2530530,19.0,11.1,10.2
401704976,IND,3133628,33.0,10.3,5.5
401704976,IND,3149673,31.0,17.5,16.4
401704976,IND,3934723,10.0,-1.5,-1.4
401704976,IND,4278355,7.0,4.9,4.4
401704976,IND,4395712,29.0,21.0,19.0
401704976,IND,4396993,35.0,5.8,5.9
401704976,IND,4433076,22.0,3.6,3.1
401704976,IND,4683634,39.0,12.1,12.6
401704976,IND,5106060,15.0,7.8,6.7
401704976,OKC,3133626,17.0,9.0,7.8
401704976,OKC,4222252,34.0,12.1,8.9
401704976,OKC,4278073,38.0,43.9,40.2
401704976,OKC,4395702,17.0,1.8,2.3
401704976,OKC,4397020,35.0,8.0,8.0
401704976,OKC,4397183,6.0,0.6,1.0
401704976,OKC,4432823,10.0,2.9,2.7
401704976,OKC,4593803,36.0,9.7,9.3
401704976,OKC,4683692,30.0,1.7,-0.4
401704976,OKC,4702159,3.0,-0.5,-0.1
401704976,OKC,4900671,16.0,7.6,6.7
401704977,MIA,6429,32.0,17.7,14.4
401704977,MIA,3074752,29.0,7.1,5.6
401704977,MIA,3157465,18.0,-1.6,-1.4
401704977,MIA,4066261,35.0,4.5,0.8
401704977,MIA,4291678,27.0,3.9,4.0
401704977,MIA,4395725,32.0,8.2,6.7
401704977,MIA,4432848,31.0,17.0,11.5
401704977,MIA,4997528,24.0,9.3,5.1
401704977,MIA,5105623,13.0,-0.5,0.3
401704977,ORL,6446,8.0,4.0,3.0
401704977,ORL,2581018,32.0,11.4,7.8
401704977,ORL,4065654,13.0,0.6,-0.7
401704977,ORL,4277847,15.0,3.0,0.5
401704977,ORL,4348700,33.0,16.6,9.2
401704977,ORL,4409222,37.0,7.5,5.1
401704977,ORL,4432165,32.0,13.3,12.3
401704977,ORL,4432809,12.0,-6.1,-5.4
401704977,ORL,4702382,39.0,13.3,11.2
401704977,ORL,4712849,14.0,-1.9,-1.4
401704977,ORL,5105806,5.0,0.0,0.0
401704978,CHA,3102532,10.0,5.0,4.4
401704978,CHA,3138161,19.0,0.4,1.4
401704978,CHA,3913220,7.0,-2.1,-1.7
401704978,CHA,4066383,34.0,22.5,16.2
401704978,CHA,4278076,16.0,0.9,1.3
401704978,CHA,4431727,5.0,-1.8,-1.4
401704978,CHA,4432811,30.0,4.5,3.0
401704978,CHA,4432816,38.0,18.1,16.1
401704978,CHA,4433249,5.0,-1.4,-2.0
401704978,CHA,4433287,36.0,11.7,11.0
401704978,CHA,4701232,26.0,17.6,16.4
401704978,CHA,5211176,13.0,6.7,6.1
401704978,WAS,6477,23.0,16.7,11.9
401704978,WAS,2566769,30.0,9.2,6.3
401704978,WAS,4277956,35.0,19.4,16.6
401704978,WAS,4280151,30.0,7.9,8.1
401704978,WAS,4432907,13.0,8.2,5.4
401704978,WAS,4845374,28.0,3.8,5.1
401704978,WAS,5104155,31.0,13.9,12.9
401704978,WAS,5160992,25.0,12.2,9.3
401704978,WAS,5174563,24.0,-0.3,-1.4
401704979,ATL,2580365,23.0,9.6,8.4
401704979,ATL,3102529,25.0,10.8,9.2
401704979,ATL,3913180,19.0,2.5,0.9
401704979,ATL,4065732,28.0,19.8,17.0
401704979,ATL,4277905,39.0,27.6,26.1
401704979,ATL,4578893,11.0,4.8,3.8
401704979,ATL,4701230,39.0,31.3,27.1
401704979,ATL,4869342,33.0,16.4,13.6
401704979,ATL,5211175,23.0,9.2,9.0
401704979,CHI,6478,36.0,19.2,17.0
401704979,CHI,2528693,14.0,5.5,6.1
401704979,CHI,3064440,36.0,25.4,23.7
401704979,CHI,3133635,36.0,21.2,20.2
401704979,CHI,4395651,34.0,21.1,20.4
401704979,CHI,4396991,22.0,-1.8,-1.0
401704979,CHI,4397189,12.0,7.5,6.8
401704979,CHI,4431687,27.0,13.1,9.5
401704979,CHI,4433159,9.0,-2.6,-1.0
401704979,CHI,5105553,13.0,0.5,1.0
401704980,MEM,3134932,16.0,12.7,10.2
401704980,MEM,3906665,20.0,11.0,9.7
401704980,MEM,3913174,25.0,13.5,12.9
401704980,MEM,4066320,23.0,13.5,12.5
401704980,MEM,4277961,32.0,20.1,16.7
401704980,MEM,4279888,24.0,13.9,13.3
401704980,MEM,4431785,21.0,12.5,9.0
401704980,MEM,4433083,3.0,0.0,0.0
401704980,MEM,4592691,21.0,4.5,4.0
401704980,MEM,4593125,3.0,3.4,3.1
401704980,MEM,4600663,27.0,24.1,20.6
401704980,MEM,5112087,24.0,12.6,11.7
401704980,TOR,4023,5.0,-1.8,-2.4
401704980,TOR,2489663,23.0,12.3,11.6
401704980,TOR,3948153,21.0,9.5,10.1
401704980,TOR,4067017,5.0,4.9,4.3
401704980,TOR,4278053,27.0,7.7,6.1
401704980,TOR,4395625,34.0,25.7,24.7
401704980,TOR,4397018,25.0,4.1,4.9
401704980,TOR,4431893,16.0,3.9,3.7
401704980,TOR,4433134,36.0,20.2,19.3
401704980,TOR,5106258,25.0,9.2,7.8
401704980,TOR,5107897,17.0,3.1,-0.7
401704980,TOR,5211984,5.0,-0.0,0.4
401704981,BKN,3138196,35.0,20.7,19.9
401704981,BKN,3907387,29.0,5.8,4.3
401704981,BKN,3915195,23.0,15.0,14.1
401704981,BKN,4278067,31.0,11.4,7.9
401704981,BKN,4397179,17.0,3.7,2.6
401704981,BKN,4431714,32.0,3.6,3.1
401704981,BKN,4432187,1.0,0.0,0.0
401704981,BKN,4432192,30.0,6.5,4.2
401704981,BKN,4432194,11.0,-1.1,-2.0
401704981,BKN,4712896,31.0,17.4,15.9
401704981,MIL,3448,34.0,20.7,16.6
401704981,MIL,6609,26.0,12.1,11.2
401704981,MIL,2990962,23.0,2.2,2.1
401704981,MIL,3064447,18.0,1.0,0.4
401704981,MIL,3064482,35.0,12.4,9.8
401704981,MIL,4277843,22.0,10.3,6.4
401704981,MIL,4397475,29.0,6.8,5.7
401704981,MIL,4432190,23.0,6.6,6.4
401704981,MIL,4591725,29.0,5.5,2.8
401704982,HOU,3209,9.0,4.9,5.0
401704982,HOU,2991230,26.0,22.1,21.3
401704982,HOU,2991235,11.0,2.1,0.3
401704982,HOU,3136777,17.0,6.2,6.4
401704982,HOU,3146557,9.0,-3.4,-3.7
401704982,HOU,3922230,9.0,4.4,2.7
401704982,HOU,4432639,28.0,1.6,0.9
401704982,HOU,4437244,30.0,23.7,21.5
401704982,HOU,4684740,31.0,13.6,7.9
401704982,HOU,4711272,18.0,-1.4,-2.9
401704982,HOU,4871144,25.0,9.8,7.6
401704982,HOU,5105592,27.0,22.3,20.4
401704982,NOP,2451037,19.0,2.3,1.7
401704982,NOP,2490149,27.0,7.5,8.0
401704982,NOP,2596112,19.0,10.7,9.9
401704982,NOP,3907497,27.0,13.3,9.4
401704982,NOP,4277813,31.0,8.4,8.6
401704982,NOP,4397688,30.0,14.5,13.0
401704982,NOP,4432162,19.0,13.3,9.0
401704982,NOP,4432813,13.0,8.4,8.5
401704982,NOP,4592686,9.0,3.1,3.1
401704982,NOP,4683750,18.0,1.7,-0.3
401704982,NOP,5061589,29.0,8.0,5.2
401704983,POR,2991070,31.0,11.2,10.0
401704983,POR,4278129,34.0,17.6,13.2
401704983,POR,4351851,30.0,2.0,0.6
401704983,POR,4431736,32.0,3.9,2.0
401704983,POR,4594326,7.0,0.3,-0.7
401704983,POR,4683021,31.0,25.0,22.5
401704983,POR,4683678,30.0,18.7,17.6
401704983,POR,4914336,31.0,23.0,20.9
401704983,POR,5105565,14.0,5.3,3.1
401704983,UTA,3133602,25.0,14.0,12.0
401704983,UTA,3914285,18.0,15.2,13.9
401704983,UTA,4066336,30.0,23.3,19.8
401704983,UTA,4277811,27.0,15.1,15.9
401704983,UTA,4432817,15.0,13.2,11.0
401704983,UTA,4433136,30.0,10.4,3.5
401704983,UTA,4683766,35.0,0.9,0.4
401704983,UTA,4684793,18.0,5.4,4.0
401704983,UTA,4895758,25.0,3.2,4.1
401704983,UTA,5105839,17.0,1.8,1.3
401704984,DET,6440,27.0,1.0,0.9
401704984,DET,2528210,23.0,4.9,4.0
401704984,DET,3899664,14.0,0.2,-1.0
401704984,DET,3907822,27.0,14.8,15.7
401704984,DET,4278562,13.0,9.5,7.5
401704984,DET,4432107,8.0,2.9,2.7
401704984,DET,4432166,38.0,23.0,23.4
401704984,DET,4433218,33.0,12.2,11.4
401704984,DET,4433621,32.0,16.5,11.5
401704984,DET,4683771,7.0,-2.1,-2.4
401704984,DET,4684742,18.0,5.7,4.7
401704984,SAC,3978,36.0,14.2,13.7
401704984,SAC,2596107,23.0,7.9,6.2
401704984,SAC,3136196,25.0,16.2,15.3
401704984,SAC,4066259,38.0,14.3,13.0
401704984,SAC,4066262,30.0,7.8,7.3
401704984,SAC,4066372,23.0,8.6,6.4
401704984,SAC,4433378,11.0,0.9,1.4
401704984,SAC,4594327,37.0,10.2,6.7
401704984,SAC,4702177,14.0,2.3,2.4
401704984,SAC,5107818,3.0,2.4,2.4
401704985,NYK,3062679,38.0,22.3,17.1
401704985,NYK,3064230,7.0,-1.1,-0.7
401704985,NYK,3136195,33.0,8.8,7.3
401704985,NYK,3147657,44.0,12.5,10.7
401704985,NYK,3914044,10.0,7.7,5.4
401704985,NYK,3934672,37.0,21.9,20.9
401704985,NYK,3934719,28.0,1.3,1.7
401704985,NYK,4277922,1.0,0.0,0.0
401704985,NYK,4431679,21.0,6.6,4.4
401704985,NYK,4431823,22.0,4.2,3.7
401704985,ORL,6446,8.0,-0.9,-2.1
401704985,ORL,2581018,31.0,6.6,5.0
401704985,ORL,2999547,15.0,1.0,1.0
401704985,ORL,4065654,17.0,3.7,3.0
401704985,ORL,4277847,17.0,-0.6,-0.4
401704985,ORL,4348700,31.0,14.3,10.6
401704985,ORL,4409222,26.0,5.8,7.1
401704985,ORL,4432165,26.0,16.7,16.8
401704985,ORL,4432809,6.0,0.6,0.3
401704985,ORL,4433623,5.0,0.7,0.7
401704985,ORL,4702382,28.0,-5.2,-6.1
401704985,ORL,4712849,30.0,5.0,5.3
401704986,BOS,3213,20.0,11.0,9.1
401704986,BOS,3064560,19.0,4.2,2.7
401704986,BOS,3078576,30.0,8.7,6.8
401704986,BOS,3917376,37.0,41.4,36.8
401704986,BOS,4065648,32.0,22.2,16.4
401704986,BOS,4065804,20.0,1.2,1.3
401704986,BOS,4066354,32.0,20.7,20.1
401704986,BOS,4277964,5.0,3.3,3.0
401704986,BOS,4397424,9.0,4.6,4.7
401704986,BOS,4397689,8.0,2.2,3.1
401704986,BOS,4432164,8.0,5.5,6.0
401704986,BOS,4683689,21.0,9.9,9.1
401704986,IND,3999,6.0,2.2,2.3
401704986,IND,2530530,20.0,2.7,2.7
401704986,IND,3133628,23.0,2.4,3.0
401704986,IND,3149673,24.0,11.7,9.0
401704986,IND,3934723,19.0,11.3,7.8
401704986,IND,4396993,30.0,17.8,16.6
401704986,IND,4433076,20.0,-1.6,-1.1
401704986,IND,4592699,6.0,1.3,1.0
401704986,IND,4592829,9.0,3.5,4.7
401704986,IND,4683634,32.0,12.7,13.4
401704986,IND,5106060,28.0,12.5,11.7
401704986,IND,5157066,24.0,0.1,-1.4
401704987,BKN,2578185,27.0,-0.8,-2.5
401704987,BKN,3915195,34.0,19.4,18.7
401704987,BKN,4278067,33.0,8.1,2.7
401704987,BKN,4397179,19.0,6.4,4.3
401704987,BKN,4431714,39.0,2.6,3.6
401704987,BKN,4432187,14.0,-3.2,-2.4
401704987,BKN,4432192,37.0,16.2,14.4
401704987,BKN,4432194,13.0,5.6,3.8
401704987,BKN,4712896,24.0,2.2,2.0
401704987,SAS,2779,32.0,3.5,3.7
401704987,SAS,6578,22.0,6.9,5.6
401704987,SAS,4395626,17.0,5.1,4.2
401704987,SAS,4395630,34.0,9.2,4.3
401704987,SAS,4395723,27.0,12.6,10.1
401704987,SAS,4592479,20.0,16.4,13.8
401704987,SAS,4610139,34.0,13.9,10.7
401704987,SAS,4845367,19.0,1.0,0.1
401704987,SAS,5104157,35.0,16.5,11.8
401704988,HOU,2991230,39.0,12.4,11.0
401704988,HOU,2991235,3.0,1.7,0.7
401704988,HOU,3136777,16.0,5.0,3.4
401704988,HOU,3922230,5.0,2.7,0.7
401704988,HOU,4432639,43.0,8.2,6.7
401704988,HOU,4437244,39.0,7.9,7.3
401704988,HOU,4684740,39.0,17.1,14.3
401704988,HOU,4711272,4.0,-1.0,-1.0
401704988,HOU,4871144,41.0,30.2,29.6
401704988,HOU,5105592,12.0,2.1,1.6
401704988,MIN,3195,24.0,4.3,2.0
401704988,MIN,3032976,29.0,8.0,6.2
401704988,MIN,3064514,36.0,22.7,21.1
401704988,MIN,3934673,37.0,20.3,17.2
401704988,MIN,4278039,29.0,10.6,9.8
401704988,MIN,4396971,24.0,5.9,7.3
401704988,MIN,4431671,20.0,0.2,-2.4
401704988,MIN,4594268,35.0,15.4,14.4
401704988,MIN,4687718,6.0,4.0,3.4
401704989,MEM,3134932,6.0,-1.1,-1.7
401704989,MEM,3906665,19.0,4.7,0.9
401704989,MEM,3913174,20.0,6.8,6.0
401704989,MEM,4065731,13.0,4.8,5.0
401704989,MEM,4066320,32.0,20.3,15.9
401704989,MEM,4277961,35.0,28.8,22.2
401704989,MEM,4279888,25.0,22.8,22.0
401704989,MEM,4431785,23.0,10.8,11.5
401704989,MEM,4592691,7.0,-4.4,-4.7
401704989,MEM,4600663,27.0,16.9,13.9
401704989,MEM,5112087,32.0,5.0,5.2
401704989,NOP,2451037,21.0,16.9,13.3
401704989,NOP,2490149,35.0,24.8,23.9
401704989,NOP,2596112,3.0,0.0,0.0
401704989,NOP,3907497,39.0,10.9,6.2
401704989,NOP,4277813,28.0,5.4,2.1
401704989,NOP,4397688,39.0,24.7,24.7
401704989,NOP,4432162,11.0,6.4,5.4
401704989,NOP,4432813,23.0,6.8,4.7
401704989,NOP,4683750,15.0,5.4,2.5
401704989,NOP,5061589,27.0,4.2,2.8
401704990,CLE,2990969,16.0,1.9,2.0
401704990,CLE,2991043,23.0,11.7,10.8
401704990,CLE,3908809,30.0,28.8,27.7
401704990,CLE,3912848,26.0,14.2,12.6
401704990,CLE,4065733,7.0,1.6,0.6
401704990,CLE,4065778,24.0,2.6,2.0
401704990,CLE,4066328,31.0,24.8,19.8
401704990,CLE,4066757,19.0,9.3,7.4
401704990,CLE,4396907,32.0,23.1,18.9
401704990,CLE,4432158,31.0,23.9,23.6
401704990,CLE,4683747,2.0,1.0,0.7
401704990,DEN,3442,11.0,5.8,4.4
401704990,DEN,3468,30.0,5.8,4.8
401704990,DEN,3112335,36.0,34.2,28.3
401704990,DEN,3936299,40.0,22.4,20.7
401704990,DEN,4278104,32.0,13.0,14.1
401704990,DEN,4395620,6.0,1.2,1.3
401704990,DEN,4398390,2.0,0.7,0.7
401704990,DEN,4431690,2.0,0.0,0.0
401704990,DEN,4431767,32.0,12.6,12.9
401704990,DEN,4432181,23.0,6.3,5.7
401704990,DEN,4576087,26.0,17.8,15.8
401704990,DEN,4592427,2.0,0.0,0.0
401704991,DAL,6442,40.0,6.8,6.2
401704991,DAL,6475,32.0,11.9,8.8
401704991,DAL,2531367,15.0,4.0,3.5
401704991,DAL,2580782,23.0,13.3,9.7
401704991,DAL,2960236,26.0,17.0,14.2
401704991,DAL,4278049,29.0,12.9,12.2
401704991,DAL,4278078,20.0,1.4,2.0
401704991,DAL,4278594,19.0,3.6,3.1
401704991,DAL,4397014,29.0,3.5,2.3
401704991,DAL,4397693,1.0,0.0,0.0
401704991,DAL,4595400,6.0,2.3,1.0
401704991,DAL,4708972,1.0,0.0,0.0
401704991,DAL,4868423,1.0,-0.7,-0.7
401704991,PHX,3202,38.0,24.8,24.3
401704991,PHX,6580,38.0,2.4,0.6
401704991,PHX,2488653,18.0,6.3,5.7
401704991,PHX,2583632,30.0,13.2,9.1
401704991,PHX,2595209,1.0,1.0,1.0
401704991,PHX,3059310,18.0,-0.9,-1.4
401704991,PHX,3102530,14.0,0.8,-0.6
401704991,PHX,3135046,24.0,4.2,3.5
401704991,PHX,4065663,22.0,8.6,5.7
401704991,PHX,4432946,1.0,0.0,0.0
401704991,PHX,4601023,16.0,4.8,3.3
401704991,PHX,4888725,21.0,5.7,1.6
401704992,GSW,2990984,22.0,1.9,0.6
401704992,GSW,2993874,15.0,8.1,5.5
401704992,GSW,3032979,24.0,0.9,0.6
401704992,GSW,3059319,24.0,0.2,-0.8
401704992,GSW,3155535,12.0,-1.6,-1.0
401704992,GSW,4066317,16.0,-2.6,-3.5
401704992,GSW,4431684,31.0,15.1,12.6
401704992,GSW,4432171,24.0,7.6,4.6
401704992,GSW,4433247,37.0,31.3,27.2
401704992,GSW,4593016,1.0,0.0,0.0
401704992,GSW,4709138,31.0,11.6,8.8
401704992,GSW,4997536,5.0,-1.5,-1.0
401704992,LAC,3416,20.0,3.6,2.1
401704992,LAC,3992,39.0,11.3,10.2
401704992,LAC,2595516,40.0,14.7,12.7
401704992,LAC,2991139,34.0,9.1,7.5
401704992,LAC,3936099,30.0,13.0,10.2
401704992,LAC,4017837,36.0,18.9,13.2
401704992,LAC,4066387,26.0,7.4,7.3
401704992,LAC,4277919,12.0,0.9,0.0
401704992,LAC,4396818,4.0,-2.8,-2.4
401704993,ATL,2580365,27.0,9.9,5.5
401704993,ATL,3102529,21.0,7.1,4.4
401704993,ATL,3913180,27.0,14.8,14.4
401704993,ATL,4065732,29.0,22.1,20.4
401704993,ATL,4277905,37.0,11.5,10.2
401704993,ATL,4279118,14.0,5.2,4.4
401704993,ATL,4578893,23.0,6.2,6.8
401704993,ATL,4701230,35.0,27.6,25.1
401704993,ATL,5211175,27.0,3.5,3.3
401704993,MIA,6429,19.0,6.5,5.6
401704993,MIA,3074752,20.0,8.2,4.3
401704993,MIA,3157465,38.0,13.4,11.1
401704993,MIA,4066261,37.0,13.1,9.8
401704993,MIA,4291678,36.0,12.6,13.3
401704993,MIA,4395725,36.0,26.6,25.7
401704993,MIA,4432848,21.0,6.4,2.6
401704993,MIA,4601025,4.0,-1.5,-0.7
401704993,MIA,4997528,18.0,1.4,1.9
401704993,MIA,5105623,10.0,4.0,2.7
401704994,CHA,2326307,22.0,9.3,8.7
401704994,CHA,3102532,29.0,8.3,7.1
401704994,CHA,3913220,13.0,1.5,1.7
401704994,CHA,4066383,38.0,16.4,11.7
401704994,CHA,4278076,12.0,1.4,0.3
401704994,CHA,4431727,19.0,5.5,4.9
401704994,CHA,4432811,39.0,5.6,3.2
401704994,CHA,4433249,14.0,1.9,-1.0
401704994,CHA,4701232,22.0,10.6,8.7
401704994,CHA,5211176,31.0,4.3,2.6
401704994,OKC,3133626,22.0,7.9,6.1
401704994,OKC,4222252,25.0,13.6,10.0
401704994,OKC,4278073,33.0,15.2,13.2
401704994,OKC,4395702,16.0,2.7,1.2
401704994,OKC,4397183,33.0,15.0,13.2
401704994,OKC,4432823,23.0,10.3,9.9
401704994,OKC,4593803,34.0,13.6,11.7
401704994,OKC,4702159,15.0,-0.3,-0.4
401704994,OKC,4900671,32.0,9.3,8.5
401704994,OKC,4997526,7.0,-1.2,-1.4
401704995,NYK,3062679,39.0,16.0,13.0
401704995,NYK,3064230,6.0,1.3,0.0
401704995,NYK,3136195,44.0,26.2,22.7
401704995,NYK,3147657,47.0,15.8,14.2
401704995,NYK,3914044,6.0,1.0,0.0
401704995,NYK,3934672,44.0,43.9,43.4
401704995,NYK,3934719,42.0,3.4,1.9
401704995,NYK,4431679,19.0,3.2,2.1
401704995,NYK,4431823,19.0,0.5,0.6
401704995,WAS,6477,21.0,8.1,5.1
401704995,WAS,2566769,30.0,14.9,14.1
401704995,WAS,4280151,23.0,9.0,7.4
401704995,WAS,4432907,45.0,28.4,26.2
401704995,WAS,4845374,43.0,14.3,13.6
401704995,WAS,5104155,37.0,14.0,11.8
401704995,WAS,5160992,32.0,9.4,9.1
401704995,WAS,5174563,34.0,10.2,10.1
401704996,CHI,6478,38.0,18.8,16.2
401704996,CHI,2528693,11.0,2.1,1.9
401704996,CHI,3064440,35.0,11.5,9.7
401704996,CHI,3133635,6.0,5.0,4.7
401704996,CHI,4066421,19.0,7.5,6.8
401704996,CHI,4395651,34.0,16.3,16.2
401704996,CHI,4396991,3.0,-0.4,0.0
401704996,CHI,4431687,29.0,7.3,4.7
401704996,CHI,4433159,17.0,0.7,1.3
401704996,CHI,4711294,13.0,3.7,2.4
401704996,CHI,4871145,29.0,27.3,22.1
401704996,CHI,5105553,5.0,-0.4,-0.7
401704996,MIL,3448,38.0,16.1,13.0
401704996,MIL,6606,35.0,30.7,28.0
401704996,MIL,6609,28.0,14.7,14.5
401704996,MIL,2990962,20.0,1.1,0.6
401704996,MIL,3064482,34.0,11.3,8.0
401704996,MIL,4277843,17.0,2.5,1.3
401704996,MIL,4397475,24.0,3.6,2.7
401704996,MIL,4432190,23.0,-0.7,-0.7
401704996,MIL,4591725,21.0,8.4,4.7
401704997,GSW,3975,35.0,11.8,10.8
401704997,GSW,6589,35.0,21.1,16.7
401704997,GSW,2990984,15.0,-3.6,-4.2
401704997,GSW,3032979,34.0,4.5,4.3
401704997,GSW,3059319,39.0,5.4,2.3
401704997,GSW,4066317,14.0,3.2,2.4
401704997,GSW,4431684,23.0,20.1,14.9
401704997,GSW,4433247,34.0,28.4,27.8
401704997,GSW,4709138,11.0,-0.5,0.0
401704997,PHX,3202,37.0,16.1,12.9
401704997,PHX,6580,40.0,20.5,18.1
401704997,PHX,2488653,26.0,8.6,4.9
401704997,PHX,2583632,12.0,-1.5,-2.1
401704997,PHX,3059310,16.0,7.7,6.4
401704997,PHX,3135046,32.0,5.8,4.7
401704997,PHX,4065663,31.0,11.9,8.4
401704997,PHX,4601023,20.0,4.5,1.7
401704997,PHX,4888725,27.0,12.3,11.1
401704998,DEN,3442,11.0,5.2,3.6
401704998,DEN,3468,31.0,8.9,6.4
401704998,DEN,3112335,37.0,33.4,32.6
401704998,DEN,3936299,40.0,30.1,26.2
401704998,DEN,4278104,34.0,19.3,19.1
401704998,DEN,4395620,13.0,2.0,1.4
401704998,DEN,4431767,30.0,14.6,11.5
401704998,DEN,4432181,23.0,1.3,0.6
401704998,DEN,4576087,23.0,5.9,3.7
401704998,DET,6440,24.0,4.5,5.0
401704998,DET,2528210,18.0,7.3,7.4
401704998,DET,3899664,14.0,1.6,1.0
401704998,DET,3907822,19.0,8.8,9.3
401704998,DET,4278562,12.0,9.8,5.3
401704998,DET,4432107,15.0,3.3,2.1
401704998,DET,4432166,27.0,9.6,10.5
401704998,DET,4432810,16.0,3.0,3.4
401704998,DET,4433218,21.0,12.5,11.9
401704998,DET,4433621,20.0,9.7,10.1
401704998,DET,4592187,12.0,8.4,7.5
401704998,DET,4683771,20.0,7.1,7.3
401704998,DET,4684742,24.0,10.2,8.5
401704999,PHI,3012,19.0,6.1,2.8
401704999,PHI,4251,32.0,10.4,6.5
401704999,PHI,6443,15.0,7.6,7.1
401704999,PHI,3059318,35.0,27.3,20.7
401704999,PHI,3133603,31.0,5.7,6.0
401704999,PHI,3138160,36.0,5.7,2.6
401704999,PHI,4017844,22.0,12.5,13.6
401704999,PHI,4431678,41.0,22.8,21.3
401704999,PHI,4701234,11.0,1.8,0.9
401704999,UTA,2528426,30.0,11.0,10.1
401704999,UTA,3914285,9.0,4.2,4.8
401704999,UTA,4066336,33.0,12.1,10.6
401704999,UTA,4066399,15.0,0.3,0.7
401704999,UTA,4277811,31.0,19.2,18.1
401704999,UTA,4432817,16.0,5.5,4.7
401704999,UTA,4433136,30.0,6.6,6.1
401704999,UTA,4683766,19.0,-1.0,-1.2
401704999,UTA,4684793,9.0,0.1,-1.0
401704999,UTA,4895758,23.0,2.6,3.4
401704999,UTA,5105839,25.0,17.5,16.5
401705000,DAL,6442,39.0,34.9,32.3
401705000,DAL,6475,34.0,1.9,1.8
401705000,DAL,2531367,8.0,1.7,1.4
401705000,DAL,2580782,35.0,12.1,11.7
401705000,DAL,2960236,33.0,4.9,2.5
401705000,DAL,4278049,28.0,15.6,11.2
401705000,DAL,4397014,28.0,15.2,13.5
401705000,DAL,4595400,13.0,2.4,1.1
401705000,DAL,4708972,5.0,0.0,0.0
401705000,DAL,4868423,17.0,7.8,7.4
401705000,POR,2991070,42.0,14.4,12.4
401705000,POR,4278129,36.0,19.3,13.2
401705000,POR,4351851,40.0,17.0,16.2
401705000,POR,4594326,8.0,0.4,0.4
401705000,POR,4683021,31.0,16.1,16.4
401705000,POR,4683678,29.0,20.2,14.1
401705000,POR,4914336,38.0,18.5,17.5
401705000,POR,5099752,4.0,-0.8,0.0
401705000,POR,5105565,12.0,3.3,2.1
401705001,LAL,6583,39.0,36.9,33.8
401705001,LAL,3136776,28.0,5.6,5.4
401705001,LAL,3137259,7.0,-1.4,-1.7
401705001,LAL,4066457,43.0,24.4,24.1
401705001,LAL,4066648,34.0,18.3,15.1
401705001,LAL,4395627,19.0,2.2,0.9
401705001,LAL,4431778,5.0,2.7,3.1
401705001,LAL,4432582,32.0,14.8,13.8
401705001,LAL,4897943,33.0,14.7,14.1
401705001,SAC,3978,41.0,23.8,23.2
401705001,SAC,2596107,11.0,2.2,3.0
401705001,SAC,3136196,23.0,1.7,2.3
401705001,SAC,3155942,26.0,14.0,14.0
401705001,SAC,4066259,39.0,26.3,21.2
401705001,SAC,4066262,33.0,16.5,16.2
401705001,SAC,4066372,24.0,7.3,6.8
401705001,SAC,4594327,29.0,0.4,1.3
401705001,SAC,4702177,13.0,12.1,10.5
401705002,BKN,3138196,25.0,8.6,5.4
401705002,BKN,3907387,31.0,7.6,6.6
401705002,BKN,4278067,32.0,2.5,1.9
401705002,BKN,4397179,20.0,3.8,2.7
401705002,BKN,4431714,31.0,13.5,13.8
401705002,BKN,4432174,25.0,17.7,16.6
401705002,BKN,4432192,33.0,8.8,8.7
401705002,BKN,4432194,16.0,8.6,5.4
401705002,BKN,4712896,28.0,7.9,7.7
401705002,ORL,6446,14.0,1.6,1.7
401705002,ORL,2581018,34.0,4.5,2.3
401705002,ORL,2999547,15.0,4.2,3.6
401705002,ORL,4065654,19.0,5.9,4.1
401705002,ORL,4277847,27.0,7.6,7.3
401705002,ORL,4348700,34.0,22.9,19.7
401705002,ORL,4409222,6.0,-3.1,-3.0
401705002,ORL,4432165,13.0,3.7,4.6
401705002,ORL,4432809,17.0,6.1,6.3
401705002,ORL,4433623,15.0,10.2,10.4
401705002,ORL,4702382,35.0,19.9,18.7
401705002,ORL,5105806,12.0,-1.5,-1.4
401705003,BOS,3213,31.0,-1.0,-0.5
401705003,BOS,3064560,14.0,5.1,0.6
401705003,BOS,3078576,39.0,10.8,11.1
401705003,BOS,3917376,36.0,23.9,22.9
401705003,BOS,4065648,41.0,20.1,15.5
401705003,BOS,4065804,20.0,8.7,8.1
401705003,BOS,4066354,28.0,15.6,15.5
401705003,BOS,4277964,2.0,-0.7,-0.7
401705003,BOS,4397424,5.0,6.6,7.1
401705003,BOS,4397689,2.0,1.7,1.7
401705003,BOS,4432164,2.0,-0.4,-0.7
401705003,BOS,4683689,19.0,-0.0,-1.5
401705003,IND,2530530,14.0,0.8,-0.4
401705003,IND,3133628,33.0,13.3,11.8
401705003,IND,3149673,31.0,18.8,13.9
401705003,IND,3934723,15.0,7.7,7.5
401705003,IND,4395712,33.0,16.5,14.9
401705003,IND,4396993,36.0,29.4,26.6
401705003,IND,4433076,21.0,4.3,5.7
401705003,IND,4592829,1.0,-0.7,-0.7
401705003,IND,4683634,29.0,10.6,10.2
401705003,IND,5106060,25.0,7.7,6.6
401705003,IND,5157066,1.0,0.0,0.0
401705004,ATL,3102529,27.0,15.0,12.2
401705004,ATL,3913180,23.0,10.1,9.3
401705004,ATL,4065732,22.0,20.2,17.4
401705004,ATL,4277905,32.0,27.5,25.3
401705004,ATL,4279118,16.0,7.3,5.0
401705004,ATL,4431680,18.0,14.9,12.4
401705004,ATL,4578893,30.0,7.3,2.7
401705004,ATL,4593041,9.0,-0.7,-1.7
401705004,ATL,4701230,33.0,12.6,5.9
401705004,ATL,4870562,3.0,-0.7,-0.7
401705004,ATL,5211175,27.0,15.4,13.3
401705004,TOR,4023,6.0,0.6,-0.3
401705004,TOR,2489663,12.0,2.4,3.1
401705004,TOR,3134908,27.0,11.2,7.8
401705004,TOR,3948153,12.0,7.5,6.3
401705004,TOR,4065670,19.0,7.6,6.4
401705004,TOR,4395625,30.0,9.9,8.9
401705004,TOR,4397018,18.0,-0.7,0.7
401705004,TOR,4431893,9.0,5.6,5.0
401705004,TOR,4432241,25.0,8.5,8.3
401705004,TOR,4433134,35.0,14.3,9.6
401705004,TOR,4684272,16.0,3.0,2.4
401705004,TOR,5106258,25.0,0.5,-1.1
401705004,TOR,5107897,6.0,2.3,2.1
401705005,HOU,2991230,38.0,13.4,9.1
401705005,HOU,2991235,12.0,9.1,8.3
401705005,HOU,3155526,40.0,11.7,10.9
401705005,HOU,3922230,11.0,-0.2,1.0
401705005,HOU,4432639,26.0,0.7,0.9
401705005,HOU,4437244,34.0,8.3,8.8
401705005,HOU,4684740,32.0,8.6,8.2
401705005,HOU,4871144,35.0,18.1,14.1
401705005,HOU,5105592,12.0,4.2,3.3
401705005,MIA,3449,14.0,2.4,1.9
401705005,MIA,6429,18.0,-1.5,-1.1
401705005,MIA,3074752,38.0,4.3,1.8
401705005,MIA,4066261,34.0,7.9,4.5
401705005,MIA,4291678,38.0,15.8,12.3
401705005,MIA,4395725,37.0,22.2,21.2
401705005,MIA,4432848,16.0,2.0,1.7
401705005,MIA,4997528,31.0,20.4,19.3
401705005,MIA,5105623,14.0,8.1,6.4
401705006,MEM,3134932,34.0,8.6,1.0
401705006,MEM,3913174,27.0,10.4,9.5
401705006,MEM,4065731,17.0,10.8,11.2
401705006,MEM,4066320,29.0,17.0,15.4
401705006,MEM,4277961,25.0,4.1,3.1
401705006,MEM,4397204,11.0,0.5,0.6
401705006,MEM,4431785,24.0,9.5,7.9
401705006,MEM,4433083,22.0,7.6,7.1
401705006,MEM,4592691,14.0,-0.3,0.1
401705006,MEM,5112087,25.0,-2.7,-3.2
401705006,MEM,5159895,11.0,10.7,10.2
401705006,OKC,3133626,12.0,11.6,12.2
401705006,OKC,4222252,25.0,11.9,8.9
401705006,OKC,4278073,28.0,36.4,31.2
401705006,OKC,4395702,22.0,6.8,6.0
401705006,OKC,4397020,26.0,1.0,1.3
401705006,OKC,4397183,24.0,12.2,9.3
401705006,OKC,4432823,10.0,4.3,4.1
401705006,OKC,4592435,4.0,-1.4,-1.7
401705006,OKC,4593803,26.0,15.3,12.0
401705006,OKC,4683692,31.0,4.1,3.4
401705006,OKC,4702159,7.0,1.0,0.7
401705006,OKC,4900671,22.0,13.9,13.8
401705006,OKC,4997526,5.0,-0.1,-1.7
401705007,MIN,3195,23.0,3.4,4.0
401705007,MIN,3032976,31.0,19.7,18.7
401705007,MIN,3064514,35.0,10.6,10.1
401705007,MIN,3934673,34.0,22.2,19.8
401705007,MIN,4278039,16.0,3.5,2.7
401705007,MIN,4396971,21.0,7.2,5.9
401705007,MIN,4431671,32.0,9.0,7.5
401705007,MIN,4594268,38.0,6.3,3.9
401705007,MIN,4687718,11.0,4.1,3.7
401705007,SAS,2779,35.0,16.3,11.6
401705007,SAS,6578,34.0,22.4,22.3
401705007,SAS,4066650,7.0,-2.9,-1.7
401705007,SAS,4395626,13.0,2.9,2.4
401705007,SAS,4395630,36.0,20.3,19.2
401705007,SAS,4395723,17.0,7.9,6.1
401705007,SAS,4397886,5.0,3.9,4.4
401705007,SAS,4592479,11.0,-0.5,-2.1
401705007,SAS,4610139,37.0,-1.8,-1.4
401705007,SAS,4845367,8.0,-4.4,-4.0
401705007,SAS,5104157,37.0,23.8,19.6
401705008,CHA,2326307,33.0,9.6,10.1
401705008,CHA,3102532,35.0,2.9,0.8
401705008,CHA,3913220,22.0,6.6,4.4
401705008,CHA,4066383,36.0,19.6,17.1
401705008,CHA,4278076,13.0,-1.0,-1.8
401705008,CHA,4431727,17.0,-0.9,-2.2
401705008,CHA,4432811,38.0,9.7,10.8
401705008,CHA,4433249,9.0,0.5,0.0
401705008,CHA,4683834,14.0,3.8,1.2
401705008,CHA,4701232,31.0,25.8,19.1
401705008,CHA,5211176,17.0,1.8,0.6
401705008,CHI,6478,35.0,12.4,9.3
401705008,CHI,2528693,21.0,17.3,15.8
401705008,CHI,4066421,26.0,7.1,4.7
401705008,CHI,4395651,41.0,15.9,13.0
401705008,CHI,4396991,20.0,5.8,1.4
401705008,CHI,4397189,18.0,9.2,6.7
401705008,CHI,4431687,32.0,10.8,11.0
401705008,CHI,4433159,19.0,4.1,2.9
401705008,CHI,4711294,10.0,-0.9,-1.8
401705008,CHI,4871145,30.0,12.2,9.1
401705008,CHI,5105553,11.0,0.9,1.0
401705009,NYK,3062679,41.0,27.0,23.3
401705009,NYK,3064230,7.0,0.6,1.0
401705009,NYK,3136195,32.0,28.5,26.7
401705009,NYK,3147657,36.0,12.3,9.5
401705009,NYK,3908336,1.0,0.0,0.0
401705009,NYK,3914044,11.0,4.6,4.7
401705009,NYK,3934672,36.0,12.2,10.7
401705009,NYK,3934719,34.0,13.6,12.3
401705009,NYK,4277922,2.0,0.3,0.0
401705009,NYK,4431679,19.0,4.5,3.4
401705009,NYK,4431823,18.0,11.0,8.8
401705009,NYK,4433225,2.0,-0.7,-0.7
401705009,NYK,4592461,2.0,1.7,1.4
401705009,WAS,6477,21.0,21.1,20.8
401705009,WAS,2566769,29.0,19.4,16.6
401705009,WAS,2581184,2.0,2.7,2.4
401705009,WAS,3134907,21.0,4.0,3.9
401705009,WAS,4280151,23.0,12.7,12.1
401705009,WAS,4395695,5.0,1.7,1.7
401705009,WAS,4432356,2.0,-1.4,-1.4
401705009,WAS,4432907,25.0,-0.4,-3.2
401705009,WAS,4433246,2.0,0.0,0.0
401705009,WAS,4845374,28.0,7.8,6.1
401705009,WAS,4997537,2.0,-0.7,-0.7
401705009,WAS,5104155,31.0,4.2,1.6
401705009,WAS,5160992,25.0,10.0,10.0
401705009,WAS,5174563,25.0,-0.8,-2.2
401705010,LAC,3416,20.0,7.6,3.8
401705010,LAC,3992,36.0,15.0,14.6
401705010,LAC,2595516,40.0,23.2,21.0
401705010,LAC,2991139,32.0,9.1,6.9
401705010,LAC,3936099,32.0,8.9,6.4
401705010,LAC,4017837,36.0,24.7,21.0
401705010,LAC,4066387,21.0,3.4,3.3
401705010,LAC,4277919,8.0,3.4,3.1
401705010,LAC,4397140,16.0,-0.3,0.3
401705010,NOP,2451037,11.0,4.0,3.8
401705010,NOP,2490149,39.0,19.5,18.7
401705010,NOP,2596112,15.0,5.9,5.8
401705010,NOP,3907497,40.0,13.2,5.8
401705010,NOP,4277813,33.0,18.3,17.3
401705010,NOP,4397688,38.0,19.8,16.3
401705010,NOP,4432162,13.0,0.4,1.3
401705010,NOP,4683750,16.0,-0.6,-0.4
401705010,NOP,5061589,35.0,16.3,11.8
401705011,DEN,3442,10.0,1.6,1.7
401705011,DEN,3468,33.0,27.9,23.0
401705011,DEN,3112335,38.0,37.2,28.7
401705011,DEN,3936299,37.0,18.4,15.6
401705011,DEN,4278104,35.0,14.8,16.1
401705011,DEN,4395620,7.0,-1.8,-1.4
401705011,DEN,4431767,36.0,18.7,16.6
401705011,DEN,4432181,18.0,1.8,1.3
401705011,DEN,4576087,26.0,10.3,8.8
401705011,UTA,2528426,28.0,17.6,16.5
401705011,UTA,4066336,32.0,8.2,8.6
401705011,UTA,4277811,29.0,13.3,13.8
401705011,UTA,4432817,23.0,11.6,11.1
401705011,UTA,4433136,38.0,16.5,12.4
401705011,UTA,4433627,28.0,4.6,2.7
401705011,UTA,4683766,17.0,11.7,9.9
401705011,UTA,4684793,10.0,6.6,5.1
401705011,UTA,4895758,17.0,4.9,5.0
401705011,UTA,5105839,18.0,0.7,1.0
401705012,CLE,6474,4.0,1.7,1.4
401705012,CLE,2990969,20.0,4.1,3.8
401705012,CLE,2991043,21.0,4.5,2.2
401705012,CLE,3908809,27.0,16.0,15.1
401705012,CLE,3912848,25.0,13.0,8.8
401705012,CLE,4065733,20.0,8.2,7.7
401705012,CLE,4065778,19.0,-0.9,-3.1
401705012,CLE,4066328,25.0,12.1,9.9
401705012,CLE,4066757,14.0,1.4,2.7
401705012,CLE,4396907,29.0,24.0,21.9
401705012,CLE,4432158,25.0,1.2,-1.0
401705012,CLE,4683747,4.0,0.6,0.0
401705012,CLE,4701233,4.0,1.3,1.0
401705012,CLE,4702233,4.0,1.3,1.0
401705012,GSW,3975,29.0,5.8,3.9
401705012,GSW,6589,25.0,0.3,-2.8
401705012,GSW,2990984,19.0,-2.9,-3.5
401705012,GSW,3032979,30.0,4.8,4.7
401705012,GSW,3059319,27.0,7.6,6.1
401705012,GSW,4066317,14.0,-2.4,-2.2
401705012,GSW,4431684,29.0,15.8,12.2
401705012,GSW,4432171,21.0,17.5,15.9
401705012,GSW,4433247,32.0,13.2,10.3
401705012,GSW,4592714,5.0,2.6,0.7
401705012,GSW,4593016,5.0,1.7,1.7
401705012,GSW,4997536,5.0,-0.4,-0.7
401705013,PHI,4251,23.0,5.1,5.2
401705013,PHI,6443,18.0,2.9,2.7
401705013,PHI,3059318,36.0,27.9,26.9
401705013,PHI,3133603,37.0,19.6,11.2
401705013,PHI,3138160,38.0,6.2,5.4
401705013,PHI,4017844,28.0,12.9,10.4
401705013,PHI,4066786,5.0,2.3,1.7
401705013,PHI,4397233,3.0,1.8,2.7
401705013,PHI,4431678,36.0,14.5,14.8
401705013,PHI,4701234,14.0,4.5,5.4
401705013,PHI,5105637,4.0,1.9,2.7
401705013,POR,4066211,11.0,-1.2,-1.7
401705013,POR,4066268,4.0,6.8,6.9
401705013,POR,4278129,30.0,11.1,10.0
401705013,POR,4351851,30.0,17.0,17.4
401705013,POR,4431736,34.0,13.0,11.8
401705013,POR,4432446,4.0,2.9,2.9
401705013,POR,4576086,4.0,0.7,0.7
401705013,POR,4594326,15.0,3.0,1.7
401705013,POR,4683021,33.0,6.8,5.5
401705013,POR,4683678,24.0,5.6,3.4
401705013,POR,4914336,34.0,0.6,1.5
401705013,POR,5099752,8.0,1.7,0.7
401705013,POR,5105565,9.0,-0.5,0.0
401705014,DAL,2531367,17.0,6.3,2.1
401705014,DAL,2580782,36.0,23.9,22.4
401705014,DAL,2960236,29.0,0.5,-1.4
401705014,DAL,4278049,28.0,7.0,2.7
401705014,DAL,4278078,38.0,17.1,15.1
401705014,DAL,4397014,33.0,5.1,3.0
401705014,DAL,4397040,20.0,7.7,6.8
401705014,DAL,4397693,2.0,0.0,0.0
401705014,DAL,4595400,9.0,0.6,-0.7
401705014,DAL,4708972,8.0,1.4,1.0
401705014,DAL,4868423,21.0,3.6,2.9
401705014,SAC,3978,26.0,7.3,7.7
401705014,SAC,2596107,7.0,3.9,3.4
401705014,SAC,3134916,1.0,-0.3,-0.3
401705014,SAC,3136196,22.0,12.6,11.1
401705014,SAC,3155942,33.0,18.9,16.4
401705014,SAC,4066259,35.0,26.5,26.3
401705014,SAC,4066262,36.0,5.9,5.0
401705014,SAC,4066372,20.0,1.5,0.6
401705014,SAC,4433378,1.0,0.0,0.0
401705014,SAC,4592857,1.0,0.0,0.0
401705014,SAC,4594327,36.0,1.5,-1.1
401705014,SAC,4702177,20.0,4.4,1.6
401705014,SAC,5107818,1.0,0.0,0.0
401705015,BOS,3213,21.0,1.3,-2.1
401705015,BOS,3995,25.0,16.9,13.9
401705015,BOS,3064560,13.0,3.0,2.1
401705015,BOS,3078576,27.0,16.7,12.5
401705015,BOS,3917376,25.0,9.7,7.9
401705015,BOS,4065648,29.0,16.4,13.8
401705015,BOS,4065804,18.0,10.0,9.4
401705015,BOS,4066354,23.0,18.3,14.2
401705015,BOS,4277964,9.0,4.4,1.7
401705015,BOS,4397424,19.0,10.5,8.2
401705015,BOS,4397689,12.0,5.3,4.1
401705015,BOS,4432164,6.0,1.0,1.4
401705015,BOS,4683689,12.0,8.3,8.4
401705015,TOR,2489663,10.0,2.6,3.0
401705015,TOR,3134908,30.0,13.1,8.9
401705015,TOR,3948153,14.0,4.8,3.6
401705015,TOR,4065670,19.0,3.0,2.9
401705015,TOR,4067017,4.0,-1.4,-1.4
401705015,TOR,4277952,4.0,-0.8,-0.7
401705015,TOR,4278053,26.0,3.9,4.1
401705015,TOR,4397018,25.0,-3.2,-4.1
401705015,TOR,4431893,19.0,6.3,7.1
401705015,TOR,4432241,25.0,0.2,-2.1
401705015,TOR,4433134,31.0,8.3,2.3
401705015,TOR,4684272,22.0,-2.3,-2.9
401705015,TOR,5107897,6.0,-1.0,-1.0
401705015,TOR,5211984,5.0,1.3,1.7
401705016,IND,2530530,16.0,6.3,3.4
401705016,IND,3133628,33.0,13.9,12.6
401705016,IND,3149673,31.0,14.1,13.2
401705016,IND,3934723,5.0,3.3,3.4
401705016,IND,4278355,12.0,3.2,1.9
401705016,IND,4395712,32.0,0.9,1.9
401705016,IND,4396993,39.0,12.1,9.0
401705016,IND,4433076,19.0,5.3,2.3
401705016,IND,4683634,37.0,14.6,12.0
401705016,IND,5106060,16.0,12.6,9.4
401705016,MIL,3448,24.0,14.1,12.9
401705016,MIL,6606,36.0,3.1,1.3
401705016,MIL,6609,31.0,10.8,11.2
401705016,MIL,2990962,25.0,6.4,5.0
401705016,MIL,3032977,35.0,24.7,21.3
401705016,MIL,3064482,31.0,16.8,11.5
401705016,MIL,4277843,29.0,12.6,10.4
401705016,MIL,4397475,16.0,5.7,7.4
401705016,MIL,4432190,12.0,2.1,2.7
401705016,MIL,4591725,1.0,0.0,0.0
401705017,LAC,3416,13.0,-1.2,-1.0
401705017,LAC,3992,25.0,9.2,7.3
401705017,LAC,2595516,26.0,12.1,8.6
401705017,LAC,2991139,23.0,4.5,3.7
401705017,LAC,3936099,21.0,2.5,2.6
401705017,LAC,4017837,22.0,3.0,2.3
401705017,LAC,4066387,28.0,9.2,8.0
401705017,LAC,4277919,7.0,0.9,1.0
401705017,LAC,4396818,14.0,7.0,3.8
401705017,LAC,4397140,13.0,0.8,0.7
401705017,LAC,4431699,17.0,3.9,2.0
401705017,LAC,4431752,12.0,1.2,1.6
401705017,LAC,4592492,17.0,1.1,1.2
401705017,SAS,2779,20.0,13.6,8.9
401705017,SAS,6578,25.0,8.6,8.4
401705017,SAS,4066650,17.0,10.1,9.2
401705017,SAS,4278580,8.0,4.9,3.4
401705017,SAS,4395626,18.0,3.4,3.2
401705017,SAS,4395630,26.0,5.0,1.9
401705017,SAS,4395723,19.0,14.0,12.5
401705017,SAS,4397886,6.0,1.6,1.4
401705017,SAS,4565201,7.0,2.9,3.0
401705017,SAS,4592479,16.0,6.0,5.0
401705017,SAS,4610139,15.0,4.6,3.1
401705017,SAS,4683935,9.0,5.2,4.5
401705017,SAS,4845367,23.0,14.9,12.8
401705017,SAS,5081727,6.0,1.7,1.7
401705017,SAS,5104157,26.0,24.5,20.2
401705018,MIN,3195,23.0,15.1,13.5
401705018,MIN,3032976,31.0,8.2,6.1
401705018,MIN,3064514,27.0,8.5,7.6
401705018,MIN,3934673,30.0,6.5,6.4
401705018,MIN,4278039,19.0,2.8,2.8
401705018,MIN,4396971,33.0,13.8,10.5
401705018,MIN,4431671,28.0,0.6,-0.4
401705018,MIN,4594268,39.0,14.0,12.4
401705018,MIN,4687718,10.0,5.1,5.1
401705018,OKC,3133626,15.0,3.2,2.7
401705018,OKC,4222252,32.0,19.0,14.9
401705018,OKC,4278073,34.0,32.4,28.2
401705018,OKC,4395702,13.0,5.7,4.7
401705018,OKC,4397020,35.0,9.8,9.4
401705018,OKC,4397183,14.0,5.6,3.7
401705018,OKC,4432823,10.0,2.6,1.3
401705018,OKC,4593803,38.0,12.6,8.7
401705018,OKC,4683692,32.0,8.5,5.0
401705018,OKC,4900671,18.0,1.1,1.3
401705019,MEM,3134932,36.0,11.0,8.9
401705019,MEM,3913174,29.0,20.3,17.6
401705019,MEM,4065731,19.0,4.8,4.3
401705019,MEM,4066320,37.0,19.8,19.5
401705019,MEM,4277961,38.0,26.9,22.4
401705019,MEM,4397204,13.0,-0.9,-1.1
401705019,MEM,4431785,22.0,-0.6,-1.7
401705019,MEM,4433083,16.0,3.5,2.1
401705019,MEM,5112087,32.0,4.2,3.9
401705019,PHX,3202,39.0,25.5,21.2
401705019,PHX,6580,12.0,0.8,-0.1
401705019,PHX,2488653,27.0,16.0,13.7
401705019,PHX,2595209,2.0,-0.7,-0.7
401705019,PHX,3059310,20.0,9.9,9.1
401705019,PHX,3135046,30.0,12.7,10.0
401705019,PHX,3136193,30.0,9.1,7.6
401705019,PHX,4065663,28.0,4.0,4.3
401705019,PHX,4601023,17.0,-2.3,-2.0
401705019,PHX,4888725,35.0,12.5,8.5
401705020,CLE,2990969,18.0,7.9,7.7
401705020,CLE,2991043,23.0,2.2,1.0
401705020,CLE,3908809,32.0,16.2,15.3
401705020,CLE,3912848,24.0,4.7,3.4
401705020,CLE,4065733,14.0,3.8,2.7
401705020,CLE,4065778,26.0,14.2,14.2
401705020,CLE,4066328,31.0,29.8,23.4
401705020,CLE,4066757,8.0,-0.8,0.0
401705020,CLE,4396907,32.0,14.5,11.6
401705020,CLE,4432158,32.0,15.6,12.8
401705020,LAL,1966,34.0,19.1,17.6
401705020,LAL,6583,37.0,26.4,19.2
401705020,LAL,2578185,20.0,1.6,2.4
401705020,LAL,3915195,10.0,4.2,4.0
401705020,LAL,4066457,38.0,31.3,28.7
401705020,LAL,4066648,30.0,3.1,1.9
401705020,LAL,4395627,19.0,0.1,-2.1
401705020,LAL,4432582,28.0,3.1,3.0
401705020,LAL,4897943,22.0,1.2,0.6
401705021,DET,6440,35.0,16.2,14.9
401705021,DET,2528210,33.0,6.8,7.3
401705021,DET,3907822,22.0,-4.4,-5.5
401705021,DET,4432107,7.0,-0.7,-0.7
401705021,DET,4432166,34.0,15.6,13.6
401705021,DET,4432810,21.0,8.3,6.4
401705021,DET,4433218,27.0,16.2,14.9
401705021,DET,4433621,27.0,18.6,16.4
401705021,DET,4683771,10.0,-0.1,0.7
401705021,DET,4684742,25.0,1.9,-3.5
401705021,ORL,6446,6.0,0.6,-0.7
401705021,ORL,2581018,34.0,18.4,15.9
401705021,ORL,2999547,15.0,4.3,1.0
401705021,ORL,4065654,15.0,1.5,0.3
401705021,ORL,4277847,34.0,11.3,8.0
401705021,ORL,4348700,23.0,6.5,5.7
401705021,ORL,4432165,34.0,18.1,14.0
401705021,ORL,4432809,13.0,2.3,0.8
401705021,ORL,4433623,27.0,3.1,2.0
401705021,ORL,4702382,23.0,-1.1,-2.4
401705021,ORL,5105806,15.0,6.9,7.0
401705022,CHI,6478,32.0,9.5,6.7
401705022,CHI,3064440,31.0,23.3,21.1
401705022,CHI,3133635,4.0,3.4,3.4
401705022,CHI,4066421,22.0,8.8,3.4
401705022,CHI,4395651,31.0,11.9,11.5
401705022,CHI,4396991,16.0,6.3,5.4
401705022,CHI,4397189,14.0,-0.3,-1.8
401705022,CHI,4431687,23.0,6.0,4.1
401705022,CHI,4433159,19.0,5.3,4.4
401705022,CHI,4711294,14.0,4.6,2.0
401705022,CHI,4871145,26.0,2.3,0.1
401705022,CHI,5105553,8.0,2.7,2.7
401705022,WAS,6477,22.0,12.6,9.2
401705022,WAS,2566769,28.0,10.7,9.5
401705022,WAS,2581184,2.0,2.0,2.0
401705022,WAS,3134907,22.0,8.9,7.2
401705022,WAS,4277956,28.0,19.2,16.4
401705022,WAS,4280151,29.0,8.0,7.7
401705022,WAS,4395695,2.0,0.7,0.7
401705022,WAS,4432356,2.0,-0.7,-0.7
401705022,WAS,4432907,21.0,12.3,11.5
401705022,WAS,4845374,31.0,15.8,13.3
401705022,WAS,4997537,2.0,2.0,2.4
401705022,WAS,5104155,9.0,1.4,0.4
401705022,WAS,5160992,25.0,10.1,7.1
401705022,WAS,5174563,20.0,5.4,3.6
401705023,MIA,6429,19.0,5.3,5.0
401705023,MIA,6430,25.0,8.9,8.1
401705023,MIA,3157465,25.0,14.2,12.8
401705023,MIA,4066261,31.0,23.7,20.5
401705023,MIA,4291678,26.0,-1.7,-1.7
401705023,MIA,4395725,40.0,23.7,23.8
401705023,MIA,4432848,23.0,12.5,10.7
401705023,MIA,4997528,34.0,6.9,5.2
401705023,MIA,5105623,17.0,10.9,9.8
401705023,NOP,2451037,18.0,1.9,0.0
401705023,NOP,2490149,34.0,18.0,16.8
401705023,NOP,2596112,9.0,2.7,1.7
401705023,NOP,3907497,31.0,6.3,5.8
401705023,NOP,4277813,39.0,6.7,6.5
401705023,NOP,4397688,39.0,23.1,23.4
401705023,NOP,4432162,20.0,15.0,12.5
401705023,NOP,4683750,20.0,7.6,4.3
401705023,NOP,5061589,29.0,7.2,6.8
401705024,NYK,3062679,45.0,15.1,11.4
401705024,NYK,3064230,36.0,9.3,6.1
401705024,NYK,3136195,37.0,29.0,22.8
401705024,NYK,3147657,44.0,19.7,19.5
401705024,NYK,3914044,11.0,3.0,1.7
401705024,NYK,3934719,41.0,18.9,15.1
401705024,NYK,4431679,13.0,10.2,8.0
401705024,NYK,4433225,12.0,3.3,3.8
401705024,UTA,2528426,32.0,12.3,9.4
401705024,UTA,3133602,16.0,-4.3,-4.2
401705024,UTA,4066336,35.0,10.2,5.5
401705024,UTA,4277811,31.0,20.2,20.1
401705024,UTA,4432817,23.0,7.3,8.4
401705024,UTA,4433136,30.0,10.0,8.0
401705024,UTA,4433627,36.0,10.7,9.8
401705024,UTA,4683766,11.0,0.8,-1.0
401705024,UTA,4684793,11.0,2.2,1.4
401705024,UTA,5105839,15.0,3.6,2.7
401705025,BKN,3136776,26.0,20.9,19.1
401705025,BKN,3138196,28.0,18.0,18.2
401705025,BKN,3907387,25.0,1.8,1.4
401705025,BKN,4278067,30.0,16.5,13.5
401705025,BKN,4397179,20.0,4.2,2.4
401705025,BKN,4431714,31.0,2.0,3.2
401705025,BKN,4432187,4.0,1.3,1.3
401705025,BKN,4432192,29.0,6.3,5.8
401705025,BKN,4432194,18.0,12.2,8.9
401705025,BKN,4684286,1.0,2.7,2.7
401705025,BKN,4712896,28.0,4.6,3.0
401705025,TOR,2489663,14.0,8.1,6.8
401705025,TOR,3134908,34.0,14.3,11.6
401705025,TOR,3948153,5.0,2.3,2.0
401705025,TOR,4278053,6.0,-1.3,0.0
401705025,TOR,4395724,32.0,22.1,22.1
401705025,TOR,4397018,37.0,13.7,12.2
401705025,TOR,4431893,1.0,0.0,0.0
401705025,TOR,4432241,18.0,3.6,3.0
401705025,TOR,4433134,38.0,31.9,26.5
401705025,TOR,4684272,18.0,11.0,10.8
401705025,TOR,5106258,37.0,17.0,13.8
401705025,TOR,5107897,1.0,0.0,0.0
401705025,TOR,5211984,1.0,-0.4,0.0
401705026,DAL,6442,37.0,11.6,6.7
401705026,DAL,6475,32.0,8.1,7.1
401705026,DAL,2531367,7.0,4.0,2.0
401705026,DAL,2580782,24.0,1.8,1.9
401705026,DAL,2960236,30.0,2.8,2.4
401705026,DAL,4278049,12.0,2.5,0.7
401705026,DAL,4278078,16.0,3.5,2.3
401705026,DAL,4397014,30.0,13.6,11.7
401705026,DAL,4397040,2.0,0.0,0.0
401705026,DAL,4595400,7.0,7.0,5.8
401705026,DAL,4683688,20.0,14.7,11.0
401705026,DAL,4708972,2.0,-0.7,-0.7
401705026,DAL,4868423,21.0,6.9,5.9
401705026,HOU,2991230,42.0,9.0,2.7
401705026,HOU,2991235,7.0,4.3,3.4
401705026,HOU,3136777,15.0,2.4,1.3
401705026,HOU,3155526,40.0,14.0,13.0
401705026,HOU,3922230,15.0,2.2,2.7
401705026,HOU,4432639,23.0,9.3,6.7
401705026,HOU,4437244,38.0,9.8,8.5
401705026,HOU,4871144,37.0,19.0,13.0
401705026,HOU,5105592,24.0,14.3,13.2
401705027,ATL,3102529,20.0,3.0,0.6
401705027,ATL,3913180,29.0,6.1,5.4
401705027,ATL,4065732,26.0,17.3,13.7
401705027,ATL,4277905,30.0,25.6,22.8
401705027,ATL,4431680,24.0,10.8,8.5
401705027,ATL,4578893,28.0,12.7,11.8
401705027,ATL,4593041,17.0,6.0,6.1
401705027,ATL,4869342,30.0,8.2,5.0
401705027,ATL,4870562,4.0,1.6,1.0
401705027,ATL,5211175,32.0,9.8,9.5
401705027,DEN,3442,15.0,11.3,7.9
401705027,DEN,3468,26.0,18.9,19.5
401705027,DEN,3112335,30.0,29.7,25.6
401705027,DEN,3936299,36.0,16.6,13.7
401705027,DEN,4278104,24.0,16.6,14.8
401705027,DEN,4395620,4.0,0.0,0.0
401705027,DEN,4398390,13.0,6.4,6.5
401705027,DEN,4431690,3.0,1.0,1.0
401705027,DEN,4431767,32.0,14.0,14.3
401705027,DEN,4432181,30.0,11.1,7.4
401705027,DEN,4576087,24.0,6.2,4.3
401705027,DEN,4592427,3.0,1.0,1.0
401705028,PHI,3012,17.0,-3.8,-4.4
401705028,PHI,3431,27.0,12.8,11.8
401705028,PHI,4251,36.0,20.0,19.6
401705028,PHI,6443,13.0,1.5,2.0
401705028,PHI,6585,20.0,8.7,7.4
401705028,PHI,3138160,39.0,12.9,9.2
401705028,PHI,4017844,30.0,6.9,7.1
401705028,PHI,4431678,42.0,20.9,15.8
401705028,PHI,4701234,10.0,0.9,0.0
401705028,PHI,4711297,5.0,-0.5,-0.7
401705028,SAC,3978,32.0,14.6,11.4
401705028,SAC,2528588,9.0,-1.4,-2.4
401705028,SAC,2596107,6.0,2.0,1.4
401705028,SAC,3136196,31.0,10.8,6.7
401705028,SAC,3155942,37.0,16.6,14.2
401705028,SAC,4066259,38.0,28.8,28.4
401705028,SAC,4066262,32.0,16.2,15.8
401705028,SAC,4066372,18.0,-2.4,-2.8
401705028,SAC,4702177,38.0,11.7,6.7
401705029,IND,2530530,19.0,6.0,5.5
401705029,IND,3133628,35.0,17.8,15.4
401705029,IND,3149673,32.0,18.2,16.5
401705029,IND,3934723,7.0,1.6,2.0
401705029,IND,4278355,20.0,8.5,7.4
401705029,IND,4395712,29.0,10.1,8.6
401705029,IND,4396993,35.0,37.4,33.9
401705029,IND,4433076,20.0,6.3,3.4
401705029,IND,4683634,30.0,3.9,4.0
401705029,IND,5106060,13.0,9.8,9.3
401705029,IND,5157066,1.0,-0.4,0.0
401705029,MIA,6429,9.0,3.3,2.7
401705029,MIA,6430,27.0,10.4,7.8
401705029,MIA,3074752,30.0,12.2,11.9
401705029,MIA,3157465,18.0,5.4,5.1
401705029,MIA,4066261,25.0,19.0,16.5
401705029,MIA,4291678,18.0,5.2,5.5
401705029,MIA,4395725,36.0,10.2,10.1
401705029,MIA,4431786,12.0,7.6,4.1
401705029,MIA,4432168,2.0,-0.4,-1.0
401705029,MIA,4432848,15.0,3.6,2.1
401705029,MIA,4601025,2.0,0.0,0.0
401705029,MIA,4997528,25.0,8.0,6.8
401705029,MIA,5105623,21.0,22.5,20.2
401705030,BOS,3213,35.0,11.1,9.9
401705030,BOS,3995,39.0,14.0,13.3
401705030,BOS,3064560,11.0,7.5,6.8
401705030,BOS,3078576,37.0,18.6,17.4
401705030,BOS,4065648,38.0,27.8,23.2
401705030,BOS,4065804,27.0,11.6,11.4
401705030,BOS,4066354,25.0,8.6,7.7
401705030,BOS,4397424,22.0,8.4,7.2
401705030,BOS,4683689,7.0,0.3,-0.7
401705030,MIN,3195,19.0,5.1,4.8
401705030,MIN,3032976,28.0,6.6,5.8
401705030,MIN,3064514,39.0,24.1,21.7
401705030,MIN,3934673,29.0,8.7,9.8
401705030,MIN,4278039,17.0,3.1,2.6
401705030,MIN,4396971,26.0,17.1,16.9
401705030,MIN,4431671,35.0,14.2,12.8
401705030,MIN,4594268,36.0,8.8,7.6
401705030,MIN,4687718,11.0,6.0,4.7
401705031,BKN,3136776,28.0,14.0,11.9
401705031,BKN,3138196,39.0,15.7,15.2
401705031,BKN,4278067,33.0,16.5,13.0
401705031,BKN,4397179,15.0,1.3,0.7
401705031,BKN,4431714,37.0,7.8,6.4
401705031,BKN,4432174,22.0,17.1,14.3
401705031,BKN,4432192,28.0,6.2,5.0
401705031,BKN,4432194,20.0,6.1,6.5
401705031,BKN,4433137,19.0,7.5,6.4
401705031,MIL,3448,23.0,5.9,5.4
401705031,MIL,6606,40.0,14.4,13.6
401705031,MIL,6609,24.0,10.0,8.1
401705031,MIL,2578239,10.0,4.3,2.4
401705031,MIL,2990962,18.0,7.3,6.8
401705031,MIL,3032977,37.0,20.7,16.2
401705031,MIL,3064482,28.0,9.0,7.0
401705031,MIL,4277843,21.0,5.4,4.9
401705031,MIL,4432179,7.0,0.9,0.0
401705031,MIL,4432190,14.0,0.9,1.4
401705031,MIL,4591725,19.0,2.1,3.4
401705032,LAC,3416,16.0,0.8,0.0
401705032,LAC,2595516,28.0,-7.6,-6.3
401705032,LAC,2991139,28.0,6.6,6.8
401705032,LAC,3936099,23.0,4.2,4.1
401705032,LAC,4017837,23.0,8.0,6.0
401705032,LAC,4066387,35.0,19.5,18.3
401705032,LAC,4277919,16.0,10.2,8.5
401705032,LAC,4396818,23.0,12.3,8.8
401705032,LAC,4397140,24.0,6.8,5.5
401705032,LAC,4431699,7.0,5.7,5.5
401705032,LAC,4431752,9.0,1.2,1.4
401705032,LAC,4592492,7.0,1.9,1.0
401705032,OKC,3133626,15.0,5.1,4.6
401705032,OKC,4222252,23.0,12.4,8.9
401705032,OKC,4278073,30.0,27.8,25.3
401705032,OKC,4395702,18.0,6.6,6.0
401705032,OKC,4397020,23.0,6.4,5.3
401705032,OKC,4397183,28.0,8.1,7.5
401705032,OKC,4432823,19.0,1.0,-0.4
401705032,OKC,4592435,3.0,0.7,0.7
401705032,OKC,4593803,30.0,15.4,11.8
401705032,OKC,4683692,17.0,8.9,7.1
401705032,OKC,4702159,6.0,-1.5,-1.8
401705032,OKC,4900671,25.0,8.7,8.8
401705032,OKC,4997526,3.0,2.7,1.7
401705033,GSW,3975,30.0,31.7,29.6
401705033,GSW,6589,31.0,15.0,12.3
401705033,GSW,2990984,21.0,-0.3,0.6
401705033,GSW,2993874,8.0,6.0,5.7
401705033,GSW,3032979,25.0,17.3,16.3
401705033,GSW,3059319,26.0,13.9,12.2
401705033,GSW,3155535,8.0,6.7,4.4
401705033,GSW,4066317,16.0,7.9,7.4
401705033,GSW,4431684,21.0,2.0,1.3
401705033,GSW,4432171,15.0,8.9,9.1
401705033,GSW,4433247,25.0,19.3,17.6
401705033,GSW,4592714,8.0,1.3,0.7
401705033,GSW,4997536,8.0,2.4,1.7
401705033,PHI,3012,10.0,0.8,0.6
401705033,PHI,3431,14.0,1.9,2.0
401705033,PHI,4251,32.0,11.2,11.4
401705033,PHI,6443,8.0,1.3,0.0
401705033,PHI,3059318,31.0,23.1,18.2
401705033,PHI,3138160,22.0,0.9,-0.7
401705033,PHI,4017844,31.0,13.6,13.2
401705033,PHI,4066786,15.0,3.4,3.9
401705033,PHI,4431678,32.0,13.2,7.7
401705033,PHI,4701234,27.0,9.3,9.0
401705033,PHI,4711297,9.0,2.0,1.0
401705033,PHI,5105637,9.0,0.8,-1.7
401705034,LAL,1966,36.0,28.6,28.4
401705034,LAL,2578185,24.0,1.4,1.0
401705034,LAL,3915195,16.0,2.2,1.3
401705034,LAL,4066457,36.0,15.2,12.6
401705034,LAL,4066648,23.0,3.9,3.4
401705034,LAL,4395627,19.0,3.6,1.0
401705034,LAL,4397077,18.0,4.1,2.4
401705034,LAL,4431778,19.0,11.1,10.3
401705034,LAL,4432582,32.0,25.4,21.8
401705034,LAL,4897943,17.0,0.7,2.3
401705034,POR,4278129,21.0,3.9,2.8
401705034,POR,4351851,37.0,15.9,13.8
401705034,POR,4397885,5.0,-1.1,-1.4
401705034,POR,4431736,39.0,16.1,15.6
401705034,POR,4594326,16.0,3.8,2.0
401705034,POR,4683021,36.0,16.8,13.2
401705034,POR,4683678,32.0,12.5,11.6
401705034,POR,4914336,37.0,8.8,7.1
401705034,POR,5105565,17.0,5.1,4.1
401705035,CHA,2326307,24.0,8.6,7.1
401705035,CHA,3102532,24.0,-1.2,-2.1
401705035,CHA,3138161,20.0,5.0,1.9
401705035,CHA,4066383,39.0,12.1,7.5
401705035,CHA,4278076,17.0,12.2,10.2
401705035,CHA,4432811,35.0,6.8,5.7
401705035,CHA,4683686,7.0,3.3,2.7
401705035,CHA,4683834,26.0,5.4,3.5
401705035,CHA,4701232,28.0,13.5,12.5
401705035,CHA,5211176,19.0,6.9,4.6
401705035,DET,6440,36.0,23.6,18.2
401705035,DET,2528210,34.0,5.1,4.1
401705035,DET,3907822,31.0,4.7,3.9
401705035,DET,4278562,5.0,4.3,2.7
401705035,DET,4432107,22.0,0.7,1.4
401705035,DET,4432166,29.0,10.5,8.3
401705035,DET,4432810,18.0,8.6,5.1
401705035,DET,4433621,25.0,11.5,9.3
401705035,DET,4592187,15.0,1.6,0.0
401705035,DET,4683771,11.0,3.4,3.7
401705035,DET,4684742,14.0,2.2,1.3
401705036,ORL,6446,17.0,8.8,8.8
401705036,ORL,2581018,33.0,14.4,11.8
401705036,ORL,4065654,13.0,6.2,4.7
401705036,ORL,4277847,18.0,5.6,2.3
401705036,ORL,4348700,30.0,15.6,10.7
401705036,ORL,4409222,11.0,8.2,7.2
401705036,ORL,4432165,13.0,3.2,1.6
401705036,ORL,4432809,34.0,9.0,8.3
401705036,ORL,4433623,24.0,6.6,4.7
401705036,ORL,4702382,37.0,23.9,22.0
401705036,ORL,5105806,10.0,0.8,1.6
401705036,TOR,2489663,15.0,6.0,5.8
401705036,TOR,3134908,34.0,22.1,20.8
401705036,TOR,4065670,13.0,1.6,1.3
401705036,TOR,4278053,13.0,5.6,3.4
401705036,TOR,4395724,33.0,6.2,5.4
401705036,TOR,4397018,33.0,12.7,12.5
401705036,TOR,4432241,14.0,4.9,3.9
401705036,TOR,4433134,37.0,14.3,11.3
401705036,TOR,4684272,18.0,4.3,3.7
401705036,TOR,5106258,30.0,2.5,0.8
401705037,BOS,3995,28.0,12.7,9.8
401705037,BOS,3064560,24.0,12.6,10.5
401705037,BOS,3078576,35.0,16.4,14.4
401705037,BOS,3102531,28.0,8.7,7.3
401705037,BOS,4065648,33.0,12.8,10.7
401705037,BOS,4065804,19.0,1.2,-0.7
401705037,BOS,4066354,32.0,19.5,18.3
401705037,BOS,4277964,5.0,0.7,-1.0
401705037,BOS,4397424,20.0,2.4,3.7
401705037,BOS,4397689,5.0,5.4,5.1
401705037,BOS,4432164,4.0,2.2,2.0
401705037,BOS,4683689,9.0,-2.8,-3.4
401705037,HOU,3209,29.0,6.0,4.7
401705037,HOU,2991230,30.0,4.5,5.4
401705037,HOU,2991235,7.0,7.5,7.5
401705037,HOU,3136777,18.0,1.6,1.4
401705037,HOU,3146557,5.0,2.3,2.0
401705037,HOU,3155526,30.0,2.5,3.2
401705037,HOU,3922230,19.0,-2.5,-3.4
401705037,HOU,4437244,35.0,17.1,16.0
401705037,HOU,4711272,5.0,0.0,-1.0
401705037,HOU,4871144,29.0,7.0,5.4
401705037,HOU,5105592,34.0,3.6,1.1
401705038,NOP,2451037,15.0,4.1,4.0
401705038,NOP,2490149,31.0,39.2,39.4
401705038,NOP,3907497,28.0,16.1,12.3
401705038,NOP,4277813,33.0,10.9,10.6
401705038,NOP,4277869,20.0,6.9,4.4
401705038,NOP,4397688,35.0,12.1,9.6
401705038,NOP,4432162,26.0,11.9,11.9
401705038,NOP,4432813,3.0,4.0,2.7
401705038,NOP,4683750,17.0,2.1,1.2
401705038,NOP,5061589,32.0,15.0,13.6
401705038,WAS,6477,20.0,4.3,3.4
401705038,WAS,2566769,25.0,13.0,12.4
401705038,WAS,2581184,1.0,0.0,0.0
401705038,WAS,3134907,28.0,12.6,9.8
401705038,WAS,4277956,31.0,19.1,18.8
401705038,WAS,4280151,21.0,4.8,6.1
401705038,WAS,4395695,1.0,0.0,0.0
401705038,WAS,4432356,1.0,0.0,0.0
401705038,WAS,4432907,30.0,10.4,6.7
401705038,WAS,4433246,1.0,2.7,2.7
401705038,WAS,4845374,36.0,6.7,6.2
401705038,WAS,5160992,27.0,15.9,16.3
401705038,WAS,5174563,17.0,2.7,2.8
401705039,NYK,3062679,44.0,14.1,12.8
401705039,NYK,3064230,8.0,-1.5,-0.7
401705039,NYK,3136195,42.0,20.7,13.9
401705039,NYK,3147657,41.0,16.7,14.8
401705039,NYK,3914044,14.0,2.0,1.4
401705039,NYK,3934672,40.0,13.5,12.7
401705039,NYK,3934719,43.0,14.2,14.8
401705039,NYK,4431679,8.0,1.5,0.6
401705039,OKC,3133626,9.0,1.3,1.4
401705039,OKC,4222252,31.0,9.4,4.5
401705039,OKC,4278073,37.0,25.4,23.2
401705039,OKC,4395702,15.0,5.5,3.3
401705039,OKC,4397020,33.0,7.7,7.4
401705039,OKC,4397183,25.0,20.2,18.3
401705039,OKC,4432823,8.0,6.6,5.4
401705039,OKC,4593803,38.0,17.1,14.0
401705039,OKC,4683692,33.0,4.2,2.1
401705039,OKC,4900671,13.0,4.5,5.0
401705040,CLE,6474,4.0,-0.1,-0.7
401705040,CLE,2990969,20.0,11.4,11.2
401705040,CLE,2991043,25.0,13.4,9.9
401705040,CLE,3908809,27.0,13.1,11.5
401705040,CLE,3912848,26.0,9.1,8.8
401705040,CLE,4065733,19.0,10.4,10.2
401705040,CLE,4065778,24.0,6.4,5.9
401705040,CLE,4066328,22.0,8.6,7.7
401705040,CLE,4396907,29.0,17.1,15.3
401705040,CLE,4432158,30.0,31.3,28.7
401705040,CLE,4683747,4.0,-0.8,-1.0
401705040,CLE,4701233,4.0,1.6,1.3
401705040,CLE,4702233,4.0,2.0,2.0
401705040,DAL,6461,4.0,2.9,3.0
401705040,DAL,6475,29.0,12.5,10.6
401705040,DAL,2531367,4.0,0.9,0.7
401705040,DAL,2580782,23.0,-0.8,-1.3
401705040,DAL,2960236,16.0,2.3,2.4
401705040,DAL,4278049,17.0,14.5,12.9
401705040,DAL,4278078,31.0,5.9,3.8
401705040,DAL,4397014,33.0,23.2,22.7
401705040,DAL,4397040,20.0,9.2,9.0
401705040,DAL,4595400,7.0,3.6,2.7
401705040,DAL,4683688,27.0,10.2,8.2
401705040,DAL,4708972,4.0,1.6,2.0
401705040,DAL,4868423,25.0,12.4,13.1
401705041,DEN,3442,4.0,0.3,0.0
401705041,DEN,3468,31.0,9.7,8.2
401705041,DEN,3112335,37.0,33.5,28.5
401705041,DEN,3936299,37.0,8.6,8.1
401705041,DEN,4278104,42.0,18.5,16.2
401705041,DEN,4395620,5.0,0.3,-0.7
401705041,DEN,4431767,43.0,11.7,9.0
401705041,DEN,4432181,23.0,8.9,8.4
401705041,DEN,4576087,19.0,5.0,1.3
401705041,SAS,2779,31.0,9.2,7.2
401705041,SAS,6578,32.0,5.3,4.4
401705041,SAS,4066650,15.0,3.7,3.4
401705041,SAS,4395626,17.0,2.6,2.1
401705041,SAS,4395630,36.0,16.8,13.3
401705041,SAS,4395723,26.0,10.3,9.7
401705041,SAS,4592479,25.0,10.3,10.1
401705041,SAS,4845367,24.0,5.5,5.7
401705041,SAS,5104157,33.0,27.6,22.7
401705042,MEM,3134932,15.0,-3.0,-3.1
401705042,MEM,3906665,23.0,11.3,9.4
401705042,MEM,3913174,32.0,13.9,11.9
401705042,MEM,4065731,3.0,0.3,0.0
401705042,MEM,4066320,35.0,20.0,16.3
401705042,MEM,4277961,34.0,15.3,15.2
401705042,MEM,4431785,25.0,12.9,12.9
401705042,MEM,4592691,16.0,8.3,6.4
401705042,MEM,4600663,22.0,5.0,4.3
401705042,MEM,5112087,36.0,26.9,26.7
401705042,SAC,3978,38.0,22.5,22.8
401705042,SAC,2596107,10.0,5.4,4.1
401705042,SAC,3136196,22.0,18.1,14.6
401705042,SAC,3155942,38.0,18.5,17.0
401705042,SAC,4066259,40.0,14.1,11.8
401705042,SAC,4066262,33.0,24.4,23.6
401705042,SAC,4066372,14.0,7.5,5.5
401705042,SAC,4433188,11.0,0.0,-0.7
401705042,SAC,4702177,34.0,11.1,8.4
401705043,ATL,3037789,23.0,6.9,3.7
401705043,ATL,3102529,22.0,6.7,7.5
401705043,ATL,3913180,15.0,-2.5,-2.8
401705043,ATL,4065732,27.0,-6.0,-5.0
401705043,ATL,4277905,36.0,24.7,24.1
401705043,ATL,4431680,24.0,15.0,14.7
401705043,ATL,4593041,2.0,-0.4,-0.7
401705043,ATL,4701230,33.0,13.9,12.2
401705043,ATL,4869342,31.0,13.5,8.0
401705043,ATL,4870562,2.0,0.3,0.0
401705043,ATL,5211175,25.0,2.3,1.6
401705043,LAL,1966,30.0,23.5,23.8
401705043,LAL,6583,37.0,18.5,9.7
401705043,LAL,2578185,23.0,6.4,7.8
401705043,LAL,3915195,13.0,3.2,1.7
401705043,LAL,4066457,39.0,10.9,10.4
401705043,LAL,4066648,24.0,11.9,10.5
401705043,LAL,4395627,13.0,3.0,3.4
401705043,LAL,4397077,11.0,1.9,1.6
401705043,LAL,4432582,33.0,7.1,7.1
401705043,LAL,4683774,2.0,0.0,0.0
401705043,LAL,4897943,15.0,11.2,10.1
401705044,BKN,3136776,14.0,4.3,2.0
401705044,BKN,4278067,23.0,5.5,5.1
401705044,BKN,4397179,29.0,9.0,8.2
401705044,BKN,4431714,33.0,1.1,2.6
401705044,BKN,4432187,18.0,3.0,1.4
401705044,BKN,4432192,36.0,13.0,11.1
401705044,BKN,4432194,25.0,2.0,0.9
401705044,BKN,4433137,22.0,17.0,14.8
401705044,BKN,4597865,21.0,-0.7,-0.5
401705044,BKN,4712896,19.0,1.1,-0.6
401705044,PHI,3012,24.0,9.0,6.9
401705044,PHI,3431,7.0,-0.7,-1.7
401705044,PHI,4251,29.0,14.2,11.8
401705044,PHI,6443,22.0,4.0,3.3
401705044,PHI,6585,8.0,4.8,3.0
401705044,PHI,3059318,29.0,24.4,21.9
401705044,PHI,3138160,25.0,17.4,16.6
401705044,PHI,4017844,26.0,4.4,0.9
401705044,PHI,4431678,32.0,12.7,12.1
401705044,PHI,4701234,9.0,5.3,4.1
401705044,PHI,4711297,23.0,8.5,8.1
401705044,PHI,5105637,7.0,4.5,3.3
401705045,DET,6440,34.0,9.8,9.1
401705045,DET,2528210,33.0,3.8,3.6
401705045,DET,3907822,33.0,16.8,13.6
401705045,DET,4432107,11.0,-1.8,-1.4
401705045,DET,4432166,38.0,30.2,28.6
401705045,DET,4432810,25.0,8.2,6.8
401705045,DET,4433621,23.0,9.5,8.2
401705045,DET,4683771,17.0,5.6,6.1
401705045,DET,4684742,26.0,18.3,11.0
401705045,MIN,3195,21.0,1.3,-0.3
401705045,MIN,3032976,30.0,2.4,0.6
401705045,MIN,3064514,36.0,13.5,13.6
401705045,MIN,3934673,26.0,3.9,1.4
401705045,MIN,4278039,28.0,4.7,3.9
401705045,MIN,4396971,25.0,5.3,5.2
401705045,MIN,4431671,29.0,7.3,4.7
401705045,MIN,4594268,44.0,33.3,33.4
401705046,IND,2530530,18.0,4.4,5.1
401705046,IND,3133628,27.0,18.1,13.8
401705046,IND,3149673,34.0,10.4,8.4
401705046,IND,3934723,13.0,5.3,4.8
401705046,IND,4278355,16.0,13.1,11.5
401705046,IND,4395712,30.0,11.3,11.3
401705046,IND,4396993,33.0,26.7,22.8
401705046,IND,4433076,19.0,9.0,8.7
401705046,IND,4683634,34.0,12.6,11.5
401705046,IND,5106060,14.0,6.7,6.1
401705046,IND,5157066,1.0,0.0,0.0
401705046,PHX,3202,38.0,21.1,18.7
401705046,PHX,6580,33.0,4.1,3.3
401705046,PHX,2488653,20.0,3.1,1.0
401705046,PHX,2595209,1.0,2.7,2.7
401705046,PHX,3059310,22.0,8.7,8.7
401705046,PHX,3135045,31.0,12.3,11.2
401705046,PHX,3136193,36.0,18.4,17.2
401705046,PHX,4065663,18.0,7.9,6.8
401705046,PHX,4397102,12.0,4.7,3.0
401705046,PHX,4683749,1.0,0.0,0.0
401705046,PHX,4888725,30.0,10.3,9.1
401705047,MIA,6429,5.0,-0.4,-0.7
401705047,MIA,3074752,18.0,2.2,2.3
401705047,MIA,3157465,22.0,11.6,11.4
401705047,MIA,4066261,26.0,1.5,-1.9
401705047,MIA,4291678,16.0,2.2,1.4
401705047,MIA,4395725,29.0,11.2,9.4
401705047,MIA,4431786,20.0,5.0,3.2
401705047,MIA,4432168,14.0,4.4,4.1
401705047,MIA,4432848,34.0,11.2,10.0
401705047,MIA,4601025,10.0,2.9,2.7
401705047,MIA,4997528,24.0,15.4,12.1
401705047,MIA,5105623,22.0,9.6,6.4
401705047,UTA,2528426,3.0,1.7,1.7
401705047,UTA,3908845,28.0,23.7,20.6
401705047,UTA,4066336,27.0,13.6,11.1
401705047,UTA,4066399,7.0,-1.4,-1.4
401705047,UTA,4277811,31.0,13.4,11.5
401705047,UTA,4432817,21.0,7.8,5.7
401705047,UTA,4433136,26.0,16.5,14.6
401705047,UTA,4433627,26.0,5.3,4.1
401705047,UTA,4683766,24.0,10.4,7.9
401705047,UTA,4684793,22.0,3.7,3.4
401705047,UTA,5105839,26.0,27.5,25.3
401705048,CHI,6478,34.0,17.0,15.6
401705048,CHI,3064440,36.0,29.0,27.1
401705048,CHI,4066421,25.0,9.9,8.1
401705048,CHI,4395651,34.0,26.6,26.3
401705048,CHI,4396991,3.0,0.4,0.4
401705048,CHI,4397189,14.0,8.3,7.7
401705048,CHI,4431687,35.0,5.8,4.4
401705048,CHI,4433159,12.0,-1.3,0.0
401705048,CHI,4711294,2.0,2.3,2.7
401705048,CHI,4871145,31.0,17.5,13.6
401705048,CHI,5105553,15.0,7.8,6.8
401705048,NYK,3062679,40.0,9.3,5.6
401705048,NYK,3064230,14.0,5.9,6.8
401705048,NYK,3136195,37.0,36.8,34.0
401705048,NYK,3147657,33.0,9.9,10.0
401705048,NYK,3908336,2.0,0.3,0.0
401705048,NYK,3914044,17.0,2.0,0.3
401705048,NYK,3934672,33.0,30.6,28.3
401705048,NYK,3934719,32.0,5.9,4.0
401705048,NYK,4277922,2.0,0.0,0.0
401705048,NYK,4431679,27.0,5.9,4.4
401705048,NYK,4433225,2.0,0.0,0.0
401705048,NYK,4592461,2.0,0.0,0.0
401705049,MIL,3448,23.0,2.4,-0.8
401705049,MIL,6606,37.0,12.9,9.0
401705049,MIL,6609,26.0,1.3,-0.0
401705049,MIL,2990962,22.0,6.7,5.8
401705049,MIL,3032977,38.0,21.4,16.1
401705049,MIL,3064482,26.0,6.9,3.3
401705049,MIL,4277843,18.0,2.1,2.3
401705049,MIL,4397475,30.0,16.6,15.8
401705049,MIL,4432190,14.0,10.5,8.6
401705049,MIL,4591725,6.0,3.4,2.4
401705049,POR,4278129,34.0,9.3,4.7
401705049,POR,4351851,41.0,19.7,19.2
401705049,POR,4431736,33.0,13.5,11.8
401705049,POR,4594326,20.0,2.2,2.0
401705049,POR,4683021,43.0,13.8,7.8
401705049,POR,4683678,24.0,10.0,6.5
401705049,POR,4914336,32.0,10.8,9.3
401705049,POR,5105565,14.0,4.3,2.7
401705050,DEN,3442,10.0,1.4,1.3
401705050,DEN,3468,36.0,13.2,8.9
401705050,DEN,3112335,43.0,40.2,36.5
401705050,DEN,3936299,38.0,13.0,6.7
401705050,DEN,4278104,46.0,23.1,21.1
401705050,DEN,4395620,1.0,-0.4,0.0
401705050,DEN,4398390,4.0,2.3,1.7
401705050,DEN,4431767,27.0,7.6,6.1
401705050,DEN,4432181,26.0,1.2,0.5
401705050,DEN,4576087,34.0,9.1,5.6
401705050,SAS,2779,31.0,-0.0,-0.3
401705050,SAS,6578,33.0,16.9,17.5
401705050,SAS,4066650,10.0,-0.4,-0.1
401705050,SAS,4395626,18.0,9.7,10.6
401705050,SAS,4395630,39.0,11.3,9.1
401705050,SAS,4395723,27.0,8.8,7.7
401705050,SAS,4397886,4.0,-0.4,0.0
401705050,SAS,4592479,23.0,7.9,7.3
401705050,SAS,4610139,26.0,6.8,4.4
401705050,SAS,4845367,16.0,6.6,6.7
401705050,SAS,5104157,39.0,16.7,7.6
401705051,GSW,6589,31.0,7.5,6.1
401705051,GSW,2990984,24.0,9.0,9.5
401705051,GSW,2993874,22.0,8.3,6.1
401705051,GSW,3032979,36.0,13.3,12.1
401705051,GSW,3059319,36.0,20.0,15.8
401705051,GSW,4066317,28.0,15.7,13.9
401705051,GSW,4431684,28.0,12.5,8.5
401705051,GSW,4432171,9.0,5.5,6.3
401705051,GSW,4433247,15.0,7.6,7.0
401705051,GSW,4592714,12.0,4.0,2.8
401705051,MEM,3906665,26.0,9.8,8.5
401705051,MEM,4065731,15.0,7.9,6.4
401705051,MEM,4066320,35.0,14.5,10.6
401705051,MEM,4277961,36.0,14.3,10.8
401705051,MEM,4431785,27.0,11.6,9.4
401705051,MEM,4433083,13.0,6.4,6.1
401705051,MEM,4592691,32.0,17.4,17.3
401705051,MEM,4600663,20.0,3.5,3.1
401705051,MEM,5112087,35.0,5.5,2.7
401705052,ATL,3102529,19.0,4.2,1.0
401705052,ATL,3913180,26.0,11.1,9.1
401705052,ATL,4065732,28.0,9.1,7.6
401705052,ATL,4277905,34.0,19.4,18.0
401705052,ATL,4431680,24.0,4.4,2.0
401705052,ATL,4578893,28.0,2.8,2.0
401705052,ATL,4593041,18.0,12.4,9.5
401705052,ATL,4869342,30.0,8.9,5.0
401705052,ATL,4870562,5.0,-0.7,-0.7
401705052,ATL,5211175,28.0,9.5,8.1
401705052,LAC,3416,11.0,2.9,2.7
401705052,LAC,3992,29.0,12.8,11.0
401705052,LAC,6450,19.0,5.7,4.5
401705052,LAC,2595516,29.0,13.9,10.7
401705052,LAC,2991139,13.0,-0.2,-2.0
401705052,LAC,3907823,16.0,12.4,10.9
401705052,LAC,3936099,22.0,10.6,7.4
401705052,LAC,4017837,32.0,21.8,18.1
401705052,LAC,4066387,29.0,11.4,10.6
401705052,LAC,4396818,5.0,4.1,2.1
401705052,LAC,4397140,19.0,17.7,16.0
401705052,LAC,4431699,5.0,2.0,1.7
401705052,LAC,4431752,5.0,5.3,4.1
401705052,LAC,4592492,5.0,-1.7,-1.7
401705053,BOS,3213,25.0,5.1,2.7
401705053,BOS,3995,34.0,2.1,2.5
401705053,BOS,3064560,15.0,4.9,4.1
401705053,BOS,3078576,37.0,6.8,2.9
401705053,BOS,3102531,29.0,13.0,12.5
401705053,BOS,3917376,40.0,12.1,10.0
401705053,BOS,4065648,39.0,19.8,15.5
401705053,BOS,4065804,11.0,-0.2,-0.1
401705053,BOS,4066354,11.0,-2.5,-2.1
401705053,OKC,3133626,12.0,3.3,2.7
401705053,OKC,4222252,35.0,9.4,3.7
401705053,OKC,4278073,39.0,30.2,23.9
401705053,OKC,4395702,17.0,6.7,5.4
401705053,OKC,4397020,39.0,7.0,5.3
401705053,OKC,4397183,20.0,10.6,11.5
401705053,OKC,4432823,9.0,3.2,2.1
401705053,OKC,4593803,35.0,4.1,3.3
401705053,OKC,4683692,35.0,10.2,7.7
401705054,CHA,3986,8.0,1.3,0.6
401705054,CHA,3102532,5.0,-1.7,-1.7
401705054,CHA,3138161,22.0,13.0,8.3
401705054,CHA,4066383,26.0,6.9,5.0
401705054,CHA,4278076,8.0,0.2,-0.7
401705054,CHA,4432811,22.0,-0.4,-2.4
401705054,CHA,4432816,33.0,11.9,12.5
401705054,CHA,4433287,32.0,18.3,18.1
401705054,CHA,4683686,19.0,15.6,13.8
401705054,CHA,4683834,13.0,-2.1,-1.7
401705054,CHA,4701232,28.0,9.2,7.1
401705054,CHA,5211176,23.0,4.8,3.0
401705054,CLE,6474,3.0,-1.5,-1.5
401705054,CLE,2990969,18.0,4.4,5.8
401705054,CLE,2991043,25.0,2.5,1.1
401705054,CLE,3908809,29.0,12.9,12.8
401705054,CLE,3912848,22.0,6.2,6.1
401705054,CLE,4065733,20.0,8.5,6.4
401705054,CLE,4065778,25.0,7.3,5.7
401705054,CLE,4066328,28.0,22.3,19.1
401705054,CLE,4396907,29.0,18.5,17.8
401705054,CLE,4432158,31.0,13.5,10.3
401705054,CLE,4683747,3.0,-1.1,-1.4
401705054,CLE,4701233,3.0,0.0,0.0
401705054,CLE,4702233,3.0,-1.0,-1.0
401705055,NOP,2451037,15.0,9.3,5.8
401705055,NOP,2490149,36.0,15.9,14.7
401705055,NOP,3907497,36.0,13.2,11.6
401705055,NOP,4277813,38.0,10.9,6.7
401705055,NOP,4277869,12.0,2.5,2.7
401705055,NOP,4397688,29.0,18.8,15.4
401705055,NOP,4432162,19.0,1.8,0.9
401705055,NOP,4432813,10.0,4.3,3.4
401705055,NOP,4683750,12.0,-1.0,-1.2
401705055,NOP,5061589,33.0,19.0,15.9
401705055,WAS,6477,20.0,6.5,4.8
401705055,WAS,2566769,15.0,3.3,2.4
401705055,WAS,2581184,7.0,-0.4,-1.0
401705055,WAS,3134907,31.0,19.4,15.5
401705055,WAS,4280151,26.0,-2.4,-2.6
401705055,WAS,4395695,20.0,13.5,12.8
401705055,WAS,4432356,5.0,-0.7,-0.7
401705055,WAS,4432907,27.0,3.2,2.4
401705055,WAS,4845374,34.0,17.0,14.6
401705055,WAS,5160992,28.0,16.7,14.8
401705055,WAS,5174563,27.0,-4.9,-4.5
401705056,ORL,6446,15.0,2.6,3.4
401705056,ORL,2581018,28.0,-3.0,-2.8
401705056,ORL,4065654,14.0,1.1,0.3
401705056,ORL,4277847,19.0,12.2,10.2
401705056,ORL,4348700,29.0,9.0,7.0
401705056,ORL,4409222,25.0,10.8,7.7
401705056,ORL,4432809,28.0,4.5,3.2
401705056,ORL,4433623,25.0,5.8,3.9
401705056,ORL,4702382,31.0,4.0,3.0
401705056,ORL,5105806,25.0,15.8,15.8
401705056,UTA,4004,19.0,-3.5,-3.7
401705056,UTA,3133602,20.0,10.2,6.4
401705056,UTA,3914285,17.0,8.3,5.4
401705056,UTA,4066399,21.0,2.6,1.0
401705056,UTA,4277811,26.0,9.6,8.2
401705056,UTA,4432817,23.0,9.8,9.8
401705056,UTA,4433136,29.0,13.8,11.0
401705056,UTA,4683766,28.0,-2.9,-3.3
401705056,UTA,4684793,30.0,10.8,10.2
401705056,UTA,5105839,28.0,18.4,18.5
401705057,HOU,2991230,42.0,11.5,9.6
401705057,HOU,2991235,17.0,12.7,11.2
401705057,HOU,3136777,15.0,4.8,6.8
401705057,HOU,3155526,33.0,3.4,3.0
401705057,HOU,3922230,12.0,3.3,3.3
401705057,HOU,4437244,33.0,24.7,24.5
401705057,HOU,4684740,41.0,18.4,15.2
401705057,HOU,4871144,31.0,7.6,8.0
401705057,HOU,5105592,16.0,5.1,3.6
401705057,LAL,1966,36.0,20.6,17.6
401705057,LAL,6583,38.0,25.8,21.6
401705057,LAL,2578185,26.0,11.9,10.8
401705057,LAL,3915195,5.0,-0.7,-0.7
401705057,LAL,4066457,41.0,20.1,20.9
401705057,LAL,4066648,28.0,6.8,7.6
401705057,LAL,4395627,4.0,-0.4,0.0
401705057,LAL,4397077,6.0,1.5,2.0
401705057,LAL,4432582,39.0,12.8,11.1
401705057,LAL,4897943,17.0,-1.8,-2.1
401705058,GSW,3975,30.0,18.7,16.8
401705058,GSW,6589,25.0,6.9,4.5
401705058,GSW,2990984,18.0,3.5,3.4
401705058,GSW,2993874,16.0,2.3,2.1
401705058,GSW,3032979,21.0,-0.9,-0.8
401705058,GSW,3059319,26.0,10.4,10.7
401705058,GSW,3155535,16.0,9.7,7.1
401705058,GSW,4066317,20.0,3.9,2.3
401705058,GSW,4431684,18.0,-3.6,-3.0
401705058,GSW,4432171,26.0,9.3,7.4
401705058,GSW,4592714,12.0,4.9,3.6
401705058,GSW,4997536,12.0,1.2,0.7
401705058,SAC,3978,31.0,2.1,1.9
401705058,SAC,2528588,7.0,4.3,5.1
401705058,SAC,2596107,10.0,4.1,3.1
401705058,SAC,3134916,8.0,0.3,-0.3
401705058,SAC,3136196,24.0,8.3,5.4
401705058,SAC,3155942,30.0,25.3,23.5
401705058,SAC,4066262,29.0,28.6,24.2
401705058,SAC,4066372,20.0,14.4,12.1
401705058,SAC,4433188,23.0,9.0,6.6
401705058,SAC,4593049,7.0,2.6,1.0
401705058,SAC,4594327,26.0,8.8,7.7
401705058,SAC,4702177,24.0,10.6,8.7
401705059,DET,6440,37.0,17.4,15.2
401705059,DET,2528210,33.0,19.1,19.5
401705059,DET,3899664,21.0,7.2,5.3
401705059,DET,3907822,29.0,-0.2,-2.0
401705059,DET,4278562,6.0,-0.7,-0.7
401705059,DET,4432107,15.0,5.9,3.7
401705059,DET,4432166,39.0,25.6,22.6
401705059,DET,4432810,14.0,1.5,1.0
401705059,DET,4433621,27.0,14.9,13.1
401705059,DET,4592187,3.0,-1.5,-1.7
401705059,DET,4683771,15.0,6.8,5.8
401705059,POR,4278129,35.0,16.2,12.9
401705059,POR,4351851,36.0,28.6,29.2
401705059,POR,4431736,36.0,8.5,5.4
401705059,POR,4594326,27.0,10.9,10.5
401705059,POR,4683021,29.0,9.8,9.1
401705059,POR,4683678,19.0,-2.6,-2.6
401705059,POR,4914336,43.0,20.2,16.6
401705059,POR,5105565,13.0,1.0,0.6
401705060,PHI,3431,8.0,-1.7,-1.7
401705060,PHI,4251,38.0,7.8,3.9
401705060,PHI,6443,8.0,-0.8,-0.7
401705060,PHI,3133603,38.0,18.8,18.0
401705060,PHI,3138160,37.0,8.1,5.2
401705060,PHI,4017844,36.0,12.4,11.4
401705060,PHI,4066786,4.0,0.0,0.0
401705060,PHI,4431678,44.0,21.7,20.1
401705060,PHI,4701234,3.0,-1.4,-1.4
401705060,PHI,4711297,13.0,4.0,3.4
401705060,PHI,5105637,11.0,2.6,1.9
401705060,PHX,3202,34.0,20.0,16.9
401705060,PHX,6580,30.0,24.2,22.0
401705060,PHX,2488653,13.0,7.2,3.8
401705060,PHX,3059310,22.0,5.6,6.4
401705060,PHX,3102530,14.0,3.6,3.0
401705060,PHX,3135045,14.0,4.2,3.3
401705060,PHX,3135046,20.0,3.2,1.3
401705060,PHX,3136193,38.0,5.2,2.8
401705060,PHX,4065663,7.0,3.2,2.7
401705060,PHX,4601023,21.0,7.3,6.9
401705060,PHX,4888725,27.0,10.4,10.4
401705061,BKN,4278067,26.0,3.7,0.3
401705061,BKN,4397179,30.0,9.6,8.0
401705061,BKN,4431714,31.0,5.4,5.8
401705061,BKN,4432187,18.0,4.3,4.3
401705061,BKN,4432192,32.0,9.5,5.8
401705061,BKN,4432194,22.0,20.3,19.9
401705061,BKN,4432735,3.0,0.9,1.3
401705061,BKN,4433137,26.0,10.3,7.8
401705061,BKN,4597865,24.0,4.3,2.6
401705061,BKN,4712896,29.0,4.8,5.5
401705061,IND,3999,2.0,0.0,0.0
401705061,IND,2530530,17.0,9.3,7.8
401705061,IND,3133628,31.0,13.4,7.8
401705061,IND,3149673,24.0,13.4,12.7
401705061,IND,3934723,17.0,9.0,8.5
401705061,IND,4278355,22.0,8.9,8.1
401705061,IND,4395712,31.0,7.0,4.3
401705061,IND,4396993,32.0,20.7,19.2
401705061,IND,4433076,20.0,-2.2,-2.4
401705061,IND,4683634,31.0,11.1,11.4
401705061,IND,5106060,11.0,3.2,2.7
401705061,IND,5157066,3.0,1.7,1.7
401705062,NYK,3062679,42.0,18.4,13.2
401705062,NYK,3064230,12.0,3.6,4.0
401705062,NYK,3147657,42.0,13.7,13.0
401705062,NYK,3914044,21.0,-2.9,-2.4
401705062,NYK,3934672,36.0,11.8,13.2
401705062,NYK,3934719,35.0,7.3,5.7
401705062,NYK,4277922,29.0,5.5,2.8
401705062,NYK,4431679,22.0,6.6,7.5
401705062,ORL,2581018,30.0,13.6,10.5
401705062,ORL,4065654,25.0,16.3,13.8
401705062,ORL,4277847,26.0,17.5,16.3
401705062,ORL,4348700,22.0,10.0,6.2
401705062,ORL,4409222,5.0,-2.6,-1.4
401705062,ORL,4432809,37.0,18.1,16.8
401705062,ORL,4433623,16.0,-2.9,-2.4
401705062,ORL,4702382,36.0,4.8,3.3
401705062,ORL,4712849,26.0,9.1,8.0
401705062,ORL,5105806,16.0,3.8,4.7
401705063,MIL,3448,32.0,13.4,10.2
401705063,MIL,6606,26.0,21.6,20.1
401705063,MIL,2578239,7.0,1.6,1.7
401705063,MIL,2990962,31.0,9.0,5.1
401705063,MIL,3032977,29.0,12.7,9.8
401705063,MIL,3064447,4.0,2.3,2.0
401705063,MIL,3064482,23.0,17.6,16.6
401705063,MIL,4277843,24.0,15.5,12.8
401705063,MIL,4279532,5.0,3.3,3.4
401705063,MIL,4397347,6.0,-0.1,-0.4
401705063,MIL,4397475,13.0,2.4,4.4
401705063,MIL,4432179,7.0,-0.4,-0.7
401705063,MIL,4432190,16.0,7.9,5.9
401705063,MIL,4591725,18.0,7.9,7.1
401705063,TOR,2489663,10.0,2.5,1.6
401705063,TOR,3134908,31.0,10.8,7.4
401705063,TOR,4065670,17.0,1.8,1.0
401705063,TOR,4395625,32.0,23.0,20.2
401705063,TOR,4395724,30.0,6.8,5.3
401705063,TOR,4397018,24.0,2.5,0.3
401705063,TOR,4432241,18.0,4.2,2.7
401705063,TOR,4433134,32.0,13.4,11.2
401705063,TOR,4684272,11.0,4.0,3.7
401705063,TOR,5106258,27.0,6.1,5.6
401705063,TOR,5107897,7.0,4.6,5.4
401705064,CHI,6478,34.0,19.8,17.5
401705064,CHI,3064440,40.0,29.9,26.6
401705064,CHI,4066421,24.0,5.6,2.1
401705064,CHI,4395651,36.0,18.2,14.8
401705064,CHI,4397189,14.0,7.6,6.7
401705064,CHI,4431687,34.0,9.6,8.4
401705064,CHI,4433159,5.0,-1.4,-2.0
401705064,CHI,4711294,12.0,0.7,-0.7
401705064,CHI,4871145,31.0,4.5,0.3
401705064,CHI,5105553,9.0,0.3,0.0
401705064,SAS,2779,33.0,18.0,17.7
401705064,SAS,6578,30.0,8.8,7.3
401705064,SAS,4395626,12.0,5.7,3.5
401705064,SAS,4395630,34.0,8.0,2.7
401705064,SAS,4395723,22.0,6.4,5.6
401705064,SAS,4397886,13.0,0.7,0.7
401705064,SAS,4592479,16.0,8.5,8.0
401705064,SAS,4610139,27.0,11.2,9.6
401705064,SAS,4845367,19.0,7.6,7.8
401705064,SAS,5104157,35.0,18.0,10.0
401705065,DAL,6475,27.0,9.9,7.6
401705065,DAL,2531367,6.0,3.8,3.5
401705065,DAL,2580782,30.0,3.5,4.8
401705065,DAL,2960236,23.0,2.5,2.4
401705065,DAL,4278049,8.0,3.1,2.9
401705065,DAL,4278078,32.0,10.7,7.3
401705065,DAL,4278594,33.0,10.6,7.9
401705065,DAL,4397014,26.0,6.1,3.7
401705065,DAL,4397040,1.0,0.6,0.6
401705065,DAL,4595400,1.0,0.0,0.0
401705065,DAL,4683688,33.0,16.3,13.3
401705065,DAL,4868423,21.0,9.2,7.4
401705065,MEM,3134932,23.0,7.7,5.1
401705065,MEM,3906665,15.0,2.3,1.6
401705065,MEM,3913174,24.0,10.3,9.5
401705065,MEM,4065731,28.0,8.3,6.4
401705065,MEM,4277961,34.0,32.8,27.5
401705065,MEM,4431785,28.0,19.5,13.4
401705065,MEM,4433083,10.0,1.6,2.0
401705065,MEM,4592691,27.0,5.2,5.0
401705065,MEM,4600663,13.0,1.7,0.4
401705065,MEM,5112087,35.0,14.5,12.2
401705065,MEM,5159895,2.0,-0.5,0.0
401705066,LAC,3416,13.0,1.7,1.0
401705066,LAC,3992,37.0,15.6,12.0
401705066,LAC,6450,21.0,3.5,2.6
401705066,LAC,2595516,38.0,16.4,14.6
401705066,LAC,2991139,21.0,0.1,-0.4
401705066,LAC,3907823,10.0,3.7,2.7
401705066,LAC,3936099,25.0,9.2,8.0
401705066,LAC,4017837,35.0,21.9,13.6
401705066,LAC,4066387,20.0,6.2,7.4
401705066,LAC,4397140,19.0,10.0,7.9
401705066,MIN,3195,26.0,10.3,8.8
401705066,MIN,3032976,38.0,9.9,7.4
401705066,MIN,3064514,23.0,-1.4,-0.4
401705066,MIN,3934673,31.0,9.2,8.0
401705066,MIN,4278039,15.0,0.6,-0.0
401705066,MIN,4396971,31.0,14.6,12.4
401705066,MIN,4431671,33.0,13.8,10.5
401705066,MIN,4594268,37.0,28.2,26.2
401705066,MIN,4687718,5.0,-0.4,-1.0
401705067,MIA,3074752,41.0,12.3,11.4
401705067,MIA,3157465,25.0,4.6,4.4
401705067,MIA,4066261,45.0,14.4,7.5
401705067,MIA,4291678,46.0,13.5,12.1
401705067,MIA,4395725,49.0,16.4,13.4
401705067,MIA,4432848,46.0,21.2,14.3
401705067,MIA,4601025,5.0,-0.4,-1.7
401705067,MIA,4997528,21.0,10.2,8.3
401705067,MIA,5105623,13.0,5.0,4.6
401705067,SAC,3978,47.0,16.8,16.4
401705067,SAC,2528588,2.0,0.0,0.0
401705067,SAC,2596107,2.0,-0.4,-0.3
401705067,SAC,3136196,23.0,3.1,1.9
401705067,SAC,3155942,50.0,22.0,17.0
401705067,SAC,4066262,49.0,14.6,12.9
401705067,SAC,4066372,15.0,3.5,2.3
401705067,SAC,4433188,9.0,7.7,6.1
401705067,SAC,4594327,43.0,15.2,13.2
401705067,SAC,4702177,49.0,16.3,12.1
401705068,CHA,3102532,15.0,2.3,2.3
401705068,CHA,3138161,29.0,5.8,3.7
401705068,CHA,4066383,37.0,16.3,14.1
401705068,CHA,4278076,25.0,16.9,13.5
401705068,CHA,4432811,13.0,5.7,5.4
401705068,CHA,4432816,35.0,28.1,23.8
401705068,CHA,4433287,33.0,2.6,1.2
401705068,CHA,4683686,21.0,7.3,6.4
401705068,CHA,4701232,22.0,8.2,6.8
401705068,CHA,5211176,11.0,2.9,2.3
401705068,PHX,3202,36.0,17.7,16.3
401705068,PHX,6580,31.0,4.6,5.4
401705068,PHX,2488653,20.0,4.1,1.4
401705068,PHX,3059310,15.0,0.4,-1.1
401705068,PHX,3102530,19.0,6.1,5.8
401705068,PHX,3135045,25.0,6.9,5.0
401705068,PHX,3135046,22.0,2.3,3.1
401705068,PHX,3136193,39.0,32.5,31.8
401705068,PHX,4065663,2.0,-0.4,0.0
401705068,PHX,4601023,6.0,-0.8,-0.7
401705068,PHX,4888725,25.0,1.7,1.3
401705069,HOU,3209,10.0,4.5,4.6
401705069,HOU,2991230,38.0,21.9,18.4
401705069,HOU,2991235,11.0,-0.3,-1.1
401705069,HOU,3136777,14.0,0.9,0.3
401705069,HOU,3146557,3.0,2.0,1.4
401705069,HOU,3155526,18.0,7.5,9.1
401705069,HOU,3922230,23.0,5.9,5.5
401705069,HOU,4397821,3.0,-1.0,-1.7
401705069,HOU,4437244,30.0,23.2,19.4
401705069,HOU,4684740,41.0,28.7,22.8
401705069,HOU,4871144,30.0,20.7,17.7
401705069,HOU,5105592,18.0,15.5,14.5
401705069,WAS,6477,22.0,12.6,12.5
401705069,WAS,2581184,4.0,-0.7,-0.7
401705069,WAS,2993370,3.0,0.0,0.0
401705069,WAS,3134907,17.0,6.3,3.5
401705069,WAS,4280151,33.0,21.1,20.9
401705069,WAS,4395695,22.0,9.7,8.8
401705069,WAS,4432907,21.0,7.4,6.4
401705069,WAS,4433246,4.0,4.1,4.1
401705069,WAS,4845374,34.0,11.9,11.8
401705069,WAS,5104155,30.0,5.6,5.8
401705069,WAS,5160992,23.0,-4.3,-6.9
401705069,WAS,5174563,27.0,7.6,5.8
401705070,DAL,6475,29.0,7.4,6.4
401705070,DAL,2531367,1.0,0.3,0.0
401705070,DAL,2580782,35.0,17.1,15.0
401705070,DAL,2960236,29.0,7.7,6.9
401705070,DAL,4278078,39.0,17.4,15.1
401705070,DAL,4278594,29.0,3.8,2.6
401705070,DAL,4397014,29.0,21.4,18.8
401705070,DAL,4397040,1.0,3.4,3.4
401705070,DAL,4595400,5.0,4.6,4.0
401705070,DAL,4683688,19.0,7.4,8.2
401705070,DAL,4868423,22.0,12.2,11.8
401705070,LAL,1966,35.0,19.2,15.2
401705070,LAL,6583,35.0,15.9,11.9
401705070,LAL,2578185,28.0,8.9,8.4
401705070,LAL,3137259,24.0,-1.5,-1.4
401705070,LAL,4066457,32.0,9.7,6.5
401705070,LAL,4066648,26.0,5.0,4.8
401705070,LAL,4397077,12.0,2.7,1.3
401705070,LAL,4432582,30.0,9.4,8.5
401705070,LAL,4683774,1.0,0.0,0.0
401705070,LAL,4897943,16.0,8.3,8.0
401705071,MIN,3195,25.0,10.0,9.5
401705071,MIN,3032976,35.0,13.4,7.2
401705071,MIN,3064514,35.0,11.2,9.0
401705071,MIN,3934673,29.0,8.7,5.1
401705071,MIN,4278039,18.0,7.6,7.7
401705071,MIN,4396971,23.0,7.4,5.7
401705071,MIN,4431671,31.0,2.3,-0.5
401705071,MIN,4594268,38.0,22.9,19.7
401705071,MIN,4687718,6.0,1.3,1.0
401705071,NOP,2451037,13.0,6.6,4.8
401705071,NOP,2490149,30.0,-3.3,-3.4
401705071,NOP,3907497,34.0,27.3,20.8
401705071,NOP,4277813,32.0,6.6,6.4
401705071,NOP,4277869,20.0,5.1,5.3
401705071,NOP,4395628,28.0,17.8,14.7
401705071,NOP,4432162,25.0,3.8,2.3
401705071,NOP,4432813,21.0,4.8,1.0
401705071,NOP,4683750,10.0,0.6,0.6
401705071,NOP,5061589,28.0,1.7,0.3
401705072,ATL,3037789,28.0,4.2,5.4
401705072,ATL,3102529,25.0,16.8,14.3
401705072,ATL,3913180,19.0,6.5,2.6
401705072,ATL,4065732,27.0,9.6,9.9
401705072,ATL,4277905,37.0,27.7,26.8
401705072,ATL,4431680,23.0,7.1,2.4
401705072,ATL,4578893,22.0,11.4,10.8
401705072,ATL,4869342,35.0,18.3,15.0
401705072,ATL,5211175,24.0,8.8,8.7
401705072,UTA,4004,18.0,9.9,6.6
401705072,UTA,3914285,18.0,1.4,-1.3
401705072,UTA,4066336,31.0,24.7,23.0
401705072,UTA,4066399,15.0,-0.1,0.0
401705072,UTA,4277811,31.0,17.1,17.7
401705072,UTA,4432817,25.0,8.5,8.4
401705072,UTA,4433136,30.0,25.4,21.7
401705072,UTA,4683766,26.0,4.5,4.2
401705072,UTA,4684793,17.0,-0.4,-2.4
401705072,UTA,4895758,29.0,3.4,2.3
401705073,BOS,3213,34.0,12.2,7.1
401705073,BOS,3995,32.0,21.1,17.9
401705073,BOS,3064560,18.0,4.3,3.1
401705073,BOS,3102531,34.0,23.9,19.8
401705073,BOS,3917376,38.0,10.1,8.9
401705073,BOS,4065648,38.0,22.3,19.5
401705073,BOS,4065804,18.0,7.7,7.1
401705073,BOS,4066354,20.0,2.7,1.4
401705073,BOS,4397424,8.0,6.7,6.1
401705073,BOS,4432164,1.0,-0.4,0.0
401705073,DEN,3442,20.0,1.1,1.0
401705073,DEN,3468,33.0,17.6,14.9
401705073,DEN,3032978,17.0,1.0,0.4
401705073,DEN,3936299,39.0,14.9,13.5
401705073,DEN,4278104,36.0,11.6,9.3
401705073,DEN,4431690,5.0,-1.4,-1.4
401705073,DEN,4431767,29.0,8.2,7.8
401705073,DEN,4432181,27.0,13.3,12.8
401705073,DEN,4576087,34.0,13.3,10.1
401705074,GSW,3975,33.0,19.7,16.0
401705074,GSW,6589,27.0,10.5,8.6
401705074,GSW,2990984,24.0,10.7,8.0
401705074,GSW,2993874,27.0,8.2,4.1
401705074,GSW,3032979,29.0,2.8,2.7
401705074,GSW,3059319,25.0,6.5,4.7
401705074,GSW,4066317,19.0,1.4,0.6
401705074,GSW,4431684,35.0,20.2,16.3
401705074,GSW,4432171,15.0,1.2,1.3
401705074,GSW,4592714,3.0,1.0,0.7
401705074,GSW,4997536,3.0,-0.4,-0.7
401705074,MIA,6429,25.0,9.4,7.6
401705074,MIA,3074752,32.0,5.1,3.7
401705074,MIA,3157465,21.0,14.5,14.0
401705074,MIA,4066261,30.0,21.1,17.0
401705074,MIA,4291678,23.0,8.7,7.2
401705074,MIA,4395725,26.0,10.9,7.9
401705074,MIA,4431786,1.0,0.0,0.0
401705074,MIA,4432168,1.0,0.0,0.0
401705074,MIA,4432848,29.0,12.0,11.1
401705074,MIA,4601025,1.0,0.0,0.0
401705074,MIA,4997528,34.0,14.9,12.4
401705074,MIA,5105623,18.0,4.8,4.3
401705075,CLE,2990969,14.0,-0.3,0.3
401705075,CLE,2991043,20.0,4.5,4.3
401705075,CLE,3908809,35.0,3.0,3.1
401705075,CLE,3912848,21.0,7.5,7.8
401705075,CLE,4065733,12.0,12.4,10.5
401705075,CLE,4065778,26.0,15.5,15.7
401705075,CLE,4066328,32.0,33.3,28.8
401705075,CLE,4396907,32.0,12.7,13.2
401705075,CLE,4432158,35.0,20.9,17.6
401705075,CLE,4432822,13.0,-0.1,-0.7
401705075,OKC,3133626,13.0,2.3,2.7
401705075,OKC,4222252,31.0,18.3,18.5
401705075,OKC,4278073,38.0,19.4,15.8
401705075,OKC,4395702,25.0,10.8,7.4
401705075,OKC,4397020,34.0,6.8,4.4
401705075,OKC,4397183,22.0,8.0,8.5
401705075,OKC,4432823,11.0,4.7,4.1
401705075,OKC,4593803,36.0,23.6,19.9
401705075,OKC,4683692,31.0,12.9,13.9
401705076,CHI,6478,27.0,9.3,6.8
401705076,CHI,3064440,35.0,22.3,21.2
401705076,CHI,3133635,7.0,0.6,0.6
401705076,CHI,4066421,19.0,3.5,0.3
401705076,CHI,4395651,31.0,11.2,11.4
401705076,CHI,4396991,10.0,7.4,6.4
401705076,CHI,4397189,17.0,14.3,13.3
401705076,CHI,4431687,21.0,-3.9,-4.3
401705076,CHI,4433159,8.0,1.5,1.0
401705076,CHI,4592402,14.0,4.9,5.1
401705076,CHI,4711294,13.0,1.4,1.7
401705076,CHI,4871145,22.0,6.7,5.6
401705076,CHI,5105553,15.0,2.8,3.3
401705076,IND,2530530,16.0,8.0,4.7
401705076,IND,3149673,29.0,20.4,19.2
401705076,IND,3934723,28.0,20.7,18.6
401705076,IND,4278355,23.0,9.4,9.4
401705076,IND,4395712,31.0,12.0,9.4
401705076,IND,4396993,30.0,20.3,17.8
401705076,IND,4433076,21.0,6.4,6.8
401705076,IND,4592699,16.0,4.4,4.3
401705076,IND,4592829,1.0,0.0,0.0
401705076,IND,4683634,25.0,5.5,5.0
401705076,IND,5106060,19.0,10.9,9.4
401705077,NYK,3062679,38.0,23.4,22.5
401705077,NYK,3064230,11.0,0.7,-0.3
401705077,NYK,3136195,34.0,28.9,23.0
401705077,NYK,3147657,36.0,2.4,0.8
401705077,NYK,3908336,2.0,-0.4,0.0
401705077,NYK,3914044,21.0,3.1,4.4
401705077,NYK,3934672,35.0,11.4,9.0
401705077,NYK,3934719,38.0,21.6,19.4
401705077,NYK,4277922,4.0,-0.6,-0.6
401705077,NYK,4431679,15.0,6.3,4.4
401705077,NYK,4433225,2.0,-1.0,-1.0
401705077,NYK,4592461,2.0,-0.7,-0.7
401705077,TOR,4023,4.0,4.4,3.4
401705077,TOR,2489663,18.0,6.6,5.1
401705077,TOR,3134908,30.0,7.1,4.9
401705077,TOR,3948153,4.0,9.8,8.8
401705077,TOR,4065670,21.0,0.2,0.3
401705077,TOR,4395625,28.0,10.1,9.4
401705077,TOR,4395724,31.0,20.1,17.5
401705077,TOR,4397018,9.0,5.1,4.1
401705077,TOR,4432241,16.0,2.3,2.7
401705077,TOR,4433134,36.0,16.7,13.5
401705077,TOR,4684272,22.0,-0.5,-2.1
401705077,TOR,5106258,20.0,-2.0,-2.4
401705078,PHI,3431,31.0,11.1,10.3
401705078,PHI,6443,8.0,2.6,2.3
401705078,PHI,3133603,38.0,11.6,8.5
401705078,PHI,3138160,35.0,9.9,6.1
401705078,PHI,4017844,34.0,22.8,19.6
401705078,PHI,4066786,9.0,3.2,1.6
401705078,PHI,4431678,39.0,19.0,16.9
401705078,PHI,4701234,19.0,7.3,6.4
401705078,PHI,4711297,12.0,0.8,0.3
401705078,PHI,5105637,14.0,5.7,4.1
401705078,WAS,6477,21.0,6.9,5.6
401705078,WAS,2993370,27.0,6.6,4.1
401705078,WAS,3134907,31.0,5.0,3.9
401705078,WAS,4280151,35.0,20.2,18.9
401705078,WAS,4395695,20.0,23.6,22.7
401705078,WAS,4432907,17.0,5.3,5.1
401705078,WAS,4845374,31.0,5.7,5.1
401705078,WAS,5104155,31.0,0.7,0.9
401705078,WAS,5174563,28.0,2.5,0.3
401705079,BKN,4278067,30.0,14.5,12.2
401705079,BKN,4397179,33.0,8.0,4.6
401705079,BKN,4431714,32.0,4.3,3.0
401705079,BKN,4432187,24.0,3.3,0.7
401705079,BKN,4432192,28.0,4.0,4.3
401705079,BKN,4433137,28.0,2.9,2.3
401705079,BKN,4597865,29.0,13.7,11.5
401705079,BKN,4712896,37.0,23.1,19.7
401705079,DET,6440,26.0,9.1,6.8
401705079,DET,2528210,23.0,6.1,5.3
401705079,DET,3899664,24.0,14.6,13.2
401705079,DET,3907822,33.0,18.6,17.2
401705079,DET,4278562,6.0,1.5,0.0
401705079,DET,4432107,22.0,11.3,12.5
401705079,DET,4432166,23.0,10.0,8.2
401705079,DET,4432810,20.0,11.1,6.5
401705079,DET,4433621,22.0,12.5,7.4
401705079,DET,4592187,7.0,1.0,1.0
401705079,DET,4683771,28.0,6.7,6.4
401705079,DET,4906923,4.0,-0.2,0.0
401705079,DET,5107199,3.0,-2.4,-2.4
401705080,NOP,2451037,17.0,8.7,7.5
401705080,NOP,2490149,27.0,13.9,14.5
401705080,NOP,2596112,29.0,7.1,5.7
401705080,NOP,3907497,26.0,16.2,13.6
401705080,NOP,4277813,18.0,-1.2,-2.4
401705080,NOP,4277869,20.0,7.9,4.7
401705080,NOP,4432162,21.0,-2.0,-2.2
401705080,NOP,4432813,20.0,3.5,3.8
401705080,NOP,4592686,6.0,8.4,7.4
401705080,NOP,4683750,25.0,-1.2,-1.2
401705080,NOP,4997538,6.0,6.0,4.1
401705080,NOP,5061589,25.0,7.4,5.2
401705080,POR,4066211,16.0,7.9,3.4
401705080,POR,4066268,4.0,2.4,2.4
401705080,POR,4278129,27.0,15.1,13.0
401705080,POR,4351851,29.0,18.8,16.3
401705080,POR,4397885,15.0,3.9,2.0
401705080,POR,4431736,29.0,15.9,12.5
401705080,POR,4432446,5.0,0.2,0.0
401705080,POR,4594326,21.0,3.9,3.0
401705080,POR,4683021,27.0,21.0,19.2
401705080,POR,4683678,29.0,4.2,3.4
401705080,POR,4914336,33.0,15.8,14.5
401705080,POR,5099752,5.0,-0.4,0.0
401705081,DEN,3442,23.0,15.5,12.2
401705081,DEN,3468,29.0,13.8,13.8
401705081,DEN,3032978,20.0,5.5,4.1
401705081,DEN,3936299,34.0,21.2,19.0
401705081,DEN,4278104,27.0,16.2,13.2
401705081,DEN,4395620,9.0,-1.6,-0.7
401705081,DEN,4398390,4.0,5.4,5.4
401705081,DEN,4431690,4.0,0.9,1.7
401705081,DEN,4431767,28.0,12.5,12.5
401705081,DEN,4432181,32.0,11.4,11.4
401705081,DEN,4433268,4.0,0.3,0.0
401705081,DEN,4576087,24.0,4.9,2.5
401705081,LAC,3416,9.0,4.9,3.4
401705081,LAC,3992,27.0,6.5,4.9
401705081,LAC,2595516,28.0,21.2,20.8
401705081,LAC,2991139,20.0,1.2,0.4
401705081,LAC,3907823,12.0,-1.2,-1.4
401705081,LAC,3936099,15.0,1.7,2.7
401705081,LAC,4017837,29.0,10.8,8.4
401705081,LAC,4066387,33.0,0.8,-0.2
401705081,LAC,4277919,15.0,6.5,2.3
401705081,LAC,4396818,15.0,3.8,3.3
401705081,LAC,4397140,15.0,8.9,6.2
401705081,LAC,4431752,11.0,6.3,5.4
401705081,LAC,4592492,9.0,5.0,4.7
401705082,MIL,3448,35.0,18.1,15.4
401705082,MIL,6606,35.0,24.8,23.7
401705082,MIL,6609,21.0,6.3,5.6
401705082,MIL,2990962,24.0,1.2,0.0
401705082,MIL,3032977,36.0,21.0,16.8
401705082,MIL,3064482,19.0,2.4,-1.2
401705082,MIL,4277843,22.0,16.4,13.9
401705082,MIL,4279532,3.0,0.9,0.0
401705082,MIL,4397347,3.0,-1.1,-1.0
401705082,MIL,4397475,25.0,10.5,10.4
401705082,MIL,4432179,3.0,1.7,1.7
401705082,MIL,4432190,11.0,0.7,0.7
401705082,MIL,4591725,3.0,1.6,1.0
401705082,SAS,2779,29.0,21.5,19.7
401705082,SAS,6578,25.0,11.2,10.0
401705082,SAS,4066650,3.0,-1.0,-1.0
401705082,SAS,4278580,6.0,4.5,3.9
401705082,SAS,4395626,16.0,6.7,5.5
401705082,SAS,4395630,32.0,3.8,0.1
401705082,SAS,4395723,25.0,21.9,20.1
401705082,SAS,4397886,13.0,4.6,3.4
401705082,SAS,4565201,3.0,0.0,0.0
401705082,SAS,4592479,27.0,2.3,2.2
401705082,SAS,4683935,3.0,-0.4,-1.0
401705082,SAS,4845367,25.0,-0.9,-0.5
401705082,SAS,5104157,33.0,9.4,5.1
401705083,CLE,2990969,13.0,2.5,3.3
401705083,CLE,2991043,36.0,16.1,15.2
401705083,CLE,3912848,29.0,4.5,2.7
401705083,CLE,4065733,20.0,8.4,6.4
401705083,CLE,4065778,25.0,10.8,9.5
401705083,CLE,4066328,29.0,25.1,20.4
401705083,CLE,4066757,13.0,-2.0,-0.4
401705083,CLE,4396907,36.0,35.7,33.1
401705083,CLE,4432158,32.0,23.0,20.3
401705083,CLE,4432822,8.0,-2.2,-2.1
401705083,TOR,2489663,6.0,-0.7,-0.3
401705083,TOR,3134908,34.0,22.4,18.3
401705083,TOR,3948153,27.0,22.9,18.9
401705083,TOR,4278053,16.0,3.4,3.1
401705083,TOR,4395625,38.0,14.5,11.8
401705083,TOR,4395724,30.0,6.3,7.5
401705083,TOR,4432241,15.0,13.2,13.6
401705083,TOR,4433134,38.0,21.8,17.6
401705083,TOR,4684272,15.0,2.5,3.3
401705083,TOR,5106258,21.0,5.9,6.4
401705084,DET,6440,32.0,11.7,10.6
401705084,DET,3899664,27.0,-1.2,-1.4
401705084,DET,3907822,36.0,9.9,10.6
401705084,DET,4432107,16.0,-0.1,-0.7
401705084,DET,4432166,40.0,27.6,23.2
401705084,DET,4432810,17.0,5.0,3.4
401705084,DET,4433621,31.0,10.2,5.4
401705084,DET,4592187,4.0,0.0,0.0
401705084,DET,4683771,20.0,5.7,5.6
401705084,DET,4684742,17.0,11.6,9.5
401705084,GSW,3975,36.0,10.6,6.2
401705084,GSW,6589,32.0,4.1,1.7
401705084,GSW,2990984,31.0,15.5,14.1
401705084,GSW,2993874,9.0,6.8,6.2
401705084,GSW,3032979,34.0,9.2,9.5
401705084,GSW,3155535,21.0,12.2,9.2
401705084,GSW,4066317,20.0,7.3,6.0
401705084,GSW,4431684,26.0,14.2,12.2
401705084,GSW,4592714,4.0,2.0,1.3
401705084,GSW,4997536,26.0,11.6,10.2
401705085,MIN,3195,23.0,8.9,5.7
401705085,MIN,3032976,32.0,11.7,9.1
401705085,MIN,3064514,31.0,18.9,17.2
401705085,MIN,3934673,24.0,9.0,6.7
401705085,MIN,4277951,3.0,3.0,3.4
401705085,MIN,4278039,22.0,2.4,1.7
401705085,MIN,4396971,23.0,14.8,11.6
401705085,MIN,4431671,32.0,7.6,6.7
401705085,MIN,4432247,3.0,-1.1,-0.7
401705085,MIN,4594268,36.0,14.3,12.5
401705085,MIN,4687718,8.0,-1.9,-1.4
401705085,MIN,5044385,3.0,-0.8,-0.7
401705085,ORL,6446,6.0,0.0,0.0
401705085,ORL,2581018,33.0,11.3,10.5
401705085,ORL,4065654,15.0,6.3,3.7
401705085,ORL,4277847,18.0,1.9,2.4
401705085,ORL,4348700,30.0,15.9,11.5
401705085,ORL,4409222,21.0,-0.9,-1.1
401705085,ORL,4432809,27.0,7.9,4.0
401705085,ORL,4433623,33.0,8.5,9.4
401705085,ORL,4702382,24.0,4.4,3.0
401705085,ORL,4712849,10.0,-0.9,-0.8
401705085,ORL,5105806,23.0,6.7,6.1
401705086,HOU,2991230,41.0,18.6,15.9
401705086,HOU,2991235,12.0,0.7,-0.0
401705086,HOU,3136777,18.0,9.2,9.5
401705086,HOU,3155526,35.0,-0.2,-0.5
401705086,HOU,3922230,10.0,0.9,1.3
401705086,HOU,4437244,38.0,20.1,16.1
401705086,HOU,4684740,36.0,11.9,9.7
401705086,HOU,4871144,35.0,25.4,23.6
401705086,HOU,5105592,15.0,3.0,-0.3
401705086,MEM,3906665,17.0,8.4,8.2
401705086,MEM,3913174,25.0,9.1,9.1
401705086,MEM,4065731,10.0,4.8,5.4
401705086,MEM,4066320,27.0,11.4,9.8
401705086,MEM,4277961,34.0,22.1,14.9
401705086,MEM,4279888,29.0,13.6,12.8
401705086,MEM,4431785,13.0,-0.2,-0.6
401705086,MEM,4592691,20.0,5.6,4.1
401705086,MEM,4593125,23.0,6.5,4.1
401705086,MEM,4600663,18.0,2.9,3.3
401705086,MEM,5112087,23.0,0.5,0.3
401705087,DAL,6475,22.0,2.3,1.4
401705087,DAL,2580782,35.0,15.4,13.3
401705087,DAL,2960236,12.0,2.9,2.7
401705087,DAL,4278049,10.0,2.6,0.7
401705087,DAL,4278078,35.0,22.1,16.0
401705087,DAL,4278594,26.0,7.3,7.5
401705087,DAL,4397014,27.0,8.8,8.1
401705087,DAL,4595400,9.0,2.7,1.4
401705087,DAL,4683688,35.0,22.7,19.1
401705087,DAL,4868423,29.0,15.6,15.4
401705087,POR,4278129,21.0,4.5,1.4
401705087,POR,4351851,37.0,12.9,12.0
401705087,POR,4397885,15.0,5.8,5.1
401705087,POR,4431736,31.0,2.9,3.9
401705087,POR,4594326,20.0,6.4,5.5
401705087,POR,4683021,34.0,5.2,3.9
401705087,POR,4683678,26.0,17.9,17.8
401705087,POR,4914336,32.0,14.9,12.4
401705087,POR,5105565,24.0,15.2,12.9
401705088,ATL,3037789,28.0,15.0,13.2
401705088,ATL,3102529,26.0,10.0,7.1
401705088,ATL,3913180,11.0,4.3,4.7
401705088,ATL,4065732,27.0,8.0,6.7
401705088,ATL,4277905,34.0,16.0,14.4
401705088,ATL,4431680,22.0,10.1,8.6
401705088,ATL,4578893,26.0,12.3,11.2
401705088,ATL,4593041,10.0,8.3,9.1
401705088,ATL,4869342,36.0,13.3,10.5
401705088,ATL,5211175,19.0,3.6,2.7
401705088,PHX,3202,36.0,19.9,17.6
401705088,PHX,6580,33.0,21.2,17.6
401705088,PHX,2488653,22.0,7.1,4.3
401705088,PHX,3059310,7.0,0.2,0.0
401705088,PHX,3135045,27.0,19.1,18.9
401705088,PHX,3135046,29.0,12.8,11.5
401705088,PHX,3136193,40.0,16.0,14.9
401705088,PHX,4065663,4.0,4.4,4.4
401705088,PHX,4601023,25.0,5.2,3.1
401705088,PHX,4888725,16.0,5.7,5.1
401705089,MIA,6429,18.0,3.7,1.3
401705089,MIA,3074752,33.0,3.1,1.9
401705089,MIA,3157465,18.0,-4.7,-5.8
401705089,MIA,4066261,29.0,15.5,10.0
401705089,MIA,4291678,22.0,2.8,2.3
401705089,MIA,4395725,37.0,20.5,17.1
401705089,MIA,4432848,36.0,21.1,18.0
401705089,MIA,4997528,27.0,8.2,7.0
401705089,MIA,5105623,19.0,10.1,7.6
401705089,UTA,4004,18.0,3.5,0.5
401705089,UTA,3914285,18.0,6.7,5.8
401705089,UTA,4066336,30.0,11.7,10.1
401705089,UTA,4066399,12.0,-0.5,-1.0
401705089,UTA,4277811,29.0,16.8,15.5
401705089,UTA,4432817,24.0,0.5,-0.8
401705089,UTA,4433136,30.0,11.8,8.2
401705089,UTA,4683766,34.0,9.1,9.7
401705089,UTA,4684793,23.0,7.0,1.7
401705089,UTA,4895758,23.0,4.7,2.3
401705091,GSW,2990984,35.0,9.0,8.6
401705091,GSW,2993874,26.0,10.0,7.2
401705091,GSW,3032979,29.0,5.7,4.7
401705091,GSW,3155535,14.0,4.1,1.4
401705091,GSW,4066317,35.0,2.3,2.3
401705091,GSW,4431684,27.0,12.8,8.4
401705091,GSW,4432171,23.0,2.4,1.6
401705091,GSW,4592714,20.0,10.0,9.8
401705091,GSW,4593016,7.0,4.0,4.0
401705091,GSW,4997536,24.0,12.3,10.5
401705091,IND,3999,2.0,-0.4,0.0
401705091,IND,2530530,17.0,9.1,8.2
401705091,IND,3133628,29.0,10.2,5.5
401705091,IND,3149673,30.0,21.3,18.9
401705091,IND,3934723,17.0,9.4,5.1
401705091,IND,4278355,16.0,2.2,0.0
401705091,IND,4395712,29.0,4.9,3.7
401705091,IND,4396993,35.0,26.4,23.2
401705091,IND,4431941,2.0,-1.0,-1.0
401705091,IND,4433076,20.0,1.4,1.6
401705091,IND,4683634,34.0,14.0,12.1
401705091,IND,5106060,7.0,-2.2,-2.4
401705091,IND,5157066,2.0,0.0,0.0
401705092,MIL,3448,34.0,6.5,3.9
401705092,MIL,6606,40.0,21.4,19.1
401705092,MIL,6609,23.0,9.7,7.8
401705092,MIL,2990962,26.0,5.9,5.4
401705092,MIL,3032977,37.0,33.5,27.4
401705092,MIL,3064482,25.0,9.3,7.4
401705092,MIL,4277843,24.0,1.1,1.0
401705092,MIL,4397475,19.0,0.2,-1.4
401705092,MIL,4432190,13.0,0.5,0.4
401705092,ORL,2581018,11.0,1.7,0.4
401705092,ORL,4065654,20.0,9.3,5.7
401705092,ORL,4277847,25.0,2.5,1.2
401705092,ORL,4348700,23.0,3.8,3.4
401705092,ORL,4409222,2.0,0.0,0.0
401705092,ORL,4432573,27.0,26.0,21.6
401705092,ORL,4432809,35.0,12.9,9.1
401705092,ORL,4433623,29.0,3.4,5.1
401705092,ORL,4702382,40.0,12.1,10.8
401705092,ORL,4712849,20.0,11.3,11.8
401705092,ORL,5105806,7.0,0.3,0.7
401705093,NOP,2451037,18.0,11.0,8.8
401705093,NOP,2490149,35.0,27.2,26.9
401705093,NOP,2596112,26.0,9.8,6.9
401705093,NOP,3907497,32.0,8.9,5.7
401705093,NOP,4277869,23.0,16.1,14.3
401705093,NOP,4432162,23.0,6.7,7.6
401705093,NOP,4432813,22.0,3.8,2.8
401705093,NOP,4683750,31.0,17.3,15.0
401705093,NOP,5061589,30.0,6.4,3.4
401705093,PHI,3431,15.0,4.3,3.7
401705093,PHI,4251,35.0,18.6,14.8
401705093,PHI,6443,7.0,3.3,4.3
401705093,PHI,3133603,39.0,14.2,12.9
401705093,PHI,3138160,36.0,5.2,3.7
401705093,PHI,4017844,31.0,3.6,2.4
401705093,PHI,4066786,5.0,0.9,1.0
401705093,PHI,4431678,41.0,30.6,28.8
401705093,PHI,4701234,17.0,10.0,10.8
401705093,PHI,5105637,14.0,-0.2,-0.3
401705094,BOS,3213,23.0,1.5,1.0
401705094,BOS,3995,28.0,6.2,3.4
401705094,BOS,3064560,15.0,8.8,6.9
401705094,BOS,3078576,27.0,2.2,-0.1
401705094,BOS,3102531,29.0,17.5,14.2
401705094,BOS,3917376,35.0,21.6,20.7
401705094,BOS,4065648,35.0,5.4,3.0
401705094,BOS,4065804,13.0,4.4,3.4
401705094,BOS,4066354,27.0,4.1,4.0
401705094,BOS,4277964,2.0,-0.3,-0.3
401705094,BOS,4397424,2.0,0.0,0.0
401705094,BOS,4432164,2.0,-0.4,0.0
401705094,SAC,3978,40.0,17.4,15.3
401705094,SAC,3136196,28.0,11.6,8.9
401705094,SAC,3155942,39.0,25.7,20.2
401705094,SAC,4066262,37.0,14.8,14.1
401705094,SAC,4066372,19.0,0.2,-2.8
401705094,SAC,4433188,17.0,6.7,6.7
401705094,SAC,4594327,37.0,17.6,14.1
401705094,SAC,4702177,23.0,7.6,3.7
401705095,NYK,3062679,30.0,18.2,13.9
401705095,NYK,3064230,15.0,8.0,6.0
401705095,NYK,3136195,29.0,17.1,15.2
401705095,NYK,3147657,32.0,-5.0,-4.9
401705095,NYK,3908336,2.0,1.3,1.0
401705095,NYK,3914044,15.0,0.1,-0.8
401705095,NYK,3934672,33.0,17.9,18.8
401705095,NYK,3934719,36.0,-0.9,-0.7
401705095,NYK,4431679,6.0,1.6,1.7
401705095,NYK,4431823,20.0,8.1,8.2
401705095,NYK,4433225,2.0,2.3,1.3
401705095,NYK,4592461,6.0,2.3,1.7
401705095,NYK,4871141,13.0,2.6,1.0
401705095,OKC,3133626,22.0,1.6,-0.1
401705095,OKC,4222252,30.0,4.7,0.5
401705095,OKC,4278073,29.0,32.5,29.7
401705095,OKC,4395702,30.0,24.1,24.6
401705095,OKC,4397020,23.0,5.4,5.1
401705095,OKC,4397183,22.0,10.4,8.2
401705095,OKC,4432823,15.0,3.7,1.4
401705095,OKC,4432971,2.0,-0.7,-0.7
401705095,OKC,4592435,2.0,2.7,2.7
401705095,OKC,4593803,33.0,15.5,13.1
401705095,OKC,4683692,30.0,4.3,2.2
401705096,CHI,6478,27.0,27.0,23.7
401705096,CHI,3064440,33.0,26.7,24.2
401705096,CHI,3133635,4.0,4.7,3.7
401705096,CHI,4066421,22.0,15.9,12.6
401705096,CHI,4395651,28.0,11.1,9.5
401705096,CHI,4396991,15.0,8.6,8.5
401705096,CHI,4397189,17.0,18.1,16.6
401705096,CHI,4431687,19.0,-0.0,-2.4
401705096,CHI,4433159,11.0,-0.2,-0.7
401705096,CHI,4592402,3.0,0.0,0.0
401705096,CHI,4711294,16.0,5.9,4.4
401705096,CHI,4871145,32.0,17.9,11.6
401705096,CHI,5105553,13.0,1.3,1.0
401705096,WAS,6477,15.0,4.4,3.1
401705096,WAS,2581184,4.0,0.3,0.7
401705096,WAS,2993370,6.0,1.6,1.6
401705096,WAS,3134907,21.0,1.7,-0.1
401705096,WAS,4277956,24.0,14.7,14.1
401705096,WAS,4280151,22.0,-2.5,-2.4
401705096,WAS,4395695,21.0,16.7,15.6
401705096,WAS,4432356,6.0,4.7,3.7
401705096,WAS,4432907,11.0,11.1,9.8
401705096,WAS,4433246,6.0,1.9,2.0
401705096,WAS,4845374,22.0,1.6,0.3
401705096,WAS,5104155,29.0,5.9,3.4
401705096,WAS,5160992,26.0,5.8,4.2
401705096,WAS,5174563,26.0,7.2,6.7
401705097,BKN,3907387,22.0,8.6,8.0
401705097,BKN,4278067,27.0,11.1,6.0
401705097,BKN,4397179,32.0,12.9,11.7
401705097,BKN,4431714,17.0,-6.9,-5.8
401705097,BKN,4432187,12.0,3.1,3.1
401705097,BKN,4432192,36.0,13.8,12.0
401705097,BKN,4432194,19.0,6.1,6.8
401705097,BKN,4433137,23.0,8.4,6.3
401705097,BKN,4597865,22.0,5.9,4.7
401705097,BKN,4712896,30.0,12.4,11.0
401705097,DEN,3442,10.0,1.3,0.2
401705097,DEN,3468,36.0,25.9,23.3
401705097,DEN,3112335,38.0,43.8,38.1
401705097,DEN,3936299,16.0,4.4,3.4
401705097,DEN,4278104,34.0,13.9,9.3
401705097,DEN,4395620,1.0,0.0,0.0
401705097,DEN,4398390,10.0,2.5,3.0
401705097,DEN,4431767,29.0,8.6,6.7
401705097,DEN,4432181,31.0,5.0,6.3
401705097,DEN,4576087,35.0,10.1,5.8
401705099,PHX,3202,36.0,17.7,15.6
401705099,PHX,6580,31.0,7.7,8.3
401705099,PHX,2488653,23.0,7.7,6.0
401705099,PHX,3059310,4.0,1.7,1.7
401705099,PHX,3135045,30.0,12.9,10.1
401705099,PHX,3135046,26.0,-0.1,0.1
401705099,PHX,3136193,36.0,27.7,26.0
401705099,PHX,4065663,7.0,3.7,1.7
401705099,PHX,4601023,23.0,10.0,6.7
401705099,PHX,4888725,24.0,8.4,8.4
401705099,UTA,4004,14.0,-0.2,0.3
401705099,UTA,3133602,19.0,8.8,7.2
401705099,UTA,3914285,17.0,4.7,2.4
401705099,UTA,4066336,31.0,16.2,15.9
401705099,UTA,4066399,19.0,5.0,4.4
401705099,UTA,4277811,29.0,12.9,13.1
401705099,UTA,4397449,9.0,0.1,0.0
401705099,UTA,4433136,31.0,18.8,16.0
401705099,UTA,4683766,27.0,7.4,6.6
401705099,UTA,4684793,22.0,0.9,-1.4
401705099,UTA,4895758,22.0,7.8,9.0
401705100,DET,6440,35.0,14.1,12.1
401705100,DET,2528210,32.0,23.7,20.8
401705100,DET,3899664,15.0,5.5,5.7
401705100,DET,3907822,27.0,12.7,12.0
401705100,DET,4432107,11.0,3.3,3.7
401705100,DET,4432166,37.0,21.0,17.5
401705100,DET,4432810,20.0,7.5,6.9
401705100,DET,4433621,28.0,10.6,9.5
401705100,DET,4683771,15.0,3.2,2.0
401705100,DET,4684742,20.0,7.0,4.0
401705100,TOR,2489663,14.0,5.4,6.6
401705100,TOR,3134908,34.0,10.2,5.6
401705100,TOR,3948153,20.0,13.4,13.2
401705100,TOR,4065670,20.0,15.1,12.6
401705100,TOR,4395625,33.0,-1.5,-3.4
401705100,TOR,4395724,32.0,14.8,13.2
401705100,TOR,4432241,17.0,13.8,12.6
401705100,TOR,4433134,38.0,16.3,11.0
401705100,TOR,4684272,4.0,-0.8,0.0
401705100,TOR,5106258,30.0,7.4,8.0
401705101,MEM,3906665,19.0,10.0,9.9
401705101,MEM,3913174,22.0,13.4,12.2
401705101,MEM,4065731,8.0,-0.4,-2.4
401705101,MEM,4066320,32.0,17.6,14.9
401705101,MEM,4277961,34.0,23.1,22.1
401705101,MEM,4279888,30.0,0.2,-0.1
401705101,MEM,4431785,16.0,8.5,5.4
401705101,MEM,4592691,13.0,1.5,1.0
401705101,MEM,4593125,16.0,8.7,8.4
401705101,MEM,4600663,20.0,9.7,9.6
401705101,MEM,5112087,31.0,10.5,7.2
401705101,MIN,3195,15.0,1.0,1.0
401705101,MIN,3032976,29.0,13.7,13.6
401705101,MIN,3064514,33.0,14.9,14.3
401705101,MIN,3934673,36.0,27.3,23.4
401705101,MIN,4278039,26.0,6.2,4.6
401705101,MIN,4396971,30.0,17.4,15.6
401705101,MIN,4431671,30.0,21.7,16.6
401705101,MIN,4594268,39.0,7.0,5.7
401705101,MIN,4687718,2.0,1.6,1.7
401705102,MIA,6429,8.0,1.0,1.4
401705102,MIA,3074752,29.0,6.9,5.1
401705102,MIA,3157465,16.0,4.1,2.9
401705102,MIA,4066261,30.0,13.8,11.6
401705102,MIA,4291678,37.0,19.1,13.9
401705102,MIA,4395725,32.0,25.0,24.5
401705102,MIA,4431786,2.0,0.3,0.0
401705102,MIA,4432168,2.0,0.7,0.7
401705102,MIA,4432848,26.0,7.9,4.9
401705102,MIA,4601025,10.0,1.9,-0.4
401705102,MIA,4997528,32.0,21.2,19.0
401705102,MIA,5105623,16.0,6.6,4.3
401705102,POR,4066268,16.0,-1.0,-1.1
401705102,POR,4278111,2.0,2.0,1.4
401705102,POR,4351851,33.0,16.8,16.7
401705102,POR,4397885,6.0,0.3,0.0
401705102,POR,4431736,39.0,7.8,6.4
401705102,POR,4432446,2.0,2.0,2.0
401705102,POR,4576086,2.0,-0.7,-0.7
401705102,POR,4594326,15.0,10.9,10.6
401705102,POR,4683021,37.0,14.0,8.4
401705102,POR,4683678,21.0,0.2,-0.9
401705102,POR,4914336,37.0,8.7,7.9
401705102,POR,5099752,2.0,-1.7,-1.7
401705102,POR,5105565,27.0,10.9,6.5
401705105,MIL,3448,23.0,4.0,3.0
401705105,MIL,6606,37.0,11.5,10.4
401705105,MIL,6609,25.0,14.8,14.0
401705105,MIL,2578239,16.0,8.3,7.8
401705105,MIL,2990962,23.0,4.3,2.7
401705105,MIL,3032977,31.0,14.5,13.2
401705105,MIL,3064447,7.0,-0.8,-2.1
401705105,MIL,3064482,19.0,5.5,5.4
401705105,MIL,4279532,6.0,-2.9,-3.1
401705105,MIL,4397347,6.0,-1.4,-1.0
401705105,MIL,4397475,25.0,3.0,4.0
401705105,MIL,4432179,11.0,4.3,3.0
401705105,MIL,4432190,11.0,8.7,9.2
401705105,NYK,3062679,35.0,12.8,10.7
401705105,NYK,3064230,14.0,14.6,14.8
401705105,NYK,3136195,36.0,30.4,26.7
401705105,NYK,3147657,37.0,8.1,6.8
401705105,NYK,3908336,3.0,7.7,7.4
401705105,NYK,3914044,6.0,-0.7,-0.7
401705105,NYK,3934672,29.0,37.9,35.7
401705105,NYK,3934719,31.0,3.4,3.6
401705105,NYK,4431679,15.0,5.8,4.1
401705105,NYK,4431823,20.0,2.9,3.3
401705105,NYK,4433225,3.0,1.7,1.4
401705105,NYK,4592461,5.0,0.9,0.0
401705105,NYK,4871141,5.0,1.3,-0.3
401705106,DAL,6475,35.0,19.2,15.7
401705106,DAL,2580782,39.0,14.1,13.4
401705106,DAL,2960236,20.0,3.2,4.4
401705106,DAL,4278049,15.0,3.9,3.8
401705106,DAL,4278078,37.0,6.3,3.5
401705106,DAL,4278594,31.0,14.8,10.8
401705106,DAL,4397014,19.0,-2.6,-3.4
401705106,DAL,4595400,3.0,-0.7,-0.7
401705106,DAL,4683688,27.0,15.8,15.5
401705106,DAL,4868423,16.0,2.8,2.6
401705106,DEN,3442,9.0,7.7,6.1
401705106,DEN,3468,34.0,18.2,14.6
401705106,DEN,3064290,18.0,13.8,11.6
401705106,DEN,3112335,39.0,22.2,16.6
401705106,DEN,3936299,32.0,5.8,6.8
401705106,DEN,4278104,25.0,7.8,8.7
401705106,DEN,4431767,24.0,3.9,4.4
401705106,DEN,4432181,26.0,-0.0,0.2
401705106,DEN,4576087,33.0,9.9,6.4
401705107,CHI,6478,33.0,11.9,10.7
401705107,CHI,3064440,38.0,29.6,26.2
401705107,CHI,4066421,26.0,13.0,12.8
401705107,CHI,4396991,17.0,5.4,5.2
401705107,CHI,4397189,15.0,6.0,5.6
401705107,CHI,4431687,34.0,7.4,4.3
401705107,CHI,4433159,15.0,3.0,2.4
401705107,CHI,4711294,13.0,4.6,5.1
401705107,CHI,4871145,37.0,12.3,10.2
401705107,CHI,5105553,13.0,3.4,3.4
401705107,SAC,3978,37.0,10.9,11.7
401705107,SAC,3136196,18.0,3.9,1.9
401705107,SAC,3155942,38.0,26.3,23.5
401705107,SAC,4066259,33.0,22.3,20.9
401705107,SAC,4066262,37.0,17.2,13.9
401705107,SAC,4066372,10.0,9.1,8.9
401705107,SAC,4433188,11.0,3.6,3.4
401705107,SAC,4594327,36.0,10.8,7.6
401705107,SAC,4702177,20.0,6.5,5.7
401705108,BOS,3213,23.0,11.2,9.1
401705108,BOS,3995,32.0,9.7,7.8
401705108,BOS,3064560,14.0,7.0,7.5
401705108,BOS,3078576,30.0,6.1,3.0
401705108,BOS,3102531,34.0,14.8,12.0
401705108,BOS,3917376,39.0,11.5,10.9
401705108,BOS,4065648,36.0,25.3,21.6
401705108,BOS,4065804,9.0,2.9,2.7
401705108,BOS,4066354,24.0,8.3,8.4
401705108,NOP,2451037,22.0,6.1,4.7
401705108,NOP,2490149,38.0,7.3,7.3
401705108,NOP,2596112,20.0,10.6,8.1
401705108,NOP,3907497,35.0,23.7,21.5
401705108,NOP,4277869,12.0,6.3,6.7
401705108,NOP,4395628,28.0,14.3,7.9
401705108,NOP,4397688,39.0,22.1,21.9
401705108,NOP,4432162,8.0,0.3,0.0
401705108,NOP,4683750,13.0,0.9,1.0
401705108,NOP,5061589,26.0,6.9,6.1
401705109,CLE,6474,3.0,3.4,3.4
401705109,CLE,2990969,20.0,2.9,2.0
401705109,CLE,2991043,22.0,1.4,0.3
401705109,CLE,3908809,31.0,10.5,9.0
401705109,CLE,3912848,21.0,3.9,1.3
401705109,CLE,4065778,23.0,-1.7,-2.1
401705109,CLE,4066328,25.0,12.9,10.8
401705109,CLE,4066757,12.0,3.6,3.4
401705109,CLE,4396907,29.0,11.6,12.5
401705109,CLE,4432158,31.0,16.0,12.1
401705109,CLE,4432822,18.0,0.8,0.9
401705109,CLE,4683747,3.0,0.0,0.0
401705109,CLE,4701233,3.0,1.7,1.7
401705109,IND,2530530,17.0,6.6,6.2
401705109,IND,3133628,29.0,12.5,12.0
401705109,IND,3149673,31.0,12.8,9.0
401705109,IND,3934723,19.0,12.1,10.5
401705109,IND,4278355,18.0,9.5,6.3
401705109,IND,4395712,28.0,15.3,13.5
401705109,IND,4396993,19.0,3.4,1.4
401705109,IND,4433076,22.0,5.1,4.1
401705109,IND,4683634,33.0,4.2,3.8
401705109,IND,5106060,22.0,13.0,8.5
401705109,IND,5157066,3.0,0.2,0.0
401705110,ORL,6446,16.0,2.2,0.6
401705110,ORL,4065654,27.0,20.3,17.5
401705110,ORL,4277847,25.0,1.2,-0.1
401705110,ORL,4348700,12.0,5.6,2.4
401705110,ORL,4409222,31.0,7.1,5.5
401705110,ORL,4432573,27.0,16.9,15.2
401705110,ORL,4432809,38.0,21.2,20.6
401705110,ORL,4433623,26.0,-0.4,-0.1
401705110,ORL,4702382,1.0,-0.4,-1.0
401705110,ORL,4712849,37.0,10.6,7.9
401705110,PHI,3431,28.0,12.1,11.1
401705110,PHI,4251,37.0,17.8,16.2
401705110,PHI,6443,11.0,3.7,2.7
401705110,PHI,3133603,35.0,9.4,7.7
401705110,PHI,4017844,39.0,4.8,4.1
401705110,PHI,4066786,5.0,-0.4,-0.7
401705110,PHI,4431678,39.0,18.2,15.6
401705110,PHI,4701234,6.0,0.3,-0.7
401705110,PHI,4711297,24.0,4.2,4.4
401705110,PHI,5105637,15.0,0.3,-1.0
401705111,OKC,3133626,22.0,4.0,3.0
401705111,OKC,4222252,22.0,13.7,12.3
401705111,OKC,4278073,30.0,19.8,17.2
401705111,OKC,4395702,20.0,0.6,0.6
401705111,OKC,4397020,24.0,8.9,7.1
401705111,OKC,4397183,30.0,23.5,21.6
401705111,OKC,4432823,24.0,14.4,10.6
401705111,OKC,4432971,8.0,4.4,3.4
401705111,OKC,4592435,8.0,4.2,3.7
401705111,OKC,4593803,21.0,9.3,7.9
401705111,OKC,4683692,30.0,16.9,15.0
401705111,WAS,6477,18.0,8.1,7.5
401705111,WAS,2581184,5.0,2.9,3.3
401705111,WAS,3134907,30.0,-2.1,-2.6
401705111,WAS,4277956,23.0,3.7,4.0
401705111,WAS,4280151,24.0,13.0,13.1
401705111,WAS,4395695,8.0,7.3,6.5
401705111,WAS,4432356,5.0,-2.1,-2.1
401705111,WAS,4432907,13.0,1.6,0.3
401705111,WAS,4433246,5.0,2.0,2.0
401705111,WAS,4845374,34.0,3.2,2.7
401705111,WAS,5104155,29.0,6.0,1.8
401705111,WAS,5160992,25.0,9.9,7.4
401705111,WAS,5174563,20.0,7.3,6.6
401705112,BKN,3907387,32.0,17.0,14.8
401705112,BKN,4278067,37.0,15.1,12.3
401705112,BKN,4397179,35.0,7.7,5.3
401705112,BKN,4431714,24.0,4.8,2.6
401705112,BKN,4432187,12.0,2.9,2.6
401705112,BKN,4432192,21.0,7.4,5.7
401705112,BKN,4432194,16.0,8.1,8.4
401705112,BKN,4433137,32.0,15.9,14.3
401705112,BKN,4597865,24.0,17.8,17.4
401705112,BKN,4712896,32.0,-5.2,-5.3
401705112,UTA,3133602,17.0,13.7,13.5
401705112,UTA,3914285,31.0,8.9,5.7
401705112,UTA,4066399,20.0,3.2,2.6
401705112,UTA,4277811,38.0,16.3,15.1
401705112,UTA,4397449,19.0,-0.9,-0.5
401705112,UTA,4432827,18.0,3.8,3.0
401705112,UTA,4683766,37.0,19.9,18.3
401705112,UTA,4684793,21.0,13.0,10.8
401705112,UTA,4895758,37.0,-0.2,-1.8
401705112,UTA,5105839,27.0,7.7,9.0
401705113,CHA,3102532,8.0,3.6,4.1
401705113,CHA,3138161,25.0,5.5,3.7
401705113,CHA,4066383,32.0,15.5,15.2
401705113,CHA,4278076,18.0,6.5,5.2
401705113,CHA,4432811,30.0,3.7,0.0
401705113,CHA,4432816,40.0,20.5,16.5
401705113,CHA,4433287,33.0,13.4,14.1
401705113,CHA,4683686,18.0,1.7,0.2
401705113,CHA,4701232,29.0,24.5,21.6
401705113,CHA,5211176,6.0,-1.5,-1.7
401705113,PHX,3202,40.0,18.5,17.1
401705113,PHX,6580,35.0,12.9,11.4
401705113,PHX,2488653,15.0,2.9,0.4
401705113,PHX,2583632,22.0,3.7,2.0
401705113,PHX,3135045,13.0,12.0,9.7
401705113,PHX,3135046,18.0,1.7,1.4
401705113,PHX,3136193,39.0,28.7,24.6
401705113,PHX,4601023,30.0,11.6,10.8
401705113,PHX,4888725,27.0,13.7,12.6
401705114,MIN,3195,20.0,8.1,6.7
401705114,MIN,3032976,33.0,16.4,13.3
401705114,MIN,3064514,33.0,14.0,12.3
401705114,MIN,3934673,29.0,3.4,2.5
401705114,MIN,4277951,1.0,-1.1,-0.7
401705114,MIN,4278039,23.0,7.0,5.8
401705114,MIN,4396971,24.0,13.6,10.0
401705114,MIN,4431671,30.0,5.1,3.0
401705114,MIN,4432247,1.0,0.0,0.0
401705114,MIN,4592965,1.0,-0.1,0.0
401705114,MIN,4594268,36.0,32.5,28.4
401705114,MIN,4687718,7.0,1.0,1.0
401705114,MIN,5044385,1.0,-0.7,-1.0
401705114,WAS,6477,19.0,13.6,11.0
401705114,WAS,2581184,1.0,-0.1,-0.1
401705114,WAS,3134907,35.0,15.5,12.2
401705114,WAS,4277956,33.0,11.1,7.7
401705114,WAS,4280151,18.0,0.9,0.3
401705114,WAS,4395695,7.0,4.0,4.0
401705114,WAS,4432356,1.0,0.0,0.0
401705114,WAS,4432907,10.0,-1.5,-1.0
401705114,WAS,4433246,1.0,0.3,0.0
401705114,WAS,4845374,34.0,6.0,4.6
401705114,WAS,5104155,35.0,11.4,11.2
401705114,WAS,5160992,28.0,13.6,10.7
401705114,WAS,5174563,18.0,10.3,8.8
401705115,DET,6440,36.0,11.7,7.3
401705115,DET,2528210,35.0,6.2,5.3
401705115,DET,3899664,15.0,0.0,1.0
401705115,DET,3907822,18.0,17.6,16.7
401705115,DET,4432107,16.0,5.5,4.5
401705115,DET,4432166,32.0,23.5,23.5
401705115,DET,4432810,28.0,6.7,5.8
401705115,DET,4433621,20.0,11.5,12.7
401705115,DET,4683771,15.0,4.3,4.1
401705115,DET,4684742,26.0,10.7,7.4
401705115,NYK,3062679,38.0,15.6,13.9
401705115,NYK,3064230,14.0,7.3,5.7
401705115,NYK,3136195,43.0,14.8,12.2
401705115,NYK,3147657,37.0,21.7,21.9
401705115,NYK,3914044,4.0,-0.4,-0.7
401705115,NYK,3934672,39.0,22.9,21.9
401705115,NYK,3934719,39.0,4.5,4.8
401705115,NYK,4431679,10.0,2.3,1.4
401705115,NYK,4431823,17.0,4.1,4.1
401705116,GSW,3975,35.0,21.3,19.3
401705116,GSW,2990984,33.0,5.1,0.2
401705116,GSW,2993874,18.0,13.7,12.5
401705116,GSW,3032979,24.0,8.3,7.1
401705116,GSW,3059319,35.0,12.7,11.9
401705116,GSW,3155535,18.0,10.9,9.2
401705116,GSW,4066317,22.0,7.0,3.9
401705116,GSW,4431684,30.0,1.7,0.6
401705116,GSW,4432171,14.0,-1.3,-3.6
401705116,GSW,4997536,12.0,0.9,1.4
401705116,TOR,2489663,11.0,2.3,1.4
401705116,TOR,3134908,35.0,12.1,10.2
401705116,TOR,3948153,22.0,19.5,18.3
401705116,TOR,4065670,14.0,-0.1,-3.0
401705116,TOR,4278053,27.0,0.5,2.1
401705116,TOR,4395625,26.0,7.7,7.7
401705116,TOR,4397018,25.0,11.1,9.1
401705116,TOR,4432241,18.0,5.9,7.1
401705116,TOR,4433134,40.0,18.5,13.7
401705116,TOR,5106258,23.0,7.2,7.0
401705117,HOU,2991230,36.0,11.3,10.2
401705117,HOU,2991235,13.0,4.5,3.5
401705117,HOU,3136777,8.0,1.4,0.4
401705117,HOU,3155526,39.0,6.8,3.9
401705117,HOU,3922230,9.0,2.3,2.0
401705117,HOU,4437244,40.0,35.9,34.4
401705117,HOU,4684740,41.0,19.5,11.7
401705117,HOU,4871144,32.0,9.5,6.3
401705117,HOU,5105592,21.0,12.7,11.8
401705117,MEM,3906665,24.0,3.7,3.7
401705117,MEM,3913174,10.0,3.1,3.1
401705117,MEM,4066320,34.0,20.8,18.6
401705117,MEM,4277961,30.0,13.3,11.0
401705117,MEM,4279888,37.0,15.3,11.2
401705117,MEM,4431785,11.0,3.2,3.4
401705117,MEM,4592691,21.0,12.6,10.2
401705117,MEM,4593125,18.0,6.2,4.0
401705117,MEM,4600663,24.0,-0.6,-1.7
401705117,MEM,5112087,30.0,11.2,10.0
401705118,LAL,1966,32.0,13.3,11.6
401705118,LAL,6583,32.0,30.1,26.8
401705118,LAL,2578185,20.0,3.1,0.9
401705118,LAL,3137259,17.0,3.3,2.4
401705118,LAL,4066457,33.0,6.8,6.8
401705118,LAL,4066648,30.0,8.2,5.7
401705118,LAL,4395627,15.0,0.1,-0.1
401705118,LAL,4397077,13.0,3.3,3.4
401705118,LAL,4432070,2.0,-0.7,-0.7
401705118,LAL,4432582,31.0,3.5,3.2
401705118,LAL,4897943,14.0,4.1,2.6
401705118,SAS,2779,29.0,19.0,16.0
401705118,SAS,6578,32.0,17.7,16.9
401705118,SAS,4066650,2.0,-0.4,-0.7
401705118,SAS,4278580,2.0,4.4,4.4
401705118,SAS,4395626,17.0,5.3,3.4
401705118,SAS,4395630,34.0,18.6,15.5
401705118,SAS,4395723,21.0,10.1,8.2
401705118,SAS,4397886,12.0,6.2,3.5
401705118,SAS,4565201,2.0,2.7,2.7
401705118,SAS,4592479,17.0,-2.2,-1.8
401705118,SAS,4683935,2.0,0.3,0.0
401705118,SAS,4845367,36.0,16.9,14.4
401705118,SAS,5104157,34.0,24.0,17.9
401705119,LAC,3416,24.0,2.8,0.0
401705119,LAC,3992,37.0,23.8,21.4
401705119,LAC,6450,21.0,5.5,2.3
401705119,LAC,2595516,36.0,26.6,22.6
401705119,LAC,2991139,26.0,-1.6,-1.0
401705119,LAC,3936099,16.0,5.2,4.6
401705119,LAC,4017837,32.0,23.8,17.6
401705119,LAC,4066387,25.0,3.1,1.9
401705119,LAC,4277919,8.0,4.8,3.4
401705119,LAC,4397140,16.0,1.3,1.0
401705119,MIA,3449,15.0,5.7,4.6
401705119,MIA,6429,10.0,-2.1,-2.1
401705119,MIA,3074752,23.0,8.3,6.8
401705119,MIA,3157465,25.0,-0.1,-0.0
401705119,MIA,4291678,36.0,9.4,4.6
401705119,MIA,4395725,37.0,28.0,24.7
401705119,MIA,4432848,33.0,4.6,3.8
401705119,MIA,4997528,28.0,1.4,-1.1
401705119,MIA,5105623,33.0,19.5,15.9
401705120,CLE,2990969,17.0,4.6,5.1
401705120,CLE,2991043,27.0,11.6,7.9
401705120,CLE,3908809,31.0,28.1,25.2
401705120,CLE,3912848,21.0,-1.3,-1.4
401705120,CLE,4065778,22.0,13.5,11.4
401705120,CLE,4066328,32.0,17.8,14.2
401705120,CLE,4066757,12.0,-0.4,-0.4
401705120,CLE,4396907,35.0,15.6,15.8
401705120,CLE,4432158,33.0,21.1,17.8
401705120,CLE,4432822,7.0,-0.9,-1.4
401705120,CLE,4683747,1.0,0.0,0.0
401705120,CLE,4701233,1.0,-1.0,-1.0
401705120,IND,3999,1.0,0.0,0.0
401705120,IND,2530530,21.0,10.8,10.6
401705120,IND,3133628,30.0,12.0,11.0
401705120,IND,3149673,34.0,20.7,19.0
401705120,IND,3934723,17.0,6.3,5.8
401705120,IND,4278355,20.0,8.3,6.4
401705120,IND,4395712,33.0,10.5,7.0
401705120,IND,4431941,1.0,2.3,1.3
401705120,IND,4433076,32.0,5.0,3.2
401705120,IND,4683634,31.0,13.9,12.5
401705120,IND,5106060,18.0,8.7,8.4
401705120,IND,5157066,1.0,0.0,0.0
401705121,OKC,2991350,18.0,3.5,1.3
401705121,OKC,3133626,10.0,-2.1,-2.4
401705121,OKC,4222252,31.0,12.3,7.5
401705121,OKC,4278073,33.0,30.6,28.9
401705121,OKC,4395702,21.0,5.6,5.7
401705121,OKC,4397020,27.0,2.5,3.0
401705121,OKC,4397183,16.0,7.1,6.5
401705121,OKC,4432823,13.0,2.1,2.4
401705121,OKC,4432971,2.0,0.3,0.0
401705121,OKC,4592435,3.0,2.3,2.7
401705121,OKC,4593803,34.0,21.0,17.6
401705121,OKC,4683692,34.0,18.1,17.7
401705121,PHI,3431,28.0,6.1,5.3
401705121,PHI,6443,17.0,0.3,-0.9
401705121,PHI,3133603,30.0,6.2,2.5
401705121,PHI,4017844,31.0,17.0,17.6
401705121,PHI,4066786,29.0,15.5,12.1
401705121,PHI,4397233,18.0,-0.5,-1.4
401705121,PHI,4701234,35.0,2.1,2.3
401705121,PHI,4711297,35.0,19.6,17.5
401705121,PHI,5105637,17.0,3.2,3.8
401705122,ATL,3037789,26.0,2.0,2.8
401705122,ATL,3102529,20.0,5.3,1.6
401705122,ATL,3913180,27.0,13.0,14.4
401705122,ATL,4277905,38.0,26.7,24.2
401705122,ATL,4431680,28.0,26.4,22.1
401705122,ATL,4578893,35.0,18.4,16.0
401705122,ATL,4593041,16.0,3.0,1.1
401705122,ATL,4869342,34.0,7.4,5.4
401705122,ATL,5211175,17.0,-3.1,-2.4
401705122,PHX,3202,39.0,28.8,23.3
401705122,PHX,6580,28.0,8.0,6.2
401705122,PHX,2488653,25.0,4.8,3.8
401705122,PHX,2583632,16.0,0.8,-0.7
401705122,PHX,3135045,27.0,8.8,7.8
401705122,PHX,3135046,26.0,9.4,9.5
401705122,PHX,3136193,38.0,26.3,24.3
401705122,PHX,4601023,19.0,3.0,0.5
401705122,PHX,4888725,22.0,8.0,7.9
401705123,CHI,6478,35.0,20.6,17.7
401705123,CHI,3064440,38.0,13.6,11.3
401705123,CHI,4066421,25.0,10.5,8.9
401705123,CHI,4395651,34.0,15.8,16.1
401705123,CHI,4396991,8.0,-0.7,-0.7
401705123,CHI,4397189,14.0,9.7,10.2
401705123,CHI,4431687,20.0,4.2,4.0
401705123,CHI,4433159,6.0,0.6,0.0
401705123,CHI,4711294,12.0,2.8,1.6
401705123,CHI,4871145,34.0,15.6,9.3
401705123,CHI,5105553,14.0,1.3,-0.7
401705123,NOP,2451037,25.0,3.6,1.6
401705123,NOP,2490149,29.0,5.4,5.0
401705123,NOP,2596112,29.0,10.9,5.4
401705123,NOP,3907497,34.0,13.2,10.4
401705123,NOP,4277869,16.0,12.0,10.8
401705123,NOP,4395628,24.0,19.9,19.8
401705123,NOP,4397688,37.0,29.5,24.4
401705123,NOP,4432162,9.0,4.3,4.3
401705123,NOP,4683750,20.0,3.6,2.6
401705123,NOP,5061589,17.0,4.9,3.8
401705124,MIL,3448,33.0,16.0,14.7
401705124,MIL,6606,35.0,21.0,19.6
401705124,MIL,2578239,18.0,8.1,7.9
401705124,MIL,2990962,23.0,9.4,9.5
401705124,MIL,3032977,37.0,31.7,28.5
401705124,MIL,3064482,21.0,7.1,5.4
401705124,MIL,4279532,3.0,-0.7,-0.7
401705124,MIL,4397347,3.0,-0.4,-0.7
401705124,MIL,4397475,30.0,10.8,11.0
401705124,MIL,4432179,3.0,0.9,0.6
401705124,MIL,4432190,14.0,1.5,2.4
401705124,MIL,4433622,3.0,0.7,0.7
401705124,MIL,4591725,19.0,4.8,3.3
401705124,SAC,3978,36.0,23.4,21.4
401705124,SAC,6581,3.0,0.0,0.0
401705124,SAC,2596107,9.0,3.3,1.4
401705124,SAC,3134916,3.0,3.3,3.4
401705124,SAC,3136196,12.0,3.7,3.7
401705124,SAC,3155942,36.0,17.8,16.0
401705124,SAC,4066259,38.0,12.0,7.7
401705124,SAC,4066372,18.0,2.2,2.3
401705124,SAC,4433188,14.0,0.1,-0.5
401705124,SAC,4433378,3.0,2.4,1.7
401705124,SAC,4594327,36.0,7.7,7.0
401705124,SAC,4702177,31.0,15.2,15.1
401705124,SAC,5107818,3.0,-0.7,-0.7
401705125,DAL,6442,30.0,5.9,0.7
401705125,DAL,6475,21.0,2.8,1.6
401705125,DAL,2531367,14.0,3.1,2.0
401705125,DAL,2580782,20.0,8.4,6.8
401705125,DAL,2960236,18.0,8.7,9.5
401705125,DAL,4278049,19.0,9.8,9.4
401705125,DAL,4278078,26.0,5.7,2.3
401705125,DAL,4278594,22.0,9.4,9.2
401705125,DAL,4397014,27.0,11.7,9.1
401705125,DAL,4397040,4.0,2.7,2.7
401705125,DAL,4595400,14.0,8.2,5.9
401705125,DAL,4683688,4.0,3.4,2.7
401705125,DAL,4868423,20.0,-1.3,-1.4
401705125,DEN,3442,16.0,8.7,7.1
401705125,DEN,3468,26.0,5.1,2.0
401705125,DEN,3064290,18.0,4.8,3.9
401705125,DEN,3112335,29.0,18.1,13.7
401705125,DEN,3936299,37.0,35.8,33.2
401705125,DEN,4278104,26.0,12.3,9.8
401705125,DEN,4395620,3.0,-0.2,0.7
401705125,DEN,4398390,4.0,1.3,1.7
401705125,DEN,4431690,3.0,2.0,1.7
401705125,DEN,4431767,29.0,5.9,3.7
401705125,DEN,4432181,18.0,1.7,2.4
401705125,DEN,4433268,3.0,-0.1,0.0
401705125,DEN,4576087,27.0,7.7,5.3
401705126,BKN,3136776,21.0,15.9,11.8
401705126,BKN,3138196,27.0,16.8,15.8
401705126,BKN,3907387,26.0,8.4,8.3
401705126,BKN,4397179,20.0,2.3,2.4
401705126,BKN,4431714,23.0,13.3,12.9
401705126,BKN,4432187,1.0,0.7,0.7
401705126,BKN,4432192,29.0,16.3,14.8
401705126,BKN,4432194,18.0,8.5,6.1
401705126,BKN,4432735,1.0,0.0,0.0
401705126,BKN,4433137,28.0,13.9,11.5
401705126,BKN,4597865,18.0,8.1,8.4
401705126,BKN,4712896,29.0,18.6,15.9
401705126,POR,4066268,1.0,-1.0,-1.0
401705126,POR,4278111,1.0,-0.4,0.0
401705126,POR,4278129,24.0,0.6,-1.4
401705126,POR,4351851,32.0,4.5,4.6
401705126,POR,4397885,19.0,7.6,7.0
401705126,POR,4431736,38.0,17.8,14.6
401705126,POR,4432446,5.0,-1.0,-1.0
401705126,POR,4594326,23.0,2.6,2.7
401705126,POR,4683678,39.0,33.0,32.0
401705126,POR,4914336,35.0,13.3,12.1
401705126,POR,5099752,1.0,-0.7,-0.7
401705126,POR,5105565,22.0,8.4,4.6
401705127,NYK,3062679,49.0,20.2,13.8
401705127,NYK,3064230,7.0,5.9,5.4
401705127,NYK,3147657,43.0,14.3,13.7
401705127,NYK,3934672,45.0,28.7,25.9
401705127,NYK,3934719,45.0,10.8,9.0
401705127,NYK,4277922,23.0,6.8,8.1
401705127,NYK,4431679,30.0,11.2,7.7
401705127,NYK,4431823,22.0,15.1,13.9
401705127,PHI,3431,21.0,13.1,12.8
401705127,PHI,4251,43.0,19.9,16.8
401705127,PHI,3133603,45.0,14.7,10.5
401705127,PHI,4017844,38.0,8.7,10.0
401705127,PHI,4066786,14.0,7.0,6.1
401705127,PHI,4431678,46.0,19.1,17.4
401705127,PHI,4701234,7.0,1.3,1.0
401705127,PHI,4711297,35.0,10.3,10.2
401705127,PHI,5105637,15.0,2.5,2.8
401705128,BOS,3213,21.0,9.4,6.0
401705128,BOS,3995,31.0,9.9,8.8
401705128,BOS,3064560,10.0,3.7,3.1
401705128,BOS,3078576,21.0,-1.6,-1.2
401705128,BOS,3102531,35.0,15.4,12.1
401705128,BOS,3917376,33.0,3.5,2.2
401705128,BOS,4065648,36.0,13.9,11.3
401705128,BOS,4065804,17.0,3.4,0.6
401705128,BOS,4066354,31.0,18.7,18.9
401705128,BOS,4277964,1.0,0.3,0.0
401705128,BOS,4397424,1.0,0.0,0.0
401705128,BOS,4432164,1.0,-0.8,-0.8
401705128,BOS,4683689,1.0,0.0,0.0
401705128,TOR,2489663,17.0,8.6,8.8
401705128,TOR,3134908,31.0,20.2,17.1
401705128,TOR,3948153,17.0,2.2,0.6
401705128,TOR,4065670,21.0,3.6,4.3
401705128,TOR,4278053,26.0,11.5,9.5
401705128,TOR,4395625,36.0,20.5,17.2
401705128,TOR,4397018,12.0,4.2,3.7
401705128,TOR,4431893,4.0,-0.1,-0.7
401705128,TOR,4432241,15.0,1.9,2.7
401705128,TOR,4433134,36.0,17.2,14.6
401705128,TOR,5106258,25.0,9.2,9.1
401705129,ATL,3037789,20.0,-4.3,-3.9
401705129,ATL,3102529,21.0,8.9,6.3
401705129,ATL,3913180,22.0,-0.6,-0.5
401705129,ATL,4279118,38.0,26.6,22.3
401705129,ATL,4279318,25.0,16.0,17.3
401705129,ATL,4431680,27.0,17.8,13.9
401705129,ATL,4578893,29.0,10.7,8.8
401705129,ATL,4593041,24.0,2.7,-1.8
401705129,ATL,4869342,34.0,15.8,11.6
401705129,CHI,6478,34.0,12.0,9.2
401705129,CHI,3064440,36.0,13.6,10.6
401705129,CHI,3133635,4.0,-2.8,-2.4
401705129,CHI,4395651,33.0,10.9,9.4
401705129,CHI,4396991,3.0,-1.7,-1.7
401705129,CHI,4397002,25.0,9.0,6.8
401705129,CHI,4397189,12.0,0.8,0.3
401705129,CHI,4431687,25.0,6.6,6.0
401705129,CHI,4433159,6.0,-3.5,-2.7
401705129,CHI,4592402,1.0,0.3,0.0
401705129,CHI,4711294,17.0,6.5,4.0
401705129,CHI,4871145,30.0,4.9,1.7
401705129,CHI,5105553,14.0,9.1,8.5
401705130,MIL,3448,31.0,13.5,10.5
401705130,MIL,6606,30.0,26.8,21.7
401705130,MIL,6609,21.0,16.0,13.8
401705130,MIL,2578239,11.0,1.2,1.3
401705130,MIL,2990962,20.0,4.2,4.7
401705130,MIL,3032977,30.0,19.4,15.1
401705130,MIL,3064447,7.0,0.7,-1.0
401705130,MIL,3064482,23.0,11.7,10.1
401705130,MIL,4279532,2.0,0.7,0.0
401705130,MIL,4397347,6.0,1.5,1.3
401705130,MIL,4397475,17.0,0.6,0.2
401705130,MIL,4432179,5.0,4.6,4.3
401705130,MIL,4432190,15.0,0.2,-1.3
401705130,MIL,4433622,6.0,-0.5,-1.0
401705130,MIL,4591725,15.0,5.7,3.8
401705130,ORL,6446,11.0,-0.5,-0.7
401705130,ORL,2581018,23.0,4.2,2.6
401705130,ORL,4065654,15.0,7.5,5.3
401705130,ORL,4277847,33.0,9.7,7.2
401705130,ORL,4409222,28.0,12.2,8.4
401705130,ORL,4432573,26.0,6.6,5.2
401705130,ORL,4432809,27.0,7.4,8.9
401705130,ORL,4433623,24.0,5.2,5.3
401705130,ORL,4702382,22.0,0.5,-0.0
401705130,ORL,4712849,30.0,5.6,5.2
401705131,GSW,3975,37.0,26.2,25.6
401705131,GSW,2990984,29.0,14.6,10.7
401705131,GSW,3032979,25.0,6.3,6.4
401705131,GSW,3059319,35.0,16.3,14.2
401705131,GSW,3134903,19.0,6.0,5.4
401705131,GSW,3155535,22.0,8.8,7.3
401705131,GSW,4431684,27.0,8.0,5.6
401705131,GSW,4432171,25.0,8.3,9.1
401705131,GSW,4997536,21.0,5.3,5.1
401705131,MIN,3195,19.0,0.9,0.6
401705131,MIN,3032976,29.0,9.7,6.7
401705131,MIN,3064514,27.0,9.5,9.1
401705131,MIN,3934673,39.0,27.0,26.6
401705131,MIN,4278039,20.0,1.8,2.3
401705131,MIN,4396971,29.0,11.9,10.0
401705131,MIN,4431671,36.0,15.3,14.6
401705131,MIN,4594268,41.0,17.6,14.2
401705132,DAL,6475,26.0,3.9,4.0
401705132,DAL,2531367,4.0,0.7,0.7
401705132,DAL,2580782,38.0,16.4,13.0
401705132,DAL,2960236,14.0,0.2,-0.3
401705132,DAL,4278049,30.0,28.5,24.8
401705132,DAL,4278078,38.0,9.3,6.2
401705132,DAL,4278594,30.0,9.7,8.3
401705132,DAL,4397014,19.0,10.9,9.7
401705132,DAL,4397040,5.0,-3.1,-3.1
401705132,DAL,4595400,10.0,0.0,-0.1
401705132,DAL,4868423,25.0,15.8,13.7
401705132,NOP,2451037,19.0,2.1,0.7
401705132,NOP,2490149,34.0,4.6,2.2
401705132,NOP,2596112,27.0,11.3,10.1
401705132,NOP,3907497,33.0,24.4,20.7
401705132,NOP,4277869,15.0,2.9,2.4
401705132,NOP,4397688,38.0,22.7,19.2
401705132,NOP,4432162,15.0,6.2,5.7
401705132,NOP,4432813,9.0,5.5,4.8
401705132,NOP,4683750,21.0,11.6,8.8
401705132,NOP,5061589,29.0,11.5,9.4
401705133,MEM,3906665,11.0,6.6,3.7
401705133,MEM,3913174,30.0,14.5,12.5
401705133,MEM,4065731,11.0,9.0,8.4
401705133,MEM,4066320,33.0,20.1,17.9
401705133,MEM,4277961,31.0,6.8,5.8
401705133,MEM,4279888,31.0,23.9,21.9
401705133,MEM,4431785,19.0,5.8,4.3
401705133,MEM,4592691,10.0,2.5,2.7
401705133,MEM,4593125,27.0,17.9,16.2
401705133,MEM,4600663,17.0,3.9,2.4
401705133,MEM,5112087,21.0,-0.4,0.5
401705133,SAS,2779,35.0,4.0,4.5
401705133,SAS,6578,30.0,7.8,7.0
401705133,SAS,4395626,13.0,7.0,6.7
401705133,SAS,4395630,34.0,16.7,14.3
401705133,SAS,4395723,26.0,11.9,10.7
401705133,SAS,4397886,11.0,7.2,4.7
401705133,SAS,4592479,22.0,7.9,6.4
401705133,SAS,4845367,33.0,17.2,18.4
401705133,SAS,5104157,37.0,12.1,2.1
401705134,DEN,3442,23.0,4.1,-0.3
401705134,DEN,3468,25.0,8.2,8.1
401705134,DEN,3032978,19.0,10.3,9.8
401705134,DEN,3936299,30.0,14.3,13.9
401705134,DEN,4278104,24.0,4.0,3.5
401705134,DEN,4395620,8.0,2.5,2.6
401705134,DEN,4398390,18.0,5.1,3.8
401705134,DEN,4431690,6.0,2.0,1.7
401705134,DEN,4431767,35.0,19.2,19.4
401705134,DEN,4432181,25.0,3.5,4.0
401705134,DEN,4433268,6.0,2.2,1.3
401705134,DEN,4576087,23.0,7.6,4.6
401705134,HOU,3209,21.0,4.7,5.0
401705134,HOU,2991230,35.0,17.0,14.9
401705134,HOU,2991235,7.0,3.8,2.8
401705134,HOU,3136777,18.0,5.6,6.5
401705134,HOU,3155526,26.0,4.2,2.3
401705134,HOU,3922230,8.0,1.3,0.7
401705134,HOU,4397821,6.0,9.1,8.5
401705134,HOU,4437244,30.0,29.9,30.0
401705134,HOU,4684740,35.0,11.9,5.5
401705134,HOU,4711272,6.0,-2.1,-2.4
401705134,HOU,4871144,26.0,19.0,15.6
401705134,HOU,5105592,24.0,15.6,12.2
401705135,CHA,3986,7.0,-0.5,0.0
401705135,CHA,3102532,10.0,2.3,1.8
401705135,CHA,3138161,23.0,4.6,4.0
401705135,CHA,4066383,39.0,23.5,20.6
401705135,CHA,4432811,22.0,3.6,3.4
401705135,CHA,4432816,39.0,19.3,17.0
401705135,CHA,4433287,33.0,11.7,7.9
401705135,CHA,4683686,16.0,-1.8,-1.7
401705135,CHA,4701232,36.0,34.8,30.4
401705135,CHA,5211176,14.0,-1.8,-1.7
401705135,UTA,4004,13.0,9.8,9.8
401705135,UTA,3914285,20.0,12.9,9.8
401705135,UTA,4066399,21.0,0.1,-0.4
401705135,UTA,4397449,22.0,5.9,4.0
401705135,UTA,4433136,27.0,10.8,8.7
401705135,UTA,4433627,31.0,19.0,17.3
401705135,UTA,4683766,27.0,8.7,9.0
401705135,UTA,4684793,23.0,6.9,7.8
401705135,UTA,4895758,30.0,1.0,0.5
401705135,UTA,5105839,27.0,12.2,12.1
401705136,LAL,1966,38.0,22.9,19.7
401705136,LAL,6583,37.0,20.2,14.1
401705136,LAL,3137259,26.0,13.7,12.9
401705136,LAL,3915195,6.0,-1.8,-1.4
401705136,LAL,4066457,35.0,20.8,18.5
401705136,LAL,4066648,33.0,17.8,15.8
401705136,LAL,4397077,14.0,4.0,3.4
401705136,LAL,4432582,37.0,13.2,9.6
401705136,LAL,4897943,14.0,0.1,-0.1
401705136,MIA,6429,21.0,5.7,5.1
401705136,MIA,3074752,24.0,2.9,2.7
401705136,MIA,3157465,22.0,2.1,1.6
401705136,MIA,4066261,31.0,7.4,6.4
401705136,MIA,4291678,29.0,9.0,7.4
401705136,MIA,4395725,38.0,23.1,21.3
401705136,MIA,4432848,25.0,10.5,8.4
401705136,MIA,4997528,32.0,13.0,13.0
401705136,MIA,5105623,18.0,11.2,6.8
401705137,BKN,4278067,17.0,3.1,-0.5
401705137,BKN,4397179,37.0,-1.0,-1.1
401705137,BKN,4431714,34.0,10.0,10.7
401705137,BKN,4432187,21.0,6.9,3.7
401705137,BKN,4432192,22.0,-2.7,-2.3
401705137,BKN,4432194,28.0,9.7,6.6
401705137,BKN,4432735,9.0,0.6,0.6
401705137,BKN,4433137,21.0,1.0,-1.4
401705137,BKN,4597865,29.0,1.1,0.7
401705137,BKN,4712896,22.0,-1.6,-1.1
401705137,LAC,3416,17.0,0.5,-0.7
401705137,LAC,3992,23.0,26.5,23.1
401705137,LAC,6450,24.0,19.1,17.5
401705137,LAC,2595516,22.0,13.9,11.8
401705137,LAC,2991139,13.0,-2.1,-2.4
401705137,LAC,3907823,8.0,4.6,4.4
401705137,LAC,3936099,19.0,9.6,7.7
401705137,LAC,4017837,22.0,14.0,11.3
401705137,LAC,4066387,31.0,10.1,8.0
401705137,LAC,4277919,18.0,4.9,4.7
401705137,LAC,4396818,14.0,0.5,-0.8
401705137,LAC,4431699,14.0,4.6,3.4
401705137,LAC,4592492,14.0,9.6,7.5
401705138,DET,6440,36.0,5.8,2.7
401705138,DET,2528210,30.0,16.0,14.8
401705138,DET,3899664,18.0,3.0,2.0
401705138,DET,3907822,26.0,-5.4,-6.0
401705138,DET,4432107,14.0,5.5,6.1
401705138,DET,4432166,39.0,8.9,7.4
401705138,DET,4432810,21.0,7.4,4.2
401705138,DET,4433621,27.0,21.7,17.8
401705138,DET,4683771,8.0,-1.4,0.6
401705138,DET,4684742,22.0,6.4,6.1
401705138,IND,2530530,14.0,4.2,1.0
401705138,IND,3133628,37.0,22.8,20.1
401705138,IND,3149673,39.0,25.4,20.5
401705138,IND,3934723,11.0,-0.5,-2.4
401705138,IND,4278355,17.0,4.7,3.2
401705138,IND,4395712,41.0,9.7,6.3
401705138,IND,4396909,9.0,7.3,7.4
401705138,IND,4396993,34.0,17.0,14.9
401705138,IND,4433076,16.0,2.0,1.0
401705138,IND,5106060,22.0,5.7,3.4
401705139,PHX,3202,33.0,18.1,15.0
401705139,PHX,2488653,17.0,8.8,9.0
401705139,PHX,2583632,22.0,7.4,6.4
401705139,PHX,3059310,15.0,5.9,5.6
401705139,PHX,3135045,28.0,17.9,13.8
401705139,PHX,3135046,31.0,14.4,11.6
401705139,PHX,3136193,39.0,26.1,23.6
401705139,PHX,4397102,4.0,2.6,3.0
401705139,PHX,4601023,21.0,-2.8,-1.7
401705139,PHX,4888725,30.0,16.5,13.9
401705139,WAS,6477,15.0,12.6,10.1
401705139,WAS,3134907,27.0,6.6,4.4
401705139,WAS,4277956,26.0,11.8,10.6
401705139,WAS,4280151,28.0,10.7,9.5
401705139,WAS,4395695,12.0,6.8,5.4
401705139,WAS,4432907,10.0,8.9,7.8
401705139,WAS,4845374,26.0,6.9,4.0
401705139,WAS,5104155,36.0,7.8,7.0
401705139,WAS,5160992,28.0,13.4,9.3
401705139,WAS,5174563,31.0,19.8,20.3
401705140,CLE,6474,12.0,7.3,4.8
401705140,CLE,2990969,14.0,1.2,0.6
401705140,CLE,2991043,20.0,6.6,5.0
401705140,CLE,3908809,21.0,1.3,-0.3
401705140,CLE,3912848,25.0,4.6,3.4
401705140,CLE,4065733,16.0,12.4,12.6
401705140,CLE,4065778,20.0,-1.2,-1.7
401705140,CLE,4066328,16.0,12.1,11.3
401705140,CLE,4066757,12.0,9.7,8.1
401705140,CLE,4396907,24.0,19.6,19.4
401705140,CLE,4432158,18.0,1.6,0.3
401705140,CLE,4432822,23.0,-0.5,0.2
401705140,CLE,4683747,12.0,3.9,2.7
401705140,CLE,4701233,7.0,9.2,8.9
401705140,OKC,2991350,14.0,13.4,10.5
401705140,OKC,3133626,12.0,3.0,1.7
401705140,OKC,4278073,29.0,34.7,32.2
401705140,OKC,4395702,21.0,9.8,7.7
401705140,OKC,4397020,20.0,18.6,17.9
401705140,OKC,4397183,33.0,2.2,1.7
401705140,OKC,4397654,7.0,-5.6,-6.3
401705140,OKC,4432823,14.0,3.0,3.7
401705140,OKC,4432971,7.0,-0.4,0.0
401705140,OKC,4592435,17.0,8.5,7.7
401705140,OKC,4593803,30.0,21.7,16.6
401705140,OKC,4683692,27.0,4.4,3.4
401705140,OKC,4997526,9.0,1.9,1.6
401705141,LAC,3416,14.0,3.9,2.7
401705141,LAC,3992,29.0,13.8,12.5
401705141,LAC,2595516,26.0,18.8,18.0
401705141,LAC,2991139,19.0,9.7,6.5
401705141,LAC,3907823,22.0,11.2,10.1
401705141,LAC,3936099,22.0,9.6,8.7
401705141,LAC,4017837,28.0,11.1,6.8
401705141,LAC,4066387,23.0,8.2,8.1
401705141,LAC,4277919,17.0,4.9,2.7
401705141,LAC,4396818,8.0,-0.7,-0.7
401705141,LAC,4397140,14.0,6.7,5.8
401705141,LAC,4431699,3.0,0.0,0.0
401705141,LAC,4431752,7.0,3.3,2.4
401705141,LAC,4592492,8.0,3.6,1.3
401705141,POR,4066211,18.0,3.8,3.1
401705141,POR,4066268,3.0,3.0,3.0
401705141,POR,4278111,4.0,0.0,0.0
401705141,POR,4278129,24.0,10.3,9.5
401705141,POR,4351851,30.0,-4.3,-4.8
401705141,POR,4397885,25.0,14.7,13.2
401705141,POR,4431736,26.0,-2.3,-4.1
401705141,POR,4432446,20.0,5.9,1.7
401705141,POR,4594326,29.0,4.7,4.4
401705141,POR,4683678,32.0,9.4,9.8
401705141,POR,4914336,23.0,7.9,7.5
401705141,POR,5099752,7.0,5.8,5.8
401705142,HOU,3209,23.0,9.3,9.5
401705142,HOU,2991235,14.0,8.7,6.1
401705142,HOU,3155526,33.0,4.9,4.7
401705142,HOU,3922230,14.0,4.3,3.4
401705142,HOU,4433192,24.0,12.0,11.3
401705142,HOU,4437244,34.0,17.4,16.4
401705142,HOU,4684740,41.0,22.6,18.1
401705142,HOU,4871144,34.0,22.3,16.0
401705142,HOU,5105592,23.0,5.6,4.4
401705142,SAC,3978,38.0,24.0,23.2
401705142,SAC,3136196,19.0,2.1,0.6
401705142,SAC,3155942,38.0,20.1,19.1
401705142,SAC,4066259,40.0,17.0,12.8
401705142,SAC,4066262,37.0,22.1,21.3
401705142,SAC,4066372,9.0,4.0,3.7
401705142,SAC,4433188,8.0,0.3,-0.7
401705142,SAC,4594327,39.0,17.9,16.3
401705142,SAC,4702177,11.0,4.2,4.7
401705143,BOS,3213,23.0,6.7,6.8
401705143,BOS,3995,29.0,10.6,8.8
401705143,BOS,3064560,7.0,2.5,2.7
401705143,BOS,3078576,31.0,8.0,6.7
401705143,BOS,3102531,23.0,19.8,20.2
401705143,BOS,3917376,33.0,18.8,15.5
401705143,BOS,4065648,35.0,25.2,21.5
401705143,BOS,4065804,17.0,6.3,6.4
401705143,BOS,4066354,21.0,1.0,2.2
401705143,BOS,4397424,11.0,5.1,5.4
401705143,BOS,4432164,2.0,0.3,0.7
401705143,BOS,4593841,4.0,0.2,-0.7
401705143,BOS,4683689,4.0,-0.4,0.0
401705143,ORL,6446,5.0,-0.4,0.0
401705143,ORL,2581018,26.0,4.0,2.7
401705143,ORL,4065654,20.0,2.7,0.8
401705143,ORL,4277847,32.0,12.5,11.2
401705143,ORL,4409222,22.0,5.1,5.4
401705143,ORL,4432573,29.0,11.0,10.2
401705143,ORL,4432809,31.0,17.6,16.2
401705143,ORL,4433623,14.0,-2.5,-2.1
401705143,ORL,4702382,31.0,2.8,4.4
401705143,ORL,4712849,29.0,9.3,8.3
401705144,MIN,3195,25.0,9.7,9.1
401705144,MIN,3032976,34.0,10.9,8.8
401705144,MIN,3064514,35.0,6.5,6.2
401705144,MIN,4277951,1.0,0.0,0.0
401705144,MIN,4278039,27.0,2.3,2.5
401705144,MIN,4396971,25.0,20.4,19.2
401705144,MIN,4431671,34.0,9.3,7.4
401705144,MIN,4432247,1.0,0.0,0.0
401705144,MIN,4594268,38.0,29.7,26.4
401705144,MIN,4684275,13.0,6.8,6.5
401705144,MIN,4687718,7.0,-0.4,-1.4
401705144,NYK,3062679,38.0,6.3,2.8
401705144,NYK,3064230,13.0,15.1,13.5
401705144,NYK,3147657,39.0,10.0,10.1
401705144,NYK,3934672,36.0,17.5,16.0
401705144,NYK,3934719,38.0,19.6,16.5
401705144,NYK,4277922,19.0,1.5,0.4
401705144,NYK,4431679,36.0,8.5,5.1
401705144,NYK,4431823,19.0,0.6,-0.4
401705144,NYK,4433225,1.0,0.3,0.0
401705144,NYK,4871141,1.0,0.0,0.0
401705144,NYK,5211983,1.0,0.0,0.0
401705145,DEN,3442,15.0,7.2,7.2
401705145,DEN,3468,26.0,12.2,12.6
401705145,DEN,3064290,22.0,14.5,13.5
401705145,DEN,3112335,31.0,29.2,25.6
401705145,DEN,3936299,37.0,30.2,25.0
401705145,DEN,4278104,29.0,9.6,7.6
401705145,DEN,4395620,2.0,2.7,2.7
401705145,DEN,4398390,2.0,-0.7,-0.7
401705145,DEN,4431690,2.0,0.0,0.0
401705145,DEN,4431767,27.0,7.6,7.4
401705145,DEN,4432181,26.0,9.5,10.0
401705145,DEN,4576087,18.0,2.5,1.6
401705145,DEN,4701225,2.0,-0.4,-0.3
401705145,MIA,6430,33.0,12.4,12.1
401705145,MIA,3074752,24.0,14.5,13.2
401705145,MIA,3157465,26.0,9.7,10.6
401705145,MIA,4066261,33.0,13.8,12.2
401705145,MIA,4291678,13.0,-0.9,0.3
401705145,MIA,4395725,34.0,16.0,14.9
401705145,MIA,4431786,2.0,-0.4,0.0
401705145,MIA,4432848,24.0,8.9,7.4
401705145,MIA,4601025,2.0,-0.7,-0.7
401705145,MIA,4997528,31.0,9.2,8.8
401705145,MIA,5105623,16.0,8.5,5.7
401705146,MIL,3448,34.0,9.9,8.2
401705146,MIL,6606,36.0,26.6,24.2
401705146,MIL,6609,24.0,16.1,14.6
401705146,MIL,2990962,23.0,5.5,6.4
401705146,MIL,3032977,35.0,25.1,21.9
401705146,MIL,3064482,23.0,8.1,7.0
401705146,MIL,4277843,25.0,8.8,6.7
401705146,MIL,4279532,1.0,0.0,0.0
401705146,MIL,4397347,1.0,0.0,0.0
401705146,MIL,4397475,19.0,4.7,3.7
401705146,MIL,4433622,2.0,0.3,0.0
401705146,MIL,4591725,16.0,5.2,6.4
401705146,TOR,4023,3.0,2.3,2.7
401705146,TOR,2489663,19.0,12.7,12.0
401705146,TOR,3134908,22.0,10.4,8.9
401705146,TOR,3948153,15.0,6.6,5.8
401705146,TOR,4065670,20.0,12.1,11.7
401705146,TOR,4278053,30.0,7.0,7.5
401705146,TOR,4395625,29.0,17.8,17.5
401705146,TOR,4431893,3.0,-1.1,-1.4
401705146,TOR,4432241,18.0,0.3,0.7
401705146,TOR,4433134,35.0,8.6,5.1
401705146,TOR,5106258,29.0,9.6,8.7
401705146,TOR,5107897,16.0,2.2,2.7
401705147,NOP,2451037,28.0,18.6,18.3
401705147,NOP,2490149,30.0,20.1,19.1
401705147,NOP,2596112,24.0,4.3,2.4
401705147,NOP,3907497,25.0,7.2,4.7
401705147,NOP,4277869,23.0,16.2,14.4
401705147,NOP,4278572,2.0,-0.1,-0.7
401705147,NOP,4395628,23.0,22.6,20.3
401705147,NOP,4397688,36.0,16.6,15.4
401705147,NOP,4432813,21.0,13.8,11.0
401705147,NOP,4683750,24.0,3.3,2.7
401705147,NOP,4997538,4.0,-1.2,-1.7
401705147,UTA,4004,9.0,4.7,4.4
401705147,UTA,3133602,28.0,7.2,6.6
401705147,UTA,3914285,25.0,18.6,13.5
401705147,UTA,4277811,32.0,21.0,19.9
401705147,UTA,4397449,18.0,2.5,0.6
401705147,UTA,4432827,12.0,7.5,6.4
401705147,UTA,4433627,27.0,20.6,18.7
401705147,UTA,4683766,35.0,10.9,8.5
401705147,UTA,4684793,11.0,5.0,4.5
401705147,UTA,4895758,18.0,-0.9,-0.3
401705147,UTA,5105839,24.0,5.9,5.7
401705148,MEM,3134932,2.0,0.0,0.0
401705148,MEM,3906665,19.0,12.8,11.9
401705148,MEM,3913174,26.0,15.4,14.9
401705148,MEM,4065731,10.0,4.3,4.4
401705148,MEM,4066320,33.0,24.9,21.6
401705148,MEM,4277961,26.0,10.0,10.0
401705148,MEM,4431785,16.0,6.2,7.5
401705148,MEM,4592691,33.0,9.0,4.3
401705148,MEM,4593125,30.0,24.0,21.5
401705148,MEM,4600663,7.0,5.3,4.1
401705148,MEM,5112087,35.0,18.6,19.6
401705148,MEM,5159895,2.0,0.0,0.0
401705148,SAS,2779,29.0,5.8,6.4
401705148,SAS,6578,30.0,14.0,13.5
401705148,SAS,4066650,4.0,2.7,2.7
401705148,SAS,4278580,4.0,2.7,3.1
401705148,SAS,4395626,15.0,-0.8,-1.0
401705148,SAS,4395630,32.0,14.6,14.8
401705148,SAS,4395723,23.0,4.2,3.7
401705148,SAS,4397886,17.0,14.1,11.6
401705148,SAS,4565201,4.0,-1.4,-1.4
401705148,SAS,4592479,23.0,2.2,1.3
401705148,SAS,4683935,4.0,0.7,0.7
401705148,SAS,4845367,25.0,15.1,14.1
401705148,SAS,5104157,31.0,16.6,8.4
401705149,DAL,6442,39.0,17.9,16.5
401705149,DAL,6475,24.0,9.2,4.7
401705149,DAL,2531367,5.0,0.9,1.7
401705149,DAL,2580782,30.0,13.8,11.3
401705149,DAL,2960236,20.0,8.1,7.1
401705149,DAL,4278049,20.0,4.1,2.2
401705149,DAL,4278078,36.0,13.7,11.9
401705149,DAL,4278594,34.0,14.8,8.8
401705149,DAL,4397014,22.0,4.6,3.7
401705149,DAL,4595400,9.0,5.0,4.4
401705149,DAL,4868423,1.0,-1.7,-1.7
401705149,OKC,2991350,20.0,3.2,3.3
401705149,OKC,3133626,20.0,-0.4,-1.1
401705149,OKC,4395702,23.0,3.7,3.3
401705149,OKC,4397020,36.0,17.0,15.9
401705149,OKC,4397183,23.0,8.0,8.2
401705149,OKC,4432823,31.0,12.5,10.8
401705149,OKC,4592435,7.0,3.0,1.7
401705149,OKC,4593803,37.0,3.7,3.0
401705149,OKC,4683692,37.0,10.2,5.8
401705149,OKC,4997526,6.0,7.4,7.4
401705150,CHA,2326307,18.0,11.5,11.2
401705150,CHA,3102532,19.0,8.6,8.4
401705150,CHA,3138161,21.0,3.9,4.7
401705150,CHA,4066383,32.0,14.6,13.5
401705150,CHA,4432811,30.0,11.1,8.5
401705150,CHA,4432816,32.0,19.5,18.0
401705150,CHA,4433249,15.0,2.9,1.0
401705150,CHA,4683686,26.0,8.2,5.7
401705150,CHA,4701232,33.0,21.3,17.3
401705150,CHA,5211176,14.0,3.6,2.4
401705150,CHI,6478,34.0,35.9,32.8
401705150,CHI,3064440,35.0,16.7,13.6
401705150,CHI,4066421,25.0,8.2,5.4
401705150,CHI,4395651,33.0,19.4,17.7
401705150,CHI,4397002,28.0,9.1,8.5
401705150,CHI,4397189,14.0,3.6,2.7
401705150,CHI,4431687,17.0,2.3,0.9
401705150,CHI,4433159,6.0,5.3,4.7
401705150,CHI,4711294,4.0,1.7,1.0
401705150,CHI,4871145,26.0,3.3,3.2
401705150,CHI,5105553,18.0,2.8,4.0
401705151,BKN,3136776,27.0,17.3,15.9
401705151,BKN,3907387,27.0,7.9,6.3
401705151,BKN,4278067,30.0,10.6,6.1
401705151,BKN,4397179,14.0,0.0,0.0
401705151,BKN,4431714,27.0,9.7,9.5
401705151,BKN,4432192,19.0,7.5,6.3
401705151,BKN,4432194,14.0,0.1,-1.1
401705151,BKN,4433137,25.0,10.5,9.7
401705151,BKN,4597865,27.0,13.0,11.9
401705151,BKN,4712896,31.0,5.1,3.6
401705151,LAL,1966,35.0,26.2,22.8
401705151,LAL,3137259,29.0,9.6,6.7
401705151,LAL,3915195,7.0,0.7,0.7
401705151,LAL,4066457,37.0,32.0,29.2
401705151,LAL,4066648,32.0,10.4,8.5
401705151,LAL,4395623,15.0,-0.0,-1.0
401705151,LAL,4397077,33.0,4.3,2.7
401705151,LAL,4432582,33.0,0.3,-0.6
401705151,LAL,4897943,18.0,0.2,0.2
401705152,DET,6440,37.0,17.3,16.2
401705152,DET,2528210,31.0,5.9,6.1
401705152,DET,3899664,13.0,2.5,2.6
401705152,DET,3907822,25.0,11.6,10.1
401705152,DET,4278562,8.0,7.7,6.8
401705152,DET,4432107,17.0,8.4,8.4
401705152,DET,4432166,35.0,10.6,9.3
401705152,DET,4432810,16.0,-0.1,-0.4
401705152,DET,4433621,25.0,14.9,15.6
401705152,DET,4683771,16.0,7.5,6.3
401705152,DET,4684742,19.0,3.3,3.9
401705152,PHX,3202,38.0,27.6,22.2
401705152,PHX,2488653,13.0,4.7,5.5
401705152,PHX,2583632,16.0,2.7,2.4
401705152,PHX,3059310,7.0,-0.7,-0.7
401705152,PHX,3135045,29.0,4.4,5.4
401705152,PHX,3135046,31.0,10.9,8.7
401705152,PHX,3136193,42.0,25.4,23.7
401705152,PHX,4278076,29.0,23.2,20.9
401705152,PHX,4601023,5.0,-0.2,-0.1
401705152,PHX,4888725,29.0,8.0,8.4
401705153,ATL,3037789,23.0,7.5,6.4
401705153,ATL,3102529,21.0,2.2,1.3
401705153,ATL,3913180,14.0,2.5,0.6
401705153,ATL,4065732,32.0,12.7,11.4
401705153,ATL,4277905,39.0,22.8,18.6
401705153,ATL,4431680,32.0,20.9,16.5
401705153,ATL,4578893,26.0,5.3,3.0
401705153,ATL,4701230,38.0,11.2,6.2
401705153,ATL,4869342,40.0,16.8,16.1
401705153,BOS,3995,30.0,4.0,2.0
401705153,BOS,3064560,31.0,22.6,17.7
401705153,BOS,3078576,43.0,12.5,10.9
401705153,BOS,3917376,43.0,16.8,14.1
401705153,BOS,4065648,43.0,17.2,12.6
401705153,BOS,4065804,20.0,-1.2,-3.8
401705153,BOS,4066354,33.0,16.5,15.8
401705153,BOS,4397424,22.0,3.4,1.7
401705154,IND,2530530,16.0,11.9,8.9
401705154,IND,3133628,28.0,12.5,11.1
401705154,IND,3149673,35.0,21.1,19.3
401705154,IND,3934723,20.0,10.8,9.9
401705154,IND,4278355,12.0,2.5,2.7
401705154,IND,4395712,28.0,2.6,4.3
401705154,IND,4396909,11.0,10.7,10.1
401705154,IND,4396993,32.0,5.3,4.9
401705154,IND,4431941,1.0,-0.4,0.0
401705154,IND,4433076,21.0,11.0,10.8
401705154,IND,4683634,25.0,4.8,2.1
401705154,IND,5106060,9.0,1.9,1.4
401705154,IND,5157066,1.0,0.0,0.0
401705154,PHI,3431,30.0,4.2,2.3
401705154,PHI,6585,27.0,1.7,1.3
401705154,PHI,3133603,39.0,13.6,11.7
401705154,PHI,4066786,22.0,7.1,5.8
401705154,PHI,4397233,7.0,2.9,3.3
401705154,PHI,4431678,39.0,17.1,18.0
401705154,PHI,4701234,36.0,13.3,8.9
401705154,PHI,4711297,22.0,-1.2,0.3
401705154,PHI,5105637,19.0,14.2,13.6
401705155,GSW,3975,34.0,21.0,18.5
401705155,GSW,6589,3.0,-0.4,-0.7
401705155,GSW,2990984,21.0,3.1,2.6
401705155,GSW,3032979,32.0,14.3,13.8
401705155,GSW,3059319,35.0,27.1,22.4
401705155,GSW,3134903,19.0,6.9,7.1
401705155,GSW,3155535,24.0,12.1,9.9
401705155,GSW,4066317,11.0,-1.4,-1.4
401705155,GSW,4431684,24.0,7.2,4.7
401705155,GSW,4432171,29.0,12.7,11.1
401705155,GSW,4997536,8.0,2.6,2.1
401705155,WAS,6477,18.0,4.3,3.3
401705155,WAS,3134907,31.0,16.4,16.5
401705155,WAS,4277956,36.0,27.1,27.5
401705155,WAS,4280151,30.0,7.6,5.7
401705155,WAS,4845374,30.0,12.7,12.7
401705155,WAS,5104155,34.0,1.7,0.7
401705155,WAS,5160992,30.0,11.2,7.4
401705155,WAS,5174563,30.0,4.6,3.9
401705156,CLE,2990969,29.0,16.8,14.9
401705156,CLE,2991043,25.0,0.1,0.0
401705156,CLE,3908809,34.0,26.8,24.8
401705156,CLE,3912848,27.0,6.3,6.4
401705156,CLE,4065733,22.0,15.3,13.5
401705156,CLE,4065778,28.0,5.6,4.4
401705156,CLE,4066328,36.0,10.9,10.5
401705156,CLE,4066757,7.0,-1.5,-1.4
401705156,CLE,4396907,33.0,24.0,23.5
401705156,MIN,3195,23.0,7.3,7.1
401705156,MIN,2968436,9.0,-1.1,-0.7
401705156,MIN,3032976,31.0,18.8,16.2
401705156,MIN,3064514,38.0,22.9,19.0
401705156,MIN,4278039,16.0,-2.6,-2.5
401705156,MIN,4396971,26.0,15.6,12.8
401705156,MIN,4431671,38.0,11.9,11.2
401705156,MIN,4594268,41.0,19.5,17.7
401705156,MIN,4684275,18.0,5.0,7.4
401705157,HOU,2991230,36.0,4.3,3.3
401705157,HOU,2991235,17.0,6.6,4.5
401705157,HOU,3136777,17.0,-1.9,-1.7
401705157,HOU,3155526,37.0,17.4,15.4
401705157,HOU,3922230,15.0,7.0,5.0
401705157,HOU,4397821,2.0,0.0,0.0
401705157,HOU,4433192,24.0,21.6,17.5
401705157,HOU,4437244,29.0,17.3,15.5
401705157,HOU,4711272,5.0,3.3,2.0
401705157,HOU,4871144,31.0,22.5,17.9
401705157,HOU,5105592,27.0,9.3,8.0
401705157,POR,2991070,25.0,3.5,2.0
401705157,POR,4066211,20.0,6.3,2.8
401705157,POR,4066268,6.0,-1.8,-1.0
401705157,POR,4278111,2.0,0.7,0.7
401705157,POR,4351851,32.0,9.3,8.7
401705157,POR,4397885,21.0,5.2,4.0
401705157,POR,4431736,30.0,14.7,13.0
401705157,POR,4432446,20.0,7.0,6.1
401705157,POR,4576086,2.0,2.0,2.0
401705157,POR,4594326,21.0,2.5,2.6
401705157,POR,4683678,31.0,22.8,19.4
401705157,POR,4914336,28.0,5.1,4.0
401705157,POR,5099752,2.0,-1.7,-1.7
401705158,MIA,6430,28.0,10.7,9.2
401705158,MIA,3074752,31.0,16.7,14.5
401705158,MIA,3157465,28.0,17.3,16.9
401705158,MIA,4066261,25.0,6.8,3.5
401705158,MIA,4291678,8.0,1.0,0.7
401705158,MIA,4395725,33.0,20.1,17.3
401705158,MIA,4431786,2.0,0.0,-0.3
401705158,MIA,4432168,2.0,-1.4,-1.4
401705158,MIA,4432848,22.0,14.3,10.2
401705158,MIA,4601025,2.0,1.0,1.0
401705158,MIA,4997528,24.0,14.5,11.9
401705158,MIA,5105623,34.0,20.9,19.9
401705158,SAS,2779,28.0,15.2,13.3
401705158,SAS,6578,31.0,8.2,7.0
401705158,SAS,4066650,7.0,5.0,4.5
401705158,SAS,4278580,9.0,3.3,3.7
401705158,SAS,4395626,16.0,4.7,4.1
401705158,SAS,4395630,35.0,15.1,12.6
401705158,SAS,4395723,18.0,5.3,4.0
401705158,SAS,4397886,9.0,3.2,0.7
401705158,SAS,4565201,2.0,-0.7,-0.7
401705158,SAS,4592479,22.0,2.3,2.0
401705158,SAS,4683935,2.0,1.4,1.1
401705158,SAS,4845367,27.0,6.1,6.5
401705158,SAS,5081727,2.0,3.7,3.4
401705158,SAS,5104157,30.0,12.4,9.8
401705159,DEN,3442,16.0,-1.1,-1.0
401705159,DEN,3468,25.0,8.0,7.2
401705159,DEN,3064290,22.0,3.2,2.0
401705159,DEN,3112335,30.0,30.8,21.8
401705159,DEN,3936299,38.0,14.0,13.5
401705159,DEN,4278104,28.0,12.1,10.0
401705159,DEN,4395620,2.0,-1.4,-1.4
401705159,DEN,4398390,3.0,1.7,1.7
401705159,DEN,4431690,2.0,0.3,0.0
401705159,DEN,4431767,36.0,19.9,19.3
401705159,DEN,4432181,26.0,3.6,2.6
401705159,DEN,4576087,12.0,5.4,2.7
401705159,DEN,4701225,2.0,0.9,0.6
401705159,ORL,6446,3.0,1.6,2.0
401705159,ORL,2581018,35.0,6.5,5.9
401705159,ORL,4065654,12.0,9.5,8.4
401705159,ORL,4277847,34.0,19.0,14.5
401705159,ORL,4409222,24.0,5.7,2.0
401705159,ORL,4432573,29.0,8.1,4.6
401705159,ORL,4432809,29.0,8.0,6.4
401705159,ORL,4433623,16.0,4.6,5.4
401705159,ORL,4702382,31.0,10.2,7.4
401705159,ORL,4712849,28.0,12.7,10.8
401705160,MIL,3448,36.0,13.2,10.8
401705160,MIL,6606,40.0,16.8,14.7
401705160,MIL,6609,25.0,14.1,12.6
401705160,MIL,2990962,24.0,8.3,8.4
401705160,MIL,3032977,36.0,34.0,31.2
401705160,MIL,3064482,19.0,4.2,2.2
401705160,MIL,4277843,23.0,3.5,3.3
401705160,MIL,4279532,2.0,-1.1,-0.7
401705160,MIL,4432190,20.0,9.6,8.5
401705160,MIL,4433622,2.0,-1.0,-1.0
401705160,MIL,4591725,15.0,5.5,7.1
401705160,PHI,3431,30.0,8.8,9.0
401705160,PHI,3133603,39.0,15.1,14.8
401705160,PHI,4066786,19.0,5.8,5.0
401705160,PHI,4397233,24.0,4.9,5.0
401705160,PHI,4431678,41.0,28.3,25.9
401705160,PHI,4701234,29.0,11.4,9.4
401705160,PHI,4711297,33.0,1.0,0.3
401705160,PHI,5105637,24.0,7.7,6.9
401705161,BKN,3136776,24.0,9.3,8.2
401705161,BKN,3138196,25.0,7.3,7.1
401705161,BKN,4278067,25.0,10.0,8.1
401705161,BKN,4397179,24.0,11.6,10.1
401705161,BKN,4431714,24.0,2.4,1.5
401705161,BKN,4432187,5.0,4.7,3.7
401705161,BKN,4432192,23.0,2.8,3.3
401705161,BKN,4432194,18.0,9.4,10.0
401705161,BKN,4433137,23.0,7.2,5.0
401705161,BKN,4597865,21.0,5.8,4.7
401705161,BKN,4712896,28.0,6.3,4.5
401705161,OKC,2991350,19.0,5.6,5.1
401705161,OKC,4278073,29.0,31.0,26.1
401705161,OKC,4395702,22.0,19.2,20.9
401705161,OKC,4397020,21.0,-3.6,-4.1
401705161,OKC,4397183,26.0,9.5,8.9
401705161,OKC,4397654,7.0,-2.2,-1.7
401705161,OKC,4432823,27.0,16.7,14.0
401705161,OKC,4432971,5.0,6.6,7.1
401705161,OKC,4592435,18.0,9.2,6.4
401705161,OKC,4683692,26.0,10.2,7.4
401705161,OKC,4702159,19.0,7.6,6.5
401705161,OKC,4997526,21.0,10.0,8.8
401705162,LAC,3416,16.0,7.9,6.1
401705162,LAC,3992,40.0,14.9,14.6
401705162,LAC,6450,24.0,16.6,15.3
401705162,LAC,2595516,37.0,16.6,12.4
401705162,LAC,2991139,12.0,-0.1,0.0
401705162,LAC,3936099,25.0,6.1,4.0
401705162,LAC,4017837,35.0,25.1,19.1
401705162,LAC,4066387,29.0,5.0,4.8
401705162,LAC,4277919,6.0,2.9,2.3
401705162,LAC,4397140,15.0,8.4,6.7
401705162,LAL,1966,35.0,21.7,18.3
401705162,LAL,6583,37.0,13.4,8.0
401705162,LAL,2578185,22.0,0.5,0.0
401705162,LAL,3137259,23.0,0.2,1.0
401705162,LAL,4066457,34.0,9.4,8.5
401705162,LAL,4066648,33.0,15.2,13.8
401705162,LAL,4397077,13.0,6.4,4.8
401705162,LAL,4431778,2.0,0.0,0.0
401705162,LAL,4432582,23.0,7.0,6.4
401705162,LAL,4683774,2.0,0.0,0.0
401705162,LAL,4897943,16.0,9.1,9.1
401705163,CHI,6478,35.0,21.5,15.9
401705163,CHI,3064440,39.0,19.3,15.8
401705163,CHI,4395651,27.0,1.7,0.8
401705163,CHI,4396991,4.0,-0.1,0.0
401705163,CHI,4397002,32.0,9.5,9.4
401705163,CHI,4397189,13.0,5.6,3.0
401705163,CHI,4431687,26.0,9.7,8.6
401705163,CHI,4433159,16.0,4.5,4.7
401705163,CHI,4711294,15.0,6.2,4.0
401705163,CHI,4871145,29.0,1.6,0.8
401705163,CHI,5105553,5.0,0.6,1.4
401705163,POR,2991070,30.0,9.7,10.3
401705163,POR,4278129,37.0,14.4,11.8
401705163,POR,4397885,10.0,4.5,2.9
401705163,POR,4431736,29.0,-1.0,-3.0
401705163,POR,4432446,11.0,2.5,3.1
401705163,POR,4594326,17.0,4.5,3.8
401705163,POR,4683021,35.0,17.1,11.9
401705163,POR,4683678,38.0,23.0,19.9
401705163,POR,4914336,33.0,12.7,12.3
401705164,SAC,3978,38.0,16.9,13.9
401705164,SAC,2528588,3.0,0.0,0.0
401705164,SAC,2596107,16.0,8.3,6.8
401705164,SAC,3134916,3.0,0.7,0.7
401705164,SAC,3136196,20.0,1.3,-0.4
401705164,SAC,3155942,32.0,26.0,22.4
401705164,SAC,4066259,35.0,16.1,12.3
401705164,SAC,4066262,30.0,19.3,18.5
401705164,SAC,4066372,9.0,-0.9,-0.8
401705164,SAC,4592857,3.0,1.6,1.0
401705164,SAC,4594327,32.0,3.1,-0.4
401705164,SAC,4702177,18.0,15.2,14.5
401705164,WAS,6477,23.0,23.8,20.3
401705164,WAS,2581184,3.0,2.0,1.7
401705164,WAS,3134907,33.0,5.7,3.2
401705164,WAS,4277956,28.0,1.1,1.0
401705164,WAS,4280151,23.0,9.5,8.6
401705164,WAS,4395695,7.0,0.0,0.0
401705164,WAS,4432356,3.0,0.3,0.7
401705164,WAS,4432907,10.0,2.0,1.1
401705164,WAS,4845374,27.0,7.2,5.4
401705164,WAS,4997537,3.0,-0.4,0.0
401705164,WAS,5104155,33.0,5.3,6.2
401705164,WAS,5160992,22.0,0.8,-0.9
401705164,WAS,5174563,24.0,6.2,5.1
401705165,CHA,2326307,16.0,2.6,2.0
401705165,CHA,3102532,10.0,-1.2,-1.0
401705165,CHA,3138161,20.0,13.3,10.2
401705165,CHA,4065663,19.0,3.1,0.6
401705165,CHA,4066383,32.0,16.3,14.4
401705165,CHA,4432811,27.0,4.7,3.0
401705165,CHA,4432816,38.0,18.0,15.7
401705165,CHA,4433249,18.0,10.5,8.8
401705165,CHA,4683686,30.0,13.3,12.1
401705165,CHA,4701232,30.0,11.4,8.1
401705165,DAL,6442,41.0,23.7,20.4
401705165,DAL,6475,30.0,3.3,3.0
401705165,DAL,2580782,31.0,4.7,1.6
401705165,DAL,2960236,14.0,0.1,0.0
401705165,DAL,4278049,34.0,40.6,33.0
401705165,DAL,4278078,30.0,4.3,2.9
401705165,DAL,4278594,32.0,3.7,2.3
401705165,DAL,4397693,9.0,-0.5,-1.4
401705165,DAL,4595400,19.0,8.1,6.1
401705166,DET,6440,34.0,3.0,-0.4
401705166,DET,2528210,30.0,8.3,7.4
401705166,DET,3899664,12.0,-1.6,-2.1
401705166,DET,3907822,30.0,11.3,9.3
401705166,DET,4432107,13.0,6.6,6.0
401705166,DET,4432166,36.0,20.3,16.3
401705166,DET,4432810,18.0,5.4,4.1
401705166,DET,4433621,30.0,23.9,16.9
401705166,DET,4683771,16.0,2.6,1.7
401705166,DET,4684742,23.0,6.2,4.0
401705166,HOU,2991230,38.0,19.8,14.4
401705166,HOU,3146557,10.0,6.0,4.7
401705166,HOU,3155526,30.0,-2.3,-1.1
401705166,HOU,3922230,15.0,0.8,-1.4
401705166,HOU,4433192,27.0,7.4,2.6
401705166,HOU,4437244,30.0,7.1,5.6
401705166,HOU,4684740,40.0,14.9,12.8
401705166,HOU,4871144,29.0,10.1,9.2
401705166,HOU,5105592,20.0,6.1,4.0
401705167,MEM,3906665,16.0,6.8,5.8
401705167,MEM,3913174,20.0,5.4,4.4
401705167,MEM,4065731,3.0,-0.7,-1.7
401705167,MEM,4066320,37.0,22.1,18.9
401705167,MEM,4277961,32.0,17.9,14.0
401705167,MEM,4279888,30.0,12.5,11.1
401705167,MEM,4431785,14.0,7.9,7.2
401705167,MEM,4592691,15.0,0.2,0.7
401705167,MEM,4593125,15.0,-3.7,-3.6
401705167,MEM,4600663,19.0,4.2,2.4
401705167,MEM,5105550,11.0,1.6,1.3
401705167,MEM,5112087,29.0,8.2,8.7
401705167,MIN,3195,25.0,7.2,6.5
401705167,MIN,3032976,25.0,2.4,0.7
401705167,MIN,3064514,34.0,4.5,2.6
401705167,MIN,4277951,4.0,-1.5,-1.0
401705167,MIN,4278039,22.0,-0.4,0.6
401705167,MIN,4396971,33.0,20.5,20.2
401705167,MIN,4431671,42.0,10.3,4.7
401705167,MIN,4594268,38.0,18.9,17.7
401705167,MIN,4684275,17.0,13.3,13.9
401705168,ATL,3037789,15.0,-6.2,-5.2
401705168,ATL,3102529,20.0,12.6,10.6
401705168,ATL,3913180,12.0,3.6,3.0
401705168,ATL,4065732,30.0,13.2,12.9
401705168,ATL,4277905,35.0,13.0,10.3
401705168,ATL,4431680,28.0,15.3,13.7
401705168,ATL,4578893,33.0,11.8,10.2
401705168,ATL,4701230,35.0,9.3,5.7
401705168,ATL,4869342,31.0,9.5,7.6
401705168,NYK,3062679,37.0,14.6,12.7
401705168,NYK,3064230,12.0,8.5,7.0
401705168,NYK,3136195,37.0,8.9,6.3
401705168,NYK,3147657,27.0,16.2,17.4
401705168,NYK,3914044,10.0,2.0,2.0
401705168,NYK,3934672,39.0,26.3,25.8
401705168,NYK,3934719,41.0,8.7,7.8
401705168,NYK,4431679,17.0,5.3,2.8
401705168,NYK,4431823,20.0,5.8,6.1
401705169,CLE,6474,26.0,3.8,0.9
401705169,CLE,2990969,23.0,6.3,5.7
401705169,CLE,3908809,30.0,26.3,25.5
401705169,CLE,3912848,19.0,6.1,6.4
401705169,CLE,4065733,20.0,2.7,2.2
401705169,CLE,4065778,21.0,6.2,5.0
401705169,CLE,4066328,22.0,14.7,13.3
401705169,CLE,4066757,22.0,8.6,6.3
401705169,CLE,4396907,25.0,15.8,12.5
401705169,CLE,4433620,6.0,-1.4,-1.4
401705169,CLE,4683747,15.0,12.3,10.5
401705169,CLE,4701233,6.0,3.0,2.7
401705169,CLE,4702233,6.0,-3.5,-2.7
401705169,PHX,3202,31.0,15.8,13.1
401705169,PHX,6580,25.0,4.3,3.8
401705169,PHX,2488653,4.0,1.7,1.7
401705169,PHX,2583632,22.0,-0.7,-2.1
401705169,PHX,2595209,8.0,7.0,6.4
401705169,PHX,3059310,8.0,5.1,4.1
401705169,PHX,3135045,27.0,9.6,7.7
401705169,PHX,3135046,27.0,8.6,9.1
401705169,PHX,3136193,32.0,3.6,3.6
401705169,PHX,4278076,22.0,1.3,0.7
401705169,PHX,4397102,8.0,0.9,0.3
401705169,PHX,4601023,8.0,1.3,0.7
401705169,PHX,4888725,20.0,0.3,1.3
401705170,BOS,3213,20.0,6.1,4.1
401705170,BOS,3995,27.0,9.4,8.5
401705170,BOS,3064560,12.0,11.9,9.3
401705170,BOS,3078576,26.0,11.4,7.2
401705170,BOS,3102531,22.0,15.0,12.7
401705170,BOS,3917376,29.0,10.6,10.5
401705170,BOS,4065648,28.0,17.8,13.5
401705170,BOS,4065804,21.0,10.3,8.4
401705170,BOS,4066354,22.0,17.6,16.0
401705170,BOS,4277964,8.0,-0.4,-0.7
401705170,BOS,4397424,6.0,1.6,1.6
401705170,BOS,4432164,6.0,0.0,0.0
401705170,BOS,4593841,4.0,6.3,4.4
401705170,BOS,4683689,8.0,5.6,4.0
401705170,GSW,3975,27.0,10.7,9.0
401705170,GSW,2990984,22.0,3.9,3.6
401705170,GSW,3032979,17.0,2.9,2.3
401705170,GSW,3059319,24.0,-1.3,-3.6
401705170,GSW,3134903,12.0,4.7,3.1
401705170,GSW,3155535,16.0,4.4,3.0
401705170,GSW,4066317,19.0,2.9,2.3
401705170,GSW,4431684,18.0,8.4,7.5
401705170,GSW,4432171,32.0,10.9,8.1
401705170,GSW,4592714,12.0,1.3,1.0
401705170,GSW,4593016,14.0,7.1,6.1
401705170,GSW,4997536,27.0,4.2,4.0
401705171,NOP,2451037,37.0,4.8,5.3
401705171,NOP,2490149,44.0,34.6,31.3
401705171,NOP,2596112,26.0,1.4,-1.1
401705171,NOP,3907497,45.0,21.2,17.1
401705171,NOP,4277869,17.0,2.5,0.3
401705171,NOP,4397688,45.0,19.4,15.5
401705171,NOP,4432813,15.0,0.9,-1.0
401705171,NOP,4683750,21.0,16.7,15.1
401705171,NOP,4997538,15.0,2.8,2.1
401705171,UTA,4004,18.0,0.5,-1.0
401705171,UTA,3133602,26.0,13.6,11.7
401705171,UTA,3914285,19.0,9.9,8.1
401705171,UTA,4397449,10.0,3.7,2.7
401705171,UTA,4433136,34.0,23.4,19.7
401705171,UTA,4433627,38.0,18.1,16.6
401705171,UTA,4683766,37.0,12.4,12.4
401705171,UTA,4684793,38.0,7.5,5.6
401705171,UTA,4895758,20.0,0.1,-0.3
401705171,UTA,5105839,24.0,2.2,1.5
401705172,BKN,3136776,31.0,19.2,17.5
401705172,BKN,3138196,35.0,5.3,3.8
401705172,BKN,4278067,34.0,7.7,4.0
401705172,BKN,4397179,24.0,8.4,7.1
401705172,BKN,4431714,28.0,-2.2,-2.2
401705172,BKN,4432192,27.0,5.2,4.6
401705172,BKN,4432194,14.0,8.7,7.8
401705172,BKN,4597865,20.0,2.7,2.3
401705172,BKN,4712896,26.0,11.7,8.8
401705172,NYK,3062679,39.0,14.2,9.7
401705172,NYK,3064230,9.0,0.8,1.7
401705172,NYK,3136195,39.0,25.2,19.1
401705172,NYK,3147657,34.0,5.4,3.5
401705172,NYK,3914044,6.0,-0.4,0.0
401705172,NYK,3934672,39.0,7.5,8.2
401705172,NYK,3934719,37.0,18.0,14.8
401705172,NYK,4431679,18.0,9.2,7.8
401705172,NYK,4431823,18.0,4.6,4.7
401705173,MIA,6429,13.0,-2.5,-2.1
401705173,MIA,6430,27.0,13.9,13.3
401705173,MIA,3074752,22.0,4.9,3.6
401705173,MIA,3157465,36.0,16.1,15.5
401705173,MIA,4066261,22.0,8.6,7.7
401705173,MIA,4291678,4.0,0.0,0.0
401705173,MIA,4432848,28.0,8.0,7.9
401705173,MIA,4601025,15.0,7.9,7.7
401705173,MIA,4997528,35.0,9.6,9.5
401705173,MIA,5105623,39.0,18.4,13.4
401705173,POR,2991070,34.0,11.3,10.5
401705173,POR,4066211,14.0,3.6,3.1
401705173,POR,4278129,34.0,24.5,21.2
401705173,POR,4351851,35.0,15.8,14.3
401705173,POR,4397885,17.0,9.0,7.7
401705173,POR,4432446,6.0,1.0,0.7
401705173,POR,4683021,39.0,15.8,11.5
401705173,POR,4683678,34.0,9.6,10.2
401705173,POR,4914336,28.0,9.8,9.1
401705174,ORL,6446,12.0,0.9,1.3
401705174,ORL,2581018,37.0,15.6,14.5
401705174,ORL,4065654,5.0,-1.5,-2.1
401705174,ORL,4277847,30.0,6.4,7.9
401705174,ORL,4409222,23.0,3.8,2.3
401705174,ORL,4432573,32.0,13.8,11.5
401705174,ORL,4433623,28.0,4.1,4.1
401705174,ORL,4702382,38.0,7.2,5.7
401705174,ORL,4712849,36.0,9.2,7.3
401705174,TOR,4023,1.0,-0.7,-0.7
401705174,TOR,2489663,22.0,9.2,6.4
401705174,TOR,3134908,19.0,4.0,5.1
401705174,TOR,3948153,12.0,-0.3,0.3
401705174,TOR,4065670,25.0,14.3,12.5
401705174,TOR,4067017,1.0,1.3,1.3
401705174,TOR,4278053,25.0,9.1,7.9
401705174,TOR,4395625,28.0,17.9,15.7
401705174,TOR,4431893,1.0,0.0,0.0
401705174,TOR,4432241,22.0,3.8,3.0
401705174,TOR,4433134,34.0,19.1,14.2
401705174,TOR,4593049,1.0,-0.7,-0.7
401705174,TOR,4684272,18.0,3.6,2.7
401705174,TOR,5106258,28.0,11.9,11.6
401705174,TOR,5211984,1.0,2.3,2.0
401705175,DEN,3442,13.0,5.1,4.1
401705175,DEN,3468,25.0,13.5,10.4
401705175,DEN,3064290,22.0,17.2,17.6
401705175,DEN,3112335,30.0,35.7,29.0
401705175,DEN,3936299,33.0,8.6,7.5
401705175,DEN,4278104,25.0,16.8,15.9
401705175,DEN,4395620,6.0,1.9,1.3
401705175,DEN,4398390,6.0,1.4,1.4
401705175,DEN,4431690,5.0,1.3,0.0
401705175,DEN,4431767,25.0,18.9,17.9
401705175,DEN,4432181,26.0,17.6,17.8
401705175,DEN,4576087,18.0,2.9,1.3
401705175,DEN,4701225,4.0,5.0,4.8
401705175,PHI,3431,19.0,8.5,8.5
401705175,PHI,4251,28.0,11.8,9.3
401705175,PHI,6443,10.0,0.2,1.0
401705175,PHI,6585,20.0,5.8,5.1
401705175,PHI,3133603,27.0,5.7,3.7
401705175,PHI,4017844,24.0,18.3,19.2
401705175,PHI,4066786,6.0,-0.4,-0.4
401705175,PHI,4397233,8.0,-0.4,0.0
401705175,PHI,4431678,34.0,24.9,22.7
401705175,PHI,4701234,18.0,-0.2,0.2
401705175,PHI,4711297,28.0,6.2,5.7
401705175,PHI,5105637,16.0,4.5,3.0
401705176,LAL,1966,36.0,21.4,15.7
401705176,LAL,6583,32.0,30.3,24.1
401705176,LAL,2578185,22.0,13.8,13.5
401705176,LAL,3137259,25.0,3.5,4.1
401705176,LAL,4066457,36.0,12.3,11.4
401705176,LAL,4066648,26.0,4.9,3.2
401705176,LAL,4395623,2.0,1.6,1.3
401705176,LAL,4397077,19.0,8.6,6.7
401705176,LAL,4432582,31.0,2.8,-0.4
401705176,LAL,4683774,2.0,0.6,-0.7
401705176,LAL,4897943,8.0,1.2,0.6
401705176,WAS,6477,19.0,8.5,7.5
401705176,WAS,2581184,2.0,-0.4,0.0
401705176,WAS,3134907,28.0,8.7,6.6
401705176,WAS,4277956,34.0,7.8,5.2
401705176,WAS,4280151,31.0,12.5,11.4
401705176,WAS,4432356,2.0,-0.7,-0.7
401705176,WAS,4432907,3.0,0.3,0.0
401705176,WAS,4845374,29.0,-0.4,-2.8
401705176,WAS,4997537,2.0,-1.4,-1.4
401705176,WAS,5104155,32.0,14.9,13.2
401705176,WAS,5160992,27.0,8.9,3.3
401705176,WAS,5174563,31.0,5.1,4.0
401705177,CHI,6478,34.0,13.8,9.4
401705177,CHI,3064440,34.0,23.0,22.9
401705177,CHI,4066421,26.0,3.3,-0.4
401705177,CHI,4396991,23.0,9.9,10.0
401705177,CHI,4397189,14.0,4.0,2.3
401705177,CHI,4431687,26.0,7.6,6.1
401705177,CHI,4433159,16.0,2.8,2.0
401705177,CHI,4711294,13.0,3.6,3.3
401705177,CHI,4871145,40.0,22.8,20.9
401705177,CHI,5105553,14.0,3.5,2.3
401705177,LAC,3416,18.0,1.3,0.7
401705177,LAC,3992,36.0,11.5,9.1
401705177,LAC,2595516,38.0,14.4,13.2
401705177,LAC,2991139,15.0,3.0,3.1
401705177,LAC,3907823,22.0,8.3,7.1
401705177,LAC,3936099,25.0,8.9,9.1
401705177,LAC,4066387,33.0,6.0,3.9
401705177,LAC,4277919,15.0,9.2,8.1
401705177,LAC,4396818,1.0,1.7,1.7
401705177,LAC,4397140,22.0,-0.3,-1.8
401705177,LAC,4431699,1.0,1.7,1.7
401705177,LAC,4431752,11.0,6.3,6.5
401705177,LAC,4845363,1.0,0.3,0.0
401705177,LAC,5165257,1.0,0.0,0.0
401705178,ATL,3037789,19.0,-1.7,-3.6
401705178,ATL,3102529,21.0,17.6,14.9
401705178,ATL,3913180,10.0,5.8,5.6
401705178,ATL,4065732,30.0,1.7,1.1
401705178,ATL,4277905,40.0,7.8,6.4
401705178,ATL,4431680,27.0,10.5,8.5
401705178,ATL,4578893,23.0,7.6,8.1
401705178,ATL,4701230,38.0,15.4,7.0
401705178,ATL,4869342,33.0,15.5,12.1
401705178,DET,6440,37.0,5.5,5.3
401705178,DET,2528210,32.0,1.6,-2.8
401705178,DET,3899664,16.0,9.4,10.4
401705178,DET,3907822,23.0,9.5,10.4
401705178,DET,4278562,3.0,2.7,2.4
401705178,DET,4432107,14.0,3.8,3.6
401705178,DET,4432166,34.0,22.4,18.9
401705178,DET,4432810,20.0,8.9,3.8
401705178,DET,4433621,26.0,12.7,9.6
401705178,DET,4683771,12.0,1.7,-0.1
401705178,DET,4684742,24.0,16.8,13.9
401705179,BKN,4278067,26.0,10.9,8.9
401705179,BKN,4397179,31.0,-1.9,-3.1
401705179,BKN,4431714,34.0,11.3,9.4
401705179,BKN,4432187,21.0,5.3,4.8
401705179,BKN,4432192,30.0,15.5,14.2
401705179,BKN,4432194,22.0,7.2,4.8
401705179,BKN,4432735,15.0,8.9,8.6
401705179,BKN,4597865,26.0,-2.4,-4.6
401705179,BKN,4712896,34.0,0.2,-1.9
401705179,PHX,3202,30.0,21.3,18.5
401705179,PHX,2488653,17.0,9.6,5.5
401705179,PHX,2583632,23.0,-3.7,-3.5
401705179,PHX,2595209,5.0,1.3,1.0
401705179,PHX,3059310,18.0,5.3,4.7
401705179,PHX,3135045,24.0,8.4,8.1
401705179,PHX,3135046,26.0,9.5,7.9
401705179,PHX,3136193,36.0,26.8,25.0
401705179,PHX,4278076,22.0,8.3,6.2
401705179,PHX,4278585,3.0,2.0,2.4
401705179,PHX,4397102,5.0,-0.2,-1.1
401705179,PHX,4601023,9.0,-0.6,-0.1
401705179,PHX,4888725,23.0,6.3,3.7
401705180,DAL,6442,38.0,29.4,29.4
401705180,DAL,2580782,32.0,2.6,1.2
401705180,DAL,2960236,16.0,7.2,6.4
401705180,DAL,4278049,33.0,15.0,10.5
401705180,DAL,4278078,36.0,19.7,20.8
401705180,DAL,4397014,36.0,0.4,0.0
401705180,DAL,4397040,9.0,4.1,3.1
401705180,DAL,4397693,15.0,5.7,4.1
401705180,DAL,4595400,25.0,1.1,1.0
401705180,MIN,3195,32.0,22.4,20.4
401705180,MIN,3032976,30.0,16.7,13.5
401705180,MIN,3064514,34.0,12.2,10.3
401705180,MIN,4278039,32.0,7.1,5.5
401705180,MIN,4396971,27.0,10.0,8.4
401705180,MIN,4431671,40.0,23.3,17.0
401705180,MIN,4594268,37.0,13.5,12.3
401705180,MIN,4684275,9.0,-2.8,-2.4
401705181,CLE,6474,13.0,2.3,2.8
401705181,CLE,2990969,20.0,4.8,4.7
401705181,CLE,3908809,35.0,9.4,9.2
401705181,CLE,3912848,31.0,9.6,7.1
401705181,CLE,4065733,25.0,14.0,10.4
401705181,CLE,4065778,23.0,5.0,4.8
401705181,CLE,4066328,32.0,20.0,14.7
401705181,CLE,4066757,23.0,4.9,5.1
401705181,CLE,4396907,33.0,17.8,14.5
401705181,CLE,4683747,5.0,0.6,-0.7
401705181,HOU,2991230,40.0,15.9,16.2
401705181,HOU,2991235,19.0,7.5,4.7
401705181,HOU,3136777,10.0,1.6,1.7
401705181,HOU,3155526,32.0,2.4,3.0
401705181,HOU,4433192,20.0,12.2,9.1
401705181,HOU,4437244,33.0,0.3,0.9
401705181,HOU,4684740,36.0,17.3,12.0
401705181,HOU,4871144,29.0,14.3,12.1
401705181,HOU,5105592,21.0,10.3,8.7
401705182,CHA,2326307,6.0,3.0,3.4
401705182,CHA,3102532,18.0,0.5,-0.7
401705182,CHA,3138161,23.0,1.7,0.9
401705182,CHA,3913220,1.0,0.3,0.0
401705182,CHA,4065663,13.0,8.0,4.7
401705182,CHA,4066383,34.0,10.7,9.0
401705182,CHA,4431727,6.0,4.0,3.7
401705182,CHA,4432811,24.0,6.2,5.4
401705182,CHA,4432816,34.0,15.0,15.1
401705182,CHA,4433249,15.0,3.0,2.4
401705182,CHA,4683686,31.0,6.8,5.8
401705182,CHA,4701232,33.0,36.4,35.1
401705182,MEM,3906665,22.0,8.8,8.5
401705182,MEM,3913174,26.0,22.9,21.0
401705182,MEM,4065731,7.0,9.6,9.4
401705182,MEM,4066320,34.0,23.2,23.1
401705182,MEM,4277961,30.0,15.4,15.1
401705182,MEM,4279888,32.0,19.9,15.8
401705182,MEM,4431785,16.0,0.0,-1.0
401705182,MEM,4593125,19.0,-0.6,-3.1
401705182,MEM,4600663,19.0,3.3,3.0
401705182,MEM,5105550,10.0,-0.4,-1.0
401705182,MEM,5112087,26.0,8.1,10.1
401705184,OKC,2991350,20.0,9.9,6.5
401705184,OKC,3133626,13.0,-0.5,-1.3
401705184,OKC,4278073,37.0,43.2,38.5
401705184,OKC,4397020,32.0,5.8,7.2
401705184,OKC,4397183,23.0,8.2,7.1
401705184,OKC,4397654,2.0,0.0,0.0
401705184,OKC,4432823,20.0,2.5,-0.8
401705184,OKC,4592435,11.0,4.9,4.0
401705184,OKC,4593803,36.0,17.5,15.7
401705184,OKC,4683692,36.0,12.1,10.2
401705184,OKC,4997526,9.0,-0.8,-0.7
401705184,UTA,3133602,16.0,0.7,1.6
401705184,UTA,3908845,26.0,15.1,13.3
401705184,UTA,3914285,17.0,5.8,4.6
401705184,UTA,4066336,30.0,8.8,8.0
401705184,UTA,4277811,32.0,8.6,9.2
401705184,UTA,4397449,18.0,4.6,4.4
401705184,UTA,4433136,31.0,21.2,18.0
401705184,UTA,4433627,32.0,15.2,13.1
401705184,UTA,4683766,23.0,-1.5,-1.7
401705184,UTA,4684793,13.0,0.6,0.7
401705185,GSW,3975,34.0,15.0,14.8
401705185,GSW,2990984,25.0,14.2,11.4
401705185,GSW,3032979,21.0,0.8,1.1
401705185,GSW,3059319,38.0,16.1,15.0
401705185,GSW,3134903,13.0,2.7,2.4
401705185,GSW,3155535,9.0,-2.3,-2.1
401705185,GSW,4066317,14.0,2.7,2.4
401705185,GSW,4431684,24.0,11.6,10.7
401705185,GSW,4432171,26.0,6.8,7.7
401705185,GSW,4593016,15.0,2.9,2.7
401705185,GSW,4997536,23.0,14.0,13.2
401705185,SAC,3978,39.0,25.8,22.1
401705185,SAC,2596107,6.0,0.2,0.7
401705185,SAC,3136196,17.0,8.0,7.1
401705185,SAC,3155942,39.0,25.7,22.0
401705185,SAC,4066259,36.0,11.9,10.6
401705185,SAC,4066262,38.0,20.1,16.3
401705185,SAC,4066372,6.0,-1.4,-1.4
401705185,SAC,4433188,4.0,0.3,0.3
401705185,SAC,4594327,34.0,11.7,8.7
401705185,SAC,4702177,21.0,10.1,7.8
401705186,BOS,3064560,30.0,2.2,1.0
401705186,BOS,3078576,42.0,13.9,12.1
401705186,BOS,3917376,39.0,18.8,16.1
401705186,BOS,4065648,43.0,16.5,12.4
401705186,BOS,4065804,25.0,14.3,12.1
401705186,BOS,4066354,28.0,4.0,3.4
401705186,BOS,4397424,23.0,8.6,8.8
401705186,BOS,4432164,20.0,7.0,3.6
401705186,BOS,4593841,6.0,-1.8,-1.4
401705186,BOS,4683689,9.0,4.1,4.1
401705186,LAC,3907823,45.0,8.2,6.1
401705186,LAC,3936099,44.0,23.5,20.6
401705186,LAC,4066387,44.0,17.2,16.5
401705186,LAC,4277919,17.0,2.0,3.0
401705186,LAC,4396818,16.0,5.4,2.7
401705186,LAC,4397140,39.0,21.9,18.0
401705186,LAC,4431752,38.0,4.4,1.1
401705186,LAC,4592492,17.0,1.7,1.7
401705186,LAC,4845363,6.0,-1.1,-1.0
401705187,IND,2530530,16.0,2.6,0.3
401705187,IND,3133628,26.0,4.8,3.7
401705187,IND,3149673,28.0,17.1,15.9
401705187,IND,3934723,14.0,9.2,9.2
401705187,IND,4278355,19.0,12.0,11.1
401705187,IND,4395712,27.0,12.8,9.6
401705187,IND,4396909,19.0,-0.9,-1.4
401705187,IND,4396993,30.0,12.8,12.2
401705187,IND,4431941,2.0,-0.3,-0.3
401705187,IND,4433076,19.0,-0.6,-1.8
401705187,IND,4683634,25.0,20.6,18.0
401705187,IND,5106060,12.0,-0.4,-1.0
401705187,IND,5157066,5.0,0.2,0.0
401705187,SAS,2779,24.0,7.2,4.5
401705187,SAS,6578,26.0,23.6,21.5
401705187,SAS,4066650,5.0,2.7,2.4
401705187,SAS,4278580,11.0,8.7,6.5
401705187,SAS,4395626,18.0,14.9,13.1
401705187,SAS,4395630,31.0,23.8,20.3
401705187,SAS,4395723,20.0,5.9,5.4
401705187,SAS,4565201,5.0,2.7,2.7
401705187,SAS,4592479,17.0,5.5,5.1
401705187,SAS,4610139,18.0,14.1,12.3
401705187,SAS,4683935,5.0,2.4,1.4
401705187,SAS,4845367,24.0,0.6,1.0
401705187,SAS,5081727,5.0,1.0,0.0
401705187,SAS,5104157,32.0,28.9,21.4
401705188,ORL,6446,13.0,2.2,0.7
401705188,ORL,2581018,34.0,5.5,4.3
401705188,ORL,4065654,18.0,1.4,-1.1
401705188,ORL,4277847,23.0,1.2,-1.1
401705188,ORL,4409222,6.0,0.9,-0.4
401705188,ORL,4432573,33.0,1.1,-2.3
401705188,ORL,4433623,12.0,-0.7,-0.7
401705188,ORL,4566434,24.0,6.2,5.9
401705188,ORL,4702382,29.0,15.7,14.2
401705188,ORL,4712849,31.0,9.5,8.4
401705188,ORL,5105806,17.0,6.9,7.0
401705188,POR,2991070,34.0,11.6,7.7
401705188,POR,4066211,24.0,13.6,8.2
401705188,POR,4066268,2.0,2.0,1.7
401705188,POR,4278111,2.0,0.0,0.0
401705188,POR,4351851,32.0,14.1,13.5
401705188,POR,4397885,13.0,8.8,6.4
401705188,POR,4431736,34.0,17.6,13.5
401705188,POR,4432446,19.0,6.2,0.6
401705188,POR,4576086,2.0,-1.4,-1.0
401705188,POR,4594326,12.0,6.6,5.0
401705188,POR,4683021,26.0,9.9,9.6
401705188,POR,4683678,14.0,1.0,2.4
401705188,POR,4914336,24.0,-1.7,-3.5
401705188,POR,5099752,2.0,1.4,1.4
401705189,ATL,3037789,32.0,14.4,14.4
401705189,ATL,3913180,11.0,-1.3,-1.4
401705189,ATL,4065732,31.0,-0.1,0.9
401705189,ATL,4277905,39.0,12.7,12.8
401705189,ATL,4431680,30.0,23.3,19.7
401705189,ATL,4578893,25.0,11.2,9.4
401705189,ATL,4593041,7.0,0.7,0.5
401705189,ATL,4701230,11.0,0.8,0.3
401705189,ATL,4869342,37.0,24.1,19.3
401705189,ATL,4870562,17.0,11.3,9.1
401705189,TOR,2489663,14.0,13.7,11.9
401705189,TOR,3134908,28.0,18.6,15.4
401705189,TOR,3948153,18.0,12.6,12.1
401705189,TOR,4065670,20.0,15.3,13.6
401705189,TOR,4278053,31.0,1.5,3.2
401705189,TOR,4395625,36.0,10.8,8.1
401705189,TOR,4432241,17.0,0.8,1.0
401705189,TOR,4433134,39.0,19.4,17.3
401705189,TOR,4684272,7.0,-2.7,-1.4
401705189,TOR,5106258,32.0,10.6,8.5
401705190,MIA,3074752,25.0,2.5,1.7
401705190,MIA,3157465,28.0,8.2,7.3
401705190,MIA,4066261,29.0,10.7,9.5
401705190,MIA,4291678,22.0,2.7,2.0
401705190,MIA,4395725,32.0,16.3,16.1
401705190,MIA,4431786,4.0,1.2,0.9
401705190,MIA,4432168,4.0,0.2,-0.1
401705190,MIA,4432848,25.0,6.6,5.4
401705190,MIA,4601025,14.0,0.2,0.9
401705190,MIA,4997528,22.0,4.4,5.0
401705190,MIA,5105623,35.0,16.5,11.8
401705190,MIL,3448,35.0,8.6,5.3
401705190,MIL,6606,36.0,29.6,25.3
401705190,MIL,2578239,16.0,3.2,2.1
401705190,MIL,2990962,25.0,4.9,3.4
401705190,MIL,3032977,32.0,21.9,17.6
401705190,MIL,3064482,22.0,13.3,12.2
401705190,MIL,4277843,27.0,16.3,16.8
401705190,MIL,4279532,4.0,-0.1,0.3
401705190,MIL,4432179,4.0,0.6,0.0
401705190,MIL,4432190,14.0,3.6,3.4
401705190,MIL,4433622,4.0,0.5,0.0
401705190,MIL,4591725,14.0,5.0,4.4
401705190,MIL,5167876,4.0,5.3,5.4
401705190,MIL,5170947,4.0,1.0,0.7
401705191,DAL,6442,39.0,17.4,16.1
401705191,DAL,6461,4.0,0.6,-0.7
401705191,DAL,2580782,35.0,20.8,21.7
401705191,DAL,2960236,19.0,3.6,3.8
401705191,DAL,4278049,23.0,10.2,9.6
401705191,DAL,4278078,41.0,18.4,10.9
401705191,DAL,4397014,27.0,4.5,5.0
401705191,DAL,4397040,8.0,0.8,0.7
401705191,DAL,4397693,23.0,8.9,7.8
401705191,DAL,4595400,21.0,11.5,10.2
401705191,OKC,2991350,21.0,11.0,8.5
401705191,OKC,3133626,20.0,4.6,3.6
401705191,OKC,4278073,40.0,19.3,20.9
401705191,OKC,4397020,23.0,4.4,4.7
401705191,OKC,4397183,28.0,3.1,2.9
401705191,OKC,4432823,26.0,9.1,7.4
401705191,OKC,4592435,4.0,1.5,2.7
401705191,OKC,4593803,40.0,29.9,25.5
401705191,OKC,4683692,26.0,3.6,2.0
401705191,OKC,4702159,12.0,1.6,1.4
401705192,DEN,3442,11.0,2.2,1.4
401705192,DEN,3468,32.0,13.8,12.0
401705192,DEN,3064290,17.0,-1.9,-1.8
401705192,DEN,3112335,37.0,45.2,39.1
401705192,DEN,3936299,40.0,14.9,10.4
401705192,DEN,4278104,34.0,16.3,13.4
401705192,DEN,4431767,25.0,17.2,16.1
401705192,DEN,4432181,19.0,4.9,4.3
401705192,DEN,4576087,25.0,8.1,3.5
401705192,SAC,3978,37.0,18.2,16.7
401705192,SAC,2528588,11.0,10.3,11.1
401705192,SAC,3136196,22.0,10.7,7.3
401705192,SAC,3155942,39.0,20.4,18.1
401705192,SAC,4066259,40.0,8.0,5.9
401705192,SAC,4066262,31.0,9.6,10.0
401705192,SAC,4066372,6.0,-1.8,-1.4
401705192,SAC,4433188,3.0,-0.4,0.0
401705192,SAC,4594327,30.0,10.6,8.5
401705192,SAC,4702177,21.0,9.8,9.3
401705193,UTA,2528426,20.0,6.6,5.7
401705193,UTA,4066399,15.0,0.9,-0.3
401705193,UTA,4277811,19.0,15.4,15.6
401705193,UTA,4432817,22.0,9.3,7.8
401705193,UTA,4432827,18.0,6.5,4.1
401705193,UTA,4433136,15.0,6.8,5.4
401705193,UTA,4433627,29.0,15.2,14.8
401705193,UTA,4683766,28.0,19.9,15.7
401705193,UTA,4684793,21.0,15.1,15.4
401705193,UTA,4895758,28.0,-2.7,-2.8
401705193,UTA,5105839,23.0,12.4,12.8
401705193,WAS,2581184,24.0,5.5,6.7
401705193,WAS,2990992,14.0,-0.7,-2.4
401705193,WAS,4277956,20.0,-3.2,-3.8
401705193,WAS,4433378,26.0,24.4,21.3
401705193,WAS,4684737,31.0,5.1,4.0
401705193,WAS,4702233,30.0,9.6,7.1
401705193,WAS,4845374,23.0,8.7,5.5
401705193,WAS,4997537,21.0,14.6,12.4
401705193,WAS,5160992,23.0,21.1,17.9
401705193,WAS,5170947,28.0,11.3,10.9
401705194,CHI,6478,30.0,9.1,4.8
401705194,CHI,3064440,33.0,19.8,18.9
401705194,CHI,3133635,6.0,5.2,5.3
401705194,CHI,4066421,23.0,4.1,3.7
401705194,CHI,4396991,11.0,2.3,1.3
401705194,CHI,4397002,23.0,11.2,11.4
401705194,CHI,4397189,18.0,10.7,9.1
401705194,CHI,4431687,27.0,1.1,0.2
401705194,CHI,4433159,11.0,1.3,1.7
401705194,CHI,4711294,11.0,-0.6,-0.4
401705194,CHI,4871145,34.0,13.3,10.1
401705194,CHI,5105553,14.0,2.2,2.0
401705194,GSW,3975,31.0,14.4,13.5
401705194,GSW,2990984,19.0,0.0,-1.1
401705194,GSW,3032979,20.0,7.8,8.8
401705194,GSW,3059319,29.0,13.1,11.3
401705194,GSW,3134903,11.0,1.2,0.3
401705194,GSW,3155535,19.0,7.5,6.2
401705194,GSW,4066317,6.0,2.3,2.0
401705194,GSW,4431684,10.0,6.7,6.5
401705194,GSW,4432171,25.0,17.5,14.9
401705194,GSW,4592714,3.0,-0.7,-0.7
401705194,GSW,4593016,20.0,15.8,16.2
401705194,GSW,4709138,21.0,9.6,8.5
401705194,GSW,4997536,27.0,19.1,18.0
401705195,BOS,3213,24.0,0.4,-0.7
401705195,BOS,3995,25.0,-1.0,-2.1
401705195,BOS,3064560,12.0,3.9,5.1
401705195,BOS,3078576,19.0,3.4,3.1
401705195,BOS,3102531,27.0,17.2,15.5
401705195,BOS,3917376,33.0,10.8,8.8
401705195,BOS,4065648,30.0,13.0,9.9
401705195,BOS,4065804,13.0,4.2,4.0
401705195,BOS,4066354,24.0,2.1,0.8
401705195,BOS,4397424,9.0,10.2,7.5
401705195,BOS,4432164,9.0,9.4,8.8
401705195,BOS,4593841,6.0,-0.8,0.0
401705195,BOS,4683689,8.0,-0.4,0.0
401705195,LAL,1966,31.0,17.2,13.9
401705195,LAL,6583,31.0,22.0,17.5
401705195,LAL,2578185,20.0,1.8,0.0
401705195,LAL,3137259,26.0,9.1,10.8
401705195,LAL,3915195,3.0,3.1,3.1
401705195,LAL,4066457,33.0,21.0,20.5
401705195,LAL,4066648,28.0,9.8,7.7
401705195,LAL,4395627,3.0,0.0,0.0
401705195,LAL,4397077,14.0,6.1,4.0
401705195,LAL,4431778,4.0,1.3,1.7
401705195,LAL,4432582,29.0,2.8,2.0
401705195,LAL,4683774,4.0,-0.7,-0.7
401705195,LAL,4897943,14.0,10.5,10.1
401705196,CHA,3102532,33.0,-1.0,0.6
401705196,CHA,3138161,5.0,-0.7,-0.7
401705196,CHA,3913220,17.0,3.5,3.7
401705196,CHA,4065663,31.0,16.5,14.0
401705196,CHA,4431727,16.0,0.1,1.3
401705196,CHA,4432811,34.0,13.2,11.8
401705196,CHA,4433249,21.0,7.3,3.8
401705196,CHA,4683686,34.0,9.0,7.3
401705196,CHA,4683834,19.0,5.7,4.0
401705196,CHA,4701232,31.0,15.3,12.1
401705196,POR,2991070,34.0,13.9,13.0
401705196,POR,4351851,37.0,22.1,19.3
401705196,POR,4397885,16.0,-0.9,-1.1
401705196,POR,4431736,34.0,9.7,8.4
401705196,POR,4432446,14.0,0.3,-0.9
401705196,POR,4683021,34.0,16.3,11.6
401705196,POR,4683678,23.0,1.2,1.0
401705196,POR,4914336,31.0,4.2,4.2
401705196,POR,5105565,18.0,11.7,5.6
401705197,CLE,6474,10.0,1.3,0.8
401705197,CLE,2990969,18.0,2.7,2.0
401705197,CLE,3908809,33.0,28.9,26.5
401705197,CLE,3912848,20.0,4.3,3.8
401705197,CLE,4065733,33.0,28.8,26.3
401705197,CLE,4065778,27.0,7.4,4.7
401705197,CLE,4066328,34.0,6.0,3.0
401705197,CLE,4066757,19.0,6.6,6.7
401705197,CLE,4396907,32.0,18.3,18.2
401705197,CLE,4683747,14.0,3.3,2.0
401705197,PHI,3431,38.0,11.7,12.1
401705197,PHI,4251,36.0,17.1,16.1
401705197,PHI,3133603,39.0,19.4,17.0
401705197,PHI,4017844,36.0,9.6,6.4
401705197,PHI,4066786,16.0,6.8,5.8
401705197,PHI,4431678,40.0,26.8,22.9
401705197,PHI,4711297,26.0,15.2,12.7
401705197,PHI,5105637,10.0,4.7,3.4
401705198,MEM,3134932,22.0,4.9,4.4
401705198,MEM,3906665,21.0,14.3,13.7
401705198,MEM,3913174,27.0,26.7,25.1
401705198,MEM,4065731,3.0,-0.7,-1.7
401705198,MEM,4066320,34.0,18.4,18.8
401705198,MEM,4277961,32.0,26.1,25.4
401705198,MEM,4431785,25.0,8.5,7.8
401705198,MEM,4600663,24.0,16.5,12.6
401705198,MEM,5105550,22.0,4.1,2.6
401705198,MEM,5112087,30.0,9.0,7.8
401705198,NOP,2451037,16.0,7.1,5.5
401705198,NOP,2490149,34.0,15.7,15.9
401705198,NOP,2596112,22.0,5.6,5.8
401705198,NOP,3907497,31.0,21.7,19.9
401705198,NOP,4277869,18.0,8.7,7.8
401705198,NOP,4278572,3.0,0.0,0.0
401705198,NOP,4397688,33.0,17.0,16.0
401705198,NOP,4432813,20.0,7.2,5.1
401705198,NOP,4683750,32.0,12.9,10.3
401705198,NOP,4997538,3.0,0.3,0.0
401705198,NOP,5061589,30.0,12.5,10.2
401705199,IND,2530530,16.0,12.8,10.3
401705199,IND,3133628,35.0,10.9,8.3
401705199,IND,3149673,31.0,22.1,17.7
401705199,IND,3934723,13.0,12.0,8.8
401705199,IND,4278355,13.0,5.5,4.7
401705199,IND,4395712,32.0,21.6,17.7
401705199,IND,4396909,21.0,5.8,5.8
401705199,IND,4396993,28.0,26.6,23.0
401705199,IND,4431941,3.0,1.6,0.0
401705199,IND,4433076,18.0,-1.2,-1.0
401705199,IND,4683634,21.0,9.2,9.0
401705199,IND,5106060,5.0,2.6,2.7
401705199,IND,5157066,4.0,2.0,2.0
401705199,SAS,2779,32.0,13.6,12.3
401705199,SAS,6578,29.0,18.2,16.7
401705199,SAS,4066650,4.0,1.0,0.0
401705199,SAS,4278580,12.0,5.2,3.0
401705199,SAS,4395626,14.0,2.2,2.6
401705199,SAS,4395630,33.0,4.0,1.6
401705199,SAS,4395723,11.0,2.6,3.1
401705199,SAS,4397886,3.0,0.3,0.0
401705199,SAS,4565201,5.0,-3.8,-3.4
401705199,SAS,4592479,11.0,0.9,1.7
401705199,SAS,4610139,14.0,-2.3,-3.7
401705199,SAS,4683935,3.0,-1.0,-1.0
401705199,SAS,4845367,32.0,11.6,10.4
401705199,SAS,5081727,2.0,0.2,0.6
401705199,SAS,5104157,36.0,14.9,9.3
401705200,DEN,3442,6.0,6.4,6.2
401705200,DEN,3468,28.0,10.2,8.6
401705200,DEN,3064290,25.0,10.3,8.4
401705200,DEN,3112335,32.0,16.1,15.5
401705200,DEN,3936299,35.0,19.1,19.3
401705200,DEN,4278104,31.0,5.2,6.0
401705200,DEN,4395620,5.0,-0.3,-2.2
401705200,DEN,4398390,5.0,0.0,0.0
401705200,DEN,4431690,5.0,1.0,1.0
401705200,DEN,4431767,26.0,9.0,7.8
401705200,DEN,4432181,18.0,-4.5,-4.6
401705200,DEN,4576087,18.0,6.1,2.4
401705200,DEN,4701225,5.0,2.3,2.0
401705200,MIN,3195,23.0,13.9,10.6
401705200,MIN,3032976,30.0,22.9,16.7
401705200,MIN,3064514,32.0,19.5,17.0
401705200,MIN,4277951,4.0,1.6,1.4
401705200,MIN,4278039,21.0,5.7,5.7
401705200,MIN,4396971,25.0,13.9,10.9
401705200,MIN,4431671,32.0,16.7,14.0
401705200,MIN,4432247,4.0,1.3,1.3
401705200,MIN,4594268,33.0,25.5,27.1
401705200,MIN,4684275,20.0,5.0,3.5
401705200,MIN,4687718,10.0,4.2,3.3
401705200,MIN,5044385,4.0,-0.8,-1.4
401705201,BOS,3213,19.0,2.5,2.7
401705201,BOS,3995,30.0,16.4,14.5
401705201,BOS,3064560,17.0,9.1,5.9
401705201,BOS,3078576,36.0,17.4,18.4
401705201,BOS,3102531,28.0,16.3,15.9
401705201,BOS,3917376,31.0,15.1,14.6
401705201,BOS,4065648,35.0,11.7,10.9
401705201,BOS,4065804,14.0,4.9,5.4
401705201,BOS,4066354,27.0,10.9,8.9
401705201,BOS,4432164,2.0,1.0,0.0
401705201,BOS,4683689,2.0,-1.7,-1.7
401705201,DAL,6442,42.0,12.3,10.8
401705201,DAL,6475,26.0,4.6,3.0
401705201,DAL,2580782,26.0,6.0,6.5
401705201,DAL,2960236,11.0,-1.5,-2.2
401705201,DAL,4278049,33.0,21.8,19.2
401705201,DAL,4278078,40.0,12.5,10.8
401705201,DAL,4397014,26.0,16.7,15.5
401705201,DAL,4397040,2.0,0.0,0.0
401705201,DAL,4397693,12.0,0.1,-1.4
401705201,DAL,4595400,4.0,-1.0,-1.0
401705201,DAL,4708972,2.0,0.0,0.0
401705201,DAL,4868423,15.0,6.8,6.7
401705202,BKN,3136776,26.0,20.0,17.5
401705202,BKN,4278067,26.0,11.2,9.5
401705202,BKN,4397179,25.0,4.2,3.4
401705202,BKN,4431714,36.0,13.9,11.2
401705202,BKN,4432192,37.0,13.6,12.3
401705202,BKN,4432194,16.0,8.0,7.1
401705202,BKN,4433137,20.0,-3.3,-3.2
401705202,BKN,4597865,21.0,-1.2,-2.1
401705202,BKN,4712896,34.0,7.3,3.8
401705202,MIA,3074752,30.0,11.5,10.8
401705202,MIA,3157465,33.0,7.8,6.6
401705202,MIA,4066261,37.0,15.0,12.6
401705202,MIA,4291678,21.0,-1.3,-2.4
401705202,MIA,4395725,36.0,20.9,19.0
401705202,MIA,4432848,26.0,6.3,6.0
401705202,MIA,4601025,5.0,0.0,0.0
401705202,MIA,4997528,31.0,16.9,13.6
401705202,MIA,5105623,23.0,4.7,-0.1
401705203,CHA,3986,12.0,5.1,5.1
401705203,CHA,2326307,19.0,14.1,13.9
401705203,CHA,3102532,24.0,10.1,9.5
401705203,CHA,3913220,27.0,6.6,4.0
401705203,CHA,4065663,20.0,8.9,3.7
401705203,CHA,4066383,28.0,18.3,16.8
401705203,CHA,4431727,3.0,3.3,2.0
401705203,CHA,4432811,24.0,9.5,8.7
401705203,CHA,4432816,30.0,17.3,13.6
401705203,CHA,4433249,29.0,14.7,11.5
401705203,CHA,4683686,23.0,1.2,1.3
401705203,NOP,2451037,11.0,1.8,1.4
401705203,NOP,2490149,23.0,1.4,1.9
401705203,NOP,2596112,24.0,8.3,7.1
401705203,NOP,4277869,32.0,4.7,4.1
401705203,NOP,4395628,26.0,19.6,17.1
401705203,NOP,4397688,37.0,10.7,7.5
401705203,NOP,4432813,11.0,-2.3,-2.4
401705203,NOP,4592686,12.0,-0.7,-0.7
401705203,NOP,4683750,39.0,10.7,7.3
401705203,NOP,4997538,6.0,-1.1,-1.7
401705203,NOP,5061589,19.0,12.2,10.0
401705204,DET,6440,17.0,1.4,0.4
401705204,DET,2528210,33.0,11.6,10.0
401705204,DET,3899664,17.0,0.8,-0.7
401705204,DET,3907822,30.0,14.4,12.6
401705204,DET,4278562,1.0,0.0,0.0
401705204,DET,4432107,10.0,0.3,0.7
401705204,DET,4432166,38.0,24.3,22.6
401705204,DET,4432810,16.0,2.8,2.4
401705204,DET,4433621,32.0,6.7,5.5
401705204,DET,4683771,16.0,10.6,9.5
401705204,DET,4684742,30.0,14.5,10.9
401705204,ORL,2581018,37.0,2.9,1.1
401705204,ORL,4065654,20.0,16.3,13.1
401705204,ORL,4277847,32.0,11.7,9.9
401705204,ORL,4432165,16.0,1.1,1.5
401705204,ORL,4432573,40.0,22.4,20.8
401705204,ORL,4432809,19.0,2.2,2.8
401705204,ORL,4566434,30.0,25.7,25.2
401705204,ORL,4702382,26.0,6.8,3.7
401705204,ORL,4712849,19.0,3.2,3.0
401705204,ORL,5105806,1.0,0.0,0.0
401705205,ATL,2580365,20.0,-1.3,-1.8
401705205,ATL,3037789,26.0,0.3,-1.8
401705205,ATL,3102529,14.0,2.1,2.0
401705205,ATL,3913180,25.0,0.7,-0.7
401705205,ATL,4277905,38.0,1.0,0.9
401705205,ATL,4279318,7.0,3.9,4.0
401705205,ATL,4431680,29.0,22.6,17.3
401705205,ATL,4578893,35.0,21.6,17.4
401705205,ATL,4593041,7.0,4.6,3.0
401705205,ATL,4869342,34.0,12.7,8.2
401705205,ATL,4870562,3.0,0.2,-0.1
401705205,TOR,4023,3.0,0.7,0.0
401705205,TOR,3134908,27.0,13.7,7.9
401705205,TOR,3948153,21.0,21.0,18.8
401705205,TOR,4065670,27.0,0.6,-0.7
401705205,TOR,4278053,26.0,5.8,5.4
401705205,TOR,4395625,30.0,20.9,18.9
401705205,TOR,4432241,22.0,0.9,1.7
401705205,TOR,4433134,32.0,24.4,18.3
401705205,TOR,4593049,21.0,0.3,-1.7
401705205,TOR,4684272,16.0,8.2,5.7
401705205,TOR,5106258,14.0,0.6,2.3
401705206,CLE,6474,5.0,-2.6,-1.0
401705206,CLE,2990969,29.0,18.4,17.8
401705206,CLE,3908809,37.0,23.9,22.3
401705206,CLE,4065733,18.0,3.1,3.3
401705206,CLE,4065778,35.0,14.0,13.6
401705206,CLE,4066328,29.0,7.5,7.2
401705206,CLE,4066757,17.0,3.9,3.4
401705206,CLE,4396907,36.0,33.8,34.6
401705206,CLE,4432158,29.0,3.5,0.8
401705206,CLE,4701233,5.0,-1.7,-2.7
401705206,HOU,2991230,38.0,16.4,16.2
401705206,HOU,2991235,15.0,14.3,12.0
401705206,HOU,3136777,12.0,4.1,5.4
401705206,HOU,3155526,33.0,11.4,9.1
401705206,HOU,4433192,22.0,3.7,3.4
401705206,HOU,4437244,36.0,18.1,18.4
401705206,HOU,4684740,41.0,27.3,22.7
401705206,HOU,4871144,33.0,19.4,19.5
401705206,HOU,5105592,10.0,0.6,0.7
401705207,NYK,3062679,40.0,27.5,23.0
401705207,NYK,3064230,10.0,-0.0,1.6
401705207,NYK,3136195,28.0,15.7,12.1
401705207,NYK,3147657,35.0,22.9,22.1
401705207,NYK,3908336,2.0,1.3,0.0
401705207,NYK,3914044,13.0,7.2,6.7
401705207,NYK,3934672,36.0,23.7,22.4
401705207,NYK,3934719,35.0,31.2,29.0
401705207,NYK,4277922,2.0,0.7,0.7
401705207,NYK,4431679,18.0,7.3,3.4
401705207,NYK,4431823,17.0,-1.6,-1.5
401705207,NYK,4433225,2.0,-0.7,-0.7
401705207,NYK,4592461,3.0,1.0,0.0
401705207,SAC,3978,35.0,13.1,13.4
401705207,SAC,2528588,9.0,-0.4,0.0
401705207,SAC,2596107,3.0,-0.8,-0.7
401705207,SAC,3134916,3.0,0.0,0.0
401705207,SAC,3136196,13.0,3.5,3.3
401705207,SAC,3155942,34.0,27.9,26.4
401705207,SAC,4066259,34.0,4.1,3.2
401705207,SAC,4066262,34.0,26.1,25.0
401705207,SAC,4066372,10.0,1.3,1.0
401705207,SAC,4433188,8.0,4.0,4.4
401705207,SAC,4594327,39.0,13.1,8.5
401705207,SAC,4702177,17.0,6.2,4.0
401705208,CHI,6478,34.0,25.1,21.0
401705208,CHI,3064440,38.0,14.8,12.5
401705208,CHI,4066421,24.0,9.9,6.7
401705208,CHI,4396991,8.0,-0.2,-0.7
401705208,CHI,4397002,28.0,1.8,2.3
401705208,CHI,4397189,14.0,9.9,8.8
401705208,CHI,4431687,27.0,-3.4,-4.2
401705208,CHI,4433159,10.0,-1.4,-1.0
401705208,CHI,4711294,12.0,3.9,3.7
401705208,CHI,4871145,38.0,6.6,5.2
401705208,CHI,5105553,7.0,3.0,1.7
401705208,PHI,3012,15.0,2.2,0.0
401705208,PHI,3431,29.0,13.0,9.7
401705208,PHI,4251,13.0,6.0,5.7
401705208,PHI,6443,15.0,6.9,7.0
401705208,PHI,3133603,37.0,18.1,14.6
401705208,PHI,4017844,29.0,1.4,1.4
401705208,PHI,4431678,43.0,27.2,23.0
401705208,PHI,4701234,11.0,7.3,6.7
401705208,PHI,4711297,29.0,2.4,0.2
401705208,PHI,5105637,19.0,4.2,3.4
401705209,MEM,3134932,16.0,4.2,1.3
401705209,MEM,3906665,18.0,4.9,2.4
401705209,MEM,3913174,21.0,0.6,-1.4
401705209,MEM,4065731,3.0,0.7,0.7
401705209,MEM,4066320,29.0,17.2,15.3
401705209,MEM,4277961,30.0,24.7,22.8
401705209,MEM,4279888,26.0,6.9,7.5
401705209,MEM,4431785,19.0,5.8,4.7
401705209,MEM,4600663,28.0,19.5,14.4
401705209,MEM,5105550,24.0,12.7,11.7
401705209,MEM,5112087,29.0,13.6,13.1
401705209,UTA,3133602,25.0,10.3,10.1
401705209,UTA,3914285,8.0,2.7,3.1
401705209,UTA,4066336,32.0,5.7,3.9
401705209,UTA,4277811,30.0,11.2,11.6
401705209,UTA,4397449,22.0,11.2,8.1
401705209,UTA,4433136,29.0,15.4,12.4
401705209,UTA,4433627,33.0,2.7,2.6
401705209,UTA,4683766,33.0,5.7,3.5
401705209,UTA,4684793,20.0,11.6,9.8
401705209,UTA,5105839,9.0,-1.3,-0.4
401705210,GSW,3975,32.0,7.1,5.6
401705210,GSW,2990984,21.0,5.1,4.2
401705210,GSW,3032979,22.0,8.4,7.5
401705210,GSW,3059319,35.0,15.2,13.2
401705210,GSW,3134903,15.0,13.6,11.9
401705210,GSW,3155535,10.0,0.8,0.0
401705210,GSW,4066317,2.0,0.0,0.0
401705210,GSW,4431684,14.0,4.5,4.0
401705210,GSW,4432171,21.0,7.7,7.4
401705210,GSW,4593016,23.0,4.8,4.4
401705210,GSW,4709138,24.0,19.2,16.6
401705210,GSW,4997536,20.0,3.1,2.6
401705210,LAL,1966,35.0,20.2,18.0
401705210,LAL,6583,36.0,32.4,26.5
401705210,LAL,2578185,26.0,6.9,6.4
401705210,LAL,3137259,25.0,2.1,3.0
401705210,LAL,4066457,39.0,16.2,14.0
401705210,LAL,4278077,12.0,6.2,3.8
401705210,LAL,4397077,12.0,1.0,1.1
401705210,LAL,4432582,31.0,11.2,9.5
401705210,LAL,4897943,23.0,8.3,8.4
401705211,PHX,3202,39.0,23.4,21.6
401705211,PHX,6580,39.0,17.9,16.8
401705211,PHX,2488653,14.0,7.1,4.4
401705211,PHX,2583632,17.0,1.8,-0.1
401705211,PHX,3135045,25.0,4.6,4.0
401705211,PHX,3135046,32.0,12.3,12.2
401705211,PHX,3136193,39.0,12.4,9.3
401705211,PHX,4278076,34.0,20.3,16.9
401705211,PHX,4888725,2.0,0.6,0.6
401705211,WAS,6477,17.0,13.7,12.8
401705211,WAS,3134907,34.0,19.9,18.1
401705211,WAS,4277956,36.0,23.7,17.3
401705211,WAS,4280151,24.0,3.2,3.4
401705211,WAS,4432907,4.0,-1.1,-0.7
401705211,WAS,4845374,26.0,7.6,8.4
401705211,WAS,5104155,36.0,11.5,11.2
401705211,WAS,5160992,31.0,9.7,5.9
401705211,WAS,5174563,32.0,3.2,0.7
401705212,LAC,3416,17.0,-0.7,-0.7
401705212,LAC,3992,35.0,35.4,34.0
401705212,LAC,6450,24.0,12.6,12.8
401705212,LAC,2595516,36.0,23.1,21.7
401705212,LAC,3907823,14.0,2.1,1.3
401705212,LAC,3936099,28.0,0.6,2.1
401705212,LAC,4017837,29.0,12.1,8.8
401705212,LAC,4066387,31.0,7.5,6.0
401705212,LAC,4397140,24.0,11.1,6.4
401705212,LAC,4431752,1.0,0.0,0.0
401705212,MIL,3448,41.0,11.6,9.7
401705212,MIL,6606,40.0,27.1,23.5
401705212,MIL,6609,19.0,-2.5,-2.1
401705212,MIL,2578239,9.0,0.6,0.7
401705212,MIL,2990962,37.0,15.6,13.2
401705212,MIL,3032977,35.0,25.1,22.3
401705212,MIL,4277843,34.0,11.9,12.5
401705212,MIL,4279532,1.0,0.0,0.0
401705212,MIL,4432179,1.0,0.0,0.0
401705212,MIL,4432190,11.0,2.2,2.4
401705212,MIL,4591725,10.0,-2.9,-1.7
401705212,MIL,5167876,1.0,1.7,1.7
401705213,OKC,2991350,23.0,0.8,1.0
401705213,OKC,3133626,14.0,6.0,5.8
401705213,OKC,4222252,33.0,18.1,16.5
401705213,OKC,4278073,37.0,25.5,21.7
401705213,OKC,4395702,25.0,13.0,12.8
401705213,OKC,4397183,17.0,1.5,0.6
401705213,OKC,4432823,15.0,6.4,5.1
401705213,OKC,4593803,37.0,22.3,19.1
401705213,OKC,4683692,30.0,2.1,2.4
401705213,OKC,4997526,11.0,4.6,5.1
401705213,POR,2991070,29.0,-0.4,1.0
401705213,POR,4066211,21.0,-0.5,-2.1
401705213,POR,4351851,35.0,10.5,10.3
401705213,POR,4397885,8.0,1.9,2.7
401705213,POR,4431736,35.0,20.8,21.0
401705213,POR,4594326,5.0,0.0,0.0
401705213,POR,4683021,38.0,26.1,24.1
401705213,POR,4683678,30.0,15.4,14.0
401705213,POR,4914336,19.0,3.7,3.1
401705213,POR,5105565,20.0,-1.1,-2.4
401705214,CHA,3986,4.0,0.2,0.0
401705214,CHA,2326307,12.0,-0.4,-0.7
401705214,CHA,3102532,33.0,2.9,3.1
401705214,CHA,3913220,13.0,6.9,7.5
401705214,CHA,4065663,25.0,17.7,13.4
401705214,CHA,4066383,37.0,18.8,15.4
401705214,CHA,4431727,6.0,5.4,4.4
401705214,CHA,4432811,33.0,13.2,11.1
401705214,CHA,4432816,9.0,4.2,3.6
401705214,CHA,4433249,11.0,3.6,3.4
401705214,CHA,4683686,25.0,2.2,2.4
401705214,CHA,4701232,33.0,9.7,8.1
401705214,LAL,1966,36.0,15.6,13.5
401705214,LAL,6583,37.0,35.7,31.4
401705214,LAL,2578185,27.0,5.5,4.1
401705214,LAL,3915195,12.0,-0.9,0.0
401705214,LAL,4066457,38.0,16.1,12.3
401705214,LAL,4278077,13.0,3.6,1.7
401705214,LAL,4397077,17.0,8.8,5.8
401705214,LAL,4432582,39.0,6.2,5.7
401705214,LAL,4897943,21.0,0.3,0.3
401705215,CLE,6474,3.0,-0.4,-0.7
401705215,CLE,2990969,20.0,-5.6,-4.2
401705215,CLE,3908809,31.0,19.8,18.2
401705215,CLE,4065733,23.0,12.8,12.9
401705215,CLE,4065778,26.0,9.4,6.4
401705215,CLE,4066328,31.0,15.0,12.1
401705215,CLE,4066757,23.0,5.8,5.0
401705215,CLE,4396907,31.0,15.7,14.5
401705215,CLE,4432158,28.0,17.2,11.1
401705215,CLE,4433620,3.0,0.0,0.0
401705215,CLE,4683747,14.0,4.2,4.0
401705215,CLE,4701233,6.0,0.3,0.0
401705215,DET,6440,27.0,-3.4,-3.2
401705215,DET,2528210,31.0,6.1,5.0
401705215,DET,3899664,19.0,2.2,1.3
401705215,DET,3907822,23.0,15.9,13.7
401705215,DET,4278562,3.0,1.3,0.7
401705215,DET,4432107,19.0,10.7,10.5
401705215,DET,4432166,33.0,10.0,10.3
401705215,DET,4432810,16.0,2.8,2.4
401705215,DET,4433621,29.0,13.1,8.5
401705215,DET,4592187,4.0,2.0,2.0
401705215,DET,4683771,16.0,2.5,2.7
401705215,DET,4684742,20.0,0.9,-1.7
401705216,BOS,3995,31.0,5.0,3.0
401705216,BOS,3064560,33.0,16.0,14.0
401705216,BOS,3102531,25.0,16.1,15.6
401705216,BOS,3917376,38.0,16.6,16.3
401705216,BOS,4065648,42.0,15.7,14.5
401705216,BOS,4066354,31.0,16.0,14.2
401705216,BOS,4277964,6.0,-3.5,-3.1
401705216,BOS,4397424,19.0,2.8,2.4
401705216,BOS,4397689,3.0,-0.8,-0.7
401705216,BOS,4432164,7.0,2.6,1.3
401705216,BOS,4683689,4.0,-0.7,-0.7
401705216,HOU,2991230,37.0,7.7,6.4
401705216,HOU,2991235,14.0,2.3,2.8
401705216,HOU,3136777,5.0,-1.5,-0.7
401705216,HOU,3155526,40.0,25.2,25.1
401705216,HOU,3922230,15.0,1.1,2.7
401705216,HOU,4433192,25.0,3.2,1.2
401705216,HOU,4437244,30.0,8.0,6.5
401705216,HOU,4684740,42.0,30.3,27.3
401705216,HOU,4871144,34.0,16.0,14.0
401705217,BKN,3136776,29.0,12.7,12.3
401705217,BKN,4278067,25.0,5.3,4.5
401705217,BKN,4397179,24.0,5.6,5.7
401705217,BKN,4431714,40.0,6.6,6.2
401705217,BKN,4432187,12.0,1.4,1.4
401705217,BKN,4432192,23.0,4.9,5.9
401705217,BKN,4432194,23.0,18.5,14.3
401705217,BKN,4433137,22.0,1.7,-0.2
401705217,BKN,4597865,29.0,11.6,8.5
401705217,BKN,4712896,12.0,1.2,0.9
401705217,SAC,3978,37.0,12.4,11.8
401705217,SAC,2528588,7.0,-2.5,-2.8
401705217,SAC,2596107,5.0,-0.7,-0.3
401705217,SAC,3136196,15.0,4.5,2.3
401705217,SAC,3155942,41.0,23.6,20.8
401705217,SAC,4066259,37.0,24.7,26.0
401705217,SAC,4066262,34.0,12.5,11.0
401705217,SAC,4433188,10.0,-2.3,-1.7
401705217,SAC,4594327,24.0,7.1,6.1
401705217,SAC,4702177,30.0,11.4,7.4
401705218,MIA,3449,2.0,0.0,0.0
401705218,MIA,3074752,23.0,7.2,7.6
401705218,MIA,3157465,45.0,13.2,10.1
401705218,MIA,4066261,44.0,24.8,22.7
401705218,MIA,4291678,19.0,7.4,6.9
401705218,MIA,4395725,48.0,20.9,18.2
401705218,MIA,4601025,19.0,1.8,3.0
401705218,MIA,4997528,47.0,9.9,7.0
401705218,MIA,5105623,43.0,16.5,12.8
401705218,ORL,2581018,36.0,2.2,2.3
401705218,ORL,4065654,18.0,11.5,10.4
401705218,ORL,4277847,36.0,15.7,14.0
401705218,ORL,4348700,22.0,12.8,10.1
401705218,ORL,4432573,44.0,4.8,3.5
401705218,ORL,4432809,18.0,3.8,3.5
401705218,ORL,4566434,40.0,15.0,13.4
401705218,ORL,4702382,34.0,15.5,14.6
401705218,ORL,4712849,42.0,14.6,9.4
401705219,MEM,3134932,4.0,0.0,0.0
401705219,MEM,3906665,17.0,8.6,7.1
401705219,MEM,3913174,20.0,9.6,9.0
401705219,MEM,4065731,4.0,3.4,3.4
401705219,MEM,4066320,30.0,8.4,6.1
401705219,MEM,4277961,33.0,11.8,11.1
401705219,MEM,4279888,27.0,2.2,1.0
401705219,MEM,4431785,17.0,2.7,2.6
401705219,MEM,4592691,13.0,1.8,-0.3
401705219,MEM,4593125,22.0,7.8,5.8
401705219,MEM,4600663,19.0,8.6,6.2
401705219,MEM,5105550,17.0,3.4,3.2
401705219,MEM,5112087,17.0,4.5,4.0
401705219,NYK,3062679,27.0,8.1,5.5
401705219,NYK,3064230,16.0,6.2,5.0
401705219,NYK,3136195,33.0,21.7,18.6
401705219,NYK,3147657,34.0,25.2,22.4
401705219,NYK,3908336,2.0,0.3,0.0
401705219,NYK,3914044,12.0,2.7,2.0
401705219,NYK,3934672,25.0,16.9,16.5
401705219,NYK,3934719,34.0,19.6,11.7
401705219,NYK,4277922,4.0,2.7,2.4
401705219,NYK,4431679,20.0,15.7,10.8
401705219,NYK,4431823,24.0,14.6,11.5
401705219,NYK,4433225,4.0,4.1,4.1
401705219,NYK,4592461,4.0,-0.1,0.0
401705219,NYK,4871141,2.0,2.0,2.0
401705220,NOP,2451037,14.0,-1.5,-1.0
401705220,NOP,2490149,36.0,12.8,9.5
401705220,NOP,2596112,27.0,8.3,5.9
401705220,NOP,3907497,36.0,19.3,15.2
401705220,NOP,4277869,18.0,2.3,1.4
401705220,NOP,4395628,27.0,23.4,20.8
401705220,NOP,4397688,39.0,10.8,6.4
401705220,NOP,4683750,21.0,3.9,3.0
401705220,NOP,5061589,22.0,3.2,-1.0
401705220,TOR,3134908,32.0,24.0,20.8
401705220,TOR,3948153,18.0,11.6,9.7
401705220,TOR,4065670,29.0,13.5,8.8
401705220,TOR,4278053,24.0,1.8,2.4
401705220,TOR,4395625,34.0,10.7,9.6
401705220,TOR,4397018,12.0,0.3,0.0
401705220,TOR,4432241,24.0,0.5,0.0
401705220,TOR,4433134,37.0,19.9,15.0
401705220,TOR,4593049,11.0,2.1,3.4
401705220,TOR,5106258,19.0,5.8,6.3
401705221,CHI,6478,34.0,12.9,10.5
401705221,CHI,3064440,35.0,16.6,14.5
401705221,CHI,4066421,25.0,15.9,13.4
401705221,CHI,4396991,4.0,-0.5,0.0
401705221,CHI,4397002,34.0,13.0,10.7
401705221,CHI,4397189,14.0,4.4,2.0
401705221,CHI,4431687,28.0,11.3,8.8
401705221,CHI,4433159,13.0,13.4,11.9
401705221,CHI,4711294,20.0,8.3,7.5
401705221,CHI,4871145,27.0,16.7,12.8
401705221,CHI,5105553,6.0,3.3,4.1
401705221,DEN,3468,35.0,12.8,12.3
401705221,DEN,3064290,22.0,6.7,4.4
401705221,DEN,3112335,40.0,35.8,31.5
401705221,DEN,3936299,40.0,14.6,10.8
401705221,DEN,4278104,32.0,11.4,9.7
401705221,DEN,4431767,33.0,26.5,23.4
401705221,DEN,4432181,15.0,-1.6,-2.1
401705221,DEN,4576087,24.0,6.3,1.4
401705222,ATL,3102529,21.0,14.2,10.6
401705222,ATL,3913180,26.0,3.9,2.7
401705222,ATL,4065732,32.0,22.2,22.4
401705222,ATL,4279118,35.0,10.2,8.8
401705222,ATL,4431680,27.0,-1.1,-2.6
401705222,ATL,4578893,34.0,2.5,1.5
401705222,ATL,4593041,18.0,1.5,0.0
401705222,ATL,4712863,19.0,2.4,-0.1
401705222,ATL,4870562,9.0,-0.5,0.0
401705222,ATL,5211175,20.0,8.5,5.3
401705222,MIN,3195,31.0,5.5,0.6
401705222,MIN,3032976,38.0,18.6,16.5
401705222,MIN,3064514,32.0,10.7,9.4
401705222,MIN,4278039,22.0,1.8,1.7
401705222,MIN,4396971,29.0,11.0,10.5
401705222,MIN,4431671,33.0,11.2,5.7
401705222,MIN,4594268,35.0,13.8,11.0
401705222,MIN,4684275,11.0,4.8,2.2
401705222,MIN,4687718,8.0,-1.5,-1.4
401705223,DAL,6442,28.0,10.7,10.4
401705223,DAL,6461,12.0,-1.9,-1.8
401705223,DAL,6475,24.0,17.1,15.5
401705223,DAL,2580782,26.0,15.5,13.0
401705223,DAL,3950760,8.0,1.4,1.3
401705223,DAL,4278049,24.0,20.7,17.4
401705223,DAL,4278078,25.0,18.1,14.9
401705223,DAL,4397014,25.0,7.2,6.8
401705223,DAL,4397040,8.0,1.7,1.8
401705223,DAL,4397693,23.0,7.8,5.8
401705223,DAL,4595400,25.0,17.3,17.1
401705223,DAL,4868423,13.0,6.3,6.4
401705223,WAS,6477,19.0,6.2,5.8
401705223,WAS,2581184,6.0,0.5,0.9
401705223,WAS,2993370,10.0,8.0,7.1
401705223,WAS,3134907,21.0,3.7,2.3
401705223,WAS,4277956,29.0,10.9,9.8
401705223,WAS,4280151,30.0,9.2,8.6
401705223,WAS,4432356,6.0,3.3,2.4
401705223,WAS,4432907,12.0,9.0,6.5
401705223,WAS,4433246,9.0,2.3,2.0
401705223,WAS,4845374,25.0,4.0,4.0
401705223,WAS,4997537,8.0,7.3,7.4
401705223,WAS,5104155,29.0,14.2,10.7
401705223,WAS,5160992,11.0,2.3,2.0
401705223,WAS,5174563,25.0,-3.1,-2.1
401705224,MIL,3448,35.0,10.2,8.1
401705224,MIL,6606,41.0,26.6,24.4
401705224,MIL,6609,27.0,17.7,18.0
401705224,MIL,2578239,7.0,3.6,2.7
401705224,MIL,2990962,32.0,8.8,7.2
401705224,MIL,3032977,37.0,32.4,26.1
401705224,MIL,4277843,27.0,5.2,3.9
401705224,MIL,4432190,26.0,8.2,6.9
401705224,MIL,4591725,7.0,-1.1,-0.3
401705224,UTA,2528426,22.0,8.4,9.0
401705224,UTA,3914285,22.0,4.4,1.3
401705224,UTA,4066336,36.0,10.8,9.6
401705224,UTA,4066399,23.0,-0.2,-2.1
401705224,UTA,4277811,27.0,17.0,17.5
401705224,UTA,4397449,10.0,-0.2,1.0
401705224,UTA,4433627,31.0,11.4,10.4
401705224,UTA,4683766,28.0,12.9,9.7
401705224,UTA,4684793,26.0,6.4,6.1
401705224,UTA,5105839,15.0,14.8,12.8
401705225,LAC,3416,12.0,-0.1,-0.7
401705225,LAC,3992,37.0,18.0,15.5
401705225,LAC,6450,28.0,12.2,9.1
401705225,LAC,2595516,38.0,21.1,16.4
401705225,LAC,3907823,7.0,-0.1,0.3
401705225,LAC,3936099,31.0,14.4,11.1
401705225,LAC,4017837,34.0,25.4,21.2
401705225,LAC,4066387,34.0,3.2,3.7
401705225,LAC,4277919,5.0,0.0,-0.7
401705225,LAC,4397140,14.0,-1.5,-2.4
401705225,PHX,3202,40.0,15.6,12.8
401705225,PHX,6580,33.0,5.6,4.1
401705225,PHX,2488653,26.0,1.8,0.8
401705225,PHX,2583632,25.0,10.9,6.3
401705225,PHX,3135045,28.0,16.1,12.6
401705225,PHX,3135046,28.0,16.5,15.6
401705225,PHX,3136193,39.0,20.4,19.9
401705225,PHX,4278076,20.0,1.7,1.4
401705226,LAL,1966,33.0,25.1,22.4
401705226,LAL,6583,10.0,4.1,3.1
401705226,LAL,2578185,19.0,-4.9,-3.8
401705226,LAL,3915195,6.0,-0.7,-0.7
401705226,LAL,4066457,34.0,13.4,11.0
401705226,LAL,4066648,24.0,8.6,8.8
401705226,LAL,4395627,18.0,4.8,3.9
401705226,LAL,4397077,19.0,3.8,3.4
401705226,LAL,4431778,18.0,7.3,6.5
401705226,LAL,4432582,22.0,0.4,-0.4
401705226,LAL,4683774,15.0,-4.6,-5.8
401705226,LAL,4897943,23.0,18.2,17.1
401705226,PHI,3012,16.0,1.5,-1.0
401705226,PHI,3431,31.0,12.6,11.4
401705226,PHI,6443,12.0,-1.7,-2.1
401705226,PHI,3133603,39.0,15.3,13.5
401705226,PHI,4017844,27.0,16.1,11.6
401705226,PHI,4066786,4.0,-1.4,-1.4
401705226,PHI,4397233,7.0,0.3,0.0
401705226,PHI,4431678,36.0,32.5,31.2
401705226,PHI,4701234,20.0,16.9,13.8
401705226,PHI,4711297,29.0,6.0,3.4
401705226,PHI,5105637,20.0,3.3,2.9
401705227,GSW,2990984,22.0,-0.6,-0.7
401705227,GSW,2993874,11.0,5.4,5.1
401705227,GSW,3032979,34.0,15.9,13.0
401705227,GSW,3059319,33.0,12.0,10.4
401705227,GSW,3134903,10.0,0.8,1.0
401705227,GSW,3155535,24.0,12.0,8.2
401705227,GSW,4431684,6.0,3.7,4.1
401705227,GSW,4432171,27.0,11.6,12.0
401705227,GSW,4593016,16.0,6.7,7.7
401705227,GSW,4709138,32.0,17.5,14.8
401705227,GSW,4997536,23.0,9.6,8.5
401705227,UTA,4004,14.0,-0.8,-1.4
401705227,UTA,3133602,21.0,-1.0,-0.4
401705227,UTA,3914285,23.0,14.0,10.4
401705227,UTA,4066399,30.0,14.9,12.9
401705227,UTA,4277811,34.0,24.3,23.3
401705227,UTA,4397449,6.0,0.2,-0.7
401705227,UTA,4433627,32.0,6.4,6.2
401705227,UTA,4683766,32.0,10.6,10.7
401705227,UTA,4684793,20.0,8.6,7.8
401705227,UTA,5105839,27.0,3.7,3.3
401705228,MIL,3448,35.0,7.1,5.3
401705228,MIL,6606,38.0,16.6,15.1
401705228,MIL,6609,15.0,-2.6,-1.7
401705228,MIL,2578239,14.0,3.0,2.4
401705228,MIL,2990962,20.0,1.3,1.3
401705228,MIL,3032977,36.0,30.1,29.3
401705228,MIL,4277843,27.0,11.2,7.7
401705228,MIL,4279532,3.0,0.6,-0.4
401705228,MIL,4432179,6.0,3.3,3.4
401705228,MIL,4432190,26.0,11.7,10.0
401705228,MIL,4433622,3.0,0.0,0.0
401705228,MIL,4591725,15.0,6.6,7.8
401705228,POR,2991070,16.0,5.5,6.3
401705228,POR,4066268,1.0,0.0,0.0
401705228,POR,4278129,34.0,17.4,13.8
401705228,POR,4351851,38.0,21.5,20.6
401705228,POR,4431736,40.0,10.3,8.6
401705228,POR,4432446,1.0,-0.7,-0.7
401705228,POR,4576086,1.0,2.0,2.0
401705228,POR,4594326,1.0,0.0,0.0
401705228,POR,4683021,38.0,21.3,19.1
401705228,POR,4683678,27.0,10.5,9.5
401705228,POR,4914336,31.0,13.4,11.4
401705228,POR,5099752,1.0,0.0,0.0
401705228,POR,5105565,11.0,6.0,5.9
401705229,BKN,3136776,22.0,9.7,5.9
401705229,BKN,3907387,23.0,8.2,8.2
401705229,BKN,4278067,28.0,15.6,9.0
401705229,BKN,4431675,18.0,6.1,5.7
401705229,BKN,4431714,35.0,11.6,12.1
401705229,BKN,4432187,10.0,3.6,2.4
401705229,BKN,4432192,31.0,13.8,10.7
401705229,BKN,4432194,10.0,5.2,4.4
401705229,BKN,4433137,33.0,12.6,10.1
401705229,BKN,4597865,30.0,10.7,9.3
401705229,CHA,3986,18.0,1.3,-0.7
401705229,CHA,2326307,16.0,2.2,2.3
401705229,CHA,3102532,28.0,11.9,11.9
401705229,CHA,3913220,21.0,1.3,0.0
401705229,CHA,4065663,26.0,5.5,5.4
401705229,CHA,4066383,32.0,17.5,11.2
401705229,CHA,4431727,19.0,5.6,4.3
401705229,CHA,4433249,27.0,13.5,12.1
401705229,CHA,4683686,27.0,-5.5,-6.2
401705229,CHA,4683834,27.0,1.3,0.8
401705230,DET,6440,36.0,11.2,8.3
401705230,DET,2528210,28.0,1.5,1.3
401705230,DET,3899664,17.0,7.6,4.7
401705230,DET,3907822,29.0,16.5,15.7
401705230,DET,4278562,9.0,0.7,-0.7
401705230,DET,4432107,12.0,3.7,4.1
401705230,DET,4432166,37.0,24.2,23.3
401705230,DET,4432810,8.0,0.5,1.3
401705230,DET,4433621,31.0,15.0,13.3
401705230,DET,4592187,2.0,0.7,0.7
401705230,DET,4683771,9.0,3.6,3.3
401705230,DET,4684742,19.0,8.4,8.0
401705230,DET,4906923,2.0,0.7,0.7
401705230,IND,3999,2.0,-0.7,-0.7
401705230,IND,2530530,21.0,10.6,6.5
401705230,IND,3133628,29.0,19.6,18.0
401705230,IND,3149673,31.0,30.6,29.7
401705230,IND,3934723,17.0,6.8,6.3
401705230,IND,4278355,17.0,0.9,0.6
401705230,IND,4396909,32.0,-0.2,-0.7
401705230,IND,4396993,32.0,29.0,26.2
401705230,IND,4431941,2.0,2.7,2.7
401705230,IND,4433076,33.0,12.0,11.9
401705230,IND,5106060,21.0,1.9,0.7
401705230,IND,5157066,4.0,0.6,0.0
401705231,TOR,4023,6.0,-1.1,-2.1
401705231,TOR,3134908,27.0,13.5,10.6
401705231,TOR,3948153,15.0,-1.0,0.0
401705231,TOR,4065670,19.0,10.8,6.7
401705231,TOR,4278053,27.0,10.5,10.8
401705231,TOR,4395625,28.0,5.2,6.3
401705231,TOR,4397018,24.0,10.5,6.3
401705231,TOR,4432241,21.0,11.1,10.2
401705231,TOR,4433134,29.0,18.2,17.2
401705231,TOR,4593049,21.0,6.4,6.3
401705231,TOR,4684272,22.0,0.1,-0.1
401705231,WAS,6477,23.0,4.6,3.4
401705231,WAS,2581184,6.0,1.6,2.0
401705231,WAS,2993370,16.0,9.3,9.6
401705231,WAS,3134907,34.0,10.7,9.2
401705231,WAS,4277956,29.0,-4.3,-4.5
401705231,WAS,4280151,24.0,3.1,0.9
401705231,WAS,4432356,8.0,-1.8,-1.8
401705231,WAS,4432907,15.0,11.8,7.4
401705231,WAS,4433246,6.0,-0.1,-2.0
401705231,WAS,4845374,23.0,0.3,0.0
401705231,WAS,4997537,8.0,3.0,2.7
401705231,WAS,5104155,25.0,1.7,1.2
401705231,WAS,5174563,22.0,4.6,5.4
401705232,BOS,3995,23.0,5.3,3.8
401705232,BOS,3064560,15.0,0.5,1.0
401705232,BOS,3078576,40.0,19.1,18.5
401705232,BOS,3102531,33.0,32.4,27.2
401705232,BOS,3917376,36.0,23.6,22.0
401705232,BOS,4065648,32.0,10.0,8.0
401705232,BOS,4066354,34.0,14.2,11.3
401705232,BOS,4397424,2.0,0.7,0.7
401705232,BOS,4397689,5.0,-0.5,-0.7
401705232,BOS,4432164,20.0,6.1,2.3
401705232,BOS,4683689,2.0,0.3,0.0
401705232,CHI,6478,25.0,4.6,1.7
401705232,CHI,3133635,4.0,2.0,2.0
401705232,CHI,4066421,23.0,6.3,5.4
401705232,CHI,4395651,31.0,6.2,6.0
401705232,CHI,4396991,2.0,0.0,0.0
401705232,CHI,4397002,32.0,8.5,7.4
401705232,CHI,4397189,23.0,9.5,5.0
401705232,CHI,4431687,30.0,14.3,12.2
401705232,CHI,4433159,13.0,0.8,1.7
401705232,CHI,4711294,22.0,9.3,9.4
401705232,CHI,4871145,26.0,10.6,9.5
401705232,CHI,5105553,11.0,1.9,2.3
401705233,CLE,6474,6.0,2.0,1.7
401705233,CLE,2990969,28.0,13.2,11.8
401705233,CLE,3908809,30.0,27.8,26.7
401705233,CLE,4065733,30.0,15.8,15.3
401705233,CLE,4065778,33.0,8.8,5.7
401705233,CLE,4066328,29.0,14.6,10.2
401705233,CLE,4432158,31.0,20.7,18.3
401705233,CLE,4433620,1.0,-0.7,-0.7
401705233,CLE,4683747,30.0,3.2,3.8
401705233,CLE,4701233,21.0,9.0,6.8
401705233,MIA,3074752,33.0,19.1,16.9
401705233,MIA,3157465,30.0,9.2,8.0
401705233,MIA,4066261,38.0,15.8,13.1
401705233,MIA,4291678,26.0,11.0,9.1
401705233,MIA,4395725,34.0,17.0,14.8
401705233,MIA,4432168,1.0,-0.7,-0.7
401705233,MIA,4432848,7.0,-0.5,-1.4
401705233,MIA,4601025,14.0,3.0,1.4
401705233,MIA,4997528,29.0,9.5,9.2
401705233,MIA,5105623,29.0,3.9,3.4
401705234,DEN,3442,8.0,2.6,2.4
401705234,DEN,3468,37.0,11.6,9.8
401705234,DEN,3064290,30.0,13.8,12.6
401705234,DEN,3112335,33.0,14.4,11.1
401705234,DEN,3936299,37.0,22.7,21.5
401705234,DEN,4278104,26.0,6.2,5.7
401705234,DEN,4431767,29.0,10.2,10.1
401705234,DEN,4432181,19.0,3.1,1.6
401705234,DEN,4576087,19.0,1.9,2.0
401705234,NYK,3062679,34.0,16.6,12.5
401705234,NYK,3064230,12.0,5.2,4.3
401705234,NYK,3136195,30.0,14.4,13.2
401705234,NYK,3147657,37.0,4.9,4.2
401705234,NYK,3914044,5.0,0.2,0.6
401705234,NYK,3934672,36.0,34.8,31.3
401705234,NYK,3934719,39.0,15.0,15.7
401705234,NYK,4431679,26.0,4.5,3.7
401705234,NYK,4431823,22.0,11.1,10.5
401705235,PHI,3012,26.0,16.6,17.0
401705235,PHI,3431,22.0,12.7,10.4
401705235,PHI,6443,17.0,8.0,7.1
401705235,PHI,3133603,37.0,14.7,9.7
401705235,PHI,4017844,28.0,7.0,5.4
401705235,PHI,4397233,1.0,0.0,0.0
401705235,PHI,4431678,38.0,21.7,21.3
401705235,PHI,4701234,29.0,10.5,10.0
401705235,PHI,4711297,23.0,5.6,6.8
401705235,PHI,5105637,19.0,4.0,3.4
401705235,SAC,3978,38.0,12.5,12.0
401705235,SAC,2596107,4.0,-0.3,-0.3
401705235,SAC,3136196,15.0,6.8,6.2
401705235,SAC,3155942,40.0,20.5,16.2
401705235,SAC,4066259,35.0,14.0,12.8
401705235,SAC,4066262,40.0,14.7,13.8
401705235,SAC,4066372,10.0,3.0,3.0
401705235,SAC,4433188,3.0,0.0,0.0
401705235,SAC,4594327,37.0,13.8,12.8
401705235,SAC,4702177,18.0,1.3,0.9
401705236,DAL,6442,39.0,21.8,19.6
401705236,DAL,6475,29.0,11.8,11.7
401705236,DAL,2580782,28.0,11.7,9.5
401705236,DAL,4278049,34.0,25.8,22.9
401705236,DAL,4278078,38.0,21.7,18.4
401705236,DAL,4278594,15.0,2.7,2.7
401705236,DAL,4397014,20.0,13.9,11.8
401705236,DAL,4397693,15.0,3.2,3.1
401705236,DAL,4595400,15.0,3.0,1.9
401705236,DAL,4868423,6.0,1.5,1.6
401705236,NOP,2451037,18.0,3.7,1.3
401705236,NOP,2490149,36.0,18.0,17.2
401705236,NOP,2596112,20.0,4.6,1.4
401705236,NOP,3907497,33.0,20.6,19.9
401705236,NOP,4277869,15.0,9.0,9.2
401705236,NOP,4395628,28.0,27.9,25.7
401705236,NOP,4397688,39.0,30.9,28.1
401705236,NOP,4432162,21.0,9.8,5.9
401705236,NOP,5061589,29.0,3.2,-0.0
401705237,LAC,3416,17.0,11.2,9.8
401705237,LAC,3992,37.0,18.0,13.8
401705237,LAC,6450,29.0,24.5,22.7
401705237,LAC,2595516,37.0,20.8,18.8
401705237,LAC,3907823,11.0,-1.5,-1.0
401705237,LAC,3936099,33.0,7.5,5.4
401705237,LAC,4017837,34.0,24.1,20.4
401705237,LAC,4066387,22.0,-0.4,-1.4
401705237,LAC,4396818,1.0,0.7,0.7
401705237,LAC,4397140,18.0,5.1,6.5
401705237,LAC,4431752,1.0,1.7,1.7
401705237,SAS,2779,27.0,6.6,7.1
401705237,SAS,6578,30.0,18.3,15.9
401705237,SAS,4278580,4.0,1.9,1.7
401705237,SAS,4395626,12.0,8.4,8.8
401705237,SAS,4395630,32.0,10.7,10.5
401705237,SAS,4395723,25.0,4.4,4.3
401705237,SAS,4592479,14.0,3.6,1.7
401705237,SAS,4610139,26.0,7.9,6.4
401705237,SAS,4845367,33.0,14.2,12.4
401705237,SAS,5104157,35.0,20.5,15.1
401705238,MIN,3195,30.0,5.4,6.2
401705238,MIN,3032976,34.0,3.7,1.0
401705238,MIN,3064514,35.0,27.7,24.2
401705238,MIN,4277951,4.0,2.0,2.0
401705238,MIN,4278039,35.0,16.3,15.8
401705238,MIN,4431671,37.0,14.8,13.2
401705238,MIN,4432247,10.0,1.9,1.7
401705238,MIN,4594268,40.0,25.6,19.5
401705238,MIN,4684275,15.0,7.7,7.5
401705238,PHX,3202,40.0,33.6,29.4
401705238,PHX,6580,25.0,16.5,16.9
401705238,PHX,2488653,15.0,2.1,1.6
401705238,PHX,2583632,32.0,2.2,0.6
401705238,PHX,3135045,29.0,10.2,7.8
401705238,PHX,3135046,24.0,3.5,2.0
401705238,PHX,3136193,41.0,15.3,16.0
401705238,PHX,4278076,25.0,2.7,2.3
401705238,PHX,4888725,9.0,4.6,5.1
401705239,GSW,3975,33.0,16.2,15.7
401705239,GSW,2990984,15.0,5.9,3.4
401705239,GSW,2993874,15.0,1.8,0.7
401705239,GSW,3032979,26.0,8.9,8.5
401705239,GSW,3059319,38.0,21.0,18.8
401705239,GSW,3134903,25.0,12.3,10.2
401705239,GSW,3155535,25.0,18.6,16.1
401705239,GSW,4432171,17.0,1.2,0.2
401705239,GSW,4593016,8.0,-3.2,-2.0
401705239,GSW,4709138,18.0,11.7,11.2
401705239,GSW,4997536,19.0,1.6,1.4
401705239,OKC,3133626,9.0,-1.2,-1.7
401705239,OKC,4222252,31.0,8.7,5.2
401705239,OKC,4278073,39.0,37.0,36.7
401705239,OKC,4395702,29.0,12.0,12.1
401705239,OKC,4397020,36.0,2.8,3.1
401705239,OKC,4397183,14.0,-0.2,-0.4
401705239,OKC,4432823,14.0,2.4,1.3
401705239,OKC,4593803,34.0,16.2,13.6
401705239,OKC,4683692,26.0,2.5,-1.0
401705239,OKC,4997526,7.0,0.7,0.4
401705240,LAL,1966,27.0,22.5,22.0
401705240,LAL,3915195,28.0,23.8,21.7
401705240,LAL,4066457,30.0,12.1,10.7
401705240,LAL,4066648,26.0,18.7,16.2
401705240,LAL,4278077,16.0,10.0,5.9
401705240,LAL,4395623,18.0,0.2,0.0
401705240,LAL,4397077,25.0,11.5,8.6
401705240,LAL,4431778,7.0,4.7,4.8
401705240,LAL,4432582,30.0,11.4,10.8
401705240,LAL,4683774,12.0,3.4,2.6
401705240,LAL,4897943,22.0,4.2,3.9
401705240,WAS,6477,18.0,1.4,1.6
401705240,WAS,2581184,6.0,0.3,0.0
401705240,WAS,2993370,15.0,7.3,4.8
401705240,WAS,3134907,21.0,4.4,3.5
401705240,WAS,4277956,25.0,8.8,9.2
401705240,WAS,4280151,18.0,10.3,9.1
401705240,WAS,4395695,17.0,3.1,4.3
401705240,WAS,4432356,10.0,1.2,-0.4
401705240,WAS,4432907,16.0,4.6,4.4
401705240,WAS,4433246,7.0,2.6,2.0
401705240,WAS,4845374,22.0,-0.5,-0.0
401705240,WAS,4997537,12.0,6.0,6.1
401705240,WAS,5104155,26.0,2.9,3.0
401705240,WAS,5174563,27.0,5.9,1.9
401705241,ATL,2580365,15.0,-0.2,-1.4
401705241,ATL,3913180,17.0,4.8,4.0
401705241,ATL,4065732,31.0,18.2,17.1
401705241,ATL,4277905,32.0,11.3,10.4
401705241,ATL,4279118,16.0,0.2,-0.0
401705241,ATL,4431680,28.0,13.0,11.9
401705241,ATL,4578893,21.0,1.6,4.0
401705241,ATL,4593041,4.0,-0.7,-0.7
401705241,ATL,4712863,16.0,8.5,5.0
401705241,ATL,4869342,30.0,8.2,5.8
401705241,ATL,4870562,5.0,1.6,1.0
401705241,ATL,5211175,25.0,26.0,24.1
401705241,CLE,6474,4.0,0.9,0.0
401705241,CLE,2990969,18.0,6.3,7.3
401705241,CLE,3908809,27.0,19.7,18.8
401705241,CLE,4065733,26.0,21.3,19.1
401705241,CLE,4065778,21.0,10.7,8.9
401705241,CLE,4066328,31.0,14.4,11.2
401705241,CLE,4066757,24.0,5.6,3.8
401705241,CLE,4396907,30.0,19.3,18.3
401705241,CLE,4432158,27.0,17.7,13.6
401705241,CLE,4433620,4.0,0.0,0.0
401705241,CLE,4683747,17.0,12.5,11.8
401705241,CLE,4701233,9.0,1.0,1.4
401705241,CLE,4702233,4.0,-0.7,-0.7
401705242,HOU,2991230,36.0,9.3,7.7
401705242,HOU,2991235,23.0,13.4,12.3
401705242,HOU,3136777,11.0,0.9,0.3
401705242,HOU,3146557,16.0,9.2,9.1
401705242,HOU,3155526,30.0,10.3,12.4
401705242,HOU,4433192,30.0,9.4,7.4
401705242,HOU,4437244,39.0,16.4,15.3
401705242,HOU,4684740,38.0,19.8,15.0
401705242,HOU,5105592,17.0,2.8,2.7
401705242,MEM,3906665,31.0,15.2,11.5
401705242,MEM,3913174,33.0,15.0,13.1
401705242,MEM,4066320,40.0,17.0,14.8
401705242,MEM,4277961,31.0,14.9,14.7
401705242,MEM,4431785,12.0,5.6,6.9
401705242,MEM,4592691,10.0,4.7,4.4
401705242,MEM,4593125,26.0,11.1,9.7
401705242,MEM,4600663,17.0,1.4,2.7
401705242,MEM,5105550,9.0,-4.2,-4.5
401705242,MEM,5112087,30.0,12.4,10.2
401705243,MIN,2968436,4.0,0.6,0.7
401705243,MIN,3032976,34.0,21.2,16.6
401705243,MIN,3064514,10.0,3.3,3.0
401705243,MIN,4277951,14.0,15.9,14.9
401705243,MIN,4278039,32.0,12.5,11.1
401705243,MIN,4396971,28.0,14.7,12.9
401705243,MIN,4431671,31.0,-0.1,0.3
401705243,MIN,4432247,17.0,6.6,5.7
401705243,MIN,4594268,35.0,35.6,33.2
401705243,MIN,4684275,23.0,16.3,15.7
401705243,MIN,4687718,8.0,1.0,0.3
401705243,MIN,5044385,4.0,4.6,4.7
401705243,UTA,2528426,25.0,11.2,10.4
401705243,UTA,3908845,28.0,9.6,7.6
401705243,UTA,3914285,13.0,5.4,5.8
401705243,UTA,4066336,31.0,7.8,7.2
401705243,UTA,4277811,30.0,14.1,14.8
401705243,UTA,4433136,27.0,0.8,-2.1
401705243,UTA,4433627,27.0,21.8,21.6
401705243,UTA,4683766,30.0,9.2,9.0
401705243,UTA,4684793,14.0,1.6,1.7
401705243,UTA,5105839,15.0,0.2,-1.1
401705244,ORL,2581018,24.0,1.5,1.3
401705244,ORL,2999547,13.0,3.0,2.7
401705244,ORL,4065654,16.0,10.4,5.8
401705244,ORL,4277847,25.0,11.1,9.4
401705244,ORL,4348700,18.0,2.9,1.8
401705244,ORL,4409222,6.0,-1.5,-0.7
401705244,ORL,4432573,33.0,10.0,7.9
401705244,ORL,4432809,24.0,8.1,8.0
401705244,ORL,4433623,5.0,1.3,1.0
401705244,ORL,4566434,31.0,16.1,17.4
401705244,ORL,4702382,21.0,1.3,-0.3
401705244,ORL,4712849,19.0,-3.2,-2.7
401705244,ORL,5105806,5.0,-0.4,0.0
401705244,POR,4066268,4.0,-1.1,-1.4
401705244,POR,4278129,35.0,23.9,19.7
401705244,POR,4351851,21.0,6.3,5.0
401705244,POR,4397885,15.0,7.9,7.3
401705244,POR,4431736,35.0,5.7,4.4
401705244,POR,4432446,19.0,6.4,6.4
401705244,POR,4576086,3.0,1.0,1.0
401705244,POR,4594326,6.0,0.3,-0.7
401705244,POR,4683021,25.0,10.8,8.3
401705244,POR,4683678,32.0,19.6,17.9
401705244,POR,4914336,33.0,18.4,17.9
401705244,POR,5099752,4.0,1.9,1.6
401705244,POR,5105565,8.0,-0.3,1.4
401705245,CHA,3986,16.0,4.3,2.4
401705245,CHA,2326307,11.0,3.9,3.6
401705245,CHA,3102532,31.0,17.0,16.2
401705245,CHA,3913220,10.0,0.4,0.0
401705245,CHA,4065663,14.0,7.7,3.0
401705245,CHA,4066383,38.0,15.2,14.4
401705245,CHA,4432811,37.0,10.7,9.5
401705245,CHA,4433249,32.0,13.1,8.8
401705245,CHA,4683686,26.0,1.3,0.5
401705245,CHA,4683834,25.0,7.3,7.1
401705245,LAC,3992,37.0,9.5,8.2
401705245,LAC,6450,28.0,13.9,11.0
401705245,LAC,2595516,36.0,23.2,21.8
401705245,LAC,3907823,23.0,5.3,4.4
401705245,LAC,3936099,33.0,13.0,9.8
401705245,LAC,4017837,32.0,13.8,10.9
401705245,LAC,4066387,24.0,7.8,7.1
401705245,LAC,4396818,1.0,0.0,0.0
401705245,LAC,4397140,19.0,3.8,3.7
401705245,LAC,4431752,7.0,1.7,1.7
401705246,DAL,6442,37.0,17.8,15.3
401705246,DAL,6475,26.0,12.1,9.5
401705246,DAL,2580782,23.0,3.2,3.3
401705246,DAL,3102528,14.0,0.1,0.3
401705246,DAL,3950760,8.0,4.0,4.1
401705246,DAL,4278049,33.0,19.2,14.6
401705246,DAL,4278078,36.0,20.1,16.5
401705246,DAL,4278594,22.0,4.2,3.3
401705246,DAL,4397014,10.0,-3.5,-2.7
401705246,DAL,4397693,10.0,-0.5,-1.7
401705246,DAL,4595400,14.0,5.4,3.4
401705246,DAL,4868423,7.0,-2.1,-2.4
401705246,DET,6440,31.0,16.5,12.8
401705246,DET,2528210,28.0,3.2,3.2
401705246,DET,3899664,16.0,3.9,1.6
401705246,DET,3907822,22.0,4.9,5.3
401705246,DET,4278562,18.0,7.2,6.5
401705246,DET,4432107,20.0,9.6,7.4
401705246,DET,4432166,36.0,29.2,27.0
401705246,DET,4433621,30.0,21.6,19.1
401705246,DET,4592187,2.0,0.0,0.0
401705246,DET,4683771,14.0,1.7,-1.1
401705246,DET,4684742,23.0,3.5,-0.4
401705246,DET,4906923,2.0,-1.4,-1.4
401705247,DEN,3468,25.0,2.8,1.6
401705247,DEN,3064290,32.0,9.0,9.2
401705247,DEN,3112335,37.0,28.2,25.3
401705247,DEN,3936299,40.0,30.6,29.2
401705247,DEN,4278104,29.0,19.9,18.9
401705247,DEN,4431767,31.0,11.3,9.5
401705247,DEN,4432181,19.0,16.7,15.5
401705247,DEN,4576087,27.0,6.3,6.2
401705247,PHI,3012,20.0,5.0,4.1
401705247,PHI,3431,29.0,11.8,10.2
401705247,PHI,6443,16.0,2.0,2.4
401705247,PHI,3133603,41.0,23.3,22.0
401705247,PHI,4017844,36.0,27.2,24.1
401705247,PHI,4431678,39.0,32.1,30.3
401705247,PHI,4701234,15.0,6.5,4.6
401705247,PHI,4711297,32.0,9.4,7.4
401705247,PHI,5105637,12.0,2.0,1.7
401705248,CHI,6478,31.0,20.9,17.9
401705248,CHI,4066421,25.0,4.8,5.8
401705248,CHI,4395651,33.0,20.0,18.6
401705248,CHI,4397002,35.0,7.6,5.1
401705248,CHI,4397189,17.0,13.8,13.5
401705248,CHI,4431687,29.0,8.8,5.9
401705248,CHI,4433159,13.0,11.5,11.2
401705248,CHI,4711294,26.0,10.8,7.0
401705248,CHI,4871145,31.0,14.4,11.6
401705248,TOR,4023,3.0,3.1,3.1
401705248,TOR,3134908,34.0,12.6,7.9
401705248,TOR,4065670,17.0,-0.4,-1.4
401705248,TOR,4278053,23.0,4.6,4.7
401705248,TOR,4395625,31.0,9.9,8.8
401705248,TOR,4395724,15.0,13.7,12.1
401705248,TOR,4397018,22.0,2.2,0.3
401705248,TOR,4433134,33.0,15.0,12.0
401705248,TOR,4593049,14.0,5.2,3.7
401705248,TOR,4684272,18.0,13.9,12.0
401705248,TOR,5106258,29.0,8.1,7.2
401705249,BOS,3213,25.0,3.2,1.6
401705249,BOS,3995,30.0,4.9,3.8
401705249,BOS,3064560,16.0,13.8,12.6
401705249,BOS,3078576,34.0,14.8,12.4
401705249,BOS,3102531,30.0,17.7,11.9
401705249,BOS,3917376,35.0,21.8,21.9
401705249,BOS,4065648,39.0,19.9,18.2
401705249,BOS,4065804,14.0,5.9,3.7
401705249,BOS,4066354,17.0,3.2,-0.4
401705249,NOP,2490149,34.0,6.0,5.2
401705249,NOP,2596112,29.0,8.2,4.9
401705249,NOP,3907497,8.0,-0.5,-1.0
401705249,NOP,4277869,34.0,18.0,15.4
401705249,NOP,4278572,5.0,0.5,1.7
401705249,NOP,4397688,39.0,30.9,30.4
401705249,NOP,4432162,30.0,4.0,3.7
401705249,NOP,4432813,13.0,2.5,1.7
401705249,NOP,4997538,18.0,6.6,4.4
401705249,NOP,5061589,30.0,3.6,2.0
401705250,MIL,3448,24.0,5.3,4.8
401705250,MIL,6606,37.0,17.6,17.1
401705250,MIL,6609,23.0,20.2,18.3
401705250,MIL,2578239,13.0,9.2,7.5
401705250,MIL,2990962,30.0,7.9,8.0
401705250,MIL,3032977,34.0,29.6,27.1
401705250,MIL,4277843,24.0,-2.3,-2.5
401705250,MIL,4279532,4.0,1.7,1.7
401705250,MIL,4397475,18.0,-1.7,-2.1
401705250,MIL,4432179,4.0,-1.0,-1.0
401705250,MIL,4432190,15.0,4.8,2.6
401705250,MIL,4433622,4.0,4.4,3.4
401705250,MIL,4591725,11.0,-4.2,-3.4
401705250,SAS,2779,26.0,15.6,14.6
401705250,SAS,6578,25.0,13.9,12.8
401705250,SAS,4066650,4.0,3.7,3.4
401705250,SAS,4278580,4.0,3.4,2.7
401705250,SAS,4395626,17.0,10.4,10.2
401705250,SAS,4395630,27.0,7.9,7.0
401705250,SAS,4395723,25.0,19.3,18.9
401705250,SAS,4565201,4.0,3.3,2.7
401705250,SAS,4592479,18.0,7.3,6.1
401705250,SAS,4610139,22.0,3.4,3.1
401705250,SAS,4683935,4.0,6.8,2.8
401705250,SAS,4845367,30.0,18.0,16.6
401705250,SAS,5081727,4.0,0.0,0.0
401705250,SAS,5104157,31.0,27.3,20.7
401705251,GSW,3975,31.0,8.6,7.0
401705251,GSW,2990984,19.0,10.3,8.5
401705251,GSW,2993874,12.0,3.4,3.1
401705251,GSW,3032979,21.0,7.2,2.6
401705251,GSW,3059319,31.0,15.9,12.7
401705251,GSW,3134903,12.0,-1.7,-2.2
401705251,GSW,3155535,15.0,2.7,2.0
401705251,GSW,4066317,6.0,-0.8,-2.1
401705251,GSW,4431684,9.0,1.3,1.3
401705251,GSW,4432171,24.0,14.7,12.6
401705251,GSW,4593016,19.0,8.8,7.4
401705251,GSW,4709138,22.0,9.9,8.8
401705251,GSW,4997536,19.0,2.8,3.3
401705251,PHX,3202,29.0,15.3,12.6
401705251,PHX,6580,28.0,14.4,12.9
401705251,PHX,2488653,15.0,13.6,9.8
401705251,PHX,2583632,24.0,6.2,6.8
401705251,PHX,2595209,5.0,-1.1,-1.4
401705251,PHX,3059310,5.0,-1.5,-2.1
401705251,PHX,3135045,23.0,14.9,13.3
401705251,PHX,3135046,26.0,6.5,6.5
401705251,PHX,3136193,34.0,27.1,25.7
401705251,PHX,4278076,24.0,14.7,9.9
401705251,PHX,4278585,4.0,2.0,1.7
401705251,PHX,4397102,5.0,3.7,3.4
401705251,PHX,4601023,5.0,2.7,1.4
401705251,PHX,4888725,13.0,1.8,2.7
401705252,ATL,2580365,19.0,2.1,1.0
401705252,ATL,3913180,19.0,8.6,9.3
401705252,ATL,4065732,29.0,5.4,3.3
401705252,ATL,4277905,37.0,29.2,27.1
401705252,ATL,4279118,14.0,4.2,3.4
401705252,ATL,4431680,29.0,14.3,11.5
401705252,ATL,4578893,15.0,1.7,3.3
401705252,ATL,4869342,36.0,16.4,15.8
401705252,ATL,4870562,13.0,8.0,6.0
401705252,ATL,5211175,29.0,15.4,15.1
401705252,IND,2530530,11.0,3.2,4.5
401705252,IND,3133628,34.0,10.7,9.1
401705252,IND,3149673,33.0,16.9,15.3
401705252,IND,3934723,14.0,5.7,4.4
401705252,IND,4278355,15.0,14.5,12.5
401705252,IND,4395712,30.0,14.9,14.6
401705252,IND,4396909,23.0,8.7,9.7
401705252,IND,4396993,35.0,18.6,15.5
401705252,IND,4433076,20.0,8.2,7.8
401705252,IND,4683634,25.0,13.7,12.4
401705253,ORL,2999547,16.0,-0.8,-2.4
401705253,ORL,4065654,14.0,2.9,2.0
401705253,ORL,4277847,24.0,2.8,2.3
401705253,ORL,4348700,16.0,8.3,5.1
401705253,ORL,4432573,34.0,1.0,-1.6
401705253,ORL,4432809,27.0,23.3,21.3
401705253,ORL,4566434,34.0,27.1,25.1
401705253,ORL,4702382,25.0,6.4,5.7
401705253,ORL,4712849,32.0,2.4,2.3
401705253,ORL,5105806,19.0,-0.8,-1.5
401705253,UTA,2528426,21.0,12.9,10.6
401705253,UTA,3908845,33.0,14.5,12.9
401705253,UTA,4066336,33.0,7.8,2.9
401705253,UTA,4066399,10.0,2.2,2.7
401705253,UTA,4277811,31.0,16.8,17.9
401705253,UTA,4433136,33.0,11.1,7.1
401705253,UTA,4433627,24.0,8.9,7.7
401705253,UTA,4683766,28.0,8.7,8.5
401705253,UTA,4684793,12.0,-0.4,-0.3
401705253,UTA,5105839,14.0,5.9,6.4
401705254,CHA,2326307,21.0,11.4,8.5
401705254,CHA,3102532,15.0,-4.2,-5.1
401705254,CHA,3913220,14.0,4.5,4.0
401705254,CHA,4066383,34.0,16.6,13.3
401705254,CHA,4431727,11.0,-2.4,-2.1
401705254,CHA,4432811,32.0,6.0,6.5
401705254,CHA,4433249,21.0,10.6,8.1
401705254,CHA,4683686,33.0,14.7,13.8
401705254,CHA,4683834,27.0,8.7,7.5
401705254,CHA,4701232,32.0,20.6,16.6
401705254,DEN,3064290,30.0,1.4,2.0
401705254,DEN,3112335,37.0,35.4,27.9
401705254,DEN,3936299,33.0,12.8,12.5
401705254,DEN,4278104,41.0,12.1,9.4
401705254,DEN,4398390,15.0,1.9,0.6
401705254,DEN,4431690,22.0,8.6,4.4
401705254,DEN,4431767,38.0,23.0,19.2
401705254,DEN,4432181,24.0,0.1,-0.1
401705255,BKN,3136776,26.0,12.6,11.3
401705255,BKN,3907387,24.0,3.6,2.8
401705255,BKN,4278067,29.0,12.8,11.1
401705255,BKN,4431675,15.0,2.0,-0.1
401705255,BKN,4431714,33.0,12.2,9.4
401705255,BKN,4432192,34.0,12.0,9.3
401705255,BKN,4432194,17.0,10.9,11.6
401705255,BKN,4433137,37.0,20.0,16.5
401705255,BKN,4597865,27.0,7.4,7.5
401705255,HOU,3209,8.0,0.0,0.0
401705255,HOU,2991230,17.0,1.6,2.0
401705255,HOU,2991235,25.0,13.1,9.3
401705255,HOU,3136777,7.0,1.3,1.3
401705255,HOU,3146557,8.0,2.4,2.4
401705255,HOU,3155526,26.0,12.3,12.5
401705255,HOU,3922230,13.0,-0.9,-0.1
401705255,HOU,4433192,27.0,9.6,7.5
401705255,HOU,4437244,38.0,17.9,17.7
401705255,HOU,4684740,41.0,7.2,5.0
401705255,HOU,4711272,16.0,5.8,3.3
401705255,HOU,5105592,14.0,-2.0,-3.8
401705256,MIN,3195,34.0,11.2,11.1
401705256,MIN,2968436,20.0,6.4,5.5
401705256,MIN,3032976,37.0,19.6,13.3
401705256,MIN,4277951,11.0,-3.3,-3.5
401705256,MIN,4278039,41.0,9.4,9.0
401705256,MIN,4396971,20.0,1.7,1.2
401705256,MIN,4431671,40.0,25.5,17.8
401705256,MIN,4432247,20.0,6.5,6.4
401705256,MIN,4684275,18.0,5.4,5.1
401705256,WAS,6477,30.0,9.3,7.5
401705256,WAS,2566769,21.0,2.7,2.3
401705256,WAS,2993370,18.0,9.8,8.2
401705256,WAS,3134907,34.0,20.8,18.8
401705256,WAS,4277956,35.0,12.0,11.0
401705256,WAS,4280151,28.0,3.6,2.0
401705256,WAS,4845374,14.0,1.5,2.1
401705256,WAS,5104155,37.0,13.2,10.1
401705256,WAS,5174563,23.0,9.0,6.0
401705257,OKC,3133626,22.0,20.4,16.7
401705257,OKC,4222252,27.0,19.5,17.1
401705257,OKC,4278073,30.0,24.1,22.6
401705257,OKC,4395702,24.0,2.4,2.5
401705257,OKC,4397020,31.0,20.1,18.6
401705257,OKC,4397183,40.0,31.9,30.3
401705257,OKC,4397654,6.0,-0.7,-0.7
401705257,OKC,4432823,21.0,14.4,10.4
401705257,OKC,4432971,6.0,5.4,5.4
401705257,OKC,4683692,9.0,1.2,-0.4
401705257,OKC,4997526,25.0,-2.9,-3.7
401705257,SAC,3978,31.0,8.4,8.5
401705257,SAC,2528588,6.0,-0.7,-0.7
401705257,SAC,3134916,7.0,0.2,-0.8
401705257,SAC,3136196,13.0,-0.9,-2.1
401705257,SAC,3155942,31.0,15.1,13.7
401705257,SAC,4066259,30.0,16.4,14.5
401705257,SAC,4066262,29.0,14.8,12.6
401705257,SAC,4066372,8.0,4.0,3.4
401705257,SAC,4395704,7.0,4.6,3.7
401705257,SAC,4433188,10.0,3.8,2.6
401705257,SAC,4594327,28.0,12.3,10.4
401705257,SAC,4702177,22.0,0.0,-2.5
401705257,SAC,5107818,17.0,7.9,6.7
401705258,LAL,1966,37.0,25.1,23.0
401705258,LAL,2578185,32.0,13.7,11.5
401705258,LAL,3137259,20.0,6.5,6.7
401705258,LAL,4066457,29.0,25.9,22.6
401705258,LAL,4066648,38.0,18.4,16.2
401705258,LAL,4278077,14.0,1.0,0.7
401705258,LAL,4395623,2.0,0.6,0.0
401705258,LAL,4397077,22.0,5.6,2.1
401705258,LAL,4431778,2.0,0.0,0.0
401705258,LAL,4432582,33.0,11.4,11.4
401705258,LAL,4683774,2.0,0.7,0.7
401705258,LAL,4897943,10.0,-1.5,-0.7
401705258,NYK,3062679,38.0,31.6,27.3
401705258,NYK,3064230,6.0,1.0,0.7
401705258,NYK,3136195,35.0,3.5,4.3
401705258,NYK,3147657,33.0,13.0,11.8
401705258,NYK,3908336,2.0,-0.7,-0.7
401705258,NYK,3914044,9.0,-0.8,-1.4
401705258,NYK,3934672,40.0,4.9,4.5
401705258,NYK,3934719,17.0,11.9,10.5
401705258,NYK,4277922,2.0,0.0,0.0
401705258,NYK,4431679,29.0,17.2,15.0
401705258,NYK,4431823,23.0,9.9,8.7
401705258,NYK,4433225,2.0,-0.3,-0.3
401705258,NYK,4592461,2.0,-0.4,-0.7
401705258,NYK,4871141,2.0,1.7,1.7
401705259,MIA,3074752,33.0,16.1,14.7
401705259,MIA,3157465,27.0,2.8,3.3
401705259,MIA,4066261,38.0,32.3,25.9
401705259,MIA,4291678,23.0,1.7,2.3
401705259,MIA,4395725,36.0,6.1,3.9
401705259,MIA,4432848,23.0,7.8,6.7
401705259,MIA,4601025,1.0,-1.1,-0.7
401705259,MIA,4997528,25.0,13.3,9.4
401705259,MIA,5105623,34.0,10.2,7.2
401705259,SAS,2779,32.0,14.6,11.2
401705259,SAS,6578,28.0,10.7,9.7
401705259,SAS,4066650,8.0,1.9,2.4
401705259,SAS,4278580,10.0,7.0,7.1
401705259,SAS,4395626,14.0,4.3,2.7
401705259,SAS,4395630,35.0,4.6,4.5
401705259,SAS,4395723,26.0,11.6,11.8
401705259,SAS,4397886,27.0,11.9,9.2
401705259,SAS,4592479,17.0,6.6,4.7
401705259,SAS,4610139,19.0,2.1,-0.0
401705259,SAS,4845367,23.0,8.2,6.8
401705260,PHX,3202,33.0,11.6,12.1
401705260,PHX,6580,24.0,7.9,9.1
401705260,PHX,2488653,17.0,1.8,2.1
401705260,PHX,2583632,14.0,3.5,3.0
401705260,PHX,2595209,5.0,6.7,4.7
401705260,PHX,3059310,5.0,2.0,2.0
401705260,PHX,3135045,23.0,3.5,1.4
401705260,PHX,3135046,24.0,5.3,4.3
401705260,PHX,3136193,35.0,26.9,26.9
401705260,PHX,4278076,25.0,-1.1,-2.6
401705260,PHX,4278585,5.0,1.3,0.7
401705260,PHX,4397102,5.0,0.7,0.7
401705260,PHX,4601023,5.0,0.3,0.7
401705260,PHX,4888725,20.0,2.6,2.1
401705260,POR,2991070,33.0,18.0,17.1
401705260,POR,4066268,3.0,1.7,1.7
401705260,POR,4278129,33.0,21.0,19.7
401705260,POR,4351851,29.0,13.9,12.1
401705260,POR,4431736,36.0,19.9,14.9
401705260,POR,4432446,3.0,0.2,-0.7
401705260,POR,4576086,3.0,2.6,2.0
401705260,POR,4594326,13.0,3.1,0.2
401705260,POR,4683021,22.0,8.3,8.4
401705260,POR,4683678,24.0,15.4,12.9
401705260,POR,4914336,25.0,7.3,7.2
401705260,POR,5099752,3.0,-1.0,-1.0
401705260,POR,5105565,11.0,1.9,1.4
401705261,CHI,6478,36.0,25.1,20.2
401705261,CHI,3133635,12.0,3.4,1.6
401705261,CHI,4066421,28.0,11.6,10.4
401705261,CHI,4395651,34.0,10.3,10.9
401705261,CHI,4397002,32.0,11.4,11.3
401705261,CHI,4431687,20.0,6.0,4.0
401705261,CHI,4433159,8.0,1.0,1.0
401705261,CHI,4592402,1.0,0.0,0.0
401705261,CHI,4711294,26.0,9.1,8.8
401705261,CHI,4871145,36.0,17.7,12.7
401705261,CHI,5105553,8.0,0.3,-0.3
401705261,DET,6440,34.0,15.5,9.7
401705261,DET,2528210,27.0,7.2,6.0
401705261,DET,3899664,18.0,8.9,7.7
401705261,DET,3907822,28.0,16.2,13.8
401705261,DET,4432107,14.0,0.5,1.1
401705261,DET,4432166,34.0,20.0,17.7
401705261,DET,4432810,18.0,4.9,4.1
401705261,DET,4433621,30.0,24.4,21.1
401705261,DET,4683771,15.0,9.3,6.1
401705261,DET,4684742,22.0,12.5,11.6
401705262,CLE,6474,17.0,0.7,-0.1
401705262,CLE,2990969,22.0,9.9,9.8
401705262,CLE,2991043,23.0,10.1,9.5
401705262,CLE,3908809,24.0,10.5,9.5
401705262,CLE,4065733,27.0,10.6,7.8
401705262,CLE,4065778,19.0,11.3,9.1
401705262,CLE,4066328,20.0,14.9,10.8
401705262,CLE,4066757,23.0,20.1,19.8
401705262,CLE,4396907,23.0,20.9,18.8
401705262,CLE,4432158,24.0,23.8,18.5
401705262,CLE,4683747,18.0,7.3,6.4
401705262,DAL,6475,18.0,-2.4,-2.1
401705262,DAL,2580782,24.0,4.6,2.6
401705262,DAL,3102528,21.0,9.9,7.6
401705262,DAL,3950760,34.0,13.9,11.6
401705262,DAL,4278594,22.0,9.2,8.1
401705262,DAL,4397014,24.0,6.5,5.6
401705262,DAL,4397040,18.0,5.0,3.7
401705262,DAL,4397693,22.0,7.5,6.1
401705262,DAL,4595400,31.0,7.1,3.6
401705262,DAL,4868423,27.0,10.0,10.3
401705263,LAC,3416,28.0,12.4,11.9
401705263,LAC,3992,37.0,20.5,18.1
401705263,LAC,6450,27.0,2.7,1.4
401705263,LAC,3907823,26.0,6.6,6.8
401705263,LAC,3936099,31.0,5.5,3.7
401705263,LAC,4017837,40.0,19.3,13.8
401705263,LAC,4066387,27.0,5.2,5.7
401705263,LAC,4397140,25.0,16.1,13.6
401705263,TOR,2489663,17.0,0.9,1.4
401705263,TOR,3134908,31.0,7.1,6.2
401705263,TOR,3948153,16.0,6.8,6.0
401705263,TOR,4065670,17.0,6.7,6.4
401705263,TOR,4395625,33.0,15.6,12.2
401705263,TOR,4395724,17.0,12.9,12.9
401705263,TOR,4397018,20.0,17.2,12.6
401705263,TOR,4433134,34.0,13.1,11.8
401705263,TOR,4684272,21.0,6.1,4.3
401705263,TOR,5106258,33.0,15.9,15.2
401705264,BOS,3213,11.0,3.2,1.6
401705264,BOS,3995,34.0,8.5,7.1
401705264,BOS,3064560,13.0,1.5,2.4
401705264,BOS,3078576,34.0,16.6,16.0
401705264,BOS,3102531,31.0,15.9,12.6
401705264,BOS,3917376,42.0,18.1,16.6
401705264,BOS,4065648,44.0,33.1,30.5
401705264,BOS,4065804,24.0,8.1,7.7
401705264,BOS,4432164,7.0,-1.8,-1.4
401705264,PHI,3012,15.0,6.1,5.4
401705264,PHI,6443,14.0,1.6,0.8
401705264,PHI,3133603,44.0,11.8,8.0
401705264,PHI,4017844,36.0,15.1,14.1
401705264,PHI,4431678,40.0,24.4,25.1
401705264,PHI,4701234,35.0,10.4,7.8
401705264,PHI,4711297,44.0,14.1,11.9
401705264,PHI,5105637,12.0,2.9,1.1
401705265,MEM,3906665,19.0,2.4,3.4
401705265,MEM,3913174,30.0,10.5,8.9
401705265,MEM,4066320,29.0,19.7,19.0
401705265,MEM,4277961,33.0,20.0,19.4
401705265,MEM,4431785,23.0,14.8,9.4
401705265,MEM,4592691,15.0,3.2,0.4
401705265,MEM,4593125,26.0,22.1,18.9
401705265,MEM,4600663,19.0,16.9,14.7
401705265,MEM,5105550,17.0,5.8,3.7
401705265,MEM,5112087,31.0,7.8,7.2
401705265,MIL,3448,32.0,8.7,8.0
401705265,MIL,6606,37.0,9.1,9.0
401705265,MIL,6609,26.0,16.7,15.6
401705265,MIL,2578239,8.0,2.3,2.7
401705265,MIL,2990962,31.0,14.2,12.2
401705265,MIL,3032977,37.0,25.8,22.2
401705265,MIL,4277843,16.0,-0.2,-1.4
401705265,MIL,4397475,28.0,13.6,11.8
401705265,MIL,4432190,14.0,3.1,3.4
401705265,MIL,4591725,11.0,1.9,1.2
401705266,CHA,2326307,9.0,-0.3,-0.3
401705266,CHA,3102532,29.0,8.8,8.3
401705266,CHA,3913220,12.0,-0.2,0.3
401705266,CHA,4066383,37.0,22.1,20.0
401705266,CHA,4431727,5.0,0.3,0.7
401705266,CHA,4432811,37.0,8.7,7.0
401705266,CHA,4433249,16.0,5.8,4.7
401705266,CHA,4683686,39.0,16.8,16.5
401705266,CHA,4683834,24.0,3.3,3.6
401705266,CHA,4701232,32.0,24.3,19.8
401705266,WAS,6477,29.0,14.7,13.6
401705266,WAS,2566769,22.0,14.6,14.1
401705266,WAS,2993370,19.0,2.3,1.4
401705266,WAS,3134907,31.0,12.1,10.6
401705266,WAS,4277956,32.0,2.8,0.3
401705266,WAS,4280151,29.0,21.7,21.7
401705266,WAS,4432907,13.0,6.7,3.7
401705266,WAS,4845374,12.0,2.0,2.0
401705266,WAS,5104155,37.0,22.8,20.1
401705266,WAS,5174563,18.0,5.8,6.1
401705267,ATL,2580365,20.0,13.8,11.2
401705267,ATL,3913180,12.0,0.5,-0.5
401705267,ATL,4065732,31.0,11.4,13.0
401705267,ATL,4277905,35.0,24.9,26.9
401705267,ATL,4279118,13.0,1.2,2.4
401705267,ATL,4431680,28.0,11.8,9.5
401705267,ATL,4578893,28.0,11.2,9.1
401705267,ATL,4869342,36.0,20.8,14.4
401705267,ATL,4870562,11.0,0.6,0.0
401705267,ATL,5211175,26.0,15.2,13.7
401705267,DET,6440,35.0,18.1,17.1
401705267,DET,2528210,27.0,4.9,6.1
401705267,DET,3899664,16.0,1.5,2.3
401705267,DET,3907822,24.0,15.4,13.8
401705267,DET,4432107,10.0,2.2,0.7
401705267,DET,4432166,38.0,25.3,24.6
401705267,DET,4432810,19.0,10.4,9.8
401705267,DET,4433621,29.0,17.4,15.0
401705267,DET,4683771,16.0,3.1,3.4
401705267,DET,4684742,25.0,12.0,9.8
401705268,HOU,2991235,26.0,9.2,7.9
401705268,HOU,3136777,22.0,9.0,9.6
401705268,HOU,3155526,40.0,6.9,6.0
401705268,HOU,3922230,17.0,8.0,9.4
401705268,HOU,4433192,34.0,10.9,8.1
401705268,HOU,4437244,36.0,8.2,7.4
401705268,HOU,4684740,37.0,27.0,24.2
401705268,HOU,4711272,6.0,-1.0,-1.0
401705268,HOU,5105592,23.0,14.5,10.3
401705268,NYK,3062679,40.0,17.4,14.7
401705268,NYK,3064230,11.0,5.0,3.7
401705268,NYK,3136195,39.0,14.0,12.6
401705268,NYK,3147657,39.0,17.7,14.7
401705268,NYK,3914044,6.0,0.0,0.0
401705268,NYK,3934672,37.0,35.5,32.7
401705268,NYK,4431679,34.0,10.8,7.4
401705268,NYK,4431823,26.0,3.9,3.0
401705268,NYK,4871141,8.0,0.1,0.7
401705269,MEM,3134932,12.0,4.7,3.8
401705269,MEM,3913174,22.0,0.6,-0.7
401705269,MEM,4065731,1.0,0.0,0.0
401705269,MEM,4277961,31.0,23.3,20.7
401705269,MEM,4279888,29.0,23.6,20.4
401705269,MEM,4431785,22.0,11.7,9.5
401705269,MEM,4592691,24.0,11.8,7.8
401705269,MEM,4592979,1.0,0.0,0.0
401705269,MEM,4593125,21.0,2.5,2.3
401705269,MEM,4600663,25.0,20.0,13.6
401705269,MEM,5105550,28.0,17.9,14.1
401705269,MEM,5112087,22.0,-0.5,0.0
401705269,MEM,5159895,2.0,1.0,0.7
401705269,SAS,2779,28.0,5.6,3.2
401705269,SAS,6578,27.0,1.8,0.7
401705269,SAS,4278580,4.0,7.7,7.7
401705269,SAS,4395630,34.0,3.7,2.6
401705269,SAS,4395723,24.0,3.9,4.3
401705269,SAS,4397107,4.0,-1.1,-1.7
401705269,SAS,4397886,7.0,3.6,3.7
401705269,SAS,4433618,4.0,-0.4,-0.7
401705269,SAS,4565201,2.0,0.0,0.0
401705269,SAS,4592479,20.0,2.7,0.6
401705269,SAS,4610139,21.0,12.6,11.3
401705269,SAS,4683935,6.0,4.0,4.8
401705269,SAS,4845367,28.0,12.8,11.1
401705269,SAS,5104157,31.0,21.7,17.1
401705270,MIN,3195,27.0,7.0,7.2
401705270,MIN,3032976,40.0,26.3,22.9
401705270,MIN,4277951,5.0,1.8,1.6
401705270,MIN,4278039,23.0,-0.6,0.3
401705270,MIN,4396971,40.0,26.5,24.3
401705270,MIN,4431671,36.0,16.1,11.7
401705270,MIN,4432247,18.0,4.6,5.0
401705270,MIN,4594268,38.0,12.6,9.6
401705270,MIN,4684275,14.0,2.1,2.1
401705270,SAC,3978,38.0,27.1,25.6
401705270,SAC,2528588,6.0,-0.8,0.0
401705270,SAC,3136196,23.0,10.5,5.8
401705270,SAC,3155942,37.0,9.8,9.3
401705270,SAC,4066262,42.0,16.7,14.1
401705270,SAC,4433188,8.0,1.2,0.0
401705270,SAC,4594327,40.0,16.9,14.8
401705270,SAC,4702177,34.0,12.7,8.5
401705270,SAC,5107818,12.0,3.3,3.7
401705271,MIL,2578239,21.0,6.6,7.1
401705271,MIL,2990962,16.0,4.5,4.7
401705271,MIL,3064447,21.0,3.5,-0.1
401705271,MIL,4277843,21.0,4.5,4.2
401705271,MIL,4397475,21.0,-0.0,-0.3
401705271,MIL,4432179,17.0,6.3,5.0
401705271,MIL,4432190,23.0,10.7,8.1
401705271,MIL,4433622,26.0,5.2,2.5
401705271,MIL,4591725,18.0,12.1,9.4
401705271,MIL,5167876,27.0,5.9,3.2
401705271,MIL,5170947,29.0,9.2,7.0
401705271,OKC,3133626,22.0,2.8,1.7
401705271,OKC,4222252,18.0,7.8,3.5
401705271,OKC,4278073,22.0,28.0,27.5
401705271,OKC,4395702,23.0,16.2,15.1
401705271,OKC,4397020,21.0,10.2,9.8
401705271,OKC,4397183,26.0,12.2,10.9
401705271,OKC,4397654,12.0,-3.3,-5.3
401705271,OKC,4432823,26.0,10.9,8.8
401705271,OKC,4432971,14.0,0.7,-0.4
401705271,OKC,4702159,25.0,1.0,-0.6
401705271,OKC,4997526,31.0,19.2,17.1
401705272,DEN,3442,12.0,5.1,4.1
401705272,DEN,3112335,36.0,32.9,27.4
401705272,DEN,3936299,35.0,18.4,17.2
401705272,DEN,4278104,40.0,29.4,28.6
401705272,DEN,4395620,9.0,1.3,0.0
401705272,DEN,4398390,13.0,0.3,-0.7
401705272,DEN,4431690,31.0,7.7,8.1
401705272,DEN,4431767,41.0,8.8,7.0
401705272,DEN,4432181,24.0,11.9,9.7
401705272,NOP,2490149,35.0,20.0,19.1
401705272,NOP,2596112,28.0,3.1,2.6
401705272,NOP,4277869,22.0,5.1,6.1
401705272,NOP,4395628,28.0,11.3,9.3
401705272,NOP,4397688,38.0,37.2,34.3
401705272,NOP,4432813,8.0,-0.4,0.0
401705272,NOP,4592686,5.0,2.7,2.7
401705272,NOP,4683750,14.0,-3.5,-4.1
401705272,NOP,4997538,27.0,8.1,7.2
401705272,NOP,5061589,34.0,8.0,6.9
401705273,IND,2530530,14.0,5.4,2.1
401705273,IND,3149673,33.0,21.0,18.9
401705273,IND,3934723,26.0,6.0,3.3
401705273,IND,4278355,19.0,7.5,7.0
401705273,IND,4395712,30.0,14.0,12.7
401705273,IND,4396909,26.0,15.4,11.1
401705273,IND,4396993,34.0,16.0,11.4
401705273,IND,4433076,18.0,6.2,5.1
401705273,IND,4683634,22.0,3.9,3.6
401705273,IND,5106060,18.0,7.4,6.3
401705273,UTA,2528426,35.0,16.0,14.1
401705273,UTA,3908845,32.0,13.5,12.1
401705273,UTA,4066336,33.0,12.3,11.6
401705273,UTA,4066399,11.0,3.2,3.3
401705273,UTA,4277811,3.0,0.0,0.0
401705273,UTA,4433136,34.0,10.2,5.6
401705273,UTA,4433627,31.0,11.8,9.1
401705273,UTA,4683766,32.0,9.7,9.6
401705273,UTA,4684793,14.0,7.0,6.0
401705273,UTA,5105839,15.0,4.7,3.1
401705274,GSW,3975,34.0,13.5,12.6
401705274,GSW,6589,29.0,5.4,2.7
401705274,GSW,2990984,19.0,-0.3,0.2
401705274,GSW,3032979,19.0,7.1,5.7
401705274,GSW,3059319,35.0,16.6,16.4
401705274,GSW,3134903,15.0,3.5,2.7
401705274,GSW,3155535,21.0,7.8,6.0
401705274,GSW,4432171,24.0,12.6,12.3
401705274,GSW,4593016,20.0,9.1,6.4
401705274,GSW,4709138,21.0,7.9,5.1
401705274,GSW,4997536,2.0,-0.3,-0.3
401705274,ORL,2581018,33.0,7.4,6.4
401705274,ORL,2999547,14.0,1.8,3.0
401705274,ORL,4065654,11.0,1.4,1.0
401705274,ORL,4277847,28.0,11.4,9.7
401705274,ORL,4348700,20.0,6.6,2.9
401705274,ORL,4432573,37.0,6.9,5.2
401705274,ORL,4432809,28.0,18.4,16.5
401705274,ORL,4566434,37.0,13.3,13.1
401705274,ORL,4702382,11.0,1.7,1.4
401705274,ORL,4712849,16.0,0.2,0.7
401705274,ORL,5105806,5.0,2.7,2.7
401705275,PHX,3202,46.0,18.9,15.4
401705275,PHX,6580,38.0,20.2,16.8
401705275,PHX,2488653,21.0,9.8,8.2
401705275,PHX,2583632,33.0,17.3,13.6
401705275,PHX,3135045,34.0,10.9,8.4
401705275,PHX,3135046,17.0,0.0,-1.0
401705275,PHX,3136193,47.0,25.3,26.4
401705275,PHX,4278076,18.0,4.2,1.4
401705275,PHX,4888725,12.0,-3.1,-2.7
401705275,POR,2991070,41.0,10.6,10.4
401705275,POR,4278129,42.0,24.3,20.5
401705275,POR,4351851,42.0,8.0,7.7
401705275,POR,4431736,45.0,15.5,13.5
401705275,POR,4683021,44.0,19.3,18.3
401705275,POR,4683678,22.0,13.3,12.5
401705275,POR,4914336,19.0,7.0,6.7
401705275,POR,5105565,10.0,2.7,1.9
401705276,BOS,3213,27.0,10.7,9.1
401705276,BOS,3995,26.0,4.5,1.9
401705276,BOS,3064560,12.0,7.8,7.6
401705276,BOS,3078576,35.0,18.6,15.0
401705276,BOS,3102531,35.0,11.5,7.9
401705276,BOS,3917376,28.0,11.1,11.0
401705276,BOS,4065648,35.0,16.8,12.2
401705276,BOS,4065804,13.0,2.5,2.7
401705276,BOS,4066354,29.0,8.6,7.5
401705276,CLE,2990969,25.0,2.5,3.9
401705276,CLE,2991043,17.0,-1.7,-2.0
401705276,CLE,3908809,36.0,22.1,18.2
401705276,CLE,4065733,15.0,4.2,3.7
401705276,CLE,4065778,29.0,-0.3,-0.7
401705276,CLE,4066328,33.0,19.8,16.3
401705276,CLE,4066757,24.0,12.0,11.1
401705276,CLE,4396907,34.0,13.2,12.5
401705276,CLE,4432158,28.0,0.3,0.5
401705277,BKN,3136776,26.0,6.3,3.5
401705277,BKN,4278067,28.0,10.2,8.8
401705277,BKN,4397179,20.0,8.1,6.7
401705277,BKN,4431675,19.0,0.1,0.7
401705277,BKN,4431714,18.0,5.6,5.7
401705277,BKN,4432187,22.0,3.6,1.4
401705277,BKN,4432192,29.0,18.1,16.0
401705277,BKN,4432194,20.0,11.4,9.3
401705277,BKN,4433137,30.0,7.1,4.7
401705277,BKN,4597865,28.0,11.9,10.6
401705277,HOU,2991235,13.0,2.6,2.7
401705277,HOU,3136777,16.0,4.0,4.4
401705277,HOU,3155526,37.0,7.5,8.2
401705277,HOU,3922230,14.0,1.0,1.4
401705277,HOU,4437244,33.0,7.3,6.0
401705277,HOU,4684740,40.0,9.4,4.3
401705277,HOU,4711272,28.0,13.7,9.6
401705277,HOU,4871144,35.0,18.8,16.9
401705277,HOU,5105592,24.0,7.6,6.7
401705278,DAL,6442,42.0,27.9,25.2
401705278,DAL,6475,30.0,6.1,6.0
401705278,DAL,2580782,22.0,7.8,7.8
401705278,DAL,3102528,20.0,10.9,11.2
401705278,DAL,3950760,5.0,1.3,1.3
401705278,DAL,4278049,33.0,8.8,7.4
401705278,DAL,4278594,26.0,19.2,15.7
401705278,DAL,4397693,23.0,-1.4,-3.1
401705278,DAL,4432582,32.0,14.8,12.5
401705278,DAL,4595400,9.0,1.9,1.4
401705278,PHI,6443,15.0,2.0,1.0
401705278,PHI,3059318,36.0,22.8,20.5
401705278,PHI,3133603,41.0,8.1,6.1
401705278,PHI,4017844,35.0,20.4,19.4
401705278,PHI,4066786,8.0,-0.7,-0.7
401705278,PHI,4431678,40.0,30.5,29.2
401705278,PHI,4701234,20.0,7.0,6.8
401705278,PHI,4711297,38.0,9.0,9.7
401705278,PHI,5105637,8.0,2.2,2.4
401705279,NYK,3062679,37.0,12.8,10.8
401705279,NYK,3064230,13.0,5.9,6.7
401705279,NYK,3136195,39.0,27.0,23.4
401705279,NYK,3147657,41.0,9.9,8.1
401705279,NYK,3934672,34.0,21.2,19.0
401705279,NYK,4431679,36.0,17.3,14.7
401705279,NYK,4431823,21.0,4.0,2.0
401705279,NYK,4871141,19.0,8.0,6.8
401705279,TOR,2489663,22.0,10.1,10.3
401705279,TOR,3134908,15.0,6.4,5.8
401705279,TOR,4065670,16.0,6.2,5.7
401705279,TOR,4395724,21.0,9.7,9.2
401705279,TOR,4397018,23.0,7.3,5.4
401705279,TOR,4432241,23.0,14.4,15.4
401705279,TOR,4433134,32.0,12.8,10.6
401705279,TOR,4593049,6.0,2.5,2.0
401705279,TOR,4684272,29.0,9.2,8.1
401705279,TOR,5106258,31.0,11.7,10.1
401705279,TOR,5107897,23.0,4.2,3.7
401705280,CHI,6478,33.0,9.6,6.6
401705280,CHI,3133635,6.0,0.3,0.3
401705280,CHI,4066421,29.0,1.0,-0.4
401705280,CHI,4395651,32.0,17.4,16.5
401705280,CHI,4397002,29.0,22.5,21.8
401705280,CHI,4397189,15.0,9.8,7.8
401705280,CHI,4431687,31.0,9.9,8.8
401705280,CHI,4711294,31.0,20.4,20.0
401705280,CHI,4871145,30.0,21.6,20.2
401705280,CHI,5105553,6.0,3.5,4.7
401705280,MIA,6429,18.0,9.5,6.7
401705280,MIA,3074752,29.0,0.1,0.2
401705280,MIA,3157465,11.0,4.8,5.4
401705280,MIA,4066261,35.0,16.5,15.1
401705280,MIA,4291678,21.0,6.6,5.4
401705280,MIA,4395725,36.0,15.6,14.4
401705280,MIA,4432848,22.0,14.4,13.9
401705280,MIA,4997528,36.0,15.0,14.8
401705280,MIA,5105623,31.0,17.9,15.3
401705281,LAC,3416,15.0,1.9,1.3
401705281,LAC,3992,30.0,6.8,5.4
401705281,LAC,4004,7.0,-0.4,-1.4
401705281,LAC,6450,22.0,9.2,5.3
401705281,LAC,2595516,31.0,14.3,13.0
401705281,LAC,2991139,18.0,5.4,3.1
401705281,LAC,3907823,12.0,-0.8,-2.1
401705281,LAC,3914285,7.0,2.0,1.7
401705281,LAC,3936099,22.0,14.0,14.5
401705281,LAC,4017837,28.0,8.4,6.8
401705281,LAC,4066387,21.0,4.6,4.3
401705281,LAC,4397140,13.0,4.6,4.4
401705281,LAC,4431752,7.0,1.1,1.1
401705281,LAC,4592492,7.0,8.9,9.1
401705281,LAL,1966,31.0,26.0,22.2
401705281,LAL,2578185,24.0,3.7,3.7
401705281,LAL,3137259,22.0,8.9,8.0
401705281,LAL,3915195,20.0,1.0,1.5
401705281,LAL,4066457,30.0,20.3,18.4
401705281,LAL,4066648,34.0,15.8,15.8
401705281,LAL,4278077,18.0,7.5,5.0
401705281,LAL,4395623,5.0,3.5,1.6
401705281,LAL,4397077,24.0,8.6,5.8
401705281,LAL,4683774,6.0,2.2,1.6
401705281,LAL,4897943,21.0,12.0,10.8
401705281,LAL,5104156,5.0,1.4,1.4
401705282,IND,3999,4.0,0.3,0.0
401705282,IND,2530530,18.0,13.5,10.6
401705282,IND,3133628,30.0,1.7,3.3
401705282,IND,3149673,32.0,10.6,7.7
401705282,IND,3934723,15.0,6.6,4.3
401705282,IND,4278355,9.0,-2.5,-3.4
401705282,IND,4395712,27.0,12.3,9.4
401705282,IND,4396909,17.0,4.3,2.7
401705282,IND,4396993,25.0,1.9,0.1
401705282,IND,4433076,21.0,8.7,7.1
401705282,IND,4592699,4.0,1.0,1.4
401705282,IND,4683634,29.0,7.6,7.3
401705282,IND,5106060,8.0,1.7,1.7
401705282,IND,5157066,4.0,-0.4,0.0
401705282,POR,2991070,32.0,13.1,12.3
401705282,POR,4066211,24.0,6.1,3.5
401705282,POR,4066268,2.0,4.0,4.0
401705282,POR,4278129,22.0,8.0,4.8
401705282,POR,4351851,32.0,17.8,17.6
401705282,POR,4397885,2.0,0.7,0.7
401705282,POR,4431736,36.0,12.7,11.3
401705282,POR,4432446,2.0,0.7,0.7
401705282,POR,4594326,10.0,-0.1,0.0
401705282,POR,4683021,23.0,-2.6,-3.5
401705282,POR,4683678,28.0,15.6,14.3
401705282,POR,4914336,24.0,11.8,7.9
401705282,POR,5099752,2.0,-0.4,-0.7
401705283,CHA,2326307,14.0,-0.2,-0.8
401705283,CHA,3913220,29.0,8.9,7.1
401705283,CHA,4066383,26.0,10.5,9.8
401705283,CHA,4431727,16.0,5.0,4.4
401705283,CHA,4432811,25.0,0.3,0.2
401705283,CHA,4433249,23.0,13.7,11.1
401705283,CHA,4683686,32.0,15.1,16.1
401705283,CHA,4683834,28.0,10.1,9.1
401705283,CHA,4701232,25.0,3.7,3.3
401705283,CHA,5211176,22.0,8.2,6.3
401705283,MIL,3448,30.0,9.1,9.0
401705283,MIL,6606,31.0,28.4,26.0
401705283,MIL,2578239,27.0,2.1,0.7
401705283,MIL,2990962,25.0,8.6,7.4
401705283,MIL,3064482,32.0,23.4,16.2
401705283,MIL,4277843,26.0,11.6,10.8
401705283,MIL,4397475,28.0,5.5,4.0
401705283,MIL,4432179,2.0,0.3,0.7
401705283,MIL,4432190,16.0,2.7,2.4
401705283,MIL,4433622,2.0,0.0,0.0
401705283,MIL,4591725,17.0,5.5,5.8
401705283,MIL,5167876,4.0,1.3,1.7
401705284,CLE,2990969,23.0,3.3,3.7
401705284,CLE,2991043,21.0,-6.8,-7.6
401705284,CLE,4065733,19.0,10.4,9.6
401705284,CLE,4065778,28.0,11.5,9.4
401705284,CLE,4066328,32.0,12.6,6.6
401705284,CLE,4066757,27.0,3.0,3.0
401705284,CLE,4396907,31.0,14.5,14.4
401705284,CLE,4432158,35.0,30.0,26.7
401705284,CLE,4683747,9.0,-0.7,-1.0
401705284,CLE,4701233,16.0,12.4,12.8
401705284,DET,6440,25.0,4.9,2.6
401705284,DET,2528210,35.0,15.6,14.7
401705284,DET,3899664,11.0,0.5,0.6
401705284,DET,3907822,25.0,-3.3,-3.5
401705284,DET,4278562,8.0,8.2,7.5
401705284,DET,4432107,11.0,0.4,-0.2
401705284,DET,4432166,38.0,31.9,27.4
401705284,DET,4432810,18.0,9.7,6.8
401705284,DET,4433621,22.0,8.5,7.2
401705284,DET,4683771,19.0,4.9,4.7
401705284,DET,4684742,27.0,12.3,9.3
401705285,ATL,2580365,17.0,1.1,0.6
401705285,ATL,3913180,7.0,-2.1,-2.4
401705285,ATL,4065732,39.0,19.8,15.9
401705285,ATL,4277905,43.0,21.1,19.9
401705285,ATL,4279118,12.0,3.0,2.7
401705285,ATL,4431680,31.0,31.2,28.9
401705285,ATL,4578893,19.0,2.9,2.1
401705285,ATL,4869342,38.0,19.7,16.7
401705285,ATL,4870562,11.0,3.8,1.2
401705285,ATL,5211175,23.0,0.7,1.6
401705285,SAS,2779,30.0,12.4,12.3
401705285,SAS,6578,23.0,12.7,11.2
401705285,SAS,4066259,37.0,24.8,21.8
401705285,SAS,4395630,34.0,17.3,12.8
401705285,SAS,4395723,15.0,0.8,-0.4
401705285,SAS,4592479,22.0,8.2,2.7
401705285,SAS,4610139,27.0,13.6,12.9
401705285,SAS,4845367,20.0,6.1,4.6
401705285,SAS,5104157,31.0,20.2,19.1
401705286,BKN,3136776,16.0,-2.5,-2.1
401705286,BKN,3138196,25.0,11.2,11.0
401705286,BKN,3907387,18.0,8.0,6.2
401705286,BKN,4278067,24.0,8.3,5.4
401705286,BKN,4397179,19.0,5.5,6.4
401705286,BKN,4431714,30.0,8.9,7.1
401705286,BKN,4432187,14.0,0.2,-0.4
401705286,BKN,4432192,32.0,21.5,19.5
401705286,BKN,4432194,16.0,9.3,8.9
401705286,BKN,4433137,18.0,-0.3,0.2
401705286,BKN,4597865,27.0,11.0,10.3
401705286,WAS,2566769,17.0,5.4,4.4
401705286,WAS,2581184,2.0,0.0,0.0
401705286,WAS,2993370,27.0,10.2,9.2
401705286,WAS,4277956,30.0,15.0,14.2
401705286,WAS,4280151,30.0,10.8,11.8
401705286,WAS,4432356,2.0,0.0,0.0
401705286,WAS,4432907,17.0,6.8,7.3
401705286,WAS,4845374,35.0,20.2,18.4
401705286,WAS,4997537,19.0,7.6,7.6
401705286,WAS,5104155,31.0,14.1,9.8
401705286,WAS,5174563,30.0,17.1,14.9
401705287,MIA,3449,7.0,0.2,0.0
401705287,MIA,3074752,27.0,14.2,13.7
401705287,MIA,3157465,20.0,-4.1,-4.1
401705287,MIA,4066261,34.0,11.3,11.0
401705287,MIA,4291678,21.0,-0.2,-0.1
401705287,MIA,4395725,36.0,22.4,18.6
401705287,MIA,4432848,18.0,8.2,6.0
401705287,MIA,4601025,22.0,7.3,4.7
401705287,MIA,4997528,37.0,22.4,21.4
401705287,MIA,5105623,19.0,-0.3,-2.7
401705287,PHI,3012,14.0,2.1,2.3
401705287,PHI,3431,26.0,6.0,4.4
401705287,PHI,4251,32.0,5.7,2.9
401705287,PHI,6443,12.0,10.4,9.5
401705287,PHI,3133603,40.0,11.8,7.5
401705287,PHI,4017844,30.0,9.4,5.4
401705287,PHI,4431678,38.0,22.4,18.3
401705287,PHI,4701234,5.0,-1.8,-1.4
401705287,PHI,4711297,24.0,6.5,6.0
401705287,PHI,5105637,18.0,12.4,10.8
401705288,MEM,2990992,18.0,-3.9,-3.8
401705288,MEM,3134932,4.0,0.6,0.0
401705288,MEM,3906665,19.0,13.6,11.8
401705288,MEM,3913174,22.0,3.9,3.0
401705288,MEM,4065731,4.0,2.7,2.7
401705288,MEM,4277961,28.0,29.2,28.3
401705288,MEM,4279888,25.0,19.1,17.2
401705288,MEM,4397227,13.0,6.7,4.4
401705288,MEM,4431785,14.0,6.1,6.1
401705288,MEM,4592691,4.0,-1.2,-1.5
401705288,MEM,4593125,18.0,5.1,3.9
401705288,MEM,4600663,25.0,18.6,15.7
401705288,MEM,5105550,21.0,15.1,15.2
401705288,MEM,5112087,21.0,5.1,3.7
401705288,MEM,5159895,4.0,0.0,0.0
401705288,TOR,2489663,25.0,6.2,6.0
401705288,TOR,4065670,18.0,5.5,4.3
401705288,TOR,4278053,18.0,9.7,9.6
401705288,TOR,4397018,22.0,15.4,13.5
401705288,TOR,4431893,14.0,2.2,2.7
401705288,TOR,4432241,30.0,10.0,9.8
401705288,TOR,4433134,32.0,9.2,5.3
401705288,TOR,4593049,3.0,-0.2,0.6
401705288,TOR,4684272,28.0,11.1,10.1
401705288,TOR,5106258,32.0,2.8,2.2
401705288,TOR,5107897,19.0,9.2,9.5
401705289,CHI,6478,31.0,9.8,7.8
401705289,CHI,3133635,23.0,11.1,9.9
401705289,CHI,4395651,32.0,14.5,16.1
401705289,CHI,4397002,36.0,7.6,6.8
401705289,CHI,4397189,15.0,12.6,11.5
401705289,CHI,4431687,25.0,3.9,0.7
401705289,CHI,4711294,29.0,12.9,8.8
401705289,CHI,4871145,32.0,12.6,12.2
401705289,CHI,5105553,17.0,3.3,2.4
401705289,MIN,3195,26.0,10.4,9.5
401705289,MIN,3032976,31.0,17.6,11.1
401705289,MIN,4277951,7.0,1.3,1.7
401705289,MIN,4278039,26.0,8.8,7.7
401705289,MIN,4396971,36.0,20.1,16.5
401705289,MIN,4431671,37.0,10.9,9.5
401705289,MIN,4432247,22.0,3.6,4.1
401705289,MIN,4432847,1.0,-0.7,-0.7
401705289,MIN,4594268,37.0,36.1,33.4
401705289,MIN,4684275,16.0,3.2,2.7
401705289,MIN,4687718,1.0,0.3,0.0
401705289,MIN,5044385,1.0,2.0,1.7
401705290,OKC,2991350,17.0,2.8,2.7
401705290,OKC,3133626,16.0,5.9,5.1
401705290,OKC,4222252,26.0,8.8,8.8
401705290,OKC,4278073,34.0,43.7,40.4
401705290,OKC,4395702,21.0,11.0,9.8
401705290,OKC,4397020,26.0,8.5,4.7
401705290,OKC,4397183,25.0,18.1,17.3
401705290,OKC,4397654,6.0,6.0,5.4
401705290,OKC,4432823,22.0,5.3,1.9
401705290,OKC,4432971,6.0,-0.8,-1.4
401705290,OKC,4593803,26.0,13.1,10.5
401705290,OKC,4702159,7.0,4.2,4.7
401705290,OKC,4997526,9.0,2.6,2.0
401705290,PHX,6580,29.0,23.0,23.3
401705290,PHX,2488653,18.0,-0.2,-1.6
401705290,PHX,2583632,29.0,14.8,14.1
401705290,PHX,2595209,8.0,1.8,1.6
401705290,PHX,3135045,30.0,4.6,4.0
401705290,PHX,3135046,29.0,5.0,5.4
401705290,PHX,3136193,31.0,9.4,9.2
401705290,PHX,4278076,21.0,5.1,4.5
401705290,PHX,4278585,8.0,5.9,6.0
401705290,PHX,4397102,8.0,2.2,1.3
401705290,PHX,4432946,8.0,0.7,0.7
401705290,PHX,4601023,8.0,6.7,4.4
401705290,PHX,4888725,11.0,0.7,-0.4
401705291,GSW,3975,35.0,17.2,17.0
401705291,GSW,6589,34.0,7.8,5.8
401705291,GSW,2990984,31.0,14.2,12.4
401705291,GSW,3134903,14.0,5.7,7.1
401705291,GSW,3155535,23.0,11.5,9.3
401705291,GSW,4066889,14.0,5.6,3.9
401705291,GSW,4592714,14.0,5.4,6.1
401705291,GSW,4593016,25.0,10.7,9.9
401705291,GSW,4709138,40.0,22.2,20.9
401705291,GSW,4997536,11.0,3.3,3.3
401705291,UTA,2528426,33.0,25.0,24.9
401705291,UTA,3133602,23.0,9.5,8.0
401705291,UTA,3908845,30.0,12.8,9.3
401705291,UTA,4066399,18.0,1.8,1.0
401705291,UTA,4432817,11.0,-0.3,1.3
401705291,UTA,4433136,36.0,17.6,14.1
401705291,UTA,4433627,31.0,23.8,22.5
401705291,UTA,4683766,34.0,20.5,19.1
401705291,UTA,4684793,12.0,2.9,3.1
401705291,UTA,5105839,12.0,-2.3,-2.1
401705292,DEN,3442,10.0,4.3,3.1
401705292,DEN,3064290,31.0,12.4,10.6
401705292,DEN,3112335,36.0,34.1,31.8
401705292,DEN,3936299,36.0,10.1,10.3
401705292,DEN,4278104,37.0,37.7,33.3
401705292,DEN,4395620,10.0,3.2,2.6
401705292,DEN,4398390,12.0,5.3,4.1
401705292,DEN,4431690,9.0,4.1,4.1
401705292,DEN,4431767,29.0,24.9,20.3
401705292,DEN,4432181,24.0,3.3,4.3
401705292,DEN,4433268,2.0,0.0,0.0
401705292,DEN,4592427,2.0,2.0,2.0
401705292,DEN,4701225,2.0,-0.1,0.0
401705292,NOP,2490149,28.0,12.4,11.4
401705292,NOP,2596112,18.0,3.6,2.7
401705292,NOP,4278572,17.0,-0.8,-1.1
401705292,NOP,4395628,27.0,22.3,19.1
401705292,NOP,4397688,32.0,23.1,22.4
401705292,NOP,4431689,3.0,-0.4,0.0
401705292,NOP,4432813,14.0,0.5,-0.4
401705292,NOP,4592686,15.0,2.7,2.7
401705292,NOP,4683750,25.0,9.8,7.9
401705292,NOP,4997538,30.0,11.4,8.1
401705292,NOP,5061589,32.0,11.0,11.3
401705293,ORL,6446,5.0,-0.7,-0.7
401705293,ORL,2581018,22.0,4.5,4.7
401705293,ORL,2999547,15.0,0.5,0.0
401705293,ORL,4065654,21.0,3.2,0.4
401705293,ORL,4277847,20.0,12.1,9.9
401705293,ORL,4348700,23.0,16.2,14.4
401705293,ORL,4409222,7.0,-1.5,-0.7
401705293,ORL,4432573,31.0,20.6,20.0
401705293,ORL,4432809,23.0,12.3,11.8
401705293,ORL,4433623,7.0,1.2,1.3
401705293,ORL,4566434,27.0,24.0,23.2
401705293,ORL,4702382,18.0,11.4,10.6
401705293,ORL,4712849,16.0,12.2,12.4
401705293,ORL,5105806,6.0,-0.4,0.0
401705293,SAC,3978,33.0,12.3,11.7
401705293,SAC,2596107,2.0,-0.4,0.0
401705293,SAC,3064440,31.0,7.1,6.2
401705293,SAC,3136196,15.0,5.9,5.3
401705293,SAC,3155942,32.0,20.0,19.1
401705293,SAC,4066262,25.0,2.7,3.0
401705293,SAC,4395704,8.0,6.4,6.4
401705293,SAC,4433188,11.0,10.6,7.7
401705293,SAC,4433378,8.0,4.1,2.1
401705293,SAC,4592857,5.0,0.2,-0.1
401705293,SAC,4594327,30.0,2.2,0.7
401705293,SAC,4702177,26.0,12.5,10.9
401705293,SAC,5107818,14.0,3.6,4.1
401705294,BOS,3213,21.0,1.8,0.3
401705294,BOS,3064560,23.0,10.8,10.6
401705294,BOS,3078576,26.0,9.9,9.1
401705294,BOS,3102531,27.0,10.7,9.7
401705294,BOS,3917376,33.0,17.9,15.8
401705294,BOS,4065648,29.0,10.9,10.4
401705294,BOS,4065804,21.0,4.6,4.7
401705294,BOS,4066354,33.0,17.6,17.0
401705294,BOS,4397424,10.0,4.7,5.1
401705294,BOS,4397689,10.0,5.1,4.8
401705294,BOS,4683689,10.0,3.7,2.1
401705294,DAL,6442,40.0,14.6,11.1
401705294,DAL,6475,29.0,20.8,20.3
401705294,DAL,2580782,31.0,19.8,18.2
401705294,DAL,3102528,20.0,13.5,13.5
401705294,DAL,4278049,34.0,13.6,9.9
401705294,DAL,4278594,29.0,14.0,13.9
401705294,DAL,4397693,15.0,5.6,4.8
401705294,DAL,4432582,30.0,13.2,11.7
401705294,DAL,4595400,14.0,2.2,0.0
401705295,HOU,3136777,11.0,2.9,2.1
401705295,HOU,3146557,14.0,10.0,9.9
401705295,HOU,3155526,34.0,9.0,9.0
401705295,HOU,4433192,28.0,15.0,8.2
401705295,HOU,4437244,38.0,20.7,18.2
401705295,HOU,4684740,37.0,17.2,14.5
401705295,HOU,4711272,17.0,1.2,-1.0
401705295,HOU,4871144,33.0,17.8,15.3
401705295,HOU,5105592,28.0,9.0,8.8
401705295,MIN,3195,29.0,17.5,15.3
401705295,MIN,3032976,34.0,10.3,9.1
401705295,MIN,4277951,2.0,0.6,0.7
401705295,MIN,4278039,32.0,2.5,1.0
401705295,MIN,4396971,36.0,14.5,9.8
401705295,MIN,4431671,31.0,6.8,7.2
401705295,MIN,4432247,19.0,14.3,15.1
401705295,MIN,4432847,7.0,3.7,3.7
401705295,MIN,4594268,38.0,30.1,29.1
401705295,MIN,4684275,13.0,2.9,2.7
401705296,DEN,3442,12.0,7.4,6.6
401705296,DEN,3064290,23.0,11.9,11.4
401705296,DEN,3112335,31.0,30.0,25.8
401705296,DEN,4278104,30.0,23.3,21.5
401705296,DEN,4395620,11.0,1.8,1.6
401705296,DEN,4398390,31.0,4.9,4.1
401705296,DEN,4431690,21.0,1.0,-1.1
401705296,DEN,4431767,36.0,16.4,12.9
401705296,DEN,4432181,31.0,-2.4,-2.4
401705296,DEN,4433268,5.0,1.3,1.7
401705296,DEN,4592427,5.0,-0.4,0.0
401705296,DEN,4701225,5.0,-0.8,-0.7
401705296,ORL,2581018,27.0,7.9,6.4
401705296,ORL,4065654,12.0,0.5,-2.1
401705296,ORL,4277847,26.0,15.3,15.2
401705296,ORL,4348700,17.0,4.0,3.1
401705296,ORL,4409222,11.0,3.5,1.3
401705296,ORL,4432573,30.0,15.5,11.2
401705296,ORL,4432809,22.0,-0.3,-0.4
401705296,ORL,4433623,7.0,0.2,-0.1
401705296,ORL,4566434,30.0,10.2,7.7
401705296,ORL,4702382,18.0,5.3,4.3
401705296,ORL,4712849,26.0,6.3,4.7
401705296,ORL,5105806,14.0,0.9,0.3
401705297,GSW,3975,37.0,19.9,17.9
401705297,GSW,6589,33.0,14.3,12.1
401705297,GSW,2990984,35.0,9.5,9.8
401705297,GSW,3134903,8.0,1.2,0.3
401705297,GSW,3155535,12.0,4.6,5.5
401705297,GSW,4066889,15.0,-1.6,-2.1
401705297,GSW,4431684,5.0,0.6,0.0
401705297,GSW,4432171,32.0,9.9,8.4
401705297,GSW,4592714,17.0,9.2,8.1
401705297,GSW,4593016,11.0,4.5,4.7
401705297,GSW,4709138,34.0,6.9,5.9
401705297,LAL,1966,38.0,38.7,32.6
401705297,LAL,2578185,33.0,5.6,4.1
401705297,LAL,3137259,30.0,9.9,11.1
401705297,LAL,3915195,15.0,2.9,0.7
401705297,LAL,4066457,36.0,14.9,11.8
401705297,LAL,4066648,39.0,7.6,7.6
401705297,LAL,4278077,21.0,10.0,6.9
401705297,LAL,4397077,25.0,11.2,10.1
401705297,LAL,4431778,4.0,3.6,3.4
401705298,POR,2991070,37.0,10.0,7.3
401705298,POR,4278129,31.0,17.0,14.9
401705298,POR,4351851,34.0,25.8,24.6
401705298,POR,4397885,10.0,3.6,2.7
401705298,POR,4431736,36.0,2.4,-0.4
401705298,POR,4594326,5.0,-0.7,-0.7
401705298,POR,4683021,18.0,4.0,3.6
401705298,POR,4683678,22.0,5.4,3.9
401705298,POR,4914336,31.0,14.5,13.3
401705298,POR,5105565,17.0,2.3,1.3
401705298,SAC,3978,37.0,22.4,19.6
401705298,SAC,6477,17.0,4.8,4.7
401705298,SAC,3064440,37.0,13.3,12.2
401705298,SAC,3136196,14.0,2.2,1.0
401705298,SAC,3155942,29.0,10.1,7.8
401705298,SAC,4066262,39.0,14.4,11.0
401705298,SAC,4433188,8.0,-0.1,-1.4
401705298,SAC,4594327,35.0,8.4,8.1
401705298,SAC,4702177,24.0,5.5,3.0
401705299,IND,2530530,15.0,3.3,2.1
401705299,IND,3133628,6.0,-1.8,-2.8
401705299,IND,3149673,35.0,30.4,26.3
401705299,IND,3934723,28.0,13.3,11.2
401705299,IND,4278355,28.0,8.9,7.1
401705299,IND,4395712,31.0,1.8,0.3
401705299,IND,4396909,21.0,4.9,4.0
401705299,IND,4396993,34.0,16.7,11.5
401705299,IND,4433076,15.0,10.9,9.1
401705299,IND,4683634,28.0,22.5,22.4
401705299,LAC,3416,12.0,1.3,-0.7
401705299,LAC,3992,38.0,20.0,18.3
401705299,LAC,6450,33.0,9.9,8.4
401705299,LAC,2595516,36.0,10.1,10.1
401705299,LAC,2991139,22.0,2.3,0.3
401705299,LAC,3914285,13.0,4.6,4.1
401705299,LAC,3936099,27.0,6.9,6.1
401705299,LAC,4017837,35.0,18.8,15.7
401705299,LAC,4066387,23.0,9.6,8.7
401705300,CHA,3986,13.0,4.5,3.4
401705300,CHA,2326307,21.0,9.4,8.4
401705300,CHA,3913220,30.0,2.8,2.1
401705300,CHA,4066383,35.0,22.0,18.5
401705300,CHA,4432816,36.0,13.8,14.1
401705300,CHA,4433249,33.0,13.3,11.7
401705300,CHA,4683686,34.0,15.4,14.3
401705300,CHA,4683834,19.0,9.5,9.8
401705300,CHA,5211176,18.0,6.8,6.1
401705300,SAS,2779,27.0,9.4,8.9
401705300,SAS,6578,22.0,8.1,6.8
401705300,SAS,4066259,33.0,20.5,17.1
401705300,SAS,4395630,34.0,9.4,7.9
401705300,SAS,4395723,16.0,-0.1,-0.1
401705300,SAS,4592479,19.0,2.3,1.7
401705300,SAS,4610139,24.0,12.2,10.9
401705300,SAS,4845367,31.0,24.3,24.2
401705300,SAS,5104157,34.0,13.1,8.0
401705301,CLE,6474,9.0,1.7,1.4
401705301,CLE,3908809,34.0,21.2,20.1
401705301,CLE,4065733,25.0,9.0,8.4
401705301,CLE,4065778,31.0,15.3,14.5
401705301,CLE,4066328,27.0,14.1,10.9
401705301,CLE,4396907,32.0,16.9,16.2
401705301,CLE,4432158,34.0,21.3,18.5
401705301,CLE,4433620,5.0,-0.8,0.0
401705301,CLE,4683747,20.0,10.4,10.3
401705301,CLE,4701233,23.0,8.8,5.2
401705301,WAS,2581184,6.0,1.7,1.0
401705301,WAS,2993370,31.0,15.9,14.2
401705301,WAS,4277956,37.0,30.5,30.1
401705301,WAS,4280151,28.0,6.0,5.7
401705301,WAS,4845374,36.0,8.0,7.5
401705301,WAS,4997537,16.0,6.1,5.1
401705301,WAS,5104155,42.0,14.4,11.3
401705301,WAS,5170947,9.0,2.3,2.4
401705301,WAS,5174563,35.0,13.6,11.4
401705302,ATL,2580365,20.0,8.9,8.8
401705302,ATL,3913180,6.0,1.0,1.0
401705302,ATL,4277905,35.0,17.2,14.7
401705302,ATL,4279118,19.0,2.7,1.7
401705302,ATL,4431680,28.0,12.6,11.6
401705302,ATL,4578893,31.0,11.0,8.7
401705302,ATL,4712863,23.0,18.5,11.1
401705302,ATL,4869342,38.0,14.8,12.4
401705302,ATL,4870562,20.0,5.9,5.1
401705302,ATL,5211175,20.0,7.5,8.1
401705302,MIL,3448,35.0,9.5,7.7
401705302,MIL,6606,35.0,20.0,18.6
401705302,MIL,2990962,31.0,5.1,6.4
401705302,MIL,3064482,38.0,24.0,18.9
401705302,MIL,3134907,24.0,4.5,2.8
401705302,MIL,4277843,29.0,16.6,15.2
401705302,MIL,4397475,21.0,-0.9,-0.4
401705302,MIL,4432190,16.0,2.7,2.1
401705302,MIL,4591725,13.0,2.9,2.0
401705303,BKN,3136776,26.0,8.9,6.8
401705303,BKN,3138196,30.0,15.6,14.1
401705303,BKN,4278067,31.0,12.9,7.5
401705303,BKN,4397179,21.0,-2.7,-3.4
401705303,BKN,4431675,22.0,10.7,7.8
401705303,BKN,4431714,17.0,4.6,5.0
401705303,BKN,4432192,23.0,9.5,6.0
401705303,BKN,4432194,17.0,9.6,8.2
401705303,BKN,4433137,32.0,10.6,6.5
401705303,BKN,4597865,20.0,4.5,2.9
401705303,MIA,3074752,31.0,13.0,11.6
401705303,MIA,3157465,29.0,4.2,2.6
401705303,MIA,4066261,37.0,12.9,11.0
401705303,MIA,4291678,18.0,2.5,-0.7
401705303,MIA,4395725,38.0,3.6,2.9
401705303,MIA,4432848,19.0,5.0,5.1
401705303,MIA,4601025,11.0,0.5,1.4
401705303,MIA,4997528,32.0,3.5,2.4
401705303,MIA,5105623,26.0,12.9,8.5
401705304,DET,6440,34.0,19.4,16.9
401705304,DET,2528210,31.0,4.8,2.6
401705304,DET,3899664,19.0,5.8,4.3
401705304,DET,3907822,38.0,25.3,25.4
401705304,DET,4278562,7.0,1.8,0.7
401705304,DET,4432107,28.0,5.4,5.0
401705304,DET,4432810,22.0,10.2,9.8
401705304,DET,4433621,20.0,15.5,14.5
401705304,DET,4683771,15.0,1.8,1.3
401705304,DET,4684742,27.0,16.1,14.9
401705304,PHI,3012,15.0,4.7,4.1
401705304,PHI,3431,10.0,-3.9,-4.4
401705304,PHI,4251,30.0,8.1,8.4
401705304,PHI,6585,8.0,4.3,3.1
401705304,PHI,3059318,30.0,16.9,14.6
401705304,PHI,3133603,36.0,15.5,11.9
401705304,PHI,4278052,2.0,0.3,0.0
401705304,PHI,4397014,28.0,11.0,10.8
401705304,PHI,4431678,39.0,19.6,17.8
401705304,PHI,4701234,2.0,4.4,3.4
401705304,PHI,4711297,30.0,11.0,8.8
401705304,PHI,5105637,11.0,0.5,0.7
401705305,OKC,2991350,20.0,17.0,12.6
401705305,OKC,3133626,17.0,-1.4,-1.7
401705305,OKC,4222252,26.0,12.5,9.8
401705305,OKC,4278073,29.0,23.0,21.5
401705305,OKC,4395702,25.0,13.4,13.9
401705305,OKC,4397183,33.0,15.4,13.1
401705305,OKC,4397654,2.0,0.0,0.0
401705305,OKC,4432823,17.0,3.9,2.8
401705305,OKC,4432971,4.0,-0.3,-0.3
401705305,OKC,4433255,22.0,6.1,1.0
401705305,OKC,4592435,2.0,2.0,1.7
401705305,OKC,4593803,33.0,17.8,17.0
401705305,OKC,4702159,9.0,1.1,-0.1
401705305,TOR,3948153,15.0,6.1,7.0
401705305,TOR,4395724,28.0,5.7,6.3
401705305,TOR,4397018,30.0,6.9,3.5
401705305,TOR,4431893,15.0,10.6,9.8
401705305,TOR,4432241,22.0,3.5,4.6
401705305,TOR,4433134,34.0,15.3,9.0
401705305,TOR,4593049,17.0,7.7,7.5
401705305,TOR,4684272,23.0,8.9,7.7
401705305,TOR,5106258,28.0,15.2,14.1
401705305,TOR,5107897,28.0,9.7,8.1
401705306,PHX,2488653,30.0,5.1,2.4
401705306,PHX,2583632,30.0,11.6,8.7
401705306,PHX,2595209,5.0,0.6,1.0
401705306,PHX,3059310,15.0,3.7,3.7
401705306,PHX,3135045,36.0,19.5,16.1
401705306,PHX,3135046,38.0,14.2,10.7
401705306,PHX,3136193,49.0,36.0,35.1
401705306,PHX,4278076,23.0,16.9,12.2
401705306,PHX,4397102,24.0,12.1,9.1
401705306,PHX,4888725,15.0,4.4,4.3
401705306,UTA,3133602,23.0,7.5,6.6
401705306,UTA,3908845,39.0,16.2,13.7
401705306,UTA,4066336,40.0,12.6,11.0
401705306,UTA,4066399,11.0,2.2,2.4
401705306,UTA,4432817,16.0,1.8,1.9
401705306,UTA,4433136,38.0,25.4,18.8
401705306,UTA,4433627,35.0,11.0,11.0
401705306,UTA,4683766,35.0,13.8,12.4
401705306,UTA,4684793,15.0,13.5,11.9
401705306,UTA,5105839,13.0,2.2,1.6
401705307,DAL,6442,42.0,11.3,8.3
401705307,DAL,6475,22.0,6.6,6.3
401705307,DAL,6583,31.0,29.0,23.3
401705307,DAL,2580782,24.0,6.9,7.0
401705307,DAL,3102528,21.0,4.6,4.4
401705307,DAL,4278049,26.0,9.8,5.0
401705307,DAL,4278078,16.0,7.3,5.0
401705307,DAL,4278594,25.0,13.9,11.8
401705307,DAL,4397693,1.0,0.0,0.0
401705307,DAL,4432582,33.0,18.1,18.0
401705307,DAL,4595400,1.0,0.3,0.0
401705307,HOU,2991235,22.0,4.0,3.1
401705307,HOU,3136777,5.0,-0.4,-0.7
401705307,HOU,3155526,37.0,5.6,6.3
401705307,HOU,3922230,3.0,0.6,0.3
401705307,HOU,4433192,30.0,6.4,5.7
401705307,HOU,4437244,41.0,16.6,15.8
401705307,HOU,4684740,37.0,16.3,14.7
401705307,HOU,4711272,7.0,0.5,0.6
401705307,HOU,4871144,38.0,21.9,20.7
401705307,HOU,5105592,20.0,2.9,2.5
401705308,IND,2530530,13.0,9.0,8.7
401705308,IND,3149673,33.0,21.9,19.8
401705308,IND,3934723,23.0,14.8,14.0
401705308,IND,4278355,22.0,10.8,10.4
401705308,IND,4395712,22.0,-0.6,0.4
401705308,IND,4396909,21.0,3.4,2.0
401705308,IND,4396993,36.0,18.7,16.6
401705308,IND,4433076,28.0,11.3,8.4
401705308,IND,4683634,25.0,10.3,10.3
401705308,IND,5106060,17.0,-1.0,-3.5
401705308,LAL,6461,6.0,-0.5,-0.4
401705308,LAL,2578185,35.0,5.4,3.8
401705308,LAL,3137259,25.0,8.2,7.8
401705308,LAL,3915195,15.0,2.1,2.0
401705308,LAL,4066457,41.0,37.2,33.3
401705308,LAL,4066648,33.0,20.0,17.8
401705308,LAL,4278077,20.0,3.9,3.1
401705308,LAL,4278402,25.0,6.2,6.8
401705308,LAL,4395623,12.0,6.3,7.5
401705308,LAL,4397077,29.0,14.2,10.9
401705309,ORL,2581018,30.0,3.4,2.0
401705309,ORL,2999547,17.0,-0.8,-0.7
401705309,ORL,4065654,18.0,15.1,13.6
401705309,ORL,4277847,11.0,3.4,5.0
401705309,ORL,4348700,26.0,3.3,1.3
401705309,ORL,4432573,34.0,9.1,6.7
401705309,ORL,4432809,21.0,8.5,7.3
401705309,ORL,4566434,38.0,22.9,20.4
401705309,ORL,4702382,18.0,3.7,1.4
401705309,ORL,4712849,27.0,18.1,16.6
401705309,SAS,2779,27.0,6.1,5.5
401705309,SAS,6578,36.0,19.8,16.8
401705309,SAS,4066259,34.0,3.7,3.4
401705309,SAS,4395630,34.0,22.9,21.7
401705309,SAS,4395723,18.0,8.2,7.1
401705309,SAS,4592479,13.0,-0.8,-1.7
401705309,SAS,4610139,19.0,6.0,6.2
401705309,SAS,4845367,29.0,12.2,9.9
401705309,SAS,5104157,31.0,19.8,10.7
401705310,ATL,2580365,22.0,10.5,8.7
401705310,ATL,2990969,26.0,18.1,13.9
401705310,ATL,2991043,15.0,3.5,4.6
401705310,ATL,3907823,25.0,1.7,2.6
401705310,ATL,4277905,35.0,25.6,26.5
401705310,ATL,4431680,26.0,4.3,2.7
401705310,ATL,4578893,32.0,17.3,12.9
401705310,ATL,4869342,35.0,12.9,8.7
401705310,ATL,5211175,24.0,13.4,13.5
401705310,WAS,2566769,23.0,5.5,3.6
401705310,WAS,2993370,30.0,11.3,8.5
401705310,WAS,4277956,31.0,12.4,12.2
401705310,WAS,4280151,35.0,10.5,10.2
401705310,WAS,4432907,25.0,5.0,4.1
401705310,WAS,4684737,2.0,-0.4,-0.7
401705310,WAS,4845374,38.0,22.2,21.1
401705310,WAS,4997537,14.0,8.9,6.4
401705310,WAS,5104155,35.0,9.0,5.8
401705310,WAS,5170947,7.0,0.4,1.7
401705311,CHI,6478,29.0,4.6,3.3
401705311,CHI,3133635,4.0,-1.1,-1.4
401705311,CHI,4066372,19.0,0.6,-0.5
401705311,CHI,4395626,18.0,0.8,0.0
401705311,CHI,4395651,34.0,23.4,22.2
401705311,CHI,4397002,30.0,5.9,6.2
401705311,CHI,4397189,19.0,12.0,11.4
401705311,CHI,4431687,20.0,1.4,1.9
401705311,CHI,4433159,4.0,5.6,5.6
401705311,CHI,4711294,29.0,13.2,11.5
401705311,CHI,4871145,31.0,10.8,7.3
401705311,CHI,5105553,4.0,4.4,3.4
401705311,GSW,3975,34.0,26.4,25.5
401705311,GSW,6430,29.0,22.7,21.1
401705311,GSW,6589,32.0,10.7,7.3
401705311,GSW,2990984,28.0,12.1,9.7
401705311,GSW,3134903,9.0,-0.5,-0.7
401705311,GSW,3155535,11.0,4.6,3.8
401705311,GSW,4066889,4.0,3.0,1.7
401705311,GSW,4431684,4.0,3.4,1.4
401705311,GSW,4432171,22.0,-3.1,-1.5
401705311,GSW,4592714,4.0,0.0,0.0
401705311,GSW,4593016,20.0,15.4,14.9
401705311,GSW,4709138,29.0,17.1,15.7
401705311,GSW,4997536,15.0,6.7,7.5
401705312,MEM,3134932,1.0,0.0,0.0
401705312,MEM,3906665,22.0,6.2,4.7
401705312,MEM,3913174,16.0,1.8,1.0
401705312,MEM,4065731,1.0,0.0,0.0
401705312,MEM,4066320,36.0,16.7,12.8
401705312,MEM,4277961,35.0,12.6,8.2
401705312,MEM,4279888,36.0,10.7,8.9
401705312,MEM,4397227,15.0,4.8,5.6
401705312,MEM,4431785,8.0,6.6,4.6
401705312,MEM,4592979,1.0,0.0,0.0
401705312,MEM,4593125,25.0,18.4,18.0
401705312,MEM,4600663,13.0,5.2,4.4
401705312,MEM,5105550,20.0,4.4,4.1
401705312,MEM,5112087,12.0,0.5,1.7
401705312,OKC,2991350,27.0,11.9,11.8
401705312,OKC,3133626,23.0,10.2,7.5
401705312,OKC,4222252,32.0,15.5,13.7
401705312,OKC,4278073,34.0,20.8,21.4
401705312,OKC,4395702,25.0,-2.7,-2.1
401705312,OKC,4397183,38.0,22.1,19.8
401705312,OKC,4397654,1.0,0.0,0.0
401705312,OKC,4432823,14.0,7.2,5.5
401705312,OKC,4592435,1.0,-0.7,-0.7
401705312,OKC,4593803,37.0,18.3,17.4
401705312,OKC,4702159,8.0,0.2,0.6
401705313,MIN,2968436,13.0,-0.9,-0.7
401705313,MIN,3032976,37.0,15.3,13.0
401705313,MIN,4277951,8.0,-0.4,-0.3
401705313,MIN,4278039,38.0,19.3,16.9
401705313,MIN,4396971,38.0,14.4,12.0
401705313,MIN,4431671,37.0,27.9,25.7
401705313,MIN,4432247,32.0,10.5,6.6
401705313,MIN,4432847,13.0,0.1,0.9
401705313,MIN,4684275,24.0,4.0,3.4
401705313,POR,2991070,38.0,4.7,2.9
401705313,POR,4066211,8.0,4.9,4.4
401705313,POR,4278129,32.0,5.3,2.7
401705313,POR,4351851,34.0,12.5,11.4
401705313,POR,4431736,34.0,8.0,6.8
401705313,POR,4594326,12.0,7.5,7.3
401705313,POR,4683021,23.0,3.6,2.6
401705313,POR,4683678,26.0,8.5,7.4
401705313,POR,4914336,27.0,9.2,8.0
401705313,POR,5105565,6.0,3.3,-0.3
401705314,BOS,3213,31.0,5.0,3.7
401705314,BOS,3064560,29.0,19.7,16.1
401705314,BOS,3078576,25.0,15.7,14.5
401705314,BOS,3917376,32.0,7.5,4.4
401705314,BOS,4065648,37.0,29.4,28.0
401705314,BOS,4065804,18.0,2.7,3.0
401705314,BOS,4066354,27.0,22.1,20.9
401705314,BOS,4277964,6.0,-1.1,-0.7
401705314,BOS,4397424,26.0,10.0,8.4
401705314,BOS,4593841,5.0,1.7,0.4
401705314,BOS,4683689,5.0,1.6,2.0
401705314,NYK,3062679,38.0,10.5,7.6
401705314,NYK,3064230,19.0,10.4,10.1
401705314,NYK,3064447,3.0,0.0,0.0
401705314,NYK,3136195,28.0,6.1,3.6
401705314,NYK,3147657,34.0,5.8,4.6
401705314,NYK,3914044,5.0,6.7,6.1
401705314,NYK,3934672,36.0,28.5,28.9
401705314,NYK,4431679,33.0,3.2,3.0
401705314,NYK,4431823,35.0,7.0,3.5
401705314,NYK,4871141,8.0,-2.2,-2.0
401705315,DEN,3442,17.0,6.8,4.8
401705315,DEN,3064290,24.0,10.1,7.7
401705315,DEN,3112335,29.0,28.9,28.4
401705315,DEN,3936299,38.0,23.8,20.9
401705315,DEN,4395620,7.0,4.4,4.4
401705315,DEN,4398390,17.0,4.3,3.3
401705315,DEN,4431690,21.0,5.4,2.3
401705315,DEN,4431767,38.0,18.7,17.2
401705315,DEN,4432181,39.0,10.3,8.6
401705315,DEN,4433268,6.0,-2.1,-2.0
401705315,DEN,4592427,3.0,-1.4,-1.0
401705315,DEN,4701225,3.0,2.0,1.7
401705315,PHX,2488653,16.0,5.1,3.1
401705315,PHX,2583632,30.0,5.5,6.0
401705315,PHX,2595209,16.0,5.5,5.9
401705315,PHX,3059310,14.0,-2.6,-3.8
401705315,PHX,3135046,29.0,14.2,13.9
401705315,PHX,3136193,34.0,16.1,16.1
401705315,PHX,4278076,22.0,6.0,5.0
401705315,PHX,4278585,5.0,4.7,2.4
401705315,PHX,4397102,33.0,18.1,13.1
401705315,PHX,4601023,5.0,1.0,0.7
401705315,PHX,4683749,21.0,5.2,5.0
401705315,PHX,4888725,13.0,6.0,6.4
401705316,NOP,2490149,33.0,23.8,20.4
401705316,NOP,2596112,16.0,-2.1,-1.7
401705316,NOP,4277869,29.0,9.8,5.9
401705316,NOP,4395628,28.0,32.3,31.0
401705316,NOP,4397688,38.0,14.3,11.7
401705316,NOP,4432162,15.0,6.3,4.5
401705316,NOP,4592686,14.0,2.6,2.7
401705316,NOP,4683750,18.0,-3.2,-2.8
401705316,NOP,4997538,17.0,6.4,5.5
401705316,NOP,5061589,32.0,3.8,-1.4
401705316,SAC,3978,32.0,6.5,4.3
401705316,SAC,6477,14.0,5.7,5.4
401705316,SAC,3064440,37.0,16.9,15.5
401705316,SAC,3136196,10.0,2.5,2.3
401705316,SAC,3155942,34.0,20.2,19.0
401705316,SAC,4066262,32.0,8.1,5.1
401705316,SAC,4592691,12.0,8.8,6.5
401705316,SAC,4594327,36.0,15.8,10.7
401705316,SAC,4702177,32.0,13.8,11.4
401705317,LAC,3416,5.0,-0.1,-0.7
401705317,LAC,3992,38.0,21.9,19.7
401705317,LAC,4004,2.0,0.3,0.7
401705317,LAC,6450,31.0,3.3,2.4
401705317,LAC,2595516,36.0,18.0,17.1
401705317,LAC,2991139,22.0,6.9,4.8
401705317,LAC,3914285,6.0,5.8,4.8
401705317,LAC,3936099,27.0,7.4,7.6
401705317,LAC,4017837,33.0,30.1,25.3
401705317,LAC,4066387,28.0,11.1,12.4
401705317,LAC,4396818,2.0,1.0,1.4
401705317,LAC,4431752,8.0,5.0,5.1
401705317,LAC,4432179,2.0,3.4,3.4
401705317,UTA,2528426,34.0,16.2,14.0
401705317,UTA,3133602,27.0,2.8,1.9
401705317,UTA,4066399,25.0,5.1,5.1
401705317,UTA,4432817,25.0,16.8,14.8
401705317,UTA,4432827,8.0,4.6,4.1
401705317,UTA,4433627,33.0,14.0,12.8
401705317,UTA,4683766,29.0,7.9,6.5
401705317,UTA,4684793,29.0,13.2,14.0
401705317,UTA,4895758,15.0,1.4,1.4
401705317,UTA,5105839,14.0,1.1,-0.7
401705318,CHA,3986,20.0,7.2,5.8
401705318,CHA,2326307,36.0,22.0,20.2
401705318,CHA,2583639,23.0,0.5,-1.0
401705318,CHA,3913220,30.0,-0.5,-1.3
401705318,CHA,4066383,36.0,20.6,18.0
401705318,CHA,4431727,24.0,13.0,11.8
401705318,CHA,4433249,7.0,3.9,4.0
401705318,CHA,4683834,32.0,6.7,6.8
401705318,CHA,5211176,31.0,5.7,4.9
401705318,DET,6440,34.0,16.0,15.2
401705318,DET,2528210,30.0,5.7,4.7
401705318,DET,3032979,15.0,3.7,3.7
401705318,DET,3899664,14.0,0.5,-0.7
401705318,DET,3907822,26.0,10.8,8.9
401705318,DET,4432166,37.0,17.2,14.0
401705318,DET,4432810,17.0,1.1,1.7
401705318,DET,4433621,31.0,19.6,18.1
401705318,DET,4683771,14.0,7.3,4.7
401705318,DET,4684742,23.0,16.9,15.6
401705319,HOU,3209,20.0,11.5,11.4
401705319,HOU,3136777,15.0,5.2,3.7
401705319,HOU,3146557,24.0,10.0,8.1
401705319,HOU,3155526,37.0,11.5,10.8
401705319,HOU,3922230,27.0,2.7,1.3
401705319,HOU,4437244,34.0,8.0,5.8
401705319,HOU,4684740,41.0,9.3,4.8
401705319,HOU,4711272,14.0,-0.4,-0.4
401705319,HOU,4871144,3.0,-1.8,-2.4
401705319,HOU,5105592,25.0,8.6,4.6
401705319,TOR,3948153,18.0,3.4,2.7
401705319,TOR,4395724,30.0,12.6,10.3
401705319,TOR,4397018,32.0,9.3,8.1
401705319,TOR,4431893,14.0,-2.9,-2.1
401705319,TOR,4432241,19.0,9.7,10.5
401705319,TOR,4433134,38.0,13.2,8.6
401705319,TOR,4593049,17.0,1.5,0.3
401705319,TOR,4684272,25.0,5.5,4.3
401705319,TOR,5106258,14.0,-1.9,-2.8
401705319,TOR,5107897,31.0,6.5,3.9
401705320,MIL,3448,24.0,13.8,12.5
401705320,MIL,6606,44.0,35.4,32.0
401705320,MIL,2990962,28.0,4.6,5.0
401705320,MIL,3064482,30.0,20.0,19.4
401705320,MIL,3134907,36.0,8.9,7.1
401705320,MIL,4277843,33.0,16.3,12.9
401705320,MIL,4397475,25.0,10.5,8.7
401705320,MIL,4432190,16.0,-0.4,-0.3
401705320,MIL,4591725,4.0,4.1,3.8
401705320,PHI,3012,6.0,1.0,0.7
401705320,PHI,3431,9.0,0.7,0.7
401705320,PHI,4251,29.0,15.6,10.8
401705320,PHI,3059318,30.0,23.3,20.2
401705320,PHI,3133603,37.0,8.8,5.4
401705320,PHI,4017844,25.0,14.9,15.2
401705320,PHI,4395695,11.0,3.2,3.7
401705320,PHI,4397014,31.0,8.4,7.1
401705320,PHI,4431678,40.0,31.3,29.1
401705320,PHI,4701234,1.0,0.0,0.0
401705320,PHI,4711297,22.0,0.2,0.2
401705321,CLE,6474,5.0,2.5,0.7
401705321,CLE,3908809,32.0,22.5,20.0
401705321,CLE,4065732,23.0,7.2,7.9
401705321,CLE,4065733,24.0,14.8,13.5
401705321,CLE,4066328,27.0,17.2,14.7
401705321,CLE,4066757,29.0,6.2,4.3
401705321,CLE,4396907,27.0,7.6,7.7
401705321,CLE,4432158,32.0,30.1,24.7
401705321,CLE,4433620,5.0,-0.1,-0.1
401705321,CLE,4683747,14.0,2.4,3.8
401705321,CLE,4701233,17.0,-1.5,-3.1
401705321,CLE,4997539,6.0,-2.4,-2.0
401705321,MIN,2968436,15.0,1.0,-0.3
401705321,MIN,3032976,27.0,13.9,11.9
401705321,MIN,4277951,3.0,-2.3,-1.5
401705321,MIN,4278039,26.0,5.1,4.4
401705321,MIN,4396971,35.0,7.4,6.0
401705321,MIN,4431671,32.0,9.0,6.4
401705321,MIN,4432247,15.0,2.2,2.0
401705321,MIN,4432847,13.0,0.5,-0.7
401705321,MIN,4592965,5.0,2.3,1.4
401705321,MIN,4594268,37.0,24.9,22.1
401705321,MIN,4684275,23.0,6.1,5.3
401705321,MIN,4687718,5.0,3.7,3.4
401705321,MIN,5044385,5.0,2.6,1.6
401705322,ATL,2580365,19.0,5.6,6.5
401705322,ATL,2990969,24.0,3.2,3.2
401705322,ATL,2991043,32.0,15.3,13.7
401705322,ATL,3907823,15.0,11.5,11.2
401705322,ATL,4277905,37.0,8.2,6.4
401705322,ATL,4431680,29.0,8.1,5.4
401705322,ATL,4578893,18.0,9.0,8.5
401705322,ATL,4712863,15.0,8.2,5.6
401705322,ATL,4869342,33.0,13.9,8.2
401705322,ATL,5211175,18.0,12.4,11.5
401705322,ORL,2581018,35.0,4.1,2.3
401705322,ORL,2999547,14.0,4.8,4.2
401705322,ORL,4065654,18.0,3.4,2.7
401705322,ORL,4277847,18.0,2.1,2.3
401705322,ORL,4348700,17.0,2.2,-1.7
401705322,ORL,4432573,33.0,19.3,18.0
401705322,ORL,4432809,18.0,5.3,3.5
401705322,ORL,4566434,38.0,25.7,23.5
401705322,ORL,4702382,16.0,9.0,7.0
401705322,ORL,4712849,34.0,7.9,6.1
401705323,SAS,2779,33.0,11.6,9.6
401705323,SAS,6578,27.0,8.8,8.0
401705323,SAS,4066259,36.0,25.2,25.0
401705323,SAS,4278580,7.0,2.6,2.7
401705323,SAS,4395630,31.0,1.7,1.2
401705323,SAS,4395723,11.0,-0.7,-1.0
401705323,SAS,4592479,16.0,5.0,5.4
401705323,SAS,4610139,21.0,16.1,13.0
401705323,SAS,4845367,20.0,16.9,13.6
401705323,SAS,5104157,38.0,31.1,24.2
401705323,WAS,2566769,19.0,11.0,9.2
401705323,WAS,2993370,27.0,14.0,14.6
401705323,WAS,4277956,32.0,6.4,4.8
401705323,WAS,4280151,24.0,7.1,7.7
401705323,WAS,4432907,18.0,15.1,14.6
401705323,WAS,4845374,28.0,5.5,5.8
401705323,WAS,4997537,20.0,16.9,14.2
401705323,WAS,5104155,36.0,8.6,8.5
401705323,WAS,5174563,36.0,7.2,4.9
401705324,BKN,3136776,23.0,5.5,4.7
401705324,BKN,3138196,25.0,14.8,13.9
401705324,BKN,4278067,24.0,14.8,11.9
401705324,BKN,4397179,22.0,4.4,1.7
401705324,BKN,4431675,20.0,10.8,11.8
401705324,BKN,4431714,27.0,-2.0,-3.4
401705324,BKN,4432187,5.0,-2.9,-1.7
401705324,BKN,4432192,27.0,-2.0,-3.2
401705324,BKN,4432194,19.0,12.6,11.7
401705324,BKN,4433137,22.0,10.0,9.0
401705324,BKN,4597865,26.0,7.4,4.0
401705324,CHA,3986,15.0,2.0,1.4
401705324,CHA,2326307,14.0,0.8,0.9
401705324,CHA,3913220,25.0,4.5,4.3
401705324,CHA,4066383,29.0,3.5,1.3
401705324,CHA,4432811,27.0,3.2,1.0
401705324,CHA,4432816,10.0,5.7,4.4
401705324,CHA,4433249,27.0,19.5,16.8
401705324,CHA,4683686,36.0,6.6,5.7
401705324,CHA,4683834,30.0,6.1,3.0
401705324,CHA,5211176,27.0,11.6,8.1
401705325,BOS,3213,33.0,15.5,11.4
401705325,BOS,3064560,22.0,0.1,-1.3
401705325,BOS,3078576,38.0,11.3,10.8
401705325,BOS,3102531,32.0,13.4,10.1
401705325,BOS,4065648,38.0,24.1,21.4
401705325,BOS,4065804,24.0,13.2,12.8
401705325,BOS,4066354,36.0,9.7,5.1
401705325,BOS,4397424,6.0,2.3,2.4
401705325,BOS,4593841,10.0,0.2,-0.7
401705325,MIA,6429,26.0,12.6,10.8
401705325,MIA,2993874,10.0,-2.2,-2.8
401705325,MIA,3059319,30.0,8.5,6.0
401705325,MIA,3074752,25.0,4.4,2.9
401705325,MIA,3157465,23.0,6.4,6.2
401705325,MIA,4066261,34.0,20.9,19.1
401705325,MIA,4278053,23.0,1.7,2.0
401705325,MIA,4601025,15.0,-0.2,-0.1
401705325,MIA,4997528,27.0,5.3,3.6
401705325,MIA,5105623,27.0,5.4,4.0
401705326,GSW,3975,34.0,28.2,26.4
401705326,GSW,6430,31.0,22.7,19.4
401705326,GSW,6589,32.0,8.6,4.3
401705326,GSW,2990984,30.0,8.9,6.7
401705326,GSW,3134903,10.0,4.7,5.5
401705326,GSW,3155535,12.0,2.8,3.4
401705326,GSW,4066889,1.0,1.0,1.0
401705326,GSW,4431684,1.0,-0.4,0.0
401705326,GSW,4432171,33.0,11.5,7.7
401705326,GSW,4592714,1.0,1.3,0.7
401705326,GSW,4593016,15.0,13.4,13.2
401705326,GSW,4709138,32.0,10.0,5.9
401705326,GSW,4997536,6.0,-1.1,-0.7
401705326,MIL,3448,25.0,6.6,4.8
401705326,MIL,6606,39.0,24.6,22.9
401705326,MIL,2578239,4.0,0.3,-0.3
401705326,MIL,2990962,32.0,17.1,15.5
401705326,MIL,3064482,26.0,0.9,0.5
401705326,MIL,3134907,34.0,14.9,14.9
401705326,MIL,4277843,28.0,2.3,2.2
401705326,MIL,4397140,10.0,2.0,1.1
401705326,MIL,4397475,22.0,-0.4,0.2
401705326,MIL,4432190,13.0,2.9,2.0
401705326,MIL,4591725,7.0,1.7,1.7
401705327,NOP,2596112,12.0,3.2,3.0
401705327,NOP,4277869,23.0,1.9,2.3
401705327,NOP,4278572,7.0,-1.4,-1.7
401705327,NOP,4395628,26.0,8.6,9.3
401705327,NOP,4397688,34.0,17.9,14.8
401705327,NOP,4431689,7.0,4.2,3.6
401705327,NOP,4432813,17.0,5.6,5.0
401705327,NOP,4592686,25.0,1.3,-1.7
401705327,NOP,4683750,26.0,7.4,7.4
401705327,NOP,4997538,32.0,7.1,4.4
401705327,NOP,5061589,30.0,8.5,7.7
401705327,OKC,2991350,18.0,13.0,11.9
401705327,OKC,3133626,11.0,14.3,12.6
401705327,OKC,4222252,22.0,8.9,7.6
401705327,OKC,4278073,31.0,24.6,21.0
401705327,OKC,4397020,25.0,4.2,4.7
401705327,OKC,4397183,25.0,19.3,16.5
401705327,OKC,4397654,6.0,1.9,2.3
401705327,OKC,4432823,23.0,3.1,0.0
401705327,OKC,4432971,6.0,4.7,3.4
401705327,OKC,4433255,25.0,8.9,3.8
401705327,OKC,4592435,6.0,2.3,2.7
401705327,OKC,4593803,25.0,15.3,11.8
401705327,OKC,4702159,18.0,8.4,7.5
401705328,DAL,6442,44.0,25.7,21.8
401705328,DAL,6475,26.0,12.9,12.0
401705328,DAL,2580782,34.0,12.7,11.7
401705328,DAL,3102528,19.0,3.7,3.9
401705328,DAL,3950760,1.0,-0.4,0.0
401705328,DAL,4278049,10.0,5.1,4.5
401705328,DAL,4278594,27.0,10.3,9.1
401705328,DAL,4397693,26.0,5.9,3.4
401705328,DAL,4432582,35.0,13.6,10.1
401705328,DAL,4595400,34.0,15.1,13.5
401705328,DAL,4868423,9.0,1.7,1.7
401705328,SAC,3978,39.0,35.0,33.7
401705328,SAC,6477,18.0,7.1,8.9
401705328,SAC,3064440,38.0,6.0,5.4
401705328,SAC,3136196,10.0,1.6,1.3
401705328,SAC,3155942,42.0,17.7,15.3
401705328,SAC,4066262,43.0,10.3,10.5
401705328,SAC,4592691,13.0,1.3,1.4
401705328,SAC,4594327,30.0,11.2,8.1
401705328,SAC,4702177,32.0,6.9,5.1
401705329,DEN,3442,13.0,6.2,5.4
401705329,DEN,3064290,24.0,13.2,12.3
401705329,DEN,3112335,31.0,36.6,31.9
401705329,DEN,3936299,29.0,18.0,17.0
401705329,DEN,4395620,10.0,-1.5,-1.0
401705329,DEN,4398390,29.0,18.6,15.7
401705329,DEN,4431690,19.0,12.9,11.9
401705329,DEN,4431767,37.0,23.5,22.1
401705329,DEN,4432181,35.0,14.1,13.5
401705329,DEN,4433268,4.0,2.8,2.0
401705329,DEN,4592427,4.0,-0.1,-0.7
401705329,DEN,4701225,4.0,2.0,2.4
401705329,POR,4066268,4.0,2.0,2.0
401705329,POR,4278129,19.0,2.8,3.7
401705329,POR,4351851,32.0,8.9,9.7
401705329,POR,4397885,28.0,16.0,15.3
401705329,POR,4431736,31.0,4.4,1.7
401705329,POR,4432446,15.0,4.4,3.3
401705329,POR,4683021,34.0,14.4,13.8
401705329,POR,4683678,25.0,4.6,4.4
401705329,POR,4914336,20.0,7.3,6.4
401705329,POR,5099752,11.0,-0.4,-1.0
401705329,POR,5105565,21.0,19.6,19.0
401705330,PHI,4251,36.0,8.3,7.0
401705330,PHI,3059318,38.0,21.4,18.0
401705330,PHI,3133603,39.0,10.1,6.8
401705330,PHI,4017844,22.0,6.1,5.0
401705330,PHI,4395695,16.0,15.4,13.9
401705330,PHI,4397014,36.0,13.9,11.1
401705330,PHI,4431678,34.0,-2.9,-2.8
401705330,PHI,4701234,4.0,-0.7,-0.7
401705330,PHI,4711297,16.0,5.9,5.4
401705330,TOR,3948153,15.0,-1.3,-2.4
401705330,TOR,4395724,34.0,19.1,19.3
401705330,TOR,4397018,27.0,3.9,4.7
401705330,TOR,4431893,9.0,1.2,1.3
401705330,TOR,4432241,17.0,4.7,4.2
401705330,TOR,4433134,37.0,29.1,24.4
401705330,TOR,4593049,15.0,4.8,3.4
401705330,TOR,4684272,20.0,3.6,2.0
401705330,TOR,5106258,33.0,12.4,7.9
401705330,TOR,5107897,21.0,5.4,4.2
401705330,TOR,5211984,12.0,-0.1,-0.7
401705331,IND,2530530,17.0,7.0,6.7
401705331,IND,3135048,3.0,1.0,0.7
401705331,IND,3149673,34.0,18.5,15.4
401705331,IND,3934723,32.0,17.6,16.7
401705331,IND,4278355,21.0,6.8,5.3
401705331,IND,4395712,30.0,6.5,4.0
401705331,IND,4396909,13.0,-0.6,0.0
401705331,IND,4396993,33.0,11.0,10.6
401705331,IND,4433076,14.0,10.7,10.1
401705331,IND,4683634,31.0,16.2,14.6
401705331,IND,5106060,9.0,0.5,0.0
401705331,IND,5157066,3.0,2.4,2.1
401705331,NYK,3062679,40.0,27.5,24.7
401705331,NYK,3064230,24.0,9.8,8.6
401705331,NYK,3136195,38.0,37.2,33.8
401705331,NYK,3147657,29.0,6.9,6.5
401705331,NYK,3908336,2.0,-0.7,-0.7
401705331,NYK,3914044,19.0,9.0,9.5
401705331,NYK,3934672,23.0,2.4,3.8
401705331,NYK,4431679,33.0,10.9,8.1
401705331,NYK,4431823,25.0,11.5,11.4
401705331,NYK,4433225,2.0,0.0,0.0
401705331,NYK,4871141,6.0,-1.7,-2.0
401705332,CHI,6478,25.0,1.4,-0.5
401705332,CHI,3133635,11.0,2.3,1.7
401705332,CHI,4066372,21.0,3.2,1.7
401705332,CHI,4066650,12.0,5.5,4.7
401705332,CHI,4395626,16.0,8.3,6.4
401705332,CHI,4395651,28.0,-2.4,-3.6
401705332,CHI,4396991,8.0,1.1,0.5
401705332,CHI,4397002,20.0,6.3,3.0
401705332,CHI,4397189,11.0,5.0,4.4
401705332,CHI,4431687,20.0,1.1,1.6
401705332,CHI,4433159,14.0,4.1,2.9
401705332,CHI,4711294,19.0,8.3,8.8
401705332,CHI,4871145,23.0,10.7,8.2
401705332,CHI,5105553,13.0,4.9,4.6
401705332,DET,6440,25.0,15.7,11.1
401705332,DET,2528210,18.0,0.2,-0.7
401705332,DET,3032979,15.0,2.2,2.0
401705332,DET,3899664,26.0,6.2,2.6
401705332,DET,3907822,16.0,19.2,18.8
401705332,DET,4066317,9.0,-1.8,-1.4
401705332,DET,4278562,10.0,5.5,3.0
401705332,DET,4432107,11.0,10.7,11.5
401705332,DET,4432166,27.0,21.2,18.7
401705332,DET,4432810,15.0,12.1,12.0
401705332,DET,4433621,23.0,10.0,6.9
401705332,DET,4683771,23.0,0.0,-1.1
401705332,DET,4684742,22.0,18.3,14.0
401705333,MEM,3906665,19.0,15.2,14.0
401705333,MEM,3913174,15.0,1.2,0.4
401705333,MEM,4066320,35.0,14.5,12.7
401705333,MEM,4277961,34.0,8.3,5.1
401705333,MEM,4279888,33.0,20.4,18.0
401705333,MEM,4397227,17.0,3.5,3.0
401705333,MEM,4431785,12.0,6.2,6.1
401705333,MEM,4593125,23.0,12.0,10.8
401705333,MEM,4600663,20.0,6.5,2.7
401705333,MEM,5105550,13.0,0.6,1.0
401705333,MEM,5112087,19.0,5.1,6.4
401705333,PHX,3202,43.0,30.3,26.1
401705333,PHX,2488653,7.0,4.0,2.8
401705333,PHX,2583632,34.0,7.6,6.0
401705333,PHX,3135045,20.0,8.0,6.4
401705333,PHX,3135046,32.0,12.5,10.6
401705333,PHX,3136193,40.0,13.6,14.6
401705333,PHX,4278076,16.0,5.5,5.4
401705333,PHX,4397102,30.0,17.2,9.3
401705333,PHX,4683749,13.0,0.2,-0.4
401705333,PHX,4888725,5.0,-0.1,0.0
401705334,LAL,1966,29.0,17.0,15.0
401705334,LAL,6461,6.0,3.7,4.1
401705334,LAL,2578185,26.0,4.7,2.3
401705334,LAL,3137259,18.0,8.7,9.1
401705334,LAL,3915195,8.0,1.6,1.3
401705334,LAL,3945274,24.0,8.7,8.7
401705334,LAL,4066457,32.0,25.4,22.3
401705334,LAL,4066648,29.0,16.4,14.8
401705334,LAL,4278077,17.0,-2.2,-2.4
401705334,LAL,4278402,22.0,18.4,15.3
401705334,LAL,4395623,7.0,-0.5,0.7
401705334,LAL,4397077,23.0,14.7,11.6
401705334,UTA,2528426,29.0,8.4,9.3
401705334,UTA,3908845,36.0,12.2,8.7
401705334,UTA,4066336,29.0,9.9,8.0
401705334,UTA,4066399,5.0,2.0,2.0
401705334,UTA,4397449,3.0,-0.4,0.0
401705334,UTA,4432817,18.0,12.2,12.4
401705334,UTA,4433136,34.0,14.4,12.0
401705334,UTA,4433627,32.0,6.7,6.1
401705334,UTA,4683766,33.0,9.6,10.0
401705334,UTA,4684793,10.0,9.7,7.4
401705334,UTA,5105839,12.0,2.2,1.3
401705335,BOS,3213,34.0,5.7,2.3
401705335,BOS,2528693,9.0,6.8,6.1
401705335,BOS,3064560,16.0,4.8,4.5
401705335,BOS,3078576,39.0,14.0,11.6
401705335,BOS,3102531,37.0,20.2,18.4
401705335,BOS,4065648,38.0,24.7,21.3
401705335,BOS,4065804,29.0,10.0,8.0
401705335,BOS,4066354,31.0,6.8,7.1
401705335,BOS,4593841,5.0,0.3,0.0
401705335,SAS,2779,28.0,10.0,5.4
401705335,SAS,6578,30.0,10.5,9.4
401705335,SAS,4066259,39.0,16.0,17.3
401705335,SAS,4395630,32.0,5.5,3.3
401705335,SAS,4395723,17.0,3.9,5.1
401705335,SAS,4592479,19.0,7.0,5.4
401705335,SAS,4610139,13.0,2.2,2.4
401705335,SAS,4845367,24.0,15.9,13.4
401705335,SAS,5104157,36.0,13.5,10.1
401705336,CHA,3986,22.0,8.7,7.2
401705336,CHA,2583639,32.0,6.0,5.2
401705336,CHA,3102530,16.0,10.1,6.7
401705336,CHA,3913220,26.0,-3.3,-3.8
401705336,CHA,4066383,36.0,10.5,7.1
401705336,CHA,4431727,16.0,2.6,3.0
401705336,CHA,4431766,27.0,13.8,12.5
401705336,CHA,4432811,29.0,10.7,10.1
401705336,CHA,4683686,16.0,0.3,-0.0
401705336,CHA,5211176,20.0,1.1,0.6
401705336,ORL,6446,3.0,2.7,2.7
401705336,ORL,2581018,16.0,-0.6,-0.4
401705336,ORL,2999547,12.0,0.3,0.0
401705336,ORL,4277847,28.0,8.3,6.0
401705336,ORL,4348700,18.0,5.3,2.0
401705336,ORL,4409222,10.0,0.5,-0.1
401705336,ORL,4432573,30.0,20.1,18.4
401705336,ORL,4432809,22.0,8.8,7.7
401705336,ORL,4433623,12.0,6.0,4.7
401705336,ORL,4566434,32.0,9.0,8.4
401705336,ORL,4702382,8.0,0.3,0.0
401705336,ORL,4712849,24.0,16.4,13.5
401705336,ORL,5105806,26.0,8.4,5.4
401705337,IND,2530530,22.0,11.2,9.9
401705337,IND,3149673,39.0,10.5,7.5
401705337,IND,3934723,27.0,13.3,11.3
401705337,IND,4278355,33.0,26.8,25.6
401705337,IND,4395712,28.0,7.1,8.1
401705337,IND,4396909,21.0,5.5,4.7
401705337,IND,4396993,32.0,14.7,13.5
401705337,IND,4433076,24.0,5.3,3.0
401705337,IND,4683634,33.0,21.8,21.3
401705337,IND,5157066,7.0,2.0,0.0
401705337,WAS,2566769,15.0,10.9,10.9
401705337,WAS,2993370,19.0,7.3,4.8
401705337,WAS,4277956,41.0,29.4,27.2
401705337,WAS,4280151,27.0,17.0,16.2
401705337,WAS,4432907,3.0,-1.4,-1.4
401705337,WAS,4845374,45.0,16.7,13.9
401705337,WAS,4997537,2.0,4.0,2.7
401705337,WAS,5104155,36.0,1.3,1.3
401705337,WAS,5160992,32.0,5.3,2.5
401705337,WAS,5170947,10.0,1.0,1.0
401705337,WAS,5174563,36.0,11.0,9.8
401705338,BKN,3136776,26.0,14.8,13.5
401705338,BKN,3138196,32.0,13.8,9.0
401705338,BKN,4278067,32.0,14.9,10.2
401705338,BKN,4397179,15.0,2.5,1.3
401705338,BKN,4431675,24.0,18.8,15.6
401705338,BKN,4431714,22.0,6.2,6.1
401705338,BKN,4432192,30.0,5.9,3.0
401705338,BKN,4432194,15.0,8.3,6.6
401705338,BKN,4433137,26.0,3.4,3.3
401705338,BKN,4597865,17.0,1.6,1.0
401705338,PHI,4251,37.0,2.4,-2.7
401705338,PHI,6585,15.0,7.2,4.1
401705338,PHI,3133603,39.0,23.5,21.8
401705338,PHI,4017844,21.0,2.0,1.7
401705338,PHI,4066786,15.0,-0.1,-0.0
401705338,PHI,4395695,25.0,6.0,4.4
401705338,PHI,4397014,36.0,26.8,22.4
401705338,PHI,4701234,4.0,-0.7,-0.7
401705338,PHI,4711297,31.0,12.5,9.8
401705338,PHI,5105637,17.0,0.9,0.7
401705339,ATL,2990969,34.0,17.1,15.8
401705339,ATL,2991043,35.0,22.7,20.7
401705339,ATL,3907823,16.0,3.6,1.3
401705339,ATL,4277905,44.0,26.1,26.6
401705339,ATL,4431680,41.0,28.2,22.6
401705339,ATL,4712863,16.0,1.5,-0.1
401705339,ATL,4869342,36.0,21.5,18.6
401705339,ATL,4870562,12.0,3.2,4.1
401705339,ATL,5211175,30.0,11.9,10.4
401705339,NYK,3062679,46.0,16.0,14.2
401705339,NYK,3064230,15.0,7.8,7.7
401705339,NYK,3136195,47.0,30.2,27.1
401705339,NYK,3147657,43.0,12.3,9.2
401705339,NYK,3914044,18.0,1.9,2.4
401705339,NYK,3934672,43.0,28.0,28.6
401705339,NYK,4431679,42.0,25.1,22.0
401705339,NYK,4431823,8.0,-0.4,0.0
401705339,NYK,4871141,2.0,-1.1,-1.0
401705340,CLE,6474,4.0,3.0,2.7
401705340,CLE,3908809,29.0,15.5,15.4
401705340,CLE,4065732,27.0,11.9,11.0
401705340,CLE,4065778,26.0,13.2,11.1
401705340,CLE,4066328,28.0,16.3,12.3
401705340,CLE,4066757,26.0,11.5,9.3
401705340,CLE,4396907,27.0,15.5,12.6
401705340,CLE,4432158,28.0,12.9,10.2
401705340,CLE,4433620,4.0,3.0,2.0
401705340,CLE,4683747,17.0,5.4,5.8
401705340,CLE,4701233,21.0,9.6,7.5
401705340,CLE,4997539,4.0,0.0,-0.3
401705340,TOR,4395625,28.0,22.0,19.0
401705340,TOR,4395724,30.0,8.6,8.4
401705340,TOR,4397018,25.0,10.5,9.6
401705340,TOR,4431893,11.0,9.6,8.4
401705340,TOR,4432241,18.0,-1.1,-1.7
401705340,TOR,4433134,33.0,15.6,10.2
401705340,TOR,4593049,18.0,5.0,4.8
401705340,TOR,4684272,22.0,5.6,4.5
401705340,TOR,5106258,25.0,-0.6,-1.8
401705340,TOR,5107897,29.0,6.5,6.4
401705341,CHI,6478,34.0,19.5,17.7
401705341,CHI,4066372,18.0,-1.8,-2.1
401705341,CHI,4395626,19.0,15.1,13.2
401705341,CHI,4395651,35.0,1.7,-1.2
401705341,CHI,4397002,35.0,16.9,15.9
401705341,CHI,4397189,14.0,7.7,7.7
401705341,CHI,4431687,18.0,4.7,2.7
401705341,CHI,4711294,26.0,4.0,5.3
401705341,CHI,4871145,31.0,12.7,11.3
401705341,CHI,5105553,10.0,1.2,0.0
401705341,DET,6440,33.0,16.1,13.7
401705341,DET,2528210,25.0,1.4,0.6
401705341,DET,3032979,19.0,5.5,4.7
401705341,DET,3899664,15.0,6.2,5.4
401705341,DET,3907822,23.0,12.6,10.4
401705341,DET,4432166,35.0,20.2,18.8
401705341,DET,4432810,18.0,7.2,7.5
401705341,DET,4433621,30.0,22.6,16.7
401705341,DET,4683771,13.0,-3.7,-2.4
401705341,DET,4684742,28.0,20.8,19.6
401705342,MIL,3448,27.0,12.5,10.1
401705342,MIL,2990962,36.0,8.5,4.7
401705342,MIL,3064482,23.0,4.8,4.8
401705342,MIL,3134907,39.0,11.6,7.5
401705342,MIL,4277843,29.0,18.5,17.2
401705342,MIL,4397140,22.0,11.4,8.8
401705342,MIL,4397475,19.0,4.4,5.3
401705342,MIL,4432190,19.0,6.6,7.5
401705342,MIL,4591725,26.0,0.8,-1.1
401705342,MIN,2968436,14.0,4.6,3.4
401705342,MIN,3032976,38.0,21.3,19.2
401705342,MIN,4278039,33.0,4.6,3.8
401705342,MIN,4396971,33.0,16.9,13.7
401705342,MIN,4431671,39.0,6.8,4.4
401705342,MIN,4432247,14.0,-3.2,-2.8
401705342,MIN,4432847,20.0,14.1,11.6
401705342,MIN,4594268,37.0,13.4,9.3
401705342,MIN,4684275,13.0,-2.2,-2.5
401705343,NOP,2490149,31.0,5.1,5.7
401705343,NOP,2596112,12.0,0.5,0.3
401705343,NOP,4065670,26.0,1.7,1.3
401705343,NOP,4277869,32.0,19.8,17.3
401705343,NOP,4395628,28.0,32.6,30.4
401705343,NOP,4397688,37.0,12.2,10.7
401705343,NOP,4592686,18.0,10.3,8.5
401705343,NOP,4683750,14.0,3.3,3.3
401705343,NOP,4997538,14.0,-1.7,-1.0
401705343,NOP,5061589,28.0,7.5,5.1
401705343,SAC,3978,37.0,18.3,17.5
401705343,SAC,6477,15.0,5.9,3.7
401705343,SAC,3064440,35.0,19.4,18.8
401705343,SAC,3136196,9.0,-2.3,-2.2
401705343,SAC,3155942,33.0,18.7,15.4
401705343,SAC,4066262,37.0,11.8,10.4
401705343,SAC,4592691,11.0,-1.6,-1.2
401705343,SAC,4594327,34.0,7.4,5.0
401705343,SAC,4702177,29.0,24.0,20.9
401705344,MIA,6429,28.0,10.9,6.6
401705344,MIA,3059319,34.0,9.8,8.6
401705344,MIA,4066261,35.0,23.7,19.3
401705344,MIA,4278053,35.0,10.8,10.2
401705344,MIA,4291678,15.0,1.2,1.7
401705344,MIA,4395725,32.0,9.6,7.4
401705344,MIA,4601025,7.0,1.9,1.0
401705344,MIA,4997528,29.0,3.5,4.6
401705344,MIA,5105623,24.0,7.9,5.7
401705344,OKC,2991350,13.0,2.6,2.7
401705344,OKC,3133626,20.0,11.6,10.4
401705344,OKC,4222252,30.0,8.3,5.9
401705344,OKC,4278073,38.0,27.4,25.8
401705344,OKC,4395702,27.0,5.6,5.9
401705344,OKC,4397020,32.0,14.6,11.5
401705344,OKC,4397183,28.0,6.1,3.3
401705344,OKC,4432823,15.0,2.5,1.1
401705344,OKC,4593803,31.0,13.2,11.7
401705344,OKC,4702159,6.0,-0.1,0.0
401705345,HOU,2991235,10.0,4.3,4.0
401705345,HOU,3136777,15.0,1.6,2.0
401705345,HOU,3155526,31.0,13.4,12.7
401705345,HOU,4433192,34.0,26.1,22.4
401705345,HOU,4437244,37.0,13.6,13.0
401705345,HOU,4684740,41.0,22.4,16.6
401705345,HOU,4711272,11.0,5.6,5.1
401705345,HOU,4871144,38.0,17.9,13.1
401705345,HOU,5105592,22.0,-0.3,-0.1
401705345,PHX,3202,42.0,28.4,26.9
401705345,PHX,2488653,17.0,5.8,6.2
401705345,PHX,2583632,35.0,12.1,9.7
401705345,PHX,3135046,33.0,4.2,3.1
401705345,PHX,4278076,28.0,13.1,10.2
401705345,PHX,4278585,15.0,8.1,7.8
401705345,PHX,4397102,33.0,7.8,5.6
401705345,PHX,4683749,26.0,9.3,7.4
401705345,PHX,4888725,10.0,-1.8,-2.4
401705346,DEN,3442,12.0,1.1,0.4
401705346,DEN,3032978,8.0,1.0,0.7
401705346,DEN,3112335,36.0,25.5,21.5
401705346,DEN,3936299,42.0,41.7,40.3
401705346,DEN,4395620,6.0,-1.4,-1.4
401705346,DEN,4398390,29.0,-0.1,-0.7
401705346,DEN,4431690,37.0,19.7,14.1
401705346,DEN,4431767,45.0,23.0,18.8
401705346,DEN,4432181,25.0,3.5,3.3
401705346,POR,4351851,38.0,18.2,18.5
401705346,POR,4397885,31.0,6.9,5.6
401705346,POR,4431736,38.0,10.5,8.0
401705346,POR,4432446,19.0,17.1,14.9
401705346,POR,4594326,20.0,6.8,4.6
401705346,POR,4683021,28.0,8.4,7.6
401705346,POR,4914336,30.0,11.2,9.7
401705346,POR,5099752,5.0,-0.4,0.0
401705346,POR,5105565,31.0,21.1,18.0
401705347,LAL,1966,34.0,14.4,13.1
401705347,LAL,6461,8.0,2.2,2.6
401705347,LAL,2596107,22.0,5.1,4.1
401705347,LAL,3915195,12.0,7.8,7.5
401705347,LAL,3945274,23.0,6.8,6.2
401705347,LAL,4066457,36.0,13.7,12.7
401705347,LAL,4066648,30.0,11.9,11.0
401705347,LAL,4278077,17.0,1.1,-0.1
401705347,LAL,4278402,17.0,3.4,2.7
401705347,LAL,4397077,7.0,5.4,4.8
401705347,LAL,4431778,9.0,5.7,5.1
401705347,LAL,4683774,8.0,7.7,7.7
401705347,LAL,4897943,17.0,6.5,5.9
401705347,UTA,2528426,29.0,17.5,16.6
401705347,UTA,3908845,27.0,14.2,11.8
401705347,UTA,4066336,32.0,28.7,25.2
401705347,UTA,4432817,14.0,-2.9,-2.5
401705347,UTA,4433136,33.0,21.9,14.7
401705347,UTA,4433627,33.0,21.3,19.7
401705347,UTA,4683766,30.0,10.2,9.3
401705347,UTA,4684793,15.0,0.4,0.6
401705347,UTA,4895758,17.0,8.9,6.7
401705347,UTA,5105839,10.0,0.8,0.6
401705348,DAL,6442,40.0,30.2,28.2
401705348,DAL,6475,34.0,10.2,6.5
401705348,DAL,2580782,18.0,3.6,3.0
401705348,DAL,3950760,2.0,0.0,0.0
401705348,DAL,4278594,30.0,6.8,5.5
401705348,DAL,4397040,15.0,12.4,9.4
401705348,DAL,4397693,33.0,9.8,5.6
401705348,DAL,4432582,39.0,12.9,10.8
401705348,DAL,4595400,24.0,6.6,5.8
401705348,DAL,4868423,5.0,-4.0,-2.8
401705348,GSW,3975,37.0,16.4,14.4
401705348,GSW,6430,35.0,18.4,18.0
401705348,GSW,6589,32.0,14.8,9.9
401705348,GSW,2990984,29.0,-2.8,-2.9
401705348,GSW,3134903,16.0,11.3,10.1
401705348,GSW,3155535,15.0,8.0,5.8
401705348,GSW,4432171,27.0,8.6,7.9
401705348,GSW,4593016,12.0,5.3,4.4
401705348,GSW,4709138,24.0,7.4,4.5
401705348,GSW,4997536,12.0,1.9,0.8
401705349,LAC,3416,13.0,1.1,-0.4
401705349,LAC,3992,35.0,14.3,10.5
401705349,LAC,4004,3.0,0.7,0.7
401705349,LAC,6450,34.0,20.6,16.8
401705349,LAC,2595516,33.0,13.1,10.7
401705349,LAC,2991139,21.0,20.2,15.7
401705349,LAC,3037789,18.0,5.7,4.8
401705349,LAC,3936099,21.0,6.5,7.1
401705349,LAC,4017837,33.0,17.2,11.3
401705349,LAC,4066387,18.0,11.9,12.4
401705349,LAC,4431699,3.0,2.0,1.7
401705349,LAC,4431752,3.0,1.7,1.4
401705349,LAC,4432179,3.0,-0.7,-0.7
401705349,LAC,4845363,3.0,3.7,3.7
401705349,MEM,3134932,6.0,2.3,2.7
401705349,MEM,3906665,19.0,-1.6,-0.7
401705349,MEM,3913174,31.0,7.2,6.1
401705349,MEM,4065731,5.0,0.7,0.0
401705349,MEM,4066320,37.0,12.7,12.4
401705349,MEM,4277961,27.0,3.8,2.9
401705349,MEM,4431785,16.0,4.8,5.1
401705349,MEM,4592979,1.0,-0.7,-0.7
401705349,MEM,4593125,24.0,16.9,15.3
401705349,MEM,4600663,20.0,3.5,2.7
401705349,MEM,5105550,22.0,13.8,11.4
401705349,MEM,5112087,31.0,13.9,11.4
401705349,MEM,5159895,1.0,0.0,0.0
401705350,GSW,3975,35.0,19.7,19.3
401705350,GSW,6430,35.0,17.7,16.5
401705350,GSW,6589,30.0,14.5,11.7
401705350,GSW,2990984,14.0,0.9,-1.1
401705350,GSW,3155535,16.0,4.1,2.7
401705350,GSW,4432171,34.0,10.4,7.0
401705350,GSW,4592714,13.0,2.8,1.6
401705350,GSW,4593016,7.0,-1.1,-1.4
401705350,GSW,4709138,39.0,16.1,10.7
401705350,GSW,4997536,17.0,4.8,3.0
401705350,HOU,3209,21.0,5.8,5.6
401705350,HOU,2991235,6.0,0.9,-1.0
401705350,HOU,3136777,27.0,2.6,1.6
401705350,HOU,3146557,16.0,14.0,11.9
401705350,HOU,3155526,21.0,1.1,1.9
401705350,HOU,3922230,37.0,19.0,18.2
401705350,HOU,4397821,18.0,8.4,6.5
401705350,HOU,4437244,22.0,-1.3,-0.9
401705350,HOU,4684740,30.0,3.7,1.2
401705350,HOU,4711272,5.0,0.0,0.0
401705350,HOU,4871144,27.0,7.7,4.3
401705350,HOU,5105592,10.0,3.9,2.9
401705351,NOP,2490149,41.0,33.0,31.9
401705351,NOP,2596112,34.0,14.1,7.1
401705351,NOP,4065670,17.0,1.5,1.9
401705351,NOP,4277869,34.0,20.7,17.3
401705351,NOP,4397688,44.0,13.9,11.9
401705351,NOP,4432813,18.0,14.6,14.1
401705351,NOP,4592686,12.0,-1.9,-1.4
401705351,NOP,4683750,26.0,15.8,13.8
401705351,NOP,4997538,27.0,15.0,10.9
401705351,NOP,5061589,12.0,2.3,1.0
401705351,SAC,3978,43.0,13.9,14.3
401705351,SAC,6477,14.0,4.5,4.0
401705351,SAC,3064440,45.0,27.6,24.7
401705351,SAC,3136196,9.0,8.7,8.9
401705351,SAC,3155942,43.0,26.1,22.0
401705351,SAC,4066262,43.0,15.0,13.4
401705351,SAC,4592691,11.0,0.5,-0.4
401705351,SAC,4594327,36.0,12.4,10.8
401705351,SAC,4702177,23.0,3.8,2.6
401705352,DAL,2580782,36.0,11.2,11.5
401705352,DAL,3102528,24.0,27.3,24.8
401705352,DAL,3950760,3.0,4.0,4.1
401705352,DAL,4278594,33.0,15.0,13.3
401705352,DAL,4397040,25.0,4.7,6.4
401705352,DAL,4397693,40.0,15.0,13.9
401705352,DAL,4432582,39.0,13.2,9.1
401705352,DAL,4595400,23.0,7.6,5.7
401705352,DAL,4868423,19.0,-1.2,-2.3
401705352,MIA,6429,28.0,12.4,10.3
401705352,MIA,2993874,27.0,16.9,15.5
401705352,MIA,3157465,20.0,7.0,7.1
401705352,MIA,4278053,38.0,6.7,4.4
401705352,MIA,4395725,37.0,28.7,24.0
401705352,MIA,4432848,23.0,6.0,2.8
401705352,MIA,4601025,10.0,1.1,2.7
401705352,MIA,4997528,25.0,-1.9,-1.8
401705352,MIA,5105623,32.0,14.3,12.2
401705353,MIN,2968436,2.0,-0.7,-0.7
401705353,MIN,4277951,15.0,7.7,7.9
401705353,MIN,4278039,30.0,8.3,8.4
401705353,MIN,4396971,38.0,29.8,26.5
401705353,MIN,4431671,37.0,16.1,15.8
401705353,MIN,4432247,24.0,3.0,2.3
401705353,MIN,4432847,29.0,9.5,9.4
401705353,MIN,4592965,2.0,-1.7,-1.7
401705353,MIN,4594268,36.0,20.4,15.6
401705353,MIN,4684275,21.0,7.1,7.2
401705353,MIN,4687718,4.0,-1.4,-2.4
401705353,MIN,5044385,2.0,0.0,0.0
401705353,OKC,3133626,19.0,5.9,4.7
401705353,OKC,4222252,27.0,10.3,7.3
401705353,OKC,4278073,34.0,19.4,18.4
401705353,OKC,4395702,21.0,-1.3,-0.8
401705353,OKC,4397020,32.0,9.1,9.4
401705353,OKC,4397183,19.0,7.5,6.7
401705353,OKC,4397654,4.0,1.0,0.3
401705353,OKC,4432823,9.0,-0.1,0.0
401705353,OKC,4432971,4.0,-1.1,-0.7
401705353,OKC,4433255,30.0,13.7,8.7
401705353,OKC,4593803,34.0,15.6,13.4
401705353,OKC,4702159,8.0,2.7,2.1
401705354,IND,2530530,16.0,8.7,8.6
401705354,IND,3133628,33.0,17.4,9.6
401705354,IND,3149673,28.0,9.6,10.3
401705354,IND,3934723,16.0,5.9,4.7
401705354,IND,4278355,20.0,7.8,6.7
401705354,IND,4395712,30.0,10.2,8.1
401705354,IND,4396909,24.0,12.5,11.8
401705354,IND,4396993,32.0,21.4,19.7
401705354,IND,4433076,14.0,4.3,4.0
401705354,IND,4683634,24.0,16.1,12.5
401705354,IND,5106060,2.0,0.7,0.7
401705354,IND,5157066,2.0,-0.4,0.0
401705354,MEM,3134932,2.0,0.0,0.0
401705354,MEM,3906665,10.0,2.0,1.0
401705354,MEM,3913174,20.0,5.6,6.1
401705354,MEM,4065731,2.0,0.0,0.0
401705354,MEM,4066320,33.0,18.6,17.3
401705354,MEM,4277848,2.0,0.0,0.0
401705354,MEM,4277961,30.0,13.9,12.4
401705354,MEM,4279888,30.0,0.7,1.9
401705354,MEM,4397227,20.0,7.9,6.1
401705354,MEM,4431785,2.0,4.4,2.4
401705354,MEM,4593125,25.0,8.1,4.6
401705354,MEM,4600663,22.0,6.5,4.1
401705354,MEM,5105550,17.0,4.5,3.6
401705354,MEM,5112087,27.0,15.2,14.4
401705355,BOS,3213,18.0,9.2,9.1
401705355,BOS,3995,20.0,5.5,6.4
401705355,BOS,2528693,9.0,3.8,1.4
401705355,BOS,3064560,17.0,12.9,10.0
401705355,BOS,3078576,26.0,14.0,11.4
401705355,BOS,3102531,25.0,10.9,10.3
401705355,BOS,3917376,27.0,17.5,17.0
401705355,BOS,4065648,35.0,15.8,11.9
401705355,BOS,4065804,21.0,1.2,1.3
401705355,BOS,4066354,31.0,21.2,21.2
401705355,BOS,4397424,5.0,-0.5,-0.7
401705355,BOS,4593841,1.0,0.0,0.0
401705355,BOS,4683689,5.0,0.0,0.0
401705355,PHI,4251,29.0,11.6,10.4
401705355,PHI,6585,13.0,8.0,6.8
401705355,PHI,3059318,27.0,11.2,11.4
401705355,PHI,3133603,35.0,8.2,6.3
401705355,PHI,4017844,25.0,4.0,2.7
401705355,PHI,4066786,5.0,4.1,3.8
401705355,PHI,4395695,3.0,-1.8,-2.8
401705355,PHI,4397014,33.0,6.6,5.7
401705355,PHI,4431678,34.0,18.0,16.3
401705355,PHI,4593041,13.0,2.4,1.3
401705355,PHI,4701234,22.0,5.7,5.7
401705355,PHI,5105637,1.0,0.0,0.0
401705356,ATL,2990969,26.0,6.2,6.0
401705356,ATL,2991043,28.0,6.7,5.1
401705356,ATL,3102529,18.0,2.2,1.6
401705356,ATL,3907823,22.0,5.0,5.8
401705356,ATL,4277905,37.0,22.7,22.7
401705356,ATL,4431680,30.0,8.7,8.1
401705356,ATL,4712863,15.0,1.1,1.0
401705356,ATL,4869342,34.0,9.4,4.8
401705356,ATL,4870562,7.0,5.8,5.8
401705356,ATL,5211175,24.0,8.7,5.3
401705356,ORL,2581018,30.0,1.5,1.5
401705356,ORL,2999547,16.0,-1.3,-1.4
401705356,ORL,4065654,11.0,0.9,0.6
401705356,ORL,4277847,32.0,10.2,7.4
401705356,ORL,4348700,16.0,10.0,6.5
401705356,ORL,4432573,37.0,24.8,22.8
401705356,ORL,4432809,32.0,14.4,11.5
401705356,ORL,4566434,33.0,17.8,17.6
401705356,ORL,4702382,18.0,3.0,2.7
401705356,ORL,4712849,15.0,10.7,8.1
401705357,BKN,3136776,18.0,0.2,1.0
401705357,BKN,3138196,29.0,13.4,14.4
401705357,BKN,4278067,28.0,10.8,7.0
401705357,BKN,4397179,17.0,4.3,4.0
401705357,BKN,4431675,21.0,6.4,6.3
401705357,BKN,4431714,26.0,10.4,8.5
401705357,BKN,4432192,26.0,6.1,4.3
401705357,BKN,4432194,20.0,6.7,1.7
401705357,BKN,4433137,31.0,7.9,5.0
401705357,BKN,4683024,21.0,3.1,3.3
401705357,BKN,4684286,3.0,-0.4,-0.7
401705357,CLE,6474,3.0,0.0,0.0
401705357,CLE,3908809,30.0,14.4,12.8
401705357,CLE,4065732,27.0,4.4,2.5
401705357,CLE,4065733,17.0,3.2,2.7
401705357,CLE,4065778,24.0,-1.9,-0.5
401705357,CLE,4066328,25.0,19.0,15.0
401705357,CLE,4066757,25.0,-0.9,-1.8
401705357,CLE,4396907,29.0,19.1,17.0
401705357,CLE,4432158,30.0,17.9,12.5
401705357,CLE,4432822,17.0,2.6,3.4
401705357,CLE,4683747,3.0,-1.1,-0.7
401705357,CLE,4701233,4.0,1.7,1.7
401705357,CLE,4997539,3.0,-0.4,-0.7
401705357,CLE,5106268,3.0,2.2,2.3
401705358,CHI,6478,36.0,9.6,8.0
401705358,CHI,4066372,19.0,5.1,4.6
401705358,CHI,4066421,30.0,8.3,7.5
401705358,CHI,4066650,15.0,4.3,2.0
401705358,CHI,4395626,13.0,3.3,2.3
401705358,CHI,4395651,41.0,9.8,8.5
401705358,CHI,4397002,28.0,1.4,-0.7
401705358,CHI,4397189,2.0,-1.1,-1.0
401705358,CHI,4711294,24.0,2.7,-0.1
401705358,CHI,4871145,34.0,25.7,21.8
401705358,CHI,5105553,23.0,12.9,11.1
401705358,NYK,3064230,17.0,1.8,2.4
401705358,NYK,3064447,1.0,0.0,0.0
401705358,NYK,3136195,43.0,21.6,15.6
401705358,NYK,3147657,44.0,9.7,6.5
401705358,NYK,3914044,17.0,6.6,5.3
401705358,NYK,3934672,38.0,19.1,16.9
401705358,NYK,4431679,46.0,9.2,4.3
401705358,NYK,4431823,42.0,23.1,17.5
401705358,NYK,4871141,17.0,3.1,2.4
401705359,LAC,3416,11.0,3.3,2.0
401705359,LAC,3992,39.0,15.1,14.1
401705359,LAC,6450,32.0,17.0,15.0
401705359,LAC,2991139,31.0,14.6,8.6
401705359,LAC,3037789,20.0,13.5,12.1
401705359,LAC,3907387,20.0,10.3,8.6
401705359,LAC,3936099,20.0,0.8,1.7
401705359,LAC,4017837,37.0,21.1,14.5
401705359,LAC,4066387,30.0,1.9,3.3
401705359,MIL,3448,31.0,21.9,17.6
401705359,MIL,6606,33.0,12.8,9.9
401705359,MIL,2990962,31.0,9.1,8.4
401705359,MIL,3032977,24.0,18.1,16.2
401705359,MIL,3134907,37.0,6.0,4.6
401705359,MIL,4277843,22.0,4.9,4.7
401705359,MIL,4277922,17.0,0.2,0.0
401705359,MIL,4397140,15.0,9.7,9.5
401705359,MIL,4397475,30.0,6.1,6.7
401705360,CHA,2326307,13.0,3.9,3.0
401705360,CHA,2583639,16.0,0.4,-1.0
401705360,CHA,3102530,19.0,10.9,8.6
401705360,CHA,4066383,34.0,38.4,32.4
401705360,CHA,4431766,32.0,14.5,13.7
401705360,CHA,4432811,27.0,14.2,13.1
401705360,CHA,4433249,29.0,5.4,5.8
401705360,CHA,4592187,13.0,-3.5,-3.1
401705360,CHA,4683686,33.0,9.6,9.7
401705360,CHA,5211176,24.0,-0.4,-1.1
401705360,DEN,3442,11.0,4.9,3.8
401705360,DEN,3468,26.0,2.2,2.1
401705360,DEN,3064290,32.0,16.8,15.9
401705360,DEN,3112335,37.0,29.9,24.7
401705360,DEN,3936299,35.0,26.3,26.6
401705360,DEN,4278104,29.0,5.5,3.7
401705360,DEN,4431690,16.0,4.2,3.4
401705360,DEN,4431767,33.0,6.5,5.3
401705360,DEN,4432181,22.0,11.8,11.4
401705361,PHX,3202,39.0,18.0,16.5
401705361,PHX,6580,33.0,15.1,14.3
401705361,PHX,2488653,17.0,3.2,3.1
401705361,PHX,2583632,36.0,21.5,18.2
401705361,PHX,3135045,33.0,5.6,5.3
401705361,PHX,3135046,23.0,1.1,-0.8
401705361,PHX,3136193,41.0,10.7,10.0
401705361,PHX,4278076,9.0,3.2,2.4
401705361,PHX,4397102,10.0,3.6,2.4
401705361,SAS,2779,32.0,15.3,12.6
401705361,SAS,6427,16.0,8.3,7.2
401705361,SAS,6578,27.0,3.7,1.9
401705361,SAS,4066259,37.0,22.5,18.0
401705361,SAS,4395630,33.0,8.7,5.9
401705361,SAS,4395723,25.0,13.3,13.9
401705361,SAS,4592479,16.0,13.3,13.5
401705361,SAS,4610139,28.0,11.9,10.5
401705361,SAS,4845367,26.0,8.2,3.2
401705362,LAL,1966,36.0,24.9,20.6
401705362,LAL,2578185,33.0,9.2,5.4
401705362,LAL,3137259,16.0,3.7,3.6
401705362,LAL,3915195,5.0,-0.1,-0.7
401705362,LAL,4066457,40.0,22.7,20.1
401705362,LAL,4066648,35.0,7.1,4.8
401705362,LAL,4278402,20.0,0.1,-0.3
401705362,LAL,4395623,14.0,4.9,5.1
401705362,LAL,4397077,28.0,9.9,8.5
401705362,LAL,4897943,13.0,0.2,0.0
401705362,POR,2991070,30.0,-4.5,-6.4
401705362,POR,4066211,25.0,11.6,7.5
401705362,POR,4351851,29.0,4.6,2.8
401705362,POR,4397885,11.0,6.8,6.1
401705362,POR,4431736,38.0,23.0,17.7
401705362,POR,4594326,4.0,-1.2,-0.7
401705362,POR,4683021,34.0,23.7,22.5
401705362,POR,4683678,30.0,6.8,5.7
401705362,POR,4914336,21.0,3.0,3.0
401705362,POR,5105565,17.0,5.9,2.1
401705363,CLE,6474,7.0,-0.9,-1.7
401705363,CLE,3908809,26.0,24.4,22.6
401705363,CLE,3912848,15.0,1.2,1.4
401705363,CLE,4065732,19.0,12.4,13.2
401705363,CLE,4065733,19.0,17.4,15.5
401705363,CLE,4065778,21.0,7.8,6.6
401705363,CLE,4066328,20.0,9.1,8.5
401705363,CLE,4066757,17.0,9.6,6.5
401705363,CLE,4396907,25.0,5.3,3.1
401705363,CLE,4432158,25.0,24.2,19.1
401705363,CLE,4432822,18.0,4.2,3.4
401705363,CLE,4683747,7.0,4.8,3.8
401705363,CLE,4701233,12.0,13.5,13.0
401705363,CLE,5106268,7.0,2.9,2.7
401705363,NYK,3064230,16.0,3.3,3.3
401705363,NYK,3064447,9.0,5.6,3.6
401705363,NYK,3136195,29.0,19.1,16.3
401705363,NYK,3147657,29.0,11.1,10.5
401705363,NYK,3908336,4.0,3.0,2.7
401705363,NYK,3914044,19.0,0.2,0.0
401705363,NYK,3934672,28.0,18.9,17.9
401705363,NYK,3934719,27.0,0.2,-0.4
401705363,NYK,4431679,28.0,5.1,4.0
401705363,NYK,4431823,21.0,2.2,1.3
401705363,NYK,4871141,19.0,3.8,3.4
401705363,NYK,5211983,12.0,4.2,1.9
401705364,MEM,3906665,27.0,13.5,11.2
401705364,MEM,3913174,22.0,5.6,4.4
401705364,MEM,4066320,36.0,9.8,6.9
401705364,MEM,4277961,27.0,11.1,8.4
401705364,MEM,4279888,33.0,8.1,7.4
401705364,MEM,4431785,17.0,2.5,2.4
401705364,MEM,4593125,31.0,11.8,9.1
401705364,MEM,4600663,12.0,1.4,0.4
401705364,MEM,5105550,17.0,9.1,10.4
401705364,MEM,5112087,17.0,4.9,4.3
401705364,ORL,2581018,34.0,8.9,7.4
401705364,ORL,2999547,13.0,5.5,5.4
401705364,ORL,4277847,29.0,7.1,5.5
401705364,ORL,4348700,19.0,6.9,4.1
401705364,ORL,4432573,29.0,8.4,7.5
401705364,ORL,4432809,34.0,18.3,14.6
401705364,ORL,4566434,38.0,18.2,14.7
401705364,ORL,4702382,17.0,6.6,6.0
401705364,ORL,4712849,15.0,-0.7,-1.8
401705364,ORL,5105806,12.0,2.8,2.6
401705365,MIL,3448,30.0,19.1,15.4
401705365,MIL,2578239,11.0,3.4,2.4
401705365,MIL,3032977,19.0,9.1,8.6
401705365,MIL,3134907,34.0,12.6,11.4
401705365,MIL,4277843,30.0,4.3,2.9
401705365,MIL,4277922,18.0,1.9,0.4
401705365,MIL,4397140,23.0,11.2,8.4
401705365,MIL,4397475,37.0,6.0,5.0
401705365,MIL,4432190,3.0,-0.7,-0.7
401705365,MIL,4591725,34.0,14.5,11.2
401705365,WAS,6609,25.0,8.7,6.0
401705365,WAS,2990992,17.0,5.7,3.4
401705365,WAS,2993370,19.0,6.8,6.1
401705365,WAS,4277956,31.0,6.4,7.3
401705365,WAS,4280151,23.0,10.3,10.1
401705365,WAS,4432907,8.0,2.6,1.3
401705365,WAS,4845374,23.0,7.2,5.7
401705365,WAS,4997537,3.0,2.6,2.7
401705365,WAS,5104155,31.0,6.6,7.2
401705365,WAS,5160992,26.0,12.6,9.7
401705365,WAS,5174563,34.0,4.1,0.5
401705366,MIA,6429,6.0,0.3,0.0
401705366,MIA,2993874,11.0,0.9,1.4
401705366,MIA,3059319,42.0,16.6,14.0
401705366,MIA,3074752,16.0,4.9,3.7
401705366,MIA,3157465,23.0,10.4,9.7
401705366,MIA,4066261,37.0,16.6,15.5
401705366,MIA,4278053,34.0,10.8,10.4
401705366,MIA,4395725,40.0,22.9,21.3
401705366,MIA,4997528,35.0,9.8,7.5
401705366,MIA,5105623,21.0,0.7,-1.7
401705366,TOR,3948153,14.0,5.7,6.1
401705366,TOR,4395625,38.0,25.0,22.9
401705366,TOR,4395724,38.0,14.5,12.2
401705366,TOR,4397018,18.0,1.3,-0.3
401705366,TOR,4432241,18.0,7.1,7.1
401705366,TOR,4433134,38.0,9.8,7.3
401705366,TOR,4593049,31.0,7.3,7.9
401705366,TOR,4684272,17.0,5.9,5.4
401705366,TOR,5106258,34.0,7.2,4.0
401705366,TOR,5107897,19.0,2.4,2.2
401705367,HOU,2991235,5.0,-0.4,0.0
401705367,HOU,3136777,7.0,-1.1,-1.0
401705367,HOU,3155526,30.0,7.9,6.7
401705367,HOU,3922230,18.0,6.8,6.9
401705367,HOU,4432639,38.0,7.7,6.7
401705367,HOU,4433192,27.0,7.8,7.1
401705367,HOU,4437244,39.0,24.1,20.6
401705367,HOU,4684740,40.0,23.4,19.1
401705367,HOU,4871144,36.0,9.4,8.6
401705367,MIN,3195,24.0,6.1,6.1
401705367,MIN,4277951,11.0,4.8,6.1
401705367,MIN,4278039,43.0,12.6,12.2
401705367,MIN,4396971,34.0,20.4,17.2
401705367,MIN,4431671,42.0,16.3,13.0
401705367,MIN,4432247,20.0,4.7,1.4
401705367,MIN,4432847,19.0,4.6,3.4
401705367,MIN,4594268,39.0,18.8,17.7
401705367,MIN,4684275,8.0,2.2,-0.4
401705368,DET,6440,30.0,21.5,19.3
401705368,DET,2528210,24.0,6.3,5.3
401705368,DET,3032979,18.0,2.8,3.3
401705368,DET,3899664,16.0,0.1,0.7
401705368,DET,3907822,23.0,13.4,11.4
401705368,DET,4066317,3.0,0.0,0.0
401705368,DET,4278562,3.0,3.7,3.7
401705368,DET,4432107,3.0,-1.1,-1.4
401705368,DET,4432166,30.0,21.0,20.2
401705368,DET,4432810,19.0,9.7,6.1
401705368,DET,4433621,27.0,25.1,21.2
401705368,DET,4683771,20.0,2.3,1.2
401705368,DET,4684742,24.0,7.3,6.5
401705368,SAS,2779,22.0,-0.1,0.7
401705368,SAS,6427,12.0,0.2,-1.1
401705368,SAS,6578,21.0,1.3,0.7
401705368,SAS,3134916,3.0,1.0,1.4
401705368,SAS,4066259,30.0,24.4,19.3
401705368,SAS,4278580,22.0,9.0,6.7
401705368,SAS,4395630,23.0,1.5,-0.1
401705368,SAS,4395723,30.0,24.8,25.3
401705368,SAS,4397107,3.0,1.0,1.0
401705368,SAS,4397886,11.0,4.9,5.5
401705368,SAS,4565201,3.0,1.3,1.0
401705368,SAS,4592479,14.0,0.8,-1.8
401705368,SAS,4610139,28.0,7.5,7.1
401705368,SAS,4683935,3.0,2.7,2.7
401705368,SAS,4845367,13.0,8.1,6.3
401705369,DAL,6442,37.0,25.9,25.8
401705369,DAL,6475,25.0,9.5,7.7
401705369,DAL,2580782,25.0,-1.2,-2.0
401705369,DAL,3102528,21.0,2.2,-0.1
401705369,DAL,4278078,37.0,19.6,15.9
401705369,DAL,4278594,24.0,13.7,10.7
401705369,DAL,4397126,12.0,2.9,1.1
401705369,DAL,4397693,12.0,0.3,0.7
401705369,DAL,4432582,32.0,14.7,13.6
401705369,DAL,4595400,15.0,3.1,2.0
401705369,NOP,2489663,24.0,1.4,1.7
401705369,NOP,2490149,30.0,9.8,7.9
401705369,NOP,4065670,22.0,2.7,2.6
401705369,NOP,4277869,30.0,10.9,6.8
401705369,NOP,4395628,27.0,24.5,22.5
401705369,NOP,4397688,36.0,16.5,13.4
401705369,NOP,4592686,4.0,-0.3,-0.3
401705369,NOP,4683750,21.0,2.7,1.2
401705369,NOP,4997538,21.0,6.1,6.1
401705369,NOP,5061589,24.0,5.1,2.8
401705370,OKC,2991350,18.0,12.1,9.6
401705370,OKC,3133626,10.0,3.6,4.4
401705370,OKC,4222252,25.0,9.4,7.2
401705370,OKC,4278073,32.0,18.5,15.2
401705370,OKC,4395702,18.0,15.3,13.5
401705370,OKC,4397020,26.0,2.3,2.3
401705370,OKC,4397183,22.0,13.0,11.5
401705370,OKC,4432971,3.0,0.0,0.0
401705370,OKC,4433255,28.0,15.6,13.4
401705370,OKC,4592435,3.0,1.7,1.7
401705370,OKC,4593803,28.0,17.2,12.8
401705370,OKC,4683692,22.0,14.2,12.3
401705370,OKC,4702159,3.0,1.9,2.0
401705370,OKC,4997526,3.0,1.0,0.7
401705370,UTA,2528426,30.0,13.0,13.1
401705370,UTA,3908845,31.0,17.1,15.2
401705370,UTA,4066336,29.0,-2.1,-2.9
401705370,UTA,4431828,16.0,0.6,-0.7
401705370,UTA,4432164,11.0,6.1,6.5
401705370,UTA,4433136,32.0,8.5,4.1
401705370,UTA,4433627,31.0,16.9,15.8
401705370,UTA,4683766,29.0,9.5,8.7
401705370,UTA,4684793,16.0,7.5,6.8
401705370,UTA,4895758,16.0,0.9,0.3
401705371,GSW,3975,31.0,19.2,16.9
401705371,GSW,6430,32.0,21.6,18.3
401705371,GSW,6589,28.0,10.4,8.0
401705371,GSW,2990984,26.0,19.6,18.9
401705371,GSW,3134903,15.0,4.5,4.1
401705371,GSW,3155535,14.0,1.5,-1.0
401705371,GSW,4278075,3.0,4.4,4.4
401705371,GSW,4431684,3.0,3.1,3.1
401705371,GSW,4432171,29.0,20.2,20.0
401705371,GSW,4592714,3.0,0.3,0.7
401705371,GSW,4593016,14.0,6.6,4.4
401705371,GSW,4709138,30.0,14.2,13.1
401705371,GSW,4997536,13.0,-0.3,-0.3
401705371,SAC,3978,34.0,33.2,31.4
401705371,SAC,6477,9.0,5.3,5.4
401705371,SAC,3064440,34.0,4.6,3.7
401705371,SAC,3136196,8.0,-1.8,-2.0
401705371,SAC,3155942,32.0,17.3,13.4
401705371,SAC,4066262,30.0,9.4,8.5
401705371,SAC,4066636,10.0,3.8,3.8
401705371,SAC,4395704,4.0,3.0,3.4
401705371,SAC,4433188,3.0,0.0,0.0
401705371,SAC,4592691,16.0,-1.1,-3.4
401705371,SAC,4592857,4.0,2.0,1.7
401705371,SAC,4594327,34.0,9.8,8.4
401705371,SAC,4702177,24.0,-0.2,-1.1
401705372,CHI,6478,30.0,7.8,5.6
401705372,CHI,4066372,30.0,11.2,9.7
401705372,CHI,4066421,29.0,-2.2,-3.5
401705372,CHI,4066650,18.0,7.4,7.2
401705372,CHI,4395626,14.0,3.0,2.7
401705372,CHI,4395651,31.0,18.2,17.6
401705372,CHI,4433159,4.0,3.0,3.4
401705372,CHI,4711294,24.0,11.3,8.7
401705372,CHI,4871145,35.0,30.1,25.7
401705372,CHI,5105553,24.0,7.6,6.7
401705372,PHX,3202,38.0,25.3,21.6
401705372,PHX,6580,38.0,18.3,15.9
401705372,PHX,2488653,17.0,9.8,8.4
401705372,PHX,2583632,24.0,1.8,-1.4
401705372,PHX,3135045,24.0,1.7,2.0
401705372,PHX,3135046,20.0,4.6,2.7
401705372,PHX,3136193,38.0,24.0,22.6
401705372,PHX,4278076,28.0,14.1,12.1
401705372,PHX,4397102,13.0,7.0,5.7
401705373,BKN,3138196,35.0,16.7,13.7
401705373,BKN,4278067,36.0,16.8,11.9
401705373,BKN,4397179,13.0,3.6,2.3
401705373,BKN,4431675,24.0,11.4,11.5
401705373,BKN,4431714,22.0,8.0,6.4
401705373,BKN,4432187,10.0,-1.1,-0.7
401705373,BKN,4432192,31.0,10.8,7.8
401705373,BKN,4432194,13.0,12.3,10.3
401705373,BKN,4433137,30.0,6.6,6.4
401705373,BKN,4683024,27.0,4.6,3.1
401705373,PHI,4251,40.0,15.8,10.7
401705373,PHI,6585,5.0,5.1,6.0
401705373,PHI,3059318,31.0,10.2,8.4
401705373,PHI,3133603,38.0,5.0,6.4
401705373,PHI,4017844,23.0,8.9,3.4
401705373,PHI,4277890,10.0,-1.5,-2.1
401705373,PHI,4397014,37.0,15.4,12.6
401705373,PHI,4431678,43.0,20.5,20.4
401705373,PHI,4593041,5.0,2.4,2.4
401705373,PHI,4701234,9.0,1.0,0.7
401705374,DEN,3442,4.0,1.3,0.7
401705374,DEN,3468,24.0,5.8,5.9
401705374,DEN,3064290,35.0,20.0,18.9
401705374,DEN,3112335,35.0,13.4,10.9
401705374,DEN,3936299,36.0,13.6,11.5
401705374,DEN,4278104,30.0,7.5,5.6
401705374,DEN,4395620,8.0,-1.5,-0.7
401705374,DEN,4398390,4.0,1.3,1.0
401705374,DEN,4431690,14.0,0.9,-0.7
401705374,DEN,4431767,29.0,9.9,8.7
401705374,DEN,4432181,12.0,-2.0,0.0
401705374,DEN,4592427,3.0,0.0,0.0
401705374,DEN,4701225,4.0,-0.7,-1.7
401705374,LAL,1966,33.0,24.0,19.6
401705374,LAL,2578185,27.0,1.7,-0.4
401705374,LAL,2596107,3.0,0.3,0.0
401705374,LAL,3137259,19.0,2.1,1.3
401705374,LAL,3915195,3.0,-0.7,-1.0
401705374,LAL,3945274,31.0,32.6,25.2
401705374,LAL,4066457,33.0,20.3,19.9
401705374,LAL,4066648,36.0,18.0,17.8
401705374,LAL,4278077,6.0,2.7,2.7
401705374,LAL,4278402,11.0,7.1,4.4
401705374,LAL,4395623,3.0,2.4,1.7
401705374,LAL,4397077,25.0,4.5,3.1
401705374,LAL,4897943,9.0,2.9,1.3
401705375,HOU,3209,22.0,14.5,14.2
401705375,HOU,3146557,11.0,2.9,3.0
401705375,HOU,3155526,33.0,10.5,7.8
401705375,HOU,3922230,20.0,4.2,2.4
401705375,HOU,4432639,29.0,-2.5,-1.5
401705375,HOU,4437244,36.0,19.6,19.8
401705375,HOU,4684740,37.0,18.8,17.2
401705375,HOU,4711272,8.0,0.2,0.6
401705375,HOU,4871144,35.0,19.8,17.3
401705375,HOU,5105592,10.0,0.6,0.3
401705375,UTA,4066336,32.0,14.9,13.3
401705375,UTA,4431828,29.0,6.6,6.6
401705375,UTA,4432164,4.0,2.0,1.7
401705375,UTA,4432817,17.0,7.0,5.1
401705375,UTA,4433136,33.0,17.9,15.4
401705375,UTA,4433627,29.0,25.7,23.3
401705375,UTA,4683766,33.0,9.9,8.0
401705375,UTA,4684793,15.0,6.1,6.4
401705375,UTA,4895758,24.0,8.5,7.1
401705375,UTA,5105839,24.0,5.1,5.3
401705376,CHA,2326307,21.0,2.9,1.6
401705376,CHA,2583639,22.0,-1.1,-2.7
401705376,CHA,3102530,16.0,11.9,10.6
401705376,CHA,4066383,23.0,12.1,9.7
401705376,CHA,4432811,23.0,1.8,0.3
401705376,CHA,4432816,22.0,0.9,-0.6
401705376,CHA,4433249,13.0,8.8,5.1
401705376,CHA,4592187,22.0,3.2,3.6
401705376,CHA,4683686,33.0,1.2,1.9
401705376,CHA,4701232,21.0,8.1,5.6
401705376,CHA,5211176,23.0,3.5,2.2
401705376,POR,2991070,29.0,9.5,3.4
401705376,POR,4066268,11.0,8.3,6.5
401705376,POR,4351851,26.0,16.3,15.8
401705376,POR,4397885,11.0,-0.6,-0.6
401705376,POR,4431736,28.0,23.3,19.4
401705376,POR,4432446,26.0,21.4,17.0
401705376,POR,4594326,16.0,2.7,1.4
401705376,POR,4683021,23.0,11.8,10.7
401705376,POR,4683678,20.0,11.5,13.1
401705376,POR,4914336,21.0,19.6,17.3
401705376,POR,5099752,9.0,1.8,1.7
401705376,POR,5105565,20.0,8.2,7.2
401705377,BOS,3213,25.0,3.9,4.8
401705377,BOS,3995,32.0,14.4,10.2
401705377,BOS,3064560,14.0,9.5,9.9
401705377,BOS,3078576,37.0,21.8,19.1
401705377,BOS,3102531,34.0,12.9,8.7
401705377,BOS,3917376,37.0,16.7,13.4
401705377,BOS,4065648,37.0,20.3,17.5
401705377,BOS,4065804,9.0,3.9,4.0
401705377,BOS,4066354,17.0,3.2,2.0
401705377,NYK,3062679,40.0,21.0,19.1
401705377,NYK,3064230,10.0,3.5,4.0
401705377,NYK,3136195,41.0,18.4,16.1
401705377,NYK,3147657,28.0,7.2,7.0
401705377,NYK,3914044,5.0,4.6,3.0
401705377,NYK,3934672,38.0,13.0,11.1
401705377,NYK,3934719,35.0,5.7,6.3
401705377,NYK,4431679,15.0,-0.4,-0.3
401705377,NYK,4431823,27.0,0.8,-1.1
401705378,DAL,6442,32.0,13.5,11.4
401705378,DAL,6475,25.0,7.8,6.0
401705378,DAL,2580782,18.0,3.9,4.1
401705378,DAL,3102528,20.0,4.7,5.5
401705378,DAL,3950760,6.0,2.0,1.7
401705378,DAL,4278078,28.0,12.2,11.5
401705378,DAL,4278594,21.0,5.5,4.7
401705378,DAL,4397040,12.0,5.0,4.0
401705378,DAL,4397126,9.0,5.3,3.8
401705378,DAL,4397693,14.0,6.7,3.7
401705378,DAL,4432582,22.0,-1.1,-1.7
401705378,DAL,4595400,17.0,4.5,3.2
401705378,DAL,4868423,16.0,2.3,3.2
401705378,GSW,3975,29.0,24.7,23.7
401705378,GSW,6430,28.0,18.1,16.9
401705378,GSW,6589,27.0,12.6,9.8
401705378,GSW,2990984,18.0,2.9,2.0
401705378,GSW,3134903,11.0,4.0,3.4
401705378,GSW,3155535,13.0,5.5,4.7
401705378,GSW,4278075,7.0,1.9,2.0
401705378,GSW,4432171,27.0,12.6,10.7
401705378,GSW,4432957,6.0,1.8,1.7
401705378,GSW,4592714,6.0,0.6,-0.7
401705378,GSW,4593016,18.0,8.8,7.4
401705378,GSW,4709138,30.0,15.5,10.8
401705378,GSW,4997536,20.0,7.4,5.5
401705379,IND,2530530,15.0,12.1,11.9
401705379,IND,3133628,31.0,14.7,13.1
401705379,IND,3149673,30.0,9.1,5.2
401705379,IND,3934723,12.0,6.5,5.8
401705379,IND,4278355,24.0,10.4,9.3
401705379,IND,4395712,30.0,6.7,5.7
401705379,IND,4396909,25.0,16.6,16.2
401705379,IND,4396993,30.0,33.5,30.2
401705379,IND,4433076,17.0,0.6,0.6
401705379,IND,4683634,21.0,3.9,3.7
401705379,IND,5106060,3.0,1.7,1.4
401705379,IND,5157066,3.0,-0.4,0.0
401705379,LAC,3416,8.0,-0.2,0.0
401705379,LAC,3992,35.0,30.7,24.6
401705379,LAC,4004,5.0,2.2,2.6
401705379,LAC,2991139,27.0,1.8,0.0
401705379,LAC,3037789,29.0,5.4,4.5
401705379,LAC,3907387,24.0,7.8,5.7
401705379,LAC,3914285,11.0,1.7,1.7
401705379,LAC,3936099,19.0,0.5,-0.1
401705379,LAC,4017837,30.0,20.7,19.6
401705379,LAC,4066387,26.0,8.9,9.6
401705379,LAC,4431752,13.0,-0.5,-1.4
401705379,LAC,4432179,13.0,6.5,7.0
401705380,ATL,2990969,36.0,17.7,17.1
401705380,ATL,2991043,23.0,1.8,1.9
401705380,ATL,3102529,18.0,9.8,7.0
401705380,ATL,3907823,14.0,1.8,2.3
401705380,ATL,4277905,38.0,25.7,26.1
401705380,ATL,4431680,30.0,17.9,17.2
401705380,ATL,4712863,12.0,-1.2,-0.7
401705380,ATL,4869342,38.0,24.0,19.0
401705380,ATL,5211175,31.0,21.3,16.1
401705380,DET,6440,35.0,8.5,7.4
401705380,DET,2528210,28.0,14.4,13.1
401705380,DET,3032979,22.0,15.5,14.9
401705380,DET,3899664,5.0,0.3,0.0
401705380,DET,3907822,34.0,21.0,18.6
401705380,DET,4278562,4.0,-0.2,0.6
401705380,DET,4432166,38.0,36.6,32.2
401705380,DET,4432810,21.0,3.6,2.5
401705380,DET,4433621,23.0,16.1,14.7
401705380,DET,4683771,13.0,2.2,2.7
401705380,DET,4684742,17.0,10.8,9.2
401705381,ORL,6446,6.0,-0.7,-0.7
401705381,ORL,2581018,23.0,3.3,3.0
401705381,ORL,2999547,13.0,-0.4,-0.7
401705381,ORL,4065654,16.0,2.5,0.0
401705381,ORL,4277847,20.0,9.7,6.8
401705381,ORL,4348700,22.0,16.1,13.3
401705381,ORL,4409222,6.0,2.0,0.3
401705381,ORL,4432573,30.0,15.3,14.1
401705381,ORL,4432809,21.0,-0.7,0.5
401705381,ORL,4433623,10.0,2.2,2.7
401705381,ORL,4566434,31.0,16.2,13.9
401705381,ORL,4702382,6.0,0.8,2.0
401705381,ORL,4712849,27.0,19.7,17.5
401705381,ORL,5105806,10.0,3.3,3.4
401705381,WAS,2581184,7.0,3.3,2.7
401705381,WAS,2993370,29.0,8.3,5.8
401705381,WAS,4066731,6.0,1.7,0.7
401705381,WAS,4277956,28.0,8.5,7.6
401705381,WAS,4280151,29.0,0.0,0.1
401705381,WAS,4432907,31.0,4.0,3.6
401705381,WAS,4845374,29.0,10.6,9.5
401705381,WAS,4997537,19.0,9.1,7.4
401705381,WAS,5104155,35.0,4.5,4.1
401705381,WAS,5174563,27.0,2.2,2.5
401705382,PHX,3202,40.0,12.0,6.5
401705382,PHX,6580,41.0,24.6,24.9
401705382,PHX,2488653,17.0,4.5,4.0
401705382,PHX,2583632,28.0,3.7,0.6
401705382,PHX,3135045,24.0,6.3,5.8
401705382,PHX,3135046,15.0,-0.7,-1.6
401705382,PHX,3136193,37.0,24.8,22.9
401705382,PHX,4278076,21.0,8.7,6.1
401705382,PHX,4278585,1.0,0.0,0.0
401705382,PHX,4397102,7.0,6.0,5.1
401705382,PHX,4601023,1.0,0.7,0.7
401705382,PHX,4683749,1.0,-1.4,-1.4
401705382,PHX,4888725,7.0,-1.5,-2.1
401705382,TOR,3948153,20.0,22.6,20.9
401705382,TOR,4067017,1.0,0.3,0.0
401705382,TOR,4395625,32.0,17.4,17.3
401705382,TOR,4395724,30.0,22.8,19.5
401705382,TOR,4397018,19.0,2.7,3.0
401705382,TOR,4397119,1.0,-0.7,-0.7
401705382,TOR,4432241,18.0,4.2,5.1
401705382,TOR,4433134,35.0,16.5,13.9
401705382,TOR,4593049,20.0,9.7,9.9
401705382,TOR,4684272,18.0,4.4,3.3
401705382,TOR,5106258,26.0,5.5,5.3
401705382,TOR,5107897,20.0,-1.6,-1.7
401705383,MIA,2993874,9.0,0.6,0.0
401705383,MIA,3059319,40.0,9.9,8.2
401705383,MIA,3074752,10.0,-0.2,-0.8
401705383,MIA,3157465,21.0,-1.1,-0.7
401705383,MIA,4066261,35.0,19.4,18.5
401705383,MIA,4278053,34.0,8.2,7.2
401705383,MIA,4395725,40.0,33.3,31.9
401705383,MIA,4997528,15.0,5.2,5.4
401705383,MIA,5105623,37.0,13.5,12.0
401705383,MIL,3448,34.0,15.0,13.8
401705383,MIL,6606,38.0,24.4,24.6
401705383,MIL,2990962,20.0,-1.3,-0.4
401705383,MIL,3032977,32.0,23.6,18.8
401705383,MIL,3134907,34.0,10.6,11.3
401705383,MIL,4277843,23.0,9.3,9.3
401705383,MIL,4277922,14.0,0.5,1.1
401705383,MIL,4397140,14.0,11.2,8.7
401705383,MIL,4397475,30.0,2.1,2.0
401705383,MIL,4432190,2.0,1.0,0.7
401705384,NOP,2489663,25.0,12.4,10.2
401705384,NOP,2490149,29.0,7.7,7.5
401705384,NOP,4065670,16.0,-1.9,-1.1
401705384,NOP,4277869,30.0,13.7,12.6
401705384,NOP,4395628,28.0,19.3,14.2
401705384,NOP,4397688,38.0,8.0,6.7
401705384,NOP,4432813,6.0,-0.1,-0.7
401705384,NOP,4592686,2.0,1.0,1.0
401705384,NOP,4683750,24.0,7.2,5.6
401705384,NOP,4997538,21.0,16.9,17.0
401705384,NOP,5061589,23.0,5.9,4.0
401705384,SAS,2779,25.0,2.8,2.0
401705384,SAS,6427,30.0,12.2,7.3
401705384,SAS,6578,22.0,9.8,8.9
401705384,SAS,3134916,2.0,2.7,2.7
401705384,SAS,4066259,34.0,5.9,2.8
401705384,SAS,4278580,7.0,0.9,1.3
401705384,SAS,4395630,25.0,1.3,-0.2
401705384,SAS,4395723,24.0,15.0,14.6
401705384,SAS,4397886,6.0,6.7,4.1
401705384,SAS,4565201,2.0,-0.4,-0.7
401705384,SAS,4592479,19.0,18.1,15.5
401705384,SAS,4610139,21.0,5.6,3.3
401705384,SAS,4683935,2.0,0.7,0.7
401705384,SAS,4845367,22.0,-6.0,-5.2
401705385,CLE,3908809,35.0,22.7,24.3
401705385,CLE,3912848,17.0,-1.3,-1.0
401705385,CLE,4065732,25.0,8.0,7.4
401705385,CLE,4065733,23.0,22.5,21.2
401705385,CLE,4065778,31.0,11.2,10.5
401705385,CLE,4066328,31.0,10.3,8.4
401705385,CLE,4066757,18.0,-0.6,0.0
401705385,CLE,4432158,36.0,24.0,19.6
401705385,CLE,4432822,19.0,5.2,3.6
401705385,CLE,4701233,5.0,-0.4,-1.4
401705385,MEM,3906665,16.0,5.0,4.4
401705385,MEM,3913174,26.0,17.2,17.2
401705385,MEM,4066320,35.0,6.5,4.0
401705385,MEM,4277961,25.0,15.2,13.6
401705385,MEM,4279888,34.0,18.9,20.3
401705385,MEM,4397227,20.0,6.9,5.7
401705385,MEM,4431785,5.0,1.2,0.7
401705385,MEM,4593125,29.0,13.5,10.4
401705385,MEM,4600663,25.0,6.9,6.1
401705385,MEM,5105550,4.0,-1.1,-0.7
401705385,MEM,5112087,22.0,6.0,5.9
401705386,MIN,3195,31.0,7.9,8.5
401705386,MIN,4277951,9.0,7.7,8.2
401705386,MIN,4278039,34.0,12.4,14.1
401705386,MIN,4396971,40.0,16.9,12.6
401705386,MIN,4431671,40.0,13.4,11.4
401705386,MIN,4432247,18.0,15.4,12.2
401705386,MIN,4432847,19.0,4.6,4.7
401705386,MIN,4594268,39.0,21.6,18.4
401705386,MIN,4684275,10.0,-0.6,-0.6
401705386,MIN,4687718,1.0,-0.4,0.0
401705386,OKC,2991350,24.0,11.5,8.8
401705386,OKC,3133626,3.0,2.4,2.4
401705386,OKC,4222252,26.0,13.6,12.7
401705386,OKC,4278073,38.0,31.1,24.8
401705386,OKC,4395702,11.0,5.0,4.7
401705386,OKC,4397020,32.0,4.1,3.4
401705386,OKC,4397183,19.0,10.9,11.0
401705386,OKC,4433255,28.0,17.1,14.9
401705386,OKC,4593803,36.0,16.5,13.5
401705386,OKC,4683692,22.0,3.9,5.1
401705387,DET,6440,38.0,13.6,12.5
401705387,DET,2528210,35.0,4.6,2.3
401705387,DET,3032979,19.0,4.7,3.8
401705387,DET,3907822,24.0,1.3,2.9
401705387,DET,4432166,37.0,21.4,17.3
401705387,DET,4432810,17.0,5.5,2.3
401705387,DET,4433621,31.0,14.9,10.1
401705387,DET,4683771,13.0,6.5,5.6
401705387,DET,4684742,27.0,14.3,9.9
401705387,LAC,3416,22.0,10.9,7.4
401705387,LAC,3992,39.0,4.9,2.0
401705387,LAC,4004,10.0,1.4,3.0
401705387,LAC,2991139,35.0,16.5,11.9
401705387,LAC,3037789,33.0,1.8,2.6
401705387,LAC,3914285,11.0,-1.0,-1.0
401705387,LAC,3936099,23.0,11.1,9.3
401705387,LAC,4017837,37.0,16.2,11.6
401705387,LAC,4066387,29.0,7.5,8.1
401705388,DEN,3442,9.0,0.9,-1.0
401705388,DEN,3468,23.0,2.0,2.3
401705388,DEN,3064290,24.0,20.0,19.0
401705388,DEN,3112335,39.0,27.1,21.1
401705388,DEN,3936299,33.0,11.3,11.2
401705388,DEN,4278104,33.0,17.0,15.3
401705388,DEN,4398390,4.0,3.0,3.4
401705388,DEN,4431690,24.0,12.7,12.5
401705388,DEN,4431767,37.0,13.4,11.5
401705388,DEN,4432181,14.0,1.9,2.0
401705388,IND,3133628,39.0,14.3,11.2
401705388,IND,3149673,31.0,10.9,10.2
401705388,IND,3934723,9.0,3.5,3.6
401705388,IND,4278355,17.0,7.9,6.4
401705388,IND,4395712,27.0,4.4,3.2
401705388,IND,4396909,33.0,13.2,10.0
401705388,IND,4396993,40.0,25.7,23.2
401705388,IND,4433076,24.0,10.0,8.2
401705388,IND,4683634,19.0,4.2,3.4
401705389,CHI,3133635,7.0,6.0,6.0
401705389,CHI,4066372,34.0,21.8,20.6
401705389,CHI,4066421,8.0,6.3,6.1
401705389,CHI,4066650,28.0,17.3,16.2
401705389,CHI,4395626,19.0,8.4,6.5
401705389,CHI,4395651,28.0,14.2,10.1
401705389,CHI,4396991,7.0,-3.6,-3.4
401705389,CHI,4433159,21.0,17.6,14.9
401705389,CHI,4711294,36.0,12.2,11.7
401705389,CHI,4871145,31.0,26.2,20.8
401705389,CHI,5105553,21.0,4.7,3.8
401705389,PHI,4251,30.0,13.2,10.0
401705389,PHI,6585,14.0,10.1,9.1
401705389,PHI,3133603,33.0,13.6,14.1
401705389,PHI,4017844,13.0,-0.8,-1.4
401705389,PHI,4066786,9.0,-0.5,-1.4
401705389,PHI,4277890,24.0,-0.1,-1.8
401705389,PHI,4395695,14.0,8.0,6.9
401705389,PHI,4397014,24.0,5.1,4.3
401705389,PHI,4431678,29.0,6.1,6.2
401705389,PHI,4593041,11.0,9.3,6.7
401705389,PHI,4701234,23.0,12.1,8.8
401705389,PHI,5105637,17.0,3.7,3.4
401705390,BKN,3138196,32.0,11.5,10.0
401705390,BKN,4278067,31.0,7.8,5.8
401705390,BKN,4397179,23.0,10.9,8.3
401705390,BKN,4431675,23.0,7.4,7.5
401705390,BKN,4431714,22.0,0.1,0.5
401705390,BKN,4432187,7.0,0.0,0.0
401705390,BKN,4432192,26.0,9.5,5.4
401705390,BKN,4432194,17.0,4.6,4.6
401705390,BKN,4433137,34.0,18.1,15.1
401705390,BKN,4683024,25.0,9.7,7.9
401705390,WAS,6609,26.0,5.1,4.1
401705390,WAS,2990992,22.0,7.3,6.8
401705390,WAS,2993370,30.0,16.6,13.0
401705390,WAS,4277956,29.0,19.3,18.5
401705390,WAS,4280151,22.0,2.9,3.1
401705390,WAS,4432907,13.0,5.5,4.0
401705390,WAS,4845374,25.0,-1.7,-0.4
401705390,WAS,4997537,10.0,3.6,3.7
401705390,WAS,5104155,30.0,12.3,12.1
401705390,WAS,5174563,32.0,11.0,5.8
401705391,ATL,2990969,24.0,6.5,7.0
401705391,ATL,2991043,28.0,11.2,10.4
401705391,ATL,3102529,19.0,9.4,7.2
401705391,ATL,3907823,26.0,9.9,9.4
401705391,ATL,4277905,38.0,9.4,8.6
401705391,ATL,4431680,29.0,16.9,13.2
401705391,ATL,4712863,16.0,7.7,6.5
401705391,ATL,4869342,34.0,12.5,4.4
401705391,ATL,5211175,26.0,-2.2,-2.1
401705391,MIA,6429,27.0,1.2,-1.6
401705391,MIA,2993874,28.0,13.1,13.4
401705391,MIA,3059319,36.0,17.0,14.7
401705391,MIA,3157465,21.0,-0.9,-2.4
401705391,MIA,4066261,37.0,7.9,5.7
401705391,MIA,4278053,24.0,4.1,3.1
401705391,MIA,4395725,35.0,1.2,-2.6
401705391,MIA,4432848,7.0,0.6,0.3
401705391,MIA,5105623,24.0,12.8,9.9
401705392,MIN,3195,14.0,4.2,5.4
401705392,MIN,2968436,5.0,-0.3,-0.3
401705392,MIN,4277951,9.0,1.3,-0.4
401705392,MIN,4278039,35.0,16.5,15.1
401705392,MIN,4396971,41.0,13.5,11.6
401705392,MIN,4431671,42.0,26.2,22.6
401705392,MIN,4432247,29.0,4.8,5.4
401705392,MIN,4432847,29.0,17.1,13.9
401705392,MIN,4594268,36.0,12.3,9.9
401705392,MIN,4684275,26.0,11.3,10.5
401705392,OKC,2991350,24.0,5.8,3.4
401705392,OKC,3133626,12.0,-0.2,-0.7
401705392,OKC,4222252,16.0,4.6,4.8
401705392,OKC,4278073,42.0,31.2,30.5
401705392,OKC,4395702,18.0,10.9,7.4
401705392,OKC,4397020,29.0,-0.1,-1.6
401705392,OKC,4397183,29.0,15.4,13.1
401705392,OKC,4432823,18.0,9.0,6.8
401705392,OKC,4593803,42.0,18.8,17.1
401705392,OKC,4683692,34.0,7.8,7.7
401705393,POR,2991070,38.0,16.1,13.6
401705393,POR,4351851,37.0,20.3,18.1
401705393,POR,4397885,4.0,1.7,0.7
401705393,POR,4431736,36.0,7.1,5.8
401705393,POR,4432446,14.0,4.9,4.8
401705393,POR,4594326,3.0,0.7,0.0
401705393,POR,4683021,36.0,14.6,13.9
401705393,POR,4683678,30.0,10.0,8.9
401705393,POR,4914336,18.0,4.9,4.6
401705393,POR,5105565,25.0,10.8,5.4
401705393,UTA,3133602,22.0,1.5,1.2
401705393,UTA,4066399,26.0,13.0,12.6
401705393,UTA,4431828,28.0,7.4,5.4
401705393,UTA,4432817,17.0,0.1,0.9
401705393,UTA,4433627,34.0,11.0,7.5
401705393,UTA,4683766,24.0,-0.6,-0.4
401705393,UTA,4684793,36.0,21.0,16.1
401705393,UTA,4895758,27.0,10.2,8.2
401705393,UTA,5105839,26.0,15.1,15.8
401705394,CHA,2583639,14.0,2.2,0.7
401705394,CHA,3102530,27.0,13.5,7.8
401705394,CHA,4066383,30.0,12.9,11.0
401705394,CHA,4431766,26.0,4.8,0.9
401705394,CHA,4432811,25.0,-0.6,-1.8
401705394,CHA,4432816,29.0,10.8,10.5
401705394,CHA,4433249,21.0,10.9,8.7
401705394,CHA,4592187,12.0,4.2,3.7
401705394,CHA,4683686,33.0,3.4,3.9
401705394,CHA,5211176,23.0,1.3,1.0
401705394,SAC,3978,31.0,15.4,13.0
401705394,SAC,6477,14.0,8.8,6.1
401705394,SAC,2528588,7.0,-1.0,-1.0
401705394,SAC,3064440,31.0,35.0,33.1
401705394,SAC,3136196,13.0,10.0,8.5
401705394,SAC,3155942,27.0,6.8,5.2
401705394,SAC,4066262,31.0,10.4,7.9
401705394,SAC,4066636,18.0,1.7,-0.7
401705394,SAC,4395704,4.0,2.3,2.7
401705394,SAC,4433188,7.0,7.4,7.4
401705394,SAC,4592691,16.0,2.9,2.5
401705394,SAC,4592857,7.0,3.3,1.0
401705394,SAC,4594327,25.0,8.8,6.7
401705394,SAC,4702177,9.0,5.0,5.4
401705395,BOS,2528693,15.0,-0.2,0.3
401705395,BOS,3078576,38.0,20.3,15.8
401705395,BOS,3917376,33.0,17.7,15.9
401705395,BOS,4065648,40.0,13.3,11.6
401705395,BOS,4065804,40.0,9.2,7.8
401705395,BOS,4066354,35.0,16.2,13.1
401705395,BOS,4397424,20.0,6.4,6.8
401705395,BOS,4576085,4.0,1.3,0.0
401705395,BOS,4593841,11.0,0.6,0.3
401705395,BOS,4683689,5.0,3.4,3.1
401705395,TOR,3948153,14.0,6.8,5.8
401705395,TOR,4395625,33.0,15.5,13.2
401705395,TOR,4395724,33.0,5.2,5.0
401705395,TOR,4397018,24.0,8.9,7.1
401705395,TOR,4432241,18.0,7.8,7.6
401705395,TOR,4433134,34.0,18.7,16.8
401705395,TOR,4593049,14.0,1.7,1.1
401705395,TOR,4684272,16.0,3.9,3.0
401705395,TOR,5106258,32.0,9.0,6.3
401705395,TOR,5107897,22.0,4.6,2.1
401705396,CLE,6474,4.0,2.4,2.4
401705396,CLE,2596112,6.0,4.3,3.4
401705396,CLE,3908809,23.0,7.0,6.8
401705396,CLE,3912848,19.0,7.8,4.8
401705396,CLE,4065732,27.0,14.9,14.4
401705396,CLE,4065733,21.0,13.2,12.8
401705396,CLE,4065778,21.0,14.8,14.2
401705396,CLE,4066328,25.0,8.6,6.1
401705396,CLE,4066757,19.0,3.1,3.3
401705396,CLE,4432158,28.0,14.9,11.4
401705396,CLE,4432822,24.0,10.3,8.8
401705396,CLE,4683747,8.0,4.0,4.1
401705396,CLE,4701233,11.0,4.1,2.8
401705396,CLE,5106268,4.0,0.9,0.3
401705396,ORL,2581018,22.0,8.1,8.5
401705396,ORL,2999547,11.0,-1.1,-2.1
401705396,ORL,4065654,14.0,5.7,3.4
401705396,ORL,4277847,26.0,7.6,6.1
401705396,ORL,4348700,8.0,1.2,0.6
401705396,ORL,4409222,6.0,2.0,1.3
401705396,ORL,4432573,32.0,17.4,14.9
401705396,ORL,4432809,21.0,6.9,6.1
401705396,ORL,4433623,6.0,1.7,1.7
401705396,ORL,4566434,35.0,10.7,9.4
401705396,ORL,4702382,21.0,-2.9,-3.1
401705396,ORL,4712849,22.0,-1.2,-3.7
401705396,ORL,5105806,16.0,1.9,1.0
401705397,HOU,3209,12.0,1.6,0.3
401705397,HOU,3136777,2.0,-2.8,-2.4
401705397,HOU,3146557,9.0,-2.9,-2.8
401705397,HOU,3155526,35.0,14.0,11.1
401705397,HOU,3922230,11.0,1.3,-0.4
401705397,HOU,4432639,33.0,9.0,8.8
401705397,HOU,4433192,32.0,7.4,4.7
401705397,HOU,4437244,37.0,14.3,12.7
401705397,HOU,4684740,34.0,11.9,8.9
401705397,HOU,4871144,35.0,21.1,17.4
401705397,MIL,3448,35.0,13.4,9.4
401705397,MIL,6606,37.0,9.4,8.1
401705397,MIL,2990962,25.0,9.4,5.8
401705397,MIL,3032977,32.0,25.0,21.4
401705397,MIL,3134907,34.0,3.7,1.6
401705397,MIL,4277843,20.0,0.4,0.2
401705397,MIL,4277922,13.0,0.4,0.0
401705397,MIL,4397140,11.0,-1.1,-4.1
401705397,MIL,4397475,33.0,10.4,9.4
401705398,MEM,3906665,21.0,12.6,12.5
401705398,MEM,3913174,19.0,7.4,6.8
401705398,MEM,4066320,43.0,25.9,23.7
401705398,MEM,4277961,32.0,23.4,21.9
401705398,MEM,4279888,37.0,16.1,14.9
401705398,MEM,4397227,13.0,1.2,0.6
401705398,MEM,4593125,32.0,20.0,15.6
401705398,MEM,4600663,20.0,9.2,7.5
401705398,MEM,5105550,8.0,1.0,1.1
401705398,MEM,5112087,40.0,15.9,14.8
401705398,PHX,3202,43.0,19.8,16.8
401705398,PHX,6580,43.0,22.7,19.3
401705398,PHX,2488653,34.0,12.2,9.9
401705398,PHX,2583632,15.0,11.0,9.4
401705398,PHX,3135045,30.0,15.7,15.7
401705398,PHX,3135046,12.0,2.3,1.4
401705398,PHX,3136193,35.0,20.1,22.2
401705398,PHX,4278076,16.0,2.2,2.3
401705398,PHX,4397102,32.0,20.8,17.8
401705398,PHX,4888725,6.0,-0.4,0.0
401705399,NOP,2489663,23.0,9.0,6.4
401705399,NOP,2490149,29.0,8.5,7.4
401705399,NOP,4065670,29.0,11.6,7.8
401705399,NOP,4277869,20.0,8.0,6.2
401705399,NOP,4395628,29.0,10.0,9.2
401705399,NOP,4397688,36.0,17.3,13.7
401705399,NOP,4592686,4.0,2.7,2.0
401705399,NOP,4683750,24.0,5.4,2.9
401705399,NOP,4997538,18.0,5.8,6.0
401705399,NOP,5061589,28.0,10.4,8.5
401705399,SAS,2779,33.0,15.2,13.7
401705399,SAS,6427,23.0,10.6,8.6
401705399,SAS,6578,31.0,12.8,11.3
401705399,SAS,4066259,38.0,9.5,4.0
401705399,SAS,4278580,12.0,-0.9,-2.1
401705399,SAS,4395630,33.0,13.8,12.0
401705399,SAS,4395723,24.0,7.7,6.0
401705399,SAS,4592479,15.0,2.6,0.3
401705399,SAS,4610139,19.0,10.6,8.9
401705399,SAS,4845367,12.0,-2.2,-1.8
401705400,CHA,2326307,17.0,10.6,9.0
401705400,CHA,4066383,26.0,-1.2,-2.2
401705400,CHA,4431766,29.0,2.7,-0.1
401705400,CHA,4432811,25.0,8.1,6.1
401705400,CHA,4433249,23.0,8.0,6.1
401705400,CHA,4592187,28.0,9.6,8.9
401705400,CHA,4683686,33.0,2.6,1.9
401705400,CHA,4683834,36.0,9.6,7.4
401705400,CHA,4701232,25.0,9.1,5.8
401705400,GSW,3975,24.0,11.2,9.8
401705400,GSW,6430,19.0,8.9,6.1
401705400,GSW,6589,23.0,18.0,12.9
401705400,GSW,2990984,20.0,12.0,9.7
401705400,GSW,3134903,14.0,14.5,12.9
401705400,GSW,3155535,13.0,4.8,3.7
401705400,GSW,4066889,8.0,4.0,3.7
401705400,GSW,4278075,15.0,15.1,12.2
401705400,GSW,4432171,23.0,10.3,10.8
401705400,GSW,4432957,10.0,3.0,2.8
401705400,GSW,4592714,10.0,4.0,3.7
401705400,GSW,4593016,18.0,4.3,3.3
401705400,GSW,4709138,25.0,10.5,8.8
401705400,GSW,4997536,19.0,6.0,4.2
401705401,DAL,6442,40.0,26.2,20.4
401705401,DAL,6475,30.0,17.6,16.1
401705401,DAL,2531367,16.0,2.6,2.1
401705401,DAL,2580782,27.0,7.7,6.7
401705401,DAL,3102528,11.0,4.5,3.6
401705401,DAL,4278078,35.0,1.0,-4.4
401705401,DAL,4278594,24.0,8.4,5.7
401705401,DAL,4397693,13.0,2.2,2.7
401705401,DAL,4432582,37.0,5.9,5.7
401705401,DAL,4595400,7.0,0.2,-0.7
401705401,LAL,1966,37.0,20.2,17.3
401705401,LAL,2578185,28.0,5.3,1.4
401705401,LAL,3137259,16.0,-2.2,-2.8
401705401,LAL,3945274,35.0,24.0,16.5
401705401,LAL,4066457,38.0,15.8,15.7
401705401,LAL,4066648,38.0,10.8,8.3
401705401,LAL,4278077,14.0,7.6,7.8
401705401,LAL,4278402,6.0,-0.1,-1.1
401705401,LAL,4397077,17.0,8.1,5.8
401705401,LAL,4897943,10.0,2.3,2.3
401705402,BOS,3213,30.0,10.3,5.3
401705402,BOS,3995,31.0,-1.2,-1.0
401705402,BOS,3078576,31.0,12.2,12.4
401705402,BOS,3102531,26.0,4.4,2.8
401705402,BOS,4065648,33.0,17.2,16.1
401705402,BOS,4065804,12.0,2.3,2.4
401705402,BOS,4066354,31.0,17.5,15.9
401705402,BOS,4277964,5.0,-0.7,-2.0
401705402,BOS,4397424,11.0,0.6,-0.3
401705402,BOS,4397689,5.0,2.7,1.7
401705402,BOS,4576085,5.0,2.3,2.3
401705402,BOS,4593841,5.0,-0.1,-0.1
401705402,BOS,4683689,15.0,-1.5,-0.7
401705402,DET,6440,34.0,16.9,13.2
401705402,DET,2528210,29.0,9.0,7.4
401705402,DET,3907822,22.0,24.9,22.3
401705402,DET,4066317,3.0,3.3,2.7
401705402,DET,4278562,3.0,1.3,1.0
401705402,DET,4432107,21.0,4.8,4.9
401705402,DET,4432166,34.0,13.6,13.6
401705402,DET,4432810,20.0,5.4,3.6
401705402,DET,4433621,26.0,15.2,13.3
401705402,DET,4683771,19.0,8.0,4.8
401705402,DET,4684742,27.0,8.0,2.0
401705402,DET,4906923,3.0,0.0,0.0
401705402,DET,5107199,2.0,-0.4,0.0
401705403,IND,3133628,29.0,20.2,16.5
401705403,IND,3149673,32.0,10.2,8.9
401705403,IND,3934723,19.0,6.5,4.4
401705403,IND,4278355,14.0,1.2,-1.8
401705403,IND,4395712,28.0,-2.0,-1.0
401705403,IND,4396909,24.0,6.5,6.5
401705403,IND,4396993,33.0,39.3,34.0
401705403,IND,4431941,4.0,-2.2,-1.7
401705403,IND,4433076,29.0,5.3,3.1
401705403,IND,4683634,24.0,5.8,4.3
401705403,IND,5106060,3.0,-0.5,-0.7
401705403,IND,5157066,3.0,1.0,0.0
401705403,TOR,3134908,24.0,8.5,7.3
401705403,TOR,3948153,19.0,-0.2,-2.1
401705403,TOR,4395625,32.0,8.8,9.0
401705403,TOR,4395724,30.0,14.3,14.1
401705403,TOR,4397018,31.0,3.4,2.3
401705403,TOR,4432241,20.0,-6.5,-5.6
401705403,TOR,4593049,12.0,11.9,8.9
401705403,TOR,4684272,23.0,1.3,-0.4
401705403,TOR,5106258,28.0,6.1,4.7
401705403,TOR,5107897,22.0,13.2,10.5
401705404,NYK,3062679,39.0,6.5,1.4
401705404,NYK,3064230,11.0,3.0,2.7
401705404,NYK,3147657,41.0,23.8,20.9
401705404,NYK,3914044,6.0,-1.1,-1.4
401705404,NYK,3934672,36.0,29.3,27.8
401705404,NYK,3934719,42.0,12.5,8.6
401705404,NYK,4431679,31.0,7.6,4.4
401705404,NYK,4431823,17.0,4.8,5.1
401705404,NYK,4871141,16.0,4.0,4.5
401705404,PHI,4251,42.0,17.1,13.5
401705404,PHI,6585,29.0,12.7,8.9
401705404,PHI,3133603,42.0,24.1,20.8
401705404,PHI,4277890,11.0,0.6,-0.4
401705404,PHI,4397014,21.0,1.2,-0.4
401705404,PHI,4431678,44.0,17.4,15.6
401705404,PHI,4701234,6.0,2.0,0.7
401705404,PHI,4711297,28.0,3.1,3.0
401705404,PHI,5105637,17.0,4.6,3.7
401705405,POR,2991070,37.0,8.6,5.8
401705405,POR,4351851,36.0,10.8,8.4
401705405,POR,4397885,11.0,4.0,3.1
401705405,POR,4431736,32.0,11.1,10.5
401705405,POR,4432446,19.0,10.9,11.5
401705405,POR,4594326,24.0,11.6,9.4
401705405,POR,4683021,6.0,1.9,2.0
401705405,POR,4683678,26.0,9.2,8.6
401705405,POR,4914336,33.0,26.4,24.4
401705405,POR,5105565,18.0,5.7,5.2
401705405,WAS,6609,24.0,6.7,5.6
401705405,WAS,2990992,20.0,5.0,5.0
401705405,WAS,2993370,19.0,19.0,19.7
401705405,WAS,4277956,31.0,18.2,16.8
401705405,WAS,4280151,26.0,13.2,13.6
401705405,WAS,4432907,12.0,1.6,-2.3
401705405,WAS,4845374,26.0,10.2,6.1
401705405,WAS,4997537,19.0,3.1,2.6
401705405,WAS,5104155,35.0,12.9,10.0
401705405,WAS,5174563,27.0,4.0,2.4
401705406,BKN,3138196,33.0,18.3,17.5
401705406,BKN,4397179,19.0,-0.1,-0.4
401705406,BKN,4431675,18.0,-0.8,-1.0
401705406,BKN,4431714,18.0,4.8,6.4
401705406,BKN,4432187,14.0,-1.2,-2.4
401705406,BKN,4432192,29.0,14.4,12.4
401705406,BKN,4432194,31.0,32.5,27.6
401705406,BKN,4433137,29.0,11.5,9.6
401705406,BKN,4597865,15.0,5.1,4.9
401705406,BKN,4683024,34.0,14.6,15.6
401705406,OKC,2991350,20.0,7.0,6.5
401705406,OKC,4222252,24.0,10.8,10.8
401705406,OKC,4278073,34.0,26.0,23.6
401705406,OKC,4395702,12.0,-0.8,-0.7
401705406,OKC,4397020,21.0,-1.6,-2.1
401705406,OKC,4397183,29.0,18.1,17.6
401705406,OKC,4432823,5.0,0.6,0.0
401705406,OKC,4433255,32.0,29.2,21.6
401705406,OKC,4593803,34.0,14.6,14.7
401705406,OKC,4683692,30.0,9.5,6.8
401705407,ATL,2990969,24.0,3.5,1.6
401705407,ATL,2991043,32.0,13.6,11.4
401705407,ATL,3102529,16.0,7.3,6.8
401705407,ATL,3907823,29.0,12.5,11.8
401705407,ATL,4277905,36.0,11.6,11.8
401705407,ATL,4431680,32.0,11.3,8.1
401705407,ATL,4712863,12.0,2.2,3.4
401705407,ATL,4869342,33.0,18.2,15.7
401705407,ATL,5211175,26.0,7.8,8.1
401705407,MIA,6429,5.0,-1.4,-1.4
401705407,MIA,2993874,2.0,-0.4,0.0
401705407,MIA,3059319,29.0,12.9,10.3
401705407,MIA,3157465,33.0,19.5,18.3
401705407,MIA,4066261,35.0,17.1,15.6
401705407,MIA,4278053,37.0,21.0,19.4
401705407,MIA,4291678,27.0,19.8,18.4
401705407,MIA,4395725,34.0,23.4,20.2
401705407,MIA,4432848,8.0,1.7,1.4
401705407,MIA,4601025,1.0,0.0,0.0
401705407,MIA,5105623,29.0,13.8,10.9
401705408,CHI,4066372,28.0,4.8,4.6
401705408,CHI,4066421,28.0,16.4,13.9
401705408,CHI,4066650,38.0,24.2,20.4
401705408,CHI,4395626,18.0,15.9,14.6
401705408,CHI,4395651,31.0,10.4,10.7
401705408,CHI,4433159,18.0,6.3,4.3
401705408,CHI,4711294,26.0,1.9,1.7
401705408,CHI,4871145,37.0,21.2,18.8
401705408,CHI,5105553,16.0,-1.8,-2.4
401705408,LAC,3416,17.0,0.9,-0.7
401705408,LAC,3992,36.0,19.7,18.5
401705408,LAC,6450,33.0,16.9,10.8
401705408,LAC,2991139,27.0,6.5,4.7
401705408,LAC,3037789,25.0,11.4,12.3
401705408,LAC,3907387,18.0,11.1,9.0
401705408,LAC,3914285,4.0,3.6,2.4
401705408,LAC,3936099,23.0,14.9,12.8
401705408,LAC,4017837,30.0,11.5,8.8
401705408,LAC,4066387,27.0,18.1,16.5
401705409,SAC,3978,34.0,22.5,18.7
401705409,SAC,6477,14.0,15.8,15.0
401705409,SAC,3064440,38.0,14.5,12.1
401705409,SAC,3155942,34.0,9.3,6.1
401705409,SAC,4066262,35.0,11.9,8.5
401705409,SAC,4066636,4.0,0.3,0.0
401705409,SAC,4592691,15.0,-4.7,-3.1
401705409,SAC,4594327,33.0,22.6,20.1
401705409,SAC,4702177,33.0,13.1,10.2
401705409,UTA,2528426,31.0,-4.6,-6.2
401705409,UTA,4431828,34.0,16.1,14.9
401705409,UTA,4432164,11.0,7.7,5.1
401705409,UTA,4432817,16.0,7.3,7.0
401705409,UTA,4433136,34.0,30.9,26.1
401705409,UTA,4433627,33.0,6.3,4.7
401705409,UTA,4683766,26.0,12.6,10.4
401705409,UTA,4684793,14.0,5.3,7.0
401705409,UTA,4895758,18.0,-2.3,-1.8
401705409,UTA,5105839,23.0,6.5,5.3
401705410,HOU,3209,20.0,8.7,9.1
401705410,HOU,2991235,19.0,8.8,4.5
401705410,HOU,3136777,24.0,6.9,6.1
401705410,HOU,3146557,8.0,3.9,3.3
401705410,HOU,3155526,29.0,14.8,13.4
401705410,HOU,3922230,16.0,-0.1,-0.4
401705410,HOU,4397821,5.0,-1.8,-1.4
401705410,HOU,4432639,32.0,2.2,0.5
401705410,HOU,4437244,28.0,14.2,12.5
401705410,HOU,4684740,30.0,24.9,23.6
401705410,HOU,4711272,6.0,2.0,1.7
401705410,HOU,4871144,19.0,10.4,8.1
401705410,HOU,5105592,5.0,-1.0,-1.0
401705410,SAS,2779,22.0,5.0,3.4
401705410,SAS,6427,14.0,3.6,3.4
401705410,SAS,6578,18.0,1.2,1.3
401705410,SAS,3134916,5.0,3.1,2.1
401705410,SAS,4066259,28.0,0.7,-0.1
401705410,SAS,4278580,20.0,9.0,6.3
401705410,SAS,4395630,24.0,5.5,4.0
401705410,SAS,4395723,29.0,19.8,17.9
401705410,SAS,4565201,6.0,-0.1,-0.7
401705410,SAS,4592479,21.0,10.0,7.4
401705410,SAS,4610139,12.0,4.8,4.0
401705410,SAS,4683935,11.0,5.2,5.3
401705410,SAS,4845367,30.0,19.2,16.1
401705411,GSW,3975,34.0,46.2,43.0
401705411,GSW,6430,32.0,5.3,4.4
401705411,GSW,6589,32.0,9.2,7.7
401705411,GSW,2990984,18.0,3.7,2.0
401705411,GSW,3134903,17.0,6.6,4.0
401705411,GSW,3155535,14.0,3.2,2.8
401705411,GSW,4278075,5.0,-0.8,0.0
401705411,GSW,4432171,25.0,7.1,6.9
401705411,GSW,4593016,24.0,17.6,15.9
401705411,GSW,4709138,32.0,6.5,4.7
401705411,GSW,4997536,7.0,1.6,1.0
401705411,ORL,2581018,34.0,-1.7,-1.4
401705411,ORL,4065654,13.0,7.3,6.5
401705411,ORL,4277847,27.0,9.0,7.3
401705411,ORL,4348700,22.0,7.7,7.9
401705411,ORL,4432573,36.0,28.0,25.8
401705411,ORL,4432809,26.0,13.0,10.9
401705411,ORL,4566434,39.0,17.8,15.4
401705411,ORL,4702382,3.0,1.7,1.7
401705411,ORL,4712849,20.0,2.8,0.9
401705411,ORL,5105806,20.0,3.2,2.7
401705412,DEN,3442,10.0,3.2,2.4
401705412,DEN,3468,25.0,7.8,6.4
401705412,DEN,3064290,33.0,3.7,1.6
401705412,DEN,3112335,38.0,31.2,27.9
401705412,DEN,3936299,40.0,13.4,11.8
401705412,DEN,4278104,35.0,5.3,3.9
401705412,DEN,4431690,9.0,4.0,2.4
401705412,DEN,4431767,31.0,13.2,10.1
401705412,DEN,4432181,20.0,6.0,6.4
401705412,MIL,3448,37.0,15.0,15.0
401705412,MIL,6606,35.0,17.1,14.2
401705412,MIL,2990962,30.0,10.2,7.4
401705412,MIL,3032977,33.0,24.0,19.4
401705412,MIL,3134907,37.0,14.1,10.3
401705412,MIL,4277843,24.0,15.5,12.2
401705412,MIL,4277922,11.0,1.2,0.3
401705412,MIL,4397140,13.0,-0.1,0.0
401705412,MIL,4397475,20.0,5.9,5.4
401705413,CHA,3986,4.0,3.1,3.1
401705413,CHA,2326307,14.0,-0.5,-1.1
401705413,CHA,3913220,17.0,3.0,1.6
401705413,CHA,4066383,40.0,10.1,7.0
401705413,CHA,4431766,22.0,-3.8,-4.1
401705413,CHA,4432811,36.0,4.0,4.6
401705413,CHA,4433249,13.0,6.9,6.1
401705413,CHA,4683686,33.0,9.6,9.8
401705413,CHA,4683834,31.0,11.1,8.2
401705413,CHA,4701232,31.0,21.2,18.9
401705413,DAL,6442,38.0,19.4,14.8
401705413,DAL,6475,28.0,14.0,12.3
401705413,DAL,2531367,16.0,8.1,7.9
401705413,DAL,2580782,23.0,4.5,2.9
401705413,DAL,3102528,25.0,16.7,11.5
401705413,DAL,4278594,33.0,0.6,-1.1
401705413,DAL,4397126,31.0,20.3,14.8
401705413,DAL,4397693,5.0,-0.1,-0.4
401705413,DAL,4432582,34.0,8.2,6.4
401705413,DAL,4595400,4.0,-0.8,-2.1
401705413,DAL,4868423,3.0,-1.4,-1.4
401705414,NOP,2490149,35.0,11.8,12.0
401705414,NOP,4277869,20.0,16.1,13.2
401705414,NOP,4278572,10.0,0.2,0.6
401705414,NOP,4395628,31.0,30.4,27.6
401705414,NOP,4397688,36.0,8.6,7.5
401705414,NOP,4432813,21.0,5.9,4.4
401705414,NOP,4683750,23.0,6.9,4.4
401705414,NOP,4997538,36.0,14.8,13.5
401705414,NOP,5061589,29.0,9.8,8.7
401705414,PHX,3202,36.0,18.5,16.1
401705414,PHX,2488653,17.0,6.8,5.0
401705414,PHX,2583632,11.0,4.6,4.7
401705414,PHX,3135045,16.0,-3.6,-4.5
401705414,PHX,3135046,39.0,23.0,20.5
401705414,PHX,3136193,42.0,26.3,25.3
401705414,PHX,4278076,31.0,13.9,11.4
401705414,PHX,4278585,4.0,2.0,2.0
401705414,PHX,4397102,29.0,12.9,10.1
401705414,PHX,4683749,3.0,-1.5,-0.7
401705414,PHX,4888725,14.0,-2.2,-2.8
401705415,LAL,1966,37.0,30.1,25.2
401705415,LAL,2578185,31.0,1.4,2.0
401705415,LAL,3137259,20.0,0.1,0.2
401705415,LAL,3945274,36.0,12.2,9.7
401705415,LAL,4066457,38.0,20.9,19.2
401705415,LAL,4066648,18.0,4.3,3.7
401705415,LAL,4278077,13.0,3.4,3.6
401705415,LAL,4278402,13.0,6.3,4.4
401705415,LAL,4397077,23.0,11.1,9.7
401705415,LAL,4897943,11.0,-2.3,-2.2
401705415,MIN,3195,26.0,13.1,11.2
401705415,MIN,3934673,23.0,11.5,10.2
401705415,MIN,4277951,5.0,3.3,2.0
401705415,MIN,4278039,35.0,7.9,6.8
401705415,MIN,4396971,31.0,-2.0,-2.8
401705415,MIN,4431671,37.0,8.3,6.5
401705415,MIN,4432247,17.0,-0.7,1.3
401705415,MIN,4432847,29.0,17.2,17.2
401705415,MIN,4594268,26.0,17.9,15.5
401705415,MIN,4684275,12.0,1.6,1.4
401705416,DEN,3442,10.0,3.1,2.3
401705416,DEN,3468,21.0,3.4,2.7
401705416,DEN,3032978,4.0,2.0,2.0
401705416,DEN,3112335,34.0,26.8,20.1
401705416,DEN,3936299,35.0,23.6,20.7
401705416,DEN,4278104,38.0,22.5,21.6
401705416,DEN,4395620,4.0,-0.4,0.0
401705416,DEN,4398390,8.0,-0.4,-0.3
401705416,DEN,4431690,21.0,9.9,9.4
401705416,DEN,4431767,35.0,21.5,19.3
401705416,DEN,4432181,27.0,1.9,0.6
401705416,DEN,4592427,4.0,-0.1,0.0
401705416,DET,6440,26.0,9.3,8.8
401705416,DET,2528210,17.0,4.2,4.3
401705416,DET,3032979,24.0,9.8,8.3
401705416,DET,3899664,13.0,9.3,8.3
401705416,DET,3907822,26.0,10.7,8.6
401705416,DET,4066317,4.0,-2.4,-2.4
401705416,DET,4278562,12.0,10.0,7.5
401705416,DET,4432107,4.0,6.1,6.1
401705416,DET,4432166,28.0,7.0,5.3
401705416,DET,4432810,20.0,6.9,6.3
401705416,DET,4433621,16.0,8.3,7.4
401705416,DET,4683771,20.0,7.5,7.1
401705416,DET,4684742,26.0,17.2,11.9
401705416,DET,4906923,4.0,0.3,0.0
401705417,ATL,2990969,28.0,9.0,8.2
401705417,ATL,2991043,27.0,17.0,14.5
401705417,ATL,3102529,11.0,-0.4,-1.0
401705417,ATL,3907823,26.0,12.5,12.6
401705417,ATL,4277905,35.0,20.1,16.6
401705417,ATL,4279118,2.0,2.7,2.7
401705417,ATL,4431680,35.0,20.4,18.0
401705417,ATL,4712863,10.0,2.3,1.0
401705417,ATL,4869342,32.0,9.9,6.0
401705417,ATL,4870562,2.0,1.0,0.0
401705417,ATL,5211175,32.0,1.7,0.9
401705417,OKC,3133626,19.0,5.3,5.2
401705417,OKC,4222252,27.0,16.1,13.0
401705417,OKC,4278073,34.0,25.1,22.2
401705417,OKC,4395702,11.0,6.8,8.0
401705417,OKC,4397020,32.0,16.8,15.1
401705417,OKC,4397183,26.0,11.4,10.5
401705417,OKC,4397654,1.0,2.7,2.7
401705417,OKC,4432823,13.0,7.0,5.5
401705417,OKC,4433255,15.0,4.5,3.3
401705417,OKC,4593803,33.0,16.3,14.5
401705417,OKC,4683692,28.0,6.8,5.1
401705418,BOS,3213,38.0,5.9,4.1
401705418,BOS,2528693,3.0,0.0,0.0
401705418,BOS,3064560,19.0,2.1,0.4
401705418,BOS,3078576,41.0,14.2,12.1
401705418,BOS,3917376,34.0,24.1,25.4
401705418,BOS,4065648,41.0,37.9,34.1
401705418,BOS,4065804,38.0,3.7,3.3
401705418,BOS,4066354,25.0,2.9,2.7
401705418,BOS,4397689,1.0,0.0,0.0
401705418,CLE,3908809,35.0,30.6,29.1
401705418,CLE,3912848,19.0,3.5,3.7
401705418,CLE,4065732,29.0,10.5,8.7
401705418,CLE,4065733,21.0,6.9,5.0
401705418,CLE,4065778,22.0,2.5,2.4
401705418,CLE,4066328,24.0,11.1,10.6
401705418,CLE,4066757,18.0,5.0,4.1
401705418,CLE,4396907,32.0,12.7,12.1
401705418,CLE,4432158,29.0,15.4,14.2
401705418,CLE,4432822,12.0,4.2,3.0
401705419,BKN,3138196,24.0,10.5,8.4
401705419,BKN,4278067,23.0,15.7,15.2
401705419,BKN,4397179,25.0,5.0,2.4
401705419,BKN,4431675,16.0,1.3,-0.4
401705419,BKN,4431714,23.0,3.8,3.9
401705419,BKN,4432174,21.0,5.2,6.0
401705419,BKN,4432187,11.0,0.2,-2.4
401705419,BKN,4432192,30.0,5.8,5.0
401705419,BKN,4432194,19.0,5.4,6.2
401705419,BKN,4433137,10.0,4.7,3.7
401705419,BKN,4683024,30.0,16.5,14.6
401705419,BKN,4684286,6.0,-0.1,-1.0
401705419,POR,4066268,3.0,-0.7,-0.7
401705419,POR,4351851,31.0,13.2,11.6
401705419,POR,4397885,25.0,18.5,15.8
401705419,POR,4431736,36.0,14.8,14.1
401705419,POR,4432446,17.0,7.5,5.8
401705419,POR,4594326,30.0,9.3,6.1
401705419,POR,4683678,27.0,12.6,9.2
401705419,POR,4914336,36.0,19.6,19.2
401705419,POR,5081727,4.0,-1.4,-1.0
401705419,POR,5099752,4.0,-2.5,-1.7
401705419,POR,5105565,28.0,11.0,9.6
401705420,IND,2530530,13.0,5.1,4.1
401705420,IND,3133628,35.0,20.0,17.1
401705420,IND,3149673,32.0,29.1,26.8
401705420,IND,3934723,13.0,5.2,6.1
401705420,IND,4278355,16.0,4.3,4.4
401705420,IND,4395712,37.0,14.7,12.1
401705420,IND,4396909,35.0,6.9,5.4
401705420,IND,4396993,36.0,21.9,17.7
401705420,IND,4433076,15.0,3.6,3.1
401705420,IND,5106060,7.0,0.0,0.0
401705420,MIA,6429,21.0,6.9,6.4
401705420,MIA,2993874,6.0,2.3,2.4
401705420,MIA,3074752,11.0,2.9,3.4
401705420,MIA,3157465,29.0,18.9,17.7
401705420,MIA,4066261,31.0,20.8,17.7
401705420,MIA,4278053,37.0,11.5,10.3
401705420,MIA,4291678,29.0,10.0,7.8
401705420,MIA,4395725,34.0,21.4,20.8
401705420,MIA,4432848,14.0,11.5,9.9
401705420,MIA,5105623,28.0,10.5,6.8
401705421,CHI,4066372,28.0,12.6,11.0
401705421,CHI,4066421,34.0,8.3,7.7
401705421,CHI,4066650,40.0,18.9,15.6
401705421,CHI,4395626,12.0,10.1,9.5
401705421,CHI,4395651,37.0,18.4,14.0
401705421,CHI,4397002,23.0,8.4,6.7
401705421,CHI,4397189,13.0,3.1,1.0
401705421,CHI,4433159,4.0,-1.1,-0.7
401705421,CHI,4711294,25.0,5.9,5.1
401705421,CHI,4871145,40.0,19.8,16.9
401705421,CHI,5105553,8.0,3.0,2.7
401705421,TOR,3134908,22.0,9.4,6.9
401705421,TOR,4395625,40.0,12.6,11.9
401705421,TOR,4395724,32.0,14.4,15.3
401705421,TOR,4397018,1.0,2.7,2.7
401705421,TOR,4432241,23.0,0.0,0.6
401705421,TOR,4433134,36.0,21.4,19.0
401705421,TOR,4593049,24.0,10.5,8.7
401705421,TOR,4684272,22.0,4.2,5.1
401705421,TOR,5106258,35.0,8.9,7.2
401705421,TOR,5107897,28.0,0.8,-0.7
401705422,MEM,3906665,17.0,12.8,12.7
401705422,MEM,3913174,24.0,3.7,3.4
401705422,MEM,4066320,35.0,17.5,15.3
401705422,MEM,4277961,34.0,12.0,9.2
401705422,MEM,4279888,31.0,15.1,14.1
401705422,MEM,4397227,20.0,6.9,4.8
401705422,MEM,4431785,12.0,-1.9,-1.0
401705422,MEM,4593125,21.0,6.0,5.4
401705422,MEM,4600663,24.0,14.3,12.3
401705422,MEM,5112087,22.0,1.2,1.7
401705422,NYK,3062679,29.0,10.3,9.4
401705422,NYK,3064230,12.0,3.2,1.0
401705422,NYK,3136195,31.0,6.1,5.6
401705422,NYK,3147657,33.0,11.3,9.7
401705422,NYK,3914044,16.0,6.8,5.8
401705422,NYK,3934672,36.0,17.9,12.8
401705422,NYK,3934719,38.0,16.1,13.4
401705422,NYK,4351852,12.0,6.6,5.8
401705422,NYK,4431679,4.0,1.9,2.7
401705422,NYK,4431823,28.0,18.2,15.6
401705423,NOP,2489663,27.0,9.0,8.5
401705423,NOP,4065670,29.0,7.5,5.7
401705423,NOP,4277869,23.0,3.5,3.0
401705423,NOP,4278572,12.0,7.0,4.0
401705423,NOP,4397688,35.0,9.0,7.2
401705423,NOP,4432813,15.0,7.0,6.7
401705423,NOP,4592686,21.0,8.2,8.1
401705423,NOP,4683750,31.0,21.6,17.9
401705423,NOP,4997538,22.0,-2.6,-3.1
401705423,NOP,5061589,26.0,20.3,19.0
401705423,PHX,3202,35.0,17.8,15.7
401705423,PHX,2488653,17.0,7.7,6.1
401705423,PHX,2583632,26.0,15.7,15.2
401705423,PHX,3135046,32.0,6.0,4.7
401705423,PHX,3136193,37.0,15.4,15.6
401705423,PHX,4278076,29.0,17.8,14.2
401705423,PHX,4278585,18.0,9.3,8.9
401705423,PHX,4397102,26.0,22.5,21.3
401705423,PHX,4601023,2.0,0.3,0.0
401705423,PHX,4683749,2.0,-1.7,-1.7
401705423,PHX,4888725,17.0,-0.6,0.3
401705424,MIN,3195,24.0,5.0,4.1
401705424,MIN,3934673,26.0,12.0,8.0
401705424,MIN,4277951,18.0,14.9,12.9
401705424,MIN,4278039,35.0,9.3,7.7
401705424,MIN,4396971,41.0,22.0,17.4
401705424,MIN,4431671,35.0,18.9,15.3
401705424,MIN,4432247,16.0,5.6,3.4
401705424,MIN,4432847,28.0,13.6,12.4
401705424,MIN,4684275,18.0,7.7,4.5
401705424,UTA,3908845,27.0,22.8,20.6
401705424,UTA,4277811,17.0,9.7,9.4
401705424,UTA,4431828,22.0,11.4,8.8
401705424,UTA,4432164,10.0,-1.8,-1.7
401705424,UTA,4432817,21.0,2.1,0.3
401705424,UTA,4433136,26.0,13.5,8.1
401705424,UTA,4433627,25.0,8.1,7.2
401705424,UTA,4683766,30.0,10.9,10.4
401705424,UTA,4684793,22.0,6.7,5.5
401705424,UTA,4895758,18.0,4.2,5.0
401705424,UTA,5105839,23.0,10.9,10.8
401705425,LAC,3416,9.0,0.9,1.3
401705425,LAC,3992,39.0,10.4,6.3
401705425,LAC,6450,38.0,14.4,12.2
401705425,LAC,2991139,29.0,18.8,14.7
401705425,LAC,3037789,20.0,0.1,0.5
401705425,LAC,3907387,16.0,3.9,4.5
401705425,LAC,3936099,29.0,5.6,4.4
401705425,LAC,4017837,38.0,24.6,22.5
401705425,LAC,4066387,22.0,-0.6,-1.1
401705425,LAL,1966,37.0,21.1,16.5
401705425,LAL,2578185,31.0,8.4,6.5
401705425,LAL,3137259,26.0,10.4,5.4
401705425,LAL,3945274,35.0,18.3,17.0
401705425,LAL,4066457,9.0,4.7,4.0
401705425,LAL,4278077,15.0,4.4,2.6
401705425,LAL,4278402,21.0,7.6,4.8
401705425,LAL,4395623,22.0,5.4,4.0
401705425,LAL,4397077,26.0,4.0,2.7
401705425,LAL,4897943,18.0,5.2,5.4
401705426,CHA,3913220,11.0,-0.5,0.0
401705426,CHA,4066383,36.0,16.5,15.3
401705426,CHA,4066668,8.0,1.1,1.1
401705426,CHA,4431766,20.0,9.0,4.4
401705426,CHA,4432811,32.0,15.6,12.1
401705426,CHA,4432816,32.0,6.5,6.3
401705426,CHA,4433249,13.0,4.6,2.0
401705426,CHA,4683686,38.0,3.0,2.6
401705426,CHA,4701232,34.0,23.3,19.1
401705426,CHA,5211176,15.0,-1.5,-2.1
401705426,WAS,6609,24.0,16.4,13.6
401705426,WAS,2990992,20.0,8.6,7.1
401705426,WAS,2993370,22.0,17.2,14.6
401705426,WAS,4066731,1.0,0.0,0.0
401705426,WAS,4280151,25.0,11.4,9.2
401705426,WAS,4432907,22.0,16.1,10.5
401705426,WAS,4845374,32.0,10.5,8.0
401705426,WAS,5104155,34.0,12.5,10.0
401705426,WAS,5160992,26.0,7.2,5.0
401705426,WAS,5174563,35.0,8.3,5.5
401705427,BKN,3138196,30.0,-1.4,-2.5
401705427,BKN,4278067,24.0,9.2,6.0
401705427,BKN,4397179,23.0,20.2,19.5
401705427,BKN,4431714,26.0,13.5,13.4
401705427,BKN,4432187,27.0,1.7,-0.8
401705427,BKN,4432192,30.0,4.0,1.9
401705427,BKN,4432194,19.0,7.4,4.2
401705427,BKN,4433137,26.0,4.2,3.2
401705427,BKN,4683024,26.0,3.5,2.0
401705427,BKN,4684286,10.0,1.1,1.3
401705427,DET,6440,32.0,14.3,11.4
401705427,DET,2528210,22.0,4.8,5.3
401705427,DET,3032979,18.0,6.7,6.2
401705427,DET,3899664,14.0,1.2,0.4
401705427,DET,3907822,24.0,11.7,11.7
401705427,DET,4066317,4.0,-1.1,-0.7
401705427,DET,4278562,4.0,0.6,0.0
401705427,DET,4432107,4.0,1.9,2.7
401705427,DET,4432166,32.0,13.9,12.6
401705427,DET,4432810,14.0,0.3,-1.4
401705427,DET,4433621,30.0,21.8,14.6
401705427,DET,4683771,16.0,10.4,9.2
401705427,DET,4684742,23.0,11.2,10.5
401705427,DET,4906923,3.0,0.0,-1.0
401705428,HOU,2991230,35.0,4.4,0.3
401705428,HOU,2991235,8.0,2.0,1.7
401705428,HOU,3155526,30.0,4.4,3.2
401705428,HOU,3922230,9.0,6.7,6.4
401705428,HOU,4432639,20.0,3.6,2.3
401705428,HOU,4433192,23.0,10.8,10.5
401705428,HOU,4437244,37.0,14.2,13.7
401705428,HOU,4684740,41.0,4.8,3.1
401705428,HOU,4871144,37.0,21.6,20.3
401705428,SAC,3978,40.0,12.4,13.7
401705428,SAC,6477,30.0,20.8,14.0
401705428,SAC,3064440,37.0,14.6,11.1
401705428,SAC,3136196,17.0,6.2,4.3
401705428,SAC,3155942,1.0,0.6,0.6
401705428,SAC,4066262,34.0,8.6,7.5
401705428,SAC,4066636,4.0,5.1,5.1
401705428,SAC,4592691,16.0,3.5,3.0
401705428,SAC,4594327,33.0,11.2,9.4
401705428,SAC,4702177,27.0,15.1,9.8
401705429,MEM,3134932,17.0,-0.1,-2.7
401705429,MEM,3913174,24.0,15.8,12.6
401705429,MEM,4065731,3.0,0.7,0.0
401705429,MEM,4066405,16.0,3.8,3.3
401705429,MEM,4277961,35.0,33.3,30.2
401705429,MEM,4431785,28.0,9.5,9.2
401705429,MEM,4433083,5.0,-1.1,-0.7
401705429,MEM,4593125,37.0,17.0,14.0
401705429,MEM,4600663,26.0,17.5,15.7
401705429,MEM,5105550,10.0,3.6,3.7
401705429,MEM,5112087,39.0,13.3,13.1
401705429,SAS,2779,20.0,10.4,9.6
401705429,SAS,6427,18.0,5.5,4.1
401705429,SAS,6578,18.0,2.0,2.0
401705429,SAS,4066259,35.0,14.2,12.8
401705429,SAS,4395630,33.0,13.3,11.0
401705429,SAS,4395723,30.0,12.1,9.9
401705429,SAS,4592479,23.0,15.7,13.2
401705429,SAS,4610139,30.0,20.5,19.1
401705429,SAS,4845367,32.0,20.2,19.9
401705430,GSW,3975,36.0,28.6,27.2
401705430,GSW,6589,36.0,9.7,9.5
401705430,GSW,2990984,17.0,2.4,1.4
401705430,GSW,3134903,23.0,16.4,15.3
401705430,GSW,3155535,12.0,8.3,8.5
401705430,GSW,4278075,7.0,-0.1,-0.1
401705430,GSW,4432171,38.0,7.1,5.2
401705430,GSW,4592714,3.0,-1.1,-1.4
401705430,GSW,4593016,25.0,9.8,7.3
401705430,GSW,4709138,25.0,2.5,1.0
401705430,GSW,4997536,17.0,14.4,12.6
401705430,PHI,4251,39.0,14.0,10.8
401705430,PHI,6585,21.0,10.9,9.8
401705430,PHI,3133603,42.0,13.1,11.9
401705430,PHI,4017844,27.0,17.3,16.2
401705430,PHI,4066786,14.0,5.8,5.8
401705430,PHI,4277890,6.0,1.0,1.0
401705430,PHI,4397014,37.0,35.4,31.4
401705430,PHI,4431678,40.0,4.6,2.4
401705430,PHI,4711297,16.0,1.4,2.7
401705431,DAL,6442,38.0,22.3,21.4
401705431,DAL,6475,29.0,10.5,9.7
401705431,DAL,2531367,12.0,3.2,2.4
401705431,DAL,2580782,20.0,6.8,7.6
401705431,DAL,3102528,11.0,0.0,1.3
401705431,DAL,4278078,15.0,-1.9,-2.2
401705431,DAL,4278594,30.0,8.3,3.8
401705431,DAL,4397126,22.0,16.8,17.0
401705431,DAL,4432582,27.0,4.9,3.7
401705431,DAL,4595400,14.0,2.0,1.7
401705431,DAL,4868423,22.0,13.7,14.2
401705431,MIL,3448,29.0,14.5,13.3
401705431,MIL,6606,36.0,23.9,20.5
401705431,MIL,2990962,31.0,9.7,8.8
401705431,MIL,3032977,32.0,33.4,29.7
401705431,MIL,3134907,32.0,5.6,3.3
401705431,MIL,4277843,30.0,13.9,14.1
401705431,MIL,4277922,19.0,7.0,4.9
401705431,MIL,4397140,12.0,10.3,8.4
401705431,MIL,4397475,19.0,2.7,4.0
401705432,BOS,3213,35.0,17.6,13.5
401705432,BOS,2528693,6.0,0.1,-0.1
401705432,BOS,3064560,31.0,8.3,8.4
401705432,BOS,3078576,33.0,14.2,12.4
401705432,BOS,3917376,37.0,18.2,14.1
401705432,BOS,4065648,38.0,6.9,5.6
401705432,BOS,4065804,17.0,8.1,6.8
401705432,BOS,4066354,26.0,9.7,9.8
401705432,BOS,4397424,17.0,9.4,8.9
401705432,DEN,3442,9.0,1.6,1.3
401705432,DEN,3468,36.0,8.5,6.4
401705432,DEN,3112335,39.0,24.0,19.5
401705432,DEN,3936299,40.0,20.7,19.7
401705432,DEN,4278104,40.0,6.2,4.5
401705432,DEN,4398390,8.0,3.0,2.7
401705432,DEN,4431690,8.0,2.1,2.7
401705432,DEN,4431767,47.0,19.0,13.7
401705432,DEN,4432181,14.0,0.2,0.6
401705433,CLE,3912848,20.0,4.3,4.4
401705433,CLE,4065732,32.0,25.6,24.7
401705433,CLE,4065733,36.0,26.6,20.2
401705433,CLE,4065778,36.0,8.8,7.0
401705433,CLE,4066328,26.0,15.7,12.0
401705433,CLE,4066757,21.0,7.6,6.7
401705433,CLE,4396907,39.0,6.3,6.6
401705433,CLE,4432158,32.0,11.0,10.9
401705433,CLE,4432822,19.0,2.5,2.0
401705433,CLE,4701233,5.0,1.4,0.4
401705433,POR,4066268,21.0,6.5,4.0
401705433,POR,4351851,42.0,13.3,13.5
401705433,POR,4397885,17.0,4.0,4.5
401705433,POR,4431736,43.0,17.0,12.9
401705433,POR,4432446,8.0,0.6,0.7
401705433,POR,4594326,10.0,-1.6,-1.4
401705433,POR,4683021,42.0,28.5,26.8
401705433,POR,4683678,33.0,12.0,11.7
401705433,POR,4914336,39.0,9.0,7.6
401705433,POR,5105565,11.0,3.5,4.3
401705434,CHI,3133635,14.0,1.5,1.0
401705434,CHI,4066650,29.0,12.4,11.9
401705434,CHI,4395626,27.0,10.8,12.0
401705434,CHI,4395651,34.0,17.8,15.8
401705434,CHI,4396991,15.0,6.2,3.7
401705434,CHI,4397189,18.0,10.9,8.5
401705434,CHI,4433159,19.0,-1.5,-1.4
401705434,CHI,4711294,30.0,14.6,12.5
401705434,CHI,4871145,34.0,14.7,13.3
401705434,CHI,5105553,20.0,3.2,2.3
401705434,IND,3999,1.0,0.0,0.0
401705434,IND,2530530,16.0,12.2,10.9
401705434,IND,3133628,31.0,13.1,10.0
401705434,IND,3149673,31.0,14.0,12.3
401705434,IND,3934723,16.0,3.6,3.0
401705434,IND,4065673,1.0,0.0,0.0
401705434,IND,4278355,16.0,4.1,3.4
401705434,IND,4395712,37.0,12.7,10.9
401705434,IND,4396909,29.0,19.8,20.1
401705434,IND,4396993,31.0,23.3,19.5
401705434,IND,4433076,21.0,7.4,7.4
401705434,IND,5106060,9.0,2.7,2.7
401705434,IND,5157066,1.0,0.0,0.0
401705435,MIA,6429,25.0,13.1,11.2
401705435,MIA,2993874,6.0,1.9,1.7
401705435,MIA,3074752,16.0,4.6,3.3
401705435,MIA,3157465,32.0,7.6,7.1
401705435,MIA,4066261,42.0,24.9,24.0
401705435,MIA,4278053,37.0,8.4,6.4
401705435,MIA,4291678,37.0,3.4,4.4
401705435,MIA,4395725,41.0,14.1,13.3
401705435,MIA,5105623,29.0,13.7,8.2
401705435,NYK,3062679,43.0,12.3,9.5
401705435,NYK,3064230,10.0,6.7,5.8
401705435,NYK,3136195,40.0,15.8,13.1
401705435,NYK,3147657,28.0,5.3,4.4
401705435,NYK,3914044,14.0,1.2,2.0
401705435,NYK,3934672,42.0,21.0,19.8
401705435,NYK,3934719,43.0,23.7,18.2
401705435,NYK,4351852,13.0,3.4,3.1
401705435,NYK,4431823,30.0,6.4,6.6
401705436,ORL,6446,10.0,5.3,4.7
401705436,ORL,2581018,39.0,8.5,7.8
401705436,ORL,4065654,9.0,0.9,-0.1
401705436,ORL,4277847,32.0,14.1,12.5
401705436,ORL,4348700,16.0,-1.3,-1.1
401705436,ORL,4432573,39.0,18.8,17.7
401705436,ORL,4432809,23.0,-1.8,-1.8
401705436,ORL,4566434,37.0,18.6,18.1
401705436,ORL,4702382,6.0,2.6,2.4
401705436,ORL,4712849,14.0,2.3,3.2
401705436,ORL,5105806,14.0,3.6,3.7
401705436,TOR,3134908,26.0,17.5,16.3
401705436,TOR,4067017,14.0,-3.2,-2.4
401705436,TOR,4395625,33.0,13.9,12.6
401705436,TOR,4395724,33.0,15.5,16.4
401705436,TOR,4432241,17.0,11.6,10.1
401705436,TOR,4433134,29.0,5.4,5.1
401705436,TOR,4593049,21.0,3.8,3.7
401705436,TOR,4684272,31.0,5.5,4.4
401705436,TOR,5106258,16.0,-0.9,-0.4
401705436,TOR,5107897,19.0,6.7,4.0
401705437,OKC,2991350,20.0,9.5,7.8
401705437,OKC,3133626,10.0,2.6,1.4
401705437,OKC,4222252,29.0,13.0,10.7
401705437,OKC,4278073,32.0,30.9,28.3
401705437,OKC,4397020,24.0,10.2,8.5
401705437,OKC,4397183,24.0,10.7,9.6
401705437,OKC,4432823,13.0,1.9,1.7
401705437,OKC,4432971,2.0,-1.8,-1.0
401705437,OKC,4593803,33.0,37.8,35.1
401705437,OKC,4683692,35.0,14.9,13.8
401705437,OKC,4702159,2.0,0.0,0.0
401705437,OKC,4997526,16.0,6.3,5.4
401705437,SAS,2779,28.0,9.8,8.6
401705437,SAS,6427,18.0,3.6,3.8
401705437,SAS,6578,29.0,10.6,10.7
401705437,SAS,3134916,2.0,4.1,4.1
401705437,SAS,4066259,34.0,12.4,12.4
401705437,SAS,4278580,2.0,4.0,4.0
401705437,SAS,4395630,33.0,12.3,10.1
401705437,SAS,4395723,19.0,6.0,6.2
401705437,SAS,4397107,2.0,1.0,0.7
401705437,SAS,4565201,2.0,2.3,2.0
401705437,SAS,4592479,11.0,6.8,6.8
401705437,SAS,4610139,25.0,15.8,13.3
401705437,SAS,4683935,2.0,-0.4,0.0
401705437,SAS,4845367,32.0,22.2,21.8
401705438,NOP,2489663,26.0,25.7,23.3
401705438,NOP,2490149,33.0,19.4,19.7
401705438,NOP,4065670,22.0,10.4,6.7
401705438,NOP,4277869,24.0,-0.1,-0.1
401705438,NOP,4395628,29.0,24.5,21.4
401705438,NOP,4397688,36.0,13.9,10.8
401705438,NOP,4683750,22.0,4.9,4.4
401705438,NOP,4997538,20.0,5.7,5.0
401705438,NOP,5061589,28.0,9.6,6.8
401705438,UTA,4066399,22.0,10.3,7.1
401705438,UTA,4431828,26.0,1.5,1.4
401705438,UTA,4432164,18.0,5.8,6.3
401705438,UTA,4432817,18.0,2.4,2.6
401705438,UTA,4432827,20.0,19.7,16.4
401705438,UTA,4433627,31.0,18.2,17.7
401705438,UTA,4683766,29.0,14.4,12.2
401705438,UTA,4684793,28.0,10.4,8.5
401705438,UTA,4895758,17.0,3.7,3.7
401705438,UTA,5105839,31.0,14.8,14.5
401705439,MIN,3195,20.0,1.3,1.0
401705439,MIN,3064514,34.0,14.5,14.9
401705439,MIN,3934673,27.0,22.6,17.8
401705439,MIN,4277951,2.0,-0.7,-0.7
401705439,MIN,4278039,26.0,2.9,-1.0
401705439,MIN,4396971,39.0,3.9,-0.6
401705439,MIN,4431671,33.0,16.0,11.9
401705439,MIN,4431816,2.0,0.0,0.0
401705439,MIN,4432247,11.0,1.9,2.0
401705439,MIN,4432847,7.0,-2.1,-2.1
401705439,MIN,4594268,36.0,40.8,37.3
401705439,MIN,4684275,2.0,-0.8,-0.8
401705439,MIN,4687718,2.0,-0.7,-0.7
401705439,MIN,5044385,2.0,2.7,1.7
401705439,PHX,3202,38.0,15.1,11.8
401705439,PHX,6580,33.0,9.6,10.2
401705439,PHX,2488653,21.0,6.1,4.4
401705439,PHX,2583632,14.0,1.6,0.0
401705439,PHX,2595209,2.0,-1.4,-1.7
401705439,PHX,3102532,2.0,0.0,0.0
401705439,PHX,3135045,15.0,4.3,2.3
401705439,PHX,3135046,17.0,9.8,8.5
401705439,PHX,3136193,35.0,9.5,8.8
401705439,PHX,4278076,25.0,5.7,4.8
401705439,PHX,4278585,2.0,-0.8,-0.7
401705439,PHX,4397102,25.0,10.1,7.1
401705439,PHX,4601023,2.0,0.7,0.7
401705439,PHX,4888725,11.0,2.5,2.0
401705440,LAC,3416,16.0,6.6,4.7
401705440,LAC,3992,38.0,8.0,7.0
401705440,LAC,6450,40.0,22.5,21.5
401705440,LAC,2595516,9.0,2.9,1.6
401705440,LAC,2991139,27.0,10.7,9.9
401705440,LAC,3037789,31.0,3.5,4.2
401705440,LAC,3914285,12.0,6.7,4.8
401705440,LAC,4017837,34.0,10.2,9.2
401705440,LAC,4066387,22.0,5.8,4.7
401705440,LAC,4396818,5.0,-0.4,-0.7
401705440,LAC,4431752,5.0,-0.4,-0.7
401705440,LAL,1966,36.0,9.6,6.5
401705440,LAL,2578185,37.0,8.5,6.6
401705440,LAL,3137259,31.0,6.0,4.6
401705440,LAL,3915195,8.0,4.6,4.7
401705440,LAL,3945274,37.0,22.8,19.8
401705440,LAL,4278077,22.0,11.1,8.9
401705440,LAL,4395623,18.0,0.6,2.3
401705440,LAL,4397077,26.0,6.5,4.4
401705440,LAL,4897943,25.0,18.4,15.5
401705441,CHA,2326307,8.0,-1.8,-1.7
401705441,CHA,3102530,15.0,4.3,3.2
401705441,CHA,3913220,16.0,-2.0,-2.1
401705441,CHA,4066383,34.0,28.2,25.2
401705441,CHA,4066668,2.0,0.0,0.0
401705441,CHA,4431766,28.0,2.8,3.4
401705441,CHA,4432811,26.0,-1.0,-0.5
401705441,CHA,4432816,34.0,14.8,12.6
401705441,CHA,4433249,2.0,0.0,0.0
401705441,CHA,4683686,29.0,-3.7,-3.5
401705441,CHA,4701232,31.0,14.4,8.7
401705441,CHA,5211176,15.0,7.9,7.3
401705441,GSW,3975,30.0,20.6,19.5
401705441,GSW,6430,31.0,11.0,9.8
401705441,GSW,6589,28.0,18.0,14.9
401705441,GSW,2990984,31.0,17.5,15.8
401705441,GSW,3134903,10.0,7.2,5.7
401705441,GSW,3155535,14.0,5.8,4.1
401705441,GSW,4278075,2.0,1.3,1.0
401705441,GSW,4431684,2.0,-0.4,0.0
401705441,GSW,4432171,21.0,2.7,0.9
401705441,GSW,4592714,2.0,1.7,1.7
401705441,GSW,4593016,17.0,5.2,3.7
401705441,GSW,4709138,32.0,15.9,13.0
401705441,GSW,4997536,19.0,0.5,0.7
401705442,PHI,6585,29.0,24.2,20.2
401705442,PHI,4017844,35.0,9.3,9.1
401705442,PHI,4066786,19.0,7.3,7.1
401705442,PHI,4277890,28.0,13.9,10.4
401705442,PHI,4395695,5.0,-0.4,-0.7
401705442,PHI,4397014,38.0,10.6,10.6
401705442,PHI,4431678,23.0,1.9,0.9
401705442,PHI,4701234,18.0,1.6,1.3
401705442,PHI,4711297,37.0,8.8,8.1
401705442,PHI,5105637,7.0,4.6,4.0
401705442,POR,4066268,18.0,15.5,11.9
401705442,POR,4351851,32.0,24.7,22.5
401705442,POR,4397885,9.0,3.0,1.7
401705442,POR,4431736,33.0,11.6,10.9
401705442,POR,4432446,9.0,7.0,6.1
401705442,POR,4576086,1.0,0.0,0.0
401705442,POR,4594326,14.0,4.9,3.7
401705442,POR,4683021,33.0,1.0,0.7
401705442,POR,4683678,22.0,3.8,4.4
401705442,POR,4914336,37.0,19.3,15.9
401705442,POR,5081727,1.0,0.0,0.0
401705442,POR,5099752,1.0,0.0,0.0
401705442,POR,5105565,29.0,15.6,11.9
401705443,MIA,3449,12.0,3.4,1.0
401705443,MIA,6429,26.0,5.7,5.0
401705443,MIA,2993874,25.0,9.0,4.5
401705443,MIA,3074752,35.0,10.8,9.1
401705443,MIA,3157465,30.0,12.9,11.4
401705443,MIA,4066261,31.0,19.7,13.8
401705443,MIA,4291678,26.0,7.0,6.7
401705443,MIA,4395725,26.0,14.8,12.6
401705443,MIA,4601025,28.0,12.0,13.1
401705443,WAS,6609,23.0,15.5,12.8
401705443,WAS,2581184,2.0,2.3,2.0
401705443,WAS,2990992,19.0,1.3,1.2
401705443,WAS,2993370,20.0,7.8,5.7
401705443,WAS,4280151,21.0,2.4,2.6
401705443,WAS,4432907,22.0,7.4,6.4
401705443,WAS,4845374,35.0,10.3,8.8
401705443,WAS,4997537,2.0,2.7,2.7
401705443,WAS,5104155,33.0,-1.7,-2.5
401705443,WAS,5160992,25.0,5.1,4.6
401705443,WAS,5170947,4.0,3.7,2.7
401705443,WAS,5174563,32.0,4.5,2.3
401705444,ATL,2991043,32.0,22.2,19.0
401705444,ATL,3102529,16.0,10.1,8.6
401705444,ATL,3907823,29.0,7.0,7.5
401705444,ATL,3913180,14.0,9.5,8.7
401705444,ATL,4277905,36.0,7.4,7.6
401705444,ATL,4279118,3.0,2.3,2.7
401705444,ATL,4431680,32.0,16.5,13.9
401705444,ATL,4869342,33.0,13.4,11.5
401705444,ATL,4870562,13.0,5.3,5.4
401705444,ATL,5211175,32.0,24.9,21.0
401705444,MEM,3134932,15.0,4.4,3.4
401705444,MEM,3906665,21.0,12.0,11.2
401705444,MEM,3913174,35.0,16.9,15.0
401705444,MEM,4066320,36.0,30.3,29.4
401705444,MEM,4066405,3.0,-1.1,-2.4
401705444,MEM,4277961,2.0,-0.4,0.0
401705444,MEM,4397227,25.0,9.3,9.2
401705444,MEM,4431785,16.0,9.4,8.2
401705444,MEM,4600663,27.0,15.0,13.9
401705444,MEM,5105550,28.0,4.4,2.6
401705444,MEM,5112087,33.0,11.3,10.5
401705445,HOU,3209,16.0,3.9,2.7
401705445,HOU,3136777,11.0,3.6,2.4
401705445,HOU,3146557,21.0,1.8,2.4
401705445,HOU,3911893,7.0,5.4,5.4
401705445,HOU,3922230,19.0,6.7,6.8
401705445,HOU,4397821,23.0,-2.8,-2.5
401705445,HOU,4432639,28.0,7.8,6.7
401705445,HOU,4437244,25.0,13.6,11.0
401705445,HOU,4592401,19.0,10.8,9.5
401705445,HOU,4711272,31.0,20.5,17.6
401705445,HOU,5105592,40.0,27.6,22.2
401705445,OKC,2991350,5.0,1.9,0.0
401705445,OKC,3133626,17.0,7.7,7.9
401705445,OKC,4222252,25.0,10.6,9.3
401705445,OKC,4278073,36.0,43.7,41.5
401705445,OKC,4397020,29.0,8.6,8.4
401705445,OKC,4397183,25.0,5.8,3.7
401705445,OKC,4432823,9.0,2.6,2.0
401705445,OKC,4433255,30.0,9.6,4.7
401705445,OKC,4593803,32.0,18.0,16.3
401705445,OKC,4683692,32.0,15.6,11.8
401705446,DAL,6442,9.0,5.0,4.7
401705446,DAL,6475,25.0,-0.9,-1.4
401705446,DAL,2531367,10.0,2.3,2.4
401705446,DAL,2580782,27.0,3.9,3.2
401705446,DAL,3102528,22.0,-3.2,-2.4
401705446,DAL,4278594,30.0,18.4,15.6
401705446,DAL,4397693,22.0,9.5,9.3
401705446,DAL,4431699,34.0,19.3,17.6
401705446,DAL,4432582,29.0,8.2,5.7
401705446,DAL,4595400,17.0,7.4,6.6
401705446,DAL,4868423,16.0,8.0,7.1
401705446,SAC,3978,30.0,14.3,14.5
401705446,SAC,6477,23.0,12.5,10.1
401705446,SAC,2528588,5.0,4.7,4.7
401705446,SAC,3064440,29.0,19.1,17.2
401705446,SAC,3136196,20.0,14.7,12.7
401705446,SAC,3936296,4.0,1.0,1.4
401705446,SAC,4066262,23.0,15.5,13.6
401705446,SAC,4066636,16.0,4.4,3.5
401705446,SAC,4592691,28.0,6.2,7.1
401705446,SAC,4594327,25.0,16.0,15.2
401705446,SAC,4702177,27.0,-3.8,-4.2
401705446,SAC,5107818,9.0,5.1,5.1
401705447,DET,2528210,31.0,12.8,10.1
401705447,DET,3032979,17.0,5.2,4.7
401705447,DET,3899664,22.0,7.7,4.2
401705447,DET,3907822,33.0,4.9,6.2
401705447,DET,4066317,5.0,7.4,6.4
401705447,DET,4278562,17.0,8.3,7.2
401705447,DET,4432107,8.0,6.1,5.5
401705447,DET,4432166,30.0,20.0,17.3
401705447,DET,4433621,30.0,20.1,12.8
401705447,DET,4683771,18.0,7.1,8.0
401705447,DET,4684742,30.0,24.3,19.8
401705447,UTA,3133602,15.0,7.0,7.2
401705447,UTA,4277811,20.0,12.6,9.7
401705447,UTA,4431828,18.0,2.0,3.3
401705447,UTA,4432164,14.0,-1.4,-2.0
401705447,UTA,4432817,23.0,6.4,3.9
401705447,UTA,4432827,6.0,-0.2,-0.4
401705447,UTA,4433136,28.0,13.0,12.0
401705447,UTA,4433627,29.0,6.8,6.7
401705447,UTA,4683766,32.0,4.3,2.2
401705447,UTA,4684793,24.0,15.8,15.0
401705447,UTA,4895758,16.0,2.9,3.7
401705447,UTA,5105839,16.0,-8.3,-8.5
401705448,HOU,2991235,15.0,3.3,3.0
401705448,HOU,3136777,2.0,0.3,0.0
401705448,HOU,3155526,29.0,4.6,4.5
401705448,HOU,3922230,2.0,0.0,0.0
401705448,HOU,4397821,2.0,-0.1,-0.1
401705448,HOU,4432639,37.0,8.6,8.6
401705448,HOU,4433192,26.0,16.8,15.4
401705448,HOU,4437244,33.0,1.5,0.1
401705448,HOU,4684740,40.0,12.9,8.6
401705448,HOU,4711272,15.0,3.1,1.2
401705448,HOU,4871144,35.0,19.7,19.1
401705448,HOU,5105592,7.0,2.3,2.0
401705448,IND,2530530,13.0,4.0,2.4
401705448,IND,3133628,26.0,11.8,9.4
401705448,IND,3149673,31.0,7.5,8.0
401705448,IND,3934723,21.0,8.9,8.5
401705448,IND,4065673,1.0,0.3,0.0
401705448,IND,4278355,16.0,10.2,9.8
401705448,IND,4395712,35.0,11.6,5.5
401705448,IND,4396909,34.0,11.4,9.7
401705448,IND,4396993,36.0,30.4,28.9
401705448,IND,4433076,15.0,6.6,5.1
401705448,IND,5106060,10.0,1.7,2.1
401705448,IND,5157066,2.0,-1.1,-0.7
401705449,ORL,6446,26.0,6.9,6.8
401705449,ORL,2581018,27.0,9.6,7.4
401705449,ORL,4065654,18.0,4.1,1.3
401705449,ORL,4277847,24.0,1.6,1.4
401705449,ORL,4348700,16.0,4.1,3.7
401705449,ORL,4432573,40.0,41.1,34.8
401705449,ORL,4566434,36.0,12.5,12.6
401705449,ORL,4702382,28.0,12.0,11.2
401705449,ORL,4712849,15.0,3.1,3.3
401705449,ORL,5105806,10.0,-2.5,-3.1
401705449,TOR,3134908,24.0,18.8,16.6
401705449,TOR,4067017,26.0,12.3,11.5
401705449,TOR,4395625,32.0,18.6,16.3
401705449,TOR,4395724,26.0,9.7,9.3
401705449,TOR,4397119,21.0,1.8,1.3
401705449,TOR,4432241,22.0,2.0,2.7
401705449,TOR,4433134,30.0,18.2,12.9
401705449,TOR,4593049,24.0,1.7,1.5
401705449,TOR,4684272,28.0,9.8,7.9
401705449,TOR,5107897,7.0,-1.5,-1.7
401705450,ATL,2990969,23.0,3.0,3.6
401705450,ATL,2991043,29.0,19.4,17.9
401705450,ATL,3102529,21.0,10.5,7.5
401705450,ATL,3907823,21.0,11.4,9.2
401705450,ATL,4277905,35.0,20.7,19.9
401705450,ATL,4431680,27.0,7.4,4.8
401705450,ATL,4712863,25.0,16.2,13.8
401705450,ATL,4869342,34.0,13.3,9.4
401705450,ATL,5211175,25.0,1.6,0.8
401705450,MIL,3448,33.0,13.1,9.1
401705450,MIL,6606,36.0,18.5,15.8
401705450,MIL,2990962,29.0,3.3,3.3
401705450,MIL,3032977,34.0,24.4,21.5
401705450,MIL,3134907,33.0,15.8,12.8
401705450,MIL,4277843,25.0,12.0,10.8
401705450,MIL,4277922,15.0,0.6,1.1
401705450,MIL,4397140,12.0,12.5,10.9
401705450,MIL,4397475,23.0,4.5,3.3
401705451,GSW,3975,33.0,25.7,21.6
401705451,GSW,6430,35.0,14.8,14.7
401705451,GSW,6589,35.0,14.5,12.0
401705451,GSW,2990984,23.0,8.8,7.0
401705451,GSW,3155535,14.0,3.5,1.6
401705451,GSW,4278075,12.0,2.7,1.7
401705451,GSW,4432171,27.0,9.0,7.8
401705451,GSW,4593016,15.0,-2.0,-2.4
401705451,GSW,4709138,32.0,15.3,13.5
401705451,GSW,4997536,15.0,8.8,6.8
401705451,NYK,3062679,33.0,-0.7,-2.4
401705451,NYK,3064230,11.0,5.9,4.4
401705451,NYK,3147657,36.0,10.2,9.8
401705451,NYK,3914044,12.0,2.7,2.7
401705451,NYK,3934672,37.0,17.7,16.5
401705451,NYK,3934719,42.0,17.5,18.8
401705451,NYK,4351852,15.0,5.3,5.8
401705451,NYK,4431679,30.0,8.6,5.4
401705451,NYK,4431823,24.0,7.6,6.8
401705452,CHI,3133635,16.0,3.9,2.0
401705452,CHI,4066650,28.0,20.5,16.0
401705452,CHI,4395626,34.0,9.9,7.1
401705452,CHI,4395651,39.0,18.9,15.0
401705452,CHI,4396991,31.0,15.2,15.5
401705452,CHI,4397189,18.0,13.3,10.0
401705452,CHI,4432821,2.0,-1.4,-1.4
401705452,CHI,4432872,2.0,0.0,0.0
401705452,CHI,4433133,2.0,1.0,0.7
401705452,CHI,4433159,16.0,1.8,2.7
401705452,CHI,4711294,31.0,12.0,12.1
401705452,CHI,5105553,20.0,0.7,2.3
401705452,CLE,6474,2.0,1.7,1.4
401705452,CLE,2596112,18.0,10.1,9.4
401705452,CLE,3908809,28.0,23.3,21.7
401705452,CLE,3912848,20.0,2.2,1.3
401705452,CLE,4065732,24.0,4.1,1.9
401705452,CLE,4065733,23.0,10.1,10.3
401705452,CLE,4065778,25.0,12.1,12.6
401705452,CLE,4066328,30.0,30.3,24.5
401705452,CLE,4066757,15.0,10.4,8.4
401705452,CLE,4396907,30.0,12.2,10.3
401705452,CLE,4432822,20.0,1.8,2.7
401705452,CLE,4683747,2.0,1.7,1.7
401705452,CLE,4701233,2.0,0.0,0.0
401705453,MIN,3195,25.0,13.7,12.3
401705453,MIN,3064514,30.0,14.4,12.3
401705453,MIN,3934673,23.0,11.5,11.9
401705453,MIN,4277951,3.0,-1.4,-1.0
401705453,MIN,4278039,27.0,20.5,17.6
401705453,MIN,4396971,33.0,15.5,13.1
401705453,MIN,4431671,37.0,18.5,13.9
401705453,MIN,4431816,3.0,-0.1,0.7
401705453,MIN,4432247,9.0,-2.2,-1.0
401705453,MIN,4432847,10.0,0.9,1.4
401705453,MIN,4594268,30.0,11.3,10.6
401705453,MIN,4684275,3.0,2.0,2.0
401705453,MIN,4687718,3.0,0.0,0.0
401705453,MIN,5044385,3.0,2.0,1.7
401705453,PHI,4251,30.0,6.4,2.7
401705453,PHI,6585,19.0,5.4,5.1
401705453,PHI,3133603,40.0,14.9,13.4
401705453,PHI,4017844,36.0,13.7,11.7
401705453,PHI,4066786,11.0,6.5,6.6
401705453,PHI,4277812,4.0,2.7,2.7
401705453,PHI,4277890,22.0,1.8,1.3
401705453,PHI,4395695,25.0,8.4,7.8
401705453,PHI,4397014,39.0,25.1,22.3
401705453,PHI,4701234,7.0,1.3,1.3
401705453,PHI,5105637,8.0,2.2,1.3
401705454,BKN,3136776,25.0,10.1,8.4
401705454,BKN,3138196,31.0,15.1,13.9
401705454,BKN,4278067,32.0,6.4,3.7
401705454,BKN,4397179,23.0,6.6,6.8
401705454,BKN,4431675,23.0,15.5,11.2
401705454,BKN,4431714,22.0,9.0,9.4
401705454,BKN,4432174,26.0,17.4,17.1
401705454,BKN,4432192,18.0,6.3,4.0
401705454,BKN,4432194,16.0,1.7,1.7
401705454,BKN,4432735,2.0,2.0,2.0
401705454,BKN,4433137,20.0,3.5,4.0
401705454,BKN,4684286,2.0,0.3,0.0
401705454,SAS,2779,29.0,15.6,14.0
401705454,SAS,6427,26.0,14.7,10.2
401705454,SAS,6578,22.0,6.7,6.1
401705454,SAS,4066259,27.0,14.6,14.0
401705454,SAS,4278580,2.0,0.3,0.0
401705454,SAS,4395630,35.0,38.1,31.5
401705454,SAS,4395723,27.0,9.9,9.1
401705454,SAS,4565201,2.0,0.0,0.0
401705454,SAS,4592479,19.0,3.5,4.7
401705454,SAS,4610139,22.0,1.4,1.7
401705454,SAS,4683935,2.0,-0.7,-0.7
401705454,SAS,4845367,27.0,12.9,10.7
401705455,LAC,3416,17.0,2.3,2.4
401705455,LAC,3992,38.0,25.3,21.9
401705455,LAC,6450,37.0,13.6,12.1
401705455,LAC,2991139,32.0,0.6,0.3
401705455,LAC,3037789,37.0,10.4,11.2
401705455,LAC,3914285,11.0,6.9,5.6
401705455,LAC,4017837,37.0,32.9,30.1
401705455,LAC,4066387,22.0,10.8,9.4
401705455,LAC,4396818,10.0,1.2,0.7
401705455,PHX,3202,41.0,27.1,23.4
401705455,PHX,6580,15.0,-0.7,-2.7
401705455,PHX,2488653,25.0,14.1,14.2
401705455,PHX,2583632,29.0,9.9,10.1
401705455,PHX,3135045,24.0,10.6,8.5
401705455,PHX,3135046,19.0,7.7,6.8
401705455,PHX,3136193,41.0,11.0,11.4
401705455,PHX,4278076,23.0,14.3,13.6
401705455,PHX,4278585,15.0,10.1,10.2
401705455,PHX,4397102,9.0,-2.6,-2.1
401705456,LAL,1966,33.0,30.4,26.3
401705456,LAL,2578185,30.0,2.9,3.0
401705456,LAL,2596107,5.0,0.0,0.0
401705456,LAL,3137259,29.0,1.6,-0.4
401705456,LAL,3915195,19.0,12.5,10.2
401705456,LAL,3945274,34.0,28.3,24.5
401705456,LAL,4278077,20.0,14.6,11.5
401705456,LAL,4395623,17.0,6.7,6.9
401705456,LAL,4397077,24.0,17.8,17.7
401705456,LAL,4683774,4.0,-0.4,-0.7
401705456,LAL,4897943,26.0,11.6,11.1
401705456,NOP,2489663,27.0,7.8,7.1
401705456,NOP,2490149,25.0,7.9,6.4
401705456,NOP,4065670,24.0,3.1,2.4
401705456,NOP,4277869,26.0,3.5,2.3
401705456,NOP,4278572,4.0,2.1,2.1
401705456,NOP,4395628,26.0,32.8,31.4
401705456,NOP,4397688,33.0,16.5,14.5
401705456,NOP,4432813,4.0,3.7,3.7
401705456,NOP,4683750,29.0,10.7,8.9
401705456,NOP,4997538,18.0,6.4,4.8
401705456,NOP,5061589,24.0,3.1,0.2
401705457,BOS,3213,31.0,11.4,8.8
401705457,BOS,3064560,23.0,2.3,1.5
401705457,BOS,3078576,39.0,33.4,28.8
401705457,BOS,3917376,40.0,10.3,8.6
401705457,BOS,4065804,32.0,1.9,0.2
401705457,BOS,4066354,43.0,41.9,40.9
401705457,BOS,4397424,11.0,4.4,3.4
401705457,BOS,4683689,21.0,5.9,5.5
401705457,POR,4066268,9.0,-1.8,-2.4
401705457,POR,4351851,38.0,25.2,24.3
401705457,POR,4397885,7.0,0.3,0.0
401705457,POR,4431736,31.0,6.9,7.2
401705457,POR,4432446,31.0,20.5,18.1
401705457,POR,4594326,15.0,1.7,1.4
401705457,POR,4683021,23.0,10.0,8.1
401705457,POR,4683678,26.0,5.5,6.3
401705457,POR,4914336,40.0,19.8,18.2
401705457,POR,5105565,20.0,2.8,0.7
401705458,CHA,2326307,26.0,12.6,11.8
401705458,CHA,3102530,12.0,1.9,0.3
401705458,CHA,3913220,27.0,5.7,5.5
401705458,CHA,4066383,35.0,17.0,15.0
401705458,CHA,4431766,15.0,4.0,3.4
401705458,CHA,4432816,36.0,14.4,14.4
401705458,CHA,4433249,12.0,7.7,7.5
401705458,CHA,4683686,37.0,7.9,7.4
401705458,CHA,4701232,24.0,10.8,9.1
401705458,CHA,5211176,16.0,4.2,3.5
401705458,MIN,3064514,36.0,22.9,22.3
401705458,MIN,3934673,32.0,14.5,12.8
401705458,MIN,4278039,30.0,5.9,2.7
401705458,MIN,4396971,35.0,8.8,7.3
401705458,MIN,4431671,38.0,27.1,24.1
401705458,MIN,4432247,14.0,2.8,1.3
401705458,MIN,4432847,13.0,1.5,1.9
401705458,MIN,4594268,38.0,24.4,21.6
401705458,MIN,4684275,6.0,4.4,4.1
401705459,CLE,3908809,36.0,19.1,16.1
401705459,CLE,3912848,11.0,-0.1,0.7
401705459,CLE,4065732,24.0,13.2,12.8
401705459,CLE,4065733,24.0,7.8,5.6
401705459,CLE,4065778,26.0,8.8,8.4
401705459,CLE,4066328,25.0,3.3,0.3
401705459,CLE,4066757,16.0,2.1,1.3
401705459,CLE,4396907,32.0,15.5,14.3
401705459,CLE,4432158,36.0,13.9,11.7
401705459,CLE,4432822,10.0,7.0,6.1
401705459,MIA,3449,16.0,9.5,7.0
401705459,MIA,6429,25.0,2.7,1.2
401705459,MIA,2993874,26.0,10.2,8.9
401705459,MIA,3074752,40.0,1.7,0.8
401705459,MIA,3157465,29.0,7.1,7.4
401705459,MIA,4066261,38.0,33.3,28.7
401705459,MIA,4278053,26.0,9.7,9.6
401705459,MIA,4291678,27.0,11.0,10.1
401705459,MIA,4601025,12.0,1.2,2.0
401705460,UTA,3133602,19.0,5.2,5.3
401705460,UTA,4066399,21.0,5.3,3.1
401705460,UTA,4431828,28.0,4.2,3.0
401705460,UTA,4432817,30.0,22.1,21.2
401705460,UTA,4432827,19.0,8.5,5.8
401705460,UTA,4683766,31.0,13.2,11.3
401705460,UTA,4684793,29.0,19.5,17.2
401705460,UTA,4895758,33.0,8.8,8.1
401705460,UTA,5105839,30.0,5.3,5.3
401705460,WAS,6609,26.0,14.9,11.5
401705460,WAS,2990992,18.0,12.6,11.8
401705460,WAS,4280151,23.0,5.1,4.2
401705460,WAS,4432907,22.0,13.6,13.1
401705460,WAS,4845374,34.0,14.8,11.5
401705460,WAS,4997537,18.0,6.8,3.6
401705460,WAS,5104155,34.0,10.6,6.4
401705460,WAS,5160992,29.0,20.3,18.6
401705460,WAS,5174563,35.0,15.7,13.0
401705461,MEM,3906665,27.0,15.2,12.6
401705461,MEM,3913174,18.0,2.0,1.4
401705461,MEM,4065731,2.0,0.0,0.0
401705461,MEM,4066320,33.0,9.6,6.5
401705461,MEM,4066405,2.0,1.7,1.7
401705461,MEM,4277848,15.0,2.2,2.0
401705461,MEM,4279888,32.0,10.9,11.0
401705461,MEM,4397227,25.0,7.1,6.0
401705461,MEM,4431785,21.0,14.3,10.9
401705461,MEM,4433083,2.0,2.0,2.0
401705461,MEM,4600663,20.0,5.5,3.4
401705461,MEM,5105550,20.0,3.4,4.0
401705461,MEM,5112087,26.0,0.7,-0.8
401705461,OKC,3133626,13.0,-2.5,-2.1
401705461,OKC,4222252,28.0,14.9,8.5
401705461,OKC,4278073,35.0,31.3,30.7
401705461,OKC,4395702,16.0,4.5,4.7
401705461,OKC,4397020,34.0,0.2,-0.4
401705461,OKC,4397183,30.0,15.1,13.8
401705461,OKC,4397654,2.0,-0.4,0.0
401705461,OKC,4432823,19.0,13.6,11.4
401705461,OKC,4593803,35.0,16.2,13.2
401705461,OKC,4683692,19.0,4.2,2.4
401705461,OKC,4997526,9.0,3.6,3.7
401705462,DEN,3468,35.0,17.6,13.8
401705462,DEN,3112335,38.0,15.7,12.9
401705462,DEN,3936299,38.0,24.5,23.8
401705462,DEN,4278104,36.0,10.6,7.3
401705462,DEN,4398390,18.0,4.2,4.4
401705462,DEN,4431690,19.0,10.3,7.0
401705462,DEN,4431767,38.0,16.0,14.3
401705462,DEN,4576087,17.0,-0.4,-0.5
401705462,SAC,3978,43.0,21.3,21.1
401705462,SAC,6477,32.0,20.9,17.0
401705462,SAC,2528588,5.0,1.0,0.0
401705462,SAC,3064440,41.0,15.6,13.4
401705462,SAC,3136196,19.0,2.4,1.0
401705462,SAC,4066636,10.0,-1.4,-2.4
401705462,SAC,4592691,24.0,12.4,11.5
401705462,SAC,4594327,29.0,2.4,2.7
401705462,SAC,4702177,39.0,11.3,8.1
401705463,DAL,6475,34.0,18.9,17.0
401705463,DAL,2531367,24.0,7.0,7.6
401705463,DAL,2580782,29.0,10.5,6.3
401705463,DAL,4278594,32.0,16.1,12.8
401705463,DAL,4397040,34.0,11.6,8.9
401705463,DAL,4397693,26.0,8.6,6.5
401705463,DAL,4432582,36.0,5.7,3.5
401705463,DAL,4595400,25.0,7.5,5.9
401705463,MIL,3448,23.0,4.0,2.4
401705463,MIL,6606,27.0,32.3,29.4
401705463,MIL,2990962,29.0,-2.6,-3.8
401705463,MIL,3032977,25.0,28.9,25.8
401705463,MIL,3134907,27.0,11.3,10.5
401705463,MIL,4277922,20.0,11.0,8.9
401705463,MIL,4279532,5.0,-0.4,-1.4
401705463,MIL,4280245,5.0,2.4,1.4
401705463,MIL,4397140,26.0,15.0,11.0
401705463,MIL,4397475,31.0,15.3,15.5
401705463,MIL,4432190,9.0,4.6,3.3
401705463,MIL,4433622,9.0,1.5,1.3
401705463,MIL,5167876,5.0,-0.4,-0.7
401705464,DET,2528210,34.0,5.5,3.7
401705464,DET,3032979,28.0,21.1,20.0
401705464,DET,3899664,15.0,0.9,0.3
401705464,DET,3907822,33.0,4.4,5.6
401705464,DET,4432166,39.0,28.2,27.1
401705464,DET,4432810,22.0,11.6,8.5
401705464,DET,4433621,26.0,4.8,5.3
401705464,DET,4683771,12.0,4.9,5.3
401705464,DET,4684742,31.0,6.9,5.4
401705464,LAC,3416,24.0,6.8,4.7
401705464,LAC,3992,38.0,37.8,35.7
401705464,LAC,2991139,30.0,15.8,11.3
401705464,LAC,3037789,39.0,16.7,14.1
401705464,LAC,3914285,13.0,-0.9,0.3
401705464,LAC,4017837,35.0,17.4,16.6
401705464,LAC,4066387,27.0,3.1,3.3
401705464,LAC,4396818,17.0,2.6,0.7
401705464,LAC,4431752,17.0,5.4,4.1
401705465,ATL,2990969,25.0,20.8,19.3
401705465,ATL,2991043,27.0,4.8,3.9
401705465,ATL,3102529,14.0,5.3,5.1
401705465,ATL,3907823,22.0,5.8,7.0
401705465,ATL,4277905,36.0,23.2,23.1
401705465,ATL,4431680,34.0,24.6,21.0
401705465,ATL,4712863,23.0,3.9,-0.1
401705465,ATL,4869342,35.0,13.3,12.3
401705465,ATL,5211175,25.0,8.0,7.1
401705465,IND,2530530,26.0,11.4,8.5
401705465,IND,3133628,34.0,17.0,13.5
401705465,IND,3149673,34.0,29.0,27.3
401705465,IND,3934723,14.0,1.2,-0.7
401705465,IND,4278355,19.0,-0.2,-0.0
401705465,IND,4395712,30.0,11.6,12.9
401705465,IND,4396909,35.0,16.2,14.1
401705465,IND,4433076,23.0,4.5,5.7
401705465,IND,5106060,25.0,6.6,5.1
401705466,BOS,2528693,20.0,12.8,13.6
401705466,BOS,3064560,32.0,14.5,11.3
401705466,BOS,3078576,24.0,8.1,8.0
401705466,BOS,4065648,31.0,26.6,22.6
401705466,BOS,4066354,32.0,20.5,18.6
401705466,BOS,4277964,7.0,1.6,2.0
401705466,BOS,4397104,4.0,0.6,0.0
401705466,BOS,4397424,24.0,8.3,6.2
401705466,BOS,4397689,16.0,0.8,-0.7
401705466,BOS,4576085,7.0,2.7,2.7
401705466,BOS,4593841,30.0,14.0,12.8
401705466,BOS,4683689,13.0,5.2,3.8
401705466,PHI,6585,25.0,7.8,5.8
401705466,PHI,3133603,34.0,20.7,18.8
401705466,PHI,4017844,31.0,1.5,2.1
401705466,PHI,4066786,18.0,10.8,8.8
401705466,PHI,4277812,10.0,4.8,3.4
401705466,PHI,4277890,28.0,10.7,11.1
401705466,PHI,4395695,11.0,3.1,2.0
401705466,PHI,4397014,33.0,3.0,0.6
401705466,PHI,4701234,8.0,2.3,2.0
401705466,PHI,4711297,30.0,13.0,12.2
401705466,PHI,5105637,13.0,5.5,4.8
401705467,BKN,3136776,24.0,4.0,3.1
401705467,BKN,3138196,34.0,21.8,21.2
401705467,BKN,4278067,31.0,14.6,11.1
401705467,BKN,4397179,24.0,12.3,12.1
401705467,BKN,4431675,17.0,3.0,2.4
401705467,BKN,4431714,17.0,8.2,7.3
401705467,BKN,4432174,27.0,16.8,17.1
401705467,BKN,4432192,24.0,8.8,9.5
401705467,BKN,4432194,18.0,2.1,-0.7
401705467,BKN,4433137,25.0,7.0,7.4
401705467,GSW,3975,36.0,29.4,30.0
401705467,GSW,6430,35.0,25.9,22.6
401705467,GSW,6589,34.0,9.2,9.7
401705467,GSW,2990984,23.0,-6.6,-6.9
401705467,GSW,3134903,21.0,11.8,11.2
401705467,GSW,3155535,12.0,4.7,4.3
401705467,GSW,4432171,29.0,8.2,7.1
401705467,GSW,4592714,6.0,2.4,2.1
401705467,GSW,4593016,21.0,11.3,8.7
401705467,GSW,4709138,1.0,0.0,0.0
401705467,GSW,4997536,24.0,5.5,5.8
401705468,HOU,3209,5.0,2.0,0.7
401705468,HOU,2991235,19.0,7.2,5.9
401705468,HOU,3155526,36.0,9.0,10.1
401705468,HOU,4432639,28.0,10.6,9.2
401705468,HOU,4433192,31.0,15.9,11.5
401705468,HOU,4437244,34.0,8.1,6.8
401705468,HOU,4684740,39.0,17.5,15.2
401705468,HOU,4711272,12.0,0.1,-0.0
401705468,HOU,4871144,36.0,20.9,17.7
401705468,NOP,2489663,23.0,5.7,5.7
401705468,NOP,2490149,34.0,4.5,3.9
401705468,NOP,4065670,19.0,1.6,-0.3
401705468,NOP,4277869,23.0,8.5,4.7
401705468,NOP,4395628,32.0,14.6,11.6
401705468,NOP,4397688,39.0,20.0,17.8
401705468,NOP,4683750,21.0,1.7,0.6
401705468,NOP,4997538,21.0,4.6,2.9
401705468,NOP,5061589,28.0,8.8,9.0
401705469,LAL,1966,44.0,27.0,24.2
401705469,LAL,2578185,38.0,0.6,-0.3
401705469,LAL,3137259,24.0,8.9,9.8
401705469,LAL,3945274,43.0,26.2,22.1
401705469,LAL,4066457,32.0,-1.3,-1.3
401705469,LAL,4278077,17.0,4.1,1.7
401705469,LAL,4395623,13.0,3.0,3.7
401705469,LAL,4397077,34.0,6.7,6.5
401705469,LAL,4897943,21.0,8.3,7.4
401705469,NYK,3062679,44.0,15.9,12.0
401705469,NYK,3064230,10.0,-0.5,-1.1
401705469,NYK,3136195,42.0,6.4,4.1
401705469,NYK,3147657,43.0,8.0,4.8
401705469,NYK,3914044,6.0,2.9,3.7
401705469,NYK,3934672,41.0,30.0,29.6
401705469,NYK,3934719,44.0,9.2,9.2
401705469,NYK,4351852,13.0,7.3,6.1
401705469,NYK,4431823,21.0,-0.6,-2.4
401705470,CHA,3986,5.0,2.0,2.4
401705470,CHA,2326307,14.0,5.3,5.1
401705470,CHA,3102530,28.0,14.6,11.9
401705470,CHA,3913220,22.0,6.5,5.0
401705470,CHA,4066383,39.0,32.8,30.3
401705470,CHA,4431766,26.0,1.8,3.1
401705470,CHA,4432811,30.0,-0.0,-1.1
401705470,CHA,4432816,23.0,8.3,9.4
401705470,CHA,4433249,11.0,2.1,2.8
401705470,CHA,4683686,25.0,4.9,5.4
401705470,CHA,5211176,18.0,11.0,9.2
401705470,CLE,3908809,36.0,9.2,8.4
401705470,CLE,3912848,11.0,-1.3,-1.4
401705470,CLE,4065732,25.0,13.8,13.5
401705470,CLE,4065733,17.0,5.2,4.1
401705470,CLE,4065778,22.0,1.5,1.3
401705470,CLE,4066328,32.0,17.8,9.7
401705470,CLE,4066757,19.0,10.3,10.8
401705470,CLE,4396907,31.0,13.3,14.0
401705470,CLE,4432158,34.0,19.9,15.1
401705470,CLE,4432822,13.0,2.2,3.4
401705471,TOR,4023,9.0,-1.3,-1.4
401705471,TOR,4067017,27.0,-0.5,-0.6
401705471,TOR,4395724,29.0,31.8,27.9
401705471,TOR,4397119,28.0,11.4,11.0
401705471,TOR,4397204,23.0,5.3,4.2
401705471,TOR,4431893,23.0,7.8,8.4
401705471,TOR,4432241,26.0,4.4,6.1
401705471,TOR,4433134,32.0,22.8,17.2
401705471,TOR,4593049,25.0,5.4,2.0
401705471,TOR,4684272,18.0,11.5,11.1
401705471,UTA,4066399,13.0,1.7,0.3
401705471,UTA,4277811,24.0,4.7,4.5
401705471,UTA,4431828,22.0,2.4,2.0
401705471,UTA,4432817,14.0,0.5,-0.4
401705471,UTA,4433136,33.0,25.0,16.6
401705471,UTA,4433627,31.0,14.2,11.8
401705471,UTA,4683766,30.0,2.7,3.0
401705471,UTA,4684793,27.0,15.4,13.6
401705471,UTA,4895758,22.0,6.2,6.0
401705471,UTA,5105839,23.0,6.5,6.0
401705472,DAL,6475,29.0,7.5,4.5
401705472,DAL,2531367,8.0,-0.5,-0.3
401705472,DAL,2580782,32.0,4.8,3.2
401705472,DAL,3102528,20.0,0.1,0.6
401705472,DAL,3138160,14.0,5.7,2.8
401705472,DAL,4278594,40.0,24.2,20.1
401705472,DAL,4397040,34.0,28.8,27.0
401705472,DAL,4397693,29.0,12.6,10.1
401705472,DAL,4432582,34.0,4.0,2.3
401705472,MEM,3906665,26.0,18.6,14.8
401705472,MEM,3913174,26.0,6.4,3.4
401705472,MEM,4066320,38.0,25.4,17.8
401705472,MEM,4279888,35.0,19.5,18.8
401705472,MEM,4397227,24.0,12.3,10.8
401705472,MEM,4431785,14.0,4.7,2.8
401705472,MEM,4593125,21.0,4.8,4.8
401705472,MEM,4600663,22.0,8.6,7.2
401705472,MEM,5105550,13.0,3.3,2.0
401705472,MEM,5112087,21.0,5.9,5.1
401705473,MIA,3449,10.0,5.3,5.4
401705473,MIA,2993874,9.0,0.2,0.0
401705473,MIA,3074752,12.0,3.9,3.7
401705473,MIA,3157465,28.0,12.8,10.0
401705473,MIA,4066261,43.0,23.2,19.8
401705473,MIA,4278053,38.0,9.5,9.3
401705473,MIA,4291678,31.0,8.8,8.2
401705473,MIA,4395725,39.0,18.2,13.4
401705473,MIA,4432848,10.0,0.9,1.0
401705473,MIA,4601025,18.0,2.5,2.3
401705473,MIN,3195,25.0,14.2,11.2
401705473,MIN,3064514,34.0,12.2,9.9
401705473,MIN,3934673,31.0,13.6,10.7
401705473,MIN,4278039,23.0,7.5,4.5
401705473,MIN,4396971,34.0,11.2,10.1
401705473,MIN,4431671,35.0,10.8,10.5
401705473,MIN,4432247,12.0,4.2,3.4
401705473,MIN,4432847,8.0,4.0,4.4
401705473,MIN,4594268,39.0,12.9,9.7
401705474,OKC,2991350,24.0,16.7,13.1
401705474,OKC,3133626,32.0,6.9,5.2
401705474,OKC,4395702,34.0,15.7,12.4
401705474,OKC,4397183,32.0,21.1,18.5
401705474,OKC,4397654,8.0,-0.8,-0.7
401705474,OKC,4432823,36.0,19.1,12.1
401705474,OKC,4592435,14.0,1.8,-0.1
401705474,OKC,4702159,25.0,3.8,2.0
401705474,OKC,4997526,36.0,12.1,9.8
401705474,POR,2991070,24.0,-1.9,-3.2
401705474,POR,4066268,21.0,8.4,6.8
401705474,POR,4278111,1.0,-0.7,-0.7
401705474,POR,4351851,36.0,8.4,7.0
401705474,POR,4431736,34.0,3.5,-0.6
401705474,POR,4432446,22.0,3.5,2.3
401705474,POR,4576086,1.0,-0.7,-0.7
401705474,POR,4594326,15.0,-1.5,-1.4
401705474,POR,4683678,25.0,13.2,12.4
401705474,POR,4914336,36.0,9.9,8.4
401705474,POR,5081727,1.0,0.7,0.7
401705474,POR,5099752,1.0,-0.7,-0.7
401705474,POR,5105565,22.0,9.8,7.5
401705475,DEN,3468,26.0,11.4,10.9
401705475,DEN,3064290,39.0,20.3,20.5
401705475,DEN,3112335,45.0,41.5,34.6
401705475,DEN,3936299,42.0,20.7,17.7
401705475,DEN,4278104,39.0,11.3,11.4
401705475,DEN,4431690,13.0,3.5,3.6
401705475,DEN,4431767,38.0,23.2,22.6
401705475,DEN,4576087,24.0,8.8,9.1
401705475,PHX,3202,46.0,24.2,21.9
401705475,PHX,6580,41.0,8.5,9.8
401705475,PHX,2488653,27.0,18.0,15.2
401705475,PHX,2583632,20.0,8.4,7.5
401705475,PHX,3135045,29.0,9.0,9.4
401705475,PHX,3135046,14.0,6.3,5.4
401705475,PHX,3136193,44.0,28.6,26.3
401705475,PHX,4278076,26.0,13.7,13.2
401705475,PHX,4278585,5.0,2.7,2.7
401705475,PHX,4397102,14.0,4.8,3.0
401705476,SAC,3978,38.0,15.7,14.8
401705476,SAC,6477,27.0,19.9,16.1
401705476,SAC,3064440,39.0,27.7,27.3
401705476,SAC,3136196,16.0,6.5,6.3
401705476,SAC,3936296,2.0,4.4,4.4
401705476,SAC,4066636,4.0,-0.7,-0.7
401705476,SAC,4395704,2.0,-0.7,-0.7
401705476,SAC,4433188,14.0,6.3,6.4
401705476,SAC,4592691,27.0,5.2,4.7
401705476,SAC,4592857,2.0,0.0,0.0
401705476,SAC,4594327,35.0,17.2,14.1
401705476,SAC,4702177,33.0,13.3,8.8
401705476,SAC,5107818,2.0,-0.4,0.0
401705476,SAS,2779,28.0,9.7,8.5
401705476,SAS,6427,19.0,6.4,4.6
401705476,SAS,6578,26.0,9.2,7.6
401705476,SAS,3134916,2.0,2.0,2.0
401705476,SAS,4066259,33.0,11.5,9.7
401705476,SAS,4278580,8.0,5.8,6.0
401705476,SAS,4395630,34.0,9.2,4.6
401705476,SAS,4395723,23.0,8.6,6.7
401705476,SAS,4565201,2.0,0.0,0.0
401705476,SAS,4592479,12.0,1.5,1.0
401705476,SAS,4610139,25.0,5.9,5.6
401705476,SAS,4683935,2.0,2.4,2.4
401705476,SAS,4845367,26.0,17.2,19.6
401705477,LAC,3416,34.0,15.0,11.5
401705477,LAC,3992,36.0,18.6,17.0
401705477,LAC,6450,37.0,15.7,13.0
401705477,LAC,2991139,29.0,5.4,1.4
401705477,LAC,3037789,27.0,10.0,7.5
401705477,LAC,3914285,4.0,-2.9,-2.4
401705477,LAC,3936099,18.0,7.5,6.3
401705477,LAC,4017837,39.0,12.2,9.1
401705477,LAC,4066387,15.0,3.1,4.0
401705477,NYK,3062679,46.0,15.1,10.5
401705477,NYK,3064230,14.0,2.3,1.0
401705477,NYK,3136195,34.0,14.5,11.3
401705477,NYK,3147657,43.0,18.2,17.7
401705477,NYK,3914044,17.0,2.4,1.6
401705477,NYK,3934719,37.0,6.5,4.7
401705477,NYK,4431679,16.0,10.4,8.5
401705477,NYK,4431823,34.0,1.9,1.5
401705478,BKN,3136776,29.0,25.2,22.5
401705478,BKN,4278067,29.0,11.1,9.6
401705478,BKN,4397179,18.0,4.4,3.4
401705478,BKN,4431675,21.0,7.6,6.4
401705478,BKN,4431714,19.0,4.1,4.0
401705478,BKN,4432174,29.0,6.5,6.3
401705478,BKN,4432192,25.0,2.8,1.3
401705478,BKN,4432194,19.0,6.3,2.7
401705478,BKN,4433137,32.0,14.3,13.8
401705478,BKN,4712896,18.0,-1.0,-2.8
401705478,CHA,3986,11.0,1.5,2.4
401705478,CHA,3913220,21.0,0.6,0.6
401705478,CHA,4066383,35.0,23.2,19.2
401705478,CHA,4066668,19.0,6.7,6.0
401705478,CHA,4431766,29.0,5.9,5.6
401705478,CHA,4432811,25.0,-0.2,0.4
401705478,CHA,4433249,37.0,18.9,17.2
401705478,CHA,4592187,11.0,7.4,5.8
401705478,CHA,4683686,32.0,11.8,11.6
401705478,CHA,5211176,19.0,7.3,5.7
401705479,HOU,3209,6.0,4.7,3.4
401705479,HOU,2991235,18.0,10.3,6.2
401705479,HOU,3136777,6.0,4.6,4.4
401705479,HOU,3146557,6.0,-0.1,0.0
401705479,HOU,3155526,25.0,24.7,23.6
401705479,HOU,3922230,24.0,13.6,12.4
401705479,HOU,4397821,6.0,1.9,0.6
401705479,HOU,4432639,25.0,13.3,10.5
401705479,HOU,4433192,24.0,7.4,7.1
401705479,HOU,4437244,28.0,9.7,7.6
401705479,HOU,4684740,33.0,19.0,17.2
401705479,HOU,4871144,32.0,22.2,19.7
401705479,HOU,5105592,8.0,8.1,8.1
401705479,NOP,2489663,22.0,1.5,-1.3
401705479,NOP,2490149,28.0,12.6,10.7
401705479,NOP,4277869,23.0,16.1,14.2
401705479,NOP,4278572,8.0,2.7,1.9
401705479,NOP,4395628,28.0,10.6,9.4
401705479,NOP,4397688,31.0,8.2,7.4
401705479,NOP,4432813,21.0,5.9,5.4
401705479,NOP,4683750,28.0,6.7,7.9
401705479,NOP,4997538,23.0,12.9,12.3
401705479,NOP,5061589,28.0,16.9,16.1
401705480,ATL,2990969,25.0,2.6,2.3
401705480,ATL,2991043,33.0,19.7,17.8
401705480,ATL,3102529,16.0,7.5,5.8
401705480,ATL,3907823,19.0,5.8,6.1
401705480,ATL,4277905,33.0,22.2,21.8
401705480,ATL,4279118,2.0,0.0,0.0
401705480,ATL,4431680,32.0,22.1,15.4
401705480,ATL,4712863,22.0,3.1,2.7
401705480,ATL,4869342,35.0,13.8,8.1
401705480,ATL,5211175,22.0,2.0,1.0
401705480,IND,3133628,34.0,12.6,8.7
401705480,IND,3149673,34.0,18.4,15.4
401705480,IND,3934723,14.0,9.3,8.1
401705480,IND,4278355,18.0,8.3,7.0
401705480,IND,4395712,31.0,13.6,11.4
401705480,IND,4396909,34.0,8.5,7.4
401705480,IND,4433076,19.0,2.7,3.0
401705480,IND,4592829,13.0,1.3,0.4
401705480,IND,4683634,40.0,23.7,21.4
401705480,IND,5106060,3.0,0.0,0.0
401705481,TOR,3134908,24.0,19.7,18.4
401705481,TOR,4067017,32.0,3.0,2.9
401705481,TOR,4395625,28.0,15.8,12.4
401705481,TOR,4397119,29.0,7.9,7.0
401705481,TOR,4397204,26.0,7.0,5.8
401705481,TOR,4431893,21.0,10.3,9.5
401705481,TOR,4432241,29.0,12.8,12.0
401705481,TOR,4433134,27.0,13.4,8.8
401705481,TOR,4593049,24.0,9.1,5.7
401705481,WAS,6609,24.0,9.2,7.0
401705481,WAS,2990992,18.0,8.2,8.0
401705481,WAS,2993370,20.0,15.1,12.0
401705481,WAS,4277956,31.0,30.2,27.0
401705481,WAS,4280151,27.0,9.3,9.0
401705481,WAS,4432907,4.0,0.7,0.0
401705481,WAS,4845374,21.0,2.8,3.7
401705481,WAS,5104155,36.0,18.1,14.3
401705481,WAS,5160992,28.0,4.4,1.2
401705481,WAS,5174563,31.0,4.0,1.7
401705482,CHI,4066372,30.0,4.2,0.7
401705482,CHI,4066650,32.0,19.3,16.2
401705482,CHI,4395626,33.0,17.4,14.3
401705482,CHI,4395651,33.0,12.4,12.3
401705482,CHI,4396991,6.0,1.3,0.7
401705482,CHI,4397189,16.0,5.2,3.3
401705482,CHI,4433159,8.0,2.6,2.7
401705482,CHI,4711294,32.0,7.7,7.0
401705482,CHI,4871145,37.0,26.6,23.1
401705482,CHI,5105553,13.0,-0.1,-0.7
401705482,MIA,3059319,28.0,14.2,13.0
401705482,MIA,3074752,27.0,13.9,11.4
401705482,MIA,3157465,22.0,4.8,5.6
401705482,MIA,4066261,38.0,16.1,13.0
401705482,MIA,4278053,30.0,6.4,6.1
401705482,MIA,4291678,21.0,-0.2,0.3
401705482,MIA,4395725,37.0,17.9,14.1
401705482,MIA,4432848,11.0,3.1,3.1
401705482,MIA,5105623,27.0,7.5,2.3
401705483,MIL,3448,27.0,6.5,5.4
401705483,MIL,6606,36.0,17.3,15.8
401705483,MIL,2990962,40.0,10.5,9.1
401705483,MIL,3032977,35.0,32.6,29.9
401705483,MIL,3134907,39.0,4.6,3.0
401705483,MIL,4277922,13.0,3.0,0.7
401705483,MIL,4397140,23.0,9.6,9.2
401705483,MIL,4397475,28.0,2.5,-0.3
401705483,ORL,2581018,37.0,5.1,4.3
401705483,ORL,2999547,12.0,0.6,0.7
401705483,ORL,4065654,9.0,2.3,2.4
401705483,ORL,4277847,31.0,1.3,2.0
401705483,ORL,4348700,9.0,2.5,3.0
401705483,ORL,4432573,37.0,20.8,19.6
401705483,ORL,4432809,31.0,23.1,21.1
401705483,ORL,4433623,6.0,0.2,0.6
401705483,ORL,4566434,38.0,15.1,13.5
401705483,ORL,4702382,11.0,5.6,3.7
401705483,ORL,4712849,18.0,6.6,4.7
401705484,BOS,3213,37.0,18.5,12.8
401705484,BOS,3995,35.0,5.0,5.5
401705484,BOS,3064560,11.0,6.3,6.4
401705484,BOS,3078576,36.0,12.8,9.9
401705484,BOS,3917376,42.0,21.7,18.0
401705484,BOS,4065648,45.0,32.5,27.7
401705484,BOS,4065804,12.0,-1.1,-0.7
401705484,BOS,4066354,23.0,2.9,1.3
401705484,LAL,1966,35.0,18.2,15.8
401705484,LAL,2578185,36.0,3.8,3.6
401705484,LAL,3137259,19.0,-1.5,-0.7
401705484,LAL,3945274,37.0,22.7,20.4
401705484,LAL,4066457,39.0,12.3,10.7
401705484,LAL,4278077,29.0,3.9,1.7
401705484,LAL,4278402,16.0,3.3,2.0
401705484,LAL,4395623,6.0,-1.1,-0.7
401705484,LAL,4897943,24.0,9.7,7.8
401705485,DET,6440,36.0,12.1,9.6
401705485,DET,2528210,29.0,3.3,1.5
401705485,DET,3032979,25.0,8.6,7.8
401705485,DET,3899664,10.0,-0.9,0.0
401705485,DET,3907822,28.0,12.2,8.1
401705485,DET,4432166,38.0,21.0,17.2
401705485,DET,4432810,17.0,3.7,4.4
401705485,DET,4433621,29.0,12.2,10.8
401705485,DET,4683771,11.0,2.0,2.0
401705485,DET,4684742,18.0,1.8,2.1
401705485,GSW,3975,33.0,20.5,19.3
401705485,GSW,6430,37.0,19.9,17.5
401705485,GSW,6589,31.0,14.0,9.1
401705485,GSW,2990984,19.0,7.6,5.0
401705485,GSW,3134903,22.0,3.6,2.0
401705485,GSW,3155535,11.0,1.8,2.1
401705485,GSW,4431684,2.0,0.6,-0.1
401705485,GSW,4432171,36.0,11.1,8.4
401705485,GSW,4592714,2.0,-1.4,-1.0
401705485,GSW,4593016,20.0,0.5,0.9
401705485,GSW,4997536,25.0,12.2,12.7
401705486,DEN,3468,31.0,6.2,5.1
401705486,DEN,3064290,7.0,4.3,4.0
401705486,DEN,3112335,41.0,21.2,16.0
401705486,DEN,3936299,42.0,10.1,9.3
401705486,DEN,4230557,1.0,0.0,0.0
401705486,DEN,4278104,38.0,17.1,14.4
401705486,DEN,4395620,1.0,0.0,0.0
401705486,DEN,4398390,16.0,3.9,4.0
401705486,DEN,4431690,22.0,2.1,1.9
401705486,DEN,4431767,32.0,12.8,12.4
401705486,DEN,4433268,1.0,0.0,0.0
401705486,DEN,4576087,6.0,-1.1,-0.7
401705486,DEN,4592427,1.0,-0.7,-0.7
401705486,OKC,2991350,17.0,9.3,7.1
401705486,OKC,3133626,4.0,-0.4,0.0
401705486,OKC,4222252,31.0,9.6,8.2
401705486,OKC,4278073,35.0,30.2,27.5
401705486,OKC,4395702,13.0,4.4,4.4
401705486,OKC,4397020,30.0,6.2,3.7
401705486,OKC,4397183,18.0,4.1,1.0
401705486,OKC,4432823,10.0,7.7,7.3
401705486,OKC,4433255,26.0,14.1,11.5
401705486,OKC,4593803,38.0,29.4,24.6
401705486,OKC,4683692,17.0,3.9,2.6
401705486,OKC,4997526,1.0,0.0,0.0
401705487,DAL,6475,32.0,18.1,16.0
401705487,DAL,2531367,6.0,2.7,1.4
401705487,DAL,2580782,29.0,1.1,1.2
401705487,DAL,3102528,22.0,10.6,10.5
401705487,DAL,3138160,18.0,0.5,0.3
401705487,DAL,4278594,41.0,33.1,29.1
401705487,DAL,4397040,24.0,16.0,12.2
401705487,DAL,4397693,31.0,6.4,6.0
401705487,DAL,4432582,37.0,12.0,11.5
401705487,PHX,3202,38.0,17.1,14.0
401705487,PHX,6580,29.0,20.9,19.0
401705487,PHX,2488653,20.0,12.6,11.8
401705487,PHX,2583632,29.0,9.1,6.8
401705487,PHX,3135045,23.0,15.9,14.2
401705487,PHX,3135046,23.0,3.0,2.4
401705487,PHX,3136193,38.0,17.2,16.5
401705487,PHX,4278076,19.0,12.1,10.2
401705487,PHX,4278585,3.0,1.0,1.0
401705487,PHX,4397102,17.0,6.3,5.8
401705487,PHX,4888725,2.0,1.3,0.0
401705488,CLE,6474,3.0,1.3,1.0
401705488,CLE,2596112,3.0,2.0,2.0
401705488,CLE,3908809,30.0,8.8,6.6
401705488,CLE,3912848,15.0,10.3,8.8
401705488,CLE,4065732,19.0,4.5,4.3
401705488,CLE,4065733,18.0,4.7,4.6
401705488,CLE,4065778,22.0,15.6,13.9
401705488,CLE,4066328,30.0,14.6,10.9
401705488,CLE,4066757,20.0,7.9,6.7
401705488,CLE,4396907,29.0,7.1,6.7
401705488,CLE,4432158,28.0,12.2,7.4
401705488,CLE,4432822,16.0,3.7,4.1
401705488,CLE,4683747,3.0,0.0,0.0
401705488,CLE,4701233,3.0,-1.0,-1.0
401705488,MIL,3448,30.0,5.4,4.1
401705488,MIL,6606,35.0,15.4,13.0
401705488,MIL,2990962,30.0,2.8,2.0
401705488,MIL,3032977,34.0,20.8,17.7
401705488,MIL,3134907,32.0,6.4,4.0
401705488,MIL,4277843,20.0,0.4,-0.2
401705488,MIL,4277922,18.0,7.0,4.2
401705488,MIL,4397140,10.0,-0.1,-0.3
401705488,MIL,4397475,20.0,-0.6,-0.7
401705488,MIL,4432190,3.0,1.3,1.4
401705488,MIL,4433622,3.0,2.7,1.7
401705488,MIL,4591725,3.0,8.4,8.1
401705488,MIL,5167876,3.0,-0.7,-0.7
401705489,MEM,3134932,10.0,0.3,0.4
401705489,MEM,3906665,17.0,1.4,0.0
401705489,MEM,4065731,14.0,8.2,6.4
401705489,MEM,4066320,38.0,26.6,23.4
401705489,MEM,4066405,4.0,0.5,-0.1
401705489,MEM,4279888,37.0,25.3,22.6
401705489,MEM,4397227,24.0,2.5,1.6
401705489,MEM,4431785,29.0,14.3,11.9
401705489,MEM,4600663,23.0,11.0,8.6
401705489,MEM,5105550,12.0,-3.9,-3.8
401705489,MEM,5112087,33.0,2.6,1.2
401705489,NOP,2489663,31.0,11.7,10.4
401705489,NOP,4065670,20.0,0.8,0.9
401705489,NOP,4277869,32.0,9.1,7.1
401705489,NOP,4278572,11.0,1.2,1.3
401705489,NOP,4397688,37.0,16.8,14.9
401705489,NOP,4432813,9.0,-1.5,-1.4
401705489,NOP,4592686,22.0,10.8,11.2
401705489,NOP,4683750,24.0,7.9,6.7
401705489,NOP,4997538,26.0,13.6,10.1
401705489,NOP,5061589,28.0,7.4,4.7
401705490,PHI,6585,10.0,4.7,4.0
401705490,PHI,3133603,20.0,2.7,3.7
401705490,PHI,4017844,12.0,-2.5,-2.4
401705490,PHI,4066786,12.0,7.4,7.1
401705490,PHI,4277812,15.0,10.1,4.7
401705490,PHI,4277890,34.0,21.4,17.8
401705490,PHI,4395695,29.0,15.2,14.7
401705490,PHI,4397014,27.0,20.9,19.5
401705490,PHI,4701234,21.0,5.4,4.7
401705490,PHI,4711297,29.0,3.5,3.2
401705490,PHI,5105637,32.0,17.4,10.3
401705490,UTA,3133602,19.0,1.0,0.0
401705490,UTA,4066399,16.0,3.0,1.5
401705490,UTA,4431828,36.0,14.8,13.9
401705490,UTA,4432817,29.0,10.6,9.3
401705490,UTA,4433627,33.0,15.5,11.8
401705490,UTA,4683766,30.0,9.9,8.3
401705490,UTA,4684793,31.0,21.6,19.4
401705490,UTA,4895758,16.0,6.3,4.7
401705490,UTA,5105839,31.0,11.9,9.1
401705491,MIN,3195,23.0,12.8,12.5
401705491,MIN,3032976,20.0,17.6,15.7
401705491,MIN,3064514,30.0,17.6,17.4
401705491,MIN,3934673,27.0,11.1,12.1
401705491,MIN,4277951,3.0,3.7,3.7
401705491,MIN,4278039,24.0,9.0,7.4
401705491,MIN,4396971,27.0,16.6,14.2
401705491,MIN,4431671,30.0,17.9,15.7
401705491,MIN,4432247,13.0,3.7,3.4
401705491,MIN,4432847,8.0,-0.5,-0.7
401705491,MIN,4594268,30.0,19.9,18.3
401705491,MIN,4684275,3.0,-1.0,-1.0
401705491,MIN,4687718,2.0,2.7,1.0
401705491,SAS,2779,25.0,12.6,9.6
401705491,SAS,6427,18.0,9.1,8.9
401705491,SAS,6578,22.0,10.5,11.4
401705491,SAS,3134916,6.0,4.4,4.4
401705491,SAS,4066259,27.0,17.7,17.9
401705491,SAS,4278580,14.0,10.5,8.2
401705491,SAS,4395630,33.0,10.5,7.4
401705491,SAS,4395723,25.0,8.6,7.4
401705491,SAS,4592479,17.0,2.1,1.6
401705491,SAS,4610139,18.0,1.8,0.6
401705491,SAS,4683935,9.0,1.6,1.1
401705491,SAS,4845367,28.0,17.8,16.7
401705492,DET,6440,37.0,19.2,16.9
401705492,DET,2528210,27.0,11.6,9.1
401705492,DET,3032979,24.0,9.2,9.0
401705492,DET,3899664,11.0,6.2,6.1
401705492,DET,3907822,26.0,3.1,1.9
401705492,DET,4432166,36.0,15.2,15.5
401705492,DET,4432810,19.0,8.3,3.9
401705492,DET,4433621,29.0,18.6,15.6
401705492,DET,4683771,10.0,3.0,2.0
401705492,DET,4684742,21.0,4.1,2.9
401705492,POR,2991070,36.0,17.5,17.7
401705492,POR,4066268,25.0,3.7,1.2
401705492,POR,4351851,36.0,21.9,21.1
401705492,POR,4397885,15.0,2.6,1.7
401705492,POR,4431736,33.0,7.6,6.0
401705492,POR,4432446,14.0,8.4,7.0
401705492,POR,4683678,32.0,5.5,6.2
401705492,POR,4914336,28.0,3.4,4.2
401705492,POR,5105565,22.0,3.1,0.3
401705493,LAC,3416,28.0,9.6,8.1
401705493,LAC,3992,44.0,24.3,21.6
401705493,LAC,6450,40.0,7.2,5.1
401705493,LAC,2991139,27.0,2.0,1.7
401705493,LAC,3037789,23.0,9.0,8.5
401705493,LAC,3936099,28.0,14.2,14.1
401705493,LAC,4017837,44.0,21.1,16.3
401705493,LAC,4066387,27.0,-1.6,-0.4
401705493,LAC,4431752,4.0,0.9,1.7
401705493,SAC,3978,44.0,28.9,27.3
401705493,SAC,6477,42.0,9.9,5.4
401705493,SAC,3064440,44.0,19.9,18.5
401705493,SAC,3136196,11.0,2.2,1.0
401705493,SAC,4066636,2.0,-0.7,-0.7
401705493,SAC,4433188,12.0,7.2,7.3
401705493,SAC,4592691,31.0,9.2,6.1
401705493,SAC,4594327,47.0,10.0,10.8
401705493,SAC,4702177,31.0,4.5,4.3
401705494,ATL,2990969,26.0,9.3,9.6
401705494,ATL,3102529,18.0,8.3,4.1
401705494,ATL,3907823,33.0,17.8,16.0
401705494,ATL,4279118,31.0,3.1,4.4
401705494,ATL,4431680,30.0,14.1,14.3
401705494,ATL,4578893,17.0,5.2,5.8
401705494,ATL,4712863,21.0,17.1,13.5
401705494,ATL,4869342,33.0,24.1,21.8
401705494,ATL,5211175,31.0,14.2,12.5
401705494,PHI,4017844,27.0,5.8,7.1
401705494,PHI,4066786,28.0,17.4,15.9
401705494,PHI,4277812,18.0,2.6,0.9
401705494,PHI,4277890,30.0,5.4,4.2
401705494,PHI,4395695,24.0,9.6,9.5
401705494,PHI,4397014,39.0,28.0,23.3
401705494,PHI,4701234,29.0,16.6,14.8
401705494,PHI,4711297,20.0,4.3,2.6
401705494,PHI,5105637,24.0,12.1,11.9
401705495,BOS,3995,32.0,12.0,8.5
401705495,BOS,2528693,12.0,4.3,3.7
401705495,BOS,3064560,30.0,8.1,4.7
401705495,BOS,3078576,36.0,18.0,15.2
401705495,BOS,3917376,38.0,22.4,16.7
401705495,BOS,4065804,35.0,26.0,24.1
401705495,BOS,4066354,26.0,5.5,3.6
401705495,BOS,4397424,17.0,7.2,5.2
401705495,BOS,4593841,12.0,1.9,1.4
401705495,UTA,3133602,23.0,5.2,4.7
401705495,UTA,3908845,34.0,17.0,14.7
401705495,UTA,4277811,33.0,10.8,11.0
401705495,UTA,4431828,14.0,-0.5,-0.3
401705495,UTA,4432817,19.0,1.7,1.3
401705495,UTA,4433136,31.0,13.0,10.8
401705495,UTA,4683766,28.0,8.4,8.1
401705495,UTA,4684793,16.0,3.4,1.6
401705495,UTA,4895758,16.0,5.6,3.7
401705495,UTA,5105839,25.0,21.8,20.0
401705496,BKN,3136776,29.0,8.8,6.3
401705496,BKN,3138196,33.0,16.6,12.9
401705496,BKN,4278067,31.0,12.1,11.3
401705496,BKN,4397179,27.0,10.3,8.0
401705496,BKN,4431714,15.0,0.4,0.6
401705496,BKN,4432187,9.0,0.8,1.3
401705496,BKN,4432192,25.0,14.8,13.3
401705496,BKN,4432194,17.0,6.9,6.4
401705496,BKN,4433137,31.0,7.9,3.6
401705496,BKN,4712896,23.0,16.5,14.3
401705496,LAL,2596107,13.0,0.6,1.1
401705496,LAL,3137259,34.0,18.3,19.9
401705496,LAL,3915195,6.0,0.7,0.7
401705496,LAL,3945274,41.0,15.6,10.7
401705496,LAL,4066457,36.0,14.7,13.4
401705496,LAL,4278077,27.0,9.7,7.2
401705496,LAL,4278402,24.0,14.4,12.5
401705496,LAL,4395623,18.0,0.4,0.0
401705496,LAL,4897943,41.0,8.9,8.5
401705497,CHA,2326307,14.0,-2.5,-2.4
401705497,CHA,3102530,10.0,5.5,4.7
401705497,CHA,3913220,34.0,6.7,5.3
401705497,CHA,4066383,37.0,30.1,28.0
401705497,CHA,4066668,15.0,6.3,4.4
401705497,CHA,4432811,32.0,3.8,2.4
401705497,CHA,4432816,36.0,8.1,6.7
401705497,CHA,4433249,9.0,2.3,0.3
401705497,CHA,4592187,7.0,2.0,2.0
401705497,CHA,4683686,16.0,0.2,0.3
401705497,CHA,4701232,29.0,26.7,21.6
401705497,MIA,3059319,34.0,12.3,10.8
401705497,MIA,3074752,14.0,4.4,0.9
401705497,MIA,3157465,26.0,9.2,10.0
401705497,MIA,4066261,38.0,25.2,21.6
401705497,MIA,4278053,23.0,5.0,4.8
401705497,MIA,4291678,31.0,7.2,6.5
401705497,MIA,4395725,33.0,12.2,11.0
401705497,MIA,4432848,14.0,1.1,-1.4
401705497,MIA,4601025,4.0,0.7,0.7
401705497,MIA,5105623,23.0,0.5,-0.7
401705498,TOR,4023,9.0,2.7,1.4
401705498,TOR,4067017,33.0,22.5,20.4
401705498,TOR,4395625,27.0,10.4,9.0
401705498,TOR,4395724,28.0,12.8,11.7
401705498,TOR,4397119,26.0,5.8,5.9
401705498,TOR,4397204,27.0,7.1,6.5
401705498,TOR,4431893,12.0,2.9,3.0
401705498,TOR,4432241,27.0,6.3,6.1
401705498,TOR,4433134,26.0,8.2,5.5
401705498,TOR,4593049,26.0,16.9,15.4
401705498,WAS,2581184,14.0,4.9,4.7
401705498,WAS,4277956,23.0,9.4,8.7
401705498,WAS,4280151,22.0,8.2,8.0
401705498,WAS,4432907,24.0,7.2,3.1
401705498,WAS,4684737,9.0,3.2,2.3
401705498,WAS,4702233,8.0,3.6,3.4
401705498,WAS,4845374,26.0,2.4,0.6
401705498,WAS,4997537,25.0,9.9,8.7
401705498,WAS,5104155,8.0,3.6,3.0
401705498,WAS,5160992,30.0,12.7,9.2
401705498,WAS,5170947,23.0,3.6,3.4
401705498,WAS,5174563,28.0,13.3,10.1
401705499,CHI,6478,24.0,9.4,7.5
401705499,CHI,3133635,3.0,4.4,4.4
401705499,CHI,4066372,34.0,6.5,3.2
401705499,CHI,4066650,23.0,12.4,9.0
401705499,CHI,4395626,34.0,6.6,6.5
401705499,CHI,4395651,34.0,20.5,19.5
401705499,CHI,4396991,3.0,0.3,0.0
401705499,CHI,4431687,13.0,-2.3,-2.1
401705499,CHI,4433159,4.0,0.7,0.7
401705499,CHI,4711294,24.0,2.7,2.0
401705499,CHI,4871145,28.0,23.9,20.6
401705499,CHI,5105553,17.0,10.1,9.5
401705499,IND,3999,4.0,-1.5,-1.4
401705499,IND,2530530,9.0,2.7,2.7
401705499,IND,3133628,23.0,11.5,9.6
401705499,IND,3149673,24.0,8.9,8.0
401705499,IND,3934723,11.0,0.5,-0.1
401705499,IND,4065673,8.0,7.1,6.4
401705499,IND,4278355,20.0,8.6,6.4
401705499,IND,4395712,22.0,8.9,6.1
401705499,IND,4396909,23.0,8.5,6.0
401705499,IND,4431941,8.0,2.0,0.7
401705499,IND,4433076,21.0,11.6,11.5
401705499,IND,4592829,14.0,5.6,2.7
401705499,IND,4683634,23.0,-0.2,0.3
401705499,IND,5106060,14.0,3.9,3.3
401705499,IND,5157066,18.0,6.3,1.3
401705500,HOU,3209,19.0,4.9,5.3
401705500,HOU,2991235,23.0,15.2,13.4
401705500,HOU,3136777,2.0,0.7,0.0
401705500,HOU,3146557,2.0,-0.1,0.0
401705500,HOU,3155526,37.0,5.6,4.5
401705500,HOU,3922230,16.0,2.4,3.3
401705500,HOU,4397821,2.0,-1.4,-1.0
401705500,HOU,4432639,32.0,14.5,12.1
401705500,HOU,4433192,33.0,2.6,-0.1
401705500,HOU,4437244,32.0,10.5,7.1
401705500,HOU,4871144,38.0,12.2,10.3
401705500,HOU,5105592,2.0,0.3,0.0
401705500,ORL,2581018,21.0,-0.7,-1.0
401705500,ORL,2999547,11.0,3.3,2.0
401705500,ORL,4065654,14.0,9.6,5.7
401705500,ORL,4277847,30.0,9.0,7.4
401705500,ORL,4348700,12.0,2.4,3.0
401705500,ORL,4409222,12.0,4.9,3.0
401705500,ORL,4432573,36.0,17.2,15.0
401705500,ORL,4432809,31.0,2.4,1.6
401705500,ORL,4433623,6.0,3.6,4.0
401705500,ORL,4566434,34.0,9.9,7.3
401705500,ORL,4702382,10.0,-1.8,-2.1
401705500,ORL,4712849,20.0,2.0,1.2
401705500,ORL,5105806,3.0,-2.2,-2.1
401705501,MEM,3134932,6.0,-0.1,0.0
401705501,MEM,4065731,25.0,8.4,7.3
401705501,MEM,4066320,34.0,5.6,4.3
401705501,MEM,4066405,22.0,12.0,10.4
401705501,MEM,4277848,22.0,8.6,7.0
401705501,MEM,4279888,34.0,28.3,27.6
401705501,MEM,4431785,27.0,10.9,8.3
401705501,MEM,4433083,20.0,15.9,13.8
401705501,MEM,5105550,26.0,11.7,9.5
401705501,MEM,5112087,23.0,-0.7,-1.1
401705501,PHX,3202,41.0,24.5,23.8
401705501,PHX,2488653,26.0,8.4,7.7
401705501,PHX,2583632,28.0,9.2,7.1
401705501,PHX,3135045,25.0,7.1,7.7
401705501,PHX,3135046,29.0,13.5,11.9
401705501,PHX,3136193,40.0,16.6,15.1
401705501,PHX,4278076,20.0,9.3,7.5
401705501,PHX,4278585,13.0,0.9,1.1
401705501,PHX,4397102,17.0,3.6,3.3
401705502,DEN,3468,33.0,15.7,15.3
401705502,DEN,3112335,40.0,37.5,32.6
401705502,DEN,3936299,40.0,30.0,28.6
401705502,DEN,4278104,38.0,14.2,11.8
401705502,DEN,4398390,18.0,6.0,5.1
401705502,DEN,4431690,11.0,0.6,-0.2
401705502,DEN,4431767,36.0,13.0,11.8
401705502,DEN,4576087,24.0,12.0,11.5
401705502,OKC,2991350,20.0,6.7,6.4
401705502,OKC,4222252,26.0,14.7,14.8
401705502,OKC,4278073,36.0,23.2,21.0
401705502,OKC,4395702,16.0,1.6,2.4
401705502,OKC,4397020,34.0,25.2,20.5
401705502,OKC,4397183,22.0,6.5,5.0
401705502,OKC,4432823,10.0,-2.7,-2.8
401705502,OKC,4433255,29.0,3.0,0.8
401705502,OKC,4593803,14.0,10.4,9.8
401705502,OKC,4683692,29.0,18.4,15.1
401705502,OKC,4702159,2.0,0.0,0.0
401705502,OKC,4997526,2.0,1.4,1.4
401705503,DAL,6475,36.0,21.7,22.2
401705503,DAL,2531367,21.0,10.5,9.8
401705503,DAL,2580782,37.0,25.3,24.0
401705503,DAL,3102528,24.0,3.6,5.0
401705503,DAL,3138160,20.0,4.8,3.0
401705503,DAL,4278594,39.0,15.0,12.8
401705503,DAL,4397693,35.0,24.0,22.1
401705503,DAL,4432582,28.0,6.8,4.6
401705503,SAS,2779,22.0,9.4,8.6
401705503,SAS,6427,17.0,5.2,3.0
401705503,SAS,6578,38.0,27.9,26.4
401705503,SAS,4066259,34.0,9.5,9.5
401705503,SAS,4278580,10.0,3.1,3.0
401705503,SAS,4395630,34.0,14.9,15.4
401705503,SAS,4395723,29.0,22.3,21.5
401705503,SAS,4592479,15.0,0.5,0.6
401705503,SAS,4683935,11.0,1.6,2.0
401705503,SAS,4845367,30.0,9.7,8.5
401705504,GSW,3975,34.0,17.7,15.4
401705504,GSW,6430,35.0,22.8,18.0
401705504,GSW,6589,28.0,8.6,3.8
401705504,GSW,2990984,25.0,21.0,19.1
401705504,GSW,3134903,28.0,20.8,19.6
401705504,GSW,3155535,20.0,8.3,5.5
401705504,GSW,4432171,30.0,17.4,15.8
401705504,GSW,4593016,25.0,9.6,6.7
401705504,GSW,4997536,15.0,-1.1,-0.3
401705504,POR,4066268,15.0,1.6,1.0
401705504,POR,4351851,39.0,23.1,20.5
401705504,POR,4397885,7.0,-2.8,-2.8
401705504,POR,4431736,37.0,5.5,1.3
401705504,POR,4432446,11.0,8.3,8.8
401705504,POR,4683021,41.0,32.5,26.8
401705504,POR,4683678,30.0,6.3,6.1
401705504,POR,4914336,29.0,5.9,5.5
401705504,POR,5105565,32.0,21.2,18.7
401705505,NYK,3062679,31.0,12.8,11.8
401705505,NYK,3064230,14.0,3.2,4.8
401705505,NYK,3064447,6.0,2.7,2.4
401705505,NYK,3136195,28.0,19.2,17.4
401705505,NYK,3147657,34.0,16.9,16.7
401705505,NYK,3914044,24.0,11.6,10.1
401705505,NYK,3934719,37.0,26.8,20.5
401705505,NYK,4351852,16.0,5.5,1.8
401705505,NYK,4431679,5.0,0.6,1.0
401705505,NYK,4431705,4.0,-2.4,-2.4
401705505,NYK,4431823,32.0,21.9,20.2
401705505,NYK,4432179,5.0,0.5,0.3
401705505,NYK,4433225,5.0,-1.8,-1.4
401705505,SAC,3978,28.0,8.0,7.8
401705505,SAC,6477,22.0,11.1,9.2
401705505,SAC,2528588,5.0,-1.4,-1.4
401705505,SAC,3064440,36.0,11.6,9.1
401705505,SAC,3136196,14.0,-1.2,0.0
401705505,SAC,3936296,6.0,-0.8,-1.4
401705505,SAC,4066262,30.0,9.6,10.5
401705505,SAC,4066636,8.0,2.0,1.0
401705505,SAC,4395704,6.0,2.0,1.3
401705505,SAC,4433188,12.0,2.5,1.0
401705505,SAC,4592857,6.0,4.1,4.1
401705505,SAC,4594327,30.0,4.1,4.3
401705505,SAC,4702177,18.0,7.1,6.4
401705505,SAC,5107818,19.0,13.0,11.1
401705506,BKN,3138196,28.0,17.3,15.3
401705506,BKN,4278067,29.0,7.8,6.4
401705506,BKN,4397179,21.0,2.8,2.3
401705506,BKN,4431675,20.0,3.2,2.2
401705506,BKN,4431714,15.0,9.6,8.4
401705506,BKN,4432174,32.0,17.0,16.7
401705506,BKN,4432192,29.0,-1.7,-4.1
401705506,BKN,4432194,19.0,9.7,7.2
401705506,BKN,4433137,30.0,10.8,10.4
401705506,BKN,4712896,17.0,9.7,9.7
401705506,CLE,2596112,6.0,1.6,1.3
401705506,CLE,3912848,24.0,1.2,0.3
401705506,CLE,4065778,31.0,5.7,4.6
401705506,CLE,4066328,34.0,24.3,20.5
401705506,CLE,4066757,27.0,1.9,0.9
401705506,CLE,4396907,36.0,25.4,20.2
401705506,CLE,4432158,34.0,19.5,17.1
401705506,CLE,4432822,33.0,1.5,0.5
401705506,CLE,4701233,14.0,6.7,5.8
401705507,DET,6440,31.0,9.7,5.0
401705507,DET,2528210,23.0,10.1,6.9
401705507,DET,3032979,23.0,7.5,6.3
401705507,DET,3899664,18.0,8.0,6.8
401705507,DET,3907822,22.0,12.0,11.8
401705507,DET,4066317,2.0,5.1,5.1
401705507,DET,4278562,2.0,-0.1,-0.7
401705507,DET,4432107,2.0,0.7,0.7
401705507,DET,4432166,32.0,20.7,19.6
401705507,DET,4432810,21.0,9.7,9.6
401705507,DET,4433621,25.0,15.2,12.2
401705507,DET,4683771,18.0,0.1,-0.7
401705507,DET,4684742,20.0,6.2,6.1
401705507,WAS,6609,23.0,1.4,1.6
401705507,WAS,2581184,2.0,0.7,0.7
401705507,WAS,2990992,21.0,12.7,12.1
401705507,WAS,2993370,22.0,13.2,11.9
401705507,WAS,4277956,26.0,10.7,7.6
401705507,WAS,4280151,26.0,8.2,6.7
401705507,WAS,4432907,31.0,4.6,2.3
401705507,WAS,4433378,2.0,0.0,0.0
401705507,WAS,4684737,2.0,-0.7,-0.7
401705507,WAS,4845374,31.0,8.9,9.5
401705507,WAS,5160992,23.0,1.9,0.1
401705507,WAS,5174563,31.0,12.7,9.4
401705508,IND,2530530,21.0,17.9,13.0
401705508,IND,3133628,28.0,8.6,7.3
401705508,IND,3149673,37.0,22.8,20.0
401705508,IND,3934723,19.0,7.0,6.3
401705508,IND,4278355,6.0,1.6,2.0
401705508,IND,4395712,29.0,12.7,11.8
401705508,IND,4396909,31.0,3.6,2.6
401705508,IND,4396993,32.0,16.9,14.3
401705508,IND,4433076,15.0,-1.9,-2.0
401705508,IND,4683634,22.0,11.1,10.3
401705508,MIL,3448,36.0,22.1,20.0
401705508,MIL,6606,37.0,11.6,11.1
401705508,MIL,2990962,34.0,12.1,10.4
401705508,MIL,3032977,34.0,19.3,15.3
401705508,MIL,3134907,31.0,3.1,2.3
401705508,MIL,4277843,20.0,5.0,5.3
401705508,MIL,4277922,12.0,6.7,4.8
401705508,MIL,4397140,17.0,6.1,6.7
401705508,MIL,4397475,20.0,5.2,6.1
401705509,LAC,3416,28.0,5.9,3.6
401705509,LAC,3992,40.0,24.8,22.8
401705509,LAC,6450,36.0,24.8,20.8
401705509,LAC,2991139,31.0,10.5,8.5
401705509,LAC,3037789,16.0,3.6,4.0
401705509,LAC,3936099,26.0,8.2,7.7
401705509,LAC,4017837,38.0,23.2,19.8
401705509,LAC,4066387,20.0,8.0,5.7
401705509,LAC,4431752,4.0,0.0,0.0
401705509,NOP,2490149,33.0,19.6,17.6
401705509,NOP,4065670,30.0,12.7,11.9
401705509,NOP,4277869,25.0,12.8,10.6
401705509,NOP,4277919,15.0,1.0,-0.7
401705509,NOP,4395628,33.0,22.8,20.2
401705509,NOP,4397688,36.0,12.4,10.0
401705509,NOP,4683750,22.0,8.2,8.1
401705509,NOP,4997538,20.0,15.8,13.9
401705509,NOP,5061589,26.0,9.1,7.1
401705510,CHI,4066372,25.0,9.5,8.1
401705510,CHI,4066650,12.0,-0.8,0.6
401705510,CHI,4395626,30.0,19.1,17.6
401705510,CHI,4395651,37.0,32.4,30.1
401705510,CHI,4396991,9.0,-0.2,-0.1
401705510,CHI,4397189,26.0,1.7,1.3
401705510,CHI,4433159,13.0,3.6,3.4
401705510,CHI,4711294,29.0,7.8,6.8
401705510,CHI,4871145,39.0,21.2,18.3
401705510,CHI,5105553,20.0,1.9,2.1
401705510,ORL,6446,8.0,-0.1,0.0
401705510,ORL,2581018,32.0,16.2,14.9
401705510,ORL,4277847,26.0,16.1,15.8
401705510,ORL,4348700,17.0,10.2,9.9
401705510,ORL,4432573,38.0,13.3,11.6
401705510,ORL,4432809,24.0,15.8,14.8
401705510,ORL,4433623,8.0,2.6,2.0
401705510,ORL,4566434,38.0,12.8,11.0
401705510,ORL,4702382,21.0,2.8,2.6
401705510,ORL,4712849,20.0,8.6,5.0
401705510,ORL,5105806,10.0,2.2,0.6
401705511,ATL,2990969,26.0,12.6,11.5
401705511,ATL,2991043,26.0,11.9,10.1
401705511,ATL,3907823,21.0,6.8,7.0
401705511,ATL,4277905,35.0,30.7,28.6
401705511,ATL,4431680,31.0,4.3,5.4
401705511,ATL,4578893,15.0,7.9,7.0
401705511,ATL,4712863,14.0,9.3,5.7
401705511,ATL,4869342,34.0,9.6,3.7
401705511,ATL,4870562,18.0,9.8,6.6
401705511,ATL,5211175,21.0,5.8,3.3
401705511,CHA,2326307,11.0,0.9,0.0
401705511,CHA,3102530,11.0,1.5,0.7
401705511,CHA,3913220,32.0,10.4,11.4
401705511,CHA,4066383,37.0,29.9,21.8
401705511,CHA,4277892,19.0,0.2,1.1
401705511,CHA,4432811,30.0,-0.0,-1.4
401705511,CHA,4432816,30.0,18.9,17.4
401705511,CHA,4433249,12.0,4.6,5.2
401705511,CHA,4592187,14.0,2.6,1.4
401705511,CHA,4683686,19.0,1.8,1.7
401705511,CHA,4701232,26.0,15.1,10.6
401705512,BOS,3213,34.0,19.0,14.9
401705512,BOS,3995,35.0,8.9,6.4
401705512,BOS,2528693,4.0,-0.9,-0.7
401705512,BOS,3064560,15.0,9.3,10.5
401705512,BOS,3078576,37.0,20.0,16.5
401705512,BOS,3917376,38.0,3.1,1.6
401705512,BOS,4065648,41.0,25.7,24.7
401705512,BOS,4065804,11.0,0.5,0.3
401705512,BOS,4066354,25.0,2.2,2.6
401705512,OKC,3133626,22.0,9.3,8.3
401705512,OKC,4222252,25.0,11.6,9.8
401705512,OKC,4278073,39.0,25.6,24.6
401705512,OKC,4395702,25.0,7.5,7.7
401705512,OKC,4397020,39.0,6.0,5.5
401705512,OKC,4397183,20.0,-3.7,-4.9
401705512,OKC,4433255,34.0,21.2,18.4
401705512,OKC,4683692,30.0,13.6,10.5
401705512,OKC,4997526,6.0,2.0,1.7
401705513,PHI,6585,25.0,4.5,2.7
401705513,PHI,3133603,26.0,10.6,6.8
401705513,PHI,4066786,27.0,18.5,16.6
401705513,PHI,4277812,18.0,1.1,-0.7
401705513,PHI,4395695,35.0,9.3,7.1
401705513,PHI,4397014,31.0,17.8,13.0
401705513,PHI,4701234,33.0,4.6,3.8
401705513,PHI,4711297,22.0,1.4,0.6
401705513,PHI,5105637,23.0,16.7,13.2
401705513,TOR,4023,22.0,7.3,7.6
401705513,TOR,3134908,17.0,9.1,4.5
401705513,TOR,4067017,36.0,17.6,17.7
401705513,TOR,4397119,43.0,24.2,18.2
401705513,TOR,4397204,40.0,9.1,4.8
401705513,TOR,4431893,38.0,1.8,0.5
401705513,TOR,4432241,12.0,3.7,4.1
401705513,TOR,4593049,32.0,22.5,21.6
401705514,LAC,3416,33.0,4.2,3.0
401705514,LAC,3992,39.0,20.7,17.6
401705514,LAC,4004,2.0,0.0,0.0
401705514,LAC,2991139,24.0,7.0,4.5
401705514,LAC,3037789,39.0,23.6,21.0
401705514,LAC,3914285,9.0,4.6,4.8
401705514,LAC,3936099,23.0,6.1,3.9
401705514,LAC,4017837,38.0,23.7,22.1
401705514,LAC,4066387,25.0,11.4,10.8
401705514,LAC,4396818,7.0,2.0,2.4
401705514,LAC,4431752,1.0,-1.0,-1.0
401705514,MIA,3059319,36.0,14.2,13.4
401705514,MIA,3074752,16.0,6.1,6.1
401705514,MIA,3157465,27.0,11.0,9.7
401705514,MIA,4066261,35.0,12.1,6.5
401705514,MIA,4278053,17.0,4.2,2.6
401705514,MIA,4291678,14.0,-2.1,-2.4
401705514,MIA,4395725,42.0,28.2,24.7
401705514,MIA,4432848,6.0,3.0,2.7
401705514,MIA,4601025,28.0,7.7,6.3
401705514,MIA,5105623,18.0,5.7,5.2
401705515,HOU,3209,7.0,-1.1,-1.4
401705515,HOU,2991230,28.0,11.9,8.1
401705515,HOU,2991235,11.0,2.2,2.0
401705515,HOU,3136777,2.0,0.0,0.0
401705515,HOU,3146557,9.0,2.5,2.7
401705515,HOU,3155526,35.0,12.9,13.4
401705515,HOU,3922230,13.0,3.2,2.6
401705515,HOU,4397821,2.0,0.0,0.0
401705515,HOU,4432639,33.0,4.5,4.4
401705515,HOU,4433192,26.0,13.2,10.0
401705515,HOU,4437244,37.0,26.5,21.4
401705515,HOU,4871144,33.0,18.8,18.8
401705515,HOU,5105592,6.0,-1.8,-2.8
401705515,PHX,3202,37.0,11.8,8.4
401705515,PHX,6580,33.0,18.3,18.9
401705515,PHX,2488653,13.0,5.6,4.1
401705515,PHX,2583632,28.0,5.9,1.8
401705515,PHX,2595209,2.0,2.7,2.7
401705515,PHX,3135046,20.0,10.6,9.8
401705515,PHX,3136193,37.0,11.0,11.3
401705515,PHX,4278585,5.0,4.4,4.1
401705515,PHX,4397102,17.0,4.1,2.3
401705515,PHX,4601023,28.0,7.6,5.2
401705515,PHX,4683749,2.0,-0.7,-0.7
401705515,PHX,4888725,17.0,3.5,1.9
401705516,MEM,3906665,19.0,8.8,6.8
401705516,MEM,3913174,31.0,24.4,22.3
401705516,MEM,4065731,9.0,4.2,2.3
401705516,MEM,4066320,33.0,18.3,15.9
401705516,MEM,4066405,12.0,2.0,-0.4
401705516,MEM,4279888,31.0,22.3,21.0
401705516,MEM,4397227,17.0,1.7,-0.0
401705516,MEM,4431785,26.0,12.5,9.4
401705516,MEM,4600663,20.0,6.2,5.7
401705516,MEM,5105550,17.0,6.8,5.0
401705516,MEM,5112087,24.0,0.7,-1.1
401705516,UTA,2528426,24.0,5.8,2.9
401705516,UTA,3908845,28.0,17.1,16.4
401705516,UTA,4066336,28.0,7.4,5.9
401705516,UTA,4277811,30.0,16.2,16.6
401705516,UTA,4431828,12.0,-3.5,-3.1
401705516,UTA,4433136,29.0,20.2,11.0
401705516,UTA,4683766,28.0,4.4,3.4
401705516,UTA,4684793,16.0,9.0,9.1
401705516,UTA,4895758,27.0,4.8,2.7
401705516,UTA,5105839,17.0,7.2,6.0
401705517,DAL,6475,28.0,11.4,10.6
401705517,DAL,2531367,17.0,9.4,9.2
401705517,DAL,2580782,35.0,11.6,9.8
401705517,DAL,3102528,22.0,16.1,14.6
401705517,DAL,3138160,20.0,4.6,4.0
401705517,DAL,4278594,34.0,8.1,6.0
401705517,DAL,4397040,28.0,17.9,15.8
401705517,DAL,4397693,28.0,10.1,9.4
401705517,DAL,4432582,26.0,4.2,2.4
401705517,SAS,2779,25.0,10.1,8.3
401705517,SAS,6427,17.0,4.9,2.8
401705517,SAS,6578,31.0,13.1,11.5
401705517,SAS,4066259,41.0,26.5,25.4
401705517,SAS,4278580,5.0,-0.7,-0.7
401705517,SAS,4395630,34.0,17.5,12.5
401705517,SAS,4395723,17.0,17.8,16.3
401705517,SAS,4592479,18.0,4.1,1.9
401705517,SAS,4610139,24.0,16.0,16.3
401705517,SAS,4845367,27.0,1.0,1.0
401705518,DEN,3468,33.0,14.3,11.2
401705518,DEN,3112335,38.0,25.5,24.2
401705518,DEN,3936299,35.0,10.8,9.4
401705518,DEN,4230557,5.0,0.6,0.0
401705518,DEN,4278104,33.0,7.7,6.3
401705518,DEN,4395620,5.0,6.7,5.7
401705518,DEN,4398390,17.0,3.9,2.0
401705518,DEN,4431690,11.0,1.0,-0.3
401705518,DEN,4431767,33.0,0.2,0.1
401705518,DEN,4433268,5.0,-0.1,-0.1
401705518,DEN,4576087,16.0,-2.7,-3.1
401705518,DEN,4592427,5.0,2.0,0.0
401705518,DEN,4701225,3.0,1.6,1.7
401705518,MIN,3195,20.0,9.9,7.9
401705518,MIN,3032976,30.0,12.4,10.8
401705518,MIN,3064514,28.0,19.9,18.2
401705518,MIN,3934673,25.0,12.0,9.5
401705518,MIN,4277951,5.0,3.3,3.0
401705518,MIN,4278039,16.0,5.4,4.8
401705518,MIN,4396971,26.0,4.3,2.7
401705518,MIN,4431671,32.0,14.9,12.5
401705518,MIN,4432247,9.0,-1.4,-1.4
401705518,MIN,4432847,5.0,0.3,0.7
401705518,MIN,4594268,35.0,19.8,18.4
401705518,MIN,4684275,5.0,-2.1,-2.7
401705518,MIN,4687718,5.0,-1.1,-1.7
401705519,NYK,3062679,42.0,10.4,7.8
401705519,NYK,3064230,15.0,3.7,3.7
401705519,NYK,3136195,39.0,20.0,17.3
401705519,NYK,3147657,41.0,23.8,22.9
401705519,NYK,3914044,20.0,2.4,2.0
401705519,NYK,3934719,43.0,16.3,13.2
401705519,NYK,4351852,19.0,5.2,3.1
401705519,NYK,4431679,9.0,-0.4,-0.7
401705519,NYK,4431823,38.0,10.2,5.7
401705519,POR,4066268,19.0,5.6,2.3
401705519,POR,4351851,31.0,1.4,0.6
401705519,POR,4431736,34.0,10.9,13.3
401705519,POR,4432446,11.0,-1.1,-1.0
401705519,POR,4594326,15.0,4.3,0.3
401705519,POR,4683021,41.0,18.6,16.0
401705519,POR,4683678,37.0,21.5,21.0
401705519,POR,4914336,42.0,12.9,11.8
401705519,POR,5105565,34.0,6.3,3.8
401705520,DET,6440,36.0,12.8,8.7
401705520,DET,2528210,28.0,3.1,3.8
401705520,DET,3032979,20.0,10.7,10.8
401705520,DET,3899664,10.0,6.6,6.4
401705520,DET,3907822,29.0,5.7,3.9
401705520,DET,4432166,38.0,29.0,26.7
401705520,DET,4432810,18.0,4.9,4.1
401705520,DET,4433621,30.0,19.9,17.0
401705520,DET,4683771,11.0,2.2,1.3
401705520,DET,4684742,19.0,6.8,6.4
401705520,WAS,6609,27.0,18.8,15.3
401705520,WAS,2990992,24.0,12.0,11.0
401705520,WAS,2993370,18.0,7.3,5.4
401705520,WAS,4277956,24.0,10.5,9.6
401705520,WAS,4280151,28.0,10.1,11.1
401705520,WAS,4432907,33.0,18.7,15.9
401705520,WAS,4845374,27.0,8.7,9.8
401705520,WAS,5160992,30.0,15.0,12.2
401705520,WAS,5174563,29.0,6.5,4.3
401705521,LAL,6461,12.0,1.7,2.6
401705521,LAL,2578185,30.0,-2.1,-0.1
401705521,LAL,2596107,19.0,0.9,0.7
401705521,LAL,3137259,26.0,0.8,0.9
401705521,LAL,3915195,4.0,-0.1,-1.4
401705521,LAL,3945274,36.0,32.6,27.7
401705521,LAL,4066457,36.0,20.4,19.2
401705521,LAL,4278077,15.0,4.0,3.4
401705521,LAL,4278402,26.0,1.8,1.4
401705521,LAL,4431778,15.0,0.6,0.0
401705521,LAL,4897943,22.0,8.1,7.8
401705521,MIL,3448,30.0,27.2,23.7
401705521,MIL,6606,34.0,25.4,21.6
401705521,MIL,2990962,26.0,6.0,4.7
401705521,MIL,3032977,30.0,22.3,18.0
401705521,MIL,3134907,31.0,-3.1,-2.8
401705521,MIL,4277843,24.0,8.3,8.3
401705521,MIL,4277922,18.0,7.0,5.5
401705521,MIL,4397140,17.0,18.4,15.7
401705521,MIL,4397233,2.0,0.0,0.0
401705521,MIL,4397475,21.0,5.0,3.4
401705521,MIL,4432190,2.0,0.3,0.0
401705521,MIL,4433622,2.0,-1.8,-2.1
401705521,MIL,4591725,2.0,-1.8,-1.3
401705522,BKN,3136776,25.0,-1.5,-0.7
401705522,BKN,3138196,35.0,14.8,10.8
401705522,BKN,4278067,34.0,19.2,16.9
401705522,BKN,4397179,22.0,16.0,16.2
401705522,BKN,4431675,18.0,4.7,4.9
401705522,BKN,4431714,13.0,-1.5,-1.7
401705522,BKN,4432174,33.0,18.6,16.8
401705522,BKN,4432192,16.0,2.2,1.7
401705522,BKN,4432194,14.0,11.0,8.5
401705522,BKN,4433137,30.0,9.4,8.5
401705522,CHI,6478,23.0,4.8,4.7
401705522,CHI,4066372,33.0,13.8,12.1
401705522,CHI,4066650,25.0,12.1,8.1
401705522,CHI,4395626,36.0,20.4,16.9
401705522,CHI,4395651,36.0,21.1,19.5
401705522,CHI,4396991,4.0,-1.0,-1.0
401705522,CHI,4431687,23.0,7.9,6.7
401705522,CHI,4433159,11.0,-0.2,-1.5
401705522,CHI,4711294,15.0,2.7,3.3
401705522,CHI,5105553,34.0,19.1,17.3
401705523,GSW,3975,30.0,8.5,7.8
401705523,GSW,6430,28.0,9.1,6.9
401705523,GSW,6589,29.0,16.1,14.8
401705523,GSW,2990984,20.0,16.7,14.5
401705523,GSW,3134903,21.0,10.0,9.5
401705523,GSW,3155535,17.0,5.7,5.1
401705523,GSW,4431684,3.0,1.7,1.4
401705523,GSW,4432171,30.0,19.6,17.2
401705523,GSW,4433247,20.0,14.8,13.7
401705523,GSW,4592714,3.0,-0.1,0.3
401705523,GSW,4593016,21.0,6.4,4.6
401705523,GSW,4997536,18.0,11.8,10.6
401705523,SAC,3978,35.0,22.7,20.6
401705523,SAC,6477,14.0,3.5,1.2
401705523,SAC,2528588,3.0,-0.7,-0.7
401705523,SAC,3064440,32.0,8.4,8.9
401705523,SAC,3136196,22.0,10.9,8.1
401705523,SAC,4066262,32.0,1.6,-0.8
401705523,SAC,4066636,3.0,-1.8,-1.4
401705523,SAC,4433188,7.0,6.0,6.8
401705523,SAC,4592691,21.0,11.4,10.4
401705523,SAC,4592857,3.0,-0.7,-0.7
401705523,SAC,4594327,34.0,2.8,0.9
401705523,SAC,4702177,28.0,13.0,12.8
401705523,SAC,5107818,3.0,2.3,2.0
401705524,BOS,3213,32.0,12.0,9.9
401705524,BOS,3995,35.0,22.8,20.3
401705524,BOS,3064560,22.0,4.4,3.4
401705524,BOS,3078576,37.0,12.5,9.3
401705524,BOS,4065648,37.0,16.4,15.0
401705524,BOS,4065804,21.0,4.1,4.0
401705524,BOS,4066354,27.0,5.7,2.9
401705524,BOS,4397424,23.0,0.3,-0.3
401705524,BOS,4683689,7.0,-0.8,-0.7
401705524,MIA,3059319,37.0,13.6,9.2
401705524,MIA,3157465,26.0,1.3,0.6
401705524,MIA,4066261,33.0,8.5,6.8
401705524,MIA,4278053,35.0,9.5,7.0
401705524,MIA,4291678,9.0,-1.4,-2.4
401705524,MIA,4395725,38.0,16.4,12.2
401705524,MIA,4432848,31.0,11.6,10.7
401705524,MIA,4601025,16.0,-0.4,0.0
401705524,MIA,5105623,15.0,8.0,5.7
401705525,IND,2530530,17.0,2.8,2.5
401705525,IND,3133628,28.0,16.8,15.2
401705525,IND,3149673,29.0,22.7,19.6
401705525,IND,3934723,13.0,6.8,5.1
401705525,IND,4065673,2.0,0.0,0.0
401705525,IND,4278355,25.0,12.8,10.8
401705525,IND,4395712,33.0,6.3,6.1
401705525,IND,4396909,28.0,12.8,12.4
401705525,IND,4396993,31.0,15.8,13.9
401705525,IND,4433076,16.0,0.5,0.3
401705525,IND,4592829,2.0,0.7,0.7
401705525,IND,4683634,15.0,-0.9,-0.8
401705525,IND,5157066,2.0,0.6,0.0
401705525,PHI,4017844,36.0,5.7,1.2
401705525,PHI,4066786,40.0,21.8,18.6
401705525,PHI,4277812,19.0,3.8,1.3
401705525,PHI,4278031,23.0,9.2,8.3
401705525,PHI,4395695,33.0,9.5,9.1
401705525,PHI,4433626,20.0,1.4,1.6
401705525,PHI,4701234,37.0,6.3,4.5
401705525,PHI,5105637,34.0,15.0,12.8
401705526,ATL,2990969,13.0,-6.2,-5.8
401705526,ATL,2991043,21.0,11.8,8.7
401705526,ATL,3907823,27.0,7.5,7.8
401705526,ATL,4277905,34.0,6.7,6.4
401705526,ATL,4431680,32.0,22.8,18.3
401705526,ATL,4578893,17.0,5.7,4.4
401705526,ATL,4712863,11.0,3.9,2.7
401705526,ATL,4869342,31.0,3.3,0.3
401705526,ATL,4870562,16.0,6.4,6.7
401705526,ATL,5211175,36.0,11.4,9.5
401705526,LAC,3416,23.0,12.0,9.5
401705526,LAC,3992,36.0,21.9,16.9
401705526,LAC,4004,2.0,0.7,0.7
401705526,LAC,6450,36.0,18.7,13.7
401705526,LAC,2991139,22.0,-0.3,-2.1
401705526,LAC,3037789,21.0,11.0,10.5
401705526,LAC,3907387,17.0,5.0,2.4
401705526,LAC,3914285,2.0,0.0,0.0
401705526,LAC,3936099,23.0,10.1,9.3
401705526,LAC,4017837,30.0,15.3,14.6
401705526,LAC,4066387,23.0,10.7,9.8
401705526,LAC,4431752,2.0,2.0,0.7
401705526,LAC,4845363,2.0,2.7,2.4
401705527,DAL,6475,26.0,-0.8,-2.2
401705527,DAL,2531367,20.0,2.2,1.7
401705527,DAL,2580782,35.0,13.6,13.1
401705527,DAL,3102528,7.0,0.3,0.3
401705527,DAL,3138160,24.0,4.2,4.7
401705527,DAL,4278594,34.0,18.0,14.8
401705527,DAL,4397040,26.0,21.4,20.0
401705527,DAL,4397693,35.0,10.8,6.3
401705527,DAL,4432582,34.0,-5.5,-6.7
401705527,HOU,3209,15.0,0.5,-0.3
401705527,HOU,2991230,25.0,8.8,5.7
401705527,HOU,3136777,7.0,1.9,0.7
401705527,HOU,3146557,23.0,5.9,5.5
401705527,HOU,3155526,28.0,7.2,7.0
401705527,HOU,3922230,16.0,11.2,11.5
401705527,HOU,4397821,7.0,-0.4,-0.7
401705527,HOU,4432639,24.0,12.0,9.2
401705527,HOU,4433192,31.0,29.9,25.7
401705527,HOU,4437244,32.0,19.1,15.1
401705527,HOU,4871144,25.0,15.9,13.6
401705527,HOU,5105592,7.0,8.1,8.1
401705528,CLE,6474,4.0,0.0,0.0
401705528,CLE,2596112,14.0,7.8,7.0
401705528,CLE,3912848,23.0,1.2,0.3
401705528,CLE,4065732,23.0,15.2,14.7
401705528,CLE,4065733,17.0,7.9,8.5
401705528,CLE,4065778,22.0,12.7,10.5
401705528,CLE,4066328,25.0,14.3,12.0
401705528,CLE,4066757,22.0,10.8,11.2
401705528,CLE,4396907,30.0,18.4,14.2
401705528,CLE,4432158,32.0,20.6,15.5
401705528,CLE,4432822,21.0,5.3,5.5
401705528,CLE,4683747,4.0,-0.1,-0.1
401705528,CLE,4701233,4.0,0.6,-0.1
401705528,MEM,3134932,4.0,2.7,2.4
401705528,MEM,3906665,19.0,10.7,9.7
401705528,MEM,3913174,15.0,-5.2,-5.8
401705528,MEM,4065731,4.0,2.7,1.7
401705528,MEM,4066320,26.0,0.9,1.6
401705528,MEM,4066405,15.0,7.2,6.1
401705528,MEM,4277848,4.0,-0.4,-0.7
401705528,MEM,4277961,28.0,11.9,7.6
401705528,MEM,4279888,35.0,40.1,37.9
401705528,MEM,4397227,18.0,2.5,2.4
401705528,MEM,4431785,22.0,13.4,9.2
401705528,MEM,4433083,7.0,1.2,2.0
401705528,MEM,4600663,11.0,5.0,5.8
401705528,MEM,5105550,14.0,1.8,0.6
401705528,MEM,5112087,17.0,3.3,3.7
401705529,MIN,3195,24.0,8.0,8.1
401705529,MIN,3032976,35.0,14.4,10.8
401705529,MIN,3064514,29.0,17.1,17.2
401705529,MIN,3934673,30.0,12.2,11.2
401705529,MIN,4278039,18.0,6.2,5.3
401705529,MIN,4396971,27.0,5.1,2.2
401705529,MIN,4431671,32.0,12.6,7.4
401705529,MIN,4432247,5.0,3.4,2.4
401705529,MIN,4594268,39.0,19.5,18.4
401705529,ORL,6446,28.0,8.1,7.1
401705529,ORL,2999547,21.0,3.2,2.7
401705529,ORL,4065654,9.0,2.9,1.7
401705529,ORL,4277847,31.0,0.4,1.4
401705529,ORL,4348700,6.0,1.9,0.7
401705529,ORL,4432573,37.0,29.9,28.0
401705529,ORL,4433623,27.0,18.7,14.8
401705529,ORL,4566434,34.0,6.4,4.9
401705529,ORL,4702382,22.0,4.5,4.0
401705529,ORL,4712849,20.0,4.2,4.0
401705529,ORL,5105806,4.0,0.3,0.0
401705530,CHA,2326307,19.0,4.0,3.4
401705530,CHA,3102530,13.0,9.5,10.2
401705530,CHA,3913220,33.0,8.1,8.4
401705530,CHA,4066383,29.0,20.6,18.5
401705530,CHA,4277892,19.0,2.9,3.0
401705530,CHA,4432811,28.0,21.5,17.9
401705530,CHA,4432816,29.0,30.3,28.7
401705530,CHA,4433249,6.0,-1.4,-1.7
401705530,CHA,4592187,9.0,0.7,0.7
401705530,CHA,4683686,27.0,20.4,20.7
401705530,CHA,4701232,29.0,14.9,12.3
401705530,SAS,2779,18.0,0.9,1.4
401705530,SAS,6427,21.0,5.1,1.5
401705530,SAS,6578,21.0,5.9,6.3
401705530,SAS,3134916,7.0,3.7,3.1
401705530,SAS,4278580,17.0,12.0,9.4
401705530,SAS,4395630,31.0,18.3,17.2
401705530,SAS,4395723,22.0,10.9,9.4
401705530,SAS,4433618,7.0,4.3,3.1
401705530,SAS,4565201,7.0,6.3,5.7
401705530,SAS,4592479,20.0,10.3,9.8
401705530,SAS,4610139,16.0,14.7,13.1
401705530,SAS,4683935,24.0,9.9,7.4
401705530,SAS,4845367,29.0,16.6,15.1
401705531,DEN,3468,28.0,11.9,10.2
401705531,DEN,3064290,31.0,19.2,17.1
401705531,DEN,3112335,38.0,21.7,18.2
401705531,DEN,3936299,39.0,21.0,19.9
401705531,DEN,4278104,33.0,7.7,7.7
401705531,DEN,4398390,2.0,-0.4,0.0
401705531,DEN,4431690,17.0,5.5,4.8
401705531,DEN,4431767,35.0,24.3,22.5
401705531,DEN,4576087,16.0,3.8,0.8
401705531,LAL,6461,24.0,4.1,4.0
401705531,LAL,2596107,12.0,3.6,4.5
401705531,LAL,3915195,28.0,13.7,11.9
401705531,LAL,4066457,39.0,34.3,29.1
401705531,LAL,4278077,24.0,14.2,11.9
401705531,LAL,4278402,34.0,11.3,9.5
401705531,LAL,4395627,7.0,-1.4,-1.4
401705531,LAL,4431778,20.0,6.7,6.5
401705531,LAL,4683774,16.0,4.3,3.3
401705531,LAL,4897943,37.0,17.6,19.3
401705532,TOR,4023,20.0,7.0,5.7
401705532,TOR,4067017,24.0,12.7,12.3
401705532,TOR,4395625,25.0,11.5,11.1
401705532,TOR,4395724,25.0,16.9,15.5
401705532,TOR,4397204,24.0,10.2,10.3
401705532,TOR,4431893,36.0,3.5,0.5
401705532,TOR,4432241,27.0,12.0,8.5
401705532,TOR,4433134,24.0,15.9,12.6
401705532,TOR,4593049,34.0,13.3,11.4
401705532,UTA,2528426,23.0,16.6,14.7
401705532,UTA,4066336,19.0,7.3,6.2
401705532,UTA,4277811,20.0,-1.6,-1.2
401705532,UTA,4431828,21.0,2.1,2.4
401705532,UTA,4432164,17.0,5.7,4.3
401705532,UTA,4432817,24.0,7.9,6.3
401705532,UTA,4683766,36.0,17.4,15.6
401705532,UTA,4684793,33.0,18.0,14.1
401705532,UTA,4895758,26.0,0.9,1.3
401705532,UTA,5105839,21.0,10.6,9.1
401705533,PHX,3202,36.0,18.9,15.9
401705533,PHX,6580,26.0,11.4,10.3
401705533,PHX,2488653,16.0,2.7,1.7
401705533,PHX,2583632,21.0,9.2,7.1
401705533,PHX,3135046,24.0,20.9,20.3
401705533,PHX,3136193,37.0,21.6,20.1
401705533,PHX,4278585,11.0,5.6,4.7
401705533,PHX,4397102,1.0,0.3,0.0
401705533,PHX,4601023,32.0,11.1,9.1
401705533,PHX,4683749,1.0,0.0,0.0
401705533,PHX,4888725,33.0,13.4,9.7
401705533,SAC,3978,34.0,12.8,12.8
401705533,SAC,6477,12.0,4.0,5.2
401705533,SAC,3064440,36.0,14.4,13.7
401705533,SAC,3155942,30.0,18.9,13.0
401705533,SAC,4066262,42.0,10.5,9.5
401705533,SAC,4066636,1.0,-0.7,-0.7
401705533,SAC,4433188,6.0,-0.1,0.0
401705533,SAC,4592691,16.0,0.0,0.6
401705533,SAC,4592857,1.0,0.0,0.0
401705533,SAC,4594327,37.0,12.9,9.8
401705533,SAC,4702177,22.0,5.2,5.1
401705533,SAC,5107818,1.0,2.4,2.4
401705534,BKN,3136776,27.0,11.5,11.1
401705534,BKN,3138196,35.0,18.0,15.6
401705534,BKN,4397179,23.0,6.3,5.8
401705534,BKN,4431714,25.0,8.2,8.6
401705534,BKN,4432187,19.0,-0.8,-0.7
401705534,BKN,4432192,31.0,17.5,15.8
401705534,BKN,4432194,31.0,13.5,13.7
401705534,BKN,4433137,35.0,11.3,8.8
401705534,BKN,4684286,16.0,12.9,13.9
401705534,BOS,3995,38.0,15.9,13.8
401705534,BOS,3064560,25.0,12.8,10.9
401705534,BOS,3102531,32.0,16.9,16.0
401705534,BOS,3917376,24.0,9.5,5.3
401705534,BOS,4065648,36.0,14.7,13.5
401705534,BOS,4065804,28.0,9.0,9.1
401705534,BOS,4066354,33.0,21.0,18.2
401705534,BOS,4397424,13.0,4.9,5.7
401705534,BOS,4593841,11.0,1.3,1.7
401705535,DET,6440,34.0,13.7,12.0
401705535,DET,2528210,32.0,6.5,5.6
401705535,DET,3032979,27.0,19.4,18.3
401705535,DET,3899664,13.0,4.2,3.4
401705535,DET,3907822,28.0,7.7,7.1
401705535,DET,4432166,29.0,5.8,3.7
401705535,DET,4432810,18.0,12.6,8.2
401705535,DET,4433621,29.0,3.3,3.3
401705535,DET,4683771,10.0,2.7,2.8
401705535,DET,4684742,21.0,3.8,3.7
401705535,OKC,2991350,21.0,1.8,-1.5
401705535,OKC,3133626,31.0,6.5,6.8
401705535,OKC,4222252,31.0,12.5,8.2
401705535,OKC,4278073,38.0,43.3,38.8
401705535,OKC,4395702,33.0,5.4,4.9
401705535,OKC,4397020,27.0,4.5,3.1
401705535,OKC,4432823,17.0,0.8,-2.6
401705535,OKC,4683692,36.0,13.4,10.8
401705535,OKC,4702159,4.0,-0.5,0.0
401705535,OKC,4997526,2.0,-1.1,-0.7
401705536,CHI,6478,29.0,13.4,13.2
401705536,CHI,4066372,34.0,3.4,3.7
401705536,CHI,4066650,19.0,1.7,2.4
401705536,CHI,4395626,33.0,16.5,15.9
401705536,CHI,4395651,39.0,13.2,11.9
401705536,CHI,4397189,12.0,2.4,0.6
401705536,CHI,4431687,23.0,10.2,8.4
401705536,CHI,4433159,13.0,11.0,10.2
401705536,CHI,4711294,19.0,6.2,3.3
401705536,CHI,5105553,19.0,7.2,6.0
401705536,HOU,3209,10.0,2.1,2.1
401705536,HOU,2991230,35.0,16.4,15.3
401705536,HOU,2991235,22.0,6.4,4.3
401705536,HOU,3136777,20.0,9.4,8.5
401705536,HOU,3155526,33.0,5.6,6.1
401705536,HOU,3922230,12.0,2.2,1.9
401705536,HOU,4432639,32.0,8.5,6.6
401705536,HOU,4437244,38.0,17.7,17.0
401705536,HOU,4871144,37.0,22.7,16.8
401705537,MEM,3134932,3.0,0.6,0.0
401705537,MEM,3906665,14.0,11.1,10.2
401705537,MEM,3913174,29.0,10.0,9.9
401705537,MEM,4066320,30.0,22.6,18.0
401705537,MEM,4066405,19.0,8.3,5.4
401705537,MEM,4277848,3.0,0.3,0.0
401705537,MEM,4277961,33.0,23.7,22.0
401705537,MEM,4431785,29.0,16.4,13.0
401705537,MEM,4433083,18.0,6.0,6.1
401705537,MEM,4600663,27.0,10.6,9.9
401705537,MEM,5105550,8.0,3.8,2.6
401705537,MEM,5112087,26.0,3.4,2.9
401705537,MIA,2993874,30.0,13.7,11.6
401705537,MIA,3059319,22.0,2.1,3.3
401705537,MIA,3074752,27.0,0.8,-0.1
401705537,MIA,3157465,13.0,-3.2,-2.4
401705537,MIA,4066261,30.0,11.9,8.7
401705537,MIA,4278053,20.0,2.3,0.7
401705537,MIA,4395725,22.0,8.0,4.7
401705537,MIA,4432848,27.0,9.6,9.4
401705537,MIA,4601025,14.0,2.9,3.4
401705537,MIA,5105623,36.0,14.4,12.7
401705538,IND,2530530,16.0,0.5,1.3
401705538,IND,3133628,30.0,9.5,8.3
401705538,IND,3149673,39.0,16.3,15.2
401705538,IND,3934723,5.0,-0.4,-0.7
401705538,IND,4278355,23.0,3.8,1.6
401705538,IND,4395712,32.0,4.1,2.7
401705538,IND,4396909,36.0,26.4,26.0
401705538,IND,4396993,37.0,32.9,26.5
401705538,IND,4433076,12.0,0.6,0.7
401705538,IND,4683634,12.0,4.0,3.7
401705538,MIL,3448,33.0,4.6,4.8
401705538,MIL,6606,37.0,23.1,21.6
401705538,MIL,2990962,35.0,17.7,11.8
401705538,MIL,3032977,35.0,29.3,25.9
401705538,MIL,3134907,32.0,6.3,2.3
401705538,MIL,4277843,23.0,11.6,10.8
401705538,MIL,4277922,11.0,1.0,0.7
401705538,MIL,4397140,19.0,17.3,15.8
401705538,MIL,4397475,15.0,3.3,3.3
401705539,NOP,2489663,31.0,12.9,12.7
401705539,NOP,2490149,33.0,20.0,17.6
401705539,NOP,4065670,32.0,18.7,18.7
401705539,NOP,4277869,28.0,3.3,4.1
401705539,NOP,4277919,12.0,8.8,7.8
401705539,NOP,4397688,37.0,13.0,12.4
401705539,NOP,4432813,16.0,9.6,7.8
401705539,NOP,4592686,6.0,2.4,2.4
401705539,NOP,4683750,18.0,-1.1,-2.1
401705539,NOP,4997538,27.0,6.7,4.8
401705539,SAS,2779,22.0,7.4,5.5
401705539,SAS,6427,12.0,0.8,1.0
401705539,SAS,6578,27.0,18.1,16.5
401705539,SAS,4278580,12.0,9.5,8.8
401705539,SAS,4395630,36.0,16.9,12.8
401705539,SAS,4395723,30.0,18.7,14.8
401705539,SAS,4592479,25.0,9.7,9.7
401705539,SAS,4610139,31.0,12.6,10.5
401705539,SAS,4683935,10.0,-2.9,-3.2
401705539,SAS,4845367,36.0,9.7,10.0
401705540,GSW,3975,35.0,19.3,17.3
401705540,GSW,6430,33.0,11.6,10.5
401705540,GSW,6589,32.0,5.1,3.7
401705540,GSW,2990984,15.0,-0.9,-2.5
401705540,GSW,3134903,25.0,8.6,5.1
401705540,GSW,3155535,6.0,2.6,2.4
401705540,GSW,4432171,33.0,14.0,11.7
401705540,GSW,4433247,20.0,10.3,9.4
401705540,GSW,4593016,19.0,6.9,5.8
401705540,GSW,4997536,21.0,4.3,2.6
401705540,NYK,3062679,39.0,2.2,-1.3
401705540,NYK,3064230,10.0,-1.5,-2.1
401705540,NYK,3136195,30.0,23.1,22.7
401705540,NYK,3147657,38.0,11.9,10.5
401705540,NYK,3914044,21.0,1.1,-0.4
401705540,NYK,3934719,38.0,20.3,16.0
401705540,NYK,4351852,16.0,3.3,2.4
401705540,NYK,4431679,10.0,-0.4,-1.7
401705540,NYK,4431823,38.0,12.5,11.8
401705541,DEN,3468,37.0,18.4,17.0
401705541,DEN,3112335,39.0,35.0,30.8
401705541,DEN,3936299,37.0,24.5,20.4
401705541,DEN,4230557,3.0,-2.1,-1.7
401705541,DEN,4278104,37.0,16.1,13.3
401705541,DEN,4398390,9.0,0.3,0.4
401705541,DEN,4431690,21.0,4.1,2.3
401705541,DEN,4431767,35.0,11.9,8.3
401705541,DEN,4576087,23.0,3.9,2.1
401705541,WAS,6609,20.0,9.2,8.1
401705541,WAS,2993370,16.0,7.3,5.8
401705541,WAS,4277956,30.0,13.2,11.9
401705541,WAS,4280151,15.0,2.6,2.0
401705541,WAS,4432907,39.0,18.5,13.9
401705541,WAS,4845374,30.0,3.5,3.1
401705541,WAS,5160992,32.0,24.2,23.5
401705541,WAS,5170947,18.0,11.4,9.2
401705541,WAS,5174563,40.0,19.4,15.5
401705542,DAL,6475,35.0,15.0,13.5
401705542,DAL,2531367,13.0,3.3,3.8
401705542,DAL,2580782,36.0,14.2,14.1
401705542,DAL,4278078,32.0,23.5,20.2
401705542,DAL,4278594,36.0,16.4,15.4
401705542,DAL,4397040,32.0,7.3,6.4
401705542,DAL,4397693,27.0,4.6,3.4
401705542,DAL,4432582,30.0,14.6,13.1
401705542,PHI,4017844,29.0,10.3,8.4
401705542,PHI,4066786,20.0,10.6,9.4
401705542,PHI,4277812,17.0,6.5,6.1
401705542,PHI,4278031,25.0,12.1,9.9
401705542,PHI,4278052,16.0,5.9,4.4
401705542,PHI,4395695,28.0,9.3,8.8
401705542,PHI,4397014,32.0,19.7,18.7
401705542,PHI,4433626,23.0,15.3,14.4
401705542,PHI,4701234,28.0,11.7,7.7
401705542,PHI,4711297,21.0,7.5,5.4
401705543,LAL,2578185,36.0,11.1,8.3
401705543,LAL,3137259,27.0,6.5,6.7
401705543,LAL,3945274,40.0,27.5,24.1
401705543,LAL,4066457,39.0,22.6,19.1
401705543,LAL,4278077,10.0,-0.2,-0.7
401705543,LAL,4278402,28.0,1.1,1.0
401705543,LAL,4397077,29.0,18.4,17.1
401705543,LAL,4431778,15.0,-0.3,-1.5
401705543,LAL,4897943,16.0,-1.3,-1.1
401705543,PHX,3202,37.0,8.2,6.7
401705543,PHX,6580,15.0,-0.2,-0.4
401705543,PHX,2488653,6.0,1.3,0.7
401705543,PHX,2583632,22.0,3.3,3.3
401705543,PHX,3135046,24.0,7.8,7.8
401705543,PHX,3136193,40.0,16.2,16.3
401705543,PHX,3138161,8.0,3.2,1.7
401705543,PHX,4278076,19.0,11.5,10.6
401705543,PHX,4278585,23.0,1.9,2.7
401705543,PHX,4601023,23.0,2.7,3.1
401705543,PHX,4888725,23.0,10.6,6.9
401705544,ATL,2990969,27.0,5.3,4.9
401705544,ATL,3907823,26.0,7.0,7.0
401705544,ATL,4277905,39.0,24.4,21.0
401705544,ATL,4431680,32.0,24.6,16.8
401705544,ATL,4578893,27.0,8.2,6.4
401705544,ATL,4712863,17.0,2.6,1.0
401705544,ATL,4869342,34.0,16.7,11.5
401705544,ATL,4870562,16.0,2.7,0.7
401705544,ATL,5211175,23.0,7.5,8.4
401705544,BKN,3138196,36.0,21.9,21.5
401705544,BKN,4278067,30.0,8.1,5.3
401705544,BKN,4397179,33.0,11.0,9.7
401705544,BKN,4431675,27.0,9.7,8.5
401705544,BKN,4431714,30.0,13.5,13.6
401705544,BKN,4432187,15.0,6.4,6.5
401705544,BKN,4432192,29.0,15.4,13.8
401705544,BKN,4432194,18.0,7.8,5.1
401705544,BKN,4684286,22.0,9.0,7.1
401705545,CLE,6474,11.0,0.1,0.7
401705545,CLE,3908809,34.0,10.3,9.6
401705545,CLE,3912848,22.0,5.8,2.4
401705545,CLE,4065732,29.0,3.9,3.9
401705545,CLE,4065733,25.0,4.9,4.9
401705545,CLE,4065778,27.0,10.5,9.8
401705545,CLE,4066328,32.0,20.0,18.2
401705545,CLE,4066757,19.0,1.5,1.6
401705545,CLE,4396907,33.0,11.8,9.1
401705545,CLE,4432822,8.0,1.6,1.7
401705545,ORL,6446,24.0,6.1,4.1
401705545,ORL,2581018,30.0,11.4,11.8
401705545,ORL,2999547,20.0,5.3,2.4
401705545,ORL,4065654,7.0,3.0,1.0
401705545,ORL,4277847,35.0,14.0,12.8
401705545,ORL,4348700,6.0,3.6,3.3
401705545,ORL,4432573,38.0,18.5,14.5
401705545,ORL,4432809,6.0,0.6,0.3
401705545,ORL,4433623,7.0,0.3,0.7
401705545,ORL,4566434,36.0,9.3,8.0
401705545,ORL,4702382,8.0,-0.7,-0.7
401705545,ORL,4712849,22.0,14.8,12.7
401705546,POR,3907498,6.0,3.3,0.0
401705546,POR,4066268,18.0,6.2,5.7
401705546,POR,4351851,32.0,15.4,14.7
401705546,POR,4397885,4.0,0.0,0.0
401705546,POR,4431736,35.0,19.6,16.2
401705546,POR,4594326,17.0,4.1,4.1
401705546,POR,4683021,34.0,18.2,16.5
401705546,POR,4683678,30.0,-3.4,-4.4
401705546,POR,4914336,34.0,7.5,6.0
401705546,POR,5105565,30.0,10.2,5.8
401705546,TOR,4023,24.0,0.0,-1.8
401705546,TOR,3134908,25.0,17.8,15.3
401705546,TOR,4067017,33.0,6.0,5.4
401705546,TOR,4397018,25.0,14.6,12.7
401705546,TOR,4397204,27.0,4.6,4.9
401705546,TOR,4431893,23.0,4.2,6.0
401705546,TOR,4432241,25.0,11.9,11.5
401705546,TOR,4433134,28.0,17.3,10.1
401705546,TOR,4593049,30.0,0.6,1.3
401705547,MIN,3032976,26.0,9.3,5.4
401705547,MIN,3064514,20.0,8.2,8.7
401705547,MIN,3934673,24.0,11.7,10.2
401705547,MIN,4277951,9.0,-0.1,0.3
401705547,MIN,4278039,21.0,8.8,7.8
401705547,MIN,4396971,20.0,5.1,0.3
401705547,MIN,4431671,27.0,22.7,17.6
401705547,MIN,4432247,17.0,13.7,11.1
401705547,MIN,4432847,19.0,4.1,2.7
401705547,MIN,4592492,7.0,1.3,1.7
401705547,MIN,4594268,31.0,29.3,28.1
401705547,MIN,4684275,9.0,0.6,0.3
401705547,MIN,4687718,9.0,6.3,5.1
401705547,UTA,3133602,26.0,3.0,3.7
401705547,UTA,4066336,26.0,7.9,8.0
401705547,UTA,4277811,34.0,14.0,13.0
401705547,UTA,4432817,29.0,7.2,6.3
401705547,UTA,4433136,31.0,11.4,8.4
401705547,UTA,4683766,31.0,7.3,6.9
401705547,UTA,4684793,19.0,8.6,7.2
401705547,UTA,4895758,20.0,0.2,1.0
401705547,UTA,5105839,24.0,1.1,0.0
401705548,MIL,3448,33.0,5.1,3.0
401705548,MIL,6606,29.0,15.6,14.3
401705548,MIL,2578239,5.0,1.6,2.0
401705548,MIL,2990962,25.0,4.2,2.3
401705548,MIL,3032977,36.0,24.1,19.4
401705548,MIL,3134907,26.0,3.3,4.3
401705548,MIL,4277843,25.0,8.4,6.9
401705548,MIL,4277922,12.0,0.6,0.4
401705548,MIL,4397140,19.0,7.0,6.6
401705548,MIL,4397475,19.0,4.8,5.4
401705548,MIL,4432190,5.0,0.2,0.7
401705548,MIL,4433622,2.0,0.0,0.0
401705548,MIL,4591725,4.0,6.0,4.7
401705548,MIL,5167876,2.0,-0.7,-0.7
401705548,OKC,2991350,23.0,11.3,9.5
401705548,OKC,3133626,19.0,2.4,1.1
401705548,OKC,4222252,32.0,20.8,19.0
401705548,OKC,4278073,34.0,21.6,21.0
401705548,OKC,4395702,30.0,14.8,13.4
401705548,OKC,4397183,19.0,9.4,8.1
401705548,OKC,4397654,1.0,-0.8,-0.7
401705548,OKC,4432823,14.0,1.4,2.7
401705548,OKC,4433255,35.0,13.0,12.1
401705548,OKC,4683692,27.0,7.2,6.1
401705548,OKC,4702159,6.0,0.9,0.0
401705549,LAC,3416,12.0,2.6,2.0
401705549,LAC,3992,32.0,19.5,15.7
401705549,LAC,6450,24.0,7.4,4.3
401705549,LAC,2595516,32.0,14.6,11.8
401705549,LAC,3907823,19.0,2.4,1.4
401705549,LAC,3936099,25.0,19.9,16.2
401705549,LAC,4017837,29.0,9.1,8.1
401705549,LAC,4066387,28.0,5.6,5.0
401705549,LAC,4277919,15.0,13.6,10.5
401705549,LAC,4397140,12.0,-1.5,-2.4
401705549,LAC,4431699,3.0,0.7,0.7
401705549,LAC,4431752,3.0,0.7,0.7
401705549,LAC,4845363,3.0,-0.1,0.0
401705549,WAS,6477,18.0,10.8,9.9
401705549,WAS,2581184,2.0,0.0,0.0
401705549,WAS,3134907,28.0,2.7,0.6
401705549,WAS,4277956,35.0,20.2,19.1
401705549,WAS,4280151,23.0,3.3,0.7
401705549,WAS,4432356,2.0,1.7,1.7
401705549,WAS,4432907,15.0,-0.7,-2.2
401705549,WAS,4845374,31.0,9.4,6.7
401705549,WAS,4997537,2.0,0.3,0.0
401705549,WAS,5104155,34.0,8.9,6.2
401705549,WAS,5160992,28.0,11.0,9.1
401705549,WAS,5174563,24.0,-0.4,-1.4
401705550,MIA,2993874,17.0,3.8,4.7
401705550,MIA,3074752,6.0,-2.4,-2.4
401705550,MIA,3157465,28.0,17.8,16.9
401705550,MIA,4066261,34.0,8.9,5.8
401705550,MIA,4278053,35.0,11.6,8.1
401705550,MIA,4291678,27.0,0.5,-1.7
401705550,MIA,4395725,30.0,11.4,10.8
401705550,MIA,4432848,30.0,10.0,4.9
401705550,MIA,4601025,14.0,2.5,1.6
401705550,MIA,5105623,19.0,8.9,6.5
401705550,NYK,3062679,29.0,22.8,14.8
401705550,NYK,3064230,19.0,3.7,3.8
401705550,NYK,3136195,31.0,17.0,16.3
401705550,NYK,3147657,32.0,22.2,21.3
401705550,NYK,3914044,25.0,5.4,3.6
401705550,NYK,3934719,32.0,2.6,1.5
401705550,NYK,4351852,24.0,15.9,11.3
401705550,NYK,4431679,10.0,3.2,2.7
401705550,NYK,4431705,3.0,2.4,2.4
401705550,NYK,4431823,29.0,7.9,6.0
401705550,NYK,4433225,3.0,2.4,2.4
401705550,NYK,5211983,3.0,-1.1,-0.7
401705551,HOU,2991230,38.0,4.6,0.7
401705551,HOU,3136777,22.0,7.5,8.2
401705551,HOU,3146557,6.0,8.5,8.2
401705551,HOU,3155526,40.0,21.3,19.8
401705551,HOU,3922230,14.0,8.1,8.1
401705551,HOU,4432639,39.0,24.2,20.9
401705551,HOU,4433192,39.0,13.3,14.4
401705551,HOU,4437244,45.0,25.3,20.9
401705551,HOU,4871144,22.0,11.9,12.3
401705551,PHI,4066786,16.0,5.9,5.4
401705551,PHI,4277812,13.0,3.9,4.0
401705551,PHI,4278031,43.0,4.6,3.9
401705551,PHI,4278052,17.0,3.8,2.8
401705551,PHI,4395695,37.0,17.1,15.8
401705551,PHI,4397014,43.0,34.1,29.3
401705551,PHI,4433626,31.0,10.0,8.4
401705551,PHI,4701234,25.0,7.3,7.4
401705551,PHI,4711297,40.0,15.0,13.8
401705552,IND,2530530,30.0,12.5,12.0
401705552,IND,3934723,33.0,3.7,-0.1
401705552,IND,4065673,20.0,13.5,10.7
401705552,IND,4278355,45.0,30.0,25.9
401705552,IND,4395712,19.0,8.3,8.1
401705552,IND,4433076,29.0,6.5,6.9
401705552,IND,4592829,18.0,10.4,11.1
401705552,IND,4683634,35.0,11.4,11.5
401705552,IND,5106060,35.0,4.2,3.0
401705552,MIN,3195,32.0,11.5,9.8
401705552,MIN,3032976,22.0,7.3,4.4
401705552,MIN,3064514,41.0,10.9,9.2
401705552,MIN,3934673,32.0,14.0,12.7
401705552,MIN,4278039,27.0,7.8,5.8
401705552,MIN,4396971,30.0,13.5,12.1
401705552,MIN,4431671,33.0,8.0,6.8
401705552,MIN,4432247,9.0,3.3,1.0
401705552,MIN,4594268,41.0,28.0,24.9
401705553,DET,6440,25.0,5.6,4.9
401705553,DET,2528210,21.0,4.5,3.6
401705553,DET,3032979,19.0,13.1,12.1
401705553,DET,3899664,22.0,21.3,19.3
401705553,DET,3907822,24.0,3.1,2.6
401705553,DET,4066317,6.0,0.6,-1.0
401705553,DET,4278562,10.0,4.3,2.1
401705553,DET,4432107,7.0,3.0,2.7
401705553,DET,4432166,30.0,19.0,18.0
401705553,DET,4432810,16.0,9.3,7.2
401705553,DET,4433621,22.0,12.9,10.9
401705553,DET,4683771,20.0,12.2,10.4
401705553,DET,4684742,18.0,11.7,8.8
401705553,NOP,2489663,24.0,8.5,7.1
401705553,NOP,2490149,30.0,-1.2,-3.8
401705553,NOP,4065670,16.0,-1.1,-0.7
401705553,NOP,4277869,28.0,-2.1,-1.2
401705553,NOP,4277919,8.0,1.0,0.4
401705553,NOP,4395628,28.0,21.7,20.3
401705553,NOP,4397688,1.0,-1.0,-1.0
401705553,NOP,4432813,18.0,3.6,3.1
401705553,NOP,4592686,17.0,-3.2,-3.8
401705553,NOP,4683750,28.0,-1.9,-3.2
401705553,NOP,4997538,20.0,9.3,7.2
401705553,NOP,5061589,22.0,13.1,9.3
401705554,ORL,6446,18.0,5.3,5.4
401705554,ORL,2581018,31.0,21.9,18.6
401705554,ORL,2999547,9.0,-1.9,-2.8
401705554,ORL,4065654,18.0,5.1,4.1
401705554,ORL,4277847,18.0,9.6,9.9
401705554,ORL,4348700,12.0,5.3,3.1
401705554,ORL,4432573,33.0,14.5,10.7
401705554,ORL,4432809,19.0,11.2,8.1
401705554,ORL,4433623,25.0,10.1,8.1
401705554,ORL,4566434,36.0,19.2,19.2
401705554,ORL,4712849,20.0,6.7,2.4
401705554,SAS,2779,28.0,14.8,10.3
401705554,SAS,6427,26.0,9.3,6.2
401705554,SAS,6578,29.0,18.1,16.5
401705554,SAS,3134916,1.0,0.0,0.0
401705554,SAS,4278580,19.0,-1.8,-1.8
401705554,SAS,4395630,33.0,5.3,4.9
401705554,SAS,4395723,18.0,6.5,4.4
401705554,SAS,4565201,1.0,0.7,0.7
401705554,SAS,4592479,32.0,14.3,14.5
401705554,SAS,4683935,18.0,4.1,3.4
401705554,SAS,4845367,35.0,10.0,9.3
401705555,CHI,6478,31.0,6.8,3.2
401705555,CHI,4066372,36.0,17.1,13.1
401705555,CHI,4066650,17.0,-3.6,-4.1
401705555,CHI,4395626,34.0,25.8,22.3
401705555,CHI,4395651,35.0,17.6,16.7
401705555,CHI,4396991,6.0,-0.6,-1.5
401705555,CHI,4431687,20.0,0.2,-0.8
401705555,CHI,4433159,15.0,12.7,10.5
401705555,CHI,4711294,30.0,14.5,11.8
401705555,CHI,5105553,16.0,6.3,5.1
401705555,UTA,2528426,22.0,7.2,7.0
401705555,UTA,4066336,24.0,8.2,7.3
401705555,UTA,4066399,23.0,1.4,0.0
401705555,UTA,4432817,16.0,5.0,5.0
401705555,UTA,4433136,31.0,6.1,2.6
401705555,UTA,4433627,27.0,11.5,10.1
401705555,UTA,4683766,26.0,8.2,6.8
401705555,UTA,4684793,24.0,4.5,3.0
401705555,UTA,4895758,27.0,-2.5,-2.2
401705555,UTA,5105839,20.0,11.8,9.4
401705556,DEN,3468,42.0,13.6,8.4
401705556,DEN,3064290,37.0,25.6,26.1
401705556,DEN,4230557,24.0,5.6,3.5
401705556,DEN,4278104,41.0,18.9,15.4
401705556,DEN,4395620,20.0,10.2,8.5
401705556,DEN,4398390,11.0,-1.3,-1.4
401705556,DEN,4431690,11.0,8.3,7.1
401705556,DEN,4576087,35.0,11.6,7.5
401705556,DEN,4592427,19.0,5.9,5.8
401705556,GSW,3975,36.0,9.0,5.6
401705556,GSW,6430,33.0,21.1,17.7
401705556,GSW,6589,33.0,13.2,6.9
401705556,GSW,2990984,21.0,0.3,0.3
401705556,GSW,3134903,26.0,18.3,15.2
401705556,GSW,3155535,15.0,7.1,5.7
401705556,GSW,4432171,25.0,7.6,5.7
401705556,GSW,4433247,28.0,6.2,5.5
401705556,GSW,4593016,8.0,4.0,2.7
401705556,GSW,4997536,14.0,-1.8,-3.0
401705557,PHX,3202,26.0,10.7,9.2
401705557,PHX,2488653,4.0,-0.8,-1.3
401705557,PHX,2583632,24.0,13.4,9.8
401705557,PHX,2595209,6.0,1.4,1.4
401705557,PHX,3059310,6.0,11.4,10.1
401705557,PHX,3102532,6.0,0.6,0.0
401705557,PHX,3135046,27.0,11.3,11.1
401705557,PHX,3136193,32.0,22.9,22.9
401705557,PHX,3138161,19.0,6.1,3.8
401705557,PHX,4278076,12.0,7.5,7.4
401705557,PHX,4278585,16.0,2.9,2.0
401705557,PHX,4397102,6.0,4.4,4.1
401705557,PHX,4601023,26.0,13.6,11.3
401705557,PHX,4683749,6.0,3.7,4.1
401705557,PHX,4888725,24.0,10.5,9.7
401705557,TOR,4023,24.0,0.6,0.2
401705557,TOR,4067017,25.0,7.4,6.3
401705557,TOR,4395724,30.0,13.0,10.7
401705557,TOR,4397204,30.0,10.0,8.4
401705557,TOR,4431893,30.0,7.8,6.9
401705557,TOR,4432241,23.0,0.5,-0.4
401705557,TOR,4433134,31.0,5.6,6.2
401705557,TOR,4593049,21.0,10.9,10.9
401705557,TOR,5107897,27.0,1.5,0.3
401705558,MEM,3134932,17.0,12.2,9.5
401705558,MEM,3906665,25.0,17.4,15.1
401705558,MEM,3913174,28.0,7.7,5.5
401705558,MEM,4065731,4.0,-0.1,-0.7
401705558,MEM,4066320,41.0,33.3,31.3
401705558,MEM,4066405,3.0,-4.9,-4.4
401705558,MEM,4277961,31.0,5.3,5.4
401705558,MEM,4397227,17.0,-0.3,-2.1
401705558,MEM,4433083,15.0,7.0,6.4
401705558,MEM,4600663,24.0,13.8,11.6
401705558,MEM,5112087,34.0,9.5,9.3
401705558,SAC,3978,33.0,18.2,17.4
401705558,SAC,6477,16.0,10.8,8.6
401705558,SAC,3064440,37.0,20.5,20.6
401705558,SAC,3136196,20.0,5.3,2.3
401705558,SAC,3155942,12.0,6.5,6.5
401705558,SAC,4066262,36.0,25.6,22.0
401705558,SAC,4433188,11.0,5.0,1.1
401705558,SAC,4592691,23.0,7.0,7.1
401705558,SAC,4594327,33.0,12.8,10.0
401705558,SAC,4702177,19.0,8.3,8.1
401705559,ATL,2990969,24.0,4.3,4.0
401705559,ATL,3907823,22.0,11.7,10.5
401705559,ATL,3913180,10.0,6.7,5.4
401705559,ATL,4277905,31.0,25.4,23.0
401705559,ATL,4431680,27.0,16.3,12.5
401705559,ATL,4578893,31.0,5.5,4.7
401705559,ATL,4712863,23.0,3.0,1.2
401705559,ATL,4869342,28.0,25.3,20.1
401705559,ATL,4870562,21.0,10.2,8.5
401705559,ATL,5211175,24.0,17.2,14.4
401705559,CHA,2326307,25.0,14.0,14.4
401705559,CHA,3102530,17.0,8.6,8.0
401705559,CHA,3913220,32.0,15.0,14.6
401705559,CHA,4277892,24.0,10.5,6.7
401705559,CHA,4431766,33.0,8.7,6.1
401705559,CHA,4432811,20.0,-2.9,-2.7
401705559,CHA,4433249,18.0,0.5,-0.7
401705559,CHA,4592187,21.0,10.9,8.7
401705559,CHA,4683686,27.0,5.8,5.3
401705559,CHA,4701232,23.0,7.7,3.5
401705560,BKN,3136776,29.0,12.8,11.0
401705560,BKN,3138196,29.0,11.6,9.4
401705560,BKN,4278067,29.0,7.1,5.1
401705560,BKN,4397179,19.0,8.5,7.4
401705560,BKN,4431675,20.0,6.5,6.7
401705560,BKN,4431714,7.0,-2.1,-2.1
401705560,BKN,4432192,23.0,7.6,6.3
401705560,BKN,4432194,19.0,9.5,7.9
401705560,BKN,4433137,28.0,8.9,9.0
401705560,BKN,4684286,19.0,2.0,0.2
401705560,BKN,4712896,18.0,-1.6,-2.2
401705560,BOS,3213,32.0,3.4,2.7
401705560,BOS,3995,38.0,12.9,8.5
401705560,BOS,2528693,8.0,0.8,0.6
401705560,BOS,3064560,12.0,-0.5,-0.4
401705560,BOS,3078576,33.0,6.9,5.9
401705560,BOS,3102531,29.0,24.6,18.2
401705560,BOS,4065804,29.0,4.1,3.6
401705560,BOS,4066354,34.0,7.9,7.0
401705560,BOS,4397424,9.0,4.3,3.7
401705560,BOS,4593841,16.0,21.2,19.3
401705561,POR,3907498,22.0,13.7,7.1
401705561,POR,4066268,23.0,12.9,11.8
401705561,POR,4278111,1.0,0.0,0.0
401705561,POR,4351851,23.0,22.8,22.5
401705561,POR,4397885,20.0,6.1,2.1
401705561,POR,4576086,5.0,-2.5,-2.8
401705561,POR,4594326,37.0,8.5,2.6
401705561,POR,4683021,27.0,10.1,8.7
401705561,POR,4683678,31.0,4.4,4.7
401705561,POR,4914336,25.0,11.1,7.9
401705561,POR,5105565,25.0,13.2,11.8
401705561,WAS,6609,11.0,3.2,2.7
401705561,WAS,2581184,21.0,4.4,4.0
401705561,WAS,4277956,11.0,7.6,6.7
401705561,WAS,4432907,19.0,3.4,2.3
401705561,WAS,4433378,25.0,2.6,2.1
401705561,WAS,4684737,28.0,9.7,6.5
401705561,WAS,4845374,25.0,3.8,2.7
401705561,WAS,4997537,24.0,13.1,9.4
401705561,WAS,5160992,22.0,18.5,16.5
401705561,WAS,5170947,35.0,2.4,0.0
401705561,WAS,5174563,20.0,4.4,4.3
401705562,LAL,6461,28.0,5.4,4.6
401705562,LAL,2596107,17.0,6.9,6.0
401705562,LAL,3137259,25.0,1.2,2.2
401705562,LAL,3915195,23.0,1.7,3.5
401705562,LAL,4278402,31.0,9.3,4.8
401705562,LAL,4395623,16.0,3.6,3.1
401705562,LAL,4395627,22.0,2.2,-0.4
401705562,LAL,4397077,16.0,7.7,7.8
401705562,LAL,4683774,30.0,12.3,12.3
401705562,LAL,4897943,31.0,10.1,7.9
401705562,MIL,3448,32.0,9.5,8.1
401705562,MIL,2578239,7.0,3.0,1.4
401705562,MIL,2990962,25.0,3.2,3.0
401705562,MIL,3032977,29.0,24.9,20.8
401705562,MIL,3134907,31.0,17.0,16.1
401705562,MIL,4277843,27.0,23.0,20.5
401705562,MIL,4397140,17.0,-0.0,-1.8
401705562,MIL,4397233,7.0,0.3,0.3
401705562,MIL,4397475,20.0,5.8,5.4
401705562,MIL,4432190,7.0,6.0,3.7
401705562,MIL,4433622,4.0,4.4,4.4
401705562,MIL,4591725,29.0,9.7,6.0
401705562,MIL,5167876,3.0,-1.1,-0.7
401705563,CLE,2596112,1.0,0.0,0.0
401705563,CLE,3908809,34.0,14.3,13.8
401705563,CLE,3912848,16.0,3.9,3.1
401705563,CLE,4065732,20.0,11.1,12.4
401705563,CLE,4065733,20.0,6.9,6.9
401705563,CLE,4065778,26.0,20.3,20.9
401705563,CLE,4066328,32.0,8.4,6.7
401705563,CLE,4066757,14.0,0.2,1.0
401705563,CLE,4396907,32.0,17.1,14.6
401705563,CLE,4432158,31.0,10.2,9.9
401705563,CLE,4432822,12.0,0.2,0.0
401705563,CLE,4683747,1.0,0.0,0.0
401705563,CLE,4701233,1.0,0.0,0.0
401705563,LAC,3416,17.0,2.8,2.8
401705563,LAC,3992,39.0,19.4,18.0
401705563,LAC,6450,35.0,31.0,26.0
401705563,LAC,2595516,18.0,5.4,6.7
401705563,LAC,2991139,17.0,-1.0,-0.4
401705563,LAC,3037789,29.0,21.5,20.5
401705563,LAC,3907387,13.0,1.3,0.4
401705563,LAC,3936099,20.0,8.3,6.7
401705563,LAC,4017837,35.0,27.8,24.7
401705563,LAC,4066387,16.0,1.5,2.0
401705564,DAL,2531367,15.0,0.9,1.4
401705564,DAL,2580782,42.0,18.7,16.3
401705564,DAL,4278078,38.0,13.7,12.4
401705564,DAL,4278594,39.0,14.3,13.0
401705564,DAL,4397693,21.0,6.0,6.4
401705564,DAL,4431699,24.0,19.1,17.4
401705564,DAL,4432582,36.0,11.8,10.4
401705564,DAL,4868423,24.0,15.7,17.1
401705564,IND,2530530,16.0,4.6,4.8
401705564,IND,3133628,22.0,8.5,6.4
401705564,IND,3149673,34.0,22.7,22.3
401705564,IND,3934723,11.0,5.9,6.8
401705564,IND,4065673,4.0,2.7,2.7
401705564,IND,4278355,23.0,12.4,11.5
401705564,IND,4395712,32.0,17.4,17.4
401705564,IND,4396909,35.0,14.4,13.5
401705564,IND,4433076,26.0,4.7,2.6
401705564,IND,4683634,32.0,17.4,15.9
401705564,IND,5106060,6.0,1.9,2.0
401705565,HOU,3209,9.0,1.6,2.0
401705565,HOU,2991230,36.0,12.8,11.2
401705565,HOU,2991235,23.0,1.5,-1.3
401705565,HOU,3155526,36.0,11.4,11.1
401705565,HOU,3922230,4.0,-1.7,-2.4
401705565,HOU,4432639,26.0,14.5,11.2
401705565,HOU,4433192,32.0,23.4,16.7
401705565,HOU,4437244,37.0,15.9,14.5
401705565,HOU,4871144,37.0,16.4,16.3
401705565,ORL,6446,26.0,10.2,9.8
401705565,ORL,2581018,32.0,7.0,6.7
401705565,ORL,2999547,11.0,-0.8,-0.7
401705565,ORL,4065654,8.0,2.6,-0.4
401705565,ORL,4277847,19.0,2.9,3.0
401705565,ORL,4348700,23.0,18.9,18.2
401705565,ORL,4432573,39.0,24.2,23.2
401705565,ORL,4433623,5.0,0.0,0.0
401705565,ORL,4566434,38.0,10.4,8.8
401705565,ORL,4702382,16.0,2.3,1.7
401705565,ORL,4712849,22.0,4.9,2.4
401705566,DET,6440,35.0,14.4,9.1
401705566,DET,2528210,20.0,6.6,5.3
401705566,DET,3032979,19.0,5.9,4.9
401705566,DET,3899664,13.0,-0.3,0.3
401705566,DET,3907822,29.0,11.5,12.0
401705566,DET,4432166,36.0,21.0,17.4
401705566,DET,4432810,20.0,6.2,5.5
401705566,DET,4433621,28.0,14.7,14.9
401705566,DET,4683771,12.0,5.3,5.1
401705566,DET,4684742,29.0,12.0,9.6
401705566,MIA,6429,14.0,3.9,3.0
401705566,MIA,3157465,30.0,8.4,8.3
401705566,MIA,4066261,37.0,26.0,23.7
401705566,MIA,4278053,32.0,11.7,11.2
401705566,MIA,4291678,26.0,4.5,3.4
401705566,MIA,4395725,37.0,19.9,19.1
401705566,MIA,4432848,28.0,3.0,1.0
401705566,MIA,4601025,4.0,-0.7,-0.7
401705566,MIA,5105623,33.0,13.5,8.9
401705567,MIN,3195,28.0,14.4,13.2
401705567,MIN,3032976,31.0,10.9,9.7
401705567,MIN,3064514,28.0,9.3,8.5
401705567,MIN,3934673,24.0,7.3,5.3
401705567,MIN,4278039,21.0,6.7,5.3
401705567,MIN,4396971,34.0,8.1,5.3
401705567,MIN,4431671,24.0,5.6,5.8
401705567,MIN,4432247,12.0,7.9,7.1
401705567,MIN,4432847,1.0,0.0,0.0
401705567,MIN,4594268,38.0,22.0,19.1
401705567,NOP,2489663,30.0,9.9,9.2
401705567,NOP,2490149,32.0,8.9,8.6
401705567,NOP,4065670,31.0,13.8,14.2
401705567,NOP,4277869,26.0,8.8,7.9
401705567,NOP,4395628,30.0,26.1,23.6
401705567,NOP,4432813,22.0,3.4,2.7
401705567,NOP,4683750,23.0,8.8,6.9
401705567,NOP,4997538,19.0,3.6,3.4
401705567,NOP,5061589,26.0,12.2,9.3
401705568,OKC,3133626,24.0,12.2,9.4
401705568,OKC,4395702,29.0,16.1,15.2
401705568,OKC,4397183,29.0,20.6,20.2
401705568,OKC,4397654,23.0,4.2,1.0
401705568,OKC,4432823,38.0,26.3,21.6
401705568,OKC,4432971,14.0,5.3,3.4
401705568,OKC,4433255,23.0,16.8,14.7
401705568,OKC,4592435,23.0,17.0,13.8
401705568,OKC,4702159,36.0,11.1,8.4
401705568,PHI,4017844,20.0,8.9,8.1
401705568,PHI,4277812,24.0,6.3,5.6
401705568,PHI,4278031,20.0,-0.5,-1.4
401705568,PHI,4278052,37.0,21.2,18.1
401705568,PHI,4395695,24.0,3.1,1.9
401705568,PHI,4397014,32.0,18.6,16.8
401705568,PHI,4433626,28.0,3.2,2.6
401705568,PHI,4701234,24.0,-3.2,-4.0
401705568,PHI,4711297,30.0,14.3,11.4
401705569,NYK,3033,2.0,0.0,0.0
401705569,NYK,3062679,35.0,8.2,4.6
401705569,NYK,3064230,17.0,9.0,9.1
401705569,NYK,3064447,2.0,0.7,0.7
401705569,NYK,3136195,35.0,24.6,22.5
401705569,NYK,3147657,32.0,11.1,10.9
401705569,NYK,3914044,21.0,-3.0,-2.8
401705569,NYK,3934719,37.0,9.5,5.8
401705569,NYK,4351852,17.0,16.9,13.1
401705569,NYK,4431679,7.0,3.7,3.4
401705569,NYK,4431705,2.0,0.0,0.0
401705569,NYK,4431823,31.0,5.4,6.0
401705569,NYK,4433225,2.0,2.4,2.4
401705569,SAS,2779,31.0,12.0,11.4
401705569,SAS,6427,10.0,2.9,3.1
401705569,SAS,6578,20.0,8.8,7.3
401705569,SAS,4278580,19.0,36.8,35.0
401705569,SAS,4395630,33.0,9.2,6.3
401705569,SAS,4395723,26.0,3.0,1.5
401705569,SAS,4592479,20.0,5.2,5.1
401705569,SAS,4610139,38.0,4.3,3.7
401705569,SAS,4683935,16.0,7.6,4.0
401705569,SAS,4845367,27.0,14.1,12.3
401705570,LAC,3416,30.0,5.5,4.7
401705570,LAC,3992,49.0,28.4,22.9
401705570,LAC,2595516,46.0,26.0,25.2
401705570,LAC,2991139,38.0,7.5,4.9
401705570,LAC,3037789,23.0,4.7,2.6
401705570,LAC,3907387,27.0,19.7,14.3
401705570,LAC,3936099,23.0,1.5,1.5
401705570,LAC,4017837,25.0,8.9,6.4
401705570,LAC,4431752,4.0,-1.4,-1.4
401705570,UTA,3133602,28.0,3.8,3.0
401705570,UTA,3908845,41.0,12.2,10.3
401705570,UTA,4066336,38.0,11.1,10.4
401705570,UTA,4066399,13.0,3.8,2.1
401705570,UTA,4432817,12.0,6.5,5.4
401705570,UTA,4433627,37.0,8.5,8.4
401705570,UTA,4683766,32.0,15.1,10.6
401705570,UTA,4684793,37.0,13.8,13.5
401705570,UTA,4895758,16.0,-3.3,-1.7
401705570,UTA,5105839,12.0,9.0,9.4
401705571,GSW,3975,25.0,12.0,10.7
401705571,GSW,6430,36.0,19.4,14.4
401705571,GSW,6589,31.0,16.8,13.5
401705571,GSW,2990984,19.0,8.9,7.8
401705571,GSW,3155535,9.0,2.3,2.0
401705571,GSW,4432171,27.0,3.5,0.9
401705571,GSW,4433247,25.0,10.4,8.4
401705571,GSW,4593016,22.0,14.9,13.4
401705571,GSW,4709138,35.0,10.2,9.0
401705571,GSW,4997536,10.0,1.7,1.4
401705571,TOR,4023,5.0,0.0,-0.3
401705571,TOR,3134908,28.0,16.9,15.0
401705571,TOR,4067017,10.0,-1.2,-1.4
401705571,TOR,4395724,31.0,15.9,13.2
401705571,TOR,4397018,26.0,6.1,7.2
401705571,TOR,4397204,19.0,7.9,5.7
401705571,TOR,4431893,33.0,8.0,8.0
401705571,TOR,4432241,27.0,7.9,6.9
401705571,TOR,4433134,34.0,25.9,22.6
401705571,TOR,5107897,28.0,3.6,2.8
401705572,DEN,3468,29.0,9.9,8.4
401705572,DEN,3064290,30.0,19.3,16.1
401705572,DEN,4230557,22.0,1.3,-0.3
401705572,DEN,4278104,28.0,10.3,7.1
401705572,DEN,4395620,12.0,3.0,3.0
401705572,DEN,4398390,19.0,16.4,13.9
401705572,DEN,4431690,10.0,-3.6,-4.2
401705572,DEN,4431767,28.0,7.5,6.7
401705572,DEN,4576087,25.0,6.5,6.3
401705572,DEN,4592427,29.0,5.2,5.4
401705572,DEN,4701225,8.0,6.3,5.8
401705572,LAL,2578185,30.0,15.7,14.2
401705572,LAL,3137259,23.0,8.3,9.1
401705572,LAL,3915195,7.0,-1.9,-1.5
401705572,LAL,3945274,32.0,21.9,18.0
401705572,LAL,4066457,36.0,22.0,18.6
401705572,LAL,4278077,18.0,8.3,5.8
401705572,LAL,4278402,26.0,9.9,5.7
401705572,LAL,4397077,24.0,7.8,5.0
401705572,LAL,4431778,14.0,3.5,3.8
401705572,LAL,4683774,4.0,0.0,0.0
401705572,LAL,4897943,25.0,7.4,6.9
401705573,CHI,6478,30.0,19.6,17.1
401705573,CHI,4066372,32.0,11.2,11.5
401705573,CHI,4066650,18.0,8.1,6.9
401705573,CHI,4395626,32.0,16.1,15.1
401705573,CHI,4395651,35.0,16.7,16.1
401705573,CHI,4431687,18.0,1.4,-0.1
401705573,CHI,4433159,5.0,-0.5,-2.7
401705573,CHI,4711294,25.0,1.5,0.9
401705573,CHI,4871145,31.0,24.6,20.1
401705573,CHI,5105553,15.0,4.8,4.0
401705573,PHX,3202,36.0,23.7,22.9
401705573,PHX,2583632,26.0,9.1,5.1
401705573,PHX,3135046,21.0,5.6,3.0
401705573,PHX,3136193,36.0,30.9,30.0
401705573,PHX,3138161,17.0,4.7,2.0
401705573,PHX,4278076,28.0,15.8,12.9
401705573,PHX,4278585,26.0,7.6,5.8
401705573,PHX,4601023,20.0,6.7,6.6
401705573,PHX,4888725,30.0,13.5,11.4
401705574,MEM,3134932,20.0,5.3,3.4
401705574,MEM,3906665,5.0,-0.4,-0.7
401705574,MEM,3913174,25.0,7.3,4.4
401705574,MEM,4065731,13.0,9.3,6.7
401705574,MEM,4066320,36.0,15.3,13.4
401705574,MEM,4277848,2.0,2.4,2.4
401705574,MEM,4277961,29.0,2.3,-0.2
401705574,MEM,4397227,18.0,5.4,4.1
401705574,MEM,4431785,31.0,14.3,12.0
401705574,MEM,4433083,2.0,0.0,0.0
401705574,MEM,4593125,27.0,13.6,12.4
401705574,MEM,4600663,11.0,3.1,4.8
401705574,MEM,5112087,21.0,-2.2,-1.8
401705574,POR,3907498,11.0,5.2,3.0
401705574,POR,4066268,20.0,11.9,11.9
401705574,POR,4278111,2.0,0.3,0.0
401705574,POR,4351851,36.0,11.8,10.6
401705574,POR,4397885,2.0,0.0,0.0
401705574,POR,4431736,32.0,10.6,10.7
401705574,POR,4576086,2.0,-1.0,-1.0
401705574,POR,4594326,18.0,-0.1,-1.0
401705574,POR,4683021,39.0,29.4,25.3
401705574,POR,4683678,20.0,-0.2,0.0
401705574,POR,4914336,30.0,14.5,11.8
401705574,POR,5099752,2.0,0.0,0.0
401705574,POR,5105565,26.0,9.0,6.8
401705575,CLE,3908809,33.0,18.8,17.1
401705575,CLE,3912848,23.0,10.4,9.4
401705575,CLE,4065732,31.0,7.5,5.7
401705575,CLE,4065733,26.0,9.8,9.2
401705575,CLE,4065778,30.0,8.4,7.7
401705575,CLE,4066328,30.0,9.2,7.4
401705575,CLE,4066757,12.0,2.5,2.5
401705575,CLE,4432158,32.0,27.4,25.1
401705575,CLE,4432822,16.0,4.0,2.7
401705575,CLE,4701233,8.0,0.2,0.6
401705575,SAC,3978,36.0,19.2,19.1
401705575,SAC,6477,25.0,10.0,9.2
401705575,SAC,3136196,30.0,14.3,12.6
401705575,SAC,4066262,39.0,20.5,17.3
401705575,SAC,4066636,7.0,3.3,2.3
401705575,SAC,4433188,31.0,15.9,12.5
401705575,SAC,4594327,37.0,8.4,8.4
401705575,SAC,4702177,30.0,12.5,12.9
401705575,SAC,5107818,4.0,1.4,1.4
401705576,CHA,3986,1.0,2.4,2.4
401705576,CHA,2326307,18.0,3.3,3.8
401705576,CHA,3102530,15.0,8.8,6.7
401705576,CHA,3913220,33.0,9.9,9.3
401705576,CHA,4066383,33.0,9.3,6.3
401705576,CHA,4432811,21.0,0.0,2.0
401705576,CHA,4432816,28.0,17.2,17.9
401705576,CHA,4433249,12.0,6.8,6.0
401705576,CHA,4592187,20.0,0.9,1.4
401705576,CHA,4683686,27.0,9.5,8.7
401705576,CHA,4701232,31.0,22.9,19.1
401705576,NYK,3062679,39.0,14.0,14.0
401705576,NYK,3064230,16.0,2.8,2.3
401705576,NYK,3136195,36.0,17.0,15.1
401705576,NYK,3147657,33.0,16.9,12.7
401705576,NYK,3914044,19.0,-2.1,-3.1
401705576,NYK,3934719,38.0,19.6,16.3
401705576,NYK,4431679,17.0,-1.5,-2.5
401705576,NYK,4431705,2.0,1.7,1.7
401705576,NYK,4431823,36.0,7.8,7.8
401705576,NYK,4432179,2.0,1.7,1.7
401705576,NYK,4433225,2.0,-0.7,-0.7
401705577,BKN,3136776,32.0,11.9,12.2
401705577,BKN,4278067,31.0,6.5,2.9
401705577,BKN,4397179,31.0,0.6,-1.4
401705577,BKN,4431675,27.0,11.4,10.0
401705577,BKN,4431714,19.0,-3.9,-3.8
401705577,BKN,4432192,27.0,0.7,0.1
401705577,BKN,4432194,23.0,7.7,4.8
401705577,BKN,4433137,35.0,16.1,13.0
401705577,BKN,4684286,22.0,8.4,7.1
401705577,BKN,4712896,19.0,3.2,3.6
401705577,IND,2530530,18.0,5.5,3.6
401705577,IND,3133628,40.0,23.7,17.6
401705577,IND,3149673,35.0,1.9,0.3
401705577,IND,3934723,13.0,2.4,0.9
401705577,IND,4278355,18.0,4.8,4.0
401705577,IND,4395712,31.0,-1.3,-1.0
401705577,IND,4396909,35.0,9.5,8.0
401705577,IND,4433076,22.0,0.9,-2.1
401705577,IND,4592829,4.0,-0.1,0.0
401705577,IND,4683634,39.0,27.6,22.3
401705577,IND,5106060,10.0,4.7,4.7
401705578,GSW,6430,37.0,21.7,20.7
401705578,GSW,6589,36.0,5.4,-0.4
401705578,GSW,2990984,24.0,12.1,10.1
401705578,GSW,3134903,17.0,5.6,5.0
401705578,GSW,3155535,6.0,0.6,-0.7
401705578,GSW,4431684,4.0,-0.2,-0.1
401705578,GSW,4432171,25.0,5.7,5.0
401705578,GSW,4433247,24.0,2.6,3.9
401705578,GSW,4592714,6.0,2.6,1.0
401705578,GSW,4593016,23.0,8.7,8.8
401705578,GSW,4709138,29.0,14.2,11.4
401705578,GSW,4997536,8.0,3.0,2.8
401705578,MIL,3448,33.0,15.1,13.2
401705578,MIL,6606,38.0,7.6,5.8
401705578,MIL,2990962,32.0,4.3,2.4
401705578,MIL,3032977,39.0,19.8,14.1
401705578,MIL,3134907,37.0,13.0,14.0
401705578,MIL,4277843,26.0,6.9,4.9
401705578,MIL,4397140,15.0,2.1,0.0
401705578,MIL,4397475,14.0,-1.0,-1.8
401705578,MIL,4591725,5.0,1.0,1.4
401705579,CHI,6478,32.0,30.0,27.6
401705579,CHI,4066372,37.0,27.5,22.4
401705579,CHI,4066650,8.0,2.9,3.1
401705579,CHI,4395626,33.0,14.7,13.0
401705579,CHI,4395651,38.0,26.6,28.2
401705579,CHI,4431687,29.0,5.5,5.0
401705579,CHI,4433159,20.0,6.3,5.3
401705579,CHI,4711294,15.0,1.9,1.3
401705579,CHI,5105553,27.0,-0.8,-2.5
401705579,SAC,3978,36.0,13.4,11.9
401705579,SAC,6477,15.0,4.4,3.0
401705579,SAC,3064440,33.0,4.9,4.0
401705579,SAC,3136196,24.0,20.7,19.2
401705579,SAC,4066262,34.0,26.1,27.7
401705579,SAC,4433188,20.0,2.1,1.9
401705579,SAC,4592691,22.0,12.6,12.3
401705579,SAC,4594327,38.0,9.8,8.2
401705579,SAC,4702177,18.0,-2.4,-3.4
401705580,ORL,6446,22.0,8.7,8.4
401705580,ORL,2581018,28.0,11.9,9.4
401705580,ORL,2999547,11.0,-3.0,-2.8
401705580,ORL,4065654,7.0,1.7,0.0
401705580,ORL,4277847,29.0,16.0,13.6
401705580,ORL,4348700,7.0,3.3,-0.6
401705580,ORL,4397071,5.0,-1.5,-0.7
401705580,ORL,4432573,31.0,23.9,20.8
401705580,ORL,4433623,21.0,9.9,5.4
401705580,ORL,4566434,24.0,16.4,14.5
401705580,ORL,4702382,20.0,6.5,5.7
401705580,ORL,4712849,26.0,11.8,10.7
401705580,ORL,5105806,9.0,-0.2,0.6
401705580,WAS,6609,23.0,1.4,-0.2
401705580,WAS,2581184,22.0,12.9,9.7
401705580,WAS,4277956,27.0,11.5,11.1
401705580,WAS,4432907,28.0,2.2,0.2
401705580,WAS,4433378,7.0,4.6,3.3
401705580,WAS,4702233,7.0,1.7,1.0
401705580,WAS,4845374,26.0,-4.9,-5.4
401705580,WAS,4997537,21.0,20.0,14.8
401705580,WAS,5160992,28.0,13.5,11.7
401705580,WAS,5170947,23.0,11.8,11.2
401705580,WAS,5174563,28.0,9.6,7.2
401705581,HOU,2991230,36.0,32.4,30.6
401705581,HOU,2991235,21.0,6.5,5.1
401705581,HOU,3155526,34.0,3.6,1.9
401705581,HOU,4432639,22.0,6.6,5.2
401705581,HOU,4433192,27.0,4.2,3.1
401705581,HOU,4437244,32.0,1.3,-1.2
401705581,HOU,4684740,35.0,23.7,14.6
401705581,HOU,4871144,34.0,4.9,0.4
401705581,MIA,3449,6.0,-0.4,0.0
401705581,MIA,6429,4.0,-0.7,-0.7
401705581,MIA,3059319,30.0,23.7,22.6
401705581,MIA,3157465,18.0,1.5,1.7
401705581,MIA,4066261,38.0,12.5,11.8
401705581,MIA,4278053,34.0,7.2,6.8
401705581,MIA,4291678,24.0,12.0,7.5
401705581,MIA,4395725,39.0,-0.8,-1.7
401705581,MIA,4432848,15.0,2.4,1.4
401705581,MIA,5105623,35.0,18.7,12.9
401705582,MIN,3195,10.0,3.8,2.5
401705582,MIN,2968436,6.0,-3.2,-2.4
401705582,MIN,3032976,30.0,19.3,15.2
401705582,MIN,3064514,25.0,20.8,19.4
401705582,MIN,3934673,23.0,10.7,10.4
401705582,MIN,4277951,8.0,8.1,7.8
401705582,MIN,4278039,23.0,6.7,6.1
401705582,MIN,4396971,24.0,14.6,12.5
401705582,MIN,4431671,21.0,14.3,12.5
401705582,MIN,4432247,14.0,11.1,8.8
401705582,MIN,4432847,9.0,-0.4,0.0
401705582,MIN,4592492,7.0,2.3,3.1
401705582,MIN,4594268,26.0,14.5,12.2
401705582,MIN,4684275,7.0,3.0,2.4
401705582,MIN,4687718,8.0,2.6,2.0
401705582,NOP,2489663,22.0,9.7,8.9
401705582,NOP,2490149,28.0,6.8,3.0
401705582,NOP,2583639,12.0,-3.8,-3.4
401705582,NOP,4065670,22.0,9.5,9.1
401705582,NOP,4277869,18.0,6.3,4.3
401705582,NOP,4431689,22.0,1.1,0.1
401705582,NOP,4432813,29.0,4.4,2.6
401705582,NOP,4592686,12.0,9.5,8.5
401705582,NOP,4683750,27.0,9.1,8.0
401705582,NOP,4997538,20.0,7.2,6.7
401705582,NOP,5061589,28.0,3.5,1.9
401705583,CHA,3986,12.0,3.6,3.4
401705583,CHA,2326307,22.0,7.4,7.8
401705583,CHA,3102530,24.0,10.4,7.5
401705583,CHA,3913220,24.0,5.2,4.9
401705583,CHA,4066383,26.0,17.2,15.4
401705583,CHA,4432811,25.0,6.3,5.4
401705583,CHA,4433249,22.0,13.2,11.0
401705583,CHA,4592187,27.0,4.1,2.0
401705583,CHA,4683686,26.0,3.9,4.3
401705583,CHA,4683834,33.0,12.5,11.6
401705583,OKC,2991350,15.0,9.9,7.7
401705583,OKC,3133626,17.0,9.3,9.4
401705583,OKC,4222252,25.0,11.6,10.2
401705583,OKC,4278073,30.0,29.9,27.9
401705583,OKC,4395702,21.0,6.4,7.7
401705583,OKC,4397183,27.0,10.6,7.0
401705583,OKC,4397654,7.0,7.5,7.2
401705583,OKC,4432823,23.0,13.8,13.1
401705583,OKC,4432971,6.0,3.7,1.7
401705583,OKC,4433255,28.0,11.5,7.2
401705583,OKC,4592435,7.0,3.0,2.0
401705583,OKC,4683692,26.0,13.9,11.3
401705583,OKC,4702159,9.0,3.6,2.7
401705584,PHI,4017844,38.0,22.8,21.1
401705584,PHI,4277890,11.0,3.7,1.7
401705584,PHI,4278031,17.0,5.2,5.7
401705584,PHI,4278052,31.0,10.7,7.5
401705584,PHI,4395695,28.0,2.2,1.1
401705584,PHI,4397014,35.0,18.0,16.6
401705584,PHI,4433626,19.0,2.5,0.6
401705584,PHI,4701234,24.0,18.4,15.4
401705584,PHI,4711297,38.0,19.2,18.1
401705584,SAS,2779,26.0,15.7,14.6
401705584,SAS,6578,31.0,9.8,9.1
401705584,SAS,4278580,13.0,0.1,0.0
401705584,SAS,4395630,37.0,18.2,15.2
401705584,SAS,4395723,26.0,20.6,15.8
401705584,SAS,4592479,17.0,3.2,2.3
401705584,SAS,4610139,35.0,18.6,18.3
401705584,SAS,4683935,19.0,9.0,8.4
401705584,SAS,4845367,35.0,22.0,17.1
401705585,DAL,6475,30.0,12.4,10.9
401705585,DAL,2531367,19.0,4.7,5.2
401705585,DAL,2580782,39.0,32.6,30.0
401705585,DAL,4278078,38.0,14.5,9.6
401705585,DAL,4278594,36.0,19.9,15.6
401705585,DAL,4397040,18.0,4.1,1.9
401705585,DAL,4431699,25.0,11.0,9.9
401705585,DAL,4432582,24.0,8.8,6.1
401705585,DAL,4868423,10.0,-4.6,-4.5
401705585,DET,6440,35.0,10.1,4.4
401705585,DET,2528210,8.0,-0.7,-0.7
401705585,DET,3032979,31.0,6.8,5.7
401705585,DET,3899664,16.0,2.3,1.3
401705585,DET,3907822,36.0,8.7,8.6
401705585,DET,4432166,38.0,23.3,22.1
401705585,DET,4432810,20.0,11.3,7.5
401705585,DET,4433621,27.0,17.3,16.3
401705585,DET,4683771,12.0,7.5,5.1
401705585,DET,4684742,16.0,8.0,7.8
401705586,BOS,3213,27.0,7.0,5.8
401705586,BOS,3995,23.0,9.2,6.8
401705586,BOS,2528693,1.0,0.0,0.0
401705586,BOS,3064560,17.0,7.3,4.1
401705586,BOS,3078576,32.0,11.6,8.0
401705586,BOS,3102531,25.0,27.3,26.1
401705586,BOS,4065648,33.0,15.5,11.1
401705586,BOS,4065804,29.0,10.3,9.0
401705586,BOS,4066354,32.0,13.9,13.4
401705586,BOS,4397424,2.0,1.4,1.4
401705586,BOS,4397689,2.0,1.0,0.0
401705586,BOS,4576085,3.0,4.0,3.4
401705586,BOS,4593841,12.0,-2.8,-2.8
401705586,BOS,4683689,2.0,4.1,4.1
401705586,UTA,3133602,19.0,2.5,1.6
401705586,UTA,4066399,23.0,6.2,6.1
401705586,UTA,4277811,36.0,21.9,22.3
401705586,UTA,4432817,22.0,10.3,7.4
401705586,UTA,4433136,29.0,12.5,10.7
401705586,UTA,4433627,33.0,13.3,12.5
401705586,UTA,4683766,30.0,2.0,0.6
401705586,UTA,4684793,14.0,-3.4,-3.8
401705586,UTA,4895758,21.0,1.2,0.6
401705586,UTA,5105839,13.0,4.1,2.3
401705587,CLE,2596112,7.0,2.9,2.7
401705587,CLE,3908809,31.0,0.1,-3.1
401705587,CLE,3912848,16.0,4.7,4.7
401705587,CLE,4065732,22.0,14.0,14.5
401705587,CLE,4065733,19.0,16.9,14.6
401705587,CLE,4065778,23.0,8.2,8.5
401705587,CLE,4066328,22.0,8.1,5.5
401705587,CLE,4066757,18.0,5.8,0.3
401705587,CLE,4396907,37.0,9.9,9.2
401705587,CLE,4432158,31.0,18.3,13.5
401705587,CLE,4432822,14.0,8.0,8.4
401705587,PHX,3202,39.0,33.2,31.1
401705587,PHX,2583632,21.0,10.5,10.5
401705587,PHX,3135046,25.0,15.7,13.5
401705587,PHX,3136193,39.0,12.9,13.9
401705587,PHX,3138161,22.0,3.7,1.0
401705587,PHX,4278585,24.0,13.8,12.6
401705587,PHX,4601023,44.0,7.2,5.6
401705587,PHX,4888725,26.0,11.2,8.1
401705588,DEN,3468,30.0,6.9,5.0
401705588,DEN,3064290,32.0,20.7,20.8
401705588,DEN,3936299,35.0,6.5,3.4
401705588,DEN,4230557,4.0,1.4,1.4
401705588,DEN,4278104,29.0,12.0,11.8
401705588,DEN,4395620,4.0,4.8,4.8
401705588,DEN,4398390,23.0,4.9,5.1
401705588,DEN,4431690,12.0,3.6,0.0
401705588,DEN,4431767,33.0,10.5,11.6
401705588,DEN,4576087,27.0,7.4,7.0
401705588,DEN,4592427,6.0,-0.1,0.3
401705588,DEN,4701225,4.0,2.7,2.7
401705588,POR,3907498,17.0,3.5,2.0
401705588,POR,4066268,32.0,13.7,13.4
401705588,POR,4278111,2.0,0.0,0.0
401705588,POR,4397885,29.0,21.5,15.5
401705588,POR,4431736,36.0,16.2,13.4
401705588,POR,4576086,2.0,-0.4,0.0
401705588,POR,4594326,21.0,4.4,4.1
401705588,POR,4683021,38.0,35.2,30.5
401705588,POR,4683678,20.0,7.5,8.1
401705588,POR,4914336,39.0,14.7,13.4
401705588,POR,5099752,2.0,-2.0,-2.0
401705589,LAC,3416,12.0,8.4,5.1
401705589,LAC,3992,36.0,30.1,26.3
401705589,LAC,6450,37.0,22.6,20.0
401705589,LAC,2595516,27.0,14.0,11.4
401705589,LAC,2991139,19.0,7.2,6.7
401705589,LAC,3037789,26.0,12.9,12.6
401705589,LAC,3907387,13.0,1.3,-0.3
401705589,LAC,3914285,3.0,1.2,0.6
401705589,LAC,3936099,18.0,4.6,3.7
401705589,LAC,4017837,34.0,11.9,8.7
401705589,LAC,4066387,15.0,3.9,3.3
401705589,LAC,4431752,1.0,0.0,0.0
401705589,MEM,3134932,13.0,-1.2,-2.4
401705589,MEM,3913174,30.0,15.7,12.9
401705589,MEM,4065731,14.0,8.8,10.1
401705589,MEM,4066320,33.0,8.8,7.8
401705589,MEM,4277848,1.0,-0.7,-0.7
401705589,MEM,4277961,35.0,9.8,8.7
401705589,MEM,4397227,23.0,1.2,0.6
401705589,MEM,4431785,27.0,14.8,13.3
401705589,MEM,4433083,1.0,0.0,0.0
401705589,MEM,4593125,32.0,16.3,14.1
401705589,MEM,4600663,17.0,7.2,6.1
401705589,MEM,5112087,15.0,2.9,2.0
401705590,BKN,3138196,37.0,16.1,13.5
401705590,BKN,4278067,32.0,7.5,7.2
401705590,BKN,4397179,28.0,7.4,8.5
401705590,BKN,4431675,30.0,21.2,19.3
401705590,BKN,4431714,23.0,7.6,6.6
401705590,BKN,4432192,33.0,8.9,5.9
401705590,BKN,4432194,17.0,1.2,0.7
401705590,BKN,4684286,15.0,2.2,0.6
401705590,BKN,4712896,26.0,-1.8,-1.8
401705590,IND,2530530,14.0,10.3,8.6
401705590,IND,3133628,32.0,18.3,14.7
401705590,IND,3149673,34.0,17.1,17.4
401705590,IND,3934723,12.0,2.3,1.3
401705590,IND,4278355,18.0,6.2,5.0
401705590,IND,4395712,35.0,7.6,7.2
401705590,IND,4396909,22.0,2.9,2.0
401705590,IND,4396993,32.0,17.5,16.0
401705590,IND,4433076,9.0,-1.1,-1.0
401705590,IND,4683634,27.0,9.1,7.0
401705590,IND,5106060,7.0,-2.0,-1.0
401705591,ATL,2990969,22.0,17.3,17.5
401705591,ATL,2991043,24.0,10.1,11.1
401705591,ATL,3907823,19.0,1.4,2.4
401705591,ATL,4277905,35.0,23.2,20.7
401705591,ATL,4431680,34.0,22.0,19.1
401705591,ATL,4578893,13.0,3.9,4.8
401705591,ATL,4712863,15.0,-0.0,-0.4
401705591,ATL,4869342,35.0,16.6,11.3
401705591,ATL,4870562,14.0,4.3,4.4
401705591,ATL,5211175,29.0,9.4,8.6
401705591,GSW,6430,38.0,22.1,20.3
401705591,GSW,6589,35.0,5.6,2.1
401705591,GSW,2990984,17.0,6.3,5.4
401705591,GSW,3134903,17.0,8.9,8.1
401705591,GSW,3155535,5.0,-0.7,-0.7
401705591,GSW,4431684,5.0,4.0,3.0
401705591,GSW,4432171,35.0,18.3,15.9
401705591,GSW,4433247,22.0,9.6,9.0
401705591,GSW,4593016,28.0,10.2,9.1
401705591,GSW,4709138,36.0,15.4,13.1
401705591,GSW,4997536,4.0,-1.1,-0.7
401705592,NYK,3062679,38.0,7.6,4.7
401705592,NYK,3064230,30.0,12.3,10.8
401705592,NYK,3136195,37.0,22.7,17.5
401705592,NYK,3147657,38.0,21.5,16.9
401705592,NYK,3914044,15.0,-1.0,0.3
401705592,NYK,3934719,31.0,20.9,19.5
401705592,NYK,4351852,17.0,5.4,4.5
401705592,NYK,4431679,12.0,5.8,5.2
401705592,NYK,4431705,3.0,1.6,1.7
401705592,NYK,4432179,3.0,1.9,1.0
401705592,NYK,4433225,18.0,9.7,7.5
401705592,WAS,2581184,12.0,1.6,2.4
401705592,WAS,2990992,24.0,14.9,11.7
401705592,WAS,2993370,17.0,5.9,4.8
401705592,WAS,4277956,28.0,13.1,13.8
401705592,WAS,4432907,22.0,3.0,3.0
401705592,WAS,4433378,12.0,9.7,7.2
401705592,WAS,4684737,4.0,-0.7,-1.0
401705592,WAS,4845374,35.0,-0.0,-0.1
401705592,WAS,4997537,4.0,4.4,4.4
401705592,WAS,5160992,27.0,-0.0,-2.1
401705592,WAS,5170947,28.0,5.9,4.6
401705592,WAS,5174563,28.0,11.5,8.0
401705593,MIL,3448,36.0,16.3,15.1
401705593,MIL,2578239,2.0,0.0,0.0
401705593,MIL,2990962,25.0,12.9,11.5
401705593,MIL,3032977,35.0,29.3,25.1
401705593,MIL,3134907,33.0,12.6,9.4
401705593,MIL,4277843,36.0,6.5,4.9
401705593,MIL,4397140,27.0,16.1,16.4
401705593,MIL,4397475,26.0,0.8,1.0
401705593,MIL,4591725,21.0,0.2,0.7
401705593,SAC,3978,38.0,16.2,15.0
401705593,SAC,6477,27.0,14.1,13.9
401705593,SAC,3064440,38.0,7.7,6.3
401705593,SAC,3136196,21.0,5.2,5.4
401705593,SAC,4066636,8.0,1.4,1.4
401705593,SAC,4433188,10.0,2.5,-0.1
401705593,SAC,4592691,28.0,5.8,5.9
401705593,SAC,4594327,33.0,11.0,8.7
401705593,SAC,4702177,37.0,18.9,18.7
401705594,CHI,6478,26.0,17.0,11.6
401705594,CHI,3133635,4.0,2.7,1.7
401705594,CHI,4066372,34.0,11.6,10.1
401705594,CHI,4066650,18.0,11.4,9.2
401705594,CHI,4395651,34.0,29.0,26.5
401705594,CHI,4396991,3.0,-0.7,-0.7
401705594,CHI,4397189,4.0,1.0,0.7
401705594,CHI,4431687,23.0,13.7,13.2
401705594,CHI,4433159,24.0,12.6,10.5
401705594,CHI,4711294,30.0,21.9,22.6
401705594,CHI,4871145,33.0,29.4,20.5
401705594,CHI,5105553,7.0,-1.0,-1.0
401705594,LAL,1966,31.0,9.6,5.2
401705594,LAL,6461,7.0,1.7,1.7
401705594,LAL,2578185,21.0,-1.4,-1.7
401705594,LAL,2596107,7.0,-0.7,-1.0
401705594,LAL,3137259,19.0,4.3,3.7
401705594,LAL,3915195,7.0,1.3,1.0
401705594,LAL,3945274,32.0,25.4,24.6
401705594,LAL,4066457,34.0,22.0,21.7
401705594,LAL,4066648,18.0,3.2,1.6
401705594,LAL,4278077,11.0,-4.2,-3.7
401705594,LAL,4278402,15.0,4.5,4.4
401705594,LAL,4397077,25.0,10.2,8.8
401705594,LAL,4683774,7.0,-0.5,-0.1
401705594,LAL,4897943,7.0,5.6,4.7
401705595,DET,6440,32.0,10.6,9.8
401705595,DET,3032979,35.0,13.2,12.0
401705595,DET,3899664,19.0,6.3,5.7
401705595,DET,3907822,29.0,10.9,9.7
401705595,DET,4066317,7.0,2.7,2.7
401705595,DET,4432107,26.0,18.4,17.5
401705595,DET,4432810,19.0,8.3,6.8
401705595,DET,4433621,29.0,19.1,18.9
401705595,DET,4683771,36.0,23.3,22.7
401705595,DET,4684742,9.0,3.0,4.3
401705595,NOP,2489663,25.0,8.2,8.3
401705595,NOP,2490149,37.0,31.0,29.6
401705595,NOP,4065670,35.0,8.2,8.7
401705595,NOP,4277869,28.0,11.6,10.3
401705595,NOP,4278572,13.0,3.6,3.0
401705595,NOP,4431689,21.0,3.9,3.0
401705595,NOP,4432813,32.0,15.4,14.7
401705595,NOP,4592686,3.0,2.3,2.7
401705595,NOP,4683750,31.0,16.8,17.5
401705595,NOP,4997538,16.0,4.6,5.2
401705596,CLE,6474,4.0,7.1,6.5
401705596,CLE,2596112,9.0,2.2,1.6
401705596,CLE,3908809,21.0,11.6,9.5
401705596,CLE,3912848,17.0,5.3,3.7
401705596,CLE,4065732,22.0,11.8,11.4
401705596,CLE,4065733,20.0,12.6,11.8
401705596,CLE,4065778,18.0,5.3,4.4
401705596,CLE,4066328,26.0,18.0,16.2
401705596,CLE,4066757,25.0,8.0,5.4
401705596,CLE,4396907,26.0,9.3,5.3
401705596,CLE,4432158,21.0,11.1,7.3
401705596,CLE,4432822,20.0,3.8,3.6
401705596,CLE,4701233,10.0,2.3,3.1
401705596,UTA,2528426,23.0,2.5,0.9
401705596,UTA,4277811,26.0,1.6,2.6
401705596,UTA,4431828,19.0,4.0,4.7
401705596,UTA,4432817,19.0,10.6,10.8
401705596,UTA,4433136,31.0,5.4,2.1
401705596,UTA,4433627,29.0,9.1,7.3
401705596,UTA,4683766,26.0,7.3,4.6
401705596,UTA,4684793,29.0,14.3,11.8
401705596,UTA,4895758,22.0,-3.5,-2.9
401705596,UTA,5105839,16.0,5.6,5.4
401705597,ATL,2990969,24.0,15.4,16.2
401705597,ATL,2991043,28.0,6.2,4.7
401705597,ATL,3907823,17.0,5.4,4.3
401705597,ATL,4277905,33.0,26.3,25.4
401705597,ATL,4431680,29.0,13.3,10.2
401705597,ATL,4578893,16.0,4.8,5.8
401705597,ATL,4712863,13.0,5.8,5.8
401705597,ATL,4869342,34.0,6.4,0.3
401705597,ATL,4870562,19.0,18.1,16.7
401705597,ATL,5211175,27.0,15.0,15.2
401705597,PHI,4017844,28.0,9.2,9.1
401705597,PHI,4066786,26.0,17.8,13.2
401705597,PHI,4277812,21.0,8.6,7.8
401705597,PHI,4278031,15.0,4.0,3.2
401705597,PHI,4278052,35.0,6.6,5.8
401705597,PHI,4395695,22.0,6.2,5.0
401705597,PHI,4397014,35.0,17.7,15.6
401705597,PHI,4701234,19.0,7.1,7.6
401705597,PHI,4711297,39.0,14.2,13.3
401705598,CHA,2326307,15.0,7.0,7.4
401705598,CHA,3102530,15.0,1.1,1.3
401705598,CHA,3913220,23.0,4.8,4.0
401705598,CHA,4066383,34.0,12.3,10.2
401705598,CHA,4432816,34.0,11.9,10.5
401705598,CHA,4433249,5.0,7.1,5.8
401705598,CHA,4683686,38.0,13.2,12.1
401705598,CHA,4683834,22.0,-1.5,-1.7
401705598,CHA,4701232,28.0,13.4,10.9
401705598,CHA,5211176,25.0,7.2,5.8
401705598,MIA,6429,8.0,2.3,2.3
401705598,MIA,3059319,35.0,36.8,34.0
401705598,MIA,3157465,19.0,0.9,0.3
401705598,MIA,4066261,32.0,8.2,7.1
401705598,MIA,4278053,36.0,13.3,12.0
401705598,MIA,4291678,36.0,8.1,5.7
401705598,MIA,4395725,40.0,27.4,22.9
401705598,MIA,4432848,6.0,-0.3,-0.3
401705598,MIA,5105623,28.0,14.0,11.6
401705599,SAS,2779,22.0,5.7,3.8
401705599,SAS,6427,23.0,12.7,10.6
401705599,SAS,6578,20.0,6.2,5.3
401705599,SAS,3134916,10.0,4.0,2.7
401705599,SAS,4278580,16.0,10.3,8.7
401705599,SAS,4395630,30.0,23.6,20.7
401705599,SAS,4395723,19.0,4.2,2.9
401705599,SAS,4565201,10.0,1.2,0.9
401705599,SAS,4592479,23.0,20.7,17.2
401705599,SAS,4610139,20.0,7.8,4.0
401705599,SAS,4683935,26.0,9.0,7.2
401705599,SAS,4845367,20.0,9.3,7.2
401705599,TOR,4023,3.0,-0.7,-0.7
401705599,TOR,4395625,30.0,4.4,3.5
401705599,TOR,4397018,30.0,1.0,0.3
401705599,TOR,4397204,24.0,3.2,1.4
401705599,TOR,4431893,22.0,1.6,0.5
401705599,TOR,4432241,27.0,12.4,11.9
401705599,TOR,4433134,30.0,20.2,16.7
401705599,TOR,4593049,23.0,0.2,0.3
401705599,TOR,4684272,25.0,6.7,6.7
401705599,TOR,5107897,27.0,7.8,5.5
401705600,BOS,3213,30.0,11.6,8.4
401705600,BOS,2528693,13.0,5.6,5.0
401705600,BOS,3064560,19.0,15.2,15.4
401705600,BOS,3078576,37.0,17.2,13.9
401705600,BOS,4065648,37.0,26.0,22.3
401705600,BOS,4065804,39.0,19.5,19.5
401705600,BOS,4066354,32.0,12.5,12.8
401705600,BOS,4576085,8.0,4.3,3.0
401705600,BOS,4593841,26.0,6.2,5.1
401705600,POR,3907498,19.0,13.1,9.8
401705600,POR,4066268,17.0,6.4,6.1
401705600,POR,4351851,31.0,8.5,9.1
401705600,POR,4397885,9.0,2.6,2.7
401705600,POR,4431736,36.0,20.7,16.5
401705600,POR,4432446,5.0,5.8,5.8
401705600,POR,4594326,5.0,-0.8,-0.7
401705600,POR,4683021,39.0,13.9,10.7
401705600,POR,4683678,23.0,2.4,3.2
401705600,POR,4914336,38.0,18.0,15.5
401705600,POR,5105565,20.0,3.3,3.4
401705601,DEN,3442,38.0,13.8,11.2
401705601,DEN,3468,24.0,3.8,3.2
401705601,DEN,3064290,37.0,15.7,15.0
401705601,DEN,3936299,38.0,29.7,29.6
401705601,DEN,4278104,32.0,12.1,11.8
401705601,DEN,4398390,3.0,0.0,0.0
401705601,DEN,4431690,12.0,1.5,0.9
401705601,DEN,4431767,34.0,9.6,8.4
401705601,DEN,4576087,21.0,9.4,7.0
401705601,HOU,2991230,42.0,2.0,1.9
401705601,HOU,2991235,22.0,17.5,16.0
401705601,HOU,3155526,37.0,15.6,15.5
401705601,HOU,4432639,17.0,5.1,5.0
401705601,HOU,4433192,15.0,2.6,1.4
401705601,HOU,4437244,36.0,19.1,20.1
401705601,HOU,4684740,32.0,7.5,5.5
401705601,HOU,4871144,40.0,22.4,16.8
401705602,LAC,3416,5.0,-0.4,0.0
401705602,LAC,3992,35.0,9.0,8.7
401705602,LAC,6450,40.0,20.2,16.1
401705602,LAC,2595516,31.0,1.9,1.6
401705602,LAC,2991139,19.0,6.5,5.4
401705602,LAC,3037789,21.0,3.5,0.3
401705602,LAC,3907387,15.0,5.2,4.5
401705602,LAC,3936099,26.0,8.7,7.3
401705602,LAC,4017837,33.0,16.2,13.1
401705602,LAC,4066387,14.0,7.6,6.3
401705602,OKC,2991350,31.0,13.0,10.7
401705602,OKC,3133626,19.0,0.3,0.4
401705602,OKC,4222252,33.0,16.3,11.3
401705602,OKC,4278073,37.0,16.6,13.1
401705602,OKC,4395702,20.0,-3.2,-3.1
401705602,OKC,4397020,29.0,9.7,8.8
401705602,OKC,4397183,26.0,9.7,10.7
401705602,OKC,4432823,15.0,14.6,12.2
401705602,OKC,4683692,30.0,8.2,5.7
401705603,IND,2530530,17.0,10.7,8.5
401705603,IND,3133628,29.0,7.0,-0.1
401705603,IND,3149673,31.0,9.8,9.4
401705603,IND,3934723,10.0,4.9,2.6
401705603,IND,4278355,24.0,16.0,16.5
401705603,IND,4395712,33.0,6.7,3.8
401705603,IND,4396909,24.0,16.7,15.6
401705603,IND,4396993,29.0,26.0,23.1
401705603,IND,4433076,15.0,0.6,0.4
401705603,IND,4592829,2.0,0.0,0.0
401705603,IND,4683634,22.0,6.6,6.4
401705603,IND,5106060,2.0,1.7,1.7
401705603,IND,5157066,2.0,0.0,0.0
401705603,MIN,3195,22.0,9.1,6.2
401705603,MIN,3032976,35.0,17.7,14.4
401705603,MIN,3064514,24.0,5.7,4.6
401705603,MIN,3934673,23.0,5.2,4.0
401705603,MIN,4277951,3.0,1.7,1.7
401705603,MIN,4278039,24.0,2.3,1.0
401705603,MIN,4396971,26.0,14.2,14.1
401705603,MIN,4431671,22.0,2.6,2.0
401705603,MIN,4432247,19.0,7.3,5.1
401705603,MIN,4432847,3.0,-0.3,-0.3
401705603,MIN,4592492,2.0,0.7,0.7
401705603,MIN,4594268,34.0,6.7,5.9
401705603,MIN,4684275,3.0,0.0,0.0
401705603,MIN,4687718,3.0,2.6,3.4
401705604,LAL,1966,38.0,20.5,19.6
401705604,LAL,2578185,35.0,16.4,13.2
401705604,LAL,3137259,20.0,1.3,0.6
401705604,LAL,3945274,38.0,23.3,21.0
401705604,LAL,4066457,36.0,9.2,9.0
401705604,LAL,4066648,24.0,3.5,2.3
401705604,LAL,4278077,12.0,2.0,1.3
401705604,LAL,4278402,13.0,1.3,1.3
401705604,LAL,4395623,1.0,0.0,0.0
401705604,LAL,4397077,18.0,1.7,2.4
401705604,LAL,4897943,5.0,2.3,2.7
401705604,ORL,6446,17.0,6.9,7.2
401705604,ORL,2581018,34.0,9.7,10.2
401705604,ORL,2999547,7.0,2.6,0.6
401705604,ORL,4065654,9.0,2.9,0.6
401705604,ORL,4277847,32.0,9.0,8.3
401705604,ORL,4348700,9.0,0.8,0.0
401705604,ORL,4432573,40.0,19.6,17.6
401705604,ORL,4433623,17.0,5.2,5.7
401705604,ORL,4566434,38.0,25.0,23.3
401705604,ORL,4702382,7.0,1.6,0.7
401705604,ORL,4712849,30.0,19.2,17.4
401705605,TOR,3134908,26.0,22.4,16.3
401705605,TOR,4067017,23.0,7.5,5.3
401705605,TOR,4395724,26.0,18.0,16.1
401705605,TOR,4397018,30.0,3.3,4.0
401705605,TOR,4397204,18.0,2.1,1.0
401705605,TOR,4431893,27.0,6.0,6.3
401705605,TOR,4432241,20.0,11.9,10.3
401705605,TOR,4433134,28.0,15.4,10.1
401705605,TOR,4593049,19.0,-2.5,-1.0
401705605,TOR,5107897,24.0,9.2,6.0
401705605,WAS,6609,22.0,8.2,7.4
401705605,WAS,2990992,12.0,4.5,2.3
401705605,WAS,4277956,22.0,13.6,12.8
401705605,WAS,4432907,21.0,2.9,0.7
401705605,WAS,4433378,27.0,0.8,-0.7
401705605,WAS,4684737,4.0,0.3,0.0
401705605,WAS,4702233,16.0,3.1,2.6
401705605,WAS,4845374,31.0,12.2,9.1
401705605,WAS,4997537,24.0,7.1,5.9
401705605,WAS,5160992,32.0,6.7,2.8
401705605,WAS,5170947,28.0,15.8,14.5
401705605,WAS,5174563,2.0,2.0,1.4
401705606,BKN,3138196,30.0,10.9,10.6
401705606,BKN,4278067,27.0,17.2,16.2
401705606,BKN,4397179,25.0,5.6,3.4
401705606,BKN,4431675,28.0,7.6,8.1
401705606,BKN,4431714,18.0,2.7,3.3
401705606,BKN,4432192,29.0,4.8,4.1
401705606,BKN,4432194,24.0,14.3,9.6
401705606,BKN,4433137,22.0,2.9,1.3
401705606,BKN,4684286,15.0,8.1,7.8
401705606,BKN,4712896,22.0,6.8,5.7
401705606,DAL,6475,25.0,4.8,4.3
401705606,DAL,6583,27.0,11.3,8.2
401705606,DAL,2531367,16.0,7.3,6.2
401705606,DAL,2580782,29.0,21.9,18.4
401705606,DAL,4278078,31.0,15.1,14.6
401705606,DAL,4278594,27.0,15.5,15.5
401705606,DAL,4397040,19.0,15.5,14.3
401705606,DAL,4431699,28.0,13.8,11.8
401705606,DAL,4432582,26.0,8.2,6.0
401705606,DAL,4868423,13.0,-1.1,-0.7
401705607,NOP,2489663,30.0,18.0,13.4
401705607,NOP,2583639,25.0,12.6,9.1
401705607,NOP,4277869,28.0,5.1,2.0
401705607,NOP,4278572,2.0,-0.7,-0.7
401705607,NOP,4431689,28.0,7.2,6.0
401705607,NOP,4431720,11.0,3.3,2.7
401705607,NOP,4432813,20.0,9.0,7.5
401705607,NOP,4592686,24.0,15.0,13.1
401705607,NOP,4683750,24.0,-2.2,-2.6
401705607,NOP,4997538,23.0,18.1,17.6
401705607,NOP,5061589,26.0,19.5,17.7
401705607,PHI,4017844,29.0,12.2,10.5
401705607,PHI,4066786,22.0,9.2,7.0
401705607,PHI,4278052,33.0,15.3,13.2
401705607,PHI,4395695,33.0,13.0,10.8
401705607,PHI,4433147,18.0,1.5,0.3
401705607,PHI,4433626,19.0,2.6,1.9
401705607,PHI,4701234,32.0,3.3,2.2
401705607,PHI,4711297,35.0,10.9,9.2
401705607,PHI,5105637,19.0,9.9,6.5
401705608,CHI,6478,29.0,10.6,7.7
401705608,CHI,4066372,36.0,8.4,6.1
401705608,CHI,4066650,4.0,1.0,0.7
401705608,CHI,4395651,40.0,31.0,28.1
401705608,CHI,4397189,15.0,15.6,14.6
401705608,CHI,4431687,18.0,3.2,1.7
401705608,CHI,4433159,29.0,8.5,9.8
401705608,CHI,4711294,24.0,11.7,8.4
401705608,CHI,4871145,36.0,25.6,24.7
401705608,CHI,5105553,9.0,0.2,0.0
401705608,DEN,3442,31.0,15.4,12.3
401705608,DEN,3468,26.0,9.5,9.2
401705608,DEN,3936299,32.0,21.6,20.6
401705608,DEN,4230557,13.0,-1.2,-2.1
401705608,DEN,4278104,35.0,11.5,8.6
401705608,DEN,4398390,12.0,3.8,3.8
401705608,DEN,4431690,13.0,8.4,6.8
401705608,DEN,4431767,39.0,14.6,12.1
401705608,DEN,4576087,39.0,21.8,18.7
401705609,MIL,3448,42.0,23.7,19.9
401705609,MIL,2990962,28.0,2.2,1.3
401705609,MIL,3032977,37.0,24.4,21.9
401705609,MIL,3134907,34.0,7.4,6.9
401705609,MIL,4277843,31.0,17.2,15.8
401705609,MIL,4397140,22.0,4.0,0.6
401705609,MIL,4397475,21.0,0.5,-0.7
401705609,MIL,4591725,26.0,9.5,9.5
401705609,PHX,3202,37.0,29.1,25.8
401705609,PHX,2583632,13.0,1.8,2.0
401705609,PHX,3135045,12.0,-0.9,-1.1
401705609,PHX,3135046,25.0,7.8,7.5
401705609,PHX,3136193,40.0,14.3,14.0
401705609,PHX,3138161,14.0,5.9,4.4
401705609,PHX,4278076,29.0,10.0,8.9
401705609,PHX,4278585,22.0,4.8,3.7
401705609,PHX,4601023,19.0,2.7,2.7
401705609,PHX,4888725,30.0,9.0,8.8
401705610,BOS,3995,31.0,1.1,0.9
401705610,BOS,3064560,26.0,16.5,14.0
401705610,BOS,3078576,33.0,13.4,11.5
401705610,BOS,3102531,31.0,13.5,10.6
401705610,BOS,3917376,26.0,3.2,2.0
401705610,BOS,4065648,26.0,20.4,18.7
401705610,BOS,4066354,35.0,14.1,12.3
401705610,BOS,4397424,1.0,2.7,2.4
401705610,BOS,4397689,1.0,0.0,0.0
401705610,BOS,4576085,1.0,0.0,0.0
401705610,BOS,4593841,28.0,12.3,8.1
401705610,BOS,4683689,1.0,-0.7,-0.7
401705610,SAC,3978,38.0,14.0,14.2
401705610,SAC,6477,13.0,2.4,2.7
401705610,SAC,3064440,37.0,5.1,3.3
401705610,SAC,3136196,9.0,0.9,0.0
401705610,SAC,3155942,32.0,15.0,12.1
401705610,SAC,4066636,11.0,6.7,6.8
401705610,SAC,4279815,3.0,-0.7,-0.7
401705610,SAC,4395704,3.0,1.0,0.7
401705610,SAC,4592691,17.0,0.1,-1.7
401705610,SAC,4592857,3.0,0.0,0.0
401705610,SAC,4594327,36.0,10.9,8.4
401705610,SAC,4702177,37.0,11.2,9.5
401705610,SAC,5107818,3.0,2.3,2.0
401705611,CHA,2326307,6.0,1.9,1.6
401705611,CHA,3102530,20.0,6.5,4.0
401705611,CHA,3913220,21.0,-0.8,0.9
401705611,CHA,4065663,16.0,2.8,1.9
401705611,CHA,4066383,33.0,3.3,2.5
401705611,CHA,4432811,21.0,11.3,10.7
401705611,CHA,4432816,29.0,19.7,21.8
401705611,CHA,4683686,25.0,7.2,7.4
401705611,CHA,4683834,16.0,3.0,3.0
401705611,CHA,4701232,28.0,12.5,7.6
401705611,CHA,5211176,26.0,7.3,6.6
401705611,ORL,6446,18.0,5.6,4.4
401705611,ORL,2581018,21.0,3.3,2.7
401705611,ORL,2999547,29.0,11.0,8.2
401705611,ORL,4277847,26.0,6.6,3.5
401705611,ORL,4348700,22.0,3.0,2.8
401705611,ORL,4432573,36.0,23.3,21.8
401705611,ORL,4433623,23.0,7.5,8.7
401705611,ORL,4566434,35.0,16.2,14.9
401705611,ORL,4712849,30.0,13.7,12.7
401705612,DET,6440,27.0,17.5,11.4
401705612,DET,2528210,25.0,11.3,11.5
401705612,DET,3032979,23.0,6.8,7.8
401705612,DET,3899664,17.0,0.8,0.7
401705612,DET,3907822,25.0,8.2,7.3
401705612,DET,4066317,5.0,2.7,2.7
401705612,DET,4278562,4.0,1.6,2.0
401705612,DET,4432107,26.0,21.7,20.2
401705612,DET,4432810,20.0,8.0,4.8
401705612,DET,4433621,24.0,13.2,13.5
401705612,DET,4683771,18.0,8.3,6.5
401705612,DET,4684742,27.0,13.1,11.5
401705612,SAS,2779,21.0,2.5,0.7
401705612,SAS,6427,25.0,0.7,-0.3
401705612,SAS,6578,23.0,5.0,4.9
401705612,SAS,3134916,5.0,1.0,1.0
401705612,SAS,4278580,17.0,7.0,9.0
401705612,SAS,4395630,32.0,16.8,15.0
401705612,SAS,4395723,22.0,9.5,9.5
401705612,SAS,4565201,5.0,5.1,5.1
401705612,SAS,4592479,22.0,3.3,0.6
401705612,SAS,4610139,15.0,2.5,1.7
401705612,SAS,4683935,23.0,2.2,1.3
401705612,SAS,4845367,30.0,12.5,11.3
401705613,GSW,6430,29.0,10.8,9.5
401705613,GSW,6589,23.0,0.6,0.1
401705613,GSW,2990984,26.0,4.7,4.6
401705613,GSW,3134903,20.0,6.5,4.2
401705613,GSW,3155535,14.0,6.1,3.7
401705613,GSW,4278075,4.0,0.3,0.0
401705613,GSW,4431684,4.0,4.1,4.1
401705613,GSW,4432171,25.0,0.8,1.2
401705613,GSW,4433247,25.0,11.4,8.8
401705613,GSW,4592714,6.0,-1.4,-1.4
401705613,GSW,4593016,14.0,-2.5,-2.0
401705613,GSW,4709138,30.0,9.5,7.3
401705613,GSW,4997536,20.0,10.3,10.8
401705613,MIA,6429,24.0,14.0,12.8
401705613,MIA,2993874,20.0,9.1,6.2
401705613,MIA,3059319,28.0,9.6,5.4
401705613,MIA,4066261,34.0,19.0,15.6
401705613,MIA,4278053,32.0,13.4,13.0
401705613,MIA,4291678,30.0,2.3,1.4
401705613,MIA,4395725,36.0,19.6,18.7
401705613,MIA,4432848,4.0,0.0,0.0
401705613,MIA,4601025,4.0,2.0,2.0
401705613,MIA,5105623,28.0,9.6,7.8
401705614,DAL,6475,22.0,-0.3,-0.5
401705614,DAL,2531367,21.0,4.4,3.1
401705614,DAL,2580782,35.0,10.0,7.4
401705614,DAL,4278594,38.0,30.7,28.6
401705614,DAL,4397040,28.0,17.3,15.8
401705614,DAL,4397693,19.0,0.8,0.0
401705614,DAL,4431699,24.0,10.7,8.8
401705614,DAL,4432582,31.0,2.0,0.7
401705614,DAL,4868423,23.0,10.9,9.5
401705614,NYK,3062679,33.0,23.0,18.5
401705614,NYK,3064230,30.0,3.5,1.8
401705614,NYK,3064447,4.0,-1.0,-1.0
401705614,NYK,3136195,34.0,24.0,21.2
401705614,NYK,3147657,34.0,14.7,14.5
401705614,NYK,3914044,19.0,6.5,6.9
401705614,NYK,3934719,38.0,28.1,25.3
401705614,NYK,4411057,3.0,0.2,1.0
401705614,NYK,4431679,20.0,10.8,7.5
401705614,NYK,4431705,4.0,0.3,0.7
401705614,NYK,4433225,19.0,6.8,6.6
401705614,NYK,5211983,2.0,-1.0,-1.0
401705615,ATL,2990969,22.0,6.1,6.3
401705615,ATL,2991043,20.0,1.2,0.2
401705615,ATL,3907823,25.0,11.5,11.5
401705615,ATL,3913180,6.0,-2.2,-1.4
401705615,ATL,4277905,39.0,14.5,14.0
401705615,ATL,4431680,38.0,12.6,11.2
401705615,ATL,4578893,12.0,3.9,3.3
401705615,ATL,4712863,9.0,2.8,2.3
401705615,ATL,4869342,36.0,23.8,19.8
401705615,ATL,4870562,10.0,0.1,1.7
401705615,ATL,5211175,24.0,10.5,10.4
401705615,HOU,2991230,39.0,14.7,15.0
401705615,HOU,2991235,25.0,8.6,8.5
401705615,HOU,3155526,29.0,5.5,4.3
401705615,HOU,3922230,10.0,5.4,5.1
401705615,HOU,4432639,33.0,13.8,11.0
401705615,HOU,4433192,25.0,9.6,6.7
401705615,HOU,4437244,41.0,22.7,17.8
401705615,HOU,4871144,38.0,15.6,11.8
401705616,MEM,3134932,20.0,9.9,8.5
401705616,MEM,3913174,23.0,7.6,6.8
401705616,MEM,4065731,18.0,9.8,8.7
401705616,MEM,4066320,30.0,19.5,16.9
401705616,MEM,4277961,23.0,16.0,13.8
401705616,MEM,4397227,22.0,11.6,10.8
401705616,MEM,4431785,24.0,22.3,22.3
401705616,MEM,4433083,7.0,3.6,3.0
401705616,MEM,4593125,23.0,7.5,6.7
401705616,MEM,4600663,21.0,16.5,15.6
401705616,MEM,5112087,29.0,9.5,8.8
401705616,UTA,3133602,10.0,-0.4,-0.7
401705616,UTA,4277811,18.0,15.0,12.1
401705616,UTA,4431828,24.0,2.8,3.0
401705616,UTA,4432817,18.0,11.4,11.5
401705616,UTA,4432827,18.0,4.1,3.6
401705616,UTA,4433136,28.0,8.2,5.5
401705616,UTA,4433627,23.0,-0.4,0.1
401705616,UTA,4683766,28.0,11.4,10.7
401705616,UTA,4684793,24.0,10.0,8.4
401705616,UTA,4895758,28.0,3.1,3.6
401705616,UTA,5105839,21.0,10.4,9.2
401705617,CLE,2596112,7.0,-0.5,-0.3
401705617,CLE,3912848,21.0,4.8,3.4
401705617,CLE,4065732,23.0,7.9,7.4
401705617,CLE,4065733,21.0,20.4,20.2
401705617,CLE,4065778,27.0,3.9,3.7
401705617,CLE,4066328,29.0,9.7,8.8
401705617,CLE,4066757,30.0,13.0,13.2
401705617,CLE,4396907,33.0,21.4,19.7
401705617,CLE,4432158,33.0,18.3,13.4
401705617,CLE,4432822,17.0,5.0,3.8
401705617,POR,3907498,15.0,14.8,13.2
401705617,POR,4066268,11.0,-0.5,-0.4
401705617,POR,4351851,30.0,4.9,4.0
401705617,POR,4397885,14.0,2.6,2.0
401705617,POR,4431736,31.0,9.6,7.6
401705617,POR,4683021,38.0,11.5,9.2
401705617,POR,4683678,30.0,16.0,15.6
401705617,POR,4914336,40.0,10.8,8.3
401705617,POR,5105565,32.0,20.9,18.2
401705618,OKC,2991350,23.0,17.1,15.3
401705618,OKC,3133626,28.0,11.7,11.6
401705618,OKC,4222252,27.0,6.8,3.5
401705618,OKC,4278073,33.0,19.6,18.0
401705618,OKC,4395702,28.0,17.5,13.9
401705618,OKC,4397020,32.0,10.1,9.1
401705618,OKC,4397654,2.0,-0.7,-0.7
401705618,OKC,4432823,21.0,7.9,5.0
401705618,OKC,4433255,33.0,14.2,10.7
401705618,OKC,4592435,2.0,0.0,0.0
401705618,OKC,4702159,12.0,3.0,3.0
401705618,SAC,3978,38.0,7.4,4.3
401705618,SAC,6477,8.0,-1.9,-1.4
401705618,SAC,2528588,4.0,7.4,7.4
401705618,SAC,3064440,37.0,12.7,12.5
401705618,SAC,3155942,38.0,6.8,2.6
401705618,SAC,4066636,11.0,4.6,4.4
401705618,SAC,4279815,2.0,0.7,0.7
401705618,SAC,4433188,3.0,-1.1,-0.7
401705618,SAC,4592691,21.0,11.9,8.7
401705618,SAC,4592857,2.0,0.7,0.7
401705618,SAC,4594327,37.0,25.0,21.8
401705618,SAC,4702177,37.0,12.4,7.7
401705618,SAC,5107818,2.0,1.0,0.7
401705619,PHI,4017844,27.0,16.1,14.0
401705619,PHI,4066786,28.0,8.0,8.1
401705619,PHI,4395695,26.0,12.9,12.5
401705619,PHI,4397014,33.0,16.5,14.0
401705619,PHI,4433147,19.0,3.4,3.0
401705619,PHI,4701234,34.0,7.0,6.4
401705619,PHI,4711297,36.0,21.4,15.3
401705619,PHI,4909710,15.0,1.5,0.6
401705619,PHI,5105637,23.0,9.0,7.2
401705619,WAS,4277956,22.0,16.9,16.3
401705619,WAS,4432907,22.0,17.7,14.9
401705619,WAS,4433378,28.0,5.4,3.8
401705619,WAS,4684737,32.0,10.8,9.8
401705619,WAS,4702233,20.0,4.6,3.3
401705619,WAS,4845374,28.0,7.1,6.4
401705619,WAS,4997537,23.0,14.1,11.8
401705619,WAS,5160992,31.0,19.8,17.3
401705619,WAS,5170947,34.0,5.8,5.4
401705620,BKN,3136776,25.0,-1.7,-2.4
401705620,BKN,4278067,29.0,21.5,17.3
401705620,BKN,4431675,26.0,7.2,6.1
401705620,BKN,4431714,27.0,5.0,4.3
401705620,BKN,4432192,28.0,4.2,3.9
401705620,BKN,4432735,25.0,3.7,2.9
401705620,BKN,4433137,27.0,8.3,6.2
401705620,BKN,4684286,24.0,1.2,0.0
401705620,BKN,4712896,28.0,-0.1,-2.8
401705620,TOR,4067017,16.0,-1.3,-1.8
401705620,TOR,4395625,28.0,11.4,10.7
401705620,TOR,4397018,22.0,11.2,9.5
401705620,TOR,4397134,20.0,4.0,2.9
401705620,TOR,4431893,25.0,8.3,6.7
401705620,TOR,4432241,24.0,10.5,7.8
401705620,TOR,4433134,28.0,8.6,6.4
401705620,TOR,4593049,24.0,20.8,18.7
401705620,TOR,4684272,30.0,6.8,7.7
401705620,TOR,5107897,24.0,17.1,16.7
401705621,IND,2530530,12.0,2.9,2.0
401705621,IND,3133628,35.0,15.5,11.8
401705621,IND,3149673,36.0,14.0,11.1
401705621,IND,3934723,2.0,0.0,0.0
401705621,IND,4278355,19.0,6.9,7.0
401705621,IND,4395712,39.0,17.5,15.3
401705621,IND,4396909,21.0,11.2,9.1
401705621,IND,4396993,32.0,21.1,19.2
401705621,IND,4433076,7.0,-2.1,-1.7
401705621,IND,4683634,30.0,15.7,14.6
401705621,IND,5106060,8.0,3.5,3.7
401705621,LAL,1966,38.0,15.8,12.2
401705621,LAL,2578185,31.0,8.4,6.4
401705621,LAL,3137259,22.0,2.1,1.6
401705621,LAL,3945274,38.0,27.2,25.2
401705621,LAL,4066457,36.0,16.9,16.2
401705621,LAL,4066648,28.0,12.2,11.8
401705621,LAL,4278077,16.0,2.4,2.8
401705621,LAL,4278402,7.0,0.3,0.7
401705621,LAL,4397077,18.0,10.2,10.1
401705621,LAL,4897943,5.0,3.0,2.7
401705622,LAC,3416,18.0,6.7,5.4
401705622,LAC,3992,37.0,25.2,23.5
401705622,LAC,4004,1.0,0.0,0.0
401705622,LAC,6450,41.0,25.9,24.7
401705622,LAC,2595516,31.0,14.8,13.4
401705622,LAC,2991139,29.0,8.1,8.8
401705622,LAC,3037789,18.0,2.3,2.7
401705622,LAC,3907387,16.0,3.4,2.4
401705622,LAC,3914285,1.0,0.0,0.0
401705622,LAC,3936099,18.0,11.3,9.8
401705622,LAC,4017837,31.0,16.9,13.1
401705622,LAC,4431752,1.0,0.0,0.0
401705622,NYK,3062679,34.0,6.0,6.0
401705622,NYK,3064230,18.0,10.7,10.1
401705622,NYK,3064447,12.0,1.0,1.4
401705622,NYK,3136195,39.0,28.2,23.1
401705622,NYK,3147657,40.0,14.3,12.9
401705622,NYK,3914044,19.0,4.5,5.4
401705622,NYK,3934719,37.0,24.9,23.0
401705622,NYK,4351852,13.0,1.6,0.7
401705622,NYK,4431679,8.0,6.0,5.4
401705622,NYK,4431705,1.0,0.0,0.0
401705622,NYK,4432179,1.0,-0.7,-0.7
401705622,NYK,4433225,19.0,0.9,1.7
401705623,DEN,3442,3.0,-0.7,-1.0
401705623,DEN,3468,24.0,3.3,2.5
401705623,DEN,3064290,19.0,2.1,2.7
401705623,DEN,3112335,38.0,33.7,32.1
401705623,DEN,3936299,37.0,14.6,12.7
401705623,DEN,4278104,34.0,25.9,20.6
401705623,DEN,4398390,14.0,2.6,2.6
401705623,DEN,4431767,38.0,21.3,18.7
401705623,DEN,4576087,34.0,14.4,10.9
401705623,MIL,3448,38.0,26.0,23.5
401705623,MIL,2578239,17.0,7.8,5.1
401705623,MIL,2990962,33.0,15.6,14.6
401705623,MIL,3134907,36.0,6.7,4.6
401705623,MIL,4277843,34.0,7.3,6.5
401705623,MIL,4397140,30.0,6.8,5.1
401705623,MIL,4397475,34.0,13.3,12.9
401705623,MIL,4591725,18.0,15.5,14.8
401705624,BOS,3213,26.0,21.1,17.3
401705624,BOS,3995,30.0,14.7,13.5
401705624,BOS,2528693,6.0,3.2,2.7
401705624,BOS,3064560,18.0,3.2,0.3
401705624,BOS,3078576,31.0,12.8,13.2
401705624,BOS,3102531,29.0,26.3,24.9
401705624,BOS,3917376,28.0,19.1,18.8
401705624,BOS,4065804,21.0,14.7,11.2
401705624,BOS,4066354,25.0,4.4,2.7
401705624,BOS,4397424,6.0,2.7,2.4
401705624,BOS,4593841,13.0,3.7,3.1
401705624,BOS,4683689,6.0,-1.4,-2.4
401705624,PHX,3202,30.0,23.1,23.6
401705624,PHX,2488653,11.0,0.8,-0.3
401705624,PHX,2583632,16.0,-2.7,-3.1
401705624,PHX,2595209,6.0,0.9,0.6
401705624,PHX,3059310,6.0,1.6,0.3
401705624,PHX,3102532,4.0,-2.4,-2.0
401705624,PHX,3135045,14.0,0.1,-0.8
401705624,PHX,3135046,21.0,11.0,9.2
401705624,PHX,3136193,34.0,11.8,10.8
401705624,PHX,3138161,13.0,3.3,3.3
401705624,PHX,4278076,19.0,6.7,6.5
401705624,PHX,4278585,16.0,1.8,3.0
401705624,PHX,4397102,6.0,9.1,7.1
401705624,PHX,4601023,21.0,4.3,4.0
401705624,PHX,4888725,22.0,4.6,1.8
401705625,CLE,6474,8.0,1.6,0.7
401705625,CLE,2596112,9.0,4.6,2.7
401705625,CLE,3908809,35.0,29.3,26.5
401705625,CLE,3912848,25.0,1.2,0.6
401705625,CLE,4065732,31.0,7.5,3.9
401705625,CLE,4065778,29.0,15.0,15.3
401705625,CLE,4066328,30.0,29.5,24.6
401705625,CLE,4066757,24.0,6.4,6.3
401705625,CLE,4396907,30.0,7.0,4.8
401705625,CLE,4432822,19.0,7.2,6.4
401705625,SAS,2779,33.0,3.7,1.3
401705625,SAS,6427,15.0,11.4,8.2
401705625,SAS,6578,27.0,10.4,8.1
401705625,SAS,4278580,7.0,2.4,1.4
401705625,SAS,4395630,37.0,15.0,15.1
401705625,SAS,4395723,27.0,12.6,10.4
401705625,SAS,4592479,24.0,11.1,9.6
401705625,SAS,4610139,23.0,8.0,7.3
401705625,SAS,4683935,14.0,2.0,2.4
401705625,SAS,4845367,32.0,16.0,15.4
401705626,DAL,6475,26.0,6.8,6.0
401705626,DAL,6583,29.0,7.0,4.6
401705626,DAL,2531367,19.0,5.0,5.5
401705626,DAL,2580782,25.0,3.7,1.3
401705626,DAL,3138160,17.0,5.4,4.0
401705626,DAL,4278594,41.0,4.4,2.8
401705626,DAL,4397040,27.0,11.7,10.3
401705626,DAL,4431699,7.0,4.6,3.1
401705626,DAL,4432582,29.0,12.3,9.4
401705626,DAL,4868423,20.0,16.5,16.0
401705626,ORL,6446,22.0,2.7,3.3
401705626,ORL,2581018,33.0,-1.2,-3.1
401705626,ORL,2999547,12.0,-0.1,0.0
401705626,ORL,4065654,6.0,0.6,-0.3
401705626,ORL,4277847,28.0,7.4,7.1
401705626,ORL,4348700,18.0,5.4,3.7
401705626,ORL,4432573,38.0,23.9,22.1
401705626,ORL,4433623,15.0,-0.5,-0.7
401705626,ORL,4566434,36.0,10.4,7.3
401705626,ORL,4702382,6.0,-0.1,-0.1
401705626,ORL,4712849,26.0,10.6,9.1
401705627,IND,2530530,17.0,15.2,13.8
401705627,IND,3133628,21.0,14.8,14.1
401705627,IND,3149673,23.0,14.3,13.0
401705627,IND,3934723,14.0,12.2,11.5
401705627,IND,4065673,9.0,4.2,4.4
401705627,IND,4278355,16.0,15.5,14.3
401705627,IND,4395712,20.0,12.9,11.0
401705627,IND,4396909,19.0,6.5,6.4
401705627,IND,4396993,25.0,26.4,24.9
401705627,IND,4433076,12.0,6.0,6.1
401705627,IND,4592829,9.0,12.6,9.3
401705627,IND,4683634,22.0,5.6,4.3
401705627,IND,5106060,25.0,14.9,14.6
401705627,IND,5157066,8.0,2.9,3.4
401705627,WAS,6609,14.0,6.2,5.3
401705627,WAS,2581184,3.0,2.0,1.7
401705627,WAS,2993370,13.0,7.9,8.0
401705627,WAS,4277956,25.0,13.0,11.4
401705627,WAS,4432907,33.0,14.7,12.2
401705627,WAS,4433378,30.0,11.9,8.7
401705627,WAS,4684737,23.0,3.8,3.8
401705627,WAS,4845374,31.0,9.5,8.8
401705627,WAS,4997537,15.0,-3.7,-3.1
401705627,WAS,5160992,28.0,15.8,14.8
401705627,WAS,5170947,27.0,-1.2,-1.8
401705628,ATL,2990969,14.0,3.5,2.0
401705628,ATL,2991043,28.0,14.2,12.4
401705628,ATL,3907823,27.0,13.4,11.5
401705628,ATL,4277905,36.0,23.9,21.7
401705628,ATL,4431680,34.0,12.1,8.4
401705628,ATL,4578893,26.0,12.5,11.2
401705628,ATL,4869342,35.0,9.6,5.1
401705628,ATL,4870562,14.0,3.3,3.4
401705628,ATL,5211175,26.0,1.5,2.3
401705628,MIA,6429,16.0,6.8,7.3
401705628,MIA,2993874,18.0,11.1,10.9
401705628,MIA,3059319,33.0,9.5,7.7
401705628,MIA,4066261,38.0,12.7,6.7
401705628,MIA,4278053,36.0,15.0,14.9
401705628,MIA,4291678,34.0,8.6,6.4
401705628,MIA,4395725,38.0,30.6,28.4
401705628,MIA,4601025,7.0,3.7,2.7
401705628,MIA,5105623,21.0,8.4,5.7
401705629,CHI,6478,32.0,13.6,11.5
401705629,CHI,4066372,40.0,16.6,13.8
401705629,CHI,4066650,16.0,7.0,7.9
401705629,CHI,4395651,38.0,20.0,20.2
401705629,CHI,4431687,29.0,11.1,9.4
401705629,CHI,4433159,13.0,-0.5,-0.7
401705629,CHI,4711294,25.0,8.0,6.9
401705629,CHI,4871145,40.0,20.2,16.1
401705629,CHI,5105553,7.0,-1.1,-0.7
401705629,LAL,1966,39.0,13.7,10.9
401705629,LAL,2578185,30.0,0.1,-1.7
401705629,LAL,3137259,14.0,4.4,5.0
401705629,LAL,3945274,38.0,22.7,17.0
401705629,LAL,4066457,37.0,22.3,22.2
401705629,LAL,4278077,19.0,9.9,7.5
401705629,LAL,4278402,18.0,8.6,6.8
401705629,LAL,4397077,32.0,18.3,17.3
401705629,LAL,4897943,12.0,-0.2,-0.7
401705630,MEM,3134932,7.0,1.6,-0.7
401705630,MEM,3913174,26.0,4.6,3.8
401705630,MEM,4065731,18.0,7.3,6.4
401705630,MEM,4066320,32.0,-3.0,-3.1
401705630,MEM,4066405,2.0,1.0,1.0
401705630,MEM,4277961,31.0,19.5,19.4
401705630,MEM,4397227,18.0,3.0,3.4
401705630,MEM,4431785,31.0,17.1,10.6
401705630,MEM,4433083,2.0,0.0,0.0
401705630,MEM,4593125,26.0,10.1,8.0
401705630,MEM,4600663,17.0,9.6,8.8
401705630,MEM,5112087,28.0,8.9,9.0
401705630,OKC,2991350,10.0,5.6,4.7
401705630,OKC,3133626,20.0,6.1,6.4
401705630,OKC,4222252,29.0,20.8,16.6
401705630,OKC,4278073,34.0,32.8,28.9
401705630,OKC,4395702,21.0,6.2,5.3
401705630,OKC,4397020,29.0,11.0,8.8
401705630,OKC,4397654,2.0,0.0,0.0
401705630,OKC,4432823,8.0,2.9,2.0
401705630,OKC,4433255,25.0,-2.6,-4.1
401705630,OKC,4592435,2.0,2.0,2.0
401705630,OKC,4593803,29.0,12.7,12.4
401705630,OKC,4683692,28.0,8.7,6.8
401705630,OKC,4702159,2.0,0.7,0.7
401705631,HOU,2991230,34.0,2.0,0.3
401705631,HOU,3146557,14.0,8.4,7.5
401705631,HOU,3155526,28.0,7.1,6.4
401705631,HOU,3922230,12.0,0.9,0.3
401705631,HOU,4432639,26.0,9.1,7.0
401705631,HOU,4433192,30.0,14.9,12.5
401705631,HOU,4437244,35.0,15.2,14.4
401705631,HOU,4684740,28.0,19.3,15.7
401705631,HOU,4871144,32.0,26.5,24.5
401705631,UTA,4277811,32.0,12.2,12.1
401705631,UTA,4431828,18.0,6.0,5.8
401705631,UTA,4432164,5.0,0.5,0.7
401705631,UTA,4432817,21.0,8.4,7.8
401705631,UTA,4433136,26.0,2.4,-0.9
401705631,UTA,4433627,29.0,16.4,15.9
401705631,UTA,4683766,31.0,10.3,9.1
401705631,UTA,4684793,33.0,17.3,14.1
401705631,UTA,4895758,20.0,0.1,0.3
401705631,UTA,5105839,24.0,12.6,11.8
401705632,POR,3907498,18.0,5.1,2.3
401705632,POR,4066268,28.0,15.0,14.5
401705632,POR,4278111,2.0,1.0,1.0
401705632,POR,4351851,37.0,14.7,14.8
401705632,POR,4397885,6.0,4.3,3.7
401705632,POR,4431736,34.0,5.8,0.6
401705632,POR,4432446,2.0,-0.7,-0.7
401705632,POR,4594326,6.0,-1.8,-1.4
401705632,POR,4683021,32.0,20.7,19.2
401705632,POR,4683678,24.0,4.2,5.0
401705632,POR,4914336,31.0,14.8,15.0
401705632,POR,5099752,2.0,0.0,0.0
401705632,POR,5105565,18.0,1.1,0.0
401705632,SAC,3978,37.0,19.0,19.6
401705632,SAC,6477,11.0,8.2,6.8
401705632,SAC,3064440,37.0,18.6,19.9
401705632,SAC,3136196,14.0,0.8,1.3
401705632,SAC,3155942,35.0,22.8,17.8
401705632,SAC,4066262,17.0,11.0,10.5
401705632,SAC,4066636,16.0,-0.9,0.4
401705632,SAC,4279815,2.0,1.4,1.4
401705632,SAC,4433188,2.0,-1.0,-1.0
401705632,SAC,4592857,2.0,0.0,-0.7
401705632,SAC,4594327,33.0,14.5,14.2
401705632,SAC,4702177,31.0,11.1,4.3
401705632,SAC,5107818,2.0,3.0,2.0
401705633,CLE,6474,1.0,1.7,1.7
401705633,CLE,2596112,13.0,-1.5,-1.1
401705633,CLE,3908809,36.0,25.6,25.7
401705633,CLE,3912848,19.0,7.2,7.7
401705633,CLE,4065732,20.0,6.0,5.6
401705633,CLE,4066328,19.0,7.4,6.1
401705633,CLE,4066757,20.0,6.7,4.0
401705633,CLE,4396907,34.0,13.8,12.8
401705633,CLE,4432158,33.0,5.4,2.6
401705633,CLE,4432822,25.0,4.5,5.5
401705633,CLE,4701233,21.0,12.6,9.5
401705633,DET,2528210,33.0,23.6,24.5
401705633,DET,3032979,39.0,15.7,15.2
401705633,DET,3899664,14.0,2.4,2.0
401705633,DET,3907822,36.0,17.2,17.5
401705633,DET,4432107,19.0,-0.6,-1.5
401705633,DET,4432810,21.0,9.7,10.8
401705633,DET,4433621,27.0,17.7,15.5
401705633,DET,4683771,19.0,6.0,5.8
401705633,DET,4684742,32.0,16.2,10.1
401705634,BKN,3136776,19.0,3.9,2.0
401705634,BKN,3138196,20.0,10.4,9.8
401705634,BKN,4278067,20.0,3.1,1.0
401705634,BKN,4397179,19.0,3.4,2.6
401705634,BKN,4431675,20.0,6.2,3.8
401705634,BKN,4431695,25.0,9.9,8.5
401705634,BKN,4431714,28.0,6.5,3.4
401705634,BKN,4432187,7.0,5.2,5.0
401705634,BKN,4432192,23.0,8.2,6.7
401705634,BKN,4432735,10.0,2.2,2.3
401705634,BKN,4432887,10.0,4.2,5.0
401705634,BKN,4433137,18.0,1.3,1.3
401705634,BKN,4597865,15.0,5.3,4.7
401705634,BKN,4684286,8.0,4.2,4.3
401705634,LAC,3416,19.0,8.2,6.4
401705634,LAC,3992,29.0,14.8,14.6
401705634,LAC,4004,7.0,11.6,12.4
401705634,LAC,6450,27.0,32.8,25.6
401705634,LAC,2595516,25.0,9.8,9.0
401705634,LAC,2991139,22.0,9.1,7.1
401705634,LAC,3037789,24.0,9.9,8.2
401705634,LAC,3907387,17.0,0.9,-1.0
401705634,LAC,3914285,9.0,0.8,-1.0
401705634,LAC,3936099,15.0,1.4,2.0
401705634,LAC,4017837,25.0,20.7,17.6
401705634,LAC,4066387,14.0,2.8,2.3
401705634,LAC,4431752,8.0,-1.9,-1.1
401705635,CHA,2326307,26.0,0.5,0.0
401705635,CHA,3102530,17.0,4.9,3.7
401705635,CHA,3913220,26.0,13.9,11.2
401705635,CHA,4066383,31.0,2.7,-0.2
401705635,CHA,4432811,23.0,0.9,-1.4
401705635,CHA,4433249,13.0,9.3,7.7
401705635,CHA,4683686,25.0,-0.6,-0.9
401705635,CHA,4683834,25.0,6.6,7.0
401705635,CHA,4701232,29.0,20.7,17.5
401705635,CHA,5211176,24.0,13.5,11.2
401705635,TOR,3134908,26.0,24.8,21.8
401705635,TOR,4067017,9.0,2.0,0.3
401705635,TOR,4395724,27.0,16.7,16.2
401705635,TOR,4397134,19.0,2.2,2.3
401705635,TOR,4431893,32.0,1.1,-1.4
401705635,TOR,4432241,22.0,13.8,11.4
401705635,TOR,4433134,27.0,14.5,12.7
401705635,TOR,4593049,22.0,6.2,4.3
401705635,TOR,4684272,30.0,8.9,7.0
401705635,TOR,5107897,25.0,4.1,3.0
401705636,MIL,3448,34.0,9.0,7.5
401705636,MIL,2990962,26.0,3.2,1.0
401705636,MIL,3032977,35.0,25.3,24.9
401705636,MIL,3134907,38.0,11.8,9.7
401705636,MIL,4277843,34.0,8.2,8.3
401705636,MIL,4397140,14.0,-0.7,-1.3
401705636,MIL,4397475,26.0,4.0,5.0
401705636,MIL,4591725,34.0,14.7,13.2
401705636,MIL,5167876,1.0,2.7,2.7
401705636,NYK,3062679,42.0,20.9,16.0
401705636,NYK,3064447,30.0,11.2,9.9
401705636,NYK,3136195,32.0,7.5,5.7
401705636,NYK,3147657,38.0,19.4,16.5
401705636,NYK,3914044,20.0,11.8,10.8
401705636,NYK,3934719,36.0,22.3,20.3
401705636,NYK,4351852,18.0,6.5,4.5
401705636,NYK,4431679,6.0,-0.5,-0.7
401705636,NYK,4433225,17.0,6.5,6.5
401705637,MIN,3195,30.0,12.0,8.8
401705637,MIN,3032976,38.0,18.8,13.7
401705637,MIN,3064514,32.0,27.2,24.4
401705637,MIN,3934673,25.0,12.6,11.5
401705637,MIN,4278039,21.0,4.8,4.7
401705637,MIN,4396971,26.0,9.8,7.8
401705637,MIN,4431671,31.0,14.3,12.4
401705637,MIN,4432247,10.0,1.8,2.0
401705637,MIN,4594268,28.0,14.4,13.5
401705637,PHX,3202,34.0,14.7,9.9
401705637,PHX,2583632,24.0,17.4,16.8
401705637,PHX,3135045,12.0,1.9,1.7
401705637,PHX,3135046,19.0,7.8,7.2
401705637,PHX,3136193,39.0,1.8,1.6
401705637,PHX,3138161,16.0,3.4,3.3
401705637,PHX,4278076,23.0,-1.0,0.0
401705637,PHX,4278585,26.0,26.8,24.6
401705637,PHX,4601023,25.0,8.9,6.5
401705637,PHX,4888725,22.0,6.2,6.1
401705638,GSW,3975,34.0,17.3,13.9
401705638,GSW,6430,35.0,18.1,16.2
401705638,GSW,6589,26.0,7.0,5.5
401705638,GSW,2990984,23.0,9.6,8.8
401705638,GSW,3155535,14.0,2.2,2.8
401705638,GSW,4278075,1.0,0.0,0.0
401705638,GSW,4432171,20.0,2.9,3.0
401705638,GSW,4433247,23.0,14.6,12.7
401705638,GSW,4592714,1.0,0.0,0.0
401705638,GSW,4593016,18.0,11.9,11.8
401705638,GSW,4709138,31.0,6.5,4.9
401705638,GSW,4997536,16.0,3.3,2.3
401705638,NOP,2489663,29.0,2.7,1.9
401705638,NOP,2583639,23.0,4.0,3.9
401705638,NOP,4065670,32.0,17.1,13.8
401705638,NOP,4277869,27.0,5.2,4.3
401705638,NOP,4431689,15.0,7.7,8.0
401705638,NOP,4432813,19.0,7.7,7.5
401705638,NOP,4592686,19.0,1.5,1.3
401705638,NOP,4683750,27.0,4.4,3.2
401705638,NOP,4997538,20.0,9.3,7.5
401705638,NOP,5061589,28.0,11.0,9.3
401705639,DEN,3442,12.0,11.5,10.2
401705639,DEN,3468,24.0,14.1,10.9
401705639,DEN,3064290,26.0,5.4,4.3
401705639,DEN,3112335,32.0,28.2,21.5
401705639,DEN,4278104,31.0,17.0,14.6
401705639,DEN,4395620,7.0,2.6,2.0
401705639,DEN,4398390,21.0,1.8,0.4
401705639,DEN,4431690,17.0,14.2,9.8
401705639,DEN,4431767,28.0,13.7,12.2
401705639,DEN,4433268,5.0,3.7,4.1
401705639,DEN,4576087,27.0,10.3,6.8
401705639,DEN,4592427,6.0,-0.7,-0.3
401705639,DEN,4701225,5.0,6.3,6.1
401705639,UTA,3133602,8.0,-0.2,-0.1
401705639,UTA,4277811,23.0,9.1,9.3
401705639,UTA,4431828,16.0,-1.8,-1.4
401705639,UTA,4432817,20.0,6.2,6.1
401705639,UTA,4432827,26.0,9.0,7.9
401705639,UTA,4433627,35.0,11.5,10.3
401705639,UTA,4683766,32.0,3.5,1.6
401705639,UTA,4684793,34.0,14.8,10.7
401705639,UTA,4895758,23.0,0.1,-1.4
401705639,UTA,5105839,22.0,5.6,4.0
401705640,ORL,6446,23.0,6.5,3.8
401705640,ORL,2581018,24.0,8.0,5.4
401705640,ORL,2999547,7.0,0.3,0.0
401705640,ORL,4065654,19.0,3.5,2.0
401705640,ORL,4277847,17.0,10.0,10.0
401705640,ORL,4348700,18.0,15.4,13.0
401705640,ORL,4409222,9.0,3.7,2.7
401705640,ORL,4432573,29.0,18.7,16.5
401705640,ORL,4433623,25.0,16.3,15.9
401705640,ORL,4566434,24.0,17.7,18.2
401705640,ORL,4702382,12.0,1.5,1.3
401705640,ORL,4712849,25.0,2.3,0.7
401705640,ORL,5105806,7.0,2.6,2.0
401705640,SAC,3978,29.0,17.2,16.5
401705640,SAC,6477,11.0,2.8,2.7
401705640,SAC,6581,7.0,-0.4,-0.7
401705640,SAC,2528588,13.0,4.3,4.3
401705640,SAC,3064440,29.0,2.5,2.7
401705640,SAC,3136196,25.0,4.3,1.3
401705640,SAC,3155942,29.0,12.1,9.3
401705640,SAC,4066262,23.0,-1.3,-1.1
401705640,SAC,4066636,14.0,7.4,4.1
401705640,SAC,4433188,1.0,1.0,0.0
401705640,SAC,4592857,2.0,-0.7,-0.7
401705640,SAC,4594327,30.0,6.5,4.3
401705640,SAC,4702177,18.0,-1.6,0.0
401705640,SAC,5107818,10.0,5.8,5.8
401705641,BKN,3138196,24.0,20.0,18.3
401705641,BKN,4397179,31.0,18.0,17.9
401705641,BKN,4431675,24.0,-0.2,-1.4
401705641,BKN,4431695,29.0,16.1,16.0
401705641,BKN,4431714,23.0,19.3,18.2
401705641,BKN,4432192,31.0,11.1,10.8
401705641,BKN,4432735,17.0,-0.2,-0.7
401705641,BKN,4433137,25.0,-1.4,-3.1
401705641,BKN,4684286,17.0,-0.7,-1.1
401705641,BKN,4712896,19.0,7.2,7.6
401705641,WAS,2990992,7.0,4.0,2.7
401705641,WAS,4277956,21.0,8.1,9.0
401705641,WAS,4432907,17.0,10.1,7.4
401705641,WAS,4433378,29.0,18.5,16.1
401705641,WAS,4684737,30.0,11.5,11.5
401705641,WAS,4702233,23.0,4.4,3.3
401705641,WAS,4845374,22.0,9.3,8.8
401705641,WAS,4997537,24.0,5.4,2.6
401705641,WAS,5160992,25.0,8.2,4.9
401705641,WAS,5170947,42.0,13.6,13.0
401705642,MIA,6429,20.0,15.2,14.4
401705642,MIA,2993874,20.0,2.5,1.3
401705642,MIA,3074752,4.0,0.0,0.0
401705642,MIA,4066261,28.0,12.8,11.7
401705642,MIA,4278053,32.0,4.9,3.4
401705642,MIA,4291678,33.0,13.2,10.5
401705642,MIA,4395725,34.0,26.7,26.8
401705642,MIA,4431786,2.0,0.3,0.0
401705642,MIA,4432117,2.0,1.0,0.0
401705642,MIA,4432168,2.0,-1.1,-1.4
401705642,MIA,4432848,2.0,0.7,0.7
401705642,MIA,4601025,30.0,16.9,11.8
401705642,MIA,5105623,31.0,20.4,15.4
401705642,PHI,4017844,30.0,3.0,0.9
401705642,PHI,4277890,21.0,8.0,6.7
401705642,PHI,4395695,30.0,18.0,17.6
401705642,PHI,4397014,30.0,7.1,7.0
401705642,PHI,4433147,18.0,3.5,-0.7
401705642,PHI,4433626,13.0,-0.7,-0.3
401705642,PHI,4701234,27.0,8.8,7.0
401705642,PHI,4711297,35.0,12.8,11.8
401705642,PHI,4909710,6.0,-2.4,-2.4
401705642,PHI,5105637,30.0,16.7,12.0
401705643,CHI,6478,30.0,22.2,20.9
401705643,CHI,4066372,32.0,3.8,3.7
401705643,CHI,4066650,18.0,12.3,11.9
401705643,CHI,4395651,35.0,17.3,14.3
401705643,CHI,4431687,18.0,-4.6,-4.4
401705643,CHI,4433159,26.0,8.5,8.2
401705643,CHI,4711294,38.0,24.9,21.9
401705643,CHI,4871145,27.0,3.8,1.0
401705643,CHI,5105553,16.0,5.9,4.1
401705643,DAL,6475,30.0,14.3,14.0
401705643,DAL,6583,30.0,11.1,7.7
401705643,DAL,2531367,8.0,-0.2,0.0
401705643,DAL,2580782,36.0,16.9,15.0
401705643,DAL,3138160,6.0,1.2,1.0
401705643,DAL,4278078,32.0,13.4,11.8
401705643,DAL,4278594,27.0,10.6,7.8
401705643,DAL,4397040,16.0,10.0,8.7
401705643,DAL,4431699,31.0,22.6,17.1
401705643,DAL,4432582,14.0,-0.5,-1.4
401705643,DAL,4868423,9.0,3.6,4.0
401705644,LAL,1966,37.0,21.2,17.2
401705644,LAL,2578185,35.0,6.7,6.0
401705644,LAL,3137259,23.0,12.6,12.5
401705644,LAL,3945274,38.0,25.7,22.5
401705644,LAL,4066457,37.0,29.8,27.7
401705644,LAL,4066648,28.0,10.6,9.4
401705644,LAL,4278077,10.0,4.2,4.1
401705644,LAL,4278402,8.0,-0.7,-0.7
401705644,LAL,4397077,17.0,0.6,0.7
401705644,LAL,4897943,5.0,2.7,3.1
401705644,MEM,3913174,21.0,1.0,1.4
401705644,MEM,4065731,5.0,0.0,0.0
401705644,MEM,4066320,33.0,28.2,26.1
401705644,MEM,4066405,8.0,-2.1,-1.7
401705644,MEM,4277961,29.0,18.7,17.4
401705644,MEM,4279888,31.0,14.3,12.4
401705644,MEM,4397227,18.0,2.1,2.0
401705644,MEM,4431785,18.0,15.6,15.3
401705644,MEM,4593125,26.0,0.7,0.7
401705644,MEM,4600663,27.0,16.2,12.9
401705644,MEM,5112087,24.0,9.8,9.4
401705645,IND,2530530,13.0,5.8,5.5
401705645,IND,3133628,20.0,6.4,5.5
401705645,IND,3149673,27.0,6.6,4.2
401705645,IND,3934723,12.0,4.6,3.7
401705645,IND,4065673,5.0,2.0,1.7
401705645,IND,4278355,22.0,11.1,9.9
401705645,IND,4395712,30.0,12.7,12.8
401705645,IND,4396909,22.0,4.7,4.0
401705645,IND,4396993,29.0,17.3,14.8
401705645,IND,4433076,22.0,8.5,7.0
401705645,IND,4592829,6.0,0.9,-0.1
401705645,IND,5106060,27.0,8.8,7.4
401705645,IND,5157066,6.0,1.3,0.0
401705645,OKC,2991350,19.0,3.4,3.8
401705645,OKC,3133626,27.0,11.3,9.1
401705645,OKC,4222252,14.0,1.3,1.0
401705645,OKC,4278073,31.0,29.2,27.8
401705645,OKC,4395702,27.0,16.4,15.2
401705645,OKC,4397020,33.0,20.7,16.5
401705645,OKC,4397654,5.0,0.3,0.0
401705645,OKC,4592435,13.0,4.2,1.6
401705645,OKC,4593803,29.0,12.6,12.8
401705645,OKC,4683692,30.0,13.8,10.8
401705645,OKC,4702159,13.0,2.1,0.0
401705646,BOS,3995,35.0,21.4,20.7
401705646,BOS,3064560,31.0,20.6,18.1
401705646,BOS,3078576,40.0,10.4,8.0
401705646,BOS,3102531,25.0,5.6,4.7
401705646,BOS,3917376,30.0,9.9,10.5
401705646,BOS,4065648,36.0,25.9,22.9
401705646,BOS,4065804,24.0,5.4,4.9
401705646,BOS,4593841,19.0,5.6,5.7
401705646,SAS,2779,35.0,11.6,10.9
401705646,SAS,6578,24.0,11.6,9.4
401705646,SAS,4278580,17.0,4.6,4.3
401705646,SAS,4395630,38.0,12.2,9.7
401705646,SAS,4395723,34.0,20.3,20.0
401705646,SAS,4592479,16.0,-2.6,-2.1
401705646,SAS,4610139,31.0,15.3,13.3
401705646,SAS,4683935,16.0,0.8,1.3
401705646,SAS,4845367,30.0,17.4,16.6
401705647,CLE,2596112,5.0,3.7,1.7
401705647,CLE,3908809,37.0,24.4,17.9
401705647,CLE,3912848,20.0,3.1,2.3
401705647,CLE,4065732,21.0,6.1,6.4
401705647,CLE,4065778,24.0,1.5,2.8
401705647,CLE,4066328,31.0,28.3,24.0
401705647,CLE,4066757,22.0,5.1,4.0
401705647,CLE,4396907,32.0,16.3,16.1
401705647,CLE,4432158,37.0,18.4,14.5
401705647,CLE,4432822,11.0,8.7,9.1
401705647,LAC,3416,16.0,-1.0,-1.1
401705647,LAC,3992,35.0,17.1,15.5
401705647,LAC,2595516,39.0,24.3,23.7
401705647,LAC,2991139,29.0,7.2,8.0
401705647,LAC,3037789,30.0,14.6,11.8
401705647,LAC,3907387,20.0,8.0,5.2
401705647,LAC,3936099,30.0,13.4,11.8
401705647,LAC,4017837,37.0,12.7,9.5
401705647,LAC,4066387,4.0,0.9,0.6
401705648,NYK,3062679,38.0,18.1,14.6
401705648,NYK,3064447,35.0,9.0,5.8
401705648,NYK,3136195,32.0,7.6,4.0
401705648,NYK,3147657,40.0,19.0,19.3
401705648,NYK,3914044,19.0,7.7,6.3
401705648,NYK,3934719,37.0,27.7,22.3
401705648,NYK,4351852,14.0,4.1,1.8
401705648,NYK,4431679,11.0,5.6,5.0
401705648,NYK,4433225,14.0,2.1,1.1
401705648,NYK,5211983,1.0,0.0,0.0
401705648,POR,3907498,12.0,-1.4,-3.4
401705648,POR,4066268,14.0,2.4,2.4
401705648,POR,4278111,1.0,-1.5,-1.5
401705648,POR,4351851,35.0,6.3,4.1
401705648,POR,4397885,19.0,-1.1,-0.7
401705648,POR,4431736,39.0,17.2,16.1
401705648,POR,4432446,1.0,0.0,0.0
401705648,POR,4594326,5.0,0.3,0.0
401705648,POR,4683021,41.0,24.4,20.5
401705648,POR,4914336,39.0,17.9,14.1
401705648,POR,5099752,1.0,0.0,0.0
401705648,POR,5105565,33.0,3.6,1.7
401705649,ATL,2990969,15.0,10.9,11.4
401705649,ATL,2991043,23.0,6.5,5.0
401705649,ATL,3907823,14.0,8.8,9.6
401705649,ATL,4277905,37.0,21.6,19.9
401705649,ATL,4431680,31.0,13.3,11.5
401705649,ATL,4578893,16.0,2.2,2.0
401705649,ATL,4712863,19.0,9.3,8.7
401705649,ATL,4869342,34.0,25.0,19.8
401705649,ATL,4870562,18.0,8.1,9.1
401705649,ATL,5211175,35.0,27.5,27.1
401705649,MIL,3448,30.0,3.9,2.3
401705649,MIL,2578239,18.0,3.6,4.1
401705649,MIL,2990962,26.0,5.4,4.0
401705649,MIL,3032977,30.0,22.2,20.0
401705649,MIL,3134907,35.0,16.6,16.3
401705649,MIL,4277843,29.0,3.6,3.5
401705649,MIL,4280245,3.0,-1.0,-1.0
401705649,MIL,4397140,23.0,25.3,25.0
401705649,MIL,4397233,3.0,-0.4,0.0
401705649,MIL,4432190,11.0,2.6,1.3
401705649,MIL,4433622,2.0,-0.8,-0.8
401705649,MIL,4591725,28.0,8.7,9.5
401705649,MIL,5167876,3.0,-0.4,-0.7
401705650,DET,2528210,30.0,14.3,12.5
401705650,DET,3032979,33.0,10.7,11.1
401705650,DET,3899664,25.0,0.8,0.6
401705650,DET,3907822,38.0,16.8,16.2
401705650,DET,4066317,13.0,1.7,1.4
401705650,DET,4278562,14.0,-1.5,-1.9
401705650,DET,4432107,6.0,2.7,2.4
401705650,DET,4432810,7.0,1.2,0.7
401705650,DET,4433621,26.0,12.8,12.0
401705650,DET,4683771,7.0,3.1,2.3
401705650,DET,4684742,34.0,4.4,5.8
401705650,DET,4906923,2.0,0.0,0.0
401705650,DET,5107199,2.0,4.4,4.4
401705650,MIN,3195,30.0,14.1,14.0
401705650,MIN,3032976,38.0,20.6,16.6
401705650,MIN,3064514,32.0,21.2,19.9
401705650,MIN,3934673,10.0,8.0,5.1
401705650,MIN,4277951,2.0,4.0,4.4
401705650,MIN,4278039,27.0,7.5,7.7
401705650,MIN,4396971,10.0,1.6,1.0
401705650,MIN,4431671,30.0,3.8,0.2
401705650,MIN,4432247,18.0,3.0,3.6
401705650,MIN,4594268,36.0,15.3,13.7
401705650,MIN,4684275,2.0,0.0,0.0
401705650,MIN,4687718,2.0,4.4,4.4
401705650,MIN,5044385,2.0,0.0,0.0
401705651,CHA,3986,15.0,4.0,1.0
401705651,CHA,3102530,22.0,16.2,11.5
401705651,CHA,3913220,30.0,2.8,-0.4
401705651,CHA,4065663,11.0,5.5,3.3
401705651,CHA,4066383,22.0,14.4,12.3
401705651,CHA,4433249,17.0,3.2,2.2
401705651,CHA,4592187,24.0,6.9,3.4
401705651,CHA,4683686,35.0,12.2,11.7
401705651,CHA,4683834,35.0,6.5,5.0
401705651,CHA,5211176,29.0,2.4,0.3
401705651,NOP,2489663,20.0,10.9,8.8
401705651,NOP,2583639,19.0,2.3,-1.3
401705651,NOP,4065670,31.0,5.3,-0.8
401705651,NOP,4277869,30.0,4.1,1.6
401705651,NOP,4278572,2.0,-2.4,-2.4
401705651,NOP,4431689,26.0,18.3,13.9
401705651,NOP,4431720,12.0,4.3,4.4
401705651,NOP,4432813,24.0,7.5,7.0
401705651,NOP,4592686,28.0,9.7,10.8
401705651,NOP,4997538,23.0,9.2,8.1
401705651,NOP,5061589,24.0,8.3,6.7
401705652,GSW,3975,26.0,13.6,11.8
401705652,GSW,6430,24.0,18.0,13.4
401705652,GSW,6589,21.0,12.2,10.5
401705652,GSW,2990984,25.0,21.1,17.3
401705652,GSW,3155535,13.0,9.2,7.1
401705652,GSW,4278075,13.0,6.0,4.4
401705652,GSW,4431684,9.0,5.6,6.0
401705652,GSW,4432171,25.0,18.6,14.8
401705652,GSW,4433247,7.0,1.9,2.0
401705652,GSW,4592714,10.0,5.7,6.5
401705652,GSW,4593016,18.0,2.8,1.6
401705652,GSW,4709138,27.0,25.5,23.0
401705652,GSW,4997536,24.0,8.4,6.9
401705652,SAS,2779,18.0,5.0,4.5
401705652,SAS,6578,18.0,2.6,2.7
401705652,SAS,3134916,21.0,8.7,9.2
401705652,SAS,4278580,25.0,13.4,11.2
401705652,SAS,4395630,20.0,8.6,7.7
401705652,SAS,4395723,21.0,14.8,13.9
401705652,SAS,4397886,10.0,0.6,0.0
401705652,SAS,4565201,13.0,9.6,10.1
401705652,SAS,4592479,27.0,6.8,5.0
401705652,SAS,4610139,18.0,-0.9,0.0
401705652,SAS,4683935,27.0,2.7,1.2
401705652,SAS,4845367,22.0,0.0,0.2
401705653,PHI,4277812,21.0,2.8,0.3
401705653,PHI,4277890,36.0,17.0,17.3
401705653,PHI,4395695,27.0,14.0,12.9
401705653,PHI,4433147,26.0,3.8,1.3
401705653,PHI,4433626,27.0,15.6,13.3
401705653,PHI,4701234,36.0,13.3,10.6
401705653,PHI,4711297,28.0,5.6,5.0
401705653,PHI,4909710,13.0,4.3,1.6
401705653,PHI,5105637,27.0,13.0,7.5
401705653,TOR,4067017,5.0,-0.1,-0.7
401705653,TOR,4395625,29.0,20.4,21.0
401705653,TOR,4397018,25.0,5.2,3.7
401705653,TOR,4397134,18.0,5.1,5.0
401705653,TOR,4431893,25.0,12.9,11.1
401705653,TOR,4432241,28.0,12.0,8.8
401705653,TOR,4433134,28.0,7.1,4.6
401705653,TOR,4593049,23.0,15.8,14.3
401705653,TOR,4684272,34.0,20.0,15.2
401705653,TOR,5107897,25.0,12.7,10.6
401705654,HOU,3209,10.0,6.0,6.1
401705654,HOU,2991230,28.0,15.2,12.6
401705654,HOU,2991235,12.0,6.7,6.8
401705654,HOU,3136777,13.0,7.4,4.1
401705654,HOU,3146557,16.0,8.8,8.1
401705654,HOU,3155526,11.0,6.6,5.0
401705654,HOU,3922230,21.0,9.7,8.4
401705654,HOU,4432639,26.0,9.2,7.1
401705654,HOU,4437244,27.0,24.9,23.3
401705654,HOU,4684740,25.0,18.3,16.9
401705654,HOU,4711272,12.0,7.6,5.8
401705654,HOU,4871144,26.0,14.2,11.3
401705654,HOU,5105592,13.0,10.8,9.5
401705654,PHX,3202,23.0,8.1,5.7
401705654,PHX,2488653,12.0,12.1,9.6
401705654,PHX,2583632,15.0,5.5,5.4
401705654,PHX,2595209,8.0,6.0,5.0
401705654,PHX,3059310,10.0,9.4,7.8
401705654,PHX,3102532,8.0,-1.0,-1.0
401705654,PHX,3135045,18.0,5.7,4.7
401705654,PHX,3135046,15.0,0.9,0.6
401705654,PHX,3136193,31.0,18.3,19.3
401705654,PHX,3138161,11.0,3.9,2.7
401705654,PHX,4278076,19.0,4.1,4.1
401705654,PHX,4278585,23.0,1.2,-1.4
401705654,PHX,4397102,9.0,3.4,3.4
401705654,PHX,4601023,20.0,4.6,4.0
401705654,PHX,4888725,19.0,-0.8,-0.3
401705655,CHA,3986,5.0,0.7,0.7
401705655,CHA,2326307,26.0,3.6,3.0
401705655,CHA,3102530,11.0,2.2,1.6
401705655,CHA,3913220,18.0,8.9,7.4
401705655,CHA,4066383,35.0,25.6,22.2
401705655,CHA,4432811,26.0,12.6,13.5
401705655,CHA,4433249,9.0,1.2,0.6
401705655,CHA,4683686,20.0,-1.5,-0.3
401705655,CHA,4683834,32.0,9.8,6.1
401705655,CHA,4701232,34.0,16.5,14.7
401705655,CHA,5211176,25.0,13.7,11.8
401705655,UTA,3133602,17.0,-0.9,-0.8
401705655,UTA,4431828,29.0,1.8,0.6
401705655,UTA,4432164,27.0,11.4,8.1
401705655,UTA,4432817,19.0,8.6,8.4
401705655,UTA,4432827,24.0,11.0,7.6
401705655,UTA,4433627,32.0,11.8,10.3
401705655,UTA,4683766,32.0,16.1,12.2
401705655,UTA,4684793,33.0,9.1,7.7
401705655,UTA,5105839,26.0,18.9,17.2
401705656,IND,2530530,21.0,8.8,7.2
401705656,IND,3149673,32.0,7.0,6.7
401705656,IND,3934723,22.0,6.8,4.7
401705656,IND,4065673,8.0,4.2,3.4
401705656,IND,4278355,22.0,14.4,13.8
401705656,IND,4395712,31.0,3.2,0.6
401705656,IND,4396909,35.0,17.6,14.6
401705656,IND,4396993,33.0,15.0,15.1
401705656,IND,4433076,14.0,1.3,-0.3
401705656,IND,5106060,22.0,12.4,10.8
401705656,SAC,3978,42.0,24.9,23.8
401705656,SAC,6477,8.0,2.0,1.4
401705656,SAC,3064440,38.0,10.6,9.7
401705656,SAC,3136196,15.0,3.0,2.0
401705656,SAC,3155942,40.0,19.7,16.7
401705656,SAC,4066262,29.0,-2.0,-3.4
401705656,SAC,4066636,5.0,3.0,1.7
401705656,SAC,4594327,36.0,8.8,6.3
401705656,SAC,4702177,27.0,10.9,9.8
401705657,LAC,3416,21.0,2.4,0.7
401705657,LAC,3992,40.0,15.8,8.0
401705657,LAC,6450,39.0,9.1,5.8
401705657,LAC,2595516,34.0,15.9,15.1
401705657,LAC,2991139,26.0,3.8,1.7
401705657,LAC,3037789,20.0,0.7,0.2
401705657,LAC,3914285,3.0,-1.4,-1.0
401705657,LAC,3936099,19.0,3.8,3.4
401705657,LAC,4017837,38.0,24.7,22.2
401705657,ORL,6446,29.0,9.1,6.3
401705657,ORL,2581018,33.0,10.6,9.5
401705657,ORL,2999547,9.0,0.2,0.7
401705657,ORL,4065654,10.0,2.0,0.7
401705657,ORL,4277847,31.0,7.6,3.9
401705657,ORL,4348700,13.0,1.4,1.4
401705657,ORL,4432573,36.0,10.7,9.6
401705657,ORL,4433623,17.0,1.1,1.0
401705657,ORL,4566434,40.0,15.0,13.1
401705657,ORL,4702382,4.0,0.0,0.0
401705657,ORL,4712849,19.0,3.9,1.6
401705658,MIA,6429,18.0,1.9,-0.7
401705658,MIA,2993874,24.0,8.1,7.8
401705658,MIA,3074752,33.0,15.6,13.1
401705658,MIA,4066261,31.0,26.5,22.5
401705658,MIA,4291678,21.0,1.6,1.0
401705658,MIA,4395725,33.0,23.3,18.8
401705658,MIA,4431786,2.0,0.0,0.0
401705658,MIA,4432117,2.0,-0.7,-0.7
401705658,MIA,4432168,2.0,0.3,0.0
401705658,MIA,4432848,24.0,14.8,11.3
401705658,MIA,4601025,30.0,13.3,11.9
401705658,MIA,5105623,22.0,1.1,-0.3
401705658,WAS,2990992,20.0,1.0,0.5
401705658,WAS,2993370,15.0,10.6,7.5
401705658,WAS,4277956,29.0,29.6,27.5
401705658,WAS,4432907,29.0,6.0,2.6
401705658,WAS,4684737,18.0,2.7,0.7
401705658,WAS,4845374,38.0,9.8,4.8
401705658,WAS,4997537,22.0,5.8,5.0
401705658,WAS,5160992,31.0,-1.3,-2.6
401705658,WAS,5170947,37.0,1.1,0.3
401705659,BOS,3213,37.0,19.8,18.8
401705659,BOS,3995,31.0,20.4,17.6
401705659,BOS,3078576,36.0,15.9,13.2
401705659,BOS,3102531,34.0,14.0,14.2
401705659,BOS,4065648,38.0,15.3,11.0
401705659,BOS,4065804,25.0,8.2,6.7
401705659,BOS,4066354,26.0,3.7,2.7
401705659,BOS,4277964,8.0,-0.6,-1.8
401705659,BOS,4593841,6.0,0.0,0.0
401705659,MEM,3134932,1.0,0.3,0.0
401705659,MEM,3913174,19.0,3.6,0.3
401705659,MEM,4065731,2.0,-0.7,-0.7
401705659,MEM,4066320,31.0,5.4,5.4
401705659,MEM,4066405,1.0,0.0,0.0
401705659,MEM,4277848,13.0,3.4,0.9
401705659,MEM,4277961,33.0,16.7,12.3
401705659,MEM,4279888,35.0,20.5,17.4
401705659,MEM,4397227,13.0,2.4,2.4
401705659,MEM,4431785,17.0,1.0,0.9
401705659,MEM,4433083,1.0,-0.7,-0.7
401705659,MEM,4593125,36.0,13.8,11.1
401705659,MEM,4600663,13.0,2.4,2.7
401705659,MEM,5112087,26.0,9.4,8.8
401705660,CHI,6478,21.0,6.1,3.7
401705660,CHI,3133635,18.0,12.3,12.4
401705660,CHI,4066650,15.0,3.6,4.2
401705660,CHI,4395651,23.0,1.6,1.0
401705660,CHI,4396991,16.0,12.6,11.7
401705660,CHI,4397189,18.0,7.8,5.7
401705660,CHI,4431687,29.0,11.0,10.8
401705660,CHI,4433159,23.0,5.1,2.0
401705660,CHI,4711294,31.0,12.4,7.3
401705660,CHI,4871145,28.0,14.1,12.3
401705660,CHI,5105553,18.0,1.9,2.0
401705660,OKC,2991350,15.0,9.7,6.8
401705660,OKC,3133626,18.0,5.3,4.7
401705660,OKC,4222252,25.0,14.6,12.6
401705660,OKC,4278073,27.0,28.6,27.2
401705660,OKC,4395702,24.0,24.4,22.8
401705660,OKC,4397020,26.0,8.4,7.7
401705660,OKC,4432823,10.0,0.2,-0.3
401705660,OKC,4433255,26.0,1.0,0.0
401705660,OKC,4592435,9.0,1.4,0.5
401705660,OKC,4593803,25.0,18.0,15.1
401705660,OKC,4683692,27.0,17.6,13.3
401705660,OKC,4702159,8.0,4.9,4.4
401705661,BKN,3136776,31.0,23.5,20.0
401705661,BKN,4278067,27.0,6.9,4.9
401705661,BKN,4397179,20.0,12.9,11.5
401705661,BKN,4431675,24.0,1.3,0.6
401705661,BKN,4431695,21.0,5.1,5.4
401705661,BKN,4431714,29.0,8.7,7.7
401705661,BKN,4432192,29.0,15.1,14.8
401705661,BKN,4432735,16.0,4.1,4.7
401705661,BKN,4433137,25.0,6.8,6.6
401705661,BKN,4684286,18.0,7.3,6.7
401705661,DAL,6475,28.0,9.6,7.3
401705661,DAL,6583,28.0,9.9,8.7
401705661,DAL,2580782,31.0,10.0,8.7
401705661,DAL,3138160,21.0,7.8,6.0
401705661,DAL,4278049,19.0,16.0,16.2
401705661,DAL,4278078,31.0,9.0,8.7
401705661,DAL,4278594,27.0,9.4,8.2
401705661,DAL,4431699,16.0,9.1,8.5
401705661,DAL,4432582,20.0,7.8,5.9
401705661,DAL,4868423,19.0,2.1,2.9
401705662,HOU,2991230,40.0,2.9,2.9
401705662,HOU,2991235,16.0,3.9,1.4
401705662,HOU,3155526,36.0,10.3,8.2
401705662,HOU,4432639,27.0,13.0,10.5
401705662,HOU,4433192,22.0,6.4,6.4
401705662,HOU,4437244,31.0,7.0,3.0
401705662,HOU,4684740,34.0,18.3,15.2
401705662,HOU,4871144,35.0,12.5,11.9
401705662,LAL,1966,38.0,14.8,9.4
401705662,LAL,2578185,32.0,19.9,15.1
401705662,LAL,3137259,24.0,16.6,14.7
401705662,LAL,3945274,38.0,15.5,13.7
401705662,LAL,4066457,39.0,11.8,8.1
401705662,LAL,4066648,31.0,3.4,1.2
401705662,LAL,4278077,10.0,1.2,1.0
401705662,LAL,4278402,12.0,1.6,1.7
401705662,LAL,4397077,14.0,1.2,1.4
401705662,LAL,4897943,4.0,0.0,0.0
401705663,ATL,2990969,17.0,-3.7,-2.1
401705663,ATL,2991043,26.0,1.5,1.1
401705663,ATL,3907823,16.0,5.8,2.6
401705663,ATL,4277905,36.0,27.3,24.6
401705663,ATL,4279318,1.0,0.0,0.0
401705663,ATL,4431680,33.0,10.8,10.1
401705663,ATL,4578893,24.0,13.6,12.2
401705663,ATL,4712863,11.0,1.2,-1.7
401705663,ATL,4869342,37.0,19.0,13.4
401705663,ATL,4870562,15.0,11.1,8.9
401705663,ATL,5211175,25.0,3.1,1.9
401705663,POR,3907498,29.0,10.7,5.5
401705663,POR,4066268,17.0,2.1,2.3
401705663,POR,4278111,1.0,0.0,0.0
401705663,POR,4397885,28.0,9.5,6.3
401705663,POR,4431736,30.0,15.2,14.6
401705663,POR,4432446,15.0,7.3,5.4
401705663,POR,4594326,12.0,-2.7,-2.2
401705663,POR,4683021,38.0,28.6,24.8
401705663,POR,4914336,39.0,24.6,19.9
401705663,POR,5099752,1.0,0.0,0.0
401705663,POR,5105565,29.0,12.7,11.6
401705664,NYK,3062679,32.0,10.9,8.9
401705664,NYK,3064447,33.0,14.7,11.5
401705664,NYK,3147657,36.0,5.8,6.7
401705664,NYK,3914044,34.0,14.3,14.1
401705664,NYK,3934719,33.0,14.9,11.8
401705664,NYK,4351852,21.0,17.3,13.6
401705664,NYK,4411057,3.0,-1.1,-0.7
401705664,NYK,4431679,27.0,-2.2,-5.3
401705664,NYK,4433225,20.0,5.8,5.2
401705664,PHI,3012,16.0,2.7,-0.3
401705664,PHI,4277812,16.0,9.5,9.8
401705664,PHI,4277890,33.0,6.9,6.4
401705664,PHI,4395695,24.0,1.8,1.4
401705664,PHI,4397014,36.0,21.3,18.1
401705664,PHI,4433147,19.0,8.7,7.1
401705664,PHI,4701234,23.0,12.2,10.4
401705664,PHI,4711297,31.0,-1.9,-3.0
401705664,PHI,4909710,9.0,-2.9,-2.8
401705664,PHI,5105637,32.0,8.6,5.0
401705665,CHI,6478,25.0,26.4,23.9
401705665,CHI,4066372,33.0,13.8,13.2
401705665,CHI,4066650,19.0,11.5,8.2
401705665,CHI,4395651,34.0,24.1,22.0
401705665,CHI,4396991,32.0,23.3,22.5
401705665,CHI,4397189,4.0,4.3,3.4
401705665,CHI,4431687,24.0,3.5,3.7
401705665,CHI,4432821,3.0,0.0,0.0
401705665,CHI,4432872,3.0,0.3,0.0
401705665,CHI,4433133,5.0,-1.1,-0.7
401705665,CHI,4711294,29.0,9.1,3.9
401705665,CHI,4871145,28.0,18.3,13.9
401705665,TOR,3134908,24.0,9.7,9.2
401705665,TOR,4067017,13.0,12.5,11.8
401705665,TOR,4395724,24.0,15.8,15.3
401705665,TOR,4397119,4.0,7.8,7.8
401705665,TOR,4397134,21.0,6.6,5.3
401705665,TOR,4431893,30.0,5.5,3.4
401705665,TOR,4432241,20.0,4.2,4.0
401705665,TOR,4433134,24.0,4.4,2.3
401705665,TOR,4593049,21.0,7.3,8.0
401705665,TOR,4684272,27.0,15.8,14.6
401705665,TOR,5107897,31.0,5.4,4.4
401705666,GSW,3975,37.0,48.6,41.0
401705666,GSW,6430,38.0,27.7,23.6
401705666,GSW,6589,33.0,16.5,13.0
401705666,GSW,2990984,20.0,4.8,3.6
401705666,GSW,3155535,10.0,3.3,3.4
401705666,GSW,4432171,36.0,5.8,6.1
401705666,GSW,4593016,20.0,3.4,3.9
401705666,GSW,4709138,28.0,3.3,3.3
401705666,GSW,4997536,19.0,2.4,3.4
401705666,MEM,3913174,22.0,4.1,3.8
401705666,MEM,4066320,35.0,15.3,11.4
401705666,MEM,4277848,3.0,2.0,2.0
401705666,MEM,4277961,31.0,12.7,11.9
401705666,MEM,4279888,33.0,25.7,24.4
401705666,MEM,4431785,23.0,4.1,4.3
401705666,MEM,4593125,30.0,14.4,13.4
401705666,MEM,4600663,32.0,12.2,7.1
401705666,MEM,5112087,30.0,4.0,3.7
401705667,MIL,3448,38.0,18.0,17.1
401705667,MIL,2578239,17.0,4.6,5.8
401705667,MIL,2990962,37.0,13.5,11.5
401705667,MIL,3032977,36.0,39.3,34.5
401705667,MIL,3134907,37.0,7.9,7.9
401705667,MIL,4277843,27.0,5.7,5.1
401705667,MIL,4397140,17.0,3.8,5.1
401705667,MIL,4591725,31.0,23.4,20.7
401705667,PHX,3135045,34.0,16.6,15.4
401705667,PHX,3135046,27.0,14.8,14.2
401705667,PHX,3136193,43.0,25.4,25.6
401705667,PHX,3138161,30.0,5.0,3.0
401705667,PHX,4278076,30.0,11.6,12.6
401705667,PHX,4278585,36.0,13.6,11.4
401705667,PHX,4601023,18.0,6.2,6.5
401705667,PHX,4888725,23.0,0.9,1.6
401705668,DEN,3442,5.0,-0.5,-0.3
401705668,DEN,3468,38.0,6.8,4.6
401705668,DEN,3064290,47.0,26.1,24.5
401705668,DEN,3112335,53.0,52.7,50.3
401705668,DEN,4395620,5.0,0.6,0.0
401705668,DEN,4398390,32.0,11.1,10.6
401705668,DEN,4431690,11.0,0.3,0.7
401705668,DEN,4431767,53.0,20.0,15.0
401705668,DEN,4576087,45.0,3.0,0.5
401705668,MIN,3195,36.0,9.3,9.9
401705668,MIN,3032976,40.0,17.8,17.4
401705668,MIN,3064514,50.0,18.4,17.3
401705668,MIN,4278039,45.0,25.2,23.9
401705668,MIN,4431671,44.0,1.5,2.9
401705668,MIN,4432247,9.0,-0.2,1.4
401705668,MIN,4594268,50.0,23.9,21.8
401705668,MIN,4684275,4.0,2.0,1.0
401705668,MIN,4687718,12.0,9.3,9.5
401705669,CLE,2596112,5.0,-1.5,-2.1
401705669,CLE,3908809,30.0,24.0,20.6
401705669,CLE,4065732,26.0,11.9,10.7
401705669,CLE,4065778,23.0,6.4,5.5
401705669,CLE,4066328,32.0,19.0,17.0
401705669,CLE,4066757,23.0,5.3,4.8
401705669,CLE,4396907,32.0,15.1,15.0
401705669,CLE,4432158,30.0,9.4,8.4
401705669,CLE,4432822,23.0,11.0,7.8
401705669,CLE,4433620,2.0,1.6,1.3
401705669,CLE,4683747,2.0,0.0,-0.3
401705669,CLE,4701233,6.0,0.6,0.6
401705669,CLE,4997539,2.0,-0.4,0.0
401705669,CLE,5106268,2.0,1.6,1.7
401705669,NYK,3062679,37.0,12.6,10.1
401705669,NYK,3064447,33.0,7.4,7.2
401705669,NYK,3136195,34.0,13.8,12.8
401705669,NYK,3147657,36.0,5.9,5.8
401705669,NYK,3914044,26.0,1.5,1.6
401705669,NYK,3934719,34.0,18.9,19.3
401705669,NYK,4431679,21.0,13.6,10.4
401705669,NYK,4431705,2.0,0.2,-0.7
401705669,NYK,4432179,2.0,3.7,3.7
401705669,NYK,4433225,15.0,0.5,-0.1
401705670,CHA,2326307,30.0,15.7,13.9
401705670,CHA,3102530,20.0,9.0,9.0
401705670,CHA,3913220,24.0,1.4,2.0
401705670,CHA,4065663,13.0,2.5,1.6
401705670,CHA,4066383,24.0,18.6,17.0
401705670,CHA,4431766,17.0,-3.2,-2.4
401705670,CHA,4432811,8.0,-0.4,-0.7
401705670,CHA,4433249,13.0,9.0,7.8
401705670,CHA,4683834,31.0,6.8,5.4
401705670,CHA,4701232,32.0,13.5,10.8
401705670,CHA,5211176,27.0,3.1,2.7
401705670,IND,2530530,19.0,9.8,7.2
401705670,IND,3133628,29.0,13.5,11.9
401705670,IND,3149673,28.0,9.2,6.5
401705670,IND,3934723,19.0,13.1,12.9
401705670,IND,4278355,18.0,4.4,3.3
401705670,IND,4395712,29.0,7.6,6.1
401705670,IND,4396909,26.0,13.0,12.1
401705670,IND,4396993,34.0,25.8,22.1
401705670,IND,4433076,14.0,3.6,3.4
401705670,IND,5106060,22.0,8.0,6.6
401705670,IND,5157066,1.0,0.0,0.0
401705671,SAC,3978,40.0,23.1,22.0
401705671,SAC,6477,13.0,12.6,11.2
401705671,SAC,3064440,35.0,7.9,8.9
401705671,SAC,3136196,18.0,0.8,-0.4
401705671,SAC,3155942,35.0,18.2,15.8
401705671,SAC,4066262,35.0,8.3,6.2
401705671,SAC,4066636,8.0,-0.4,-0.7
401705671,SAC,4594327,35.0,18.1,14.5
401705671,SAC,4702177,22.0,2.5,-1.4
401705671,WAS,2581184,31.0,7.4,6.0
401705671,WAS,2993370,2.0,1.3,1.7
401705671,WAS,4277956,24.0,17.6,17.8
401705671,WAS,4432907,30.0,10.7,6.4
401705671,WAS,4702233,26.0,3.4,1.4
401705671,WAS,4845374,41.0,14.0,14.2
401705671,WAS,4997537,22.0,14.1,12.0
401705671,WAS,5160992,26.0,9.5,7.8
401705671,WAS,5170947,37.0,12.0,12.8
401705672,BOS,2528693,19.0,0.5,0.3
401705672,BOS,3064560,21.0,14.9,16.1
401705672,BOS,3078576,31.0,14.5,11.5
401705672,BOS,3917376,29.0,16.1,14.8
401705672,BOS,4065648,32.0,8.9,8.2
401705672,BOS,4065804,26.0,3.0,4.0
401705672,BOS,4066354,31.0,8.4,7.1
401705672,BOS,4397424,19.0,10.3,8.9
401705672,BOS,4397689,5.0,1.6,2.0
401705672,BOS,4576085,5.0,0.7,-0.3
401705672,BOS,4593841,17.0,4.0,2.7
401705672,BOS,4683689,5.0,-1.7,-1.7
401705672,MIA,6429,19.0,8.7,8.1
401705672,MIA,2993874,24.0,15.5,14.5
401705672,MIA,4066261,31.0,19.0,18.3
401705672,MIA,4278053,34.0,15.3,12.6
401705672,MIA,4291678,26.0,7.5,7.4
401705672,MIA,4395725,38.0,24.9,21.8
401705672,MIA,4431786,2.0,1.0,0.0
401705672,MIA,4432117,2.0,-0.1,-0.7
401705672,MIA,4432168,2.0,1.3,1.7
401705672,MIA,4432848,2.0,1.4,1.4
401705672,MIA,4601025,30.0,15.3,14.8
401705672,MIA,5105623,32.0,7.5,5.3
401705673,HOU,3209,7.0,1.2,1.3
401705673,HOU,3136777,12.0,2.0,2.4
401705673,HOU,3146557,20.0,7.5,6.9
401705673,HOU,3155526,28.0,13.0,13.1
401705673,HOU,3922230,13.0,4.2,3.0
401705673,HOU,4397821,5.0,1.6,1.6
401705673,HOU,4432639,27.0,12.6,9.7
401705673,HOU,4433192,24.0,17.2,12.9
401705673,HOU,4437244,28.0,14.5,13.9
401705673,HOU,4684740,27.0,10.7,9.9
401705673,HOU,4711272,9.0,14.4,13.5
401705673,HOU,4871144,29.0,17.6,14.7
401705673,HOU,5105592,12.0,11.4,10.5
401705673,UTA,3133602,15.0,1.0,0.4
401705673,UTA,4277811,24.0,13.9,13.2
401705673,UTA,4431828,21.0,11.1,10.9
401705673,UTA,4432164,5.0,2.2,2.3
401705673,UTA,4432817,23.0,0.0,-0.5
401705673,UTA,4433136,28.0,13.3,8.6
401705673,UTA,4433627,27.0,7.6,7.3
401705673,UTA,4683766,32.0,24.7,23.3
401705673,UTA,4684793,31.0,2.0,-2.5
401705673,UTA,5105839,33.0,6.0,4.5
401705674,DET,6440,22.0,4.8,4.8
401705674,DET,2528210,37.0,17.8,18.5
401705674,DET,3032979,40.0,7.3,7.7
401705674,DET,3899664,12.0,5.0,4.3
401705674,DET,3907822,33.0,1.0,1.1
401705674,DET,4066317,18.0,0.4,1.3
401705674,DET,4278562,15.0,8.2,6.4
401705674,DET,4433621,34.0,10.0,6.3
401705674,DET,4684742,30.0,12.2,6.8
401705674,OKC,3133626,17.0,2.9,2.7
401705674,OKC,4222252,23.0,9.0,5.1
401705674,OKC,4278073,35.0,26.1,20.9
401705674,OKC,4395702,22.0,1.2,1.6
401705674,OKC,4397020,33.0,9.7,7.7
401705674,OKC,4433255,33.0,24.5,17.5
401705674,OKC,4593803,33.0,15.0,13.6
401705674,OKC,4683692,32.0,15.1,13.0
401705674,OKC,4702159,10.0,1.3,0.7
401705675,ATL,2990969,20.0,3.7,3.3
401705675,ATL,2991043,24.0,10.9,10.4
401705675,ATL,3907823,21.0,5.5,4.0
401705675,ATL,4277905,40.0,19.4,18.3
401705675,ATL,4431680,40.0,19.5,14.0
401705675,ATL,4578893,16.0,9.0,9.1
401705675,ATL,4712863,14.0,6.9,6.0
401705675,ATL,4869342,33.0,16.1,14.3
401705675,ATL,4870562,8.0,-1.5,-0.3
401705675,ATL,5211175,25.0,4.7,4.3
401705675,DAL,6475,29.0,14.6,12.1
401705675,DAL,6583,30.0,29.9,22.3
401705675,DAL,2580782,33.0,15.1,12.3
401705675,DAL,3138160,28.0,5.4,4.3
401705675,DAL,4278049,20.0,8.6,8.4
401705675,DAL,4278594,35.0,8.4,8.2
401705675,DAL,4431699,2.0,1.6,1.7
401705675,DAL,4432582,25.0,4.7,4.2
401705675,DAL,4683688,16.0,5.8,4.3
401705675,DAL,4868423,22.0,10.1,8.8
401705676,DEN,3442,36.0,13.1,9.1
401705676,DEN,3468,40.0,23.4,17.4
401705676,DEN,3032978,7.0,3.0,3.1
401705676,DEN,4230557,25.0,7.5,4.7
401705676,DEN,4395620,30.0,9.8,8.9
401705676,DEN,4398390,35.0,19.8,16.4
401705676,DEN,4431690,23.0,4.8,4.6
401705676,DEN,4433268,20.0,-0.2,-0.1
401705676,DEN,4592427,24.0,2.4,1.3
401705676,SAS,2779,32.0,14.6,11.9
401705676,SAS,6427,31.0,0.9,-1.4
401705676,SAS,6578,31.0,16.8,13.8
401705676,SAS,3134916,17.0,4.4,3.4
401705676,SAS,4278580,23.0,14.1,11.4
401705676,SAS,4565201,20.0,6.4,6.3
401705676,SAS,4592479,32.0,8.6,7.3
401705676,SAS,4683935,21.0,10.3,9.7
401705676,SAS,4845367,33.0,15.4,13.2
401705677,LAC,3416,14.0,3.6,1.3
401705677,LAC,3992,34.0,21.3,18.2
401705677,LAC,6450,38.0,22.6,20.5
401705677,LAC,2595516,31.0,4.9,4.6
401705677,LAC,2991139,19.0,8.7,5.7
401705677,LAC,3037789,26.0,13.6,13.5
401705677,LAC,3907387,12.0,-1.0,-1.3
401705677,LAC,3914285,3.0,1.0,1.0
401705677,LAC,3936099,19.0,4.4,1.6
401705677,LAC,4017837,33.0,20.0,18.0
401705677,LAC,4431752,3.0,0.3,0.0
401705677,LAC,4433246,3.0,1.0,0.7
401705677,LAC,4845363,3.0,-0.7,-0.7
401705677,LAC,5165257,3.0,2.0,2.0
401705677,NOP,2489663,26.0,11.2,9.7
401705677,NOP,2583639,21.0,4.0,3.2
401705677,NOP,4065670,23.0,11.4,9.1
401705677,NOP,4277869,27.0,12.8,12.3
401705677,NOP,4278572,21.0,6.2,6.1
401705677,NOP,4431689,22.0,3.2,2.7
401705677,NOP,4431720,3.0,0.0,-0.7
401705677,NOP,4432813,19.0,5.2,3.7
401705677,NOP,4592686,33.0,5.3,5.7
401705677,NOP,4997538,18.0,8.3,7.1
401705677,NOP,5061589,27.0,10.1,5.8
401705678,ORL,6446,25.0,6.9,5.7
401705678,ORL,2581018,33.0,17.1,13.9
401705678,ORL,2999547,15.0,0.2,0.4
401705678,ORL,4065654,14.0,7.1,3.4
401705678,ORL,4277847,30.0,9.6,9.9
401705678,ORL,4348700,3.0,0.0,0.0
401705678,ORL,4432573,39.0,28.7,23.5
401705678,ORL,4432809,14.0,5.9,5.3
401705678,ORL,4433623,11.0,-0.1,0.0
401705678,ORL,4566434,34.0,22.7,20.2
401705678,ORL,4712849,23.0,5.5,3.3
401705678,WAS,2581184,22.0,2.5,2.6
401705678,WAS,2990992,25.0,8.6,7.7
401705678,WAS,4432907,23.0,7.4,6.1
401705678,WAS,4433378,37.0,2.5,1.3
401705678,WAS,4684737,22.0,4.8,3.6
401705678,WAS,4845374,37.0,30.0,28.8
401705678,WAS,4997537,14.0,-1.3,-0.7
401705678,WAS,5160992,32.0,4.0,2.3
401705678,WAS,5170947,29.0,4.3,4.0
401705679,BKN,3136776,13.0,-6.3,-5.5
401705679,BKN,4278067,24.0,20.1,17.1
401705679,BKN,4431675,27.0,5.9,6.1
401705679,BKN,4431695,24.0,4.2,1.3
401705679,BKN,4432187,18.0,5.7,2.4
401705679,BKN,4432192,25.0,8.1,8.2
401705679,BKN,4432735,26.0,11.1,11.3
401705679,BKN,4432887,25.0,5.5,3.7
401705679,BKN,4597865,30.0,11.8,9.5
401705679,BKN,4684286,28.0,5.0,5.0
401705679,MIN,3195,24.0,1.9,2.0
401705679,MIN,3032976,36.0,24.7,19.9
401705679,MIN,3064514,27.0,5.7,5.1
401705679,MIN,3934673,21.0,-3.3,-5.5
401705679,MIN,4277951,2.0,2.6,2.3
401705679,MIN,4278039,28.0,16.5,13.2
401705679,MIN,4396971,26.0,9.7,8.8
401705679,MIN,4431671,33.0,9.4,6.1
401705679,MIN,4432247,5.0,-1.0,-1.0
401705679,MIN,4592492,2.0,0.3,0.0
401705679,MIN,4594268,32.0,24.2,21.5
401705679,MIN,4684275,2.0,-1.0,-1.0
401705679,MIN,4687718,2.0,0.7,0.7
401705679,MIN,5044385,2.0,0.0,0.0
401705680,MEM,3913174,22.0,2.0,1.7
401705680,MEM,4066320,36.0,11.2,8.9
401705680,MEM,4066405,2.0,1.0,0.0
401705680,MEM,4277961,37.0,4.6,3.3
401705680,MEM,4279888,32.0,18.4,18.1
401705680,MEM,4431785,27.0,17.4,16.0
401705680,MEM,4593125,30.0,9.5,6.1
401705680,MEM,4600663,28.0,9.8,6.2
401705680,MEM,5112087,26.0,13.3,12.2
401705680,MIA,6429,16.0,-2.5,-3.1
401705680,MIA,2993874,20.0,5.1,3.3
401705680,MIA,3157465,11.0,5.2,4.0
401705680,MIA,4066261,34.0,18.2,15.8
401705680,MIA,4278053,37.0,12.5,9.5
401705680,MIA,4291678,26.0,5.2,6.1
401705680,MIA,4395725,37.0,26.9,24.9
401705680,MIA,4601025,23.0,6.5,2.7
401705680,MIA,5105623,35.0,12.9,9.0
401705681,MIL,3448,31.0,14.2,13.4
401705681,MIL,2578239,13.0,2.6,1.7
401705681,MIL,2990962,31.0,8.8,8.3
401705681,MIL,3032977,39.0,46.0,39.5
401705681,MIL,3134907,32.0,12.0,8.9
401705681,MIL,4277843,23.0,12.9,9.6
401705681,MIL,4280245,1.0,0.0,0.0
401705681,MIL,4397140,18.0,9.1,7.9
401705681,MIL,4397233,1.0,0.0,0.0
401705681,MIL,4397475,19.0,9.7,9.8
401705681,MIL,4432190,1.0,-0.4,0.0
401705681,MIL,4433622,1.0,-0.4,-0.7
401705681,MIL,4591725,29.0,2.5,2.7
401705681,MIL,5167876,1.0,-0.7,-0.7
401705681,PHI,4017844,35.0,19.0,17.9
401705681,PHI,4277890,17.0,3.3,1.4
401705681,PHI,4395695,31.0,10.0,8.4
401705681,PHI,4397014,38.0,20.7,19.5
401705681,PHI,4397204,16.0,1.0,1.7
401705681,PHI,4433626,19.0,6.5,6.8
401705681,PHI,4701234,16.0,1.8,1.3
401705681,PHI,4711297,32.0,8.0,4.3
401705681,PHI,4909710,1.0,-0.4,-0.7
401705681,PHI,5105637,35.0,24.4,21.4
401705682,POR,3907498,25.0,8.3,4.4
401705682,POR,4066268,6.0,4.1,3.1
401705682,POR,4278111,8.0,-0.5,0.0
401705682,POR,4397885,37.0,9.2,9.7
401705682,POR,4431736,25.0,1.5,0.6
401705682,POR,4432446,18.0,1.2,0.6
401705682,POR,4594326,14.0,-3.1,-3.0
401705682,POR,4683021,33.0,23.1,18.1
401705682,POR,4914336,34.0,31.7,28.0
401705682,POR,5099752,12.0,3.6,3.0
401705682,POR,5105565,30.0,14.7,9.2
401705682,TOR,4067017,18.0,10.9,9.9
401705682,TOR,4395625,26.0,15.6,11.1
401705682,TOR,4397018,21.0,13.3,11.1
401705682,TOR,4397134,14.0,-5.8,-5.6
401705682,TOR,4431893,24.0,7.7,7.5
401705682,TOR,4432241,25.0,9.0,7.5
401705682,TOR,4433134,27.0,2.9,1.7
401705682,TOR,4593049,27.0,13.4,12.2
401705682,TOR,4684272,30.0,8.1,7.1
401705682,TOR,5107897,28.0,3.6,2.5
401705683,GSW,3975,34.0,29.0,28.8
401705683,GSW,6430,36.0,13.5,10.2
401705683,GSW,6589,34.0,3.8,2.0
401705683,GSW,2990984,13.0,-1.2,-2.4
401705683,GSW,3155535,8.0,2.0,1.7
401705683,GSW,4432171,29.0,9.2,9.4
401705683,GSW,4433247,25.0,17.4,15.8
401705683,GSW,4593016,15.0,0.6,1.3
401705683,GSW,4709138,36.0,27.1,25.4
401705683,GSW,4997536,11.0,3.2,4.8
401705683,LAL,1966,40.0,31.2,29.1
401705683,LAL,2578185,29.0,-2.3,-1.4
401705683,LAL,3137259,17.0,-2.3,-1.1
401705683,LAL,3945274,38.0,16.1,14.8
401705683,LAL,4066457,40.0,23.9,23.4
401705683,LAL,4066648,34.0,20.0,19.9
401705683,LAL,4278077,13.0,3.2,2.4
401705683,LAL,4278402,14.0,2.2,0.0
401705683,LAL,4397077,15.0,1.5,1.0
401705684,CHA,3986,16.0,-0.0,0.2
401705684,CHA,2326307,23.0,7.8,6.0
401705684,CHA,3102530,24.0,4.0,3.4
401705684,CHA,3913220,32.0,5.0,4.6
401705684,CHA,4065663,12.0,6.1,4.6
401705684,CHA,4066383,28.0,8.6,8.8
401705684,CHA,4397570,21.0,4.6,5.1
401705684,CHA,4433249,23.0,11.6,10.8
401705684,CHA,4683834,33.0,11.5,10.2
401705684,CHA,5211176,29.0,9.1,8.6
401705684,SAC,3978,27.0,15.8,15.0
401705684,SAC,6477,19.0,5.5,5.1
401705684,SAC,6581,5.0,2.6,2.0
401705684,SAC,2528588,6.0,1.9,2.0
401705684,SAC,3064440,33.0,20.6,18.1
401705684,SAC,3136196,20.0,12.2,11.1
401705684,SAC,3155942,27.0,25.8,25.8
401705684,SAC,4066262,23.0,13.4,13.5
401705684,SAC,4066636,11.0,1.7,1.7
401705684,SAC,4433188,14.0,-4.1,-1.7
401705684,SAC,4594327,25.0,3.9,0.6
401705684,SAC,4702177,23.0,2.5,2.7
401705684,SAC,5107818,7.0,0.2,1.0
401705685,IND,2530530,19.0,14.9,13.1
401705685,IND,3133628,27.0,22.1,17.6
401705685,IND,3149673,29.0,23.6,17.8
401705685,IND,3934723,7.0,1.9,1.3
401705685,IND,4065673,2.0,1.7,1.7
401705685,IND,4278355,19.0,6.5,5.4
401705685,IND,4395712,27.0,10.6,9.2
401705685,IND,4396909,20.0,8.2,8.4
401705685,IND,4396993,28.0,22.3,19.4
401705685,IND,4431941,2.0,0.0,0.0
401705685,IND,4433076,20.0,7.0,4.8
401705685,IND,4683634,23.0,16.0,14.1
401705685,IND,5106060,14.0,8.2,5.8
401705685,IND,5157066,3.0,2.7,2.0
401705685,UTA,3133602,18.0,5.8,5.5
401705685,UTA,4066399,24.0,10.2,7.5
401705685,UTA,4277811,33.0,21.7,20.4
401705685,UTA,4432164,15.0,4.2,4.1
401705685,UTA,4432817,36.0,4.5,5.5
401705685,UTA,4433627,32.0,11.3,10.8
401705685,UTA,4683766,33.0,10.7,10.7
401705685,UTA,4684793,24.0,4.7,3.9
401705685,UTA,5105839,25.0,3.5,2.2
401705686,BOS,3213,25.0,7.3,6.1
401705686,BOS,3995,28.0,6.3,5.1
401705686,BOS,3064560,15.0,11.1,11.9
401705686,BOS,3078576,33.0,12.9,10.9
401705686,BOS,3102531,23.0,9.6,8.9
401705686,BOS,3917376,28.0,26.0,24.5
401705686,BOS,4065648,35.0,20.5,17.2
401705686,BOS,4065804,21.0,2.4,1.3
401705686,BOS,4066354,22.0,9.1,9.2
401705686,BOS,4277964,2.0,0.3,0.0
401705686,BOS,4397424,2.0,2.7,2.4
401705686,BOS,4397689,2.0,0.0,0.0
401705686,BOS,4593841,2.0,1.0,1.0
401705686,BOS,4683689,2.0,-0.4,0.0
401705686,PHX,6580,30.0,2.9,-0.8
401705686,PHX,2583632,30.0,7.7,7.0
401705686,PHX,2595209,2.0,-1.4,-1.4
401705686,PHX,3102532,2.0,0.7,0.7
401705686,PHX,3135045,17.0,4.2,4.7
401705686,PHX,3135046,20.0,13.8,11.9
401705686,PHX,3136193,38.0,26.4,26.3
401705686,PHX,3138161,16.0,3.9,2.7
401705686,PHX,4278076,14.0,6.2,4.1
401705686,PHX,4278585,13.0,5.6,5.0
401705686,PHX,4397102,2.0,1.4,1.4
401705686,PHX,4601023,32.0,12.0,11.2
401705686,PHX,4888725,25.0,-0.3,-0.8
401705687,DET,2528210,39.0,16.9,15.4
401705687,DET,3032979,36.0,11.0,9.1
401705687,DET,3899664,14.0,3.9,5.1
401705687,DET,3907822,31.0,13.4,11.9
401705687,DET,4066317,8.0,3.7,2.7
401705687,DET,4278562,12.0,-0.9,-2.8
401705687,DET,4432107,20.0,4.7,4.0
401705687,DET,4433621,36.0,30.7,23.5
401705687,DET,4683771,13.0,2.5,1.7
401705687,DET,4684742,32.0,18.7,13.2
401705687,TOR,3134908,31.0,8.9,5.9
401705687,TOR,4067017,23.0,6.7,4.5
401705687,TOR,4395724,29.0,12.2,9.1
401705687,TOR,4397119,17.0,7.2,6.1
401705687,TOR,4397134,15.0,7.9,6.7
401705687,TOR,4431893,23.0,4.9,5.4
401705687,TOR,4432241,26.0,14.2,13.5
401705687,TOR,4593049,16.0,-2.2,-0.8
401705687,TOR,4684272,32.0,17.6,14.8
401705687,TOR,5107897,29.0,4.0,2.7
401705688,CHI,6478,33.0,24.6,21.3
401705688,CHI,4066372,34.0,3.4,2.9
401705688,CHI,4066650,15.0,3.1,2.0
401705688,CHI,4395651,35.0,24.6,23.9
401705688,CHI,4396991,16.0,9.3,9.7
401705688,CHI,4431687,14.0,-0.6,-2.1
401705688,CHI,4433159,15.0,0.8,-1.0
401705688,CHI,4711294,34.0,10.0,5.7
401705688,CHI,4871145,39.0,20.0,16.6
401705688,CHI,5105553,5.0,0.7,0.7
401705688,POR,3907498,27.0,7.3,4.7
401705688,POR,4278111,10.0,1.5,1.4
401705688,POR,4397885,34.0,9.9,9.9
401705688,POR,4432446,20.0,7.9,8.2
401705688,POR,4594326,27.0,6.5,5.0
401705688,POR,4683021,35.0,30.1,29.8
401705688,POR,4914336,35.0,7.0,6.2
401705688,POR,5099752,21.0,4.8,1.6
401705688,POR,5105565,31.0,10.5,6.1
401705689,HOU,2991230,37.0,12.7,12.9
401705689,HOU,2991235,23.0,12.6,8.9
401705689,HOU,3136777,15.0,5.3,6.1
401705689,HOU,3922230,1.0,0.0,0.0
401705689,HOU,4397821,1.0,0.0,0.0
401705689,HOU,4432639,34.0,9.0,4.7
401705689,HOU,4433192,18.0,1.8,0.9
401705689,HOU,4437244,38.0,25.6,22.4
401705689,HOU,4684740,38.0,17.7,14.7
401705689,HOU,4711272,1.0,0.3,0.0
401705689,HOU,4871144,34.0,22.9,20.0
401705689,HOU,5105592,1.0,0.0,0.0
401705689,OKC,2991350,20.0,0.0,-0.4
401705689,OKC,3133626,14.0,1.2,2.0
401705689,OKC,4222252,28.0,18.4,16.4
401705689,OKC,4278073,35.0,16.6,13.5
401705689,OKC,4397020,26.0,-3.1,-2.7
401705689,OKC,4397183,19.0,4.1,3.6
401705689,OKC,4433255,31.0,15.1,14.1
401705689,OKC,4592435,2.0,2.0,1.7
401705689,OKC,4593803,34.0,27.9,24.6
401705689,OKC,4683692,27.0,-0.5,-2.1
401705689,OKC,4702159,2.0,0.7,0.7
401705690,CLE,2596112,9.0,0.5,-0.4
401705690,CLE,3908809,34.0,19.7,17.4
401705690,CLE,4065732,29.0,11.2,10.7
401705690,CLE,4065778,32.0,4.6,3.1
401705690,CLE,4066328,16.0,5.7,4.5
401705690,CLE,4066757,24.0,5.5,3.7
401705690,CLE,4396907,34.0,12.9,11.7
401705690,CLE,4432158,37.0,26.9,22.4
401705690,CLE,4432822,20.0,4.2,3.7
401705690,CLE,4701233,6.0,3.0,2.7
401705690,SAS,2779,30.0,10.1,8.9
401705690,SAS,6427,27.0,10.6,6.2
401705690,SAS,6578,30.0,15.5,16.3
401705690,SAS,3134916,2.0,0.0,0.0
401705690,SAS,4278580,12.0,3.8,3.7
401705690,SAS,4395630,36.0,20.9,16.1
401705690,SAS,4395723,24.0,2.1,0.3
401705690,SAS,4397886,3.0,-1.5,-0.7
401705690,SAS,4592479,28.0,11.1,9.7
401705690,SAS,4683935,16.0,-2.1,-3.3
401705690,SAS,4845367,33.0,22.0,19.0
401705691,DEN,3468,20.0,-0.2,-2.4
401705691,DEN,3064290,34.0,13.3,13.6
401705691,DEN,3112335,37.0,32.2,28.0
401705691,DEN,4230557,4.0,-2.0,-2.0
401705691,DEN,4278104,41.0,16.9,15.6
401705691,DEN,4395620,1.0,1.0,0.0
401705691,DEN,4398390,24.0,7.0,6.4
401705691,DEN,4431690,7.0,0.6,-1.0
401705691,DEN,4431767,38.0,11.7,9.5
401705691,DEN,4432181,1.0,0.0,0.0
401705691,DEN,4433268,1.0,0.0,0.0
401705691,DEN,4576087,33.0,-0.3,-0.4
401705691,GSW,3975,32.0,28.1,26.6
401705691,GSW,6430,34.0,21.1,16.9
401705691,GSW,6589,30.0,5.1,3.7
401705691,GSW,2990984,17.0,2.3,2.0
401705691,GSW,3134903,2.0,0.0,0.0
401705691,GSW,3155535,18.0,10.6,8.1
401705691,GSW,4066240,1.0,0.0,0.0
401705691,GSW,4278075,1.0,-1.0,-1.0
401705691,GSW,4431684,1.0,0.0,0.0
401705691,GSW,4432171,25.0,8.2,5.7
401705691,GSW,4433247,18.0,-0.9,-0.4
401705691,GSW,4592714,1.0,0.0,0.0
401705691,GSW,4593016,13.0,1.4,1.3
401705691,GSW,4709138,36.0,23.6,20.0
401705691,GSW,4997536,11.0,3.4,2.1
401705692,LAL,1966,33.0,24.5,22.9
401705692,LAL,2578185,32.0,3.2,3.4
401705692,LAL,3137259,19.0,4.2,4.1
401705692,LAL,3915195,2.0,0.0,0.0
401705692,LAL,3945274,36.0,27.5,26.5
401705692,LAL,4066457,36.0,29.5,28.3
401705692,LAL,4278077,17.0,1.3,0.7
401705692,LAL,4278402,18.0,0.7,0.4
401705692,LAL,4395623,5.0,-0.1,-1.0
401705692,LAL,4397077,24.0,8.2,4.1
401705692,LAL,4897943,20.0,6.7,6.7
401705692,NOP,2489663,22.0,7.4,8.0
401705692,NOP,2583639,20.0,3.9,3.7
401705692,NOP,4065670,26.0,-1.0,-1.8
401705692,NOP,4277869,28.0,16.6,15.7
401705692,NOP,4278572,27.0,11.1,8.4
401705692,NOP,4431689,25.0,5.6,4.3
401705692,NOP,4431720,3.0,0.0,0.0
401705692,NOP,4432813,18.0,6.6,5.4
401705692,NOP,4592686,23.0,2.8,3.6
401705692,NOP,4997538,21.0,16.3,14.6
401705692,NOP,5061589,28.0,17.0,14.9
401705693,DAL,6475,13.0,-1.5,-0.7
401705693,DAL,2531367,12.0,1.3,0.7
401705693,DAL,2580782,29.0,13.6,13.1
401705693,DAL,3138160,18.0,-2.6,-2.7
401705693,DAL,4278049,19.0,2.0,0.9
401705693,DAL,4278078,28.0,6.3,3.3
401705693,DAL,4278594,36.0,15.6,14.1
401705693,DAL,4431699,22.0,8.3,7.5
401705693,DAL,4432582,34.0,6.3,4.2
401705693,DAL,4868423,29.0,10.0,7.6
401705693,LAC,3416,5.0,0.0,0.0
401705693,LAC,3992,30.0,7.8,5.4
401705693,LAC,4004,8.0,1.6,2.0
401705693,LAC,6450,24.0,15.1,13.4
401705693,LAC,2595516,30.0,10.6,9.7
401705693,LAC,2991139,24.0,6.4,5.4
401705693,LAC,3037789,21.0,12.8,12.2
401705693,LAC,3914285,18.0,13.3,10.6
401705693,LAC,3936099,23.0,7.9,5.7
401705693,LAC,4017837,27.0,12.8,10.1
401705693,LAC,4431752,14.0,-1.7,-2.3
401705693,LAC,4433246,3.0,5.2,5.4
401705693,LAC,4845363,6.0,3.5,1.6
401705693,LAC,5165257,6.0,-1.1,-0.7
401705694,ATL,2990969,25.0,1.9,1.5
401705694,ATL,2991043,20.0,16.1,11.5
401705694,ATL,3907823,21.0,15.3,12.2
401705694,ATL,4277905,32.0,11.7,10.8
401705694,ATL,4279118,6.0,4.1,2.1
401705694,ATL,4279318,5.0,-0.5,-0.7
401705694,ATL,4431680,27.0,1.9,1.3
401705694,ATL,4578893,19.0,6.9,5.7
401705694,ATL,4712863,17.0,7.0,6.1
401705694,ATL,4869342,27.0,11.8,9.1
401705694,ATL,4870562,15.0,0.7,0.0
401705694,ATL,5211175,26.0,7.2,7.1
401705694,NYK,3062679,32.0,21.2,15.7
401705694,NYK,3064230,21.0,3.9,4.1
401705694,NYK,3064447,29.0,9.4,7.1
401705694,NYK,3136195,33.0,25.9,23.6
401705694,NYK,3147657,33.0,17.5,17.7
401705694,NYK,3914044,30.0,6.1,5.0
401705694,NYK,3934719,35.0,22.0,18.1
401705694,NYK,4411057,2.0,0.0,0.0
401705694,NYK,4431679,25.0,2.5,1.3
401705695,DET,2528210,32.0,5.8,4.9
401705695,DET,3032979,30.0,8.6,8.4
401705695,DET,3899664,16.0,2.4,-0.1
401705695,DET,3907822,33.0,3.3,2.1
401705695,DET,4278562,11.0,-0.6,-0.0
401705695,DET,4432107,15.0,5.9,4.0
401705695,DET,4432166,28.0,14.0,12.5
401705695,DET,4432810,34.0,15.8,11.6
401705695,DET,4683771,10.0,4.0,2.3
401705695,DET,4684742,31.0,22.2,19.3
401705695,MEM,3913174,23.0,3.7,2.0
401705695,MEM,4065731,6.0,-2.8,-2.8
401705695,MEM,4066320,38.0,29.7,28.0
401705695,MEM,4277961,35.0,17.8,15.5
401705695,MEM,4431785,29.0,8.3,6.4
401705695,MEM,4433083,5.0,2.7,2.7
401705695,MEM,4593125,24.0,5.3,5.7
401705695,MEM,4600663,29.0,12.2,8.9
401705695,MEM,5105550,11.0,-0.9,-2.1
401705695,MEM,5112087,38.0,4.2,2.9
401705696,MIN,3195,25.0,5.9,5.1
401705696,MIN,3032976,36.0,31.1,24.9
401705696,MIN,3064514,33.0,11.6,11.9
401705696,MIN,3934673,19.0,8.6,6.4
401705696,MIN,4278039,27.0,8.0,8.1
401705696,MIN,4396971,27.0,1.9,-0.4
401705696,MIN,4431671,26.0,-1.3,-1.8
401705696,MIN,4432247,10.0,0.3,-0.3
401705696,MIN,4594268,38.0,28.4,26.8
401705696,PHI,4017844,37.0,17.9,14.8
401705696,PHI,4277890,38.0,15.5,14.7
401705696,PHI,4395695,32.0,11.0,10.5
401705696,PHI,4397014,36.0,18.1,18.5
401705696,PHI,4397204,15.0,5.4,5.0
401705696,PHI,4433147,21.0,7.7,5.8
401705696,PHI,4433626,22.0,1.4,1.3
401705696,PHI,4701234,3.0,0.0,0.0
401705696,PHI,4711297,11.0,3.9,2.3
401705696,PHI,5105637,24.0,7.0,5.5
401705697,MIA,6429,35.0,16.1,15.7
401705697,MIA,2993874,32.0,13.9,11.9
401705697,MIA,3074752,4.0,-1.1,-1.4
401705697,MIA,3157465,31.0,9.2,9.0
401705697,MIA,4066261,43.0,26.1,20.8
401705697,MIA,4278053,39.0,15.0,14.5
401705697,MIA,4291678,23.0,0.7,0.7
401705697,MIA,4601025,39.0,-2.1,-2.1
401705697,MIA,5105623,19.0,5.7,6.1
401705697,MIL,3448,30.0,11.7,11.1
401705697,MIL,2578239,15.0,8.7,8.5
401705697,MIL,2990962,38.0,11.7,6.4
401705697,MIL,3032977,43.0,33.7,28.9
401705697,MIL,3134907,26.0,3.5,2.6
401705697,MIL,4277843,23.0,-1.9,-1.8
401705697,MIL,4397140,40.0,24.2,20.9
401705697,MIL,4397475,34.0,8.8,8.7
401705697,MIL,4432190,3.0,0.7,0.7
401705697,MIL,4591725,14.0,2.5,3.1
401705698,DAL,6475,25.0,8.3,8.0
401705698,DAL,6583,27.0,13.0,11.1
401705698,DAL,2531367,7.0,-1.1,-1.4
401705698,DAL,2580782,33.0,7.0,7.0
401705698,DAL,3138160,26.0,6.5,5.4
401705698,DAL,4278078,30.0,9.4,6.2
401705698,DAL,4278594,33.0,5.5,4.6
401705698,DAL,4431699,21.0,17.9,16.0
401705698,DAL,4432582,22.0,6.7,6.1
401705698,DAL,4683688,15.0,3.5,1.0
401705698,LAC,3416,18.0,5.8,4.7
401705698,LAC,3992,31.0,30.2,28.5
401705698,LAC,4004,7.0,3.6,4.4
401705698,LAC,6450,25.0,26.5,21.3
401705698,LAC,2595516,29.0,0.8,-0.3
401705698,LAC,2991139,20.0,4.9,4.1
401705698,LAC,3037789,22.0,8.2,7.5
401705698,LAC,3907387,12.0,2.8,2.8
401705698,LAC,3914285,7.0,4.1,4.1
401705698,LAC,3936099,17.0,5.0,4.3
401705698,LAC,4017837,28.0,26.4,24.5
401705698,LAC,4396818,7.0,1.9,2.3
401705698,LAC,4431752,7.0,3.9,2.0
401705698,LAC,4845363,7.0,1.2,0.3
401705699,CHA,3986,5.0,1.3,1.7
401705699,CHA,2326307,18.0,9.0,9.5
401705699,CHA,3102530,16.0,13.1,12.2
401705699,CHA,3913220,19.0,6.0,6.8
401705699,CHA,4065663,17.0,6.6,4.6
401705699,CHA,4066383,19.0,0.2,-0.6
401705699,CHA,4397570,12.0,5.8,5.8
401705699,CHA,4433249,23.0,8.3,5.3
401705699,CHA,4683686,22.0,3.0,3.6
401705699,CHA,4683834,32.0,17.9,15.3
401705699,CHA,4701232,31.0,18.5,16.1
401705699,CHA,5211176,26.0,2.1,2.6
401705699,CHI,6478,33.0,14.9,10.7
401705699,CHI,3133635,2.0,-1.0,-1.0
401705699,CHI,4066372,29.0,11.2,11.5
401705699,CHI,4066650,15.0,4.0,4.1
401705699,CHI,4395651,35.0,34.9,33.1
401705699,CHI,4396991,14.0,1.4,1.9
401705699,CHI,4431687,27.0,15.1,12.5
401705699,CHI,4432821,1.0,-0.8,0.0
401705699,CHI,4432872,1.0,3.0,3.0
401705699,CHI,4433133,1.0,0.0,0.0
401705699,CHI,4433159,12.0,-0.8,-0.7
401705699,CHI,4711294,24.0,6.4,6.3
401705699,CHI,4871145,34.0,21.3,18.3
401705699,CHI,5105553,11.0,-1.2,-0.4
401705700,BKN,4431675,22.0,12.4,12.0
401705700,BKN,4431695,26.0,9.5,7.4
401705700,BKN,4432187,36.0,11.8,8.8
401705700,BKN,4432192,20.0,10.5,7.7
401705700,BKN,4432735,28.0,4.1,3.7
401705700,BKN,4432887,32.0,2.0,1.2
401705700,BKN,4433137,24.0,10.0,5.8
401705700,BKN,4597865,25.0,11.8,10.2
401705700,BKN,4684286,27.0,9.9,8.1
401705700,TOR,4067017,22.0,7.8,6.3
401705700,TOR,4395625,29.0,6.8,5.2
401705700,TOR,4397018,30.0,7.1,5.7
401705700,TOR,4397119,17.0,7.6,6.8
401705700,TOR,4397134,24.0,9.1,6.4
401705700,TOR,4431893,19.0,10.6,8.4
401705700,TOR,4432241,29.0,10.9,7.9
401705700,TOR,4593049,22.0,10.5,11.0
401705700,TOR,4684272,18.0,7.8,5.4
401705700,TOR,5107897,30.0,24.3,18.8
401705701,LAL,1966,34.0,17.0,15.7
401705701,LAL,2578185,30.0,13.8,12.5
401705701,LAL,3137259,26.0,10.5,10.8
401705701,LAL,3945274,37.0,25.9,22.9
401705701,LAL,4066457,34.0,13.3,11.4
401705701,LAL,4066648,32.0,7.7,6.7
401705701,LAL,4278077,15.0,3.2,1.3
401705701,LAL,4278402,9.0,3.3,2.1
401705701,LAL,4397077,13.0,3.3,2.9
401705701,LAL,4431778,2.0,0.3,0.0
401705701,LAL,4683774,2.0,3.0,2.7
401705701,LAL,4897943,5.0,2.3,2.7
401705701,OKC,2991350,17.0,5.9,4.0
401705701,OKC,3133626,12.0,2.9,0.9
401705701,OKC,4222252,25.0,8.2,7.2
401705701,OKC,4278073,30.0,22.2,20.0
401705701,OKC,4395702,20.0,4.0,4.0
401705701,OKC,4397020,27.0,4.7,5.3
401705701,OKC,4397183,21.0,0.6,-0.2
401705701,OKC,4433255,25.0,8.1,8.1
401705701,OKC,4593803,28.0,14.3,10.2
401705701,OKC,4683692,28.0,2.8,2.7
401705701,OKC,4702159,6.0,1.8,1.5
401705702,ATL,2990969,19.0,3.6,4.1
401705702,ATL,2991043,28.0,18.3,16.5
401705702,ATL,3907823,26.0,10.1,9.8
401705702,ATL,4277905,37.0,24.9,22.8
401705702,ATL,4431680,37.0,24.4,22.1
401705702,ATL,4578893,24.0,20.0,19.1
401705702,ATL,4712863,10.0,9.0,8.1
401705702,ATL,4869342,36.0,17.8,13.8
401705702,ATL,5211175,22.0,10.4,11.4
401705702,UTA,3133602,19.0,7.0,7.1
401705702,UTA,4066399,10.0,-0.2,-0.7
401705702,UTA,4277811,37.0,25.7,23.6
401705702,UTA,4432164,16.0,9.6,8.5
401705702,UTA,4432817,35.0,12.8,10.0
401705702,UTA,4433627,34.0,24.4,23.0
401705702,UTA,4683766,35.0,15.4,13.6
401705702,UTA,4684793,24.0,11.2,7.8
401705702,UTA,5105839,29.0,11.9,11.8
401705703,BOS,3213,28.0,9.8,7.4
401705703,BOS,3995,30.0,12.1,11.9
401705703,BOS,2528693,16.0,8.8,5.5
401705703,BOS,3064560,26.0,18.2,17.1
401705703,BOS,3078576,26.0,14.1,13.2
401705703,BOS,3917376,22.0,13.4,12.8
401705703,BOS,4065804,22.0,15.9,13.8
401705703,BOS,4066354,30.0,18.3,15.2
401705703,BOS,4277964,7.0,-0.7,-1.7
401705703,BOS,4397424,7.0,7.1,5.8
401705703,BOS,4593841,21.0,1.8,1.4
401705703,BOS,4683689,7.0,-0.4,-1.0
401705703,WAS,2581184,22.0,5.5,4.3
401705703,WAS,4277956,26.0,9.5,10.4
401705703,WAS,4432907,37.0,15.3,11.6
401705703,WAS,4433378,26.0,9.0,4.7
401705703,WAS,4702233,22.0,1.5,1.3
401705703,WAS,4845374,41.0,9.8,9.0
401705703,WAS,5160992,32.0,7.0,5.7
401705703,WAS,5170947,34.0,7.2,8.4
401705704,CLE,3908809,33.0,13.6,11.3
401705704,CLE,3912848,3.0,2.0,2.0
401705704,CLE,4065732,22.0,8.5,5.3
401705704,CLE,4065733,23.0,15.5,13.6
401705704,CLE,4065778,29.0,14.7,15.0
401705704,CLE,4066328,31.0,12.6,13.3
401705704,CLE,4066757,16.0,-1.6,-1.4
401705704,CLE,4396907,32.0,5.3,3.4
401705704,CLE,4432158,33.0,17.5,11.7
401705704,CLE,4432822,18.0,8.8,7.2
401705704,SAC,3978,40.0,24.6,23.5
401705704,SAC,6477,5.0,2.3,1.7
401705704,SAC,3064440,42.0,26.8,27.7
401705704,SAC,3136196,40.0,7.5,4.2
401705704,SAC,3155942,40.0,23.5,20.9
401705704,SAC,4066262,20.0,3.2,0.9
401705704,SAC,4433188,7.0,0.3,-1.0
401705704,SAC,4702177,40.0,15.7,10.5
401705704,SAC,5107818,6.0,-0.4,-0.7
401705705,POR,3907498,21.0,4.0,3.0
401705705,POR,4278111,14.0,4.0,2.7
401705705,POR,4397885,32.0,16.0,14.7
401705705,POR,4431736,34.0,17.2,16.1
401705705,POR,4432446,21.0,8.3,7.4
401705705,POR,4594326,33.0,17.0,15.6
401705705,POR,4914336,34.0,11.3,8.5
401705705,POR,5099752,24.0,5.9,3.0
401705705,POR,5105565,27.0,12.8,9.2
401705705,SAS,2779,29.0,8.8,8.9
401705705,SAS,6427,20.0,4.9,4.4
401705705,SAS,6578,33.0,16.5,14.5
401705705,SAS,3134916,10.0,7.5,6.2
401705705,SAS,4278580,13.0,-1.5,-0.7
401705705,SAS,4395630,32.0,14.7,11.4
401705705,SAS,4395723,21.0,-1.6,-3.5
401705705,SAS,4565201,23.0,11.0,10.8
401705705,SAS,4592479,20.0,4.1,3.6
401705705,SAS,4683935,10.0,0.5,-2.4
401705705,SAS,4845367,31.0,14.3,13.0
401705706,NYK,3062679,38.0,6.7,3.4
401705706,NYK,3064230,14.0,3.7,3.8
401705706,NYK,3136195,36.0,17.2,13.4
401705706,NYK,3147657,39.0,18.3,16.2
401705706,NYK,3914044,14.0,2.6,2.7
401705706,NYK,3934672,34.0,11.1,10.3
401705706,NYK,3934719,36.0,26.4,26.8
401705706,NYK,4351852,13.0,2.2,1.4
401705706,NYK,4431823,16.0,7.6,6.4
401705706,PHX,6580,34.0,8.9,5.2
401705706,PHX,2583632,20.0,2.1,2.7
401705706,PHX,3135045,22.0,7.6,6.2
401705706,PHX,3135046,20.0,4.9,3.0
401705706,PHX,3136193,40.0,25.6,25.9
401705706,PHX,3138161,3.0,-0.7,-0.7
401705706,PHX,4278076,25.0,5.5,4.4
401705706,PHX,4278585,18.0,3.2,0.0
401705706,PHX,4601023,23.0,10.2,10.3
401705706,PHX,4888725,34.0,3.5,3.5
401705707,NOP,2490149,23.0,5.0,6.0
401705707,NOP,4065670,14.0,-4.0,-4.7
401705707,NOP,4277869,25.0,10.6,7.4
401705707,NOP,4277919,26.0,4.1,2.4
401705707,NOP,4278572,4.0,0.0,0.0
401705707,NOP,4395628,28.0,16.2,15.5
401705707,NOP,4397688,34.0,11.1,10.7
401705707,NOP,4432813,26.0,11.2,10.1
401705707,NOP,4592686,10.0,1.2,0.6
401705707,NOP,4683750,24.0,7.7,7.7
401705707,NOP,4997538,26.0,5.5,4.8
401705707,ORL,6446,30.0,11.2,10.8
401705707,ORL,2581018,32.0,11.1,9.8
401705707,ORL,4065654,15.0,9.1,7.2
401705707,ORL,4277847,27.0,6.2,5.4
401705707,ORL,4348700,5.0,0.3,1.1
401705707,ORL,4409222,1.0,-1.0,-1.0
401705707,ORL,4432573,34.0,33.2,26.7
401705707,ORL,4433623,15.0,1.8,2.7
401705707,ORL,4566434,35.0,22.6,21.0
401705707,ORL,4702382,17.0,0.5,-0.4
401705707,ORL,4712849,18.0,6.0,4.4
401705707,ORL,5105806,11.0,-2.2,-2.1
401705708,DEN,3442,9.0,1.8,0.6
401705708,DEN,3468,24.0,12.7,12.8
401705708,DEN,3064290,34.0,3.2,2.7
401705708,DEN,3112335,39.0,38.2,31.9
401705708,DEN,4278104,39.0,9.1,8.8
401705708,DEN,4398390,24.0,1.6,2.4
401705708,DEN,4431767,39.0,28.0,27.1
401705708,DEN,4432181,11.0,3.8,3.0
401705708,DEN,4576087,22.0,2.0,-0.4
401705708,IND,2530530,19.0,11.4,10.2
401705708,IND,3133628,31.0,19.0,16.7
401705708,IND,3934723,15.0,4.7,3.0
401705708,IND,4065673,2.0,-0.4,0.0
401705708,IND,4278355,26.0,14.5,13.7
401705708,IND,4395712,33.0,18.2,16.9
401705708,IND,4396909,30.0,17.9,13.4
401705708,IND,4396993,35.0,12.8,10.6
401705708,IND,4683634,21.0,4.8,2.7
401705708,IND,5106060,21.0,12.2,9.8
401705708,IND,5157066,7.0,0.9,0.7
401705709,GSW,3975,33.0,-1.4,-2.0
401705709,GSW,6430,33.0,15.0,12.2
401705709,GSW,6589,27.0,-2.6,-0.9
401705709,GSW,2990984,25.0,14.6,13.4
401705709,GSW,3134903,20.0,15.3,12.5
401705709,GSW,3155535,22.0,7.2,4.1
401705709,GSW,4278075,2.0,0.3,0.0
401705709,GSW,4431684,2.0,3.4,3.4
401705709,GSW,4432171,14.0,0.6,-1.6
401705709,GSW,4433247,19.0,6.1,4.1
401705709,GSW,4592714,2.0,1.7,0.7
401705709,GSW,4593016,7.0,0.9,0.9
401705709,GSW,4709138,31.0,13.6,10.8
401705709,GSW,4997536,4.0,-1.0,-1.0
401705709,HOU,2991230,36.0,0.3,-2.9
401705709,HOU,2991235,17.0,5.9,3.1
401705709,HOU,3136777,1.0,0.0,0.0
401705709,HOU,3155526,29.0,20.4,19.9
401705709,HOU,3922230,11.0,1.9,1.7
401705709,HOU,4397821,1.0,0.0,0.0
401705709,HOU,4432639,27.0,12.6,11.6
401705709,HOU,4433192,20.0,4.6,1.7
401705709,HOU,4437244,34.0,13.8,11.0
401705709,HOU,4684740,29.0,16.0,12.3
401705709,HOU,4711272,1.0,-0.7,-0.7
401705709,HOU,4871144,33.0,15.3,12.6
401705709,HOU,5105592,1.0,-1.0,-1.0
401705710,DET,2528210,35.0,10.3,10.3
401705710,DET,3032979,32.0,2.7,2.9
401705710,DET,3899664,8.0,1.3,0.0
401705710,DET,3907822,30.0,6.0,6.1
401705710,DET,4432107,10.0,7.3,8.5
401705710,DET,4432166,33.0,26.3,24.5
401705710,DET,4432810,28.0,11.4,9.1
401705710,DET,4433621,20.0,11.8,10.3
401705710,DET,4683771,15.0,5.2,4.1
401705710,DET,4684742,29.0,15.9,13.6
401705710,SAC,3978,37.0,24.1,23.7
401705710,SAC,6477,13.0,12.5,11.2
401705710,SAC,2528588,3.0,0.3,0.0
401705710,SAC,3064440,45.0,31.5,31.2
401705710,SAC,3136196,38.0,4.2,3.3
401705710,SAC,3155942,35.0,24.3,21.9
401705710,SAC,4066262,6.0,-0.4,0.0
401705710,SAC,4433188,22.0,3.5,3.0
401705710,SAC,4702177,37.0,5.4,2.4
401705710,SAC,5107818,4.0,0.3,0.0
401705711,MIA,6429,15.0,3.9,4.7
401705711,MIA,2993874,25.0,12.4,9.3
401705711,MIA,3157465,26.0,19.8,18.9
401705711,MIA,4278053,36.0,12.2,11.6
401705711,MIA,4291678,29.0,3.1,3.6
401705711,MIA,4395725,33.0,9.5,7.4
401705711,MIA,4431786,1.0,-0.4,0.0
401705711,MIA,4432168,1.0,-0.7,-0.7
401705711,MIA,4432848,15.0,5.9,3.7
401705711,MIA,4601025,26.0,13.5,10.0
401705711,MIA,5105623,35.0,19.6,14.8
401705711,PHI,3012,20.0,2.9,3.0
401705711,PHI,4277812,6.0,0.8,0.6
401705711,PHI,4277890,40.0,18.5,19.4
401705711,PHI,4395695,25.0,13.0,7.8
401705711,PHI,4397014,38.0,18.5,16.6
401705711,PHI,4397204,13.0,7.4,6.5
401705711,PHI,4433147,23.0,4.1,1.6
401705711,PHI,4433626,20.0,-0.5,-0.7
401705711,PHI,4701234,19.0,1.5,0.9
401705711,PHI,5105637,35.0,13.5,10.5
401705712,CHA,3986,14.0,4.2,3.8
401705712,CHA,2326307,19.0,5.3,5.3
401705712,CHA,3913220,34.0,3.1,2.0
401705712,CHA,4065663,18.0,8.2,8.3
401705712,CHA,4066383,30.0,7.3,5.6
401705712,CHA,4397570,18.0,8.0,7.4
401705712,CHA,4433249,17.0,10.5,9.9
401705712,CHA,4683686,14.0,5.6,5.4
401705712,CHA,4683834,15.0,3.1,3.3
401705712,CHA,4701232,31.0,2.7,0.7
401705712,CHA,5211176,29.0,9.7,7.8
401705712,MEM,3134932,11.0,3.4,1.4
401705712,MEM,3913174,16.0,-1.2,-0.7
401705712,MEM,4065731,7.0,2.0,2.0
401705712,MEM,4066320,25.0,15.5,14.8
401705712,MEM,4066405,5.0,1.6,2.0
401705712,MEM,4277848,2.0,-0.7,-0.7
401705712,MEM,4277961,27.0,10.0,8.3
401705712,MEM,4279888,27.0,25.9,25.0
401705712,MEM,4397227,17.0,5.6,4.7
401705712,MEM,4431785,23.0,8.6,7.7
401705712,MEM,4433083,8.0,-0.1,0.7
401705712,MEM,4593125,25.0,9.2,6.7
401705712,MEM,4600663,31.0,18.3,11.6
401705712,MEM,5105550,5.0,3.5,1.9
401705712,MEM,5112087,11.0,3.7,1.6
401705713,CHI,3133635,34.0,6.1,2.2
401705713,CHI,4066650,24.0,5.8,4.6
401705713,CHI,4396991,30.0,13.0,12.8
401705713,CHI,4397189,32.0,12.1,8.0
401705713,CHI,4431687,26.0,17.1,15.6
401705713,CHI,4432821,10.0,6.1,5.8
401705713,CHI,4432872,4.0,1.0,1.4
401705713,CHI,4433133,10.0,4.1,3.8
401705713,CHI,4433159,24.0,3.6,3.3
401705713,CHI,4711294,27.0,16.1,12.7
401705713,CHI,5105553,19.0,4.6,4.4
401705713,CLE,2596112,3.0,0.6,0.0
401705713,CLE,3912848,21.0,8.1,7.4
401705713,CLE,4065732,27.0,13.8,9.9
401705713,CLE,4065733,21.0,13.4,14.6
401705713,CLE,4065778,25.0,7.4,7.1
401705713,CLE,4066328,29.0,16.8,11.9
401705713,CLE,4066757,22.0,11.0,7.8
401705713,CLE,4278052,3.0,1.0,1.0
401705713,CLE,4396907,29.0,24.2,23.3
401705713,CLE,4432158,29.0,20.8,16.7
401705713,CLE,4432822,20.0,0.4,-0.4
401705713,CLE,4433620,3.0,3.4,3.4
401705713,CLE,4683747,3.0,3.3,3.7
401705713,CLE,4997539,3.0,0.7,0.7
401705714,IND,2530530,17.0,-1.6,-1.4
401705714,IND,3133628,35.0,12.4,6.8
401705714,IND,3149673,34.0,23.8,20.7
401705714,IND,3934723,4.0,0.6,1.0
401705714,IND,4278355,20.0,9.6,8.2
401705714,IND,4395712,31.0,3.4,1.7
401705714,IND,4396909,29.0,4.9,3.3
401705714,IND,4396993,31.0,20.0,18.7
401705714,IND,4683634,27.0,12.0,12.3
401705714,IND,5106060,5.0,-1.9,-1.4
401705714,IND,5157066,7.0,1.6,0.0
401705714,WAS,2581184,7.0,1.6,1.4
401705714,WAS,4277956,19.0,11.2,12.8
401705714,WAS,4432907,35.0,18.4,16.9
401705714,WAS,4433378,32.0,0.5,-0.7
401705714,WAS,4702233,25.0,8.3,5.3
401705714,WAS,4845374,43.0,1.0,0.7
401705714,WAS,5160992,32.0,18.6,14.6
401705714,WAS,5170947,25.0,0.6,2.3
401705714,WAS,5174563,23.0,6.3,5.3
401705715,ATL,2990969,20.0,1.4,1.6
401705715,ATL,2991043,30.0,5.9,5.6
401705715,ATL,3907823,30.0,-0.8,-1.6
401705715,ATL,4277905,37.0,21.7,21.6
401705715,ATL,4431680,40.0,30.9,27.4
401705715,ATL,4578893,15.0,1.4,1.0
401705715,ATL,4712863,18.0,7.1,4.7
401705715,ATL,4869342,34.0,11.0,8.5
401705715,ATL,4870562,1.0,0.0,0.0
401705715,ATL,5211175,16.0,4.4,5.3
401705715,ORL,6446,26.0,7.8,5.4
401705715,ORL,2581018,33.0,15.3,11.4
401705715,ORL,2999547,8.0,3.0,3.4
401705715,ORL,4065654,11.0,3.1,4.0
401705715,ORL,4277847,37.0,21.7,13.2
401705715,ORL,4432573,37.0,21.7,19.6
401705715,ORL,4432809,10.0,1.5,2.0
401705715,ORL,4433623,17.0,6.3,6.4
401705715,ORL,4566434,40.0,17.5,14.1
401705715,ORL,4712849,21.0,5.5,5.7
401705716,BKN,4278067,17.0,16.2,12.6
401705716,BKN,4431675,23.0,19.8,19.7
401705716,BKN,4431695,29.0,12.2,10.7
401705716,BKN,4431714,21.0,6.8,6.0
401705716,BKN,4432187,31.0,7.7,5.3
401705716,BKN,4432735,25.0,11.5,10.1
401705716,BKN,4432887,26.0,3.7,4.6
401705716,BKN,4433137,17.0,7.4,5.6
401705716,BKN,4597865,24.0,9.9,7.0
401705716,BKN,4684286,28.0,5.3,4.0
401705716,NOP,2489663,22.0,6.4,6.9
401705716,NOP,2583639,23.0,9.0,5.2
401705716,NOP,4065670,20.0,7.3,6.4
401705716,NOP,4277869,23.0,10.5,8.3
401705716,NOP,4278572,16.0,13.1,10.9
401705716,NOP,4431689,23.0,11.4,10.4
401705716,NOP,4431720,20.0,-0.3,0.3
401705716,NOP,4432813,18.0,4.8,1.7
401705716,NOP,4592686,30.0,12.1,10.3
401705716,NOP,4997538,26.0,12.2,9.8
401705716,NOP,5061589,19.0,7.3,6.7
401705717,BOS,3995,37.0,14.8,13.1
401705717,BOS,3064560,19.0,0.8,0.7
401705717,BOS,3078576,43.0,14.1,12.3
401705717,BOS,3102531,39.0,26.1,24.4
401705717,BOS,3917376,22.0,-0.8,-1.1
401705717,BOS,4065648,48.0,24.7,21.7
401705717,BOS,4065804,28.0,6.0,3.7
401705717,BOS,4066354,30.0,8.6,6.8
401705717,NYK,3062679,48.0,11.2,8.5
401705717,NYK,3064230,14.0,1.5,2.7
401705717,NYK,3136195,43.0,30.6,26.9
401705717,NYK,3147657,38.0,7.4,7.4
401705717,NYK,3914044,7.0,2.6,2.0
401705717,NYK,3934672,38.0,21.2,21.3
401705717,NYK,3934719,41.0,8.4,3.5
401705717,NYK,4351852,16.0,9.5,6.2
401705717,NYK,4431823,21.0,5.5,5.1
401705718,MIL,3448,28.0,3.8,4.0
401705718,MIL,2990962,25.0,2.2,1.6
401705718,MIL,3032977,38.0,27.1,22.4
401705718,MIL,3064482,29.0,17.1,13.1
401705718,MIL,3134907,25.0,3.8,3.7
401705718,MIL,4277843,25.0,5.2,5.0
401705718,MIL,4397140,25.0,23.4,19.7
401705718,MIL,4397475,23.0,5.7,5.7
401705718,MIL,4591725,23.0,4.7,4.8
401705718,MIN,3195,28.0,5.3,4.4
401705718,MIN,3032976,34.0,7.7,6.2
401705718,MIN,3064514,35.0,5.7,4.5
401705718,MIN,3934673,28.0,15.2,15.8
401705718,MIN,4278039,16.0,2.2,2.0
401705718,MIN,4396971,26.0,15.7,14.2
401705718,MIN,4431671,30.0,10.3,8.8
401705718,MIN,4432247,4.0,0.3,0.7
401705718,MIN,4594268,39.0,13.5,11.6
401705719,LAL,1966,35.0,16.3,13.6
401705719,LAL,2578185,32.0,10.3,9.4
401705719,LAL,3137259,25.0,2.5,2.3
401705719,LAL,3915195,2.0,0.3,0.0
401705719,LAL,3945274,31.0,16.6,15.4
401705719,LAL,4066457,38.0,16.2,16.6
401705719,LAL,4278077,20.0,9.6,8.2
401705719,LAL,4278402,13.0,3.8,3.0
401705719,LAL,4395623,2.0,2.4,2.4
401705719,LAL,4397077,27.0,8.6,6.8
401705719,LAL,4431778,2.0,2.3,2.0
401705719,LAL,4897943,14.0,1.5,0.6
401705719,OKC,2991350,19.0,9.4,7.1
401705719,OKC,3133626,9.0,2.3,2.7
401705719,OKC,4222252,29.0,14.6,10.7
401705719,OKC,4278073,37.0,32.7,32.5
401705719,OKC,4395702,12.0,3.7,3.4
401705719,OKC,4397020,31.0,14.4,13.0
401705719,OKC,4397183,13.0,1.4,1.0
401705719,OKC,4397654,2.0,-0.7,-0.7
401705719,OKC,4433255,25.0,9.8,8.0
401705719,OKC,4592435,2.0,-0.7,-0.7
401705719,OKC,4593803,35.0,18.7,19.6
401705719,OKC,4683692,27.0,9.5,7.7
401705719,OKC,4702159,2.0,0.0,0.0
401705720,GSW,3975,26.0,23.7,19.6
401705720,GSW,6430,20.0,12.7,10.4
401705720,GSW,6589,20.0,4.6,2.4
401705720,GSW,2990984,21.0,4.5,4.0
401705720,GSW,3155535,14.0,2.1,1.0
401705720,GSW,4066240,7.0,0.5,-1.5
401705720,GSW,4066889,9.0,8.8,7.8
401705720,GSW,4278075,9.0,7.9,8.0
401705720,GSW,4431684,19.0,12.8,11.4
401705720,GSW,4432171,18.0,4.9,2.0
401705720,GSW,4433247,21.0,6.3,6.8
401705720,GSW,4592714,12.0,7.8,7.2
401705720,GSW,4709138,22.0,19.0,17.2
401705720,GSW,4997536,21.0,11.4,7.2
401705720,PHX,6580,26.0,3.2,2.4
401705720,PHX,2488653,12.0,3.4,4.4
401705720,PHX,2583632,18.0,-0.9,-1.1
401705720,PHX,2595209,9.0,3.9,3.7
401705720,PHX,3059310,7.0,6.1,5.5
401705720,PHX,3135045,18.0,7.5,7.3
401705720,PHX,3135046,16.0,2.3,1.0
401705720,PHX,3136193,30.0,11.7,10.4
401705720,PHX,3138161,15.0,6.3,4.7
401705720,PHX,4278076,20.0,3.3,1.0
401705720,PHX,4278585,24.0,6.2,3.7
401705720,PHX,4601023,21.0,5.3,2.4
401705720,PHX,4888725,25.0,9.4,6.7
401705721,LAC,3416,21.0,5.5,4.7
401705721,LAC,3992,38.0,19.6,18.0
401705721,LAC,2595516,41.0,15.1,14.3
401705721,LAC,2991139,28.0,7.2,4.7
401705721,LAC,3037789,26.0,16.1,15.5
401705721,LAC,3907387,15.0,0.0,-0.3
401705721,LAC,3914285,3.0,-0.4,-1.0
401705721,LAC,3936099,26.0,13.0,12.8
401705721,LAC,4017837,39.0,27.4,23.6
401705721,LAC,4396818,1.0,-2.0,-2.0
401705721,LAC,4431752,1.0,0.0,0.0
401705721,LAC,4845363,1.0,0.0,0.0
401705721,LAC,5165257,1.0,0.0,0.0
401705721,SAS,2779,25.0,2.5,2.7
401705721,SAS,6427,21.0,4.2,4.0
401705721,SAS,6578,31.0,23.4,18.9
401705721,SAS,3134916,4.0,7.8,6.8
401705721,SAS,4278580,23.0,2.5,3.0
401705721,SAS,4395630,25.0,2.5,0.6
401705721,SAS,4395723,22.0,10.3,9.2
401705721,SAS,4397107,4.0,3.4,3.4
401705721,SAS,4433618,4.0,1.7,0.4
401705721,SAS,4565201,4.0,7.1,7.1
401705721,SAS,4592479,21.0,2.0,0.5
401705721,SAS,4683935,23.0,10.8,10.3
401705721,SAS,4845367,32.0,17.0,16.1
401705722,BOS,2528693,28.0,-2.4,-5.1
401705722,BOS,3064560,25.0,11.7,10.2
401705722,BOS,4065804,25.0,3.8,2.9
401705722,BOS,4066354,35.0,11.3,9.9
401705722,BOS,4277964,7.0,1.6,1.7
401705722,BOS,4397104,19.0,6.3,4.0
401705722,BOS,4397424,25.0,10.3,8.5
401705722,BOS,4397689,13.0,0.8,0.3
401705722,BOS,4576085,17.0,-2.2,-3.1
401705722,BOS,4593841,35.0,9.8,7.7
401705722,BOS,4683689,9.0,-0.4,-0.7
401705722,ORL,6446,19.0,3.0,2.7
401705722,ORL,2581018,7.0,-1.1,-1.7
401705722,ORL,2999547,13.0,4.7,4.7
401705722,ORL,4277847,22.0,3.1,2.4
401705722,ORL,4348700,21.0,5.8,5.8
401705722,ORL,4409222,6.0,-0.2,-0.8
401705722,ORL,4432573,29.0,9.9,9.7
401705722,ORL,4432809,22.0,14.8,13.1
401705722,ORL,4433623,26.0,6.8,4.8
401705722,ORL,4566434,26.0,19.9,15.8
401705722,ORL,4702382,12.0,4.0,3.7
401705722,ORL,4712849,33.0,4.1,0.6
401705722,ORL,5105806,6.0,0.6,0.0
401705723,PHI,4066786,29.0,28.5,24.2
401705723,PHI,4277812,11.0,4.6,1.6
401705723,PHI,4277890,29.0,12.0,12.2
401705723,PHI,4395695,29.0,8.0,7.4
401705723,PHI,4397014,30.0,15.6,10.2
401705723,PHI,4397204,28.0,6.7,5.2
401705723,PHI,4433147,27.0,1.5,1.6
401705723,PHI,4701234,25.0,8.8,7.0
401705723,PHI,5105637,32.0,13.5,11.1
401705723,WAS,4432907,38.0,12.6,9.8
401705723,WAS,4433378,32.0,13.6,10.8
401705723,WAS,4684737,30.0,7.4,4.0
401705723,WAS,4702233,4.0,0.3,0.0
401705723,WAS,4845374,26.0,9.6,9.6
401705723,WAS,4997537,24.0,13.9,14.3
401705723,WAS,5160992,25.0,7.4,5.3
401705723,WAS,5170947,36.0,1.0,1.8
401705723,WAS,5174563,25.0,7.0,6.6
401705724,CHA,3986,18.0,1.4,-0.4
401705724,CHA,3102530,26.0,18.6,18.2
401705724,CHA,3913220,24.0,4.5,3.4
401705724,CHA,4397570,24.0,2.9,0.6
401705724,CHA,4431766,21.0,0.2,-0.7
401705724,CHA,4592187,26.0,4.3,2.7
401705724,CHA,4683686,37.0,28.5,27.1
401705724,CHA,4683834,33.0,1.8,-0.4
401705724,CHA,5211176,31.0,2.9,1.9
401705724,TOR,4023,9.0,9.1,7.1
401705724,TOR,4067017,28.0,17.0,15.2
401705724,TOR,4395625,14.0,6.9,5.6
401705724,TOR,4395724,14.0,6.3,6.4
401705724,TOR,4397119,30.0,21.3,20.3
401705724,TOR,4397134,26.0,5.6,4.7
401705724,TOR,4431893,27.0,5.2,5.3
401705724,TOR,4433134,20.0,17.0,13.9
401705724,TOR,4593049,34.0,7.9,7.8
401705724,TOR,5107897,38.0,19.1,14.4
401705725,DAL,6475,28.0,2.5,1.9
401705725,DAL,6583,33.0,9.3,6.7
401705725,DAL,2531367,2.0,0.3,0.0
401705725,DAL,2580782,29.0,6.4,5.5
401705725,DAL,3138160,21.0,6.2,5.7
401705725,DAL,4278049,15.0,12.3,10.9
401705725,DAL,4278078,33.0,8.1,4.6
401705725,DAL,4278594,36.0,21.4,20.7
401705725,DAL,4432582,28.0,9.4,6.4
401705725,DAL,4683688,15.0,3.9,4.1
401705725,LAL,1966,36.0,20.2,18.5
401705725,LAL,2578185,33.0,7.8,6.5
401705725,LAL,3137259,17.0,-0.8,-1.1
401705725,LAL,3945274,38.0,37.0,32.5
401705725,LAL,4066457,38.0,8.2,7.8
401705725,LAL,4066648,38.0,11.2,10.4
401705725,LAL,4278077,13.0,4.2,1.7
401705725,LAL,4278402,9.0,0.9,-1.0
401705725,LAL,4395623,2.0,0.0,0.0
401705725,LAL,4397077,14.0,4.8,3.0
401705725,LAL,4683774,2.0,0.3,0.7
401705725,LAL,4897943,2.0,1.7,1.7
401705726,CHI,6478,35.0,24.3,20.9
401705726,CHI,4066372,37.0,18.7,18.0
401705726,CHI,4066650,13.0,-0.6,-2.1
401705726,CHI,4395651,36.0,10.0,9.0
401705726,CHI,4396991,8.0,-0.5,0.3
401705726,CHI,4431687,14.0,1.0,0.0
401705726,CHI,4433159,16.0,6.7,5.8
401705726,CHI,4711294,34.0,14.3,11.4
401705726,CHI,4871145,40.0,31.7,24.2
401705726,CHI,5105553,7.0,1.7,1.7
401705726,MIA,6429,16.0,5.8,3.6
401705726,MIA,2993874,22.0,3.3,2.4
401705726,MIA,3059319,27.0,11.5,9.7
401705726,MIA,3157465,18.0,-2.1,-3.4
401705726,MIA,4066261,35.0,12.6,10.2
401705726,MIA,4278053,36.0,21.4,17.3
401705726,MIA,4291678,25.0,8.3,7.2
401705726,MIA,4395725,36.0,19.4,17.5
401705726,MIA,5105623,25.0,13.4,11.6
401705727,MIL,3448,23.0,-0.4,-1.4
401705727,MIL,2578239,8.0,2.9,3.3
401705727,MIL,2990962,22.0,5.8,5.4
401705727,MIL,3032977,26.0,26.4,23.4
401705727,MIL,3064482,22.0,10.6,8.0
401705727,MIL,3134907,28.0,12.7,11.5
401705727,MIL,4277843,24.0,15.8,13.8
401705727,MIL,4279532,5.0,2.6,1.7
401705727,MIL,4280245,6.0,1.3,0.4
401705727,MIL,4397140,23.0,24.5,19.5
401705727,MIL,4397475,20.0,2.8,1.7
401705727,MIL,4432190,7.0,4.6,4.3
401705727,MIL,4433622,6.0,2.5,2.0
401705727,MIL,4591725,19.0,9.1,7.8
401705727,NOP,2583639,26.0,9.3,7.1
401705727,NOP,3950760,23.0,1.4,1.8
401705727,NOP,4278572,27.0,14.0,12.3
401705727,NOP,4431689,32.0,13.7,13.3
401705727,NOP,4431720,32.0,9.5,9.3
401705727,NOP,4432813,34.0,13.8,12.0
401705727,NOP,4592686,37.0,10.8,7.8
401705727,NOP,4997538,30.0,10.8,8.7
401705728,POR,3907498,38.0,14.0,12.0
401705728,POR,4278111,6.0,0.6,-0.7
401705728,POR,4397885,35.0,3.9,2.8
401705728,POR,4431736,33.0,12.5,9.3
401705728,POR,4432446,33.0,7.2,6.7
401705728,POR,4594326,22.0,7.4,4.8
401705728,POR,4914336,35.0,27.1,24.0
401705728,POR,5099752,35.0,10.9,8.9
401705728,POR,5105565,27.0,13.9,13.7
401705728,UTA,3133602,23.0,8.6,6.8
401705728,UTA,4066399,27.0,2.0,-0.3
401705728,UTA,4277811,20.0,8.9,8.1
401705728,UTA,4432164,39.0,3.6,4.4
401705728,UTA,4432817,33.0,12.4,8.7
401705728,UTA,4432827,19.0,13.8,14.1
401705728,UTA,4433627,34.0,8.0,6.4
401705728,UTA,4684793,34.0,30.8,24.5
401705728,UTA,5105839,36.0,19.2,16.2
401705729,GSW,3975,37.0,24.3,20.5
401705729,GSW,6430,38.0,31.5,29.3
401705729,GSW,6589,33.0,16.9,14.0
401705729,GSW,2990984,26.0,5.2,5.9
401705729,GSW,3155535,12.0,4.6,4.1
401705729,GSW,4431684,3.0,-0.1,0.4
401705729,GSW,4432171,31.0,4.4,2.3
401705729,GSW,4433247,18.0,6.8,7.0
401705729,GSW,4709138,33.0,2.5,2.7
401705729,GSW,4997536,8.0,-0.9,-1.5
401705729,SAS,2779,29.0,10.9,9.9
401705729,SAS,6427,11.0,-1.9,-2.7
401705729,SAS,6578,36.0,17.1,16.5
401705729,SAS,4278580,23.0,10.5,8.7
401705729,SAS,4395630,28.0,7.1,5.7
401705729,SAS,4395723,31.0,16.1,14.8
401705729,SAS,4592479,29.0,11.5,10.1
401705729,SAS,4683935,19.0,4.3,4.1
401705729,SAS,4845367,35.0,16.4,14.7
401705730,OKC,2991350,27.0,22.8,17.5
401705730,OKC,3133626,31.0,12.3,12.2
401705730,OKC,4395702,30.0,3.4,2.0
401705730,OKC,4397183,33.0,10.6,9.5
401705730,OKC,4397654,8.0,0.9,1.0
401705730,OKC,4432823,24.0,9.5,8.1
401705730,OKC,4433255,30.0,21.0,18.7
401705730,OKC,4592435,2.0,0.0,0.0
401705730,OKC,4593803,36.0,27.5,23.9
401705730,OKC,4702159,20.0,1.6,0.7
401705730,PHX,6580,39.0,17.6,17.1
401705730,PHX,2488653,24.0,5.4,3.9
401705730,PHX,2583632,19.0,9.0,7.4
401705730,PHX,2595209,2.0,1.3,1.0
401705730,PHX,3135045,23.0,-0.7,-2.0
401705730,PHX,3135046,15.0,8.9,7.4
401705730,PHX,3136193,40.0,16.6,16.0
401705730,PHX,4278585,23.0,20.1,16.6
401705730,PHX,4432946,2.0,-0.7,-0.7
401705730,PHX,4601023,24.0,5.3,4.4
401705730,PHX,4683749,2.0,1.7,1.7
401705730,PHX,4888725,27.0,10.0,7.7
401705731,DEN,3442,10.0,8.3,6.0
401705731,DEN,3468,17.0,0.1,-0.7
401705731,DEN,3064290,35.0,17.6,17.3
401705731,DEN,3112335,38.0,28.3,22.4
401705731,DEN,4278104,35.0,17.1,15.7
401705731,DEN,4398390,31.0,15.7,14.8
401705731,DEN,4431767,37.0,22.7,21.2
401705731,DEN,4432181,11.0,0.9,-0.1
401705731,DEN,4576087,25.0,4.3,4.4
401705731,SAC,3978,40.0,9.9,9.8
401705731,SAC,6477,9.0,-0.2,-0.4
401705731,SAC,2528588,15.0,7.6,8.1
401705731,SAC,3064440,44.0,19.5,20.3
401705731,SAC,3136196,38.0,17.6,16.3
401705731,SAC,3155942,39.0,13.7,12.6
401705731,SAC,4433188,18.0,1.7,1.6
401705731,SAC,4702177,32.0,17.8,14.8
401705731,SAC,5107818,6.0,2.6,1.7
401705732,HOU,3209,19.0,17.0,15.5
401705732,HOU,3136777,17.0,6.2,6.1
401705732,HOU,3146557,34.0,15.3,12.6
401705732,HOU,3911893,3.0,-0.4,0.0
401705732,HOU,3922230,20.0,12.7,12.8
401705732,HOU,4397821,16.0,2.6,1.0
401705732,HOU,4433192,27.0,14.2,12.1
401705732,HOU,4437244,15.0,-1.0,-1.0
401705732,HOU,4592401,14.0,3.9,2.7
401705732,HOU,4593041,7.0,-1.1,-2.1
401705732,HOU,4711272,37.0,14.5,11.8
401705732,HOU,5105592,32.0,9.9,9.4
401705732,LAC,3416,9.0,14.1,14.2
401705732,LAC,3992,37.0,34.3,32.1
401705732,LAC,6450,38.0,17.0,12.4
401705732,LAC,2991139,31.0,11.4,7.5
401705732,LAC,3037789,29.0,12.9,12.5
401705732,LAC,3914285,13.0,3.9,3.0
401705732,LAC,3936099,35.0,4.9,4.4
401705732,LAC,4017837,35.0,24.2,20.2
401705732,LAC,4396818,1.0,0.0,0.0
401705732,LAC,4431752,10.0,5.3,4.4
401705732,LAC,4845363,1.0,0.0,0.0
401705732,LAC,5165257,1.0,-0.7,-0.7
401705733,DET,6440,28.0,10.9,10.8
401705733,DET,2528210,27.0,10.2,8.8
401705733,DET,3032979,27.0,3.8,2.9
401705733,DET,3899664,6.0,0.3,0.0
401705733,DET,3907822,27.0,6.5,7.0
401705733,DET,4432166,35.0,27.1,27.1
401705733,DET,4432810,22.0,-3.4,-2.0
401705733,DET,4433621,26.0,20.5,17.2
401705733,DET,4683771,22.0,9.5,8.4
401705733,DET,4684742,21.0,2.1,-0.5
401705733,NYK,3033,27.0,3.8,4.1
401705733,NYK,3064230,15.0,3.8,3.0
401705733,NYK,3064447,13.0,1.7,0.7
401705733,NYK,3136195,29.0,16.2,15.0
401705733,NYK,3147657,33.0,17.2,15.4
401705733,NYK,3914044,15.0,8.4,8.8
401705733,NYK,3934672,29.0,7.8,7.2
401705733,NYK,4431679,40.0,20.5,14.9
401705733,NYK,4431823,39.0,9.8,5.6
401705734,CLE,6474,20.0,6.6,5.0
401705734,CLE,2596112,22.0,2.1,1.3
401705734,CLE,3912848,29.0,8.9,6.1
401705734,CLE,4065732,32.0,16.9,12.4
401705734,CLE,4065733,26.0,19.9,19.3
401705734,CLE,4066328,16.0,5.1,3.0
401705734,CLE,4066757,29.0,14.9,13.5
401705734,CLE,4432822,31.0,7.7,8.7
401705734,CLE,4683747,8.0,-2.5,-2.8
401705734,CLE,4701233,28.0,6.3,6.0
401705734,IND,2530530,16.0,7.8,7.2
401705734,IND,3133628,31.0,10.7,8.0
401705734,IND,3149673,33.0,6.3,3.9
401705734,IND,3934723,8.0,-0.1,-0.7
401705734,IND,4278355,19.0,9.7,7.4
401705734,IND,4395712,28.0,2.8,1.7
401705734,IND,4396909,30.0,16.3,16.0
401705734,IND,4396993,36.0,24.1,20.3
401705734,IND,4683634,24.0,7.8,7.0
401705734,IND,5106060,15.0,11.0,10.5
401705735,ATL,2990969,19.0,8.0,8.8
401705735,ATL,2991043,20.0,2.7,1.2
401705735,ATL,3907823,25.0,11.2,11.1
401705735,ATL,4277905,31.0,22.6,20.3
401705735,ATL,4279118,3.0,-0.7,-0.7
401705735,ATL,4279318,1.0,1.0,1.0
401705735,ATL,4431680,33.0,14.2,10.8
401705735,ATL,4578893,17.0,9.7,8.5
401705735,ATL,4712863,23.0,6.1,3.6
401705735,ATL,4869342,28.0,12.9,7.6
401705735,ATL,4870562,3.0,2.6,2.7
401705735,ATL,5211175,35.0,31.1,29.2
401705735,BKN,4278067,19.0,6.6,6.4
401705735,BKN,4397179,25.0,5.6,3.4
401705735,BKN,4431675,20.0,5.0,5.1
401705735,BKN,4431695,29.0,11.6,9.8
401705735,BKN,4431714,24.0,18.5,16.7
401705735,BKN,4432187,13.0,0.6,0.4
401705735,BKN,4432192,17.0,-0.1,0.6
401705735,BKN,4432735,10.0,-2.2,-2.4
401705735,BKN,4432887,30.0,8.3,9.3
401705735,BKN,4433137,15.0,6.8,5.6
401705735,BKN,4597865,28.0,14.7,12.7
401705735,BKN,4684286,9.0,2.2,1.7
401705736,MEM,3134932,7.0,3.3,2.7
401705736,MEM,4065731,1.0,-0.7,-0.7
401705736,MEM,4066320,39.0,25.4,23.1
401705736,MEM,4066405,4.0,0.9,0.0
401705736,MEM,4277848,1.0,-0.4,0.0
401705736,MEM,4277961,37.0,13.0,13.0
401705736,MEM,4279888,36.0,21.2,21.4
401705736,MEM,4397227,18.0,2.8,2.7
401705736,MEM,4431785,32.0,11.8,11.7
401705736,MEM,4433083,1.0,0.0,0.0
401705736,MEM,4593125,30.0,6.3,5.5
401705736,MEM,4600663,30.0,7.0,6.4
401705736,MEM,5105550,1.0,2.0,1.7
401705736,MEM,5159895,1.0,0.0,0.0
401705736,MIN,3195,27.0,8.9,8.9
401705736,MIN,3032976,36.0,14.1,12.9
401705736,MIN,3064514,35.0,25.9,23.0
401705736,MIN,3934673,21.0,8.0,7.5
401705736,MIN,4278039,25.0,9.5,7.7
401705736,MIN,4396971,24.0,6.2,7.3
401705736,MIN,4431671,30.0,7.1,6.1
401705736,MIN,4432247,3.0,0.0,0.0
401705736,MIN,4594268,38.0,34.6,32.9
401705736,MIN,4684275,1.0,0.0,0.0
401705736,MIN,4687718,1.0,0.0,0.0
401705736,MIN,5044385,1.0,1.7,1.7
401705737,DET,6440,30.0,15.3,13.7
401705737,DET,2528210,26.0,-1.0,-0.2
401705737,DET,3032979,28.0,10.7,11.3
401705737,DET,3899664,5.0,1.3,1.0
401705737,DET,3907822,27.0,12.2,12.6
401705737,DET,4278562,9.0,3.6,1.7
401705737,DET,4432166,36.0,34.1,31.3
401705737,DET,4433621,39.0,13.3,10.4
401705737,DET,4683771,13.0,-2.6,-3.8
401705737,DET,4684742,27.0,8.3,7.3
401705737,MIL,3448,25.0,14.2,10.7
401705737,MIL,2990962,25.0,6.4,5.9
401705737,MIL,3032977,38.0,34.2,28.8
401705737,MIL,3064482,33.0,15.8,14.2
401705737,MIL,3134907,23.0,7.2,6.6
401705737,MIL,4277843,24.0,2.6,1.5
401705737,MIL,4397140,31.0,14.1,12.4
401705737,MIL,4397475,24.0,9.6,7.4
401705737,MIL,4591725,17.0,6.5,6.5
401705738,IND,2530530,21.0,9.2,8.0
401705738,IND,3934723,20.0,10.7,6.7
401705738,IND,4065673,24.0,11.7,10.6
401705738,IND,4278355,21.0,1.0,-0.0
401705738,IND,4431941,17.0,7.3,6.4
401705738,IND,4592699,11.0,3.3,4.1
401705738,IND,4592829,20.0,9.1,9.6
401705738,IND,4683634,41.0,10.8,8.4
401705738,IND,5106060,34.0,11.0,8.2
401705738,IND,5157066,32.0,14.9,13.6
401705738,ORL,6446,6.0,5.8,5.2
401705738,ORL,2999547,17.0,5.0,4.7
401705738,ORL,4065654,19.0,11.8,9.1
401705738,ORL,4348700,23.0,14.3,10.8
401705738,ORL,4409222,30.0,28.6,25.1
401705738,ORL,4432809,20.0,5.6,4.5
401705738,ORL,4433623,30.0,11.9,8.5
401705738,ORL,4702382,34.0,10.4,6.7
401705738,ORL,4712849,31.0,15.5,14.0
401705738,ORL,5105806,30.0,6.6,8.3
401705739,ATL,2990969,17.0,7.1,7.3
401705739,ATL,2991043,30.0,29.4,28.7
401705739,ATL,3907823,19.0,2.2,2.3
401705739,ATL,4277905,36.0,30.8,29.2
401705739,ATL,4431680,29.0,-0.9,-2.7
401705739,ATL,4578893,11.0,2.0,2.0
401705739,ATL,4712863,33.0,17.6,12.4
401705739,ATL,4869342,37.0,12.9,6.1
401705739,ATL,4870562,2.0,0.3,0.0
401705739,ATL,5211175,26.0,7.6,6.7
401705739,PHI,4066786,30.0,-3.6,-3.2
401705739,PHI,4277890,24.0,4.5,3.3
401705739,PHI,4395695,29.0,19.7,18.3
401705739,PHI,4397204,25.0,16.3,15.6
401705739,PHI,4433147,38.0,22.1,18.0
401705739,PHI,4433626,32.0,5.4,4.7
401705739,PHI,4701234,32.0,5.4,3.6
401705739,PHI,5105637,30.0,17.1,13.9
401705740,BOS,3213,28.0,11.0,6.7
401705740,BOS,3995,26.0,2.0,0.7
401705740,BOS,2528693,12.0,7.3,3.5
401705740,BOS,3064560,18.0,7.9,7.7
401705740,BOS,3078576,34.0,20.8,16.4
401705740,BOS,3102531,18.0,7.0,5.8
401705740,BOS,4065648,32.0,13.3,12.8
401705740,BOS,4065804,22.0,17.6,15.8
401705740,BOS,4066354,22.0,19.9,18.0
401705740,BOS,4397424,12.0,8.8,6.8
401705740,BOS,4397689,2.0,3.3,2.7
401705740,BOS,4576085,2.0,1.4,1.4
401705740,BOS,4593841,10.0,6.6,5.8
401705740,BOS,4683689,2.0,-0.7,-0.7
401705740,CHA,3986,5.0,-0.1,0.3
401705740,CHA,2326307,19.0,14.0,12.8
401705740,CHA,3102530,19.0,8.8,7.8
401705740,CHA,3913220,31.0,6.4,4.7
401705740,CHA,4065663,22.0,6.6,4.5
401705740,CHA,4397570,16.0,0.0,1.6
401705740,CHA,4431766,19.0,4.6,3.7
401705740,CHA,4592187,11.0,0.0,-1.3
401705740,CHA,4683686,17.0,9.3,8.1
401705740,CHA,4683834,34.0,4.6,2.6
401705740,CHA,4701232,24.0,8.9,4.5
401705740,CHA,5211176,24.0,2.9,1.7
401705741,CLE,2596112,7.0,0.2,-0.4
401705741,CLE,3912848,27.0,-2.0,-1.8
401705741,CLE,4065778,35.0,10.5,8.4
401705741,CLE,4066328,33.0,14.1,10.5
401705741,CLE,4396907,33.0,25.6,23.4
401705741,CLE,4432158,35.0,12.4,10.4
401705741,CLE,4432822,27.0,13.5,13.2
401705741,CLE,4683747,22.0,3.3,2.3
401705741,CLE,4701233,21.0,10.7,9.9
401705741,NYK,3062679,34.0,10.0,7.9
401705741,NYK,3064230,12.0,-3.5,-4.5
401705741,NYK,3147657,36.0,17.1,16.9
401705741,NYK,3914044,21.0,9.9,9.3
401705741,NYK,3934672,36.0,17.6,16.7
401705741,NYK,3934719,35.0,8.2,6.2
401705741,NYK,4351852,33.0,12.6,10.5
401705741,NYK,4431679,15.0,-0.8,-4.5
401705741,NYK,4431823,18.0,8.4,8.3
401705742,CHI,6478,28.0,19.1,14.0
401705742,CHI,3133635,13.0,3.8,2.9
401705742,CHI,4066372,31.0,6.5,4.1
401705742,CHI,4066650,20.0,7.8,6.2
401705742,CHI,4395651,28.0,15.5,12.2
401705742,CHI,4396991,24.0,8.1,6.9
401705742,CHI,4397189,4.0,2.0,1.7
401705742,CHI,4431687,23.0,2.7,2.3
401705742,CHI,4432821,3.0,0.3,0.0
401705742,CHI,4432872,3.0,0.0,0.0
401705742,CHI,4433133,3.0,3.4,3.4
401705742,CHI,4711294,32.0,18.1,15.2
401705742,CHI,5105553,28.0,22.5,20.9
401705742,WAS,4432907,38.0,20.7,14.5
401705742,WAS,4433378,32.0,5.1,2.7
401705742,WAS,4702233,24.0,1.4,-0.1
401705742,WAS,4845374,35.0,16.2,14.0
401705742,WAS,4997537,26.0,12.3,11.8
401705742,WAS,5160992,26.0,-2.0,-3.2
401705742,WAS,5170947,34.0,-1.9,-1.5
401705742,WAS,5174563,24.0,8.1,7.7
401705743,MIA,6429,22.0,10.6,8.8
401705743,MIA,2993874,23.0,11.5,9.1
401705743,MIA,3059319,24.0,9.2,6.3
401705743,MIA,3074752,12.0,2.6,0.7
401705743,MIA,3157465,19.0,13.9,14.4
401705743,MIA,4066261,22.0,26.6,22.3
401705743,MIA,4278053,22.0,8.9,8.1
401705743,MIA,4291678,20.0,10.0,9.5
401705743,MIA,4395725,22.0,22.2,20.3
401705743,MIA,4431786,7.0,9.7,8.8
401705743,MIA,4432168,7.0,1.6,0.3
401705743,MIA,4432848,14.0,14.2,12.7
401705743,MIA,5105623,26.0,11.3,7.5
401705743,NOP,2583639,29.0,9.7,8.4
401705743,NOP,3950760,21.0,4.3,2.6
401705743,NOP,4277869,23.0,6.1,5.9
401705743,NOP,4278572,35.0,18.4,16.7
401705743,NOP,4431689,36.0,7.3,5.5
401705743,NOP,4431720,29.0,4.8,3.6
401705743,NOP,4432813,33.0,8.1,7.1
401705743,NOP,4592686,34.0,15.9,14.8
401705744,DAL,6475,19.0,6.3,4.0
401705744,DAL,6583,30.0,29.0,21.5
401705744,DAL,2531367,4.0,1.0,0.7
401705744,DAL,3102528,14.0,2.6,3.1
401705744,DAL,3138160,21.0,6.4,3.6
401705744,DAL,4278049,20.0,11.7,10.4
401705744,DAL,4278078,27.0,17.0,14.2
401705744,DAL,4278594,28.0,3.6,2.4
401705744,DAL,4397040,22.0,14.1,13.3
401705744,DAL,4432582,30.0,13.2,10.7
401705744,DAL,4683688,18.0,10.6,8.2
401705744,DAL,4868423,8.0,2.0,2.0
401705744,TOR,4023,33.0,11.8,10.5
401705744,TOR,4067017,32.0,10.8,8.6
401705744,TOR,4397018,36.0,25.2,22.0
401705744,TOR,4431893,37.0,7.0,3.9
401705744,TOR,4432241,33.0,3.1,2.3
401705744,TOR,4433134,31.0,14.4,11.4
401705744,TOR,5107897,38.0,5.4,3.1
401705745,BKN,4397179,16.0,-1.4,-1.4
401705745,BKN,4431675,32.0,11.5,10.5
401705745,BKN,4431695,40.0,1.1,1.5
401705745,BKN,4431714,35.0,12.7,11.1
401705745,BKN,4432187,32.0,12.2,10.5
401705745,BKN,4432192,24.0,22.4,21.0
401705745,BKN,4432735,21.0,3.4,4.0
401705745,BKN,4432887,11.0,-1.5,-0.7
401705745,BKN,4597865,22.0,3.5,1.4
401705745,BKN,4684286,7.0,-0.1,0.0
401705745,MIN,3195,14.0,5.6,3.8
401705745,MIN,3032976,33.0,31.0,29.1
401705745,MIN,3064514,30.0,18.4,16.3
401705745,MIN,3934673,26.0,4.7,2.7
401705745,MIN,4277951,3.0,-0.7,-1.0
401705745,MIN,4278039,22.0,7.2,7.8
401705745,MIN,4396971,26.0,8.4,6.8
401705745,MIN,4431671,28.0,5.6,4.0
401705745,MIN,4432247,17.0,8.5,7.3
401705745,MIN,4432847,3.0,-0.1,0.0
401705745,MIN,4594268,31.0,8.8,6.4
401705745,MIN,4684275,3.0,-0.7,-1.0
401705745,MIN,4687718,3.0,7.0,6.7
401705746,DEN,3442,7.0,2.9,1.7
401705746,DEN,3468,27.0,13.0,10.1
401705746,DEN,3064290,41.0,25.3,24.5
401705746,DEN,3112335,41.0,26.4,21.7
401705746,DEN,3936299,32.0,9.4,9.1
401705746,DEN,4278104,30.0,4.8,2.9
401705746,DEN,4398390,10.0,3.0,0.7
401705746,DEN,4431767,34.0,11.2,11.2
401705746,DEN,4576087,20.0,6.1,4.3
401705746,MEM,3134932,7.0,6.7,5.1
401705746,MEM,3913174,23.0,13.2,11.2
401705746,MEM,4066320,34.0,14.4,12.7
401705746,MEM,4277961,37.0,10.8,10.7
401705746,MEM,4279888,34.0,11.1,10.6
401705746,MEM,4397227,15.0,-1.0,-2.4
401705746,MEM,4431785,31.0,8.8,10.4
401705746,MEM,4593125,25.0,8.1,6.4
401705746,MEM,4600663,33.0,11.1,6.4
401705747,OKC,3133626,29.0,19.0,14.9
401705747,OKC,4395702,35.0,34.9,32.2
401705747,OKC,4397183,34.0,25.5,21.8
401705747,OKC,4397654,27.0,14.1,11.7
401705747,OKC,4432823,25.0,22.1,18.5
401705747,OKC,4432971,14.0,2.3,2.4
401705747,OKC,4592435,25.0,6.6,4.3
401705747,OKC,4702159,33.0,7.0,4.1
401705747,OKC,4900671,18.0,7.1,8.1
401705747,UTA,3133602,28.0,18.4,18.1
401705747,UTA,4066399,32.0,1.5,-1.5
401705747,UTA,4432164,28.0,0.8,-1.4
401705747,UTA,4432817,31.0,12.1,10.4
401705747,UTA,4432827,25.0,11.1,7.8
401705747,UTA,4433627,30.0,10.0,9.1
401705747,UTA,4684793,31.0,11.3,8.1
401705747,UTA,5105839,34.0,16.0,15.7
401705748,PHX,6580,28.0,20.1,19.3
401705748,PHX,2488653,15.0,11.3,7.8
401705748,PHX,2583632,21.0,-1.0,-1.8
401705748,PHX,2595209,3.0,2.4,1.4
401705748,PHX,3135045,29.0,17.1,14.6
401705748,PHX,3135046,16.0,4.2,1.6
401705748,PHX,3136193,28.0,14.5,13.3
401705748,PHX,3138161,9.0,-0.2,-1.7
401705748,PHX,4278585,22.0,9.1,6.3
401705748,PHX,4432946,1.0,2.7,2.7
401705748,PHX,4601023,33.0,6.3,1.7
401705748,PHX,4683749,1.0,0.0,0.0
401705748,PHX,4888725,34.0,22.3,19.5
401705748,SAS,2779,14.0,-1.4,-2.4
401705748,SAS,6427,22.0,4.9,2.8
401705748,SAS,6578,15.0,2.5,1.0
401705748,SAS,3134916,25.0,-2.5,-3.4
401705748,SAS,4278580,25.0,16.6,13.5
401705748,SAS,4397107,12.0,6.0,4.7
401705748,SAS,4433618,13.0,4.0,2.4
401705748,SAS,4565201,23.0,5.9,5.5
401705748,SAS,4592479,30.0,16.9,15.4
401705748,SAS,4683935,31.0,3.1,2.6
401705748,SAS,4845367,31.0,18.6,16.4
401705749,GSW,3975,27.0,10.9,9.8
401705749,GSW,6430,28.0,28.2,25.0
401705749,GSW,6589,29.0,6.7,0.7
401705749,GSW,2990984,23.0,10.1,9.3
401705749,GSW,3134903,14.0,0.4,-1.3
401705749,GSW,3155535,16.0,3.4,2.0
401705749,GSW,4066240,3.0,0.5,0.2
401705749,GSW,4278075,3.0,-1.0,-1.0
401705749,GSW,4431684,3.0,0.7,-0.3
401705749,GSW,4432171,23.0,4.7,3.6
401705749,GSW,4433247,17.0,7.3,4.8
401705749,GSW,4592714,3.0,1.0,0.0
401705749,GSW,4593016,16.0,7.6,7.0
401705749,GSW,4709138,30.0,10.5,6.7
401705749,GSW,4997536,5.0,-2.1,-1.3
401705749,POR,3907498,22.0,11.2,6.3
401705749,POR,4066268,6.0,-0.1,-0.7
401705749,POR,4278111,15.0,1.2,1.0
401705749,POR,4397885,31.0,-6.3,-7.8
401705749,POR,4431736,33.0,6.6,4.2
401705749,POR,4432446,20.0,16.1,13.4
401705749,POR,4594326,36.0,5.3,4.0
401705749,POR,5081727,25.0,-1.0,-1.6
401705749,POR,5099752,25.0,7.9,9.1
401705749,POR,5105565,27.0,14.0,10.8
401705750,LAC,3992,43.0,22.9,18.3
401705750,LAC,6450,42.0,21.7,20.1
401705750,LAC,2595516,36.0,10.0,9.6
401705750,LAC,2991139,22.0,-1.0,-0.4
401705750,LAC,3037789,21.0,-1.2,-0.7
401705750,LAC,3907387,12.0,1.2,1.4
401705750,LAC,3914285,2.0,-1.1,-0.3
401705750,LAC,3936099,25.0,7.4,5.4
401705750,LAC,4017837,36.0,15.9,13.6
401705750,SAC,3978,40.0,10.1,10.3
401705750,SAC,6477,10.0,5.1,5.4
401705750,SAC,3064440,41.0,16.0,16.0
401705750,SAC,3136196,30.0,8.6,8.2
401705750,SAC,3155942,39.0,17.4,13.3
401705750,SAC,4433188,16.0,6.9,5.4
401705750,SAC,4594327,32.0,8.8,5.7
401705750,SAC,4702177,32.0,2.9,3.4
401705751,HOU,3209,22.0,5.4,5.3
401705751,HOU,3146557,25.0,5.6,4.0
401705751,HOU,3911893,12.0,-2.8,-3.1
401705751,HOU,3922230,24.0,9.4,8.5
401705751,HOU,4397821,26.0,3.1,2.6
401705751,HOU,4437244,15.0,4.9,3.0
401705751,HOU,4592401,14.0,10.3,8.2
401705751,HOU,4593041,24.0,5.5,5.0
401705751,HOU,4711272,41.0,9.1,6.7
401705751,HOU,5105592,37.0,26.7,23.3
401705751,LAL,1966,22.0,15.1,13.3
401705751,LAL,2578185,30.0,16.7,14.1
401705751,LAL,3137259,21.0,-0.5,-1.4
401705751,LAL,3915195,4.0,2.3,1.0
401705751,LAL,3945274,31.0,32.4,29.4
401705751,LAL,4066457,33.0,18.6,15.3
401705751,LAL,4066648,32.0,13.8,13.1
401705751,LAL,4278077,19.0,8.2,5.8
401705751,LAL,4278402,23.0,3.1,1.7
401705751,LAL,4395623,4.0,3.7,3.1
401705751,LAL,4397077,12.0,4.8,5.6
401705751,LAL,4683774,4.0,1.6,1.3
401705751,LAL,4897943,4.0,4.0,4.4
401705752,ATL,3907823,30.0,15.9,15.6
401705752,ATL,3913180,37.0,7.1,6.0
401705752,ATL,4279118,37.0,18.4,11.3
401705752,ATL,4279318,31.0,9.8,10.5
401705752,ATL,4578893,28.0,18.5,14.8
401705752,ATL,4592461,27.0,13.0,12.1
401705752,ATL,4712863,7.0,3.6,2.7
401705752,ATL,4870562,34.0,11.3,12.0
401705752,ATL,5211175,10.0,2.6,1.3
401705752,ORL,2581018,5.0,1.3,0.3
401705752,ORL,2999547,18.0,11.8,10.5
401705752,ORL,4065654,19.0,15.8,10.9
401705752,ORL,4277847,17.0,2.4,0.5
401705752,ORL,4348700,26.0,9.6,8.1
401705752,ORL,4432809,13.0,3.4,2.4
401705752,ORL,4433623,35.0,10.4,7.7
401705752,ORL,4702382,37.0,12.6,11.5
401705752,ORL,4712849,37.0,19.1,13.0
401705752,ORL,5105806,33.0,3.5,4.4
401705753,BOS,2528693,19.0,-2.3,-3.4
401705753,BOS,3064560,30.0,14.7,10.5
401705753,BOS,4065804,29.0,11.6,11.0
401705753,BOS,4066354,39.0,27.3,25.1
401705753,BOS,4397104,12.0,0.4,-1.5
401705753,BOS,4397424,26.0,5.1,3.1
401705753,BOS,4397689,12.0,0.7,1.6
401705753,BOS,4576085,17.0,5.6,3.7
401705753,BOS,4593841,36.0,3.5,-0.6
401705753,BOS,4683689,21.0,9.5,5.8
401705753,CHA,3986,11.0,6.5,5.9
401705753,CHA,3102530,29.0,14.4,9.4
401705753,CHA,3913220,28.0,5.0,3.5
401705753,CHA,4065663,18.0,9.9,8.6
401705753,CHA,4397570,20.0,7.8,8.0
401705753,CHA,4431766,26.0,4.6,2.5
401705753,CHA,4433249,25.0,7.7,4.3
401705753,CHA,4592187,15.0,8.4,8.5
401705753,CHA,4683834,32.0,2.8,0.4
401705753,CHA,5211176,36.0,-2.6,-2.9
401705754,BKN,4278067,22.0,9.0,9.1
401705754,BKN,4397179,31.0,10.9,9.5
401705754,BKN,4431675,33.0,15.6,12.8
401705754,BKN,4431695,31.0,5.1,3.5
401705754,BKN,4431714,38.0,15.1,14.7
401705754,BKN,4432192,37.0,7.8,6.7
401705754,BKN,4432735,10.0,1.2,2.0
401705754,BKN,4432887,17.0,3.6,4.0
401705754,BKN,4597865,20.0,4.4,3.8
401705754,NYK,3033,29.0,3.0,3.0
401705754,NYK,3064230,34.0,18.3,17.2
401705754,NYK,3064447,21.0,5.3,5.1
401705754,NYK,3914044,40.0,21.9,21.4
401705754,NYK,4411057,22.0,5.9,3.0
401705754,NYK,4431679,33.0,10.7,7.9
401705754,NYK,4431705,1.0,0.0,0.0
401705754,NYK,4431823,30.0,16.2,13.2
401705754,NYK,4432179,5.0,5.6,4.4
401705754,NYK,4433225,14.0,3.0,3.1
401705754,NYK,5211983,11.0,2.9,3.0
401705755,CLE,6474,43.0,4.3,-2.3
401705755,CLE,2596112,20.0,5.0,4.0
401705755,CLE,4066328,1.0,-0.4,0.0
401705755,CLE,4278052,22.0,3.6,2.0
401705755,CLE,4433620,42.0,16.4,14.7
401705755,CLE,4683747,46.0,21.5,17.8
401705755,CLE,4701233,43.0,7.7,5.9
401705755,CLE,4997539,28.0,0.1,-1.0
401705755,CLE,5106268,47.0,16.4,16.3
401705755,IND,2530530,19.0,4.3,3.7
401705755,IND,3133628,13.0,7.7,7.1
401705755,IND,3934723,18.0,5.3,4.7
401705755,IND,4065673,27.0,15.1,9.7
401705755,IND,4278355,12.0,4.9,2.7
401705755,IND,4395712,14.0,-1.8,-1.4
401705755,IND,4396909,14.0,8.6,7.8
401705755,IND,4431941,29.0,14.1,9.4
401705755,IND,4592699,31.0,7.4,4.3
401705755,IND,4592829,40.0,18.4,13.7
401705755,IND,5106060,31.0,11.4,7.4
401705755,IND,5157066,41.0,9.5,7.7
401705756,MIA,2993874,28.0,8.6,5.4
401705756,MIA,3074752,34.0,-1.2,-2.1
401705756,MIA,3157465,20.0,4.2,4.0
401705756,MIA,4278053,20.0,8.8,6.6
401705756,MIA,4291678,22.0,7.2,7.4
401705756,MIA,4431786,28.0,17.2,15.3
401705756,MIA,4432168,28.0,16.0,9.7
401705756,MIA,4432848,41.0,34.0,32.1
401705756,MIA,5105623,20.0,9.8,7.7
401705756,WAS,4432907,39.0,23.8,21.2
401705756,WAS,4433378,42.0,13.6,11.7
401705756,WAS,4845374,41.0,12.4,10.8
401705756,WAS,4997537,39.0,25.1,23.0
401705756,WAS,5160992,16.0,12.4,10.1
401705756,WAS,5170947,48.0,9.3,8.8
401705756,WAS,5174563,15.0,4.3,3.7
401705757,CHI,6478,17.0,6.3,4.4
401705757,CHI,3133635,22.0,1.7,1.6
401705757,CHI,4066372,16.0,13.5,13.7
401705757,CHI,4066650,15.0,12.3,11.8
401705757,CHI,4395651,19.0,-0.5,-2.0
401705757,CHI,4396991,29.0,18.4,15.5
401705757,CHI,4397189,16.0,9.7,8.0
401705757,CHI,4431687,26.0,12.1,8.4
401705757,CHI,4432821,3.0,-1.1,-0.7
401705757,CHI,4432872,11.0,6.9,5.8
401705757,CHI,4433133,8.0,5.4,5.8
401705757,CHI,4433159,18.0,2.1,0.6
401705757,CHI,4711294,14.0,7.1,5.5
401705757,CHI,5105553,26.0,10.8,7.1
401705757,PHI,4277890,37.0,22.9,21.4
401705757,PHI,4395695,26.0,10.6,9.4
401705757,PHI,4397014,35.0,-0.5,-1.8
401705757,PHI,4432815,17.0,7.1,5.7
401705757,PHI,4433147,43.0,13.6,6.8
401705757,PHI,4433626,27.0,1.8,2.3
401705757,PHI,4701234,22.0,2.5,0.9
401705757,PHI,5105637,33.0,15.0,11.7
401705758,DET,6440,10.0,3.9,1.4
401705758,DET,2528210,12.0,0.9,0.6
401705758,DET,3899664,19.0,10.8,11.2
401705758,DET,3907822,19.0,17.7,16.8
401705758,DET,4066317,35.0,13.0,9.9
401705758,DET,4278562,22.0,10.0,9.3
401705758,DET,4397251,17.0,3.9,3.0
401705758,DET,4397882,22.0,10.5,10.5
401705758,DET,4432107,43.0,13.4,11.5
401705758,DET,4433621,8.0,3.0,3.1
401705758,DET,4683771,23.0,4.6,3.3
401705758,DET,4906923,23.0,16.5,16.3
401705758,DET,5107199,11.0,1.5,0.9
401705758,MIL,2578239,44.0,34.3,30.1
401705758,MIL,3134907,12.0,19.2,18.6
401705758,MIL,4279532,16.0,0.3,-0.7
401705758,MIL,4280245,47.0,13.0,9.1
401705758,MIL,4397233,43.0,14.5,13.6
401705758,MIL,4397475,19.0,6.6,6.1
401705758,MIL,4432190,36.0,4.3,4.9
401705758,MIL,4433622,18.0,6.5,5.8
401705758,MIL,5167876,30.0,17.0,15.5
401705759,DEN,3442,11.0,5.0,4.1
401705759,DEN,3468,23.0,15.1,15.5
401705759,DEN,3064290,26.0,17.2,13.6
401705759,DEN,3112335,31.0,21.3,18.0
401705759,DEN,3936299,25.0,11.2,9.7
401705759,DEN,4278104,29.0,15.5,12.8
401705759,DEN,4395620,4.0,1.2,2.0
401705759,DEN,4398390,19.0,-2.9,-3.1
401705759,DEN,4431690,6.0,0.2,-0.1
401705759,DEN,4431767,31.0,12.6,11.6
401705759,DEN,4432181,10.0,7.2,6.6
401705759,DEN,4433268,6.0,3.0,1.7
401705759,DEN,4576087,17.0,8.9,6.3
401705759,HOU,3209,12.0,2.5,2.3
401705759,HOU,2991230,27.0,6.8,6.6
401705759,HOU,2991235,17.0,3.5,3.1
401705759,HOU,3146557,9.0,10.8,10.2
401705759,HOU,3155526,22.0,3.1,3.6
401705759,HOU,3922230,9.0,4.6,5.4
401705759,HOU,4397821,12.0,7.3,8.2
401705759,HOU,4433192,18.0,7.6,5.4
401705759,HOU,4437244,21.0,-2.3,-2.5
401705759,HOU,4592401,4.0,2.5,1.7
401705759,HOU,4593041,4.0,2.9,2.6
401705759,HOU,4684740,26.0,17.0,15.3
401705759,HOU,4711272,17.0,1.5,1.1
401705759,HOU,4871144,24.0,12.4,11.2
401705759,HOU,5105592,17.0,7.3,6.4
401705760,DAL,2531367,16.0,4.2,3.6
401705760,DAL,2580782,36.0,4.1,3.3
401705760,DAL,3102528,14.0,3.6,3.4
401705760,DAL,3138160,21.0,2.1,2.3
401705760,DAL,4278049,19.0,20.6,18.0
401705760,DAL,4278594,28.0,5.0,4.4
401705760,DAL,4397040,7.0,-1.3,-2.5
401705760,DAL,4431699,26.0,11.3,8.5
401705760,DAL,4432582,39.0,6.4,4.7
401705760,DAL,4868423,34.0,7.2,6.2
401705760,MEM,3134932,21.0,11.0,3.5
401705760,MEM,4065731,28.0,23.6,17.7
401705760,MEM,4066405,36.0,18.8,18.5
401705760,MEM,4277848,31.0,23.3,21.0
401705760,MEM,4397227,24.0,17.1,15.0
401705760,MEM,4433083,37.0,21.0,19.2
401705760,MEM,5105550,34.0,-1.7,-1.8
401705760,MEM,5159895,28.0,12.2,10.1
401705761,MIN,3195,15.0,-0.5,-0.7
401705761,MIN,3032976,38.0,21.8,15.8
401705761,MIN,3064514,33.0,7.9,5.9
401705761,MIN,3934673,28.0,11.9,12.5
401705761,MIN,4278039,33.0,11.6,7.8
401705761,MIN,4396971,25.0,9.2,8.5
401705761,MIN,4431671,25.0,4.1,1.3
401705761,MIN,4432247,3.0,-0.7,-0.7
401705761,MIN,4594268,40.0,33.5,28.4
401705761,UTA,3133602,39.0,13.4,11.5
401705761,UTA,4066399,29.0,7.6,7.5
401705761,UTA,4432164,6.0,-1.1,-1.7
401705761,UTA,4432817,28.0,9.8,9.4
401705761,UTA,4432827,25.0,21.3,16.0
401705761,UTA,4433627,48.0,2.3,0.8
401705761,UTA,4684793,29.0,10.7,11.1
401705761,UTA,5105839,37.0,16.8,13.4
401705762,NOP,2583639,18.0,3.3,2.7
401705762,NOP,3950760,15.0,3.8,2.0
401705762,NOP,4277869,34.0,4.5,1.6
401705762,NOP,4278572,28.0,10.5,10.5
401705762,NOP,4431689,39.0,12.7,9.7
401705762,NOP,4431720,34.0,12.6,12.7
401705762,NOP,4432813,33.0,8.9,6.4
401705762,NOP,4592686,39.0,14.3,13.0
401705762,OKC,3133626,37.0,11.8,6.2
401705762,OKC,4395702,35.0,13.0,11.3
401705762,OKC,4397183,37.0,25.8,23.9
401705762,OKC,4397654,22.0,-2.6,-2.5
401705762,OKC,4432823,2.0,-0.1,-0.7
401705762,OKC,4432971,15.0,4.7,5.4
401705762,OKC,4592435,39.0,22.4,20.3
401705762,OKC,4702159,36.0,10.2,8.5
401705762,OKC,4900671,18.0,1.4,2.3
401705763,SAS,2779,34.0,16.4,11.4
401705763,SAS,6427,14.0,1.4,0.0
401705763,SAS,6578,34.0,18.2,14.0
401705763,SAS,3134916,3.0,0.6,1.0
401705763,SAS,4278580,19.0,12.4,10.6
401705763,SAS,4395723,27.0,18.6,16.1
401705763,SAS,4565201,17.0,10.9,10.5
401705763,SAS,4592479,35.0,12.9,11.1
401705763,SAS,4683935,20.0,6.6,5.1
401705763,SAS,4845367,37.0,13.0,11.7
401705763,TOR,4023,2.0,0.7,0.7
401705763,TOR,4067017,21.0,8.9,9.3
401705763,TOR,4397018,38.0,9.3,6.3
401705763,TOR,4397204,29.0,5.3,7.4
401705763,TOR,4431893,42.0,16.5,16.1
401705763,TOR,4432241,36.0,7.9,8.5
401705763,TOR,4433134,37.0,30.6,28.2
401705763,TOR,5107897,35.0,14.0,8.2
401705764,GSW,3975,38.0,24.7,22.9
401705764,GSW,6430,48.0,26.5,24.9
401705764,GSW,6589,38.0,11.8,10.5
401705764,GSW,2990984,16.0,3.8,4.3
401705764,GSW,3134903,25.0,2.5,1.4
401705764,GSW,3155535,16.0,9.1,7.2
401705764,GSW,4432171,30.0,5.2,2.4
401705764,GSW,4593016,10.0,0.2,-0.7
401705764,GSW,4709138,43.0,17.7,14.8
401705764,LAC,3992,48.0,33.4,29.4
401705764,LAC,6450,47.0,27.7,23.3
401705764,LAC,2595516,44.0,1.5,1.5
401705764,LAC,2991139,35.0,14.7,13.0
401705764,LAC,3037789,16.0,0.6,1.6
401705764,LAC,3907387,11.0,0.3,1.1
401705764,LAC,3936099,18.0,3.1,2.3
401705764,LAC,4017837,42.0,25.7,20.1
401705764,LAC,4066387,4.0,-1.1,-1.0
401705765,LAL,6461,33.0,9.5,8.2
401705765,LAL,2596107,14.0,-1.4,-0.3
401705765,LAL,3915195,43.0,8.1,6.9
401705765,LAL,4278402,30.0,9.9,6.4
401705765,LAL,4395623,25.0,0.4,0.1
401705765,LAL,4431778,19.0,8.1,3.3
401705765,LAL,4683774,38.0,3.9,-0.3
401705765,LAL,4897943,37.0,18.1,15.3
401705765,POR,3907498,29.0,12.7,10.5
401705765,POR,4278111,18.0,4.4,3.8
401705765,POR,4397885,36.0,14.4,13.0
401705765,POR,4431736,22.0,14.3,14.3
401705765,POR,4432446,23.0,6.6,6.0
401705765,POR,4594326,30.0,7.2,5.0
401705765,POR,5081727,29.0,7.2,5.5
401705765,POR,5099752,28.0,9.8,7.4
401705765,POR,5105565,25.0,14.9,12.5
401705766,PHX,2488653,22.0,5.6,4.1
401705766,PHX,2583632,21.0,2.1,0.6
401705766,PHX,2595209,6.0,2.3,2.0
401705766,PHX,3059310,21.0,6.2,6.4
401705766,PHX,3135045,28.0,14.8,14.6
401705766,PHX,3135046,26.0,14.1,12.5
401705766,PHX,3138161,12.0,0.2,0.0
401705766,PHX,4278585,28.0,11.9,9.4
401705766,PHX,4397102,5.0,0.0,0.0
401705766,PHX,4432946,3.0,1.6,1.3
401705766,PHX,4601023,26.0,8.4,7.6
401705766,PHX,4683749,13.0,-0.9,-1.2
401705766,PHX,4888725,30.0,14.1,11.6
401705766,SAC,3978,28.0,4.4,4.8
401705766,SAC,6477,21.0,22.5,21.2
401705766,SAC,2528588,15.0,2.6,2.6
401705766,SAC,3064440,27.0,10.1,10.1
401705766,SAC,3136196,25.0,7.9,6.3
401705766,SAC,3155942,24.0,26.6,21.2
401705766,SAC,3919454,8.0,-0.4,-0.7
401705766,SAC,4066636,12.0,5.4,4.5
401705766,SAC,4433188,23.0,3.5,2.0
401705766,SAC,4594327,23.0,5.1,3.0
401705766,SAC,4702177,29.0,9.3,7.1
401705766,SAC,5107818,8.0,2.4,1.4
401734902,MIL,3448,28.0,2.3,1.3
401734902,MIL,6606,39.0,23.4,23.7
401734902,MIL,6609,20.0,5.6,2.2
401734902,MIL,2990962,20.0,1.6,0.0
401734902,MIL,3032977,36.0,25.8,19.6
401734902,MIL,3064482,32.0,25.4,21.7
401734902,MIL,4277843,24.0,5.2,5.4
401734902,MIL,4397475,33.0,4.4,3.3
401734902,MIL,4432190,8.0,3.2,3.7
401734902,ORL,2581018,31.0,4.1,3.6
401734902,ORL,3150844,19.0,12.8,11.6
401734902,ORL,4277847,34.0,10.6,8.9
401734902,ORL,4348700,38.0,14.0,11.6
401734902,ORL,4432165,38.0,22.7,17.0
401734902,ORL,4432809,15.0,-2.2,-2.2
401734902,ORL,4433623,4.0,0.7,0.7
401734902,ORL,4702382,16.0,0.5,0.6
401734902,ORL,4712849,32.0,14.0,10.3
401734902,ORL,5105806,13.0,6.2,6.6
401734903,DAL,6442,40.0,13.0,11.5
401734903,DAL,6475,28.0,12.8,12.7
401734903,DAL,2531367,1.0,0.0,0.0
401734903,DAL,2580782,23.0,6.8,3.3
401734903,DAL,3945274,40.0,11.1,5.3
401734903,DAL,4278049,16.0,8.3,7.7
401734903,DAL,4278594,29.0,14.9,13.1
401734903,DAL,4397014,18.0,0.8,0.0
401734903,DAL,4397693,1.0,0.0,0.0
401734903,DAL,4595400,12.0,5.3,4.7
401734903,DAL,4683688,31.0,9.9,6.9
401734903,DAL,4708972,1.0,0.0,0.0
401734903,OKC,2991350,22.0,7.3,4.4
401734903,OKC,3133626,17.0,11.7,8.8
401734903,OKC,4222252,30.0,9.8,6.5
401734903,OKC,4278073,38.0,35.3,30.4
401734903,OKC,4395702,17.0,7.2,6.7
401734903,OKC,4397020,32.0,10.5,9.1
401734903,OKC,4397183,9.0,1.6,1.0
401734903,OKC,4592435,1.0,0.0,0.0
401734903,OKC,4593803,32.0,8.1,6.7
401734903,OKC,4683692,31.0,13.3,10.2
401734903,OKC,4702159,1.0,-0.7,-0.7
401734903,OKC,4900671,10.0,1.6,1.4
401734904,ATL,3037789,24.0,4.6,3.0
401734904,ATL,3102529,25.0,12.4,10.5
401734904,ATL,4065732,29.0,15.8,16.6
401734904,ATL,4277905,36.0,16.6,14.5
401734904,ATL,4431680,23.0,12.4,10.1
401734904,ATL,4578893,8.0,0.6,0.7
401734904,ATL,4701230,41.0,20.4,14.1
401734904,ATL,4869342,36.0,8.4,7.2
401734904,ATL,5211175,17.0,-1.8,-2.8
401734904,NYK,3062679,34.0,21.6,20.4
401734904,NYK,3064230,16.0,5.0,4.0
401734904,NYK,3136195,37.0,19.6,12.4
401734904,NYK,3147657,38.0,12.0,11.5
401734904,NYK,3934672,36.0,12.0,9.4
401734904,NYK,3934719,39.0,7.3,3.4
401734904,NYK,4277922,2.0,0.0,0.0
401734904,NYK,4431679,19.0,6.0,1.4
401734904,NYK,4431823,20.0,1.5,1.3
401734905,GSW,3975,34.0,16.4,13.1
401734905,GSW,6589,30.0,3.1,1.1
401734905,GSW,2990984,35.0,12.1,8.0
401734905,GSW,2993874,4.0,-1.7,-1.7
401734905,GSW,3134903,18.0,6.3,3.5
401734905,GSW,3155535,11.0,3.1,1.7
401734905,GSW,4066317,23.0,5.9,3.4
401734905,GSW,4431684,15.0,6.1,4.4
401734905,GSW,4433247,36.0,11.3,10.8
401734905,GSW,4592714,3.0,4.4,2.4
401734905,GSW,4709138,31.0,7.7,5.4
401734905,HOU,2991230,36.0,0.4,1.0
401734905,HOU,3155526,38.0,7.4,5.4
401734905,HOU,3922230,12.0,1.9,1.0
401734905,HOU,4432639,38.0,10.7,9.4
401734905,HOU,4433192,24.0,7.7,7.1
401734905,HOU,4437244,31.0,4.4,0.6
401734905,HOU,4684740,29.0,12.8,9.6
401734905,HOU,4871144,32.0,24.0,18.6
401734906,ATL,3037789,24.0,6.9,7.4
401734906,ATL,3102529,29.0,5.2,1.2
401734906,ATL,4065732,30.0,6.8,5.8
401734906,ATL,4277905,40.0,28.8,28.2
401734906,ATL,4431680,19.0,6.2,5.3
401734906,ATL,4578893,5.0,-0.8,0.0
401734906,ATL,4701230,39.0,11.1,8.6
401734906,ATL,4869342,38.0,9.0,6.0
401734906,ATL,5211175,17.0,-1.1,-0.7
401734906,MIL,3448,33.0,13.0,11.5
401734906,MIL,6606,37.0,19.6,16.0
401734906,MIL,6609,22.0,1.9,1.3
401734906,MIL,2990962,20.0,0.7,-0.1
401734906,MIL,3032977,38.0,36.4,29.1
401734906,MIL,3064482,23.0,9.4,7.1
401734906,MIL,4277843,22.0,-3.4,-2.9
401734906,MIL,4397475,19.0,2.6,4.7
401734906,MIL,4432190,25.0,8.5,6.9
401734907,HOU,2991230,42.0,5.5,3.2
401734907,HOU,2991235,6.0,4.2,3.3
401734907,HOU,3155526,33.0,5.8,6.9
401734907,HOU,3922230,5.0,-1.5,-0.7
401734907,HOU,4432639,40.0,12.2,10.4
401734907,HOU,4433192,17.0,6.5,6.8
401734907,HOU,4437244,34.0,3.4,2.6
401734907,HOU,4684740,30.0,13.5,10.8
401734907,HOU,4871144,33.0,6.5,4.7
401734907,OKC,2991350,20.0,-0.3,-0.7
401734907,OKC,3133626,11.0,3.5,4.4
401734907,OKC,4222252,33.0,15.1,13.9
401734907,OKC,4278073,38.0,30.2,23.3
401734907,OKC,4395702,18.0,4.6,2.3
401734907,OKC,4397020,31.0,18.5,14.6
401734907,OKC,4397183,10.0,-0.8,0.0
401734907,OKC,4593803,39.0,11.4,9.7
401734907,OKC,4683692,32.0,3.7,1.7
401734907,OKC,4900671,9.0,2.9,2.7
401734908,MIL,3448,37.0,11.1,7.7
401734908,MIL,6606,35.0,17.2,16.1
401734908,MIL,2578239,13.0,-0.4,0.0
401734908,MIL,2990962,21.0,3.8,4.0
401734908,MIL,3032977,37.0,27.9,20.5
401734908,MIL,3064482,19.0,0.9,-0.0
401734908,MIL,4277843,21.0,10.1,9.4
401734908,MIL,4397475,26.0,5.6,5.1
401734908,MIL,4432179,2.0,0.0,0.0
401734908,MIL,4432190,26.0,-3.0,-3.1
401734908,MIL,4433622,2.0,0.3,0.0
401734908,MIL,5167876,2.0,-0.4,0.0
401734908,MIL,5170947,2.0,-1.1,-1.4
401734908,OKC,2991350,24.0,2.0,-1.1
401734908,OKC,3133626,15.0,-0.5,-1.1
401734908,OKC,4222252,32.0,17.5,15.6
401734908,OKC,4278073,36.0,7.4,5.4
401734908,OKC,4395702,19.0,4.5,3.6
401734908,OKC,4397020,30.0,1.9,0.3
401734908,OKC,4397183,6.0,0.2,-0.7
401734908,OKC,4592435,3.0,0.3,0.0
401734908,OKC,4593803,34.0,11.4,6.9
401734908,OKC,4683692,23.0,6.7,4.4
401734908,OKC,4702159,3.0,-1.4,-1.4
401734908,OKC,4900671,16.0,3.5,2.9
401736799,BOS,3213,20.0,2.4,1.0
401736799,BOS,3995,25.0,13.7,12.6
401736799,BOS,3064560,13.0,13.3,12.2
401736799,BOS,3078576,31.0,21.2,18.2
401736799,BOS,3102531,30.0,14.4,9.6
401736799,BOS,3917376,30.0,11.9,8.9
401736799,BOS,4066354,31.0,24.2,23.0
401736799,BOS,4277964,4.0,-0.7,-0.7
401736799,BOS,4397424,18.0,2.5,1.4
401736799,BOS,4397689,19.0,4.2,4.4
401736799,BOS,4576085,7.0,0.7,0.7
401736799,BOS,4683689,13.0,3.3,1.7
401736799,DET,6440,26.0,9.2,7.1
401736799,DET,2528210,19.0,6.5,4.1
401736799,DET,3899664,17.0,2.8,2.9
401736799,DET,3907822,16.0,3.8,2.6
401736799,DET,4278562,15.0,4.6,2.7
401736799,DET,4432107,17.0,10.9,8.2
401736799,DET,4432166,35.0,11.9,9.5
401736799,DET,4432810,28.0,4.0,2.4
401736799,DET,4433218,27.0,4.3,2.8
401736799,DET,4592187,7.0,1.6,0.7
401736799,DET,4683771,21.0,20.1,20.3
401736799,DET,4684742,13.0,0.1,0.3
401736800,MIA,3449,9.0,4.2,4.0
401736800,MIA,6430,29.0,8.6,7.3
401736800,MIA,3074752,25.0,5.0,1.6
401736800,MIA,3157465,18.0,3.6,3.1
401736800,MIA,4066261,35.0,19.9,16.1
401736800,MIA,4066993,34.0,9.1,7.6
401736800,MIA,4291678,19.0,2.5,1.9
401736800,MIA,4395725,32.0,19.1,18.3
401736800,MIA,4432848,16.0,2.8,3.4
401736800,MIA,4997528,24.0,14.1,11.6
401736800,TOR,2489663,12.0,-0.8,-3.6
401736800,TOR,3134908,27.0,13.3,11.8
401736800,TOR,4277952,2.0,2.7,1.7
401736800,TOR,4278053,21.0,11.2,13.3
401736800,TOR,4395625,34.0,8.0,4.1
401736800,TOR,4397018,30.0,10.9,10.5
401736800,TOR,4431893,15.0,8.1,7.8
401736800,TOR,4432241,14.0,2.2,2.0
401736800,TOR,4684272,26.0,7.0,5.0
401736800,TOR,5106258,31.0,12.1,12.9
401736800,TOR,5107897,30.0,7.1,4.5
401736801,NOP,2451037,14.0,6.5,6.8
401736801,NOP,2490149,37.0,25.0,24.9
401736801,NOP,3907497,35.0,11.9,8.2
401736801,NOP,4277813,35.0,4.3,2.7
401736801,NOP,4278572,16.0,1.1,0.6
401736801,NOP,4395623,3.0,1.6,0.6
401736801,NOP,4397688,40.0,12.9,11.9
401736801,NOP,4432162,26.0,6.8,5.0
401736801,NOP,4592686,3.0,1.4,1.4
401736801,NOP,5061589,31.0,9.1,8.6
401736801,SAC,3978,34.0,23.3,19.6
401736801,SAC,2596107,6.0,1.0,1.4
401736801,SAC,3155942,34.0,36.2,31.2
401736801,SAC,4066259,37.0,11.2,9.1
401736801,SAC,4066262,34.0,4.2,2.4
401736801,SAC,4066372,28.0,4.4,1.2
401736801,SAC,4433378,5.0,-0.4,0.0
401736801,SAC,4593049,3.0,0.0,0.0
401736801,SAC,4594327,34.0,14.1,14.5
401736801,SAC,4702177,20.0,1.4,0.3
401736801,SAC,5107818,5.0,-1.4,-1.4
401736802,CLE,6474,11.0,-0.7,-0.8
401736802,CLE,2990969,22.0,8.2,8.1
401736802,CLE,2991043,28.0,13.1,10.9
401736802,CLE,3908809,34.0,15.4,13.0
401736802,CLE,3912848,19.0,0.4,-0.1
401736802,CLE,4065733,10.0,2.6,0.0
401736802,CLE,4066328,33.0,22.9,18.8
401736802,CLE,4066757,24.0,7.4,6.0
401736802,CLE,4396907,33.0,19.2,15.7
401736802,CLE,4432822,25.0,9.6,8.4
401736802,WAS,6477,17.0,3.4,3.4
401736802,WAS,2581184,7.0,-2.9,-2.4
401736802,WAS,4277848,5.0,5.0,5.4
401736802,WAS,4277956,36.0,9.7,6.8
401736802,WAS,4395695,18.0,4.6,5.1
401736802,WAS,4432356,27.0,8.4,5.0
401736802,WAS,4432907,36.0,13.3,11.0
401736802,WAS,4845374,28.0,0.5,0.0
401736802,WAS,5104155,40.0,21.7,18.9
401736802,WAS,5160992,27.0,12.8,11.2
401736803,IND,2530530,18.0,10.1,8.5
401736803,IND,3133628,25.0,3.5,3.3
401736803,IND,3149673,31.0,21.9,18.9
401736803,IND,4278355,31.0,21.8,18.6
401736803,IND,4395712,33.0,5.5,5.1
401736803,IND,4396993,35.0,29.0,27.1
401736803,IND,4592699,2.0,1.7,1.7
401736803,IND,4592829,2.0,0.6,1.0
401736803,IND,4683634,37.0,10.1,6.7
401736803,IND,5106060,15.0,-0.3,0.3
401736803,IND,5157066,11.0,4.0,3.4
401736803,PHI,4251,35.0,12.1,7.6
401736803,PHI,6443,5.0,2.3,2.7
401736803,PHI,6585,23.0,8.6,7.1
401736803,PHI,3059318,17.0,11.0,10.1
401736803,PHI,3133603,34.0,11.1,9.2
401736803,PHI,4017844,14.0,0.2,-0.1
401736803,PHI,4431678,37.0,10.3,8.9
401736803,PHI,4431828,24.0,10.2,10.4
401736803,PHI,4683778,29.0,0.0,1.7
401736803,PHI,4701234,22.0,12.0,9.2
401736804,LAL,6583,36.0,13.6,9.2
401736804,LAL,3136776,20.0,-2.5,-2.5
401736804,LAL,3137259,25.0,1.4,1.0
401736804,LAL,4066457,30.0,12.0,12.8
401736804,LAL,4066648,39.0,4.3,1.6
401736804,LAL,4395627,23.0,4.7,3.1
401736804,LAL,4431778,12.0,3.4,0.0
401736804,LAL,4432582,37.0,11.0,10.2
401736804,LAL,4897943,19.0,5.3,3.6
401736804,MIN,3195,29.0,3.9,2.7
401736804,MIN,3032976,38.0,16.2,12.5
401736804,MIN,3064514,33.0,13.6,13.7
401736804,MIN,3934673,20.0,3.5,1.0
401736804,MIN,4278039,19.0,-1.0,-2.1
401736804,MIN,4396971,26.0,3.6,2.9
401736804,MIN,4431671,37.0,19.8,11.4
401736804,MIN,4594268,33.0,11.4,8.9
401736804,MIN,4684275,8.0,5.0,4.0
401736805,BKN,2578185,30.0,20.6,16.4
401736805,BKN,3032979,26.0,11.1,10.0
401736805,BKN,3138196,31.0,9.3,7.3
401736805,BKN,3907387,21.0,5.0,3.9
401736805,BKN,3915195,16.0,13.3,11.1
401736805,BKN,4278067,28.0,4.4,2.0
401736805,BKN,4431714,29.0,10.1,8.3
401736805,BKN,4432192,23.0,7.1,7.0
401736805,BKN,4432194,17.0,8.7,8.1
401736805,BKN,4712896,18.0,6.6,6.3
401736805,MEM,2990992,23.0,4.0,4.1
401736805,MEM,3134932,1.0,0.0,0.0
401736805,MEM,3906665,23.0,8.6,8.8
401736805,MEM,4065731,12.0,4.1,5.1
401736805,MEM,4066320,28.0,23.6,20.7
401736805,MEM,4277961,32.0,19.4,13.3
401736805,MEM,4279888,32.0,24.6,22.9
401736805,MEM,4397204,1.0,0.0,0.0
401736805,MEM,4431785,15.0,7.2,6.1
401736805,MEM,4592691,20.0,1.0,-0.6
401736805,MEM,4593125,26.0,13.7,11.9
401736805,MEM,5112087,25.0,10.6,9.2
401736805,MEM,5159895,1.0,0.7,0.7
401736806,CHA,3986,1.0,1.0,0.0
401736806,CHA,2326307,5.0,-1.0,-1.0
401736806,CHA,3102532,25.0,1.4,1.7
401736806,CHA,3138161,25.0,1.1,0.6
401736806,CHA,4066383,25.0,11.4,9.7
401736806,CHA,4278076,16.0,1.7,-0.8
401736806,CHA,4431727,22.0,8.1,6.3
401736806,CHA,4432811,31.0,4.8,3.6
401736806,CHA,4433249,8.0,4.5,4.4
401736806,CHA,4433287,38.0,7.3,4.6
401736806,CHA,4683834,5.0,0.3,0.0
401736806,CHA,4701232,17.0,17.3,16.3
401736806,CHA,5211176,23.0,5.8,4.7
401736806,CHI,3064440,34.0,7.0,3.6
401736806,CHI,4066421,19.0,12.9,9.8
401736806,CHI,4395651,32.0,9.0,7.6
401736806,CHI,4396991,13.0,4.0,2.4
401736806,CHI,4397002,32.0,17.7,16.3
401736806,CHI,4397189,29.0,12.2,7.9
401736806,CHI,4431687,14.0,-0.6,-0.8
401736806,CHI,4702023,8.0,3.4,3.1
401736806,CHI,4711294,20.0,4.2,1.9
401736806,CHI,4871145,29.0,18.1,12.7
401736806,CHI,5105553,9.0,5.4,5.3
401736807,DEN,3442,14.0,9.2,5.5
401736807,DEN,3468,24.0,1.1,-1.4
401736807,DEN,3064290,23.0,12.1,11.1
401736807,DEN,3112335,30.0,11.0,7.7
401736807,DEN,3936299,32.0,13.5,8.1
401736807,DEN,4278104,29.0,14.4,13.4
401736807,DEN,4395620,5.0,2.6,2.7
401736807,DEN,4398390,4.0,3.4,3.4
401736807,DEN,4431690,4.0,1.4,1.4
401736807,DEN,4431767,24.0,7.2,5.4
401736807,DEN,4432181,26.0,9.8,9.0
401736807,DEN,4576087,26.0,15.7,12.8
401736807,LAC,3416,22.0,5.4,3.7
401736807,LAC,3992,32.0,5.5,2.4
401736807,LAC,2595516,30.0,9.7,10.0
401736807,LAC,2991139,21.0,8.6,4.7
401736807,LAC,4017837,32.0,13.5,9.8
401736807,LAC,4066387,29.0,4.6,3.2
401736807,LAC,4277919,10.0,1.1,0.3
401736807,LAC,4396818,15.0,-1.4,-1.0
401736807,LAC,4397140,24.0,12.3,11.0
401736807,LAC,4431699,5.0,4.0,2.4
401736807,LAC,4592492,21.0,7.9,6.3
401736808,PHX,3202,34.0,27.7,25.9
401736808,PHX,2488653,10.0,2.7,0.8
401736808,PHX,2583632,28.0,15.6,15.2
401736808,PHX,3059310,16.0,-0.5,-1.8
401736808,PHX,3102530,31.0,11.9,8.2
401736808,PHX,3135045,25.0,8.2,5.7
401736808,PHX,3135046,32.0,22.9,22.8
401736808,PHX,3136193,38.0,27.9,27.3
401736808,PHX,4065663,6.0,1.7,0.7
401736808,PHX,4601023,6.0,0.9,0.0
401736808,PHX,4888725,13.0,11.3,9.4
401736808,UTA,2528426,31.0,17.2,16.5
401736808,UTA,3908845,35.0,24.0,19.2
401736808,UTA,4066336,34.0,16.1,16.5
401736808,UTA,4277811,24.0,-0.6,-0.4
401736808,UTA,4432817,13.0,1.5,2.0
401736808,UTA,4433136,34.0,15.4,14.2
401736808,UTA,4433627,31.0,18.4,14.6
401736808,UTA,4683766,12.0,3.7,2.1
401736808,UTA,4684793,14.0,6.7,6.8
401736808,UTA,5105839,13.0,6.3,6.4
401736809,POR,2991070,38.0,22.9,22.6
401736809,POR,4351851,37.0,30.1,27.6
401736809,POR,4397885,8.0,-0.2,-0.8
401736809,POR,4431736,38.0,9.6,5.8
401736809,POR,4432446,22.0,5.2,3.7
401736809,POR,4683021,26.0,18.6,17.0
401736809,POR,4683678,22.0,1.8,1.0
401736809,POR,4914336,33.0,6.5,5.4
401736809,POR,5105565,15.0,2.7,2.8
401736809,SAS,2779,11.0,6.7,5.2
401736809,SAS,6578,34.0,8.0,8.1
401736809,SAS,4278580,13.0,1.6,0.7
401736809,SAS,4395630,30.0,15.1,15.1
401736809,SAS,4397886,14.0,7.4,6.1
401736809,SAS,4565201,15.0,-0.4,-0.3
401736809,SAS,4592479,31.0,12.7,11.3
401736809,SAS,4610139,32.0,16.8,13.9
401736809,SAS,4683935,25.0,12.6,11.0
401736809,SAS,5104157,34.0,23.5,20.5
401736810,IND,2530530,20.0,7.1,8.0
401736810,IND,3133628,28.0,17.2,12.4
401736810,IND,3149673,36.0,17.8,15.7
401736810,IND,3934723,11.0,7.4,6.1
401736810,IND,4278355,21.0,16.9,13.2
401736810,IND,4395712,28.0,13.9,14.0
401736810,IND,4396993,35.0,20.7,16.2
401736810,IND,4683634,28.0,3.3,2.7
401736810,IND,5106060,21.0,4.9,2.6
401736810,IND,5157066,12.0,-2.0,-2.4
401736810,NOP,2451037,14.0,3.0,1.4
401736810,NOP,2490149,31.0,3.5,4.6
401736810,NOP,2596112,14.0,2.7,2.6
401736810,NOP,3907497,35.0,12.3,8.9
401736810,NOP,4277813,38.0,14.1,10.7
401736810,NOP,4278572,8.0,0.6,0.0
401736810,NOP,4397688,36.0,10.8,6.9
401736810,NOP,4432162,31.0,12.0,11.9
401736810,NOP,5061589,34.0,13.4,10.2
401736811,BOS,3995,24.0,8.3,7.0
401736811,BOS,3064560,27.0,11.9,9.4
401736811,BOS,3078576,35.0,15.4,11.7
401736811,BOS,3102531,11.0,9.8,9.9
401736811,BOS,3917376,26.0,5.6,1.4
401736811,BOS,4065648,35.0,14.4,12.7
401736811,BOS,4065804,28.0,12.2,8.7
401736811,BOS,4066354,37.0,13.5,12.6
401736811,BOS,4277964,2.0,-1.1,-1.7
401736811,BOS,4397424,10.0,0.2,-2.0
401736811,BOS,4432164,2.0,0.6,0.6
401736811,BOS,4683689,2.0,0.0,0.0
401736811,WAS,6477,9.0,0.6,0.0
401736811,WAS,2581184,11.0,2.2,2.0
401736811,WAS,4277848,11.0,2.5,1.6
401736811,WAS,4277956,36.0,13.7,12.8
401736811,WAS,4395695,14.0,4.9,4.1
401736811,WAS,4432356,13.0,5.3,3.3
401736811,WAS,4432907,39.0,19.2,12.9
401736811,WAS,4433246,1.0,0.0,0.0
401736811,WAS,4845374,40.0,8.7,6.1
401736811,WAS,5104155,37.0,9.7,9.1
401736811,WAS,5160992,28.0,3.1,2.9
401736812,MIN,3195,28.0,10.1,8.6
401736812,MIN,3032976,35.0,8.5,6.1
401736812,MIN,3064514,29.0,8.1,6.0
401736812,MIN,3923250,3.0,0.0,0.0
401736812,MIN,3934673,20.0,5.2,3.7
401736812,MIN,4277951,3.0,2.3,2.7
401736812,MIN,4278039,24.0,14.3,11.7
401736812,MIN,4396971,27.0,1.2,-1.5
401736812,MIN,4431671,28.0,14.8,9.1
401736812,MIN,4432847,3.0,1.7,1.7
401736812,MIN,4594268,28.0,16.0,15.7
401736812,MIN,4684275,9.0,3.0,1.7
401736812,MIN,4687718,3.0,1.7,1.7
401736812,SAS,2779,30.0,2.2,0.5
401736812,SAS,6578,30.0,13.7,14.1
401736812,SAS,4278580,8.0,1.9,2.0
401736812,SAS,4395630,25.0,-2.9,-2.9
401736812,SAS,4397886,15.0,6.9,6.2
401736812,SAS,4565201,3.0,0.7,0.7
401736812,SAS,4592479,29.0,7.3,4.9
401736812,SAS,4610139,30.0,18.2,13.7
401736812,SAS,4683935,9.0,5.4,5.2
401736812,SAS,4845367,23.0,-2.5,-2.7
401736812,SAS,5081727,3.0,5.4,5.4
401736812,SAS,5104157,33.0,16.0,9.4
401736813,PHX,3202,36.0,13.7,11.0
401736813,PHX,2488653,12.0,3.0,1.4
401736813,PHX,2583632,32.0,10.9,10.1
401736813,PHX,3059310,16.0,5.0,3.4
401736813,PHX,3102530,26.0,7.6,4.8
401736813,PHX,3135045,24.0,5.6,5.9
401736813,PHX,3135046,32.0,16.7,16.7
401736813,PHX,3136193,37.0,24.0,22.4
401736813,PHX,4065663,3.0,2.7,1.7
401736813,PHX,4601023,6.0,4.7,3.4
401736813,PHX,4888725,15.0,2.3,2.0
401736813,POR,2991070,36.0,12.9,9.9
401736813,POR,4066211,17.0,7.0,7.2
401736813,POR,4351851,37.0,17.6,15.5
401736813,POR,4397885,14.0,3.9,4.1
401736813,POR,4431736,32.0,12.1,10.1
401736813,POR,4432446,6.0,2.0,1.7
401736813,POR,4683021,28.0,12.1,10.4
401736813,POR,4683678,19.0,0.4,1.0
401736813,POR,4914336,32.0,9.5,7.7
401736813,POR,5105565,19.0,8.5,7.6
401736814,LAL,1966,34.0,13.9,11.1
401736814,LAL,6583,33.0,34.3,29.6
401736814,LAL,3136776,17.0,2.4,0.9
401736814,LAL,3137259,14.0,2.9,0.3
401736814,LAL,4066457,36.0,16.5,15.5
401736814,LAL,4066648,38.0,4.1,2.9
401736814,LAL,4395627,14.0,6.1,4.7
401736814,LAL,4431778,12.0,-0.2,0.6
401736814,LAL,4432582,29.0,5.1,5.7
401736814,LAL,4897943,13.0,1.1,0.6
401736814,MEM,2990992,29.0,2.1,2.3
401736814,MEM,3906665,13.0,3.8,3.0
401736814,MEM,3913174,18.0,11.1,9.0
401736814,MEM,4065731,6.0,1.8,1.0
401736814,MEM,4066320,28.0,7.8,7.9
401736814,MEM,4277961,29.0,19.0,19.2
401736814,MEM,4279888,31.0,8.8,5.5
401736814,MEM,4431785,9.0,-2.5,-3.4
401736814,MEM,4592691,14.0,-0.2,-1.0
401736814,MEM,4593125,19.0,3.8,1.5
401736814,MEM,4600663,24.0,16.8,16.1
401736814,MEM,5112087,18.0,2.0,3.6
401736815,CHA,3102532,16.0,-1.7,-1.6
401736815,CHA,3138161,29.0,9.7,7.8
401736815,CHA,4066383,28.0,15.9,14.8
401736815,CHA,4278076,15.0,14.9,12.8
401736815,CHA,4431727,14.0,5.0,5.8
401736815,CHA,4432811,30.0,8.7,5.3
401736815,CHA,4432816,26.0,14.7,10.4
401736815,CHA,4433249,16.0,3.9,3.8
401736815,CHA,4433287,31.0,8.8,7.7
401736815,CHA,4701232,17.0,7.6,6.1
401736815,CHA,5211176,18.0,-1.6,-2.5
401736815,PHI,3012,18.0,3.8,3.3
401736815,PHI,3431,26.0,7.7,6.4
401736815,PHI,4251,40.0,28.8,25.4
401736815,PHI,6585,28.0,9.6,4.5
401736815,PHI,3133603,40.0,18.3,14.2
401736815,PHI,4017844,18.0,-0.6,-0.7
401736815,PHI,4431678,40.0,28.2,24.2
401736815,PHI,4431828,21.0,-1.4,-1.0
401736815,PHI,4701234,9.0,3.9,3.3
401736816,DET,2528210,36.0,8.9,9.3
401736816,DET,3899664,24.0,5.0,4.7
401736816,DET,3907822,41.0,20.6,19.8
401736816,DET,4278562,12.0,4.6,4.7
401736816,DET,4432107,21.0,4.9,5.1
401736816,DET,4432166,42.0,22.3,19.4
401736816,DET,4432810,7.0,1.9,1.0
401736816,DET,4433621,32.0,8.2,4.9
401736816,DET,4683771,23.0,7.1,5.3
401736816,DET,4684742,27.0,14.7,9.3
401736816,MIA,3449,12.0,0.7,-0.0
401736816,MIA,6430,44.0,44.5,36.2
401736816,MIA,3074752,34.0,10.5,9.5
401736816,MIA,3157465,24.0,6.5,6.7
401736816,MIA,4066261,41.0,13.5,10.8
401736816,MIA,4066993,31.0,9.0,5.4
401736816,MIA,4291678,20.0,4.3,2.4
401736816,MIA,4395725,41.0,9.0,6.8
401736816,MIA,4432848,19.0,8.5,8.4
401736817,CHI,6478,32.0,20.3,18.9
401736817,CHI,4066421,23.0,7.1,5.1
401736817,CHI,4395651,35.0,11.0,9.6
401736817,CHI,4396991,25.0,10.9,9.5
401736817,CHI,4397002,40.0,8.6,6.6
401736817,CHI,4397189,16.0,11.7,9.8
401736817,CHI,4431687,21.0,7.3,4.7
401736817,CHI,4711294,13.0,6.2,5.4
401736817,CHI,4871145,24.0,17.0,12.7
401736817,CHI,5105553,12.0,6.6,6.1
401736817,TOR,4023,3.0,-1.7,-1.7
401736817,TOR,2489663,13.0,2.8,1.9
401736817,TOR,3134908,22.0,6.3,4.1
401736817,TOR,3948153,21.0,9.5,8.3
401736817,TOR,4278053,16.0,2.8,1.8
401736817,TOR,4395625,37.0,23.4,20.2
401736817,TOR,4397018,31.0,11.2,10.3
401736817,TOR,4432241,12.0,14.6,13.4
401736817,TOR,4684272,24.0,5.9,4.1
401736817,TOR,5106258,33.0,17.2,17.3
401736817,TOR,5107897,28.0,1.0,0.3
401736818,BKN,2578185,24.0,6.1,5.7
401736818,BKN,3138196,28.0,16.5,15.9
401736818,BKN,3907387,31.0,9.5,6.3
401736818,BKN,3915195,17.0,-0.9,0.6
401736818,BKN,4278067,23.0,8.3,7.5
401736818,BKN,4397179,18.0,3.3,1.4
401736818,BKN,4431675,10.0,6.7,6.7
401736818,BKN,4431714,29.0,8.0,6.9
401736818,BKN,4432192,24.0,0.8,0.6
401736818,BKN,4432194,20.0,13.2,9.8
401736818,BKN,4712896,17.0,-2.8,-1.7
401736818,CLE,6474,7.0,-0.9,-2.5
401736818,CLE,2990969,25.0,14.3,14.0
401736818,CLE,2991043,19.0,19.1,15.8
401736818,CLE,3908809,30.0,16.8,12.7
401736818,CLE,3912848,23.0,5.8,2.7
401736818,CLE,4065733,16.0,5.0,3.1
401736818,CLE,4066328,24.0,16.7,14.0
401736818,CLE,4066757,24.0,4.1,3.9
401736818,CLE,4396907,24.0,7.9,6.6
401736818,CLE,4432158,23.0,18.6,17.6
401736818,CLE,4432822,20.0,11.7,11.5
401736818,CLE,4702233,5.0,3.9,4.0
401736819,DEN,3442,10.0,1.9,0.4
401736819,DEN,3468,35.0,21.0,17.4
401736819,DEN,3064290,31.0,20.3,20.6
401736819,DEN,3112335,38.0,21.3,15.0
401736819,DEN,3936299,38.0,17.9,17.4
401736819,DEN,4278104,31.0,10.4,7.4
401736819,DEN,4395620,17.0,7.2,6.8
401736819,DEN,4432181,23.0,9.2,7.7
401736819,DEN,4576087,17.0,6.1,6.0
401736819,SAC,3978,34.0,9.7,8.7
401736819,SAC,6581,5.0,-0.4,-0.3
401736819,SAC,2528588,27.0,11.6,12.1
401736819,SAC,2596107,2.0,-0.4,0.0
401736819,SAC,3155942,41.0,28.6,23.8
401736819,SAC,4066259,39.0,18.7,18.1
401736819,SAC,4066262,34.0,22.6,19.3
401736819,SAC,4433378,18.0,0.8,-0.7
401736819,SAC,4702177,33.0,16.4,11.1
401736819,SAC,5107818,6.0,1.9,1.0
401736820,LAC,3416,16.0,3.8,1.3
401736820,LAC,3992,31.0,34.1,32.9
401736820,LAC,2595516,28.0,23.3,22.3
401736820,LAC,2991139,24.0,12.0,10.2
401736820,LAC,4017837,26.0,21.5,17.3
401736820,LAC,4066387,34.0,15.0,14.9
401736820,LAC,4277919,17.0,6.7,5.0
401736820,LAC,4396818,20.0,-1.5,-1.8
401736820,LAC,4397140,26.0,9.4,5.7
401736820,LAC,4431699,6.0,-0.1,0.0
401736820,LAC,4592492,12.0,9.1,6.1
401736820,UTA,2528426,23.0,9.3,8.3
401736820,UTA,3908845,38.0,9.5,6.5
401736820,UTA,4066336,25.0,15.1,12.5
401736820,UTA,4277811,24.0,11.4,12.2
401736820,UTA,4432817,22.0,9.1,9.4
401736820,UTA,4433136,23.0,9.0,7.2
401736820,UTA,4433627,33.0,2.5,2.8
401736820,UTA,4683766,12.0,-0.4,-1.0
401736820,UTA,4684793,15.0,3.6,3.7
401736820,UTA,5105839,25.0,3.1,1.0
401737902,NYK,3062679,33.0,11.2,5.4
401737902,NYK,3064230,10.0,0.9,0.7
401737902,NYK,3136195,43.0,19.1,14.6
401737902,NYK,3147657,41.0,13.0,11.8
401737902,NYK,3934672,38.0,22.0,20.9
401737902,NYK,3934719,37.0,3.4,2.0
401737902,NYK,4431679,18.0,4.4,3.0
401737902,NYK,4431823,21.0,4.1,4.6
401737902,ORL,6446,9.0,1.3,1.4
401737902,ORL,2581018,33.0,0.8,0.0
401737902,ORL,3150844,26.0,24.2,22.0
401737902,ORL,4065654,15.0,5.6,2.7
401737902,ORL,4277847,27.0,2.4,1.0
401737902,ORL,4348700,25.0,9.0,4.2
401737902,ORL,4409222,2.0,-0.4,0.0
401737902,ORL,4432165,32.0,3.5,1.6
401737902,ORL,4432809,9.0,6.8,5.5
401737902,ORL,4433623,6.0,2.0,2.0
401737902,ORL,4702382,32.0,11.6,13.2
401737902,ORL,4712849,20.0,2.1,1.6
401737902,ORL,5105806,5.0,-2.8,-2.4
401737912,DAL,6442,35.0,17.5,16.9
401737912,DAL,6475,29.0,27.2,24.2
401737912,DAL,2531367,1.0,0.0,0.0
401737912,DAL,2580782,21.0,0.3,-0.6
401737912,DAL,3945274,38.0,48.7,42.0
401737912,DAL,4278049,17.0,7.9,7.6
401737912,DAL,4278078,35.0,10.5,8.7
401737912,DAL,4397014,19.0,9.2,7.6
401737912,DAL,4397693,1.0,0.0,0.0
401737912,DAL,4595400,13.0,4.3,3.4
401737912,DAL,4683688,30.0,9.5,7.5
401737912,DAL,4708972,1.0,0.0,0.0
401737912,GSW,3975,35.0,23.4,21.3
401737912,GSW,6589,29.0,15.3,14.5
401737912,GSW,2990984,27.0,0.8,0.2
401737912,GSW,3059319,34.0,23.0,21.5
401737912,GSW,3134903,11.0,6.1,4.8
401737912,GSW,3155535,21.0,7.8,6.9
401737912,GSW,4066317,21.0,13.8,10.1
401737912,GSW,4431684,14.0,7.5,7.8
401737912,GSW,4433247,30.0,17.4,18.7
401737912,GSW,4592714,1.0,0.0,0.0
401737912,GSW,4709138,16.0,1.2,1.3
401748704,CHA,2326307,16.0,8.9,7.7
401748704,CHA,2583639,15.0,-0.9,-1.0
401748704,CHA,3102530,18.0,6.2,1.8
401748704,CHA,3913220,15.0,1.2,1.3
401748704,CHA,4066383,33.0,21.5,15.5
401748704,CHA,4432811,34.0,-0.6,-2.0
401748704,CHA,4432816,33.0,20.6,18.5
401748704,CHA,4683686,29.0,3.8,2.2
401748704,CHA,4701232,29.0,9.0,8.1
401748704,CHA,5211176,18.0,2.5,0.3
401748704,LAL,1966,38.0,25.2,21.0
401748704,LAL,2578185,28.0,12.5,12.6
401748704,LAL,2596107,10.0,-0.1,0.0
401748704,LAL,3137259,20.0,2.8,3.7
401748704,LAL,3945274,33.0,5.3,3.3
401748704,LAL,4066457,27.0,3.1,1.3
401748704,LAL,4066648,39.0,12.7,10.3
401748704,LAL,4278077,13.0,1.5,0.3
401748704,LAL,4397077,18.0,7.9,5.8
401748704,LAL,4897943,13.0,1.4,-0.4
401748705,ATL,2580365,20.0,4.7,2.2
401748705,ATL,3913180,12.0,-0.5,-0.1
401748705,ATL,4065732,29.0,6.2,5.5
401748705,ATL,4277905,34.0,11.4,11.6
401748705,ATL,4279118,22.0,3.3,3.1
401748705,ATL,4431680,28.0,8.8,6.5
401748705,ATL,4578893,36.0,9.0,5.2
401748705,ATL,4712863,22.0,8.5,6.7
401748705,ATL,4869342,37.0,15.7,9.8
401748705,HOU,2991230,36.0,2.3,1.7
401748705,HOU,3136777,25.0,18.3,13.8
401748705,HOU,3146557,16.0,5.6,4.5
401748705,HOU,3155526,32.0,1.7,1.9
401748705,HOU,3922230,17.0,8.8,7.8
401748705,HOU,4437244,33.0,9.2,5.6
401748705,HOU,4684740,31.0,13.2,9.1
401748705,HOU,4871144,29.0,15.4,13.2
401748705,HOU,5105592,20.0,-0.7,-2.0
401748706,CHA,2326307,12.0,-0.1,-1.4
401748706,CHA,3102530,12.0,0.7,-1.4
401748706,CHA,3913220,36.0,3.5,0.9
401748706,CHA,4066383,25.0,2.4,1.3
401748706,CHA,4277892,17.0,5.2,6.1
401748706,CHA,4432811,27.0,6.6,5.7
401748706,CHA,4432816,31.0,3.9,4.5
401748706,CHA,4433249,13.0,6.4,6.8
401748706,CHA,4592187,21.0,8.5,7.2
401748706,CHA,4683686,20.0,4.3,4.0
401748706,CHA,4701232,25.0,22.0,18.5
401748706,LAC,3416,15.0,5.5,4.1
401748706,LAC,3992,31.0,32.0,27.7
401748706,LAC,4004,7.0,4.3,4.7
401748706,LAC,6450,27.0,22.4,18.6
401748706,LAC,2595516,23.0,0.4,-0.9
401748706,LAC,3037789,19.0,5.9,5.1
401748706,LAC,3907387,15.0,1.7,1.4
401748706,LAC,3914285,12.0,9.6,7.8
401748706,LAC,3936099,28.0,9.6,9.4
401748706,LAC,4017837,28.0,18.4,13.7
401748706,LAC,4066387,20.0,4.9,3.6
401748706,LAC,4431752,7.0,2.9,2.4
401748706,LAC,4845363,7.0,1.0,0.0
401754705,LAL,2578185,28.0,10.2,10.3
401754705,LAL,3137259,28.0,10.5,9.1
401754705,LAL,3915195,7.0,3.4,2.4
401754705,LAL,3945274,34.0,21.4,16.0
401754705,LAL,4066457,36.0,26.4,22.3
401754705,LAL,4278077,15.0,0.6,0.7
401754705,LAL,4278402,33.0,17.7,13.9
401754705,LAL,4397077,28.0,12.8,7.8
401754705,LAL,4431778,9.0,3.7,3.1
401754705,LAL,4683774,3.0,2.0,2.0
401754705,LAL,4897943,20.0,10.9,10.0
401754705,SAS,2779,22.0,11.1,9.6
401754705,SAS,6427,20.0,3.4,3.4
401754705,SAS,6578,19.0,6.1,5.8
401754705,SAS,4278580,13.0,8.0,7.4
401754705,SAS,4395630,34.0,12.0,9.7
401754705,SAS,4395723,28.0,8.2,4.7
401754705,SAS,4592479,29.0,6.2,3.7
401754705,SAS,4610139,26.0,9.7,10.6
401754705,SAS,4683935,22.0,8.0,4.8
401754705,SAS,4845367,28.0,13.4,13.6
401754706,MIL,3448,34.0,22.5,17.6
401754706,MIL,2990962,29.0,1.9,1.0
401754706,MIL,3134907,30.0,10.9,9.5
401754706,MIL,4277843,40.0,20.7,20.3
401754706,MIL,4397140,34.0,17.8,13.7
401754706,MIL,4397233,14.0,5.3,3.8
401754706,MIL,4397475,25.0,2.6,3.3
401754706,MIL,4432190,6.0,0.9,0.0
401754706,MIL,4591725,28.0,17.8,11.7
401754706,NOP,2583639,28.0,2.7,2.6
401754706,NOP,4065670,32.0,14.2,13.5
401754706,NOP,4278572,22.0,-0.9,-3.0
401754706,NOP,4431689,32.0,12.1,8.7
401754706,NOP,4431720,25.0,12.0,12.5
401754706,NOP,4432813,16.0,6.3,5.1
401754706,NOP,4592686,37.0,12.8,11.7
401754706,NOP,4997538,19.0,9.3,6.7
401754706,NOP,5061589,30.0,18.5,14.9
401766122,IND,2530530,17.0,7.1,6.2
401766122,IND,3133628,28.0,9.2,7.1
401766122,IND,3149673,35.0,16.5,14.4
401766122,IND,3934723,8.0,3.2,4.4
401766122,IND,4278355,25.0,12.2,11.5
401766122,IND,4395712,32.0,10.1,10.4
401766122,IND,4396909,31.0,3.7,0.2
401766122,IND,4396993,39.0,11.4,8.5
401766122,IND,4433076,9.0,1.4,2.0
401766122,IND,4683634,16.0,3.9,4.0
401766122,OKC,2991350,28.0,11.6,8.0
401766122,OKC,3133626,1.0,0.0,0.0
401766122,OKC,4222252,17.0,10.4,8.1
401766122,OKC,4278073,40.0,26.0,22.3
401766122,OKC,4395702,11.0,3.7,3.7
401766122,OKC,4397020,36.0,16.9,12.1
401766122,OKC,4397183,9.0,0.6,-0.4
401766122,OKC,4433255,24.0,1.6,-0.5
401766122,OKC,4593803,36.0,11.3,11.0
401766122,OKC,4683692,33.0,3.1,1.6
401766122,OKC,4900671,4.0,0.0,0.0
401766123,IND,3999,3.0,0.9,1.7
401766123,IND,2530530,18.0,14.4,12.3
401766123,IND,3133628,27.0,9.8,9.4
401766123,IND,3149673,30.0,12.4,11.7
401766123,IND,3934723,12.0,0.1,-0.1
401766123,IND,4278355,19.0,0.7,-1.1
401766123,IND,4395712,32.0,12.2,8.7
401766123,IND,4396909,26.0,7.6,7.6
401766123,IND,4396993,34.0,13.8,9.9
401766123,IND,4433076,14.0,2.6,1.7
401766123,IND,4683634,22.0,7.6,8.6
401766123,IND,5157066,4.0,-0.1,0.0
401766123,OKC,2991350,27.0,13.5,14.1
401766123,OKC,3133626,8.0,2.4,1.1
401766123,OKC,4222252,22.0,8.0,5.5
401766123,OKC,4278073,36.0,31.9,26.9
401766123,OKC,4395702,6.0,-0.4,-0.7
401766123,OKC,4397020,26.0,1.6,2.0
401766123,OKC,4397183,21.0,14.2,12.7
401766123,OKC,4432823,2.0,2.0,1.7
401766123,OKC,4433255,28.0,10.5,9.1
401766123,OKC,4593803,34.0,14.4,13.7
401766123,OKC,4683692,23.0,5.5,3.4
401766123,OKC,4702159,2.0,0.0,0.0
401766123,OKC,4900671,3.0,3.0,2.7
401766123,OKC,4997526,2.0,0.0,0.0
401766124,IND,2530530,15.0,12.4,7.8
401766124,IND,3133628,30.0,5.5,1.2
401766124,IND,3149673,32.0,20.1,16.8
401766124,IND,3934723,3.0,-0.8,0.0
401766124,IND,4278355,28.0,6.1,4.4
401766124,IND,4395712,33.0,2.6,3.7
401766124,IND,4396909,22.0,5.0,5.4
401766124,IND,4396993,36.0,22.8,18.1
401766124,IND,4433076,18.0,3.9,2.0
401766124,IND,4683634,22.0,23.8,22.2
401766124,OKC,2991350,32.0,9.8,7.8
401766124,OKC,3133626,2.0,-0.7,-0.7
401766124,OKC,4222252,18.0,1.8,0.7
401766124,OKC,4278073,42.0,14.5,11.4
401766124,OKC,4395702,4.0,4.6,5.4
401766124,OKC,4397020,36.0,8.4,8.7
401766124,OKC,4397183,10.0,-1.2,-0.3
401766124,OKC,4433255,35.0,16.3,12.6
401766124,OKC,4593803,36.0,15.9,14.9
401766124,OKC,4683692,24.0,5.5,3.7
401766125,IND,2530530,18.0,5.4,5.4
401766125,IND,3133628,30.0,5.6,7.3
401766125,IND,3149673,35.0,20.5,13.6
401766125,IND,4278355,29.0,13.9,11.6
401766125,IND,4395712,36.0,4.4,2.7
401766125,IND,4396909,30.0,5.8,5.7
401766125,IND,4396993,36.0,12.4,10.2
401766125,IND,4433076,12.0,0.5,1.7
401766125,IND,4683634,14.0,4.6,4.8
401766125,OKC,2991350,30.0,19.9,15.1
401766125,OKC,3133626,11.0,3.4,3.1
401766125,OKC,4222252,21.0,3.6,3.5
401766125,OKC,4278073,40.0,24.0,21.0
401766125,OKC,4395702,5.0,-0.2,-0.7
401766125,OKC,4397020,33.0,4.3,4.0
401766125,OKC,4397183,8.0,0.2,-0.8
401766125,OKC,4433255,37.0,15.2,11.8
401766125,OKC,4593803,36.0,17.0,16.4
401766125,OKC,4683692,19.0,-1.7,-0.7
401766126,IND,2530530,22.0,13.2,11.2
401766126,IND,3133628,25.0,13.0,11.7
401766126,IND,3149673,33.0,24.0,19.6
401766126,IND,3934723,2.0,1.0,0.7
401766126,IND,4065673,12.0,2.8,3.4
401766126,IND,4278355,22.0,8.2,6.3
401766126,IND,4395712,36.0,2.2,2.1
401766126,IND,4396909,25.0,9.7,9.8
401766126,IND,4396993,34.0,2.3,1.7
401766126,IND,4433076,6.0,0.0,-0.3
401766126,IND,4683634,22.0,4.4,3.2
401766126,IND,5157066,2.0,1.3,1.3
401766126,OKC,2991350,29.0,1.7,-2.1
401766126,OKC,3133626,11.0,0.3,0.0
401766126,OKC,4222252,21.0,9.3,8.2
401766126,OKC,4278073,38.0,27.3,23.5
401766126,OKC,4397020,32.0,11.9,9.9
401766126,OKC,4397183,22.0,9.4,7.6
401766126,OKC,4433255,34.0,4.3,0.6
401766126,OKC,4593803,35.0,30.3,29.4
401766126,OKC,4683692,17.0,14.0,9.8
401766127,IND,3999,2.0,-0.7,-0.7
401766127,IND,2530530,24.0,12.7,7.1
401766127,IND,3133628,26.0,-1.4,-2.9
401766127,IND,3149673,32.0,15.5,13.2
401766127,IND,3934723,7.0,2.6,2.6
401766127,IND,4065673,6.0,3.0,3.0
401766127,IND,4278355,23.0,15.2,12.2
401766127,IND,4395712,31.0,18.1,15.9
401766127,IND,4396909,25.0,7.0,6.3
401766127,IND,4396993,23.0,12.0,10.1
401766127,IND,4433076,21.0,6.4,4.0
401766127,IND,4683634,14.0,3.2,-0.4
401766127,IND,5157066,6.0,-1.0,-1.0
401766127,OKC,2991350,22.0,0.2,-1.0
401766127,OKC,3133626,18.0,2.1,1.2
401766127,OKC,4222252,16.0,12.0,10.5
401766127,OKC,4278073,31.0,6.7,6.3
401766127,OKC,4395702,15.0,9.0,9.1
401766127,OKC,4397020,21.0,-0.1,-0.1
401766127,OKC,4397183,18.0,1.8,0.3
401766127,OKC,4432823,12.0,7.7,6.0
401766127,OKC,4433255,24.0,-2.1,-2.8
401766127,OKC,4593803,27.0,6.7,6.6
401766127,OKC,4683692,14.0,0.7,-0.4
401766127,OKC,4702159,7.0,3.7,3.8
401766127,OKC,4900671,12.0,0.7,0.4
401766127,OKC,4997526,3.0,2.0,1.3
401766128,IND,2530530,28.0,7.9,5.2
401766128,IND,3133628,24.0,2.9,3.2
401766128,IND,3149673,37.0,10.6,8.8
401766128,IND,3934723,1.0,-0.7,-0.7
401766128,IND,4065673,5.0,0.5,1.0
401766128,IND,4278355,21.0,-5.3,-5.1
401766128,IND,4395712,37.0,12.1,12.1
401766128,IND,4396909,30.0,2.8,0.3
401766128,IND,4396993,7.0,5.7,5.7
401766128,IND,4433076,16.0,-0.5,-1.0
401766128,IND,4683634,33.0,23.2,20.6
401766128,IND,5157066,1.0,0.0,0.0
401766128,OKC,2991350,32.0,8.8,6.0
401766128,OKC,3133626,5.0,0.0,0.0
401766128,OKC,4222252,18.0,10.3,7.5
401766128,OKC,4278073,40.0,22.2,20.3
401766128,OKC,4397020,35.0,6.9,3.9
401766128,OKC,4397183,12.0,-0.8,-0.7
401766128,OKC,4433255,31.0,20.1,15.0
401766128,OKC,4593803,38.0,11.4,9.8
401766128,OKC,4683692,26.0,9.6,7.8
401766128,OKC,4702159,1.0,-0.4,0.0
401766128,OKC,4900671,1.0,-1.0,-1.0
401766128,OKC,4997526,1.0,0.0,0.0
401766458,ATL,2990969,23.0,8.8,9.0
401766458,ATL,2991043,25.0,4.2,2.9
401766458,ATL,3907823,10.0,-0.2,-0.8
401766458,ATL,4277905,40.0,19.9,18.3
401766458,ATL,4431680,33.0,11.1,9.5
401766458,ATL,4578893,7.0,-1.0,-1.0
401766458,ATL,4712863,26.0,13.2,12.1
401766458,ATL,4869342,35.0,8.9,5.1
401766458,ATL,4870562,12.0,5.9,5.0
401766458,ATL,5211175,29.0,1.3,0.8
401766458,ORL,6446,18.0,7.7,7.4
401766458,ORL,2581018,26.0,2.3,2.6
401766458,ORL,2999547,13.0,2.2,2.0
401766458,ORL,4065654,18.0,9.7,5.2
401766458,ORL,4277847,26.0,17.3,16.9
401766458,ORL,4348700,4.0,2.6,2.4
401766458,ORL,4432573,33.0,13.8,10.6
401766458,ORL,4432809,20.0,22.8,23.0
401766458,ORL,4433623,12.0,-0.6,-0.7
401766458,ORL,4566434,34.0,10.0,5.3
401766458,ORL,4702382,4.0,2.6,2.3
401766458,ORL,4712849,28.0,18.1,16.6
401766458,ORL,5105806,4.0,-1.4,-1.4
401766459,GSW,3975,39.0,30.4,27.0
401766459,GSW,6430,40.0,32.9,30.0
401766459,GSW,6589,31.0,10.4,7.6
401766459,GSW,2990984,12.0,1.3,0.3
401766459,GSW,3134903,20.0,9.2,7.7
401766459,GSW,3155535,10.0,0.6,1.4
401766459,GSW,4432171,33.0,8.4,6.8
401766459,GSW,4593016,22.0,10.2,9.9
401766459,GSW,4709138,28.0,2.4,1.0
401766459,GSW,4997536,6.0,2.0,2.4
401766459,MEM,3134932,13.0,6.4,6.5
401766459,MEM,3913174,17.0,2.0,2.4
401766459,MEM,4066320,39.0,22.8,21.2
401766459,MEM,4277961,39.0,11.7,11.1
401766459,MEM,4279888,35.0,12.4,10.8
401766459,MEM,4397227,3.0,-1.4,-0.6
401766459,MEM,4431785,34.0,6.8,6.7
401766459,MEM,4593125,27.0,12.4,11.5
401766459,MEM,4600663,33.0,10.4,9.4
401766460,CHI,6478,38.0,14.0,10.1
401766460,CHI,4066372,32.0,8.6,6.7
401766460,CHI,4066650,5.0,1.4,1.4
401766460,CHI,4395651,42.0,1.5,1.1
401766460,CHI,4396991,16.0,8.3,5.4
401766460,CHI,4397189,4.0,0.7,0.7
401766460,CHI,4431687,15.0,-0.6,-1.4
401766460,CHI,4433159,13.0,0.2,-0.7
401766460,CHI,4711294,35.0,6.7,5.0
401766460,CHI,4871145,40.0,15.8,14.0
401766460,CHI,5105553,1.0,0.0,0.0
401766460,MIA,6429,17.0,2.1,-0.7
401766460,MIA,2993874,23.0,4.6,2.7
401766460,MIA,3059319,35.0,16.2,11.2
401766460,MIA,3157465,17.0,5.2,4.7
401766460,MIA,4066261,36.0,13.9,9.6
401766460,MIA,4278053,33.0,17.7,16.1
401766460,MIA,4291678,18.0,3.7,2.7
401766460,MIA,4395725,37.0,26.6,26.0
401766460,MIA,4431786,1.0,-1.0,-1.0
401766460,MIA,4432848,1.0,-0.7,-0.7
401766460,MIA,5105623,22.0,7.4,5.8
401766461,DAL,6475,33.0,22.1,18.9
401766461,DAL,6583,35.0,21.8,18.0
401766461,DAL,2531367,2.0,-0.7,-0.7
401766461,DAL,2580782,2.0,0.0,0.0
401766461,DAL,3102528,19.0,14.5,13.0
401766461,DAL,3138160,12.0,1.9,0.7
401766461,DAL,4278049,21.0,8.9,7.4
401766461,DAL,4278078,37.0,14.0,10.7
401766461,DAL,4278594,29.0,7.3,5.2
401766461,DAL,4397040,18.0,16.5,16.9
401766461,DAL,4432582,13.0,1.6,1.7
401766461,DAL,4683688,18.0,6.9,4.7
401766461,DAL,4868423,2.0,-1.1,-0.7
401766461,SAC,3978,43.0,20.5,17.6
401766461,SAC,6477,10.0,4.3,4.1
401766461,SAC,2528588,6.0,-2.4,-2.4
401766461,SAC,3064440,44.0,12.1,11.9
401766461,SAC,3136196,18.0,4.1,3.4
401766461,SAC,3155942,37.0,9.1,6.2
401766461,SAC,3919454,2.0,2.6,2.0
401766461,SAC,4066636,2.0,0.0,0.0
401766461,SAC,4433188,22.0,11.7,10.1
401766461,SAC,4594327,36.0,6.1,4.0
401766461,SAC,4702177,18.0,5.8,7.1
401766461,SAC,5107818,2.0,3.1,3.1
401766462,ATL,2990969,26.0,18.3,16.9
401766462,ATL,2991043,37.0,11.4,9.4
401766462,ATL,3907823,25.0,2.7,4.1
401766462,ATL,4277905,44.0,23.7,21.2
401766462,ATL,4431680,50.0,28.3,23.0
401766462,ATL,4578893,8.0,1.0,0.7
401766462,ATL,4712863,15.0,2.3,1.7
401766462,ATL,4869342,44.0,10.9,6.4
401766462,ATL,5211175,16.0,-2.7,-4.3
401766462,MIA,6429,11.0,3.1,3.0
401766462,MIA,2993874,12.0,3.6,2.7
401766462,MIA,3059319,43.0,14.1,13.1
401766462,MIA,3157465,10.0,4.6,4.7
401766462,MIA,4066261,44.0,22.5,14.6
401766462,MIA,4278053,40.0,9.7,11.0
401766462,MIA,4291678,40.0,14.4,11.2
401766462,MIA,4395725,44.0,22.2,20.5
401766462,MIA,5105623,22.0,12.1,9.6
401766463,DAL,6475,32.0,11.2,11.7
401766463,DAL,6583,37.0,28.9,25.1
401766463,DAL,2580782,4.0,-1.4,-1.4
401766463,DAL,3102528,13.0,1.3,0.0
401766463,DAL,3138160,11.0,-4.2,-3.4
401766463,DAL,4278049,18.0,5.7,4.1
401766463,DAL,4278078,27.0,-3.2,-4.7
401766463,DAL,4278594,34.0,16.5,11.6
401766463,DAL,4397040,22.0,15.2,14.5
401766463,DAL,4432582,21.0,6.9,6.7
401766463,DAL,4683688,20.0,5.9,2.1
401766463,MEM,3134932,24.0,7.8,5.1
401766463,MEM,4065731,2.0,-0.4,0.0
401766463,MEM,4066320,33.0,18.5,15.7
401766463,MEM,4066405,2.0,-0.7,-0.7
401766463,MEM,4277848,16.0,2.5,2.4
401766463,MEM,4277961,36.0,19.4,18.2
401766463,MEM,4279888,33.0,17.4,14.4
401766463,MEM,4397227,2.0,0.0,0.0
401766463,MEM,4431785,30.0,10.6,10.1
401766463,MEM,4593125,29.0,9.6,8.1
401766463,MEM,4600663,32.0,18.1,15.6
401766463,MEM,5105550,2.0,1.6,1.3
401767816,CLE,2596112,1.0,0.3,0.0
401767816,CLE,3908809,33.0,26.2,21.5
401767816,CLE,3912848,7.0,0.3,0.0
401767816,CLE,4065732,16.0,-0.8,-1.4
401767816,CLE,4065733,26.0,24.3,23.5
401767816,CLE,4065778,21.0,7.7,7.4
401767816,CLE,4066328,30.0,15.7,11.3
401767816,CLE,4066757,24.0,7.7,7.5
401767816,CLE,4278052,1.0,0.0,0.0
401767816,CLE,4396907,31.0,21.7,20.6
401767816,CLE,4432158,33.0,6.2,5.4
401767816,CLE,4432822,13.0,-0.8,-1.4
401767816,CLE,4683747,1.0,-0.8,-0.7
401767816,CLE,4701233,1.0,0.0,0.0
401767816,MIA,6429,15.0,6.7,6.1
401767816,MIA,2993874,6.0,0.3,0.0
401767816,MIA,3059319,38.0,8.9,6.4
401767816,MIA,3157465,15.0,3.8,3.7
401767816,MIA,4066261,39.0,19.1,15.3
401767816,MIA,4278053,34.0,17.5,17.5
401767816,MIA,4291678,31.0,7.9,7.2
401767816,MIA,4395725,37.0,9.9,9.6
401767816,MIA,4431786,1.0,0.0,0.0
401767816,MIA,4432848,1.0,-0.7,-0.7
401767816,MIA,4601025,1.0,0.0,0.0
401767816,MIA,4997528,1.0,-0.7,-0.7
401767816,MIA,5105623,20.0,5.1,3.8
401767817,IND,2530530,15.0,10.0,10.2
401767817,IND,3133628,31.0,18.9,14.4
401767817,IND,3149673,33.0,21.1,18.9
401767817,IND,3934723,12.0,5.3,5.3
401767817,IND,4278355,15.0,4.1,5.0
401767817,IND,4395712,29.0,16.0,13.6
401767817,IND,4396909,27.0,6.1,5.4
401767817,IND,4396993,34.0,10.0,8.7
401767817,IND,4683634,25.0,9.7,9.3
401767817,IND,5106060,17.0,4.4,2.0
401767817,IND,5157066,1.0,0.0,0.0
401767817,MIL,3448,21.0,5.8,5.7
401767817,MIL,2578239,1.0,1.3,1.7
401767817,MIL,2990962,20.0,1.0,0.4
401767817,MIL,3032977,38.0,24.8,20.5
401767817,MIL,3064482,25.0,1.0,-0.4
401767817,MIL,3134907,22.0,-5.1,-4.3
401767817,MIL,4277843,27.0,11.3,10.1
401767817,MIL,4277922,10.0,-0.5,-1.0
401767817,MIL,4397140,29.0,13.5,12.1
401767817,MIL,4397475,27.0,7.5,8.6
401767817,MIL,4432190,1.0,-0.7,-0.7
401767817,MIL,4433622,1.0,0.3,0.0
401767817,MIL,4591725,19.0,3.5,3.0
401767818,MEM,3134932,25.0,1.5,0.0
401767818,MEM,3913174,12.0,2.5,1.0
401767818,MEM,4065731,12.0,7.4,5.7
401767818,MEM,4066320,27.0,-1.6,-2.2
401767818,MEM,4066405,12.0,-0.6,-1.8
401767818,MEM,4277848,16.0,18.2,15.0
401767818,MEM,4277961,29.0,-3.2,-3.8
401767818,MEM,4279888,26.0,10.1,9.6
401767818,MEM,4397227,19.0,1.6,0.4
401767818,MEM,4431785,22.0,-4.5,-4.1
401767818,MEM,4593125,19.0,4.5,4.4
401767818,MEM,4600663,20.0,3.5,2.4
401767818,OKC,2991350,12.0,3.7,2.8
401767818,OKC,3133626,16.0,6.8,3.0
401767818,OKC,4222252,21.0,19.3,17.5
401767818,OKC,4278073,23.0,10.1,8.6
401767818,OKC,4395702,20.0,2.7,2.7
401767818,OKC,4397020,22.0,13.4,9.1
401767818,OKC,4397183,26.0,13.9,13.8
401767818,OKC,4432823,19.0,8.5,5.8
401767818,OKC,4433255,21.0,20.1,15.4
401767818,OKC,4593803,26.0,20.6,16.4
401767818,OKC,4683692,13.0,2.8,2.8
401767818,OKC,4702159,8.0,-0.7,-1.0
401767818,OKC,4900671,14.0,2.5,3.0
401767819,DEN,3468,34.0,10.6,8.6
401767819,DEN,3064290,46.0,20.9,18.8
401767819,DEN,3112335,46.0,27.4,22.6
401767819,DEN,3936299,48.0,15.0,12.0
401767819,DEN,4278104,26.0,0.8,0.3
401767819,DEN,4398390,5.0,1.9,1.7
401767819,DEN,4431767,45.0,8.4,7.4
401767819,DEN,4576087,14.0,3.8,3.0
401767819,LAC,3416,24.0,5.3,6.1
401767819,LAC,3992,43.0,27.2,26.7
401767819,LAC,6450,41.0,13.5,10.2
401767819,LAC,2595516,37.0,5.8,4.0
401767819,LAC,2991139,31.0,7.7,6.7
401767819,LAC,3037789,12.0,-3.8,-3.7
401767819,LAC,3907387,13.0,1.2,1.4
401767819,LAC,3936099,24.0,5.6,2.3
401767819,LAC,4017837,39.0,19.2,16.9
401767820,DET,6440,40.0,21.3,18.1
401767820,DET,2528210,28.0,13.0,11.7
401767820,DET,3032979,26.0,5.2,3.3
401767820,DET,3907822,35.0,14.5,11.7
401767820,DET,4432166,39.0,12.5,12.2
401767820,DET,4432810,19.0,3.0,2.4
401767820,DET,4433621,25.0,11.4,9.6
401767820,DET,4683771,6.0,-1.3,-1.3
401767820,DET,4684742,23.0,3.1,3.3
401767820,NYK,3062679,30.0,13.0,12.0
401767820,NYK,3064230,15.0,10.6,10.8
401767820,NYK,3136195,39.0,28.2,20.7
401767820,NYK,3147657,29.0,5.5,4.7
401767820,NYK,3914044,10.0,0.0,0.0
401767820,NYK,3934672,40.0,23.1,23.7
401767820,NYK,3934719,44.0,20.1,13.7
401767820,NYK,4351852,18.0,10.1,7.2
401767820,NYK,4431823,15.0,-0.8,-1.3
401767821,LAL,1966,36.0,13.7,8.4
401767821,LAL,2578185,33.0,2.2,2.7
401767821,LAL,2596107,3.0,1.7,1.4
401767821,LAL,3137259,25.0,2.3,2.0
401767821,LAL,3915195,3.0,-1.1,-0.7
401767821,LAL,3945274,40.0,25.3,22.4
401767821,LAL,4066457,37.0,8.7,9.0
401767821,LAL,4066648,30.0,5.8,4.3
401767821,LAL,4278077,14.0,4.7,3.1
401767821,LAL,4278402,6.0,-0.3,-0.3
401767821,LAL,4397077,8.0,0.9,0.6
401767821,LAL,4683774,3.0,-1.4,-1.4
401767821,LAL,4897943,3.0,4.7,4.4
401767821,MIN,3195,22.0,10.9,7.8
401767821,MIN,3032976,24.0,3.4,2.4
401767821,MIN,3064514,35.0,7.5,8.2
401767821,MIN,3934673,25.0,9.2,6.8
401767821,MIN,4277951,3.0,2.4,2.4
401767821,MIN,4278039,20.0,3.8,3.6
401767821,MIN,4396971,31.0,21.7,18.8
401767821,MIN,4431671,33.0,25.8,24.5
401767821,MIN,4432247,3.0,2.6,2.0
401767821,MIN,4432847,3.0,-0.7,-0.7
401767821,MIN,4594268,35.0,17.7,16.5
401767821,MIN,4687718,3.0,-0.7,-0.7
401767821,MIN,5044385,2.0,0.3,0.0
401767822,BOS,3213,25.0,6.5,4.8
401767822,BOS,3995,33.0,9.6,6.5
401767822,BOS,2528693,1.0,1.0,0.0
401767822,BOS,3064560,11.0,2.0,2.4
401767822,BOS,3078576,36.0,24.8,21.5
401767822,BOS,3102531,26.0,6.1,0.9
401767822,BOS,3917376,30.0,12.5,10.4
401767822,BOS,4065648,40.0,11.1,7.4
401767822,BOS,4065804,9.0,1.6,0.0
401767822,BOS,4066354,25.0,17.5,17.9
401767822,BOS,4576085,1.0,-0.4,-0.7
401767822,BOS,4683689,1.0,0.0,0.0
401767822,ORL,6446,26.0,-1.3,0.7
401767822,ORL,2581018,35.0,7.3,4.7
401767822,ORL,2999547,14.0,-1.1,-1.4
401767822,ORL,4065654,18.0,6.4,6.4
401767822,ORL,4277847,28.0,1.9,-0.3
401767822,ORL,4348700,1.0,0.0,0.0
401767822,ORL,4432573,42.0,26.9,22.8
401767822,ORL,4432809,10.0,3.0,3.4
401767822,ORL,4433623,13.0,1.3,1.0
401767822,ORL,4566434,36.0,10.8,8.7
401767822,ORL,4702382,1.0,-0.7,-1.0
401767822,ORL,4712849,14.0,3.3,2.7
401767823,GSW,3975,40.0,22.6,20.6
401767823,GSW,6430,42.0,26.0,20.2
401767823,GSW,6589,37.0,5.7,2.1
401767823,GSW,2990984,15.0,0.5,-0.4
401767823,GSW,3134903,16.0,6.2,3.7
401767823,GSW,3155535,9.0,-0.8,-0.7
401767823,GSW,4432171,28.0,3.8,4.7
401767823,GSW,4593016,12.0,-1.9,-1.4
401767823,GSW,4709138,35.0,13.0,9.7
401767823,GSW,4997536,7.0,3.6,3.7
401767823,HOU,2991230,40.0,1.7,1.2
401767823,HOU,2991235,20.0,8.9,6.8
401767823,HOU,3155526,34.0,8.8,9.0
401767823,HOU,4432639,25.0,9.2,7.5
401767823,HOU,4433192,21.0,3.9,0.6
401767823,HOU,4437244,31.0,0.5,-0.9
401767823,HOU,4684740,33.0,9.1,8.1
401767823,HOU,4871144,36.0,18.8,14.5
401767903,MEM,3134932,10.0,0.6,0.7
401767903,MEM,3913174,18.0,2.6,1.4
401767903,MEM,4066320,37.0,17.0,13.1
401767903,MEM,4277848,11.0,-3.2,-2.7
401767903,MEM,4277961,35.0,19.1,19.4
401767903,MEM,4279888,40.0,11.2,8.3
401767903,MEM,4431785,31.0,5.9,5.9
401767903,MEM,4593125,31.0,3.4,1.9
401767903,MEM,4600663,26.0,8.5,5.9
401767903,OKC,2991350,22.0,14.6,10.8
401767903,OKC,4222252,27.0,7.3,4.5
401767903,OKC,4278073,38.0,17.0,14.3
401767903,OKC,4395702,17.0,6.4,6.1
401767903,OKC,4397020,33.0,4.8,5.0
401767903,OKC,4397183,7.0,6.0,5.0
401767903,OKC,4432823,3.0,-0.1,0.0
401767903,OKC,4433255,33.0,18.4,12.6
401767903,OKC,4593803,35.0,18.8,16.8
401767903,OKC,4683692,24.0,6.6,5.8
401767904,MEM,3134932,17.0,4.1,4.7
401767904,MEM,3913174,33.0,8.6,4.4
401767904,MEM,4066320,37.0,4.3,0.6
401767904,MEM,4277961,38.0,14.2,13.0
401767904,MEM,4279888,16.0,12.7,12.4
401767904,MEM,4431785,38.0,21.7,18.5
401767904,MEM,4593125,31.0,8.4,7.0
401767904,MEM,4600663,30.0,8.7,8.5
401767904,OKC,2991350,23.0,12.9,7.8
401767904,OKC,4222252,21.0,4.8,5.8
401767904,OKC,4278073,40.0,20.3,19.4
401767904,OKC,4395702,15.0,10.5,9.5
401767904,OKC,4397020,35.0,-0.6,-2.2
401767904,OKC,4397183,7.0,-2.8,-2.8
401767904,OKC,4432823,4.0,0.3,0.0
401767904,OKC,4433255,32.0,16.6,16.0
401767904,OKC,4593803,37.0,22.4,19.0
401767904,OKC,4683692,24.0,7.2,6.5
401767904,OKC,4900671,2.0,0.9,0.6
401767905,MEM,3134932,16.0,7.2,4.8
401767905,MEM,3913174,18.0,3.0,2.8
401767905,MEM,4065731,6.0,1.3,0.7
401767905,MEM,4066320,38.0,9.8,10.6
401767905,MEM,4277961,35.0,3.5,1.9
401767905,MEM,4397227,18.0,12.2,10.8
401767905,MEM,4431785,37.0,19.2,19.5
401767905,MEM,4593125,40.0,19.1,17.6
401767905,MEM,4600663,33.0,11.8,7.5
401767905,OKC,2991350,26.0,10.0,6.7
401767905,OKC,3133626,2.0,-1.8,-1.7
401767905,OKC,4222252,25.0,14.0,8.9
401767905,OKC,4278073,38.0,32.6,30.2
401767905,OKC,4395702,14.0,9.7,8.4
401767905,OKC,4397020,28.0,1.0,1.9
401767905,OKC,4397183,15.0,7.3,5.7
401767905,OKC,4432823,4.0,-1.1,-0.7
401767905,OKC,4433255,29.0,10.2,5.2
401767905,OKC,4593803,38.0,14.8,15.8
401767905,OKC,4683692,21.0,0.1,0.2
401767909,GSW,3975,37.0,15.4,12.2
401767909,GSW,6430,8.0,2.2,1.6
401767909,GSW,6589,31.0,3.9,0.2
401767909,GSW,2990984,16.0,4.5,4.4
401767909,GSW,3134903,12.0,-1.5,-1.7
401767909,GSW,3155535,13.0,7.0,6.8
401767909,GSW,4066240,4.0,1.4,0.0
401767909,GSW,4278075,4.0,1.3,1.0
401767909,GSW,4431684,4.0,2.3,2.4
401767909,GSW,4432171,24.0,10.9,9.0
401767909,GSW,4433247,26.0,5.4,4.9
401767909,GSW,4592714,12.0,8.3,8.8
401767909,GSW,4593016,25.0,9.6,8.0
401767909,GSW,4709138,14.0,-3.5,-3.5
401767909,GSW,4997536,11.0,-1.7,-0.4
401767909,HOU,3209,2.0,-0.7,-0.7
401767909,HOU,2991230,42.0,8.3,3.6
401767909,HOU,2991235,17.0,3.6,1.3
401767909,HOU,3155526,25.0,7.7,7.7
401767909,HOU,3922230,5.0,-0.8,-0.7
401767909,HOU,4397821,2.0,0.0,0.0
401767909,HOU,4432639,24.0,4.2,2.0
401767909,HOU,4433192,24.0,12.0,11.9
401767909,HOU,4437244,35.0,31.3,27.5
401767909,HOU,4684740,23.0,8.5,9.4
401767909,HOU,4711272,2.0,-0.7,-0.7
401767909,HOU,4871144,37.0,18.0,14.6
401767909,HOU,5105592,2.0,-0.4,-0.7
401767910,GSW,3975,41.0,33.1,28.6
401767910,GSW,6589,34.0,3.6,-1.0
401767910,GSW,2990984,29.0,12.9,10.4
401767910,GSW,3134903,21.0,14.1,14.6
401767910,GSW,3155535,14.0,1.6,1.0
401767910,GSW,4432171,23.0,5.3,4.7
401767910,GSW,4433247,17.0,2.8,4.0
401767910,GSW,4593016,27.0,5.2,2.4
401767910,GSW,4709138,33.0,7.3,5.9
401767910,HOU,2991230,41.0,9.7,8.3
401767910,HOU,2991235,18.0,11.4,9.8
401767910,HOU,3155526,28.0,9.6,9.1
401767910,HOU,4432639,26.0,9.9,7.3
401767910,HOU,4433192,19.0,3.9,2.2
401767910,HOU,4437244,39.0,8.2,5.4
401767910,HOU,4684740,37.0,5.2,3.7
401767910,HOU,4871144,33.0,7.5,6.4
401767911,GSW,3975,39.0,9.5,8.4
401767911,GSW,6430,40.0,27.0,26.3
401767911,GSW,6589,31.0,3.1,3.0
401767911,GSW,2990984,30.0,11.4,9.7
401767911,GSW,3134903,16.0,4.6,3.8
401767911,GSW,3155535,5.0,-0.9,0.0
401767911,GSW,4431684,6.0,-1.5,-0.7
401767911,GSW,4432171,12.0,1.2,-0.1
401767911,GSW,4593016,20.0,8.8,8.3
401767911,GSW,4709138,40.0,23.5,20.9
401767911,GSW,4997536,1.0,0.0,0.0
401767911,HOU,2991230,40.0,21.1,21.3
401767911,HOU,2991235,26.0,5.9,4.1
401767911,HOU,3155526,36.0,8.9,8.3
401767911,HOU,4432639,22.0,6.0,5.4
401767911,HOU,4433192,17.0,3.1,0.6
401767911,HOU,4437244,25.0,-1.8,-1.5
401767911,HOU,4684740,31.0,13.9,11.7
401767911,HOU,4871144,42.0,24.3,21.3
401767912,GSW,3975,23.0,8.2,8.4
401767912,GSW,6430,25.0,7.1,5.6
401767912,GSW,6589,18.0,6.0,4.1
401767912,GSW,2990984,18.0,4.0,2.7
401767912,GSW,3134903,11.0,5.9,6.4
401767912,GSW,3155535,11.0,0.8,1.7
401767912,GSW,4066240,12.0,-3.0,-3.4
401767912,GSW,4278075,18.0,11.0,9.7
401767912,GSW,4431684,12.0,3.6,3.2
401767912,GSW,4432171,26.0,24.0,20.9
401767912,GSW,4592714,14.0,10.1,8.9
401767912,GSW,4593016,14.0,0.0,0.0
401767912,GSW,4709138,21.0,5.3,5.1
401767912,GSW,4997536,18.0,6.2,6.0
401767912,HOU,3209,2.0,2.7,2.7
401767912,HOU,2991230,33.0,21.1,20.5
401767912,HOU,2991235,17.0,1.5,1.4
401767912,HOU,3146557,5.0,1.0,1.0
401767912,HOU,3155526,29.0,17.2,18.1
401767912,HOU,3922230,16.0,5.2,5.6
401767912,HOU,4397821,2.0,-1.1,-0.7
401767912,HOU,4432639,15.0,2.8,2.6
401767912,HOU,4433192,19.0,4.7,4.8
401767912,HOU,4437244,28.0,9.6,7.2
401767912,HOU,4684740,35.0,28.2,21.3
401767912,HOU,4711272,7.0,2.3,-0.3
401767912,HOU,4871144,31.0,20.1,16.7
401767912,HOU,5105592,2.0,0.0,0.0
401767913,GSW,3975,42.0,16.1,13.2
401767913,GSW,6430,42.0,25.1,23.1
401767913,GSW,6589,37.0,7.3,5.5
401767913,GSW,2990984,17.0,-3.7,-2.4
401767913,GSW,3134903,20.0,2.7,2.0
401767913,GSW,3155535,2.0,0.2,0.7
401767913,GSW,4066240,2.0,0.6,0.0
401767913,GSW,4278075,2.0,-1.0,-1.0
401767913,GSW,4431684,2.0,2.3,1.7
401767913,GSW,4432171,22.0,6.5,6.3
401767913,GSW,4592714,2.0,5.7,5.8
401767913,GSW,4593016,18.0,2.7,3.7
401767913,GSW,4709138,29.0,8.5,7.5
401767913,GSW,4997536,2.0,2.4,2.4
401767913,HOU,3209,2.0,0.0,0.0
401767913,HOU,2991230,40.0,27.9,27.0
401767913,HOU,2991235,31.0,18.4,15.1
401767913,HOU,3155526,19.0,-0.0,0.6
401767913,HOU,3922230,6.0,2.3,2.7
401767913,HOU,4397821,1.0,-1.0,-1.0
401767913,HOU,4432639,19.0,6.0,5.8
401767913,HOU,4433192,16.0,11.6,7.1
401767913,HOU,4437244,32.0,8.4,6.9
401767913,HOU,4684740,36.0,9.8,5.5
401767913,HOU,4711272,1.0,-0.7,-0.7
401767913,HOU,4871144,37.0,18.8,13.7
401767913,HOU,5105592,2.0,-0.7,-0.7
401767914,GSW,3975,46.0,22.1,16.9
401767914,GSW,6430,45.0,20.2,17.2
401767914,GSW,6589,40.0,13.4,10.8
401767914,GSW,2990984,37.0,32.7,30.1
401767914,GSW,3155535,11.0,3.1,2.3
401767914,GSW,4432171,11.0,-3.0,-3.5
401767914,GSW,4433247,7.0,-2.1,-3.1
401767914,GSW,4593016,3.0,0.0,0.0
401767914,GSW,4709138,40.0,2.4,1.6
401767914,HOU,2991230,44.0,12.7,10.8
401767914,HOU,2991235,26.0,2.1,0.6
401767914,HOU,3155526,36.0,2.4,2.3
401767914,HOU,4432639,12.0,1.9,1.3
401767914,HOU,4433192,16.0,2.8,0.2
401767914,HOU,4437244,30.0,5.8,3.9
401767914,HOU,4684740,37.0,23.3,20.6
401767914,HOU,4871144,40.0,13.3,10.3
401767915,LAL,1966,40.0,18.4,15.9
401767915,LAL,2578185,39.0,6.5,6.1
401767915,LAL,3137259,19.0,4.0,3.7
401767915,LAL,3945274,42.0,26.4,23.6
401767915,LAL,4066457,43.0,12.2,12.2
401767915,LAL,4066648,34.0,7.7,4.3
401767915,LAL,4278077,8.0,-0.4,-1.0
401767915,LAL,4278402,7.0,-0.5,0.0
401767915,LAL,4397077,9.0,-0.6,0.7
401767915,MIN,3195,21.0,-0.8,-1.7
401767915,MIN,3032976,29.0,6.3,3.2
401767915,MIN,3064514,39.0,22.4,21.8
401767915,MIN,3934673,16.0,0.3,1.0
401767915,MIN,4278039,29.0,1.5,1.3
401767915,MIN,4396971,21.0,4.7,3.0
401767915,MIN,4431671,38.0,1.9,2.6
401767915,MIN,4432847,7.0,1.6,1.7
401767915,MIN,4594268,40.0,13.0,11.9
401768029,BOS,3213,32.0,7.0,5.7
401768029,BOS,3995,36.0,9.2,9.2
401768029,BOS,3064560,12.0,2.3,1.0
401768029,BOS,3078576,38.0,12.7,12.5
401768029,BOS,3102531,34.0,18.6,14.1
401768029,BOS,3917376,42.0,31.2,27.6
401768029,BOS,4065804,13.0,-1.9,-1.4
401768029,BOS,4066354,33.0,7.2,6.5
401768029,ORL,6446,23.0,8.1,5.1
401768029,ORL,2581018,35.0,-2.9,-3.3
401768029,ORL,2999547,13.0,6.4,4.8
401768029,ORL,4065654,7.0,0.7,0.7
401768029,ORL,4277847,33.0,12.7,12.5
401768029,ORL,4348700,8.0,2.4,2.4
401768029,ORL,4432573,43.0,25.5,23.6
401768029,ORL,4432809,5.0,-2.5,-1.7
401768029,ORL,4433623,11.0,-2.2,-1.4
401768029,ORL,4566434,40.0,18.2,15.8
401768029,ORL,4712849,23.0,6.4,6.6
401768030,BOS,3213,34.0,8.1,6.8
401768030,BOS,3064560,19.0,7.6,5.1
401768030,BOS,3078576,40.0,16.1,12.5
401768030,BOS,3102531,34.0,0.3,-0.9
401768030,BOS,3917376,34.0,7.8,6.3
401768030,BOS,4065648,39.0,25.2,21.8
401768030,BOS,4065804,13.0,-1.5,-1.0
401768030,BOS,4066354,26.0,0.1,-0.7
401768030,ORL,6446,28.0,4.2,3.7
401768030,ORL,2581018,32.0,0.2,-1.0
401768030,ORL,2999547,22.0,0.1,-1.4
401768030,ORL,4065654,17.0,5.0,3.1
401768030,ORL,4277847,31.0,11.6,9.9
401768030,ORL,4432573,42.0,14.8,13.2
401768030,ORL,4432809,14.0,-1.2,-0.2
401768030,ORL,4433623,3.0,3.0,2.7
401768030,ORL,4566434,38.0,23.4,21.5
401768030,ORL,4712849,13.0,6.0,4.9
401768031,BOS,3213,35.0,8.4,3.7
401768031,BOS,3064560,16.0,2.1,1.4
401768031,BOS,3078576,39.0,19.8,18.0
401768031,BOS,3102531,22.0,13.0,13.1
401768031,BOS,3917376,41.0,12.6,8.5
401768031,BOS,4065648,42.0,30.8,25.7
401768031,BOS,4065804,18.0,4.2,3.7
401768031,BOS,4066354,26.0,-0.5,0.7
401768031,ORL,6446,27.0,13.3,12.6
401768031,ORL,2581018,32.0,11.6,8.8
401768031,ORL,2999547,18.0,-2.0,-0.7
401768031,ORL,4065654,13.0,4.9,3.7
401768031,ORL,4277847,36.0,8.7,6.8
401768031,ORL,4432573,40.0,11.9,12.0
401768031,ORL,4432809,2.0,-1.8,-1.0
401768031,ORL,4433623,13.0,-2.5,-2.8
401768031,ORL,4566434,40.0,16.1,15.1
401768031,ORL,4712849,18.0,7.5,5.7
401768032,BOS,3213,34.0,11.6,8.9
401768032,BOS,2528693,4.0,1.7,1.7
401768032,BOS,3064560,23.0,10.6,8.5
401768032,BOS,3078576,31.0,5.1,4.1
401768032,BOS,3102531,21.0,6.0,4.9
401768032,BOS,3917376,32.0,14.3,14.0
401768032,BOS,4065648,34.0,35.4,32.8
401768032,BOS,4065804,20.0,8.4,7.8
401768032,BOS,4066354,25.0,5.2,5.4
401768032,BOS,4397424,4.0,4.1,4.1
401768032,BOS,4576085,4.0,0.3,0.0
401768032,BOS,4593841,4.0,1.9,2.0
401768032,BOS,4683689,4.0,0.7,0.7
401768032,ORL,6446,20.0,1.9,-0.7
401768032,ORL,2581018,30.0,4.5,2.6
401768032,ORL,2999547,15.0,4.1,4.1
401768032,ORL,4065654,14.0,0.5,0.6
401768032,ORL,4277847,34.0,13.5,10.4
401768032,ORL,4348700,2.0,-0.8,0.0
401768032,ORL,4432573,30.0,12.8,12.7
401768032,ORL,4432809,19.0,-0.7,-0.8
401768032,ORL,4433623,7.0,-2.4,-2.4
401768032,ORL,4566434,40.0,17.0,17.1
401768032,ORL,4702382,4.0,-0.1,-1.0
401768032,ORL,4712849,21.0,6.4,4.6
401768032,ORL,5105806,4.0,5.0,5.4
401768035,CLE,3908809,36.0,24.1,22.1
401768035,CLE,3912848,6.0,1.0,0.0
401768035,CLE,4065732,23.0,8.9,7.3
401768035,CLE,4065733,23.0,1.3,0.2
401768035,CLE,4065778,26.0,15.1,13.2
401768035,CLE,4066328,31.0,9.9,6.8
401768035,CLE,4066757,20.0,6.9,5.4
401768035,CLE,4396907,32.0,18.7,19.2
401768035,CLE,4432158,34.0,17.3,15.2
401768035,CLE,4432822,10.0,2.1,2.0
401768035,MIA,3059319,28.0,5.1,3.9
401768035,MIA,3157465,12.0,1.2,2.0
401768035,MIA,4066261,42.0,16.2,13.7
401768035,MIA,4278053,36.0,16.0,15.9
401768035,MIA,4291678,27.0,14.0,14.9
401768035,MIA,4395725,40.0,23.5,22.9
401768035,MIA,4601025,11.0,0.2,0.0
401768035,MIA,4997528,25.0,6.8,5.0
401768035,MIA,5105623,19.0,5.9,4.4
401768036,CLE,6474,5.0,0.6,0.0
401768036,CLE,2596112,5.0,2.7,1.7
401768036,CLE,3908809,30.0,3.9,4.0
401768036,CLE,3912848,22.0,0.2,-0.3
401768036,CLE,4065732,28.0,18.9,17.9
401768036,CLE,4065733,22.0,18.3,15.7
401768036,CLE,4065778,31.0,17.5,17.3
401768036,CLE,4066328,26.0,22.0,20.0
401768036,CLE,4066757,19.0,-1.8,-1.7
401768036,CLE,4432158,32.0,16.7,13.9
401768036,CLE,4432822,9.0,6.6,7.8
401768036,CLE,4683747,5.0,8.8,7.5
401768036,CLE,4701233,5.0,0.7,-0.3
401768036,MIA,3059319,33.0,4.4,3.5
401768036,MIA,3157465,18.0,3.9,4.7
401768036,MIA,4066261,40.0,9.8,9.1
401768036,MIA,4278053,37.0,15.9,14.2
401768036,MIA,4291678,15.0,2.0,1.3
401768036,MIA,4395725,37.0,6.4,5.0
401768036,MIA,4432848,5.0,-1.0,-1.0
401768036,MIA,4601025,17.0,5.0,3.7
401768036,MIA,4997528,19.0,0.4,-1.1
401768036,MIA,5105623,19.0,7.2,6.1
401768037,CLE,6474,12.0,5.5,2.7
401768037,CLE,2596112,12.0,10.9,8.4
401768037,CLE,3908809,25.0,16.8,16.2
401768037,CLE,3912848,18.0,5.8,4.4
401768037,CLE,4065732,21.0,13.5,13.0
401768037,CLE,4065733,21.0,18.1,16.9
401768037,CLE,4065778,21.0,2.5,0.0
401768037,CLE,4066328,25.0,24.3,16.0
401768037,CLE,4066757,19.0,5.9,5.0
401768037,CLE,4278052,7.0,-1.1,-2.1
401768037,CLE,4432158,23.0,18.3,14.1
401768037,CLE,4432822,13.0,4.0,3.7
401768037,CLE,4683747,12.0,6.3,5.4
401768037,CLE,4701233,12.0,4.7,4.5
401768037,MIA,2993874,8.0,-2.1,-1.7
401768037,MIA,3059319,22.0,5.6,5.4
401768037,MIA,3157465,15.0,-6.6,-6.9
401768037,MIA,4066261,32.0,10.3,7.8
401768037,MIA,4278053,35.0,2.6,3.0
401768037,MIA,4291678,11.0,0.5,-1.7
401768037,MIA,4395725,31.0,-4.2,-3.3
401768037,MIA,4431786,7.0,1.0,1.4
401768037,MIA,4432848,13.0,3.6,3.7
401768037,MIA,4601025,23.0,9.6,10.4
401768037,MIA,4997528,29.0,20.7,17.5
401768037,MIA,5105623,15.0,0.7,-1.1
401768041,DET,6440,43.0,14.7,11.5
401768041,DET,2528210,21.0,-6.4,-5.9
401768041,DET,3032979,29.0,14.9,15.1
401768041,DET,3907822,30.0,3.7,4.2
401768041,DET,4278562,11.0,4.4,3.1
401768041,DET,4432166,42.0,23.8,19.7
401768041,DET,4433621,37.0,16.4,12.6
401768041,DET,4683771,5.0,-0.4,0.0
401768041,DET,4684742,21.0,0.0,-0.2
401768041,NYK,3062679,40.0,10.6,9.4
401768041,NYK,3064230,4.0,-2.2,-1.0
401768041,NYK,3136195,33.0,5.2,4.3
401768041,NYK,3147657,38.0,12.7,9.3
401768041,NYK,3914044,5.0,-1.0,-1.0
401768041,NYK,3934672,44.0,22.3,21.7
401768041,NYK,3934719,42.0,6.3,4.0
401768041,NYK,4351852,20.0,1.6,1.1
401768041,NYK,4431823,13.0,3.6,3.3
401768042,DET,6440,32.0,-0.3,-0.8
401768042,DET,2528210,36.0,15.4,16.4
401768042,DET,3032979,30.0,16.6,16.2
401768042,DET,3907822,23.0,3.9,4.5
401768042,DET,4278562,16.0,6.2,4.0
401768042,DET,4432166,42.0,18.5,13.2
401768042,DET,4433621,32.0,14.5,15.0
401768042,DET,4683771,12.0,4.5,3.6
401768042,DET,4684742,18.0,6.4,6.4
401768042,NYK,3062679,41.0,14.4,10.4
401768042,NYK,3064230,9.0,2.2,2.0
401768042,NYK,3136195,41.0,24.3,21.1
401768042,NYK,3147657,39.0,18.9,13.5
401768042,NYK,3914044,4.0,0.0,0.0
401768042,NYK,3934672,39.0,25.7,24.1
401768042,NYK,3934719,43.0,13.0,11.2
401768042,NYK,4351852,16.0,3.1,2.4
401768042,NYK,4431823,9.0,0.1,0.6
401768043,DET,6440,35.0,11.4,9.6
401768043,DET,2528210,37.0,5.7,5.8
401768043,DET,3032979,27.0,9.7,6.8
401768043,DET,3907822,26.0,9.4,7.3
401768043,DET,4278562,8.0,3.3,2.4
401768043,DET,4432166,42.0,18.3,13.6
401768043,DET,4433621,38.0,11.2,7.7
401768043,DET,4683771,6.0,-1.1,-0.7
401768043,DET,4684742,22.0,2.4,0.3
401768043,NYK,3062679,42.0,17.0,11.0
401768043,NYK,3064230,7.0,-0.5,-1.7
401768043,NYK,3136195,40.0,14.4,13.3
401768043,NYK,3147657,44.0,6.0,1.9
401768043,NYK,3914044,1.0,0.0,0.0
401768043,NYK,3934672,39.0,26.9,26.8
401768043,NYK,3934719,39.0,3.3,0.8
401768043,NYK,4351852,9.0,-1.6,-1.2
401768043,NYK,4431823,19.0,1.4,1.9
401768044,DET,6440,43.0,17.5,12.1
401768044,DET,2528210,34.0,3.9,3.2
401768044,DET,3032979,22.0,6.8,7.0
401768044,DET,3907822,26.0,3.2,2.9
401768044,DET,4278562,11.0,1.6,-2.0
401768044,DET,4432166,37.0,18.6,15.4
401768044,DET,4433621,33.0,14.2,12.3
401768044,DET,4683771,4.0,-0.9,-0.4
401768044,DET,4684742,29.0,17.7,16.5
401768044,NYK,3062679,36.0,14.6,11.3
401768044,NYK,3064230,12.0,0.9,1.0
401768044,NYK,3136195,35.0,12.6,10.2
401768044,NYK,3147657,38.0,9.3,8.3
401768044,NYK,3934672,36.0,5.8,6.8
401768044,NYK,3934719,39.0,15.5,13.2
401768044,NYK,4351852,23.0,13.7,11.4
401768044,NYK,4431823,22.0,1.0,-0.2
401768045,DET,6440,39.0,10.9,9.1
401768045,DET,2528210,33.0,-0.7,-2.8
401768045,DET,3032979,30.0,11.0,9.9
401768045,DET,3907822,24.0,10.5,10.7
401768045,DET,4278562,8.0,1.0,2.7
401768045,DET,4432166,44.0,17.6,13.4
401768045,DET,4433621,39.0,17.0,17.5
401768045,DET,4684742,23.0,19.8,15.7
401768045,NYK,3062679,35.0,13.0,11.9
401768045,NYK,3064230,6.0,-0.2,-0.7
401768045,NYK,3136195,37.0,8.7,6.1
401768045,NYK,3147657,44.0,18.6,17.7
401768045,NYK,3934672,42.0,26.6,26.8
401768045,NYK,3934719,44.0,17.6,13.6
401768045,NYK,4351852,13.0,-0.0,-0.2
401768045,NYK,4431823,17.0,0.2,0.3
401768047,IND,2530530,16.0,9.1,6.5
401768047,IND,3133628,33.0,12.9,11.1
401768047,IND,3149673,34.0,21.6,17.5
401768047,IND,3934723,8.0,0.3,-0.3
401768047,IND,4278355,21.0,7.6,6.1
401768047,IND,4395712,34.0,15.3,15.6
401768047,IND,4396909,31.0,12.1,12.1
401768047,IND,4396993,35.0,17.8,17.0
401768047,IND,4683634,17.0,9.2,9.3
401768047,IND,5106060,11.0,1.4,0.6
401768047,MIL,3448,16.0,7.4,5.4
401768047,MIL,6606,37.0,8.3,9.0
401768047,MIL,2990962,19.0,6.4,4.8
401768047,MIL,3032977,40.0,33.0,29.8
401768047,MIL,3064482,32.0,23.3,20.1
401768047,MIL,3134907,31.0,8.6,9.1
401768047,MIL,4277843,30.0,1.8,1.3
401768047,MIL,4277922,8.0,-1.4,-1.3
401768047,MIL,4397140,15.0,2.9,3.4
401768047,MIL,4397475,12.0,-0.5,-0.7
401768048,IND,2530530,17.0,0.9,-0.3
401768048,IND,3133628,24.0,-0.9,-1.8
401768048,IND,3149673,31.0,22.4,20.1
401768048,IND,3934723,21.0,2.8,2.1
401768048,IND,4065673,4.0,2.8,2.8
401768048,IND,4278355,16.0,5.5,3.6
401768048,IND,4395712,30.0,5.2,4.7
401768048,IND,4396909,27.0,15.4,12.5
401768048,IND,4396993,32.0,16.7,15.0
401768048,IND,4433076,15.0,2.9,3.0
401768048,IND,4683634,14.0,4.1,3.0
401768048,IND,5106060,6.0,0.6,1.0
401768048,IND,5157066,4.0,0.0,0.0
401768048,MIL,3448,15.0,-1.9,-1.0
401768048,MIL,6606,32.0,4.6,1.9
401768048,MIL,2578239,2.0,0.0,0.0
401768048,MIL,2990962,3.0,-0.8,-0.7
401768048,MIL,3032977,32.0,33.1,30.2
401768048,MIL,3064482,32.0,6.5,3.4
401768048,MIL,3134907,21.0,4.1,3.7
401768048,MIL,4277843,34.0,34.3,29.8
401768048,MIL,4277922,15.0,7.0,5.8
401768048,MIL,4397140,26.0,0.7,0.3
401768048,MIL,4397475,26.0,11.6,10.8
401768048,MIL,4591725,2.0,-0.7,-0.7
401768049,IND,2530530,22.0,13.9,13.7
401768049,IND,3133628,30.0,22.7,19.2
401768049,IND,3149673,29.0,8.8,8.8
401768049,IND,3934723,8.0,1.6,-0.3
401768049,IND,4065673,2.0,0.3,0.0
401768049,IND,4278355,14.0,11.1,11.5
401768049,IND,4395712,31.0,14.9,13.8
401768049,IND,4396909,25.0,11.4,10.4
401768049,IND,4396993,34.0,20.2,16.8
401768049,IND,4433076,22.0,2.6,2.7
401768049,IND,5106060,21.0,12.3,11.2
401768049,IND,5157066,2.0,0.3,0.0
401768049,MIL,3448,15.0,2.7,2.3
401768049,MIL,6606,6.0,1.0,0.7
401768049,MIL,2578239,10.0,-0.6,-1.2
401768049,MIL,2990962,15.0,-2.5,-2.4
401768049,MIL,3032977,34.0,26.1,22.2
401768049,MIL,3064482,25.0,9.6,9.1
401768049,MIL,3134907,16.0,-1.7,-0.5
401768049,MIL,4277843,32.0,4.9,3.3
401768049,MIL,4277922,14.0,7.4,7.5
401768049,MIL,4397140,33.0,20.0,17.6
401768049,MIL,4397475,24.0,8.7,9.5
401768049,MIL,4432190,4.0,0.0,0.0
401768049,MIL,4433622,4.0,-0.7,-0.7
401768049,MIL,4591725,9.0,2.9,3.7
401768050,IND,2530530,17.0,15.1,14.2
401768050,IND,3133628,43.0,17.0,16.3
401768050,IND,3149673,41.0,0.7,1.5
401768050,IND,4278355,11.0,2.9,2.0
401768050,IND,4395712,37.0,16.3,11.1
401768050,IND,4396909,41.0,17.0,16.6
401768050,IND,4396993,42.0,25.3,19.9
401768050,IND,4433076,6.0,0.3,0.0
401768050,IND,4683634,16.0,3.0,0.2
401768050,IND,5106060,11.0,-2.2,-2.4
401768050,MIL,3448,8.0,1.3,1.3
401768050,MIL,2990962,4.0,-0.7,-1.7
401768050,MIL,3032977,44.0,29.6,22.8
401768050,MIL,3064482,44.0,8.2,6.3
401768050,MIL,3134907,13.0,2.4,2.0
401768050,MIL,4277843,48.0,24.6,20.0
401768050,MIL,4277922,11.0,4.1,4.2
401768050,MIL,4397140,47.0,7.8,7.8
401768050,MIL,4397475,46.0,14.7,14.7
401768056,LAL,1966,41.0,36.7,31.2
401768056,LAL,2578185,29.0,3.9,5.1
401768056,LAL,2596107,1.0,0.0,0.0
401768056,LAL,3137259,16.0,4.3,4.4
401768056,LAL,3915195,1.0,0.0,0.0
401768056,LAL,3945274,40.0,11.0,8.4
401768056,LAL,4066457,41.0,10.6,9.3
401768056,LAL,4066648,38.0,3.6,2.7
401768056,LAL,4278077,13.0,1.5,1.3
401768056,LAL,4278402,12.0,2.8,1.6
401768056,LAL,4397077,9.0,1.3,1.7
401768056,LAL,4683774,1.0,0.0,0.0
401768056,LAL,4897943,1.0,-0.7,-0.7
401768056,MIN,3195,21.0,10.7,9.9
401768056,MIN,3032976,25.0,2.7,0.2
401768056,MIN,3064514,41.0,17.4,15.7
401768056,MIN,3934673,31.0,7.7,5.0
401768056,MIN,4278039,14.0,3.1,1.6
401768056,MIN,4396971,27.0,8.3,8.4
401768056,MIN,4431671,38.0,23.0,21.2
401768056,MIN,4594268,42.0,24.3,20.6
401768057,LAL,1966,46.0,33.2,26.2
401768057,LAL,2578185,41.0,7.6,6.9
401768057,LAL,3137259,13.0,-0.9,-1.4
401768057,LAL,3945274,46.0,21.8,21.0
401768057,LAL,4066457,35.0,14.3,12.1
401768057,LAL,4066648,41.0,16.8,16.8
401768057,LAL,4278077,7.0,0.6,0.0
401768057,LAL,4278402,7.0,-0.9,0.0
401768057,LAL,4397077,4.0,2.2,2.4
401768057,MIN,3195,25.0,1.7,1.0
401768057,MIN,3032976,26.0,3.4,2.7
401768057,MIN,3064514,43.0,17.6,16.7
401768057,MIN,3934673,29.0,7.3,3.6
401768057,MIN,4278039,12.0,1.3,1.0
401768057,MIN,4396971,20.0,9.1,9.0
401768057,MIN,4431671,38.0,13.5,11.1
401768057,MIN,4432847,3.0,1.6,0.7
401768057,MIN,4594268,44.0,37.9,36.5
401768058,LAL,1966,40.0,15.0,12.3
401768058,LAL,2578185,29.0,5.3,5.8
401768058,LAL,2960236,5.0,-0.1,0.3
401768058,LAL,3137259,26.0,-0.3,0.0
401768058,LAL,3945274,40.0,22.8,21.3
401768058,LAL,4066457,41.0,-0.1,0.3
401768058,LAL,4066648,39.0,16.7,16.5
401768058,LAL,4278077,19.0,4.7,3.1
401768058,MIN,3195,31.0,6.2,5.0
401768058,MIN,3032976,39.0,30.7,26.4
401768058,MIN,3064514,32.0,16.5,16.5
401768058,MIN,3934673,32.0,3.6,1.9
401768058,MIN,4278039,25.0,2.7,2.6
401768058,MIN,4396971,21.0,2.9,1.3
401768058,MIN,4431671,18.0,6.3,7.4
401768058,MIN,4594268,43.0,14.8,9.5
401768061,DEN,3442,5.0,0.3,0.0
401768061,DEN,3468,23.0,9.2,8.0
401768061,DEN,3064290,38.0,8.0,8.0
401768061,DEN,3112335,43.0,23.1,18.5
401768061,DEN,3936299,42.0,16.3,14.9
401768061,DEN,4278104,33.0,14.9,11.2
401768061,DEN,4398390,7.0,0.3,0.7
401768061,DEN,4431767,34.0,1.9,1.3
401768061,DEN,4576087,14.0,4.5,2.3
401768061,LAC,3416,18.0,6.8,3.3
401768061,LAC,3992,39.0,12.7,9.8
401768061,LAC,6450,39.0,37.4,34.2
401768061,LAC,2595516,33.0,7.7,5.9
401768061,LAC,2991139,29.0,7.4,3.7
401768061,LAC,3037789,15.0,-4.0,-4.1
401768061,LAC,3907387,8.0,2.3,3.1
401768061,LAC,3936099,19.0,2.3,2.0
401768061,LAC,4017837,40.0,15.6,13.9
401768062,DEN,3442,5.0,-1.9,-1.1
401768062,DEN,3468,9.0,-0.5,-0.4
401768062,DEN,3064290,32.0,7.1,7.7
401768062,DEN,3112335,37.0,28.4,24.2
401768062,DEN,3936299,36.0,15.3,15.5
401768062,DEN,4278104,35.0,3.7,1.9
401768062,DEN,4395620,5.0,-1.7,-1.7
401768062,DEN,4398390,11.0,-2.7,-2.7
401768062,DEN,4431690,5.0,-0.9,-1.1
401768062,DEN,4431767,38.0,6.3,3.9
401768062,DEN,4432181,11.0,-0.5,0.0
401768062,DEN,4576087,18.0,-2.0,-1.4
401768062,LAC,3416,27.0,14.0,10.8
401768062,LAC,3992,34.0,20.1,18.9
401768062,LAC,4004,4.0,0.6,1.0
401768062,LAC,6450,35.0,17.8,15.1
401768062,LAC,2595516,29.0,16.6,16.5
401768062,LAC,2991139,22.0,6.4,6.1
401768062,LAC,3037789,10.0,0.9,1.4
401768062,LAC,3907387,9.0,0.5,-1.0
401768062,LAC,3914285,4.0,1.9,1.9
401768062,LAC,3936099,23.0,6.9,4.9
401768062,LAC,4017837,33.0,15.1,14.8
401768062,LAC,4396818,4.0,1.2,-0.1
401768062,LAC,4431752,4.0,1.0,0.7
401768062,LAC,4845363,4.0,-0.7,-1.0
401768063,DEN,3442,5.0,0.9,0.9
401768063,DEN,3064290,43.0,15.3,13.9
401768063,DEN,3112335,43.0,36.7,30.8
401768063,DEN,3936299,42.0,7.5,5.0
401768063,DEN,4230557,2.0,-1.0,-1.0
401768063,DEN,4278104,42.0,9.7,9.7
401768063,DEN,4398390,6.0,-1.1,-0.7
401768063,DEN,4431767,43.0,14.3,11.5
401768063,DEN,4576087,13.0,1.3,0.0
401768063,LAC,3416,19.0,1.7,-0.1
401768063,LAC,3992,43.0,15.6,12.2
401768063,LAC,6450,40.0,15.5,12.3
401768063,LAC,2595516,36.0,15.4,14.3
401768063,LAC,2991139,21.0,0.4,0.6
401768063,LAC,3037789,19.0,5.1,5.4
401768063,LAC,3907387,7.0,-0.2,0.7
401768063,LAC,3936099,15.0,2.3,2.0
401768063,LAC,4017837,41.0,24.3,21.2
401768064,DEN,3442,10.0,1.9,1.4
401768064,DEN,3468,25.0,9.5,10.4
401768064,DEN,3064290,37.0,18.5,19.5
401768064,DEN,3112335,37.0,16.9,12.2
401768064,DEN,3936299,40.0,39.9,35.5
401768064,DEN,4230557,2.0,0.0,0.0
401768064,DEN,4278104,37.0,9.4,9.7
401768064,DEN,4395620,2.0,1.7,1.7
401768064,DEN,4398390,2.0,-1.0,-1.0
401768064,DEN,4431690,2.0,2.3,1.6
401768064,DEN,4431767,37.0,14.3,11.5
401768064,DEN,4432181,2.0,0.0,0.0
401768064,DEN,4576087,8.0,4.0,2.4
401768064,LAC,3416,21.0,2.2,0.4
401768064,LAC,3992,35.0,7.4,4.9
401768064,LAC,6450,37.0,22.9,19.2
401768064,LAC,2595516,32.0,7.1,6.7
401768064,LAC,2991139,25.0,15.4,13.9
401768064,LAC,3037789,23.0,13.1,14.5
401768064,LAC,3907387,5.0,0.3,-0.7
401768064,LAC,3914285,3.0,-0.1,0.0
401768064,LAC,3936099,14.0,4.7,4.7
401768064,LAC,4017837,37.0,22.7,21.5
401768064,LAC,4396818,3.0,0.3,0.3
401768064,LAC,4431752,3.0,2.7,2.7
401768064,LAC,4845363,3.0,1.0,0.0
401768065,DEN,3442,3.0,-1.5,-1.0
401768065,DEN,3468,35.0,13.4,12.2
401768065,DEN,3064290,41.0,14.5,12.9
401768065,DEN,3112335,42.0,20.2,15.9
401768065,DEN,3936299,44.0,18.0,13.9
401768065,DEN,4278104,24.0,5.5,1.9
401768065,DEN,4431767,40.0,11.5,12.5
401768065,DEN,4576087,11.0,6.8,6.1
401768065,LAC,3416,34.0,11.9,7.5
401768065,LAC,3992,47.0,23.3,20.3
401768065,LAC,6450,39.0,22.7,20.9
401768065,LAC,2595516,39.0,19.7,16.8
401768065,LAC,2991139,10.0,0.6,1.0
401768065,LAC,3037789,19.0,3.3,3.6
401768065,LAC,3936099,18.0,6.5,4.3
401768065,LAC,4017837,33.0,11.7,8.2
401768066,DEN,3442,7.0,2.5,1.7
401768066,DEN,3468,27.0,18.5,14.5
401768066,DEN,3064290,36.0,18.6,18.3
401768066,DEN,3112335,32.0,13.5,8.8
401768066,DEN,3936299,42.0,6.7,5.3
401768066,DEN,4278104,30.0,10.7,9.7
401768066,DEN,4395620,2.0,0.0,0.0
401768066,DEN,4398390,3.0,-0.4,-0.7
401768066,DEN,4431690,2.0,0.7,0.7
401768066,DEN,4431767,38.0,19.0,17.8
401768066,DEN,4432181,3.0,0.9,1.3
401768066,DEN,4576087,17.0,10.3,8.5
401768066,LAC,3416,28.0,4.9,2.7
401768066,LAC,3992,35.0,13.5,9.3
401768066,LAC,6450,33.0,17.4,16.0
401768066,LAC,2595516,32.0,1.4,1.3
401768066,LAC,2991139,16.0,2.2,0.3
401768066,LAC,3037789,18.0,6.1,6.1
401768066,LAC,3914285,7.0,-0.5,-0.1
401768066,LAC,3936099,17.0,8.9,5.5
401768066,LAC,4017837,32.0,7.4,4.0
401768066,LAC,4396818,7.0,7.8,5.5
401768066,LAC,4431752,8.0,12.6,12.6
401768066,LAC,4845363,7.0,4.0,3.7
401769689,CLE,3908809,34.0,20.5,18.8
401769689,CLE,3912848,16.0,-1.3,-1.4
401769689,CLE,4065732,30.0,7.9,7.4
401769689,CLE,4065733,29.0,16.7,15.8
401769689,CLE,4065778,32.0,7.2,4.6
401769689,CLE,4066328,30.0,12.7,9.9
401769689,CLE,4066757,18.0,6.9,6.8
401769689,CLE,4432158,36.0,17.3,14.7
401769689,CLE,4432822,15.0,2.4,2.4
401769689,IND,2530530,15.0,4.0,4.1
401769689,IND,3133628,33.0,13.3,7.1
401769689,IND,3149673,34.0,13.1,10.4
401769689,IND,3934723,6.0,1.3,0.0
401769689,IND,4278355,15.0,6.2,4.1
401769689,IND,4395712,37.0,22.6,23.0
401769689,IND,4396909,25.0,11.9,11.4
401769689,IND,4396993,36.0,26.8,23.2
401769689,IND,4433076,7.0,-1.1,-0.7
401769689,IND,4683634,23.0,7.1,6.7
401769689,IND,5106060,9.0,-0.1,0.7
401769740,CLE,2596112,10.0,1.0,0.0
401769740,CLE,3908809,36.0,38.1,34.1
401769740,CLE,3912848,30.0,7.5,4.8
401769740,CLE,4065733,28.0,-7.9,-6.6
401769740,CLE,4065778,39.0,17.6,17.9
401769740,CLE,4066328,38.0,21.1,17.3
401769740,CLE,4066757,26.0,11.8,10.4
401769740,CLE,4432822,29.0,6.1,4.3
401769740,CLE,4701233,4.0,2.7,1.0
401769740,IND,2530530,14.0,1.2,-0.3
401769740,IND,3133628,35.0,20.1,15.0
401769740,IND,3149673,30.0,8.2,8.0
401769740,IND,3934723,11.0,-1.1,-0.3
401769740,IND,4278355,16.0,6.3,4.4
401769740,IND,4395712,36.0,9.1,7.6
401769740,IND,4396909,33.0,21.7,19.9
401769740,IND,4396993,36.0,19.5,16.8
401769740,IND,4433076,6.0,-0.1,0.0
401769740,IND,4683634,20.0,14.5,15.8
401769740,IND,5106060,3.0,-1.4,-1.7
401769741,CLE,2596112,3.0,-1.1,-1.7
401769741,CLE,3908809,37.0,32.3,31.7
401769741,CLE,3912848,14.0,0.2,-1.0
401769741,CLE,4065732,21.0,5.3,4.9
401769741,CLE,4065733,13.0,-6.7,-6.2
401769741,CLE,4065778,33.0,21.3,21.1
401769741,CLE,4066328,31.0,17.5,14.5
401769741,CLE,4066757,20.0,-0.0,0.9
401769741,CLE,4396907,25.0,0.3,1.6
401769741,CLE,4432158,35.0,23.9,17.2
401769741,CLE,4432822,4.0,0.5,-0.1
401769741,CLE,4701233,3.0,2.0,1.7
401769741,IND,3999,5.0,2.2,1.3
401769741,IND,2530530,21.0,13.4,11.9
401769741,IND,3133628,26.0,11.9,9.9
401769741,IND,3149673,28.0,12.9,13.1
401769741,IND,3934723,15.0,2.8,1.0
401769741,IND,4065673,3.0,-0.4,-0.7
401769741,IND,4278355,19.0,3.0,3.6
401769741,IND,4395712,26.0,6.4,5.1
401769741,IND,4396909,27.0,6.3,4.7
401769741,IND,4396993,30.0,-0.1,-0.3
401769741,IND,4433076,6.0,1.9,1.7
401769741,IND,4683634,27.0,15.0,15.3
401769741,IND,5106060,4.0,0.8,0.5
401769741,IND,5157066,4.0,0.2,-0.7
401769742,CLE,6474,12.0,2.7,0.6
401769742,CLE,2596112,7.0,1.5,1.3
401769742,CLE,3908809,20.0,5.5,3.8
401769742,CLE,3912848,11.0,4.7,3.4
401769742,CLE,4065732,16.0,-0.6,-0.5
401769742,CLE,4065733,18.0,2.5,2.7
401769742,CLE,4065778,22.0,8.8,7.1
401769742,CLE,4066328,20.0,0.9,0.7
401769742,CLE,4066757,14.0,1.0,2.0
401769742,CLE,4278052,5.0,3.4,3.4
401769742,CLE,4396907,27.0,16.2,16.9
401769742,CLE,4432158,27.0,6.4,5.0
401769742,CLE,4432822,19.0,9.2,8.4
401769742,CLE,4683747,12.0,8.9,8.7
401769742,CLE,4701233,10.0,6.8,5.5
401769742,IND,3999,8.0,4.8,2.4
401769742,IND,2530530,18.0,13.7,13.3
401769742,IND,3133628,22.0,16.9,16.5
401769742,IND,3149673,21.0,21.1,19.4
401769742,IND,3934723,9.0,3.2,4.0
401769742,IND,4065673,8.0,0.6,0.0
401769742,IND,4278355,21.0,15.1,15.1
401769742,IND,4395712,30.0,12.5,9.6
401769742,IND,4396909,23.0,8.9,9.8
401769742,IND,4396993,26.0,8.8,7.7
401769742,IND,4433076,29.0,5.9,7.0
401769742,IND,4683634,1.0,-1.1,-1.0
401769742,IND,5106060,14.0,-0.1,-0.4
401769742,IND,5157066,10.0,-1.6,0.0
401769743,CLE,3908809,38.0,24.4,18.4
401769743,CLE,3912848,19.0,2.7,3.1
401769743,CLE,4065732,30.0,7.6,7.3
401769743,CLE,4065733,11.0,6.9,7.1
401769743,CLE,4065778,26.0,-3.2,-2.8
401769743,CLE,4066328,30.0,6.2,4.7
401769743,CLE,4396907,33.0,-2.3,-1.9
401769743,CLE,4432158,37.0,25.4,22.2
401769743,CLE,4432822,16.0,0.6,0.0
401769743,IND,2530530,10.0,0.0,-0.6
401769743,IND,3133628,33.0,9.8,6.3
401769743,IND,3149673,40.0,15.4,12.9
401769743,IND,3934723,11.0,7.1,6.4
401769743,IND,4278355,12.0,4.1,3.4
401769743,IND,4395712,37.0,16.7,15.3
401769743,IND,4396909,37.0,10.9,7.6
401769743,IND,4396993,36.0,28.0,25.7
401769743,IND,4433076,12.0,2.2,1.7
401769743,IND,4683634,11.0,0.9,1.0
401769746,BOS,3213,34.0,6.0,5.7
401769746,BOS,3995,39.0,13.7,13.6
401769746,BOS,3064560,17.0,3.8,3.8
401769746,BOS,3078576,44.0,12.5,8.9
401769746,BOS,3102531,13.0,-0.3,-0.3
401769746,BOS,3917376,45.0,14.2,13.9
401769746,BOS,4065648,44.0,14.8,8.1
401769746,BOS,4065804,4.0,-1.8,-1.4
401769746,BOS,4066354,24.0,9.8,9.7
401769746,NYK,3062679,45.0,15.3,13.1
401769746,NYK,3064230,3.0,-2.2,-1.8
401769746,NYK,3136195,31.0,9.8,8.1
401769746,NYK,3147657,51.0,9.4,4.0
401769746,NYK,3934672,44.0,17.6,16.3
401769746,NYK,3934719,46.0,19.9,18.4
401769746,NYK,4351852,21.0,2.3,0.9
401769746,NYK,4431679,5.0,-0.1,-0.7
401769746,NYK,4431823,19.0,8.9,7.7
401769747,BOS,3213,29.0,0.2,-2.5
401769747,BOS,3995,34.0,8.0,7.9
401769747,BOS,3064560,18.0,7.1,4.4
401769747,BOS,3078576,40.0,18.5,16.1
401769747,BOS,3102531,14.0,5.9,6.8
401769747,BOS,3917376,41.0,5.6,3.8
401769747,BOS,4065648,42.0,9.7,2.9
401769747,BOS,4066354,22.0,4.9,4.3
401769747,NYK,3062679,43.0,19.0,18.3
401769747,NYK,3064230,5.0,0.0,0.0
401769747,NYK,3136195,35.0,15.5,12.2
401769747,NYK,3147657,43.0,9.6,5.3
401769747,NYK,3934672,38.0,9.4,8.6
401769747,NYK,3934719,38.0,2.6,-2.1
401769747,NYK,4351852,22.0,7.9,3.4
401769747,NYK,4431823,17.0,5.0,4.4
401769748,BOS,3213,35.0,17.1,13.9
401769748,BOS,3995,25.0,6.6,6.2
401769748,BOS,2528693,2.0,0.0,0.0
401769748,BOS,3064560,10.0,5.9,6.8
401769748,BOS,3078576,34.0,16.6,15.9
401769748,BOS,3102531,19.0,5.2,3.9
401769748,BOS,3917376,36.0,13.0,11.0
401769748,BOS,4065648,40.0,16.6,13.8
401769748,BOS,4066354,35.0,18.2,17.8
401769748,BOS,4397424,2.0,0.0,0.0
401769748,BOS,4593841,2.0,-0.4,-0.7
401769748,BOS,4683689,2.0,0.0,0.0
401769748,NYK,3062679,34.0,9.2,6.7
401769748,NYK,3064230,8.0,1.6,1.7
401769748,NYK,3064447,3.0,0.0,0.0
401769748,NYK,3136195,36.0,13.9,12.5
401769748,NYK,3147657,38.0,9.3,7.5
401769748,NYK,3914044,3.0,-0.7,-0.7
401769748,NYK,3934672,40.0,17.4,17.1
401769748,NYK,3934719,31.0,-0.7,-0.7
401769748,NYK,4351852,19.0,3.7,4.3
401769748,NYK,4431679,6.0,4.3,4.7
401769748,NYK,4431823,20.0,3.0,2.7
401769748,NYK,4871141,2.0,2.3,1.7
401769749,BOS,3213,38.0,8.7,6.8
401769749,BOS,3995,34.0,3.8,4.1
401769749,BOS,3064560,8.0,0.0,0.0
401769749,BOS,3078576,44.0,17.3,17.0
401769749,BOS,3102531,24.0,4.4,3.5
401769749,BOS,3917376,33.0,8.7,8.9
401769749,BOS,4065648,40.0,34.2,27.6
401769749,BOS,4066354,20.0,6.6,5.6
401769749,NYK,3062679,30.0,4.5,3.4
401769749,NYK,3064230,4.0,-2.5,-2.1
401769749,NYK,3136195,36.0,16.8,15.7
401769749,NYK,3147657,44.0,18.6,12.5
401769749,NYK,3934672,40.0,34.8,34.4
401769749,NYK,3934719,40.0,14.9,15.5
401769749,NYK,4351852,25.0,7.0,7.3
401769749,NYK,4431679,1.0,-0.7,-0.7
401769749,NYK,4431823,20.0,4.0,4.0
401769750,BOS,3213,24.0,10.1,10.2
401769750,BOS,3995,33.0,11.2,11.7
401769750,BOS,2528693,4.0,0.5,0.0
401769750,BOS,3064560,26.0,17.0,10.6
401769750,BOS,3078576,40.0,26.8,25.0
401769750,BOS,3102531,12.0,-2.9,-3.5
401769750,BOS,3917376,37.0,26.3,24.3
401769750,BOS,4065804,15.0,4.2,4.7
401769750,BOS,4066354,39.0,13.3,11.7
401769750,BOS,4397424,3.0,4.4,4.8
401769750,BOS,4576085,3.0,3.4,3.4
401769750,BOS,4593841,3.0,-1.1,-0.7
401769750,BOS,4683689,3.0,-0.7,-0.7
401769750,NYK,3062679,36.0,18.0,17.0
401769750,NYK,3064230,5.0,-1.2,0.0
401769750,NYK,3136195,29.0,14.2,12.3
401769750,NYK,3147657,40.0,3.2,0.9
401769750,NYK,3914044,3.0,0.5,0.5
401769750,NYK,3934672,33.0,12.6,15.0
401769750,NYK,3934719,36.0,-0.3,-1.6
401769750,NYK,4351852,23.0,13.9,9.5
401769750,NYK,4431679,3.0,0.3,0.0
401769750,NYK,4431823,29.0,9.3,8.7
401769750,NYK,4433225,3.0,0.0,0.0
401769750,NYK,5211983,3.0,1.7,1.7
401769751,BOS,3213,27.0,5.9,6.4
401769751,BOS,3995,30.0,0.7,-0.4
401769751,BOS,2528693,9.0,4.4,4.8
401769751,BOS,3064560,21.0,4.6,3.8
401769751,BOS,3078576,30.0,2.4,1.9
401769751,BOS,3102531,11.0,3.0,1.9
401769751,BOS,3917376,32.0,7.1,6.0
401769751,BOS,4065804,15.0,2.7,2.6
401769751,BOS,4066354,28.0,8.6,8.8
401769751,BOS,4277964,8.0,0.9,0.3
401769751,BOS,4397424,4.0,2.3,1.7
401769751,BOS,4576085,6.0,-2.5,-2.5
401769751,BOS,4593841,14.0,1.6,1.3
401769751,BOS,4683689,6.0,0.3,0.0
401769751,NYK,3033,4.0,-0.4,0.0
401769751,NYK,3062679,33.0,13.8,13.0
401769751,NYK,3064230,4.0,0.9,-1.0
401769751,NYK,3136195,35.0,11.3,8.6
401769751,NYK,3147657,30.0,18.0,17.3
401769751,NYK,3914044,5.0,-0.4,-0.7
401769751,NYK,3934672,35.0,20.0,19.3
401769751,NYK,3934719,37.0,17.3,12.3
401769751,NYK,4351852,14.0,2.4,2.0
401769751,NYK,4431679,9.0,3.3,3.0
401769751,NYK,4431823,32.0,10.1,8.8
401769751,NYK,4433225,2.0,3.0,2.7
401769820,DEN,3468,30.0,8.3,10.0
401769820,DEN,3064290,39.0,20.2,18.9
401769820,DEN,3112335,42.0,32.7,27.2
401769820,DEN,3936299,44.0,14.0,12.7
401769820,DEN,4278104,24.0,-1.3,-3.5
401769820,DEN,4431767,40.0,13.0,10.9
401769820,DEN,4432181,6.0,1.0,1.4
401769820,DEN,4576087,15.0,4.0,0.6
401769820,OKC,2991350,26.0,21.3,16.2
401769820,OKC,4222252,29.0,7.7,7.5
401769820,OKC,4278073,40.0,28.7,25.5
401769820,OKC,4395702,13.0,-1.5,-1.4
401769820,OKC,4397020,30.0,10.1,9.7
401769820,OKC,4397183,14.0,6.3,5.4
401769820,OKC,4432823,3.0,3.6,4.0
401769820,OKC,4433255,28.0,8.9,5.6
401769820,OKC,4593803,38.0,10.9,6.4
401769820,OKC,4683692,21.0,3.5,2.7
401769821,DEN,3442,2.0,0.9,1.7
401769821,DEN,3468,22.0,10.3,12.0
401769821,DEN,3064290,27.0,5.5,6.0
401769821,DEN,3112335,32.0,8.5,7.7
401769821,DEN,3936299,31.0,9.9,9.0
401769821,DEN,4230557,7.0,-0.4,-1.0
401769821,DEN,4278104,25.0,3.5,2.5
401769821,DEN,4395620,12.0,8.9,7.4
401769821,DEN,4398390,13.0,1.3,0.0
401769821,DEN,4431690,13.0,2.4,2.3
401769821,DEN,4431767,26.0,-2.7,-2.8
401769821,DEN,4432181,14.0,4.6,4.6
401769821,DEN,4576087,15.0,8.6,7.8
401769821,OKC,2991350,10.0,1.0,0.3
401769821,OKC,3133626,12.0,3.8,1.3
401769821,OKC,4222252,22.0,18.3,16.4
401769821,OKC,4278073,30.0,33.7,34.3
401769821,OKC,4395702,17.0,13.8,12.9
401769821,OKC,4397020,27.0,5.3,4.5
401769821,OKC,4397183,15.0,6.1,5.4
401769821,OKC,4432823,12.0,1.6,1.6
401769821,OKC,4433255,26.0,19.1,12.7
401769821,OKC,4593803,26.0,18.2,15.9
401769821,OKC,4683692,12.0,9.6,7.8
401769821,OKC,4702159,8.0,5.0,4.4
401769821,OKC,4900671,13.0,5.9,5.7
401769821,OKC,4997526,8.0,1.2,0.6
401769822,DEN,3468,22.0,6.7,6.0
401769822,DEN,3064290,46.0,22.2,19.6
401769822,DEN,3112335,44.0,10.1,3.3
401769822,DEN,3936299,48.0,25.6,20.5
401769822,DEN,4278104,42.0,17.7,17.2
401769822,DEN,4431690,3.0,0.0,0.0
401769822,DEN,4431767,43.0,4.8,3.3
401769822,DEN,4576087,17.0,5.7,4.2
401769822,OKC,2991350,23.0,3.3,2.5
401769822,OKC,4222252,31.0,7.3,5.4
401769822,OKC,4278073,45.0,15.2,10.6
401769822,OKC,4395702,3.0,1.5,1.0
401769822,OKC,4397020,34.0,0.6,2.0
401769822,OKC,4397183,13.0,7.4,6.8
401769822,OKC,4432823,14.0,3.3,3.7
401769822,OKC,4433255,40.0,13.2,7.6
401769822,OKC,4593803,43.0,22.7,22.5
401769822,OKC,4683692,20.0,1.9,0.7
401769823,DEN,3468,27.0,-1.6,-0.5
401769823,DEN,3064290,38.0,16.5,14.3
401769823,DEN,3112335,43.0,19.6,13.3
401769823,DEN,3936299,41.0,10.2,9.0
401769823,DEN,4278104,34.0,0.5,-2.9
401769823,DEN,4431767,44.0,14.6,11.6
401769823,DEN,4432181,5.0,-0.8,0.0
401769823,DEN,4576087,9.0,-1.7,-0.5
401769823,OKC,2991350,28.0,5.9,7.0
401769823,OKC,4222252,33.0,11.7,8.5
401769823,OKC,4278073,38.0,18.3,15.6
401769823,OKC,4395702,7.0,-1.2,-0.8
401769823,OKC,4397020,19.0,-0.6,-0.5
401769823,OKC,4397183,16.0,8.2,6.7
401769823,OKC,4432823,13.0,0.0,0.7
401769823,OKC,4433255,29.0,4.1,2.0
401769823,OKC,4593803,33.0,8.0,4.2
401769823,OKC,4683692,23.0,9.2,8.2
401769837,GSW,3975,13.0,8.7,8.4
401769837,GSW,6430,41.0,20.7,17.5
401769837,GSW,6589,35.0,13.9,11.5
401769837,GSW,2990984,40.0,20.6,18.4
401769837,GSW,3134903,26.0,9.9,9.6
401769837,GSW,3155535,14.0,5.1,2.4
401769837,GSW,4432171,9.0,-2.8,-2.8
401769837,GSW,4433247,13.0,3.6,3.7
401769837,GSW,4592714,11.0,3.6,2.4
401769837,GSW,4593016,6.0,0.3,0.0
401769837,GSW,4709138,29.0,0.6,-1.4
401769837,GSW,4997536,4.0,-0.4,0.0
401769837,MIN,3195,22.0,0.5,0.0
401769837,MIN,3032976,26.0,10.1,7.1
401769837,MIN,3064514,31.0,12.8,13.8
401769837,MIN,3934673,33.0,0.4,0.0
401769837,MIN,4278039,14.0,-2.9,-3.1
401769837,MIN,4396971,34.0,11.5,10.5
401769837,MIN,4431671,38.0,9.0,8.8
401769837,MIN,4432847,2.0,-0.7,-0.7
401769837,MIN,4594268,42.0,17.1,9.9
401769838,GSW,6430,34.0,13.4,11.7
401769838,GSW,6589,29.0,7.2,4.7
401769838,GSW,2990984,29.0,7.4,6.6
401769838,GSW,3134903,11.0,0.3,-0.7
401769838,GSW,3155535,3.0,0.0,0.0
401769838,GSW,4066240,4.0,2.0,1.4
401769838,GSW,4278075,9.0,1.5,1.6
401769838,GSW,4431684,19.0,14.8,13.5
401769838,GSW,4432171,16.0,-1.4,-1.2
401769838,GSW,4433247,26.0,12.5,11.7
401769838,GSW,4592714,14.0,-1.9,-1.7
401769838,GSW,4593016,3.0,0.0,0.0
401769838,GSW,4709138,33.0,13.1,9.9
401769838,GSW,4997536,8.0,-0.4,-1.6
401769838,MIN,3195,17.0,4.3,4.0
401769838,MIN,3032976,27.0,0.7,0.2
401769838,MIN,3064514,33.0,23.5,23.2
401769838,MIN,3934673,26.0,7.3,7.5
401769838,MIN,4277951,2.0,-0.4,0.0
401769838,MIN,4278039,26.0,14.9,15.5
401769838,MIN,4396971,30.0,9.8,9.1
401769838,MIN,4431671,33.0,16.1,11.1
401769838,MIN,4432247,3.0,-1.1,-1.0
401769838,MIN,4432847,3.0,3.3,1.7
401769838,MIN,4594268,34.0,21.0,15.0
401769838,MIN,4687718,3.0,1.7,1.7
401769838,MIN,5044385,3.0,1.7,1.7
401769839,GSW,6430,43.0,20.6,20.4
401769839,GSW,6589,29.0,-2.4,-2.6
401769839,GSW,2990984,32.0,15.2,13.2
401769839,GSW,3134903,26.0,0.1,-0.4
401769839,GSW,3155535,18.0,4.0,2.4
401769839,GSW,4431684,11.0,5.9,5.7
401769839,GSW,4432171,3.0,0.0,0.0
401769839,GSW,4433247,36.0,24.3,22.2
401769839,GSW,4593016,3.0,-0.4,0.0
401769839,GSW,4709138,39.0,3.0,0.9
401769839,MIN,3195,28.0,3.8,5.5
401769839,MIN,3032976,27.0,11.9,8.4
401769839,MIN,3064514,40.0,22.3,18.4
401769839,MIN,3934673,16.0,-3.3,-2.0
401769839,MIN,4278039,18.0,0.0,-0.3
401769839,MIN,4396971,25.0,6.1,6.8
401769839,MIN,4431671,42.0,13.8,10.4
401769839,MIN,4594268,44.0,22.5,20.9
401769840,GSW,6430,34.0,12.3,11.5
401769840,GSW,6589,34.0,6.9,6.7
401769840,GSW,2990984,35.0,5.6,3.9
401769840,GSW,3134903,16.0,1.2,1.4
401769840,GSW,3155535,14.0,8.5,7.8
401769840,GSW,4278075,5.0,1.0,1.4
401769840,GSW,4431684,19.0,4.8,5.4
401769840,GSW,4432171,7.0,2.9,3.4
401769840,GSW,4433247,30.0,15.2,14.6
401769840,GSW,4592714,5.0,2.0,2.0
401769840,GSW,4593016,5.0,4.3,4.4
401769840,GSW,4709138,33.0,5.2,1.4
401769840,GSW,4997536,5.0,8.7,6.8
401769840,MIN,3195,29.0,9.9,10.4
401769840,MIN,3032976,30.0,10.0,8.8
401769840,MIN,3064514,41.0,20.8,18.4
401769840,MIN,3934673,26.0,4.9,4.6
401769840,MIN,4278039,17.0,10.8,8.9
401769840,MIN,4396971,24.0,1.8,-1.3
401769840,MIN,4431671,40.0,10.4,7.1
401769840,MIN,4594268,33.0,21.0,19.8
401769987,GSW,6430,42.0,18.5,15.4
401769987,GSW,6589,36.0,6.7,6.1
401769987,GSW,2990984,30.0,1.2,0.6
401769987,GSW,3134903,6.0,1.0,0.0
401769987,GSW,3155535,6.0,2.0,1.4
401769987,GSW,4431684,7.0,4.1,3.1
401769987,GSW,4432171,12.0,10.9,9.7
401769987,GSW,4433247,32.0,14.0,12.2
401769987,GSW,4592714,6.0,0.0,0.4
401769987,GSW,4593016,10.0,-0.9,-1.4
401769987,GSW,4709138,39.0,22.1,20.1
401769987,GSW,4997536,16.0,2.6,1.7
401769987,MIN,3195,27.0,18.7,17.4
401769987,MIN,3032976,28.0,15.0,12.7
401769987,MIN,3064514,43.0,22.9,21.5
401769987,MIN,3934673,26.0,16.3,12.9
401769987,MIN,4278039,14.0,-0.1,0.7
401769987,MIN,4396971,21.0,7.2,6.1
401769987,MIN,4431671,41.0,9.4,5.7
401769987,MIN,4594268,41.0,20.1,16.4
401769990,DEN,3468,20.0,1.0,0.3
401769990,DEN,3064290,37.0,7.9,6.4
401769990,DEN,3112335,44.0,42.1,39.0
401769990,DEN,3936299,42.0,12.3,12.6
401769990,DEN,4278104,29.0,-0.1,-1.4
401769990,DEN,4431767,43.0,6.4,2.6
401769990,DEN,4432181,10.0,3.9,2.7
401769990,DEN,4576087,15.0,2.6,0.7
401769990,OKC,2991350,24.0,8.6,7.7
401769990,OKC,4222252,33.0,14.2,12.6
401769990,OKC,4278073,39.0,24.8,20.3
401769990,OKC,4395702,5.0,0.3,0.0
401769990,OKC,4397020,28.0,6.8,7.4
401769990,OKC,4397183,11.0,2.0,1.0
401769990,OKC,4432823,10.0,0.8,1.4
401769990,OKC,4433255,34.0,13.0,9.7
401769990,OKC,4593803,38.0,16.3,13.6
401769990,OKC,4683692,18.0,5.2,3.0
401769991,DEN,3468,17.0,1.6,0.9
401769991,DEN,3064290,38.0,8.7,6.2
401769991,DEN,3112335,41.0,32.3,27.3
401769991,DEN,3936299,42.0,17.1,15.5
401769991,DEN,4278104,29.0,6.8,4.3
401769991,DEN,4431767,39.0,24.1,19.3
401769991,DEN,4432181,20.0,10.8,11.7
401769991,DEN,4576087,14.0,2.1,0.2
401769991,OKC,2991350,27.0,7.8,7.1
401769991,OKC,4222252,25.0,6.8,7.2
401769991,OKC,4278073,35.0,25.5,26.2
401769991,OKC,4395702,8.0,0.6,0.3
401769991,OKC,4397020,21.0,6.2,5.7
401769991,OKC,4397183,12.0,-1.5,-2.1
401769991,OKC,4432823,14.0,7.4,7.1
401769991,OKC,4433255,30.0,16.9,13.0
401769991,OKC,4593803,38.0,5.0,0.7
401769991,OKC,4683692,27.0,7.3,4.3
401769991,OKC,4702159,1.0,0.0,0.0
401769991,OKC,4900671,1.0,-0.7,-0.7
401769991,OKC,4997526,1.0,0.0,0.0
401769992,DEN,3468,22.0,0.0,0.0
401769992,DEN,3064290,25.0,6.5,4.8
401769992,DEN,3112335,37.0,16.7,15.5
401769992,DEN,3936299,35.0,7.2,3.6
401769992,DEN,4278104,23.0,4.2,3.7
401769992,DEN,4395620,10.0,5.3,5.8
401769992,DEN,4398390,10.0,5.3,4.7
401769992,DEN,4431690,10.0,-1.2,-1.4
401769992,DEN,4431767,33.0,12.7,13.1
401769992,DEN,4432181,18.0,0.9,-0.7
401769992,DEN,4576087,20.0,-0.3,-1.2
401769992,OKC,2991350,26.0,12.0,10.2
401769992,OKC,3133626,8.0,-1.2,-1.5
401769992,OKC,4222252,17.0,10.7,10.6
401769992,OKC,4278073,36.0,32.7,28.9
401769992,OKC,4395702,4.0,5.6,5.4
401769992,OKC,4397020,17.0,4.8,3.7
401769992,OKC,4397183,19.0,7.5,5.0
401769992,OKC,4432823,8.0,0.2,-1.4
401769992,OKC,4433255,28.0,11.6,8.7
401769992,OKC,4593803,33.0,22.5,20.3
401769992,OKC,4683692,29.0,6.6,4.4
401769992,OKC,4702159,4.0,-1.7,-2.0
401769992,OKC,4900671,8.0,3.3,3.4
401769992,OKC,4997526,4.0,0.3,0.0
401772989,IND,2530530,14.0,5.3,4.9
401772989,IND,3133628,31.0,11.9,10.1
401772989,IND,3149673,43.0,15.1,12.7
401772989,IND,3934723,13.0,2.9,3.0
401772989,IND,4278355,20.0,7.7,5.4
401772989,IND,4395712,35.0,9.8,11.2
401772989,IND,4396909,39.0,25.5,24.5
401772989,IND,4396993,42.0,26.0,25.0
401772989,IND,4433076,7.0,-0.4,0.0
401772989,IND,4683634,21.0,7.6,7.7
401772989,NYK,3062679,44.0,12.6,9.9
401772989,NYK,3064230,10.0,1.7,2.6
401772989,NYK,3136195,39.0,31.6,28.5
401772989,NYK,3147657,46.0,13.5,10.5
401772989,NYK,3934672,38.0,25.5,27.2
401772989,NYK,3934719,42.0,9.9,6.2
401772989,NYK,4351852,21.0,6.9,4.4
401772989,NYK,4431823,25.0,6.1,5.2
401772990,IND,2530530,14.0,8.4,8.9
401772990,IND,3133628,33.0,12.8,10.6
401772990,IND,3149673,33.0,30.1,29.2
401772990,IND,3934723,4.0,-1.8,-1.0
401772990,IND,4065673,8.0,0.2,0.3
401772990,IND,4278355,19.0,0.8,1.0
401772990,IND,4395712,37.0,10.9,9.8
401772990,IND,4396909,33.0,10.4,8.8
401772990,IND,4396993,35.0,15.5,12.5
401772990,IND,4433076,13.0,4.6,5.4
401772990,IND,4683634,11.0,-1.7,-1.7
401772990,NYK,3062679,29.0,6.5,4.8
401772990,NYK,3064230,9.0,-2.4,-2.4
401772990,NYK,3136195,28.0,13.3,13.0
401772990,NYK,3147657,45.0,13.3,10.7
401772990,NYK,3934672,39.0,27.7,27.0
401772990,NYK,3934719,36.0,13.5,11.1
401772990,NYK,4351852,29.0,9.5,6.7
401772990,NYK,4431823,25.0,0.8,1.7
401772991,IND,2530530,15.0,9.1,9.2
401772991,IND,3133628,33.0,15.3,14.0
401772991,IND,3149673,35.0,11.4,11.3
401772991,IND,4065673,15.0,1.5,1.4
401772991,IND,4278355,14.0,3.8,3.7
401772991,IND,4395712,38.0,6.6,5.2
401772991,IND,4396909,26.0,6.0,2.8
401772991,IND,4396993,37.0,17.6,14.2
401772991,IND,4433076,17.0,1.6,0.7
401772991,IND,4683634,8.0,1.9,1.7
401772991,NYK,3062679,34.0,11.7,10.2
401772991,NYK,3064447,13.0,3.4,2.4
401772991,NYK,3136195,33.0,12.5,10.3
401772991,NYK,3147657,37.0,7.1,5.9
401772991,NYK,3914044,11.0,2.4,2.4
401772991,NYK,3934672,31.0,9.1,10.5
401772991,NYK,3934719,37.0,15.2,12.7
401772991,NYK,4351852,29.0,7.6,6.2
401772991,NYK,4431823,15.0,4.4,4.6
401772992,IND,2530530,19.0,5.5,4.5
401772992,IND,3133628,33.0,6.7,6.4
401772992,IND,3149673,35.0,22.5,21.8
401772992,IND,4065673,10.0,2.6,3.0
401772992,IND,4278355,18.0,6.5,5.1
401772992,IND,4395712,29.0,-1.8,-1.8
401772992,IND,4396909,32.0,11.1,9.4
401772992,IND,4396993,38.0,36.4,30.4
401772992,IND,4433076,14.0,1.5,1.0
401772992,IND,4683634,12.0,17.6,17.4
401772992,NYK,3062679,36.0,7.5,7.8
401772992,NYK,3064447,9.0,3.4,1.7
401772992,NYK,3136195,37.0,19.2,18.1
401772992,NYK,3147657,34.0,6.6,7.3
401772992,NYK,3914044,11.0,2.9,2.7
401772992,NYK,3934672,37.0,23.5,21.4
401772992,NYK,3934719,40.0,15.5,12.2
401772992,NYK,4351852,19.0,8.9,8.9
401772992,NYK,4431679,2.0,0.3,0.0
401772992,NYK,4431823,15.0,0.9,0.3
401772993,IND,2530530,18.0,7.0,5.2
401772993,IND,3133628,24.0,3.0,1.8
401772993,IND,3149673,34.0,12.2,8.5
401772993,IND,3934723,5.0,-1.1,-1.4
401772993,IND,4065673,5.0,2.7,2.7
401772993,IND,4278355,18.0,5.0,4.6
401772993,IND,4395712,27.0,1.7,0.0
401772993,IND,4396909,16.0,-1.7,-3.2
401772993,IND,4396993,32.0,10.6,7.7
401772993,IND,4433076,22.0,6.9,7.1
401772993,IND,4683634,25.0,17.3,16.1
401772993,IND,5106060,13.0,3.6,2.7
401772993,IND,5157066,1.0,0.3,0.0
401772993,NYK,3062679,34.0,12.0,9.1
401772993,NYK,3064447,10.0,1.0,0.0
401772993,NYK,3136195,36.0,15.0,12.7
401772993,NYK,3147657,34.0,10.4,9.2
401772993,NYK,3914044,14.0,3.2,2.7
401772993,NYK,3934672,34.0,26.1,24.7
401772993,NYK,3934719,34.0,5.6,2.8
401772993,NYK,4351852,20.0,6.7,4.0
401772993,NYK,4431679,6.0,1.5,0.6
401772993,NYK,4431823,18.0,2.9,4.1
401772993,NYK,4871141,1.0,1.7,1.7
401772994,IND,3999,1.0,0.0,0.0
401772994,IND,2530530,14.0,0.8,0.0
401772994,IND,3133628,21.0,6.0,7.4
401772994,IND,3149673,36.0,26.3,22.7
401772994,IND,3934723,13.0,10.3,9.4
401772994,IND,4278355,25.0,15.6,12.8
401772994,IND,4395712,37.0,19.4,12.6
401772994,IND,4396909,20.0,5.6,6.7
401772994,IND,4396993,37.0,22.5,17.8
401772994,IND,4433076,20.0,1.2,1.4
401772994,IND,4683634,9.0,1.9,2.7
401772994,IND,5106060,7.0,2.4,2.4
401772994,IND,5157066,1.0,0.0,0.0
401772994,NYK,3062679,22.0,3.9,0.9
401772994,NYK,3064447,12.0,0.9,0.6
401772994,NYK,3136195,38.0,14.5,11.8
401772994,NYK,3147657,32.0,10.0,8.9
401772994,NYK,3914044,16.0,9.3,10.1
401772994,NYK,3934672,34.0,9.3,9.1
401772994,NYK,3934719,37.0,21.8,18.2
401772994,NYK,4351852,30.0,11.8,7.6
401772994,NYK,4431679,2.0,0.0,0.0
401772994,NYK,4431823,11.0,2.2,0.3
401772994,NYK,4433225,2.0,2.1,2.1
401772994,NYK,4871141,2.0,-0.8,-0.8
401772994,NYK,5211983,2.0,0.0,0.0
401773148,MIN,3195,23.0,4.8,4.3
401773148,MIN,3032976,21.0,1.4,-0.1
401773148,MIN,3064514,36.0,21.6,20.6
401773148,MIN,3934673,30.0,2.6,0.8
401773148,MIN,4277951,2.0,0.0,0.0
401773148,MIN,4278039,28.0,3.9,2.2
401773148,MIN,4396971,28.0,0.0,-1.4
401773148,MIN,4431671,24.0,5.3,4.5
401773148,MIN,4432247,6.0,3.0,3.0
401773148,MIN,4432847,2.0,1.0,1.0
401773148,MIN,4594268,37.0,10.0,8.2
401773148,MIN,4684275,2.0,0.0,0.0
401773148,MIN,4687718,2.0,-0.4,0.0
401773148,OKC,2991350,22.0,6.1,6.4
401773148,OKC,3133626,10.0,5.8,6.1
401773148,OKC,4222252,20.0,7.1,6.5
401773148,OKC,4278073,38.0,23.7,19.9
401773148,OKC,4395702,13.0,9.1,7.4
401773148,OKC,4397020,28.0,3.0,2.0
401773148,OKC,4397183,13.0,1.2,1.0
401773148,OKC,4433255,26.0,16.7,12.8
401773148,OKC,4593803,33.0,19.7,13.4
401773148,OKC,4683692,33.0,5.1,4.6
401773148,OKC,4702159,1.0,3.4,3.4
401773148,OKC,4900671,2.0,0.7,0.7
401773148,OKC,4997526,2.0,0.0,0.0
401773149,MIN,3195,28.0,0.4,0.3
401773149,MIN,3032976,30.0,6.8,5.4
401773149,MIN,3064514,32.0,1.5,0.7
401773149,MIN,3934673,22.0,2.2,2.4
401773149,MIN,4278039,25.0,12.6,13.5
401773149,MIN,4396971,28.0,6.8,3.5
401773149,MIN,4431671,35.0,14.8,14.4
401773149,MIN,4594268,40.0,25.4,23.0
401773149,OKC,2991350,24.0,6.3,6.1
401773149,OKC,3133626,2.0,-0.4,-0.7
401773149,OKC,4222252,27.0,6.4,5.5
401773149,OKC,4278073,42.0,33.8,31.9
401773149,OKC,4395702,3.0,1.0,0.0
401773149,OKC,4397020,35.0,10.7,7.7
401773149,OKC,4397183,10.0,0.6,0.7
401773149,OKC,4433255,32.0,12.1,12.0
401773149,OKC,4593803,39.0,23.9,20.6
401773149,OKC,4683692,28.0,10.1,8.5
401773150,MIN,3195,22.0,3.5,1.6
401773150,MIN,3032976,28.0,9.8,6.4
401773150,MIN,3064514,30.0,18.8,19.2
401773150,MIN,3934673,16.0,7.0,7.5
401773150,MIN,4277951,5.0,6.1,6.1
401773150,MIN,4278039,18.0,7.4,7.1
401773150,MIN,4396971,19.0,10.3,8.8
401773150,MIN,4431671,26.0,10.3,10.5
401773150,MIN,4432247,9.0,5.0,4.1
401773150,MIN,4432847,13.0,12.9,12.1
401773150,MIN,4594268,30.0,27.0,23.4
401773150,MIN,4684275,8.0,2.3,2.0
401773150,MIN,4687718,8.0,-2.4,-3.1
401773150,MIN,5044385,8.0,9.5,9.2
401773150,OKC,2991350,10.0,-0.9,-0.1
401773150,OKC,3133626,14.0,4.7,5.1
401773150,OKC,4222252,19.0,5.1,2.6
401773150,OKC,4278073,28.0,7.2,6.7
401773150,OKC,4395702,17.0,0.1,-2.5
401773150,OKC,4397020,22.0,1.1,2.0
401773150,OKC,4397183,16.0,1.9,2.7
401773150,OKC,4432823,17.0,-0.4,-1.4
401773150,OKC,4433255,21.0,10.2,8.4
401773150,OKC,4593803,25.0,5.3,4.9
401773150,OKC,4683692,16.0,3.0,3.4
401773150,OKC,4702159,10.0,11.1,10.2
401773150,OKC,4900671,19.0,9.6,9.4
401773150,OKC,4997526,7.0,5.7,5.4
401773151,MIN,3195,19.0,3.6,2.3
401773151,MIN,3032976,32.0,13.7,13.2
401773151,MIN,3064514,28.0,0.7,-0.7
401773151,MIN,3934673,28.0,19.5,19.0
401773151,MIN,4278039,29.0,21.7,20.7
401773151,MIN,4396971,23.0,12.0,11.9
401773151,MIN,4431671,31.0,19.6,15.2
401773151,MIN,4432847,8.0,5.5,5.7
401773151,MIN,4594268,41.0,7.7,8.0
401773151,OKC,2991350,33.0,8.2,7.1
401773151,OKC,3133626,12.0,5.3,2.7
401773151,OKC,4222252,16.0,5.7,4.9
401773151,OKC,4278073,40.0,29.1,28.2
401773151,OKC,4395702,8.0,1.6,1.6
401773151,OKC,4397020,30.0,1.8,0.6
401773151,OKC,4433255,33.0,20.1,16.9
401773151,OKC,4593803,39.0,27.4,25.3
401773151,OKC,4683692,28.0,8.0,6.1
401773152,MIN,3195,21.0,-0.5,-2.4
401773152,MIN,3032976,19.0,3.2,2.1
401773152,MIN,3064514,31.0,17.2,15.8
401773152,MIN,3934673,22.0,5.4,3.4
401773152,MIN,4277951,7.0,4.8,4.8
401773152,MIN,4278039,20.0,-5.3,-5.5
401773152,MIN,4396971,24.0,7.6,5.2
401773152,MIN,4431671,21.0,-1.7,-2.2
401773152,MIN,4432247,7.0,3.0,1.7
401773152,MIN,4432847,16.0,5.7,5.6
401773152,MIN,4594268,39.0,8.5,6.8
401773152,MIN,4684275,7.0,6.0,6.1
401773152,MIN,4687718,7.0,1.7,1.7
401773152,OKC,2991350,24.0,10.3,7.7
401773152,OKC,3133626,7.0,2.6,0.7
401773152,OKC,4222252,17.0,10.0,5.8
401773152,OKC,4278073,34.0,29.4,26.4
401773152,OKC,4395702,6.0,10.1,9.8
401773152,OKC,4397020,38.0,8.4,5.3
401773152,OKC,4397183,8.0,0.2,0.0
401773152,OKC,4432823,5.0,-1.2,-1.3
401773152,OKC,4433255,30.0,18.7,16.0
401773152,OKC,4593803,32.0,14.4,11.1
401773152,OKC,4683692,24.0,4.7,3.4
401773152,OKC,4702159,4.0,0.0,-0.3
401773152,OKC,4900671,5.0,1.0,0.7
401773152,OKC,4997526,4.0,3.4,3.4
