game_id,season,week,date,home_team,away_team,spread_home,spread_open,total_line,total_open,provider,n_providers
400603827,2015,1,2015-09-05,Alabama,Wisconsin,-10.0,,,,consensus,3
400603828,2015,1,2015-09-05,Arkansas,UTEP,-35.0,,,,consensus,3
400603829,2015,1,2015-09-05,Auburn,Louisville,-10.5,,,,consensus,3
400603830,2015,1,2015-09-05,Florida,New Mexico State,-38.0,,,,consensus,3
400603831,2015,1,2015-09-05,Georgia,UL Monroe,-31.0,,,,consensus,3
400603832,2015,1,2015-09-05,Kentucky,Louisiana,-17.0,,58.0,,teamrankings,2
400603836,2015,1,2015-09-05,Southern Miss,Mississippi State,13.0,,,,consensus,3
400603838,2015,1,2015-09-05,Texas A&M,Arizona State,-3.0,,,,consensus,3
400603839,2015,1,2015-09-03,Vanderbilt,Western Kentucky,-17.5,,,,consensus,3
400603840,2015,1,2015-09-03,South Carolina,North Carolina,-3.5,,,,consensus,3
400603841,2015,4,2015-09-26,Alabama,UL Monroe,-39.0,,,,consensus,3
400603842,2015,4,2015-09-26,Arkansas,Texas A&M,3.5,,,,consensus,3
400603843,2015,4,2015-09-26,Auburn,Mississippi State,-3.5,,,,consensus,3
400603844,2015,4,2015-09-26,Florida,Tennessee,-3.0,,,,consensus,3
400603845,2015,4,2015-09-26,Georgia,Southern,-52.0,,,,consensus,1
400603846,2015,4,2015-09-26,Kentucky,Missouri,-2.5,,,,consensus,3
400603847,2015,4,2015-09-26,Ole Miss,Vanderbilt,-28.0,,,,consensus,3
400603848,2015,4,2015-09-26,South Carolina,UCF,-12.5,,,,consensus,3
400603849,2015,4,2015-09-26,Syracuse,LSU,24.0,,,,consensus,3
400603850,2015,3,2015-09-19,Alabama,Ole Miss,-8.5,,,,consensus,3
400603851,2015,3,2015-09-19,Arkansas,Texas Tech,-10.5,,,,consensus,3
400603852,2015,3,2015-09-19,Georgia,South Carolina,-15.5,,,,consensus,3
400603853,2015,3,2015-09-19,Kentucky,Florida,4.5,,,,consensus,3
400603854,2015,3,2015-09-19,LSU,Auburn,-6.5,,,,consensus,3
400603855,2015,3,2015-09-19,Mississippi State,Northwestern State,-42.0,,,,consensus,1
400603856,2015,3,2015-09-19,Missouri,UConn,-24.0,,,,consensus,3
400603857,2015,3,2015-09-19,Tennessee,Western Carolina,-34.5,,,,consensus,1
400603858,2015,3,2015-09-19,Texas A&M,Nevada,-25.0,,,,consensus,3
400603859,2015,3,2015-09-19,Vanderbilt,Austin Peay,-39.5,,,,consensus,1
400603860,2015,2,2015-09-12,Alabama,Middle Tennessee,-34.0,,,,consensus,3
400603861,2015,2,2015-09-12,Arkansas,Toledo,-21.0,,,,consensus,3
400603862,2015,2,2015-09-12,Arkansas State,Missouri,13.0,,,,consensus,3
400603863,2015,2,2015-09-12,Auburn,Jacksonville State,-47.0,,,,consensus,1
400603864,2015,2,2015-09-12,Florida,East Carolina,-13.0,,,,consensus,3
400603865,2015,2,2015-09-12,Mississippi State,LSU,3.0,,,,consensus,3
400603866,2015,2,2015-09-12,Ole Miss,Fresno State,-23.0,,,,consensus,3
400603867,2015,2,2015-09-12,South Carolina,Kentucky,-7.5,,,,consensus,3
400603868,2015,2,2015-09-12,Tennessee,Oklahoma,3.0,,,,consensus,3
400603869,2015,2,2015-09-12,Texas A&M,Ball State,-26.0,,,,consensus,3
400603870,2015,2,2015-09-12,Vanderbilt,Georgia,17.0,,,,consensus,3
400603871,2015,9,2015-10-31,Arkansas,UT Martin,-38.0,,,,consensus,1
400603872,2015,9,2015-10-31,Auburn,Ole Miss,6.0,,,,consensus,3
400603873,2015,9,2015-10-31,Florida,Georgia,-2.5,,,,consensus,3
400603874,2015,9,2015-10-31,Houston,Vanderbilt,-13.5,,,,consensus,3
400603875,2015,9,2015-10-31,Kentucky,Tennessee,7.5,,,,consensus,3
400603876,2015,9,2015-10-31,Texas A&M,South Carolina,-16.0,,,,consensus,3
400603877,2015,5,2015-10-03,Auburn,San José State,-20.5,,,,consensus,3
400603878,2015,5,2015-10-03,Florida,Ole Miss,6.5,,,,consensus,3
400603879,2015,5,2015-10-03,Georgia,Alabama,-1.5,,51.0,,teamrankings,2
400603880,2015,5,2015-10-03,Kentucky,Eastern Kentucky,-31.5,,,,consensus,1
400603881,2015,5,2015-10-03,LSU,Eastern Michigan,-45.0,,,,consensus,3
400603882,2015,5,2015-10-03,Middle Tennessee,Vanderbilt,-4.5,,,,consensus,2
400603883,2015,5,2015-10-03,Missouri,South Carolina,-3.5,,,,consensus,3
400603884,2015,5,2015-10-03,Tennessee,Arkansas,-7.5,,,,consensus,3
400603885,2015,5,2015-10-03,Texas A&M,Mississippi State,-6.0,,,,consensus,3
400603886,2015,8,2015-10-24,Alabama,Tennessee,-14.5,,,,consensus,3
400603887,2015,8,2015-10-24,Arkansas,Auburn,-4.0,,,,consensus,3
400603888,2015,8,2015-10-24,LSU,Western Kentucky,-17.0,,,,consensus,3
400603889,2015,8,2015-10-24,Mississippi State,Kentucky,-11.5,,,,consensus,3
400603890,2015,8,2015-10-24,Ole Miss,Texas A&M,-6.0,,,,consensus,3
400603891,2015,8,2015-10-24,Vanderbilt,Missouri,2.0,,,,consensus,3
400603892,2015,7,2015-10-17,Georgia,Missouri,-17.0,,,,consensus,3
400603893,2015,7,2015-10-17,LSU,Florida,-6.5,,,,consensus,3
400603894,2015,7,2015-10-17,Memphis,Ole Miss,10.5,,,,consensus,3
400603895,2015,7,2015-10-17,Mississippi State,Louisiana Tech,-15.5,,,,consensus,3
400603896,2015,7,2015-10-17,South Carolina,Vanderbilt,-7.0,,,,consensus,3
400603897,2015,7,2015-10-17,Texas A&M,Alabama,3.0,,,,consensus,3
400603898,2015,7,2015-10-15,Kentucky,Auburn,1.0,,,,consensus,3
400603899,2015,6,2015-10-10,Alabama,Arkansas,-16.0,,,,consensus,3
400603900,2015,6,2015-10-10,Mississippi State,Troy,-31.5,,,,consensus,3
400603901,2015,6,2015-10-10,Missouri,Florida,3.5,,,,consensus,3
400603902,2015,6,2015-10-10,Ole Miss,New Mexico State,-43.0,,,,consensus,3
400603903,2015,6,2015-10-10,LSU,South Carolina,13.0,,,,consensus,3
400603904,2015,6,2015-10-10,Tennessee,Georgia,2.5,,,,consensus,3
400603905,2015,10,2015-11-07,Alabama,LSU,-7.0,,,,consensus,3
400603906,2015,10,2015-11-07,Florida,Vanderbilt,-19.0,,,,consensus,3
400603907,2015,10,2015-11-07,Georgia,Kentucky,-17.0,,,,consensus,3
400603908,2015,10,2015-11-07,Ole Miss,Arkansas,-11.0,,,,consensus,3
400603909,2015,10,2015-11-07,Tennessee,South Carolina,-15.0,,,,consensus,3
400603910,2015,10,2015-11-07,Texas A&M,Auburn,-8.5,,,,consensus,3
400603911,2015,10,2015-11-05,Missouri,Mississippi State,7.5,,,,consensus,3
400603912,2015,13,2015-11-27,Arkansas,Missouri,-14.0,,,,consensus,3
400603913,2015,13,2015-11-28,Auburn,Alabama,13.0,,,,consensus,3
400603914,2015,13,2015-11-28,Florida,Florida State,-3.0,,,,consensus,3
400603915,2015,13,2015-11-28,Georgia Tech,Georgia,4.5,,,,consensus,3
400603916,2015,13,2015-11-28,Kentucky,Louisville,4.0,,,,consensus,3
400603917,2015,13,2015-11-28,LSU,Texas A&M,-4.0,,,,consensus,3
400603918,2015,13,2015-11-28,Mississippi State,Ole Miss,2.0,,,,consensus,3
400603919,2015,13,2015-11-28,South Carolina,Clemson,15.5,,,,consensus,3
400603920,2015,13,2015-11-28,Tennessee,Vanderbilt,-17.5,,,,consensus,3
400603921,2015,12,2015-11-21,Alabama,Charleston Southern,-38.5,,,,consensus,1
400603922,2015,12,2015-11-21,Arkansas,Mississippi State,-3.0,,,,consensus,3
400603923,2015,12,2015-11-21,Auburn,Idaho,-32.5,,,,consensus,3
400603924,2015,12,2015-11-21,Florida,Florida Atlantic,-31.0,,,,consensus,3
400603925,2015,12,2015-11-21,Georgia,Georgia Southern,-16.0,,,,consensus,3
400603926,2015,12,2015-11-21,Kentucky,Charlotte,-24.5,,,,consensus,3
400603927,2015,12,2015-11-21,Missouri,Tennessee,9.0,,,,consensus,3
400603928,2015,12,2015-11-21,Ole Miss,LSU,-4.5,,,,consensus,3
400603929,2015,12,2015-11-21,South Carolina,The Citadel,-20.5,,,,consensus,1
400603930,2015,12,2015-11-21,Vanderbilt,Texas A&M,7.5,,,,consensus,3
400603931,2015,11,2015-11-14,Auburn,Georgia,2.0,,,,consensus,3
400603932,2015,11,2015-11-14,LSU,Arkansas,-9.0,,,,consensus,3
400603933,2015,11,2015-11-14,Mississippi State,Alabama,7.0,,,,consensus,3
400603934,2015,11,2015-11-14,South Carolina,Florida,8.5,,,,consensus,3
400603935,2015,11,2015-11-14,Tennessee,North Texas,-40.5,,,,consensus,3
400603936,2015,11,2015-11-14,Texas A&M,Western Carolina,-35.5,,,,consensus,1
400603937,2015,11,2015-11-14,Vanderbilt,Kentucky,-2.5,,,,consensus,3
400756882,2015,1,2015-09-03,Arizona,UTSA,-30.5,,,,consensus,3
400756883,2015,1,2015-09-03,Utah,Michigan,-3.0,,,,consensus,3
400756884,2015,1,2015-09-05,USC,Arkansas State,-27.0,,,,consensus,3
400756886,2015,1,2015-09-05,Oregon,Eastern Washington,-35.0,,,,consensus,1
400756888,2015,1,2015-09-04,Boise State,Washington,-11.0,,,,consensus,3
400756890,2015,1,2015-09-05,California,Grambling,-43.0,,,,consensus,1
400756891,2015,1,2015-09-05,Northwestern,Stanford,10.0,,,,consensus,3
400756892,2015,2,2015-09-12,Nevada,Arizona,10.5,,,,consensus,3
400756893,2015,2,2015-09-12,Arizona State,Cal Poly,-36.5,,,,consensus,1
400756894,2015,1,2015-09-03,Tulane,Duke,13.5,,,,consensus,3
400756899,2015,1,2015-09-05,Florida State,Texas State,-37.0,,,,consensus,3
400756900,2015,1,2015-09-05,Miami,Bethune-Cookman,-39.0,,,,consensus,1
400756901,2015,1,2015-09-05,NC State,Troy,-23.0,,,,consensus,3
400756902,2015,1,2015-09-05,Pittsburgh,Youngstown State,-15.0,,,,consensus,1
400756904,2015,1,2015-09-05,UCLA,Virginia,-14.5,,,,consensus,3
400756905,2015,1,2015-09-07,Virginia Tech,Ohio State,14.0,,,,consensus,3
400756906,2015,2,2015-09-12,Boston College,Howard,-44.0,,,,consensus,1
400756907,2015,2,2015-09-12,Clemson,App State,-21.0,,,,consensus,3
400756908,2015,2,2015-09-12,Duke,North Carolina Central,-41.0,,,,consensus,1
400756910,2015,2,2015-09-12,Georgia Tech,Tulane,-26.0,,,,consensus,3
400756911,2015,2,2015-09-12,Louisville,Houston,-12.5,,,,consensus,3
400756912,2015,2,2015-09-11,Florida Atlantic,Miami,16.5,,,,consensus,3
400756913,2015,2,2015-09-12,North Carolina,North Carolina A&T,-35.5,,,,consensus,1
400756914,2015,2,2015-09-12,NC State,Eastern Kentucky,-31.0,,,,consensus,1
400756915,2015,2,2015-09-12,Akron,Pittsburgh,11.5,,,,consensus,3
400756916,2015,2,2015-09-12,Syracuse,Wake Forest,-5.5,,,,consensus,3
400756917,2015,2,2015-09-12,Virginia,Notre Dame,11.5,,,,consensus,3
400756918,2015,2,2015-09-12,Virginia Tech,Furman,-32.5,,,,consensus,1
400756919,2015,3,2015-09-17,Louisville,Clemson,5.0,,54.0,,teamrankings,2
400756920,2015,3,2015-09-18,Boston College,Florida State,10.5,,,,consensus,3
400756921,2015,3,2015-09-19,Duke,Northwestern,-2.5,,,,consensus,3
400756922,2015,3,2015-09-19,Notre Dame,Georgia Tech,-2.0,,,,consensus,3
400756923,2015,3,2015-09-19,Miami,Nebraska,-4.5,,,,consensus,3
400756924,2015,3,2015-09-19,North Carolina,Illinois,-7.0,,,,consensus,3
400756925,2015,3,2015-09-19,Old Dominion,NC State,15.0,,,,consensus,3
400756926,2015,3,2015-09-19,Iowa,Pittsburgh,-3.0,,,,consensus,3
400756927,2015,3,2015-09-19,Syracuse,Central Michigan,-6.0,,,,consensus,3
400756928,2015,3,2015-09-19,Virginia,William & Mary,-24.0,,,,consensus,1
400756929,2015,3,2015-09-19,Purdue,Virginia Tech,5.5,,,,consensus,3
400756930,2015,3,2015-09-19,Army,Wake Forest,2.0,,,,consensus,3
400756931,2015,4,2015-09-25,Virginia,Boise State,4.0,,,,consensus,3
400756932,2015,4,2015-09-26,Boston College,Northern Illinois,-4.5,,,,consensus,3
400756933,2015,4,2015-09-26,Duke,Georgia Tech,10.0,,,,consensus,3
400756934,2015,4,2015-09-26,Louisville,Samford,-29.5,,,,consensus,1
400756935,2015,4,2015-09-26,North Carolina,Delaware,-42.0,,,,consensus,1
400756936,2015,4,2015-09-26,South Alabama,NC State,16.5,,,,consensus,3
400756937,2015,4,2015-09-26,East Carolina,Virginia Tech,6.0,,,,consensus,3
400756938,2015,4,2015-09-26,Wake Forest,Indiana,3.5,,,,consensus,3
400756939,2015,5,2015-10-03,Duke,Boston College,-7.0,,,,consensus,3
400756940,2015,5,2015-10-03,Clemson,Notre Dame,-3.0,,48.5,,teamrankings,2
400756941,2015,5,2015-10-03,Wake Forest,Florida State,18.0,,,,consensus,3
400756942,2015,5,2015-10-03,Georgia Tech,North Carolina,-10.5,,,,consensus,3
400756943,2015,5,2015-10-03,NC State,Louisville,-5.0,,,,consensus,3
400756945,2015,5,2015-10-03,Virginia Tech,Pittsburgh,-4.5,,,,consensus,3
400756946,2015,6,2015-10-09,Virginia Tech,NC State,-2.0,,,,consensus,3
400756947,2015,6,2015-10-10,Boston College,Wake Forest,-9.0,,,,consensus,3
400756948,2015,6,2015-10-10,Clemson,Georgia Tech,-7.5,,,,consensus,3
400756949,2015,6,2015-10-10,Army,Duke,11.0,,,,consensus,3
400756950,2015,6,2015-10-10,Florida State,Miami,-9.0,,,,consensus,3
400756951,2015,6,2015-10-10,Pittsburgh,Virginia,-10.0,,,,consensus,3
400756952,2015,6,2015-10-10,South Florida,Syracuse,-5.0,,,,consensus,3
400756953,2015,7,2015-10-17,Clemson,Boston College,-15.5,,,,consensus,3
400756954,2015,7,2015-10-17,Florida State,Louisville,-9.0,,,,consensus,3
400756955,2015,7,2015-10-17,Georgia Tech,Pittsburgh,-3.0,,,,consensus,3
400756956,2015,7,2015-10-17,Miami,Virginia Tech,-7.0,,,,consensus,3
400756957,2015,7,2015-10-17,North Carolina,Wake Forest,-14.0,,,,consensus,3
400756958,2015,7,2015-10-17,Virginia,Syracuse,-8.5,,,,consensus,3
400756959,2015,8,2015-10-24,Louisville,Boston College,-8.5,,,,consensus,3
400756960,2015,8,2015-10-24,Miami,Clemson,3.5,,,,consensus,3
400756961,2015,8,2015-10-24,Virginia Tech,Duke,-6.0,,,,consensus,3
400756962,2015,8,2015-10-24,Georgia Tech,Florida State,6.5,,,,consensus,3
400756963,2015,8,2015-10-24,North Carolina,Virginia,-12.0,,,,consensus,3
400756964,2015,8,2015-10-24,Wake Forest,NC State,8.5,,,,consensus,3
400756965,2015,8,2015-10-24,Syracuse,Pittsburgh,6.5,,,,consensus,3
400756966,2015,9,2015-10-29,Pittsburgh,North Carolina,2.5,,,,consensus,3
400756967,2015,9,2015-10-30,Wake Forest,Louisville,9.5,,,,consensus,3
400756968,2015,9,2015-10-31,Boston College,Virginia Tech,1.0,,,,consensus,3
400756969,2015,9,2015-10-31,NC State,Clemson,9.5,,,,consensus,3
400756970,2015,9,2015-10-31,Duke,Miami,-8.0,,,,consensus,3
400756971,2015,9,2015-10-31,Florida State,Syracuse,-19.5,,,,consensus,3
400756972,2015,9,2015-10-31,Virginia,Georgia Tech,2.5,,,,consensus,3
400756973,2015,10,2015-11-07,Boston College,NC State,1.0,,,,consensus,3
400756974,2015,10,2015-11-07,Clemson,Florida State,-12.0,,,,consensus,3
400756975,2015,10,2015-11-07,North Carolina,Duke,-8.0,,,,consensus,3
400756976,2015,10,2015-11-07,Louisville,Syracuse,-12.0,,,,consensus,3
400756977,2015,10,2015-11-07,Miami,Virginia,-7.5,,,,consensus,3
400756978,2015,10,2015-11-07,Pittsburgh,Notre Dame,7.5,,,,consensus,3
400756979,2015,11,2015-11-12,Georgia Tech,Virginia Tech,-5.0,,,,consensus,3
400756980,2015,11,2015-11-14,Syracuse,Clemson,26.5,,,,consensus,3
400756981,2015,11,2015-11-14,Duke,Pittsburgh,-4.0,,,,consensus,3
400756982,2015,11,2015-11-14,Florida State,NC State,-10.5,,,,consensus,3
400756983,2015,11,2015-11-14,Louisville,Virginia,-8.5,,,,consensus,3
400756984,2015,11,2015-11-14,North Carolina,Miami,-12.5,,,,consensus,3
400756985,2015,11,2015-11-14,Notre Dame,Wake Forest,-27.0,,,,consensus,3
400756986,2015,12,2015-11-21,Notre Dame,Boston College,-16.0,,,,consensus,3
400756987,2015,12,2015-11-21,Clemson,Wake Forest,-29.0,,,,consensus,3
400756988,2015,12,2015-11-21,Virginia,Duke,-2.5,,,,consensus,3
400756989,2015,12,2015-11-21,Florida State,Chattanooga,-30.5,,,,consensus,1
400756990,2015,12,2015-11-21,Miami,Georgia Tech,-1.0,,,,consensus,3
400756991,2015,12,2015-11-21,Pittsburgh,Louisville,-1.5,,,,consensus,3
400756992,2015,12,2015-11-21,Virginia Tech,North Carolina,7.5,,,,consensus,3
400756993,2015,12,2015-11-21,NC State,Syracuse,-17.0,,,,consensus,3
400756994,2015,13,2015-11-27,Pittsburgh,Miami,-7.0,,54.5,,teamrankings,2
400756995,2015,13,2015-11-28,Syracuse,Boston College,4.5,,,,consensus,3
400756996,2015,13,2015-11-28,Wake Forest,Duke,4.0,,,,consensus,3
400756997,2015,13,2015-11-28,NC State,North Carolina,6.0,,,,consensus,3
400756998,2015,13,2015-11-28,Virginia,Virginia Tech,3.5,,,,consensus,3
400757014,2015,2,2015-09-12,USC,Idaho,-43.5,,,,consensus,3
400757015,2015,2,2015-09-12,UNLV,UCLA,28.0,,,,consensus,3
400757016,2015,2,2015-09-12,Colorado,Massachusetts,-16.0,,,,consensus,3
400757018,2015,2,2015-09-12,Michigan State,Oregon,-5.0,,66.0,,teamrankings,2
400757019,2015,2,2015-09-12,Michigan,Oregon State,-14.0,,,,consensus,3
400757020,2015,2,2015-09-12,Washington,Sacramento State,-30.0,,,,consensus,1
400757021,2015,2,2015-09-12,Rutgers,Washington State,-5.5,,,,consensus,3
400757022,2015,2,2015-09-12,California,San Diego State,-9.0,,,,consensus,3
400757023,2015,2,2015-09-12,Stanford,UCF,-16.0,,,,consensus,3
400757024,2015,3,2015-09-19,Arizona,Northern Arizona,-35.0,,,,consensus,1
400757026,2015,3,2015-09-19,USC,Stanford,-8.0,,,,consensus,3
400757027,2015,3,2015-09-19,UCLA,BYU,-14.5,,,,consensus,3
400757028,2015,3,2015-09-19,Colorado State,Colorado,-1.0,,,,consensus,3
400757029,2015,3,2015-09-19,Fresno State,Utah,15.5,,,,consensus,3
400757030,2015,3,2015-09-19,Oregon,Georgia State,-48.5,,,,consensus,3
400757031,2015,3,2015-09-19,Oregon State,San José State,-8.0,,,,consensus,3
400757032,2015,3,2015-09-19,Washington,Utah State,-3.5,,,,consensus,3
400757033,2015,3,2015-09-19,Washington State,Wyoming,-24.0,,,,consensus,3
400757034,2015,3,2015-09-19,Texas,California,2.5,,,,consensus,3
400757035,2015,4,2015-09-25,Oregon State,Stanford,16.5,,,,consensus,3
400757036,2015,4,2015-09-26,Arizona,UCLA,4.5,,,,consensus,3
400757037,2015,4,2015-09-26,Arizona State,USC,6.0,,,,consensus,3
400757038,2015,4,2015-09-26,Colorado,Nicholls,-45.5,,,,consensus,1
400757039,2015,4,2015-09-26,Oregon,Utah,-14.0,,,,consensus,3
400757040,2015,4,2015-09-26,Washington,California,2.0,,,,consensus,3
400757041,2015,5,2015-10-03,Stanford,Arizona,-14.0,,,,consensus,3
400757042,2015,5,2015-10-03,UCLA,Arizona State,-13.0,,,,consensus,3
400757043,2015,5,2015-10-03,Colorado,Oregon,12.0,,,,consensus,3
400757044,2015,5,2015-10-03,California,Washington State,-13.5,,,,consensus,3
400757045,2015,6,2015-10-08,USC,Washington,-17.0,,,,consensus,3
400757046,2015,6,2015-10-10,Arizona,Oregon State,-12.5,,,,consensus,3
400757047,2015,6,2015-10-10,Arizona State,Colorado,-12.5,,,,consensus,3
400757048,2015,6,2015-10-10,Utah,California,-7.0,,,,consensus,3
400757049,2015,6,2015-10-10,Oregon,Washington State,-20.0,,,,consensus,3
400757050,2015,7,2015-10-15,Stanford,UCLA,-5.0,,,,consensus,3
400757051,2015,7,2015-10-17,Colorado,Arizona,7.0,,,,consensus,3
400757052,2015,7,2015-10-17,Utah,Arizona State,-6.5,,,,consensus,3
400757053,2015,7,2015-10-17,Notre Dame,USC,-3.0,,,,consensus,3
400757054,2015,7,2015-10-17,Washington,Oregon,-2.5,,59.0,,teamrankings,2
400757055,2015,7,2015-10-17,Washington State,Oregon State,-8.0,,,,consensus,3
400757056,2015,8,2015-10-22,UCLA,California,-6.5,,,,consensus,3
400757057,2015,8,2015-10-24,Arizona,Washington State,-8.5,,,,consensus,3
400757058,2015,8,2015-10-24,USC,Utah,-3.0,,,,consensus,3
400757059,2015,8,2015-10-24,Oregon State,Colorado,-3.5,,,,consensus,3
400757060,2015,8,2015-10-24,Stanford,Washington,-17.0,,,,consensus,3
400757061,2015,9,2015-10-29,Arizona State,Oregon,-2.5,,65.0,,teamrankings,2
400757062,2015,9,2015-10-31,Washington,Arizona,-6.0,,58.0,,teamrankings,2
400757063,2015,9,2015-10-31,California,USC,4.0,,,,consensus,3
400757064,2015,9,2015-10-31,UCLA,Colorado,-18.5,,,,consensus,3
400757065,2015,9,2015-10-31,Utah,Oregon State,-21.5,,,,consensus,3
400757066,2015,9,2015-10-31,Washington State,Stanford,12.5,,,,consensus,3
400757067,2015,10,2015-11-07,USC,Arizona,-16.5,,,,consensus,3
400757068,2015,10,2015-11-07,Washington State,Arizona State,1.0,,,,consensus,3
400757069,2015,10,2015-11-07,Oregon State,UCLA,15.5,,,,consensus,3
400757070,2015,10,2015-11-07,Colorado,Stanford,16.0,,,,consensus,3
400757071,2015,10,2015-11-07,Washington,Utah,-3.0,,43.0,,teamrankings,2
400757072,2015,10,2015-11-07,Oregon,California,-7.5,,,,consensus,3
400757073,2015,11,2015-11-13,Colorado,USC,14.5,,,,consensus,3
400757074,2015,11,2015-11-14,Arizona,Utah,4.5,,,,consensus,3
400757075,2015,11,2015-11-14,Arizona State,Washington,-3.5,,,,consensus,3
400757076,2015,11,2015-11-14,UCLA,Washington State,-8.5,,,,consensus,3
400757077,2015,11,2015-11-14,Stanford,Oregon,-8.5,,,,consensus,3
400757078,2015,11,2015-11-14,California,Oregon State,-17.5,,,,consensus,3
400757079,2015,12,2015-11-21,Arizona State,Arizona,-7.0,,,,consensus,3
400757080,2015,12,2015-11-21,Oregon,USC,-2.5,,,,consensus,3
400757081,2015,12,2015-11-21,Utah,UCLA,2.0,,,,consensus,3
400757082,2015,12,2015-11-21,Washington State,Colorado,-15.5,,,,consensus,3
400757083,2015,12,2015-11-21,Oregon State,Washington,16.0,,,,consensus,3
400757084,2015,12,2015-11-21,Stanford,California,-12.5,,,,consensus,3
400757085,2015,13,2015-11-27,Oregon,Oregon State,-30.0,,,,consensus,3
400757086,2015,13,2015-11-27,Washington,Washington State,-5.5,,,,consensus,3
400757087,2015,13,2015-11-28,California,Arizona State,-3.0,,,,consensus,3
400757088,2015,13,2015-11-28,USC,UCLA,-3.5,,,,consensus,3
400757089,2015,13,2015-11-28,Utah,Colorado,-15.5,,,,consensus,3
400757090,2015,13,2015-11-28,Stanford,Notre Dame,2.0,,,,consensus,3
400760492,2015,2,2015-09-12,UConn,Army,-6.5,,,,consensus,3
400760493,2015,4,2015-09-26,Eastern Michigan,Army,2.0,,,,consensus,3
400760494,2015,5,2015-10-03,Penn State,Army,7.5,,,,consensus,3
400760495,2015,7,2015-10-17,Army,Bucknell,-23.5,,,,consensus,1
400760496,2015,8,2015-10-24,Rice,Army,14.0,,,,consensus,3
400760497,2015,10,2015-11-07,Air Force,Army,-17.5,,,,consensus,3
400760498,2015,11,2015-11-14,Army,Tulane,-2.5,,,,consensus,3
400760499,2015,12,2015-11-21,Army,Rutgers,5.0,,,,consensus,3
400760500,2015,15,2015-12-12,Navy,Army,-23.0,,,,consensus,3
400763398,2015,1,2015-09-03,Minnesota,TCU,16.0,,,,consensus,3
400763399,2015,1,2015-09-03,Central Michigan,Oklahoma State,20.5,,,,consensus,3
400763400,2015,1,2015-09-05,Iowa State,Northern Iowa,-8.5,,,,consensus,1
400763403,2015,1,2015-09-05,Notre Dame,Texas,-9.0,,,,consensus,3
400763404,2015,1,2015-09-05,Oklahoma,Akron,-38.0,,,,consensus,3
400763407,2015,1,2015-09-05,West Virginia,Georgia Southern,-38.0,,,,consensus,3
400763408,2015,2,2015-09-12,Baylor,Lamar,-59.0,,,,consensus,1
400763409,2015,2,2015-09-12,Iowa State,Iowa,4.0,,,,consensus,3
400763410,2015,2,2015-09-12,Kansas,Memphis,10.5,,,,consensus,3
400763411,2015,2,2015-09-12,Oklahoma State,Central Arkansas,-37.5,,,,consensus,1
400763412,2015,2,2015-09-12,TCU,Stephen F. Austin,-49.0,,,,consensus,1
400763413,2015,2,2015-09-12,Texas,Rice,-16.0,,,,consensus,3
400763414,2015,2,2015-09-12,UTSA,Kansas State,22.5,,,,consensus,3
400763415,2015,2,2015-09-12,Texas Tech,UTEP,-16.5,,,,consensus,3
400763416,2015,2,2015-09-12,West Virginia,Liberty,-40.0,,,,consensus,1
400763417,2015,3,2015-09-19,Kansas State,Louisiana Tech,-11.0,,,,consensus,3
400763418,2015,3,2015-09-19,Oklahoma,Tulsa,-33.0,,,,consensus,3
400763419,2015,3,2015-09-19,Oklahoma State,UTSA,-24.5,,,,consensus,3
400763420,2015,3,2015-09-19,TCU,SMU,-38.0,,,,consensus,3
400763421,2015,3,2015-09-19,Toledo,Iowa State,-6.5,,,,consensus,3
400763422,2015,4,2015-09-26,Baylor,Rice,-33.0,,,,consensus,3
400763423,2015,4,2015-09-26,Rutgers,Kansas,-13.0,,,,consensus,3
400763424,2015,4,2015-09-26,Texas,Oklahoma State,5.0,,,,consensus,3
400763425,2015,4,2015-09-26,Texas Tech,TCU,9.5,,,,consensus,3
400763426,2015,4,2015-09-26,West Virginia,Maryland,-16.5,,,,consensus,3
400763427,2015,5,2015-10-03,Iowa State,Kansas,-14.5,,,,consensus,3
400763428,2015,5,2015-10-03,Oklahoma,West Virginia,-7.5,,,,consensus,3
400763429,2015,5,2015-10-03,Oklahoma State,Kansas State,-3.5,,,,consensus,3
400763430,2015,5,2015-10-03,TCU,Texas,-18.5,,,,consensus,3
400763431,2015,5,2015-10-03,Baylor,Texas Tech,-15.5,,,,consensus,3
400763432,2015,6,2015-10-10,Kansas,Baylor,38.0,,,,consensus,3
400763433,2015,6,2015-10-10,Kansas State,TCU,7.0,,,,consensus,3
400763434,2015,6,2015-10-10,Texas,Oklahoma,13.5,,,,consensus,3
400763435,2015,6,2015-10-10,Texas Tech,Iowa State,-11.5,,,,consensus,3
400763436,2015,6,2015-10-10,West Virginia,Oklahoma State,-6.0,,,,consensus,3
400763437,2015,7,2015-10-17,Baylor,West Virginia,-18.0,,,,consensus,3
400763438,2015,7,2015-10-17,Iowa State,TCU,18.0,,,,consensus,3
400763439,2015,7,2015-10-17,Kansas,Texas Tech,27.0,,,,consensus,3
400763440,2015,7,2015-10-17,Kansas State,Oklahoma,4.0,,,,consensus,3
400763441,2015,8,2015-10-24,Baylor,Iowa State,-37.0,,,,consensus,3
400763442,2015,8,2015-10-24,Oklahoma,Texas Tech,-14.5,,,,consensus,3
400763443,2015,8,2015-10-24,Oklahoma State,Kansas,-35.0,,,,consensus,3
400763444,2015,8,2015-10-24,Texas,Kansas State,-3.5,,,,consensus,3
400763445,2015,9,2015-10-29,TCU,West Virginia,-14.5,,,,consensus,3
400763446,2015,9,2015-10-31,Iowa State,Texas,9.5,,,,consensus,3
400763447,2015,9,2015-10-31,Kansas,Oklahoma,39.0,,,,consensus,3
400763448,2015,9,2015-10-31,Texas Tech,Oklahoma State,1.0,,,,consensus,3
400763449,2015,10,2015-11-05,Kansas State,Baylor,18.5,,,,consensus,3
400763450,2015,10,2015-11-07,Oklahoma,Iowa State,-26.0,,,,consensus,3
400763451,2015,10,2015-11-07,Oklahoma State,TCU,5.0,,,,consensus,3
400763452,2015,10,2015-11-07,Texas,Kansas,-31.5,,,,consensus,3
400763453,2015,10,2015-11-07,West Virginia,Texas Tech,-7.0,,,,consensus,3
400763454,2015,11,2015-11-14,Baylor,Oklahoma,-6.0,,,,consensus,3
400763455,2015,11,2015-11-14,Iowa State,Oklahoma State,13.5,,,,consensus,3
400763456,2015,11,2015-11-14,TCU,Kansas,-43.0,,,,consensus,3
400763457,2015,11,2015-11-14,Texas Tech,Kansas State,-5.5,,,,consensus,3
400763458,2015,11,2015-11-14,West Virginia,Texas,-7.0,,,,consensus,3
400763459,2015,12,2015-11-21,Kansas,West Virginia,28.0,,,,consensus,3
400763460,2015,12,2015-11-21,Kansas State,Iowa State,-7.0,,,,consensus,3
400763461,2015,12,2015-11-21,Oklahoma,TCU,-18.0,,64.0,,teamrankings,2
400763462,2015,12,2015-11-21,Oklahoma State,Baylor,3.0,,76.0,,teamrankings,2
400763463,2015,13,2015-11-26,Texas,Texas Tech,-2.0,,,,consensus,3
400763464,2015,13,2015-11-27,TCU,Baylor,2.0,,74.5,,teamrankings,2
400763465,2015,13,2015-11-28,Kansas,Kansas State,21.5,,,,consensus,3
400763466,2015,13,2015-11-28,Oklahoma State,Oklahoma,3.5,,,,consensus,3
400763467,2015,13,2015-11-28,West Virginia,Iowa State,-13.5,,,,consensus,3
400763468,2015,14,2015-12-05,Baylor,Texas,-20.5,,,,consensus,3
400763469,2015,14,2015-12-05,Kansas State,West Virginia,5.5,,,,consensus,3
400763470,2015,1,2015-09-04,Western Michigan,Michigan State,23.5,,,,consensus,3
400763495,2015,1,2015-09-05,Nebraska,BYU,-7.5,,,,consensus,3
400763497,2015,1,2015-09-05,Temple,Penn State,14.0,,,,consensus,3
400763498,2015,1,2015-09-06,Marshall,Purdue,2.5,,,,consensus,3
400763499,2015,2,2015-09-12,Colorado State,Minnesota,5.0,,,,consensus,3
400763500,2015,2,2015-09-12,Illinois,Western Illinois,-25.0,,,,consensus,1
400763501,2015,2,2015-09-12,Indiana,Florida International,-7.5,,,,consensus,3
400763502,2015,2,2015-09-12,Maryland,Bowling Green,-10.0,,,,consensus,3
400763503,2015,2,2015-09-12,Nebraska,South Alabama,-27.0,,,,consensus,3
400763504,2015,2,2015-09-12,Northwestern,Eastern Illinois,-24.0,,,,consensus,1
400763505,2015,2,2015-09-12,Ohio State,Hawai'i,-38.0,,,,consensus,3
400763506,2015,2,2015-09-12,Penn State,Buffalo,-16.5,,,,consensus,3
400763507,2015,2,2015-09-12,Purdue,Indiana State,-15.0,,,,consensus,1
400763508,2015,2,2015-09-12,Wisconsin,Miami (OH),-33.0,,,,consensus,3
400763509,2015,3,2015-09-19,Indiana,Western Kentucky,-3.0,,,,consensus,3
400763510,2015,3,2015-09-19,Maryland,South Florida,-7.5,,,,consensus,3
400763511,2015,3,2015-09-19,Michigan,UNLV,-34.0,,,,consensus,3
400763512,2015,3,2015-09-19,Michigan State,Air Force,-27.5,,,,consensus,3
400763513,2015,3,2015-09-19,Minnesota,Kent State,-23.0,,,,consensus,3
400763514,2015,3,2015-09-19,Ohio State,Northern Illinois,-31.5,,,,consensus,3
400763515,2015,3,2015-09-19,Penn State,Rutgers,-7.0,,,,consensus,3
400763516,2015,3,2015-09-19,Wisconsin,Troy,-35.0,,,,consensus,3
400763517,2015,4,2015-09-26,Illinois,Middle Tennessee,-7.0,,,,consensus,3
400763518,2015,4,2015-09-26,Iowa,North Texas,-26.5,,,,consensus,3
400763519,2015,4,2015-09-26,Michigan,BYU,-6.0,,,,consensus,3
400763520,2015,4,2015-09-26,Michigan State,Central Michigan,-28.5,,,,consensus,3
400763521,2015,4,2015-09-26,Minnesota,Ohio,-13.0,,,,consensus,3
400763522,2015,4,2015-09-26,Nebraska,Southern Miss,-24.5,,,,consensus,3
400763523,2015,4,2015-09-26,Northwestern,Ball State,-18.0,,,,consensus,3
400763524,2015,4,2015-09-26,Ohio State,Western Michigan,-27.0,,,,consensus,3
400763525,2015,4,2015-09-26,Penn State,San Diego State,-12.0,,,,consensus,3
400763526,2015,4,2015-09-26,Purdue,Bowling Green,-1.5,,,,consensus,3
400763527,2015,4,2015-09-26,Wisconsin,Hawai'i,-28.0,,,,consensus,3
400763528,2015,5,2015-10-03,Illinois,Nebraska,7.5,,,,consensus,3
400763529,2015,5,2015-10-03,Indiana,Ohio State,17.5,,,,consensus,3
400763530,2015,5,2015-10-03,Maryland,Michigan,12.0,,,,consensus,3
400763531,2015,5,2015-10-03,Michigan State,Purdue,-24.5,,,,consensus,3
400763532,2015,5,2015-10-03,Northwestern,Minnesota,-6.5,,,,consensus,3
400763533,2015,5,2015-10-03,Wisconsin,Iowa,-8.0,,,,consensus,3
400763534,2015,6,2015-10-10,Iowa,Illinois,-10.0,,,,consensus,3
400763535,2015,6,2015-10-10,Michigan,Northwestern,-10.0,,,,consensus,3
400763536,2015,6,2015-10-10,Nebraska,Wisconsin,-1.0,,,,consensus,3
400763537,2015,6,2015-10-10,Ohio State,Maryland,-28.5,,,,consensus,3
400763538,2015,6,2015-10-10,Penn State,Indiana,-8.0,,,,consensus,3
400763539,2015,6,2015-10-10,Purdue,Minnesota,2.5,,,,consensus,3
400763540,2015,6,2015-10-10,Rutgers,Michigan State,17.0,,,,consensus,3
400763541,2015,7,2015-10-17,Indiana,Rutgers,-6.5,,,,consensus,3
400763542,2015,7,2015-10-17,Michigan,Michigan State,-7.0,,,,consensus,3
400763543,2015,7,2015-10-17,Minnesota,Nebraska,1.5,,,,consensus,3
400763544,2015,7,2015-10-17,Northwestern,Iowa,2.5,,,,consensus,3
400763545,2015,7,2015-10-17,Ohio State,Penn State,-17.5,,,,consensus,3
400763546,2015,7,2015-10-17,Wisconsin,Purdue,-20.5,,,,consensus,3
400763547,2015,8,2015-10-24,Illinois,Wisconsin,7.0,,,,consensus,3
400763548,2015,8,2015-10-24,Maryland,Penn State,7.5,,,,consensus,3
400763549,2015,8,2015-10-24,Michigan State,Indiana,-17.0,,,,consensus,3
400763550,2015,8,2015-10-24,Nebraska,Northwestern,-6.5,,,,consensus,3
400763551,2015,8,2015-10-24,Rutgers,Ohio State,20.5,,,,consensus,3
400763552,2015,9,2015-10-31,Iowa,Maryland,-16.0,,,,consensus,3
400763553,2015,9,2015-10-31,Minnesota,Michigan,10.0,,,,consensus,3
400763554,2015,9,2015-10-31,Penn State,Illinois,-4.0,,,,consensus,3
400763555,2015,9,2015-10-31,Purdue,Nebraska,10.0,,,,consensus,3
400763556,2015,9,2015-10-31,Wisconsin,Rutgers,-19.0,,,,consensus,3
400763557,2015,10,2015-11-07,Indiana,Iowa,8.0,,,,consensus,3
400763558,2015,10,2015-11-07,Maryland,Wisconsin,13.0,,,,consensus,3
400763559,2015,10,2015-11-07,Michigan,Rutgers,-21.5,,,,consensus,3
400763560,2015,10,2015-11-07,Nebraska,Michigan State,4.5,,,,consensus,3
400763561,2015,10,2015-11-07,Northwestern,Penn State,-2.0,,,,consensus,3
400763562,2015,10,2015-11-07,Ohio State,Minnesota,-23.0,,,,consensus,3
400763563,2015,10,2015-11-07,Purdue,Illinois,1.5,,,,consensus,3
400763564,2015,11,2015-11-14,Illinois,Ohio State,16.0,,,,consensus,3
400763565,2015,11,2015-11-14,Indiana,Michigan,11.0,,,,consensus,3
400763566,2015,11,2015-11-14,Iowa,Minnesota,-11.0,,,,consensus,3
400763567,2015,11,2015-11-14,Michigan State,Maryland,-16.0,,,,consensus,3
400763568,2015,11,2015-11-14,Northwestern,Purdue,-13.0,,,,consensus,3
400763569,2015,11,2015-11-14,Rutgers,Nebraska,9.0,,,,consensus,3
400763570,2015,12,2015-11-21,Iowa,Purdue,-23.0,,53.5,,teamrankings,2
400763571,2015,12,2015-11-21,Maryland,Indiana,1.5,,63.0,,teamrankings,2
400763572,2015,12,2015-11-21,Minnesota,Illinois,-4.5,,47.0,,teamrankings,2
400763573,2015,12,2015-11-21,Ohio State,Michigan State,-13.0,,,,consensus,3
400763574,2015,12,2015-11-21,Penn State,Michigan,5.0,,,,consensus,3
400763575,2015,12,2015-11-21,Wisconsin,Northwestern,-10.5,,,,consensus,3
400763576,2015,13,2015-11-27,Nebraska,Iowa,2.5,,58.0,,teamrankings,2
400763577,2015,13,2015-11-28,Illinois,Northwestern,3.5,,,,consensus,3
400763578,2015,13,2015-11-28,Michigan,Ohio State,2.5,,,,consensus,3
400763579,2015,13,2015-11-28,Michigan State,Penn State,-11.0,,,,consensus,3
400763580,2015,13,2015-11-28,Minnesota,Wisconsin,2.5,,,,consensus,3
400763581,2015,13,2015-11-28,Purdue,Indiana,5.0,,,,consensus,3
400763582,2015,13,2015-11-28,Rutgers,Maryland,2.0,,,,consensus,3
400763583,2015,4,2015-09-26,Notre Dame,Massachusetts,-28.5,,,,consensus,3
400763584,2015,6,2015-10-10,Notre Dame,Navy,-16.0,,,,consensus,3
400763585,2015,9,2015-10-31,Temple,Notre Dame,10.5,,,,consensus,3
400763587,2015,1,2015-09-04,Georgia State,Charlotte,-4.0,,,,consensus,3
400763588,2015,1,2015-09-05,Eastern Michigan,Old Dominion,-7.0,,,,consensus,3
400763592,2015,1,2015-09-05,Tulsa,Florida Atlantic,-21.0,,,,consensus,3
400763593,2015,1,2015-09-03,UCF,Florida International,-17.0,,,,consensus,3
400763594,2015,2,2015-09-12,Charlotte,Presbyterian,-7.0,,,,consensus,1
400763595,2015,2,2015-09-12,Ohio,Marshall,4.0,,,,consensus,3
400763596,2015,2,2015-09-12,Old Dominion,Norfolk State,-25.5,,,,consensus,1
400763597,2015,2,2015-09-12,SMU,North Texas,-6.0,,60.0,,teamrankings,2
400763598,2015,2,2015-09-12,Southern Miss,Austin Peay,-39.0,,,,consensus,1
400763599,2015,2,2015-09-10,Western Kentucky,Louisiana Tech,-3.0,,,,consensus,3
400763600,2015,3,2015-09-19,Florida Atlantic,Buffalo,-2.5,,59.5,,teamrankings,2
400763601,2015,3,2015-09-19,Florida International,North Carolina Central,-25.0,,,,consensus,1
400763602,2015,3,2015-09-19,Marshall,Norfolk State,-40.0,,,,consensus,1
400763603,2015,3,2015-09-19,Middle Tennessee,Charlotte,-19.5,,,,consensus,2
400763604,2015,3,2015-09-19,New Mexico State,UTEP,4.0,,,,consensus,3
400763605,2015,3,2015-09-19,North Texas,Rice,6.0,,,,consensus,3
400763606,2015,3,2015-09-19,Texas State,Southern Miss,-2.0,,,,consensus,3
400763607,2015,4,2015-09-26,Charlotte,Florida Atlantic,9.5,,,,consensus,3
400763608,2015,4,2015-09-26,Kent State,Marshall,11.0,,,,consensus,3
400763609,2015,4,2015-09-26,Louisiana Tech,Florida International,-14.0,,,,consensus,3
400763610,2015,4,2015-09-26,Old Dominion,App State,7.0,,,,consensus,3
400763611,2015,4,2015-09-26,UTEP,Incarnate Word,-31.5,,,,consensus,1
400763612,2015,4,2015-09-26,UTSA,Colorado State,9.5,,,,consensus,3
400763613,2015,4,2015-09-26,Western Kentucky,Miami (OH),-21.5,,,,consensus,3
400763614,2015,5,2015-10-02,Charlotte,Temple,23.5,,,,consensus,3
400763615,2015,5,2015-10-03,Louisiana Tech,Louisiana,-14.0,,60.0,,teamrankings,2
400763616,2015,5,2015-10-03,Marshall,Old Dominion,-18.0,,,,consensus,3
400763617,2015,5,2015-10-03,Rice,Western Kentucky,5.0,,,,consensus,3
400763618,2015,5,2015-10-03,Southern Miss,North Texas,-13.5,,,,consensus,3
400763619,2015,5,2015-10-03,UTEP,UTSA,2.0,,,,consensus,3
400763620,2015,5,2015-10-03,Massachusetts,Florida International,-2.5,,58.0,,teamrankings,2
400763621,2015,6,2015-10-10,Florida Atlantic,Rice,-1.5,,,,consensus,3
400763622,2015,6,2015-10-10,Florida International,UTEP,-13.0,,,,consensus,3
400763623,2015,6,2015-10-09,Marshall,Southern Miss,-6.5,,,,consensus,3
400763624,2015,6,2015-10-10,North Texas,Portland State,1.5,,,,consensus,1
400763625,2015,6,2015-10-10,UTSA,Louisiana Tech,11.5,,,,consensus,3
400763626,2015,6,2015-10-10,Western Kentucky,Middle Tennessee,-7.5,,,,consensus,3
400763627,2015,7,2015-10-17,Florida Atlantic,Marshall,6.5,,,,consensus,3
400763628,2015,7,2015-10-17,Middle Tennessee,Florida International,-7.0,,,,consensus,2
400763629,2015,7,2015-10-15,North Texas,Western Kentucky,26.5,,,,consensus,3
400763630,2015,7,2015-10-17,Old Dominion,Charlotte,-9.5,,,,consensus,3
400763631,2015,7,2015-10-17,Southern Miss,UTSA,-7.5,,,,consensus,3
400763632,2015,8,2015-10-24,Charlotte,Southern Miss,16.5,,,,consensus,3
400763633,2015,8,2015-10-24,Florida International,Old Dominion,-14.5,,,,consensus,3
400763634,2015,8,2015-10-24,Louisiana Tech,Middle Tennessee,-8.5,,,,consensus,3
400763635,2015,8,2015-10-24,Marshall,North Texas,-31.0,,,,consensus,3
400763636,2015,8,2015-10-24,UTEP,Florida Atlantic,5.0,,,,consensus,3
400763637,2015,9,2015-10-31,Charlotte,Marshall,20.0,,,,consensus,3
400763638,2015,9,2015-10-31,Florida Atlantic,Florida International,1.0,,,,consensus,3
400763639,2015,9,2015-10-31,North Texas,UTSA,12.0,,,,consensus,3
400763640,2015,9,2015-10-31,Old Dominion,Western Kentucky,24.0,,,,consensus,3
400763641,2015,9,2015-10-30,Rice,Louisiana Tech,10.0,,,,consensus,3
400763642,2015,9,2015-10-31,Southern Miss,UTEP,-18.5,,,,consensus,3
400763643,2015,10,2015-11-07,Florida International,Charlotte,-19.0,,,,consensus,3
400763644,2015,10,2015-11-07,Louisiana Tech,North Texas,-30.0,,,,consensus,3
400763645,2015,10,2015-11-07,Middle Tennessee,Marshall,-2.0,,,,consensus,2
400763646,2015,10,2015-11-06,UTEP,Rice,6.5,,,,consensus,3
400763647,2015,10,2015-11-07,UTSA,Old Dominion,-12.5,,,,consensus,3
400763648,2015,10,2015-11-07,Western Kentucky,Florida Atlantic,-22.0,,,,consensus,3
400763649,2015,11,2015-11-14,Charlotte,UTSA,7.0,,,,consensus,3
400763650,2015,11,2015-11-14,Florida Atlantic,Middle Tennessee,6.0,,,,consensus,3
400763651,2015,11,2015-11-14,Marshall,Florida International,-10.0,,,,consensus,3
400763652,2015,11,2015-11-14,Old Dominion,UTEP,-2.0,,,,consensus,3
400763653,2015,11,2015-11-14,Rice,Southern Miss,7.5,,,,consensus,3
400763654,2015,12,2015-11-21,Florida International,Western Kentucky,14.0,,,,consensus,3
400763655,2015,12,2015-11-21,Middle Tennessee,North Texas,-24.0,,,,consensus,2
400763656,2015,12,2015-11-21,Southern Miss,Old Dominion,-19.5,,,,consensus,3
400763657,2015,12,2015-11-21,UTEP,Louisiana Tech,21.5,,,,consensus,3
400763658,2015,12,2015-11-21,UTSA,Rice,-3.0,,56.0,,teamrankings,2
400763659,2015,13,2015-11-28,Louisiana Tech,Southern Miss,-6.5,,,,consensus,3
400763660,2015,13,2015-11-28,North Texas,UTEP,-4.0,,,,consensus,3
400763661,2015,13,2015-11-28,Old Dominion,Florida Atlantic,5.5,,,,consensus,3
400763662,2015,13,2015-11-28,Rice,Charlotte,-9.5,,,,consensus,3
400763663,2015,13,2015-11-28,UTSA,Middle Tennessee,11.0,,,,consensus,3
400763664,2015,13,2015-11-27,Western Kentucky,Marshall,-10.5,,,,consensus,3
400764855,2015,1,2015-09-04,SMU,Baylor,20.0,,,,consensus,3
400764857,2015,1,2015-09-05,East Carolina,Towson,-30.5,,,,consensus,1
400764858,2015,1,2015-09-05,Houston,Tennessee Tech,-37.5,,,,consensus,1
400764862,2015,2,2015-09-12,Cincinnati,Temple,-6.5,,,,consensus,3
400764863,2015,2,2015-09-12,New Mexico,Tulsa,-3.0,,,,consensus,3
400764864,2015,3,2015-09-19,Bowling Green,Memphis,4.0,,,,consensus,3
400764865,2015,3,2015-09-19,Miami (OH),Cincinnati,19.0,,,,consensus,3
400764866,2015,3,2015-09-19,Navy,East Carolina,-1.5,,,,consensus,3
400764867,2015,3,2015-09-19,Tulane,Maine,-11.5,,,,consensus,1
400764868,2015,3,2015-09-19,UCF,Furman,-26.0,,,,consensus,1
400764869,2015,3,2015-09-19,Massachusetts,Temple,9.0,,,,consensus,3
400764870,2015,4,2015-09-24,Memphis,Cincinnati,-4.5,,,,consensus,3
400764871,2015,4,2015-09-26,UConn,Navy,8.0,,,,consensus,3
400764872,2015,4,2015-09-26,Houston,Texas State,-16.5,,,,consensus,3
400764873,2015,5,2015-10-01,Cincinnati,Miami,5.0,,,,consensus,3
400764874,2015,5,2015-10-02,BYU,UConn,-3.5,,,,consensus,3
400764875,2015,5,2015-10-02,South Florida,Memphis,10.5,,,,consensus,3
400764876,2015,5,2015-10-03,Navy,Air Force,-6.0,,,,consensus,3
400764877,2015,5,2015-10-03,SMU,East Carolina,6.5,,,,consensus,3
400764878,2015,5,2015-10-03,Tulane,UCF,3.0,,,,consensus,3
400764879,2015,5,2015-10-03,Tulsa,Houston,9.5,,,,consensus,3
400764880,2015,6,2015-10-08,Houston,SMU,-21.0,,,,consensus,3
400764881,2015,6,2015-10-10,BYU,East Carolina,-8.5,,,,consensus,3
400764882,2015,6,2015-10-10,Temple,Tulane,-14.5,,,,consensus,3
400764883,2015,6,2015-10-10,Tulsa,UL Monroe,-7.0,,,,consensus,3
400764884,2015,6,2015-10-10,UCF,UConn,-3.0,,,,consensus,3
400764885,2015,7,2015-10-16,Tulane,Houston,16.0,,,,consensus,3
400764886,2015,7,2015-10-16,BYU,Cincinnati,-7.0,,,,consensus,3
400764887,2015,7,2015-10-17,UConn,South Florida,-1.5,,,,consensus,3
400764888,2015,7,2015-10-17,East Carolina,Tulsa,-11.0,,,,consensus,3
400764889,2015,7,2015-10-17,Temple,UCF,-18.0,,,,consensus,3
400764890,2015,8,2015-10-22,East Carolina,Temple,-2.0,,,,consensus,3
400764891,2015,8,2015-10-23,Tulsa,Memphis,11.5,,,,consensus,3
400764892,2015,8,2015-10-24,Cincinnati,UConn,-13.0,,,,consensus,3
400764893,2015,8,2015-10-24,Navy,Tulane,-22.0,,,,consensus,3
400764894,2015,8,2015-10-24,South Florida,SMU,-13.0,,,,consensus,3
400764895,2015,8,2015-10-24,UCF,Houston,18.5,,,,consensus,3
400764896,2015,9,2015-10-30,UConn,East Carolina,7.0,,,,consensus,3
400764897,2015,9,2015-10-31,Cincinnati,UCF,-20.5,,,,consensus,3
400764898,2015,9,2015-10-31,Memphis,Tulane,-27.5,,,,consensus,3
400764899,2015,9,2015-10-31,Navy,South Florida,-11.0,,,,consensus,3
400764900,2015,9,2015-10-31,SMU,Tulsa,1.5,,,,consensus,3
400764901,2015,10,2015-11-06,SMU,Temple,11.5,,,,consensus,3
400764902,2015,10,2015-11-07,East Carolina,South Florida,-3.0,,,,consensus,3
400764903,2015,10,2015-11-07,Houston,Cincinnati,-9.0,,,,consensus,3
400764904,2015,10,2015-11-07,Memphis,Navy,-8.5,,,,consensus,3
400764905,2015,10,2015-11-07,Tulane,UConn,6.0,,,,consensus,3
400764906,2015,10,2015-11-07,Tulsa,UCF,-11.0,,,,consensus,3
400764907,2015,11,2015-11-14,Cincinnati,Tulsa,-16.0,,,,consensus,3
400764908,2015,11,2015-11-14,Houston,Memphis,-5.0,,,,consensus,3
400764909,2015,11,2015-11-14,Navy,SMU,-20.0,,,,consensus,3
400764910,2015,11,2015-11-14,South Florida,Temple,3.0,,,,consensus,3
400764911,2015,12,2015-11-19,UCF,East Carolina,17.0,,,,consensus,3
400764912,2015,12,2015-11-20,South Florida,Cincinnati,2.5,,,,consensus,3
400764913,2015,12,2015-11-21,UConn,Houston,10.0,,,,consensus,3
400764914,2015,12,2015-11-21,SMU,Tulane,-3.0,,,,consensus,3
400764915,2015,12,2015-11-21,Temple,Memphis,1.5,,,,consensus,3
400764916,2015,12,2015-11-21,Tulsa,Navy,9.5,,,,consensus,3
400764917,2015,13,2015-11-27,Houston,Navy,-1.5,,,,consensus,3
400764918,2015,13,2015-11-26,UCF,South Florida,22.5,,,,consensus,3
400764919,2015,13,2015-11-28,East Carolina,Cincinnati,3.0,,,,consensus,3
400764920,2015,13,2015-11-28,Memphis,SMU,-24.5,,,,consensus,3
400764921,2015,13,2015-11-28,Temple,UConn,-12.5,,,,consensus,3
400764922,2015,13,2015-11-27,Tulane,Tulsa,3.0,,,,consensus,3
400768337,2015,4,2015-09-26,SMU,James Madison,-14.5,,,,consensus,1
400785063,2015,11,2015-11-14,Missouri,BYU,3.0,,,,consensus,3
400787107,2015,1,2015-09-04,Hawai'i,Colorado,-2.5,,,,consensus,3
400787114,2015,1,2015-09-05,New Mexico,Mississippi Valley State,-42.0,,,,consensus,1
400787115,2015,1,2015-09-05,Northern Illinois,UNLV,-16.0,,,,consensus,3
400787117,2015,2,2015-09-12,Air Force,San José State,-7.0,,,,consensus,3
400787118,2015,2,2015-09-12,BYU,Boise State,1.5,,,,consensus,3
400787119,2015,2,2015-09-12,Wyoming,Eastern Michigan,-11.0,,,,consensus,3
400787120,2015,3,2015-09-18,Boise State,Idaho State,-28.0,,,,consensus,1
400787241,2015,3,2015-09-18,Arizona State,New Mexico,-24.0,,,,consensus,3
400787242,2015,3,2015-09-19,Hawai'i,UC Davis,-25.5,,,,consensus,1
400787243,2015,3,2015-09-19,San Diego State,South Alabama,-15.5,,,,consensus,3
400787244,2015,4,2015-09-26,San José State,Fresno State,-4.0,,,,consensus,3
400787245,2015,4,2015-09-26,Buffalo,Nevada,-3.0,,53.0,,teamrankings,2
400787246,2015,4,2015-09-26,Wyoming,New Mexico,2.5,,,,consensus,3
400787247,2015,4,2015-09-26,UNLV,Idaho State,-13.0,,,,consensus,1
400787248,2015,5,2015-10-03,Boise State,Hawai'i,-23.5,,,,consensus,3
400787249,2015,5,2015-10-03,Utah State,Colorado State,-7.0,,,,consensus,3
400787250,2015,5,2015-10-03,San Diego State,Fresno State,-9.5,,,,consensus,3
400787251,2015,5,2015-10-03,Nevada,UNLV,-11.5,,,,consensus,3
400787252,2015,5,2015-10-03,New Mexico,New Mexico State,-14.0,,,,consensus,3
400787253,2015,5,2015-10-03,App State,Wyoming,-17.5,,,,consensus,3
400787254,2015,6,2015-10-10,Air Force,Wyoming,-21.5,,,,consensus,3
400787255,2015,6,2015-10-10,Colorado State,Boise State,12.0,,,,consensus,3
400787256,2015,6,2015-10-10,Fresno State,Utah State,10.0,,,,consensus,3
400787257,2015,6,2015-10-10,Hawai'i,San Diego State,2.0,,,,consensus,3
400787258,2015,6,2015-10-10,Nevada,New Mexico,-6.0,,,,consensus,3
400787259,2015,6,2015-10-10,UNLV,San José State,3.5,,51.0,,teamrankings,2
400787260,2015,7,2015-10-17,Colorado State,Air Force,3.5,,54.5,,teamrankings,2
400787262,2015,7,2015-10-17,New Mexico,Hawai'i,-3.5,,,,consensus,3
400787264,2015,7,2015-10-17,Wyoming,Nevada,7.0,,,,consensus,3
400787265,2015,7,2015-10-17,San José State,San Diego State,-2.0,,,,consensus,3
400787266,2015,8,2015-10-24,Air Force,Fresno State,-17.0,,,,consensus,3
400787267,2015,8,2015-10-24,Boise State,Wyoming,-34.0,,,,consensus,3
400787268,2015,8,2015-10-24,Nevada,Hawai'i,-6.5,,,,consensus,3
400787269,2015,8,2015-10-24,San José State,New Mexico,-7.5,,,,consensus,3
400787271,2015,9,2015-10-31,Hawai'i,Air Force,7.5,,,,consensus,3
400787272,2015,9,2015-10-31,UNLV,Boise State,21.0,,,,consensus,3
400787273,2015,9,2015-10-31,Colorado State,San Diego State,2.0,,,,consensus,3
400787275,2015,10,2015-11-07,Wyoming,Colorado State,11.5,,,,consensus,3
400787277,2015,10,2015-11-07,UNLV,Hawai'i,-6.0,,,,consensus,3
400787278,2015,10,2015-11-07,New Mexico,Utah State,14.5,,,,consensus,3
400787280,2015,11,2015-11-14,Air Force,Utah State,1.5,,,,consensus,3
400787281,2015,11,2015-11-14,Boise State,New Mexico,-29.5,,,,consensus,3
400787282,2015,11,2015-11-14,Colorado State,UNLV,-6.5,,,,consensus,3
400787283,2015,11,2015-11-14,Hawai'i,Fresno State,-4.0,,,,consensus,3
400787284,2015,11,2015-11-14,Nevada,San José State,-1.0,,,,consensus,3
400787285,2015,11,2015-11-14,San Diego State,Wyoming,-19.0,,,,consensus,3
400787287,2015,12,2015-11-21,New Mexico,Colorado State,2.0,,,,consensus,3
400787288,2015,12,2015-11-21,BYU,Fresno State,-24.5,,,,consensus,3
400787289,2015,12,2015-11-21,Hawai'i,San José State,9.0,,,,consensus,3
400787290,2015,12,2015-11-21,Utah State,Nevada,-14.0,,,,consensus,3
400787291,2015,12,2015-11-21,UNLV,San Diego State,11.0,,,,consensus,3
400787292,2015,13,2015-11-28,New Mexico,Air Force,10.5,,,,consensus,3
400787294,2015,13,2015-11-28,Fresno State,Colorado State,8.5,,,,consensus,3
400787295,2015,13,2015-11-28,Hawai'i,UL Monroe,-7.0,,48.5,,teamrankings,2
400787296,2015,13,2015-11-28,San Diego State,Nevada,-14.0,,,,consensus,3
400787297,2015,13,2015-11-28,Utah State,BYU,2.0,,,,consensus,3
400787298,2015,13,2015-11-28,Wyoming,UNLV,3.0,,,,consensus,3
400787302,2015,1,2015-09-03,Idaho,Ohio,7.0,,,,consensus,3
400787305,2015,2,2015-09-12,Kent State,Delaware State,-24.0,,,,consensus,1
400787306,2015,2,2015-09-12,Central Michigan,Monmouth,-25.5,,,,consensus,1
400787307,2015,2,2015-09-12,Northern Illinois,Murray State,-31.5,,,,consensus,1
400787308,2015,2,2015-09-12,Georgia Southern,Western Michigan,4.5,,,,consensus,3
400787309,2015,3,2015-09-19,Ohio,SE Louisiana,-16.5,,,,consensus,1
400787310,2015,3,2015-09-19,Akron,Savannah State,-45.0,,,,consensus,1
400787311,2015,3,2015-09-19,Eastern Michigan,Ball State,6.0,,,,consensus,3
400787312,2015,3,2015-09-19,Western Michigan,Murray State,-32.5,,,,consensus,1
400787313,2015,4,2015-09-26,Louisiana,Akron,-7.5,,54.0,,teamrankings,2
400787314,2015,4,2015-09-26,Toledo,Arkansas State,-10.0,,,,consensus,3
400787315,2015,5,2015-10-03,Central Michigan,Northern Illinois,2.5,,,,consensus,3
400787316,2015,5,2015-10-03,Akron,Ohio,4.0,,,,consensus,3
400787317,2015,5,2015-10-03,Ball State,Toledo,9.5,,,,consensus,3
400787318,2015,5,2015-10-03,Buffalo,Bowling Green,6.5,,,,consensus,3
400787319,2015,5,2015-10-03,Kent State,Miami (OH),-10.5,,,,consensus,3
400787320,2015,6,2015-10-10,Toledo,Kent State,-15.5,,,,consensus,3
400787321,2015,6,2015-10-10,Bowling Green,Massachusetts,-13.5,,,,consensus,3
400787322,2015,6,2015-10-10,Eastern Michigan,Akron,9.0,,,,consensus,3
400787323,2015,6,2015-10-10,Western Michigan,Central Michigan,-5.0,,,,consensus,3
400787324,2015,6,2015-10-10,Northern Illinois,Ball State,-10.5,,,,consensus,3
400787325,2015,6,2015-10-10,Ohio,Miami (OH),-17.5,,,,consensus,3
400787326,2015,7,2015-10-17,Massachusetts,Kent State,-5.0,,,,consensus,3
400787327,2015,7,2015-10-17,Miami (OH),Northern Illinois,15.5,,,,consensus,3
400787328,2015,7,2015-10-17,Ohio,Western Michigan,-4.0,,,,consensus,3
400787329,2015,7,2015-10-17,Ball State,Georgia State,-16.5,,,,consensus,3
400787330,2015,7,2015-10-17,Toledo,Eastern Michigan,-28.0,,,,consensus,3
400787331,2015,7,2015-10-17,Bowling Green,Akron,-11.5,,,,consensus,3
400787332,2015,7,2015-10-17,Central Michigan,Buffalo,-7.0,,,,consensus,3
400787333,2015,8,2015-10-24,Buffalo,Ohio,2.0,,,,consensus,3
400787334,2015,8,2015-10-24,Kent State,Bowling Green,9.5,,,,consensus,3
400787335,2015,8,2015-10-24,Northern Illinois,Eastern Michigan,-27.5,,,,consensus,3
400787336,2015,8,2015-10-24,Ball State,Central Michigan,6.0,,,,consensus,3
400787337,2015,8,2015-10-24,Western Michigan,Miami (OH),-20.0,,,,consensus,3
400787338,2015,8,2015-10-24,Massachusetts,Toledo,9.5,,,,consensus,3
400787339,2015,9,2015-10-29,Eastern Michigan,Western Michigan,20.5,,,,consensus,3
400787340,2015,9,2015-10-29,Miami (OH),Buffalo,9.5,,,,consensus,3
400787341,2015,9,2015-10-31,Akron,Central Michigan,3.5,,,,consensus,3
400787342,2015,9,2015-10-31,Ball State,Massachusetts,-4.0,,,,consensus,3
400787343,2015,10,2015-11-03,Toledo,Northern Illinois,-7.0,,,,consensus,3
400787344,2015,10,2015-11-04,Bowling Green,Ohio,-13.5,,,,consensus,3
400787345,2015,10,2015-11-05,Kent State,Buffalo,3.0,,,,consensus,3
400787346,2015,10,2015-11-05,Western Michigan,Ball State,-13.5,,,,consensus,3
400787347,2015,10,2015-11-07,Miami (OH),Eastern Michigan,-6.5,,,,consensus,3
400787348,2015,10,2015-11-07,Massachusetts,Akron,-1.5,,,,consensus,3
400787349,2015,11,2015-11-10,Ohio,Kent State,-7.0,,,,consensus,3
400787350,2015,11,2015-11-10,Central Michigan,Toledo,6.0,,,,consensus,3
400787351,2015,11,2015-11-11,Buffalo,Northern Illinois,5.0,,,,consensus,3
400787352,2015,11,2015-11-11,Western Michigan,Bowling Green,4.5,,,,consensus,3
400787353,2015,11,2015-11-14,Miami (OH),Akron,6.0,,,,consensus,3
400787354,2015,11,2015-11-14,Eastern Michigan,Massachusetts,7.5,,,,consensus,3
400787355,2015,12,2015-11-17,Ohio,Ball State,-7.0,,,,consensus,3
400787356,2015,12,2015-11-17,Bowling Green,Toledo,-9.0,,,,consensus,3
400787357,2015,12,2015-11-18,Kent State,Central Michigan,8.5,,,,consensus,3
400787358,2015,12,2015-11-18,Northern Illinois,Western Michigan,-3.5,,,,consensus,3
400787359,2015,12,2015-11-21,Massachusetts,Miami (OH),-9.0,,,,consensus,3
400787360,2015,12,2015-11-21,Akron,Buffalo,-2.5,,,,consensus,3
400787361,2015,13,2015-11-24,Ball State,Bowling Green,20.5,,,,consensus,3
400787362,2015,13,2015-11-24,Northern Illinois,Ohio,-13.5,,,,consensus,3
400787363,2015,13,2015-11-27,Toledo,Western Michigan,-7.0,,58.5,,teamrankings,2
400787364,2015,13,2015-11-27,Central Michigan,Eastern Michigan,-23.0,,,,consensus,3
400787365,2015,13,2015-11-27,Buffalo,Massachusetts,-6.0,,,,consensus,3
400787366,2015,13,2015-11-27,Akron,Kent State,-10.5,,38.0,,teamrankings,2
400787415,2015,2,2015-09-12,New Mexico State,Georgia State,-4.0,,,,consensus,3
400787417,2015,2,2015-09-12,UL Monroe,Nicholls,-39.0,,,,consensus,1
400787418,2015,2,2015-09-12,Texas State,Prairie View A&M,-28.0,,,,consensus,1
400787419,2015,2,2015-09-12,Troy,Charleston Southern,-3.5,,,,consensus,1
400787420,2015,3,2015-09-19,Arkansas State,Missouri State,-22.0,,,,consensus,1
400787429,2015,8,2015-10-24,BYU,Wagner,-50.5,,,,consensus,1
400787441,2015,3,2015-09-19,Georgia Southern,The Citadel,-27.5,,,,consensus,1
400787442,2015,3,2015-09-19,Idaho,Wofford,-4.0,,,,consensus,1
400787443,2015,4,2015-09-26,Idaho,Georgia Southern,17.0,,,,consensus,3
400787444,2015,5,2015-10-03,Arkansas State,Idaho,-20.5,,,,consensus,3
400787445,2015,5,2015-10-03,UL Monroe,Georgia Southern,6.0,,,,consensus,3
400787446,2015,5,2015-10-03,Georgia State,Liberty,-2.0,,,,consensus,1
400787447,2015,5,2015-10-03,Troy,South Alabama,-3.0,,,,consensus,3
400787448,2015,6,2015-10-10,Georgia State,App State,18.0,,,,consensus,3
400787449,2015,6,2015-10-10,Louisiana,Texas State,-4.0,,68.0,,teamrankings,2
400787450,2015,7,2015-10-13,South Alabama,Arkansas State,6.0,,,,consensus,3
400787451,2015,7,2015-10-17,UL Monroe,App State,8.5,,,,consensus,3
400787452,2015,7,2015-10-17,Georgia Southern,New Mexico State,-26.0,,,,consensus,3
400787453,2015,7,2015-10-17,Troy,Idaho,-12.5,,,,consensus,3
400787454,2015,8,2015-10-20,Arkansas State,Louisiana,-6.0,,,,consensus,3
400787455,2015,8,2015-10-22,App State,Georgia Southern,-6.0,,,,consensus,3
400787456,2015,8,2015-10-24,Idaho,UL Monroe,3.5,,,,consensus,3
400787457,2015,8,2015-10-24,New Mexico State,Troy,3.5,,,,consensus,3
400787458,2015,8,2015-10-24,Texas State,South Alabama,-5.0,,,,consensus,3
400787459,2015,9,2015-10-29,Georgia Southern,Texas State,-18.5,,,,consensus,3
400787460,2015,9,2015-10-31,App State,Troy,-24.0,,,,consensus,3
400787461,2015,9,2015-10-31,Arkansas State,Georgia State,-18.5,,,,consensus,3
400787462,2015,9,2015-10-31,New Mexico State,Idaho,3.0,,,,consensus,3
400787463,2015,9,2015-10-31,Louisiana,UL Monroe,-9.0,,,,consensus,3
400787464,2015,10,2015-11-05,App State,Arkansas State,-12.5,,,,consensus,3
400787465,2015,10,2015-11-07,Georgia State,Louisiana,6.5,,,,consensus,3
400787466,2015,10,2015-11-07,South Alabama,Idaho,-5.5,,,,consensus,3
400787467,2015,10,2015-11-07,Troy,UL Monroe,-5.0,,,,consensus,3
400787468,2015,10,2015-11-07,Texas State,New Mexico State,-13.0,,,,consensus,3
400787469,2015,11,2015-11-12,South Alabama,Louisiana,1.5,,,,consensus,3
400787470,2015,11,2015-11-14,Idaho,App State,20.0,,,,consensus,3
400787471,2015,11,2015-11-14,UL Monroe,Arkansas State,12.5,,,,consensus,3
400787472,2015,11,2015-11-14,Troy,Georgia Southern,10.0,,,,consensus,3
400787473,2015,11,2015-11-14,Texas State,Georgia State,-5.0,,,,consensus,3
400787474,2015,12,2015-11-19,Texas State,UL Monroe,-5.0,,,,consensus,3
400787475,2015,12,2015-11-21,Georgia State,South Alabama,-1.0,,,,consensus,3
400787476,2015,12,2015-11-21,Louisiana,New Mexico State,-15.5,,63.0,,teamrankings,2
400787477,2015,13,2015-11-27,Georgia State,Troy,-1.0,,,,consensus,3
400787478,2015,13,2015-11-28,App State,Louisiana,-22.0,,58.5,,teamrankings,2
400787479,2015,13,2015-11-28,New Mexico State,Arkansas State,17.0,,,,consensus,3
400787480,2015,13,2015-11-28,Georgia Southern,South Alabama,-21.0,,,,consensus,3
400787481,2015,13,2015-11-28,Idaho,Texas State,-4.5,,66.0,,teamrankings,2
400787482,2015,14,2015-12-05,South Alabama,App State,16.5,,,,consensus,3
400787483,2015,14,2015-12-05,Arkansas State,Texas State,-21.5,,,,consensus,3
400787484,2015,14,2015-12-05,Georgia Southern,Georgia State,-22.0,,,,consensus,3
400787485,2015,14,2015-12-05,Louisiana,Troy,-2.0,,58.5,,teamrankings,2
400787486,2015,14,2015-12-05,UL Monroe,New Mexico State,-3.0,,,,consensus,3
400787981,2015,2,2015-09-11,Utah,Utah State,-11.0,,,,consensus,3
400790881,2015,12,2015-11-20,Boise State,Air Force,-14.5,,,,consensus,3
400790882,2015,7,2015-10-16,Utah State,Boise State,8.5,,,,consensus,3
400790883,2015,7,2015-10-16,Fresno State,UNLV,5.0,,49.0,,teamrankings,2
400790884,2015,8,2015-10-23,San Diego State,Utah State,5.0,,,,consensus,3
400790885,2015,9,2015-10-30,Utah State,Wyoming,-24.0,,,,consensus,3
400790886,2015,10,2015-11-05,Fresno State,Nevada,3.5,,,,consensus,3
400790887,2015,10,2015-11-06,San José State,BYU,12.0,,,,consensus,3
400790888,2015,13,2015-11-27,San José State,Boise State,10.0,,,,consensus,3
400791346,2015,1,2015-09-05,San Diego State,San Diego,-35.5,,,,consensus,1
400792601,2015,2,2015-09-12,Florida State,South Florida,-29.0,,,,consensus,3
400834350,2015,1,2015-09-05,Tennessee,Bowling Green,-17.0,,,,consensus,3
400835430,2015,1,2015-09-05,Illinois,Kent State,-13.0,,54.5,,teamrankings,2
400852672,2015,14,2015-12-05,Western Kentucky,Southern Miss,-7.5,,,,consensus,3
400852675,2015,14,2015-12-05,San Diego State,Air Force,-3.5,,,,consensus,3
400852676,2015,14,2015-12-05,Clemson,North Carolina,-6.5,,,,consensus,3
400852677,2015,14,2015-12-05,Stanford,USC,-4.0,,,,consensus,3
400852678,2015,14,2015-12-05,Houston,Temple,-7.0,,,,consensus,3
400852680,2015,14,2015-12-04,Northern Illinois,Bowling Green,8.0,,,,consensus,3
400852681,2015,14,2015-12-05,Alabama,Florida,-17.0,,,,consensus,3
400852682,2015,14,2015-12-05,Iowa,Michigan State,4.0,,,,consensus,3
400852668,2015,1,2015-12-19,New Mexico,Arizona,11.5,,,,consensus,3
400852683,2015,1,2015-12-19,Georgia State,San José State,4.0,,,,consensus,3
400852684,2015,1,2015-12-19,Utah,BYU,-3.0,,,,consensus,3
400852685,2015,1,2015-12-19,App State,Ohio,-9.5,,,,consensus,3
400852686,2015,1,2015-12-19,Louisiana Tech,Arkansas State,1.0,,,,consensus,3
400852687,2015,1,2015-12-21,South Florida,Western Kentucky,3.0,,,,consensus,3
400852708,2015,1,2015-12-22,Utah State,Akron,-6.5,,,,consensus,3
400852709,2015,1,2015-12-22,Toledo,Temple,1.0,,,,consensus,3
400852710,2015,1,2015-12-23,Northern Illinois,Boise State,8.0,,,,consensus,3
400852711,2015,1,2015-12-23,Bowling Green,Georgia Southern,-7.5,,,,consensus,3
400852713,2015,1,2015-12-24,Western Michigan,Middle Tennessee,-3.0,,,,consensus,3
400852714,2015,1,2015-12-24,Cincinnati,San Diego State,-2.5,,,,consensus,3
400852715,2015,1,2015-12-26,Marshall,UConn,-4.5,,,,consensus,3
400852716,2015,1,2015-12-26,Washington State,Miami,-1.5,,,,consensus,3
400852717,2015,1,2015-12-26,Southern Miss,Washington,8.5,,,,consensus,3
400852718,2015,1,2015-12-26,Duke,Indiana,2.0,,,,consensus,3
400852719,2015,1,2015-12-26,Virginia Tech,Tulsa,-14.0,,,,consensus,3
400852720,2015,1,2015-12-26,Nebraska,UCLA,6.5,,,,consensus,3
400852721,2015,1,2015-12-28,Navy,Pittsburgh,-5.0,,,,consensus,3
400852722,2015,1,2015-12-28,Minnesota,Central Michigan,-6.0,,,,consensus,3
400852723,2015,1,2015-12-29,Air Force,California,6.5,,,,consensus,3
400852724,2015,1,2015-12-29,Baylor,North Carolina,-3.5,,,,consensus,3
400852725,2015,1,2015-12-29,Colorado State,Nevada,-3.5,,,,consensus,3
400852726,2015,1,2015-12-29,Texas Tech,LSU,7.5,,,,consensus,3
400852727,2015,1,2015-12-30,Memphis,Auburn,2.5,,,,consensus,3
400852728,2015,1,2015-12-30,Mississippi State,NC State,-7.0,,,,consensus,3
400852729,2015,1,2015-12-30,Louisville,Texas A&M,2.5,,,,consensus,3
400852730,2015,1,2015-12-30,Wisconsin,USC,3.0,,,,consensus,3
400852731,2015,1,2015-12-31,Florida State,Houston,-6.5,,,,consensus,3
400852732,2015,1,2015-12-31,Alabama,Michigan State,-9.5,,,,consensus,3
400852733,2015,1,2015-12-31,Clemson,Oklahoma,1.5,,,,consensus,3
400852734,2015,1,2016-01-01,Tennessee,Northwestern,-9.0,,,,consensus,3
400852735,2015,1,2016-01-01,Florida,Michigan,4.0,,,,consensus,3
400852736,2015,1,2016-01-01,Ohio State,Notre Dame,-6.0,,,,consensus,3
400852737,2015,1,2016-01-01,Iowa,Stanford,6.5,,,,consensus,3
400852738,2015,1,2016-01-01,Ole Miss,Oklahoma State,-7.0,,,,consensus,3
400852739,2015,1,2016-01-02,Georgia,Penn State,-7.0,,,,consensus,3
400852740,2015,1,2016-01-02,Arkansas,Kansas State,-13.0,,,,consensus,3
400852741,2015,1,2016-01-02,TCU,Oregon,7.5,,73.5,,teamrankings,2
400852742,2015,1,2016-01-02,Arizona State,West Virginia,-1.5,,,,consensus,3
400852743,2015,1,2016-01-11,Clemson,Alabama,5.5,,,,consensus,3
400868876,2016,1,2016-09-02,Baylor,Northwestern State,-48.5,,,,consensus,1
400868877,2016,2,2016-09-10,Baylor,SMU,-28.5,,,,consensus,3
400868878,2016,4,2016-09-24,Baylor,Oklahoma State,-10.0,,,,consensus,3
400868879,2016,5,2016-10-01,Iowa State,Baylor,17.0,,,,consensus,3
400868880,2016,7,2016-10-15,Baylor,Kansas,-35.0,,,,consensus,3
400868881,2016,9,2016-10-29,Texas,Baylor,3.5,,,,consensus,3
400868882,2016,10,2016-11-05,Baylor,TCU,-9.0,,,,consensus,3
400868883,2016,11,2016-11-12,Oklahoma,Baylor,-15.5,,,,consensus,3
400868884,2016,12,2016-11-19,Baylor,Kansas State,2.0,,,,consensus,3
400868885,2016,13,2016-11-25,Texas Tech,Baylor,2.5,,,,consensus,3
400868886,2016,14,2016-12-03,West Virginia,Baylor,-14.5,,,,consensus,3
400868887,2016,1,2016-09-03,Iowa State,Northern Iowa,-11.0,,,,consensus,1
400868888,2016,2,2016-09-10,Iowa,Iowa State,-18.0,,,,consensus,3
400868889,2016,3,2016-09-17,TCU,Iowa State,-23.5,,,,consensus,3
400868910,2016,1,2016-09-02,Temple,Army,-21.5,,,,consensus,3
400868911,2016,2,2016-09-10,Army,Rice,-7.0,,,,consensus,3
400868912,2016,3,2016-09-17,UTEP,Army,3.5,,47.0,,teamrankings,2
400868913,2016,4,2016-09-24,Buffalo,Army,16.0,,,,consensus,3
400868914,2016,6,2016-10-08,Duke,Army,-6.0,,,,consensus,3
400868915,2016,7,2016-10-15,Army,Lafayette,-33.0,,,,consensus,1
400868916,2016,8,2016-10-22,Army,North Texas,-17.5,,,,consensus,3
400868917,2016,9,2016-10-29,Wake Forest,Army,-8.0,,,,consensus,3
400868918,2016,10,2016-11-05,Army,Air Force,3.0,,,,consensus,3
400868919,2016,11,2016-11-12,Notre Dame,Army,-11.5,,,,consensus,3
400868920,2016,12,2016-11-19,Army,Morgan State,-43.5,,,,consensus,1
400868921,2016,15,2016-12-10,Army,Navy,11.5,,,,consensus,3
400868922,2016,1,2016-09-03,Arizona,BYU,-2.5,,,,consensus,3
400868923,2016,2,2016-09-10,Utah,BYU,-4.5,,,,consensus,3
400868924,2016,3,2016-09-17,BYU,UCLA,4.0,,,,consensus,3
400868925,2016,4,2016-09-24,West Virginia,BYU,-3.5,,,,consensus,3
400868926,2016,5,2016-09-30,BYU,Toledo,-4.5,,,,consensus,3
400868927,2016,6,2016-10-08,Michigan State,BYU,-5.0,,,,consensus,3
400868928,2016,7,2016-10-14,BYU,Mississippi State,-4.0,,,,consensus,3
400868930,2016,10,2016-11-05,Cincinnati,BYU,10.0,,,,consensus,3
400868931,2016,11,2016-11-12,BYU,Southern Utah,-31.0,,,,consensus,1
400868932,2016,12,2016-11-19,BYU,Massachusetts,-30.0,,,,consensus,3
400868933,2016,13,2016-11-26,BYU,Utah State,-17.0,,,,consensus,3
400868946,2016,1,2016-09-04,Texas,Notre Dame,2.5,,,,consensus,3
400868947,2016,2,2016-09-10,Notre Dame,Nevada,-26.0,,,,consensus,3
400868948,2016,3,2016-09-17,Notre Dame,Michigan State,-7.0,,,,consensus,3
400868949,2016,4,2016-09-24,Notre Dame,Duke,-20.0,,,,consensus,3
400868950,2016,5,2016-10-01,Syracuse,Notre Dame,12.0,,,,consensus,3
400868951,2016,6,2016-10-08,NC State,Notre Dame,2.5,,,,consensus,3
400868952,2016,7,2016-10-15,Notre Dame,Stanford,-3.0,,53.0,,teamrankings,2
400868953,2016,9,2016-10-29,Notre Dame,Miami,-1.0,,,,consensus,3
400868954,2016,10,2016-11-05,Navy,Notre Dame,-4.5,,,,consensus,3
400868955,2016,12,2016-11-19,Notre Dame,Virginia Tech,-3.0,,,,consensus,3
400868956,2016,13,2016-11-26,USC,Notre Dame,-17.0,,,,consensus,3
400868957,2016,1,2016-09-03,Florida,Massachusetts,-37.0,,,,consensus,3
400868958,2016,2,2016-09-10,Massachusetts,Boston College,16.5,,,,consensus,3
400868959,2016,3,2016-09-17,Massachusetts,Florida International,1.0,,49.0,,teamrankings,2
400868960,2016,4,2016-09-24,Massachusetts,Mississippi State,25.0,,,,consensus,3
400868961,2016,5,2016-10-01,Massachusetts,Tulane,2.5,,,,consensus,3
400868962,2016,6,2016-10-07,Old Dominion,Massachusetts,-7.0,,,,consensus,3
400868963,2016,7,2016-10-15,Massachusetts,Louisiana Tech,16.0,,,,consensus,3
400868964,2016,8,2016-10-22,South Carolina,Massachusetts,-21.0,,,,consensus,3
400868965,2016,9,2016-10-29,Massachusetts,Wagner,-21.0,,,,consensus,1
400868966,2016,10,2016-11-05,Troy,Massachusetts,-23.0,,,,consensus,3
400868967,2016,13,2016-11-26,Hawai'i,Massachusetts,-10.5,,,,consensus,3
400868968,2016,1,2016-09-01,Vanderbilt,South Carolina,4.0,,,,consensus,2
400868969,2016,1,2016-09-03,Alabama,USC,-9.0,,,,consensus,3
400868970,2016,1,2016-09-03,Arkansas,Louisiana Tech,-20.5,,,,consensus,3
400868971,2016,1,2016-09-03,Auburn,Clemson,7.5,,,,consensus,3
400868972,2016,1,2016-09-03,North Carolina,Georgia,3.5,,,,consensus,3
400868973,2016,1,2016-09-03,Kentucky,Southern Miss,-7.5,,,,consensus,3
400868974,2016,1,2016-09-03,Wisconsin,LSU,9.5,,,,consensus,3
400868975,2016,1,2016-09-03,Mississippi State,South Alabama,-34.0,,,,consensus,3
400868976,2016,1,2016-09-03,West Virginia,Missouri,-11.5,,,,consensus,3
400868977,2016,1,2016-09-01,Tennessee,App State,-23.0,,,,consensus,2
400868978,2016,1,2016-09-03,Texas A&M,UCLA,-1.0,,,,consensus,3
400868979,2016,1,2016-09-05,Florida State,Ole Miss,-5.0,,,,consensus,3
400868980,2016,2,2016-09-10,Alabama,Western Kentucky,-24.0,,,,consensus,3
400868981,2016,2,2016-09-10,TCU,Arkansas,-6.0,,,,consensus,3
400868982,2016,2,2016-09-10,Auburn,Arkansas State,-13.0,,,,consensus,3
400868983,2016,2,2016-09-10,Florida,Kentucky,-16.5,,,,consensus,3
400868984,2016,2,2016-09-10,Georgia,Nicholls,-49.5,,,,consensus,1
400868985,2016,2,2016-09-10,LSU,Jacksonville State,-30.0,,,,consensus,1
400868986,2016,2,2016-09-10,Ole Miss,Wofford,-44.5,,,,consensus,1
400868987,2016,2,2016-09-10,Mississippi State,South Carolina,-9.5,,,,consensus,3
400868988,2016,2,2016-09-10,Missouri,Eastern Michigan,-24.5,,,,consensus,3
400868989,2016,2,2016-09-10,Tennessee,Virginia Tech,-9.0,,,,consensus,3
400868990,2016,2,2016-09-10,Texas A&M,Prairie View A&M,-49.5,,,,consensus,1
400868991,2016,2,2016-09-10,Vanderbilt,Middle Tennessee,-5.0,,,,consensus,3
400868992,2016,3,2016-09-17,Arkansas,Texas State,-32.5,,,,consensus,3
400868993,2016,3,2016-09-17,Auburn,Texas A&M,-4.0,,,,consensus,3
400868994,2016,3,2016-09-17,Florida,North Texas,-35.0,,,,consensus,3
400868995,2016,3,2016-09-17,Kentucky,New Mexico State,-21.5,,,,consensus,3
400868996,2016,3,2016-09-17,LSU,Mississippi State,-13.0,,47.0,,teamrankings,2
400868997,2016,3,2016-09-17,Ole Miss,Alabama,9.5,,,,consensus,3
400868998,2016,3,2016-09-17,Missouri,Georgia,6.0,,,,consensus,3
400868999,2016,3,2016-09-17,South Carolina,East Carolina,-6.0,,,,consensus,3
400869000,2016,3,2016-09-17,Tennessee,Ohio,-27.5,,,,consensus,3
400869001,2016,3,2016-09-17,Georgia Tech,Vanderbilt,-7.5,,,,consensus,3
400869002,2016,4,2016-09-24,Alabama,Kent State,-41.5,,,,consensus,3
400869003,2016,4,2016-09-24,Auburn,LSU,4.0,,,,consensus,3
400869004,2016,4,2016-09-24,Kentucky,South Carolina,-1.5,,,,consensus,3
400869005,2016,4,2016-09-24,Ole Miss,Georgia,-6.0,,,,consensus,3
400869006,2016,4,2016-09-24,Missouri,Delaware State,-50.5,,,,consensus,1
400869007,2016,4,2016-09-24,Tennessee,Florida,-8.0,,,,consensus,3
400869008,2016,4,2016-09-24,Texas A&M,Arkansas,-3.0,,,,consensus,3
400869009,2016,4,2016-09-24,Western Kentucky,Vanderbilt,-7.5,,,,consensus,3
400869010,2016,5,2016-10-01,Alabama,Kentucky,-32.5,,,,consensus,3
400869011,2016,5,2016-10-01,Arkansas,Alcorn State,-53.0,,,,consensus,1
400869012,2016,5,2016-10-01,Auburn,UL Monroe,-34.0,,,,consensus,3
400869013,2016,5,2016-10-01,Georgia,Tennessee,2.5,,,,consensus,3
400869014,2016,5,2016-10-01,LSU,Missouri,-14.0,,,,consensus,3
400869015,2016,5,2016-10-01,Ole Miss,Memphis,-15.5,,71.5,,teamrankings,2
400869016,2016,5,2016-10-01,South Carolina,Texas A&M,14.0,,,,consensus,3
400869017,2016,5,2016-10-01,Vanderbilt,Florida,8.5,,,,consensus,3
400869018,2016,6,2016-10-08,Arkansas,Alabama,13.0,,,,consensus,3
400869020,2016,6,2016-10-08,Kentucky,Vanderbilt,-2.0,,,,consensus,3
400869021,2016,6,2016-10-08,Mississippi State,Auburn,-1.5,,,,consensus,3
400869022,2016,6,2016-10-09,South Carolina,Georgia,8.5,,,,consensus,3
400869023,2016,6,2016-10-08,Texas A&M,Tennessee,-6.5,,,,consensus,3
400869024,2016,7,2016-10-15,Arkansas,Ole Miss,6.5,,,,consensus,3
400869025,2016,7,2016-10-15,Florida,Missouri,-13.0,,,,consensus,3
400869026,2016,7,2016-10-15,Georgia,Vanderbilt,-14.5,,,,consensus,3
400869027,2016,7,2016-10-15,LSU,Southern Miss,-21.0,,,,consensus,3
400869028,2016,7,2016-10-15,Tennessee,Alabama,9.0,,,,consensus,3
400869029,2016,8,2016-10-22,Alabama,Texas A&M,-16.5,,,,consensus,3
400869030,2016,8,2016-10-22,Auburn,Arkansas,-17.0,,,,consensus,3
400869031,2016,8,2016-10-22,Kentucky,Mississippi State,1.5,,,,consensus,3
400869032,2016,8,2016-10-22,LSU,Ole Miss,-4.5,,,,consensus,3
400869033,2016,8,2016-10-22,Missouri,Middle Tennessee,-4.0,,,,consensus,3
400869034,2016,8,2016-10-22,Vanderbilt,Tennessee State,-27.5,,,,consensus,1
400869035,2016,9,2016-10-29,Georgia,Florida,7.5,,,,consensus,3
400869036,2016,9,2016-10-29,Ole Miss,Auburn,2.0,,,,consensus,3
400869037,2016,9,2016-10-29,Mississippi State,Samford,-21.5,,,,consensus,1
400869038,2016,9,2016-10-29,Missouri,Kentucky,-4.5,,,,consensus,3
400869039,2016,9,2016-10-29,South Carolina,Tennessee,14.0,,,,consensus,3
400869040,2016,9,2016-10-29,Texas A&M,New Mexico State,-43.5,,,,consensus,3
400869041,2016,10,2016-11-05,Arkansas,Florida,3.5,,,,consensus,3
400869042,2016,10,2016-11-05,Auburn,Vanderbilt,-26.0,,,,consensus,3
400869043,2016,10,2016-11-05,Kentucky,Georgia,2.5,,,,consensus,3
400869044,2016,10,2016-11-05,LSU,Alabama,7.0,,,,consensus,3
400869045,2016,10,2016-11-05,Ole Miss,Georgia Southern,-20.5,,,,consensus,3
400869046,2016,10,2016-11-05,Mississippi State,Texas A&M,13.0,,,,consensus,3
400869047,2016,10,2016-11-05,South Carolina,Missouri,-5.0,,,,consensus,3
400869048,2016,10,2016-11-05,Tennessee,Tennessee Tech,-44.0,,,,consensus,1
400869049,2016,11,2016-11-12,Alabama,Mississippi State,-28.5,,,,consensus,3
400869050,2016,11,2016-11-12,Arkansas,LSU,7.0,,,,consensus,3
400869051,2016,11,2016-11-12,Florida,South Carolina,-16.0,,,,consensus,3
400869052,2016,11,2016-11-12,Georgia,Auburn,8.0,,,,consensus,3
400869053,2016,11,2016-11-12,Missouri,Vanderbilt,-1.0,,,,consensus,3
400869054,2016,11,2016-11-12,Tennessee,Kentucky,-10.5,,,,consensus,3
400869055,2016,11,2016-11-12,Texas A&M,Ole Miss,-11.0,,,,consensus,3
400869056,2016,12,2016-11-19,Alabama,Chattanooga,-48.5,,,,consensus,1
400869057,2016,12,2016-11-19,Auburn,Alabama A&M,-52.0,,,,consensus,1
400869059,2016,12,2016-11-19,Georgia,Louisiana,-21.0,,,,consensus,3
400869060,2016,12,2016-11-19,Kentucky,Austin Peay,-43.0,,,,consensus,1
400869062,2016,12,2016-11-19,Mississippi State,Arkansas,1.5,,57.0,,teamrankings,2
400869063,2016,12,2016-11-19,South Carolina,Western Carolina,-29.0,,,,consensus,1
400869064,2016,12,2016-11-19,Tennessee,Missouri,-14.5,,,,consensus,3
400869065,2016,12,2016-11-19,Texas A&M,UTSA,-28.0,,,,consensus,3
400869066,2016,12,2016-11-19,Vanderbilt,Ole Miss,9.5,,,,consensus,3
400869067,2016,13,2016-11-24,Texas A&M,LSU,4.0,,,,consensus,3
400869068,2016,13,2016-11-26,Alabama,Auburn,-20.0,,,,consensus,3
400869069,2016,13,2016-11-26,Florida State,Florida,-5.0,,,,consensus,3
400869070,2016,13,2016-11-26,Georgia,Georgia Tech,-4.5,,,,consensus,3
400869071,2016,13,2016-11-26,Louisville,Kentucky,-26.0,,,,consensus,3
400869072,2016,13,2016-11-26,Ole Miss,Mississippi State,-8.0,,,,consensus,3
400869073,2016,13,2016-11-25,Missouri,Arkansas,7.5,,,,consensus,3
400869074,2016,13,2016-11-26,Clemson,South Carolina,-24.5,,,,consensus,3
400869075,2016,13,2016-11-26,Vanderbilt,Tennessee,10.0,,,,consensus,3
400869090,2016,1,2016-08-26,California,Hawai'i,-23.0,,,,consensus,2
400869091,2016,1,2016-09-01,Utah,Southern Utah,-34.0,,,,consensus,1
400869092,2016,1,2016-09-01,Minnesota,Oregon State,-7.5,,,,consensus,2
400869093,2016,1,2016-09-02,Colorado,Colorado State,-10.0,,,,consensus,3
400869094,2016,1,2016-09-02,Stanford,Kansas State,-16.5,,,,consensus,3
400869095,2016,1,2016-09-03,Arizona State,Northern Arizona,-26.0,,,,consensus,1
400869096,2016,1,2016-09-03,Oregon,UC Davis,-47.0,,,,consensus,1
400869097,2016,1,2016-09-03,Washington,Rutgers,-22.5,,,,consensus,3
400869098,2016,1,2016-09-03,Washington State,Eastern Washington,-27.5,,,,consensus,1
400869099,2016,2,2016-09-10,Arizona,Grambling,-45.5,,,,consensus,1
400869100,2016,2,2016-09-10,Arizona State,Texas Tech,-5.0,,,,consensus,3
400869101,2016,2,2016-09-10,USC,Utah State,-14.0,,,,consensus,3
400869102,2016,2,2016-09-10,UCLA,UNLV,-25.5,,,,consensus,3
400869103,2016,2,2016-09-10,Colorado,Idaho State,-41.5,,,,consensus,1
400869104,2016,2,2016-09-10,Oregon,Virginia,-20.5,,,,consensus,3
400869105,2016,2,2016-09-10,Washington,Idaho,-35.0,,,,consensus,3
400869106,2016,2,2016-09-10,Boise State,Washington State,-12.0,,,,consensus,3
400869107,2016,2,2016-09-10,San Diego State,California,-7.0,,,,consensus,3
400869108,2016,3,2016-09-17,Arizona,Hawai'i,-24.0,,62.5,,teamrankings,2
400869109,2016,3,2016-09-16,UTSA,Arizona State,18.5,,,,consensus,3
400869110,2016,3,2016-09-17,Stanford,USC,-6.5,,,,consensus,3
400869111,2016,3,2016-09-17,Michigan,Colorado,-20.0,,,,consensus,3
400869112,2016,3,2016-09-17,San José State,Utah,13.0,,,,consensus,3
400869113,2016,3,2016-09-17,Nebraska,Oregon,-3.0,,,,consensus,3
400869114,2016,3,2016-09-17,Oregon State,Idaho State,-35.0,,,,consensus,1
400869115,2016,3,2016-09-17,Washington,Portland State,-41.5,,,,consensus,1
400869116,2016,3,2016-09-17,Washington State,Idaho,-27.5,,,,consensus,3
400869117,2016,3,2016-09-17,California,Texas,6.0,,,,consensus,3
400869118,2016,4,2016-09-23,Utah,USC,-2.0,,,,consensus,3
400869119,2016,4,2016-09-24,Arizona,Washington,10.0,,,,consensus,3
400869120,2016,4,2016-09-24,Arizona State,California,-6.5,,,,consensus,3
400869121,2016,4,2016-09-24,UCLA,Stanford,2.5,,,,consensus,3
400869122,2016,4,2016-09-24,Oregon,Colorado,-11.0,,,,consensus,3
400869123,2016,4,2016-09-24,Oregon State,Boise State,14.0,,,,consensus,3
400869124,2016,5,2016-09-30,Washington,Stanford,-3.5,,,,consensus,3
400869125,2016,5,2016-10-01,UCLA,Arizona,3.0,,,,consensus,3
400869126,2016,5,2016-10-01,USC,Arizona State,-8.0,,,,consensus,3
400869127,2016,5,2016-10-01,Colorado,Oregon State,-16.0,,,,consensus,3
400869128,2016,5,2016-10-01,California,Utah,-2.0,,,,consensus,3
400869129,2016,5,2016-10-01,Washington State,Oregon,1.0,,,,consensus,3
400869130,2016,6,2016-10-08,Utah,Arizona,-9.0,,,,consensus,3
400869131,2016,6,2016-10-08,Arizona State,UCLA,4.5,,,,consensus,3
400869132,2016,6,2016-10-08,USC,Colorado,-4.0,,,,consensus,3
400869133,2016,6,2016-10-08,Oregon,Washington,6.5,,,,consensus,3
400869134,2016,6,2016-10-08,Oregon State,California,10.0,,,,consensus,3
400869135,2016,6,2016-10-08,Stanford,Washington State,-12.5,,,,consensus,3
400869136,2016,7,2016-10-15,Arizona,USC,7.0,,,,consensus,3
400869137,2016,7,2016-10-15,Colorado,Arizona State,-8.0,,,,consensus,3
400869138,2016,7,2016-10-15,Washington State,UCLA,-2.0,,,,consensus,3
400869139,2016,7,2016-10-15,Oregon State,Utah,13.0,,,,consensus,3
400869140,2016,8,2016-10-21,California,Oregon,-3.0,,,,consensus,3
400869141,2016,8,2016-10-22,Arizona State,Washington State,6.5,,,,consensus,3
400869142,2016,8,2016-10-22,UCLA,Utah,-7.0,,,,consensus,3
400869143,2016,8,2016-10-22,Stanford,Colorado,-3.5,,,,consensus,3
400869144,2016,8,2016-10-22,Washington,Oregon State,-31.5,,,,consensus,3
400869145,2016,9,2016-10-27,USC,California,-14.5,,,,consensus,3
400869146,2016,9,2016-10-29,Arizona,Stanford,-3.0,,,,consensus,3
400869147,2016,9,2016-10-29,Oregon,Arizona State,-7.5,,,,consensus,3
400869148,2016,9,2016-10-29,Utah,Washington,11.5,,,,consensus,3
400869149,2016,9,2016-10-29,Oregon State,Washington State,17.5,,,,consensus,3
400869150,2016,10,2016-11-03,Colorado,UCLA,-10.0,,,,consensus,3
400869151,2016,10,2016-11-05,Washington State,Arizona,-16.5,,,,consensus,3
400869152,2016,10,2016-11-05,USC,Oregon,-14.0,,,,consensus,3
400869153,2016,10,2016-11-05,Stanford,Oregon State,-16.5,,,,consensus,3
400869154,2016,10,2016-11-05,California,Washington,17.0,,,,consensus,3
400869155,2016,11,2016-11-10,Arizona State,Utah,5.5,,,,consensus,3
400869156,2016,11,2016-11-12,Arizona,Colorado,16.5,,,,consensus,3
400869157,2016,11,2016-11-12,Washington,USC,-10.0,,,,consensus,3
400869158,2016,11,2016-11-12,UCLA,Oregon State,-10.0,,,,consensus,3
400869159,2016,11,2016-11-12,Oregon,Stanford,1.0,,,,consensus,3
400869160,2016,11,2016-11-12,Washington State,California,-16.5,,,,consensus,3
400869161,2016,12,2016-11-19,Oregon State,Arizona,-3.0,,59.5,,teamrankings,2
400869162,2016,12,2016-11-19,Washington,Arizona State,-26.0,,,,consensus,3
400869163,2016,12,2016-11-19,UCLA,USC,10.5,,,,consensus,3
400869164,2016,12,2016-11-19,Colorado,Washington State,-6.0,,,,consensus,3
400869165,2016,12,2016-11-19,Utah,Oregon,-10.5,,,,consensus,3
400869166,2016,12,2016-11-19,California,Stanford,11.0,,,,consensus,3
400869167,2016,13,2016-11-25,Arizona,Arizona State,6.0,,,,consensus,3
400869168,2016,13,2016-11-25,Washington State,Washington,6.0,,,,consensus,3
400869169,2016,13,2016-11-26,California,UCLA,5.5,,,,consensus,3
400869170,2016,13,2016-11-26,Colorado,Utah,-11.0,,,,consensus,3
400869171,2016,13,2016-11-26,Oregon State,Oregon,3.0,,,,consensus,3
400869172,2016,13,2016-11-26,Stanford,Rice,-33.0,,,,consensus,3
400869173,2016,1,2016-09-01,Utah State,Weber State,-21.0,,,,consensus,1
400869174,2016,1,2016-09-01,UNLV,Jackson State,-40.0,,,,consensus,1
400869175,2016,1,2016-09-03,Air Force,Abilene Christian,-44.0,,,,consensus,1
400869176,2016,1,2016-09-03,Louisiana,Boise State,18.0,,,,consensus,3
400869177,2016,1,2016-09-01,New Mexico,South Dakota,-11.0,,,,consensus,1
400869178,2016,1,2016-09-03,Wyoming,Northern Illinois,10.5,,,,consensus,3
400869179,2016,1,2016-09-03,Nebraska,Fresno State,-29.5,,,,consensus,3
400869180,2016,1,2016-09-03,Michigan,Hawai'i,-40.5,,,,consensus,3
400869181,2016,1,2016-09-02,Nevada,Cal Poly,-19.0,,,,consensus,1
400869182,2016,1,2016-09-03,San Diego State,New Hampshire,-34.0,,,,consensus,1
400869183,2016,1,2016-09-03,Tulsa,San José State,-6.0,,,,consensus,3
400869184,2016,2,2016-09-10,Air Force,Georgia State,-23.5,,53.0,,teamrankings,2
400869185,2016,2,2016-09-10,Colorado State,UTSA,-10.0,,,,consensus,3
400869186,2016,2,2016-09-10,New Mexico State,New Mexico,11.5,,,,consensus,3
400869187,2016,2,2016-09-10,Nebraska,Wyoming,-24.0,,,,consensus,3
400869191,2016,3,2016-09-17,Colorado State,Northern Colorado,-22.0,,,,consensus,1
400869192,2016,3,2016-09-17,Rutgers,New Mexico,-3.5,,,,consensus,3
400869193,2016,3,2016-09-16,Utah State,Arkansas State,-8.0,,,,consensus,3
400869194,2016,3,2016-09-17,Wyoming,UC Davis,-22.5,,,,consensus,1
400869195,2016,3,2016-09-17,Toledo,Fresno State,-20.0,,,,consensus,3
400869196,2016,3,2016-09-17,Nevada,Buffalo,-9.0,,,,consensus,3
400869197,2016,3,2016-09-17,Northern Illinois,San Diego State,8.0,,,,consensus,3
400869198,2016,3,2016-09-17,Central Michigan,UNLV,-14.0,,,,consensus,3
400869199,2016,4,2016-09-24,Utah State,Air Force,3.0,,,,consensus,3
400869200,2016,4,2016-09-24,Minnesota,Colorado State,-15.5,,,,consensus,3
400869201,2016,4,2016-09-23,Eastern Michigan,Wyoming,2.5,,,,consensus,3
400869202,2016,4,2016-09-24,Fresno State,Tulsa,11.5,,,,consensus,3
400869203,2016,4,2016-09-24,Purdue,Nevada,-5.0,,,,consensus,3
400869204,2016,4,2016-09-24,Iowa State,San José State,-6.0,,,,consensus,3
400869205,2016,4,2016-09-24,UNLV,Idaho,-13.0,,,,consensus,3
400869206,2016,5,2016-10-01,Air Force,Navy,-10.5,,,,consensus,3
400869207,2016,5,2016-10-01,Boise State,Utah State,-19.5,,,,consensus,3
400869208,2016,5,2016-10-01,Colorado State,Wyoming,-5.5,,,,consensus,3
400869209,2016,5,2016-10-01,New Mexico,San José State,-4.5,,,,consensus,3
400869210,2016,5,2016-10-01,UNLV,Fresno State,-11.5,,,,consensus,3
400869211,2016,5,2016-10-01,Hawai'i,Nevada,3.5,,55.5,,teamrankings,1
400869212,2016,5,2016-10-01,South Alabama,San Diego State,17.5,,,,consensus,3
400869213,2016,6,2016-10-08,Wyoming,Air Force,13.5,,,,consensus,3
400869214,2016,6,2016-10-07,New Mexico,Boise State,16.5,,,,consensus,3
400869215,2016,6,2016-10-08,Colorado State,Utah State,6.0,,,,consensus,3
400869216,2016,6,2016-10-08,Nevada,Fresno State,-11.5,,,,consensus,3
400869217,2016,6,2016-10-08,San José State,Hawai'i,-3.5,,,,consensus,3
400869218,2016,6,2016-10-08,San Diego State,UNLV,-17.5,,,,consensus,3
400869219,2016,7,2016-10-15,Air Force,New Mexico,-15.0,,,,consensus,3
400869220,2016,7,2016-10-15,Boise State,Colorado State,-25.5,,,,consensus,3
400869221,2016,7,2016-10-14,Fresno State,San Diego State,17.5,,,,consensus,3
400869222,2016,7,2016-10-15,Hawai'i,UNLV,-10.0,,54.0,,teamrankings,1
400869223,2016,7,2016-10-15,San José State,Nevada,-5.0,,,,consensus,3
400869224,2016,8,2016-10-20,Boise State,BYU,-9.5,,,,consensus,3
400869225,2016,8,2016-10-22,Air Force,Hawai'i,-17.5,,,,consensus,3
400869226,2016,8,2016-10-22,UNLV,Colorado State,-1.5,,,,consensus,3
400869227,2016,8,2016-10-22,New Mexico,UL Monroe,-14.5,,,,consensus,3
400869228,2016,8,2016-10-22,Utah State,Fresno State,-14.0,,,,consensus,3
400869229,2016,8,2016-10-22,Nevada,Wyoming,3.0,,,,consensus,3
400869230,2016,8,2016-10-21,San Diego State,San José State,-22.5,,,,consensus,3
400869231,2016,9,2016-10-28,Fresno State,Air Force,13.5,,,,consensus,3
400869232,2016,9,2016-10-29,Wyoming,Boise State,12.5,,,,consensus,3
400869233,2016,9,2016-10-29,Hawai'i,New Mexico,-3.0,,65.5,,teamrankings,1
400869234,2016,9,2016-10-28,Utah State,San Diego State,3.0,,,,consensus,3
400869235,2016,9,2016-10-29,San José State,UNLV,3.0,,55.0,,teamrankings,2
400869236,2016,10,2016-11-04,Boise State,San José State,-26.5,,,,consensus,3
400869237,2016,10,2016-11-05,Colorado State,Fresno State,-13.0,,,,consensus,3
400869238,2016,10,2016-11-05,New Mexico,Nevada,-11.0,,,,consensus,3
400869239,2016,10,2016-11-05,Wyoming,Utah State,-4.0,,,,consensus,3
400869240,2016,10,2016-11-05,San Diego State,Hawai'i,-19.5,,,,consensus,3
400869241,2016,11,2016-11-12,Air Force,Colorado State,-6.0,,,,consensus,3
400869242,2016,11,2016-11-12,Hawai'i,Boise State,16.5,,,,consensus,3
400869243,2016,11,2016-11-12,Utah State,New Mexico,-2.5,,,,consensus,3
400869244,2016,11,2016-11-12,UNLV,Wyoming,9.0,,,,consensus,3
400869245,2016,11,2016-11-12,Nevada,San Diego State,20.5,,,,consensus,3
400869246,2016,12,2016-11-18,Boise State,UNLV,-26.5,,,,consensus,3
400869247,2016,12,2016-11-19,San José State,Air Force,11.0,,,,consensus,3
400869248,2016,12,2016-11-19,Colorado State,New Mexico,-5.0,,,,consensus,3
400869249,2016,12,2016-11-19,Nevada,Utah State,5.0,,,,consensus,3
400869250,2016,12,2016-11-19,Wyoming,San Diego State,7.5,,,,consensus,3
400869251,2016,12,2016-11-19,Fresno State,Hawai'i,2.5,,,,consensus,3
400869252,2016,13,2016-11-25,Air Force,Boise State,9.0,,,,consensus,3
400869253,2016,13,2016-11-26,San Diego State,Colorado State,-12.5,,,,consensus,3
400869254,2016,13,2016-11-26,New Mexico,Wyoming,2.0,,,,consensus,3
400869255,2016,13,2016-11-26,Fresno State,San José State,4.0,,,,consensus,3
400869256,2016,13,2016-11-26,UNLV,Nevada,-7.0,,,,consensus,3
400869257,2016,1,2016-09-01,Central Michigan,Presbyterian,-33.0,,,,consensus,1
400869258,2016,1,2016-09-02,Georgia State,Ball State,5.5,,,,consensus,3
400869259,2016,1,2016-09-02,Buffalo,UAlbany,-23.0,,,,consensus,1
400869260,2016,1,2016-09-03,Ohio State,Bowling Green,-27.0,,,,consensus,3
400869261,2016,1,2016-09-03,Penn State,Kent State,-19.0,,,,consensus,3
400869262,2016,1,2016-09-03,Iowa,Miami (OH),-32.0,,,,consensus,3
400869263,2016,1,2016-09-02,Eastern Michigan,Mississippi Valley State,-46.0,,,,consensus,1
400869264,2016,1,2016-09-03,Ohio,Texas State,-19.0,,,,consensus,3
400869265,2016,1,2016-09-02,Arkansas State,Toledo,-2.5,,,,consensus,3
400869266,2016,1,2016-09-03,Akron,VMI,-28.0,,,,consensus,1
400869267,2016,1,2016-09-03,Northwestern,Western Michigan,-6.5,,,,consensus,3
400869268,2016,2,2016-09-10,Wisconsin,Akron,-24.0,,,,consensus,3
400869269,2016,2,2016-09-10,Indiana,Ball State,-17.5,,,,consensus,3
400869270,2016,2,2016-09-10,Oklahoma State,Central Michigan,-19.0,,,,consensus,3
400869271,2016,2,2016-09-10,Miami (OH),Eastern Illinois,-10.0,,,,consensus,1
400869272,2016,2,2016-09-10,Toledo,Maine,-30.0,,,,consensus,1
400869273,2016,2,2016-09-10,South Florida,Northern Illinois,-11.5,,,,consensus,3
400869274,2016,2,2016-09-10,Kent State,North Carolina A&T,-13.5,,,,consensus,1
400869276,2016,2,2016-09-10,Bowling Green,North Dakota,-20.0,,,,consensus,1
400869277,2016,2,2016-09-10,Kansas,Ohio,9.0,,,,consensus,3
400869278,2016,3,2016-09-17,Marshall,Akron,-15.5,,,,consensus,3
400869279,2016,3,2016-09-17,Ball State,Eastern Kentucky,-13.0,,,,consensus,1
400869280,2016,3,2016-09-17,Charlotte,Eastern Michigan,1.5,,,,consensus,3
400869281,2016,3,2016-09-17,Bowling Green,Middle Tennessee,3.5,,,,consensus,3
400869282,2016,3,2016-09-17,Kent State,Monmouth,-13.0,,,,consensus,1
400869283,2016,3,2016-09-17,Miami (OH),Western Kentucky,15.0,,,,consensus,3
400869284,2016,3,2016-09-17,Illinois,Western Michigan,1.5,,,,consensus,3
400869285,2016,4,2016-09-24,Akron,App State,7.0,,,,consensus,3
400869286,2016,4,2016-09-24,Florida Atlantic,Ball State,3.0,,,,consensus,3
400869287,2016,4,2016-09-24,Memphis,Bowling Green,-16.5,,,,consensus,3
400869288,2016,4,2016-09-24,Virginia,Central Michigan,2.0,,,,consensus,3
400869289,2016,4,2016-09-24,Ohio,Gardner-Webb,-27.0,,,,consensus,1
400869290,2016,4,2016-09-24,Western Michigan,Georgia Southern,-4.0,,,,consensus,3
400869291,2016,4,2016-09-24,Cincinnati,Miami (OH),-19.5,,,,consensus,3
400869292,2016,4,2016-09-24,Northern Illinois,Western Illinois,-7.0,,,,consensus,1
400869293,2016,5,2016-10-01,Kent State,Akron,5.0,,,,consensus,3
400869294,2016,5,2016-10-01,Boston College,Buffalo,-20.0,,,,consensus,3
400869295,2016,5,2016-10-01,Bowling Green,Eastern Michigan,-6.5,,,,consensus,3
400869296,2016,5,2016-10-01,Miami (OH),Ohio,3.5,,,,consensus,3
400869297,2016,5,2016-10-01,Ball State,Northern Illinois,-1.0,,,,consensus,3
400869298,2016,5,2016-10-01,Central Michigan,Western Michigan,4.0,,,,consensus,3
400869299,2016,6,2016-10-08,Central Michigan,Ball State,-13.5,,,,consensus,3
400869300,2016,6,2016-10-08,Ohio,Bowling Green,-15.5,,,,consensus,3
400869301,2016,6,2016-10-08,Buffalo,Kent State,-2.0,,,,consensus,3
400869302,2016,6,2016-10-08,Akron,Miami (OH),-7.5,,,,consensus,3
400869303,2016,6,2016-10-08,Western Michigan,Northern Illinois,-19.0,,,,consensus,3
400869304,2016,6,2016-10-08,Eastern Michigan,Toledo,17.5,,,,consensus,3
400869305,2016,7,2016-10-15,Buffalo,Ball State,9.0,,,,consensus,3
400869306,2016,7,2016-10-15,Toledo,Bowling Green,-24.0,,,,consensus,3
400869307,2016,7,2016-10-15,Northern Illinois,Central Michigan,4.0,,,,consensus,3
400869308,2016,7,2016-10-15,Ohio,Eastern Michigan,-10.0,,,,consensus,3
400869309,2016,7,2016-10-15,Miami (OH),Kent State,2.5,,43.5,,teamrankings,2
400869310,2016,7,2016-10-15,Akron,Western Michigan,10.5,,,,consensus,3
400869311,2016,8,2016-10-22,Ball State,Akron,-2.0,,,,consensus,3
400869312,2016,8,2016-10-22,Northern Illinois,Buffalo,-20.0,,,,consensus,3
400869313,2016,8,2016-10-22,Toledo,Central Michigan,-10.0,,,,consensus,3
400869314,2016,8,2016-10-22,Western Michigan,Eastern Michigan,-23.5,,,,consensus,3
400869315,2016,8,2016-10-22,Kent State,Ohio,4.0,,,,consensus,3
400869316,2016,8,2016-10-22,Bowling Green,Miami (OH),-3.5,,,,consensus,3
400869317,2016,9,2016-10-27,Buffalo,Akron,14.5,,,,consensus,3
400869318,2016,9,2016-10-27,Toledo,Ohio,-17.5,,,,consensus,3
400869319,2016,9,2016-10-29,Central Michigan,Kent State,-14.0,,,,consensus,3
400869320,2016,10,2016-11-01,Northern Illinois,Bowling Green,-17.0,,,,consensus,3
400869321,2016,10,2016-11-01,Ball State,Western Michigan,16.0,,,,consensus,3
400869322,2016,10,2016-11-02,Akron,Toledo,8.0,,,,consensus,3
400869323,2016,10,2016-11-03,Ohio,Buffalo,-19.0,,,,consensus,3
400869324,2016,10,2016-11-04,Miami (OH),Central Michigan,6.0,,,,consensus,3
400869325,2016,11,2016-11-08,Ball State,Eastern Michigan,-3.5,,,,consensus,3
400869326,2016,11,2016-11-08,Kent State,Western Michigan,18.5,,,,consensus,3
400869327,2016,11,2016-11-09,Akron,Bowling Green,-11.5,,,,consensus,3
400869328,2016,11,2016-11-09,Northern Illinois,Toledo,7.5,,,,consensus,3
400869329,2016,11,2016-11-12,Buffalo,Miami (OH),12.0,,,,consensus,3
400869330,2016,12,2016-11-15,Bowling Green,Kent State,3.0,,,,consensus,3
400869331,2016,12,2016-11-15,Central Michigan,Ohio,-1.0,,,,consensus,3
400869332,2016,12,2016-11-16,Toledo,Ball State,-19.0,,,,consensus,3
400869333,2016,12,2016-11-16,Eastern Michigan,Northern Illinois,4.0,,,,consensus,3
400869334,2016,12,2016-11-19,Western Michigan,Buffalo,-34.0,,,,consensus,3
400869335,2016,13,2016-11-22,Ohio,Akron,-7.5,,,,consensus,3
400869336,2016,13,2016-11-22,Miami (OH),Ball State,-6.0,,,,consensus,3
400869337,2016,13,2016-11-22,Eastern Michigan,Central Michigan,,,56.5,,teamrankings,2
400869338,2016,13,2016-11-25,Bowling Green,Buffalo,-11.0,,,,consensus,3
400869339,2016,13,2016-11-25,Kent State,Northern Illinois,5.0,,,,consensus,3
400869340,2016,13,2016-11-25,Western Michigan,Toledo,-9.5,,,,consensus,3
400869341,2016,1,2016-09-01,Louisville,Charlotte,-39.5,,,,consensus,2
400869342,2016,1,2016-09-01,Florida International,Indiana,3.0,,,,consensus,2
400869343,2016,1,2016-09-03,Florida Atlantic,Southern Illinois,-8.0,,,,consensus,1
400869344,2016,1,2016-09-03,Middle Tennessee,Alabama A&M,-47.0,,,,consensus,1
400869345,2016,1,2016-09-03,North Texas,SMU,12.0,,,,consensus,3
400869346,2016,1,2016-09-04,Old Dominion,Hampton,-28.0,,,,consensus,1
400869347,2016,1,2016-09-01,Western Kentucky,Rice,-14.5,,,,consensus,2
400869348,2016,1,2016-09-03,UTEP,New Mexico State,-3.5,,,,consensus,3
400869349,2016,1,2016-09-03,UTSA,Alabama State,-28.5,,,,consensus,1
400869350,2016,2,2016-09-10,Charlotte,Elon,-9.0,,,,consensus,1
400869351,2016,2,2016-09-09,Florida International,Maryland,7.0,,,,consensus,3
400869352,2016,2,2016-09-10,Louisiana Tech,South Carolina State,-33.0,,,,consensus,1
400869353,2016,2,2016-09-10,Marshall,Morgan State,-41.5,,,,consensus,1
400869354,2016,2,2016-09-10,North Texas,Bethune-Cookman,-13.0,,,,consensus,1
400869355,2016,2,2016-09-10,App State,Old Dominion,-21.0,,54.0,,teamrankings,2
400869356,2016,2,2016-09-10,Southern Miss,Savannah State,-57.0,,,,consensus,1
400869357,2016,2,2016-09-10,Texas,UTEP,-26.0,,,,consensus,3
400869358,2016,3,2016-09-17,Kansas State,Florida Atlantic,-19.0,,,,consensus,3
400869359,2016,3,2016-09-17,Texas Tech,Louisiana Tech,-12.0,,,,consensus,3
400869360,2016,3,2016-09-17,NC State,Old Dominion,-20.5,,,,consensus,3
400869361,2016,3,2016-09-16,Rice,Baylor,27.5,,,,consensus,3
400869362,2016,3,2016-09-17,Southern Miss,Troy,-11.5,,,,consensus,3
400869363,2016,4,2016-09-24,Temple,Charlotte,-29.5,,,,consensus,3
400869364,2016,4,2016-09-24,Florida International,UCF,5.5,,,,consensus,3
400869365,2016,4,2016-09-24,Middle Tennessee,Louisiana Tech,-4.0,,,,consensus,2
400869366,2016,4,2016-09-24,Marshall,Louisville,23.0,,,,consensus,3
400869367,2016,4,2016-09-24,Rice,North Texas,-7.5,,,,consensus,3
400869368,2016,4,2016-09-24,Old Dominion,UTSA,-1.5,,,,consensus,3
400869369,2016,4,2016-09-24,UTEP,Southern Miss,10.0,,,,consensus,3
400869370,2016,5,2016-10-01,Charlotte,Old Dominion,7.5,,,,consensus,3
400869371,2016,5,2016-10-01,Florida International,Florida Atlantic,5.0,,,,consensus,3
400869372,2016,5,2016-10-01,Louisiana Tech,UTEP,-21.0,,,,consensus,3
400869373,2016,5,2016-10-01,Pittsburgh,Marshall,-14.0,,,,consensus,3
400869374,2016,5,2016-10-01,North Texas,Middle Tennessee,16.0,,,,consensus,3
400869375,2016,5,2016-10-01,Southern Miss,Rice,-21.0,,,,consensus,3
400869377,2016,6,2016-10-09,Florida Atlantic,Charlotte,-15.0,,,,consensus,3
400869378,2016,6,2016-10-08,UTEP,Florida International,-2.5,,,,consensus,3
400869379,2016,6,2016-10-06,Louisiana Tech,Western Kentucky,-1.0,,,,consensus,3
400869380,2016,6,2016-10-08,North Texas,Marshall,11.0,,,,consensus,3
400869381,2016,6,2016-10-08,UTSA,Southern Miss,14.5,,,,consensus,3
400869382,2016,7,2016-10-15,Charlotte,Florida International,2.5,,55.5,,teamrankings,2
400869383,2016,7,2016-10-15,Marshall,Florida Atlantic,-12.0,,,,consensus,3
400869384,2016,7,2016-10-15,Middle Tennessee,Western Kentucky,-2.5,,,,consensus,2
400869385,2016,7,2016-10-15,Rice,UTSA,-1.5,,,,consensus,3
400869386,2016,8,2016-10-22,Marshall,Charlotte,-17.0,,,,consensus,3
400869387,2016,8,2016-10-22,Florida International,Louisiana Tech,16.0,,,,consensus,3
400869388,2016,8,2016-10-22,Western Kentucky,Old Dominion,-13.0,,,,consensus,3
400869389,2016,8,2016-10-22,Rice,Prairie View A&M,-22.0,,,,consensus,1
400869390,2016,8,2016-10-22,UTSA,UTEP,-7.0,,,,consensus,3
400869391,2016,9,2016-10-29,Florida International,Middle Tennessee,17.0,,,,consensus,3
400869392,2016,9,2016-10-29,Florida Atlantic,Western Kentucky,18.0,,,,consensus,3
400869393,2016,9,2016-10-29,Louisiana Tech,Rice,-23.0,,,,consensus,3
400869394,2016,9,2016-10-29,Southern Miss,Marshall,-10.0,,,,consensus,3
400869395,2016,9,2016-10-29,UTSA,North Texas,-4.0,,,,consensus,3
400869396,2016,9,2016-10-29,UTEP,Old Dominion,5.5,,,,consensus,3
400869397,2016,10,2016-11-05,Southern Miss,Charlotte,-18.0,,,,consensus,3
400869398,2016,10,2016-11-05,Western Kentucky,Florida International,-25.0,,,,consensus,3
400869399,2016,10,2016-11-05,Rice,Florida Atlantic,-2.0,,,,consensus,3
400869400,2016,10,2016-11-05,North Texas,Louisiana Tech,21.0,,,,consensus,3
400869401,2016,10,2016-11-05,Old Dominion,Marshall,-7.0,,,,consensus,3
400869403,2016,10,2016-11-05,Middle Tennessee,UTSA,-19.0,,,,consensus,2
400869404,2016,11,2016-11-12,Charlotte,Rice,-10.0,,,,consensus,3
400869405,2016,11,2016-11-12,Florida Atlantic,UTEP,-2.0,,,,consensus,3
400869406,2016,11,2016-11-12,Louisiana Tech,UTSA,-19.0,,,,consensus,3
400869407,2016,11,2016-11-12,Marshall,Middle Tennessee,11.5,,,,consensus,3
400869408,2016,11,2016-11-12,Western Kentucky,North Texas,-30.0,,,,consensus,3
400869409,2016,11,2016-11-12,Old Dominion,Southern Miss,-2.0,,,,consensus,3
400869410,2016,12,2016-11-19,Charlotte,Middle Tennessee,6.0,,,,consensus,3
400869411,2016,12,2016-11-19,Florida International,Marshall,3.0,,,,consensus,3
400869412,2016,12,2016-11-19,Florida Atlantic,Old Dominion,7.5,,,,consensus,3
400869413,2016,12,2016-11-19,North Texas,Southern Miss,5.5,,,,consensus,3
400869414,2016,12,2016-11-19,Rice,UTEP,1.5,,,,consensus,3
400869415,2016,13,2016-11-26,UTSA,Charlotte,-7.0,,,,consensus,3
400869416,2016,13,2016-11-26,Old Dominion,Florida International,-14.0,,,,consensus,3
400869417,2016,13,2016-11-26,Middle Tennessee,Florida Atlantic,-12.5,,,,consensus,2
400869418,2016,13,2016-11-25,Southern Miss,Louisiana Tech,13.5,,,,consensus,3
400869419,2016,13,2016-11-26,Marshall,Western Kentucky,21.0,,,,consensus,3
400869420,2016,13,2016-11-26,UTEP,North Texas,4.0,,51.5,,teamrankings,2
400869421,2016,1,2016-09-01,Wake Forest,Tulane,-16.0,,,,consensus,2
400869422,2016,1,2016-09-01,NC State,William & Mary,-30.5,,,,consensus,1
400869423,2016,1,2016-09-02,Syracuse,Colgate,-25.5,,,,consensus,1
400869424,2016,1,2016-09-03,Boston College,Georgia Tech,3.0,,,,consensus,3
400869425,2016,1,2016-09-03,Duke,North Carolina Central,-37.0,,,,consensus,1
400869426,2016,1,2016-09-03,Pittsburgh,Villanova,-27.0,,,,consensus,1
400869427,2016,1,2016-09-03,Virginia,Richmond,-14.0,,,,consensus,1
400869428,2016,1,2016-09-03,Virginia Tech,Liberty,-35.0,,,,consensus,1
400869429,2016,2,2016-09-09,Syracuse,Louisville,13.0,,,,consensus,3
400869430,2016,2,2016-09-10,Clemson,Troy,-34.0,,,,consensus,3
400869431,2016,2,2016-09-10,Duke,Wake Forest,-8.5,,,,consensus,3
400869432,2016,2,2016-09-10,Florida State,Charleston Southern,-59.5,,,,consensus,1
400869434,2016,2,2016-09-10,Illinois,North Carolina,7.0,,,,consensus,3
400869435,2016,2,2016-09-10,East Carolina,NC State,3.5,,,,consensus,3
400869436,2016,2,2016-09-10,Pittsburgh,Penn State,-4.5,,,,consensus,3
400869437,2016,3,2016-09-17,Virginia Tech,Boston College,-7.0,,,,consensus,3
400869438,2016,3,2016-09-17,Clemson,South Carolina State,-54.0,,,,consensus,1
400869439,2016,3,2016-09-17,Northwestern,Duke,-4.0,,,,consensus,3
400869440,2016,3,2016-09-17,Louisville,Florida State,4.5,,,,consensus,3
400869441,2016,3,2016-09-17,North Carolina,James Madison,-24.5,,,,consensus,1
400869442,2016,3,2016-09-17,Oklahoma State,Pittsburgh,-6.0,,,,consensus,3
400869443,2016,3,2016-09-17,Syracuse,South Florida,13.5,,,,consensus,3
400869444,2016,3,2016-09-17,UConn,Virginia,-6.5,,,,consensus,3
400869445,2016,3,2016-09-17,Wake Forest,Delaware,-24.0,,,,consensus,1
400869446,2016,4,2016-09-22,Georgia Tech,Clemson,11.0,,,,consensus,3
400869447,2016,4,2016-09-24,Boston College,Wagner,-35.0,,,,consensus,1
400869448,2016,4,2016-09-24,South Florida,Florida State,5.5,,,,consensus,3
400869449,2016,4,2016-09-24,North Carolina,Pittsburgh,-7.0,,,,consensus,3
400869450,2016,4,2016-09-24,UConn,Syracuse,-6.0,,,,consensus,3
400869451,2016,4,2016-09-24,Virginia Tech,East Carolina,-9.5,,,,consensus,3
400869452,2016,4,2016-09-24,Indiana,Wake Forest,-5.5,,,,consensus,3
400869453,2016,5,2016-10-01,Clemson,Louisville,-3.5,,,,consensus,3
400869454,2016,5,2016-10-01,Duke,Virginia,-5.0,,,,consensus,3
400869455,2016,5,2016-10-01,Florida State,North Carolina,-12.0,,,,consensus,3
400869456,2016,5,2016-10-01,NC State,Wake Forest,-9.0,,,,consensus,3
400869457,2016,6,2016-10-07,Boston College,Clemson,17.0,,,,consensus,3
400869458,2016,6,2016-10-08,Pittsburgh,Georgia Tech,-8.0,,,,consensus,3
400869459,2016,6,2016-10-08,North Carolina,Virginia Tech,-5.5,,,,consensus,3
400869460,2016,6,2016-10-08,Wake Forest,Syracuse,-3.0,,,,consensus,3
400869461,2016,7,2016-10-14,Louisville,Duke,-27.5,,,,consensus,3
400869462,2016,7,2016-10-15,Clemson,NC State,-17.0,,,,consensus,3
400869463,2016,7,2016-10-15,Florida State,Wake Forest,-25.5,,,,consensus,3
400869464,2016,7,2016-10-15,Georgia Tech,Georgia Southern,-8.0,,,,consensus,3
400869465,2016,7,2016-10-15,Virginia,Pittsburgh,5.0,,,,consensus,3
400869466,2016,7,2016-10-15,Syracuse,Virginia Tech,17.0,,,,consensus,3
400869467,2016,8,2016-10-20,Virginia Tech,Miami,-4.5,,,,consensus,3
400869468,2016,8,2016-10-22,Boston College,Syracuse,-4.5,,,,consensus,3
400869469,2016,8,2016-10-22,Louisville,NC State,-20.0,,,,consensus,3
400869470,2016,8,2016-10-22,Virginia,North Carolina,9.0,,,,consensus,3
400869471,2016,9,2016-10-27,Pittsburgh,Virginia Tech,4.0,,,,consensus,3
400869472,2016,9,2016-10-29,NC State,Boston College,-15.5,,,,consensus,3
400869473,2016,9,2016-10-29,Florida State,Clemson,3.0,,,,consensus,3
400869474,2016,9,2016-10-29,Georgia Tech,Duke,-8.5,,,,consensus,3
400869475,2016,9,2016-10-29,Virginia,Louisville,27.0,,,,consensus,3
400869476,2016,10,2016-11-05,Boston College,Louisville,24.5,,,,consensus,3
400869477,2016,10,2016-11-05,Clemson,Syracuse,-28.0,,,,consensus,3
400869478,2016,10,2016-11-05,Duke,Virginia Tech,10.0,,,,consensus,3
400869479,2016,10,2016-11-05,NC State,Florida State,6.5,,,,consensus,3
400869480,2016,10,2016-11-05,North Carolina,Georgia Tech,-9.5,,,,consensus,3
400869481,2016,10,2016-11-05,Miami,Pittsburgh,-6.0,,,,consensus,3
400869482,2016,10,2016-11-05,Wake Forest,Virginia,-2.5,,,,consensus,3
400869483,2016,11,2016-11-10,Duke,North Carolina,10.5,,,,consensus,3
400869484,2016,11,2016-11-11,Florida State,Boston College,-23.0,,,,consensus,3
400869485,2016,11,2016-11-12,Clemson,Pittsburgh,-19.0,,,,consensus,3
400869486,2016,11,2016-11-12,Virginia Tech,Georgia Tech,-14.5,,,,consensus,3
400869487,2016,11,2016-11-12,Louisville,Wake Forest,-33.0,,,,consensus,3
400869488,2016,11,2016-11-12,Syracuse,NC State,7.0,,,,consensus,3
400869490,2016,12,2016-11-19,Boston College,UConn,-7.0,,,,consensus,3
400869491,2016,12,2016-11-19,Wake Forest,Clemson,23.5,,,,consensus,3
400869492,2016,12,2016-11-19,Pittsburgh,Duke,-6.5,,,,consensus,3
400869493,2016,12,2016-11-19,Syracuse,Florida State,20.0,,,,consensus,3
400869494,2016,12,2016-11-19,Georgia Tech,Virginia,-10.5,,,,consensus,3
400869495,2016,12,2016-11-19,NC State,Miami,2.5,,52.0,,teamrankings,2
400869496,2016,12,2016-11-19,North Carolina,The Citadel,-24.0,,,,consensus,1
400869497,2016,13,2016-11-25,North Carolina,NC State,-10.0,,,,consensus,3
400869498,2016,13,2016-11-26,Wake Forest,Boston College,-2.0,,,,consensus,3
400869499,2016,13,2016-11-26,Miami,Duke,-14.0,,,,consensus,3
400869500,2016,13,2016-11-26,Pittsburgh,Syracuse,-23.5,,,,consensus,3
400869501,2016,13,2016-11-26,Virginia Tech,Virginia,-18.5,,,,consensus,3
400869502,2016,1,2016-09-01,Cincinnati,UT Martin,-24.0,,,,consensus,1
400869503,2016,1,2016-09-01,UConn,Maine,-27.0,,,,consensus,1
400869504,2016,1,2016-09-03,UCF,South Carolina State,-27.0,,,,consensus,1
400869505,2016,1,2016-09-03,East Carolina,Western Carolina,-17.0,,,,consensus,1
400869506,2016,1,2016-09-03,South Florida,Towson,-17.0,,,,consensus,1
400869507,2016,1,2016-09-03,Houston,Oklahoma,10.0,,,,consensus,3
400869508,2016,1,2016-09-03,Memphis,Southeast Missouri State,-24.0,,,,consensus,1
400869509,2016,1,2016-09-03,Navy,Fordham,-24.0,,,,consensus,1
400869510,2016,2,2016-09-10,Michigan,UCF,-34.5,,,,consensus,3
400869511,2016,2,2016-09-10,Purdue,Cincinnati,7.0,,,,consensus,3
400869512,2016,2,2016-09-10,Navy,UConn,-7.5,,,,consensus,3
400869513,2016,2,2016-09-10,Temple,Stony Brook,-22.0,,,,consensus,1
400869514,2016,2,2016-09-10,Houston,Lamar,-48.0,,,,consensus,1
400869515,2016,2,2016-09-10,Tulane,Southern,-31.0,,,,consensus,1
400869516,2016,2,2016-09-10,Ohio State,Tulsa,-28.5,,,,consensus,3
400869517,2016,3,2016-09-15,Cincinnati,Houston,7.5,,,,consensus,3
400869518,2016,3,2016-09-17,UCF,Maryland,9.0,,,,consensus,3
400869519,2016,3,2016-09-17,Penn State,Temple,-7.0,,,,consensus,3
400869520,2016,3,2016-09-17,Memphis,Kansas,-20.0,,,,consensus,3
400869521,2016,3,2016-09-17,Tulane,Navy,10.5,,,,consensus,3
400869522,2016,3,2016-09-17,SMU,Liberty,-13.5,,,,consensus,1
400869523,2016,3,2016-09-17,Tulsa,North Carolina A&T,-25.0,,,,consensus,1
400869524,2016,4,2016-09-23,SMU,TCU,24.0,,,,consensus,3
400869525,2016,4,2016-09-24,Texas State,Houston,33.0,,,,consensus,3
400869526,2016,4,2016-09-24,Tulane,Louisiana,-3.0,,,,consensus,3
400869527,2016,5,2016-09-29,Houston,UConn,-24.5,,,,consensus,3
400869528,2016,5,2016-10-01,East Carolina,UCF,-5.5,,,,consensus,3
400869529,2016,5,2016-10-01,Cincinnati,South Florida,6.0,,,,consensus,3
400869530,2016,5,2016-10-01,Temple,SMU,-13.5,,,,consensus,3
400869531,2016,6,2016-10-06,Memphis,Temple,-6.5,,,,consensus,3
400869533,2016,6,2016-10-07,Tulsa,SMU,-11.0,,,,consensus,3
400869534,2016,6,2016-10-08,UConn,Cincinnati,2.5,,,,consensus,3
400869535,2016,6,2016-10-08,South Florida,East Carolina,-20.0,,,,consensus,3
400869536,2016,6,2016-10-08,Navy,Houston,17.0,,,,consensus,3
400869538,2016,7,2016-10-14,Tulane,Memphis,10.5,,,,consensus,3
400869539,2016,7,2016-10-15,UCF,Temple,-1.0,,,,consensus,3
400869540,2016,7,2016-10-15,South Florida,UConn,-17.0,,,,consensus,3
400869541,2016,7,2016-10-15,Houston,Tulsa,-23.5,,,,consensus,3
400869542,2016,8,2016-10-21,Temple,South Florida,6.0,,,,consensus,3
400869543,2016,8,2016-10-22,UConn,UCF,2.0,,,,consensus,3
400869544,2016,8,2016-10-22,Cincinnati,East Carolina,-2.0,,,,consensus,3
400869545,2016,8,2016-10-22,SMU,Houston,24.0,,,,consensus,3
400869546,2016,8,2016-10-22,Navy,Memphis,2.0,,,,consensus,3
400869547,2016,8,2016-10-22,Tulsa,Tulane,-10.0,,,,consensus,3
400869548,2016,9,2016-10-28,South Florida,Navy,-9.0,,,,consensus,3
400869549,2016,9,2016-10-29,Houston,UCF,-12.5,,,,consensus,3
400869550,2016,9,2016-10-29,Temple,Cincinnati,-8.5,,,,consensus,3
400869551,2016,9,2016-10-29,East Carolina,UConn,-7.5,,,,consensus,3
400869552,2016,9,2016-10-29,Memphis,Tulsa,-7.5,,,,consensus,3
400869553,2016,9,2016-10-29,Tulane,SMU,-1.0,,,,consensus,3
400869554,2016,10,2016-11-04,UConn,Temple,9.5,,,,consensus,3
400869555,2016,10,2016-11-05,Tulsa,East Carolina,-10.0,,75.5,,teamrankings,2
400869556,2016,10,2016-11-05,SMU,Memphis,6.5,,,,consensus,3
400869557,2016,11,2016-11-12,UCF,Cincinnati,-10.0,,,,consensus,3
400869558,2016,11,2016-11-12,East Carolina,SMU,-5.0,,,,consensus,3
400869559,2016,11,2016-11-12,Memphis,South Florida,3.0,,,,consensus,3
400869560,2016,11,2016-11-12,Houston,Tulane,-22.0,,,,consensus,3
400869561,2016,11,2016-11-12,Navy,Tulsa,-1.0,,,,consensus,3
400869562,2016,12,2016-11-17,Houston,Louisville,17.0,,68.0,,teamrankings,2
400869563,2016,12,2016-11-18,Cincinnati,Memphis,7.5,,,,consensus,3
400869564,2016,12,2016-11-19,UCF,Tulsa,-1.5,,,,consensus,3
400869565,2016,12,2016-11-19,SMU,South Florida,12.5,,,,consensus,3
400869566,2016,12,2016-11-19,Tulane,Temple,14.5,,,,consensus,3
400869567,2016,13,2016-11-25,Tulsa,Cincinnati,-18.5,,,,consensus,3
400869568,2016,13,2016-11-25,Memphis,Houston,3.0,,,,consensus,3
400869569,2016,13,2016-11-26,South Florida,UCF,-9.5,,,,consensus,3
400869570,2016,13,2016-11-26,UConn,Tulane,-2.0,,,,consensus,3
400869571,2016,13,2016-11-26,Temple,East Carolina,-19.0,,,,consensus,3
400869572,2016,13,2016-11-26,SMU,Navy,8.0,,,,consensus,3
400869578,2016,1,2016-09-03,Purdue,Eastern Kentucky,-15.0,,,,consensus,1
400869590,2016,6,2016-10-08,Oklahoma State,Iowa State,-16.5,,,,consensus,3
400869591,2016,7,2016-10-15,Texas,Iowa State,-13.5,,,,consensus,3
400869592,2016,9,2016-10-29,Iowa State,Kansas State,6.0,,,,consensus,3
400869593,2016,10,2016-11-03,Iowa State,Oklahoma,19.5,,,,consensus,3
400869594,2016,11,2016-11-12,Kansas,Iowa State,11.5,,,,consensus,3
400869595,2016,12,2016-11-19,Iowa State,Texas Tech,3.0,,,,consensus,3
400869596,2016,13,2016-11-26,Iowa State,West Virginia,9.0,,,,consensus,3
400869597,2016,1,2016-09-03,Kansas,Rhode Island,-35.0,,,,consensus,1
400869598,2016,5,2016-09-29,Texas Tech,Kansas,-27.0,,,,consensus,3
400869599,2016,6,2016-10-08,Kansas,TCU,29.5,,,,consensus,3
400869600,2016,8,2016-10-22,Kansas,Oklahoma State,28.0,,,,consensus,3
400869601,2016,9,2016-10-29,Oklahoma,Kansas,-38.5,,,,consensus,3
400869602,2016,10,2016-11-05,West Virginia,Kansas,-32.0,,,,consensus,3
400869603,2016,12,2016-11-19,Kansas,Texas,21.0,,,,consensus,3
400869604,2016,13,2016-11-26,Kansas State,Kansas,-24.5,,,,consensus,3
400869605,2016,4,2016-09-24,Kansas State,Missouri State,-46.5,,,,consensus,1
400869606,2016,5,2016-10-01,West Virginia,Kansas State,-5.5,,,,consensus,3
400869607,2016,6,2016-10-08,Kansas State,Texas Tech,-9.0,,,,consensus,3
400869608,2016,7,2016-10-15,Oklahoma,Kansas State,-13.0,,,,consensus,3
400869609,2016,8,2016-10-22,Kansas State,Texas,-3.0,,,,consensus,3
400869610,2016,10,2016-11-05,Kansas State,Oklahoma State,-2.5,,,,consensus,3
400869611,2016,14,2016-12-03,TCU,Kansas State,-4.5,,,,consensus,3
400869612,2016,2,2016-09-10,Oklahoma,UL Monroe,-44.0,,,,consensus,3
400869613,2016,3,2016-09-17,Oklahoma,Ohio State,2.5,,,,consensus,3
400869614,2016,5,2016-10-01,TCU,Oklahoma,3.5,,66.0,,teamrankings,2
400869615,2016,6,2016-10-08,Oklahoma,Texas,-6.5,,,,consensus,3
400869616,2016,8,2016-10-22,Texas Tech,Oklahoma,13.0,,,,consensus,3
400869617,2016,12,2016-11-19,West Virginia,Oklahoma,2.5,,,,consensus,3
400869618,2016,14,2016-12-03,Oklahoma,Oklahoma State,-14.0,,,,consensus,3
400869619,2016,1,2016-09-03,Oklahoma State,SE Louisiana,-48.5,,,,consensus,1
400869620,2016,5,2016-10-01,Oklahoma State,Texas,-3.0,,,,consensus,3
400869621,2016,9,2016-10-29,Oklahoma State,West Virginia,3.0,,,,consensus,3
400869622,2016,11,2016-11-12,Oklahoma State,Texas Tech,-11.0,,,,consensus,3
400869623,2016,12,2016-11-19,TCU,Oklahoma State,-4.5,,,,consensus,3
400869624,2016,1,2016-09-03,TCU,South Dakota State,-39.5,,,,consensus,1
400869625,2016,1,2016-09-03,Texas Tech,Stephen F. Austin,-42.0,,,,consensus,1
400869626,2016,2,2016-09-10,West Virginia,Youngstown State,-25.5,,,,consensus,1
400869627,2016,7,2016-10-15,Texas Tech,West Virginia,-1.0,,,,consensus,3
400869628,2016,8,2016-10-22,West Virginia,TCU,-5.0,,,,consensus,3
400869629,2016,9,2016-10-29,TCU,Texas Tech,-8.5,,,,consensus,3
400869630,2016,10,2016-11-05,Texas Tech,Texas,4.0,,,,consensus,3
400869631,2016,11,2016-11-12,Texas,West Virginia,1.0,,,,consensus,3
400869632,2016,13,2016-11-25,Texas,TCU,-3.0,,61.0,,teamrankings,2
400869633,2016,2,2016-09-10,Rutgers,Howard,-42.0,,,,consensus,1
400869634,2016,4,2016-09-24,Rutgers,Iowa,13.5,,,,consensus,3
400869635,2016,5,2016-10-01,Ohio State,Rutgers,-37.0,,,,consensus,3
400869636,2016,6,2016-10-08,Rutgers,Michigan,26.5,,,,consensus,3
400869637,2016,7,2016-10-15,Rutgers,Illinois,6.0,,,,consensus,3
400869638,2016,8,2016-10-22,Minnesota,Rutgers,-21.0,,,,consensus,3
400869639,2016,10,2016-11-05,Rutgers,Indiana,13.0,,,,consensus,3
400869640,2016,11,2016-11-12,Michigan State,Rutgers,-15.5,,,,consensus,3
400869641,2016,12,2016-11-19,Rutgers,Penn State,22.5,,,,consensus,3
400869642,2016,13,2016-11-26,Maryland,Rutgers,-2.0,,,,consensus,3
400869643,2016,6,2016-10-08,Ohio State,Indiana,-32.0,,,,consensus,3
400869644,2016,7,2016-10-15,Wisconsin,Ohio State,9.5,,,,consensus,3
400869645,2016,8,2016-10-22,Penn State,Ohio State,20.0,,,,consensus,3
400869646,2016,9,2016-10-29,Ohio State,Northwestern,-24.0,,,,consensus,3
400869647,2016,10,2016-11-05,Ohio State,Nebraska,-15.5,,,,consensus,3
400869648,2016,11,2016-11-12,Maryland,Ohio State,28.0,,,,consensus,3
400869649,2016,12,2016-11-19,Michigan State,Ohio State,23.5,,,,consensus,3
400869650,2016,13,2016-11-26,Ohio State,Michigan,-7.0,,,,consensus,3
400869651,2016,1,2016-09-02,Michigan State,Furman,-45.0,,,,consensus,1
400869652,2016,1,2016-09-03,Illinois,Murray State,-31.0,,,,consensus,1
400869653,2016,1,2016-09-03,Maryland,Howard,-51.0,,,,consensus,1
400869654,2016,2,2016-09-10,Minnesota,Indiana State,-44.5,,,,consensus,1
400869655,2016,2,2016-09-10,Northwestern,Illinois State,-12.5,,,,consensus,1
400869656,2016,3,2016-09-17,Iowa,North Dakota State,-14.5,,,,consensus,1
400869657,2016,3,2016-09-17,Wisconsin,Georgia State,-30.0,,,,consensus,3
400869658,2016,4,2016-09-24,Michigan,Penn State,-15.5,,,,consensus,3
400869659,2016,4,2016-09-24,Michigan State,Wisconsin,-6.0,,,,consensus,3
400869660,2016,4,2016-09-24,Northwestern,Nebraska,6.5,,,,consensus,3
400869661,2016,5,2016-10-01,Indiana,Michigan State,8.0,,,,consensus,3
400869662,2016,5,2016-10-01,Iowa,Northwestern,-12.0,,,,consensus,3
400869663,2016,5,2016-10-01,Maryland,Purdue,-9.0,,,,consensus,3
400869664,2016,5,2016-10-01,Michigan,Wisconsin,-10.0,,,,consensus,3
400869665,2016,5,2016-10-01,Nebraska,Illinois,-21.5,,,,consensus,3
400869666,2016,5,2016-10-01,Penn State,Minnesota,-4.0,,,,consensus,3
400869667,2016,6,2016-10-08,Illinois,Purdue,-9.0,,,,consensus,3
400869668,2016,6,2016-10-08,Minnesota,Iowa,1.5,,,,consensus,3
400869669,2016,6,2016-10-08,Penn State,Maryland,-3.0,,,,consensus,3
400869670,2016,7,2016-10-15,Indiana,Nebraska,6.0,,,,consensus,3
400869671,2016,7,2016-10-15,Maryland,Minnesota,-3.0,,,,consensus,3
400869672,2016,7,2016-10-15,Michigan State,Northwestern,-6.5,,,,consensus,3
400869673,2016,7,2016-10-15,Purdue,Iowa,13.0,,,,consensus,3
400869674,2016,8,2016-10-22,Iowa,Wisconsin,2.5,,,,consensus,3
400869675,2016,8,2016-10-22,Maryland,Michigan State,2.5,,,,consensus,3
400869676,2016,8,2016-10-22,Michigan,Illinois,-28.0,,,,consensus,3
400869677,2016,8,2016-10-22,Nebraska,Purdue,-23.5,,,,consensus,3
400869678,2016,8,2016-10-22,Northwestern,Indiana,-2.5,,,,consensus,3
400869679,2016,9,2016-10-29,Illinois,Minnesota,10.0,,,,consensus,3
400869680,2016,9,2016-10-29,Indiana,Maryland,-5.0,,,,consensus,3
400869681,2016,9,2016-10-29,Michigan State,Michigan,21.0,,,,consensus,3
400869682,2016,9,2016-10-29,Purdue,Penn State,10.5,,,,consensus,3
400869683,2016,9,2016-10-29,Wisconsin,Nebraska,-7.5,,,,consensus,3
400869684,2016,10,2016-11-05,Illinois,Michigan State,7.0,,,,consensus,3
400869685,2016,10,2016-11-05,Michigan,Maryland,-26.5,,,,consensus,3
400869686,2016,10,2016-11-05,Minnesota,Purdue,-16.5,,,,consensus,3
400869687,2016,10,2016-11-05,Northwestern,Wisconsin,6.5,,,,consensus,3
400869688,2016,10,2016-11-05,Penn State,Iowa,-6.5,,,,consensus,3
400869689,2016,11,2016-11-12,Indiana,Penn State,6.5,,,,consensus,3
400869690,2016,11,2016-11-12,Iowa,Michigan,18.5,,,,consensus,3
400869691,2016,11,2016-11-12,Nebraska,Minnesota,-8.0,,,,consensus,3
400869692,2016,11,2016-11-12,Purdue,Northwestern,10.5,,,,consensus,3
400869693,2016,11,2016-11-12,Wisconsin,Illinois,-26.5,,,,consensus,3
400869694,2016,12,2016-11-19,Illinois,Iowa,10.0,,,,consensus,3
400869695,2016,12,2016-11-19,Michigan,Indiana,-28.0,,,,consensus,3
400869696,2016,12,2016-11-19,Minnesota,Northwestern,-2.0,,,,consensus,3
400869697,2016,12,2016-11-19,Nebraska,Maryland,-14.5,,,,consensus,3
400869698,2016,12,2016-11-19,Purdue,Wisconsin,26.5,,,,consensus,3
400869699,2016,13,2016-11-25,Iowa,Nebraska,-2.5,,,,consensus,3
400869700,2016,13,2016-11-26,Indiana,Purdue,-16.0,,,,consensus,3
400869701,2016,13,2016-11-26,Northwestern,Illinois,-15.0,,,,consensus,3
400869702,2016,13,2016-11-26,Penn State,Michigan State,-13.5,,,,consensus,3
400869703,2016,13,2016-11-26,Wisconsin,Minnesota,-14.0,,,,consensus,3
400869717,2016,9,2016-10-29,Eastern Michigan,Miami (OH),-7.0,,,,consensus,3
400869718,2016,1,2016-09-03,Miami,Florida A&M,-59.0,,,,consensus,1
400869719,2016,2,2016-09-10,Miami,Florida Atlantic,-23.0,,,,consensus,3
400869720,2016,3,2016-09-17,App State,Miami,4.0,,,,consensus,3
400869721,2016,5,2016-10-01,Georgia Tech,Miami,5.0,,,,consensus,3
400869722,2016,6,2016-10-08,Miami,Florida State,-1.5,,,,consensus,3
400869723,2016,7,2016-10-15,Miami,North Carolina,-7.0,,,,consensus,3
400869724,2016,11,2016-11-12,Virginia,Miami,11.0,,,,consensus,3
400869725,2016,1,2016-09-01,Idaho,Montana State,-7.0,,,,consensus,1
400869808,2016,1,2016-09-03,Georgia Southern,Savannah State,-53.0,,,,consensus,1
400869809,2016,1,2016-09-03,UL Monroe,Southern,-16.0,,,,consensus,1
400869810,2016,1,2016-09-03,Troy,Austin Peay,-37.0,,,,consensus,1
400869811,2016,2,2016-09-10,South Alabama,Georgia Southern,11.5,,,,consensus,3
400869812,2016,2,2016-09-10,Louisiana,McNeese,-4.5,,,,consensus,1
400869813,2016,3,2016-09-17,Georgia Southern,UL Monroe,-27.0,,,,consensus,3
400869814,2016,3,2016-09-17,Louisiana,South Alabama,-3.5,,,,consensus,3
400869815,2016,4,2016-09-24,Arkansas State,Central Arkansas,-15.5,,,,consensus,1
400869816,2016,4,2016-09-24,Troy,New Mexico State,-17.5,,,,consensus,3
400869817,2016,4,2016-09-24,South Alabama,Nicholls,-16.5,,,,consensus,1
400869818,2016,5,2016-10-01,App State,Georgia State,-21.0,,,,consensus,3
400869819,2016,5,2016-10-01,Idaho,Troy,13.5,,,,consensus,3
400869820,2016,5,2016-10-01,New Mexico State,Louisiana,8.0,,,,consensus,3
400869821,2016,5,2016-10-01,Texas State,Incarnate Word,-17.0,,,,consensus,1
400869822,2016,6,2016-10-05,Arkansas State,Georgia Southern,5.5,,,,consensus,3
400869823,2016,6,2016-10-08,Georgia State,Texas State,-8.5,,,,consensus,3
400869824,2016,6,2016-10-08,UL Monroe,Idaho,-3.0,,,,consensus,3
400869825,2016,7,2016-10-12,Louisiana,App State,10.5,,,,consensus,3
400869826,2016,7,2016-10-15,Arkansas State,South Alabama,-6.0,,,,consensus,3
400869827,2016,7,2016-10-15,Troy,Georgia State,-16.5,,,,consensus,3
400869828,2016,7,2016-10-15,Idaho,New Mexico State,-3.0,,,,consensus,3
400869829,2016,7,2016-10-15,UL Monroe,Texas State,-4.5,,,,consensus,3
400869830,2016,8,2016-10-20,South Alabama,Troy,9.0,,,,consensus,3
400869831,2016,8,2016-10-22,App State,Idaho,-22.0,,,,consensus,3
400869832,2016,8,2016-10-22,New Mexico State,Georgia Southern,14.0,,,,consensus,3
400869833,2016,8,2016-10-22,Georgia State,UT Martin,-12.5,,,,consensus,1
400869834,2016,8,2016-10-22,Texas State,Louisiana,11.5,,,,consensus,3
400869835,2016,9,2016-10-27,Georgia Southern,App State,4.0,,,,consensus,3
400869836,2016,9,2016-10-29,Arkansas State,UL Monroe,-17.0,,,,consensus,3
400869837,2016,9,2016-10-29,South Alabama,Georgia State,-3.5,,,,consensus,3
400869838,2016,10,2016-11-03,Georgia State,Arkansas State,2.0,,,,consensus,3
400869839,2016,10,2016-11-05,App State,Texas State,-30.0,,,,consensus,3
400869840,2016,10,2016-11-05,Louisiana,Idaho,-7.5,,,,consensus,3
400869841,2016,10,2016-11-05,UL Monroe,South Alabama,13.5,,,,consensus,3
400869842,2016,11,2016-11-12,Troy,App State,-1.5,,,,consensus,3
400869843,2016,11,2016-11-12,Arkansas State,New Mexico State,-20.5,,,,consensus,3
400869844,2016,11,2016-11-10,Georgia Southern,Louisiana,-10.5,,,,consensus,3
400869845,2016,11,2016-11-12,Georgia State,UL Monroe,-12.5,,,,consensus,3
400869846,2016,11,2016-11-12,Texas State,Idaho,8.0,,,,consensus,3
400869847,2016,12,2016-11-17,Troy,Arkansas State,-8.5,,,,consensus,3
400869848,2016,12,2016-11-19,App State,UL Monroe,-27.5,,,,consensus,3
400869849,2016,12,2016-11-19,Georgia State,Georgia Southern,3.5,,,,consensus,3
400869850,2016,12,2016-11-19,New Mexico State,Texas State,-6.5,,,,consensus,3
400869851,2016,13,2016-11-26,New Mexico State,App State,17.0,,,,consensus,3
400869852,2016,13,2016-11-26,Louisiana,Arkansas State,6.5,,,,consensus,3
400869853,2016,13,2016-11-26,Idaho,South Alabama,-2.5,,,,consensus,3
400869854,2016,13,2016-11-26,Texas State,Troy,26.5,,,,consensus,3
400869855,2016,14,2016-12-03,Texas State,Arkansas State,21.5,,,,consensus,3
400869856,2016,14,2016-12-03,Georgia Southern,Troy,9.0,,,,consensus,3
400869857,2016,14,2016-12-03,Idaho,Georgia State,-7.0,,,,consensus,3
400869858,2016,14,2016-12-03,UL Monroe,Louisiana,9.5,,,,consensus,3
400869859,2016,14,2016-12-03,South Alabama,New Mexico State,-12.0,,,,consensus,3
400921256,2016,10,2016-11-05,UCF,Tulane,-16.5,,,,consensus,3
400922541,2016,12,2016-11-19,East Carolina,Navy,8.0,,,,consensus,3
400922862,2016,12,2016-11-19,LSU,Florida,-10.5,,,,consensus,3
400925661,2016,12,2016-11-19,South Alabama,Presbyterian,-31.0,,,,consensus,1
400926941,2016,14,2016-12-02,Ohio,Western Michigan,17.0,,,,consensus,3
400926942,2016,14,2016-12-02,Washington,Colorado,-6.0,,,,consensus,3
400926943,2016,14,2016-12-03,Florida,Alabama,21.5,,,,consensus,3
400926944,2016,14,2016-12-03,Virginia Tech,Clemson,8.5,,,,consensus,3
400926946,2016,14,2016-12-03,Penn State,Wisconsin,1.0,,,,consensus,3
400926947,2016,14,2016-12-03,Navy,Temple,-1.5,,,,consensus,3
400926948,2016,14,2016-12-03,Western Kentucky,Louisiana Tech,-7.5,,,,consensus,3
400926949,2016,14,2016-12-03,Wyoming,San Diego State,7.0,,,,consensus,3
400876038,2016,1,2016-12-17,UTSA,New Mexico,7.5,,,,consensus,3
400876039,2016,1,2016-12-17,San Diego State,Houston,3.0,,,,consensus,3
400876040,2016,1,2016-12-17,Toledo,App State,-2.5,,,,consensus,3
400876041,2016,1,2016-12-17,Louisiana,Southern Miss,2.0,,,,consensus,3
400876042,2016,1,2016-12-19,Tulsa,Central Michigan,-11.0,,,,consensus,3
400876043,2016,1,2016-12-20,Western Kentucky,Memphis,-6.5,,,,consensus,3
400876044,2016,1,2016-12-21,Wyoming,BYU,7.5,,,,consensus,3
400876045,2016,1,2016-12-22,Colorado State,Idaho,-13.0,,,,consensus,3
400876046,2016,1,2016-12-23,Old Dominion,Eastern Michigan,-4.0,,,,consensus,3
400876047,2016,1,2016-12-23,Navy,Louisiana Tech,-1.0,,,,consensus,3
400876048,2016,1,2016-12-23,Troy,Ohio,-5.0,,,,consensus,3
400876049,2016,1,2016-12-24,Middle Tennessee,Hawai'i,-4.5,,,,consensus,3
400876090,2016,1,2016-12-26,Mississippi State,Miami (OH),-11.5,,,,consensus,3
400876091,2016,1,2016-12-26,Boston College,Maryland,-1.0,,,,consensus,3
400876092,2016,1,2016-12-26,Vanderbilt,NC State,4.0,,,,consensus,3
400876093,2016,1,2016-12-27,North Texas,Army,9.5,,,,consensus,3
400876094,2016,1,2016-12-27,Wake Forest,Temple,12.5,,,,consensus,3
400876095,2016,1,2016-12-27,Washington State,Minnesota,-5.5,,,,consensus,3
400876096,2016,1,2016-12-27,Baylor,Boise State,10.0,,,,consensus,3
400876097,2016,1,2016-12-28,Northwestern,Pittsburgh,3.0,,,,consensus,3
400876098,2016,1,2016-12-28,Miami,West Virginia,-1.5,,,,consensus,3
400876099,2016,1,2016-12-28,Kansas State,Texas A&M,2.5,,,,consensus,3
400876100,2016,1,2016-12-29,South Carolina,South Florida,11.0,,,,consensus,3
400876101,2016,1,2016-12-29,Virginia Tech,Arkansas,-6.0,,,,consensus,3
400876102,2016,1,2016-12-29,Colorado,Oklahoma State,-2.0,,,,consensus,3
400876103,2016,1,2016-12-30,TCU,Georgia,-1.5,,,,consensus,3
400876104,2016,1,2016-12-30,Tennessee,Nebraska,-3.0,,,,consensus,3
400876105,2016,1,2016-12-30,Florida State,Michigan,6.5,,,,consensus,3
400876106,2016,1,2016-12-31,Louisville,LSU,3.0,,59.5,,teamrankings,2
400876107,2016,1,2016-12-31,Alabama,Washington,-14.0,,,,consensus,3
400876108,2016,1,2016-12-31,Clemson,Ohio State,3.0,,,,consensus,3
400876109,2016,1,2017-01-02,Iowa,Florida,2.0,,,,consensus,3
400876110,2016,1,2017-01-02,Wisconsin,Western Michigan,-6.5,,,,consensus,3
400876111,2016,1,2017-01-02,Penn State,USC,6.5,,,,consensus,3
400876112,2016,1,2017-01-02,Oklahoma,Auburn,-5.5,,,,consensus,3
400876113,2016,1,2016-12-31,Kentucky,Georgia Tech,5.0,,,,consensus,3
400876570,2016,1,2017-01-09,Alabama,Clemson,-6.0,,,,consensus,3
400878692,2016,1,2016-12-30,North Carolina,Stanford,2.5,,,,consensus,3
400903226,2016,1,2016-12-28,Utah,Indiana,-6.5,,,,consensus,3
400903611,2016,1,2016-12-17,UCF,Arkansas State,6.5,,,,consensus,3
400928102,2016,1,2016-12-30,Air Force,South Alabama,-14.0,,,,consensus,3
400933827,2017,1,2017-09-02,Alabama,Florida State,-7.5,,51.0,,consensus,3
400933828,2017,1,2017-08-31,Arkansas,Florida A&M,-47.0,,55.5,,consensus,1
400933829,2017,1,2017-09-02,Auburn,Georgia Southern,-34.5,,59.0,,consensus,3
400933830,2017,1,2017-09-02,Florida,Michigan,4.5,,45.5,,consensus,3
400933831,2017,1,2017-09-02,Georgia,App State,-12.5,,46.5,,consensus,3
400933832,2017,1,2017-09-02,Southern Miss,Kentucky,10.0,,57.0,,consensus,3
400933833,2017,1,2017-09-02,LSU,BYU,-14.5,,47.5,,consensus,3
400933834,2017,1,2017-09-02,Ole Miss,South Alabama,-22.0,,59.5,,consensus,3
400933835,2017,1,2017-09-02,Mississippi State,Charleston Southern,-23.0,,,,consensus,1
400933836,2017,1,2017-09-02,Missouri,Missouri State,-35.5,,62.0,,consensus,1
400933837,2017,1,2017-09-02,South Carolina,NC State,-7.5,,50.0,,consensus,3
400933838,2017,1,2017-09-03,UCLA,Texas A&M,-6.5,,61.0,,consensus,3
400933839,2017,1,2017-09-02,Middle Tennessee,Vanderbilt,2.5,,58.0,,consensus,3
400933840,2017,1,2017-09-04,Georgia Tech,Tennessee,4.0,,54.5,,consensus,3
400933841,2017,2,2017-09-09,Alabama,Fresno State,-42.5,,54.0,,consensus,3
400933842,2017,2,2017-09-09,Arkansas,TCU,3.0,,56.5,,consensus,3
400933843,2017,2,2017-09-09,Clemson,Auburn,-6.0,,54.5,,consensus,3
400933845,2017,2,2017-09-09,Notre Dame,Georgia,-5.5,,57.0,,consensus,3
400933846,2017,2,2017-09-09,Kentucky,Eastern Kentucky,-34.5,,,,consensus,1
400933847,2017,2,2017-09-09,LSU,Chattanooga,-36.5,,,,consensus,1
400933848,2017,2,2017-09-09,Ole Miss,UT Martin,-33.5,,,,consensus,1
400933849,2017,2,2017-09-09,Louisiana Tech,Mississippi State,10.5,,67.5,,consensus,3
400933850,2017,2,2017-09-09,Missouri,South Carolina,-2.5,,71.0,,consensus,3
400933851,2017,2,2017-09-09,Tennessee,Indiana State,-37.5,,,,consensus,1
400933852,2017,2,2017-09-09,Texas A&M,Nicholls,-36.5,,,,consensus,1
400933853,2017,2,2017-09-09,Vanderbilt,Alabama A&M,-48.5,,,,consensus,1
400933854,2017,3,2017-09-16,Alabama,Colorado State,-31.0,,55.5,,consensus,3
400933855,2017,3,2017-09-16,Auburn,Mercer,-41.0,,,,consensus,1
400933856,2017,3,2017-09-16,Florida,Tennessee,-6.5,,50.5,,consensus,3
400933857,2017,3,2017-09-16,Georgia,Samford,-33.5,,,,consensus,1
400933858,2017,3,2017-09-16,California,Ole Miss,7.0,,69.5,,consensus,3
400933859,2017,3,2017-09-16,Mississippi State,LSU,7.5,,53.5,,consensus,3
400933860,2017,3,2017-09-16,Missouri,Purdue,-5.5,,76.0,,consensus,3
400933861,2017,3,2017-09-16,South Carolina,Kentucky,-6.0,,48.5,,consensus,3
400933862,2017,3,2017-09-16,Texas A&M,Louisiana,-24.0,,64.0,,consensus,3
400933863,2017,3,2017-09-16,Vanderbilt,Kansas State,5.0,,49.0,,consensus,3
400933864,2017,4,2017-09-23,Arkansas,Texas A&M,-2.5,,58.5,,consensus,3
400933865,2017,4,2017-09-23,Georgia,Mississippi State,-2.5,,50.0,,consensus,3
400933866,2017,4,2017-09-23,Kentucky,Florida,3.0,,44.0,,consensus,3
400933867,2017,4,2017-09-23,LSU,Syracuse,-21.5,,56.5,,consensus,3
400933868,2017,4,2017-09-23,Missouri,Auburn,18.5,,60.5,,consensus,3
400933869,2017,4,2017-09-23,South Carolina,Louisiana Tech,-9.0,,50.5,,consensus,3
400933870,2017,4,2017-09-23,Tennessee,Massachusetts,-28.0,,58.5,,consensus,3
400933871,2017,4,2017-09-23,Vanderbilt,Alabama,20.0,,42.5,,consensus,3
400933872,2017,5,2017-09-30,Alabama,Ole Miss,-30.0,,56.0,,consensus,3
400933873,2017,5,2017-09-30,Arkansas,New Mexico State,-18.0,,61.0,,teamrankings,2
400933874,2017,5,2017-09-30,Auburn,Mississippi State,-7.5,,51.5,,consensus,3
400933875,2017,5,2017-09-30,Florida,Vanderbilt,-9.0,,39.0,,consensus,3
400933876,2017,5,2017-09-30,Kentucky,Eastern Michigan,-14.0,,50.0,,consensus,3
400933877,2017,5,2017-09-30,LSU,Troy,-20.5,,48.5,,consensus,3
400933878,2017,5,2017-09-30,Tennessee,Georgia,10.0,,47.0,,consensus,3
400933879,2017,5,2017-09-30,Texas A&M,South Carolina,-8.0,,50.0,,consensus,3
400933880,2017,6,2017-10-07,Auburn,Ole Miss,-21.5,,55.5,,consensus,3
400933881,2017,6,2017-10-07,Kentucky,Missouri,-8.5,,59.5,,consensus,3
400933882,2017,6,2017-10-07,Florida,LSU,1.5,,44.0,,consensus,3
400933883,2017,6,2017-10-07,South Carolina,Arkansas,3.5,,45.0,,consensus,3
400933884,2017,6,2017-10-07,Texas A&M,Alabama,26.5,,56.5,,consensus,3
400933885,2017,6,2017-10-07,Vanderbilt,Georgia,17.0,,40.5,,consensus,3
400933886,2017,7,2017-10-14,Alabama,Arkansas,-37.0,,54.5,,consensus,3
400933887,2017,7,2017-10-14,Florida,Texas A&M,-3.5,,49.5,,consensus,3
400933888,2017,7,2017-10-14,Georgia,Missouri,-29.0,,59.0,,consensus,3
400933889,2017,7,2017-10-14,LSU,Auburn,6.5,,46.0,,consensus,3
400933890,2017,7,2017-10-14,Ole Miss,Vanderbilt,-3.5,,56.5,,consensus,3
400933891,2017,7,2017-10-14,Mississippi State,BYU,-23.0,,50.5,,consensus,3
400933892,2017,7,2017-10-14,Tennessee,South Carolina,-2.5,,45.0,,consensus,3
400933893,2017,8,2017-10-21,Alabama,Tennessee,-36.5,,51.5,,consensus,3
400933894,2017,8,2017-10-21,Arkansas,Auburn,17.0,,51.0,,consensus,3
400933895,2017,8,2017-10-21,Ole Miss,LSU,6.5,,59.0,,consensus,3
400933896,2017,8,2017-10-21,Mississippi State,Kentucky,-14.0,,54.5,,consensus,3
400933897,2017,8,2017-10-21,Missouri,Idaho,-14.0,,64.5,,consensus,3
400933898,2017,9,2017-10-28,Florida,Georgia,13.5,,43.5,,consensus,3
400933899,2017,9,2017-10-28,Kentucky,Tennessee,-4.0,,46.0,,consensus,3
400933900,2017,9,2017-10-28,Ole Miss,Arkansas,-2.5,,62.0,,consensus,3
400933901,2017,9,2017-10-28,UConn,Missouri,13.5,,75.5,,consensus,3
400933902,2017,9,2017-10-28,South Carolina,Vanderbilt,-7.0,,42.5,,consensus,3
400933903,2017,9,2017-10-28,Texas A&M,Mississippi State,3.5,,55.5,,consensus,3
400933904,2017,10,2017-11-04,Alabama,LSU,-20.5,,45.5,,consensus,3
400933905,2017,10,2017-11-04,Arkansas,Coastal Carolina,-24.5,,59.5,,consensus,2
400933906,2017,10,2017-11-04,Georgia,South Carolina,-23.5,,45.0,,consensus,3
400933907,2017,10,2017-11-04,Kentucky,Ole Miss,-3.5,,63.5,,consensus,3
400933908,2017,10,2017-11-04,Mississippi State,Massachusetts,-34.0,,57.0,,consensus,3
400933909,2017,10,2017-11-04,Missouri,Florida,-1.5,,61.5,,consensus,3
400933910,2017,10,2017-11-04,Tennessee,Southern Miss,-7.0,,48.0,,consensus,3
400933911,2017,10,2017-11-04,Texas A&M,Auburn,15.0,,51.5,,consensus,3
400933912,2017,10,2017-11-04,Vanderbilt,Western Kentucky,-13.0,,54.5,,consensus,3
400933913,2017,11,2017-11-11,Auburn,Georgia,2.5,,48.0,,consensus,3
400933914,2017,11,2017-11-11,LSU,Arkansas,-19.0,,54.5,,consensus,3
400933915,2017,11,2017-11-11,Ole Miss,Louisiana,-22.5,,67.5,,consensus,3
400933916,2017,11,2017-11-11,Mississippi State,Alabama,14.5,,50.0,,consensus,3
400933917,2017,11,2017-11-11,Missouri,Tennessee,-13.0,,62.5,,consensus,3
400933918,2017,11,2017-11-11,South Carolina,Florida,-4.5,,41.5,,consensus,3
400933919,2017,11,2017-11-11,Texas A&M,New Mexico,-18.5,,51.5,,consensus,3
400933920,2017,11,2017-11-11,Vanderbilt,Kentucky,-2.5,,53.0,,consensus,3
400933921,2017,12,2017-11-18,Alabama,Mercer,-49.0,,,,consensus,1
400933922,2017,12,2017-11-18,Arkansas,Mississippi State,14.0,,56.0,,consensus,3
400933923,2017,12,2017-11-18,Auburn,UL Monroe,-38.0,,68.0,,consensus,3
400933924,2017,12,2017-11-18,Florida,UAB,-10.5,,48.0,,consensus,3
400933925,2017,12,2017-11-18,Georgia,Kentucky,-23.5,,51.0,,consensus,3
400933926,2017,12,2017-11-18,Ole Miss,Texas A&M,3.0,,70.0,,consensus,3
400933927,2017,12,2017-11-18,South Carolina,Wofford,-24.0,,,,consensus,1
400933928,2017,12,2017-11-18,Tennessee,LSU,17.0,,41.5,,consensus,3
400933929,2017,12,2017-11-18,Vanderbilt,Missouri,8.5,,65.0,,consensus,3
400933930,2017,13,2017-11-23,Mississippi State,Ole Miss,-14.0,,64.5,,consensus,3
400933931,2017,13,2017-11-24,Arkansas,Missouri,9.5,,68.5,,consensus,3
400933932,2017,13,2017-11-25,Auburn,Alabama,5.0,,47.5,,consensus,3
400933933,2017,13,2017-11-25,Florida,Florida State,4.5,,43.0,,consensus,3
400933934,2017,13,2017-11-25,Georgia Tech,Georgia,11.5,,51.0,,consensus,3
400933935,2017,13,2017-11-25,Kentucky,Louisville,10.0,,68.0,,consensus,3
400933936,2017,13,2017-11-25,LSU,Texas A&M,-11.0,,50.5,,consensus,3
400933937,2017,13,2017-11-25,South Carolina,Clemson,13.5,,46.5,,consensus,3
400933938,2017,13,2017-11-25,Tennessee,Vanderbilt,-2.5,,45.5,,consensus,3
400934488,2017,1,2017-09-02,Iowa State,Northern Iowa,-10.0,,,,consensus,1
400934489,2017,1,2017-09-02,Baylor,Liberty,-33.0,,86.5,,consensus,1
400934490,2017,1,2017-09-02,Kansas,Southeast Missouri State,-29.0,,,,consensus,1
400934491,2017,1,2017-09-02,Kansas State,Central Arkansas,-27.0,,,,consensus,1
400934492,2017,1,2017-09-02,Oklahoma,UTEP,-43.5,,63.0,,consensus,3
400934493,2017,1,2017-08-31,Oklahoma State,Tulsa,-19.5,,71.5,,consensus,3
400934494,2017,1,2017-09-02,TCU,Jackson State,-60.0,,,,consensus,1
400934495,2017,1,2017-09-02,Texas,Maryland,-18.5,,57.5,,consensus,3
400934496,2017,1,2017-09-02,Texas Tech,Eastern Washington,-13.0,,72.5,,consensus,1
400934497,2017,1,2017-09-03,Virginia Tech,West Virginia,-4.5,,55.0,,consensus,3
400934498,2017,2,2017-09-09,Baylor,UTSA,-12.0,,57.5,,consensus,3
400934499,2017,2,2017-09-09,Iowa State,Iowa,3.5,,48.5,,consensus,3
400934500,2017,2,2017-09-09,Kansas,Central Michigan,-3.0,,56.5,,consensus,3
400934501,2017,2,2017-09-09,Kansas State,Charlotte,-33.5,,56.5,,consensus,3
400934502,2017,2,2017-09-09,Ohio State,Oklahoma,-7.5,,64.5,,consensus,3
400934503,2017,2,2017-09-08,South Alabama,Oklahoma State,28.0,,67.5,,consensus,3
400934504,2017,2,2017-09-09,Texas,San José State,-26.5,,63.0,,consensus,3
400934505,2017,2,2017-09-09,West Virginia,East Carolina,-24.5,,68.5,,consensus,3
400934506,2017,3,2017-09-16,Duke,Baylor,-10.5,,60.5,,consensus,3
400934507,2017,3,2017-09-16,Ohio,Kansas,-7.5,,59.0,,consensus,3
400934508,2017,3,2017-09-16,Oklahoma,Tulane,-33.0,,54.0,,consensus,3
400934509,2017,3,2017-09-16,Pittsburgh,Oklahoma State,11.0,,66.0,,consensus,3
400934510,2017,3,2017-09-16,TCU,SMU,-22.0,,64.5,,consensus,3
400934511,2017,3,2017-09-16,USC,Texas,-17.0,,67.5,,consensus,3
400934512,2017,3,2017-09-16,Texas Tech,Arizona State,-7.0,,74.0,,consensus,3
400934513,2017,3,2017-09-16,West Virginia,Delaware State,-62.0,,,,consensus,1
400934514,2017,4,2017-09-23,Kansas,West Virginia,24.0,,70.5,,consensus,3
400934515,2017,4,2017-09-23,Baylor,Oklahoma,28.5,,62.0,,consensus,3
400934516,2017,4,2017-09-23,Oklahoma State,TCU,-10.5,,68.0,,consensus,3
400934517,2017,3,2017-09-16,Akron,Iowa State,10.0,,63.0,,consensus,3
400934518,2017,4,2017-09-23,Houston,Texas Tech,-7.0,,68.0,,consensus,3
400934519,2017,5,2017-09-30,Kansas State,Baylor,-15.0,,57.5,,consensus,3
400934520,2017,5,2017-09-30,Texas Tech,Oklahoma State,10.5,,84.5,,consensus,3
400934521,2017,5,2017-09-28,Iowa State,Texas,5.0,,61.5,,consensus,3
400934522,2017,6,2017-10-07,TCU,West Virginia,-12.5,,67.0,,consensus,3
400934523,2017,6,2017-10-07,Oklahoma,Iowa State,-30.5,,62.0,,consensus,3
400934524,2017,6,2017-10-07,Texas,Kansas State,-5.5,,47.0,,consensus,3
400934525,2017,6,2017-10-07,Kansas,Texas Tech,14.5,,76.0,,consensus,3
400934526,2017,7,2017-10-14,Oklahoma State,Baylor,-26.0,,68.5,,consensus,3
400934527,2017,7,2017-10-14,Iowa State,Kansas,-22.5,,63.0,,consensus,3
400934528,2017,7,2017-10-14,Texas,Oklahoma,9.0,,62.0,,consensus,3
400934529,2017,7,2017-10-14,West Virginia,Texas Tech,-5.5,,77.5,,consensus,3
400934530,2017,7,2017-10-14,Kansas State,TCU,7.5,,49.5,,consensus,3
400934531,2017,8,2017-10-21,Texas Tech,Iowa State,-7.0,,67.0,,consensus,3
400934532,2017,8,2017-10-21,TCU,Kansas,-37.5,,61.5,,consensus,3
400934533,2017,8,2017-10-21,Baylor,West Virginia,10.5,,67.5,,consensus,3
400934534,2017,8,2017-10-21,Kansas State,Oklahoma,15.0,,55.5,,consensus,3
400934535,2017,8,2017-10-21,Texas,Oklahoma State,7.0,,65.0,,consensus,3
400934536,2017,9,2017-10-28,Kansas,Kansas State,24.5,,55.0,,consensus,3
400934537,2017,9,2017-10-28,West Virginia,Oklahoma State,9.0,,76.5,,consensus,3
400934538,2017,9,2017-10-28,Baylor,Texas,10.0,,52.5,,consensus,3
400934539,2017,9,2017-10-28,Oklahoma,Texas Tech,-20.5,,77.5,,consensus,3
400934540,2017,9,2017-10-28,Iowa State,TCU,7.0,,48.5,,consensus,3
400934541,2017,10,2017-11-04,Kansas,Baylor,7.0,,59.5,,consensus,3
400934542,2017,10,2017-11-04,West Virginia,Iowa State,-3.5,,59.5,,consensus,3
400934543,2017,10,2017-11-04,Texas Tech,Kansas State,-3.5,,63.0,,consensus,3
400934544,2017,10,2017-11-04,Oklahoma State,Oklahoma,-1.5,,76.5,,consensus,3
400934545,2017,10,2017-11-04,TCU,Texas,-7.5,,45.0,,consensus,3
400934546,2017,11,2017-11-11,Texas,Kansas,-32.0,,52.5,,consensus,3
400934547,2017,11,2017-11-11,Kansas State,West Virginia,3.0,,58.5,,consensus,3
400934548,2017,11,2017-11-11,Iowa State,Oklahoma State,7.5,,61.0,,consensus,3
400934549,2017,11,2017-11-11,Baylor,Texas Tech,9.5,,67.5,,consensus,3
400934550,2017,11,2017-11-11,Oklahoma,TCU,-6.0,,63.5,,consensus,3
400934551,2017,12,2017-11-18,Baylor,Iowa State,7.5,,50.0,,consensus,3
400934552,2017,12,2017-11-18,Oklahoma State,Kansas State,-19.5,,63.5,,consensus,3
400934553,2017,12,2017-11-18,Kansas,Oklahoma,39.5,,68.5,,consensus,3
400934554,2017,12,2017-11-18,West Virginia,Texas,-3.0,,54.5,,consensus,3
400934555,2017,12,2017-11-18,Texas Tech,TCU,6.5,,53.5,,consensus,3
400934556,2017,13,2017-11-24,TCU,Baylor,-25.5,,53.0,,consensus,3
400934557,2017,13,2017-11-24,Texas,Texas Tech,-7.5,,58.5,,consensus,3
400934558,2017,13,2017-11-25,Kansas State,Iowa State,-2.5,,50.0,,consensus,3
400934559,2017,13,2017-11-25,Oklahoma State,Kansas,-41.0,,68.0,,consensus,3
400934560,2017,13,2017-11-25,Oklahoma,West Virginia,-23.0,,69.5,,consensus,3
400934561,2017,4,2017-09-23,Tulane,Army,-3.0,,45.0,,consensus,3
400934562,2017,2,2017-09-09,Army,Buffalo,-15.5,,53.5,,consensus,3
400934563,2017,3,2017-09-16,Ohio State,Army,-31.5,,55.0,,consensus,3
400934564,2017,6,2017-10-07,Rice,Army,12.5,,48.0,,consensus,3
400934565,2017,11,2017-11-11,Army,Duke,3.5,,51.0,,consensus,3
400934566,2017,5,2017-09-30,Army,UTEP,-23.0,,49.0,,consensus,3
400934567,2017,7,2017-10-14,Army,Eastern Michigan,-4.5,,50.0,,consensus,3
400934568,2017,8,2017-10-21,Army,Temple,-7.0,,48.0,,consensus,3
400934569,2017,10,2017-11-04,Air Force,Army,-6.5,,54.5,,consensus,3
400934570,2017,1,2017-09-01,Army,Fordham,-18.0,,69.5,,consensus,1
400934571,2017,12,2017-11-18,North Texas,Army,-1.5,,59.5,,consensus,3
400934572,2017,15,2017-12-09,Navy,Army,-2.5,,44.5,,consensus,3
400934573,2017,1,2017-09-02,Notre Dame,Temple,-19.5,,56.5,,consensus,3
400934574,2017,3,2017-09-16,Boston College,Notre Dame,14.0,,53.0,,consensus,3
400934575,2017,4,2017-09-23,Michigan State,Notre Dame,3.5,,54.0,,consensus,3
400934576,2017,5,2017-09-30,Notre Dame,Miami (OH),-21.0,,53.5,,consensus,3
400934577,2017,6,2017-10-07,North Carolina,Notre Dame,13.0,,63.5,,consensus,3
400934578,2017,8,2017-10-21,Notre Dame,USC,-4.0,,61.5,,consensus,3
400934579,2017,9,2017-10-28,Notre Dame,NC State,-7.0,,61.0,,consensus,3
400934580,2017,10,2017-11-04,Notre Dame,Wake Forest,-16.5,,56.0,,consensus,3
400934581,2017,11,2017-11-11,Miami,Notre Dame,3.5,,59.5,,consensus,3
400934582,2017,12,2017-11-18,Notre Dame,Navy,-20.5,,58.5,,consensus,3
400934583,2017,13,2017-11-25,Stanford,Notre Dame,3.0,,57.0,,consensus,3
400935229,2017,1,2017-08-31,Indiana,Ohio State,21.0,,56.5,,consensus,3
400935230,2017,1,2017-08-31,Minnesota,Buffalo,-23.0,,51.0,,consensus,3
400935231,2017,1,2017-09-01,Wisconsin,Utah State,-27.5,,52.0,,consensus,3
400935232,2017,1,2017-09-02,Illinois,Ball State,-5.0,,55.5,,consensus,3
400935233,2017,1,2017-09-02,Iowa,Wyoming,-12.0,,51.5,,consensus,3
400935234,2017,1,2017-09-02,Michigan State,Bowling Green,-17.0,,56.0,,consensus,3
400935235,2017,1,2017-09-02,Nebraska,Arkansas State,-14.5,,50.5,,consensus,3
400935236,2017,1,2017-09-02,Northwestern,Nevada,-24.0,,60.5,,consensus,3
400935237,2017,1,2017-09-02,Penn State,Akron,-30.0,,63.5,,consensus,3
400935238,2017,1,2017-09-02,Purdue,Louisville,25.5,,67.5,,consensus,3
400935239,2017,2,2017-09-08,Purdue,Ohio,-3.0,,54.0,,consensus,3
400935240,2017,2,2017-09-09,Duke,Northwestern,1.5,,54.5,,consensus,3
400935241,2017,2,2017-09-09,Illinois,Western Kentucky,6.5,,52.0,,consensus,3
400935242,2017,2,2017-09-09,Maryland,Towson,-34.0,,,,consensus,1
400935243,2017,2,2017-09-09,Michigan,Cincinnati,-32.5,,50.5,,consensus,3
400935244,2017,2,2017-09-09,Michigan State,Western Michigan,-7.0,,51.5,,consensus,3
400935245,2017,2,2017-09-09,Penn State,Pittsburgh,-20.0,,63.5,,consensus,3
400935246,2017,2,2017-09-09,Rutgers,Eastern Michigan,-5.5,,51.5,,consensus,3
400935247,2017,1,2017-08-31,Arizona State,New Mexico State,-24.0,,69.0,,consensus,3
400935248,2017,1,2017-08-31,Utah,North Dakota,-21.0,,,,consensus,1
400935249,2017,1,2017-09-01,Colorado,Colorado State,-3.0,,69.5,,consensus,3
400935250,2017,1,2017-09-01,Rutgers,Washington,28.0,,54.5,,consensus,3
400935251,2017,1,2017-09-02,Arizona,Northern Arizona,-26.5,,,,consensus,1
400935252,2017,1,2017-09-02,USC,Western Michigan,-28.0,,59.0,,consensus,3
400935253,2017,1,2017-09-02,Oregon,Southern Utah,-39.5,,,,consensus,1
400935254,2017,1,2017-09-02,Oregon State,Portland State,-26.0,,,,consensus,1
400935255,2017,1,2017-09-02,Washington State,Montana State,-40.5,,,,consensus,1
400935256,2017,1,2017-09-02,North Carolina,California,-12.5,,57.5,,consensus,3
400935257,2017,1,2017-08-26,Rice,Stanford,33.5,,,,consensus,3
400935258,2017,2,2017-09-09,Arizona,Houston,1.5,,66.0,,consensus,3
400935259,2017,2,2017-09-09,Arizona State,San Diego State,-3.0,,54.5,,consensus,3
400935260,2017,2,2017-09-09,USC,Stanford,-4.0,,54.5,,consensus,3
400935261,2017,2,2017-09-09,UCLA,Hawai'i,-24.0,,63.5,,consensus,3
400935262,2017,2,2017-09-09,Colorado,Texas State,-36.0,,56.0,,consensus,3
400935263,2017,2,2017-09-09,BYU,Utah,4.5,,45.5,,consensus,3
400935264,2017,2,2017-09-09,Oregon,Nebraska,-10.5,,68.0,,consensus,3
400935265,2017,2,2017-09-09,Oregon State,Minnesota,-2.5,,50.5,,consensus,3
400935266,2017,2,2017-09-09,Washington,Montana,-38.5,,,,consensus,1
400935267,2017,2,2017-09-09,Washington State,Boise State,-7.5,,58.0,,consensus,3
400935268,2017,2,2017-09-09,California,Weber State,-25.5,,,,consensus,1
400935269,2017,3,2017-09-15,UTEP,Arizona,25.5,,58.5,,consensus,3
400935270,2017,3,2017-09-16,Memphis,UCLA,3.0,,72.0,,consensus,3
400935271,2017,3,2017-09-16,Colorado,Northern Colorado,-38.0,,,,consensus,1
400935272,2017,3,2017-09-16,Utah,San José State,-28.0,,59.5,,consensus,3
400935273,2017,3,2017-09-16,Wyoming,Oregon,13.5,,66.0,,consensus,3
400935274,2017,3,2017-09-16,Washington State,Oregon State,-19.5,,65.5,,consensus,3
400935275,2017,3,2017-09-16,Washington,Fresno State,-34.0,,56.5,,consensus,3
400935276,2017,3,2017-09-16,San Diego State,Stanford,9.0,,48.5,,consensus,3
400935277,2017,4,2017-09-22,Arizona,Utah,4.5,,61.0,,consensus,3
400935278,2017,4,2017-09-23,Arizona State,Oregon,14.5,,76.5,,consensus,3
400935279,2017,4,2017-09-23,California,USC,17.0,,63.0,,consensus,3
400935280,2017,4,2017-09-23,Stanford,UCLA,-6.5,,60.0,,consensus,3
400935281,2017,4,2017-09-23,Colorado,Washington,11.0,,54.5,,consensus,3
400935282,2017,1,2017-08-26,Colorado State,Oregon State,,,60.0,,consensus,3
400935283,2017,4,2017-09-23,Washington State,Nevada,-28.5,,65.5,,consensus,3
400935284,2017,5,2017-09-29,Washington State,USC,4.5,,60.0,,consensus,3
400935285,2017,5,2017-09-30,Stanford,Arizona State,-17.0,,60.5,,consensus,3
400935286,2017,5,2017-09-30,UCLA,Colorado,-7.5,,67.5,,consensus,3
400935287,2017,5,2017-09-30,Oregon,California,-17.0,,66.5,,consensus,3
400935288,2017,5,2017-09-30,Oregon State,Washington,27.5,,59.5,,consensus,3
400935289,2017,6,2017-10-07,Colorado,Arizona,-7.0,,58.5,,consensus,3
400935290,2017,6,2017-10-07,USC,Oregon State,-33.0,,57.0,,consensus,3
400935291,2017,6,2017-10-07,Utah,Stanford,3.0,,51.5,,consensus,3
400935292,2017,6,2017-10-07,Oregon,Washington State,1.5,,61.0,,consensus,3
400935293,2017,6,2017-10-07,Washington,California,-28.5,,55.5,,consensus,3
400935294,2017,7,2017-10-13,California,Washington State,16.5,,54.5,,consensus,3
400935295,2017,7,2017-10-14,Arizona,UCLA,3.0,,76.5,,consensus,3
400935296,2017,7,2017-10-14,Arizona State,Washington,18.0,,60.0,,consensus,3
400935297,2017,7,2017-10-14,USC,Utah,-13.0,,52.0,,consensus,3
400935298,2017,7,2017-10-14,Oregon State,Colorado,9.5,,56.0,,consensus,3
400935299,2017,7,2017-10-14,Stanford,Oregon,-10.0,,57.0,,consensus,3
400935300,2017,8,2017-10-21,California,Arizona,4.5,,66.5,,consensus,3
400935301,2017,8,2017-10-21,Utah,Arizona State,-10.0,,54.5,,consensus,3
400935302,2017,8,2017-10-21,UCLA,Oregon,-6.5,,68.0,,consensus,3
400935303,2017,8,2017-10-21,Washington State,Colorado,-9.0,,52.5,,consensus,3
400935304,2017,9,2017-10-26,Oregon State,Stanford,18.0,,56.5,,consensus,3
400935305,2017,9,2017-10-28,Arizona,Washington State,-1.0,,63.0,,consensus,3
400935306,2017,9,2017-10-28,Arizona State,USC,4.5,,58.5,,consensus,3
400935307,2017,9,2017-10-28,Washington,UCLA,-18.0,,58.5,,consensus,3
400935308,2017,9,2017-10-28,Colorado,California,-3.5,,55.5,,consensus,3
400935309,2017,9,2017-10-28,Oregon,Utah,2.0,,49.5,,consensus,3
400935310,2017,10,2017-11-03,Utah,UCLA,-9.0,,54.0,,consensus,3
400935311,2017,10,2017-11-04,USC,Arizona,-6.5,,76.0,,consensus,3
400935312,2017,10,2017-11-04,Arizona State,Colorado,-6.5,,58.5,,consensus,3
400935313,2017,10,2017-11-04,Washington,Oregon,-17.5,,53.0,,consensus,3
400935314,2017,10,2017-11-04,California,Oregon State,-7.0,,54.0,,consensus,3
400935315,2017,10,2017-11-04,Washington State,Stanford,1.5,,56.0,,consensus,3
400935316,2017,11,2017-11-10,Stanford,Washington,7.0,,50.0,,consensus,3
400935317,2017,11,2017-11-11,Arizona,Oregon State,-21.0,,69.5,,consensus,3
400935318,2017,11,2017-11-11,UCLA,Arizona State,-3.0,,66.0,,consensus,3
400935319,2017,11,2017-11-11,Colorado,USC,14.0,,63.0,,consensus,3
400935320,2017,11,2017-11-11,Utah,Washington State,1.0,,50.5,,consensus,3
400935321,2017,12,2017-11-18,Oregon,Arizona,-3.0,,77.5,,consensus,3
400935322,2017,12,2017-11-18,Oregon State,Arizona State,7.5,,59.0,,consensus,3
400935323,2017,12,2017-11-18,USC,UCLA,-14.5,,70.5,,consensus,3
400935324,2017,12,2017-11-18,Washington,Utah,-17.5,,47.5,,consensus,3
400935325,2017,12,2017-11-18,Stanford,California,-14.0,,56.5,,consensus,3
400935326,2017,13,2017-11-24,UCLA,California,-7.0,,66.5,,consensus,3
400935327,2017,13,2017-11-25,Oregon,Oregon State,-25.5,,63.0,,consensus,3
400935328,2017,13,2017-11-25,Arizona State,Arizona,2.0,,76.0,,consensus,3
400935329,2017,13,2017-11-25,Utah,Colorado,-9.5,,57.0,,consensus,3
400935330,2017,13,2017-11-25,Washington,Washington State,-9.5,,50.5,,consensus,3
400935347,2017,2,2017-09-09,Virginia,Indiana,3.5,,56.0,,consensus,3
400935348,2017,2,2017-09-09,Wisconsin,Florida Atlantic,-34.5,,59.5,,consensus,3
400935349,2017,3,2017-09-16,BYU,Wisconsin,14.0,,42.0,,consensus,3
400935351,2017,3,2017-09-16,Iowa,North Texas,-20.0,,52.0,,consensus,3
400935352,2017,3,2017-09-16,Michigan,Air Force,-23.0,,53.0,,consensus,3
400935353,2017,3,2017-09-16,Minnesota,Middle Tennessee,-13.5,,49.5,,consensus,3
400935354,2017,3,2017-09-16,Nebraska,Northern Illinois,-10.5,,56.5,,consensus,3
400935355,2017,3,2017-09-16,Northwestern,Bowling Green,-21.0,,56.5,,consensus,3
400935356,2017,3,2017-09-16,Penn State,Georgia State,-37.5,,54.5,,consensus,3
400935357,2017,3,2017-09-16,Rutgers,Morgan State,-41.0,,,,consensus,1
400935359,2017,4,2017-09-23,Indiana,Georgia Southern,-22.0,,50.5,,consensus,2
400935360,2017,4,2017-09-23,Iowa,Penn State,13.0,,53.0,,consensus,3
400935361,2017,4,2017-09-23,Maryland,UCF,-4.5,,61.5,,consensus,3
400935362,2017,4,2017-09-23,Nebraska,Rutgers,-11.0,,47.5,,consensus,3
400935363,2017,4,2017-09-23,Ohio State,UNLV,-40.0,,67.5,,consensus,3
400935364,2017,4,2017-09-23,Purdue,Michigan,13.0,,51.0,,consensus,3
400935365,2017,5,2017-09-29,Illinois,Nebraska,6.5,,47.5,,consensus,3
400935366,2017,5,2017-09-30,Michigan State,Iowa,-3.5,,44.5,,consensus,3
400935367,2017,5,2017-09-30,Minnesota,Maryland,-13.5,,45.0,,consensus,3
400935368,2017,5,2017-09-30,Penn State,Indiana,-19.5,,63.0,,consensus,3
400935369,2017,5,2017-09-30,Rutgers,Ohio State,28.5,,54.5,,consensus,3
400935370,2017,5,2017-09-30,Wisconsin,Northwestern,-16.5,,50.5,,consensus,3
400935371,2017,6,2017-10-07,Iowa,Illinois,-16.0,,42.5,,consensus,3
400935372,2017,6,2017-10-07,Michigan,Michigan State,-12.5,,40.0,,consensus,3
400935373,2017,6,2017-10-07,Nebraska,Wisconsin,12.5,,47.0,,consensus,3
400935374,2017,6,2017-10-07,Northwestern,Penn State,14.5,,51.5,,consensus,3
400935375,2017,6,2017-10-07,Ohio State,Maryland,-30.0,,61.0,,consensus,3
400935376,2017,6,2017-10-07,Purdue,Minnesota,-3.5,,45.5,,consensus,3
400935377,2017,7,2017-10-14,Maryland,Northwestern,2.5,,50.0,,consensus,3
400935378,2017,7,2017-10-14,Illinois,Rutgers,-1.0,,47.0,,consensus,3
400935379,2017,7,2017-10-14,Indiana,Michigan,7.0,,44.0,,consensus,2
400935380,2017,7,2017-10-14,Minnesota,Michigan State,4.0,,40.5,,consensus,3
400935381,2017,7,2017-10-14,Nebraska,Ohio State,24.0,,58.0,,consensus,3
400935382,2017,7,2017-10-14,Wisconsin,Purdue,-17.0,,49.5,,consensus,3
400935383,2017,8,2017-10-21,Michigan State,Indiana,-6.5,,47.5,,consensus,3
400935384,2017,8,2017-10-21,Minnesota,Illinois,-14.5,,48.5,,consensus,3
400935385,2017,8,2017-10-21,Northwestern,Iowa,-2.5,,45.5,,consensus,3
400935386,2017,8,2017-10-21,Penn State,Michigan,-7.5,,42.5,,consensus,3
400935387,2017,8,2017-10-21,Rutgers,Purdue,9.5,,50.0,,consensus,3
400935388,2017,8,2017-10-21,Wisconsin,Maryland,-24.0,,50.5,,consensus,3
400935389,2017,9,2017-10-28,Northwestern,Michigan State,2.0,,41.5,,consensus,3
400935390,2017,9,2017-10-28,Illinois,Wisconsin,28.5,,51.0,,consensus,3
400935391,2017,9,2017-10-28,Iowa,Minnesota,-7.0,,43.0,,consensus,3
400935392,2017,9,2017-10-28,Maryland,Indiana,6.5,,51.5,,consensus,3
400935393,2017,9,2017-10-28,Michigan,Rutgers,-22.5,,43.5,,consensus,3
400935394,2017,9,2017-10-28,Ohio State,Penn State,-7.0,,57.5,,consensus,3
400935395,2017,9,2017-10-28,Purdue,Nebraska,-4.0,,53.0,,consensus,3
400935396,2017,10,2017-11-04,Indiana,Wisconsin,11.5,,49.5,,consensus,2
400935397,2017,10,2017-11-04,Iowa,Ohio State,21.0,,55.0,,consensus,3
400935398,2017,10,2017-11-04,Michigan,Minnesota,-16.0,,39.5,,consensus,3
400935399,2017,10,2017-11-04,Michigan State,Penn State,10.0,,46.0,,consensus,3
400935400,2017,10,2017-11-04,Nebraska,Northwestern,-1.0,,55.5,,consensus,3
400935401,2017,10,2017-11-04,Purdue,Illinois,-14.0,,50.0,,consensus,3
400935402,2017,10,2017-11-04,Rutgers,Maryland,4.5,,50.5,,consensus,3
400935403,2017,11,2017-11-11,Illinois,Indiana,10.0,,51.5,,consensus,3
400935404,2017,11,2017-11-11,Maryland,Michigan,16.5,,48.5,,consensus,3
400935405,2017,11,2017-11-11,Minnesota,Nebraska,-1.5,,47.5,,consensus,3
400935406,2017,11,2017-11-11,Northwestern,Purdue,-6.0,,49.5,,consensus,3
400935407,2017,11,2017-11-11,Ohio State,Michigan State,-17.5,,56.5,,consensus,3
400935408,2017,11,2017-11-11,Penn State,Rutgers,-31.5,,56.5,,consensus,3
400935409,2017,11,2017-11-11,Wisconsin,Iowa,-11.5,,45.0,,consensus,3
400935410,2017,12,2017-11-18,Indiana,Rutgers,-11.0,,46.5,,consensus,2
400935411,2017,12,2017-11-18,Iowa,Purdue,-6.0,,42.5,,consensus,3
400935412,2017,12,2017-11-18,Michigan State,Maryland,-14.0,,44.5,,consensus,3
400935413,2017,12,2017-11-18,Northwestern,Minnesota,-7.0,,40.5,,consensus,3
400935414,2017,12,2017-11-18,Ohio State,Illinois,-41.0,,54.5,,consensus,3
400935415,2017,12,2017-11-18,Penn State,Nebraska,-27.5,,59.0,,consensus,3
400935416,2017,12,2017-11-18,Wisconsin,Michigan,-6.5,,40.5,,consensus,3
400935417,2017,13,2017-11-24,Nebraska,Iowa,5.0,,50.5,,consensus,3
400935418,2017,13,2017-11-25,Illinois,Northwestern,16.5,,46.0,,consensus,3
400935419,2017,13,2017-11-25,Maryland,Penn State,23.5,,57.5,,consensus,3
400935420,2017,13,2017-11-25,Michigan,Ohio State,12.5,,49.0,,consensus,3
400935421,2017,13,2017-11-25,Minnesota,Wisconsin,18.5,,43.5,,consensus,3
400935422,2017,13,2017-11-25,Purdue,Indiana,-1.5,,51.0,,consensus,3
400935423,2017,13,2017-11-25,Rutgers,Michigan State,14.0,,42.5,,consensus,3
400937445,2017,1,2017-08-31,Wake Forest,Presbyterian,-42.5,,,,consensus,1
400937446,2017,1,2017-09-01,Northern Illinois,Boston College,3.5,,47.0,,consensus,3
400937447,2017,1,2017-09-02,Clemson,Kent State,-38.0,,52.0,,consensus,3
400937448,2017,1,2017-09-02,Duke,North Carolina Central,-36.0,,,,consensus,1
400937449,2017,1,2017-09-02,Miami,Bethune-Cookman,-48.0,,61.5,,consensus,1
400937450,2017,1,2017-09-02,Pittsburgh,Youngstown State,-13.0,,64.5,,consensus,1
400937451,2017,1,2017-09-01,Syracuse,Central Connecticut,-46.0,,,,consensus,1
400937452,2017,1,2017-09-02,Virginia,William & Mary,-28.0,,,,consensus,1
400937453,2017,2,2017-09-09,Boston College,Wake Forest,-1.0,,45.5,,consensus,3
400937455,2017,2,2017-09-09,Georgia Tech,Jacksonville State,-16.5,,,,consensus,1
400937456,2017,2,2017-09-09,North Carolina,Louisville,11.5,,65.5,,consensus,3
400937458,2017,2,2017-09-09,NC State,Marshall,-21.0,,55.0,,consensus,3
400937459,2017,2,2017-09-09,Syracuse,Middle Tennessee,-7.5,,73.0,,consensus,3
400937460,2017,2,2017-09-09,Virginia Tech,Delaware,-41.0,,,,consensus,1
400937461,2017,3,2017-09-16,Louisville,Clemson,3.0,,61.0,,consensus,3
400937464,2017,3,2017-09-16,Old Dominion,North Carolina,11.5,,56.0,,consensus,3
400937465,2017,3,2017-09-16,NC State,Furman,-37.0,,,,consensus,1
400937466,2017,3,2017-09-16,Syracuse,Central Michigan,-7.5,,67.0,,consensus,3
400937467,2017,3,2017-09-16,Virginia,UConn,-11.0,,51.0,,consensus,3
400937468,2017,3,2017-09-16,East Carolina,Virginia Tech,27.0,,60.5,,consensus,3
400937469,2017,3,2017-09-16,Wake Forest,Utah State,-14.0,,51.5,,consensus,3
400937470,2017,4,2017-09-23,Clemson,Boston College,-33.5,,53.0,,consensus,3
400937471,2017,4,2017-09-23,North Carolina,Duke,-1.5,,61.0,,consensus,3
400937472,2017,4,2017-09-23,Florida State,NC State,-11.5,,50.0,,consensus,3
400937473,2017,4,2017-09-23,Georgia Tech,Pittsburgh,-7.5,,55.0,,consensus,3
400937474,2017,4,2017-09-23,Louisville,Kent State,-41.5,,56.0,,consensus,3
400937475,2017,4,2017-09-23,Miami,Toledo,-13.5,,61.0,,consensus,3
400937477,2017,4,2017-09-23,Virginia Tech,Old Dominion,-28.5,,52.5,,consensus,3
400937478,2017,4,2017-09-23,App State,Wake Forest,5.5,,48.5,,consensus,3
400937479,2017,5,2017-09-29,Duke,Miami,5.5,,55.5,,consensus,3
400937480,2017,5,2017-09-30,Boston College,Central Michigan,-10.5,,51.5,,consensus,3
400937481,2017,5,2017-09-30,Virginia Tech,Clemson,7.0,,48.0,,consensus,3
400937482,2017,5,2017-09-30,Wake Forest,Florida State,7.5,,46.5,,consensus,3
400937483,2017,5,2017-09-30,Georgia Tech,North Carolina,-10.0,,58.5,,consensus,3
400937484,2017,5,2017-09-30,Louisville,Murray State,-49.0,,63.5,,consensus,1
400937485,2017,5,2017-09-30,NC State,Syracuse,-14.0,,62.0,,consensus,3
400937486,2017,5,2017-09-30,Pittsburgh,Rice,-20.5,,52.0,,consensus,3
400937487,2017,6,2017-10-05,NC State,Louisville,3.5,,67.0,,consensus,3
400937488,2017,6,2017-10-07,Boston College,Virginia Tech,16.5,,47.0,,consensus,3
400937489,2017,6,2017-10-07,Clemson,Wake Forest,-21.0,,50.5,,consensus,3
400937490,2017,6,2017-10-07,Virginia,Duke,1.5,,53.0,,consensus,3
400937491,2017,6,2017-10-07,Syracuse,Pittsburgh,-3.0,,63.0,,consensus,3
400937493,2017,7,2017-10-13,Syracuse,Clemson,24.0,,58.0,,consensus,3
400937494,2017,7,2017-10-14,Louisville,Boston College,-20.0,,60.0,,consensus,3
400937495,2017,7,2017-10-14,Duke,Florida State,7.0,,45.5,,consensus,3
400937496,2017,7,2017-10-14,North Carolina,Virginia,3.0,,54.5,,consensus,3
400937497,2017,7,2017-10-14,Pittsburgh,NC State,11.0,,55.0,,consensus,3
400937498,2017,8,2017-10-21,Virginia,Boston College,-6.5,,48.5,,consensus,3
400937499,2017,8,2017-10-21,Duke,Pittsburgh,-9.0,,49.5,,consensus,3
400937500,2017,8,2017-10-21,Florida State,Louisville,-7.0,,58.0,,consensus,3
400937501,2017,8,2017-10-21,Georgia Tech,Wake Forest,-3.5,,49.0,,consensus,3
400937502,2017,8,2017-10-21,Miami,Syracuse,-17.5,,62.0,,consensus,3
400937503,2017,8,2017-10-21,Virginia Tech,North Carolina,-20.0,,52.5,,consensus,3
400937504,2017,9,2017-10-27,Boston College,Florida State,6.0,,46.5,,consensus,3
400937505,2017,9,2017-10-28,Clemson,Georgia Tech,-14.0,,49.5,,consensus,3
400937506,2017,9,2017-10-28,Virginia Tech,Duke,-17.0,,48.0,,consensus,3
400937507,2017,9,2017-10-28,Wake Forest,Louisville,3.0,,66.5,,consensus,3
400937508,2017,9,2017-10-28,North Carolina,Miami,21.0,,56.0,,consensus,3
400937509,2017,9,2017-10-28,Pittsburgh,Virginia,-1.0,,49.0,,consensus,3
400937510,2017,10,2017-11-04,NC State,Clemson,9.5,,51.0,,consensus,3
400937511,2017,10,2017-11-04,Florida State,Syracuse,-7.5,,50.5,,consensus,3
400937512,2017,10,2017-11-04,Virginia,Georgia Tech,8.5,,50.0,,consensus,3
400937513,2017,10,2017-11-04,Miami,Virginia Tech,-2.0,,48.5,,consensus,3
400937514,2017,11,2017-11-09,Pittsburgh,North Carolina,-10.0,,50.5,,consensus,3
400937515,2017,11,2017-11-11,Boston College,NC State,3.0,,54.5,,consensus,3
400937516,2017,11,2017-11-11,Clemson,Florida State,-16.5,,44.5,,consensus,3
400937517,2017,11,2017-11-11,Georgia Tech,Virginia Tech,3.0,,48.0,,consensus,3
400937518,2017,11,2017-11-11,Louisville,Virginia,-14.0,,66.5,,consensus,3
400937519,2017,11,2017-11-11,Syracuse,Wake Forest,2.5,,64.5,,consensus,3
400937520,2017,12,2017-11-18,UConn,Boston College,21.0,,51.0,,consensus,3
400937521,2017,12,2017-11-18,Clemson,The Citadel,-47.5,,,,consensus,1
400937522,2017,12,2017-11-18,Duke,Georgia Tech,6.5,,49.0,,consensus,3
400937523,2017,12,2017-11-18,Florida State,Delaware State,-52.0,,,,consensus,1
400937524,2017,12,2017-11-18,Louisville,Syracuse,-15.0,,69.0,,consensus,3
400937525,2017,12,2017-11-18,Miami,Virginia,-20.0,,50.5,,consensus,3
400937526,2017,12,2017-11-18,North Carolina,Western Carolina,-21.0,,,,consensus,1
400937527,2017,12,2017-11-18,Wake Forest,NC State,-3.0,,62.0,,consensus,3
400937528,2017,12,2017-11-18,Virginia Tech,Pittsburgh,-14.0,,49.5,,consensus,3
400937529,2017,13,2017-11-24,Pittsburgh,Miami,12.0,,54.0,,consensus,3
400937530,2017,13,2017-11-24,Virginia,Virginia Tech,7.0,,48.0,,consensus,3
400937531,2017,13,2017-11-25,Syracuse,Boston College,4.0,,56.5,,consensus,3
400937532,2017,13,2017-11-25,Wake Forest,Duke,-10.5,,59.0,,consensus,3
400937533,2017,13,2017-11-25,NC State,North Carolina,-14.5,,57.0,,consensus,3
400938591,2017,1,2017-08-31,UCF,Florida International,-17.0,,56.5,,consensus,3
400938592,2017,1,2017-09-01,Florida Atlantic,Navy,9.0,,64.0,,consensus,3
400938593,2017,1,2017-09-02,Louisiana Tech,Northwestern State,-39.5,,,,consensus,1
400938594,2017,1,2017-09-02,Marshall,Miami (OH),4.0,,48.0,,consensus,3
400938595,2017,1,2017-09-02,North Texas,Lamar,-18.0,,,,consensus,1
400938596,2017,1,2017-09-02,Old Dominion,UAlbany,-24.5,,,,consensus,1
400938597,2017,1,2017-09-02,UAB,Alabama A&M,-28.0,,,,consensus,1
400938599,2017,1,2017-09-02,Western Kentucky,Eastern Kentucky,-39.0,,,,consensus,1
400938600,2017,2,2017-09-08,Florida International,Alcorn State,-20.0,,,,consensus,1
400938601,2017,2,2017-09-09,SMU,North Texas,-13.0,,64.5,,consensus,3
400938602,2017,2,2017-09-09,Massachusetts,Old Dominion,3.5,,60.5,,consensus,3
400938603,2017,2,2017-09-09,UTEP,Rice,-1.0,,55.5,,consensus,3
400938604,2017,2,2017-09-09,Southern Miss,Southern,-28.5,,,,consensus,1
400938605,2017,2,2017-09-09,Ball State,UAB,-14.0,,54.0,,consensus,3
400938606,2017,3,2017-09-16,Charlotte,North Carolina A&T,-13.0,,,,consensus,1
400938607,2017,3,2017-09-16,Florida Atlantic,Bethune-Cookman,-20.0,,,,consensus,1
400938608,2017,3,2017-09-16,Western Kentucky,Louisiana Tech,-4.5,,62.0,,consensus,3
400938609,2017,3,2017-09-16,Marshall,Kent State,-14.0,,50.0,,consensus,3
400938610,2017,3,2017-09-16,Houston,Rice,-23.0,,53.5,,consensus,3
400938611,2017,3,2017-09-16,UL Monroe,Southern Miss,7.0,,55.5,,consensus,3
400938612,2017,3,2017-09-16,UAB,Coastal Carolina,-1.0,,53.5,,consensus,2
400938613,2017,3,2017-09-16,UTSA,Southern,-35.0,,,,consensus,1
400938614,2017,4,2017-09-23,Charlotte,Georgia State,-1.0,,50.0,,consensus,3
400938615,2017,4,2017-09-23,Rice,Florida International,-1.0,,52.5,,consensus,3
400938616,2017,4,2017-09-23,Buffalo,Florida Atlantic,-2.0,,59.0,,consensus,3
400938617,2017,4,2017-09-23,Middle Tennessee,Bowling Green,-7.0,,54.0,,consensus,3
400938618,2017,4,2017-09-23,North Texas,UAB,-10.0,,60.5,,consensus,3
400938619,2017,4,2017-09-23,New Mexico State,UTEP,-17.5,,59.0,,consensus,3
400938620,2017,4,2017-09-23,Texas State,UTSA,13.5,,45.0,,consensus,3
400938621,2017,4,2017-09-23,Western Kentucky,Ball State,-12.5,,50.5,,consensus,3
400938622,2017,5,2017-09-30,Florida International,Charlotte,-10.0,,48.0,,consensus,3
400938623,2017,5,2017-09-30,Florida Atlantic,Middle Tennessee,-2.5,,60.0,,consensus,3
400938624,2017,5,2017-09-30,Louisiana Tech,South Alabama,-11.5,,57.5,,consensus,3
400938625,2017,5,2017-09-30,Cincinnati,Marshall,-3.0,,52.5,,consensus,3
400938626,2017,5,2017-09-30,Southern Miss,North Texas,-8.0,,56.5,,consensus,3
400938627,2017,6,2017-10-07,Charlotte,Marshall,14.5,,51.0,,consensus,3
400938628,2017,6,2017-10-07,Middle Tennessee,Florida International,-9.0,,53.5,,consensus,3
400938629,2017,6,2017-10-07,Old Dominion,Florida Atlantic,5.5,,57.5,,consensus,3
400938630,2017,6,2017-10-07,UAB,Louisiana Tech,9.5,,65.5,,consensus,3
400938631,2017,6,2017-10-07,UTEP,Western Kentucky,16.5,,53.5,,consensus,3
400938632,2017,7,2017-10-14,Western Kentucky,Charlotte,-17.5,,47.5,,consensus,3
400938633,2017,7,2017-10-14,Florida International,Tulane,12.5,,51.0,,consensus,3
400938634,2017,7,2017-10-14,Marshall,Old Dominion,-12.5,,48.0,,consensus,3
400938635,2017,7,2017-10-14,UAB,Middle Tennessee,4.5,,55.0,,consensus,3
400938636,2017,7,2017-10-14,North Texas,UTSA,2.5,,58.5,,consensus,3
400938637,2017,7,2017-10-14,Southern Miss,UTEP,-23.0,,52.5,,consensus,3
400938638,2017,8,2017-10-21,Charlotte,UAB,9.5,,52.5,,consensus,3
400938639,2017,8,2017-10-21,Florida Atlantic,North Texas,-3.5,,66.5,,consensus,3
400938640,2017,8,2017-10-21,Louisiana Tech,Southern Miss,-1.5,,55.5,,consensus,3
400938641,2017,8,2017-10-20,Old Dominion,Western Kentucky,6.5,,50.0,,consensus,3
400938642,2017,8,2017-10-21,UTSA,Rice,-20.0,,53.0,,consensus,3
400938643,2017,9,2017-10-28,Marshall,Florida International,-14.5,,47.5,,consensus,3
400938644,2017,9,2017-10-28,Western Kentucky,Florida Atlantic,6.5,,67.5,,consensus,3
400938645,2017,9,2017-10-28,Rice,Louisiana Tech,12.0,,51.5,,consensus,3
400938646,2017,9,2017-10-28,North Texas,Old Dominion,-11.5,,58.5,,consensus,3
400938647,2017,9,2017-10-28,Southern Miss,UAB,-11.0,,50.5,,consensus,3
400938648,2017,9,2017-10-28,UTEP,UTSA,15.5,,47.5,,consensus,3
400938649,2017,10,2017-11-04,Old Dominion,Charlotte,-10.0,,50.0,,consensus,3
400938650,2017,10,2017-11-04,Florida International,UTSA,6.5,,51.5,,consensus,3
400938651,2017,10,2017-11-04,Louisiana Tech,North Texas,-1.5,,67.0,,consensus,3
400938652,2017,10,2017-11-04,Middle Tennessee,UTEP,-20.0,,50.0,,consensus,3
400938653,2017,10,2017-11-04,UAB,Rice,-9.0,,49.5,,consensus,3
400938654,2017,11,2017-11-11,Charlotte,Middle Tennessee,15.5,,49.5,,consensus,3
400938655,2017,11,2017-11-11,Florida International,Old Dominion,-10.0,,47.5,,consensus,3
400938656,2017,11,2017-11-11,Louisiana Tech,Florida Atlantic,3.5,,68.5,,consensus,3
400938657,2017,11,2017-11-11,Marshall,Western Kentucky,-10.5,,53.0,,consensus,3
400938658,2017,11,2017-11-11,North Texas,UTEP,-24.0,,53.5,,consensus,3
400938659,2017,11,2017-11-11,Rice,Southern Miss,11.0,,49.0,,consensus,3
400938660,2017,11,2017-11-11,UTSA,UAB,-7.0,,50.0,,consensus,3
400938661,2017,12,2017-11-18,Southern Miss,Charlotte,-18.5,,48.5,,consensus,3
400938662,2017,12,2017-11-18,Florida Atlantic,Florida International,-14.5,,65.5,,consensus,3
400938663,2017,12,2017-11-18,UTEP,Louisiana Tech,16.5,,48.5,,consensus,3
400938664,2017,12,2017-11-18,UTSA,Marshall,-3.0,,45.0,,consensus,3
400938665,2017,12,2017-11-17,Western Kentucky,Middle Tennessee,1.0,,56.0,,consensus,3
400938666,2017,12,2017-11-18,Old Dominion,Rice,-7.0,,53.0,,consensus,3
400938667,2017,13,2017-11-25,Charlotte,Florida Atlantic,24.5,,65.0,,consensus,3
400938668,2017,13,2017-11-24,Florida International,Western Kentucky,3.0,,56.5,,consensus,3
400938669,2017,13,2017-11-25,Louisiana Tech,UTSA,1.0,,52.5,,consensus,3
400938670,2017,13,2017-11-25,Marshall,Southern Miss,-1.5,,47.5,,consensus,3
400938671,2017,13,2017-11-25,Middle Tennessee,Old Dominion,-13.0,,51.5,,consensus,3
400938672,2017,13,2017-11-25,Rice,North Texas,12.5,,62.5,,consensus,3
400938673,2017,13,2017-11-25,UAB,UTEP,-21.0,,48.0,,consensus,3
400938674,2017,8,2017-10-20,Middle Tennessee,Marshall,1.5,,49.0,,consensus,3
400938675,2017,10,2017-11-03,Florida Atlantic,Marshall,-6.5,,63.0,,consensus,3
400938676,2017,6,2017-10-07,UTSA,Southern Miss,-10.5,,50.0,,consensus,3
400938887,2017,1,2017-08-26,Massachusetts,Hawai'i,,,60.0,,consensus,3
400938888,2017,1,2017-09-02,Coastal Carolina,Massachusetts,2.5,,56.5,,consensus,2
400938890,2017,5,2017-09-30,Massachusetts,Ohio,4.5,,53.0,,consensus,3
400938892,2017,8,2017-10-21,Massachusetts,Georgia Southern,-7.5,,54.5,,consensus,3
400938893,2017,9,2017-10-28,Massachusetts,App State,4.0,,57.0,,consensus,3
400938894,2017,11,2017-11-11,Massachusetts,Maine,-16.5,,,,consensus,1
400938895,2017,12,2017-11-18,BYU,Massachusetts,-3.5,,51.5,,consensus,3
400941786,2017,1,2017-08-26,San José State,South Florida,,,69.5,,consensus,3
400941787,2017,1,2017-08-31,Cincinnati,Austin Peay,-43.0,,,,consensus,1
400941788,2017,1,2017-08-31,UConn,Holy Cross,-22.5,,,,consensus,1
400941789,2017,1,2017-08-31,Memphis,UL Monroe,-27.0,,61.5,,consensus,3
400941790,2017,1,2017-09-02,East Carolina,James Madison,2.5,,,,consensus,1
400941791,2017,1,2017-09-02,South Florida,Stony Brook,-36.0,,,,consensus,1
400941792,2017,1,2017-09-02,SMU,Stephen F. Austin,-30.0,,,,consensus,1
400941793,2017,1,2017-09-02,Tulane,Grambling,-21.0,,,,consensus,1
400941794,2017,2,2017-09-09,Navy,Tulane,-8.5,,49.5,,consensus,3
400941797,2017,2,2017-09-09,Temple,Villanova,-17.0,,,,consensus,1
400941798,2017,2,2017-09-09,Tulsa,Louisiana,-14.0,,59.0,,consensus,3
400941799,2017,3,2017-09-15,South Florida,Illinois,-16.5,,55.5,,consensus,3
400941800,2017,3,2017-09-15,Temple,Massachusetts,-14.5,,52.5,,consensus,3
400941801,2017,3,2017-09-16,Miami (OH),Cincinnati,-3.5,,49.0,,consensus,3
400941802,2017,3,2017-09-16,Toledo,Tulsa,-7.0,,74.0,,consensus,3
400941803,2017,4,2017-09-21,South Florida,Temple,-18.0,,61.5,,consensus,3
400941804,2017,4,2017-09-23,Navy,Cincinnati,-8.5,,52.5,,consensus,3
400941805,2017,4,2017-09-23,Memphis,Southern Illinois,-29.5,,,,consensus,1
400941806,2017,4,2017-09-23,SMU,Arkansas State,-3.0,,72.0,,consensus,3
400941807,2017,4,2017-09-23,Tulsa,New Mexico,-9.0,,68.5,,consensus,3
400941809,2017,5,2017-09-30,SMU,UConn,-16.5,,75.0,,consensus,3
400941810,2017,5,2017-09-30,East Carolina,South Florida,22.5,,73.0,,consensus,3
400941811,2017,5,2017-09-30,Temple,Houston,11.0,,44.5,,consensus,3
400941813,2017,5,2017-09-30,Tulsa,Navy,7.5,,70.5,,consensus,3
400941814,2017,6,2017-10-06,UConn,Memphis,16.0,,76.0,,consensus,3
400941815,2017,6,2017-10-07,Navy,Air Force,-8.5,,53.5,,consensus,3
400941816,2017,6,2017-10-07,Cincinnati,UCF,15.0,,53.5,,teamrankings,2
400941817,2017,6,2017-10-07,East Carolina,Temple,3.5,,59.0,,consensus,3
400941818,2017,6,2017-10-07,Houston,SMU,-10.0,,60.5,,consensus,3
400941819,2017,6,2017-10-07,Tulane,Tulsa,-6.0,,54.0,,consensus,3
400941820,2017,7,2017-10-14,UCF,East Carolina,-35.0,,70.0,,consensus,3
400941821,2017,7,2017-10-14,Temple,UConn,-10.5,,57.5,,consensus,3
400941822,2017,7,2017-10-14,Tulsa,Houston,13.5,,63.5,,consensus,3
400941823,2017,7,2017-10-14,Memphis,Navy,-3.5,,73.0,,consensus,3
400941824,2017,8,2017-10-19,Houston,Memphis,-1.0,,61.0,,consensus,3
400941825,2017,8,2017-10-21,Navy,UCF,9.5,,65.5,,consensus,3
400941826,2017,8,2017-10-21,Cincinnati,SMU,6.0,,66.0,,consensus,3
400941827,2017,8,2017-10-21,UConn,Tulsa,4.0,,77.0,,consensus,3
400941828,2017,8,2017-10-21,East Carolina,BYU,5.5,,55.0,,consensus,3
400941829,2017,8,2017-10-21,Tulane,South Florida,11.0,,54.0,,consensus,3
400941830,2017,9,2017-10-27,Memphis,Tulane,-11.5,,61.5,,consensus,3
400941831,2017,9,2017-10-27,SMU,Tulsa,-11.5,,76.5,,consensus,3
400941832,2017,7,2017-10-14,South Florida,Cincinnati,-24.0,,63.0,,consensus,3
400941833,2017,10,2017-11-04,Houston,East Carolina,-23.5,,62.5,,consensus,3
400941834,2017,10,2017-11-02,Temple,Navy,6.5,,51.5,,consensus,3
400941835,2017,10,2017-11-03,Tulsa,Memphis,14.5,,81.0,,consensus,3
400941836,2017,10,2017-11-04,SMU,UCF,14.0,,75.0,,consensus,3
400941837,2017,10,2017-11-04,Tulane,Cincinnati,-5.5,,54.5,,consensus,3
400941838,2017,4,2017-09-24,UConn,East Carolina,-5.0,,63.5,,consensus,3
400941839,2017,9,2017-10-28,South Florida,Houston,-10.0,,55.0,,consensus,3
400941840,2017,11,2017-11-10,Cincinnati,Temple,3.0,,49.5,,consensus,3
400941841,2017,11,2017-11-11,Navy,SMU,-1.5,,66.0,,consensus,3
400941842,2017,11,2017-11-11,UCF,UConn,-38.0,,64.0,,consensus,3
400941843,2017,11,2017-11-11,East Carolina,Tulane,6.5,,64.0,,consensus,3
400941844,2017,12,2017-11-18,Temple,UCF,13.0,,59.5,,consensus,3
400941845,2017,12,2017-11-18,East Carolina,Cincinnati,4.5,,67.5,,consensus,3
400941846,2017,12,2017-11-18,Tulane,Houston,9.5,,48.0,,consensus,3
400941847,2017,12,2017-11-18,Memphis,SMU,-10.5,,71.5,,consensus,3
400941848,2017,12,2017-11-16,South Florida,Tulsa,-23.5,,65.5,,consensus,3
400941849,2017,13,2017-11-24,UCF,South Florida,-10.0,,64.5,,consensus,3
400941850,2017,13,2017-11-24,Houston,Navy,-6.5,,55.0,,consensus,3
400941851,2017,13,2017-11-25,Cincinnati,UConn,-6.0,,59.0,,consensus,3
400941852,2017,13,2017-11-25,Memphis,East Carolina,-29.5,,81.0,,consensus,3
400941853,2017,13,2017-11-25,Tulsa,Temple,4.5,,56.5,,consensus,3
400941854,2017,13,2017-11-25,SMU,Tulane,-7.5,,65.0,,consensus,3
400944818,2017,4,2017-09-23,Troy,Akron,-17.0,,55.5,,consensus,3
400944826,2017,1,2017-08-31,Georgia State,Tennessee State,-15.0,,,,consensus,1
400944827,2017,1,2017-08-31,Idaho,Sacramento State,-23.5,,,,consensus,1
400944828,2017,1,2017-09-02,Louisiana,SE Louisiana,-14.5,,,,consensus,1
400944829,2017,1,2017-09-02,Texas State,Houston Christian,-17.0,,,,consensus,1
400944830,2017,1,2017-09-02,Boise State,Troy,-11.0,,59.0,,consensus,3
400944831,2017,2,2017-09-09,App State,Savannah State,-50.5,,,,consensus,1
400944832,2017,2,2017-09-09,Georgia Southern,New Hampshire,-7.5,,,,consensus,1
400944833,2017,2,2017-09-09,Idaho,UNLV,-4.5,,69.5,,consensus,3
400944834,2017,2,2017-09-09,New Mexico,New Mexico State,-7.0,,69.5,,consensus,3
400944835,2017,2,2017-09-09,Troy,Alabama State,-43.5,,,,consensus,1
400944836,2017,3,2017-09-16,Texas State,App State,21.5,,48.5,,consensus,3
400944837,2017,3,2017-09-16,New Mexico State,Troy,9.5,,60.5,,consensus,3
400944838,2017,3,2017-09-16,Arkansas State,Arkansas-Pine Bluff,-55.0,,,,consensus,1
400944839,2017,3,2017-09-16,Western Michigan,Idaho,-17.5,,54.0,,consensus,3
400944840,2017,3,2017-09-16,South Alabama,Alabama A&M,-38.0,,,,consensus,1
400944841,2017,4,2017-09-23,South Alabama,Idaho,-6.5,,55.0,,consensus,3
400944842,2017,4,2017-09-23,Louisiana,UL Monroe,-4.0,,60.0,,consensus,3
400944843,2017,4,2017-09-23,Coastal Carolina,Western Illinois,3.0,,,,consensus,1
400944844,2017,5,2017-09-30,UL Monroe,Coastal Carolina,-7.5,,53.5,,consensus,2
400944845,2017,5,2017-09-30,Wyoming,Texas State,-16.5,,45.0,,consensus,3
400944846,2017,6,2017-10-04,Georgia Southern,Arkansas State,9.0,,54.5,,consensus,3
400944847,2017,6,2017-10-07,Coastal Carolina,Georgia State,1.0,,52.0,,consensus,2
400944848,2017,6,2017-10-07,Idaho,Louisiana,-6.5,,61.5,,consensus,3
400944849,2017,6,2017-10-07,Texas State,UL Monroe,6.0,,55.0,,consensus,3
400944850,2017,6,2017-10-07,App State,New Mexico State,-13.5,,55.5,,consensus,3
400944851,2017,7,2017-10-11,Troy,South Alabama,-18.0,,51.5,,consensus,3
400944852,2017,7,2017-10-12,Louisiana,Texas State,-14.0,,55.5,,consensus,3
400944853,2017,7,2017-10-14,Idaho,App State,11.5,,50.5,,consensus,3
400944854,2017,7,2017-10-14,Arkansas State,Coastal Carolina,-16.5,,63.0,,consensus,2
400944855,2017,7,2017-10-14,Georgia Southern,New Mexico State,5.5,,59.0,,consensus,3
400944856,2017,7,2017-10-14,UL Monroe,Georgia State,-3.5,,57.0,,consensus,3
400944857,2017,8,2017-10-19,Arkansas State,Louisiana,-12.0,,66.5,,consensus,3
400944858,2017,8,2017-10-21,App State,Coastal Carolina,-20.0,,52.0,,consensus,2
400944859,2017,8,2017-10-21,South Alabama,UL Monroe,-3.5,,55.5,,consensus,3
400944860,2017,8,2017-10-21,Georgia State,Troy,7.0,,51.5,,consensus,3
400944861,2017,9,2017-10-26,Georgia State,South Alabama,-1.0,,50.5,,consensus,3
400944862,2017,9,2017-10-28,New Mexico State,Arkansas State,3.5,,71.0,,consensus,3
400944863,2017,9,2017-10-28,Coastal Carolina,Texas State,-9.5,,54.0,,consensus,2
400944864,2017,9,2017-10-28,Troy,Georgia Southern,-23.5,,49.5,,consensus,3
400944865,2017,9,2017-10-28,Idaho,UL Monroe,-2.0,,62.0,,consensus,3
400944866,2017,10,2017-11-02,Troy,Idaho,-18.0,,50.5,,consensus,3
400944867,2017,10,2017-11-04,UL Monroe,App State,8.0,,62.5,,consensus,3
400944868,2017,10,2017-11-04,Georgia Southern,Georgia State,5.5,,50.5,,consensus,3
400944869,2017,10,2017-11-04,South Alabama,Louisiana,-6.0,,51.5,,consensus,3
400944870,2017,10,2017-11-04,Texas State,New Mexico State,9.5,,57.0,,consensus,3
400944871,2017,11,2017-11-09,App State,Georgia Southern,-17.5,,51.5,,consensus,3
400944872,2017,11,2017-11-11,South Alabama,Arkansas State,12.5,,55.5,,consensus,3
400944873,2017,11,2017-11-11,Texas State,Georgia State,5.5,,51.5,,consensus,3
400944874,2017,11,2017-11-11,Coastal Carolina,Troy,17.0,,52.5,,consensus,2
400944875,2017,12,2017-11-18,Arkansas State,Texas State,-26.5,,58.5,,consensus,3
400944876,2017,12,2017-11-18,Idaho,Coastal Carolina,-7.0,,50.5,,consensus,2
400944877,2017,12,2017-11-18,Georgia Southern,South Alabama,6.0,,44.5,,consensus,3
400944878,2017,12,2017-11-18,Louisiana,New Mexico State,3.5,,65.0,,consensus,3
400944879,2017,13,2017-11-25,Georgia State,App State,6.0,,50.5,,consensus,3
400944880,2017,13,2017-11-25,UL Monroe,Arkansas State,8.5,,69.0,,consensus,3
400944881,2017,13,2017-11-25,Louisiana,Georgia Southern,-5.5,,56.5,,consensus,3
400944882,2017,13,2017-11-25,New Mexico State,Idaho,-10.0,,56.5,,consensus,3
400944883,2017,13,2017-11-24,Troy,Texas State,-23.5,,53.5,,consensus,3
400944884,2017,14,2017-12-02,App State,Louisiana,-14.0,,58.0,,consensus,3
400944885,2017,14,2017-12-02,Arkansas State,Troy,-1.0,,60.0,,consensus,3
400944886,2017,14,2017-12-02,Coastal Carolina,Georgia Southern,3.0,,49.0,,consensus,2
400944887,2017,14,2017-12-02,Georgia State,Idaho,-7.0,,45.0,,consensus,3
400944888,2017,14,2017-12-02,New Mexico State,South Alabama,-11.5,,54.0,,consensus,3
400944889,2017,1,2017-08-31,Toledo,Elon,-44.5,,,,consensus,1
400944890,2017,1,2017-08-31,Central Michigan,Rhode Island,-34.5,,,,consensus,1
400944891,2017,1,2017-09-01,Eastern Michigan,Charlotte,-14.0,,59.0,,consensus,3
400944892,2017,1,2017-09-02,Ohio,Hampton,-36.0,,,,consensus,1
400944893,2017,2,2017-09-09,Akron,Arkansas-Pine Bluff,-49.0,,,,consensus,1
400944894,2017,2,2017-09-09,Miami (OH),Austin Peay,-35.0,,,,consensus,1
400944895,2017,2,2017-09-09,Northern Illinois,Eastern Illinois,-14.0,,,,consensus,1
400944896,2017,2,2017-09-09,Kent State,Howard,-24.5,,,,consensus,1
400944897,2017,2,2017-09-09,Bowling Green,South Dakota,-4.0,,,,consensus,1
400944898,2017,2,2017-09-09,Nevada,Toledo,10.5,,69.5,,consensus,3
400944899,2017,3,2017-09-16,Buffalo,Colgate,-23.5,,,,consensus,1
400944900,2017,3,2017-09-16,Ball State,Tennessee Tech,-22.5,,,,consensus,1
400944901,2017,4,2017-09-23,Central Michigan,Miami (OH),1.5,,51.5,,consensus,3
400944902,2017,4,2017-09-23,Eastern Michigan,Ohio,-1.0,,54.0,,consensus,3
400944903,2017,4,2017-09-23,Western Michigan,Wagner,-37.0,,,,consensus,1
400944904,2017,5,2017-09-30,Bowling Green,Akron,3.0,,57.5,,consensus,3
400944905,2017,5,2017-09-30,Western Michigan,Ball State,-13.0,,53.5,,consensus,3
400944986,2017,5,2017-09-30,Kent State,Buffalo,7.5,,41.0,,consensus,3
400944987,2017,5,2017-09-30,San Diego State,Northern Illinois,-9.5,,47.5,,consensus,3
400944988,2017,6,2017-10-07,Akron,Ball State,-4.5,,52.0,,consensus,3
400944989,2017,6,2017-10-07,Miami (OH),Bowling Green,-16.5,,50.5,,consensus,3
400944990,2017,6,2017-10-07,Ohio,Central Michigan,-11.0,,54.5,,consensus,3
400944991,2017,6,2017-10-07,Toledo,Eastern Michigan,-13.5,,60.0,,consensus,3
400944992,2017,6,2017-10-07,Northern Illinois,Kent State,-23.5,,44.5,,consensus,3
400944993,2017,6,2017-10-07,Buffalo,Western Michigan,7.0,,51.0,,consensus,3
400944994,2017,7,2017-10-15,Western Michigan,Akron,-12.5,,54.5,,consensus,3
400944995,2017,7,2017-10-14,Kent State,Miami (OH),8.5,,42.0,,consensus,3
400944996,2017,7,2017-10-14,Buffalo,Northern Illinois,8.0,,50.0,,consensus,3
400944997,2017,7,2017-10-14,Bowling Green,Ohio,9.5,,62.0,,consensus,3
400944998,2017,7,2017-10-14,Central Michigan,Toledo,9.5,,55.0,,consensus,3
400944999,2017,8,2017-10-21,Toledo,Akron,-15.5,,58.5,,consensus,3
400945000,2017,8,2017-10-21,Miami (OH),Buffalo,-3.0,,47.0,,consensus,3
400945001,2017,8,2017-10-21,Ball State,Central Michigan,3.0,,48.0,,consensus,3
400945002,2017,8,2017-10-21,Ohio,Kent State,-17.5,,47.0,,consensus,3
400945003,2017,8,2017-10-21,Bowling Green,Northern Illinois,14.5,,56.5,,consensus,3
400945004,2017,8,2017-10-21,Eastern Michigan,Western Michigan,2.0,,51.5,,consensus,3
400945005,2017,9,2017-10-26,Northern Illinois,Eastern Michigan,-7.5,,47.0,,consensus,3
400945006,2017,9,2017-10-26,Ball State,Toledo,26.5,,55.5,,consensus,3
400945007,2017,9,2017-10-28,Akron,Buffalo,3.0,,49.5,,consensus,3
400945008,2017,10,2017-10-31,Kent State,Bowling Green,1.0,,48.0,,consensus,3
400945009,2017,10,2017-10-31,Ohio,Miami (OH),-7.0,,53.5,,consensus,3
400945010,2017,10,2017-11-01,Western Michigan,Central Michigan,-3.5,,48.5,,consensus,3
400945011,2017,10,2017-11-02,Eastern Michigan,Ball State,-24.5,,47.0,,consensus,3
400945012,2017,10,2017-11-02,Toledo,Northern Illinois,-7.5,,56.5,,consensus,3
400945013,2017,11,2017-11-07,Miami (OH),Akron,-11.5,,51.0,,consensus,3
400945014,2017,11,2017-11-07,Buffalo,Bowling Green,-7.0,,61.0,,consensus,3
400945015,2017,11,2017-11-08,Central Michigan,Eastern Michigan,1.5,,51.0,,consensus,3
400945016,2017,11,2017-11-08,Western Michigan,Kent State,-20.5,,45.5,,consensus,3
400945017,2017,11,2017-11-08,Ohio,Toledo,3.0,,63.5,,consensus,3
400945018,2017,11,2017-11-09,Northern Illinois,Ball State,-28.5,,51.5,,consensus,3
400945019,2017,12,2017-11-14,Kent State,Central Michigan,17.5,,45.0,,consensus,3
400945020,2017,12,2017-11-14,Akron,Ohio,14.5,,51.5,,consensus,3
400945021,2017,12,2017-11-15,Miami (OH),Eastern Michigan,-2.5,,51.0,,consensus,3
400945022,2017,12,2017-11-15,Bowling Green,Toledo,17.5,,66.0,,consensus,3
400945023,2017,12,2017-11-15,Northern Illinois,Western Michigan,-9.0,,49.5,,consensus,3
400945024,2017,12,2017-11-16,Ball State,Buffalo,18.5,,54.5,,consensus,3
400945025,2017,13,2017-11-21,Eastern Michigan,Bowling Green,-14.5,,62.5,,consensus,3
400945026,2017,13,2017-11-21,Akron,Kent State,-14.5,,46.0,,consensus,3
400945027,2017,13,2017-11-21,Ball State,Miami (OH),17.5,,54.5,,consensus,3
400945028,2017,13,2017-11-24,Central Michigan,Northern Illinois,3.0,,51.5,,consensus,3
400945029,2017,13,2017-11-24,Buffalo,Ohio,7.0,,56.0,,consensus,3
400945030,2017,13,2017-11-24,Toledo,Western Michigan,-12.0,,62.0,,consensus,3
400945031,2017,1,2017-08-26,BYU,Portland State,,,60.0,,consensus,1
400945246,2017,1,2017-09-02,Air Force,VMI,-35.0,,,,consensus,1
400945247,2017,1,2017-09-02,New Mexico,Abilene Christian,-34.0,,,,consensus,1
400945248,2017,1,2017-09-02,Fresno State,Incarnate Word,-35.0,,,,consensus,1
400945249,2017,1,2017-09-02,Hawai'i,Western Carolina,-22.5,,,,consensus,1
400945250,2017,1,2017-09-02,San Diego State,UC Davis,-35.0,,,,consensus,1
400945251,2017,1,2017-09-02,San José State,Cal Poly,-11.0,,,,consensus,1
400945252,2017,1,2017-09-02,UNLV,Howard,-45.0,,,,consensus,1
400945253,2017,2,2017-09-07,Utah State,Idaho State,-35.0,,,,consensus,1
400945254,2017,2,2017-09-09,Colorado State,Abilene Christian,-43.0,,,,consensus,1
400945255,2017,2,2017-09-09,Wyoming,Gardner-Webb,-38.5,,,,consensus,1
400945256,2017,3,2017-09-14,Boise State,New Mexico,-16.0,,56.5,,consensus,3
400945257,2017,3,2017-09-16,Nevada,Idaho State,-34.5,,,,consensus,1
400945258,2017,4,2017-09-22,Boise State,Virginia,-13.5,,50.0,,consensus,3
400945259,2017,4,2017-09-23,Air Force,San Diego State,1.5,,48.0,,consensus,3
400945260,2017,4,2017-09-23,San José State,Utah State,1.5,,55.0,,consensus,3
400945261,2017,4,2017-09-23,Wyoming,Hawai'i,-5.5,,54.5,,consensus,3
400945262,2017,5,2017-09-29,Utah State,BYU,-1.0,,48.5,,consensus,3
400945263,2017,5,2017-09-30,New Mexico,Air Force,3.0,,50.5,,consensus,3
400945264,2017,5,2017-09-30,Hawai'i,Colorado State,7.0,,66.0,,consensus,3
400945265,2017,5,2017-09-30,Fresno State,Nevada,-7.5,,59.5,,consensus,3
400945266,2017,5,2017-09-30,UNLV,San José State,-16.5,,63.0,,consensus,3
400945267,2017,6,2017-10-06,BYU,Boise State,7.5,,46.5,,consensus,3
400945268,2017,6,2017-10-07,Utah State,Colorado State,9.5,,65.0,,consensus,3
400945269,2017,6,2017-10-07,San José State,Fresno State,17.0,,59.5,,consensus,3
400945270,2017,6,2017-10-07,Nevada,Hawai'i,4.5,,62.5,,consensus,3
400945271,2017,6,2017-10-07,UNLV,San Diego State,9.5,,56.5,,consensus,3
400945272,2017,7,2017-10-14,Air Force,UNLV,-9.5,,65.5,,consensus,3
400945273,2017,7,2017-10-14,San Diego State,Boise State,-5.5,,47.0,,consensus,3
400945274,2017,7,2017-10-14,Colorado State,Nevada,-24.5,,65.5,,consensus,3
400945275,2017,7,2017-10-14,Fresno State,New Mexico,2.5,,54.5,,consensus,3
400945276,2017,7,2017-10-14,Utah State,Wyoming,-1.0,,49.5,,consensus,3
400945277,2017,7,2017-10-14,Hawai'i,San José State,-17.0,,59.5,,consensus,3
400945278,2017,8,2017-10-20,Nevada,Air Force,6.5,,65.0,,consensus,3
400945279,2017,8,2017-10-21,Boise State,Wyoming,-15.0,,44.5,,consensus,3
400945280,2017,8,2017-10-20,New Mexico,Colorado State,10.0,,61.0,,consensus,3
400945281,2017,8,2017-10-21,UNLV,Utah State,-3.5,,60.5,,consensus,3
400945282,2017,8,2017-10-21,San Diego State,Fresno State,-6.5,,49.5,,consensus,3
400945283,2017,9,2017-10-28,Colorado State,Air Force,-9.5,,68.5,,consensus,3
400945284,2017,9,2017-10-28,Utah State,Boise State,13.0,,51.5,,consensus,3
400945285,2017,9,2017-10-28,Wyoming,New Mexico,-2.5,,47.0,,consensus,3
400945286,2017,9,2017-10-28,Fresno State,UNLV,-21.5,,59.0,,consensus,3
400945287,2017,9,2017-10-28,Hawai'i,San Diego State,8.0,,54.0,,consensus,3
400945288,2017,9,2017-10-28,BYU,San José State,-10.0,,50.5,,consensus,3
400945289,2017,10,2017-11-04,Boise State,Nevada,-20.5,,63.0,,consensus,3
400945290,2017,10,2017-11-04,Wyoming,Colorado State,4.0,,48.5,,consensus,3
400945291,2017,10,2017-11-04,New Mexico,Utah State,-3.5,,52.5,,consensus,3
400945292,2017,10,2017-11-04,Fresno State,BYU,-10.0,,48.5,,consensus,3
400945293,2017,10,2017-11-04,UNLV,Hawai'i,-7.0,,59.5,,consensus,3
400945294,2017,10,2017-11-04,San José State,San Diego State,24.0,,50.5,,consensus,3
400945295,2017,11,2017-11-11,Air Force,Wyoming,-2.5,,51.0,,consensus,3
400945296,2017,11,2017-11-11,Colorado State,Boise State,6.5,,59.0,,consensus,3
400945297,2017,11,2017-11-11,Hawai'i,Fresno State,10.0,,53.0,,consensus,3
400945298,2017,11,2017-11-11,Nevada,San José State,-17.5,,67.5,,consensus,3
400945299,2017,11,2017-11-10,UNLV,BYU,-1.0,,49.5,,consensus,3
400945300,2017,12,2017-11-18,Boise State,Air Force,-17.5,,60.5,,consensus,3
400945301,2017,12,2017-11-18,Colorado State,San José State,-32.0,,67.5,,consensus,3
400945302,2017,12,2017-11-17,New Mexico,UNLV,-3.0,,55.5,,consensus,3
400945303,2017,12,2017-11-18,Utah State,Hawai'i,-10.5,,56.5,,consensus,3
400945304,2017,12,2017-11-18,Wyoming,Fresno State,2.5,,39.0,,consensus,3
400945305,2017,12,2017-11-18,San Diego State,Nevada,-17.5,,56.0,,consensus,3
400945306,2017,13,2017-11-25,Air Force,Utah State,-2.5,,57.5,,consensus,3
400945307,2017,13,2017-11-25,Fresno State,Boise State,6.5,,49.0,,consensus,3
400945308,2017,13,2017-11-24,San Diego State,New Mexico,-20.5,,48.5,,consensus,3
400945309,2017,13,2017-11-25,San José State,Wyoming,19.0,,48.5,,consensus,3
400945310,2017,13,2017-11-25,Hawai'i,BYU,3.0,,47.0,,consensus,3
400945311,2017,13,2017-11-25,Nevada,UNLV,-3.0,,70.0,,consensus,3
400955149,2017,14,2017-12-01,USC,Stanford,-3.5,,58.5,,consensus,3
400955150,2017,14,2017-12-02,Toledo,Akron,-20.5,,61.5,,consensus,3
400955151,2017,14,2017-12-02,UCF,Memphis,-7.0,,82.0,,consensus,3
400955152,2017,14,2017-12-02,Florida Atlantic,North Texas,-12.0,,71.5,,consensus,3
400955153,2017,14,2017-12-02,Auburn,Georgia,1.5,,48.0,,consensus,3
400955154,2017,14,2017-12-02,Boise State,Fresno State,-9.5,,51.0,,consensus,3
400955155,2017,14,2017-12-02,Clemson,Miami,-12.5,,47.5,,consensus,3
400955156,2017,14,2017-12-02,Wisconsin,Ohio State,3.5,,51.5,,consensus,3
400955157,2017,14,2017-12-02,Oklahoma,TCU,-7.5,,63.5,,consensus,3
400981507,2017,6,2017-10-07,Florida State,Miami,3.0,,45.5,,consensus,3
400981508,2017,7,2017-10-14,Miami,Georgia Tech,-6.5,,53.5,,consensus,3
400982707,2017,6,2017-10-07,Indiana,Charleston Southern,-27.5,,,,consensus,1
400985386,2017,10,2017-11-04,UConn,South Florida,24.0,,64.5,,consensus,3
400985387,2017,14,2017-12-02,Florida International,Massachusetts,2.5,,55.5,,consensus,3
400985406,2017,5,2017-09-30,UCF,Memphis,-5.5,,68.5,,consensus,3
400986609,2017,9,2017-10-28,UCF,Austin Peay,-43.5,,,,consensus,1
401000149,2017,14,2017-12-02,Florida State,UL Monroe,-26.0,,64.0,,consensus,3
400953322,2017,1,2017-12-16,North Texas,Troy,5.5,,61.5,,consensus,3
400953323,2017,1,2017-12-16,Oregon,Boise State,-7.0,,63.0,,consensus,3
400953324,2017,1,2017-12-16,Colorado State,Marshall,-3.0,,58.5,,consensus,3
400953325,2017,1,2017-12-16,Arkansas State,Middle Tennessee,-3.5,,61.0,,consensus,3
400953386,2017,1,2017-12-19,Florida Atlantic,Akron,-23.5,,65.5,,consensus,3
400953387,2017,1,2017-12-21,Florida International,Temple,7.0,,57.5,,consensus,3
400953388,2017,1,2017-12-22,Ohio,UAB,-6.5,,54.5,,consensus,3
400953389,2017,1,2017-12-22,Wyoming,Central Michigan,-1.0,,44.5,,consensus,3
400953390,2017,1,2017-12-23,South Florida,Texas Tech,-2.0,,66.0,,consensus,3
400953391,2017,1,2017-12-23,Army,San Diego State,6.5,,47.0,,teamrankings,2
400953392,2017,1,2017-12-23,Toledo,App State,-6.0,,61.5,,consensus,3
400953393,2017,1,2017-12-24,Houston,Fresno State,-3.0,,51.5,,teamrankings,2
400953394,2017,1,2017-12-26,Northern Illinois,Duke,5.5,,49.0,,teamrankings,2
400953395,2017,1,2017-12-26,West Virginia,Utah,6.5,,56.0,,consensus,3
400953396,2017,1,2017-12-26,UCLA,Kansas State,6.5,,59.0,,consensus,3
400953397,2017,1,2017-12-27,Florida State,Southern Miss,-12.5,,48.0,,consensus,3
400953398,2017,1,2017-12-27,Boston College,Iowa,2.5,,46.0,,teamrankings,2
400953399,2017,1,2017-12-27,Missouri,Texas,-3.0,,61.5,,teamrankings,2
400953400,2017,1,2017-12-28,Navy,Virginia,-2.5,,51.0,,consensus,3
400953401,2017,1,2017-12-28,TCU,Stanford,-3.0,,49.5,,consensus,3
400953402,2017,1,2017-12-29,Texas A&M,Wake Forest,3.5,,63.0,,teamrankings,2
400953403,2017,1,2017-12-29,Northwestern,Kentucky,-7.5,,50.5,,consensus,3
400953404,2017,1,2017-12-29,Ohio State,USC,-9.5,,65.5,,consensus,3
400953405,2017,1,2017-12-30,Mississippi State,Louisville,6.5,,62.0,,consensus,3
400953406,2017,1,2017-12-30,Memphis,Iowa State,-3.5,,67.5,,consensus,3
400953407,2017,1,2017-12-30,Penn State,Washington,-3.0,,55.0,,consensus,3
400953408,2017,1,2017-12-30,Miami,Wisconsin,6.5,,46.0,,consensus,3
400953409,2017,1,2017-12-16,Georgia State,Western Kentucky,-5.0,,54.5,,consensus,3
400953410,2017,1,2018-01-01,South Carolina,Michigan,9.0,,41.5,,teamrankings,2
400953411,2017,1,2018-01-01,Auburn,UCF,-9.5,,67.0,,consensus,3
400953412,2017,1,2018-01-01,Oklahoma,Georgia,2.5,,62.5,,consensus,3
400953413,2017,1,2018-01-01,Clemson,Alabama,3.5,,46.5,,consensus,3
400953414,2017,1,2018-01-01,LSU,Notre Dame,-2.0,,53.5,,teamrankings,2
400953415,2017,1,2018-01-08,Georgia,Alabama,3.5,,45.5,,consensus,3
400953416,2017,1,2017-12-28,Oklahoma State,Virginia Tech,-6.0,,60.0,,consensus,3
400953417,2017,1,2017-12-29,Arizona State,NC State,5.0,,62.5,,consensus,3
400954523,2017,1,2017-12-20,SMU,Louisiana Tech,-4.0,,70.5,,consensus,3
400959397,2017,1,2017-12-28,Michigan State,Washington State,-2.5,,47.5,,consensus,3
400959398,2017,1,2017-12-27,Purdue,Arizona,2.5,,64.5,,teamrankings,2
400966332,2017,1,2017-12-29,Utah State,New Mexico State,4.0,,61.0,,consensus,3
401012246,2018,1,2018-09-01,Alabama,Louisville,-24.0,,62.0,,consensus,4
401012247,2018,1,2018-09-01,Arkansas,Eastern Illinois,-35.0,,58.5,,consensus,2
401012248,2018,1,2018-09-01,Auburn,Washington,-1.0,,49.0,,consensus,4
401012249,2018,1,2018-09-01,Florida,Charleston Southern,-43.0,,,,consensus,1
401012250,2018,1,2018-09-01,Georgia,Austin Peay,-48.0,,59.5,,consensus,2
401012251,2018,1,2018-09-01,Kentucky,Central Michigan,-17.5,,49.0,,teamrankings,2
401012253,2018,1,2018-09-01,Texas Tech,Ole Miss,1.5,,67.0,,consensus,4
401012254,2018,1,2018-09-01,Mississippi State,Stephen F. Austin,-47.5,,53.0,,consensus,2
401012255,2018,1,2018-09-01,Missouri,UT Martin,-35.0,,57.0,,consensus,1
401012256,2018,1,2018-09-01,South Carolina,Coastal Carolina,-30.5,,57.0,,consensus,4
401012257,2018,1,2018-09-01,Tennessee,West Virginia,10.0,,61.0,,consensus,4
401012258,2018,1,2018-08-30,Texas A&M,Northwestern State,-47.0,,63.5,,consensus,1
401012259,2018,1,2018-09-01,Vanderbilt,Middle Tennessee,-3.0,,56.5,,consensus,4
401012260,2018,2,2018-09-08,Alabama,Arkansas State,-37.0,,63.0,,consensus,4
401012261,2018,2,2018-09-08,Colorado State,Arkansas,14.0,,70.0,,consensus,4
401012262,2018,2,2018-09-08,Auburn,Alabama State,-62.0,,59.5,,consensus,1
401012263,2018,2,2018-09-08,Florida,Kentucky,-13.5,,51.5,,consensus,4
401012264,2018,2,2018-09-08,LSU,SE Louisiana,-42.0,,57.5,,consensus,1
401012265,2018,2,2018-09-08,Ole Miss,Southern Illinois,-28.0,,65.5,,consensus,1
401012266,2018,2,2018-09-08,Kansas State,Mississippi State,7.0,,52.5,,consensus,4
401012267,2018,2,2018-09-08,Missouri,Wyoming,-19.5,,52.5,,consensus,4
401012268,2018,2,2018-09-08,South Carolina,Georgia,9.0,,53.0,,consensus,4
401012269,2018,2,2018-09-08,Tennessee,East Tennessee State,-37.0,,51.5,,consensus,1
401012270,2018,2,2018-09-08,Texas A&M,Clemson,12.5,,51.0,,consensus,4
401012271,2018,2,2018-09-08,Vanderbilt,Nevada,-10.0,,60.0,,consensus,4
401012272,2018,3,2018-09-15,Arkansas,North Texas,-5.5,,64.5,,consensus,4
401012273,2018,3,2018-09-15,Auburn,LSU,-10.0,,44.5,,consensus,4
401012274,2018,3,2018-09-15,Florida,Colorado State,-21.0,,59.5,,consensus,4
401012275,2018,3,2018-09-15,Georgia,Middle Tennessee,-34.0,,58.5,,consensus,4
401012276,2018,3,2018-09-15,Kentucky,Murray State,-41.0,,56.5,,consensus,1
401012277,2018,3,2018-09-15,Ole Miss,Alabama,22.5,,71.5,,consensus,4
401012278,2018,3,2018-09-15,Mississippi State,Louisiana,-34.0,,63.5,,consensus,4
401012279,2018,3,2018-09-15,Purdue,Missouri,5.5,,68.0,,consensus,4
401012281,2018,3,2018-09-15,Tennessee,UTEP,-33.5,,51.5,,consensus,4
401012282,2018,3,2018-09-15,Texas A&M,UL Monroe,-27.5,,66.0,,consensus,4
401012283,2018,3,2018-09-15,Notre Dame,Vanderbilt,-14.0,,52.0,,consensus,4
401012284,2018,4,2018-09-22,Alabama,Texas A&M,-24.5,,59.0,,consensus,4
401012285,2018,4,2018-09-22,Auburn,Arkansas,-30.0,,57.5,,consensus,4
401012286,2018,4,2018-09-22,Kentucky,Mississippi State,10.0,,56.0,,consensus,4
401012287,2018,4,2018-09-22,LSU,Louisiana Tech,-19.5,,51.0,,consensus,4
401012288,2018,4,2018-09-22,Ole Miss,Kent State,-28.5,,75.5,,consensus,4
401012289,2018,4,2018-09-22,Missouri,Georgia,15.0,,68.5,,consensus,4
401012290,2018,4,2018-09-22,Tennessee,Florida,3.5,,46.5,,consensus,4
401012291,2018,4,2018-09-22,Vanderbilt,South Carolina,1.5,,53.5,,consensus,4
401012292,2018,5,2018-09-29,Alabama,Louisiana,-49.0,,69.0,,consensus,4
401012293,2018,5,2018-09-29,Texas A&M,Arkansas,-20.5,,56.0,,consensus,4
401012294,2018,5,2018-09-29,Auburn,Southern Miss,-27.0,,52.0,,consensus,4
401012295,2018,5,2018-09-29,Georgia,Tennessee,-30.0,,54.5,,consensus,4
401012296,2018,5,2018-09-29,Kentucky,South Carolina,1.0,,51.5,,consensus,4
401012297,2018,5,2018-09-29,LSU,Ole Miss,-11.0,,60.0,,consensus,4
401012298,2018,5,2018-09-29,Mississippi State,Florida,-6.5,,50.0,,consensus,4
401012299,2018,5,2018-09-29,Vanderbilt,Tennessee State,-28.0,,,,consensus,1
401012300,2018,6,2018-10-06,Arkansas,Alabama,35.0,,59.0,,consensus,4
401012301,2018,6,2018-10-06,Florida,LSU,1.0,,44.5,,consensus,4
401012302,2018,6,2018-10-06,Georgia,Vanderbilt,-26.5,,56.0,,consensus,4
401012303,2018,6,2018-10-06,Ole Miss,UL Monroe,-23.0,,75.5,,consensus,4
401012304,2018,6,2018-10-06,Mississippi State,Auburn,3.0,,45.0,,consensus,4
401012305,2018,6,2018-10-06,South Carolina,Missouri,1.0,,62.5,,consensus,4
401012306,2018,6,2018-10-06,Texas A&M,Kentucky,-5.5,,48.5,,consensus,4
401012307,2018,7,2018-10-13,Alabama,Missouri,-28.5,,73.5,,consensus,4
401012308,2018,7,2018-10-13,Arkansas,Ole Miss,6.5,,66.0,,consensus,4
401012309,2018,7,2018-10-13,Auburn,Tennessee,-15.5,,47.0,,consensus,4
401012310,2018,7,2018-10-13,LSU,Georgia,7.0,,48.5,,consensus,4
401012311,2018,7,2018-10-13,South Carolina,Texas A&M,2.5,,50.5,,consensus,4
401012312,2018,7,2018-10-13,Vanderbilt,Florida,9.5,,51.0,,consensus,4
401012313,2018,8,2018-10-20,Arkansas,Tulsa,-6.0,,55.5,,consensus,3
401012314,2018,8,2018-10-20,Kentucky,Vanderbilt,-10.5,,45.5,,consensus,4
401012315,2018,8,2018-10-20,LSU,Mississippi State,-5.5,,45.0,,consensus,4
401012316,2018,8,2018-10-20,Ole Miss,Auburn,4.5,,64.0,,consensus,4
401012317,2018,8,2018-10-20,Missouri,Memphis,-9.5,,74.0,,consensus,4
401012318,2018,8,2018-10-20,Tennessee,Alabama,29.0,,58.0,,consensus,4
401012319,2018,9,2018-10-27,Arkansas,Vanderbilt,-1.0,,52.0,,consensus,4
401012320,2018,9,2018-10-27,Georgia,Florida,-7.0,,52.0,,consensus,4
401012321,2018,9,2018-10-27,Mississippi State,Texas A&M,-1.0,,43.0,,consensus,4
401012322,2018,9,2018-10-27,Missouri,Kentucky,-7.5,,54.5,,consensus,4
401012323,2018,9,2018-10-27,South Carolina,Tennessee,-10.0,,53.0,,consensus,4
401012324,2018,10,2018-11-03,Auburn,Texas A&M,-3.5,,47.5,,consensus,4
401012325,2018,10,2018-11-03,Florida,Missouri,-6.0,,59.0,,consensus,4
401012326,2018,10,2018-11-03,Kentucky,Georgia,9.5,,47.5,,consensus,4
401012327,2018,10,2018-11-03,LSU,Alabama,14.0,,51.5,,consensus,4
401012328,2018,10,2018-11-03,Ole Miss,South Carolina,-2.0,,69.0,,consensus,4
401012329,2018,10,2018-11-03,Mississippi State,Louisiana Tech,-23.5,,48.5,,consensus,4
401012330,2018,10,2018-11-03,Tennessee,Charlotte,-21.0,,46.0,,consensus,4
401012331,2018,11,2018-11-10,Alabama,Mississippi State,-22.5,,50.5,,consensus,4
401012332,2018,11,2018-11-10,Arkansas,LSU,12.5,,49.5,,consensus,4
401012333,2018,11,2018-11-10,Florida,South Carolina,-6.5,,55.0,,consensus,4
401012334,2018,11,2018-11-10,Georgia,Auburn,-13.0,,52.5,,consensus,4
401012335,2018,11,2018-11-10,Missouri,Vanderbilt,-14.5,,65.0,,consensus,4
401012336,2018,11,2018-11-10,Tennessee,Kentucky,5.0,,42.0,,consensus,4
401012337,2018,11,2018-11-10,Texas A&M,Ole Miss,-13.0,,68.0,,consensus,4
401012338,2018,12,2018-11-17,Alabama,The Citadel,-54.5,,62.5,,consensus,1
401012339,2018,12,2018-11-17,Auburn,Liberty,-29.5,,64.5,,consensus,4
401012340,2018,12,2018-11-17,Florida,Idaho,-43.0,,59.0,,consensus,1
401012341,2018,12,2018-11-17,Georgia,Massachusetts,-41.5,,66.5,,consensus,4
401012342,2018,12,2018-11-17,Kentucky,Middle Tennessee,-16.0,,48.0,,consensus,4
401012343,2018,12,2018-11-17,LSU,Rice,-42.0,,51.5,,consensus,4
401012344,2018,12,2018-11-17,Mississippi State,Arkansas,-23.0,,48.5,,consensus,4
401012345,2018,12,2018-11-17,South Carolina,Chattanooga,-31.0,,49.5,,consensus,1
401012346,2018,12,2018-11-17,Tennessee,Missouri,6.0,,57.0,,consensus,4
401012347,2018,12,2018-11-17,Texas A&M,UAB,-17.0,,46.0,,consensus,4
401012348,2018,12,2018-11-17,Vanderbilt,Ole Miss,-3.0,,73.5,,consensus,4
401012349,2018,13,2018-11-22,Ole Miss,Mississippi State,12.5,,60.5,,consensus,4
401012350,2018,13,2018-11-24,Alabama,Auburn,-26.5,,53.0,,consensus,4
401012351,2018,13,2018-11-24,Florida State,Florida,8.0,,51.5,,consensus,4
401012352,2018,13,2018-11-24,Georgia,Georgia Tech,-17.0,,59.5,,consensus,4
401012353,2018,13,2018-11-24,Louisville,Kentucky,17.0,,52.5,,consensus,4
401012354,2018,13,2018-11-23,Missouri,Arkansas,-24.0,,59.5,,consensus,4
401012355,2018,13,2018-11-24,Clemson,South Carolina,-26.0,,58.5,,consensus,4
401012356,2018,13,2018-11-24,Texas A&M,LSU,-3.0,,45.5,,consensus,4
401012357,2018,13,2018-11-24,Vanderbilt,Tennessee,-3.0,,52.0,,consensus,4
401012675,2018,1,2018-08-30,Utah,Weber State,-30.5,,49.5,,consensus,1
401012676,2018,1,2018-09-01,Arizona,BYU,-11.0,,60.5,,consensus,4
401012677,2018,1,2018-09-01,Arizona State,UTSA,-17.5,,52.0,,consensus,4
401012678,2018,1,2018-09-01,USC,UNLV,-25.0,,63.5,,consensus,4
401012679,2018,1,2018-09-01,UCLA,Cincinnati,-14.0,,62.0,,teamrankings,2
401012680,2018,1,2018-08-31,Colorado State,Colorado,-7.0,,65.5,,consensus,4
401012681,2018,1,2018-09-01,Oregon,Bowling Green,-34.0,,72.5,,consensus,4
401012682,2018,1,2018-09-01,Ohio State,Oregon State,-40.0,,63.5,,consensus,4
401012683,2018,1,2018-09-01,Wyoming,Washington State,3.0,,45.0,,consensus,4
401012684,2018,1,2018-09-01,California,North Carolina,-7.0,,60.0,,consensus,4
401012726,2018,2,2018-09-08,Houston,Arizona,-3.5,,71.5,,consensus,4
401012727,2018,2,2018-09-08,Arizona State,Michigan State,4.5,,54.0,,consensus,4
401012728,2018,2,2018-09-08,Oklahoma,UCLA,-31.0,,65.5,,consensus,4
401012729,2018,2,2018-09-08,Nebraska,Colorado,-3.5,,64.0,,consensus,4
401012730,2018,2,2018-09-08,Northern Illinois,Utah,12.0,,47.5,,consensus,4
401012731,2018,2,2018-09-08,Oregon,Portland State,-49.5,,,,consensus,1
401012732,2018,2,2018-09-08,Oregon State,Southern Utah,-11.0,,70.0,,consensus,1
401012734,2018,2,2018-09-08,Washington State,San José State,-32.0,,63.5,,teamrankings,2
401012735,2018,2,2018-09-08,BYU,California,-2.0,,47.0,,consensus,4
401012736,2018,2,2018-09-08,Stanford,USC,-4.5,,54.0,,consensus,4
401012737,2018,3,2018-09-15,Arizona,Southern Utah,-26.5,,70.5,,consensus,1
401012738,2018,3,2018-09-15,San Diego State,Arizona State,5.0,,48.5,,consensus,4
401012739,2018,3,2018-09-15,Texas,USC,-3.0,,47.0,,consensus,4
401012740,2018,3,2018-09-15,UCLA,Fresno State,2.5,,52.0,,consensus,4
401012741,2018,3,2018-09-15,Colorado,New Hampshire,-37.0,,53.0,,consensus,1
401012742,2018,3,2018-09-15,Utah,Washington,4.0,,45.5,,consensus,4
401012743,2018,3,2018-09-15,Oregon,San José State,-42.5,,70.5,,teamrankings,2
401012744,2018,3,2018-09-15,Nevada,Oregon State,-4.0,,68.0,,consensus,4
401012745,2018,3,2018-09-15,Washington State,Eastern Washington,-20.0,,,,consensus,1
401012746,2018,3,2018-09-15,California,Idaho State,-36.5,,58.5,,consensus,1
401012747,2018,3,2018-09-15,Stanford,UC Davis,-31.0,,66.5,,consensus,1
401012748,2018,4,2018-09-21,USC,Washington State,-4.5,,51.0,,consensus,4
401012749,2018,4,2018-09-22,Oregon,Stanford,3.0,,59.0,,consensus,4
401012750,2018,4,2018-09-22,Oregon State,Arizona,5.0,,73.5,,consensus,4
401012751,2018,4,2018-09-22,Washington,Arizona State,-18.5,,53.5,,consensus,4
401012752,2018,5,2018-09-28,Colorado,UCLA,-9.0,,57.0,,consensus,4
401012753,2018,5,2018-09-29,Arizona,USC,3.5,,61.5,,consensus,4
401012754,2018,5,2018-09-29,Arizona State,Oregon State,-21.5,,64.0,,consensus,4
401012755,2018,5,2018-09-29,Washington,BYU,-18.5,,47.5,,consensus,4
401012756,2018,5,2018-09-29,Washington State,Utah,1.5,,49.5,,consensus,4
401012757,2018,5,2018-09-29,California,Oregon,1.5,,58.5,,consensus,4
401012758,2018,5,2018-09-29,Notre Dame,Stanford,-4.5,,52.5,,consensus,4
401012759,2018,6,2018-10-06,Arizona,California,2.0,,57.5,,consensus,4
401012760,2018,6,2018-10-06,UCLA,Washington,21.0,,53.5,,consensus,4
401012761,2018,6,2018-10-06,Colorado,Arizona State,-2.5,,64.0,,consensus,4
401012762,2018,6,2018-10-06,Oregon State,Washington State,18.5,,65.5,,consensus,4
401012763,2018,6,2018-10-06,Stanford,Utah,-4.0,,44.5,,consensus,4
401012764,2018,7,2018-10-12,Utah,Arizona,-14.0,,53.5,,consensus,4
401012765,2018,7,2018-10-13,USC,Colorado,-7.0,,57.5,,consensus,4
401012766,2018,7,2018-10-13,Oregon,Washington,3.5,,59.5,,consensus,4
401012767,2018,7,2018-10-13,California,UCLA,-7.0,,52.5,,consensus,4
401012768,2018,8,2018-10-18,Arizona State,Stanford,2.0,,57.5,,consensus,4
401012769,2018,8,2018-10-20,UCLA,Arizona,-10.0,,56.0,,consensus,4
401012770,2018,8,2018-10-20,Utah,USC,-6.5,,48.0,,consensus,4
401012771,2018,8,2018-10-20,Oregon State,California,6.5,,58.5,,consensus,4
401012772,2018,8,2018-10-20,Washington,Colorado,-17.0,,50.0,,consensus,4
401012773,2018,8,2018-10-20,Washington State,Oregon,-3.0,,69.5,,consensus,4
401012774,2018,9,2018-10-26,UCLA,Utah,10.0,,56.0,,consensus,3
401012775,2018,9,2018-10-27,Arizona,Oregon,8.0,,65.0,,consensus,4
401012776,2018,9,2018-10-27,USC,Arizona State,-3.0,,53.0,,consensus,4
401012777,2018,9,2018-10-27,Colorado,Oregon State,-23.5,,63.5,,consensus,3
401012778,2018,9,2018-10-27,California,Washington,12.0,,46.0,,consensus,4
401012779,2018,9,2018-10-27,Stanford,Washington State,-2.5,,55.0,,consensus,4
401012780,2018,10,2018-11-02,Arizona,Colorado,-3.5,,57.0,,consensus,4
401012781,2018,10,2018-11-03,Arizona State,Utah,7.5,,54.0,,teamrankings,2
401012782,2018,10,2018-11-03,Oregon,UCLA,-10.5,,60.0,,consensus,4
401012783,2018,10,2018-11-03,Oregon State,USC,15.0,,64.5,,teamrankings,2
401012784,2018,10,2018-11-03,Washington,Stanford,-9.5,,44.0,,consensus,4
401012785,2018,10,2018-11-03,Washington State,California,-7.5,,51.5,,consensus,4
401012786,2018,11,2018-11-10,Arizona State,UCLA,-12.0,,65.0,,consensus,4
401012787,2018,11,2018-11-10,USC,California,-5.0,,46.0,,consensus,4
401012788,2018,11,2018-11-10,Colorado,Washington State,5.5,,59.0,,consensus,4
401012789,2018,11,2018-11-10,Utah,Oregon,-3.5,,56.5,,consensus,3
401012790,2018,11,2018-11-10,Stanford,Oregon State,-23.5,,61.5,,teamrankings,2
401012791,2018,12,2018-11-17,UCLA,USC,3.0,,55.0,,consensus,4
401012792,2018,12,2018-11-17,Colorado,Utah,7.0,,47.0,,teamrankings,3
401012793,2018,12,2018-11-17,Oregon,Arizona State,-3.5,,66.0,,consensus,4
401012794,2018,12,2018-11-17,Washington,Oregon State,-32.5,,58.5,,consensus,4
401012795,2018,12,2018-11-17,Washington State,Arizona,-10.5,,63.5,,consensus,4
401012797,2018,13,2018-11-23,Oregon State,Oregon,17.5,,71.0,,consensus,4
401012798,2018,13,2018-11-23,Washington State,Washington,-3.0,,50.0,,consensus,4
401012799,2018,13,2018-11-24,Arizona,Arizona State,1.0,,64.5,,consensus,4
401012800,2018,13,2018-11-24,USC,Notre Dame,14.0,,55.0,,consensus,4
401012801,2018,13,2018-11-24,UCLA,Stanford,7.0,,60.5,,consensus,4
401012802,2018,13,2018-11-24,Utah,BYU,-10.5,,44.5,,consensus,4
401012803,2018,13,2018-11-24,California,Colorado,-10.5,,44.0,,consensus,4
401012804,2018,1,2018-09-01,Illinois,Kent State,-18.0,,55.5,,consensus,4
401012806,2018,3,2018-09-15,Illinois,South Florida,14.0,,59.0,,consensus,4
401012807,2018,4,2018-09-21,Illinois,Penn State,26.5,,60.0,,consensus,4
401012808,2018,6,2018-10-06,Rutgers,Illinois,4.5,,50.0,,consensus,3
401012809,2018,7,2018-10-13,Illinois,Purdue,10.5,,62.0,,consensus,4
401012810,2018,8,2018-10-20,Wisconsin,Illinois,-24.0,,53.0,,consensus,4
401012811,2018,9,2018-10-27,Maryland,Illinois,-16.5,,55.0,,consensus,4
401012812,2018,10,2018-11-03,Illinois,Minnesota,8.5,,61.5,,consensus,4
401012813,2018,11,2018-11-10,Nebraska,Illinois,-17.5,,71.5,,consensus,4
401012814,2018,12,2018-11-17,Illinois,Iowa,16.0,,60.0,,consensus,4
401012815,2018,13,2018-11-24,Northwestern,Illinois,-16.0,,57.5,,consensus,4
401012820,2018,1,2018-09-01,Rutgers,Texas State,-16.5,,47.0,,consensus,4
401012821,2018,2,2018-09-08,Ohio State,Rutgers,-35.5,,58.5,,consensus,4
401012822,2018,3,2018-09-15,Kansas,Rutgers,-1.0,,44.0,,consensus,3
401012823,2018,4,2018-09-22,Rutgers,Buffalo,6.0,,54.0,,teamrankings,1
401012824,2018,5,2018-09-29,Rutgers,Indiana,15.0,,51.0,,consensus,3
401012825,2018,7,2018-10-13,Maryland,Rutgers,-24.0,,51.0,,consensus,3
401012846,2018,8,2018-10-20,Rutgers,Northwestern,20.5,,48.5,,consensus,4
401012847,2018,10,2018-11-03,Wisconsin,Rutgers,-29.0,,51.5,,consensus,3
401012848,2018,11,2018-11-10,Rutgers,Michigan,37.5,,45.0,,consensus,3
401012849,2018,12,2018-11-17,Rutgers,Penn State,27.0,,49.5,,consensus,3
401012850,2018,13,2018-11-24,Michigan State,Rutgers,-24.5,,37.5,,consensus,4
401012851,2018,1,2018-09-01,Florida International,Indiana,13.0,,54.5,,consensus,4
401012852,2018,2,2018-09-08,Indiana,Virginia,-5.0,,50.0,,consensus,3
401012853,2018,3,2018-09-15,Indiana,Ball State,-15.5,,60.5,,consensus,3
401012854,2018,4,2018-09-22,Indiana,Michigan State,6.5,,51.5,,consensus,3
401012855,2018,6,2018-10-06,Ohio State,Indiana,-27.0,,64.5,,consensus,4
401012856,2018,7,2018-10-13,Indiana,Iowa,3.5,,52.0,,consensus,3
401012857,2018,8,2018-10-20,Indiana,Penn State,14.0,,58.0,,consensus,3
401012858,2018,9,2018-10-26,Minnesota,Indiana,2.5,,54.0,,consensus,4
401012859,2018,11,2018-11-10,Indiana,Maryland,-1.0,,54.0,,consensus,3
401012860,2018,12,2018-11-17,Michigan,Indiana,-28.0,,53.5,,consensus,4
401012861,2018,13,2018-11-24,Indiana,Purdue,3.5,,64.5,,consensus,3
401012862,2018,1,2018-09-01,Iowa,Northern Illinois,-9.5,,46.5,,consensus,4
401012863,2018,2,2018-09-08,Iowa,Iowa State,-3.5,,46.5,,consensus,4
401012864,2018,3,2018-09-15,Iowa,Northern Iowa,-21.0,,43.5,,consensus,1
401012865,2018,4,2018-09-22,Iowa,Wisconsin,3.0,,43.5,,consensus,4
401012866,2018,6,2018-10-06,Minnesota,Iowa,7.0,,42.0,,consensus,4
401012867,2018,8,2018-10-20,Iowa,Maryland,-9.5,,43.5,,consensus,4
401012868,2018,9,2018-10-27,Penn State,Iowa,-4.5,,51.0,,consensus,4
401012869,2018,10,2018-11-03,Purdue,Iowa,-2.0,,52.0,,consensus,4
401012870,2018,11,2018-11-10,Iowa,Northwestern,-11.0,,45.0,,consensus,4
401012871,2018,13,2018-11-23,Iowa,Nebraska,-8.5,,52.5,,consensus,4
401012872,2018,1,2018-09-01,Maryland,Texas,13.0,,54.0,,consensus,4
401012873,2018,2,2018-09-08,Bowling Green,Maryland,14.0,,66.0,,consensus,4
401012874,2018,3,2018-09-15,Maryland,Temple,-16.0,,56.0,,consensus,4
401012875,2018,4,2018-09-22,Maryland,Minnesota,-1.5,,47.0,,consensus,4
401012876,2018,6,2018-10-06,Michigan,Maryland,-17.5,,44.0,,consensus,4
401012877,2018,10,2018-11-03,Maryland,Michigan State,3.5,,43.0,,consensus,4
401012878,2018,12,2018-11-17,Maryland,Ohio State,14.0,,61.5,,consensus,4
401012879,2018,13,2018-11-24,Penn State,Maryland,-13.0,,51.5,,consensus,4
401012880,2018,1,2018-08-31,Michigan State,Utah State,-23.5,,52.5,,consensus,4
401012881,2018,5,2018-09-29,Michigan State,Central Michigan,-27.5,,46.0,,teamrankings,2
401012882,2018,6,2018-10-06,Michigan State,Northwestern,-10.5,,43.5,,consensus,4
401012883,2018,7,2018-10-13,Penn State,Michigan State,-13.5,,53.0,,consensus,4
401012884,2018,8,2018-10-20,Michigan State,Michigan,7.5,,39.0,,consensus,4
401012885,2018,9,2018-10-27,Michigan State,Purdue,2.5,,48.5,,consensus,4
401012886,2018,11,2018-11-10,Michigan State,Ohio State,3.5,,49.0,,consensus,4
401012887,2018,12,2018-11-17,Nebraska,Michigan State,-1.0,,48.5,,consensus,4
401012888,2018,1,2018-09-01,Notre Dame,Michigan,3.0,,46.5,,consensus,4
401012889,2018,2,2018-09-08,Michigan,Western Michigan,-28.0,,55.0,,consensus,4
401012890,2018,3,2018-09-15,Michigan,SMU,-37.0,,55.0,,consensus,4
401012891,2018,4,2018-09-22,Michigan,Nebraska,-18.0,,52.0,,consensus,4
401012892,2018,5,2018-09-29,Northwestern,Michigan,14.5,,47.0,,consensus,4
401012893,2018,7,2018-10-13,Michigan,Wisconsin,-10.0,,47.5,,consensus,4
401012894,2018,10,2018-11-03,Michigan,Penn State,-13.0,,49.5,,consensus,4
401012895,2018,13,2018-11-24,Ohio State,Michigan,4.5,,53.0,,consensus,4
401013026,2018,1,2018-09-01,Baylor,Abilene Christian,-41.0,,,,consensus,1
401013027,2018,2,2018-09-08,UTSA,Baylor,17.0,,55.0,,consensus,4
401013028,2018,3,2018-09-15,Baylor,Duke,-2.5,,49.5,,consensus,4
401013029,2018,4,2018-09-22,Baylor,Kansas,-7.5,,54.5,,consensus,4
401013030,2018,5,2018-09-29,Oklahoma,Baylor,-22.5,,68.5,,consensus,4
401013031,2018,6,2018-10-06,Baylor,Kansas State,-4.0,,53.5,,consensus,4
401013032,2018,7,2018-10-13,Texas,Baylor,-14.0,,58.5,,consensus,4
401013033,2018,9,2018-10-25,West Virginia,Baylor,-14.5,,67.0,,consensus,4
401013034,2018,10,2018-11-03,Baylor,Oklahoma State,6.0,,69.0,,consensus,4
401013035,2018,11,2018-11-10,Iowa State,Baylor,-17.0,,51.0,,consensus,4
401013036,2018,12,2018-11-17,Baylor,TCU,,,50.5,,consensus,4
401013037,2018,13,2018-11-24,Texas Tech,Baylor,-6.0,,64.0,,consensus,4
401013039,2018,3,2018-09-15,Iowa State,Oklahoma,18.5,,55.0,,consensus,4
401013040,2018,4,2018-09-22,Iowa State,Akron,-19.5,,48.0,,consensus,4
401013041,2018,5,2018-09-29,TCU,Iowa State,-11.0,,45.5,,consensus,4
401013042,2018,6,2018-10-06,Oklahoma State,Iowa State,-10.0,,55.5,,consensus,4
401013043,2018,7,2018-10-13,Iowa State,West Virginia,4.5,,55.0,,consensus,4
401013044,2018,9,2018-10-27,Iowa State,Texas Tech,-5.5,,57.5,,consensus,4
401013045,2018,10,2018-11-03,Kansas,Iowa State,18.0,,46.5,,consensus,4
401013046,2018,12,2018-11-17,Texas,Iowa State,-2.0,,50.5,,consensus,4
401013047,2018,13,2018-11-24,Iowa State,Kansas State,-10.5,,42.0,,consensus,4
401013048,2018,1,2018-09-01,Kansas,Nicholls,-8.0,,57.0,,consensus,1
401013049,2018,2,2018-09-08,Central Michigan,Kansas,-3.0,,48.5,,teamrankings,2
401013050,2018,5,2018-09-29,Kansas,Oklahoma State,17.5,,56.5,,consensus,4
401013051,2018,6,2018-10-06,West Virginia,Kansas,-27.5,,62.5,,consensus,4
401013052,2018,8,2018-10-20,Texas Tech,Kansas,-17.5,,59.0,,consensus,4
401013053,2018,9,2018-10-27,Kansas,TCU,13.5,,47.0,,consensus,4
401013054,2018,11,2018-11-10,Kansas State,Kansas,-9.0,,46.0,,consensus,4
401013055,2018,12,2018-11-17,Oklahoma,Kansas,-35.0,,69.0,,consensus,4
401013056,2018,13,2018-11-23,Kansas,Texas,15.5,,51.0,,consensus,4
401013057,2018,1,2018-09-01,Kansas State,South Dakota,-24.0,,63.0,,consensus,1
401013058,2018,3,2018-09-15,Kansas State,UTSA,-21.0,,46.0,,consensus,4
401013059,2018,4,2018-09-22,West Virginia,Kansas State,-16.0,,60.5,,consensus,4
401013060,2018,5,2018-09-29,Kansas State,Texas,8.5,,48.5,,consensus,4
401013061,2018,7,2018-10-13,Kansas State,Oklahoma State,9.0,,61.5,,consensus,4
401013062,2018,9,2018-10-27,Oklahoma,Kansas State,-24.0,,64.0,,consensus,4
401013063,2018,10,2018-11-03,TCU,Kansas State,-10.0,,44.5,,consensus,4
401013064,2018,12,2018-11-17,Kansas State,Texas Tech,6.5,,55.5,,consensus,4
401013065,2018,1,2018-09-01,Oklahoma,Florida Atlantic,-19.0,,72.0,,consensus,4
401013066,2018,4,2018-09-22,Oklahoma,Army,-29.5,,60.0,,consensus,4
401013067,2018,6,2018-10-06,Oklahoma,Texas,-7.0,,60.5,,consensus,4
401013068,2018,8,2018-10-20,TCU,Oklahoma,8.0,,62.0,,consensus,4
401013069,2018,10,2018-11-03,Texas Tech,Oklahoma,14.0,,78.5,,consensus,4
401013070,2018,11,2018-11-10,Oklahoma,Oklahoma State,-22.0,,80.0,,consensus,4
401013071,2018,13,2018-11-23,West Virginia,Oklahoma,3.0,,88.0,,consensus,4
401013072,2018,1,2018-09-01,TCU,Southern,-49.0,,57.5,,consensus,1
401013074,2018,3,2018-09-15,TCU,Ohio State,12.5,,60.0,,consensus,4
401013075,2018,4,2018-09-22,Texas,TCU,3.0,,50.0,,consensus,4
401013076,2018,7,2018-10-11,TCU,Texas Tech,-7.5,,57.5,,consensus,4
401013077,2018,11,2018-11-10,West Virginia,TCU,-13.5,,55.5,,consensus,4
401013078,2018,13,2018-11-24,TCU,Oklahoma State,5.5,,53.5,,consensus,4
401013086,2018,1,2018-08-30,Tulane,Wake Forest,7.5,,56.0,,consensus,4
401013087,2018,1,2018-09-01,Boston College,Massachusetts,-20.5,,63.0,,consensus,4
401013088,2018,1,2018-09-01,Clemson,Furman,-50.5,,58.5,,consensus,1
401013089,2018,1,2018-08-31,Duke,Army,-14.0,,45.5,,consensus,4
401013090,2018,1,2018-09-01,Georgia Tech,Alcorn State,-43.0,,58.5,,consensus,1
401013091,2018,1,2018-09-01,NC State,James Madison,-14.5,,56.5,,consensus,1
401013092,2018,1,2018-09-01,Pittsburgh,UAlbany,-27.0,,43.5,,consensus,1
401013094,2018,1,2018-09-01,Virginia,Richmond,-14.5,,55.5,,consensus,1
401013095,2018,1,2018-09-02,LSU,Miami,3.0,,47.0,,consensus,4
401013096,2018,1,2018-09-03,Florida State,Virginia Tech,-7.0,,55.5,,consensus,4
401013098,2018,2,2018-09-08,Northwestern,Duke,-2.5,,47.5,,consensus,4
401013099,2018,2,2018-09-08,Florida State,Samford,-33.0,,56.5,,consensus,1
401013100,2018,2,2018-09-08,South Florida,Georgia Tech,3.0,,60.0,,consensus,4
401013102,2018,2,2018-09-08,Miami,Savannah State,-62.0,,63.5,,consensus,1
401013103,2018,2,2018-09-08,East Carolina,North Carolina,16.0,,60.0,,consensus,4
401013104,2018,2,2018-09-08,NC State,Georgia State,-25.0,,56.5,,teamrankings,2
401013105,2018,2,2018-09-08,Pittsburgh,Penn State,7.5,,50.5,,consensus,4
401013107,2018,2,2018-09-08,Virginia Tech,William & Mary,-42.0,,,,consensus,1
401013108,2018,2,2018-09-08,Wake Forest,Towson,-34.0,,57.5,,consensus,1
401013109,2018,3,2018-09-13,Wake Forest,Boston College,6.0,,58.5,,consensus,4
401013110,2018,3,2018-09-15,Clemson,Georgia Southern,-32.0,,49.5,,consensus,4
401013111,2018,3,2018-09-15,Syracuse,Florida State,3.5,,69.5,,consensus,4
401013112,2018,3,2018-09-15,Pittsburgh,Georgia Tech,3.5,,54.5,,consensus,4
401013113,2018,3,2018-09-15,Louisville,Western Kentucky,-23.5,,54.5,,consensus,4
401013114,2018,3,2018-09-15,Toledo,Miami,12.0,,58.5,,consensus,4
401013117,2018,3,2018-09-15,Virginia,Ohio,-5.0,,54.5,,consensus,4
401013119,2018,4,2018-09-22,Purdue,Boston College,6.5,,62.5,,consensus,4
401013120,2018,4,2018-09-22,Georgia Tech,Clemson,16.5,,55.0,,consensus,4
401013121,2018,4,2018-09-22,Duke,North Carolina Central,-46.0,,55.5,,consensus,1
401013122,2018,4,2018-09-22,Florida State,Northern Illinois,-10.0,,45.0,,consensus,4
401013123,2018,4,2018-09-22,Virginia,Louisville,-5.0,,52.0,,consensus,4
401013124,2018,4,2018-09-22,Miami,Florida International,-26.0,,58.0,,consensus,4
401013125,2018,4,2018-09-22,North Carolina,Pittsburgh,3.0,,49.0,,consensus,4
401013126,2018,4,2018-09-22,Marshall,NC State,6.0,,56.0,,consensus,4
401013127,2018,4,2018-09-22,Syracuse,UConn,-30.0,,75.5,,consensus,4
401013128,2018,4,2018-09-22,Old Dominion,Virginia Tech,28.5,,52.5,,consensus,4
401013129,2018,4,2018-09-22,Wake Forest,Notre Dame,6.5,,59.5,,consensus,4
401013130,2018,5,2018-09-29,Boston College,Temple,-13.0,,54.0,,consensus,4
401013131,2018,5,2018-09-29,Clemson,Syracuse,-24.5,,64.5,,consensus,4
401013132,2018,5,2018-09-29,Duke,Virginia Tech,-6.5,,51.5,,consensus,4
401013133,2018,5,2018-09-29,Louisville,Florida State,5.5,,47.0,,consensus,4
401013134,2018,5,2018-09-29,Georgia Tech,Bowling Green,-28.0,,65.0,,consensus,4
401013135,2018,5,2018-09-29,NC State,Virginia,-6.5,,53.0,,consensus,4
401013136,2018,5,2018-09-29,UCF,Pittsburgh,-13.0,,65.5,,teamrankings,2
401013137,2018,5,2018-09-29,Wake Forest,Rice,-28.0,,66.0,,consensus,4
401013138,2018,6,2018-10-05,Louisville,Georgia Tech,5.5,,56.5,,consensus,4
401013139,2018,6,2018-10-06,NC State,Boston College,-6.5,,61.0,,consensus,4
401013140,2018,6,2018-10-06,Wake Forest,Clemson,20.5,,61.0,,consensus,4
401013141,2018,6,2018-10-06,Miami,Florida State,-14.0,,48.5,,consensus,4
401013142,2018,6,2018-10-06,Pittsburgh,Syracuse,3.5,,58.0,,consensus,4
401013143,2018,6,2018-10-06,Virginia Tech,Notre Dame,6.5,,54.5,,consensus,4
401013144,2018,7,2018-10-13,Boston College,Louisville,-12.0,,56.5,,consensus,4
401013145,2018,7,2018-10-13,Georgia Tech,Duke,-2.0,,55.0,,consensus,4
401013146,2018,7,2018-10-13,Virginia,Miami,7.0,,46.5,,consensus,4
401013147,2018,7,2018-10-13,North Carolina,Virginia Tech,6.5,,57.5,,consensus,4
401013148,2018,7,2018-10-13,Notre Dame,Pittsburgh,-21.0,,56.0,,consensus,4
401013149,2018,8,2018-10-20,Clemson,NC State,-18.5,,57.5,,consensus,4
401013150,2018,8,2018-10-20,Duke,Virginia,-6.5,,45.5,,consensus,4
401013151,2018,8,2018-10-20,Florida State,Wake Forest,-10.5,,58.5,,consensus,4
401013152,2018,8,2018-10-20,Syracuse,North Carolina,-10.0,,66.5,,consensus,4
401013153,2018,9,2018-10-25,Virginia Tech,Georgia Tech,-3.0,,58.5,,consensus,4
401013154,2018,9,2018-10-26,Boston College,Miami,3.5,,49.5,,consensus,4
401013155,2018,9,2018-10-27,Florida State,Clemson,18.0,,49.5,,consensus,4
401013156,2018,9,2018-10-27,Pittsburgh,Duke,3.0,,46.0,,consensus,4
401013157,2018,9,2018-10-27,Louisville,Wake Forest,-2.5,,68.0,,consensus,4
401013158,2018,9,2018-10-27,Virginia,North Carolina,-8.0,,51.0,,consensus,4
401013159,2018,9,2018-10-27,Syracuse,NC State,2.0,,65.0,,consensus,4
401013160,2018,10,2018-11-02,Virginia,Pittsburgh,-7.0,,45.5,,consensus,4
401013161,2018,10,2018-11-03,Virginia Tech,Boston College,2.0,,57.0,,consensus,4
401013162,2018,10,2018-11-03,Clemson,Louisville,-38.5,,61.0,,consensus,4
401013163,2018,10,2018-11-03,Miami,Duke,-9.5,,50.5,,consensus,4
401013164,2018,10,2018-11-03,NC State,Florida State,-9.5,,51.5,,consensus,4
401013165,2018,10,2018-11-03,North Carolina,Georgia Tech,4.0,,64.5,,consensus,4
401013166,2018,10,2018-11-03,Wake Forest,Syracuse,6.5,,78.5,,consensus,4
401013167,2018,11,2018-11-08,NC State,Wake Forest,-19.0,,67.5,,consensus,4
401013168,2018,11,2018-11-09,Syracuse,Louisville,-20.5,,69.0,,consensus,4
401013169,2018,11,2018-11-10,Boston College,Clemson,17.5,,51.0,,consensus,4
401013170,2018,11,2018-11-10,Duke,North Carolina,-7.5,,58.5,,consensus,4
401013171,2018,11,2018-11-10,Notre Dame,Florida State,-17.0,,51.5,,consensus,4
401013172,2018,11,2018-11-10,Georgia Tech,Miami,-1.0,,51.0,,consensus,4
401013173,2018,11,2018-11-10,Pittsburgh,Virginia Tech,-3.5,,53.5,,consensus,4
401013174,2018,11,2018-11-10,Virginia,Liberty,-24.0,,58.5,,consensus,4
401013175,2018,12,2018-11-17,Florida State,Boston College,3.0,,49.5,,consensus,4
401013176,2018,12,2018-11-17,Clemson,Duke,-28.0,,58.5,,consensus,4
401013177,2018,12,2018-11-17,Georgia Tech,Virginia,-6.5,,52.5,,consensus,4
401013178,2018,12,2018-11-17,Louisville,NC State,16.0,,65.0,,consensus,4
401013179,2018,12,2018-11-17,Virginia Tech,Miami,6.5,,53.0,,consensus,4
401013180,2018,12,2018-11-17,North Carolina,Western Carolina,-31.0,,81.5,,consensus,1
401013181,2018,12,2018-11-17,Wake Forest,Pittsburgh,5.5,,62.0,,consensus,4
401013182,2018,12,2018-11-17,Notre Dame,Syracuse,-10.0,,64.5,,consensus,4
401013183,2018,13,2018-11-23,Virginia Tech,Virginia,5.5,,49.5,,consensus,4
401013184,2018,13,2018-11-24,Boston College,Syracuse,-5.0,,58.5,,consensus,4
401013185,2018,13,2018-11-24,Duke,Wake Forest,-10.0,,61.0,,consensus,4
401013186,2018,13,2018-11-24,Miami,Pittsburgh,-6.0,,45.5,,consensus,4
401013187,2018,13,2018-11-24,North Carolina,NC State,7.0,,59.0,,consensus,4
401013188,2018,10,2018-11-03,Texas,West Virginia,1.0,,58.5,,consensus,4
401013189,2018,9,2018-10-27,Navy,Notre Dame,22.0,,56.5,,consensus,4
401013319,2018,2,2018-09-08,Texas,Tulsa,-22.0,,60.0,,consensus,4
401013320,2018,9,2018-10-27,Oklahoma State,Texas,2.5,,61.0,,consensus,4
401013321,2018,11,2018-11-10,Texas Tech,Texas,2.0,,62.5,,consensus,4
401013322,2018,2,2018-09-08,Texas Tech,Lamar,-49.0,,71.5,,consensus,1
401013323,2018,3,2018-09-15,Texas Tech,Houston,-1.0,,69.0,,consensus,4
401013324,2018,4,2018-09-22,Oklahoma State,Texas Tech,-14.5,,77.0,,consensus,4
401013325,2018,5,2018-09-29,Texas Tech,West Virginia,3.5,,75.0,,consensus,4
401013326,2018,2,2018-09-08,West Virginia,Youngstown State,-33.5,,63.5,,consensus,1
401013327,2018,12,2018-11-17,Oklahoma State,West Virginia,6.0,,74.5,,consensus,4
401013328,2018,1,2018-08-30,Minnesota,New Mexico State,-21.5,,49.0,,teamrankings,2
401013329,2018,2,2018-09-08,Minnesota,Fresno State,1.0,,50.0,,consensus,4
401013330,2018,3,2018-09-15,Minnesota,Miami (OH),-13.5,,46.5,,consensus,4
401013331,2018,7,2018-10-13,Ohio State,Minnesota,-29.5,,62.0,,consensus,4
401013332,2018,8,2018-10-20,Nebraska,Minnesota,-5.0,,55.5,,consensus,4
401013333,2018,11,2018-11-10,Minnesota,Purdue,10.0,,58.5,,consensus,4
401013334,2018,12,2018-11-17,Minnesota,Northwestern,-3.0,,49.0,,consensus,4
401013335,2018,13,2018-11-24,Wisconsin,Minnesota,-12.5,,53.0,,consensus,4
401013337,2018,3,2018-09-15,Nebraska,Troy,-10.0,,56.5,,consensus,4
401013338,2018,5,2018-09-29,Nebraska,Purdue,3.5,,58.0,,consensus,4
401013339,2018,6,2018-10-06,Wisconsin,Nebraska,-18.0,,60.5,,consensus,4
401013340,2018,7,2018-10-13,Northwestern,Nebraska,-3.5,,58.5,,consensus,4
401013341,2018,10,2018-11-03,Ohio State,Nebraska,-17.5,,75.5,,consensus,4
401013342,2018,1,2018-08-30,Purdue,Northwestern,-1.0,,51.0,,consensus,4
401013343,2018,3,2018-09-15,Northwestern,Akron,-21.0,,47.5,,consensus,4
401013344,2018,9,2018-10-27,Northwestern,Wisconsin,4.0,,50.5,,consensus,4
401013345,2018,10,2018-11-03,Northwestern,Notre Dame,10.0,,50.0,,consensus,4
401013346,2018,4,2018-09-22,Ohio State,Tulane,-37.5,,67.0,,consensus,4
401013347,2018,5,2018-09-29,Penn State,Ohio State,3.5,,69.5,,consensus,4
401013348,2018,8,2018-10-20,Purdue,Ohio State,12.5,,65.5,,consensus,4
401013349,2018,1,2018-09-01,Penn State,App State,-24.5,,54.0,,consensus,4
401013350,2018,3,2018-09-15,Penn State,Kent State,-35.5,,64.5,,consensus,4
401013351,2018,11,2018-11-10,Penn State,Wisconsin,-7.5,,53.5,,consensus,4
401013352,2018,2,2018-09-08,Purdue,Eastern Michigan,-15.5,,50.5,,consensus,4
401013353,2018,12,2018-11-17,Purdue,Wisconsin,-4.0,,55.5,,consensus,4
401013354,2018,1,2018-08-31,Wisconsin,Western Kentucky,-36.0,,52.0,,consensus,4
401013355,2018,2,2018-09-08,Wisconsin,New Mexico,-35.5,,58.5,,consensus,4
401013356,2018,3,2018-09-15,Wisconsin,BYU,-23.5,,52.0,,consensus,4
401013357,2018,1,2018-08-25,Massachusetts,Duquesne,-21.0,,68.0,,consensus,1
401013358,2018,2,2018-09-08,Georgia Southern,Massachusetts,-1.5,,60.5,,consensus,4
401013359,2018,3,2018-09-15,Florida International,Massachusetts,-3.5,,65.5,,consensus,4
401013360,2018,4,2018-09-22,Massachusetts,Charlotte,-6.0,,56.0,,consensus,4
401013361,2018,5,2018-09-29,Ohio,Massachusetts,-11.5,,68.5,,consensus,4
401013362,2018,6,2018-10-06,Massachusetts,South Florida,14.0,,72.0,,consensus,4
401013363,2018,8,2018-10-20,Massachusetts,Coastal Carolina,-2.5,,75.0,,consensus,4
401013364,2018,9,2018-10-27,UConn,Massachusetts,3.5,,64.0,,consensus,4
401013365,2018,10,2018-11-03,Massachusetts,Liberty,1.0,,67.0,,consensus,4
401013366,2018,11,2018-11-10,Massachusetts,BYU,14.0,,56.5,,consensus,4
401013367,2018,2,2018-09-08,Army,Liberty,-7.5,,57.5,,consensus,4
401013368,2018,3,2018-09-15,Army,Hawai'i,-6.5,,62.5,,consensus,4
401013369,2018,5,2018-09-29,Buffalo,Army,-7.5,,54.5,,teamrankings,2
401013370,2018,7,2018-10-13,San José State,Army,17.5,,50.5,,teamrankings,2
401013371,2018,8,2018-10-20,Army,Miami (OH),-6.5,,47.0,,consensus,4
401013372,2018,9,2018-10-27,Eastern Michigan,Army,1.5,,48.0,,consensus,4
401013373,2018,10,2018-11-03,Army,Air Force,-5.5,,41.5,,consensus,4
401013374,2018,11,2018-11-10,Army,Lafayette,-46.0,,53.5,,consensus,1
401013375,2018,12,2018-11-17,Army,Colgate,-10.0,,37.0,,consensus,1
401013376,2018,15,2018-12-08,Army,Navy,-7.0,,39.0,,consensus,4
401013377,2018,2,2018-09-08,Notre Dame,Ball State,-34.5,,60.5,,consensus,4
401013437,2018,1,2018-08-25,New Mexico State,Wyoming,5.0,,47.0,,teamrankings,2
401013438,2018,2,2018-09-08,Utah State,New Mexico State,-23.0,,62.0,,teamrankings,2
401013439,2018,3,2018-09-15,New Mexico State,New Mexico,3.0,,60.5,,teamrankings,2
401013440,2018,4,2018-09-22,UTEP,New Mexico State,4.5,,50.5,,teamrankings,2
401013441,2018,6,2018-10-06,New Mexico State,Liberty,3.0,,64.0,,teamrankings,2
401013442,2018,7,2018-10-13,Louisiana,New Mexico State,-7.5,,66.5,,teamrankings,2
401013443,2018,8,2018-10-20,New Mexico State,Georgia Southern,9.5,,52.5,,consensus,4
401013444,2018,9,2018-10-27,Texas State,New Mexico State,1.0,,57.0,,consensus,4
401013445,2018,10,2018-11-03,New Mexico State,Alcorn State,-13.0,,,,consensus,1
401013446,2018,12,2018-11-17,BYU,New Mexico State,-25.5,,58.0,,teamrankings,2
401013447,2018,13,2018-11-24,Liberty,New Mexico State,-7.0,,72.5,,teamrankings,2
401013448,2018,1,2018-09-01,Liberty,Old Dominion,5.0,,58.0,,consensus,4
401013450,2018,4,2018-09-22,Liberty,North Texas,11.0,,68.5,,consensus,4
401013451,2018,5,2018-09-29,New Mexico,Liberty,-7.0,,66.0,,consensus,4
401013452,2018,7,2018-10-13,Liberty,Troy,11.0,,62.5,,consensus,4
401013453,2018,8,2018-10-20,Liberty,Idaho State,-7.5,,,,consensus,1
401013466,2018,5,2018-09-27,Miami,North Carolina,-18.5,,56.0,,consensus,4
401013489,2018,1,2018-08-30,Oklahoma State,Missouri State,-46.0,,73.0,,consensus,1
401013490,2018,2,2018-09-08,Oklahoma State,South Alabama,-30.5,,64.0,,consensus,4
401013491,2018,3,2018-09-15,Oklahoma State,Boise State,2.0,,67.0,,consensus,4
401014972,2018,1,2018-08-25,Rice,Prairie View A&M,-22.5,,58.5,,consensus,1
401014973,2018,1,2018-09-01,Charlotte,Fordham,-16.5,,56.0,,consensus,1
401014974,2018,1,2018-09-01,South Alabama,Louisiana Tech,10.5,,51.0,,consensus,4
401014975,2018,1,2018-09-01,Miami (OH),Marshall,-1.5,,51.0,,consensus,4
401014976,2018,1,2018-09-01,North Texas,SMU,-3.5,,71.0,,consensus,4
401014977,2018,1,2018-09-01,Rice,Houston,26.0,,55.5,,consensus,4
401014978,2018,1,2018-09-01,Southern Miss,Jackson State,-33.0,,51.0,,consensus,2
401014979,2018,1,2018-08-30,UAB,Savannah State,-39.0,,54.5,,consensus,1
401014980,2018,1,2018-09-01,UTEP,Northern Arizona,7.0,,52.5,,consensus,1
401014981,2018,2,2018-09-08,Charlotte,App State,15.0,,48.0,,consensus,4
401014982,2018,2,2018-09-08,Old Dominion,Florida International,3.0,,51.5,,consensus,4
401014983,2018,2,2018-09-08,Florida Atlantic,Air Force,-8.0,,61.0,,consensus,4
401014984,2018,2,2018-09-08,Louisiana Tech,Southern,-34.0,,64.5,,consensus,1
401014985,2018,2,2018-09-08,Marshall,Eastern Kentucky,-32.5,,,,consensus,1
401014986,2018,2,2018-09-08,Middle Tennessee,UT Martin,-19.0,,46.5,,consensus,1
401014987,2018,2,2018-09-08,North Texas,Incarnate Word,-43.5,,79.0,,consensus,1
401014988,2018,2,2018-09-08,Hawai'i,Rice,-17.5,,69.0,,consensus,4
401014989,2018,2,2018-09-08,Southern Miss,UL Monroe,-5.5,,67.5,,consensus,4
401014990,2018,2,2018-09-08,Coastal Carolina,UAB,9.0,,54.5,,consensus,4
401014991,2018,2,2018-09-08,UNLV,UTEP,-23.0,,55.0,,consensus,4
401014992,2018,2,2018-09-08,Western Kentucky,Maine,-10.0,,50.5,,consensus,1
401014993,2018,3,2018-09-13,Charlotte,Old Dominion,1.5,,47.5,,consensus,4
401014994,2018,3,2018-09-15,Florida Atlantic,Bethune-Cookman,-41.0,,,,consensus,1
401014996,2018,3,2018-09-15,UAB,Tulane,3.5,,57.0,,consensus,4
401014998,2018,4,2018-09-22,Southern Miss,Rice,-13.5,,55.0,,consensus,4
401014999,2018,4,2018-09-22,UTSA,Texas State,-7.0,,49.0,,consensus,4
401015000,2018,4,2018-09-22,Ball State,Western Kentucky,-3.0,,52.5,,consensus,4
401015001,2018,5,2018-09-29,UAB,Charlotte,-15.5,,52.5,,consensus,4
401015002,2018,5,2018-09-29,Florida International,Arkansas-Pine Bluff,-59.0,,,,consensus,1
401015003,2018,5,2018-09-29,Middle Tennessee,Florida Atlantic,2.5,,63.5,,consensus,3
401015004,2018,5,2018-09-29,North Texas,Louisiana Tech,-7.0,,63.0,,consensus,4
401015005,2018,5,2018-09-29,Western Kentucky,Marshall,3.5,,51.5,,consensus,4
401015006,2018,5,2018-09-29,East Carolina,Old Dominion,-7.0,,60.5,,consensus,4
401015007,2018,5,2018-09-29,UTSA,UTEP,-10.0,,46.0,,consensus,4
401015008,2018,6,2018-10-06,Florida Atlantic,Old Dominion,-13.5,,63.5,,consensus,4
401015009,2018,6,2018-10-06,Louisiana Tech,UAB,-7.5,,56.5,,consensus,4
401015010,2018,6,2018-10-05,Marshall,Middle Tennessee,-3.0,,50.5,,consensus,4
401015011,2018,6,2018-10-06,UTEP,North Texas,26.5,,53.5,,consensus,4
401015012,2018,6,2018-10-06,Rice,UTSA,-1.0,,50.0,,consensus,4
401015013,2018,7,2018-10-13,Charlotte,Western Kentucky,9.5,,44.0,,consensus,4
401015014,2018,7,2018-10-13,Florida International,Middle Tennessee,-2.0,,60.5,,consensus,4
401015015,2018,7,2018-10-13,UTSA,Louisiana Tech,12.5,,45.0,,consensus,4
401015016,2018,7,2018-10-13,Old Dominion,Marshall,3.5,,56.5,,consensus,4
401015017,2018,7,2018-10-13,North Texas,Southern Miss,-7.0,,52.5,,consensus,4
401015018,2018,7,2018-10-13,Rice,UAB,17.0,,52.5,,consensus,4
401015019,2018,8,2018-10-20,Middle Tennessee,Charlotte,-15.5,,50.0,,consensus,3
401015020,2018,8,2018-10-20,Florida International,Rice,-23.5,,53.5,,consensus,4
401015021,2018,8,2018-10-20,Marshall,Florida Atlantic,2.5,,60.5,,consensus,4
401015022,2018,8,2018-10-20,Louisiana Tech,UTEP,-22.0,,49.0,,consensus,4
401015023,2018,8,2018-10-20,UAB,North Texas,-1.5,,52.5,,consensus,4
401015024,2018,8,2018-10-20,Western Kentucky,Old Dominion,-4.0,,55.0,,consensus,4
401015025,2018,8,2018-10-20,Southern Miss,UTSA,-15.5,,44.5,,consensus,4
401015026,2018,9,2018-10-27,Charlotte,Southern Miss,6.5,,44.5,,consensus,4
401015027,2018,9,2018-10-27,Western Kentucky,Florida International,3.0,,54.0,,consensus,4
401015028,2018,9,2018-10-26,Florida Atlantic,Louisiana Tech,-3.5,,58.5,,consensus,4
401015029,2018,9,2018-10-27,Old Dominion,Middle Tennessee,4.0,,61.5,,consensus,4
401015030,2018,9,2018-10-27,North Texas,Rice,-30.0,,58.5,,consensus,4
401015031,2018,9,2018-10-27,UTEP,UAB,14.5,,50.0,,consensus,4
401015032,2018,10,2018-11-03,Florida International,Florida Atlantic,-2.0,,59.0,,consensus,4
401015033,2018,10,2018-11-03,Southern Miss,Marshall,2.5,,47.5,,consensus,4
401015034,2018,10,2018-11-02,Middle Tennessee,Western Kentucky,-13.5,,53.0,,consensus,3
401015035,2018,10,2018-11-03,Rice,UTEP,1.5,,45.0,,consensus,4
401015036,2018,10,2018-11-03,UAB,UTSA,-21.5,,42.0,,consensus,4
401015037,2018,11,2018-11-10,Marshall,Charlotte,-12.5,,42.0,,consensus,4
401015038,2018,11,2018-11-10,UTSA,Florida International,10.5,,47.5,,consensus,4
401015039,2018,11,2018-11-10,Florida Atlantic,Western Kentucky,-18.0,,59.5,,consensus,4
401015040,2018,11,2018-11-10,Louisiana Tech,Rice,-24.0,,52.0,,consensus,4
401015041,2018,11,2018-11-10,UTEP,Middle Tennessee,13.5,,48.0,,consensus,4
401015042,2018,11,2018-11-10,Old Dominion,North Texas,14.5,,67.0,,consensus,4
401015043,2018,11,2018-11-10,UAB,Southern Miss,-13.0,,45.5,,consensus,4
401015044,2018,12,2018-11-17,Charlotte,Florida International,4.0,,45.0,,consensus,4
401015045,2018,12,2018-11-15,North Texas,Florida Atlantic,-4.0,,63.5,,consensus,4
401015046,2018,12,2018-11-17,Southern Miss,Louisiana Tech,-2.0,,45.5,,consensus,4
401015047,2018,12,2018-11-17,Marshall,UTSA,-27.5,,47.5,,consensus,4
401015048,2018,12,2018-11-17,Old Dominion,VMI,-31.5,,73.5,,consensus,1
401015049,2018,12,2018-11-17,Western Kentucky,UTEP,-6.5,,47.5,,consensus,4
401015050,2018,13,2018-11-24,Florida Atlantic,Charlotte,-17.0,,54.5,,consensus,4
401015051,2018,13,2018-11-24,Florida International,Marshall,3.5,,52.5,,consensus,4
401015052,2018,13,2018-11-24,Louisiana Tech,Western Kentucky,-10.5,,50.0,,consensus,4
401015053,2018,13,2018-11-24,Middle Tennessee,UAB,3.0,,51.5,,consensus,3
401015054,2018,13,2018-11-24,UTSA,North Texas,24.5,,51.5,,consensus,4
401015055,2018,13,2018-11-24,Rice,Old Dominion,7.5,,61.5,,consensus,4
401015056,2018,13,2018-11-24,UTEP,Southern Miss,13.5,,44.5,,consensus,4
401016406,2018,4,2018-09-22,BYU,McNeese,-24.5,,41.5,,consensus,1
401016407,2018,6,2018-10-05,BYU,Utah State,1.0,,55.0,,consensus,4
401016408,2018,7,2018-10-13,BYU,Hawai'i,-10.5,,57.5,,consensus,4
401016409,2018,9,2018-10-27,BYU,Northern Illinois,-6.5,,44.0,,consensus,4
401016410,2018,10,2018-11-03,Boise State,BYU,-13.0,,54.0,,consensus,4
401019470,2018,1,2018-08-30,UConn,UCF,22.5,,,,consensus,4
401019472,2018,1,2018-09-01,South Florida,Elon,-27.0,,56.5,,consensus,1
401019473,2018,1,2018-09-01,Temple,Villanova,-15.0,,38.5,,consensus,1
401019475,2018,1,2018-09-01,Hawai'i,Navy,13.5,,62.0,,consensus,4
401019476,2018,1,2018-09-01,Tulsa,Central Arkansas,-11.5,,62.0,,consensus,1
401019477,2018,2,2018-09-07,SMU,TCU,23.5,,60.0,,consensus,4
401019478,2018,2,2018-09-08,Temple,Buffalo,-4.0,,52.5,,teamrankings,2
401019479,2018,2,2018-09-08,Navy,Memphis,7.0,,67.0,,consensus,4
401019480,2018,2,2018-09-08,Tulane,Nicholls,-17.0,,49.5,,consensus,1
401019482,2018,2,2018-09-08,Miami (OH),Cincinnati,-1.5,,48.0,,teamrankings,2
401019483,2018,2,2018-09-08,Boise State,UConn,-33.5,,63.0,,consensus,4
401019484,2018,3,2018-09-14,Memphis,Georgia State,-28.5,,63.0,,teamrankings,2
401019487,2018,3,2018-09-15,Navy,Lehigh,-33.0,,57.5,,consensus,1
401019488,2018,3,2018-09-15,Tulsa,Arkansas State,-1.5,,72.0,,consensus,4
401019489,2018,4,2018-09-20,Temple,Tulsa,-6.5,,54.0,,consensus,4
401019490,2018,4,2018-09-21,UCF,Florida Atlantic,-14.0,,74.5,,teamrankings,2
401019491,2018,4,2018-09-22,Cincinnati,Ohio,-7.0,,56.5,,teamrankings,2
401019492,2018,4,2018-09-22,South Florida,East Carolina,-20.0,,68.0,,consensus,4
401019493,2018,4,2018-09-22,Houston,Texas Southern,-55.0,,65.5,,consensus,1
401019494,2018,4,2018-09-22,Memphis,South Alabama,-31.5,,66.0,,consensus,4
401019495,2018,4,2018-09-22,SMU,Navy,6.5,,58.0,,consensus,4
401019496,2018,5,2018-09-28,Tulane,Memphis,14.5,,66.0,,consensus,4
401019497,2018,5,2018-09-29,UConn,Cincinnati,15.5,,62.5,,teamrankings,2
401019498,2018,5,2018-09-29,SMU,Houston Christian,-44.5,,,,consensus,1
401019499,2018,6,2018-10-04,Houston,Tulsa,-18.0,,71.0,,consensus,4
401019500,2018,6,2018-10-06,UCF,SMU,-25.0,,73.5,,teamrankings,2
401019501,2018,6,2018-10-06,Cincinnati,Tulane,-7.0,,48.0,,teamrankings,2
401019502,2018,6,2018-10-06,Memphis,UConn,-36.0,,77.0,,consensus,4
401019503,2018,6,2018-10-06,Temple,East Carolina,-10.0,,53.0,,consensus,4
401019504,2018,6,2018-10-06,Air Force,Navy,2.5,,47.0,,consensus,4
401019505,2018,7,2018-10-12,Tulsa,South Florida,9.5,,61.0,,consensus,4
401019506,2018,7,2018-10-13,Memphis,UCF,5.0,,80.5,,teamrankings,2
401019507,2018,7,2018-10-13,East Carolina,Houston,16.0,,69.5,,consensus,4
401019508,2018,7,2018-10-13,Navy,Temple,6.5,,49.0,,consensus,4
401019509,2018,8,2018-10-20,East Carolina,UCF,21.5,,65.0,,consensus,4
401019510,2018,8,2018-10-20,Temple,Cincinnati,-2.5,,47.0,,consensus,4
401019511,2018,8,2018-10-20,South Florida,UConn,-31.5,,68.0,,consensus,4
401019512,2018,8,2018-10-20,Navy,Houston,11.5,,59.0,,consensus,4
401019513,2018,8,2018-10-20,Tulane,SMU,-7.5,,55.5,,consensus,4
401019514,2018,9,2018-10-27,SMU,Cincinnati,9.0,,50.0,,consensus,4
401019515,2018,9,2018-10-27,Houston,South Florida,-10.0,,77.0,,consensus,4
401019516,2018,9,2018-10-27,Tulsa,Tulane,-2.5,,50.5,,consensus,4
401019517,2018,10,2018-11-01,UCF,Temple,-10.5,,59.0,,consensus,4
401019518,2018,10,2018-11-03,Cincinnati,Navy,-12.0,,48.0,,consensus,4
401019519,2018,10,2018-11-03,Tulsa,UConn,-18.5,,60.0,,teamrankings,2
401019520,2018,10,2018-11-03,East Carolina,Memphis,11.0,,66.5,,teamrankings,2
401019521,2018,10,2018-11-03,South Florida,Tulane,-6.0,,60.5,,consensus,4
401019522,2018,10,2018-11-03,SMU,Houston,14.0,,71.0,,consensus,4
401019523,2018,11,2018-11-10,UCF,Navy,-24.0,,68.0,,consensus,4
401019524,2018,11,2018-11-10,Cincinnati,South Florida,-14.0,,52.0,,consensus,4
401019525,2018,11,2018-11-10,UConn,SMU,17.0,,66.5,,consensus,4
401019526,2018,11,2018-11-10,Tulane,East Carolina,-10.5,,53.0,,consensus,4
401019527,2018,11,2018-11-10,Houston,Temple,-3.5,,69.5,,consensus,4
401019528,2018,11,2018-11-10,Memphis,Tulsa,-15.5,,65.5,,consensus,3
401019529,2018,12,2018-11-15,Houston,Tulane,-7.5,,69.0,,consensus,4
401019530,2018,12,2018-11-16,SMU,Memphis,7.5,,75.0,,consensus,4
401019531,2018,12,2018-11-17,UCF,Cincinnati,-7.5,,60.0,,teamrankings,2
401019532,2018,12,2018-11-17,East Carolina,UConn,-17.0,,70.5,,consensus,4
401019533,2018,12,2018-11-17,Temple,South Florida,-14.0,,63.5,,consensus,4
401019534,2018,12,2018-11-17,Navy,Tulsa,-6.0,,51.5,,consensus,4
401019535,2018,13,2018-11-23,South Florida,UCF,16.5,,70.0,,teamrankings,2
401019536,2018,13,2018-11-23,Cincinnati,East Carolina,-15.5,,49.5,,teamrankings,2
401019537,2018,13,2018-11-23,Memphis,Houston,-9.5,,76.0,,consensus,4
401019538,2018,13,2018-11-24,UConn,Temple,30.5,,68.5,,consensus,4
401019539,2018,13,2018-11-24,Tulane,Navy,-6.5,,53.5,,consensus,4
401019540,2018,13,2018-11-24,Tulsa,SMU,2.5,,54.5,,consensus,4
401020671,2018,1,2018-08-30,Ball State,Central Connecticut,-19.5,,61.5,,consensus,1
401020672,2018,1,2018-08-31,Eastern Michigan,Monmouth,-23.5,,60.5,,consensus,1
401020673,2018,1,2018-08-31,Western Michigan,Syracuse,5.0,,66.5,,consensus,4
401020675,2018,1,2018-09-01,Ohio,Howard,-31.0,,62.0,,consensus,1
401020676,2018,1,2018-09-01,Toledo,VMI,-48.5,,53.0,,consensus,1
401020677,2018,2,2018-09-08,Kent State,Howard,-9.5,,,,consensus,1
401020678,2018,2,2018-09-08,Akron,Morgan State,-42.5,,,,consensus,1
401020679,2018,3,2018-09-15,Northern Illinois,Central Michigan,-13.5,,48.0,,teamrankings,2
401020680,2018,3,2018-09-15,Western Michigan,Delaware State,-47.0,,,,consensus,1
401020681,2018,3,2018-09-15,Bowling Green,Eastern Kentucky,-14.0,,65.0,,consensus,1
401020682,2018,3,2018-09-15,Buffalo,Eastern Michigan,-3.0,,54.0,,teamrankings,2
401020683,2018,4,2018-09-22,San Diego State,Eastern Michigan,-10.5,,48.5,,consensus,4
401020685,2018,4,2018-09-22,Toledo,Nevada,-10.5,,68.0,,consensus,4
401020686,2018,4,2018-09-22,Georgia State,Western Michigan,8.5,,61.0,,teamrankings,2
401020687,2018,5,2018-09-29,Ball State,Kent State,-7.5,,61.5,,consensus,4
401020688,2018,5,2018-09-29,Eastern Michigan,Northern Illinois,-3.5,,49.5,,consensus,4
401020689,2018,5,2018-09-29,Fresno State,Toledo,-10.0,,61.5,,consensus,4
401020750,2018,5,2018-09-29,Miami (OH),Western Michigan,2.5,,53.0,,consensus,4
401020751,2018,6,2018-10-06,Toledo,Bowling Green,-22.0,,71.5,,consensus,4
401020752,2018,6,2018-10-06,Central Michigan,Buffalo,6.5,,52.0,,teamrankings,2
401020753,2018,6,2018-10-06,Western Michigan,Eastern Michigan,-4.5,,58.5,,consensus,4
401020754,2018,6,2018-10-06,Ball State,Northern Illinois,3.0,,52.5,,consensus,4
401020755,2018,6,2018-10-06,Kent State,Ohio,12.0,,69.0,,consensus,4
401020756,2018,7,2018-10-13,Buffalo,Akron,-12.0,,55.0,,teamrankings,2
401020757,2018,7,2018-10-13,Central Michigan,Ball State,-2.5,,54.5,,teamrankings,2
401020758,2018,7,2018-10-13,Northern Illinois,Ohio,-5.5,,51.5,,consensus,4
401020759,2018,7,2018-10-13,Eastern Michigan,Toledo,2.0,,62.0,,consensus,4
401020760,2018,7,2018-10-13,Bowling Green,Western Michigan,14.5,,68.5,,consensus,4
401020761,2018,8,2018-10-20,Kent State,Akron,4.5,,49.5,,consensus,4
401020762,2018,8,2018-10-20,Ohio,Bowling Green,-16.5,,67.5,,consensus,4
401020763,2018,8,2018-10-20,Toledo,Buffalo,-3.0,,62.0,,consensus,4
401020764,2018,8,2018-10-20,Ball State,Eastern Michigan,3.0,,44.0,,consensus,4
401020765,2018,8,2018-10-20,Central Michigan,Western Michigan,5.0,,54.0,,consensus,4
401020766,2018,9,2018-10-25,Ohio,Ball State,-10.5,,65.5,,consensus,4
401020767,2018,9,2018-10-25,Western Michigan,Toledo,-4.5,,69.0,,consensus,4
401020768,2018,9,2018-10-27,Akron,Central Michigan,-5.5,,42.5,,consensus,4
401020769,2018,10,2018-10-30,Bowling Green,Kent State,-1.5,,68.0,,consensus,4
401020770,2018,10,2018-10-30,Buffalo,Miami (OH),-7.0,,53.0,,consensus,4
401020771,2018,10,2018-10-31,Toledo,Ball State,-19.5,,64.0,,consensus,4
401020772,2018,10,2018-11-01,Akron,Northern Illinois,6.0,,37.5,,consensus,4
401020773,2018,10,2018-11-01,Western Michigan,Ohio,3.5,,65.5,,consensus,4
401020774,2018,10,2018-11-03,Eastern Michigan,Central Michigan,-14.0,,46.5,,consensus,4
401020775,2018,11,2018-11-06,Buffalo,Kent State,-17.0,,48.0,,consensus,4
401020776,2018,11,2018-11-07,Miami (OH),Ohio,4.5,,59.5,,consensus,4
401020777,2018,11,2018-11-07,Northern Illinois,Toledo,-3.5,,53.5,,consensus,4
401020778,2018,11,2018-11-10,Eastern Michigan,Akron,-11.5,,41.5,,consensus,4
401020779,2018,11,2018-11-10,Central Michigan,Bowling Green,-7.5,,50.0,,consensus,4
401020780,2018,12,2018-11-13,Ball State,Western Michigan,9.5,,57.5,,consensus,4
401020781,2018,12,2018-11-14,Ohio,Buffalo,-2.5,,66.0,,teamrankings,2
401020782,2018,12,2018-11-14,Northern Illinois,Miami (OH),-6.0,,48.0,,consensus,4
401020783,2018,12,2018-11-15,Kent State,Toledo,11.5,,57.5,,consensus,4
401020784,2018,12,2018-11-17,Akron,Bowling Green,-6.5,,48.0,,consensus,4
401020785,2018,13,2018-11-20,Miami (OH),Ball State,-15.0,,55.5,,consensus,4
401020786,2018,13,2018-11-20,Western Michigan,Northern Illinois,6.5,,49.0,,consensus,4
401020787,2018,13,2018-11-23,Ohio,Akron,-24.0,,57.0,,consensus,4
401020788,2018,13,2018-11-23,Bowling Green,Buffalo,16.0,,62.0,,teamrankings,2
401020789,2018,13,2018-11-23,Toledo,Central Michigan,-19.0,,58.0,,teamrankings,2
401020790,2018,13,2018-11-23,Kent State,Eastern Michigan,13.5,,52.5,,consensus,4
401020810,2018,7,2018-10-13,Miami (OH),Kent State,-11.0,,58.0,,consensus,4
401020811,2018,4,2018-09-22,Bowling Green,Miami (OH),6.5,,55.0,,consensus,4
401020812,2018,6,2018-10-06,Akron,Miami (OH),-5.0,,47.5,,consensus,4
401021652,2018,1,2018-09-01,Arkansas State,Southeast Missouri State,-32.5,,56.0,,consensus,1
401021653,2018,1,2018-09-01,Georgia Southern,South Carolina State,-28.0,,46.5,,consensus,1
401021654,2018,1,2018-09-01,Louisiana,Grambling,-14.0,,61.0,,consensus,1
401021655,2018,1,2018-08-30,UL Monroe,SE Louisiana,-21.0,,74.0,,consensus,1
401021656,2018,1,2018-09-01,Troy,Boise State,9.5,,48.0,,consensus,4
401021657,2018,2,2018-09-08,Texas State,Texas Southern,-34.0,,52.5,,consensus,1
401021658,2018,2,2018-09-08,Troy,Florida A&M,-34.5,,59.5,,consensus,1
401021660,2018,3,2018-09-15,South Alabama,Texas State,-9.5,,49.0,,consensus,4
401021661,2018,4,2018-09-22,App State,Gardner-Webb,-45.0,,56.0,,consensus,1
401021662,2018,4,2018-09-22,Arkansas State,UNLV,-8.0,,66.0,,consensus,4
401021663,2018,4,2018-09-22,Louisiana,Coastal Carolina,-3.0,,63.0,,consensus,4
401021664,2018,4,2018-09-22,UL Monroe,Troy,4.5,,58.5,,consensus,4
401021665,2018,5,2018-09-29,App State,South Alabama,-25.5,,57.5,,consensus,4
401021666,2018,5,2018-09-29,Georgia Southern,Arkansas State,3.0,,54.0,,consensus,4
401021667,2018,5,2018-09-29,Troy,Coastal Carolina,-14.0,,56.5,,consensus,4
401021668,2018,5,2018-09-29,Georgia State,UL Monroe,6.0,,65.0,,teamrankings,2
401021669,2018,6,2018-10-04,Troy,Georgia State,-17.0,,55.5,,teamrankings,2
401021670,2018,6,2018-10-06,Georgia Southern,South Alabama,-12.5,,57.0,,consensus,4
401021671,2018,6,2018-10-06,Texas State,Louisiana,3.0,,57.5,,consensus,4
401021672,2018,7,2018-10-09,Arkansas State,App State,10.5,,59.5,,consensus,4
401021673,2018,7,2018-10-11,Texas State,Georgia Southern,17.5,,51.5,,consensus,4
401021674,2018,7,2018-10-13,Coastal Carolina,UL Monroe,-7.0,,66.0,,consensus,4
401021675,2018,7,2018-10-13,South Alabama,Alabama State,-27.5,,55.5,,consensus,1
401021676,2018,8,2018-10-18,Arkansas State,Georgia State,-13.0,,56.5,,consensus,4
401021677,2018,8,2018-10-20,App State,Louisiana,-25.5,,65.0,,consensus,4
401021678,2018,8,2018-10-20,UL Monroe,Texas State,-10.5,,60.0,,consensus,4
401021679,2018,9,2018-10-23,South Alabama,Troy,11.0,,52.5,,consensus,4
401021680,2018,9,2018-10-25,Georgia Southern,App State,11.0,,47.5,,consensus,4
401021681,2018,9,2018-10-27,Louisiana,Arkansas State,3.0,,69.5,,consensus,4
401021682,2018,9,2018-10-27,Georgia State,Coastal Carolina,2.5,,60.0,,consensus,4
401021683,2018,10,2018-11-03,Coastal Carolina,App State,13.5,,52.0,,consensus,4
401021684,2018,10,2018-11-03,Arkansas State,South Alabama,-14.0,,62.0,,consensus,4
401021685,2018,10,2018-11-03,UL Monroe,Georgia Southern,7.0,,60.5,,consensus,4
401021686,2018,10,2018-11-03,Georgia State,Texas State,-7.0,,52.5,,consensus,4
401021687,2018,10,2018-11-03,Troy,Louisiana,-8.0,,64.0,,consensus,4
401021688,2018,11,2018-11-10,Coastal Carolina,Arkansas State,6.5,,62.0,,consensus,4
401021689,2018,11,2018-11-10,Georgia Southern,Troy,2.5,,44.5,,consensus,4
401021690,2018,11,2018-11-10,Louisiana,Georgia State,-14.0,,69.0,,consensus,4
401021691,2018,11,2018-11-10,South Alabama,UL Monroe,7.5,,62.0,,consensus,4
401021692,2018,12,2018-11-17,App State,Georgia State,-27.5,,54.5,,teamrankings,2
401021693,2018,12,2018-11-17,Arkansas State,UL Monroe,-8.0,,68.5,,consensus,4
401021694,2018,12,2018-11-17,Coastal Carolina,Georgia Southern,7.5,,53.5,,consensus,4
401021695,2018,12,2018-11-17,Louisiana,South Alabama,-20.0,,66.0,,consensus,4
401021696,2018,12,2018-11-17,Troy,Texas State,-22.5,,48.0,,consensus,4
401021697,2018,13,2018-11-24,App State,Troy,-11.0,,45.5,,consensus,4
401021698,2018,13,2018-11-24,Texas State,Arkansas State,13.5,,49.5,,consensus,4
401021699,2018,13,2018-11-23,South Alabama,Coastal Carolina,-1.0,,58.0,,consensus,4
401021700,2018,13,2018-11-24,Georgia State,Georgia Southern,10.0,,60.0,,teamrankings,2
401021701,2018,13,2018-11-24,UL Monroe,Louisiana,-1.5,,71.0,,consensus,4
401021702,2018,11,2018-11-10,Texas State,App State,19.0,,46.5,,consensus,4
401022510,2018,1,2018-08-25,Colorado State,Hawai'i,-17.0,,57.5,,consensus,4
401022512,2018,1,2018-08-31,Stanford,San Diego State,-14.0,,49.5,,consensus,4
401022514,2018,1,2018-09-01,Air Force,Stony Brook,-14.5,,57.5,,consensus,1
401022515,2018,1,2018-09-01,New Mexico,Incarnate Word,-36.0,,63.5,,consensus,1
401022516,2018,1,2018-09-01,Fresno State,Idaho,-24.5,,43.0,,consensus,1
401022517,2018,1,2018-08-31,Nevada,Portland State,-28.0,,71.0,,consensus,1
401022518,2018,2,2018-09-08,San Diego State,Sacramento State,-25.5,,58.5,,consensus,1
401022520,2018,3,2018-09-15,Wyoming,Wofford,-14.0,,47.5,,consensus,1
401022521,2018,3,2018-09-15,UNLV,Prairie View A&M,-32.0,,67.0,,consensus,1
401022522,2018,4,2018-09-22,Utah State,Air Force,-10.0,,61.0,,consensus,4
401022523,2018,4,2018-09-22,Colorado State,Illinois State,-4.0,,58.5,,consensus,1
401022524,2018,4,2018-09-22,Hawai'i,Duquesne,-39.0,,73.0,,consensus,1
401022525,2018,5,2018-09-29,Air Force,Nevada,-3.5,,63.0,,consensus,4
401022526,2018,5,2018-09-29,Wyoming,Boise State,16.0,,47.5,,consensus,4
401022527,2018,5,2018-09-29,San José State,Hawai'i,9.0,,63.5,,teamrankings,2
401022528,2018,6,2018-10-06,Boise State,San Diego State,-13.5,,51.0,,consensus,4
401022529,2018,6,2018-10-06,San José State,Colorado State,3.0,,59.0,,teamrankings,2
401022530,2018,6,2018-10-06,UNLV,New Mexico,-8.0,,63.0,,consensus,4
401022531,2018,6,2018-10-06,Hawai'i,Wyoming,3.5,,52.0,,consensus,4
401022532,2018,6,2018-10-06,Nevada,Fresno State,16.0,,59.0,,consensus,4
401022533,2018,7,2018-10-12,San Diego State,Air Force,-11.0,,42.5,,consensus,4
401022534,2018,7,2018-10-13,Nevada,Boise State,14.0,,59.5,,consensus,4
401022535,2018,7,2018-10-13,Colorado State,New Mexico,1.0,,62.5,,consensus,4
401022536,2018,7,2018-10-13,Utah State,UNLV,-27.0,,65.5,,consensus,4
401022537,2018,7,2018-10-13,Fresno State,Wyoming,-18.0,,44.0,,consensus,4
401022538,2018,8,2018-10-19,Boise State,Colorado State,-23.5,,61.5,,consensus,4
401022539,2018,8,2018-10-19,UNLV,Air Force,9.5,,54.0,,consensus,4
401022540,2018,8,2018-10-20,Wyoming,Utah State,13.5,,50.0,,consensus,4
401022541,2018,8,2018-10-20,New Mexico,Fresno State,14.0,,52.5,,consensus,4
401022542,2018,8,2018-10-20,Hawai'i,Nevada,-2.5,,67.5,,consensus,4
401022543,2018,8,2018-10-20,San Diego State,San José State,-25.5,,44.5,,teamrankings,2
401022544,2018,9,2018-10-27,Air Force,Boise State,10.0,,58.0,,consensus,4
401022545,2018,9,2018-10-27,Utah State,New Mexico,-20.0,,64.5,,consensus,4
401022546,2018,9,2018-10-26,Colorado State,Wyoming,3.0,,47.0,,consensus,4
401022547,2018,9,2018-10-27,Fresno State,Hawai'i,-25.5,,59.5,,consensus,4
401022548,2018,9,2018-10-27,Nevada,San Diego State,1.0,,45.5,,consensus,4
401022549,2018,9,2018-10-27,San José State,UNLV,-2.5,,57.5,,teamrankings,2
401022550,2018,10,2018-11-03,New Mexico,San Diego State,12.5,,45.0,,consensus,4
401022551,2018,10,2018-11-03,Hawai'i,Utah State,17.5,,73.0,,consensus,4
401022552,2018,10,2018-11-03,Wyoming,San José State,-17.5,,38.0,,teamrankings,2
401022553,2018,10,2018-11-03,UNLV,Fresno State,27.0,,59.5,,consensus,4
401022554,2018,11,2018-11-10,Air Force,New Mexico,-13.5,,55.0,,consensus,4
401022555,2018,11,2018-11-10,Nevada,Colorado State,-14.0,,61.5,,consensus,4
401022556,2018,11,2018-11-09,Boise State,Fresno State,2.5,,55.5,,consensus,4
401022557,2018,11,2018-11-10,Utah State,San José State,-31.0,,63.5,,teamrankings,2
401022558,2018,11,2018-11-10,San Diego State,UNLV,-24.0,,52.0,,consensus,4
401022559,2018,12,2018-11-17,Wyoming,Air Force,-3.0,,42.5,,consensus,4
401022560,2018,12,2018-11-16,New Mexico,Boise State,21.5,,61.5,,consensus,4
401022561,2018,12,2018-11-17,Colorado State,Utah State,28.5,,66.5,,consensus,4
401022562,2018,12,2018-11-17,San José State,Nevada,14.5,,59.5,,teamrankings,2
401022563,2018,12,2018-11-17,Fresno State,San Diego State,-10.5,,42.0,,consensus,4
401022564,2018,12,2018-11-17,Hawai'i,UNLV,-7.0,,72.0,,consensus,4
401022565,2018,13,2018-11-22,Air Force,Colorado State,-14.5,,64.0,,consensus,4
401022566,2018,13,2018-11-24,Boise State,Utah State,-2.5,,64.5,,consensus,4
401022567,2018,13,2018-11-24,New Mexico,Wyoming,7.0,,43.5,,consensus,4
401022568,2018,13,2018-11-24,San Diego State,Hawai'i,-17.5,,53.5,,consensus,4
401022569,2018,13,2018-11-24,UNLV,Nevada,14.0,,61.0,,consensus,4
401022570,2018,13,2018-11-24,Fresno State,San José State,-31.5,,51.0,,teamrankings,2
401056696,2018,14,2018-11-30,Buffalo,Northern Illinois,-3.0,,51.0,,teamrankings,2
401056697,2018,14,2018-12-01,Pittsburgh,Clemson,28.0,,53.0,,consensus,4
401056698,2018,14,2018-12-01,Oklahoma,Texas,-9.5,,79.5,,consensus,4
401056699,2018,14,2018-12-01,UCF,Memphis,-1.0,,65.0,,teamrankings,2
401056700,2018,14,2018-12-01,Boise State,Fresno State,-1.5,,50.5,,consensus,4
401056701,2018,14,2018-12-01,App State,Louisiana,-17.0,,55.0,,consensus,4
401056702,2018,14,2018-12-01,Ohio State,Northwestern,-16.5,,63.5,,consensus,4
401056703,2018,14,2018-12-01,Middle Tennessee,UAB,-1.0,,44.0,,consensus,3
401056704,2018,14,2018-11-30,Washington,Utah,-4.5,,45.5,,consensus,4
401056705,2018,14,2018-12-01,Georgia,Alabama,12.0,,63.0,,consensus,4
401079833,2018,1,2018-09-02,East Carolina,North Carolina A&T,-13.0,,64.5,,consensus,1
401081953,2018,14,2018-12-01,Liberty,Norfolk State,-30.5,,,,consensus,1
401082044,2018,14,2018-12-01,Iowa State,Drake,-41.0,,,,consensus,1
401085385,2018,9,2018-10-27,Nebraska,Bethune-Cookman,-48.0,,,,consensus,1
401088766,2018,14,2018-12-01,NC State,East Carolina,-25.5,,61.0,,consensus,4
401098253,2018,14,2018-12-01,South Carolina,Akron,-29.0,,56.0,,consensus,4
401099853,2018,14,2018-12-01,California,Stanford,3.0,,45.5,,consensus,4
401100159,2018,14,2018-12-01,Virginia Tech,Marshall,-3.5,,51.0,,consensus,4
401032054,2018,1,2018-12-15,North Texas,Utah State,7.0,,68.0,,consensus,4
401032055,2018,1,2018-12-15,Fresno State,Arizona State,-6.0,,54.0,,consensus,4
401032056,2018,1,2018-12-15,Eastern Michigan,Georgia Southern,2.5,,45.5,,consensus,4
401032057,2018,1,2018-12-15,App State,Middle Tennessee,-6.5,,48.0,,consensus,4
401032058,2018,1,2018-12-18,Northern Illinois,UAB,,,41.5,,consensus,4
401032059,2018,1,2018-12-19,Ohio,San Diego State,-2.0,,48.0,,consensus,4
401032060,2018,1,2018-12-20,South Florida,Marshall,3.0,,50.0,,consensus,4
401032061,2018,1,2018-12-21,Toledo,Florida International,-7.0,,57.5,,consensus,4
401032062,2018,1,2018-12-21,BYU,Western Michigan,-10.0,,52.0,,consensus,4
401032063,2018,1,2018-12-22,Wake Forest,Memphis,2.5,,71.0,,consensus,4
401032064,2018,1,2018-12-22,Army,Houston,-6.5,,57.0,,consensus,4
401032065,2018,1,2018-12-22,Troy,Buffalo,2.0,,50.5,,teamrankings,2
401032066,2018,1,2018-12-22,Louisiana Tech,Hawai'i,-1.0,,61.5,,consensus,4
401032068,2018,1,2018-12-26,Georgia Tech,Minnesota,-6.0,,56.5,,consensus,4
401032069,2018,1,2018-12-26,TCU,California,-1.5,,38.5,,consensus,4
401032070,2018,1,2018-12-27,Duke,Temple,3.5,,53.5,,consensus,4
401032071,2018,1,2018-12-27,Wisconsin,Miami,2.5,,46.0,,consensus,4
401032072,2018,1,2018-12-27,Vanderbilt,Baylor,-4.0,,55.5,,consensus,4
401032073,2018,1,2018-12-28,Auburn,Purdue,-3.5,,55.5,,consensus,4
401032074,2018,1,2018-12-28,Syracuse,West Virginia,-1.5,,66.0,,consensus,4
401032075,2018,1,2018-12-28,Washington State,Iowa State,-3.0,,56.0,,consensus,4
401032076,2018,1,2018-12-29,Michigan,Florida,-6.0,,50.5,,consensus,4
401032077,2018,1,2018-12-29,Virginia,South Carolina,5.5,,53.5,,consensus,4
401032078,2018,1,2018-12-29,Alabama,Oklahoma,-14.5,,81.5,,teamrankings,3
401032079,2018,1,2018-12-29,Clemson,Notre Dame,-10.5,,58.0,,teamrankings,3
401032080,2018,1,2018-12-31,Virginia Tech,Cincinnati,5.5,,48.5,,teamrankings,2
401032081,2018,1,2018-12-31,Oklahoma State,Missouri,8.5,,74.5,,consensus,4
401032082,2018,1,2018-12-31,Texas A&M,NC State,-7.0,,58.5,,consensus,4
401032083,2018,1,2019-01-01,Iowa,Mississippi State,7.0,,43.5,,consensus,4
401032084,2018,1,2019-01-01,UCF,LSU,7.5,,57.5,,teamrankings,2
401032085,2018,1,2019-01-01,Ohio State,Washington,-6.5,,58.0,,consensus,4
401032086,2018,1,2019-01-01,Georgia,Texas,-13.0,,58.0,,consensus,4
401032087,2018,1,2019-01-07,Alabama,Clemson,-5.5,,56.5,,teamrankings,3
401032088,2018,1,2019-01-01,Penn State,Kentucky,-6.5,,47.5,,consensus,4
401035250,2018,1,2018-12-31,Utah,Northwestern,-7.0,,46.0,,consensus,4
401035251,2018,1,2018-12-31,Pittsburgh,Stanford,5.5,,52.0,,consensus,4
401035252,2018,1,2018-12-29,Nevada,Arkansas State,1.5,,56.0,,consensus,4
401035253,2018,1,2018-12-15,Louisiana,Tulane,3.0,,60.5,,consensus,4
401035254,2018,1,2018-12-31,Oregon,Michigan State,-2.5,,48.0,,consensus,4
401110720,2019,1,2019-08-31,Alabama,Duke,-34.5,,57.0,,consensus,4
401110721,2019,1,2019-08-31,Arkansas,Portland State,-29.5,,60.5,,consensus,1
401110722,2019,1,2019-08-31,Auburn,Oregon,-3.5,,55.5,,consensus,4
401110723,2019,1,2019-08-24,Florida,Miami,-7.0,,46.5,,consensus,4
401110724,2019,1,2019-08-31,Kentucky,Toledo,-10.0,,60.5,,consensus,4
401110725,2019,1,2019-08-31,LSU,Georgia Southern,-27.0,,51.5,,consensus,4
401110726,2019,1,2019-08-31,Memphis,Ole Miss,-3.5,,65.0,,consensus,4
401110727,2019,1,2019-08-31,Louisiana,Mississippi State,18.5,,60.5,,consensus,4
401110728,2019,1,2019-08-31,Wyoming,Missouri,17.0,,53.5,,consensus,4
401110729,2019,1,2019-08-31,North Carolina,South Carolina,12.0,,62.5,,consensus,4
401110730,2019,1,2019-08-31,Tennessee,Georgia State,-24.5,,58.5,,consensus,4
401110731,2019,1,2019-08-29,Texas A&M,Texas State,-33.0,,57.5,,consensus,4
401110732,2019,1,2019-08-31,Vanderbilt,Georgia,23.5,,56.5,,consensus,4
401110773,2019,2,2019-09-07,Alabama,New Mexico State,-55.5,,64.5,,consensus,4
401110774,2019,2,2019-09-07,Auburn,Tulane,-16.5,,51.5,,consensus,4
401110775,2019,2,2019-09-07,Florida,UT Martin,-44.5,,59.5,,consensus,1
401110776,2019,2,2019-09-07,Georgia,Murray State,-49.5,,61.5,,consensus,1
401110777,2019,2,2019-09-07,Kentucky,Eastern Michigan,-15.5,,52.5,,consensus,4
401110778,2019,2,2019-09-07,Texas,LSU,6.5,,57.5,,consensus,4
401110779,2019,2,2019-09-07,Ole Miss,Arkansas,-5.5,,50.5,,consensus,4
401110780,2019,2,2019-09-07,Mississippi State,Southern Miss,-16.5,,50.0,,consensus,4
401110781,2019,2,2019-09-07,Missouri,West Virginia,-13.5,,63.0,,consensus,4
401110782,2019,2,2019-09-07,South Carolina,Charleston Southern,-36.5,,42.5,,consensus,1
401110783,2019,2,2019-09-07,Tennessee,BYU,-3.5,,52.0,,consensus,4
401110784,2019,2,2019-09-07,Clemson,Texas A&M,-16.0,,62.0,,consensus,4
401110785,2019,2,2019-09-07,Purdue,Vanderbilt,-7.0,,55.5,,consensus,4
401110786,2019,3,2019-09-14,Arkansas,Colorado State,-10.0,,64.0,,consensus,4
401110787,2019,3,2019-09-14,Auburn,Kent State,-35.5,,54.0,,consensus,4
401110788,2019,3,2019-09-14,Georgia,Arkansas State,-33.0,,58.5,,consensus,4
401110789,2019,3,2019-09-14,Kentucky,Florida,9.5,,46.0,,consensus,4
401110790,2019,3,2019-09-14,LSU,Northwestern State,-51.5,,68.0,,consensus,1
401110791,2019,3,2019-09-14,Ole Miss,SE Louisiana,-30.5,,53.0,,consensus,1
401110792,2019,3,2019-09-14,Mississippi State,Kansas State,-7.0,,50.5,,consensus,4
401110793,2019,3,2019-09-14,Missouri,Southeast Missouri State,-34.0,,68.5,,consensus,1
401110794,2019,3,2019-09-14,South Carolina,Alabama,26.5,,59.5,,consensus,4
401110795,2019,3,2019-09-14,Tennessee,Chattanooga,-30.5,,50.0,,consensus,1
401110796,2019,3,2019-09-14,Texas A&M,Lamar,-45.0,,63.0,,consensus,1
401110797,2019,4,2019-09-21,Alabama,Southern Miss,-38.0,,63.5,,consensus,4
401110798,2019,4,2019-09-21,Arkansas,San José State,-20.0,,61.5,,consensus,4
401110799,2019,4,2019-09-21,Florida,Tennessee,-13.5,,49.0,,consensus,4
401110800,2019,4,2019-09-21,Georgia,Notre Dame,-16.0,,58.5,,consensus,4
401110801,2019,4,2019-09-21,Ole Miss,California,-3.0,,42.5,,consensus,4
401110802,2019,4,2019-09-21,Mississippi State,Kentucky,-6.0,,48.0,,consensus,4
401110803,2019,4,2019-09-21,Missouri,South Carolina,-9.5,,61.0,,consensus,4
401110804,2019,4,2019-09-21,Texas A&M,Auburn,-4.0,,48.0,,consensus,4
401110805,2019,4,2019-09-21,Vanderbilt,LSU,24.0,,62.0,,consensus,4
401110806,2019,5,2019-09-28,Alabama,Ole Miss,-38.0,,63.0,,consensus,4
401110807,2019,5,2019-09-28,Arkansas,Texas A&M,23.0,,60.0,,consensus,4
401110808,2019,5,2019-09-28,Auburn,Mississippi State,-7.5,,47.0,,consensus,4
401110809,2019,5,2019-09-28,Florida,Towson,-37.0,,62.5,,consensus,1
401110810,2019,5,2019-09-28,South Carolina,Kentucky,-3.5,,55.0,,consensus,4
401110811,2019,5,2019-09-28,Vanderbilt,Northern Illinois,-7.0,,51.5,,consensus,4
401110812,2019,6,2019-10-05,Florida,Auburn,2.5,,48.5,,consensus,4
401110813,2019,6,2019-10-05,LSU,Utah State,-27.5,,73.5,,consensus,4
401110814,2019,6,2019-10-05,Ole Miss,Vanderbilt,-7.0,,64.5,,consensus,4
401110815,2019,6,2019-10-05,Missouri,Troy,-24.5,,65.5,,consensus,4
401110816,2019,6,2019-10-05,Tennessee,Georgia,24.5,,50.5,,consensus,4
401110817,2019,7,2019-10-12,Georgia,South Carolina,-21.0,,52.0,,consensus,4
401110818,2019,7,2019-10-12,Kentucky,Arkansas,-4.0,,52.0,,consensus,4
401110819,2019,7,2019-10-12,LSU,Florida,-14.0,,55.0,,consensus,4
401110820,2019,7,2019-10-12,Missouri,Ole Miss,-12.5,,56.5,,consensus,4
401110821,2019,7,2019-10-12,Tennessee,Mississippi State,5.0,,53.0,,consensus,4
401110822,2019,7,2019-10-12,Texas A&M,Alabama,17.0,,61.5,,consensus,4
401110823,2019,7,2019-10-12,Vanderbilt,UNLV,-15.5,,57.5,,consensus,4
401110824,2019,8,2019-10-19,Alabama,Tennessee,-35.0,,62.0,,consensus,4
401110825,2019,8,2019-10-19,Arkansas,Auburn,19.5,,55.5,,consensus,4
401110826,2019,8,2019-10-19,Georgia,Kentucky,-24.0,,45.5,,consensus,4
401110827,2019,8,2019-10-19,Ole Miss,Texas A&M,6.0,,55.5,,consensus,4
401110828,2019,8,2019-10-19,Mississippi State,LSU,19.0,,62.5,,consensus,4
401110829,2019,8,2019-10-19,South Carolina,Florida,3.5,,45.0,,consensus,4
401110830,2019,8,2019-10-19,Vanderbilt,Missouri,21.0,,56.5,,consensus,4
401110831,2019,9,2019-10-26,Alabama,Arkansas,-32.0,,55.5,,consensus,4
401110832,2019,9,2019-10-26,Kentucky,Missouri,9.5,,43.5,,consensus,4
401110833,2019,9,2019-10-26,LSU,Auburn,-11.5,,58.5,,consensus,4
401110834,2019,9,2019-10-26,Tennessee,South Carolina,4.0,,46.0,,consensus,4
401110835,2019,9,2019-10-26,Texas A&M,Mississippi State,-11.0,,50.0,,consensus,4
401110836,2019,10,2019-11-02,Arkansas,Mississippi State,7.0,,59.0,,Bovada,5
401110837,2019,10,2019-11-02,Auburn,Ole Miss,-18.0,,53.0,,Bovada,5
401110838,2019,10,2019-11-02,Florida,Georgia,6.5,,48.0,,Bovada,5
401110839,2019,10,2019-11-02,South Carolina,Vanderbilt,-15.5,,51.0,,Bovada,5
401110840,2019,10,2019-11-02,Tennessee,UAB,-14.0,,49.0,,Bovada,5
401110841,2019,10,2019-11-02,Texas A&M,UTSA,-38.5,,55.0,,Bovada,5
401110842,2019,11,2019-11-09,Alabama,LSU,-5.0,,65.0,,Bovada,5
401110843,2019,11,2019-11-09,Arkansas,Western Kentucky,0.0,,51.0,,Bovada,5
401110844,2019,11,2019-11-09,Florida,Vanderbilt,-27.5,,49.5,,Bovada,5
401110845,2019,11,2019-11-09,Georgia,Missouri,-19.5,,48.0,,Bovada,5
401110846,2019,11,2019-11-09,Kentucky,Tennessee,-1.5,,42.5,,Bovada,5
401110847,2019,11,2019-11-09,Ole Miss,New Mexico State,-28.0,,64.5,,Bovada,5
401110848,2019,11,2019-11-09,South Carolina,App State,-7.0,,51.0,,Bovada,5
401110849,2019,12,2019-11-16,Auburn,Georgia,3.0,,42.5,,Bovada,5
401110850,2019,12,2019-11-16,Ole Miss,LSU,22.0,,67.0,,Bovada,5
401110851,2019,12,2019-11-16,Mississippi State,Alabama,21.0,,61.5,,Bovada,5
401110852,2019,12,2019-11-16,Missouri,Florida,7.0,,51.0,,Bovada,5
401110853,2019,12,2019-11-16,Texas A&M,South Carolina,-10.5,,47.0,,Bovada,5
401110854,2019,12,2019-11-16,Vanderbilt,Kentucky,8.5,,43.0,,Bovada,5
401110855,2019,13,2019-11-23,Alabama,Western Carolina,-58.5,,61.5,,consensus,1
401110856,2019,13,2019-11-23,Auburn,Samford,-45.5,,64.0,,consensus,1
401110857,2019,13,2019-11-23,Georgia,Texas A&M,-12.0,,43.5,,Bovada,5
401110858,2019,13,2019-11-23,Kentucky,UT Martin,-30.5,,43.5,,consensus,1
401110859,2019,13,2019-11-23,LSU,Arkansas,-41.5,,68.5,,Bovada,5
401110860,2019,13,2019-11-23,Mississippi State,Abilene Christian,-37.0,,57.0,,consensus,1
401110861,2019,13,2019-11-23,Missouri,Tennessee,-3.0,,47.0,,Bovada,5
401110862,2019,13,2019-11-23,Vanderbilt,East Tennessee State,-20.5,,42.5,,consensus,1
401110863,2019,14,2019-11-28,Mississippi State,Ole Miss,2.0,,59.5,,Bovada,5
401110864,2019,14,2019-11-29,Arkansas,Missouri,16.5,,53.0,,Bovada,5
401110865,2019,14,2019-11-30,Auburn,Alabama,4.0,,50.0,,Bovada,5
401110866,2019,14,2019-11-30,Florida,Florida State,-17.5,,55.0,,Bovada,5
401110867,2019,14,2019-11-30,Georgia Tech,Georgia,29.0,,46.5,,Bovada,5
401110868,2019,14,2019-11-30,Kentucky,Louisville,-3.5,,51.0,,Bovada,5
401110869,2019,14,2019-11-30,LSU,Texas A&M,-18.0,,65.0,,Bovada,5
401110870,2019,14,2019-11-30,South Carolina,Clemson,28.5,,51.0,,Bovada,5
401110871,2019,14,2019-11-30,Tennessee,Vanderbilt,-24.0,,48.0,,Bovada,5
401111653,2019,1,2019-08-29,Clemson,Georgia Tech,-36.5,,60.5,,consensus,4
401111654,2019,11,2019-11-09,Duke,Notre Dame,7.5,,50.0,,Bovada,5
401112073,2019,1,2019-08-31,Baylor,Stephen F. Austin,-43.5,,57.5,,consensus,1
401112074,2019,2,2019-09-07,Baylor,UTSA,-25.0,,58.5,,consensus,4
401112075,2019,4,2019-09-21,Rice,Baylor,27.0,,58.0,,consensus,4
401112076,2019,5,2019-09-28,Baylor,Iowa State,2.5,,55.5,,consensus,4
401112077,2019,6,2019-10-05,Kansas State,Baylor,,,48.5,,consensus,4
401112078,2019,7,2019-10-12,Baylor,Texas Tech,-10.5,,59.0,,consensus,4
401112079,2019,8,2019-10-19,Oklahoma State,Baylor,-6.0,,68.5,,consensus,4
401112080,2019,10,2019-10-31,Baylor,West Virginia,-18.0,,57.0,,Bovada,5
401112081,2019,11,2019-11-09,TCU,Baylor,3.0,,48.5,,Bovada,5
401112082,2019,12,2019-11-16,Baylor,Oklahoma,10.0,,69.5,,Bovada,5
401112083,2019,13,2019-11-23,Baylor,Texas,-4.0,,58.5,,Bovada,5
401112084,2019,14,2019-11-30,Kansas,Baylor,14.5,,48.0,,Bovada,5
401112085,2019,1,2019-08-31,Iowa State,Northern Iowa,-23.5,,41.5,,consensus,1
401112086,2019,3,2019-09-14,Iowa State,Iowa,1.5,,42.5,,consensus,4
401112087,2019,4,2019-09-21,Iowa State,UL Monroe,-17.5,,51.5,,consensus,4
401112088,2019,6,2019-10-05,Iowa State,TCU,-3.0,,45.0,,consensus,4
401112089,2019,7,2019-10-12,West Virginia,Iowa State,9.5,,55.0,,consensus,4
401112090,2019,8,2019-10-19,Texas Tech,Iowa State,8.5,,57.0,,consensus,4
401112091,2019,9,2019-10-26,Iowa State,Oklahoma State,-11.0,,65.0,,consensus,4
401112092,2019,11,2019-11-09,Oklahoma,Iowa State,-15.5,,71.0,,Bovada,5
401112093,2019,12,2019-11-16,Iowa State,Texas,-6.5,,65.0,,Bovada,5
401112094,2019,13,2019-11-23,Iowa State,Kansas,-26.0,,58.5,,Bovada,5
401112095,2019,14,2019-11-30,Kansas State,Iowa State,4.5,,45.5,,Bovada,5
401112096,2019,1,2019-08-31,Kansas,Indiana State,-7.5,,53.5,,consensus,1
401112097,2019,2,2019-09-07,Kansas,Coastal Carolina,-7.0,,53.5,,consensus,4
401112098,2019,3,2019-09-13,Boston College,Kansas,-20.5,,51.0,,consensus,4
401112099,2019,4,2019-09-21,Kansas,West Virginia,4.5,,49.0,,consensus,4
401112100,2019,5,2019-09-28,TCU,Kansas,-15.0,,48.0,,consensus,4
401112101,2019,6,2019-10-05,Kansas,Oklahoma,32.5,,67.5,,consensus,4
401112102,2019,8,2019-10-19,Texas,Kansas,-21.0,,63.0,,consensus,4
401112103,2019,9,2019-10-26,Kansas,Texas Tech,6.5,,65.5,,consensus,4
401112104,2019,10,2019-11-02,Kansas,Kansas State,5.5,,54.5,,Bovada,5
401112105,2019,12,2019-11-16,Oklahoma State,Kansas,-17.5,,68.5,,Bovada,5
401112106,2019,1,2019-08-31,Kansas State,Nicholls,-20.5,,47.5,,consensus,1
401112107,2019,2,2019-09-07,Kansas State,Bowling Green,-25.0,,57.5,,consensus,4
401112108,2019,5,2019-09-28,Oklahoma State,Kansas State,-4.0,,60.0,,consensus,4
401112109,2019,8,2019-10-19,Kansas State,TCU,4.0,,44.0,,consensus,4
401112110,2019,9,2019-10-26,Kansas State,Oklahoma,23.5,,59.0,,consensus,4
401112111,2019,11,2019-11-09,Texas,Kansas State,-7.0,,58.0,,Bovada,5
401112112,2019,12,2019-11-16,Kansas State,West Virginia,-14.5,,46.0,,Bovada,5
401112113,2019,13,2019-11-23,Texas Tech,Kansas State,1.0,,57.5,,Bovada,5
401112114,2019,1,2019-09-01,Oklahoma,Houston,-21.5,,79.5,,consensus,4
401112115,2019,2,2019-09-07,Oklahoma,South Dakota,-46.5,,76.5,,consensus,1
401112116,2019,3,2019-09-14,UCLA,Oklahoma,23.5,,71.5,,consensus,4
401112117,2019,5,2019-09-28,Oklahoma,Texas Tech,-27.0,,68.5,,consensus,4
401112118,2019,7,2019-10-12,Texas,Oklahoma,11.0,,77.5,,consensus,4
401112119,2019,8,2019-10-19,Oklahoma,West Virginia,-32.0,,63.5,,consensus,4
401112120,2019,13,2019-11-23,Oklahoma,TCU,-19.0,,65.5,,Bovada,5
401112121,2019,14,2019-11-30,Oklahoma State,Oklahoma,14.0,,69.0,,Bovada,5
401112122,2019,1,2019-08-30,Oregon State,Oklahoma State,13.5,,73.0,,consensus,4
401112123,2019,2,2019-09-07,Oklahoma State,McNeese,-42.0,,64.5,,consensus,1
401112124,2019,3,2019-09-14,Tulsa,Oklahoma State,14.0,,64.0,,consensus,4
401112125,2019,4,2019-09-21,Texas,Oklahoma State,-7.0,,72.5,,consensus,4
401112126,2019,6,2019-10-05,Texas Tech,Oklahoma State,9.5,,63.0,,consensus,4
401112127,2019,10,2019-11-02,Oklahoma State,TCU,-1.0,,58.5,,Bovada,5
401112128,2019,13,2019-11-23,West Virginia,Oklahoma State,7.0,,56.5,,Bovada,5
401112129,2019,1,2019-08-31,TCU,Arkansas-Pine Bluff,-55.0,,64.5,,consensus,1
401112130,2019,3,2019-09-14,Purdue,TCU,3.0,,53.0,,consensus,4
401112131,2019,4,2019-09-21,TCU,SMU,-7.5,,54.5,,consensus,4
401112132,2019,9,2019-10-26,TCU,Texas,-1.0,,57.0,,consensus,4
401112133,2019,12,2019-11-16,Texas Tech,TCU,3.5,,53.5,,Bovada,5
401112134,2019,14,2019-11-29,TCU,West Virginia,-13.5,,43.5,,Bovada,5
401112135,2019,1,2019-08-31,Texas,Louisiana Tech,-19.0,,55.0,,consensus,4
401112136,2019,3,2019-09-14,Rice,Texas,32.5,,56.0,,consensus,4
401112137,2019,6,2019-10-05,West Virginia,Texas,10.5,,62.0,,consensus,4
401112138,2019,14,2019-11-29,Texas,Texas Tech,-7.5,,65.0,,Bovada,5
401112139,2019,1,2019-08-31,Texas Tech,Montana State,-28.0,,60.0,,consensus,1
401112140,2019,2,2019-09-07,Texas Tech,UTEP,-35.0,,64.0,,consensus,4
401112141,2019,3,2019-09-14,Arizona,Texas Tech,2.0,,74.5,,consensus,4
401112142,2019,11,2019-11-09,West Virginia,Texas Tech,2.5,,57.5,,Bovada,5
401112143,2019,1,2019-08-31,West Virginia,James Madison,-7.0,,52.5,,consensus,1
401112144,2019,3,2019-09-14,West Virginia,NC State,7.0,,46.0,,consensus,4
401112145,2019,1,2019-08-31,Illinois,Akron,-18.0,,60.0,,consensus,4
401112146,2019,2,2019-09-07,UConn,Illinois,21.0,,59.5,,consensus,4
401112147,2019,3,2019-09-14,Illinois,Eastern Michigan,-7.5,,57.0,,consensus,4
401112148,2019,4,2019-09-21,Illinois,Nebraska,13.0,,62.5,,consensus,4
401112149,2019,6,2019-10-05,Minnesota,Illinois,-14.0,,57.5,,consensus,4
401112150,2019,7,2019-10-12,Illinois,Michigan,24.0,,49.0,,consensus,4
401112151,2019,8,2019-10-19,Illinois,Wisconsin,30.0,,52.0,,consensus,4
401112152,2019,9,2019-10-26,Purdue,Illinois,-9.5,,54.5,,consensus,4
401112153,2019,10,2019-11-02,Illinois,Rutgers,-19.0,,48.5,,Bovada,4
401112154,2019,11,2019-11-09,Michigan State,Illinois,-15.0,,47.0,,Bovada,5
401112155,2019,13,2019-11-23,Iowa,Illinois,-15.0,,48.0,,Bovada,5
401112156,2019,14,2019-11-30,Illinois,Northwestern,-6.5,,39.0,,Bovada,5
401112157,2019,1,2019-08-31,Ball State,Indiana,18.0,,61.5,,consensus,4
401112158,2019,2,2019-09-07,Indiana,Eastern Illinois,-35.5,,61.5,,consensus,1
401112159,2019,3,2019-09-14,Indiana,Ohio State,17.5,,60.0,,consensus,4
401112160,2019,4,2019-09-21,Indiana,UConn,-27.0,,56.5,,consensus,4
401112161,2019,5,2019-09-28,Michigan State,Indiana,-14.0,,43.0,,consensus,4
401112162,2019,7,2019-10-12,Indiana,Rutgers,-27.5,,50.0,,consensus,2
401112163,2019,8,2019-10-19,Maryland,Indiana,6.5,,59.5,,consensus,4
401112164,2019,9,2019-10-26,Nebraska,Indiana,-2.5,,55.0,,consensus,4
401112165,2019,10,2019-11-02,Indiana,Northwestern,-8.5,,44.0,,Bovada,5
401112166,2019,12,2019-11-16,Penn State,Indiana,-15.0,,55.5,,Bovada,5
401112167,2019,13,2019-11-23,Indiana,Michigan,10.0,,54.5,,Bovada,5
401112168,2019,14,2019-11-30,Purdue,Indiana,7.0,,56.5,,Bovada,5
401112191,2019,1,2019-08-31,Iowa,Miami (OH),-25.0,,47.5,,consensus,4
401112192,2019,2,2019-09-07,Iowa,Rutgers,-17.5,,48.0,,consensus,2
401112193,2019,5,2019-09-28,Iowa,Middle Tennessee,-23.5,,51.0,,consensus,4
401112194,2019,6,2019-10-05,Michigan,Iowa,-4.0,,48.5,,consensus,4
401112195,2019,7,2019-10-12,Iowa,Penn State,3.5,,43.5,,consensus,4
401112196,2019,8,2019-10-19,Iowa,Purdue,-18.0,,47.5,,consensus,4
401112197,2019,9,2019-10-26,Northwestern,Iowa,8.0,,36.5,,consensus,4
401112198,2019,11,2019-11-09,Wisconsin,Iowa,-8.0,,37.5,,Bovada,5
401112199,2019,12,2019-11-16,Iowa,Minnesota,-3.0,,44.5,,Bovada,5
401112200,2019,14,2019-11-29,Nebraska,Iowa,4.5,,45.0,,Bovada,5
401112201,2019,1,2019-08-31,Maryland,Howard,-29.0,,65.5,,consensus,1
401112202,2019,2,2019-09-07,Maryland,Syracuse,-1.0,,59.0,,consensus,4
401112203,2019,3,2019-09-14,Temple,Maryland,5.0,,66.5,,consensus,4
401112204,2019,5,2019-09-27,Maryland,Penn State,6.5,,61.0,,consensus,4
401112205,2019,6,2019-10-05,Rutgers,Maryland,14.0,,55.5,,consensus,2
401112206,2019,7,2019-10-12,Purdue,Maryland,4.0,,53.0,,consensus,4
401112207,2019,9,2019-10-26,Minnesota,Maryland,-14.5,,59.5,,consensus,4
401112208,2019,10,2019-11-02,Maryland,Michigan,22.0,,57.5,,Bovada,5
401112209,2019,11,2019-11-09,Ohio State,Maryland,-43.5,,66.0,,Bovada,5
401112210,2019,13,2019-11-23,Maryland,Nebraska,7.0,,63.0,,Bovada,5
401112212,2019,1,2019-08-30,Michigan State,Tulsa,-23.5,,47.5,,consensus,4
401112213,2019,2,2019-09-07,Michigan State,Western Michigan,-14.5,,46.5,,consensus,4
401112214,2019,3,2019-09-14,Michigan State,Arizona State,-15.5,,42.0,,consensus,4
401112215,2019,4,2019-09-21,Northwestern,Michigan State,7.5,,35.0,,consensus,4
401112216,2019,6,2019-10-05,Ohio State,Michigan State,-20.0,,50.5,,consensus,4
401112217,2019,7,2019-10-12,Wisconsin,Michigan State,-8.0,,40.5,,consensus,4
401112218,2019,9,2019-10-26,Michigan State,Penn State,5.5,,42.0,,consensus,4
401112219,2019,12,2019-11-16,Michigan,Michigan State,-14.0,,44.0,,Bovada,5
401112220,2019,13,2019-11-23,Rutgers,Michigan State,22.5,,43.5,,Bovada,4
401112221,2019,14,2019-11-30,Michigan State,Maryland,-22.0,,47.0,,Bovada,5
401112222,2019,1,2019-08-31,Michigan,Middle Tennessee,-36.0,,56.0,,consensus,4
401112223,2019,2,2019-09-07,Michigan,Army,-22.0,,47.5,,consensus,4
401112224,2019,4,2019-09-21,Wisconsin,Michigan,-3.0,,45.0,,consensus,4
401112225,2019,5,2019-09-28,Michigan,Rutgers,-27.5,,48.5,,consensus,3
401112226,2019,8,2019-10-19,Penn State,Michigan,-7.5,,47.5,,consensus,4
401112227,2019,9,2019-10-26,Michigan,Notre Dame,-1.0,,46.5,,consensus,4
401112228,2019,14,2019-11-30,Michigan,Ohio State,9.5,,54.0,,Bovada,5
401112229,2019,1,2019-08-29,Minnesota,South Dakota State,-14.5,,56.0,,consensus,1
401112230,2019,2,2019-09-07,Fresno State,Minnesota,3.0,,46.0,,consensus,4
401112231,2019,3,2019-09-14,Minnesota,Georgia Southern,-16.5,,45.0,,consensus,4
401112232,2019,5,2019-09-28,Purdue,Minnesota,-1.0,,56.0,,consensus,4
401112233,2019,7,2019-10-12,Minnesota,Nebraska,-7.5,,47.5,,consensus,4
401112234,2019,8,2019-10-19,Rutgers,Minnesota,29.0,,47.0,,consensus,3
401112235,2019,11,2019-11-09,Minnesota,Penn State,7.0,,49.0,,Bovada,5
401112236,2019,13,2019-11-23,Northwestern,Minnesota,16.5,,41.5,,Bovada,5
401112237,2019,14,2019-11-30,Minnesota,Wisconsin,3.0,,44.5,,Bovada,5
401112238,2019,1,2019-08-31,Nebraska,South Alabama,-35.5,,65.5,,consensus,4
401112239,2019,2,2019-09-07,Colorado,Nebraska,4.5,,63.5,,consensus,4
401112240,2019,3,2019-09-14,Nebraska,Northern Illinois,-14.0,,53.5,,consensus,4
401112241,2019,5,2019-09-28,Nebraska,Ohio State,17.0,,65.5,,consensus,4
401112242,2019,6,2019-10-05,Nebraska,Northwestern,-7.5,,48.5,,consensus,4
401112243,2019,10,2019-11-02,Purdue,Nebraska,4.5,,58.0,,Bovada,5
401112244,2019,12,2019-11-16,Nebraska,Wisconsin,15.0,,50.5,,Bovada,5
401112245,2019,1,2019-08-31,Stanford,Northwestern,-6.5,,46.5,,consensus,4
401112246,2019,3,2019-09-14,Northwestern,UNLV,-18.5,,52.0,,consensus,4
401112247,2019,5,2019-09-28,Wisconsin,Northwestern,-23.5,,46.0,,consensus,4
401112248,2019,8,2019-10-18,Northwestern,Ohio State,27.0,,50.0,,consensus,4
401112249,2019,11,2019-11-09,Northwestern,Purdue,0.0,,38.5,,Bovada,5
401112250,2019,12,2019-11-16,Northwestern,Massachusetts,-38.0,,56.5,,Bovada,5
401112251,2019,1,2019-08-31,Ohio State,Florida Atlantic,-28.0,,66.0,,consensus,4
401112252,2019,2,2019-09-07,Ohio State,Cincinnati,-15.0,,52.5,,consensus,4
401112253,2019,4,2019-09-21,Ohio State,Miami (OH),-38.5,,57.0,,consensus,4
401112254,2019,9,2019-10-26,Ohio State,Wisconsin,-14.5,,48.0,,consensus,4
401112255,2019,12,2019-11-16,Rutgers,Ohio State,54.0,,63.5,,Bovada,5
401112256,2019,13,2019-11-23,Ohio State,Penn State,-20.0,,59.0,,Bovada,5
401112258,2019,2,2019-09-07,Penn State,Buffalo,-31.0,,57.0,,consensus,4
401112259,2019,3,2019-09-14,Penn State,Pittsburgh,-17.0,,53.0,,consensus,4
401112260,2019,6,2019-10-05,Penn State,Purdue,-28.5,,55.5,,consensus,4
401112261,2019,14,2019-11-30,Penn State,Rutgers,-39.5,,51.0,,Bovada,4
401112262,2019,1,2019-08-30,Nevada,Purdue,11.0,,58.5,,consensus,4
401112263,2019,13,2019-11-23,Wisconsin,Purdue,-25.0,,49.5,,Bovada,5
401112264,2019,1,2019-08-30,Rutgers,Massachusetts,-17.0,,54.0,,consensus,3
401112265,2019,4,2019-09-21,Rutgers,Boston College,7.5,,57.5,,consensus,3
401112266,2019,9,2019-10-26,Rutgers,Liberty,7.5,,44.0,,consensus,3
401112268,2019,2,2019-09-07,Wisconsin,Central Michigan,-35.0,,54.0,,consensus,4
401112269,2019,6,2019-10-05,Wisconsin,Kent State,-35.0,,58.0,,consensus,4
401112430,2019,1,2019-08-30,Wake Forest,Utah State,-4.5,,61.5,,consensus,3
401112431,2019,1,2019-08-31,Florida State,Boise State,-6.5,,54.5,,consensus,4
401112432,2019,1,2019-08-31,NC State,East Carolina,-17.5,,51.5,,consensus,4
401112433,2019,1,2019-08-31,Pittsburgh,Virginia,2.5,,46.0,,consensus,4
401112434,2019,1,2019-08-31,Liberty,Syracuse,19.5,,69.5,,consensus,4
401112435,2019,1,2019-08-31,Boston College,Virginia Tech,4.5,,57.5,,consensus,4
401112436,2019,1,2019-09-02,Louisville,Notre Dame,19.5,,54.5,,consensus,4
401112437,2019,2,2019-09-06,Virginia,William & Mary,-32.5,,52.5,,consensus,1
401112438,2019,2,2019-09-07,Boston College,Richmond,-33.5,,56.0,,consensus,1
401112439,2019,2,2019-09-07,Duke,North Carolina A&T,-27.5,,52.0,,consensus,1
401112440,2019,2,2019-09-07,Florida State,UL Monroe,-22.5,,65.5,,consensus,4
401112441,2019,2,2019-09-07,Georgia Tech,South Florida,-5.0,,58.5,,consensus,4
401112442,2019,2,2019-09-07,Louisville,Eastern Kentucky,-21.0,,60.0,,consensus,1
401112443,2019,2,2019-09-07,North Carolina,Miami,5.0,,46.5,,consensus,4
401112444,2019,2,2019-09-07,NC State,Western Carolina,-41.0,,65.5,,consensus,1
401112445,2019,2,2019-09-07,Pittsburgh,Ohio,-4.0,,54.5,,consensus,4
401112446,2019,2,2019-09-07,Virginia Tech,Old Dominion,-28.5,,58.0,,consensus,4
401112447,2019,2,2019-09-06,Rice,Wake Forest,20.0,,59.0,,consensus,4
401112448,2019,3,2019-09-13,Wake Forest,North Carolina,-3.0,,65.0,,consensus,4
401112449,2019,3,2019-09-14,Syracuse,Clemson,28.0,,64.0,,consensus,4
401112450,2019,3,2019-09-14,Middle Tennessee,Duke,6.5,,50.5,,consensus,4
401112451,2019,3,2019-09-14,Virginia,Florida State,-7.0,,54.0,,consensus,4
401112452,2019,3,2019-09-14,Georgia Tech,The Citadel,-25.5,,58.5,,consensus,1
401112453,2019,3,2019-09-14,Western Kentucky,Louisville,10.5,,48.5,,consensus,4
401112454,2019,3,2019-09-14,Miami,Bethune-Cookman,-41.5,,56.0,,consensus,1
401112455,2019,3,2019-09-14,Virginia Tech,Furman,-24.0,,64.5,,consensus,1
401112456,2019,4,2019-09-21,Clemson,Charlotte,-41.5,,61.5,,consensus,4
401112457,2019,4,2019-09-21,Florida State,Louisville,-6.5,,61.0,,consensus,4
401112458,2019,4,2019-09-21,Miami,Central Michigan,-30.5,,48.5,,consensus,4
401112459,2019,4,2019-09-21,North Carolina,App State,-2.5,,58.0,,consensus,4
401112460,2019,4,2019-09-21,NC State,Ball State,-19.0,,58.5,,consensus,4
401112461,2019,4,2019-09-21,Pittsburgh,UCF,10.0,,61.0,,consensus,4
401112462,2019,4,2019-09-21,Syracuse,Western Michigan,-3.5,,67.0,,consensus,4
401112463,2019,4,2019-09-21,Virginia,Old Dominion,-27.0,,47.5,,consensus,4
401112464,2019,4,2019-09-21,Wake Forest,Elon,-29.5,,58.5,,consensus,1
401112465,2019,5,2019-09-27,Virginia Tech,Duke,-2.5,,51.5,,consensus,4
401112466,2019,5,2019-09-28,Boston College,Wake Forest,4.5,,69.5,,consensus,4
401112467,2019,5,2019-09-28,North Carolina,Clemson,27.5,,60.5,,consensus,4
401112468,2019,5,2019-09-28,Florida State,NC State,-7.0,,62.5,,consensus,4
401112469,2019,5,2019-09-28,Temple,Georgia Tech,-9.5,,47.5,,consensus,4
401112470,2019,5,2019-09-28,Pittsburgh,Delaware,-28.5,,50.5,,consensus,1
401112471,2019,5,2019-09-28,Syracuse,Holy Cross,-40.0,,55.0,,consensus,1
401112472,2019,5,2019-09-28,Notre Dame,Virginia,-10.5,,46.5,,consensus,4
401112473,2019,6,2019-10-05,Louisville,Boston College,-4.0,,61.0,,consensus,4
401112474,2019,6,2019-10-05,Duke,Pittsburgh,-3.5,,47.5,,consensus,4
401112475,2019,6,2019-10-05,Georgia Tech,North Carolina,10.0,,47.0,,consensus,4
401112476,2019,6,2019-10-05,Miami,Virginia Tech,-14.0,,46.0,,consensus,4
401112477,2019,7,2019-10-10,NC State,Syracuse,-4.0,,56.0,,consensus,4
401112478,2019,7,2019-10-11,Miami,Virginia,-2.5,,44.0,,consensus,4
401112479,2019,7,2019-10-12,Clemson,Florida State,-26.5,,61.0,,consensus,4
401112480,2019,7,2019-10-12,Duke,Georgia Tech,-18.0,,47.5,,consensus,4
401112481,2019,7,2019-10-12,Wake Forest,Louisville,-7.0,,65.0,,consensus,4
401112482,2019,7,2019-10-12,Virginia Tech,Rhode Island,-28.0,,65.5,,consensus,1
401112483,2019,8,2019-10-18,Syracuse,Pittsburgh,3.5,,53.5,,consensus,4
401112484,2019,8,2019-10-19,Boston College,NC State,4.0,,54.5,,consensus,4
401112485,2019,8,2019-10-19,Louisville,Clemson,24.5,,62.5,,consensus,4
401112486,2019,8,2019-10-19,Virginia,Duke,-3.5,,45.0,,consensus,4
401112487,2019,8,2019-10-19,Wake Forest,Florida State,3.0,,68.5,,consensus,4
401112488,2019,8,2019-10-19,Miami,Georgia Tech,-18.5,,46.0,,consensus,4
401112489,2019,8,2019-10-19,Virginia Tech,North Carolina,4.5,,57.0,,consensus,4
401112490,2019,9,2019-10-26,Clemson,Boston College,-35.0,,59.0,,consensus,4
401112491,2019,9,2019-10-26,North Carolina,Duke,-3.0,,53.5,,consensus,4
401112492,2019,9,2019-10-26,Florida State,Syracuse,-11.0,,60.0,,consensus,4
401112493,2019,9,2019-10-26,Louisville,Virginia,3.5,,51.5,,consensus,4
401112494,2019,9,2019-10-26,Pittsburgh,Miami,-4.5,,43.0,,consensus,4
401112495,2019,10,2019-11-02,Syracuse,Boston College,-3.0,,59.0,,Bovada,5
401112496,2019,10,2019-11-02,Clemson,Wofford,-48.5,,58.5,,consensus,1
401112497,2019,10,2019-11-02,Florida State,Miami,-3.0,,49.5,,Bovada,5
401112498,2019,10,2019-11-02,Georgia Tech,Pittsburgh,9.5,,44.0,,Bovada,5
401112499,2019,10,2019-11-02,North Carolina,Virginia,-1.0,,48.0,,Bovada,5
401112500,2019,10,2019-11-02,Wake Forest,NC State,-8.5,,61.0,,Bovada,5
401112501,2019,10,2019-11-02,Notre Dame,Virginia Tech,-17.0,,59.0,,Bovada,5
401112502,2019,11,2019-11-09,Boston College,Florida State,-1.5,,64.0,,Bovada,5
401112503,2019,11,2019-11-09,NC State,Clemson,36.0,,55.0,,Bovada,5
401112504,2019,11,2019-11-09,Virginia,Georgia Tech,-15.5,,46.5,,Bovada,5
401112505,2019,11,2019-11-09,Miami,Louisville,-7.0,,49.5,,Bovada,5
401112506,2019,11,2019-11-09,Virginia Tech,Wake Forest,3.0,,61.0,,Bovada,5
401112507,2019,12,2019-11-14,Pittsburgh,North Carolina,-4.0,,48.5,,Bovada,5
401112508,2019,12,2019-11-16,Clemson,Wake Forest,-34.5,,59.5,,Bovada,5
401112509,2019,12,2019-11-16,Duke,Syracuse,-8.5,,49.5,,Bovada,5
401112510,2019,12,2019-11-16,Florida State,Alabama State,-41.0,,53.0,,consensus,1
401112511,2019,12,2019-11-16,Georgia Tech,Virginia Tech,6.0,,51.0,,Bovada,5
401112512,2019,12,2019-11-16,NC State,Louisville,4.5,,51.5,,Bovada,5
401112513,2019,13,2019-11-21,Georgia Tech,NC State,2.5,,46.5,,Bovada,5
401112514,2019,13,2019-11-23,Notre Dame,Boston College,-21.0,,65.5,,Bovada,5
401112515,2019,13,2019-11-23,Wake Forest,Duke,-7.0,,50.5,,Bovada,5
401112516,2019,13,2019-11-23,Louisville,Syracuse,-7.5,,64.5,,Bovada,5
401112517,2019,13,2019-11-23,Florida International,Miami,21.5,,51.0,,Bovada,5
401112519,2019,13,2019-11-23,Virginia Tech,Pittsburgh,-4.0,,43.5,,Bovada,5
401112520,2019,13,2019-11-23,Virginia,Liberty,-16.0,,58.0,,Bovada,5
401112521,2019,14,2019-11-29,Virginia,Virginia Tech,3.0,,48.0,,Bovada,5
401112522,2019,14,2019-11-30,Pittsburgh,Boston College,-8.0,,52.0,,Bovada,5
401112523,2019,14,2019-11-30,Duke,Miami,9.0,,44.5,,Bovada,5
401112524,2019,14,2019-11-30,NC State,North Carolina,11.5,,57.5,,Bovada,5
401112525,2019,14,2019-11-30,Syracuse,Wake Forest,6.5,,68.0,,Bovada,5
401114153,2019,1,2019-08-29,Arizona State,Kent State,-24.5,,61.5,,consensus,4
401114154,2019,2,2019-09-06,Arizona State,Sacramento State,-35.0,,63.5,,consensus,1
401114155,2019,4,2019-09-21,Arizona State,Colorado,-8.0,,48.5,,consensus,4
401114156,2019,5,2019-09-27,California,Arizona State,-4.0,,43.0,,consensus,4
401114157,2019,7,2019-10-12,Arizona State,Washington State,2.5,,61.0,,consensus,4
401114158,2019,8,2019-10-19,Utah,Arizona State,-15.0,,46.5,,consensus,4
401114159,2019,9,2019-10-26,UCLA,Arizona State,3.0,,56.5,,consensus,4
401114160,2019,11,2019-11-09,Arizona State,USC,4.5,,54.5,,Bovada,5
401114161,2019,12,2019-11-16,Oregon State,Arizona State,1.5,,56.5,,Bovada,5
401114162,2019,13,2019-11-23,Arizona State,Oregon,14.0,,55.0,,Bovada,5
401114163,2019,14,2019-11-30,Arizona State,Arizona,-13.0,,60.5,,Bovada,5
401114164,2019,1,2019-08-24,Hawai'i,Arizona,10.5,,71.0,,consensus,4
401114165,2019,2,2019-09-07,Arizona,Northern Arizona,-28.0,,63.5,,consensus,1
401114166,2019,5,2019-09-28,Arizona,UCLA,-3.5,,68.5,,consensus,4
401114167,2019,6,2019-10-05,Colorado,Arizona,-2.5,,63.0,,consensus,4
401114168,2019,7,2019-10-12,Arizona,Washington,6.0,,62.5,,consensus,4
401114169,2019,8,2019-10-19,USC,Arizona,-10.0,,69.0,,consensus,4
401114170,2019,9,2019-10-26,Stanford,Arizona,-3.0,,54.0,,consensus,4
401114171,2019,10,2019-11-02,Arizona,Oregon State,-5.5,,72.0,,Bovada,5
401114172,2019,12,2019-11-16,Oregon,Arizona,-28.0,,69.0,,Bovada,5
401114173,2019,13,2019-11-23,Arizona,Utah,24.5,,55.5,,Bovada,5
401114174,2019,1,2019-08-31,California,UC Davis,-15.5,,48.0,,consensus,1
401114175,2019,2,2019-09-07,Washington,California,-13.5,,43.5,,consensus,4
401114176,2019,3,2019-09-14,California,North Texas,-14.0,,50.0,,consensus,4
401114177,2019,6,2019-10-05,Oregon,California,-21.5,,46.5,,consensus,4
401114178,2019,8,2019-10-19,California,Oregon State,-10.5,,51.5,,consensus,4
401114179,2019,9,2019-10-26,Utah,California,-21.0,,36.5,,consensus,4
401114180,2019,11,2019-11-09,California,Washington State,8.5,,52.5,,Bovada,5
401114181,2019,12,2019-11-16,California,USC,4.5,,48.0,,Bovada,5
401114182,2019,13,2019-11-23,Stanford,California,0.0,,41.0,,Bovada,5
401114183,2019,14,2019-11-30,UCLA,California,-1.0,,51.0,,Bovada,5
401114184,2019,1,2019-08-30,Colorado,Colorado State,-13.0,,55.5,,consensus,4
401114185,2019,3,2019-09-14,Colorado,Air Force,-3.0,,58.5,,consensus,4
401114186,2019,7,2019-10-11,Oregon,Colorado,-23.0,,62.0,,consensus,4
401114187,2019,8,2019-10-19,Washington State,Colorado,-13.5,,68.5,,consensus,4
401114188,2019,9,2019-10-25,Colorado,USC,10.5,,64.5,,consensus,4
401114189,2019,10,2019-11-02,UCLA,Colorado,-6.5,,65.0,,Bovada,5
401114190,2019,11,2019-11-09,Colorado,Stanford,4.0,,57.0,,Bovada,5
401114191,2019,13,2019-11-23,Colorado,Washington,14.0,,53.0,,Bovada,5
401114192,2019,14,2019-11-30,Utah,Colorado,-28.0,,49.0,,Bovada,5
401114193,2019,2,2019-09-07,Oregon,Nevada,-25.0,,62.0,,consensus,4
401114194,2019,3,2019-09-14,Oregon,Montana,-38.5,,65.5,,consensus,1
401114195,2019,4,2019-09-21,Stanford,Oregon,12.5,,55.5,,consensus,4
401114196,2019,8,2019-10-19,Washington,Oregon,3.0,,48.5,,consensus,4
401114197,2019,9,2019-10-26,Oregon,Washington State,-14.5,,67.5,,consensus,4
401114198,2019,10,2019-11-02,USC,Oregon,4.0,,60.5,,Bovada,5
401114199,2019,14,2019-11-30,Oregon,Oregon State,-20.0,,65.0,,Bovada,5
401114200,2019,2,2019-09-07,Hawai'i,Oregon State,-7.0,,78.0,,consensus,4
401114201,2019,3,2019-09-14,Oregon State,Cal Poly,-16.5,,75.5,,consensus,1
401114202,2019,5,2019-09-28,Oregon State,Stanford,3.5,,55.5,,consensus,4
401114203,2019,6,2019-10-05,UCLA,Oregon State,-4.5,,64.0,,consensus,4
401114204,2019,7,2019-10-12,Oregon State,Utah,14.5,,59.5,,consensus,4
401114205,2019,11,2019-11-08,Oregon State,Washington,11.0,,64.5,,Bovada,5
401114206,2019,13,2019-11-23,Washington State,Oregon State,-10.5,,77.5,,Bovada,5
401114207,2019,2,2019-09-07,USC,Stanford,-3.0,,43.5,,consensus,4
401114208,2019,3,2019-09-14,UCF,Stanford,-10.0,,58.5,,consensus,4
401114209,2019,6,2019-10-05,Stanford,Washington,12.5,,51.5,,consensus,4
401114210,2019,8,2019-10-17,Stanford,UCLA,-4.5,,49.0,,consensus,4
401114212,2019,14,2019-11-30,Stanford,Notre Dame,17.5,,45.5,,Bovada,5
401114214,2019,2,2019-09-07,UCLA,San Diego State,-7.5,,45.0,,consensus,4
401114215,2019,4,2019-09-21,Washington State,UCLA,-18.5,,60.0,,consensus,4
401114216,2019,12,2019-11-16,Utah,UCLA,-21.0,,52.0,,Bovada,5
401114217,2019,13,2019-11-23,USC,UCLA,-13.5,,67.0,,Bovada,5
401114218,2019,1,2019-08-31,USC,Fresno State,-14.0,,50.0,,consensus,4
401114219,2019,3,2019-09-14,BYU,USC,4.5,,57.5,,consensus,4
401114220,2019,4,2019-09-20,USC,Utah,3.5,,53.5,,consensus,4
401114221,2019,5,2019-09-28,Washington,USC,-11.0,,60.5,,consensus,4
401114222,2019,7,2019-10-12,Notre Dame,USC,-10.5,,59.5,,consensus,4
401114223,2019,1,2019-08-29,BYU,Utah,5.5,,48.5,,consensus,4
401114224,2019,2,2019-09-07,Utah,Northern Illinois,-22.5,,45.0,,consensus,4
401114225,2019,3,2019-09-14,Utah,Idaho State,-37.5,,63.5,,consensus,1
401114226,2019,5,2019-09-28,Utah,Washington State,-5.5,,57.0,,consensus,4
401114227,2019,10,2019-11-02,Washington,Utah,3.5,,48.0,,Bovada,5
401114228,2019,1,2019-08-31,Washington State,New Mexico State,-33.0,,65.5,,consensus,4
401114229,2019,2,2019-09-07,Washington State,Northern Colorado,-42.0,,63.0,,consensus,1
401114230,2019,3,2019-09-13,Houston,Washington State,9.0,,73.5,,consensus,4
401114231,2019,12,2019-11-16,Washington State,Stanford,-10.5,,65.5,,Bovada,5
401114232,2019,14,2019-11-29,Washington,Washington State,-7.5,,65.5,,Bovada,5
401114233,2019,1,2019-08-31,Washington,Eastern Washington,-24.5,,64.5,,consensus,1
401114234,2019,3,2019-09-14,Washington,Hawai'i,-21.5,,59.0,,consensus,4
401114235,2019,4,2019-09-21,BYU,Washington,6.5,,51.0,,consensus,4
401114236,2019,1,2019-08-29,Tulane,Florida International,-3.0,,58.5,,consensus,4
401114237,2019,1,2019-08-29,UAB,Alabama State,-39.0,,50.5,,consensus,1
401114238,2019,1,2019-08-30,Army,Rice,-23.5,,46.0,,consensus,4
401114240,2019,1,2019-08-31,Marshall,VMI,-44.0,,63.5,,consensus,1
401114241,2019,1,2019-08-31,North Texas,Abilene Christian,-23.0,,58.5,,consensus,1
401114242,2019,1,2019-08-31,Old Dominion,Norfolk State,-25.5,,55.5,,consensus,1
401114243,2019,1,2019-08-31,Southern Miss,Alcorn State,-27.0,,55.0,,consensus,1
401114244,2019,1,2019-08-31,UTEP,Houston Christian,-17.5,,61.5,,consensus,1
401114245,2019,1,2019-08-31,UTSA,Incarnate Word,-9.5,,58.5,,consensus,1
401114246,2019,1,2019-08-29,Western Kentucky,Central Arkansas,-10.0,,54.5,,consensus,1
401114247,2019,2,2019-09-07,App State,Charlotte,-23.5,,54.5,,consensus,4
401114248,2019,2,2019-09-07,Florida International,Western Kentucky,-7.5,,57.0,,consensus,4
401114249,2019,2,2019-09-07,Florida Atlantic,UCF,14.0,,69.0,,consensus,4
401114250,2019,2,2019-09-07,Louisiana Tech,Grambling,-30.5,,52.0,,consensus,1
401114251,2019,2,2019-09-06,Boise State,Marshall,-13.5,,58.0,,consensus,4
401114252,2019,2,2019-09-07,Middle Tennessee,Tennessee State,-25.5,,56.5,,consensus,1
401114253,2019,2,2019-09-07,SMU,North Texas,-3.5,,73.0,,consensus,4
401114254,2019,2,2019-09-07,Akron,UAB,7.5,,46.5,,consensus,4
401114255,2019,3,2019-09-14,Charlotte,Massachusetts,-21.0,,66.5,,consensus,4
401114256,2019,3,2019-09-14,Florida International,New Hampshire,-13.5,,43.5,,consensus,1
401114257,2019,3,2019-09-14,Ball State,Florida Atlantic,2.5,,64.0,,consensus,4
401114258,2019,3,2019-09-14,Bowling Green,Louisiana Tech,13.0,,59.0,,consensus,4
401114259,2019,3,2019-09-14,Marshall,Ohio,-4.5,,48.0,,consensus,4
401114260,2019,3,2019-09-14,Troy,Southern Miss,-3.0,,49.0,,consensus,4
401114261,2019,3,2019-09-14,UTSA,Army,17.0,,44.5,,consensus,4
401114262,2019,4,2019-09-20,Louisiana Tech,Florida International,-7.0,,51.5,,consensus,4
401114263,2019,4,2019-09-21,Florida Atlantic,Wagner,-37.5,,55.5,,consensus,1
401114264,2019,4,2019-09-21,North Texas,UTSA,-17.5,,57.0,,consensus,4
401114265,2019,4,2019-09-21,UAB,South Alabama,-12.0,,48.5,,consensus,4
401114266,2019,4,2019-09-21,UTEP,Nevada,13.5,,51.5,,consensus,4
401114267,2019,5,2019-09-28,Charlotte,Florida Atlantic,1.0,,63.0,,consensus,4
401114268,2019,5,2019-09-28,Rice,Louisiana Tech,9.0,,49.0,,consensus,4
401114269,2019,5,2019-09-28,Marshall,Cincinnati,4.0,,47.0,,consensus,4
401114270,2019,5,2019-09-28,North Texas,Houston,-8.0,,59.5,,consensus,4
401114271,2019,5,2019-09-28,Old Dominion,East Carolina,-3.0,,47.0,,consensus,4
401114272,2019,5,2019-09-28,Southern Miss,UTEP,-26.5,,49.0,,consensus,4
401114273,2019,5,2019-09-28,Western Kentucky,UAB,3.5,,47.5,,consensus,4
401114274,2019,6,2019-10-05,Florida International,Massachusetts,-28.0,,69.5,,consensus,4
401114275,2019,6,2019-10-05,Middle Tennessee,Marshall,4.5,,54.5,,consensus,4
401114276,2019,6,2019-10-05,Old Dominion,Western Kentucky,3.0,,42.5,,consensus,4
401114277,2019,6,2019-10-05,UAB,Rice,-10.0,,43.5,,consensus,4
401114278,2019,6,2019-10-05,UTEP,UTSA,-1.5,,46.5,,consensus,4
401114279,2019,7,2019-10-12,Florida International,Charlotte,-6.0,,57.5,,consensus,4
401114280,2019,7,2019-10-12,Florida Atlantic,Middle Tennessee,-13.0,,63.5,,consensus,4
401114281,2019,7,2019-10-12,Louisiana Tech,Massachusetts,-31.5,,63.5,,consensus,4
401114282,2019,7,2019-10-12,Southern Miss,North Texas,-3.0,,59.5,,consensus,4
401114283,2019,7,2019-10-12,Marshall,Old Dominion,-16.0,,46.0,,consensus,4
401114284,2019,7,2019-10-12,UTSA,UAB,12.5,,46.5,,consensus,4
401114285,2019,7,2019-10-12,Western Kentucky,Army,5.5,,43.5,,consensus,4
401114286,2019,8,2019-10-19,Western Kentucky,Charlotte,-10.0,,48.0,,consensus,4
401114287,2019,8,2019-10-19,Florida International,UTEP,-24.5,,51.5,,consensus,4
401114288,2019,8,2019-10-18,Florida Atlantic,Marshall,-4.0,,58.5,,consensus,4
401114289,2019,8,2019-10-19,Louisiana Tech,Southern Miss,2.5,,58.5,,consensus,4
401114290,2019,8,2019-10-19,North Texas,Middle Tennessee,-7.5,,59.5,,consensus,4
401114291,2019,8,2019-10-19,UAB,Old Dominion,-16.5,,42.0,,consensus,4
401114292,2019,8,2019-10-19,UTSA,Rice,5.5,,42.5,,consensus,4
401114293,2019,9,2019-10-26,Charlotte,North Texas,4.0,,64.5,,consensus,4
401114294,2019,9,2019-10-26,Middle Tennessee,Florida International,1.0,,57.0,,consensus,4
401114295,2019,9,2019-10-26,Old Dominion,Florida Atlantic,14.0,,51.0,,consensus,4
401114296,2019,9,2019-10-26,UTEP,Louisiana Tech,18.5,,50.0,,consensus,4
401114297,2019,9,2019-10-26,Marshall,Western Kentucky,-4.0,,44.5,,consensus,4
401114298,2019,9,2019-10-26,Rice,Southern Miss,10.0,,51.5,,consensus,4
401114299,2019,10,2019-11-02,Charlotte,Middle Tennessee,5.0,,65.0,,Bovada,5
401114300,2019,10,2019-11-02,Florida International,Old Dominion,-18.0,,47.5,,Bovada,5
401114301,2019,10,2019-11-02,Western Kentucky,Florida Atlantic,0.0,,51.0,,Bovada,5
401114302,2019,10,2019-11-02,Rice,Marshall,12.0,,48.5,,Bovada,5
401114303,2019,10,2019-11-02,North Texas,UTEP,-22.0,,58.5,,Bovada,5
401114304,2019,11,2019-11-09,UTEP,Charlotte,13.0,,55.0,,Bovada,5
401114305,2019,11,2019-11-09,Florida Atlantic,Florida International,-12.5,,59.0,,Bovada,5
401114306,2019,11,2019-11-09,Louisiana Tech,North Texas,-6.0,,72.5,,Bovada,5
401114307,2019,11,2019-11-09,Old Dominion,UTSA,-3.0,,42.0,,Bovada,5
401114308,2019,11,2019-11-09,Southern Miss,UAB,-7.5,,49.5,,Bovada,5
401114309,2019,12,2019-11-15,Marshall,Louisiana Tech,-6.5,,54.5,,Bovada,5
401114310,2019,12,2019-11-16,Middle Tennessee,Rice,-13.5,,45.5,,Bovada,5
401114311,2019,12,2019-11-16,UTSA,Southern Miss,17.0,,55.5,,Bovada,5
401114312,2019,12,2019-11-16,UAB,UTEP,-15.0,,42.5,,Bovada,5
401114313,2019,13,2019-11-23,Charlotte,Marshall,6.5,,56.5,,Bovada,5
401114314,2019,13,2019-11-23,UTSA,Florida Atlantic,22.0,,57.5,,Bovada,5
401114315,2019,13,2019-11-23,UAB,Louisiana Tech,-6.5,,44.5,,Bovada,5
401114316,2019,13,2019-11-23,Middle Tennessee,Old Dominion,-13.5,,47.0,,Bovada,5
401114317,2019,13,2019-11-23,Rice,North Texas,6.5,,55.0,,Bovada,5
401114318,2019,13,2019-11-23,Southern Miss,Western Kentucky,-3.5,,51.0,,Bovada,5
401114319,2019,13,2019-11-23,New Mexico State,UTEP,-7.0,,55.0,,Bovada,5
401114320,2019,14,2019-11-30,Old Dominion,Charlotte,10.0,,51.0,,Bovada,5
401114321,2019,14,2019-11-30,Marshall,Florida International,-10.0,,50.5,,Bovada,5
401114322,2019,14,2019-11-30,Florida Atlantic,Southern Miss,-9.0,,58.0,,Bovada,5
401114323,2019,14,2019-11-30,Louisiana Tech,UTSA,-20.5,,56.0,,Bovada,5
401114324,2019,14,2019-11-30,Western Kentucky,Middle Tennessee,-10.0,,45.5,,Bovada,5
401114325,2019,14,2019-11-30,North Texas,UAB,4.0,,49.5,,Bovada,5
401114326,2019,14,2019-11-30,UTEP,Rice,6.5,,43.5,,Bovada,5
401114327,2019,4,2019-09-21,Army,Morgan State,-45.5,,55.5,,consensus,1
401114328,2019,6,2019-10-05,Army,Tulane,2.0,,43.0,,consensus,4
401114329,2019,8,2019-10-19,Georgia State,Army,4.0,,54.0,,consensus,4
401114330,2019,9,2019-10-26,Army,San José State,-9.5,,54.5,,consensus,4
401114331,2019,10,2019-11-02,Air Force,Army,-17.0,,44.5,,Bovada,5
401114332,2019,11,2019-11-09,Army,Massachusetts,-35.0,,61.0,,Bovada,5
401114334,2019,14,2019-11-30,Hawai'i,Army,-2.0,,55.0,,Bovada,5
401114335,2019,15,2019-12-14,Navy,Army,-12.0,,42.0,,Bovada,5
401114336,2019,3,2019-09-14,Notre Dame,New Mexico,-35.0,,64.0,,consensus,4
401114337,2019,6,2019-10-05,Notre Dame,Bowling Green,-45.5,,63.5,,consensus,4
401114338,2019,12,2019-11-16,Notre Dame,Navy,-7.0,,56.0,,Bovada,5
401114339,2019,3,2019-09-14,New Mexico State,San Diego State,16.5,,51.0,,consensus,4
401114340,2019,4,2019-09-21,New Mexico,New Mexico State,-4.0,,68.5,,consensus,4
401114341,2019,5,2019-09-28,New Mexico State,Fresno State,21.0,,63.0,,consensus,4
401114342,2019,6,2019-10-05,New Mexico State,Liberty,4.0,,63.0,,consensus,4
401114343,2019,7,2019-10-12,Central Michigan,New Mexico State,-10.5,,57.0,,consensus,4
401114344,2019,9,2019-10-26,Georgia Southern,New Mexico State,-13.5,,53.5,,consensus,4
401114345,2019,12,2019-11-16,New Mexico State,Incarnate Word,-7.5,,60.0,,consensus,1
401114346,2019,14,2019-11-30,Liberty,New Mexico State,-15.5,,67.0,,Bovada,5
401114347,2019,2,2019-09-07,Louisiana,Liberty,-14.0,,65.5,,consensus,4
401114348,2019,3,2019-09-14,Liberty,Buffalo,5.5,,55.0,,consensus,4
401114349,2019,4,2019-09-21,Liberty,Hampton,-25.5,,58.0,,consensus,1
401114350,2019,5,2019-09-28,Liberty,New Mexico,-7.5,,72.0,,consensus,4
401114352,2019,10,2019-11-02,Massachusetts,Liberty,24.0,,72.0,,Bovada,5
401114353,2019,11,2019-11-09,BYU,Liberty,-17.5,,62.5,,Bovada,5
401114354,2019,2,2019-09-07,Massachusetts,Southern Illinois,-6.5,,79.5,,consensus,1
401114355,2019,4,2019-09-21,Massachusetts,Coastal Carolina,17.0,,62.5,,consensus,4
401114356,2019,5,2019-09-28,Massachusetts,Akron,9.5,,60.5,,consensus,4
401114357,2019,9,2019-10-26,Massachusetts,UConn,9.5,,62.0,,consensus,4
401114358,2019,13,2019-11-23,Massachusetts,BYU,42.5,,69.0,,Bovada,5
401116697,2019,4,2019-09-21,East Carolina,William & Mary,-14.0,,50.0,,consensus,1
401117213,2019,5,2019-09-28,Toledo,BYU,2.5,,63.0,,consensus,4
401117214,2019,7,2019-10-12,South Florida,BYU,4.5,,49.5,,consensus,4
401117215,2019,8,2019-10-19,BYU,Boise State,7.0,,44.5,,consensus,4
401117216,2019,10,2019-11-02,Utah State,BYU,-3.0,,51.5,,Bovada,5
401117218,2019,14,2019-11-30,San Diego State,BYU,5.0,,39.0,,Bovada,5
401117493,2019,1,2019-08-29,San José State,Northern Colorado,-17.5,,59.5,,consensus,1
401117494,2019,1,2019-08-31,Air Force,Colgate,-23.5,,43.5,,consensus,1
401117495,2019,1,2019-08-31,New Mexico,Sam Houston,-6.5,,62.5,,consensus,1
401117496,2019,1,2019-08-31,San Diego State,Weber State,-14.0,,36.5,,consensus,1
401117497,2019,1,2019-08-31,UNLV,Southern Utah,-24.5,,70.5,,consensus,1
401117498,2019,2,2019-09-07,Colorado State,Western Illinois,-12.0,,57.5,,consensus,1
401117499,2019,2,2019-09-07,Utah State,Stony Brook,-31.5,,58.0,,consensus,1
401117500,2019,2,2019-09-07,Texas State,Wyoming,7.5,,47.5,,consensus,4
401117501,2019,2,2019-09-07,San José State,Tulsa,6.5,,53.5,,consensus,4
401117502,2019,2,2019-09-07,UNLV,Arkansas State,-1.0,,64.5,,consensus,4
401117503,2019,3,2019-09-14,Boise State,Portland State,-32.5,,54.0,,consensus,1
401117505,2019,3,2019-09-14,Nevada,Weber State,-7.5,,51.5,,consensus,1
401117506,2019,4,2019-09-20,Boise State,Air Force,-7.5,,53.5,,consensus,4
401117507,2019,4,2019-09-21,Colorado State,Toledo,6.5,,67.0,,consensus,4
401117508,2019,4,2019-09-21,San Diego State,Utah State,4.0,,53.0,,consensus,4
401117509,2019,4,2019-09-21,Tulsa,Wyoming,-5.0,,46.0,,consensus,4
401117510,2019,4,2019-09-21,Fresno State,Sacramento State,-24.5,,54.5,,consensus,1
401117511,2019,4,2019-09-21,Hawai'i,Central Arkansas,-16.5,,66.5,,consensus,1
401117512,2019,5,2019-09-27,Air Force,San José State,-19.5,,58.0,,consensus,4
401117513,2019,5,2019-09-28,Utah State,Colorado State,-23.0,,69.0,,consensus,4
401117514,2019,5,2019-09-28,Wyoming,UNLV,-8.0,,45.0,,consensus,4
401117515,2019,5,2019-09-28,Nevada,Hawai'i,-2.0,,63.5,,consensus,4
401117516,2019,6,2019-10-05,Navy,Air Force,3.0,,46.5,,consensus,4
401117517,2019,6,2019-10-05,UNLV,Boise State,24.0,,57.5,,consensus,4
401117518,2019,6,2019-10-05,Colorado State,San Diego State,6.5,,48.0,,consensus,4
401117519,2019,6,2019-10-04,San José State,New Mexico,-7.0,,70.0,,consensus,4
401117520,2019,7,2019-10-12,Air Force,Fresno State,-3.0,,50.5,,consensus,4
401117521,2019,7,2019-10-12,Boise State,Hawai'i,-12.5,,60.0,,consensus,4
401117522,2019,7,2019-10-11,New Mexico,Colorado State,5.0,,65.5,,consensus,4
401117523,2019,7,2019-10-12,San Diego State,Wyoming,-3.5,,38.0,,consensus,4
401117524,2019,7,2019-10-12,Nevada,San José State,-3.0,,61.0,,consensus,4
401117525,2019,8,2019-10-19,Hawai'i,Air Force,4.0,,66.0,,consensus,4
401117526,2019,8,2019-10-19,Wyoming,New Mexico,-17.5,,48.5,,consensus,4
401117527,2019,8,2019-10-19,Utah State,Nevada,-21.5,,58.5,,consensus,4
401117528,2019,8,2019-10-18,Fresno State,UNLV,-15.5,,52.0,,consensus,4
401117529,2019,8,2019-10-19,San José State,San Diego State,7.5,,45.5,,consensus,4
401117530,2019,9,2019-10-26,Air Force,Utah State,-3.5,,60.0,,consensus,4
401117531,2019,9,2019-10-26,Fresno State,Colorado State,-13.5,,56.5,,consensus,4
401117532,2019,9,2019-10-26,New Mexico,Hawai'i,10.0,,71.0,,consensus,4
401117533,2019,9,2019-10-26,Wyoming,Nevada,-13.5,,44.0,,consensus,4
401117534,2019,9,2019-10-26,UNLV,San Diego State,11.5,,44.5,,consensus,4
401117535,2019,10,2019-11-02,San José State,Boise State,16.5,,61.0,,Bovada,5
401117536,2019,10,2019-11-02,Nevada,New Mexico,-4.0,,58.0,,Bovada,5
401117537,2019,10,2019-11-02,Hawai'i,Fresno State,-3.0,,67.0,,Bovada,5
401117538,2019,10,2019-11-02,Colorado State,UNLV,-7.5,,64.0,,Bovada,5
401117540,2019,11,2019-11-09,Fresno State,Utah State,-5.0,,59.0,,Bovada,5
401117541,2019,11,2019-11-09,Boise State,Wyoming,-16.5,,48.0,,Bovada,5
401117542,2019,11,2019-11-09,San Diego State,Nevada,-17.0,,40.0,,Bovada,5
401117543,2019,11,2019-11-09,Hawai'i,San José State,-7.5,,79.0,,Bovada,5
401117544,2019,12,2019-11-16,Colorado State,Air Force,10.5,,62.5,,Bovada,5
401117545,2019,12,2019-11-16,Boise State,New Mexico,-26.0,,57.5,,Bovada,5
401117546,2019,12,2019-11-16,Utah State,Wyoming,-4.0,,51.5,,Bovada,5
401117547,2019,12,2019-11-15,San Diego State,Fresno State,-2.5,,44.0,,Bovada,5
401117548,2019,12,2019-11-16,UNLV,Hawai'i,6.5,,72.0,,Bovada,5
401117549,2019,13,2019-11-23,Utah State,Boise State,4.5,,54.5,,Bovada,5
401117550,2019,13,2019-11-22,Wyoming,Colorado State,-5.0,,50.5,,Bovada,5
401117551,2019,13,2019-11-23,Fresno State,Nevada,-13.0,,52.0,,Bovada,5
401117552,2019,13,2019-11-23,Hawai'i,San Diego State,-1.0,,46.5,,Bovada,5
401117553,2019,13,2019-11-23,UNLV,San José State,7.0,,65.5,,Bovada,5
401117554,2019,14,2019-11-29,Colorado State,Boise State,14.0,,57.5,,Bovada,5
401117555,2019,14,2019-11-30,New Mexico,Utah State,12.5,,63.5,,Bovada,5
401117556,2019,14,2019-11-30,Air Force,Wyoming,-13.0,,41.0,,Bovada,5
401117557,2019,14,2019-11-30,San José State,Fresno State,-3.0,,59.0,,Bovada,5
401117558,2019,14,2019-11-30,Nevada,UNLV,-7.0,,51.5,,Bovada,5
401117853,2019,1,2019-08-29,UCF,Florida A&M,-44.0,,65.5,,consensus,1
401117854,2019,1,2019-08-29,Cincinnati,UCLA,-2.5,,55.5,,consensus,4
401117855,2019,1,2019-08-29,UConn,Wagner,-23.0,,70.5,,consensus,1
401117856,2019,1,2019-08-30,South Florida,Wisconsin,10.5,,58.0,,consensus,4
401117857,2019,1,2019-08-31,Navy,Holy Cross,-21.5,,53.5,,consensus,1
401117858,2019,1,2019-08-31,Arkansas State,SMU,-1.5,,57.5,,consensus,4
401117859,2019,1,2019-08-31,Temple,Bucknell,-42.0,,53.5,,consensus,1
401117860,2019,2,2019-09-07,East Carolina,Gardner-Webb,-31.0,,58.5,,consensus,1
401117861,2019,2,2019-09-07,Houston,Prairie View A&M,-35.0,,77.5,,consensus,1
401117862,2019,2,2019-09-07,Memphis,Southern,-41.0,,68.5,,consensus,1
401117863,2019,3,2019-09-14,Cincinnati,Miami (OH),-17.0,,49.5,,consensus,4
401117864,2019,3,2019-09-14,Navy,East Carolina,-7.5,,53.5,,consensus,4
401117865,2019,3,2019-09-14,South Alabama,Memphis,20.5,,55.0,,consensus,4
401117866,2019,3,2019-09-14,South Florida,South Carolina State,-25.0,,49.5,,consensus,1
401117867,2019,3,2019-09-14,SMU,Texas State,-17.5,,62.5,,consensus,4
401117868,2019,3,2019-09-14,Tulane,Missouri State,-31.5,,55.0,,consensus,1
401117869,2019,4,2019-09-19,Tulane,Houston,-4.0,,57.5,,consensus,4
401117870,2019,4,2019-09-21,Buffalo,Temple,14.0,,50.5,,consensus,4
401117871,2019,5,2019-09-26,Memphis,Navy,-10.5,,54.0,,consensus,4
401117872,2019,5,2019-09-28,UCF,UConn,-42.0,,65.0,,consensus,4
401117873,2019,5,2019-09-28,South Florida,SMU,7.5,,62.0,,consensus,4
401117874,2019,6,2019-10-03,East Carolina,Temple,12.0,,46.5,,consensus,4
401117875,2019,6,2019-10-04,Cincinnati,UCF,3.5,,63.5,,consensus,4
401117876,2019,6,2019-10-05,UConn,South Florida,11.0,,48.5,,consensus,4
401117877,2019,6,2019-10-05,UL Monroe,Memphis,15.5,,63.5,,consensus,4
401117878,2019,6,2019-10-05,SMU,Tulsa,-12.0,,64.0,,consensus,4
401117879,2019,7,2019-10-12,Houston,Cincinnati,9.5,,51.0,,consensus,4
401117880,2019,7,2019-10-12,Tulane,UConn,-34.0,,57.5,,consensus,4
401117881,2019,7,2019-10-12,Temple,Memphis,4.0,,50.5,,consensus,4
401117882,2019,7,2019-10-12,Tulsa,Navy,-1.0,,52.5,,consensus,4
401117883,2019,8,2019-10-19,Navy,South Florida,-15.5,,51.5,,consensus,4
401117884,2019,8,2019-10-19,UCF,East Carolina,-34.5,,64.5,,consensus,4
401117885,2019,8,2019-10-19,Cincinnati,Tulsa,-16.0,,47.0,,consensus,4
401117886,2019,8,2019-10-19,UConn,Houston,22.0,,56.5,,consensus,4
401117887,2019,8,2019-10-19,SMU,Temple,-9.5,,60.0,,consensus,4
401117888,2019,8,2019-10-19,Memphis,Tulane,-2.0,,61.0,,consensus,4
401117889,2019,9,2019-10-24,Houston,SMU,12.5,,65.0,,consensus,4
401117890,2019,9,2019-10-26,Navy,Tulane,-4.5,,58.0,,consensus,4
401117891,2019,9,2019-10-26,Temple,UCF,11.5,,61.5,,consensus,4
401117892,2019,9,2019-10-26,East Carolina,South Florida,1.0,,51.0,,consensus,4
401117893,2019,9,2019-10-26,Tulsa,Memphis,10.0,,59.0,,consensus,4
401117894,2019,10,2019-11-01,UConn,Navy,26.5,,55.0,,Bovada,5
401117895,2019,10,2019-11-02,UCF,Houston,-22.0,,73.5,,Bovada,5
401117896,2019,10,2019-11-02,East Carolina,Cincinnati,24.5,,48.5,,Bovada,5
401117897,2019,10,2019-11-02,Memphis,SMU,-6.5,,72.0,,Bovada,5
401117898,2019,10,2019-11-02,Tulane,Tulsa,-10.5,,59.5,,Bovada,5
401117899,2019,11,2019-11-07,South Florida,Temple,0.0,,50.0,,Bovada,5
401117900,2019,11,2019-11-08,Tulsa,UCF,17.0,,68.5,,Bovada,5
401117901,2019,11,2019-11-09,Cincinnati,UConn,-34.0,,53.0,,Bovada,5
401117902,2019,11,2019-11-09,SMU,East Carolina,-23.0,,74.0,,Bovada,5
401117903,2019,12,2019-11-16,South Florida,Cincinnati,13.5,,47.0,,Bovada,5
401117904,2019,12,2019-11-16,Houston,Memphis,10.0,,72.0,,Bovada,5
401117905,2019,12,2019-11-16,Temple,Tulane,7.0,,53.0,,Bovada,5
401117906,2019,13,2019-11-23,Tulane,UCF,7.0,,73.5,,Bovada,5
401117907,2019,13,2019-11-23,Cincinnati,Temple,-9.0,,44.5,,Bovada,5
401117908,2019,13,2019-11-23,UConn,East Carolina,16.0,,64.5,,Bovada,5
401117909,2019,13,2019-11-23,South Florida,Memphis,15.5,,60.5,,Bovada,5
401117910,2019,13,2019-11-23,Tulsa,Houston,-6.5,,58.0,,Bovada,5
401117911,2019,13,2019-11-23,Navy,SMU,-3.5,,69.0,,Bovada,5
401117912,2019,14,2019-11-29,UCF,South Florida,-24.0,,62.0,,Bovada,5
401117913,2019,14,2019-11-29,Memphis,Cincinnati,-14.0,,59.5,,Bovada,5
401117914,2019,14,2019-11-30,Temple,UConn,-27.0,,48.0,,Bovada,5
401117915,2019,14,2019-11-30,East Carolina,Tulsa,6.5,,64.5,,Bovada,5
401117916,2019,14,2019-11-30,Houston,Navy,10.0,,56.0,,Bovada,5
401117917,2019,14,2019-11-30,SMU,Tulane,-3.5,,72.0,,Bovada,5
401119253,2019,1,2019-08-29,Central Michigan,UAlbany,-14.5,,45.0,,consensus,1
401119254,2019,1,2019-08-29,Bowling Green,Morgan State,-24.0,,50.5,,consensus,1
401119255,2019,1,2019-08-29,Buffalo,Robert Morris,-41.5,,63.5,,consensus,1
401119256,2019,1,2019-08-31,Coastal Carolina,Eastern Michigan,5.0,,55.5,,consensus,4
401119257,2019,1,2019-08-31,Northern Illinois,Illinois State,-6.5,,42.5,,consensus,1
401119258,2019,1,2019-08-31,Western Michigan,Monmouth,-24.5,,73.5,,consensus,1
401119259,2019,1,2019-08-31,Ohio,Rhode Island,-25.0,,66.5,,consensus,1
401119260,2019,2,2019-09-07,Ball State,Fordham,-29.5,,51.0,,consensus,1
401119262,2019,2,2019-09-07,Miami (OH),Tennessee Tech,-37.5,,60.0,,consensus,1
401119263,2019,3,2019-09-14,Central Michigan,Akron,-2.5,,45.5,,consensus,4
401119264,2019,3,2019-09-14,Western Michigan,Georgia State,-9.0,,69.5,,consensus,4
401119265,2019,3,2019-09-14,Toledo,Murray State,-36.5,,70.0,,consensus,1
401119266,2019,4,2019-09-21,Kent State,Bowling Green,-12.0,,62.0,,consensus,4
401119267,2019,4,2019-09-21,Eastern Michigan,Central Connecticut,-32.5,,63.0,,consensus,1
401119268,2019,4,2019-09-21,Ohio,Louisiana,-3.0,,67.5,,consensus,4
401119269,2019,4,2019-09-21,Akron,Troy,19.0,,57.5,,consensus,4
401119270,2019,5,2019-09-28,Miami (OH),Buffalo,2.5,,47.0,,consensus,4
401119271,2019,5,2019-09-28,Western Michigan,Central Michigan,-16.5,,60.5,,consensus,4
401119272,2019,6,2019-10-05,Northern Illinois,Ball State,-3.5,,54.5,,consensus,4
401119273,2019,6,2019-10-05,Central Michigan,Eastern Michigan,4.0,,54.0,,consensus,4
401119274,2019,6,2019-10-05,Buffalo,Ohio,3.5,,51.5,,consensus,4
401119275,2019,6,2019-10-05,Toledo,Western Michigan,-1.5,,73.5,,consensus,4
401119276,2019,7,2019-10-12,Eastern Michigan,Ball State,-2.0,,57.0,,consensus,4
401119277,2019,7,2019-10-12,Akron,Kent State,14.0,,57.5,,consensus,4
401119278,2019,7,2019-10-12,Western Michigan,Miami (OH),-12.5,,57.0,,consensus,4
401119279,2019,7,2019-10-12,Ohio,Northern Illinois,-5.0,,51.5,,consensus,4
401119280,2019,7,2019-10-12,Bowling Green,Toledo,27.0,,65.0,,consensus,4
401119281,2019,8,2019-10-19,Akron,Buffalo,17.5,,47.5,,consensus,4
401119282,2019,8,2019-10-19,Bowling Green,Central Michigan,11.0,,54.5,,consensus,4
401119283,2019,8,2019-10-19,Ohio,Kent State,-8.0,,63.0,,consensus,4
401119284,2019,8,2019-10-19,Miami (OH),Northern Illinois,2.5,,48.5,,consensus,4
401119285,2019,8,2019-10-19,Ball State,Toledo,-3.0,,58.0,,consensus,4
401119286,2019,8,2019-10-19,Eastern Michigan,Western Michigan,9.5,,61.0,,consensus,4
401119287,2019,9,2019-10-26,Northern Illinois,Akron,-22.0,,42.0,,consensus,4
401119288,2019,9,2019-10-26,Western Michigan,Bowling Green,-27.0,,65.5,,consensus,4
401119289,2019,9,2019-10-26,Buffalo,Central Michigan,-2.5,,45.5,,consensus,4
401119290,2019,9,2019-10-26,Toledo,Eastern Michigan,-2.5,,52.0,,consensus,4
401119291,2019,9,2019-10-26,Kent State,Miami (OH),-2.5,,54.0,,consensus,4
401119292,2019,9,2019-10-26,Ball State,Ohio,-2.5,,59.5,,consensus,4
401119293,2019,10,2019-11-02,Bowling Green,Akron,-4.5,,49.0,,Bovada,5
401119294,2019,10,2019-11-02,Eastern Michigan,Buffalo,2.0,,49.5,,Bovada,5
401119295,2019,10,2019-11-02,Central Michigan,Northern Illinois,1.5,,48.5,,Bovada,5
401119296,2019,11,2019-11-05,Western Michigan,Ball State,-6.5,,65.0,,Bovada,5
401119297,2019,11,2019-11-05,Toledo,Kent State,-4.5,,63.0,,Bovada,5
401119298,2019,11,2019-11-06,Ohio,Miami (OH),-7.5,,57.5,,Bovada,5
401119299,2019,12,2019-11-12,Akron,Eastern Michigan,17.5,,45.0,,Bovada,5
401119300,2019,12,2019-11-12,Ohio,Western Michigan,-1.0,,64.0,,Bovada,5
401119301,2019,12,2019-11-13,Miami (OH),Bowling Green,-17.0,,48.0,,Bovada,5
401119302,2019,12,2019-11-13,Toledo,Northern Illinois,-2.5,,55.5,,Bovada,5
401119303,2019,12,2019-11-14,Kent State,Buffalo,6.0,,55.0,,Bovada,5
401119304,2019,12,2019-11-16,Ball State,Central Michigan,-1.5,,60.0,,Bovada,5
401119305,2019,13,2019-11-19,Northern Illinois,Eastern Michigan,-3.0,,58.0,,Bovada,5
401119306,2019,13,2019-11-19,Bowling Green,Ohio,21.5,,56.0,,Bovada,5
401119307,2019,13,2019-11-20,Miami (OH),Akron,-29.0,,45.5,,Bovada,5
401119308,2019,13,2019-11-20,Buffalo,Toledo,-10.0,,54.5,,Bovada,5
401119309,2019,13,2019-11-23,Kent State,Ball State,3.5,,67.0,,Bovada,5
401119310,2019,14,2019-11-26,Akron,Ohio,28.0,,53.0,,Bovada,5
401119311,2019,14,2019-11-26,Northern Illinois,Western Michigan,9.0,,51.0,,Bovada,5
401119312,2019,14,2019-11-29,Buffalo,Bowling Green,-28.0,,54.0,,Bovada,5
401119313,2019,14,2019-11-29,Eastern Michigan,Kent State,-3.5,,69.0,,Bovada,5
401119314,2019,14,2019-11-29,Ball State,Miami (OH),-3.0,,55.5,,Bovada,5
401119315,2019,14,2019-11-29,Central Michigan,Toledo,-14.5,,64.0,,Bovada,5
401121934,2019,1,2019-08-31,App State,East Tennessee State,-33.0,,51.5,,consensus,1
401121935,2019,1,2019-08-31,Troy,Campbell,-35.5,,49.0,,consensus,1
401121936,2019,2,2019-09-07,Georgia Southern,Maine,-8.5,,46.5,,consensus,1
401121937,2019,2,2019-09-07,Georgia State,Furman,-6.0,,61.5,,consensus,1
401121938,2019,2,2019-09-07,South Alabama,Jackson State,-25.0,,47.0,,consensus,1
401121939,2019,3,2019-09-14,Coastal Carolina,Norfolk State,-25.5,,48.5,,consensus,1
401121940,2019,3,2019-09-14,Louisiana,Texas Southern,-47.0,,75.0,,consensus,1
401121941,2019,4,2019-09-21,Arkansas State,Southern Illinois,-23.0,,62.0,,consensus,1
401121942,2019,4,2019-09-21,Texas State,Georgia State,-3.0,,62.5,,consensus,4
401121943,2019,5,2019-09-28,App State,Coastal Carolina,-16.0,,59.0,,consensus,4
401121944,2019,5,2019-09-28,Troy,Arkansas State,-7.0,,59.0,,consensus,4
401121945,2019,5,2019-09-28,Georgia Southern,Louisiana,3.5,,55.5,,consensus,4
401121946,2019,5,2019-09-28,UL Monroe,South Alabama,-14.5,,58.5,,consensus,4
401121947,2019,5,2019-09-28,Texas State,Nicholls,-2.5,,55.0,,consensus,1
401121948,2019,6,2019-10-03,South Alabama,Georgia Southern,9.5,,45.0,,consensus,4
401121949,2019,6,2019-10-05,Georgia State,Arkansas State,6.5,,69.5,,consensus,4
401121950,2019,7,2019-10-09,Louisiana,App State,-2.5,,70.0,,consensus,4
401121951,2019,7,2019-10-10,Texas State,UL Monroe,3.5,,61.0,,consensus,4
401121952,2019,7,2019-10-12,Coastal Carolina,Georgia State,-3.5,,64.5,,consensus,4
401121953,2019,8,2019-10-16,Troy,South Alabama,-17.5,,55.0,,consensus,4
401121954,2019,8,2019-10-17,Arkansas State,Louisiana,6.0,,69.0,,consensus,4
401121955,2019,8,2019-10-19,App State,UL Monroe,-15.5,,66.0,,consensus,4
401121956,2019,8,2019-10-19,Georgia Southern,Coastal Carolina,-7.0,,42.5,,consensus,4
401121957,2019,9,2019-10-26,South Alabama,App State,27.5,,50.5,,consensus,4
401121958,2019,9,2019-10-26,Arkansas State,Texas State,-10.5,,60.5,,consensus,4
401121959,2019,9,2019-10-26,Georgia State,Troy,-1.0,,67.5,,consensus,4
401121960,2019,10,2019-10-31,App State,Georgia Southern,-14.0,,41.5,,Bovada,5
401121961,2019,10,2019-11-02,UL Monroe,Arkansas State,0.0,,69.5,,Bovada,5
401121962,2019,10,2019-11-02,Coastal Carolina,Troy,2.0,,60.5,,Bovada,5
401121963,2019,10,2019-11-02,Louisiana,Texas State,-23.5,,55.5,,Bovada,5
401121964,2019,11,2019-11-07,Coastal Carolina,Louisiana,14.0,,58.0,,Bovada,5
401121965,2019,11,2019-11-09,Troy,Georgia Southern,2.0,,57.0,,Bovada,5
401121966,2019,11,2019-11-09,UL Monroe,Georgia State,3.0,,77.0,,Bovada,5
401121967,2019,11,2019-11-09,Texas State,South Alabama,-7.0,,41.0,,Bovada,5
401121968,2019,12,2019-11-16,Georgia State,App State,15.0,,61.5,,Bovada,5
401121969,2019,12,2019-11-16,Arkansas State,Coastal Carolina,-14.0,,60.5,,Bovada,5
401121970,2019,12,2019-11-16,Georgia Southern,UL Monroe,-6.5,,57.0,,Bovada,5
401121971,2019,12,2019-11-16,South Alabama,Louisiana,27.5,,52.5,,Bovada,5
401121972,2019,12,2019-11-16,Texas State,Troy,7.0,,64.5,,Bovada,5
401121973,2019,13,2019-11-23,App State,Texas State,-29.0,,50.0,,Bovada,5
401121974,2019,13,2019-11-23,Arkansas State,Georgia Southern,-1.0,,52.0,,Bovada,5
401121975,2019,13,2019-11-23,UL Monroe,Coastal Carolina,-6.0,,63.5,,Bovada,5
401121976,2019,13,2019-11-23,Georgia State,South Alabama,-9.0,,57.0,,Bovada,5
401121977,2019,13,2019-11-23,Louisiana,Troy,-12.5,,74.0,,Bovada,5
401121978,2019,14,2019-11-29,Troy,App State,11.5,,64.0,,Bovada,5
401121979,2019,14,2019-11-29,South Alabama,Arkansas State,10.5,,53.0,,Bovada,5
401121980,2019,14,2019-11-30,Coastal Carolina,Texas State,-7.0,,52.0,,Bovada,5
401121981,2019,14,2019-11-30,Georgia Southern,Georgia State,-6.5,,56.0,,Bovada,5
401121982,2019,14,2019-11-30,Louisiana,UL Monroe,-20.0,,71.0,,Bovada,5
401128468,2019,1,2019-08-31,UL Monroe,Grambling,-28.0,,58.5,,consensus,1
401132973,2019,15,2019-12-06,Oregon,Utah,6.5,,46.0,,Bovada,5
401132974,2019,15,2019-12-07,Oklahoma,Baylor,-9.0,,66.5,,Bovada,5
401132975,2019,15,2019-12-07,Clemson,Virginia,-29.0,,57.5,,Bovada,5
401132976,2019,15,2019-12-07,Memphis,Cincinnati,-8.5,,59.0,,Bovada,5
401132979,2019,15,2019-12-07,Boise State,Hawai'i,-14.5,,65.5,,Bovada,5
401132980,2019,15,2019-12-07,Florida Atlantic,UAB,-8.0,,49.5,,Bovada,5
401132981,2019,15,2019-12-07,LSU,Georgia,-7.5,,57.5,,Bovada,5
401132982,2019,15,2019-12-07,Central Michigan,Miami (OH),-6.5,,57.0,,Bovada,5
401132983,2019,15,2019-12-07,Wisconsin,Ohio State,17.0,,58.0,,Bovada,5
401132984,2019,15,2019-12-07,App State,Louisiana,-6.0,,57.5,,Bovada,5
401135910,2019,1,2019-08-29,Charlotte,Gardner-Webb,-31.0,,54.5,,consensus,1
401183793,2019,13,2019-11-23,New Mexico,Air Force,24.0,,57.0,,consensus,4
401135260,2019,1,2019-12-20,Charlotte,Buffalo,7.0,,52.0,,Bovada,5
401135261,2019,1,2019-12-20,Kent State,Utah State,7.5,,71.5,,Bovada,5
401135263,2019,1,2019-12-21,San Diego State,Central Michigan,-4.0,,40.0,,Bovada,5
401135264,2019,1,2019-12-21,Florida Atlantic,SMU,7.5,,64.0,,Bovada,5
401135265,2019,1,2019-12-21,Arkansas State,Florida International,1.5,,60.0,,Bovada,5
401135266,2019,1,2019-12-21,Washington,Boise State,-4.0,,48.0,,Bovada,5
401135267,2019,1,2019-12-21,UAB,App State,17.5,,48.0,,Bovada,5
401135268,2019,1,2019-12-23,Marshall,UCF,16.0,,60.0,,Bovada,5
401135269,2019,1,2019-12-24,BYU,Hawai'i,-3.0,,65.5,,Bovada,5
401135270,2019,1,2019-12-26,Miami,Louisiana Tech,-7.0,,49.5,,Bovada,5
401135271,2019,1,2019-12-26,Eastern Michigan,Pittsburgh,12.5,,51.0,,Bovada,5
401135272,2019,1,2019-12-27,Temple,North Carolina,6.0,,56.5,,Bovada,5
401135273,2019,1,2019-12-27,Wake Forest,Michigan State,3.5,,50.5,,Bovada,5
401135274,2019,1,2019-12-27,Texas A&M,Oklahoma State,-4.5,,55.5,,Bovada,5
401135275,2019,1,2019-12-27,Washington State,Air Force,3.0,,73.0,,Bovada,5
401135276,2019,1,2019-12-28,Iowa State,Notre Dame,4.0,,55.0,,Bovada,5
401135277,2019,1,2019-12-28,Penn State,Memphis,-7.0,,59.5,,Bovada,5
401135278,2019,1,2019-12-28,LSU,Oklahoma,-13.0,,75.0,,Bovada,5
401135279,2019,1,2019-12-28,Ohio State,Clemson,3.0,,63.5,,Bovada,5
401135280,2019,1,2019-12-30,Western Michigan,Western Kentucky,3.0,,56.0,,Bovada,5
401135281,2019,1,2019-12-30,Louisville,Mississippi State,5.0,,64.5,,Bovada,5
401135282,2019,1,2019-12-30,Virginia,Florida,16.0,,55.5,,Bovada,5
401135283,2019,1,2019-12-31,Kentucky,Virginia Tech,2.0,,47.0,,Bovada,5
401135284,2019,1,2019-12-31,Kansas State,Navy,2.0,,53.5,,Bovada,5
401135285,2019,1,2019-12-31,Texas,Utah,7.5,,57.0,,Bovada,5
401135286,2019,1,2020-01-01,Alabama,Michigan,-8.5,,62.0,,Bovada,5
401135287,2019,1,2020-01-01,Auburn,Minnesota,-7.0,,54.0,,Bovada,5
401135288,2019,1,2020-01-01,Wisconsin,Oregon,-3.0,,53.0,,Bovada,5
401135289,2019,1,2020-01-01,Baylor,Georgia,4.0,,44.0,,Bovada,5
401135290,2019,1,2020-01-02,Cincinnati,Boston College,-8.0,,53.0,,Bovada,5
401135291,2019,1,2020-01-02,Tennessee,Indiana,-4.0,,56.0,,Bovada,5
401135292,2019,1,2020-01-03,Nevada,Ohio,10.5,,62.5,,Bovada,5
401135293,2019,1,2020-01-04,Tulane,Southern Miss,-7.5,,58.0,,Bovada,5
401135294,2019,1,2020-01-06,Miami (OH),Louisiana,15.5,,55.5,,Bovada,5
401135295,2019,1,2020-01-13,LSU,Clemson,-5.0,,67.0,,Bovada,5
401136253,2019,1,2019-12-27,Iowa,USC,1.5,,54.5,,Bovada,5
401136254,2019,1,2019-12-30,Illinois,California,6.0,,47.5,,Bovada,5
401136255,2019,1,2019-12-31,Arizona State,Florida State,-3.5,,51.5,,Bovada,5
401147693,2019,1,2019-12-21,Georgia Southern,Liberty,-5.0,,59.0,,Bovada,5
401147695,2019,1,2019-12-31,Georgia State,Wyoming,7.5,,49.5,,Bovada,5
401207098,2020,1,2020-09-05,North Texas,Houston Christian,-23.0,,74.0,,Bovada,2
401207101,2020,1,2020-09-03,Southern Miss,South Alabama,-12.0,,54.5,,Bovada,5
401207102,2020,8,2020-10-24,Western Kentucky,Chattanooga,-14.0,,53.5,,consensus,2
401207106,2020,3,2020-09-19,Southern Miss,Louisiana Tech,-7.0,,59.0,,Bovada,5
401207113,2020,2,2020-09-12,Texas State,UTSA,-6.0,,56.5,,Bovada,5
401207120,2020,3,2020-09-19,North Texas,SMU,15.0,,72.5,,Bovada,5
401207124,2020,3,2020-09-19,Western Kentucky,Liberty,-14.5,,52.0,,Bovada,5
401207126,2020,4,2020-09-26,Liberty,Florida International,-10.0,,60.5,,Bovada,5
401207132,2020,4,2020-09-24,South Alabama,UAB,8.0,,47.5,,Bovada,5
401207134,2020,4,2020-09-25,UTSA,Middle Tennessee,-6.0,,58.5,,consensus,4
401207136,2020,5,2020-10-03,Florida Atlantic,Charlotte,-5.0,,62.5,,Bovada,5
401207138,2020,5,2020-10-03,Middle Tennessee,Western Kentucky,7.0,,52.5,,Bovada,5
401207139,2020,5,2020-10-03,North Texas,Southern Miss,-1.5,,74.5,,Bovada,5
401207141,2020,5,2020-10-03,UAB,UTSA,-21.5,,55.0,,consensus,4
401207142,2020,6,2020-10-10,North Texas,Charlotte,3.0,,66.0,,Bovada,5
401207143,2020,6,2020-10-10,Florida International,Middle Tennessee,-7.0,,57.0,,Bovada,6
401207145,2020,6,2020-10-10,Louisiana Tech,UTEP,-14.5,,55.5,,Bovada,6
401207146,2020,6,2020-10-10,Western Kentucky,Marshall,7.0,,43.0,,Bovada,6
401207149,2020,7,2020-10-17,Louisiana Tech,Marshall,12.0,,48.5,,Bovada,5
401207150,2020,7,2020-10-17,Middle Tennessee,North Texas,-3.5,,71.5,,Bovada,5
401207153,2020,7,2020-10-17,UAB,Western Kentucky,-11.0,,44.0,,Bovada,6
401207154,2020,8,2020-10-24,Charlotte,UTEP,-17.5,,50.0,,Bovada,6
401207156,2020,8,2020-10-24,Marshall,Florida Atlantic,-19.5,,51.0,,Bovada,6
401207157,2020,8,2020-10-24,UTSA,Louisiana Tech,2.5,,54.0,,consensus,5
401207158,2020,8,2020-10-24,Rice,Middle Tennessee,-4.0,,48.0,,Bovada,6
401207160,2020,8,2020-10-24,Liberty,Southern Miss,-14.5,,60.0,,Bovada,6
401207162,2020,9,2020-10-31,Florida Atlantic,UTSA,-5.0,,47.0,,consensus,5
401207163,2020,9,2020-10-31,Louisiana Tech,UAB,10.0,,,,Bovada,6
401207166,2020,9,2020-10-31,Southern Miss,Rice,-3.0,,,,Bovada,5
401207169,2020,10,2020-11-07,Florida Atlantic,Western Kentucky,-7.0,,41.0,,Bovada,5
401207174,2020,11,2020-11-13,Florida International,Florida Atlantic,9.5,,42.0,,Bovada,5
401207176,2020,11,2020-11-14,Marshall,Middle Tennessee,-24.0,,55.5,,Bovada,5
401207178,2020,11,2020-11-14,Western Kentucky,Southern Miss,-7.5,,45.0,,Bovada,5
401207179,2020,11,2020-11-14,UTSA,UTEP,-6.0,,45.5,,Bovada,5
401207181,2020,12,2020-11-21,Western Kentucky,Florida International,-7.0,,42.0,,Bovada,5
401207184,2020,12,2020-11-21,North Texas,Rice,-2.5,,65.0,,Bovada,4
401207185,2020,12,2020-11-21,Southern Miss,UTSA,9.0,,53.0,,Bovada,5
401207191,2020,13,2020-11-28,UTSA,North Texas,-1.5,,67.0,,Bovada,5
401207200,2020,11,2020-11-14,Tulane,Army,-3.0,,46.5,,Bovada,5
401207203,2020,15,2020-12-12,Army,Navy,-7.5,,35.5,,Bovada,5
401207215,2020,6,2020-10-10,Liberty,UL Monroe,-17.5,,63.5,,Bovada,5
401207218,2020,11,2020-11-14,Liberty,Western Carolina,-39.0,,63.0,,consensus,1
401209818,2020,12,2020-11-21,BYU,North Alabama,-50.0,,63.0,,consensus,1
401212476,2020,5,2020-10-03,Cincinnati,South Florida,-22.0,,45.5,,Bovada,5
401212477,2020,6,2020-10-10,South Florida,East Carolina,-6.0,,58.5,,Bovada,5
401212478,2020,7,2020-10-17,Temple,South Florida,-14.0,,53.0,,Bovada,6
401212479,2020,8,2020-10-23,South Florida,Tulsa,12.0,,51.5,,Bovada,6
401212480,2020,10,2020-11-07,Memphis,South Florida,-18.0,,65.0,,Bovada,5
401212481,2020,11,2020-11-14,Houston,South Florida,-14.5,,58.5,,Bovada,5
401212483,2020,13,2020-11-27,South Florida,UCF,26.0,,70.5,,Bovada,5
401212484,2020,1,2020-09-05,Texas State,SMU,25.5,,70.0,,Bovada,5
401212485,2020,4,2020-09-26,SMU,Stephen F. Austin,-38.5,,63.5,,consensus,1
401212486,2020,5,2020-10-03,SMU,Memphis,-2.5,,75.0,,Bovada,5
401212487,2020,7,2020-10-16,Tulane,SMU,6.5,,66.0,,Bovada,6
401212488,2020,8,2020-10-24,SMU,Cincinnati,0.0,,57.0,,Bovada,5
401212489,2020,9,2020-10-31,SMU,Navy,-14.0,,,,Bovada,6
401212490,2020,10,2020-11-07,Temple,SMU,17.5,,63.5,,consensus,4
401212491,2020,11,2020-11-14,Tulsa,SMU,2.0,,64.0,,Bovada,5
401212513,2020,13,2020-11-28,East Carolina,SMU,12.0,,72.0,,Bovada,5
401212515,2020,6,2020-10-10,Navy,Temple,4.0,,51.0,,Bovada,4
401212516,2020,8,2020-10-24,Memphis,Temple,-14.0,,70.0,,Bovada,6
401212517,2020,9,2020-10-31,Tulane,Temple,-3.0,,,,Bovada,6
401212518,2020,11,2020-11-14,UCF,Temple,-29.0,,72.5,,Bovada,5
401212519,2020,12,2020-11-21,Temple,East Carolina,7.0,,53.0,,Bovada,5
401212522,2020,3,2020-09-19,Tulane,Navy,-5.0,,44.5,,Bovada,5
401212523,2020,6,2020-10-08,Houston,Tulane,-6.5,,58.5,,Bovada,6
401212524,2020,8,2020-10-24,UCF,Tulane,-21.0,,71.0,,Bovada,5
401212525,2020,10,2020-11-07,East Carolina,Tulane,5.0,,60.5,,Bovada,5
401212526,2020,12,2020-11-19,Tulsa,Tulane,-5.0,,56.5,,Bovada,5
401212531,2020,5,2020-10-03,UCF,Tulsa,-21.0,,70.0,,Bovada,4
401212533,2020,9,2020-10-30,Tulsa,East Carolina,-18.0,,,,Bovada,6
401212536,2020,4,2020-09-26,East Carolina,UCF,28.5,,77.5,,Bovada,5
401212537,2020,7,2020-10-17,Memphis,UCF,3.0,,77.0,,Bovada,6
401212538,2020,9,2020-10-31,Houston,UCF,3.0,,,,Bovada,6
401212540,2020,12,2020-11-21,UCF,Cincinnati,4.5,,66.0,,Bovada,5
401212541,2020,3,2020-09-19,Cincinnati,Austin Peay,-39.5,,54.0,,consensus,1
401212543,2020,9,2020-10-31,Cincinnati,Memphis,-7.0,,,,Bovada,6
401212544,2020,10,2020-11-07,Cincinnati,Houston,-13.5,,57.0,,Bovada,5
401212545,2020,11,2020-11-13,Cincinnati,East Carolina,-27.5,,57.0,,Bovada,5
401212547,2020,5,2020-10-03,Georgia State,East Carolina,2.0,,70.0,,Bovada,5
401212548,2020,7,2020-10-17,East Carolina,Navy,3.5,,56.0,,Bovada,5
401212551,2020,7,2020-10-16,Houston,BYU,3.0,,62.5,,consensus,5
401212552,2020,8,2020-10-24,Navy,Houston,15.5,,56.5,,Bovada,6
401212553,2020,1,2020-09-05,Memphis,Arkansas State,-18.5,,71.5,,Bovada,5
401212557,2020,5,2020-10-03,Air Force,Navy,6.5,,46.5,,Bovada,5
401215298,2020,2,2020-09-12,Georgia Southern,Campbell,-31.0,,58.5,,Bovada,2
401215301,2020,3,2020-09-19,Georgia State,Louisiana,17.0,,57.5,,consensus,4
401215302,2020,3,2020-09-19,UL Monroe,Texas State,3.5,,58.0,,Bovada,5
401215303,2020,4,2020-09-26,Louisiana,Georgia Southern,-11.5,,49.0,,consensus,4
401215304,2020,5,2020-10-03,Coastal Carolina,Arkansas State,3.5,,64.5,,Bovada,5
401215305,2020,5,2020-10-03,UL Monroe,Georgia Southern,19.5,,50.5,,Bovada,5
401215308,2020,6,2020-10-10,Troy,Texas State,-7.0,,59.0,,Bovada,5
401215309,2020,15,2020-12-12,Georgia Southern,App State,9.0,,45.0,,Bovada,5
401215310,2020,7,2020-10-15,Arkansas State,Georgia State,-3.5,,72.5,,Bovada,6
401215311,2020,7,2020-10-14,Louisiana,Coastal Carolina,-9.5,,58.5,,consensus,5
401215313,2020,7,2020-10-17,South Alabama,Texas State,-4.5,,57.5,,Bovada,5
401215316,2020,8,2020-10-24,Coastal Carolina,Georgia Southern,-1.5,,49.0,,Bovada,6
401215317,2020,8,2020-10-24,Troy,Georgia State,-2.5,,68.5,,Bovada,6
401215318,2020,9,2020-10-31,Georgia State,Coastal Carolina,3.5,,,,Bovada,6
401215319,2020,9,2020-10-31,UL Monroe,App State,31.5,,,,Bovada,5
401215320,2020,9,2020-10-31,Arkansas State,Troy,-3.5,,,,Bovada,6
401215321,2020,9,2020-10-29,Georgia Southern,South Alabama,-7.0,,,,Bovada,5
401215322,2020,9,2020-10-31,Texas State,Louisiana,17.0,,,,Bovada,5
401215324,2020,10,2020-11-07,Texas State,App State,17.5,,57.5,,Bovada,5
401215325,2020,10,2020-11-07,Coastal Carolina,South Alabama,-17.0,,54.0,,Bovada,5
401215326,2020,10,2020-11-07,Georgia Southern,Troy,3.0,,52.0,,Bovada,5
401215327,2020,10,2020-11-07,Georgia State,UL Monroe,-18.0,,58.5,,Bovada,5
401215328,2020,11,2020-11-14,App State,Georgia State,-18.0,,63.0,,Bovada,5
401215331,2020,11,2020-11-14,Georgia Southern,Texas State,-12.0,,50.0,,Bovada,5
401215332,2020,11,2020-11-14,Louisiana,South Alabama,-14.0,,53.0,,Bovada,5
401215333,2020,12,2020-11-21,Coastal Carolina,App State,-3.0,,48.5,,Bovada,5
401215334,2020,12,2020-11-21,Texas State,Arkansas State,4.5,,69.0,,Bovada,5
401215335,2020,12,2020-11-21,South Alabama,Georgia State,4.0,,59.0,,Bovada,5
401215336,2020,13,2020-11-28,App State,Troy,-14.0,,50.5,,Bovada,5
401215337,2020,13,2020-11-28,Arkansas State,South Alabama,-7.5,,64.0,,Bovada,5
401215338,2020,13,2020-11-28,Texas State,Coastal Carolina,17.5,,58.5,,Bovada,5
401215339,2020,13,2020-11-28,Georgia State,Georgia Southern,-3.0,,51.0,,Bovada,5
401215340,2020,13,2020-11-28,UL Monroe,Louisiana,29.0,,58.0,,Bovada,5
401232157,2020,4,2020-09-26,Louisiana Tech,Houston Christian,-23.5,,75.5,,consensus,1
401234559,2020,2,2020-09-10,Miami,UAB,-16.0,,55.0,,Bovada,5
401234562,2020,2,2020-09-12,Wake Forest,Clemson,36.0,,59.0,,Bovada,5
401234563,2020,2,2020-09-12,Florida State,Georgia Tech,-13.5,,49.0,,Bovada,4
401234564,2020,2,2020-09-12,Louisville,Western Kentucky,-13.5,,55.5,,Bovada,5
401234565,2020,2,2020-09-12,North Carolina,Syracuse,-24.5,,67.0,,Bovada,5
401234566,2020,4,2020-09-26,Virginia Tech,NC State,-6.0,,56.5,,Bovada,4
401234567,2020,3,2020-09-19,Duke,Boston College,-3.5,,50.5,,Bovada,5
401234568,2020,3,2020-09-19,Georgia Tech,UCF,9.5,,63.5,,Bovada,5
401234569,2020,3,2020-09-19,Louisville,Miami,2.5,,65.5,,Bovada,5
401234570,2020,3,2020-09-19,NC State,Wake Forest,2.0,,53.0,,Bovada,5
401234571,2020,3,2020-09-19,Pittsburgh,Syracuse,-21.5,,47.0,,Bovada,5
401234572,2020,15,2020-12-12,Virginia Tech,Virginia,-3.0,,64.5,,Bovada,5
401234574,2020,2,2020-09-12,Notre Dame,Duke,-22.5,,51.5,,Bovada,5
401234576,2020,1,2020-09-07,Navy,BYU,1.0,,48.0,,Bovada,5
401234593,2020,4,2020-09-26,Miami,Florida State,-12.5,,54.0,,Bovada,5
401234594,2020,4,2020-09-26,Syracuse,Georgia Tech,7.5,,52.0,,Bovada,5
401234595,2020,4,2020-09-26,Pittsburgh,Louisville,-3.0,,54.0,,Bovada,5
401234597,2020,5,2020-10-03,Boston College,North Carolina,14.5,,52.5,,Bovada,5
401234598,2020,5,2020-10-03,Clemson,Virginia,-28.5,,56.0,,Bovada,5
401234599,2020,5,2020-10-03,Duke,Virginia Tech,14.0,,54.0,,Bovada,5
401234600,2020,5,2020-10-03,Pittsburgh,NC State,-14.0,,46.0,,Bovada,5
401234601,2020,6,2020-10-09,Georgia Tech,Louisville,5.0,,63.0,,Bovada,6
401234603,2020,6,2020-10-10,Boston College,Pittsburgh,6.0,,42.5,,Bovada,6
401234604,2020,6,2020-10-10,Clemson,Miami,-14.0,,60.5,,Bovada,6
401234605,2020,6,2020-10-10,Syracuse,Duke,2.5,,52.5,,Bovada,6
401234606,2020,6,2020-10-10,Notre Dame,Florida State,-21.0,,54.0,,Bovada,6
401234607,2020,6,2020-10-10,North Carolina,Virginia Tech,-3.5,,59.0,,Bovada,6
401234608,2020,6,2020-10-10,Virginia,NC State,-7.0,,59.0,,Bovada,6
401234609,2020,7,2020-10-17,Virginia Tech,Boston College,-13.0,,62.0,,Bovada,6
401234610,2020,7,2020-10-17,Georgia Tech,Clemson,27.0,,65.5,,Bovada,5
401234611,2020,7,2020-10-17,NC State,Duke,-3.5,,60.0,,Bovada,5
401234612,2020,7,2020-10-17,Florida State,North Carolina,14.0,,65.0,,Bovada,5
401234613,2020,7,2020-10-17,Notre Dame,Louisville,-16.0,,62.5,,Bovada,5
401234614,2020,7,2020-10-17,Miami,Pittsburgh,-12.5,,47.5,,Bovada,6
401234615,2020,7,2020-10-17,Syracuse,Liberty,3.0,,54.0,,Bovada,6
401234616,2020,7,2020-10-17,Wake Forest,Virginia,-2.5,,57.0,,Bovada,6
401234617,2020,8,2020-10-24,Boston College,Georgia Tech,-3.5,,57.0,,Bovada,6
401234618,2020,8,2020-10-24,Clemson,Syracuse,-48.0,,64.0,,Bovada,6
401234619,2020,8,2020-10-24,Louisville,Florida State,-5.0,,63.0,,Bovada,6
401234620,2020,8,2020-10-24,Miami,Virginia,-14.0,,54.0,,Bovada,5
401234621,2020,8,2020-10-24,North Carolina,NC State,-15.0,,62.0,,Bovada,6
401234622,2020,8,2020-10-24,Pittsburgh,Notre Dame,10.0,,43.5,,Bovada,6
401234623,2020,8,2020-10-24,Wake Forest,Virginia Tech,11.0,,69.0,,Bovada,6
401234624,2020,9,2020-10-31,Clemson,Boston College,-31.5,,,,Bovada,6
401234625,2020,9,2020-10-31,Duke,Charlotte,-10.5,,,,Bovada,6
401234626,2020,9,2020-10-31,Georgia Tech,Notre Dame,19.5,,,,Bovada,6
401234627,2020,9,2020-10-31,Louisville,Virginia Tech,3.0,,,,Bovada,5
401234628,2020,9,2020-10-31,Virginia,North Carolina,7.0,,,,Bovada,5
401234629,2020,9,2020-10-31,Syracuse,Wake Forest,11.0,,,,Bovada,6
401234630,2020,10,2020-11-06,NC State,Miami,10.0,,58.5,,Bovada,5
401234631,2020,10,2020-11-07,Syracuse,Boston College,14.0,,53.5,,Bovada,5
401234632,2020,10,2020-11-07,Notre Dame,Clemson,6.0,,52.0,,Bovada,5
401234633,2020,10,2020-11-07,Duke,North Carolina,10.5,,62.5,,Bovada,5
401234634,2020,10,2020-11-07,Florida State,Pittsburgh,-2.5,,51.0,,Bovada,5
401234636,2020,10,2020-11-07,Virginia Tech,Liberty,-14.5,,67.5,,Bovada,5
401234637,2020,11,2020-11-14,Boston College,Notre Dame,13.0,,52.0,,Bovada,5
401234638,2020,4,2020-09-26,Virginia,Duke,-4.0,,45.5,,Bovada,4
401234639,2020,11,2020-11-14,NC State,Florida State,-12.0,,61.0,,Bovada,5
401234641,2020,11,2020-11-14,Virginia Tech,Miami,-2.0,,67.5,,Bovada,5
401234642,2020,11,2020-11-14,North Carolina,Wake Forest,-13.0,,70.5,,Bovada,5
401234643,2020,12,2020-11-20,Louisville,Syracuse,-19.5,,55.5,,Bovada,5
401234647,2020,12,2020-11-21,NC State,Liberty,-4.0,,66.5,,Bovada,5
401234648,2020,12,2020-11-21,Pittsburgh,Virginia Tech,6.5,,52.5,,Bovada,5
401234649,2020,13,2020-11-28,Boston College,Louisville,-1.0,,56.5,,Bovada,5
401234650,2020,13,2020-11-27,North Carolina,Notre Dame,4.5,,70.0,,Bovada,5
401234651,2020,13,2020-11-28,Clemson,Pittsburgh,-24.0,,59.0,,Bovada,5
401234652,2020,13,2020-11-28,Georgia Tech,Duke,2.5,,58.0,,Bovada,5
401234655,2020,13,2020-11-28,Syracuse,NC State,17.0,,50.0,,Bovada,5
401234656,2020,14,2020-12-05,Virginia,Boston College,-6.0,,54.5,,Bovada,5
401234657,2020,14,2020-12-05,Virginia Tech,Clemson,23.5,,67.0,,Bovada,5
401234659,2020,14,2020-12-05,NC State,Georgia Tech,-7.0,,61.0,,Bovada,5
401234661,2020,15,2020-12-12,Miami,North Carolina,-3.0,,72.5,,Bovada,5
401234662,2020,14,2020-12-05,Notre Dame,Syracuse,-34.0,,51.0,,Bovada,5
401234734,2020,4,2020-09-26,Southern Miss,Tulane,3.5,,54.5,,Bovada,5
401235700,2020,1,2020-09-05,Army,Middle Tennessee,-4.0,,54.0,,Bovada,5
401235975,2020,12,2020-11-21,Army,Georgia Southern,-3.5,,38.5,,Bovada,5
401235993,2020,4,2020-09-26,Baylor,Kansas,-17.5,,61.0,,Bovada,5
401235994,2020,4,2020-09-26,TCU,Iowa State,4.5,,43.5,,Bovada,5
401235995,2020,4,2020-09-26,Texas Tech,Texas,18.0,,71.0,,Bovada,5
401235996,2020,4,2020-09-26,Oklahoma,Kansas State,-28.0,,62.5,,Bovada,5
401235997,2020,4,2020-09-26,Oklahoma State,West Virginia,-6.0,,49.5,,Bovada,5
401235998,2020,5,2020-10-03,West Virginia,Baylor,1.5,,54.0,,Bovada,5
401235999,2020,5,2020-10-03,Iowa State,Oklahoma,8.0,,63.0,,Bovada,5
401236000,2020,5,2020-10-03,Kansas,Oklahoma State,21.5,,53.0,,Bovada,5
401236001,2020,5,2020-10-03,Kansas State,Texas Tech,-1.0,,63.0,,Bovada,5
401236002,2020,5,2020-10-03,Texas,TCU,-10.5,,62.0,,Bovada,5
401236003,2020,6,2020-10-10,Iowa State,Texas Tech,-10.5,,63.0,,Bovada,5
401236004,2020,6,2020-10-10,TCU,Kansas State,-10.5,,49.5,,Bovada,6
401236005,2020,6,2020-10-10,Oklahoma,Texas,-3.0,,75.0,,Bovada,6
401236007,2020,7,2020-10-17,West Virginia,Kansas,-21.5,,49.0,,Bovada,5
401236008,2020,8,2020-10-24,Texas,Baylor,-11.0,,61.5,,Bovada,6
401236009,2020,8,2020-10-24,Oklahoma State,Iowa State,-3.0,,54.0,,Bovada,6
401236010,2020,8,2020-10-24,Kansas State,Kansas,-19.5,,46.0,,Bovada,6
401236011,2020,8,2020-10-24,TCU,Oklahoma,7.0,,59.0,,Bovada,6
401236012,2020,8,2020-10-24,Texas Tech,West Virginia,3.0,,54.0,,Bovada,5
401236013,2020,9,2020-10-31,Baylor,TCU,3.0,,,,Bovada,6
401236014,2020,9,2020-10-31,Kansas,Iowa State,28.5,,,,Bovada,6
401236015,2020,9,2020-10-31,West Virginia,Kansas State,-3.0,,,,Bovada,6
401236016,2020,9,2020-10-31,Texas Tech,Oklahoma,14.5,,,,Bovada,5
401236017,2020,9,2020-10-31,Oklahoma State,Texas,-3.5,,,,Bovada,6
401236018,2020,10,2020-11-07,Iowa State,Baylor,-14.0,,48.0,,Bovada,5
401236019,2020,10,2020-11-07,Oklahoma,Kansas,-38.0,,65.5,,Bovada,5
401236020,2020,10,2020-11-07,Kansas State,Oklahoma State,12.5,,46.5,,Bovada,5
401236021,2020,10,2020-11-07,TCU,Texas Tech,-9.5,,61.5,,Bovada,5
401236022,2020,10,2020-11-07,Texas,West Virginia,-6.5,,55.0,,Bovada,5
401236023,2020,11,2020-11-14,Texas Tech,Baylor,-1.0,,54.5,,Bovada,5
401236024,2020,11,2020-11-14,West Virginia,TCU,-3.0,,44.5,,Bovada,5
401236025,2020,12,2020-11-21,Iowa State,Kansas State,-13.5,,48.0,,Bovada,5
401236027,2020,12,2020-11-21,Oklahoma,Oklahoma State,-6.5,,61.0,,Bovada,5
401236028,2020,13,2020-11-28,Baylor,Kansas State,-5.5,,44.5,,Bovada,5
401236029,2020,13,2020-11-27,Texas,Iowa State,2.0,,59.0,,Bovada,5
401236030,2020,13,2020-11-28,Kansas,TCU,23.0,,51.5,,Bovada,5
401236032,2020,13,2020-11-28,Oklahoma State,Texas Tech,-12.0,,57.0,,Bovada,5
401236033,2020,14,2020-12-05,Oklahoma,Baylor,-24.0,,61.0,,Bovada,5
401236034,2020,14,2020-12-05,Iowa State,West Virginia,-6.0,,48.0,,Bovada,5
401236035,2020,14,2020-12-05,Texas Tech,Kansas,-26.5,,63.5,,Bovada,5
401236036,2020,14,2020-12-05,Kansas State,Texas,7.0,,53.5,,Bovada,5
401236037,2020,14,2020-12-05,TCU,Oklahoma State,2.5,,52.5,,Bovada,5
401236038,2020,2,2020-09-12,West Virginia,Eastern Kentucky,-41.0,,59.5,,Bovada,2
401236039,2020,2,2020-09-12,Texas Tech,Houston Christian,-40.0,,80.0,,Bovada,2
401236041,2020,3,2020-09-19,Oklahoma State,Tulsa,-24.5,,67.0,,Bovada,5
401236053,2020,2,2020-09-12,Kansas State,Arkansas State,-15.5,,56.0,,Bovada,5
401236054,2020,2,2020-09-12,Oklahoma,Missouri State,-48.0,,72.0,,Bovada,2
401236081,2020,2,2020-09-12,App State,Charlotte,-17.0,,60.0,,Bovada,5
401236221,2020,2,2020-09-12,Iowa State,Louisiana,-11.0,,56.5,,Bovada,5
401236222,2020,2,2020-09-12,Texas,UTEP,-44.0,,56.0,,Bovada,5
401236223,2020,4,2020-09-26,BYU,Troy,-14.5,,59.0,,Bovada,5
401236253,2020,4,2020-09-26,App State,Campbell,-33.5,,54.0,,consensus,1
401236658,2020,2,2020-09-12,Kansas,Coastal Carolina,-6.5,,55.0,,Bovada,5
401236939,2020,3,2020-09-19,Marshall,App State,6.0,,61.0,,Bovada,5
401236951,2020,4,2020-09-26,Missouri,Alabama,29.0,,56.0,,Bovada,5
401236952,2020,4,2020-09-26,Ole Miss,Florida,14.0,,59.5,,Bovada,5
401237033,2020,4,2020-09-26,Arkansas,Georgia,28.0,,53.0,,Bovada,5
401237034,2020,4,2020-09-26,Auburn,Kentucky,-6.0,,47.0,,Bovada,5
401237035,2020,4,2020-09-26,LSU,Mississippi State,-14.5,,57.5,,Bovada,5
401237036,2020,4,2020-09-26,South Carolina,Tennessee,5.0,,45.5,,Bovada,5
401237037,2020,4,2020-09-26,Texas A&M,Vanderbilt,-31.0,,46.5,,Bovada,5
401237074,2020,16,2020-12-19,Florida,Alabama,17.5,,74.5,,Bovada,5
401237093,2020,5,2020-10-03,Alabama,Texas A&M,-18.5,,54.0,,Bovada,5
401237094,2020,5,2020-10-03,Mississippi State,Arkansas,-17.0,,68.5,,Bovada,5
401237095,2020,5,2020-10-03,Georgia,Auburn,-7.0,,44.5,,Bovada,5
401237096,2020,5,2020-10-03,Florida,South Carolina,-15.0,,57.5,,Bovada,5
401237097,2020,5,2020-10-03,Kentucky,Ole Miss,-7.0,,63.0,,Bovada,5
401237098,2020,5,2020-10-03,Vanderbilt,LSU,21.5,,50.0,,Bovada,5
401237099,2020,5,2020-10-03,Tennessee,Missouri,-10.0,,49.0,,Bovada,5
401237100,2020,6,2020-10-10,Ole Miss,Alabama,24.0,,74.0,,Bovada,6
401237101,2020,6,2020-10-10,Auburn,Arkansas,-13.5,,46.0,,Bovada,6
401237102,2020,6,2020-10-10,Texas A&M,Florida,6.0,,61.0,,Bovada,5
401237103,2020,6,2020-10-10,Georgia,Tennessee,-12.0,,43.0,,Bovada,5
401237104,2020,6,2020-10-10,Kentucky,Mississippi State,-3.0,,58.0,,Bovada,6
401237105,2020,6,2020-10-10,LSU,Missouri,-20.5,,50.5,,Bovada,5
401237106,2020,6,2020-10-10,Vanderbilt,South Carolina,14.0,,40.5,,Bovada,5
401237107,2020,7,2020-10-17,Alabama,Georgia,-6.0,,57.5,,Bovada,6
401237108,2020,7,2020-10-17,Arkansas,Ole Miss,-1.0,,77.5,,Bovada,5
401237109,2020,7,2020-10-17,South Carolina,Auburn,2.5,,54.0,,Bovada,5
401237111,2020,7,2020-10-17,Tennessee,Kentucky,-6.0,,45.5,,Bovada,6
401237112,2020,7,2020-10-17,Mississippi State,Texas A&M,4.5,,56.0,,Bovada,6
401237114,2020,8,2020-10-24,Tennessee,Alabama,23.0,,67.0,,Bovada,6
401237115,2020,8,2020-10-24,Ole Miss,Auburn,3.5,,73.0,,Bovada,6
401237116,2020,9,2020-10-31,Florida,Missouri,-13.0,,,,Bovada,5
401237117,2020,9,2020-10-31,Kentucky,Georgia,14.5,,,,Bovada,6
401237118,2020,8,2020-10-24,LSU,South Carolina,-4.5,,55.0,,Bovada,5
401237119,2020,9,2020-10-31,Alabama,Mississippi State,-32.0,,,,Bovada,6
401237120,2020,9,2020-10-31,Texas A&M,Arkansas,-10.5,,,,Bovada,5
401237121,2020,9,2020-10-31,Auburn,LSU,2.0,,,,Bovada,5
401237122,2020,8,2020-10-24,Missouri,Kentucky,3.5,,47.0,,Bovada,5
401237123,2020,9,2020-10-31,Vanderbilt,Ole Miss,18.0,,,,Bovada,5
401237124,2020,10,2020-11-07,Arkansas,Tennessee,1.5,,52.5,,Bovada,5
401237125,2020,10,2020-11-07,Georgia,Florida,-3.5,,54.0,,Bovada,5
401237126,2020,10,2020-11-07,Mississippi State,Vanderbilt,-19.5,,48.0,,Bovada,5
401237127,2020,10,2020-11-07,South Carolina,Texas A&M,10.0,,57.5,,Bovada,5
401237129,2020,11,2020-11-14,Florida,Arkansas,-17.0,,62.0,,Bovada,5
401237132,2020,11,2020-11-14,Kentucky,Vanderbilt,-17.5,,41.5,,Bovada,5
401237133,2020,11,2020-11-14,Ole Miss,South Carolina,-12.5,,73.0,,Bovada,5
401237135,2020,12,2020-11-21,Alabama,Kentucky,-31.5,,57.5,,Bovada,5
401237136,2020,12,2020-11-21,Arkansas,LSU,1.5,,65.0,,Bovada,5
401237137,2020,12,2020-11-21,Auburn,Tennessee,-10.5,,51.0,,Bovada,5
401237138,2020,12,2020-11-21,Vanderbilt,Florida,31.0,,68.5,,Bovada,5
401237139,2020,12,2020-11-21,Georgia,Mississippi State,-26.0,,44.0,,Bovada,5
401237141,2020,12,2020-11-21,South Carolina,Missouri,5.0,,57.5,,Bovada,5
401237142,2020,13,2020-11-28,Alabama,Auburn,-24.5,,65.0,,Bovada,5
401237143,2020,13,2020-11-28,Missouri,Vanderbilt,2.0,,52.5,,Bovada,5
401237144,2020,13,2020-11-28,Florida,Kentucky,-24.0,,61.0,,Bovada,5
401237145,2020,13,2020-11-28,South Carolina,Georgia,22.0,,51.0,,Bovada,5
401237146,2020,13,2020-11-28,Texas A&M,LSU,-15.5,,61.0,,Bovada,5
401237147,2020,13,2020-11-28,Ole Miss,Mississippi State,-9.5,,70.5,,Bovada,5
401237150,2020,14,2020-12-05,Auburn,Texas A&M,6.0,,49.0,,Bovada,5
401237151,2020,14,2020-12-05,Tennessee,Florida,18.5,,63.0,,Bovada,5
401237153,2020,14,2020-12-05,Kentucky,South Carolina,-12.0,,47.0,,Bovada,5
401237353,2020,1,2020-09-05,Marshall,Eastern Kentucky,-26.0,,55.0,,Bovada,2
401237492,2020,3,2020-09-19,Clemson,The Citadel,-50.5,,57.0,,consensus,1
401237513,2020,5,2020-10-03,Liberty,North Alabama,-33.0,,65.0,,consensus,1
401237514,2020,14,2020-12-05,Coastal Carolina,BYU,-11.0,,53.5,,Bovada,5
401238034,2020,5,2020-10-03,Florida State,Jacksonville State,-27.0,,52.5,,consensus,1
401238035,2020,1,2020-09-03,UAB,Central Arkansas,-21.0,,50.0,,Bovada,2
401238036,2020,8,2020-10-23,UAB,Louisiana,2.5,,50.5,,Bovada,6
401239872,2020,7,2020-10-17,Troy,Eastern Kentucky,-28.5,,,,Bovada,2
401239884,2020,1,2020-09-05,UTEP,Stephen F. Austin,-4.0,,54.0,,Bovada,2
401239885,2020,3,2020-09-19,UTEP,Abilene Christian,-8.5,,47.5,,consensus,1
401239887,2020,9,2020-10-31,BYU,Western Kentucky,-28.5,,,,Bovada,6
401239973,2020,2,2020-09-12,South Alabama,Tulane,10.5,,51.5,,Bovada,5
401240035,2020,10,2020-11-07,Southern Miss,North Alabama,-17.5,,51.5,,consensus,1
401240039,2020,2,2020-09-12,South Florida,The Citadel,-17.5,,52.5,,Bovada,2
401240040,2020,5,2020-10-03,Army,Abilene Christian,-31.0,,49.5,,consensus,1
401240041,2020,3,2020-09-19,UTSA,Stephen F. Austin,-18.0,,54.5,,consensus,1
401240101,2020,16,2020-12-18,Marshall,UAB,-4.5,,45.0,,consensus,4
401240113,2020,2,2020-09-12,Army,UL Monroe,-25.0,,53.5,,Bovada,5
401240114,2020,6,2020-10-10,Army,The Citadel,-30.5,,46.5,,consensus,2
401240115,2020,7,2020-10-17,UTSA,Army,8.5,,46.5,,consensus,4
401240126,2020,3,2020-09-18,Coastal Carolina,Campbell,-27.5,,60.5,,consensus,1
401240194,2020,4,2020-09-26,UL Monroe,UTEP,-10.0,,49.5,,Bovada,5
401240233,2020,2,2020-09-12,Pittsburgh,Austin Peay,-31.0,,49.0,,Bovada,2
401240282,2020,5,2020-10-02,Wake Forest,Campbell,-34.5,,68.5,,consensus,1
401240640,2020,3,2020-09-19,Middle Tennessee,Troy,2.5,,65.5,,Bovada,5
401240641,2020,12,2020-11-21,Troy,Middle Tennessee,-11.0,,60.0,,Bovada,5
401240642,2020,8,2020-10-22,App State,Arkansas State,-13.5,,69.5,,Bovada,6
401240996,2020,4,2020-09-26,Cincinnati,Army,-12.0,,44.5,,Bovada,5
401240997,2020,6,2020-10-10,BYU,UTSA,-34.0,,63.0,,consensus,4
401240998,2020,8,2020-10-24,BYU,Texas State,-30.5,,61.5,,Bovada,6
401241282,2020,3,2020-09-19,Notre Dame,South Florida,-23.5,,49.0,,Bovada,5
401241303,2020,4,2020-09-26,Boston College,Texas State,-21.5,,57.0,,Bovada,5
401246275,2020,5,2020-10-02,BYU,Louisiana Tech,-24.0,,62.0,,Bovada,5
401246425,2020,6,2020-10-10,Arkansas State,Central Arkansas,-15.5,,56.0,,consensus,1
401247293,2020,8,2020-10-24,Ohio State,Nebraska,-28.5,,69.5,,Bovada,6
401247294,2020,8,2020-10-24,Minnesota,Michigan,3.0,,54.0,,Bovada,6
401247295,2020,8,2020-10-24,Indiana,Penn State,7.0,,62.0,,Bovada,6
401247296,2020,8,2020-10-24,Purdue,Iowa,3.5,,52.0,,Bovada,6
401247297,2020,8,2020-10-23,Wisconsin,Illinois,-20.0,,51.5,,Bovada,5
401247298,2020,8,2020-10-24,Northwestern,Maryland,-13.0,,52.0,,Bovada,6
401247299,2020,8,2020-10-24,Michigan State,Rutgers,-9.5,,45.0,,Bovada,4
401247300,2020,9,2020-10-31,Rutgers,Indiana,12.0,,,,Bovada,4
401247301,2020,9,2020-10-31,Illinois,Purdue,7.0,,,,Bovada,6
401247302,2020,9,2020-10-30,Maryland,Minnesota,20.5,,,,Bovada,6
401247303,2020,9,2020-10-31,Iowa,Northwestern,-3.0,,,,Bovada,5
401247305,2020,9,2020-10-31,Michigan,Michigan State,-25.0,,,,Bovada,6
401247306,2020,9,2020-10-31,Penn State,Ohio State,13.0,,,,Bovada,6
401247307,2020,10,2020-11-07,Northwestern,Nebraska,-3.5,,55.0,,Bovada,5
401247308,2020,10,2020-11-07,Illinois,Minnesota,7.0,,61.5,,Bovada,5
401247309,2020,10,2020-11-07,Indiana,Michigan,3.0,,51.5,,Bovada,5
401247310,2020,10,2020-11-07,Ohio State,Rutgers,-38.0,,64.5,,Bovada,4
401247312,2020,10,2020-11-07,Penn State,Maryland,-25.0,,62.0,,Bovada,5
401247313,2020,10,2020-11-07,Iowa,Michigan State,-6.5,,47.0,,Bovada,5
401247314,2020,11,2020-11-14,Rutgers,Illinois,-5.5,,51.5,,Bovada,4
401247315,2020,11,2020-11-14,Purdue,Northwestern,3.5,,48.0,,Bovada,5
401247316,2020,11,2020-11-14,Michigan State,Indiana,7.5,,53.0,,Bovada,5
401247317,2020,11,2020-11-13,Minnesota,Iowa,3.0,,58.0,,Bovada,5
401247319,2020,11,2020-11-14,Michigan,Wisconsin,7.0,,51.5,,Bovada,5
401247320,2020,11,2020-11-14,Nebraska,Penn State,3.0,,57.5,,Bovada,5
401247321,2020,12,2020-11-21,Nebraska,Illinois,-17.0,,61.0,,Bovada,5
401247323,2020,12,2020-11-21,Northwestern,Wisconsin,7.5,,43.0,,Bovada,5
401247324,2020,12,2020-11-21,Rutgers,Michigan,12.0,,52.5,,Bovada,4
401247325,2020,12,2020-11-20,Minnesota,Purdue,2.5,,61.5,,consensus,4
401247326,2020,12,2020-11-21,Ohio State,Indiana,-21.0,,67.0,,Bovada,5
401247327,2020,12,2020-11-21,Penn State,Iowa,1.0,,45.5,,Bovada,5
401247328,2020,13,2020-11-28,Purdue,Rutgers,-12.5,,61.0,,Bovada,4
401247329,2020,13,2020-11-28,Indiana,Maryland,-11.0,,65.0,,Bovada,5
401247330,2020,13,2020-11-28,Michigan State,Northwestern,14.0,,41.0,,Bovada,5
401247332,2020,13,2020-11-27,Iowa,Nebraska,-13.0,,53.0,,Bovada,5
401247333,2020,13,2020-11-28,Michigan,Penn State,-1.0,,56.0,,Bovada,5
401247335,2020,14,2020-12-05,Purdue,Nebraska,-1.0,,64.0,,Bovada,5
401247336,2020,14,2020-12-05,Rutgers,Penn State,13.0,,51.0,,Bovada,4
401247337,2020,14,2020-12-05,Illinois,Iowa,14.0,,52.5,,Bovada,5
401247338,2020,14,2020-12-05,Wisconsin,Indiana,-13.0,,44.5,,Bovada,5
401247340,2020,14,2020-12-05,Michigan State,Ohio State,22.5,,59.0,,Bovada,5
401247342,2020,15,2020-12-12,Maryland,Rutgers,-3.0,,54.5,,Bovada,5
401247344,2020,15,2020-12-12,Northwestern,Illinois,-13.0,,41.5,,Bovada,5
401247345,2020,15,2020-12-12,Nebraska,Minnesota,-10.5,,59.5,,Bovada,5
401247346,2020,15,2020-12-12,Penn State,Michigan State,-14.5,,46.5,,Bovada,5
401247347,2020,15,2020-12-12,Iowa,Wisconsin,1.0,,40.0,,Bovada,5
401247349,2020,16,2020-12-19,Ohio State,Northwestern,-21.0,,57.0,,Bovada,5
401247374,2020,12,2020-11-21,Memphis,Stephen F. Austin,-31.0,,61.0,,consensus,1
401248275,2020,12,2020-11-21,Virginia,Abilene Christian,-38.5,,61.5,,consensus,1
401248781,2020,14,2020-12-05,North Carolina,Western Carolina,-50.0,,69.0,,Bovada,2
401248993,2020,8,2020-10-24,San José State,Air Force,7.5,,64.0,,Bovada,5
401248994,2020,8,2020-10-24,Fresno State,Hawai'i,-3.0,,64.5,,Bovada,6
401248996,2020,8,2020-10-24,San Diego State,UNLV,-14.0,,51.0,,Bovada,5
401248997,2020,8,2020-10-24,Boise State,Utah State,-17.0,,51.5,,Bovada,5
401248998,2020,8,2020-10-24,Nevada,Wyoming,3.0,,54.0,,Bovada,5
401248999,2020,9,2020-10-31,Air Force,Boise State,10.5,,,,Bovada,6
401249000,2020,9,2020-10-29,Fresno State,Colorado State,1.5,,,,Bovada,5
401249001,2020,9,2020-10-30,Wyoming,Hawai'i,2.0,,,,Bovada,5
401249002,2020,9,2020-10-31,UNLV,Nevada,10.5,,,,Bovada,6
401249003,2020,9,2020-10-31,New Mexico,San José State,9.5,,,,Bovada,6
401249004,2020,9,2020-10-31,Utah State,San Diego State,7.5,,,,Bovada,6
401249005,2020,10,2020-11-06,Boise State,BYU,3.0,,59.0,,Bovada,5
401249006,2020,10,2020-11-07,UNLV,Fresno State,11.0,,58.0,,Bovada,5
401249007,2020,10,2020-11-07,Hawai'i,New Mexico,-15.5,,61.5,,Bovada,5
401249008,2020,10,2020-11-06,San Diego State,San José State,-9.0,,48.0,,Bovada,5
401249009,2020,10,2020-11-05,Nevada,Utah State,-16.0,,56.0,,Bovada,5
401249010,2020,10,2020-11-05,Colorado State,Wyoming,4.0,,52.5,,Bovada,5
401249012,2020,11,2020-11-12,Boise State,Colorado State,-14.0,,62.5,,Bovada,5
401249013,2020,11,2020-11-14,Utah State,Fresno State,11.0,,51.5,,Bovada,5
401249014,2020,11,2020-11-14,San Diego State,Hawai'i,-10.0,,51.0,,Bovada,5
401249015,2020,11,2020-11-14,New Mexico,Nevada,17.5,,62.5,,Bovada,5
401249016,2020,11,2020-11-14,San José State,UNLV,-17.0,,62.0,,Bovada,5
401249017,2020,12,2020-11-21,Hawai'i,Boise State,14.0,,56.0,,Bovada,5
401249018,2020,12,2020-11-20,Air Force,New Mexico,-8.0,,55.0,,Bovada,5
401249019,2020,12,2020-11-21,Nevada,San Diego State,1.5,,46.5,,Bovada,5
401249024,2020,13,2020-11-28,Hawai'i,Nevada,7.0,,63.0,,Bovada,5
401249025,2020,13,2020-11-26,Utah State,New Mexico,6.0,,49.0,,Bovada,5
401249028,2020,13,2020-11-27,UNLV,Wyoming,16.5,,52.0,,Bovada,5
401249029,2020,14,2020-12-03,Utah State,Air Force,13.5,,52.0,,Bovada,5
401249031,2020,14,2020-12-05,San Diego State,Colorado State,-7.5,,45.5,,Bovada,5
401249032,2020,14,2020-12-05,Nevada,Fresno State,-6.5,,59.0,,Bovada,5
401249033,2020,14,2020-12-05,San José State,Hawai'i,-6.0,,59.5,,Bovada,5
401249034,2020,14,2020-12-05,New Mexico,Wyoming,15.0,,51.0,,Bovada,5
401249035,2020,15,2020-12-12,Wyoming,Boise State,9.5,,47.5,,Bovada,5
401249036,2020,15,2020-12-12,New Mexico,Fresno State,14.5,,57.0,,Bovada,5
401249037,2020,15,2020-12-11,San José State,Nevada,2.5,,61.5,,Bovada,5
401249038,2020,15,2020-12-12,Hawai'i,UNLV,-19.5,,60.0,,Bovada,5
401249043,2020,16,2020-12-19,San José State,Boise State,6.5,,56.0,,Bovada,5
401249397,2020,10,2020-11-07,Oregon State,Washington State,-2.5,,64.5,,Bovada,5
401249399,2020,10,2020-11-07,Oregon,Stanford,-10.5,,52.5,,Bovada,5
401249400,2020,10,2020-11-07,USC,Arizona State,-11.0,,58.0,,Bovada,5
401249402,2020,10,2020-11-07,Colorado,UCLA,6.5,,56.5,,Bovada,5
401249403,2020,11,2020-11-14,Arizona,USC,15.5,,67.5,,Bovada,5
401249404,2020,11,2020-11-14,Washington,Oregon State,-13.5,,51.0,,Bovada,5
401249405,2020,11,2020-11-14,Washington State,Oregon,11.0,,58.0,,Bovada,5
401249406,2020,11,2020-11-14,Stanford,Colorado,-9.5,,55.0,,Bovada,5
401249410,2020,12,2020-11-21,Utah,USC,1.0,,59.0,,Bovada,5
401249411,2020,12,2020-11-21,Oregon State,California,1.0,,46.5,,Bovada,5
401249413,2020,12,2020-11-21,Washington,Arizona,-12.0,,53.5,,Bovada,5
401249415,2020,12,2020-11-21,Oregon,UCLA,-18.5,,62.0,,Bovada,5
401249417,2020,13,2020-11-27,California,Stanford,2.0,,51.5,,Bovada,5
401249418,2020,13,2020-11-27,Oregon State,Oregon,13.5,,65.0,,Bovada,5
401249421,2020,13,2020-11-28,UCLA,Arizona,-10.0,,70.0,,Bovada,5
401249422,2020,14,2020-12-05,Utah,Oregon State,-13.5,,51.0,,Bovada,5
401249423,2020,14,2020-12-05,California,Oregon,9.0,,59.5,,Bovada,5
401249424,2020,14,2020-12-05,Washington,Stanford,-12.0,,50.0,,Bovada,5
401249425,2020,14,2020-12-05,Arizona State,UCLA,-3.0,,57.5,,Bovada,5
401249426,2020,14,2020-12-05,Arizona,Colorado,9.5,,56.0,,Bovada,5
401249427,2020,14,2020-12-06,USC,Washington State,-11.0,,68.5,,Bovada,5
401249428,2020,15,2020-12-12,Colorado,Utah,3.0,,49.5,,Bovada,5
401249429,2020,15,2020-12-11,Arizona,Arizona State,8.0,,58.0,,Bovada,5
401249431,2020,15,2020-12-12,UCLA,USC,3.5,,65.0,,Bovada,5
401249432,2020,15,2020-12-12,Oregon State,Stanford,2.5,,55.0,,Bovada,5
401249434,2020,16,2020-12-18,USC,Oregon,-3.0,,65.5,,consensus,4
401249435,2020,15,2020-12-12,BYU,San Diego State,-17.0,,47.5,,Bovada,5
401249854,2020,16,2020-12-18,Buffalo,Ball State,-12.5,,70.0,,consensus,4
401249856,2020,10,2020-11-04,Kent State,Eastern Michigan,-6.0,,62.0,,Bovada,5
401249857,2020,10,2020-11-04,Akron,Western Michigan,18.0,,54.0,,Bovada,5
401249858,2020,10,2020-11-04,Toledo,Bowling Green,-22.0,,62.0,,Bovada,5
401249859,2020,10,2020-11-04,Northern Illinois,Buffalo,11.0,,52.0,,Bovada,5
401249860,2020,10,2020-11-04,Central Michigan,Ohio,1.0,,59.0,,Bovada,5
401249861,2020,11,2020-11-10,Ohio,Akron,-27.0,,59.0,,Bovada,5
401249862,2020,11,2020-11-10,Bowling Green,Kent State,21.0,,55.0,,Bovada,5
401249864,2020,11,2020-11-11,Northern Illinois,Central Michigan,6.5,,58.0,,Bovada,5
401249865,2020,11,2020-11-11,Ball State,Eastern Michigan,-8.0,,62.0,,Bovada,5
401249866,2020,11,2020-11-11,Western Michigan,Toledo,-1.5,,59.5,,Bovada,5
401249867,2020,12,2020-11-17,Kent State,Akron,-26.0,,60.0,,Bovada,5
401249868,2020,12,2020-11-17,Bowling Green,Buffalo,32.0,,58.5,,Bovada,5
401249870,2020,12,2020-11-18,Ball State,Northern Illinois,-14.5,,60.0,,Bovada,5
401249871,2020,12,2020-11-18,Eastern Michigan,Toledo,7.0,,62.5,,Bovada,5
401249872,2020,12,2020-11-18,Central Michigan,Western Michigan,1.0,,60.0,,Bovada,5
401249873,2020,13,2020-11-28,Toledo,Ball State,-10.0,,67.5,,Bovada,5
401249874,2020,13,2020-11-27,Eastern Michigan,Central Michigan,6.5,,59.0,,Bovada,5
401249875,2020,13,2020-11-28,Western Michigan,Northern Illinois,-19.0,,64.5,,Bovada,5
401249876,2020,13,2020-11-28,Ohio,Bowling Green,-23.0,,55.0,,Bovada,5
401249877,2020,13,2020-11-28,Buffalo,Kent State,-7.0,,70.0,,Bovada,5
401249878,2020,14,2020-12-05,Central Michigan,Ball State,3.0,,63.0,,Bovada,5
401249879,2020,14,2020-12-05,Western Michigan,Eastern Michigan,-13.5,,67.5,,Bovada,5
401249880,2020,14,2020-12-05,Northern Illinois,Toledo,10.0,,53.5,,Bovada,5
401249881,2020,14,2020-12-05,Akron,Bowling Green,-3.0,,55.0,,Bovada,5
401249883,2020,15,2020-12-12,Toledo,Central Michigan,-10.0,,54.5,,Bovada,5
401249884,2020,15,2020-12-12,Eastern Michigan,Northern Illinois,-6.5,,55.5,,Bovada,5
401249885,2020,15,2020-12-12,Ball State,Western Michigan,2.0,,66.0,,Bovada,5
401249886,2020,15,2020-12-12,Buffalo,Akron,-33.5,,59.0,,Bovada,5
401249889,2020,10,2020-11-04,Miami (OH),Ball State,-2.0,,55.5,,Bovada,5
401249890,2020,11,2020-11-10,Buffalo,Miami (OH),-7.5,,57.0,,Bovada,5
401249892,2020,13,2020-11-28,Akron,Miami (OH),14.0,,55.5,,Bovada,5
401250215,2020,7,2020-10-17,Georgia Southern,Massachusetts,-30.5,,62.0,,Bovada,5
401250713,2020,15,2020-12-12,Baylor,Oklahoma State,6.5,,49.0,,Bovada,5
401250783,2020,8,2020-10-23,Florida International,Jacksonville State,-10.5,,55.5,,consensus,1
401250784,2020,8,2020-10-24,South Alabama,UL Monroe,-14.5,,57.0,,Bovada,4
401251100,2020,15,2020-12-12,Florida,LSU,-23.5,,66.0,,Bovada,5
401251926,2020,13,2020-11-27,Liberty,Massachusetts,-36.0,,58.5,,Bovada,5
401251931,2020,10,2020-11-07,Marshall,Massachusetts,-44.5,,55.0,,Bovada,5
401252117,2020,14,2020-12-04,App State,Louisiana,-3.0,,53.0,,Bovada,5
401253924,2020,10,2020-11-07,Louisiana,Arkansas State,-14.0,,66.0,,Bovada,4
401256001,2020,16,2020-12-19,Notre Dame,Clemson,10.0,,60.0,,Bovada,5
401257812,2020,14,2020-12-05,Marshall,Rice,-22.5,,43.0,,Bovada,5
401257813,2020,15,2020-12-10,Southern Miss,Florida Atlantic,9.5,,44.0,,Bovada,5
401257815,2020,15,2020-12-12,Rice,UAB,7.0,,42.5,,Bovada,5
401257816,2020,15,2020-12-11,UTEP,North Texas,-10.0,,66.5,,consensus,4
401257934,2020,11,2020-11-14,Virginia,Louisville,-6.0,,63.5,,Bovada,4
401259671,2020,15,2020-12-12,Troy,Coastal Carolina,12.5,,52.5,,consensus,4
401260157,2020,15,2020-12-12,Mississippi State,Auburn,5.5,,51.0,,Bovada,4
401260158,2020,16,2020-12-19,Tennessee,Texas A&M,14.0,,51.5,,Bovada,5
401261245,2020,15,2020-12-10,Georgia Tech,Pittsburgh,7.5,,55.5,,Bovada,4
401261454,2020,11,2020-11-15,UCLA,California,3.5,,57.5,,Bovada,5
401261674,2020,12,2020-11-20,Florida Atlantic,Massachusetts,-34.0,,51.0,,Bovada,5
401261675,2020,14,2020-12-05,Georgia Southern,Florida Atlantic,2.5,,40.5,,Bovada,5
401262060,2020,16,2020-12-19,Iowa State,Oklahoma,5.5,,58.5,,Bovada,5
401262493,2020,14,2020-12-05,Arkansas State,UL Monroe,-20.0,,71.0,,Bovada,4
401262494,2020,14,2020-12-05,South Alabama,Troy,4.0,,54.0,,consensus,3
401264080,2020,13,2020-11-28,Navy,Memphis,13.5,,63.0,,Bovada,5
401264082,2020,14,2020-12-05,Tulane,Memphis,-3.0,,64.0,,Bovada,4
401264083,2020,14,2020-12-05,Navy,Tulsa,12.0,,45.0,,Bovada,5
401264084,2020,15,2020-12-12,Memphis,Houston,6.5,,65.0,,Bovada,4
401264085,2020,16,2020-12-19,Cincinnati,Tulsa,-14.0,,45.5,,Bovada,5
401265458,2020,13,2020-11-28,Washington,Utah,-9.5,,47.0,,Bovada,5
401265699,2020,16,2020-12-19,Army,Air Force,3.0,,37.0,,Bovada,5
401265703,2020,14,2020-12-03,North Texas,Louisiana Tech,1.0,,65.5,,Bovada,5
401265734,2020,13,2020-11-28,Colorado,San Diego State,-6.0,,51.0,,Bovada,5
401265817,2020,14,2020-12-05,LSU,Alabama,29.5,,64.0,,Bovada,5
401265818,2020,14,2020-12-05,Missouri,Arkansas,-2.5,,55.0,,Bovada,5
401266134,2020,14,2020-12-05,Duke,Miami,15.0,,63.0,,Bovada,5
401266694,2020,15,2020-12-12,Florida State,Duke,-3.0,,57.0,,Bovada,5
401266696,2020,15,2020-12-12,Louisville,Wake Forest,1.5,,61.5,,Bovada,4
401266711,2020,15,2020-12-12,TCU,Louisiana Tech,-21.5,,50.0,,Bovada,5
401266789,2020,14,2020-12-06,Charlotte,Western Kentucky,-2.5,,46.0,,Bovada,5
401267161,2020,15,2020-12-12,Missouri,Georgia,14.0,,54.5,,Bovada,5
401267163,2020,15,2020-12-12,Vanderbilt,Tennessee,15.5,,50.5,,Bovada,5
401267164,2020,15,2020-12-12,Arkansas,Alabama,29.5,,70.5,,Bovada,5
401267165,2020,16,2020-12-19,LSU,Ole Miss,0.0,,75.0,,Bovada,5
401267166,2020,16,2020-12-19,Mississippi State,Missouri,1.0,,49.5,,Bovada,5
401269375,2020,16,2020-12-19,Utah,Washington State,-10.5,,56.5,,Bovada,5
401269376,2020,16,2020-12-19,UCLA,Stanford,-7.0,,59.0,,Bovada,5
401269378,2020,16,2020-12-19,Oregon State,Arizona State,7.5,,55.0,,Bovada,5
401269381,2020,16,2020-12-19,Penn State,Illinois,-15.0,,52.0,,Bovada,5
401269382,2020,16,2020-12-18,Rutgers,Nebraska,6.5,,52.0,,consensus,4
401269384,2020,16,2020-12-19,Wisconsin,Minnesota,-12.0,,47.5,,Bovada,5
401240152,2020,1,2021-01-01,Alabama,Notre Dame,-20.0,,66.0,,Bovada,5
401240173,2020,1,2021-01-01,Clemson,Ohio State,-7.5,,66.5,,Bovada,5
401240174,2020,1,2021-01-11,Alabama,Ohio State,-9.5,,75.0,,consensus,4
401256108,2020,1,2021-01-01,Georgia,Cincinnati,-7.0,,50.0,,Bovada,5
401256109,2020,1,2021-01-02,Kentucky,NC State,,,51.5,,Bovada,5
401256110,2020,1,2021-01-02,Indiana,Ole Miss,-6.5,,66.5,,Bovada,5
401256111,2020,1,2021-01-02,Iowa State,Oregon,-4.5,,57.5,,Bovada,5
401256112,2020,1,2021-01-02,North Carolina,Texas A&M,7.0,,67.5,,Bovada,5
401256135,2020,1,2020-12-21,North Texas,App State,21.5,,67.5,,consensus,4
401256136,2020,1,2020-12-22,Nevada,Tulane,1.5,,56.5,,consensus,4
401256137,2020,1,2020-12-22,BYU,UCF,-6.0,,80.0,,consensus,4
401256138,2020,1,2020-12-23,Georgia Southern,Louisiana Tech,-7.0,,48.0,,consensus,4
401256139,2020,1,2020-12-23,Florida Atlantic,Memphis,9.0,,52.5,,consensus,4
401256140,2020,1,2020-12-24,Houston,Hawai'i,-7.0,,60.5,,consensus,4
401256141,2020,1,2020-12-25,Buffalo,Marshall,-5.5,,53.5,,consensus,4
401256143,2020,1,2020-12-26,Coastal Carolina,Liberty,-6.5,,60.0,,consensus,4
401256144,2020,1,2020-12-26,UTSA,Louisiana,14.0,,54.5,,consensus,4
401256145,2020,1,2020-12-26,Georgia State,Western Kentucky,-3.5,,50.5,,consensus,4
401256150,2020,1,2020-12-29,Miami,Oklahoma State,2.5,,58.5,,Bovada,5
401256151,2020,1,2020-12-29,Colorado,Texas,9.5,,63.5,,Bovada,5
401256152,2020,1,2020-12-30,Wisconsin,Wake Forest,-7.0,,51.5,,Bovada,5
401256194,2020,1,2020-12-30,Oklahoma,Florida,3.0,,72.0,,Bovada,5
401256196,2020,1,2020-12-31,Mississippi State,Tulsa,2.5,,48.0,,Bovada,5
401256197,2020,1,2020-12-31,Army,West Virginia,9.5,,40.5,,consensus,4
401256199,2020,1,2021-01-01,Northwestern,Auburn,-3.5,,43.5,,Bovada,5
401268773,2020,1,2020-12-31,San José State,Ball State,-9.5,,63.0,,Bovada,5
401281942,2021,1,2021-09-04,Miami,Alabama,19.5,18.5,61.5,64.5,Bovada,5
401281943,2021,1,2021-09-04,Arkansas,Rice,-20.0,-21.5,50.0,51.0,Bovada,5
401281944,2021,1,2021-09-04,Auburn,Akron,-37.0,-35.5,56.0,55.0,Bovada,5
401281945,2021,1,2021-09-04,Florida,Florida Atlantic,-23.5,-25.5,52.0,53.0,Bovada,5
401281946,2021,1,2021-09-04,Clemson,Georgia,-2.5,-4.5,51.5,52.0,Bovada,5
401281947,2021,1,2021-09-04,Kentucky,UL Monroe,-31.0,-28.5,54.0,54.0,Bovada,5
401281948,2021,1,2021-09-04,UCLA,LSU,2.5,4.0,64.0,69.0,Bovada,5
401281949,2021,1,2021-09-04,Mississippi State,Louisiana Tech,-21.5,-27.5,52.5,52.5,Bovada,5
401281950,2021,1,2021-09-04,Missouri,Central Michigan,-14.0,-11.0,59.0,60.5,Bovada,5
401281951,2021,1,2021-09-04,South Carolina,Eastern Illinois,-31.5,-31.5,55.5,55.5,Bovada,3
401281952,2021,1,2021-09-02,Tennessee,Bowling Green,-37.0,-30.5,60.5,58.5,Bovada,5
401282049,2021,1,2021-08-28,New Mexico State,UTEP,10.0,8.0,59.5,54.0,Bovada,5
401282050,2021,1,2021-09-01,Jacksonville State,UAB,16.0,16.5,52.0,51.5,Bovada,3
401282051,2021,1,2021-09-02,Florida International,Long Island University,-35.0,-33.5,49.0,49.5,Bovada,2
401282052,2021,1,2021-09-03,Charlotte,Duke,6.5,7.5,60.0,60.0,Bovada,5
401282053,2021,1,2021-09-04,Texas A&M,Kent State,-29.5,-28.5,67.0,66.0,Bovada,5
401282054,2021,1,2021-09-04,Vanderbilt,East Tennessee State,-21.0,-21.0,45.0,44.5,Bovada,3
401282055,2021,1,2021-09-06,Ole Miss,Louisville,-9.0,-7.5,74.0,75.0,Bovada,5
401282056,2021,2,2021-09-11,Alabama,Mercer,-54.0,-54.0,60.5,60.0,Bovada,1
401282057,2021,2,2021-09-11,Arkansas,Texas,7.0,6.0,56.5,58.5,Bovada,5
401282058,2021,2,2021-09-11,Auburn,Alabama State,-49.5,-49.5,61.0,60.0,Bovada,3
401282059,2021,2,2021-09-11,South Florida,Florida,29.0,29.0,58.0,56.5,Bovada,5
401282060,2021,2,2021-09-11,Georgia,UAB,-22.5,-27.0,44.0,44.5,Bovada,5
401282061,2021,2,2021-09-11,Kentucky,Missouri,-5.5,-6.0,57.0,53.0,Bovada,5
401282062,2021,2,2021-09-11,LSU,McNeese,-39.0,-39.0,66.0,67.0,Bovada,3
401282063,2021,2,2021-09-11,Ole Miss,Austin Peay,-35.5,-34.5,69.5,69.5,Bovada,3
401282064,2021,2,2021-09-11,Mississippi State,NC State,1.0,2.0,55.5,55.5,Bovada,5
401282065,2021,2,2021-09-11,East Carolina,South Carolina,3.0,-2.0,56.5,55.0,Bovada,5
401282066,2021,2,2021-09-11,Tennessee,Pittsburgh,4.0,2.5,56.0,53.0,Bovada,5
401282067,2021,2,2021-09-11,Colorado,Texas A&M,17.0,17.0,50.0,52.0,Bovada,5
401282068,2021,2,2021-09-11,Colorado State,Vanderbilt,-7.0,-5.5,51.5,48.5,Bovada,5
401282069,2021,3,2021-09-18,Arkansas,Georgia Southern,-23.0,-23.0,52.5,52.5,Bovada,5
401282070,2021,3,2021-09-18,Penn State,Auburn,-5.0,-6.5,52.5,53.0,Bovada,5
401282071,2021,3,2021-09-18,Florida,Alabama,14.5,15.5,60.5,57.5,Bovada,5
401282072,2021,3,2021-09-18,Georgia,South Carolina,-31.5,-30.5,47.5,48.0,Bovada,5
401282073,2021,3,2021-09-18,Kentucky,Chattanooga,-33.5,-32.0,48.0,47.5,Bovada,3
401282074,2021,3,2021-09-18,LSU,Central Michigan,-19.5,-20.5,61.0,61.5,Bovada,5
401282075,2021,3,2021-09-18,Ole Miss,Tulane,-14.5,-14.0,77.0,73.0,Bovada,5
401282076,2021,3,2021-09-18,Memphis,Mississippi State,3.5,3.0,64.0,64.0,Bovada,5
401282077,2021,3,2021-09-18,Missouri,Southeast Missouri State,-34.5,,59.0,,consensus,2
401282078,2021,3,2021-09-18,Tennessee,Tennessee Tech,-38.5,-40.5,53.0,51.5,Bovada,3
401282079,2021,3,2021-09-18,Texas A&M,New Mexico,-30.5,-28.0,49.5,51.0,Bovada,5
401282080,2021,3,2021-09-18,Vanderbilt,Stanford,13.0,11.0,48.5,48.5,Bovada,5
401282081,2021,4,2021-09-25,Alabama,Southern Miss,-45.0,-45.0,58.0,57.0,Bovada,4
401282082,2021,4,2021-09-25,Arkansas,Texas A&M,4.0,5.5,47.0,47.5,Bovada,4
401282083,2021,4,2021-09-25,Auburn,Georgia State,-27.5,-27.0,57.5,57.0,Bovada,4
401282084,2021,4,2021-09-25,Florida,Tennessee,-19.0,-20.0,64.5,60.5,Bovada,4
401282085,2021,4,2021-09-25,Mississippi State,LSU,1.0,3.0,55.0,57.5,Bovada,4
401282086,2021,4,2021-09-25,Boston College,Missouri,-1.0,2.0,58.0,59.0,Bovada,4
401282087,2021,4,2021-09-25,South Carolina,Kentucky,5.0,6.0,48.5,49.0,Bovada,4
401282088,2021,4,2021-09-25,Vanderbilt,Georgia,37.0,34.0,54.5,51.0,Bovada,4
401282089,2021,5,2021-10-02,Alabama,Ole Miss,-14.5,-14.5,79.0,76.0,Bovada,4
401282090,2021,5,2021-10-02,Georgia,Arkansas,-16.0,-19.5,48.5,48.5,Bovada,4
401282091,2021,5,2021-10-02,Kentucky,Florida,7.5,8.0,56.5,55.0,Bovada,4
401282092,2021,5,2021-10-02,LSU,Auburn,-3.0,-3.5,56.0,53.5,Bovada,4
401282093,2021,5,2021-10-02,Missouri,Tennessee,-2.5,-3.0,66.5,63.0,Bovada,4
401282094,2021,5,2021-10-02,South Carolina,Troy,-6.5,-7.0,43.5,44.0,Bovada,4
401282095,2021,5,2021-10-02,Texas A&M,Mississippi State,-7.0,-9.5,45.5,47.0,Bovada,4
401282096,2021,5,2021-10-02,Vanderbilt,UConn,-15.0,-14.0,51.5,52.0,Bovada,4
401282097,2021,6,2021-10-09,Auburn,Georgia,15.5,14.5,46.0,45.0,Bovada,4
401282098,2021,6,2021-10-09,Florida,Vanderbilt,-39.0,-39.0,60.0,57.5,Bovada,4
401282099,2021,6,2021-10-09,Kentucky,LSU,-2.5,-3.5,50.5,52.5,Bovada,4
401282100,2021,6,2021-10-09,Ole Miss,Arkansas,-5.0,-6.0,66.5,66.0,Bovada,4
401282101,2021,6,2021-10-09,Missouri,North Texas,-19.0,-20.0,69.5,66.5,Bovada,4
401282102,2021,6,2021-10-09,Tennessee,South Carolina,-11.0,-10.0,56.5,53.0,Bovada,4
401282103,2021,6,2021-10-09,Texas A&M,Alabama,18.5,17.5,51.0,51.0,Bovada,4
401282104,2021,7,2021-10-16,Arkansas,Auburn,-4.5,-3.5,54.0,53.0,Bovada,4
401282105,2021,7,2021-10-16,Georgia,Kentucky,-21.5,-23.5,44.5,44.5,Bovada,4
401282106,2021,7,2021-10-16,LSU,Florida,13.0,10.0,61.0,58.0,Bovada,4
401282107,2021,7,2021-10-16,Mississippi State,Alabama,17.5,17.0,58.5,59.0,Bovada,4
401282108,2021,7,2021-10-16,Missouri,Texas A&M,11.5,9.0,59.0,61.0,Bovada,4
401282109,2021,7,2021-10-16,South Carolina,Vanderbilt,-18.5,-20.0,51.0,51.0,Bovada,4
401282110,2021,7,2021-10-16,Tennessee,Ole Miss,1.0,3.0,82.0,78.0,Bovada,4
401282111,2021,8,2021-10-23,Alabama,Tennessee,-25.5,-27.5,68.0,67.0,Bovada,4
401282112,2021,8,2021-10-23,Arkansas,Arkansas-Pine Bluff,-50.5,,59.5,,consensus,2
401282113,2021,8,2021-10-23,Ole Miss,LSU,-9.0,-10.5,76.5,76.0,Bovada,4
401282114,2021,8,2021-10-23,Texas A&M,South Carolina,-19.5,-19.5,45.5,44.5,Bovada,4
401282115,2021,8,2021-10-23,Vanderbilt,Mississippi State,20.5,23.0,53.0,51.5,Bovada,4
401282116,2021,9,2021-10-30,Auburn,Ole Miss,-3.0,-1.0,67.5,66.5,Bovada,4
401282117,2021,9,2021-10-30,Florida,Georgia,14.5,14.5,51.0,50.0,Bovada,4
401282118,2021,9,2021-10-30,Mississippi State,Kentucky,-1.5,1.0,47.0,47.0,Bovada,4
401282119,2021,9,2021-10-30,Vanderbilt,Missouri,16.5,17.0,62.5,62.5,Bovada,4
401282120,2021,10,2021-11-06,Alabama,LSU,-29.0,-28.5,67.0,65.0,Bovada,4
401282121,2021,10,2021-11-06,Arkansas,Mississippi State,-4.0,-5.5,53.5,56.0,Bovada,4
401282122,2021,10,2021-11-06,Georgia,Missouri,-40.0,-37.5,59.0,59.5,Bovada,4
401282123,2021,10,2021-11-06,Kentucky,Tennessee,1.0,-3.0,57.0,58.5,Bovada,4
401282124,2021,10,2021-11-06,Ole Miss,Liberty,-9.0,-10.0,67.5,68.5,Bovada,4
401282125,2021,10,2021-11-06,South Carolina,Florida,21.0,18.5,52.0,52.5,Bovada,4
401282126,2021,10,2021-11-06,Texas A&M,Auburn,-4.5,-4.5,49.0,50.0,Bovada,4
401282127,2021,11,2021-11-13,Alabama,New Mexico State,-50.0,-51.5,67.0,67.0,Bovada,4
401282128,2021,11,2021-11-13,Auburn,Mississippi State,-6.0,-5.5,51.0,51.0,Bovada,4
401282129,2021,11,2021-11-13,Florida,Samford,-37.0,-35.5,69.0,69.0,Bovada,3
401282130,2021,11,2021-11-13,LSU,Arkansas,3.0,1.5,59.0,58.5,Bovada,4
401282131,2021,11,2021-11-13,Ole Miss,Texas A&M,2.5,1.5,57.0,55.0,Bovada,4
401282132,2021,11,2021-11-13,Missouri,South Carolina,1.5,-1.5,55.0,54.5,Bovada,4
401282133,2021,11,2021-11-13,Tennessee,Georgia,20.0,20.5,56.0,54.5,Bovada,4
401282134,2021,11,2021-11-13,Vanderbilt,Kentucky,21.5,21.5,53.0,52.5,Bovada,4
401282135,2021,12,2021-11-20,Alabama,Arkansas,-21.0,-20.5,58.0,56.0,Bovada,4
401282136,2021,12,2021-11-20,Georgia,Charleston Southern,-53.0,-51.0,59.0,58.5,Bovada,3
401282137,2021,12,2021-11-20,Kentucky,New Mexico State,-36.0,-36.0,61.0,59.5,Bovada,4
401282138,2021,12,2021-11-20,LSU,UL Monroe,-29.0,-29.0,57.5,56.5,Bovada,4
401282139,2021,12,2021-11-20,Ole Miss,Vanderbilt,-36.0,-37.0,65.0,64.0,Bovada,4
401282140,2021,12,2021-11-20,Mississippi State,Tennessee State,-44.0,-44.0,56.0,56.0,Bovada,3
401282141,2021,12,2021-11-20,Missouri,Florida,9.0,7.5,69.0,69.5,Bovada,4
401282142,2021,12,2021-11-20,South Carolina,Auburn,7.5,10.5,45.5,47.5,Bovada,4
401282143,2021,12,2021-11-20,Tennessee,South Alabama,-28.0,-27.5,62.0,64.0,Bovada,4
401282144,2021,12,2021-11-20,Texas A&M,Prairie View A&M,-41.5,-41.5,50.5,50.5,Bovada,3
401282145,2021,13,2021-11-26,Arkansas,Missouri,-14.5,-14.5,63.5,62.5,Bovada,4
401282146,2021,13,2021-11-27,Auburn,Alabama,20.5,19.5,57.0,55.0,Bovada,4
401282147,2021,13,2021-11-27,Florida,Florida State,-4.0,-1.5,58.5,59.0,Bovada,4
401282148,2021,13,2021-11-27,Georgia Tech,Georgia,36.0,35.0,55.0,54.5,Bovada,4
401282149,2021,13,2021-11-27,Louisville,Kentucky,-3.0,-2.5,58.0,57.0,Bovada,4
401282150,2021,13,2021-11-27,LSU,Texas A&M,6.5,6.5,47.0,45.5,Bovada,4
401282151,2021,13,2021-11-25,Mississippi State,Ole Miss,-2.0,-1.0,65.0,60.5,Bovada,4
401282152,2021,13,2021-11-27,South Carolina,Clemson,11.0,11.0,43.0,43.0,Bovada,4
401282153,2021,13,2021-11-27,Tennessee,Vanderbilt,-31.5,-31.0,64.5,62.5,Bovada,4
401282154,2021,14,2021-12-04,Alabama,Georgia,6.5,4.0,48.5,52.0,Bovada,4
401282156,2021,14,2021-12-03,UTSA,Western Kentucky,3.5,1.0,74.5,72.0,Bovada,4
401282173,2021,1,2021-09-04,Middle Tennessee,Monmouth,-8.5,-8.0,58.0,55.5,Bovada,2
401282174,2021,1,2021-09-04,Navy,Marshall,3.0,2.5,47.0,45.5,Bovada,5
401282175,2021,1,2021-09-04,North Texas,Northwestern State,-20.5,-20.0,66.0,65.0,Bovada,3
401282177,2021,1,2021-09-04,South Alabama,Southern Miss,-2.0,2.5,57.0,55.0,Bovada,5
401282178,2021,1,2021-09-04,UTEP,Bethune-Cookman,-20.5,,52.5,,William Hill (New Jersey),1
401282179,2021,1,2021-09-04,Illinois,UTSA,-4.5,-6.0,51.5,53.0,Bovada,5
401282180,2021,1,2021-09-02,Western Kentucky,UT Martin,-24.0,,58.5,,William Hill (New Jersey),1
401282181,2021,2,2021-09-11,Charlotte,Gardner-Webb,-23.0,,58.0,,William Hill (New Jersey),1
401282182,2021,2,2021-09-11,Florida International,Texas State,-2.0,-1.0,55.0,54.0,Bovada,5
401282183,2021,2,2021-09-11,Florida Atlantic,Georgia Southern,-7.0,-7.0,48.0,48.0,Bovada,5
401282184,2021,2,2021-09-11,Louisiana Tech,SE Louisiana,-11.5,-11.5,70.5,70.5,Bovada,3
401282185,2021,2,2021-09-11,Marshall,North Carolina Central,-43.5,-43.5,51.0,50.0,Bovada,3
401282186,2021,2,2021-09-11,Virginia Tech,Middle Tennessee,-20.0,-20.0,54.5,54.5,Bovada,5
401282187,2021,2,2021-09-11,SMU,North Texas,-22.5,-21.5,74.0,72.5,Bovada,5
401282188,2021,2,2021-09-11,Old Dominion,Hampton,-20.5,-20.0,55.0,55.0,Bovada,3
401282189,2021,2,2021-09-11,Rice,Houston,8.0,9.0,51.0,54.5,Bovada,5
401282190,2021,2,2021-09-11,Southern Miss,Grambling,-23.5,-23.5,47.5,47.5,Bovada,3
401282191,2021,2,2021-09-10,Boise State,UTEP,-25.0,-27.0,56.0,55.0,Bovada,5
401282192,2021,2,2021-09-11,UTSA,Lamar,-38.0,-37.5,65.0,65.0,Bovada,3
401282193,2021,2,2021-09-11,Army,Western Kentucky,-6.0,-5.0,52.0,54.5,Bovada,5
401282194,2021,3,2021-09-18,UTSA,Middle Tennessee,-11.0,-13.0,59.5,57.5,Bovada,5
401282195,2021,3,2021-09-18,North Texas,UAB,13.0,13.5,58.0,57.0,Bovada,5
401282196,2021,3,2021-09-18,Georgia State,Charlotte,-4.5,-2.5,63.0,64.5,Bovada,5
401282197,2021,3,2021-09-18,Texas Tech,Florida International,-20.0,-21.0,54.0,55.5,Bovada,5
401282198,2021,3,2021-09-18,Florida Atlantic,Fordham,-31.0,-32.0,50.5,48.0,Bovada,3
401282199,2021,3,2021-09-18,Louisiana Tech,SMU,11.0,13.5,65.5,65.5,Bovada,5
401282200,2021,3,2021-09-18,Marshall,East Carolina,-10.0,-9.5,58.5,53.5,Bovada,5
401282201,2021,3,2021-09-18,Liberty,Old Dominion,-27.5,-26.0,53.0,54.0,Bovada,5
401282202,2021,3,2021-09-18,Texas,Rice,-26.5,-25.0,51.5,52.5,Bovada,5
401282203,2021,3,2021-09-18,Southern Miss,Troy,11.0,8.0,50.0,51.5,Bovada,5
401282204,2021,4,2021-09-24,Charlotte,Middle Tennessee,-3.0,-2.5,56.0,56.0,Bovada,4
401282205,2021,4,2021-09-25,Louisiana Tech,North Texas,-11.0,-12.5,65.5,64.5,Bovada,4
401282206,2021,4,2021-09-25,Central Michigan,Florida International,-12.5,-11.5,55.5,56.5,Bovada,4
401282207,2021,4,2021-09-25,Air Force,Florida Atlantic,-4.0,-5.0,54.0,50.5,Bovada,4
401282208,2021,4,2021-09-23,App State,Marshall,-7.5,-7.0,59.5,56.5,Bovada,4
401282209,2021,4,2021-09-25,Old Dominion,Buffalo,13.0,12.5,50.5,54.0,Bovada,4
401282210,2021,4,2021-09-25,Rice,Texas Southern,-37.5,-34.0,53.5,53.5,Bovada,3
401282211,2021,4,2021-09-25,Tulane,UAB,-3.0,-4.0,54.5,56.5,Bovada,4
401282212,2021,4,2021-09-25,UTEP,New Mexico,2.0,-1.5,54.0,53.5,Bovada,4
401282213,2021,4,2021-09-25,Memphis,UTSA,-3.0,-3.5,66.5,64.5,Bovada,4
401282214,2021,4,2021-09-25,Western Kentucky,Indiana,9.0,9.5,64.0,62.5,Bovada,4
401282215,2021,5,2021-10-02,Florida Atlantic,Florida International,-10.5,-10.5,52.0,51.5,Bovada,4
401282216,2021,5,2021-10-02,Middle Tennessee,Marshall,11.5,10.0,66.0,64.5,Bovada,4
401282217,2021,5,2021-10-02,UTEP,Old Dominion,-5.5,-4.0,48.5,49.5,Bovada,4
401282218,2021,5,2021-10-02,Rice,Southern Miss,-1.0,-3.0,45.0,45.5,Bovada,4
401282219,2021,5,2021-10-02,Illinois,Charlotte,-10.0,-9.5,54.0,54.5,Bovada,4
401282220,2021,5,2021-10-02,NC State,Louisiana Tech,-18.0,-19.5,56.0,55.0,Bovada,4
401282221,2021,5,2021-10-02,UAB,Liberty,-3.0,-2.0,49.0,49.5,Bovada,4
401282222,2021,5,2021-10-02,UTSA,UNLV,-21.5,-20.0,55.5,56.5,Bovada,4
401282223,2021,5,2021-10-02,Michigan State,Western Kentucky,-11.0,-10.0,66.5,60.0,Bovada,4
401282224,2021,6,2021-10-08,Florida International,Charlotte,3.5,3.5,61.0,59.0,Bovada,4
401282225,2021,6,2021-10-09,UAB,Florida Atlantic,-3.5,-6.0,49.0,49.0,Bovada,4
401282226,2021,6,2021-10-09,Marshall,Old Dominion,-21.0,-19.5,62.5,64.0,Bovada,4
401282227,2021,6,2021-10-09,Southern Miss,UTEP,2.0,-1.0,45.5,45.5,Bovada,4
401282228,2021,6,2021-10-09,Western Kentucky,UTSA,-3.5,-3.0,71.5,68.5,Bovada,4
401282229,2021,6,2021-10-09,Liberty,Middle Tennessee,-19.5,-19.5,58.5,58.0,Bovada,4
401282230,2021,7,2021-10-16,UTEP,Louisiana Tech,6.5,9.0,55.5,55.0,Bovada,4
401282231,2021,7,2021-10-15,North Texas,Marshall,11.0,10.5,66.0,64.5,Bovada,4
401282232,2021,7,2021-10-16,Old Dominion,Western Kentucky,13.5,13.0,67.0,68.5,Bovada,4
401282233,2021,7,2021-10-16,UTSA,Rice,-17.0,-18.5,52.5,53.5,Bovada,4
401282234,2021,7,2021-10-16,Southern Miss,UAB,16.5,16.0,43.0,43.5,Bovada,4
401282235,2021,8,2021-10-21,Charlotte,Florida Atlantic,6.5,5.0,58.0,55.0,Bovada,4
401282236,2021,8,2021-10-23,Florida International,Western Kentucky,16.0,17.0,77.0,75.5,Bovada,4
401282237,2021,8,2021-10-23,Louisiana Tech,UTSA,6.0,6.0,60.0,58.5,Bovada,4
401282238,2021,8,2021-10-23,UAB,Rice,-24.0,-23.0,44.5,45.0,Bovada,4
401282239,2021,8,2021-10-22,UConn,Middle Tennessee,14.0,15.0,54.0,54.0,Bovada,4
401282240,2021,8,2021-10-23,North Texas,Liberty,21.0,21.5,61.0,60.5,Bovada,4
401282241,2021,9,2021-10-30,Western Kentucky,Charlotte,-17.5,-18.5,73.0,73.0,Bovada,4
401282242,2021,9,2021-10-30,Marshall,Florida International,-21.5,-22.0,64.0,66.0,Bovada,4
401282243,2021,9,2021-10-30,Florida Atlantic,UTEP,-11.0,-12.0,48.5,48.0,Bovada,4
401282244,2021,9,2021-10-30,Old Dominion,Louisiana Tech,4.0,5.5,52.0,53.0,Bovada,4
401282245,2021,9,2021-10-30,Middle Tennessee,Southern Miss,-13.0,-14.0,47.0,48.0,Bovada,4
401282246,2021,9,2021-10-30,Rice,North Texas,-1.5,-2.0,55.0,55.0,Bovada,4
401282247,2021,10,2021-11-06,Charlotte,Rice,-6.5,-3.5,52.0,53.0,Bovada,4
401282248,2021,10,2021-11-06,Florida International,Old Dominion,3.0,1.5,50.0,52.0,Bovada,4
401282249,2021,10,2021-11-06,Florida Atlantic,Marshall,1.5,1.5,57.5,57.5,Bovada,4
401282250,2021,10,2021-11-06,UAB,Louisiana Tech,-13.5,-13.0,49.0,50.5,Bovada,4
401282251,2021,10,2021-11-06,Western Kentucky,Middle Tennessee,-18.0,-15.0,67.0,68.0,Bovada,4
401282252,2021,10,2021-11-06,Southern Miss,North Texas,5.0,4.5,49.0,47.0,Bovada,4
401282253,2021,10,2021-11-06,UTEP,UTSA,11.5,12.5,53.0,52.0,Bovada,4
401282254,2021,11,2021-11-13,Louisiana Tech,Charlotte,-7.0,-6.0,58.5,57.0,Bovada,4
401282255,2021,11,2021-11-13,Middle Tennessee,Florida International,-10.0,-10.0,55.0,56.0,Bovada,4
401282256,2021,11,2021-11-13,Old Dominion,Florida Atlantic,6.5,6.5,48.0,49.5,Bovada,4
401282257,2021,11,2021-11-13,Marshall,UAB,-4.5,-6.0,55.5,55.5,Bovada,4
401282258,2021,11,2021-11-13,North Texas,UTEP,1.0,2.0,55.0,55.5,Bovada,4
401282259,2021,11,2021-11-13,Rice,Western Kentucky,19.0,19.0,61.5,63.0,Bovada,4
401282260,2021,11,2021-11-13,UTSA,Southern Miss,-33.0,-32.5,54.5,55.0,Bovada,4
401282261,2021,12,2021-11-20,Charlotte,Marshall,14.5,14.5,63.0,61.5,Bovada,4
401282262,2021,12,2021-11-20,Florida International,North Texas,10.5,9.5,57.5,59.0,Bovada,4
401282263,2021,12,2021-11-20,Western Kentucky,Florida Atlantic,-11.0,-10.5,64.0,64.5,Bovada,4
401282264,2021,12,2021-11-19,Louisiana Tech,Southern Miss,-15.0,-17.0,47.5,51.0,Bovada,4
401282265,2021,12,2021-11-20,Middle Tennessee,Old Dominion,-3.0,-3.5,48.0,50.5,Bovada,4
401282266,2021,12,2021-11-20,UTEP,Rice,-9.0,-10.0,47.0,47.5,Bovada,4
401282267,2021,12,2021-11-20,UTSA,UAB,-4.0,-5.5,53.5,53.0,Bovada,4
401282268,2021,13,2021-11-27,Old Dominion,Charlotte,-9.5,-10.0,56.0,56.0,Bovada,4
401282269,2021,13,2021-11-27,Southern Miss,Florida International,-14.0,-10.0,46.0,46.0,Bovada,4
401282270,2021,13,2021-11-27,Florida Atlantic,Middle Tennessee,-3.5,-4.0,50.0,49.5,Bovada,4
401282271,2021,13,2021-11-27,Rice,Louisiana Tech,4.0,3.5,53.0,53.5,Bovada,4
401282272,2021,13,2021-11-27,Marshall,Western Kentucky,-1.5,-1.0,75.0,75.5,Bovada,4
401282273,2021,13,2021-11-27,North Texas,UTSA,8.5,12.0,59.5,59.5,Bovada,4
401282274,2021,13,2021-11-26,UAB,UTEP,-13.5,-13.0,50.0,49.5,Bovada,4
401282607,2021,1,2021-09-02,NC State,South Florida,-20.0,-16.5,58.0,60.0,Bovada,5
401282608,2021,1,2021-09-03,Wake Forest,Old Dominion,-33.0,-32.0,61.0,65.0,Bovada,5
401282609,2021,1,2021-09-04,Boston College,Colgate,-42.5,-45.0,56.0,56.5,Bovada,3
401282610,2021,1,2021-09-04,Georgia Tech,Northern Illinois,-19.0,-15.5,57.0,57.0,Bovada,5
401282611,2021,1,2021-09-04,Ohio,Syracuse,-2.0,0.0,55.5,56.0,Bovada,5
401282612,2021,1,2021-09-04,Pittsburgh,Massachusetts,-37.5,-35.5,56.0,56.5,Bovada,5
401282613,2021,1,2021-09-04,Virginia,William & Mary,-31.0,-31.5,52.5,52.5,Bovada,3
401282614,2021,1,2021-09-05,Florida State,Notre Dame,7.5,10.5,53.5,55.5,Bovada,5
401282615,2021,2,2021-09-11,Clemson,South Carolina State,-50.0,-49.0,56.0,56.0,Bovada,3
401282616,2021,2,2021-09-10,Duke,North Carolina A&T,-23.0,-21.0,56.0,55.5,Bovada,3
401282617,2021,2,2021-09-11,Florida State,Jacksonville State,-27.0,-26.5,56.5,56.5,Bovada,3
401282618,2021,2,2021-09-11,Georgia Tech,Kennesaw State,-20.0,-18.0,53.0,53.0,Bovada,1
401282619,2021,2,2021-09-11,Louisville,Eastern Kentucky,-30.0,-30.0,62.5,62.5,Bovada,3
401282620,2021,2,2021-09-11,Miami,App State,-8.0,-8.0,54.5,54.0,Bovada,5
401282621,2021,2,2021-09-11,North Carolina,Georgia State,-26.0,-25.5,65.5,61.0,Bovada,5
401282622,2021,2,2021-09-11,Syracuse,Rutgers,2.5,2.0,51.0,52.0,Bovada,5
401282623,2021,2,2021-09-11,Massachusetts,Boston College,38.0,37.0,57.0,59.0,Bovada,5
401282624,2021,2,2021-09-11,Virginia,Illinois,-10.5,-10.5,57.0,54.5,Bovada,5
401282625,2021,2,2021-09-11,Wake Forest,Norfolk State,-43.0,-43.0,58.5,58.5,Bovada,3
401282626,2021,3,2021-09-17,Louisville,UCF,7.0,7.5,67.5,67.0,Bovada,5
401282627,2021,3,2021-09-18,Clemson,Georgia Tech,-28.0,-29.0,52.5,51.0,Bovada,5
401282628,2021,3,2021-09-18,Duke,Northwestern,2.5,3.0,49.5,50.0,Bovada,5
401282629,2021,3,2021-09-18,Miami,Michigan State,-7.0,-6.5,58.0,54.5,Bovada,4
401282630,2021,3,2021-09-18,NC State,Furman,-27.5,-27.5,45.0,43.0,Bovada,3
401282631,2021,3,2021-09-18,North Carolina,Virginia,-7.5,-9.0,66.5,64.5,Bovada,5
401282632,2021,3,2021-09-18,Pittsburgh,Western Michigan,-14.5,-15.0,58.5,60.5,Bovada,5
401282633,2021,3,2021-09-18,Syracuse,UAlbany,-22.0,-22.0,41.0,41.5,Bovada,3
401282634,2021,3,2021-09-18,Temple,Boston College,15.0,16.5,55.5,60.0,Bovada,5
401282635,2021,3,2021-09-18,Wake Forest,Florida State,-4.5,-6.5,62.5,61.5,Bovada,5
401282636,2021,3,2021-09-18,West Virginia,Virginia Tech,-2.0,-3.0,49.5,50.5,Bovada,5
401282637,2021,4,2021-09-24,Syracuse,Liberty,7.0,6.5,54.0,52.5,Bovada,4
401282638,2021,4,2021-09-24,Virginia,Wake Forest,-3.5,-4.0,70.0,66.5,Bovada,4
401282639,2021,4,2021-09-25,Duke,Kansas,-16.0,-15.0,57.5,58.0,Bovada,4
401282640,2021,4,2021-09-25,Florida State,Louisville,1.0,2.5,60.5,61.0,Bovada,4
401282641,2021,4,2021-09-25,Georgia Tech,North Carolina,14.0,12.0,65.0,63.0,Bovada,4
401282642,2021,4,2021-09-25,Miami,Central Connecticut,-46.5,-44.0,55.5,55.5,Bovada,3
401282643,2021,4,2021-09-25,NC State,Clemson,10.5,10.0,47.5,47.0,Bovada,4
401282644,2021,4,2021-09-25,Pittsburgh,New Hampshire,-29.0,-29.0,53.0,54.0,Bovada,3
401282645,2021,4,2021-09-25,Virginia Tech,Richmond,-29.0,-29.5,50.0,50.5,Bovada,3
401282646,2021,5,2021-09-30,Miami,Virginia,-3.5,-3.0,64.0,62.0,Bovada,4
401282647,2021,5,2021-10-02,Clemson,Boston College,-14.5,-16.0,46.0,46.5,Bovada,4
401282648,2021,5,2021-10-02,Florida State,Syracuse,-5.5,-4.5,51.0,52.0,Bovada,4
401282649,2021,5,2021-10-02,Georgia Tech,Pittsburgh,3.0,3.0,58.0,57.0,Bovada,4
401282650,2021,5,2021-10-02,North Carolina,Duke,-19.5,-18.0,73.5,69.0,Bovada,4
401282651,2021,5,2021-10-02,Wake Forest,Louisville,-7.0,-7.0,64.0,60.5,Bovada,4
401282652,2021,6,2021-10-09,Duke,Georgia Tech,4.5,3.0,60.5,59.0,Bovada,4
401282653,2021,6,2021-10-09,Louisville,Virginia,-2.5,-3.0,70.0,65.5,Bovada,4
401282654,2021,6,2021-10-09,North Carolina,Florida State,-17.5,-16.5,64.5,63.5,Bovada,4
401282655,2021,6,2021-10-09,Syracuse,Wake Forest,6.0,6.5,58.5,57.5,Bovada,4
401282656,2021,6,2021-10-09,Virginia Tech,Notre Dame,0.0,1.5,47.0,46.5,Bovada,4
401282657,2021,7,2021-10-15,Syracuse,Clemson,13.5,14.0,43.5,45.5,Bovada,4
401282658,2021,7,2021-10-16,Boston College,NC State,3.0,2.0,51.0,51.5,Bovada,4
401282659,2021,7,2021-10-16,North Carolina,Miami,-7.5,-6.0,63.5,61.5,Bovada,4
401282660,2021,7,2021-10-16,Virginia,Duke,-10.5,-11.5,69.5,69.0,Bovada,4
401282661,2021,7,2021-10-16,Virginia Tech,Pittsburgh,6.5,4.5,56.0,57.0,Bovada,4
401282662,2021,8,2021-10-23,Army,Wake Forest,3.0,3.5,54.0,52.0,Bovada,4
401282663,2021,8,2021-10-23,Florida State,Massachusetts,-35.5,-35.5,59.0,61.0,Bovada,4
401282664,2021,8,2021-10-23,Louisville,Boston College,-5.0,-7.0,57.5,57.0,Bovada,4
401282665,2021,8,2021-10-23,Miami,NC State,3.5,3.5,53.5,53.0,Bovada,4
401282666,2021,8,2021-10-23,Pittsburgh,Clemson,-3.5,-3.0,47.0,47.0,Bovada,4
401282667,2021,8,2021-10-23,Virginia,Georgia Tech,-6.5,-7.0,65.5,61.0,Bovada,4
401282668,2021,8,2021-10-23,Virginia Tech,Syracuse,-3.5,-4.0,45.5,46.0,Bovada,4
401282669,2021,9,2021-10-30,BYU,Virginia,-2.5,-2.5,66.0,64.0,Bovada,4
401282670,2021,9,2021-10-30,Clemson,Florida State,-9.0,-10.0,47.5,46.0,Bovada,4
401282671,2021,9,2021-10-30,Georgia Tech,Virginia Tech,-3.5,-3.5,55.5,55.0,Bovada,4
401282672,2021,9,2021-10-30,NC State,Louisville,-6.0,-7.0,56.0,59.0,Bovada,4
401282673,2021,9,2021-10-30,Notre Dame,North Carolina,-3.5,-3.5,62.5,62.5,Bovada,4
401282674,2021,9,2021-10-30,Pittsburgh,Miami,-10.0,-11.5,61.0,62.0,Bovada,4
401282675,2021,9,2021-10-30,Syracuse,Boston College,-6.5,-4.5,51.0,51.5,Bovada,4
401282676,2021,9,2021-10-30,Wake Forest,Duke,-16.5,-16.0,71.5,69.0,Bovada,4
401282677,2021,10,2021-11-05,Boston College,Virginia Tech,2.5,3.0,50.5,47.0,Bovada,4
401282678,2021,10,2021-11-06,Duke,Pittsburgh,21.5,20.5,64.0,64.0,Bovada,4
401282679,2021,10,2021-11-06,Florida State,NC State,3.0,3.0,55.0,56.0,Bovada,4
401282680,2021,10,2021-11-06,Louisville,Clemson,3.5,3.5,46.5,45.5,Bovada,4
401282681,2021,10,2021-11-06,Miami,Georgia Tech,-10.0,-9.0,62.5,63.5,Bovada,4
401282682,2021,10,2021-11-06,North Carolina,Wake Forest,-2.5,-2.5,78.0,75.5,Bovada,4
401282683,2021,11,2021-11-11,Pittsburgh,North Carolina,-6.5,-6.0,72.5,75.0,Bovada,4
401282684,2021,11,2021-11-13,Clemson,UConn,-40.0,-39.5,51.0,49.0,Bovada,4
401282685,2021,11,2021-11-13,Florida State,Miami,3.0,2.5,61.0,60.0,Bovada,4
401282686,2021,11,2021-11-13,Georgia Tech,Boston College,-1.0,-2.0,55.0,52.0,Bovada,4
401282687,2021,11,2021-11-13,Louisville,Syracuse,-3.5,-3.0,55.5,55.5,Bovada,4
401282688,2021,11,2021-11-13,Virginia,Notre Dame,7.5,5.0,63.0,64.5,Bovada,4
401282689,2021,11,2021-11-13,Virginia Tech,Duke,-11.0,-10.5,51.5,48.0,Bovada,4
401282690,2021,11,2021-11-13,Wake Forest,NC State,-1.5,-3.0,64.5,66.5,Bovada,4
401282691,2021,12,2021-11-18,Duke,Louisville,20.5,19.5,60.5,59.5,Bovada,4
401282692,2021,12,2021-11-20,Boston College,Florida State,-3.0,-2.5,55.5,54.0,Bovada,4
401282693,2021,12,2021-11-20,Clemson,Wake Forest,-3.5,-4.0,57.0,55.0,Bovada,4
401282694,2021,12,2021-11-20,Miami,Virginia Tech,-7.0,-7.0,56.0,55.0,Bovada,4
401282695,2021,12,2021-11-20,NC State,Syracuse,-11.5,-11.5,49.5,50.5,Bovada,4
401282696,2021,12,2021-11-20,North Carolina,Wofford,-37.0,-37.0,62.0,64.0,Bovada,3
401282697,2021,12,2021-11-20,Notre Dame,Georgia Tech,-18.0,-15.5,57.5,60.0,Bovada,4
401282698,2021,12,2021-11-20,Pittsburgh,Virginia,-15.5,-13.5,66.0,66.5,Bovada,4
401282699,2021,13,2021-11-26,NC State,North Carolina,-6.5,-7.0,62.0,63.0,Bovada,4
401282700,2021,13,2021-11-27,Boston College,Wake Forest,6.5,4.5,64.0,64.5,Bovada,4
401282701,2021,13,2021-11-27,Duke,Miami,21.0,21.0,67.0,68.0,Bovada,4
401282702,2021,13,2021-11-27,Syracuse,Pittsburgh,12.5,11.0,57.5,58.5,Bovada,4
401282703,2021,13,2021-11-27,Virginia,Virginia Tech,-7.0,-7.5,64.0,62.5,Bovada,4
401282705,2021,2,2021-09-11,Notre Dame,Toledo,-17.0,-18.5,56.0,53.0,Bovada,5
401282706,2021,3,2021-09-18,Notre Dame,Purdue,-7.5,-7.0,58.5,58.5,Bovada,5
401282707,2021,4,2021-09-25,Wisconsin,Notre Dame,-6.0,-5.5,44.0,46.5,Bovada,4
401282708,2021,5,2021-10-02,Notre Dame,Cincinnati,2.0,2.0,50.5,51.0,Bovada,4
401282709,2021,8,2021-10-23,Notre Dame,USC,-7.5,-6.5,59.0,57.5,Bovada,4
401282710,2021,10,2021-11-06,Notre Dame,Navy,-21.0,-21.0,48.0,47.5,Bovada,4
401282711,2021,13,2021-11-27,Stanford,Notre Dame,20.0,17.5,53.0,52.5,Bovada,4
401282714,2021,1,2021-08-28,Illinois,Nebraska,7.0,8.5,52.0,55.0,Bovada,5
401282715,2021,3,2021-09-17,Illinois,Maryland,7.5,7.5,61.5,59.5,Bovada,5
401282716,2021,4,2021-09-25,Purdue,Illinois,-11.0,-11.0,53.0,55.0,Bovada,4
401282717,2021,8,2021-10-23,Penn State,Illinois,-24.5,-24.0,45.5,45.5,Bovada,4
401282718,2021,6,2021-10-09,Illinois,Wisconsin,12.0,9.0,42.0,43.0,Bovada,4
401282719,2021,9,2021-10-30,Illinois,Rutgers,1.5,0.0,41.0,42.0,Bovada,4
401282720,2021,10,2021-11-06,Minnesota,Illinois,-15.0,-14.5,44.0,43.5,Bovada,4
401282721,2021,12,2021-11-20,Iowa,Illinois,-11.5,-12.0,38.0,37.5,Bovada,4
401282722,2021,13,2021-11-27,Illinois,Northwestern,-6.5,-6.5,44.5,42.5,Bovada,4
401282723,2021,1,2021-09-04,Iowa,Indiana,-3.5,-4.0,45.5,47.5,Bovada,5
401282724,2021,2,2021-09-11,Indiana,Idaho,-31.5,-30.5,52.5,52.0,Bovada,1
401282725,2021,3,2021-09-18,Indiana,Cincinnati,4.0,3.0,50.0,50.5,Bovada,4
401282726,2021,9,2021-10-30,Maryland,Indiana,-4.0,-2.5,48.0,50.5,Bovada,4
401282727,2021,10,2021-11-06,Michigan,Indiana,-21.0,-19.0,51.0,51.0,Bovada,4
401282728,2021,11,2021-11-13,Indiana,Rutgers,-6.0,-6.5,43.0,43.5,Bovada,4
401282729,2021,5,2021-10-02,Penn State,Indiana,-12.5,-11.5,53.5,51.5,Bovada,4
401282730,2021,8,2021-10-23,Indiana,Ohio State,21.0,19.5,59.0,60.0,Bovada,4
401282731,2021,7,2021-10-16,Indiana,Michigan State,4.0,3.5,48.0,52.0,Bovada,4
401282732,2021,12,2021-11-20,Indiana,Minnesota,7.5,6.5,43.5,43.5,Bovada,4
401282753,2021,13,2021-11-27,Purdue,Indiana,-15.0,-15.0,50.5,50.0,Bovada,4
401282754,2021,2,2021-09-11,Iowa State,Iowa,-4.5,-3.5,46.0,44.5,Bovada,5
401282755,2021,3,2021-09-18,Iowa,Kent State,-23.0,-22.0,55.5,54.5,Bovada,5
401282756,2021,4,2021-09-25,Iowa,Colorado State,-23.5,-22.5,44.0,44.5,Bovada,4
401282757,2021,10,2021-11-06,Northwestern,Iowa,12.0,11.5,40.5,40.5,Bovada,4
401282758,2021,6,2021-10-09,Iowa,Penn State,-2.5,-3.0,41.0,42.5,Bovada,4
401282759,2021,5,2021-10-01,Maryland,Iowa,3.0,4.0,47.5,45.5,Bovada,4
401282760,2021,7,2021-10-16,Iowa,Purdue,-11.0,-12.5,42.5,43.0,Bovada,4
401282761,2021,13,2021-11-26,Nebraska,Iowa,-1.0,-3.5,41.0,44.5,Bovada,4
401282762,2021,11,2021-11-13,Iowa,Minnesota,-4.0,-7.0,37.0,36.5,Bovada,4
401282763,2021,9,2021-10-30,Wisconsin,Iowa,-3.0,-3.5,36.0,37.0,Bovada,4
401282764,2021,1,2021-09-04,Maryland,West Virginia,2.5,4.0,57.0,55.0,Bovada,5
401282765,2021,4,2021-09-25,Maryland,Kent State,-13.5,-14.5,71.0,66.5,Bovada,4
401282766,2021,13,2021-11-27,Rutgers,Maryland,-2.0,1.5,53.0,53.0,Bovada,4
401282767,2021,8,2021-10-23,Minnesota,Maryland,-4.0,-5.0,52.5,54.0,Bovada,4
401282768,2021,10,2021-11-06,Maryland,Penn State,10.0,11.0,56.0,55.0,Bovada,4
401282769,2021,6,2021-10-09,Ohio State,Maryland,-22.0,-20.0,71.5,68.0,Bovada,4
401282770,2021,12,2021-11-20,Maryland,Michigan,16.0,15.0,57.5,55.0,Bovada,4
401282771,2021,11,2021-11-13,Michigan State,Maryland,-12.0,-13.5,61.5,62.5,Bovada,4
401282772,2021,1,2021-09-04,Michigan,Western Michigan,-16.5,-16.5,65.5,67.0,Bovada,5
401282773,2021,2,2021-09-11,Michigan,Washington,-6.5,-6.0,47.5,50.5,Bovada,5
401282774,2021,3,2021-09-18,Michigan,Northern Illinois,-27.5,-27.0,54.5,54.5,Bovada,5
401282775,2021,4,2021-09-25,Michigan,Rutgers,-20.0,-18.5,50.0,53.0,Bovada,4
401282776,2021,5,2021-10-02,Wisconsin,Michigan,-1.5,1.0,43.5,43.5,Bovada,4
401282777,2021,9,2021-10-30,Michigan State,Michigan,4.0,4.0,50.0,51.0,Bovada,4
401282778,2021,6,2021-10-09,Nebraska,Michigan,3.0,3.0,49.5,52.0,Bovada,4
401282779,2021,8,2021-10-23,Michigan,Northwestern,-23.5,-21.5,51.0,50.5,Bovada,4
401282780,2021,11,2021-11-13,Penn State,Michigan,2.5,0.0,48.0,48.5,Bovada,4
401282781,2021,13,2021-11-27,Michigan,Ohio State,7.0,7.5,64.5,66.0,Bovada,4
401282782,2021,1,2021-09-03,Northwestern,Michigan State,-3.0,-7.0,45.0,45.0,Bovada,5
401282783,2021,2,2021-09-11,Michigan State,Youngstown State,-28.0,-27.0,52.0,52.5,Bovada,3
401282784,2021,4,2021-09-25,Michigan State,Nebraska,-4.0,-4.0,54.0,51.0,Bovada,4
401282785,2021,13,2021-11-27,Michigan State,Penn State,5.5,0.0,51.5,52.0,Bovada,4
401282786,2021,12,2021-11-20,Ohio State,Michigan State,-19.0,-20.0,70.5,67.5,Bovada,4
401282787,2021,10,2021-11-06,Purdue,Michigan State,3.0,3.0,53.5,52.0,Bovada,4
401282788,2021,6,2021-10-09,Rutgers,Michigan State,4.5,5.0,50.0,50.0,Bovada,4
401282789,2021,1,2021-09-02,Minnesota,Ohio State,14.0,14.0,61.5,66.5,Bovada,5
401282790,2021,2,2021-09-11,Minnesota,Miami (OH),-19.0,-21.0,55.0,56.0,Bovada,5
401282791,2021,3,2021-09-18,Colorado,Minnesota,-2.5,-1.5,48.0,50.0,Bovada,5
401282792,2021,4,2021-09-25,Minnesota,Bowling Green,-31.0,-31.0,51.0,50.5,Bovada,4
401282793,2021,5,2021-10-02,Purdue,Minnesota,-2.5,-2.0,46.5,47.5,Bovada,4
401282794,2021,13,2021-11-27,Minnesota,Wisconsin,7.0,6.5,39.0,38.5,Bovada,4
401282795,2021,9,2021-10-30,Northwestern,Minnesota,7.5,7.5,43.5,43.5,Bovada,4
401282796,2021,7,2021-10-16,Minnesota,Nebraska,4.5,2.5,48.5,47.5,Bovada,4
401282797,2021,2,2021-09-11,Nebraska,Buffalo,-14.0,-12.0,54.5,52.0,Bovada,5
401282798,2021,3,2021-09-18,Oklahoma,Nebraska,-23.0,-22.0,63.0,61.5,Bovada,5
401282799,2021,10,2021-11-06,Nebraska,Ohio State,14.5,14.5,68.0,63.0,Bovada,4
401282800,2021,5,2021-10-02,Nebraska,Northwestern,-11.0,-10.0,51.5,50.0,Bovada,4
401282801,2021,9,2021-10-30,Nebraska,Purdue,-7.5,-7.0,53.5,48.5,Bovada,4
401282803,2021,12,2021-11-20,Wisconsin,Nebraska,-9.5,-10.0,43.5,42.0,Bovada,4
401282804,2021,2,2021-09-11,Northwestern,Indiana State,-28.5,-28.5,46.0,46.5,Bovada,3
401282805,2021,4,2021-09-25,Northwestern,Ohio,-14.0,-15.0,47.5,47.0,Bovada,4
401282806,2021,11,2021-11-13,Wisconsin,Northwestern,-26.0,-24.0,41.5,41.0,Bovada,4
401282807,2021,7,2021-10-16,Northwestern,Rutgers,2.5,0.0,45.0,47.0,Bovada,4
401282808,2021,12,2021-11-20,Northwestern,Purdue,11.0,11.5,47.5,48.5,Bovada,4
401282809,2021,2,2021-09-11,Ohio State,Oregon,-14.5,-14.0,65.0,63.5,Bovada,5
401282810,2021,3,2021-09-18,Ohio State,Tulsa,-25.5,-25.0,60.5,61.0,Bovada,5
401282811,2021,4,2021-09-25,Ohio State,Akron,-48.0,-50.0,66.5,67.5,Bovada,4
401282812,2021,11,2021-11-13,Ohio State,Purdue,-19.5,-20.5,65.0,61.5,Bovada,4
401282813,2021,5,2021-10-02,Rutgers,Ohio State,15.0,15.5,58.0,56.5,Bovada,4
401282814,2021,9,2021-10-30,Ohio State,Penn State,-19.5,-17.5,60.5,59.5,Bovada,4
401282815,2021,1,2021-09-04,Wisconsin,Penn State,-5.5,-4.0,48.5,51.5,Bovada,5
401282816,2021,2,2021-09-11,Penn State,Ball State,-22.5,-22.5,58.0,53.5,Bovada,5
401282817,2021,4,2021-09-25,Penn State,Villanova,-30.0,-30.0,53.0,54.5,Bovada,3
401282818,2021,12,2021-11-20,Penn State,Rutgers,-14.0,-17.5,45.0,47.5,Bovada,4
401282819,2021,1,2021-09-04,Purdue,Oregon State,-7.0,-7.0,68.5,65.0,Bovada,5
401282820,2021,2,2021-09-11,UConn,Purdue,35.0,33.5,57.0,56.5,Bovada,5
401282821,2021,8,2021-10-23,Purdue,Wisconsin,3.5,3.0,41.0,39.0,Bovada,4
401282822,2021,1,2021-09-04,Rutgers,Temple,-14.0,-13.0,52.0,51.0,Bovada,5
401282823,2021,3,2021-09-18,Rutgers,Delaware,-20.0,-21.5,45.0,46.0,Bovada,3
401282824,2021,10,2021-11-06,Rutgers,Wisconsin,13.5,11.5,38.0,37.5,Bovada,4
401282825,2021,2,2021-09-11,Wisconsin,Eastern Michigan,-26.5,-24.5,52.0,51.5,Bovada,5
401282826,2021,7,2021-10-16,Wisconsin,Army,-14.0,-11.5,37.5,42.5,Bovada,4
401286187,2021,1,2021-08-28,Fresno State,UConn,-28.0,-27.5,63.5,62.5,Bovada,5
401286188,2021,1,2021-09-04,UConn,Holy Cross,-3.0,-3.0,49.5,51.0,Bovada,3
401286189,2021,3,2021-09-18,Army,UConn,-35.0,-33.0,47.5,51.5,Bovada,5
401286190,2021,4,2021-09-25,UConn,Wyoming,31.5,30.0,53.5,56.0,Bovada,4
401286191,2021,6,2021-10-09,Massachusetts,UConn,3.0,2.0,57.0,55.0,Bovada,4
401286192,2021,7,2021-10-16,UConn,Yale,3.5,3.0,46.5,46.5,Bovada,3
401286207,2021,2,2021-09-11,Maryland,Howard,-48.0,-48.0,55.5,55.5,Bovada,3
401286293,2021,12,2021-11-20,UCF,UConn,-30.5,-30.0,56.0,56.5,Bovada,4
401286294,2021,1,2021-09-04,Liberty,Campbell,-35.0,-35.0,65.0,65.0,Bovada,3
401286295,2021,2,2021-09-11,Troy,Liberty,4.5,5.5,62.0,59.5,Bovada,5
401286296,2021,7,2021-10-16,UL Monroe,Liberty,33.0,32.0,57.5,54.5,Bovada,4
401286297,2021,9,2021-10-30,Liberty,Massachusetts,-35.5,-36.5,56.0,60.0,Bovada,4
401286298,2021,12,2021-11-20,Liberty,Louisiana,-4.5,-4.0,53.5,53.0,Bovada,4
401286299,2021,13,2021-11-27,Liberty,Army,-3.0,-4.0,51.5,54.0,Bovada,4
401286300,2021,3,2021-09-18,Massachusetts,Eastern Michigan,22.0,18.0,56.5,55.5,Bovada,5
401286301,2021,4,2021-09-25,Coastal Carolina,Massachusetts,-36.0,-35.5,66.0,67.0,Bovada,4
401286302,2021,5,2021-10-02,Massachusetts,Toledo,27.0,26.5,56.5,58.0,Bovada,4
401286303,2021,10,2021-11-06,Massachusetts,Rhode Island,-1.0,-1.0,55.0,57.0,Bovada,3
401286304,2021,11,2021-11-13,Massachusetts,Maine,6.0,4.5,58.5,58.5,Bovada,3
401286305,2021,12,2021-11-20,Army,Massachusetts,-37.0,-37.5,56.0,57.0,Bovada,4
401286306,2021,13,2021-11-27,New Mexico State,Massachusetts,-7.0,-6.0,59.0,58.0,Bovada,4
401287886,2021,1,2021-09-04,Houston,Texas Tech,-2.5,4.0,64.0,65.0,Bovada,5
401287887,2021,1,2021-09-04,Iowa State,Northern Iowa,-29.0,-31.5,50.0,50.0,Bovada,3
401287888,2021,1,2021-09-03,Kansas,South Dakota,-11.5,-13.0,54.0,55.5,Bovada,3
401287889,2021,1,2021-09-04,Kansas State,Stanford,-3.5,0.0,54.0,52.5,Bovada,5
401287890,2021,1,2021-09-04,Oklahoma State,Missouri State,-38.0,-38.0,55.0,55.0,Bovada,1
401287891,2021,1,2021-09-04,TCU,Duquesne,-43.0,-43.0,54.5,56.0,Bovada,3
401287892,2021,1,2021-09-04,Texas,Louisiana,-8.5,-12.0,58.0,59.0,Bovada,5
401287893,2021,1,2021-09-04,Texas State,Baylor,14.0,12.0,53.0,55.5,Bovada,5
401287894,2021,1,2021-09-04,Oklahoma,Tulane,-31.5,-22.0,67.0,70.0,Bovada,4
401287895,2021,2,2021-09-11,Baylor,Texas Southern,-44.5,-44.5,53.0,53.0,Bovada,3
401287896,2021,2,2021-09-10,Coastal Carolina,Kansas,-27.0,-27.0,53.0,53.0,Bovada,5
401287897,2021,2,2021-09-11,Kansas State,Southern Illinois,-17.0,-17.0,55.0,55.0,Bovada,3
401287898,2021,2,2021-09-11,Oklahoma,Western Carolina,-50.5,-50.5,65.0,65.0,Bovada,3
401287899,2021,2,2021-09-11,Oklahoma State,Tulsa,-12.0,-12.5,51.0,51.0,Bovada,5
401287900,2021,2,2021-09-11,TCU,California,-11.5,-9.5,47.0,48.5,Bovada,5
401287901,2021,2,2021-09-11,Texas Tech,Stephen F. Austin,-32.0,-31.5,51.5,51.5,Bovada,3
401287902,2021,2,2021-09-11,West Virginia,Long Island University,-49.0,-48.5,56.0,56.0,Bovada,2
401287903,2021,3,2021-09-18,Boise State,Oklahoma State,-3.5,-4.0,57.0,57.5,Bovada,5
401287904,2021,3,2021-09-18,Kansas,Baylor,17.5,17.0,49.0,49.5,Bovada,5
401287905,2021,3,2021-09-18,Kansas State,Nevada,1.5,2.5,51.0,49.0,Bovada,5
401287906,2021,3,2021-09-18,UNLV,Iowa State,32.5,30.5,52.5,52.0,Bovada,5
401287907,2021,4,2021-09-25,Baylor,Iowa State,7.0,6.5,46.5,48.5,Bovada,4
401287908,2021,4,2021-09-25,Oklahoma,West Virginia,-17.0,-15.0,56.0,58.5,Bovada,4
401287909,2021,4,2021-09-25,Oklahoma State,Kansas State,-5.0,-7.5,47.5,45.5,Bovada,4
401287910,2021,4,2021-09-25,TCU,SMU,-9.5,-10.0,65.5,64.0,Bovada,4
401287911,2021,4,2021-09-25,Texas,Texas Tech,-9.0,-10.0,63.0,61.0,Bovada,4
401287912,2021,5,2021-10-02,Iowa State,Kansas,-34.5,-33.5,57.0,57.5,Bovada,4
401287913,2021,5,2021-10-02,Kansas State,Oklahoma,13.0,10.5,53.0,52.5,Bovada,4
401287914,2021,5,2021-10-02,Oklahoma State,Baylor,-4.0,-4.0,47.0,49.5,Bovada,4
401287915,2021,5,2021-10-02,TCU,Texas,4.0,4.0,65.5,67.0,Bovada,4
401287916,2021,5,2021-10-02,West Virginia,Texas Tech,-7.0,-7.5,55.0,57.0,Bovada,4
401287917,2021,6,2021-10-09,Baylor,West Virginia,-1.0,-3.0,45.0,44.5,Bovada,4
401287918,2021,6,2021-10-09,Texas,Oklahoma,4.0,3.5,66.0,63.5,Bovada,4
401287919,2021,6,2021-10-09,Texas Tech,TCU,2.5,2.0,60.5,62.0,Bovada,4
401287920,2021,7,2021-10-16,Baylor,BYU,-5.0,-5.0,52.0,48.0,Bovada,4
401287921,2021,7,2021-10-16,Kansas,Texas Tech,18.5,15.5,68.5,67.0,Bovada,4
401287922,2021,7,2021-10-16,Kansas State,Iowa State,6.5,4.5,50.5,51.5,Bovada,4
401287923,2021,7,2021-10-16,Oklahoma,TCU,-13.5,-12.0,64.0,65.5,Bovada,4
401287924,2021,7,2021-10-16,Texas,Oklahoma State,-3.0,-5.0,61.5,60.5,Bovada,4
401287925,2021,8,2021-10-23,Iowa State,Oklahoma State,-7.0,-6.5,47.0,47.0,Bovada,4
401287926,2021,8,2021-10-23,Kansas,Oklahoma,39.0,39.0,66.5,67.5,Bovada,4
401287927,2021,8,2021-10-23,TCU,West Virginia,-4.5,-4.5,57.0,58.0,Bovada,4
401287928,2021,8,2021-10-23,Texas Tech,Kansas State,1.0,-1.0,60.5,60.5,Bovada,4
401287929,2021,9,2021-10-30,Baylor,Texas,-2.5,-2.5,62.0,62.0,Bovada,4
401287930,2021,9,2021-10-30,Kansas State,TCU,-3.5,-3.5,58.0,59.5,Bovada,4
401287931,2021,9,2021-10-30,Oklahoma,Texas Tech,-19.0,-19.0,67.5,68.5,Bovada,4
401287932,2021,9,2021-10-30,Oklahoma State,Kansas,-29.0,-31.0,54.5,57.5,Bovada,4
401287933,2021,9,2021-10-30,West Virginia,Iowa State,7.5,7.0,49.0,47.0,Bovada,4
401287934,2021,10,2021-11-06,Iowa State,Texas,-6.5,-6.5,59.5,60.0,Bovada,4
401287935,2021,10,2021-11-06,Kansas,Kansas State,24.0,23.5,56.0,56.5,Bovada,4
401287936,2021,10,2021-11-06,TCU,Baylor,7.0,5.0,58.0,59.0,Bovada,4
401287937,2021,10,2021-11-06,West Virginia,Oklahoma State,3.5,3.0,49.0,49.0,Bovada,4
401287938,2021,11,2021-11-13,Baylor,Oklahoma,3.5,6.0,64.0,64.0,Bovada,4
401287939,2021,11,2021-11-13,Kansas State,West Virginia,-6.0,-6.0,46.5,47.0,Bovada,4
401287940,2021,11,2021-11-13,Oklahoma State,TCU,-12.0,-13.0,54.0,54.5,Bovada,4
401287941,2021,11,2021-11-13,Texas,Kansas,-31.0,-30.0,62.0,60.5,Bovada,4
401287942,2021,11,2021-11-13,Texas Tech,Iowa State,10.5,10.5,56.5,58.0,Bovada,4
401287943,2021,12,2021-11-20,Kansas State,Baylor,-2.5,-1.0,50.0,50.0,Bovada,4
401287944,2021,12,2021-11-20,Oklahoma,Iowa State,-3.0,-4.0,59.0,60.0,Bovada,4
401287945,2021,12,2021-11-20,TCU,Kansas,-21.0,-21.5,64.5,66.5,Bovada,4
401287946,2021,12,2021-11-20,Texas Tech,Oklahoma State,10.0,10.5,55.0,56.5,Bovada,4
401287947,2021,12,2021-11-20,West Virginia,Texas,-2.0,-2.5,56.5,58.0,Bovada,4
401287948,2021,13,2021-11-27,Baylor,Texas Tech,-14.0,-14.5,51.5,52.0,Bovada,4
401287949,2021,13,2021-11-26,Iowa State,TCU,-15.0,-14.5,61.0,58.5,Bovada,4
401287950,2021,13,2021-11-27,Kansas,West Virginia,15.5,15.0,55.5,55.5,Bovada,4
401287951,2021,13,2021-11-27,Oklahoma State,Oklahoma,-4.5,-3.5,49.0,50.5,Bovada,4
401287952,2021,13,2021-11-26,Texas,Kansas State,-3.0,-2.0,54.5,52.0,Bovada,4
401287953,2021,14,2021-12-04,Oklahoma State,Baylor,-7.0,-6.5,45.5,48.0,Bovada,4
401300993,2021,1,2021-09-02,App State,East Carolina,-9.5,-13.0,56.0,59.5,Bovada,5
401300994,2021,1,2021-09-02,Tulsa,UC Davis,-22.0,-22.5,54.5,54.5,Bovada,3
401300995,2021,1,2021-09-02,UCF,Boise State,-6.5,-4.0,67.5,70.0,Bovada,5
401300996,2021,1,2021-09-04,Cincinnati,Miami (OH),-22.5,-21.5,49.5,51.0,Bovada,5
401300997,2021,1,2021-09-04,Memphis,Nicholls,-23.5,-23.5,69.5,69.0,Bovada,3
401300998,2021,1,2021-09-04,SMU,Abilene Christian,-32.0,-32.0,66.0,66.0,Bovada,3
401300999,2021,2,2021-09-11,Akron,Temple,7.0,7.0,52.5,52.0,Bovada,5
401301000,2021,2,2021-09-11,Tulane,Morgan State,-48.0,-47.0,58.0,57.5,Bovada,3
401301001,2021,2,2021-09-11,UCF,Bethune-Cookman,-46.0,,67.0,,William Hill (New Jersey),1
401301002,2021,2,2021-09-11,Cincinnati,Murray State,-36.5,-36.5,51.5,51.5,Bovada,3
401301003,2021,2,2021-09-11,Arkansas State,Memphis,5.5,5.5,64.5,64.5,Bovada,5
401301004,2021,2,2021-09-11,Navy,Air Force,6.0,6.5,40.0,43.5,Bovada,5
401301005,2021,3,2021-09-18,Houston,Grambling,-40.0,-40.0,51.5,52.0,Bovada,3
401301006,2021,3,2021-09-18,South Florida,Florida A&M,-22.5,-22.0,49.5,49.0,Bovada,3
401301007,2021,4,2021-09-25,East Carolina,Charleston Southern,-24.0,-25.5,59.0,59.5,Bovada,3
401301008,2021,4,2021-09-25,Houston,Navy,-19.0,-20.0,47.0,49.0,Bovada,4
401301009,2021,4,2021-09-25,BYU,South Florida,-23.5,-23.5,54.0,52.0,Bovada,4
401301010,2021,4,2021-09-25,Temple,Wagner,-36.5,-35.0,55.5,56.0,Bovada,3
401301011,2021,4,2021-09-25,Tulsa,Arkansas State,-14.5,-14.0,64.0,62.5,Bovada,4
401301012,2021,5,2021-10-01,Tulsa,Houston,-3.5,-3.5,54.0,56.0,Bovada,4
401301013,2021,5,2021-10-02,Navy,UCF,16.0,16.0,52.5,56.5,Bovada,4
401301014,2021,5,2021-10-02,East Carolina,Tulane,3.0,3.5,64.5,64.0,Bovada,4
401301015,2021,5,2021-10-02,Temple,Memphis,11.5,11.5,58.0,61.0,Bovada,4
401301016,2021,5,2021-10-02,SMU,South Florida,-21.0,-20.0,68.5,68.0,Bovada,4
401301017,2021,6,2021-10-07,Tulane,Houston,7.0,4.5,60.0,62.0,Bovada,4
401301018,2021,6,2021-10-08,Cincinnati,Temple,-30.0,-28.0,53.0,54.0,Bovada,4
401301019,2021,6,2021-10-09,UCF,East Carolina,-10.0,-10.0,65.5,68.0,Bovada,4
401301020,2021,6,2021-10-09,Tulsa,Memphis,-3.0,-4.0,60.5,62.5,Bovada,4
401301021,2021,6,2021-10-09,Navy,SMU,13.5,14.5,56.0,57.5,Bovada,4
401301022,2021,7,2021-10-14,Memphis,Navy,-10.5,-8.5,55.5,52.5,Bovada,4
401301023,2021,7,2021-10-16,Cincinnati,UCF,-22.5,-20.0,56.0,56.0,Bovada,4
401301024,2021,7,2021-10-16,South Florida,Tulsa,7.0,8.5,56.0,57.0,Bovada,4
401301025,2021,8,2021-10-21,SMU,Tulane,-14.0,-14.0,70.0,70.0,Bovada,4
401301026,2021,8,2021-10-22,UCF,Memphis,1.5,-3.0,66.0,64.0,Bovada,4
401301027,2021,8,2021-10-23,Navy,Cincinnati,29.5,27.0,49.5,51.0,Bovada,4
401301028,2021,8,2021-10-23,Houston,East Carolina,-13.5,-13.0,57.0,58.0,Bovada,4
401301029,2021,8,2021-10-23,South Florida,Temple,-1.5,-3.5,55.0,57.5,Bovada,4
401301030,2021,9,2021-10-29,Tulsa,Navy,-11.0,-10.0,46.5,48.0,Bovada,4
401301031,2021,9,2021-10-30,Temple,UCF,12.0,10.5,52.0,52.0,Bovada,4
401301032,2021,9,2021-10-30,Tulane,Cincinnati,28.5,25.0,61.5,63.0,Bovada,4
401301033,2021,9,2021-10-28,East Carolina,South Florida,-9.5,-9.0,56.0,57.0,Bovada,4
401301034,2021,9,2021-10-30,Houston,SMU,0.0,-1.0,61.5,62.5,Bovada,4
401301035,2021,10,2021-11-06,East Carolina,Temple,-15.5,-15.0,52.0,55.5,Bovada,4
401301036,2021,10,2021-11-06,UCF,Tulane,-12.0,-13.0,58.5,59.5,Bovada,4
401301037,2021,10,2021-11-06,Cincinnati,Tulsa,-22.5,-23.0,56.0,54.5,Bovada,4
401301038,2021,10,2021-11-06,South Florida,Houston,13.0,13.0,52.0,54.5,Bovada,4
401301039,2021,10,2021-11-06,Memphis,SMU,3.5,6.5,72.0,71.0,Bovada,4
401301040,2021,11,2021-11-12,South Florida,Cincinnati,24.0,23.5,59.0,59.0,Bovada,4
401301041,2021,11,2021-11-13,SMU,UCF,-7.0,-7.5,62.0,59.5,Bovada,4
401301042,2021,11,2021-11-13,Memphis,East Carolina,-4.0,-6.0,59.0,60.0,Bovada,4
401301043,2021,11,2021-11-13,Temple,Houston,26.0,25.5,52.5,55.5,Bovada,4
401301044,2021,11,2021-11-13,Tulane,Tulsa,3.0,3.0,55.5,58.5,Bovada,4
401301045,2021,12,2021-11-19,Houston,Memphis,-9.5,-9.5,60.0,60.5,Bovada,4
401301046,2021,12,2021-11-20,Cincinnati,SMU,-10.0,-12.5,65.0,65.0,Bovada,4
401301047,2021,12,2021-11-20,Navy,East Carolina,3.5,4.0,46.5,46.5,Bovada,4
401301048,2021,12,2021-11-20,Tulane,South Florida,-6.0,-3.5,60.0,61.0,Bovada,4
401301049,2021,12,2021-11-20,Tulsa,Temple,-22.0,-22.0,51.0,50.5,Bovada,4
401301050,2021,13,2021-11-26,UCF,South Florida,-17.5,-18.5,62.0,62.0,Bovada,4
401301051,2021,13,2021-11-26,East Carolina,Cincinnati,14.0,14.0,56.5,58.0,Bovada,4
401301052,2021,13,2021-11-27,UConn,Houston,32.5,32.5,54.5,57.5,Bovada,4
401301053,2021,13,2021-11-27,Memphis,Tulane,-6.0,-5.5,58.0,57.5,Bovada,4
401301054,2021,13,2021-11-27,Temple,Navy,13.5,13.0,42.5,43.5,Bovada,4
401301055,2021,13,2021-11-27,SMU,Tulsa,-6.5,-6.5,62.0,62.5,Bovada,4
401301056,2021,15,2021-12-11,Army,Navy,-7.0,-8.5,35.5,36.0,Bovada,4
401308834,2021,4,2021-09-25,Army,Miami (OH),-8.0,-7.5,49.0,52.0,Bovada,4
401308835,2021,5,2021-10-02,Miami (OH),Central Michigan,1.5,-1.0,56.0,56.0,Bovada,4
401308836,2021,6,2021-10-09,Eastern Michigan,Miami (OH),2.0,1.0,58.5,55.5,Bovada,4
401308837,2021,7,2021-10-16,Miami (OH),Akron,-20.0,-20.0,51.0,52.5,Bovada,4
401308838,2021,8,2021-10-23,Ball State,Miami (OH),-3.5,-6.5,52.5,51.0,Bovada,4
401308839,2021,10,2021-11-02,Ohio,Miami (OH),7.0,7.0,54.5,52.0,Bovada,4
401308840,2021,11,2021-11-09,Miami (OH),Buffalo,-7.0,-7.0,58.0,57.0,Bovada,4
401308841,2021,12,2021-11-16,Miami (OH),Bowling Green,-17.0,-16.0,52.0,50.5,Bovada,4
401308842,2021,13,2021-11-27,Kent State,Miami (OH),1.0,-1.0,67.0,65.0,Bovada,4
401308843,2021,3,2021-09-18,Miami (OH),Long Island University,-39.0,-39.5,55.5,55.0,Bovada,2
401309540,2021,1,2021-09-02,Ball State,Western Illinois,-31.5,-32.5,58.5,59.0,Bovada,3
401309541,2021,1,2021-09-03,Eastern Michigan,Saint Francis,-34.0,,54.5,,consensus,2
401309542,2021,1,2021-09-02,Buffalo,Wagner,-44.0,-43.5,54.5,55.5,Bovada,3
401309543,2021,1,2021-09-04,Toledo,Norfolk State,-39.5,-40.0,56.0,56.0,Bovada,3
401309544,2021,2,2021-09-11,Western Michigan,Illinois State,-12.0,-11.0,56.5,56.5,Bovada,3
401309545,2021,2,2021-09-11,Kent State,VMI,-19.0,-17.5,73.0,69.5,Bovada,3
401309546,2021,2,2021-09-11,Bowling Green,South Alabama,14.0,15.5,47.5,51.0,Bovada,5
401309547,2021,2,2021-09-11,Northern Illinois,Wyoming,7.0,5.5,44.0,46.0,Bovada,5
401309548,2021,2,2021-09-11,Central Michigan,Robert Morris,-37.5,-37.5,53.5,53.5,Bovada,3
401309549,2021,3,2021-09-18,Wyoming,Ball State,-7.0,-6.0,53.0,55.0,Bovada,5
401309550,2021,3,2021-09-18,Akron,Bryant,-13.0,-10.5,50.0,50.0,Bovada,3
401309551,2021,3,2021-09-18,Bowling Green,Murray State,2.5,1.0,45.5,46.0,Bovada,3
401309552,2021,3,2021-09-18,Buffalo,Coastal Carolina,14.0,10.5,58.0,57.5,Bovada,5
401309553,2021,3,2021-09-18,Toledo,Colorado State,-14.5,-14.0,58.5,58.5,Bovada,5
401309554,2021,4,2021-09-25,Western Michigan,San José State,-3.0,-2.5,61.5,63.0,Bovada,4
401309555,2021,4,2021-09-25,Ball State,Toledo,5.0,4.0,56.5,56.5,Bovada,4
401309556,2021,4,2021-09-25,Northern Illinois,Maine,-21.0,-21.0,62.0,62.0,Bovada,3
401309557,2021,4,2021-09-25,Eastern Michigan,Texas State,-7.5,-6.0,62.0,61.0,Bovada,4
401309558,2021,5,2021-10-02,Northern Illinois,Eastern Michigan,0.0,1.0,62.0,62.0,Bovada,4
401309559,2021,5,2021-10-02,Ball State,Army,10.5,6.0,47.5,47.0,Bovada,4
401309560,2021,5,2021-10-02,Akron,Ohio,9.5,9.0,55.0,54.5,Bovada,4
401309561,2021,5,2021-10-02,Buffalo,Western Michigan,7.0,6.0,59.5,59.0,Bovada,4
401309562,2021,5,2021-10-02,Kent State,Bowling Green,-16.5,-16.0,56.0,55.5,Bovada,4
401309563,2021,6,2021-10-09,Western Michigan,Ball State,-12.5,-11.0,57.5,56.5,Bovada,4
401309564,2021,6,2021-10-09,Toledo,Northern Illinois,-13.0,-12.5,51.0,54.5,Bovada,4
401309565,2021,6,2021-10-09,Kent State,Buffalo,-7.0,-5.5,66.0,61.0,Bovada,4
401309566,2021,6,2021-10-09,Bowling Green,Akron,-14.0,-13.0,46.0,45.0,Bovada,4
401309567,2021,6,2021-10-09,Ohio,Central Michigan,5.0,5.0,57.5,55.0,Bovada,4
401309568,2021,7,2021-10-16,Eastern Michigan,Ball State,1.0,2.5,55.0,54.5,Bovada,4
401309569,2021,7,2021-10-16,Central Michigan,Toledo,5.0,6.0,53.0,51.5,Bovada,4
401309570,2021,7,2021-10-16,Northern Illinois,Bowling Green,-9.0,-9.5,45.0,49.0,Bovada,4
401309571,2021,7,2021-10-16,Buffalo,Ohio,-7.5,-10.5,54.5,55.0,Bovada,4
401309572,2021,7,2021-10-16,Western Michigan,Kent State,-6.5,-7.0,68.5,63.0,Bovada,4
401309573,2021,8,2021-10-23,Toledo,Western Michigan,1.5,3.0,54.5,54.5,Bovada,4
401309574,2021,8,2021-10-23,Bowling Green,Eastern Michigan,4.0,3.5,49.5,49.5,Bovada,4
401309575,2021,8,2021-10-23,Akron,Buffalo,12.5,11.0,57.0,57.0,Bovada,4
401309576,2021,8,2021-10-23,Ohio,Kent State,5.0,6.0,68.5,62.5,Bovada,4
401309577,2021,8,2021-10-23,Central Michigan,Northern Illinois,-6.0,-5.0,56.0,58.5,Bovada,4
401309578,2021,9,2021-10-30,Buffalo,Bowling Green,-13.5,-12.5,51.5,53.5,Bovada,4
401309579,2021,10,2021-11-02,Akron,Ball State,20.0,19.5,58.0,57.5,Bovada,4
401309580,2021,10,2021-11-02,Toledo,Eastern Michigan,-9.0,-9.0,54.5,52.5,Bovada,4
401309581,2021,10,2021-11-03,Western Michigan,Central Michigan,-9.0,-10.0,64.5,63.0,Bovada,4
401309582,2021,10,2021-11-03,Kent State,Northern Illinois,-3.5,-5.5,72.0,67.5,Bovada,4
401309583,2021,11,2021-11-09,Eastern Michigan,Ohio,-6.5,-7.5,62.0,60.5,Bovada,4
401309584,2021,11,2021-11-09,Western Michigan,Akron,-24.0,-26.0,62.0,62.0,Bovada,4
401309585,2021,11,2021-11-10,Bowling Green,Toledo,10.5,9.5,50.5,51.5,Bovada,4
401309586,2021,11,2021-11-10,Central Michigan,Kent State,-2.5,-3.0,76.5,72.5,Bovada,4
401309587,2021,11,2021-11-10,Northern Illinois,Ball State,3.0,2.5,59.5,62.0,Bovada,4
401309588,2021,12,2021-11-16,Eastern Michigan,Western Michigan,6.0,5.0,66.0,68.5,Bovada,4
401309589,2021,12,2021-11-16,Ohio,Toledo,7.5,6.0,57.5,54.0,Bovada,4
401309590,2021,12,2021-11-17,Buffalo,Northern Illinois,2.0,2.5,59.0,64.5,Bovada,4
401309591,2021,12,2021-11-17,Ball State,Central Michigan,2.5,-2.5,57.0,62.0,Bovada,4
401309592,2021,12,2021-11-20,Akron,Kent State,14.0,13.0,72.0,74.0,Bovada,4
401309593,2021,13,2021-11-23,Ball State,Buffalo,-6.0,-6.5,59.5,58.5,Bovada,4
401309594,2021,13,2021-11-23,Northern Illinois,Western Michigan,7.0,3.5,58.5,62.5,Bovada,4
401309595,2021,13,2021-11-26,Central Michigan,Eastern Michigan,-8.5,-8.5,63.5,64.0,Bovada,4
401309596,2021,13,2021-11-26,Bowling Green,Ohio,6.5,5.5,48.5,48.5,Bovada,4
401309597,2021,13,2021-11-27,Toledo,Akron,-29.0,-28.0,57.5,57.5,Bovada,4
401309598,2021,1,2021-09-04,Arkansas State,Central Arkansas,-14.0,-13.0,64.5,64.0,Bovada,3
401309600,2021,1,2021-09-04,Georgia Southern,Gardner-Webb,-27.5,,48.0,,William Hill (New Jersey),1
401309601,2021,1,2021-09-04,Georgia State,Army,-2.5,-3.0,49.5,51.5,Bovada,5
401309602,2021,1,2021-09-04,Troy,Southern,-25.0,-25.0,54.0,54.0,Bovada,3
401309603,2021,2,2021-09-11,Louisiana,Nicholls,,,65.0,65.0,Bovada,2
401309604,2021,3,2021-09-18,App State,Elon,-35.0,-35.0,52.0,51.0,Bovada,3
401309605,2021,3,2021-09-18,Washington,Arkansas State,-17.0,-16.5,58.5,58.5,Bovada,5
401309606,2021,3,2021-09-16,Louisiana,Ohio,-19.0,-20.0,56.5,54.5,Bovada,4
401309607,2021,3,2021-09-18,UL Monroe,Jackson State,-4.5,-6.0,52.5,52.5,Bovada,3
401309608,2021,3,2021-09-18,South Alabama,Alcorn State,-21.0,-21.5,44.0,44.0,Bovada,3
401309609,2021,3,2021-09-18,Texas State,Incarnate Word,-11.0,-10.5,66.0,64.5,Bovada,3
401309610,2021,4,2021-09-25,Georgia Southern,Louisiana,14.5,13.5,54.0,53.0,Bovada,4
401309611,2021,4,2021-09-25,UL Monroe,Troy,24.0,23.0,49.5,50.0,Bovada,4
401309612,2021,5,2021-10-02,Georgia State,App State,10.0,9.5,54.0,56.0,Bovada,4
401309613,2021,5,2021-10-02,Georgia Southern,Arkansas State,-2.0,-3.0,66.0,45.5,Bovada,4
401309614,2021,5,2021-10-02,Coastal Carolina,UL Monroe,-34.0,-33.5,57.5,58.5,Bovada,4
401309615,2021,5,2021-10-02,South Alabama,Louisiana,12.0,11.0,53.0,51.0,Bovada,4
401309616,2021,6,2021-10-07,Arkansas State,Coastal Carolina,20.5,17.5,74.5,70.0,Bovada,4
401309617,2021,6,2021-10-09,Troy,Georgia Southern,-5.5,-4.0,51.0,51.0,Bovada,4
401309618,2021,6,2021-10-09,UL Monroe,Georgia State,16.0,14.5,49.5,53.0,Bovada,4
401309619,2021,6,2021-10-09,Texas State,South Alabama,4.0,1.0,52.0,53.0,Bovada,4
401309620,2021,7,2021-10-12,Louisiana,App State,4.5,3.5,58.0,54.5,Bovada,4
401309621,2021,7,2021-10-14,South Alabama,Georgia Southern,-2.5,-3.5,49.5,50.0,Bovada,4
401309622,2021,7,2021-10-16,Texas State,Troy,7.5,6.0,48.5,49.5,Bovada,4
401309623,2021,8,2021-10-20,App State,Coastal Carolina,5.0,3.5,61.0,59.5,Bovada,4
401309624,2021,8,2021-10-21,Arkansas State,Louisiana,18.0,17.0,70.0,67.0,Bovada,4
401309625,2021,8,2021-10-23,Georgia State,Texas State,-10.5,-10.0,58.0,61.0,Bovada,4
401309626,2021,8,2021-10-23,UL Monroe,South Alabama,13.5,13.5,51.0,51.0,Bovada,4
401309627,2021,9,2021-10-28,Coastal Carolina,Troy,-17.0,-18.5,50.5,52.0,Bovada,4
401309628,2021,9,2021-10-30,App State,UL Monroe,-27.0,-27.0,58.0,60.0,Bovada,4
401309629,2021,9,2021-10-30,South Alabama,Arkansas State,-9.0,-10.0,66.0,67.0,Bovada,4
401309630,2021,9,2021-10-30,Georgia Southern,Georgia State,6.0,5.5,55.0,55.0,Bovada,4
401309631,2021,9,2021-10-30,Louisiana,Texas State,-21.0,-20.0,58.0,56.5,Bovada,4
401309632,2021,10,2021-11-04,Louisiana,Georgia State,-13.5,-10.5,54.0,53.0,Bovada,4
401309633,2021,10,2021-11-06,Arkansas State,App State,21.5,20.5,68.0,68.0,Bovada,4
401309634,2021,10,2021-11-06,Georgia Southern,Coastal Carolina,16.0,19.0,56.0,61.5,Bovada,4
401309635,2021,10,2021-11-06,Texas State,UL Monroe,-3.5,-3.5,58.0,60.5,Bovada,4
401309636,2021,10,2021-11-06,Troy,South Alabama,-4.0,-3.0,48.0,48.5,Bovada,4
401309637,2021,11,2021-11-13,App State,South Alabama,-21.5,-23.0,51.5,54.5,Bovada,4
401309638,2021,11,2021-11-13,UL Monroe,Arkansas State,-3.0,-3.0,66.5,68.5,Bovada,4
401309639,2021,11,2021-11-13,Coastal Carolina,Georgia State,-13.0,-9.0,53.0,52.5,Bovada,4
401309640,2021,11,2021-11-13,Texas State,Georgia Southern,-2.0,-2.5,52.5,53.5,Bovada,4
401309641,2021,11,2021-11-13,Troy,Louisiana,6.5,7.5,48.0,47.5,Bovada,4
401309642,2021,12,2021-11-20,Troy,App State,10.0,10.0,51.5,51.5,Bovada,4
401309643,2021,12,2021-11-20,Georgia State,Arkansas State,-16.0,-16.0,66.0,62.5,Bovada,4
401309644,2021,12,2021-11-20,Coastal Carolina,Texas State,-24.5,-21.0,60.0,59.0,Bovada,4
401309645,2021,12,2021-11-20,Georgia Southern,BYU,20.0,20.0,57.5,57.0,Bovada,4
401309646,2021,13,2021-11-27,App State,Georgia Southern,-24.5,-24.5,55.5,55.5,Bovada,4
401309647,2021,13,2021-11-27,Arkansas State,Texas State,-2.0,-2.0,62.0,61.5,Bovada,4
401309648,2021,13,2021-11-26,South Alabama,Coastal Carolina,15.0,14.5,55.0,57.0,Bovada,4
401309649,2021,13,2021-11-27,Georgia State,Troy,-6.5,-6.5,49.5,49.5,Bovada,4
401309650,2021,13,2021-11-27,Louisiana,UL Monroe,-21.5,-21.5,55.5,54.5,Bovada,4
401309753,2021,2,2021-09-11,Ohio,Duquesne,-29.0,-28.5,49.0,49.5,Bovada,3
401309833,2021,1,2021-08-28,UCLA,Hawai'i,-18.0,-14.0,66.5,70.5,Bovada,5
401309834,2021,1,2021-09-02,Utah,Weber State,-29.5,-30.5,49.0,49.0,Bovada,3
401309835,2021,1,2021-09-02,Arizona State,Southern Utah,-45.5,-45.0,56.5,55.0,Bovada,3
401309836,2021,1,2021-09-03,Colorado,Northern Colorado,-37.5,-38.0,57.0,56.0,Bovada,3
401309837,2021,1,2021-09-04,California,Nevada,-3.0,-3.5,52.5,52.5,Bovada,5
401309838,2021,1,2021-09-04,Oregon,Fresno State,-20.0,-20.5,64.0,61.5,Bovada,5
401309839,2021,1,2021-09-04,Washington,Montana,-23.0,-23.0,54.0,54.0,Bovada,3
401309840,2021,1,2021-09-04,Washington State,Utah State,-17.5,-15.5,66.5,64.5,Bovada,5
401309841,2021,1,2021-09-04,Arizona,BYU,12.5,10.0,53.5,54.5,Bovada,5
401309842,2021,1,2021-09-04,USC,San José State,-14.0,-16.5,60.0,59.5,Bovada,5
401309843,2021,2,2021-09-11,USC,Stanford,-17.0,-17.5,53.5,51.0,Bovada,5
401309844,2021,2,2021-09-11,Oregon State,Hawai'i,-11.0,-11.0,65.0,61.0,Bovada,5
401309845,2021,2,2021-09-11,Washington State,Portland State,-31.0,-31.0,66.0,65.0,Bovada,3
401309846,2021,2,2021-09-11,Arizona,San Diego State,-1.5,0.0,47.0,48.0,Bovada,5
401309847,2021,2,2021-09-11,Arizona State,UNLV,-34.0,-33.5,54.5,54.5,Bovada,5
401309848,2021,2,2021-09-11,BYU,Utah,7.0,7.0,49.5,47.0,Bovada,5
401309849,2021,3,2021-09-18,California,Sacramento State,-24.5,-24.5,49.0,49.0,Bovada,3
401309850,2021,3,2021-09-18,Oregon,Stony Brook,-41.5,-40.5,53.5,53.0,Bovada,3
401309851,2021,3,2021-09-18,Oregon State,Idaho,-28.0,-28.0,63.5,64.0,Bovada,1
401309852,2021,3,2021-09-18,Washington State,USC,7.5,9.0,62.0,63.0,Bovada,5
401309853,2021,3,2021-09-18,Arizona,Northern Arizona,-26.5,-24.5,53.5,52.0,Bovada,3
401309854,2021,3,2021-09-18,BYU,Arizona State,3.5,2.5,50.5,50.5,Bovada,5
401309855,2021,3,2021-09-18,UCLA,Fresno State,-11.0,-10.0,63.5,61.0,Bovada,5
401309856,2021,3,2021-09-18,San Diego State,Utah,8.0,7.0,43.0,44.5,Bovada,5
401309857,2021,4,2021-09-25,Washington,California,-7.0,-7.5,47.5,45.5,Bovada,4
401309858,2021,4,2021-09-25,Stanford,UCLA,4.0,3.5,60.0,59.0,Bovada,4
401309859,2021,4,2021-09-25,Oregon,Arizona,-29.5,-28.0,58.0,58.0,Bovada,4
401309860,2021,4,2021-09-25,USC,Oregon State,-11.0,-12.5,62.5,60.5,Bovada,4
401309861,2021,4,2021-09-25,Utah,Washington State,-15.0,-14.0,53.5,55.0,Bovada,4
401309862,2021,4,2021-09-25,Arizona State,Colorado,-14.0,-14.0,46.0,44.0,Bovada,4
401309863,2021,5,2021-10-02,California,Washington State,-7.5,-7.5,52.5,52.5,Bovada,4
401309864,2021,5,2021-10-02,Stanford,Oregon,8.5,7.0,57.5,58.5,Bovada,4
401309865,2021,5,2021-10-02,Oregon State,Washington,-2.0,3.0,57.5,54.5,Bovada,4
401309866,2021,5,2021-10-02,UCLA,Arizona State,-3.0,-3.5,56.0,55.0,Bovada,4
401309867,2021,5,2021-10-02,Colorado,USC,9.0,7.0,51.0,50.5,Bovada,4
401309868,2021,6,2021-10-08,Arizona State,Stanford,-13.5,-10.5,53.5,52.0,Bovada,4
401309869,2021,6,2021-10-09,Washington State,Oregon State,4.0,3.0,59.0,59.0,Bovada,4
401309870,2021,6,2021-10-09,Arizona,UCLA,16.0,16.0,60.5,61.0,Bovada,4
401309871,2021,6,2021-10-09,USC,Utah,-3.0,-3.5,53.0,51.5,Bovada,4
401309872,2021,7,2021-10-15,Oregon,California,-13.5,-15.0,53.5,55.5,Bovada,4
401309873,2021,7,2021-10-16,Washington State,Stanford,-1.0,2.5,53.0,50.5,Bovada,4
401309874,2021,7,2021-10-16,Washington,UCLA,-1.5,-1.0,55.0,55.0,Bovada,4
401309875,2021,7,2021-10-16,Colorado,Arizona,-6.0,-6.0,46.5,43.5,Bovada,4
401309876,2021,7,2021-10-16,Utah,Arizona State,-1.5,1.0,51.0,51.0,Bovada,4
401309877,2021,8,2021-10-22,Arizona,Washington,17.5,16.0,46.0,45.0,Bovada,4
401309878,2021,8,2021-10-23,California,Colorado,-8.0,-10.0,44.0,43.0,Bovada,4
401309879,2021,8,2021-10-23,UCLA,Oregon,-1.0,-1.5,61.5,57.5,Bovada,4
401309880,2021,8,2021-10-23,Oregon State,Utah,3.0,3.5,57.0,56.0,Bovada,4
401309881,2021,8,2021-10-23,Washington State,BYU,4.0,1.0,56.5,53.0,Bovada,4
401309882,2021,9,2021-10-30,California,Oregon State,2.0,1.5,55.5,56.0,Bovada,4
401309883,2021,9,2021-10-30,Stanford,Washington,-3.0,-2.5,46.0,48.0,Bovada,4
401309884,2021,9,2021-10-30,Oregon,Colorado,-24.5,-26.0,49.5,48.5,Bovada,4
401309885,2021,9,2021-10-30,Arizona State,Washington State,-16.0,-15.0,54.0,51.5,Bovada,4
401309886,2021,9,2021-10-30,USC,Arizona,-21.5,-20.5,55.0,56.5,Bovada,4
401309887,2021,9,2021-10-30,Utah,UCLA,-6.5,-4.5,60.5,61.0,Bovada,4
401309888,2021,10,2021-11-05,Stanford,Utah,10.0,6.5,52.0,52.5,Bovada,4
401309889,2021,10,2021-11-06,Arizona,California,8.5,12.0,49.0,50.5,Bovada,4
401309890,2021,10,2021-11-06,Washington,Oregon,7.0,6.5,48.0,50.5,Bovada,4
401309891,2021,10,2021-11-06,Colorado,Oregon State,11.5,10.5,55.0,54.0,Bovada,4
401309892,2021,10,2021-11-06,Arizona State,USC,-10.0,-8.0,61.0,59.0,Bovada,4
401309894,2021,11,2021-11-13,Oregon State,Stanford,-13.0,-10.0,56.0,56.0,Bovada,4
401309895,2021,11,2021-11-13,Oregon,Washington State,-13.0,-13.5,57.5,56.5,Bovada,4
401309896,2021,11,2021-11-13,Arizona,Utah,24.5,24.0,54.5,54.0,Bovada,4
401309897,2021,11,2021-11-13,Washington,Arizona State,6.0,5.0,45.5,43.5,Bovada,4
401309898,2021,11,2021-11-13,UCLA,Colorado,-18.0,-15.0,57.5,58.0,Bovada,4
401309899,2021,12,2021-11-19,Washington State,Arizona,-15.0,-15.0,52.5,52.5,Bovada,4
401309900,2021,12,2021-11-20,Stanford,California,2.5,3.5,45.5,43.5,Bovada,4
401309901,2021,12,2021-11-20,Utah,Oregon,-3.0,-3.0,58.5,59.0,Bovada,4
401309902,2021,12,2021-11-20,Oregon State,Arizona State,3.0,2.5,58.5,60.0,Bovada,4
401309903,2021,12,2021-11-20,Colorado,Washington,6.5,5.5,43.0,43.0,Bovada,4
401309904,2021,12,2021-11-20,USC,UCLA,3.5,3.0,65.5,65.0,Bovada,4
401309905,2021,13,2021-11-26,Washington,Washington State,1.0,1.5,45.0,43.5,Bovada,4
401309906,2021,13,2021-11-26,Utah,Colorado,-24.0,-24.0,52.0,52.5,Bovada,4
401309907,2021,13,2021-11-27,UCLA,California,-6.5,-7.0,58.5,57.5,Bovada,4
401309908,2021,13,2021-11-27,Oregon,Oregon State,-7.0,-7.0,61.0,61.5,Bovada,4
401309909,2021,13,2021-11-27,Arizona State,Arizona,-20.0,-20.0,53.0,52.0,Bovada,4
401309910,2021,13,2021-11-27,USC,BYU,7.0,7.0,65.0,64.5,Bovada,4
401309912,2021,5,2021-10-01,Utah State,BYU,9.0,8.5,66.0,58.0,Bovada,4
401309913,2021,6,2021-10-09,BYU,Boise State,-6.5,-3.5,57.5,56.0,Bovada,4
401309914,2021,10,2021-11-06,BYU,Idaho State,-36.0,-36.0,55.0,54.0,Bovada,3
401309937,2021,1,2021-09-03,Virginia Tech,North Carolina,6.0,5.5,63.5,66.0,Bovada,5
401310253,2021,10,2021-11-06,Air Force,Army,-2.5,-3.0,37.5,37.5,Bovada,4
401310254,2021,11,2021-11-13,Army,Bucknell,-51.0,-51.0,58.5,58.5,Bovada,3
401310676,2021,14,2021-12-04,San Diego State,Utah State,-6.0,-4.0,49.5,50.5,Bovada,4
401310693,2021,1,2021-08-28,San José State,Southern Utah,-28.5,-22.5,57.5,56.5,Bovada,3
401310694,2021,1,2021-09-02,UNLV,Eastern Washington,2.0,-1.0,66.0,67.0,Bovada,3
401310695,2021,1,2021-09-03,Colorado State,South Dakota State,-2.5,-3.0,50.5,52.0,Bovada,3
401310696,2021,1,2021-09-02,New Mexico,Houston Christian,-25.5,-24.5,66.5,66.5,Bovada,3
401310697,2021,1,2021-09-04,Wyoming,Montana State,-19.0,-19.0,45.0,45.0,Bovada,3
401310698,2021,1,2021-09-04,Hawai'i,Portland State,-26.0,-24.5,57.5,57.5,Bovada,1
401310699,2021,1,2021-09-04,San Diego State,New Mexico State,-31.0,-28.5,50.5,50.0,Bovada,5
401310700,2021,2,2021-09-11,New Mexico,New Mexico State,-19.5,-18.5,56.0,53.0,Bovada,5
401310701,2021,2,2021-09-10,Utah State,North Dakota,-6.5,-7.0,54.0,53.5,Bovada,3
401310702,2021,2,2021-09-11,Fresno State,Cal Poly,-31.5,-31.5,58.0,58.0,Bovada,3
401310703,2021,2,2021-09-11,Nevada,Idaho State,-34.0,-35.0,54.0,54.0,Bovada,3
401310704,2021,3,2021-09-18,Air Force,Utah State,-9.0,-9.0,54.0,51.5,Bovada,5
401310705,2021,3,2021-09-19,Hawai'i,San José State,7.0,7.0,62.0,59.5,Bovada,5
401310706,2021,4,2021-09-25,Utah State,Boise State,9.5,9.0,70.0,63.5,Bovada,4
401310707,2021,4,2021-09-24,Fresno State,UNLV,-30.0,-31.0,58.5,57.5,Bovada,4
401310708,2021,4,2021-09-25,New Mexico State,Hawai'i,17.0,17.0,63.0,57.5,Bovada,4
401310709,2021,4,2021-09-25,San Diego State,Towson,-23.0,-23.0,41.0,41.5,Bovada,3
401310710,2021,5,2021-10-02,New Mexico,Air Force,11.5,10.5,45.5,48.5,Bovada,4
401310711,2021,5,2021-10-02,Boise State,Nevada,-4.5,-6.5,59.0,56.0,Bovada,4
401310712,2021,5,2021-10-02,Hawai'i,Fresno State,11.0,10.0,64.0,63.0,Bovada,4
401310713,2021,5,2021-10-02,San José State,New Mexico State,-25.5,-27.5,51.5,51.5,Bovada,4
401310714,2021,6,2021-10-09,Air Force,Wyoming,-5.5,-4.0,46.0,49.0,Bovada,4
401310715,2021,6,2021-10-09,Colorado State,San José State,-3.5,-1.0,44.5,45.5,Bovada,4
401310716,2021,6,2021-10-09,San Diego State,New Mexico,-19.5,-19.0,42.5,44.5,Bovada,4
401310717,2021,6,2021-10-09,Nevada,New Mexico State,-28.0,-33.5,64.0,61.5,Bovada,4
401310718,2021,7,2021-10-16,Boise State,Air Force,-3.5,-6.0,52.0,50.5,Bovada,4
401310719,2021,7,2021-10-16,New Mexico,Colorado State,11.5,9.5,45.5,44.0,Bovada,4
401310720,2021,7,2021-10-16,UNLV,Utah State,7.0,7.5,64.0,57.5,Bovada,4
401310721,2021,7,2021-10-16,Wyoming,Fresno State,3.0,3.5,53.5,56.0,Bovada,4
401310722,2021,7,2021-10-16,Nevada,Hawai'i,-14.5,-16.0,61.5,59.5,Bovada,4
401310723,2021,7,2021-10-15,San José State,San Diego State,10.0,8.0,41.0,43.0,Bovada,4
401310724,2021,8,2021-10-23,Air Force,San Diego State,-2.5,-4.5,39.0,41.0,Bovada,4
401310725,2021,8,2021-10-22,Utah State,Colorado State,3.0,2.5,58.5,55.0,Bovada,4
401310726,2021,8,2021-10-23,Wyoming,New Mexico,-20.0,-19.0,41.0,40.0,Bovada,4
401310727,2021,8,2021-10-23,Fresno State,Nevada,-3.5,-4.0,64.0,61.0,Bovada,4
401310728,2021,8,2021-10-23,Hawai'i,New Mexico State,-19.0,-18.0,63.0,60.0,Bovada,2
401310729,2021,8,2021-10-21,UNLV,San José State,5.5,4.5,44.0,46.5,Bovada,4
401310730,2021,9,2021-10-30,Colorado State,Boise State,2.5,2.5,51.5,51.0,Bovada,4
401310731,2021,9,2021-10-30,Utah State,Hawai'i,-5.0,-6.5,66.0,66.5,Bovada,4
401310732,2021,9,2021-10-30,San José State,Wyoming,-3.0,-3.5,40.5,40.0,Bovada,4
401310733,2021,9,2021-10-30,San Diego State,Fresno State,1.5,-1.0,44.5,46.5,Bovada,4
401310734,2021,9,2021-10-29,Nevada,UNLV,-19.0,-20.5,58.0,59.0,Bovada,4
401310735,2021,10,2021-11-06,Fresno State,Boise State,-5.0,-5.5,61.0,58.0,Bovada,4
401310736,2021,10,2021-11-06,Wyoming,Colorado State,3.5,3.5,41.0,40.0,Bovada,4
401310737,2021,10,2021-11-06,New Mexico,UNLV,-1.5,-1.0,45.0,45.0,Bovada,4
401310738,2021,10,2021-11-06,New Mexico State,Utah State,18.5,17.0,72.0,70.0,Bovada,4
401310739,2021,10,2021-11-06,Hawai'i,San Diego State,7.0,7.5,45.0,46.5,Bovada,4
401310740,2021,10,2021-11-06,Nevada,San José State,-11.0,-10.0,55.5,55.0,Bovada,4
401310741,2021,11,2021-11-13,Colorado State,Air Force,2.5,2.5,45.0,45.5,Bovada,4
401310742,2021,11,2021-11-12,Boise State,Wyoming,-14.0,-14.5,48.5,48.0,Bovada,4
401310743,2021,11,2021-11-13,Fresno State,New Mexico,-24.5,-24.5,51.0,50.5,Bovada,4
401310744,2021,11,2021-11-13,San José State,Utah State,-4.5,-4.5,57.5,56.5,Bovada,4
401310745,2021,11,2021-11-13,UNLV,Hawai'i,3.5,1.5,55.5,57.0,Bovada,4
401310746,2021,11,2021-11-13,San Diego State,Nevada,-3.0,0.0,45.0,46.0,Bovada,4
401310747,2021,12,2021-11-19,Nevada,Air Force,2.0,-1.5,54.0,52.5,Bovada,4
401310748,2021,12,2021-11-20,Boise State,New Mexico,-27.0,-27.5,48.0,48.0,Bovada,4
401310749,2021,12,2021-11-20,Hawai'i,Colorado State,3.0,2.0,54.0,54.5,Bovada,4
401310750,2021,12,2021-11-20,Utah State,Wyoming,-6.0,-6.5,52.0,53.0,Bovada,4
401310751,2021,12,2021-11-19,UNLV,San Diego State,11.0,12.0,41.0,41.0,Bovada,4
401310752,2021,13,2021-11-26,Air Force,UNLV,-18.0,-18.0,49.5,49.5,Bovada,4
401310753,2021,13,2021-11-26,San Diego State,Boise State,3.5,3.0,44.5,44.0,Bovada,4
401310754,2021,13,2021-11-27,Colorado State,Nevada,3.0,6.0,57.5,55.5,Bovada,4
401310755,2021,13,2021-11-26,New Mexico,Utah State,17.0,15.5,48.0,49.5,Bovada,4
401310756,2021,13,2021-11-27,Wyoming,Hawai'i,-11.5,-10.0,48.0,47.5,Bovada,4
401310757,2021,13,2021-11-25,San José State,Fresno State,7.0,7.5,52.5,52.5,Bovada,4
401310861,2021,1,2021-09-04,Air Force,Lafayette,-41.0,-41.0,49.5,50.0,Bovada,3
401319455,2021,3,2021-09-18,New Mexico State,South Carolina State,-1.0,-1.0,54.5,55.0,Bovada,3
401327913,2021,1,2021-09-04,Nebraska,Fordham,-41.5,-43.5,55.0,55.0,Bovada,3
401328545,2021,1,2021-09-02,Coastal Carolina,The Citadel,-33.5,-35.0,54.5,57.0,Bovada,3
401331159,2021,14,2021-12-03,Utah,Oregon,-3.0,-3.0,57.5,60.0,Bovada,4
401331160,2021,14,2021-12-04,Northern Illinois,Kent State,4.0,2.0,75.5,72.0,Bovada,4
401331161,2021,14,2021-12-04,Louisiana,App State,2.5,2.0,52.0,52.5,Bovada,4
401331162,2021,14,2021-12-04,Cincinnati,Houston,-10.5,-10.0,52.5,55.5,Bovada,4
401331163,2021,14,2021-12-04,Wake Forest,Pittsburgh,3.5,3.0,73.0,72.0,Bovada,4
401331447,2021,14,2021-12-04,Iowa,Michigan,-12.0,-10.5,44.0,44.0,Bovada,4
401387250,2021,14,2021-12-04,California,USC,-4.5,-2.5,57.5,57.5,Bovada,3
401331164,2021,1,2021-12-17,Toledo,Middle Tennessee,-10.0,-9.5,50.0,53.0,Bovada,4
401331165,2021,1,2021-12-17,Coastal Carolina,Northern Illinois,-11.0,-9.5,63.0,63.5,Bovada,4
401331166,2021,1,2021-12-18,App State,Western Kentucky,-3.0,-2.5,67.0,67.5,Bovada,4
401331167,2021,1,2021-12-18,Fresno State,UTEP,-11.5,-13.0,51.5,51.0,Bovada,4
401331168,2021,1,2021-12-18,BYU,UAB,-7.0,-8.0,54.5,55.0,Bovada,4
401331169,2021,1,2021-12-18,Liberty,Eastern Michigan,-9.5,-8.0,58.5,57.5,Bovada,4
401331170,2021,1,2021-12-18,Oregon State,Utah State,-7.0,-7.5,68.0,64.5,Bovada,4
401331171,2021,1,2021-12-18,Marshall,Louisiana,4.0,5.0,55.5,51.5,Bovada,4
401331172,2021,1,2021-12-20,Tulsa,Old Dominion,-7.5,-7.5,55.0,51.0,Bovada,4
401331213,2021,1,2021-12-21,Wyoming,Kent State,-3.0,-3.5,61.0,58.5,Bovada,4
401331214,2021,1,2021-12-21,San Diego State,UTSA,-3.0,2.5,48.0,50.0,Bovada,4
401331215,2021,1,2021-12-22,Army,Missouri,-7.0,-3.0,54.0,60.5,Bovada,4
401331216,2021,1,2021-12-23,Florida,UCF,-7.0,-7.0,56.0,56.5,Bovada,4
401331218,2021,1,2021-12-25,Ball State,Georgia State,6.0,3.5,52.5,49.5,Bovada,4
401331219,2021,1,2021-12-27,Nevada,Western Michigan,7.0,-6.5,56.0,66.0,Bovada,4
401331221,2021,1,2021-12-28,Auburn,Houston,-2.0,-3.0,51.5,51.5,Bovada,4
401331222,2021,1,2021-12-28,Louisville,Air Force,1.0,1.0,55.0,55.5,Bovada,4
401331223,2021,1,2021-12-28,Texas Tech,Mississippi State,10.0,9.5,58.5,59.5,Bovada,4
401331224,2021,1,2021-12-28,Minnesota,West Virginia,-5.0,-7.0,44.5,44.5,Bovada,4
401331226,2021,1,2021-12-29,Virginia Tech,Maryland,4.0,-2.5,55.0,53.5,Bovada,4
401331227,2021,1,2021-12-29,Iowa State,Clemson,1.5,1.0,44.0,44.5,Bovada,4
401331228,2021,1,2021-12-29,Oklahoma,Oregon,-7.0,-4.0,64.0,63.0,Bovada,4
401331229,2021,1,2021-12-30,South Carolina,North Carolina,12.5,5.0,57.5,58.5,Bovada,4
401331230,2021,1,2021-12-30,Purdue,Tennessee,8.0,-3.0,67.0,58.5,Bovada,4
401331231,2021,1,2021-12-30,Michigan State,Pittsburgh,-3.5,4.0,55.0,63.0,Bovada,4
401331232,2021,1,2021-12-30,Arizona State,Wisconsin,8.5,7.0,42.5,43.0,Bovada,4
401331233,2021,1,2021-12-31,Rutgers,Wake Forest,17.0,-5.5,63.0,58.5,Bovada,4
401331234,2021,1,2021-12-31,Michigan,Georgia,7.5,7.5,47.0,43.5,Bovada,4
401331235,2021,1,2021-12-31,Alabama,Cincinnati,-13.0,-14.0,57.5,58.5,Bovada,4
401331236,2021,1,2022-01-01,Arkansas,Penn State,-3.5,3.0,51.0,46.0,Bovada,4
401331237,2021,1,2022-01-01,Kentucky,Iowa,-3.0,-1.0,43.5,45.0,Bovada,4
401331238,2021,1,2022-01-01,Notre Dame,Oklahoma State,1.5,-2.5,45.5,45.0,Bovada,4
401331239,2021,1,2022-01-01,Ohio State,Utah,-4.5,-7.0,64.5,67.0,Bovada,4
401331240,2021,1,2022-01-01,Ole Miss,Baylor,-1.0,1.0,60.5,52.0,Bovada,4
401331241,2021,1,2022-01-04,Kansas State,LSU,-9.5,2.5,47.0,46.5,Bovada,4
401331242,2021,1,2022-01-10,Alabama,Georgia,3.0,3.0,53.5,52.0,Bovada,4
401331654,2021,1,2021-12-31,Central Michigan,Washington State,5.5,6.5,56.0,57.0,Bovada,4
401391158,2021,1,2021-12-23,Miami (OH),North Texas,-2.0,-4.5,56.5,52.5,Bovada,4
401403853,2022,1,2022-08-27,Hawai'i,Vanderbilt,9.5,4.5,54.5,55.0,Bovada,4
401403854,2022,1,2022-09-03,Alabama,Utah State,-42.5,-34.0,63.0,62.5,Bovada,4
401403855,2022,1,2022-09-03,Arkansas,Cincinnati,-7.0,-7.5,54.5,54.0,Bovada,4
401403856,2022,1,2022-09-03,Auburn,Mercer,-30.0,-29.0,51.5,50.0,Bovada,3
401403857,2022,1,2022-09-03,Florida,Utah,2.5,0.0,51.5,52.5,Bovada,4
401403858,2022,1,2022-09-03,Georgia,Oregon,-16.0,-17.0,54.0,51.0,Bovada,4
401403859,2022,1,2022-09-03,Kentucky,Miami (OH),-16.0,-21.0,55.0,49.5,Bovada,4
401403860,2022,1,2022-09-03,Ole Miss,Troy,-21.0,-21.0,57.0,61.0,Bovada,4
401403861,2022,1,2022-09-03,Mississippi State,Memphis,-17.0,-13.5,58.0,56.5,Bovada,4
401403863,2022,1,2022-09-03,South Carolina,Georgia State,-12.5,-11.0,54.5,56.0,Bovada,4
401403864,2022,1,2022-09-01,Tennessee,Ball State,-37.0,-28.0,66.0,68.0,Bovada,4
401403865,2022,1,2022-09-03,Texas A&M,Sam Houston,-38.0,-33.0,55.5,53.5,Bovada,3
401403866,2022,1,2022-09-03,Vanderbilt,Elon,-20.0,-18.0,51.0,51.0,Bovada,3
401403867,2022,1,2022-09-04,Florida State,LSU,4.5,3.0,51.0,51.5,Bovada,1
401403868,2022,2,2022-09-10,Texas,Alabama,21.5,19.5,64.5,61.5,Bovada,4
401403869,2022,2,2022-09-10,Arkansas,South Carolina,-9.5,-9.0,56.5,53.0,Bovada,4
401403870,2022,2,2022-09-10,Auburn,San José State,-24.0,-23.0,48.5,51.5,Bovada,4
401403871,2022,2,2022-09-10,Florida,Kentucky,-6.0,-4.5,53.0,51.5,Bovada,4
401403872,2022,2,2022-09-10,Georgia,Samford,-53.0,,62.5,,consensus,2
401403873,2022,2,2022-09-10,LSU,Southern,-44.5,,58.0,,consensus,2
401403874,2022,2,2022-09-10,Ole Miss,Central Arkansas,-36.5,,61.0,,consensus,2
401403875,2022,2,2022-09-10,Arizona,Mississippi State,13.0,8.5,58.5,61.0,Bovada,4
401403876,2022,2,2022-09-10,Kansas State,Missouri,-7.0,-8.5,52.5,55.5,Bovada,4
401403877,2022,2,2022-09-10,Pittsburgh,Tennessee,6.0,6.0,63.0,65.0,Bovada,4
401403878,2022,2,2022-09-10,Texas A&M,App State,-18.0,-16.5,54.0,54.0,Bovada,4
401403879,2022,2,2022-09-10,Vanderbilt,Wake Forest,14.0,6.5,65.5,61.5,Bovada,4
401403880,2022,3,2022-09-17,Alabama,UL Monroe,-49.5,-50.0,61.5,60.0,Bovada,4
401403881,2022,3,2022-09-17,Arkansas,Missouri State,-26.0,,60.0,,consensus,2
401403882,2022,3,2022-09-17,Auburn,Penn State,2.0,3.0,47.5,48.5,Bovada,4
401403883,2022,3,2022-09-17,Florida,South Florida,-23.5,-24.5,58.0,59.0,Bovada,4
401403884,2022,3,2022-09-17,Kentucky,Youngstown State,-30.0,-30.0,49.5,49.5,Bovada,3
401403885,2022,3,2022-09-17,LSU,Mississippi State,3.0,2.5,53.0,54.0,Bovada,4
401403886,2022,3,2022-09-17,Georgia Tech,Ole Miss,17.5,14.5,62.5,60.0,Bovada,4
401403887,2022,3,2022-09-17,Missouri,Abilene Christian,-31.5,-31.5,56.5,56.5,Bovada,3
401403888,2022,3,2022-09-17,South Carolina,Georgia,25.5,24.5,56.0,50.5,Bovada,4
401403889,2022,3,2022-09-17,Tennessee,Akron,-47.5,-47.5,67.0,65.5,Bovada,4
401403890,2022,3,2022-09-17,Texas A&M,Miami,-6.5,-6.0,45.5,48.5,Bovada,4
401403891,2022,3,2022-09-17,Northern Illinois,Vanderbilt,-2.5,-1.5,58.5,61.5,Bovada,4
401403892,2022,4,2022-09-24,Alabama,Vanderbilt,-40.5,-40.0,61.0,59.0,Bovada,4
401403893,2022,4,2022-09-24,Texas A&M,Arkansas,-1.0,-2.0,51.0,48.0,Bovada,4
401403894,2022,4,2022-09-24,Auburn,Missouri,-7.5,-6.5,51.0,51.5,Bovada,4
401403895,2022,4,2022-09-24,Georgia,Kent State,-46.0,-42.0,61.0,60.0,Bovada,4
401403896,2022,4,2022-09-24,Kentucky,Northern Illinois,-27.5,-25.0,53.0,53.0,Bovada,4
401403897,2022,4,2022-09-24,LSU,New Mexico,-31.5,-29.0,44.0,47.0,Bovada,4
401403898,2022,4,2022-09-24,Ole Miss,Tulsa,-21.0,-20.5,66.5,62.5,Bovada,4
401403899,2022,4,2022-09-24,Mississippi State,Bowling Green,-31.0,-29.0,53.0,56.5,Bovada,4
401403901,2022,4,2022-09-24,Tennessee,Florida,-11.5,-9.5,62.0,63.5,Bovada,4
401403902,2022,5,2022-10-01,Arkansas,Alabama,17.0,16.0,61.0,61.5,Bovada,4
401403903,2022,5,2022-10-01,Auburn,LSU,8.0,7.5,44.5,45.5,Bovada,4
401403904,2022,5,2022-10-02,Florida,Eastern Washington,-32.0,-32.0,69.0,71.5,Bovada,3
401403905,2022,5,2022-10-01,Ole Miss,Kentucky,-6.0,-6.0,55.0,55.5,Bovada,4
401403906,2022,5,2022-10-01,Mississippi State,Texas A&M,-4.0,-2.5,45.0,46.0,Bovada,4
401403907,2022,5,2022-10-01,Missouri,Georgia,31.5,27.5,54.5,55.5,Bovada,4
401403908,2022,5,2022-09-29,South Carolina,South Carolina State,-40.5,,57.0,,consensus,2
401403909,2022,6,2022-10-08,Alabama,Texas A&M,-24.0,-24.0,48.5,52.0,Bovada,4
401403910,2022,6,2022-10-08,Florida,Missouri,-11.0,-10.0,53.5,54.0,Bovada,4
401403911,2022,6,2022-10-08,Georgia,Auburn,-27.5,-28.5,49.5,49.0,Bovada,4
401403912,2022,6,2022-10-08,Kentucky,South Carolina,-4.5,-10.5,44.0,48.5,Bovada,4
401403913,2022,6,2022-10-08,LSU,Tennessee,2.5,3.0,63.0,62.0,Bovada,4
401403914,2022,6,2022-10-08,Mississippi State,Arkansas,-8.5,-6.0,55.5,62.0,Bovada,4
401403915,2022,6,2022-10-08,Vanderbilt,Ole Miss,17.0,18.5,60.0,60.0,Bovada,4
401403916,2022,7,2022-10-15,BYU,Arkansas,0.0,-3.0,67.0,59.5,Bovada,4
401403917,2022,7,2022-10-15,Florida,LSU,-2.0,-3.0,51.5,51.5,Bovada,4
401403918,2022,7,2022-10-15,Georgia,Vanderbilt,-37.5,-38.0,56.5,57.0,Bovada,4
401403919,2022,7,2022-10-15,Kentucky,Mississippi State,3.5,6.0,50.5,47.0,Bovada,4
401403920,2022,7,2022-10-15,Ole Miss,Auburn,-15.5,-15.5,55.0,54.5,Bovada,4
401403921,2022,7,2022-10-15,Tennessee,Alabama,9.0,7.0,68.0,65.5,Bovada,4
401403922,2022,8,2022-10-22,Alabama,Mississippi State,-21.5,-21.5,61.5,62.0,Bovada,4
401403923,2022,8,2022-10-22,LSU,Ole Miss,0.0,1.5,64.0,64.0,Bovada,4
401403924,2022,8,2022-10-22,Missouri,Vanderbilt,-14.0,-15.0,49.0,56.0,Bovada,4
401403925,2022,8,2022-10-22,South Carolina,Texas A&M,3.0,3.5,44.5,46.5,Bovada,4
401403926,2022,8,2022-10-22,Tennessee,UT Martin,-38.5,,71.5,,consensus,2
401403927,2022,9,2022-10-29,Auburn,Arkansas,4.0,4.0,60.0,60.5,Bovada,4
401403928,2022,9,2022-10-29,Georgia,Florida,-23.0,-22.0,56.5,57.0,Bovada,4
401403929,2022,9,2022-10-29,South Carolina,Missouri,-3.5,-6.0,45.0,47.5,Bovada,4
401403930,2022,9,2022-10-29,Tennessee,Kentucky,-10.5,-13.0,63.0,63.0,Bovada,4
401403931,2022,9,2022-10-29,Texas A&M,Ole Miss,3.0,3.0,55.0,53.5,Bovada,4
401403932,2022,10,2022-11-05,Arkansas,Liberty,-14.5,-14.0,61.0,64.5,Bovada,4
401403933,2022,10,2022-11-05,Georgia,Tennessee,-9.0,-8.5,65.0,65.5,Bovada,4
401403934,2022,10,2022-11-05,LSU,Alabama,13.5,13.0,57.0,58.0,Bovada,4
401403935,2022,10,2022-11-05,Mississippi State,Auburn,-12.5,-11.0,50.5,52.5,Bovada,4
401403936,2022,10,2022-11-05,Missouri,Kentucky,0.0,2.5,40.0,43.5,Bovada,4
401403937,2022,10,2022-11-05,Texas A&M,Florida,-1.5,-3.0,53.5,54.5,Bovada,4
401403938,2022,10,2022-11-05,Vanderbilt,South Carolina,6.5,7.0,49.0,49.5,Bovada,4
401403939,2022,11,2022-11-12,Arkansas,LSU,5.5,3.0,58.0,62.0,Bovada,4
401403940,2022,11,2022-11-12,Auburn,Texas A&M,-1.5,-1.5,48.5,49.5,Bovada,4
401403941,2022,11,2022-11-12,Florida,South Carolina,-8.0,-8.0,58.0,59.0,Bovada,4
401403942,2022,11,2022-11-12,Kentucky,Vanderbilt,-17.0,-17.5,45.5,50.0,Bovada,4
401403943,2022,11,2022-11-12,Ole Miss,Alabama,10.5,12.0,65.5,63.5,Bovada,4
401403944,2022,11,2022-11-12,Mississippi State,Georgia,16.0,16.5,53.0,53.5,Bovada,4
401403945,2022,11,2022-11-12,Tennessee,Missouri,-19.0,-21.0,57.5,56.5,Bovada,4
401403946,2022,12,2022-11-19,Alabama,Austin Peay,-45.0,,58.0,,consensus,2
401403947,2022,12,2022-11-19,Arkansas,Ole Miss,0.0,3.0,68.0,59.0,Bovada,4
401403949,2022,12,2022-11-19,Kentucky,Georgia,22.5,22.5,47.0,49.0,Bovada,4
401403951,2022,12,2022-11-19,Mississippi State,East Tennessee State,-39.0,,62.5,,consensus,2
401403952,2022,12,2022-11-19,Missouri,New Mexico State,-29.0,-27.5,46.5,47.0,Bovada,4
401403953,2022,12,2022-11-19,South Carolina,Tennessee,23.0,21.0,67.0,66.5,Bovada,4
401403954,2022,12,2022-11-19,Texas A&M,Massachusetts,-32.0,-34.0,46.0,50.0,Bovada,4
401403955,2022,12,2022-11-19,Vanderbilt,Florida,14.0,14.5,58.5,57.5,Bovada,4
401403956,2022,13,2022-11-24,Ole Miss,Mississippi State,-2.5,-2.0,63.0,63.0,Bovada,4
401403957,2022,13,2022-11-26,Alabama,Auburn,-21.5,-22.0,51.0,49.5,Bovada,4
401403958,2022,13,2022-11-25,Florida State,Florida,-10.0,-10.0,58.0,58.5,Bovada,4
401403959,2022,13,2022-11-26,Georgia,Georgia Tech,-36.5,-36.5,49.0,49.0,Bovada,4
401403960,2022,13,2022-11-26,Kentucky,Louisville,-3.5,-3.5,42.5,42.5,Bovada,4
401403961,2022,13,2022-11-25,Missouri,Arkansas,3.0,3.0,55.5,55.0,Bovada,4
401403962,2022,13,2022-11-26,Clemson,South Carolina,-14.0,-14.0,53.5,50.5,Bovada,4
401403963,2022,13,2022-11-26,Texas A&M,LSU,10.0,10.0,47.5,46.5,Bovada,4
401403964,2022,13,2022-11-26,Vanderbilt,Tennessee,14.0,,64.0,66.0,Bovada,4
401403965,2022,1,2022-09-01,Arizona State,Northern Arizona,-25.5,-27.5,52.5,52.0,Bovada,3
401403966,2022,1,2022-09-02,Colorado,TCU,14.0,8.0,59.5,54.5,Bovada,4
401403967,2022,1,2022-09-03,San Diego State,Arizona,-6.5,-7.0,46.5,49.5,Bovada,4
401403968,2022,1,2022-09-03,California,UC Davis,-14.0,-13.5,44.0,44.0,Bovada,3
401403969,2022,1,2022-09-03,Oregon State,Boise State,-1.5,-2.0,55.5,60.5,Bovada,4
401403970,2022,1,2022-09-03,Stanford,Colgate,-39.0,-40.0,52.0,51.0,Bovada,3
401403971,2022,1,2022-09-03,UCLA,Bowling Green,-24.0,-30.0,56.0,55.5,Bovada,4
401403973,2022,1,2022-09-03,Washington,Kent State,-24.0,-23.0,61.5,63.0,Bovada,4
401403974,2022,1,2022-09-03,Washington State,Idaho,-29.0,-28.0,63.5,61.5,Bovada,3
401403975,2022,2,2022-09-10,Oklahoma State,Arizona State,-12.0,-10.0,58.5,54.0,Bovada,4
401403976,2022,2,2022-09-10,California,UNLV,-12.5,-13.0,49.5,50.5,Bovada,4
401403977,2022,2,2022-09-10,Air Force,Colorado,-17.5,-16.0,50.0,45.5,Bovada,4
401403978,2022,2,2022-09-10,Oregon,Eastern Washington,-27.5,,69.5,,consensus,2
401403979,2022,2,2022-09-10,Fresno State,Oregon State,-1.0,-1.0,59.0,60.5,Bovada,4
401403980,2022,2,2022-09-10,Stanford,USC,9.5,10.0,67.0,65.0,Bovada,4
401403981,2022,2,2022-09-10,UCLA,Alabama State,-48.5,,61.5,,consensus,2
401403982,2022,2,2022-09-10,Utah,Southern Utah,-45.5,,58.5,,consensus,2
401403983,2022,2,2022-09-10,Washington,Portland State,-31.0,,55.0,,consensus,2
401403984,2022,2,2022-09-10,Wisconsin,Washington State,-17.5,-17.0,49.0,46.5,Bovada,4
401403985,2022,3,2022-09-17,Arizona,North Dakota State,3.0,,49.0,,consensus,2
401403986,2022,3,2022-09-17,Arizona State,Eastern Michigan,-20.5,-19.5,56.5,57.5,Bovada,4
401403987,2022,3,2022-09-17,Notre Dame,California,-13.5,-12.5,41.0,43.0,Bovada,4
401403988,2022,3,2022-09-17,Minnesota,Colorado,-28.0,-27.0,47.5,46.5,Bovada,4
401403989,2022,3,2022-09-17,Oregon,BYU,-4.0,-4.0,58.0,56.5,Bovada,4
401403990,2022,3,2022-09-17,Oregon State,Montana State,-16.5,,56.5,,consensus,2
401403991,2022,3,2022-09-17,UCLA,South Alabama,-15.5,-14.0,59.0,59.0,Bovada,4
401403992,2022,3,2022-09-17,USC,Fresno State,-12.0,-13.0,71.5,71.0,Bovada,4
401403993,2022,3,2022-09-17,Utah,San Diego State,-22.5,-21.0,48.5,49.5,Bovada,4
401403994,2022,3,2022-09-17,Washington,Michigan State,-3.5,-1.0,56.5,55.0,Bovada,4
401403995,2022,3,2022-09-17,Washington State,Colorado State,-17.0,-16.5,52.0,53.0,Bovada,4
401403996,2022,4,2022-09-24,California,Arizona,-3.5,-4.0,50.5,48.0,Bovada,4
401403997,2022,4,2022-09-24,Arizona State,Utah,17.0,16.0,53.5,52.0,Bovada,4
401403998,2022,4,2022-09-24,Colorado,UCLA,22.5,21.0,57.0,58.0,Bovada,4
401403999,2022,4,2022-09-24,Washington State,Oregon,6.5,6.0,57.0,53.5,Bovada,4
401404000,2022,4,2022-09-24,Oregon State,USC,6.0,7.0,70.0,68.0,Bovada,4
401404001,2022,4,2022-09-24,Washington,Stanford,-14.0,-11.5,62.0,61.0,Bovada,4
401404002,2022,5,2022-10-01,Arizona,Colorado,-17.5,-18.0,58.0,55.5,Bovada,4
401404003,2022,5,2022-10-01,USC,Arizona State,-24.5,-24.0,61.0,61.5,Bovada,4
401404004,2022,5,2022-10-01,Washington State,California,-4.0,-4.5,52.5,53.0,Bovada,4
401404005,2022,5,2022-10-01,Oregon,Stanford,-17.5,-16.0,63.0,62.5,Bovada,4
401404006,2022,5,2022-10-01,Utah,Oregon State,-10.5,-11.0,54.0,56.0,Bovada,4
401404007,2022,5,2022-09-30,UCLA,Washington,2.5,3.0,65.0,65.0,Bovada,4
401404008,2022,6,2022-10-08,Arizona,Oregon,13.5,11.0,73.0,69.5,Bovada,4
401404009,2022,6,2022-10-08,Arizona State,Washington,13.5,13.0,55.5,55.5,Bovada,4
401404010,2022,6,2022-10-08,Stanford,Oregon State,4.0,7.0,53.0,58.5,Bovada,4
401404011,2022,6,2022-10-08,UCLA,Utah,3.5,3.5,64.5,64.0,Bovada,4
401404012,2022,6,2022-10-08,USC,Washington State,-12.5,-11.0,64.5,61.0,Bovada,4
401404013,2022,7,2022-10-15,Washington,Arizona,-14.5,-15.5,71.5,73.5,Bovada,4
401404014,2022,7,2022-10-15,Colorado,California,15.0,14.5,48.5,49.0,Bovada,4
401404015,2022,7,2022-10-15,Oregon State,Washington State,-3.0,-3.5,51.5,52.5,Bovada,4
401404016,2022,7,2022-10-15,Notre Dame,Stanford,-16.5,-15.0,53.0,52.5,Bovada,4
401404017,2022,7,2022-10-15,Utah,USC,-3.5,-3.5,65.0,60.5,Bovada,4
401404018,2022,8,2022-10-22,Stanford,Arizona State,-3.0,-3.5,52.5,54.5,Bovada,4
401404019,2022,8,2022-10-22,California,Washington,7.5,7.5,55.0,57.0,Bovada,4
401404020,2022,8,2022-10-22,Oregon State,Colorado,-22.5,-23.5,47.5,50.5,Bovada,4
401404021,2022,8,2022-10-22,Oregon,UCLA,-7.0,-6.0,71.0,70.5,Bovada,4
401404022,2022,9,2022-10-29,Arizona,USC,14.5,15.5,73.5,77.5,Bovada,4
401404023,2022,9,2022-10-29,Colorado,Arizona State,13.0,13.0,48.5,46.5,Bovada,4
401404024,2022,9,2022-10-29,California,Oregon,17.0,15.0,56.5,57.0,Bovada,4
401404025,2022,9,2022-10-29,UCLA,Stanford,-16.5,-16.0,64.5,63.5,Bovada,4
401404026,2022,9,2022-10-27,Washington State,Utah,7.5,,56.5,55.5,Bovada,4
401404027,2022,10,2022-11-05,Utah,Arizona,-18.0,-17.0,68.0,67.5,Bovada,4
401404028,2022,10,2022-11-05,Arizona State,UCLA,11.0,10.5,67.5,62.0,Bovada,4
401404029,2022,10,2022-11-05,USC,California,-21.0,-19.5,62.0,58.0,Bovada,4
401404030,2022,10,2022-11-05,Colorado,Oregon,31.0,31.0,62.5,60.5,Bovada,4
401404031,2022,10,2022-11-04,Washington,Oregon State,-4.5,-4.5,53.5,60.5,Bovada,4
401404032,2022,10,2022-11-05,Stanford,Washington State,3.0,4.5,48.0,48.5,Bovada,4
401404033,2022,11,2022-11-11,USC,Colorado,-34.5,-34.0,66.0,64.0,Bovada,4
401404034,2022,11,2022-11-12,UCLA,Arizona,-20.0,-19.5,77.5,77.5,Bovada,4
401404035,2022,11,2022-11-12,Washington State,Arizona State,-9.5,-9.0,59.5,55.5,Bovada,4
401404036,2022,11,2022-11-12,Oregon State,California,-11.5,-13.5,47.0,49.0,Bovada,4
401404037,2022,11,2022-11-12,Oregon,Washington,-12.0,-12.5,74.0,68.5,Bovada,4
401404038,2022,11,2022-11-12,Utah,Stanford,-24.0,-23.0,54.0,53.0,Bovada,4
401404039,2022,12,2022-11-19,Arizona,Washington State,4.0,4.5,63.0,63.0,Bovada,4
401404040,2022,12,2022-11-19,Arizona State,Oregon State,7.5,7.0,53.5,55.0,Bovada,4
401404041,2022,12,2022-11-19,California,Stanford,-5.0,-5.5,45.5,46.5,Bovada,4
401404042,2022,12,2022-11-19,Washington,Colorado,-30.0,-30.5,60.0,63.0,Bovada,4
401404043,2022,12,2022-11-19,Oregon,Utah,-1.0,-2.5,61.5,62.0,Bovada,4
401404044,2022,12,2022-11-19,UCLA,USC,2.0,3.0,77.5,73.5,Bovada,4
401404045,2022,13,2022-11-25,Arizona,Arizona State,-4.5,-4.0,66.5,64.0,Bovada,4
401404046,2022,13,2022-11-25,California,UCLA,11.5,10.5,63.0,61.0,Bovada,4
401404047,2022,13,2022-11-26,Oregon State,Oregon,-1.5,2.5,56.5,58.0,Bovada,4
401404048,2022,13,2022-11-26,Colorado,Utah,30.0,30.0,52.0,,Bovada,4
401404049,2022,13,2022-11-26,Stanford,BYU,6.5,7.0,58.0,58.0,Bovada,4
401404051,2022,13,2022-11-26,Washington State,Washington,2.5,2.5,60.0,59.0,Bovada,4
401404052,2022,1,2022-09-02,Kansas,Tennessee Tech,-30.0,-31.0,62.0,60.0,Bovada,3
401404055,2022,1,2022-09-03,Texas Tech,Murray State,-39.0,-38.0,64.5,60.0,Bovada,3
401404056,2022,1,2022-09-03,Kansas State,South Dakota,-27.0,-25.0,50.0,47.5,Bovada,3
401404057,2022,1,2022-09-03,Iowa State,Southeast Missouri State,-33.5,,54.5,,consensus,2
401404059,2022,1,2022-09-03,Texas,UL Monroe,-37.5,-38.0,64.0,67.0,Bovada,4
401404062,2022,2,2022-09-10,BYU,Baylor,-2.5,-2.5,55.0,53.0,Bovada,4
401404063,2022,2,2022-09-10,Texas Tech,Houston,-4.0,-3.0,62.5,65.5,Bovada,4
401404064,2022,2,2022-09-10,Iowa,Iowa State,-3.5,-3.5,38.5,41.5,Bovada,4
401404065,2022,2,2022-09-10,West Virginia,Kansas,-14.0,-13.5,60.0,57.5,Bovada,4
401404066,2022,2,2022-09-10,Oklahoma,Kent State,-33.5,-32.0,73.0,71.0,Bovada,4
401404067,2022,2,2022-09-10,TCU,Tarleton State,-40.0,,66.5,,consensus,2
401404068,2022,3,2022-09-17,Houston,Kansas,-8.5,-10.5,58.5,62.0,Bovada,4
401404069,2022,3,2022-09-17,Iowa State,Ohio,-19.5,-21.5,47.5,49.0,Bovada,4
401404070,2022,3,2022-09-17,Nebraska,Oklahoma,10.5,14.0,65.5,64.5,Bovada,4
401404071,2022,3,2022-09-17,Baylor,Texas State,-30.0,-30.0,53.0,53.0,Bovada,4
401404072,2022,3,2022-09-17,NC State,Texas Tech,-10.0,-10.0,56.0,55.5,Bovada,4
401404073,2022,3,2022-09-17,West Virginia,Towson,-41.0,-39.0,58.5,58.5,Bovada,3
401404074,2022,3,2022-09-17,Kansas State,Tulane,-13.5,-16.5,49.0,49.0,Bovada,4
401404075,2022,3,2022-09-17,Oklahoma State,Arkansas-Pine Bluff,-54.5,,64.5,,consensus,2
401404078,2022,4,2022-09-24,SMU,TCU,2.5,0.0,72.0,68.5,Bovada,4
401404079,2022,4,2022-09-24,Kansas,Duke,-7.5,-9.0,66.0,64.0,Bovada,4
401404080,2022,4,2022-09-24,Iowa State,Baylor,-2.5,-1.0,45.0,44.5,Bovada,4
401404081,2022,4,2022-09-24,Oklahoma,Kansas State,-14.0,-13.0,53.0,53.5,Bovada,4
401404082,2022,4,2022-09-24,Texas Tech,Texas,7.0,4.5,60.0,60.5,Bovada,4
401404083,2022,5,2022-10-01,Baylor,Oklahoma State,-2.0,-2.5,56.0,54.5,Bovada,4
401404084,2022,5,2022-10-01,Kansas,Iowa State,4.0,3.0,59.0,58.0,Bovada,4
401404085,2022,5,2022-10-01,Kansas State,Texas Tech,-7.5,-7.5,56.5,57.5,Bovada,4
401404086,2022,5,2022-10-01,TCU,Oklahoma,5.0,5.0,70.0,67.5,Bovada,4
401404087,2022,5,2022-10-01,Texas,West Virginia,-7.5,-10.0,61.0,62.0,Bovada,4
401404088,2022,6,2022-10-08,Iowa State,Kansas State,1.0,2.0,45.0,46.0,Bovada,4
401404089,2022,6,2022-10-08,Kansas,TCU,7.0,5.5,71.0,67.5,Bovada,4
401404090,2022,6,2022-10-08,Oklahoma,Texas,7.5,6.0,65.5,65.0,Bovada,4
401404091,2022,6,2022-10-08,Oklahoma State,Texas Tech,-11.5,-10.0,65.5,64.0,Bovada,4
401404092,2022,7,2022-10-13,West Virginia,Baylor,3.0,3.5,55.0,55.0,Bovada,4
401404093,2022,7,2022-10-15,Texas,Iowa State,-15.5,-14.5,48.5,50.0,Bovada,4
401404094,2022,7,2022-10-15,Oklahoma,Kansas,-10.5,-7.0,66.5,64.0,Bovada,4
401404095,2022,7,2022-10-15,TCU,Oklahoma State,-5.5,-3.5,71.0,68.0,Bovada,4
401404096,2022,8,2022-10-22,Baylor,Kansas,-10.5,-9.0,57.0,63.0,Bovada,4
401404097,2022,8,2022-10-22,TCU,Kansas State,-3.0,-5.0,55.0,58.0,Bovada,4
401404098,2022,8,2022-10-22,Oklahoma State,Texas,6.5,4.0,58.5,65.0,Bovada,4
401404099,2022,8,2022-10-22,Texas Tech,West Virginia,-4.5,-4.0,65.0,69.0,Bovada,4
401404100,2022,9,2022-10-29,Iowa State,Oklahoma,2.0,2.5,58.5,54.5,Bovada,4
401404101,2022,9,2022-10-29,Texas Tech,Baylor,-1.5,-2.0,61.0,61.5,Bovada,4
401404102,2022,9,2022-10-29,Kansas State,Oklahoma State,-2.5,1.0,57.5,58.0,Bovada,4
401404103,2022,9,2022-10-29,West Virginia,TCU,7.0,6.5,70.5,70.0,Bovada,4
401404104,2022,10,2022-11-05,Oklahoma,Baylor,-3.0,-3.5,61.5,58.5,Bovada,4
401404105,2022,10,2022-11-05,Iowa State,West Virginia,-6.5,-6.5,49.5,51.0,Bovada,4
401404106,2022,10,2022-11-05,Kansas,Oklahoma State,2.0,3.5,65.5,69.0,Bovada,4
401404107,2022,10,2022-11-05,Kansas State,Texas,3.0,1.5,55.0,54.5,Bovada,4
401404108,2022,10,2022-11-05,TCU,Texas Tech,-8.5,-10.0,69.0,71.0,Bovada,4
401404109,2022,11,2022-11-12,Baylor,Kansas State,-2.5,-3.5,52.5,53.5,Bovada,4
401404110,2022,11,2022-11-12,Oklahoma State,Iowa State,3.0,2.5,47.5,47.5,Bovada,4
401404111,2022,11,2022-11-12,Texas Tech,Kansas,-3.5,-3.5,63.5,64.5,Bovada,4
401404112,2022,11,2022-11-12,West Virginia,Oklahoma,8.5,8.0,68.5,66.0,Bovada,4
401404113,2022,11,2022-11-12,Texas,TCU,-7.5,-7.0,65.5,65.5,Bovada,4
401404114,2022,12,2022-11-19,Baylor,TCU,2.0,2.5,58.5,56.5,Bovada,4
401404115,2022,12,2022-11-19,Iowa State,Texas Tech,-3.5,-3.5,47.0,48.0,Bovada,4
401404116,2022,12,2022-11-19,Kansas,Texas,9.0,9.0,63.5,64.5,Bovada,4
401404117,2022,12,2022-11-19,West Virginia,Kansas State,8.5,7.5,54.5,55.0,Bovada,4
401404118,2022,12,2022-11-19,Oklahoma,Oklahoma State,-7.0,-6.5,68.0,64.5,Bovada,4
401404119,2022,13,2022-11-25,Texas,Baylor,-10.0,-9.0,56.0,55.5,Bovada,4
401404120,2022,13,2022-11-26,TCU,Iowa State,-9.5,-10.0,46.0,47.0,Bovada,4
401404121,2022,13,2022-11-26,Kansas State,Kansas,-12.5,-11.5,63.0,63.0,Bovada,4
401404122,2022,13,2022-11-26,Texas Tech,Oklahoma,1.5,2.5,65.5,63.5,Bovada,4
401404123,2022,13,2022-11-26,Oklahoma State,West Virginia,-5.5,-8.5,59.5,65.5,Bovada,4
401404124,2022,1,2022-09-03,Ohio State,Notre Dame,-17.0,-14.5,59.5,58.0,Bovada,4
401404125,2022,2,2022-09-10,Notre Dame,Marshall,-21.0,-19.0,48.5,52.0,Bovada,4
401404126,2022,4,2022-09-24,North Carolina,Notre Dame,-3.0,1.0,55.5,59.5,Bovada,4
401404127,2022,6,2022-10-08,Notre Dame,BYU,-3.5,-2.5,51.5,52.0,Bovada,4
401404128,2022,8,2022-10-22,Notre Dame,UNLV,-26.0,-24.0,46.5,50.0,Bovada,4
401404129,2022,9,2022-10-29,Syracuse,Notre Dame,-1.0,-2.0,48.0,46.0,Bovada,4
401404130,2022,10,2022-11-05,Notre Dame,Clemson,4.0,4.0,43.5,48.0,Bovada,4
401404131,2022,11,2022-11-12,Navy,Notre Dame,17.0,17.0,40.5,42.5,Bovada,4
401404132,2022,12,2022-11-19,Notre Dame,Boston College,-20.0,-21.5,42.0,47.0,Bovada,4
401404133,2022,13,2022-11-26,USC,Notre Dame,-4.0,-5.0,63.0,63.0,Bovada,4
401404134,2022,1,2022-09-03,Coastal Carolina,Army,-1.5,-3.0,54.0,55.0,Bovada,4
401404136,2022,3,2022-09-17,Army,Villanova,-14.5,-13.5,56.0,56.0,Bovada,3
401404137,2022,5,2022-10-01,Army,Georgia State,-9.0,-9.5,54.0,58.0,Bovada,4
401404138,2022,6,2022-10-08,Wake Forest,Army,-16.5,-15.5,65.5,65.0,Bovada,4
401404139,2022,7,2022-10-15,Army,Colgate,-31.0,,51.0,,consensus,2
401404140,2022,8,2022-10-22,Army,UL Monroe,-6.5,-7.5,56.0,56.0,Bovada,4
401404141,2022,10,2022-11-05,Army,Air Force,7.0,6.0,40.5,40.5,Bovada,4
401404142,2022,11,2022-11-12,Troy,Army,-8.5,-9.0,45.0,45.5,Bovada,4
401404143,2022,12,2022-11-19,Army,UConn,-10.0,-10.0,45.0,43.5,Bovada,4
401404144,2022,13,2022-11-26,Massachusetts,Army,20.0,,45.5,45.0,Bovada,4
401404145,2022,15,2022-12-10,Army,Navy,3.0,1.5,32.0,34.0,Bovada,4
401404146,2022,1,2022-08-27,Utah State,UConn,-23.0,-25.0,59.0,60.5,Bovada,4
401404147,2022,1,2022-09-03,UConn,Central Connecticut,-21.0,-20.0,51.0,51.5,Bovada,3
401404148,2022,2,2022-09-10,UConn,Syracuse,23.5,19.5,49.5,53.5,Bovada,4
401404149,2022,3,2022-09-17,Michigan,UConn,-47.5,-47.0,58.5,59.5,Bovada,4
401404150,2022,4,2022-09-24,NC State,UConn,-38.5,-39.5,48.0,50.5,Bovada,4
401404151,2022,5,2022-10-01,UConn,Fresno State,23.0,24.0,51.0,56.0,Bovada,4
401404153,2022,7,2022-10-15,Ball State,UConn,-9.5,-9.5,47.5,46.5,Bovada,4
401404154,2022,9,2022-10-29,UConn,Boston College,8.0,9.0,44.0,46.0,Bovada,4
401404155,2022,10,2022-11-04,UConn,Massachusetts,-15.5,-15.5,39.0,41.0,Bovada,4
401404156,2022,11,2022-11-12,UConn,Liberty,13.5,14.5,45.0,48.0,Bovada,4
401404157,2022,1,2022-09-03,Southern Miss,Liberty,3.5,4.0,49.5,53.5,Bovada,4
401404159,2022,3,2022-09-17,Wake Forest,Liberty,-18.0,-17.0,65.0,62.5,Bovada,4
401404160,2022,4,2022-09-24,Liberty,Akron,-26.5,-27.5,52.5,58.0,Bovada,4
401404161,2022,5,2022-10-01,Old Dominion,Liberty,3.5,2.0,47.5,48.0,Bovada,4
401404162,2022,7,2022-10-15,Liberty,Gardner-Webb,-24.5,,55.0,,consensus,2
401404163,2022,8,2022-10-22,Liberty,BYU,7.0,5.5,58.0,58.0,Bovada,4
401404164,2022,6,2022-10-08,Massachusetts,Liberty,23.0,25.5,45.5,50.5,Bovada,4
401404165,2022,12,2022-11-19,Liberty,Virginia Tech,-10.5,-9.5,46.0,47.0,Bovada,4
401404166,2022,13,2022-11-26,Liberty,New Mexico State,-24.0,-24.5,51.0,51.0,Bovada,4
401405058,2022,1,2022-08-27,Illinois,Wyoming,-14.0,-9.5,43.0,46.5,Bovada,4
401405059,2022,1,2022-08-27,Northwestern,Nebraska,13.0,10.0,52.0,52.0,Bovada,4
401405060,2022,1,2022-09-01,Minnesota,New Mexico State,-36.0,-38.0,52.0,57.5,Bovada,4
401405061,2022,1,2022-09-02,Indiana,Illinois,-1.0,-3.0,48.0,48.5,Bovada,4
401405062,2022,1,2022-09-03,Iowa,South Dakota State,-11.0,-10.5,42.5,42.5,Bovada,3
401405063,2022,1,2022-09-03,Nebraska,North Dakota,-28.0,-29.5,62.5,62.5,Bovada,3
401405064,2022,1,2022-09-01,Purdue,Penn State,3.5,3.0,53.0,55.0,Bovada,4
401405065,2022,1,2022-09-03,Wisconsin,Illinois State,-36.0,-36.5,42.5,43.0,Bovada,3
401405066,2022,1,2022-09-03,Maryland,Buffalo,-24.0,-20.5,66.0,64.5,Bovada,4
401405067,2022,1,2022-09-03,Michigan,Colorado State,-31.0,-28.5,61.0,57.5,Bovada,4
401405069,2022,1,2022-09-03,Boston College,Rutgers,-9.5,-7.5,47.0,52.0,Bovada,4
401405070,2022,2,2022-09-10,Illinois,Virginia,-3.5,-3.5,55.0,56.5,Bovada,4
401405071,2022,2,2022-09-10,Minnesota,Western Illinois,-41.0,,56.5,,consensus,2
401405072,2022,2,2022-09-10,Nebraska,Georgia Southern,-23.5,-21.5,64.0,59.5,Bovada,4
401405073,2022,2,2022-09-10,Northwestern,Duke,-10.0,-9.0,56.0,56.5,Bovada,4
401405074,2022,2,2022-09-10,Purdue,Indiana State,-37.0,,54.0,,consensus,2
401405075,2022,2,2022-09-10,Indiana,Idaho,-24.5,,50.5,,consensus,2
401405077,2022,2,2022-09-10,Michigan,Hawai'i,-53.0,-50.0,66.5,65.0,Bovada,4
401405078,2022,2,2022-09-10,Michigan State,Akron,-34.5,-34.5,56.0,56.0,Bovada,4
401405079,2022,2,2022-09-10,Ohio State,Arkansas State,-44.5,-44.0,68.5,68.5,Bovada,4
401405080,2022,2,2022-09-10,Penn State,Ohio,-28.0,-26.5,55.0,53.5,Bovada,4
401405081,2022,2,2022-09-10,Rutgers,Wagner,-48.5,,55.5,,consensus,2
401405082,2022,3,2022-09-17,Iowa,Nevada,-23.5,-21.5,39.5,40.5,Bovada,4
401405083,2022,3,2022-09-17,Northwestern,Southern Illinois,-14.0,-13.5,58.0,58.0,Bovada,3
401405084,2022,3,2022-09-17,Syracuse,Purdue,-1.5,1.0,60.0,59.0,Bovada,4
401405085,2022,3,2022-09-17,Wisconsin,New Mexico State,-37.5,-37.0,45.0,47.5,Bovada,4
401405087,2022,3,2022-09-17,Maryland,SMU,-3.0,-2.5,74.0,70.0,Bovada,4
401405088,2022,3,2022-09-17,Ohio State,Toledo,-32.0,-31.5,63.0,61.0,Bovada,4
401405089,2022,3,2022-09-17,Temple,Rutgers,18.0,17.0,43.0,44.5,Bovada,4
401405091,2022,4,2022-09-24,Rutgers,Iowa,7.5,7.0,34.5,35.5,Bovada,4
401405092,2022,4,2022-09-24,Michigan State,Minnesota,3.0,-2.0,50.0,51.0,Bovada,4
401405093,2022,4,2022-09-24,Northwestern,Miami (OH),-7.5,-6.5,50.0,50.5,Bovada,4
401405095,2022,4,2022-09-24,Ohio State,Wisconsin,-19.0,-18.0,57.0,57.0,Bovada,4
401405096,2022,4,2022-09-24,Cincinnati,Indiana,-16.5,-14.0,57.0,54.5,Bovada,4
401405097,2022,4,2022-09-24,Michigan,Maryland,-17.0,-17.5,66.0,62.5,Bovada,4
401405098,2022,4,2022-09-24,Penn State,Central Michigan,-28.0,-26.0,61.5,61.0,Bovada,4
401405099,2022,5,2022-10-01,Wisconsin,Illinois,-6.5,-8.5,43.5,44.0,Bovada,4
401405100,2022,5,2022-10-01,Iowa,Michigan,11.0,10.0,42.0,43.0,Bovada,4
401405101,2022,5,2022-10-01,Minnesota,Purdue,-9.0,-10.0,53.0,53.5,Bovada,4
401405102,2022,5,2022-10-01,Nebraska,Indiana,-7.0,-3.5,62.0,61.5,Bovada,4
401405103,2022,5,2022-10-01,Maryland,Michigan State,-7.5,-7.5,58.0,59.5,Bovada,4
401405104,2022,5,2022-10-01,Ohio State,Rutgers,-39.0,-41.0,58.0,60.0,Bovada,1
401405105,2022,5,2022-10-01,Penn State,Northwestern,-25.0,-25.5,50.0,52.5,Bovada,4
401405106,2022,6,2022-10-08,Illinois,Iowa,-4.0,-4.0,36.0,35.5,Bovada,4
401405107,2022,6,2022-10-08,Northwestern,Wisconsin,10.0,9.5,44.5,44.0,Bovada,4
401405108,2022,6,2022-10-08,Indiana,Michigan,23.5,21.5,57.5,57.5,Bovada,4
401405109,2022,6,2022-10-08,Maryland,Purdue,-3.0,-3.5,59.5,61.0,Bovada,4
401405110,2022,6,2022-10-08,Michigan State,Ohio State,27.5,25.5,65.0,62.0,Bovada,4
401405111,2022,6,2022-10-07,Rutgers,Nebraska,3.0,2.5,50.5,51.0,Bovada,4
401405112,2022,7,2022-10-15,Illinois,Minnesota,4.5,3.5,40.0,39.0,Bovada,4
401405113,2022,7,2022-10-15,Purdue,Nebraska,-14.0,-11.5,56.0,58.0,Bovada,4
401405114,2022,7,2022-10-15,Indiana,Maryland,10.5,10.5,63.5,60.5,Bovada,4
401405115,2022,7,2022-10-15,Michigan,Penn State,-7.0,-7.5,48.5,51.5,Bovada,4
401405116,2022,7,2022-10-15,Michigan State,Wisconsin,7.0,5.5,50.0,47.0,Bovada,4
401405117,2022,8,2022-10-22,Wisconsin,Purdue,-1.5,-1.5,51.0,52.5,Bovada,4
401405118,2022,8,2022-10-22,Maryland,Northwestern,-14.0,-14.0,51.0,52.0,Bovada,4
401405119,2022,8,2022-10-22,Ohio State,Iowa,-30.0,-29.0,50.0,49.5,Bovada,4
401405120,2022,8,2022-10-22,Penn State,Minnesota,-5.5,-5.0,43.0,44.0,Bovada,1
401405121,2022,8,2022-10-22,Rutgers,Indiana,-3.0,-3.0,48.0,45.5,Bovada,4
401405122,2022,9,2022-10-29,Iowa,Northwestern,-11.5,-11.0,37.5,35.5,Bovada,4
401405123,2022,9,2022-10-29,Minnesota,Rutgers,-14.0,-14.0,40.5,41.0,Bovada,4
401405124,2022,9,2022-10-29,Nebraska,Illinois,7.5,6.0,51.0,51.5,Bovada,4
401405125,2022,9,2022-10-29,Michigan,Michigan State,-22.0,-22.5,55.0,54.5,Bovada,4
401405126,2022,9,2022-10-29,Penn State,Ohio State,15.5,15.0,61.0,61.5,Bovada,4
401405127,2022,10,2022-11-05,Illinois,Michigan State,-16.0,-15.5,41.0,43.5,Bovada,4
401405128,2022,10,2022-11-05,Nebraska,Minnesota,14.5,12.5,44.5,47.0,Bovada,4
401405129,2022,10,2022-11-05,Northwestern,Ohio State,38.0,38.5,55.0,62.5,Bovada,4
401405130,2022,10,2022-11-05,Purdue,Iowa,-3.5,-4.0,39.0,43.0,Bovada,4
401405131,2022,10,2022-11-05,Wisconsin,Maryland,-5.0,-5.5,47.5,53.0,Bovada,4
401405132,2022,10,2022-11-05,Indiana,Penn State,13.5,13.5,50.5,54.5,Bovada,4
401405133,2022,10,2022-11-05,Rutgers,Michigan,26.5,26.5,45.0,46.0,Bovada,4
401405134,2022,11,2022-11-12,Illinois,Purdue,-6.0,-6.5,44.0,46.5,Bovada,1
401405135,2022,11,2022-11-12,Iowa,Wisconsin,-1.0,-1.5,35.5,36.5,Bovada,4
401405136,2022,11,2022-11-12,Minnesota,Northwestern,-17.0,-18.0,41.0,41.0,Bovada,4
401405137,2022,11,2022-11-12,Michigan,Nebraska,-30.5,-28.5,50.0,52.0,Bovada,4
401405138,2022,11,2022-11-12,Michigan State,Rutgers,-10.0,-11.5,41.0,40.0,Bovada,4
401405139,2022,11,2022-11-12,Ohio State,Indiana,-40.0,-40.0,62.5,57.5,Bovada,4
401405140,2022,11,2022-11-12,Penn State,Maryland,-10.5,-11.5,56.5,57.0,Bovada,4
401405141,2022,12,2022-11-19,Minnesota,Iowa,-2.0,-2.5,31.5,33.0,Bovada,4
401405142,2022,12,2022-11-19,Nebraska,Wisconsin,10.0,13.0,40.5,41.0,Bovada,4
401405143,2022,12,2022-11-19,Purdue,Northwestern,-17.0,-18.0,44.0,48.0,Bovada,4
401405144,2022,12,2022-11-19,Maryland,Ohio State,26.5,27.5,62.5,63.5,Bovada,4
401405145,2022,12,2022-11-19,Michigan,Illinois,-17.0,-17.5,41.5,44.0,Bovada,4
401405146,2022,12,2022-11-19,Michigan State,Indiana,-12.5,-11.5,47.0,46.5,Bovada,4
401405147,2022,12,2022-11-19,Rutgers,Penn State,19.0,19.0,45.0,44.0,Bovada,4
401405148,2022,13,2022-11-25,Iowa,Nebraska,-10.5,,38.0,38.0,Bovada,4
401405149,2022,13,2022-11-26,Northwestern,Illinois,15.0,14.0,38.0,37.0,Bovada,4
401405150,2022,13,2022-11-26,Wisconsin,Minnesota,-3.0,-3.0,37.0,35.0,Bovada,4
401405151,2022,13,2022-11-26,Indiana,Purdue,10.0,10.0,53.0,54.0,Bovada,4
401405152,2022,13,2022-11-26,Maryland,Rutgers,-14.5,-14.5,48.5,48.5,Bovada,4
401405153,2022,13,2022-11-26,Ohio State,Michigan,-9.0,-7.5,56.5,57.0,Bovada,4
401405154,2022,13,2022-11-26,Penn State,Michigan State,-19.5,-18.5,54.5,52.5,Bovada,4
401409235,2022,1,2022-08-27,New Mexico State,Nevada,7.5,14.0,48.0,55.5,Bovada,4
401409237,2022,4,2022-09-24,New Mexico State,Hawai'i,-4.5,-2.0,53.0,55.0,Bovada,4
401409239,2022,7,2022-10-15,New Mexico State,New Mexico,7.0,6.0,38.5,38.0,Bovada,4
401409241,2022,11,2022-11-12,New Mexico State,Lamar,-22.0,,48.5,,consensus,2
401409242,2022,9,2022-10-29,Massachusetts,New Mexico State,1.0,3.0,39.0,37.0,Bovada,4
401411090,2022,1,2022-08-27,Florida State,Duquesne,-41.5,-43.0,57.0,55.0,Bovada,3
401411091,2022,1,2022-08-27,North Carolina,Florida A&M,-45.0,-43.0,55.0,56.0,Bovada,3
401411092,2022,1,2022-09-01,Pittsburgh,West Virginia,-7.5,-7.0,50.0,55.0,Bovada,4
401411093,2022,1,2022-09-01,Wake Forest,VMI,-33.5,-31.5,66.5,67.5,Bovada,3
401411094,2022,1,2022-09-02,Duke,Temple,-9.5,-6.5,51.0,54.0,Bovada,4
401411095,2022,1,2022-09-03,App State,North Carolina,-3.0,3.5,56.5,57.0,Bovada,4
401411096,2022,1,2022-09-03,East Carolina,NC State,12.5,10.5,52.0,57.5,Bovada,4
401411097,2022,1,2022-09-03,Miami,Bethune-Cookman,-49.5,,60.5,,consensus,2
401411099,2022,1,2022-09-03,Syracuse,Louisville,6.0,4.0,55.0,59.5,Bovada,1
401411100,2022,1,2022-09-03,Virginia,Richmond,-22.5,-21.0,62.0,58.5,Bovada,3
401411101,2022,1,2022-09-05,Georgia Tech,Clemson,24.5,21.0,51.5,51.0,Bovada,4
401411102,2022,2,2022-09-10,Clemson,Furman,-45.5,,51.5,,consensus,2
401411103,2022,2,2022-09-10,Georgia State,North Carolina,7.0,9.5,64.5,68.0,Bovada,4
401411104,2022,2,2022-09-10,Georgia Tech,Western Carolina,-24.5,,65.5,,consensus,2
401411105,2022,2,2022-09-10,Miami,Southern Miss,-27.0,-27.0,50.5,57.0,Bovada,4
401411106,2022,2,2022-09-10,NC State,Charleston Southern,-45.5,,55.0,,consensus,2
401411108,2022,2,2022-09-10,Virginia Tech,Boston College,-3.0,-3.0,45.0,45.0,Bovada,4
401411109,2022,3,2022-09-16,Louisville,Florida State,3.0,1.5,57.0,54.5,Bovada,4
401411110,2022,3,2022-09-17,Boston College,Maine,-31.0,,48.0,,consensus,2
401411112,2022,3,2022-09-17,Duke,North Carolina A&T,-30.5,,53.0,,consensus,2
401411113,2022,3,2022-09-17,Virginia,Old Dominion,-8.0,-10.5,52.0,53.0,Bovada,4
401411114,2022,3,2022-09-17,Virginia Tech,Wofford,-39.0,-37.0,45.0,45.0,Bovada,3
401411115,2022,3,2022-09-17,Western Michigan,Pittsburgh,10.5,10.0,46.0,54.5,Bovada,4
401411116,2022,4,2022-09-22,Virginia Tech,West Virginia,2.5,3.0,50.0,53.0,Bovada,4
401411117,2022,4,2022-09-23,Syracuse,Virginia,-10.0,-9.5,54.0,53.5,Bovada,4
401411118,2022,4,2022-09-24,Florida State,Boston College,-18.5,-16.5,49.0,48.5,Bovada,4
401411119,2022,4,2022-09-24,Louisville,South Florida,-15.5,-13.0,63.0,64.0,Bovada,4
401411121,2022,4,2022-09-24,Pittsburgh,Rhode Island,-32.5,,55.0,,consensus,2
401411122,2022,4,2022-09-24,UCF,Georgia Tech,-21.5,-18.0,56.5,57.5,Bovada,4
401411123,2022,4,2022-09-24,Wake Forest,Clemson,8.0,7.0,58.0,56.5,Bovada,4
401411124,2022,5,2022-10-01,Boston College,Louisville,13.0,16.0,48.0,51.0,Bovada,4
401411125,2022,5,2022-10-01,Clemson,NC State,-6.5,-7.0,46.0,46.0,Bovada,4
401411126,2022,5,2022-10-01,Duke,Virginia,-2.0,-1.5,55.0,56.0,Bovada,4
401411127,2022,5,2022-10-01,Florida State,Wake Forest,-6.0,-6.0,67.5,66.0,Bovada,4
401411128,2022,5,2022-10-01,North Carolina,Virginia Tech,-9.5,-8.5,57.5,57.0,Bovada,4
401411129,2022,5,2022-10-01,Pittsburgh,Georgia Tech,-21.5,-20.0,47.0,50.5,Bovada,4
401411130,2022,5,2022-10-01,Syracuse,Wagner,-54.0,,62.5,,consensus,2
401411131,2022,6,2022-10-08,Boston College,Clemson,21.0,20.5,49.0,50.0,Bovada,4
401411132,2022,6,2022-10-08,Georgia Tech,Duke,3.5,3.5,54.0,55.5,Bovada,4
401411133,2022,6,2022-10-08,Miami,North Carolina,-4.0,-3.0,68.0,66.0,Bovada,4
401411134,2022,6,2022-10-08,NC State,Florida State,-3.5,-3.5,50.0,52.0,Bovada,4
401411135,2022,6,2022-10-08,Pittsburgh,Virginia Tech,-14.5,-14.5,42.0,44.5,Bovada,4
401411136,2022,6,2022-10-08,Virginia,Louisville,-1.5,4.5,47.5,51.5,Bovada,4
401411137,2022,7,2022-10-15,Duke,North Carolina,6.5,6.0,70.0,67.5,Bovada,4
401411138,2022,7,2022-10-15,Florida State,Clemson,4.5,4.0,51.0,51.0,Bovada,4
401411139,2022,7,2022-10-15,Syracuse,NC State,-3.0,-6.0,42.0,44.0,Bovada,4
401411140,2022,7,2022-10-15,Virginia Tech,Miami,9.0,7.0,48.5,47.5,Bovada,4
401411141,2022,8,2022-10-20,Georgia Tech,Virginia,-3.5,-3.5,48.0,47.0,Bovada,1
401411142,2022,8,2022-10-22,Clemson,Syracuse,-14.0,-13.0,50.0,51.5,Bovada,4
401411143,2022,8,2022-10-22,Louisville,Pittsburgh,-1.5,-1.5,55.0,57.0,Bovada,4
401411144,2022,8,2022-10-22,Miami,Duke,-10.0,-9.0,59.0,61.0,Bovada,4
401411145,2022,8,2022-10-22,Wake Forest,Boston College,-20.0,-20.5,60.0,61.5,Bovada,4
401411146,2022,9,2022-10-27,NC State,Virginia Tech,-13.0,-13.5,39.0,40.0,Bovada,4
401411147,2022,9,2022-10-29,Florida State,Georgia Tech,-24.0,-20.5,48.0,48.0,Bovada,4
401411148,2022,9,2022-10-29,Louisville,Wake Forest,3.0,5.0,66.5,62.5,Bovada,4
401411149,2022,9,2022-10-29,North Carolina,Pittsburgh,-2.5,-4.0,65.5,64.0,Bovada,4
401411150,2022,9,2022-10-29,Virginia,Miami,3.0,2.5,48.5,47.5,Bovada,4
401411151,2022,10,2022-11-04,Boston College,Duke,12.5,9.5,47.0,48.5,Bovada,4
401411152,2022,10,2022-11-05,Louisville,James Madison,-6.5,-8.5,53.5,55.0,Bovada,4
401411153,2022,10,2022-11-05,Miami,Florida State,6.5,8.5,54.0,53.0,Bovada,4
401411154,2022,10,2022-11-05,NC State,Wake Forest,3.0,3.5,54.0,54.0,Bovada,4
401411155,2022,10,2022-11-05,Pittsburgh,Syracuse,-3.5,-3.5,47.5,50.5,Bovada,4
401411156,2022,10,2022-11-05,Virginia,North Carolina,7.5,9.5,61.5,59.5,Bovada,4
401411157,2022,10,2022-11-05,Virginia Tech,Georgia Tech,-4.0,-4.0,40.5,41.5,Bovada,4
401411158,2022,11,2022-11-12,Clemson,Louisville,-7.0,-7.0,51.5,52.0,Bovada,4
401411159,2022,11,2022-11-12,Duke,Virginia Tech,-10.0,-10.0,50.0,50.5,Bovada,4
401411160,2022,11,2022-11-12,Georgia Tech,Miami,-2.0,-1.5,43.5,45.0,Bovada,4
401411161,2022,11,2022-11-12,NC State,Boston College,-18.5,-19.0,41.0,42.0,Bovada,4
401411162,2022,11,2022-11-12,Syracuse,Florida State,7.0,6.5,51.5,51.5,Bovada,4
401411163,2022,11,2022-11-12,Virginia,Pittsburgh,5.5,4.5,41.5,41.5,Bovada,4
401411164,2022,11,2022-11-12,Wake Forest,North Carolina,-4.5,-3.5,79.5,76.0,Bovada,4
401411165,2022,12,2022-11-19,Clemson,Miami,-18.5,-19.5,47.5,46.5,Bovada,4
401411166,2022,12,2022-11-19,Florida State,Louisiana,-25.0,-23.5,52.0,52.5,Bovada,4
401411167,2022,12,2022-11-19,Louisville,NC State,-4.0,-5.5,43.0,47.0,Bovada,4
401411168,2022,12,2022-11-19,North Carolina,Georgia Tech,-21.5,-20.0,63.0,63.5,Bovada,4
401411169,2022,12,2022-11-19,Pittsburgh,Duke,-6.5,-8.0,49.0,54.5,Bovada,4
401411171,2022,12,2022-11-19,Wake Forest,Syracuse,-9.5,-10.0,59.0,55.5,Bovada,4
401411172,2022,13,2022-11-25,North Carolina,NC State,-6.5,-6.0,56.5,56.5,Bovada,4
401411173,2022,13,2022-11-26,Boston College,Syracuse,10.0,10.0,47.0,47.0,Bovada,4
401411174,2022,13,2022-11-26,Duke,Wake Forest,3.0,3.0,67.5,66.5,Bovada,4
401411175,2022,13,2022-11-26,Miami,Pittsburgh,4.0,5.5,44.0,43.5,Bovada,4
401413203,2022,1,2022-09-03,Chattanooga,Wofford,-18.5,,42.0,,consensus,2
401413206,2022,5,2022-10-01,Wofford,Mercer,15.0,,45.5,,consensus,2
401413207,2022,6,2022-10-08,Samford,Wofford,-20.0,,51.0,,consensus,2
401413208,2022,7,2022-10-15,Wofford,The Citadel,-3.5,,33.5,,consensus,2
401413209,2022,9,2022-10-29,Wofford,East Tennessee State,7.5,,51.0,,consensus,2
401413210,2022,10,2022-11-05,Western Carolina,Wofford,-10.0,,60.0,,William Hill (New Jersey),1
401413211,2022,11,2022-11-12,Wofford,VMI,-9.0,,49.5,,William Hill (New Jersey),1
401413212,2022,12,2022-11-19,Furman,Wofford,-19.5,,46.5,,consensus,2
401413213,2022,1,2022-08-27,Jacksonville State,Stephen F. Austin,8.0,6.5,55.0,51.0,Bovada,3
401413214,2022,1,2022-09-03,Jacksonville State,Davidson,-26.5,,61.5,,William Hill (New Jersey),1
401413216,2022,3,2022-09-17,Tulsa,Jacksonville State,-12.0,,64.0,,consensus,2
401413217,2022,4,2022-09-24,Nicholls,Jacksonville State,9.0,,57.0,,consensus,2
401413219,2022,7,2022-10-15,North Alabama,Jacksonville State,15.5,,60.5,,consensus,2
401413220,2022,8,2022-10-22,Jacksonville State,SE Louisiana,-7.5,,64.0,,consensus,2
401413221,2022,9,2022-10-29,Austin Peay,Jacksonville State,-4.5,,58.5,,consensus,2
401413222,2022,11,2022-11-12,Jacksonville State,Eastern Kentucky,-4.0,,63.5,,William Hill (New Jersey),1
401413223,2022,12,2022-11-19,Central Arkansas,Jacksonville State,3.5,,63.0,,consensus,2
401413224,2022,1,2022-09-01,Fresno State,Cal Poly,-43.0,-41.0,63.0,59.5,Bovada,3
401413226,2022,3,2022-09-17,South Dakota,Cal Poly,-18.0,,49.5,,consensus,2
401413227,2022,5,2022-10-01,Cal Poly,Sacramento State,25.0,,62.0,,consensus,2
401413228,2022,6,2022-10-08,Northern Arizona,Cal Poly,-10.5,,55.0,,William Hill (New Jersey),1
401413229,2022,7,2022-10-15,Idaho State,Cal Poly,3.5,,56.0,,consensus,2
401413230,2022,8,2022-10-22,Cal Poly,Eastern Washington,10.0,,75.5,,consensus,2
401413231,2022,9,2022-10-29,UC Davis,Cal Poly,-24.5,,60.5,,consensus,2
401413232,2022,10,2022-11-05,Montana,Cal Poly,-31.5,,54.5,,consensus,2
401413233,2022,11,2022-11-12,Cal Poly,Montana State,25.5,,68.0,,William Hill (New Jersey),1
401413234,2022,12,2022-11-19,Cal Poly,Portland State,10.5,,64.0,,consensus,2
401413236,2022,1,2022-09-03,Eastern Washington,Tennessee State,-22.5,,62.5,,William Hill (New Jersey),1
401413237,2022,4,2022-09-24,Eastern Washington,Montana State,6.0,,70.0,,consensus,2
401413238,2022,6,2022-10-08,Weber State,Eastern Washington,-16.0,,66.5,,consensus,2
401413239,2022,7,2022-10-15,Eastern Washington,Sacramento State,14.5,,75.0,,consensus,2
401413240,2022,9,2022-10-29,Eastern Washington,Portland State,-10.5,,66.0,,William Hill (New Jersey),1
401413241,2022,10,2022-11-05,Idaho,Eastern Washington,-17.0,,67.0,,William Hill (New Jersey),1
401413242,2022,11,2022-11-12,Montana,Eastern Washington,-24.0,,62.5,,William Hill (New Jersey),1
401413243,2022,12,2022-11-19,Eastern Washington,Northern Colorado,-10.5,,66.0,,consensus,2
401413246,2022,3,2022-09-17,Idaho,Drake,-31.0,,48.0,,consensus,2
401413247,2022,4,2022-09-24,Northern Arizona,Idaho,-2.5,,48.5,,William Hill (New Jersey),1
401413248,2022,5,2022-10-01,Idaho,Northern Colorado,-15.5,,52.0,,consensus,2
401413249,2022,7,2022-10-15,Montana,Idaho,-17.5,,51.5,,William Hill (New Jersey),1
401413250,2022,8,2022-10-22,Idaho,Portland State,-12.0,,57.5,,consensus,2
401413251,2022,9,2022-10-29,Sacramento State,Idaho,-14.0,,62.5,,consensus,2
401413252,2022,11,2022-11-12,Idaho,UC Davis,-3.0,,59.0,,consensus,2
401413253,2022,12,2022-11-19,Idaho State,Idaho,24.5,,56.0,,William Hill (New Jersey),1
401413256,2022,1,2022-08-27,UNLV,Idaho State,-23.0,-23.5,50.0,52.5,Bovada,3
401413257,2022,2,2022-09-10,San Diego State,Idaho State,-33.5,,50.5,,consensus,2
401413258,2022,3,2022-09-17,Idaho State,Central Arkansas,7.0,,54.5,,William Hill (New Jersey),1
401413259,2022,4,2022-09-24,Northern Colorado,Idaho State,-3.5,,54.0,,consensus,2
401413260,2022,5,2022-10-01,Idaho State,Montana,33.0,,53.0,,consensus,2
401413261,2022,6,2022-10-08,Montana State,Idaho State,-25.5,,59.0,,consensus,2
401413262,2022,8,2022-10-22,Idaho State,Northern Arizona,3.5,,52.0,,consensus,2
401413263,2022,10,2022-11-05,UC Davis,Idaho State,-28.0,,56.0,,consensus,2
401413264,2022,11,2022-11-12,Weber State,Idaho State,-32.0,,49.5,,William Hill (New Jersey),1
401413333,2022,1,2022-09-03,Montana,Northwestern State,-33.5,,47.5,,consensus,2
401413335,2022,3,2022-09-17,Indiana State,Montana,25.0,25.0,39.0,39.0,Bovada,3
401413336,2022,4,2022-09-24,Montana,Portland State,-22.5,,49.5,,William Hill (New Jersey),1
401413337,2022,8,2022-10-22,Sacramento State,Montana,-5.0,,53.0,,consensus,2
401413338,2022,9,2022-10-29,Weber State,Montana,-3.5,,48.5,,consensus,2
401413339,2022,12,2022-11-19,Montana State,Montana,1.5,,58.5,,consensus,2
401413340,2022,1,2022-09-03,Montana State,McNeese,-19.5,,46.0,,William Hill (New Jersey),1
401413342,2022,5,2022-10-01,Montana State,UC Davis,-3.5,,52.0,,consensus,2
401413343,2022,7,2022-10-15,Northern Colorado,Montana State,21.5,,62.0,,consensus,2
401413344,2022,8,2022-10-22,Montana State,Weber State,3.0,,53.5,,consensus,2
401413345,2022,10,2022-11-05,Northern Arizona,Montana State,16.0,,57.0,,consensus,2
401414778,2022,1,2022-09-03,Tulane,Massachusetts,-28.5,-31.0,59.0,60.5,Bovada,4
401414779,2022,2,2022-09-10,Toledo,Massachusetts,-28.5,-30.5,49.0,53.5,Bovada,4
401414780,2022,3,2022-09-17,Massachusetts,Stony Brook,-1.0,-1.0,44.0,44.0,Bovada,3
401414781,2022,4,2022-09-24,Temple,Massachusetts,-10.5,-9.5,44.0,44.5,Bovada,4
401414782,2022,5,2022-10-01,Eastern Michigan,Massachusetts,-19.0,-20.0,53.5,56.0,Bovada,4
401414783,2022,7,2022-10-15,Massachusetts,Buffalo,16.5,16.0,47.5,47.5,Bovada,4
401414784,2022,11,2022-11-12,Arkansas State,Massachusetts,-17.0,-18.0,49.5,49.5,Bovada,4
401415015,2022,1,2022-09-03,Marshall,Norfolk State,-40.5,-40.5,59.0,59.0,Bovada,3
401415024,2022,2,2022-09-10,East Carolina,Old Dominion,-13.5,-11.0,49.5,52.0,Bovada,4
401415029,2022,3,2022-09-17,Bowling Green,Marshall,17.0,18.5,50.0,53.5,Bovada,4
401415032,2022,3,2022-09-17,Southern Miss,Northwestern State,-32.5,,50.5,,consensus,2
401415037,2022,4,2022-09-24,App State,James Madison,-6.0,-9.0,57.0,56.5,Bovada,4
401415040,2022,4,2022-09-24,Tulane,Southern Miss,-12.0,-11.5,48.5,49.5,Bovada,4
401415171,2022,3,2022-09-17,Northern Arizona,North Dakota,6.0,,48.0,,William Hill (New Jersey),1
401415172,2022,5,2022-10-01,Portland State,Northern Arizona,-2.5,,55.0,,consensus,2
401415173,2022,7,2022-10-15,UC Davis,Northern Arizona,-14.5,,52.0,,consensus,2
401415174,2022,11,2022-11-12,Northern Colorado,Northern Arizona,11.0,,54.5,,William Hill (New Jersey),1
401415175,2022,12,2022-11-19,Northern Arizona,Weber State,17.0,,51.0,,William Hill (New Jersey),1
401415176,2022,1,2022-09-03,Northern Colorado,Houston Christian,-16.0,,53.5,,William Hill (New Jersey),1
401415177,2022,2,2022-09-10,Wyoming,Northern Colorado,-23.5,,54.5,,consensus,2
401415178,2022,3,2022-09-17,Lamar,Northern Colorado,3.0,,51.5,,consensus,2
401415179,2022,6,2022-10-08,Sacramento State,Northern Colorado,-29.5,,68.0,,consensus,2
401415180,2022,8,2022-10-22,Northern Colorado,UC Davis,19.0,,60.0,,consensus,2
401415181,2022,10,2022-11-05,Portland State,Northern Colorado,-13.0,,60.5,,consensus,2
401415183,2022,3,2022-09-17,UC Davis,San Diego,-24.0,,53.5,,consensus,2
401415184,2022,4,2022-09-24,UC Davis,Weber State,3.0,,50.5,,consensus,2
401415185,2022,12,2022-11-19,Sacramento State,UC Davis,-8.5,,66.5,,consensus,2
401415186,2022,3,2022-09-17,Brown,Bryant,3.5,3.0,68.0,68.0,Bovada,3
401415187,2022,4,2022-09-24,Brown,Harvard,16.5,,61.5,,consensus,2
401415188,2022,5,2022-10-01,Rhode Island,Brown,-16.5,,66.0,,consensus,2
401415189,2022,6,2022-10-08,Central Connecticut,Brown,7.0,,60.0,,consensus,2
401415191,2022,8,2022-10-22,Brown,Cornell,-2.5,,58.5,,consensus,2
401415192,2022,9,2022-10-29,Brown,Pennsylvania,13.0,,55.5,,consensus,2
401415193,2022,10,2022-11-05,Yale,Brown,-13.0,,57.0,,consensus,2
401415194,2022,11,2022-11-12,Brown,Columbia,4.0,,55.5,,consensus,2
401415195,2022,12,2022-11-19,Dartmouth,Brown,-10.5,,50.5,,William Hill (New Jersey),1
401415196,2022,3,2022-09-17,Marist,Columbia,20.0,,50.5,,consensus,2
401415197,2022,4,2022-09-24,Georgetown,Columbia,10.5,,48.0,,consensus,2
401415198,2022,5,2022-10-01,Columbia,Princeton,4.0,,50.0,,consensus,2
401415199,2022,6,2022-10-08,Columbia,Wagner,-29.5,,50.0,,consensus,2
401415200,2022,7,2022-10-15,Pennsylvania,Columbia,-7.0,,39.0,,consensus,2
401415201,2022,8,2022-10-22,Columbia,Dartmouth,-2.0,,38.0,,consensus,2
401415202,2022,9,2022-10-28,Columbia,Yale,5.0,,43.5,,consensus,2
401415203,2022,10,2022-11-05,Harvard,Columbia,-10.5,,48.5,,consensus,2
401415204,2022,12,2022-11-19,Columbia,Cornell,-5.0,,44.0,,William Hill (New Jersey),1
401415209,2022,1,2022-09-03,Air Force,Northern Iowa,-16.0,-15.0,47.0,44.0,Bovada,3
401415210,2022,1,2022-09-03,New Mexico,Maine,-6.5,-5.0,42.0,42.0,Bovada,3
401415211,2022,1,2022-09-03,Wyoming,Tulsa,6.5,2.0,46.0,46.5,Bovada,4
401415212,2022,1,2022-09-03,Nevada,Texas State,2.0,-10.0,51.5,56.5,Bovada,4
401415213,2022,1,2022-09-01,San José State,Portland State,-22.0,-22.0,51.0,54.5,Bovada,3
401415214,2022,2,2022-09-09,New Mexico,Boise State,17.0,17.0,43.5,46.5,Bovada,4
401415215,2022,2,2022-09-10,Utah State,Weber State,-6.5,,59.5,,consensus,2
401415216,2022,2,2022-09-10,Nevada,Incarnate Word,-4.0,,61.5,,consensus,2
401415217,2022,3,2022-09-16,Wyoming,Air Force,17.0,15.0,47.0,50.0,Bovada,4
401415218,2022,3,2022-09-17,Boise State,UT Martin,-24.5,,53.5,,consensus,2
401415220,2022,4,2022-09-23,Air Force,Nevada,-24.0,-25.0,47.0,48.5,Bovada,4
401415221,2022,4,2022-09-24,Colorado State,Sacramento State,4.5,,59.5,,consensus,2
401415222,2022,4,2022-09-24,Utah State,UNLV,3.0,3.0,62.0,62.0,Bovada,4
401415223,2022,4,2022-09-24,BYU,Wyoming,-21.0,-21.0,49.0,51.5,Bovada,4
401415224,2022,4,2022-09-24,San Diego State,Toledo,3.0,0.0,44.5,46.5,Bovada,4
401415225,2022,4,2022-09-24,San José State,Western Michigan,-6.5,-3.5,48.5,51.5,Bovada,4
401415226,2022,5,2022-09-29,BYU,Utah State,-26.0,-24.0,60.0,60.5,Bovada,4
401415227,2022,5,2022-10-01,Air Force,Navy,-13.5,-16.0,38.0,38.0,Bovada,4
401415228,2022,5,2022-09-30,Boise State,San Diego State,-6.0,-5.5,38.0,40.0,Bovada,4
401415229,2022,5,2022-09-30,UNLV,New Mexico,-14.0,-16.0,44.5,45.5,Bovada,4
401415230,2022,5,2022-10-01,Wyoming,San José State,2.5,-1.0,42.5,43.5,Bovada,4
401415231,2022,6,2022-10-08,Utah State,Air Force,11.5,9.0,54.0,55.5,Bovada,4
401415232,2022,6,2022-10-08,Boise State,Fresno State,-10.5,-7.0,45.0,49.0,Bovada,4
401415233,2022,6,2022-10-07,Nevada,Colorado State,-3.5,-3.0,45.0,47.0,Bovada,4
401415234,2022,6,2022-10-08,New Mexico,Wyoming,3.0,3.5,37.0,37.5,Bovada,4
401415235,2022,6,2022-10-08,San Diego State,Hawai'i,-24.0,-21.0,49.0,49.5,Bovada,4
401415236,2022,6,2022-10-07,San José State,UNLV,-6.5,-5.0,51.5,50.5,Bovada,4
401415237,2022,7,2022-10-15,UNLV,Air Force,10.0,9.5,50.0,54.0,Bovada,4
401415238,2022,7,2022-10-15,Colorado State,Utah State,14.0,9.0,45.5,48.0,Bovada,4
401415239,2022,7,2022-10-15,Fresno State,San José State,7.0,6.5,47.0,49.5,Bovada,4
401415240,2022,7,2022-10-15,Hawai'i,Nevada,6.0,4.5,51.5,48.5,Bovada,2
401415241,2022,8,2022-10-22,Air Force,Boise State,-2.0,-4.0,46.5,48.5,Bovada,4
401415242,2022,8,2022-10-22,Colorado State,Hawai'i,-6.0,-5.5,46.0,46.5,Bovada,4
401415243,2022,8,2022-10-22,New Mexico,Fresno State,10.0,12.5,40.0,42.5,Bovada,4
401415244,2022,8,2022-10-22,Wyoming,Utah State,-5.0,-3.5,44.5,42.0,Bovada,4
401415245,2022,8,2022-10-22,Nevada,San Diego State,7.0,9.0,36.0,36.5,Bovada,4
401415246,2022,9,2022-10-29,Boise State,Colorado State,-25.0,-28.0,42.5,44.0,Bovada,4
401415247,2022,9,2022-10-29,Hawai'i,Wyoming,12.0,11.0,51.0,50.5,Bovada,4
401415248,2022,9,2022-10-29,Fresno State,San Diego State,-11.0,-8.0,44.5,39.5,Bovada,4
401415249,2022,9,2022-10-29,San José State,Nevada,-24.5,-25.0,44.5,44.0,Bovada,4
401415250,2022,10,2022-11-05,Boise State,BYU,-9.0,-8.5,54.0,55.5,Bovada,4
401415251,2022,10,2022-11-05,San José State,Colorado State,-24.0,-22.0,44.5,45.0,Bovada,4
401415252,2022,10,2022-11-05,Utah State,New Mexico,-14.5,-15.5,42.5,43.5,Bovada,4
401415253,2022,10,2022-11-05,Fresno State,Hawai'i,-27.5,-23.0,62.0,57.5,Bovada,4
401415254,2022,10,2022-11-05,San Diego State,UNLV,-5.0,-6.5,47.0,48.0,Bovada,4
401415255,2022,11,2022-11-12,Nevada,Boise State,21.0,20.5,47.5,48.5,Bovada,4
401415256,2022,11,2022-11-12,Air Force,New Mexico,-21.0,-24.0,37.5,39.0,Bovada,4
401415257,2022,11,2022-11-12,Hawai'i,Utah State,10.5,11.5,55.0,55.5,Bovada,4
401415258,2022,11,2022-11-12,Colorado State,Wyoming,8.5,8.5,42.5,42.0,Bovada,4
401415259,2022,11,2022-11-11,UNLV,Fresno State,8.5,8.5,62.0,58.0,Bovada,4
401415260,2022,11,2022-11-12,San Diego State,San José State,2.5,2.0,41.0,39.5,Bovada,4
401415261,2022,12,2022-11-19,Wyoming,Boise State,14.5,12.5,44.5,44.5,Bovada,4
401415262,2022,12,2022-11-19,Air Force,Colorado State,-21.5,-22.5,43.0,44.0,Bovada,4
401415263,2022,12,2022-11-19,Nevada,Fresno State,23.0,22.5,54.0,54.5,Bovada,4
401415264,2022,12,2022-11-18,New Mexico,San Diego State,14.5,14.5,36.0,39.5,Bovada,4
401415265,2022,12,2022-11-19,Utah State,San José State,-1.5,3.0,51.0,51.5,Bovada,4
401415266,2022,12,2022-11-19,Hawai'i,UNLV,11.0,10.0,56.5,59.5,Bovada,4
401415267,2022,13,2022-11-26,San Diego State,Air Force,2.0,1.5,43.5,44.5,Bovada,4
401415268,2022,13,2022-11-25,Colorado State,New Mexico,-7.5,-7.0,36.0,35.5,Bovada,4
401415269,2022,13,2022-11-25,Boise State,Utah State,-16.5,-16.5,52.0,52.0,Bovada,4
401415270,2022,13,2022-11-25,Fresno State,Wyoming,-14.0,-14.5,50.5,50.0,Bovada,4
401415271,2022,13,2022-11-26,San José State,Hawai'i,-15.5,-15.0,58.0,57.0,Bovada,4
401415272,2022,13,2022-11-26,UNLV,Nevada,-12.5,,49.0,50.5,Bovada,4
401415404,2022,3,2022-09-17,VMI,Cornell,-14.5,-15.0,54.5,54.5,Bovada,3
401415405,2022,4,2022-09-24,Cornell,Yale,9.0,,52.0,,consensus,2
401415406,2022,5,2022-10-01,Colgate,Cornell,-4.0,,44.0,,consensus,2
401415407,2022,6,2022-10-07,Cornell,Harvard,11.5,,50.5,,consensus,1
401415408,2022,7,2022-10-15,Cornell,Lehigh,-7.5,,48.5,,consensus,2
401415410,2022,10,2022-11-05,Cornell,Pennsylvania,10.5,,46.5,,consensus,2
401415411,2022,11,2022-11-12,Cornell,Dartmouth,6.0,,44.5,,William Hill (New Jersey),1
401415610,2022,1,2022-09-01,UCF,South Carolina State,-43.5,-39.5,58.5,57.0,Bovada,3
401415611,2022,1,2022-09-03,Navy,Delaware,-13.0,-12.0,49.5,48.5,Bovada,3
401415612,2022,1,2022-09-03,South Florida,BYU,12.5,12.5,57.5,57.5,Bovada,4
401415613,2022,2,2022-09-09,UCF,Louisville,-6.0,-6.0,63.0,61.5,Bovada,4
401415614,2022,2,2022-09-10,Temple,Lafayette,-13.5,,39.5,,consensus,2
401415615,2022,2,2022-09-10,Tulane,Alcorn State,-35.5,,59.5,,consensus,2
401415616,2022,2,2022-09-10,SMU,Lamar,-48.5,,66.0,,consensus,2
401415617,2022,2,2022-09-10,Navy,Memphis,4.5,6.5,47.0,50.0,Bovada,4
401415618,2022,2,2022-09-10,South Florida,Howard,-39.5,,61.5,,consensus,2
401415620,2022,2,2022-09-10,Tulsa,Northern Illinois,-6.5,-6.0,63.0,57.0,Bovada,4
401415621,2022,3,2022-09-17,East Carolina,Campbell,-32.5,,58.0,,consensus,2
401415622,2022,3,2022-09-17,Memphis,Arkansas State,-14.5,-13.5,64.0,62.0,Bovada,4
401415623,2022,3,2022-09-17,Miami (OH),Cincinnati,24.0,20.0,51.0,50.0,Bovada,4
401415624,2022,4,2022-09-24,East Carolina,Navy,-16.5,-17.5,48.5,48.5,Bovada,4
401415625,2022,5,2022-09-30,Houston,Tulane,-5.5,-3.0,52.0,55.0,Bovada,4
401415626,2022,5,2022-10-01,South Florida,East Carolina,9.5,8.0,55.5,59.0,Bovada,4
401415627,2022,5,2022-10-01,Tulsa,Cincinnati,10.0,12.0,59.0,60.5,Bovada,4
401415628,2022,5,2022-10-01,Memphis,Temple,-18.0,-20.5,49.5,53.0,Bovada,4
401415629,2022,6,2022-10-05,UCF,SMU,-3.0,-3.5,65.0,65.0,Bovada,4
401415630,2022,6,2022-10-07,Memphis,Houston,-1.0,-3.0,58.0,57.5,Bovada,4
401415631,2022,6,2022-10-08,Tulane,East Carolina,-2.5,-3.0,55.5,54.0,Bovada,4
401415632,2022,6,2022-10-08,Navy,Tulsa,4.5,6.0,45.5,47.0,Bovada,4
401415633,2022,6,2022-10-08,Cincinnati,South Florida,-27.0,-27.5,58.5,59.0,Bovada,4
401415634,2022,7,2022-10-13,UCF,Temple,-23.5,-24.5,46.5,46.0,Bovada,4
401415635,2022,7,2022-10-14,SMU,Navy,-12.5,-11.0,59.0,57.0,Bovada,4
401415636,2022,7,2022-10-15,South Florida,Tulane,11.5,10.5,55.0,55.0,Bovada,4
401415637,2022,7,2022-10-15,East Carolina,Memphis,-5.5,-3.5,62.5,59.5,Bovada,4
401415638,2022,8,2022-10-21,Temple,Tulsa,14.0,13.0,53.5,52.5,Bovada,4
401415639,2022,8,2022-10-22,Tulane,Memphis,-7.0,-6.0,55.5,56.0,Bovada,4
401415640,2022,8,2022-10-22,Navy,Houston,3.0,3.0,51.0,53.0,Bovada,4
401415641,2022,8,2022-10-22,SMU,Cincinnati,4.0,3.0,59.5,62.5,Bovada,4
401415642,2022,8,2022-10-22,East Carolina,UCF,6.0,4.5,63.0,64.5,Bovada,4
401415643,2022,9,2022-10-29,Houston,South Florida,-17.5,-18.0,59.5,62.0,Bovada,4
401415644,2022,9,2022-10-29,UCF,Cincinnati,-1.5,0.0,56.0,55.5,Bovada,4
401415645,2022,9,2022-10-28,BYU,East Carolina,-3.0,-3.0,64.0,60.5,Bovada,4
401415646,2022,9,2022-10-29,Navy,Temple,-14.5,-13.5,41.0,39.5,Bovada,4
401415647,2022,9,2022-10-29,Tulsa,SMU,1.5,3.0,63.5,66.5,Bovada,4
401415648,2022,10,2022-11-05,Temple,South Florida,3.5,3.5,49.0,51.5,Bovada,4
401415649,2022,10,2022-11-05,Tulsa,Tulane,6.5,8.5,55.5,58.5,Bovada,4
401415650,2022,10,2022-11-05,Cincinnati,Navy,-18.5,-20.5,43.5,48.5,Bovada,4
401415651,2022,10,2022-11-05,Memphis,UCF,3.0,5.0,60.5,61.5,Bovada,4
401415652,2022,10,2022-11-05,SMU,Houston,-3.5,-2.5,65.5,67.5,Bovada,4
401415653,2022,11,2022-11-10,Memphis,Tulsa,-6.5,-6.5,62.5,62.5,Bovada,4
401415654,2022,11,2022-11-11,Cincinnati,East Carolina,-4.5,-6.5,51.0,53.5,Bovada,4
401415655,2022,11,2022-11-12,Houston,Temple,-20.0,-20.0,55.0,58.0,Bovada,4
401415656,2022,11,2022-11-12,South Florida,SMU,17.5,17.0,72.5,74.5,Bovada,4
401415657,2022,11,2022-11-12,Tulane,UCF,-1.0,-2.0,54.5,51.5,Bovada,4
401415658,2022,12,2022-11-17,Tulane,SMU,-3.5,-3.0,65.0,65.0,Bovada,4
401415659,2022,12,2022-11-18,Tulsa,South Florida,-14.0,-12.0,57.5,60.5,Bovada,4
401415660,2022,12,2022-11-19,East Carolina,Houston,-6.0,-6.5,66.5,67.0,Bovada,4
401415661,2022,12,2022-11-19,UCF,Navy,-15.0,-16.5,53.0,53.5,Bovada,4
401415662,2022,12,2022-11-19,Memphis,North Alabama,-36.0,,67.5,,consensus,2
401415663,2022,12,2022-11-19,Temple,Cincinnati,17.0,18.0,49.0,54.0,Bovada,4
401415664,2022,13,2022-11-26,Temple,East Carolina,9.5,12.5,52.0,50.5,Bovada,4
401415665,2022,13,2022-11-25,Cincinnati,Tulane,1.0,-2.5,44.5,47.5,Bovada,4
401415666,2022,13,2022-11-26,SMU,Memphis,-4.5,-4.0,69.0,71.5,Bovada,4
401415667,2022,13,2022-11-26,South Florida,UCF,20.0,20.0,67.0,69.5,Bovada,4
401415668,2022,13,2022-11-26,Houston,Tulsa,-13.0,-12.0,67.0,67.5,Bovada,4
401416569,2022,1,2022-09-01,Oklahoma State,Central Michigan,-20.5,-18.5,58.0,59.5,Bovada,4
401416590,2022,1,2022-09-02,Eastern Michigan,Eastern Kentucky,-10.5,-13.0,58.0,58.0,Bovada,3
401416591,2022,1,2022-09-02,Michigan State,Western Michigan,-22.0,-19.0,54.5,54.5,Bovada,4
401416592,2022,1,2022-09-01,Northern Illinois,Eastern Illinois,-35.0,-35.0,55.5,54.0,Bovada,3
401416594,2022,2,2022-09-10,Ball State,Western Michigan,6.5,6.5,52.0,55.5,Bovada,4
401416595,2022,2,2022-09-10,Bowling Green,Eastern Kentucky,-7.5,,57.0,,consensus,2
401416596,2022,2,2022-09-10,Buffalo,Holy Cross,-6.0,,51.5,,consensus,2
401416597,2022,2,2022-09-10,Central Michigan,South Alabama,-6.0,-6.5,57.5,59.0,Bovada,4
401416598,2022,2,2022-09-10,Louisiana,Eastern Michigan,-11.0,-11.0,56.0,56.0,Bovada,4
401416599,2022,2,2022-09-10,Miami (OH),Robert Morris,-30.0,,54.0,,consensus,2
401416600,2022,3,2022-09-17,Ball State,Murray State,-21.0,-21.0,53.0,53.0,Bovada,3
401416601,2022,3,2022-09-17,Coastal Carolina,Buffalo,-11.5,-18.5,60.0,58.0,Bovada,4
401416602,2022,3,2022-09-17,Central Michigan,Bucknell,-41.0,-41.0,59.0,59.0,Bovada,3
401416603,2022,3,2022-09-17,Kent State,Long Island University,-40.0,-40.0,65.0,65.0,Bovada,3
401416604,2022,4,2022-09-24,Eastern Michigan,Buffalo,-7.0,-4.5,57.0,60.5,Bovada,4
401416605,2022,4,2022-09-24,Georgia Southern,Ball State,-9.5,-8.5,67.0,61.5,Bovada,4
401416606,2022,4,2022-09-24,Ohio,Fordham,-16.5,,73.5,,consensus,2
401416607,2022,5,2022-10-01,Toledo,Central Michigan,-6.5,-6.5,55.5,58.5,Bovada,4
401416608,2022,5,2022-10-01,Ball State,Northern Illinois,3.0,3.5,58.5,60.0,Bovada,4
401416609,2022,5,2022-10-01,Akron,Bowling Green,8.5,6.5,49.5,52.0,Bovada,4
401416610,2022,5,2022-10-01,Buffalo,Miami (OH),-3.0,1.5,50.5,52.5,Bovada,4
401416611,2022,5,2022-10-01,Kent State,Ohio,-13.0,-7.0,65.5,69.0,Bovada,4
401416612,2022,5,2022-10-01,Western Michigan,New Hampshire,-15.0,,52.5,,consensus,2
401416613,2022,6,2022-10-08,Central Michigan,Ball State,-7.5,-9.0,63.5,64.0,Bovada,4
401416614,2022,6,2022-10-08,Western Michigan,Eastern Michigan,-4.5,-4.0,55.5,58.0,Bovada,4
401416615,2022,6,2022-10-08,Northern Illinois,Toledo,6.5,6.0,59.5,60.0,Bovada,4
401416616,2022,6,2022-10-08,Ohio,Akron,-10.0,-11.5,59.0,58.5,Bovada,4
401416617,2022,6,2022-10-08,Bowling Green,Buffalo,2.0,-1.5,56.0,55.5,Bovada,4
401416618,2022,6,2022-10-08,Miami (OH),Kent State,5.0,3.5,56.5,57.5,Bovada,4
401416619,2022,7,2022-10-15,Akron,Central Michigan,12.0,13.5,60.5,58.5,Bovada,4
401416620,2022,7,2022-10-15,Eastern Michigan,Northern Illinois,-3.5,-3.0,64.0,63.0,Bovada,4
401416621,2022,7,2022-10-15,Toledo,Kent State,-7.0,-9.0,62.5,62.0,Bovada,4
401416622,2022,7,2022-10-15,Bowling Green,Miami (OH),7.0,7.0,45.0,47.5,Bovada,4
401416623,2022,7,2022-10-15,Western Michigan,Ohio,-2.0,-2.0,61.5,60.0,Bovada,4
401416624,2022,8,2022-10-22,Ball State,Eastern Michigan,-2.5,-3.0,57.5,57.5,Bovada,4
401416625,2022,8,2022-10-22,Ohio,Northern Illinois,2.5,1.5,65.5,65.5,Bovada,4
401416626,2022,8,2022-10-22,Buffalo,Toledo,7.0,7.5,56.0,62.0,Bovada,4
401416627,2022,8,2022-10-22,Miami (OH),Western Michigan,-7.0,-5.5,44.0,45.5,Bovada,1
401416628,2022,8,2022-10-22,Kent State,Akron,-16.0,-19.5,65.0,67.0,Bovada,4
401416629,2022,8,2022-10-22,Central Michigan,Bowling Green,-5.5,-7.5,51.0,50.5,Bovada,4
401416630,2022,9,2022-10-29,Eastern Michigan,Toledo,4.0,8.5,54.0,58.0,Bovada,4
401416631,2022,9,2022-10-29,Akron,Miami (OH),9.5,9.0,51.5,46.0,Bovada,4
401416632,2022,10,2022-11-01,Kent State,Ball State,-7.0,-4.0,62.0,61.5,Bovada,4
401416633,2022,10,2022-11-01,Ohio,Buffalo,2.5,3.0,61.5,58.5,Bovada,4
401416634,2022,10,2022-11-02,Northern Illinois,Central Michigan,-4.5,-4.0,54.0,55.5,Bovada,4
401416635,2022,10,2022-11-02,Bowling Green,Western Michigan,-5.0,-3.5,47.5,47.0,Bovada,4
401416636,2022,11,2022-11-08,Toledo,Ball State,-14.0,-12.0,53.5,51.5,Bovada,4
401416637,2022,11,2022-11-08,Akron,Eastern Michigan,6.0,9.0,57.0,55.5,Bovada,4
401416638,2022,11,2022-11-08,Miami (OH),Ohio,2.5,1.0,52.0,50.5,Bovada,4
401416639,2022,11,2022-11-09,Western Michigan,Northern Illinois,0.0,0.0,49.0,52.0,Bovada,4
401416640,2022,11,2022-11-09,Central Michigan,Buffalo,-2.5,0.0,54.0,55.5,Bovada,4
401416641,2022,11,2022-11-09,Bowling Green,Kent State,3.0,2.5,56.0,57.5,Bovada,4
401416642,2022,12,2022-11-15,Toledo,Bowling Green,-14.5,-15.0,46.5,50.5,Bovada,4
401416643,2022,12,2022-11-15,Ball State,Ohio,3.5,4.5,57.5,53.0,Bovada,4
401416644,2022,12,2022-11-16,Kent State,Eastern Michigan,-7.5,-7.0,60.0,61.5,Bovada,4
401416645,2022,12,2022-11-16,Central Michigan,Western Michigan,-10.0,-9.5,49.0,50.0,Bovada,4
401416646,2022,12,2022-11-16,Northern Illinois,Miami (OH),0.0,-3.0,44.0,48.0,Bovada,4
401416648,2022,13,2022-11-22,Miami (OH),Ball State,-2.5,-2.0,45.0,44.5,Bovada,4
401416649,2022,13,2022-11-22,Ohio,Bowling Green,-5.5,-7.0,52.5,55.0,Bovada,4
401416650,2022,13,2022-11-25,Eastern Michigan,Central Michigan,-1.0,1.5,53.0,54.0,Bovada,4
401416651,2022,13,2022-11-25,Western Michigan,Toledo,8.5,8.0,50.0,52.5,Bovada,4
401416652,2022,13,2022-11-26,Northern Illinois,Akron,-9.5,-9.5,51.5,54.0,Bovada,4
401416653,2022,13,2022-11-26,Buffalo,Kent State,-4.5,-4.5,51.0,53.0,Bovada,4
401418597,2022,5,2022-10-01,Harvard,Holy Cross,6.5,,46.5,,consensus,2
401418598,2022,7,2022-10-15,Howard,Harvard,17.5,,54.5,,consensus,2
401418599,2022,8,2022-10-21,Harvard,Princeton,2.5,,47.0,,consensus,2
401418600,2022,9,2022-10-29,Dartmouth,Harvard,2.5,,53.5,,William Hill (New Jersey),1
401418601,2022,11,2022-11-12,Pennsylvania,Harvard,-2.5,,44.5,,William Hill (New Jersey),1
401418602,2022,12,2022-11-19,Harvard,Yale,-1.5,,52.5,,consensus,2
401418603,2022,3,2022-09-17,Dartmouth,Valparaiso,-32.5,-32.5,48.5,49.5,Bovada,2
401418605,2022,5,2022-09-30,Dartmouth,Pennsylvania,-14.0,,43.5,,consensus,2
401418606,2022,6,2022-10-08,Yale,Dartmouth,-4.5,,50.0,,consensus,2
401418607,2022,7,2022-10-15,Dartmouth,New Hampshire,-3.0,,48.0,,consensus,2
401418608,2022,10,2022-11-05,Princeton,Dartmouth,-16.5,,42.5,,median,1
401418609,2022,1,2022-09-03,Austin Peay,Presbyterian,-36.0,,61.5,,consensus,2
401418631,2022,3,2022-09-17,Alabama A&M,Austin Peay,20.0,,65.5,,consensus,2
401418632,2022,4,2022-09-24,Austin Peay,Eastern Kentucky,-1.5,,63.5,,consensus,2
401418633,2022,5,2022-10-01,Central Arkansas,Austin Peay,6.5,,55.0,,consensus,2
401418634,2022,7,2022-10-15,Austin Peay,Murray State,-23.5,,52.5,,William Hill (New Jersey),1
401418635,2022,10,2022-11-05,North Alabama,Austin Peay,12.5,,64.0,,consensus,2
401418637,2022,3,2022-09-17,Eastern Kentucky,Charleston Southern,-18.0,,59.5,,consensus,2
401418638,2022,5,2022-10-01,Eastern Kentucky,Southern Utah,-14.5,,58.0,,consensus,2
401418639,2022,7,2022-10-15,Eastern Kentucky,Sam Houston,-6.5,,51.5,,consensus,2
401418640,2022,8,2022-10-22,Eastern Kentucky,North Alabama,-13.5,,67.5,,consensus,2
401418641,2022,9,2022-10-29,Southeast Missouri State,Eastern Kentucky,-6.0,,71.5,,William Hill (New Jersey),1
401418642,2022,10,2022-11-05,Eastern Kentucky,Central Arkansas,-1.0,,70.5,,consensus,2
401418645,2022,1,2022-09-01,Samford,Kennesaw State,13.5,10.5,68.5,68.5,Bovada,1
401418776,2022,1,2022-09-01,Indiana State,North Alabama,-3.5,-3.0,51.5,51.5,Bovada,3
401418778,2022,3,2022-09-17,Chattanooga,North Alabama,-20.5,,45.0,,consensus,2
401418779,2022,4,2022-09-24,North Alabama,Tarleton State,-2.0,,55.5,,William Hill (New Jersey),1
401418781,2022,11,2022-11-12,North Alabama,Tennessee Tech,-3.0,,66.5,,William Hill (New Jersey),1
401418782,2022,1,2022-09-01,Abilene Christian,Lamar,-16.0,-16.5,50.5,50.5,Bovada,3
401418787,2022,7,2022-10-15,Abilene Christian,Southern Utah,-7.0,,53.5,,William Hill (New Jersey),1
401418789,2022,9,2022-10-29,North Dakota,Abilene Christian,-11.5,,51.0,,consensus,2
401418790,2022,11,2022-11-12,Sam Houston,Abilene Christian,-8.0,,39.5,,William Hill (New Jersey),1
401418791,2022,12,2022-11-19,Abilene Christian,Stephen F. Austin,-8.5,,58.5,,William Hill (New Jersey),1
401418793,2022,4,2022-09-24,Texas State,Houston Christian,-26.5,,65.0,,consensus,2
401418798,2022,9,2022-10-29,Houston Christian,UT Martin,24.0,,58.0,,consensus,2
401418801,2022,12,2022-11-19,Tarleton State,Houston Christian,-18.0,,58.5,,William Hill (New Jersey),1
401418802,2022,3,2022-09-17,McNeese,Alcorn State,-7.0,,50.5,,William Hill (New Jersey),1
401418807,2022,10,2022-11-05,McNeese,Eastern Illinois,-4.5,,55.5,,consensus,2
401418813,2022,6,2022-10-08,Eastern Illinois,Northwestern State,-9.5,,58.0,,consensus,2
401418814,2022,8,2022-10-22,Northwestern State,Southeast Missouri State,16.5,,65.5,,consensus,2
401418829,2022,3,2022-09-17,Illinois State,Eastern Illinois,-15.5,,41.5,,consensus,2
401418830,2022,5,2022-10-01,Illinois State,Southern Illinois,7.5,,50.5,,consensus,2
401418831,2022,6,2022-10-08,Northern Iowa,Illinois State,-8.0,,41.5,,consensus,2
401418832,2022,7,2022-10-15,Illinois State,South Dakota,1.5,,40.0,,consensus,2
401418833,2022,8,2022-10-22,Indiana State,Illinois State,4.5,,40.5,,consensus,2
401418834,2022,9,2022-10-29,North Dakota State,Illinois State,-18.0,,41.0,,William Hill (New Jersey),1
401418835,2022,10,2022-11-05,Illinois State,Youngstown State,-1.5,,41.0,,William Hill (New Jersey),1
401418836,2022,11,2022-11-12,South Dakota State,Illinois State,-21.0,,38.5,,William Hill (New Jersey),1
401418837,2022,12,2022-11-19,Illinois State,Western Illinois,-21.0,,37.5,,William Hill (New Jersey),1
401418838,2022,5,2022-10-01,Northern Iowa,Indiana State,-23.5,,49.0,,consensus,2
401418839,2022,6,2022-10-08,Indiana State,North Dakota State,30.0,,45.5,,William Hill (New Jersey),1
401418840,2022,7,2022-10-15,Youngstown State,Indiana State,-12.0,,48.0,,consensus,2
401418841,2022,9,2022-10-29,South Dakota State,Indiana State,-26.5,,49.0,,consensus,2
401418842,2022,10,2022-11-05,Indiana State,North Dakota,11.5,,52.0,,consensus,2
401418843,2022,11,2022-11-12,Western Illinois,Indiana State,3.5,,52.0,,William Hill (New Jersey),1
401418844,2022,12,2022-11-19,Indiana State,Missouri State,10.5,,49.0,,William Hill (New Jersey),1
401420777,2022,1,2022-09-03,Georgia Southern,Morgan State,-39.5,-39.5,54.0,53.5,Bovada,3
401420779,2022,3,2022-09-17,Morgan State,Sacred Heart,15.0,15.0,32.5,32.5,Bovada,3
401420781,2022,6,2022-10-08,Morgan State,Norfolk State,-3.5,,48.5,,William Hill (New Jersey),1
401420782,2022,7,2022-10-13,North Carolina Central,Morgan State,-14.5,,52.5,,consensus,2
401420783,2022,8,2022-10-22,Delaware,Morgan State,-33.5,,47.5,,consensus,2
401420784,2022,9,2022-10-29,Morgan State,South Carolina State,10.5,,46.0,,consensus,2
401420785,2022,10,2022-11-05,Stony Brook,Morgan State,-10.5,,43.5,,William Hill (New Jersey),1
401420786,2022,11,2022-11-12,Delaware State,Morgan State,-2.5,,41.0,,William Hill (New Jersey),1
401420787,2022,12,2022-11-19,Morgan State,Howard,5.0,,49.0,,William Hill (New Jersey),1
401420788,2022,2,2022-09-10,James Madison,Norfolk State,-41.5,,54.5,,consensus,2
401420789,2022,3,2022-09-17,Norfolk State,Hampton,2.5,,64.0,,William Hill (New Jersey),1
401420790,2022,4,2022-09-24,Norfolk State,Saint Francis,9.5,,47.0,,consensus,2
401420791,2022,5,2022-10-01,Sacred Heart,Norfolk State,-13.5,,41.0,,consensus,2
401420793,2022,9,2022-10-29,Norfolk State,Howard,7.0,,52.0,,consensus,2
401420794,2022,10,2022-11-05,North Carolina A&T,Norfolk State,-23.5,,53.5,,William Hill (New Jersey),1
401420795,2022,11,2022-11-12,Norfolk State,North Carolina Central,18.5,,61.5,,William Hill (New Jersey),1
401420796,2022,12,2022-11-19,South Carolina State,Norfolk State,-15.5,,50.0,,William Hill (New Jersey),1
401420797,2022,1,2022-09-03,North Carolina Central,North Carolina A&T,-11.5,,49.0,,consensus,2
401420799,2022,3,2022-09-17,New Hampshire,North Carolina Central,-13.5,,44.5,,consensus,2
401420801,2022,5,2022-10-01,Campbell,North Carolina Central,-5.5,,51.5,,consensus,2
401420802,2022,8,2022-10-22,South Carolina State,North Carolina Central,-1.0,,58.5,,consensus,2
401420803,2022,9,2022-10-29,Delaware State,North Carolina Central,13.0,,48.0,,William Hill (New Jersey),1
401420804,2022,10,2022-11-05,North Carolina Central,Howard,-7.0,,59.0,,consensus,2
401420805,2022,12,2022-11-19,Tennessee Tech,North Carolina Central,2.5,,60.5,,William Hill (New Jersey),1
401420806,2022,1,2022-09-01,Central Arkansas,Missouri State,16.5,14.5,65.5,64.0,Bovada,3
401420807,2022,2,2022-09-08,Missouri State,UT Martin,-14.0,-11.0,59.0,56.5,Bovada,1
401420808,2022,4,2022-09-24,Missouri State,South Dakota State,2.0,,52.5,,William Hill (New Jersey),1
401420809,2022,5,2022-10-01,North Dakota,Missouri State,5.5,,51.5,,consensus,2
401420810,2022,6,2022-10-08,Missouri State,Southern Illinois,-3.5,,62.5,,William Hill (New Jersey),1
401420811,2022,8,2022-10-22,Northern Iowa,Missouri State,-1.5,,56.5,,consensus,2
401420812,2022,9,2022-10-29,Missouri State,Western Illinois,-17.5,,56.5,,William Hill (New Jersey),1
401420813,2022,10,2022-11-05,South Dakota,Missouri State,3.5,,53.5,,consensus,2
401420814,2022,11,2022-11-12,Missouri State,Youngstown State,-4.0,,57.5,,William Hill (New Jersey),1
401420816,2022,4,2022-09-24,Southern Illinois,North Dakota,-4.0,,60.0,,consensus,2
401420817,2022,6,2022-10-08,Youngstown State,North Dakota,-1.5,,51.0,,William Hill (New Jersey),1
401420818,2022,8,2022-10-22,North Dakota,South Dakota State,10.0,,45.5,,consensus,2
401420819,2022,11,2022-11-12,North Dakota,South Dakota,-8.5,,49.5,,consensus,2
401420820,2022,12,2022-11-19,North Dakota State,North Dakota,-12.5,,55.5,,William Hill (New Jersey),1
401420822,2022,1,2022-09-03,Youngstown State,Duquesne,-16.5,,54.0,,consensus,2
401420824,2022,5,2022-10-01,North Dakota State,Youngstown State,-23.0,,53.0,,William Hill (New Jersey),1
401420825,2022,8,2022-10-22,Western Illinois,Youngstown State,12.5,,58.0,,consensus,2
401420826,2022,9,2022-10-29,Youngstown State,South Dakota,-3.5,,47.5,,William Hill (New Jersey),1
401420827,2022,12,2022-11-19,Youngstown State,Southern Illinois,3.0,,55.5,,consensus,2
401420828,2022,4,2022-09-24,South Dakota,North Dakota State,16.5,,47.5,,consensus,1
401420829,2022,6,2022-10-08,South Dakota State,South Dakota,-14.5,,43.0,,consensus,2
401420830,2022,8,2022-10-22,South Dakota,Southern Illinois,3.5,,45.5,,consensus,2
401420831,2022,12,2022-11-19,South Dakota,Northern Iowa,5.0,,47.0,,William Hill (New Jersey),1
401420832,2022,3,2022-09-17,South Dakota State,Butler,-51.5,,59.5,,consensus,2
401420833,2022,5,2022-10-01,South Dakota State,Western Illinois,-34.5,,56.5,,consensus,2
401420834,2022,7,2022-10-15,North Dakota State,South Dakota State,-4.0,,46.0,,consensus,2
401420835,2022,10,2022-11-05,Northern Iowa,South Dakota State,10.5,,49.5,,consensus,2
401420836,2022,1,2022-09-03,North Dakota State,Drake,-48.0,,52.0,,consensus,2
401420838,2022,10,2022-11-05,Western Illinois,North Dakota State,29.5,,46.5,,consensus,2
401420839,2022,11,2022-11-12,Southern Illinois,North Dakota State,7.0,,54.0,,William Hill (New Jersey),1
401420840,2022,1,2022-09-01,UT Martin,Western Illinois,-17.0,,61.5,,consensus,2
401420842,2022,4,2022-09-24,UT Martin,Lindenwood,-27.5,,51.5,,William Hill (New Jersey),1
401420843,2022,5,2022-10-01,Lindenwood,Southeast Missouri State,18.5,,58.0,,consensus,2
401420844,2022,6,2022-10-08,Murray State,UT Martin,15.5,,56.5,,consensus,2
401420845,2022,12,2022-11-19,UT Martin,Eastern Illinois,-22.0,,58.5,,William Hill (New Jersey),1
401420846,2022,1,2022-09-03,Incarnate Word,Southern Illinois,4.5,,65.0,,consensus,2
401420847,2022,3,2022-09-17,Prairie View A&M,Incarnate Word,19.0,,66.5,,consensus,2
401420850,2022,7,2022-10-15,Nicholls,Incarnate Word,25.5,,72.5,,consensus,2
401420854,2022,12,2022-11-19,Northwestern State,Incarnate Word,28.5,,71.5,,William Hill (New Jersey),1
401420866,2022,8,2022-10-22,Lamar,Prairie View A&M,10.0,,48.0,,consensus,2
401420867,2022,9,2022-10-29,Lamar,Nicholls,7.5,,59.0,,William Hill (New Jersey),1
401420868,2022,12,2022-11-19,McNeese,Lamar,-14.5,,57.0,,William Hill (New Jersey),1
401420870,2022,5,2022-10-01,Sam Houston,Stephen F. Austin,-6.5,,54.0,,consensus,2
401420872,2022,12,2022-11-19,Sam Houston,Southern Utah,-11.0,,49.0,,William Hill (New Jersey),1
401420873,2022,1,2022-09-03,Alcorn State,Stephen F. Austin,15.0,,50.5,,consensus,2
401420874,2022,8,2022-10-22,Southern Utah,Stephen F. Austin,4.5,,46.0,,consensus,2
401420875,2022,7,2022-10-15,Stephen F. Austin,Tarleton State,-7.5,,62.0,,consensus,2
401420876,2022,11,2022-11-12,Stephen F. Austin,Central Arkansas,0.0,,74.5,,William Hill (New Jersey),1
401420877,2022,1,2022-09-01,Southern Utah,St. Thomas (MN),-3.0,,49.5,,consensus,2
401420879,2022,6,2022-10-08,Southern Utah,Tarleton State,-2.5,,58.5,,consensus,2
401420880,2022,1,2022-09-01,Tarleton State,Mississippi Valley State,-13.0,,51.0,,consensus,2
401421097,2022,6,2022-10-08,Drake,San Diego,7.5,,48.0,,consensus,2
401421098,2022,7,2022-10-15,San Diego,Presbyterian,-27.5,,56.0,,consensus,2
401421099,2022,9,2022-10-29,St. Thomas (MN),San Diego,-6.5,,44.0,,William Hill (New Jersey),1
401421100,2022,10,2022-11-05,San Diego,Butler,-6.0,,51.5,,consensus,2
401421101,2022,11,2022-11-12,San Diego,Davidson,4.5,,57.5,,William Hill (New Jersey),1
401421102,2022,12,2022-11-19,Morehead State,San Diego,14.5,,57.5,,consensus,2
401421105,2022,6,2022-10-08,Presbyterian,Valparaiso,16.5,,53.0,,consensus,2
401421107,2022,8,2022-10-22,Morehead State,Valparaiso,3.0,,55.5,,consensus,2
401421108,2022,9,2022-10-29,Dayton,Valparaiso,-3.0,,55.0,,consensus,2
401421110,2022,11,2022-11-12,Marist,Valparaiso,2.0,,48.0,,William Hill (New Jersey),1
401421113,2022,7,2022-10-15,Valparaiso,Butler,-10.5,,48.5,,consensus,2
401421114,2022,10,2022-11-05,Valparaiso,St. Thomas (MN),6.0,,51.5,,consensus,2
401421115,2022,12,2022-11-19,Valparaiso,Drake,-7.5,,48.5,,William Hill (New Jersey),1
401421116,2022,1,2022-09-03,South Alabama,Nicholls,-13.5,-13.5,53.0,53.0,Bovada,3
401421117,2022,2,2022-09-10,UL Monroe,Nicholls,-4.5,,58.5,,consensus,2
401421118,2022,3,2022-09-17,Southeast Missouri State,Nicholls,-5.5,,61.5,,consensus,2
401421121,2022,1,2022-09-03,Louisiana,SE Louisiana,-13.0,-13.0,61.0,61.0,Bovada,3
401421122,2022,3,2022-09-17,SE Louisiana,Central Connecticut,-21.5,,56.0,,consensus,2
401421123,2022,5,2022-10-01,SE Louisiana,Murray State,-24.5,,60.5,,consensus,2
401421129,2022,4,2022-09-22,Illinois,Chattanooga,-20.0,,44.5,,consensus,2
401421130,2022,5,2022-10-01,East Tennessee State,Chattanooga,6.5,,44.0,,consensus,2
401421131,2022,7,2022-10-15,Chattanooga,VMI,-25.0,,48.5,,consensus,2
401421132,2022,8,2022-10-22,Chattanooga,Mercer,1.5,,50.0,,consensus,2
401421133,2022,9,2022-10-29,Furman,Chattanooga,7.0,,44.5,,William Hill (New Jersey),1
401421134,2022,10,2022-11-05,The Citadel,Chattanooga,19.5,,39.5,,William Hill (New Jersey),1
401421135,2022,11,2022-11-12,Chattanooga,Samford,-4.5,,54.0,,consensus,2
401421136,2022,12,2022-11-19,Western Carolina,Chattanooga,7.5,,58.5,,William Hill (New Jersey),1
401421137,2022,1,2022-09-01,Campbell,The Citadel,-10.0,-10.0,56.0,56.0,Bovada,3
401421139,2022,3,2022-09-17,Mercer,The Citadel,-18.5,,48.5,,consensus,2
401421140,2022,5,2022-10-01,App State,The Citadel,-39.0,,54.5,,consensus,2
401421141,2022,6,2022-10-08,The Citadel,Furman,10.5,,41.5,,consensus,2
401421142,2022,8,2022-10-22,Western Carolina,The Citadel,-15.0,,53.0,,consensus,2
401421143,2022,9,2022-10-29,The Citadel,Samford,15.5,,46.0,,William Hill (New Jersey),1
401421145,2022,12,2022-11-19,VMI,The Citadel,3.5,,42.5,,consensus,2
401421157,2022,3,2022-09-17,East Tennessee State,Furman,-2.5,,47.5,,consensus,2
401421158,2022,4,2022-09-24,Charleston Southern,Furman,16.0,,55.5,,William Hill (New Jersey),1
401421159,2022,5,2022-10-01,Furman,Samford,-2.0,,53.5,,consensus,2
401421160,2022,7,2022-10-15,Furman,Western Carolina,-9.5,,58.5,,consensus,2
401421161,2022,8,2022-10-22,VMI,Furman,13.5,,52.5,,consensus,2
401421162,2022,11,2022-11-12,Mercer,Furman,-11.0,,52.5,,William Hill (New Jersey),1
401422922,2022,1,2022-08-27,Mercer,Morehead State,-27.5,-28.5,58.0,60.5,Bovada,3
401422923,2022,4,2022-09-24,Gardner-Webb,Mercer,7.0,,56.5,,consensus,2
401422924,2022,6,2022-10-08,Mercer,Western Carolina,-11.5,,64.5,,consensus,2
401422925,2022,7,2022-10-15,Mercer,East Tennessee State,-14.0,,52.5,,consensus,2
401422926,2022,9,2022-10-29,VMI,Mercer,27.5,,55.5,,William Hill (New Jersey),1
401422927,2022,12,2022-11-19,Samford,Mercer,0.0,,57.5,,William Hill (New Jersey),1
401422928,2022,3,2022-09-17,Tennessee Tech,Samford,16.0,,60.5,,consensus,2
401422929,2022,4,2022-09-24,Samford,Western Carolina,-3.5,,77.0,,consensus,2
401422970,2022,8,2022-10-22,East Tennessee State,Samford,2.5,,49.0,,William Hill (New Jersey),1
401422971,2022,10,2022-11-05,Samford,VMI,-28.5,,59.5,,William Hill (New Jersey),1
401422973,2022,5,2022-10-01,Western Carolina,VMI,-7.5,,66.5,,consensus,2
401422974,2022,6,2022-10-08,VMI,East Tennessee State,7.0,,50.5,,consensus,2
401422975,2022,1,2022-09-03,Charleston Southern,Western Carolina,3.0,,63.5,,consensus,2
401422976,2022,3,2022-09-17,Western Carolina,Presbyterian,-39.0,,65.5,,consensus,2
401422977,2022,11,2022-11-12,East Tennessee State,Western Carolina,-6.0,,73.5,,consensus,2
401422978,2022,1,2022-09-03,Bucknell,Towson,18.0,,49.5,,consensus,2
401422979,2022,5,2022-10-01,Bucknell,Lafayette,3.0,,35.5,,consensus,2
401422980,2022,6,2022-10-08,Holy Cross,Bucknell,-33.5,,47.5,,consensus,2
401422981,2022,7,2022-10-15,Yale,Bucknell,-29.0,,44.5,,consensus,2
401422982,2022,8,2022-10-22,Lehigh,Bucknell,-10.0,,36.0,,consensus,2
401422983,2022,9,2022-10-29,Bucknell,Colgate,7.5,,42.5,,consensus,2
401422984,2022,10,2022-11-05,Bucknell,Fordham,24.5,,64.5,,consensus,2
401422985,2022,11,2022-11-12,Georgetown,Bucknell,-6.5,,47.5,,William Hill (New Jersey),1
401422986,2022,12,2022-11-19,Bucknell,Marist,-8.0,,42.5,,William Hill (New Jersey),1
401422987,2022,1,2022-09-03,Lafayette,Sacred Heart,6.5,,36.5,,consensus,2
401422988,2022,3,2022-09-17,Lafayette,William & Mary,21.0,,38.5,,consensus,2
401422989,2022,4,2022-09-24,Pennsylvania,Lafayette,-11.5,,36.0,,William Hill (New Jersey),1
401422990,2022,6,2022-10-08,Lafayette,Princeton,16.0,,37.5,,consensus,2
401422991,2022,8,2022-10-22,Lafayette,Holy Cross,24.5,,38.5,,consensus,2
401422992,2022,9,2022-10-29,Lafayette,Georgetown,-10.5,,43.0,,consensus,2
401422993,2022,10,2022-11-05,Colgate,Lafayette,-4.5,,35.5,,consensus,2
401422994,2022,11,2022-11-12,Fordham,Lafayette,-21.5,,66.5,,William Hill (New Jersey),1
401422995,2022,12,2022-11-19,Lafayette,Lehigh,-3.0,,32.5,,William Hill (New Jersey),1
401422998,2022,3,2022-09-17,Lehigh,Richmond,16.0,16.0,47.0,47.0,Bovada,3
401422999,2022,4,2022-09-24,Princeton,Lehigh,-24.0,,49.5,,consensus,2
401423000,2022,5,2022-10-01,Lehigh,Monmouth,17.0,,53.0,,consensus,2
401423001,2022,6,2022-10-08,Lehigh,Fordham,16.0,,67.5,,consensus,2
401423002,2022,10,2022-11-05,Holy Cross,Lehigh,-30.0,,48.5,,consensus,2
401423003,2022,11,2022-11-12,Lehigh,Colgate,3.0,,38.5,,William Hill (New Jersey),1
401423138,2022,5,2022-10-01,Davidson,Butler,-21.5,,62.5,,consensus,2
401423139,2022,6,2022-10-08,Butler,Dayton,9.5,,51.5,,consensus,2
401423140,2022,8,2022-10-22,Butler,Marist,-7.0,,50.5,,consensus,2
401423141,2022,9,2022-10-29,Butler,Morehead State,-8.5,,58.5,,consensus,2
401423142,2022,11,2022-11-12,Drake,Butler,7.5,,44.5,,William Hill (New Jersey),1
401423143,2022,12,2022-11-19,Butler,St. Thomas (MN),7.5,,47.5,,consensus,2
401423146,2022,4,2022-09-24,Presbyterian,Davidson,30.0,,69.0,,consensus,2
401423147,2022,6,2022-10-08,St. Thomas (MN),Davidson,6.0,,54.5,,consensus,2
401423148,2022,7,2022-10-15,Davidson,Morehead State,-22.5,,58.5,,consensus,2
401423149,2022,8,2022-10-22,Drake,Davidson,12.5,,48.0,,consensus,2
401423150,2022,10,2022-11-05,Davidson,Stetson,-19.5,,57.0,,William Hill (New Jersey),1
401423151,2022,12,2022-11-19,Davidson,Dayton,-8.5,,58.5,,William Hill (New Jersey),1
401423153,2022,4,2022-09-24,Drake,Marist,-7.0,,42.5,,consensus,2
401423154,2022,5,2022-10-01,Dayton,Drake,-16.0,,52.0,,consensus,2
401423155,2022,7,2022-10-15,St. Thomas (MN),Drake,-16.5,,45.0,,consensus,2
401423156,2022,9,2022-10-29,Stetson,Drake,-7.0,,47.5,,William Hill (New Jersey),1
401423158,2022,4,2022-09-24,Stetson,Morehead State,2.5,,63.5,,consensus,2
401423159,2022,5,2022-10-01,Morehead State,Presbyterian,-17.5,,63.5,,consensus,2
401423160,2022,10,2022-11-05,Morehead State,Marist,3.0,,55.0,,consensus,2
401423161,2022,11,2022-11-12,Dayton,Morehead State,-14.0,,56.5,,William Hill (New Jersey),1
401423413,2022,3,2022-09-17,Stetson,Princeton,33.5,33.5,56.0,56.0,Bovada,2
401423414,2022,6,2022-10-08,Stetson,Marist,-5.5,,56.5,,consensus,2
401423415,2022,8,2022-10-22,Dayton,Stetson,-13.5,,53.0,,consensus,2
401423416,2022,11,2022-11-12,St. Thomas (MN),Stetson,-16.0,,59.5,,William Hill (New Jersey),1
401423417,2022,12,2022-11-19,Stetson,Presbyterian,-20.5,,56.0,,William Hill (New Jersey),1
401423420,2022,8,2022-10-22,Merrimack,Sacred Heart,-1.5,,47.5,,consensus,2
401423421,2022,9,2022-10-29,Sacred Heart,Saint Francis,6.0,,46.0,,consensus,2
401423422,2022,10,2022-11-05,Duquesne,Sacred Heart,-2.5,,44.5,,consensus,2
401423423,2022,11,2022-11-12,Wagner,Sacred Heart,17.0,,48.0,,William Hill (New Jersey),1
401423424,2022,12,2022-11-19,Sacred Heart,Long Island University,-10.0,,54.0,,William Hill (New Jersey),1
401423426,2022,3,2022-09-17,Wagner,Saint Francis,17.0,,50.0,,William Hill (New Jersey),1
401423427,2022,5,2022-10-01,Saint Francis,Central Connecticut,-18.5,,47.5,,consensus,2
401423428,2022,7,2022-10-15,Long Island University,Saint Francis,14.0,,50.5,,William Hill (New Jersey),1
401423430,2022,10,2022-11-05,Georgetown,Saint Francis,17.0,,56.5,,consensus,2
401423431,2022,11,2022-11-12,Saint Francis,Duquesne,-13.0,,52.0,,William Hill (New Jersey),1
401423432,2022,12,2022-11-19,Merrimack,Saint Francis,9.0,,47.5,,William Hill (New Jersey),1
401423434,2022,7,2022-10-15,Merrimack,Wagner,-19.5,,52.0,,William Hill (New Jersey),1
401423435,2022,8,2022-10-21,Wagner,Long Island University,3.5,,54.0,,consensus,2
401423436,2022,9,2022-10-29,Central Connecticut,Wagner,-8.5,,46.5,,consensus,2
401423438,2022,12,2022-11-19,Duquesne,Wagner,-20.0,,50.5,,William Hill (New Jersey),1
401423439,2022,2,2022-09-10,Troy,Alabama A&M,-37.5,,52.0,,consensus,2
401423440,2022,4,2022-09-24,Florida A&M,Alabama A&M,-10.0,,57.5,,William Hill (New Jersey),1
401423441,2022,5,2022-10-01,Alabama A&M,Bethune-Cookman,-6.5,,58.5,,consensus,2
401423442,2022,6,2022-10-08,Alabama A&M,Grambling,-8.0,,57.0,,William Hill (New Jersey),1
401423443,2022,7,2022-10-16,Arkansas-Pine Bluff,Alabama A&M,10.5,,56.0,,William Hill (New Jersey),1
401423444,2022,9,2022-10-29,Alabama State,Alabama A&M,2.5,,47.5,,consensus,2
401423446,2022,11,2022-11-12,Jackson State,Alabama A&M,-28.5,,55.0,,median,1
401423447,2022,12,2022-11-19,Alabama A&M,Texas Southern,2.5,,54.5,,William Hill (New Jersey),1
401423448,2022,1,2022-08-27,Alabama State,Howard,-2.0,-2.5,54.0,53.5,Bovada,3
401423450,2022,4,2022-09-24,Alabama State,Prairie View A&M,6.5,,42.5,,William Hill (New Jersey),1
401423451,2022,5,2022-10-01,Texas Southern,Alabama State,-5.5,,55.5,,consensus,2
401423452,2022,6,2022-10-08,Alabama State,Jackson State,26.5,,52.5,,consensus,2
401423453,2022,7,2022-10-15,Alabama State,Mississippi Valley State,-18.0,,37.5,,William Hill (New Jersey),1
401423454,2022,10,2022-11-05,Bethune-Cookman,Alabama State,6.5,,51.5,,consensus,2
401423455,2022,11,2022-11-12,Alabama State,Florida A&M,4.5,,36.5,,consensus,2
401423456,2022,13,2022-11-24,Alabama State,Arkansas-Pine Bluff,-18.0,,46.5,,William Hill (New Jersey),1
401423914,2022,3,2022-09-17,Pennsylvania,Colgate,-3.0,-3.0,,,Bovada,3
401423915,2022,6,2022-10-08,Georgetown,Pennsylvania,15.0,,41.5,,consensus,2
401423916,2022,8,2022-10-22,Pennsylvania,Yale,-4.5,,45.5,,consensus,2
401423917,2022,12,2022-11-19,Princeton,Pennsylvania,-11.5,,42.5,,median,1
401423918,2022,1,2022-09-03,Prairie View A&M,Texas Southern,-11.0,,60.5,,consensus,2
401423919,2022,3,2022-09-17,Southern,Texas Southern,7.0,,68.5,,consensus,2
401423920,2022,6,2022-10-08,Arkansas-Pine Bluff,Texas Southern,13.0,,63.5,,consensus,2
401423921,2022,8,2022-10-22,Alcorn State,Texas Southern,-9.5,,49.5,,consensus,2
401423923,2022,10,2022-11-05,Texas Southern,Jackson State,23.5,,51.5,,consensus,2
401423924,2022,11,2022-11-12,Texas Southern,Grambling,-6.5,,55.0,,William Hill (New Jersey),1
401423926,2022,5,2022-10-01,Southern,Arkansas-Pine Bluff,-14.0,,60.0,,consensus,2
401423927,2022,6,2022-10-08,Prairie View A&M,Southern,-4.5,,49.5,,consensus,2
401423928,2022,7,2022-10-15,Southern,Alcorn State,-8.0,,55.5,,consensus,2
401423950,2022,9,2022-10-29,Jackson State,Southern,-17.5,,56.0,,consensus,2
401423951,2022,10,2022-11-05,Florida A&M,Southern,-3.5,,47.5,,consensus,2
401423952,2022,11,2022-11-12,Southern,Mississippi Valley State,-20.5,,47.5,,William Hill (New Jersey),1
401423953,2022,13,2022-11-26,Southern,Grambling,-10.0,,53.0,,consensus,2
401424366,2022,4,2022-09-24,William & Mary,Elon,-6.5,,50.0,,consensus,2
401424367,2022,5,2022-10-01,Stony Brook,William & Mary,17.0,,44.0,,William Hill (New Jersey),1
401424368,2022,6,2022-10-08,William & Mary,Delaware,-2.5,,45.5,,William Hill (New Jersey),1
401424369,2022,8,2022-10-22,Towson,William & Mary,18.5,,48.5,,consensus,2
401424390,2022,9,2022-10-29,William & Mary,Rhode Island,-6.5,,59.5,,consensus,2
401424391,2022,10,2022-11-05,Hampton,William & Mary,20.5,,51.5,,consensus,2
401424392,2022,11,2022-11-12,William & Mary,Villanova,-10.5,,52.5,,consensus,2
401424393,2022,12,2022-11-19,Richmond,William & Mary,-1.5,,53.0,,William Hill (New Jersey),1
401424394,2022,3,2022-09-17,Elon,Gardner-Webb,-13.5,,55.0,,consensus,2
401424395,2022,5,2022-10-01,Elon,Richmond,2.0,,55.0,,consensus,2
401424396,2022,6,2022-10-08,Elon,Towson,-23.0,,48.0,,William Hill (New Jersey),1
401424397,2022,7,2022-10-15,Rhode Island,Elon,-4.0,,53.5,,consensus,2
401424398,2022,8,2022-10-22,New Hampshire,Elon,2.5,,44.5,,consensus,2
401424399,2022,9,2022-10-29,Elon,Delaware,3.0,,46.0,,William Hill (New Jersey),1
401424400,2022,10,2022-11-05,Elon,UAlbany,-11.0,,52.5,,consensus,2
401424401,2022,11,2022-11-12,Hampton,Elon,17.5,,42.5,,William Hill (New Jersey),1
401424402,2022,1,2022-09-01,New Hampshire,Monmouth,1.5,1.5,48.5,48.5,Bovada,3
401424404,2022,3,2022-09-17,Monmouth,Georgetown,-17.5,-17.5,55.0,55.0,Bovada,2
401424405,2022,4,2022-09-24,Villanova,Monmouth,-10.5,,60.5,,consensus,1
401424406,2022,6,2022-10-08,Monmouth,UAlbany,-11.5,,64.0,,median,1
401424407,2022,7,2022-10-15,Maine,Monmouth,10.5,,60.5,,consensus,2
401424408,2022,8,2022-10-22,Monmouth,Rhode Island,1.0,,60.0,,consensus,2
401424409,2022,9,2022-10-29,Monmouth,Towson,-19.5,,57.0,,median,1
401424410,2022,10,2022-11-05,Delaware,Monmouth,-10.0,,59.5,,median,1
401424411,2022,12,2022-11-19,Monmouth,Stony Brook,-14.5,,62.5,,median,1
401424414,2022,1,2022-09-01,Stony Brook,Rhode Island,0.0,0.0,46.0,46.0,Bovada,3
401424415,2022,1,2022-09-02,Villanova,Lehigh,-27.5,-28.0,43.0,42.5,Bovada,3
401424416,2022,1,2022-09-03,Baylor,UAlbany,-43.0,-42.5,47.5,45.5,Bovada,3
401424417,2022,1,2022-09-03,Hampton,Howard,-9.0,,58.0,,consensus,2
401424424,2022,3,2022-09-17,Rhode Island,Delaware,-3.0,-3.0,44.0,43.0,Bovada,3
401424425,2022,3,2022-09-17,Fordham,UAlbany,-7.5,-7.5,61.0,61.0,Bovada,2
401424426,2022,4,2022-09-24,Delaware,Hampton,-24.5,,51.0,,consensus,2
401424427,2022,4,2022-09-24,Towson,New Hampshire,6.0,,46.5,,consensus,2
401424428,2022,4,2022-09-24,Richmond,Stony Brook,-14.5,,47.5,,William Hill (New Jersey),1
401424429,2022,4,2022-09-24,UAlbany,Central Connecticut,-17.0,,48.0,,consensus,2
401424430,2022,5,2022-10-01,Delaware,Towson,-26.5,,44.5,,consensus,2
401424431,2022,5,2022-10-01,Maine,Villanova,8.5,,57.0,,consensus,2
401424432,2022,6,2022-10-08,Hampton,Maine,5.5,,49.5,,William Hill (New Jersey),1
401424433,2022,6,2022-10-08,New Hampshire,Stony Brook,-8.5,,42.5,,consensus,2
401424434,2022,7,2022-10-15,UAlbany,Hampton,-14.0,,57.0,,William Hill (New Jersey),1
401424435,2022,7,2022-10-15,Richmond,Villanova,-4.5,,62.5,,consensus,2
401424436,2022,7,2022-10-15,Fordham,Stony Brook,-15.5,,66.5,,consensus,2
401424437,2022,8,2022-10-22,Villanova,UAlbany,-16.5,,65.5,,consensus,2
401424438,2022,8,2022-10-22,Hampton,Richmond,20.0,,50.0,,consensus,2
401424439,2022,8,2022-10-22,Stony Brook,Maine,3.5,,43.5,,consensus,2
401424440,2022,9,2022-10-29,UAlbany,Stony Brook,-9.5,,46.0,,William Hill (New Jersey),1
401424441,2022,9,2022-10-29,Villanova,Hampton,-22.5,,57.5,,William Hill (New Jersey),1
401424442,2022,9,2022-10-29,Maine,Richmond,14.5,,54.5,,William Hill (New Jersey),1
401424443,2022,10,2022-11-05,Rhode Island,Maine,-15.5,,57.0,,William Hill (New Jersey),1
401424444,2022,10,2022-11-05,Richmond,New Hampshire,-12.5,,48.0,,William Hill (New Jersey),1
401424445,2022,10,2022-11-05,Towson,Villanova,10.5,,53.5,,William Hill (New Jersey),1
401424446,2022,11,2022-11-12,UAlbany,Maine,-5.0,,61.0,,William Hill (New Jersey),1
401424447,2022,11,2022-11-12,Delaware,Richmond,-4.0,,45.5,,William Hill (New Jersey),1
401424448,2022,11,2022-11-12,New Hampshire,Rhode Island,1.0,,52.5,,William Hill (New Jersey),1
401424449,2022,11,2022-11-12,Stony Brook,Towson,5.5,,43.5,,consensus,2
401424450,2022,12,2022-11-19,Rhode Island,UAlbany,-10.0,,59.5,,William Hill (New Jersey),1
401424451,2022,12,2022-11-19,Villanova,Delaware,7.5,,44.5,,consensus,2
401424452,2022,12,2022-11-19,Towson,Hampton,-7.5,,48.0,,William Hill (New Jersey),1
401424453,2022,12,2022-11-19,Maine,New Hampshire,5.5,,51.5,,William Hill (New Jersey),1
401424930,2022,4,2022-09-24,Alcorn State,Arkansas-Pine Bluff,-18.5,,59.5,,consensus,2
401424931,2022,6,2022-10-08,Mississippi Valley State,Alcorn State,15.5,,47.0,,consensus,2
401424932,2022,9,2022-10-29,Grambling,Alcorn State,8.0,,51.5,,William Hill (New Jersey),1
401424933,2022,10,2022-11-04,Prairie View A&M,Alcorn State,-9.0,,51.0,,consensus,2
401424934,2022,11,2022-11-12,Alcorn State,Bethune-Cookman,-11.0,,58.5,,William Hill (New Jersey),1
401424935,2022,12,2022-11-19,Alcorn State,Jackson State,19.5,,44.0,,consensus,2
401424937,2022,4,2022-09-24,Bethune-Cookman,Grambling,-2.5,,56.5,,William Hill (New Jersey),1
401424938,2022,6,2022-10-08,Tennessee State,Bethune-Cookman,-7.5,,49.5,,William Hill (New Jersey),1
401424939,2022,7,2022-10-15,Bethune-Cookman,Jackson State,28.5,,59.5,,consensus,2
401424940,2022,8,2022-10-22,Mississippi Valley State,Bethune-Cookman,4.0,,47.5,,consensus,2
401424941,2022,9,2022-10-29,Prairie View A&M,Bethune-Cookman,-16.5,,56.0,,William Hill (New Jersey),1
401424942,2022,12,2022-11-19,Florida A&M,Bethune-Cookman,14.0,,57.0,,William Hill (New Jersey),1
401424944,2022,9,2022-10-29,Florida A&M,Arkansas-Pine Bluff,-18.5,,54.5,,William Hill (New Jersey),1
401424945,2022,10,2022-11-05,Grambling,Arkansas-Pine Bluff,-9.5,,55.0,,consensus,2
401424946,2022,11,2022-11-12,Arkansas-Pine Bluff,Prairie View A&M,17.0,,55.5,,William Hill (New Jersey),1
401424949,2022,5,2022-10-01,Florida A&M,Mississippi Valley State,-24.5,,48.5,,consensus,2
401424950,2022,6,2022-10-08,South Carolina State,Florida A&M,2.5,,54.5,,consensus,2
401424951,2022,7,2022-10-15,Grambling,Florida A&M,17.0,,56.0,,consensus,2
401424954,2022,3,2022-09-17,Jackson State,Grambling,-28.5,,44.5,,consensus,2
401424955,2022,4,2022-09-24,Jackson State,Mississippi Valley State,-40.0,,51.5,,consensus,2
401424956,2022,8,2022-10-22,Jackson State,Campbell,-17.0,,56.5,,consensus,2
401425090,2022,4,2022-09-24,Valparaiso,San Diego,7.5,,50.5,,consensus,2
401425413,2022,3,2022-09-17,Holy Cross,Yale,-8.5,,52.5,,consensus,2
401425414,2022,4,2022-09-24,Colgate,Holy Cross,20.5,,49.0,,consensus,2
401425415,2022,9,2022-10-29,Holy Cross,Fordham,-10.5,,68.5,,consensus,2
401425417,2022,12,2022-11-19,Georgetown,Holy Cross,28.0,,61.5,,consensus,2
401425418,2022,1,2022-09-03,Arkansas State,Grambling,-25.5,-24.5,57.0,58.5,Bovada,3
401425419,2022,5,2022-10-01,Grambling,Prairie View A&M,13.0,,48.5,,consensus,2
401425421,2022,12,2022-11-19,Mississippi Valley State,Prairie View A&M,19.5,,50.0,,William Hill (New Jersey),1
401425423,2022,7,2022-10-15,Tennessee Tech,Tennessee State,-2.5,,53.5,,William Hill (New Jersey),1
401425424,2022,8,2022-10-22,Tennessee State,Eastern Illinois,-7.5,,49.5,,consensus,2
401425425,2022,9,2022-10-29,Murray State,Tennessee State,14.0,,50.0,,William Hill (New Jersey),1
401425426,2022,10,2022-11-05,Tennessee State,Southeast Missouri State,11.5,,50.5,,consensus,2
401425427,2022,8,2022-10-22,Central Connecticut,Duquesne,5.5,,44.0,,consensus,2
401425428,2022,10,2022-11-05,Long Island University,Central Connecticut,1.5,,52.0,,consensus,2
401425429,2022,11,2022-11-12,Central Connecticut,Merrimack,8.0,,43.5,,consensus,2
401425452,2022,4,2022-09-24,Southeast Missouri State,Central Arkansas,-4.0,,57.0,,William Hill (New Jersey),1
401425453,2022,6,2022-10-08,Southeast Missouri State,Tennessee Tech,-17.0,,61.5,,consensus,2
401425454,2022,11,2022-11-12,Eastern Illinois,Southeast Missouri State,20.0,,58.5,,William Hill (New Jersey),1
401425455,2022,12,2022-11-19,Southeast Missouri State,Murray State,-27.5,,55.5,,William Hill (New Jersey),1
401425456,2022,3,2022-09-17,Northern Iowa,Sacramento State,-2.5,,53.0,,consensus,2
401425457,2022,10,2022-11-05,Weber State,Sacramento State,-2.0,,58.0,,William Hill (New Jersey),1
401425458,2022,11,2022-11-11,Portland State,Sacramento State,21.0,,67.5,,consensus,2
401425470,2022,11,2022-11-12,Tennessee State,UT Martin,13.5,,54.5,,William Hill (New Jersey),1
401425511,2022,4,2022-09-24,Robert Morris,East Tennessee State,16.0,,47.0,,William Hill (New Jersey),1
401425516,2022,8,2022-10-22,Howard,Delaware State,-7.5,,45.5,,consensus,2
401425517,2022,10,2022-11-05,South Carolina State,Delaware State,-7.5,,41.0,,William Hill (New Jersey),1
401425518,2022,12,2022-11-19,Delaware State,Campbell,18.0,,51.0,,William Hill (New Jersey),1
401425519,2022,7,2022-10-15,Southern Illinois,Western Illinois,-25.0,,59.5,,William Hill (New Jersey),1
401425520,2022,9,2022-10-29,Southern Illinois,Northern Iowa,-5.5,,53.5,,consensus,2
401426253,2022,5,2022-10-01,Yale,Howard,-21.5,,51.5,,consensus,2
401426254,2022,11,2022-11-12,Howard,South Carolina State,-2.5,,54.5,,William Hill (New Jersey),1
401426255,2022,4,2022-09-24,Murray State,Eastern Illinois,-4.5,,44.0,,William Hill (New Jersey),1
401426256,2022,7,2022-10-15,Eastern Illinois,Lindenwood,-6.5,,65.5,,William Hill (New Jersey),1
401426330,2022,1,2022-09-02,Old Dominion,Virginia Tech,6.0,7.0,48.0,52.5,Bovada,4
401426332,2022,2,2022-09-10,Coastal Carolina,Gardner-Webb,-32.5,,66.5,,consensus,2
401426333,2022,3,2022-09-17,App State,Troy,-14.0,-13.0,52.0,54.5,Bovada,4
401426334,2022,4,2022-09-22,Georgia State,Coastal Carolina,2.5,1.5,63.5,64.0,Bovada,4
401426335,2022,4,2022-09-24,Old Dominion,Arkansas State,-5.0,-3.5,55.5,56.5,Bovada,4
401426336,2022,4,2022-09-24,UL Monroe,Louisiana,9.5,10.5,51.0,54.0,Bovada,4
401426337,2022,5,2022-10-01,Coastal Carolina,Georgia Southern,-9.5,-10.0,70.0,68.5,Bovada,4
401426338,2022,5,2022-10-01,James Madison,Texas State,-21.5,-20.5,51.5,55.0,Bovada,4
401426339,2022,5,2022-10-01,Marshall,Gardner-Webb,-31.0,,56.0,,consensus,2
401426340,2022,5,2022-10-01,Arkansas State,UL Monroe,-7.5,-7.5,58.5,60.0,Bovada,4
401426341,2022,5,2022-10-01,Louisiana,South Alabama,8.5,5.5,47.0,50.0,Bovada,4
401426342,2022,6,2022-10-08,Georgia State,Georgia Southern,-2.5,-2.5,66.5,65.5,Bovada,4
401426343,2022,6,2022-10-08,Arkansas State,James Madison,11.0,10.5,55.0,57.5,Bovada,4
401426344,2022,6,2022-10-08,UL Monroe,Coastal Carolina,12.5,15.0,57.5,60.0,Bovada,4
401426345,2022,6,2022-10-08,Texas State,App State,19.5,19.0,54.5,55.5,Bovada,4
401426346,2022,6,2022-10-08,Troy,Southern Miss,-7.0,-6.5,44.0,46.0,Bovada,4
401426347,2022,7,2022-10-12,Marshall,Louisiana,-9.5,-7.5,45.0,47.5,Bovada,4
401426348,2022,7,2022-10-15,Coastal Carolina,Old Dominion,-11.0,-11.0,58.5,57.0,Bovada,4
401426349,2022,7,2022-10-15,Georgia Southern,James Madison,13.0,10.5,68.0,63.5,Bovada,4
401426350,2022,7,2022-10-15,South Alabama,UL Monroe,-17.0,-17.5,51.0,54.0,Bovada,4
401426351,2022,7,2022-10-15,Southern Miss,Arkansas State,-4.5,-4.0,53.0,56.5,Bovada,4
401426352,2022,7,2022-10-15,Troy,Texas State,-16.0,-16.0,47.0,48.5,Bovada,4
401426353,2022,8,2022-10-19,App State,Georgia State,-9.0,-10.0,61.0,61.5,Bovada,4
401426354,2022,8,2022-10-20,South Alabama,Troy,-3.0,-3.5,47.0,49.0,Bovada,4
401426355,2022,8,2022-10-22,James Madison,Marshall,-9.5,-12.5,48.5,55.0,Bovada,4
401426356,2022,8,2022-10-22,Old Dominion,Georgia Southern,-1.5,-2.5,66.0,68.0,Bovada,4
401426357,2022,8,2022-10-22,Louisiana,Arkansas State,-6.0,-7.0,51.5,51.5,Bovada,4
401426358,2022,8,2022-10-22,Texas State,Southern Miss,2.5,1.0,43.0,45.0,Bovada,4
401426359,2022,9,2022-10-27,Southern Miss,Louisiana,2.5,2.0,42.5,43.5,Bovada,4
401426360,2022,9,2022-10-29,App State,Robert Morris,-50.0,,59.5,,consensus,2
401426361,2022,9,2022-10-29,Georgia State,Old Dominion,-3.5,-4.0,53.5,56.5,Bovada,4
401426362,2022,9,2022-10-29,Marshall,Coastal Carolina,-2.5,-2.0,54.0,55.0,Bovada,4
401426363,2022,9,2022-10-29,Arkansas State,South Alabama,9.0,10.0,52.0,55.5,Bovada,4
401426364,2022,10,2022-11-03,Coastal Carolina,App State,3.0,2.0,65.0,61.0,Bovada,4
401426365,2022,10,2022-11-05,Georgia Southern,South Alabama,3.5,5.0,60.5,60.0,Bovada,4
401426366,2022,10,2022-11-05,Old Dominion,Marshall,3.5,2.5,46.5,46.0,Bovada,4
401426367,2022,10,2022-11-05,Louisiana,Troy,3.5,4.0,42.5,43.0,Bovada,4
401426368,2022,10,2022-11-05,UL Monroe,Texas State,-2.5,0.0,52.5,52.0,Bovada,4
401426369,2022,10,2022-11-05,Southern Miss,Georgia State,-2.5,-2.5,48.0,50.5,Bovada,4
401426370,2022,11,2022-11-10,Louisiana,Georgia Southern,-3.5,-3.5,63.0,58.5,Bovada,4
401426371,2022,11,2022-11-12,Coastal Carolina,Southern Miss,-5.0,-11.5,48.0,54.5,Bovada,4
401426372,2022,11,2022-11-12,Georgia State,UL Monroe,-13.5,-13.5,60.0,59.0,Bovada,4
401426373,2022,11,2022-11-12,Marshall,App State,2.0,0.0,47.5,46.0,Bovada,1
401426374,2022,11,2022-11-12,Old Dominion,James Madison,7.5,7.5,48.0,48.0,Bovada,4
401426375,2022,11,2022-11-12,South Alabama,Texas State,-16.0,-16.0,45.5,47.5,Bovada,4
401426376,2022,12,2022-11-19,App State,Old Dominion,-16.0,-14.5,50.5,52.0,Bovada,4
401426377,2022,12,2022-11-19,Georgia Southern,Marshall,6.0,3.5,52.0,54.0,Bovada,4
401426378,2022,12,2022-11-19,James Madison,Georgia State,-10.0,-9.5,52.0,55.0,Bovada,4
401426379,2022,12,2022-11-19,Southern Miss,South Alabama,7.5,7.0,45.0,46.5,Bovada,4
401426380,2022,12,2022-11-19,Texas State,Arkansas State,-6.0,-5.0,50.0,51.5,Bovada,4
401426381,2022,12,2022-11-19,Troy,UL Monroe,-15.0,-15.5,48.5,46.5,Bovada,4
401426382,2022,13,2022-11-26,Georgia Southern,App State,6.5,5.0,66.0,60.5,Bovada,4
401426383,2022,13,2022-11-26,James Madison,Coastal Carolina,-16.0,-14.0,53.0,53.5,Bovada,4
401426384,2022,13,2022-11-26,Arkansas State,Troy,13.5,,43.5,46.5,Bovada,4
401426385,2022,13,2022-11-26,UL Monroe,Southern Miss,3.0,3.5,50.0,51.0,Bovada,4
401426386,2022,13,2022-11-26,Texas State,Louisiana,5.0,,44.0,44.5,Bovada,4
401426389,2022,13,2022-11-26,South Alabama,Old Dominion,-16.5,-15.5,47.0,47.5,Bovada,4
401426390,2022,13,2022-11-26,Marshall,Georgia State,-6.5,-6.5,45.5,47.0,Bovada,4
401426393,2022,4,2022-09-24,Troy,Marshall,3.5,4.0,51.5,52.5,Bovada,4
401426530,2022,1,2022-08-27,Florida Atlantic,Charlotte,-7.0,-5.5,60.0,57.5,Bovada,1
401426531,2022,1,2022-08-27,UTEP,North Texas,1.5,3.0,54.0,57.0,Bovada,4
401426532,2022,1,2022-08-27,Western Kentucky,Austin Peay,-32.5,-27.5,73.0,64.5,Bovada,3
401426533,2022,1,2022-09-01,Florida International,Bryant,-10.5,-10.0,58.5,54.0,Bovada,3
401426534,2022,1,2022-09-01,UAB,Alabama A&M,-41.0,-41.0,60.5,63.5,Bovada,3
401426535,2022,1,2022-09-02,Charlotte,William & Mary,-4.5,-2.5,52.0,52.0,Bovada,3
401426536,2022,1,2022-09-03,Ohio,Florida Atlantic,6.0,1.5,51.5,48.5,Bovada,4
401426537,2022,1,2022-09-01,Missouri,Louisiana Tech,-20.5,-17.0,62.5,58.5,Bovada,4
401426538,2022,1,2022-09-03,James Madison,Middle Tennessee,-4.5,-5.0,59.5,58.5,Bovada,4
401426539,2022,1,2022-09-03,North Texas,SMU,9.5,7.0,67.5,71.0,Bovada,4
401426540,2022,1,2022-09-03,USC,Rice,-33.0,-34.5,62.0,64.5,Bovada,4
401426541,2022,1,2022-09-03,Oklahoma,UTEP,-31.0,-37.0,58.5,56.5,Bovada,4
401426542,2022,1,2022-09-03,UTSA,Houston,4.0,6.5,62.0,59.0,Bovada,4
401426543,2022,1,2022-09-03,Hawai'i,Western Kentucky,16.5,9.0,67.5,62.5,Bovada,4
401426544,2022,2,2022-09-10,Texas State,Florida International,-14.0,-10.0,62.0,55.0,Bovada,4
401426545,2022,2,2022-09-10,Charlotte,Maryland,28.0,27.0,65.0,66.5,Bovada,4
401426546,2022,2,2022-09-10,Florida Atlantic,SE Louisiana,-11.0,,63.5,,consensus,2
401426547,2022,2,2022-09-10,Louisiana Tech,Stephen F. Austin,-6.5,,64.5,,consensus,2
401426548,2022,2,2022-09-10,Colorado State,Middle Tennessee,-14.0,-7.0,58.0,57.0,Bovada,4
401426549,2022,2,2022-09-10,North Texas,Texas Southern,-38.5,,64.5,,consensus,2
401426550,2022,2,2022-09-10,Rice,McNeese,-7.5,,52.5,,consensus,2
401426551,2022,2,2022-09-10,Liberty,UAB,6.0,5.0,50.0,52.0,Bovada,4
401426552,2022,2,2022-09-10,UTEP,New Mexico State,-17.0,-13.5,46.0,46.0,Bovada,4
401426553,2022,2,2022-09-10,Army,UTSA,1.5,1.5,54.0,54.0,Bovada,4
401426554,2022,3,2022-09-17,Georgia State,Charlotte,-19.5,-19.5,64.0,60.5,Bovada,4
401426555,2022,3,2022-09-17,Florida Atlantic,UCF,7.5,9.5,61.5,58.5,Bovada,4
401426556,2022,3,2022-09-17,Clemson,Louisiana Tech,-33.5,-32.0,54.0,54.5,Bovada,4
401426557,2022,3,2022-09-17,Middle Tennessee,Tennessee State,-19.5,,52.5,,consensus,2
401426558,2022,3,2022-09-17,UNLV,North Texas,-2.5,-2.5,62.5,57.5,Bovada,4
401426559,2022,3,2022-09-17,Rice,Louisiana,11.5,11.5,52.0,53.0,Bovada,4
401426560,2022,3,2022-09-17,UAB,Georgia Southern,-11.5,-12.0,59.5,56.0,Bovada,4
401426561,2022,3,2022-09-17,New Mexico,UTEP,2.0,3.5,38.0,41.0,Bovada,4
401426562,2022,3,2022-09-17,Texas,UTSA,-13.0,-13.5,57.0,59.0,Bovada,4
401426563,2022,3,2022-09-17,Indiana,Western Kentucky,-7.0,-7.5,61.5,59.0,Bovada,4
401426564,2022,4,2022-09-24,South Carolina,Charlotte,-23.5,-23.0,67.0,65.5,Bovada,4
401426565,2022,4,2022-09-24,Western Kentucky,Florida International,-31.5,-27.5,65.5,66.5,Bovada,4
401426566,2022,4,2022-09-24,Purdue,Florida Atlantic,-16.0,-19.5,57.0,60.5,Bovada,4
401426567,2022,4,2022-09-24,South Alabama,Louisiana Tech,-13.0,-12.5,59.0,60.0,Bovada,4
401426568,2022,4,2022-09-24,Miami,Middle Tennessee,-25.5,-26.0,53.5,53.5,Bovada,4
401426569,2022,4,2022-09-24,Memphis,North Texas,-13.0,-12.5,68.5,68.5,Bovada,4
401426570,2022,4,2022-09-24,Houston,Rice,-17.5,-17.0,52.5,57.5,Bovada,4
401426571,2022,4,2022-09-23,UTEP,Boise State,16.0,15.5,45.0,46.5,Bovada,4
401426572,2022,4,2022-09-24,UTSA,Texas Southern,-42.0,,65.5,,consensus,2
401426573,2022,5,2022-10-01,Charlotte,UTEP,3.5,3.0,56.0,58.0,Bovada,4
401426574,2022,5,2022-10-01,New Mexico State,Florida International,-16.0,-15.0,54.0,55.5,Bovada,4
401426575,2022,5,2022-10-01,North Texas,Florida Atlantic,3.0,3.0,67.5,67.0,Bovada,4
401426576,2022,5,2022-09-30,Middle Tennessee,UTSA,4.5,6.0,64.0,63.0,Bovada,4
401426577,2022,5,2022-10-01,Rice,UAB,10.5,9.5,51.0,52.0,Bovada,4
401426578,2022,5,2022-10-01,Western Kentucky,Troy,-5.0,-6.0,55.0,57.5,Bovada,4
401426579,2022,6,2022-10-08,Florida International,UConn,5.5,4.5,46.5,49.5,Bovada,4
401426580,2022,6,2022-10-08,Louisiana Tech,UTEP,-1.5,-1.5,52.0,53.0,Bovada,4
401426581,2022,6,2022-10-08,UAB,Middle Tennessee,-10.0,-9.5,52.5,55.0,Bovada,4
401426582,2022,6,2022-10-08,UTSA,Western Kentucky,-6.5,-5.0,72.5,70.0,Bovada,4
401426583,2022,7,2022-10-15,UAB,Charlotte,-22.0,-23.5,65.0,62.5,Bovada,4
401426584,2022,7,2022-10-14,Florida International,UTSA,33.0,34.0,64.0,63.5,Bovada,4
401426585,2022,7,2022-10-15,Florida Atlantic,Rice,-5.5,-5.0,54.5,56.0,Bovada,4
401426586,2022,7,2022-10-15,North Texas,Louisiana Tech,-6.5,-6.0,68.0,71.0,Bovada,4
401426587,2022,7,2022-10-15,Middle Tennessee,Western Kentucky,7.5,7.0,67.5,66.0,Bovada,4
401426588,2022,8,2022-10-22,Charlotte,Florida International,-14.0,-14.5,63.5,58.0,Bovada,4
401426589,2022,8,2022-10-22,UTEP,Florida Atlantic,3.0,4.0,51.0,51.0,Bovada,4
401426590,2022,8,2022-10-22,Louisiana Tech,Rice,3.0,2.5,57.0,60.0,Bovada,1
401426591,2022,8,2022-10-22,UTSA,North Texas,-10.0,-9.5,73.0,70.5,Bovada,4
401426592,2022,8,2022-10-21,Western Kentucky,UAB,-1.0,-2.5,60.5,57.5,Bovada,4
401426593,2022,9,2022-10-29,Rice,Charlotte,-15.0,-16.5,61.5,63.0,Bovada,4
401426594,2022,9,2022-10-28,Florida International,Louisiana Tech,6.5,9.5,57.0,58.5,Bovada,4
401426595,2022,9,2022-10-29,Florida Atlantic,UAB,5.0,5.0,45.0,48.0,Bovada,4
401426596,2022,9,2022-10-29,UTEP,Middle Tennessee,-2.5,-1.5,52.0,53.5,Bovada,4
401426597,2022,9,2022-10-29,Western Kentucky,North Texas,-10.0,-9.5,70.0,71.5,Bovada,4
401426598,2022,10,2022-11-05,Charlotte,Western Kentucky,14.5,16.5,72.5,71.0,Bovada,4
401426599,2022,10,2022-11-05,North Texas,Florida International,-21.5,-21.5,63.0,63.0,Bovada,4
401426600,2022,10,2022-11-05,Louisiana Tech,Middle Tennessee,2.5,2.5,63.5,64.0,Bovada,4
401426601,2022,10,2022-11-03,Rice,UTEP,-3.5,-3.5,47.0,48.0,Bovada,4
401426602,2022,10,2022-11-05,UAB,UTSA,2.5,1.0,53.0,52.0,Bovada,4
401426603,2022,11,2022-11-12,Middle Tennessee,Charlotte,-10.0,-11.5,67.0,68.0,Bovada,4
401426604,2022,11,2022-11-12,Florida International,Florida Atlantic,15.0,15.0,54.5,54.0,Bovada,4
401426605,2022,11,2022-11-12,UTSA,Louisiana Tech,-17.0,-18.0,69.0,68.0,Bovada,4
401426606,2022,11,2022-11-12,UAB,North Texas,-6.5,-6.0,58.0,57.5,Bovada,4
401426607,2022,11,2022-11-12,Western Kentucky,Rice,-13.5,-13.0,61.0,62.5,Bovada,4
401426608,2022,12,2022-11-19,Charlotte,Louisiana Tech,2.0,3.0,66.5,65.0,Bovada,4
401426609,2022,12,2022-11-19,UTEP,Florida International,-14.0,-14.5,50.0,51.0,Bovada,4
401426610,2022,12,2022-11-19,Middle Tennessee,Florida Atlantic,5.0,4.5,51.0,53.5,Bovada,4
401426611,2022,12,2022-11-19,Rice,UTSA,14.0,12.5,56.0,61.0,Bovada,4
401426612,2022,12,2022-11-19,LSU,UAB,-15.5,-14.5,50.5,52.5,Bovada,4
401426613,2022,12,2022-11-19,Auburn,Western Kentucky,-5.0,-6.5,54.0,52.5,Bovada,4
401426614,2022,13,2022-11-26,Florida International,Middle Tennessee,19.5,19.5,54.5,55.0,Bovada,4
401426615,2022,13,2022-11-26,Florida Atlantic,Western Kentucky,7.5,7.5,62.5,61.5,Bovada,4
401426616,2022,13,2022-11-26,Louisiana Tech,UAB,18.5,17.5,55.0,56.0,Bovada,4
401426617,2022,13,2022-11-26,North Texas,Rice,-14.5,-14.5,57.5,61.0,Bovada,4
401426618,2022,13,2022-11-26,UTSA,UTEP,-16.5,-17.5,56.5,,Bovada,4
401426670,2022,6,2022-10-08,Central Arkansas,Lindenwood,-22.5,,65.5,,consensus,2
401426671,2022,4,2022-09-24,Western Illinois,Northern Iowa,16.5,,54.0,,consensus,2
401428190,2022,7,2022-10-15,Portland State,Weber State,12.5,,55.0,,William Hill (New Jersey),1
401428191,2022,6,2022-10-08,Campbell,Charleston Southern,-14.0,,55.0,,consensus,2
401428192,2022,7,2022-10-15,Campbell,Robert Morris,-27.0,,48.5,,consensus,2
401428193,2022,9,2022-10-29,North Carolina A&T,Campbell,3.0,,52.0,,consensus,2
401428194,2022,10,2022-11-05,Bryant,Campbell,8.5,,61.0,,consensus,2
401428195,2022,11,2022-11-12,Campbell,Gardner-Webb,2.0,,61.5,,William Hill (New Jersey),1
401428197,2022,7,2022-10-15,Bryant,Charleston Southern,-3.0,,59.5,,William Hill (New Jersey),1
401428198,2022,8,2022-10-22,Charleston Southern,Gardner-Webb,11.5,,55.0,,consensus,2
401428199,2022,10,2022-11-05,Charleston Southern,Robert Morris,-17.5,,45.5,,consensus,2
401428200,2022,11,2022-11-12,North Carolina A&T,Charleston Southern,-9.5,,54.5,,William Hill (New Jersey),1
401428201,2022,6,2022-10-08,Robert Morris,Gardner-Webb,16.5,,48.0,,consensus,2
401428220,2022,9,2022-10-29,Gardner-Webb,Bryant,-17.0,,50.5,,William Hill (New Jersey),1
401428221,2022,12,2022-11-19,Gardner-Webb,North Carolina A&T,-10.5,,56.5,,William Hill (New Jersey),1
401428336,2022,1,2022-09-03,Robert Morris,Dayton,-1.5,,59.5,,William Hill (New Jersey),1
401428383,2022,5,2022-10-01,Delaware State,Robert Morris,3.0,,43.0,,consensus,2
401428459,2022,8,2022-10-22,Robert Morris,North Carolina A&T,16.5,,44.5,,consensus,2
401428473,2022,11,2022-11-12,Murray State,Robert Morris,-7.0,,44.0,,William Hill (New Jersey),1
401428474,2022,12,2022-11-19,Robert Morris,Bryant,18.5,,52.5,,William Hill (New Jersey),1
401428475,2022,4,2022-09-24,North Carolina A&T,South Carolina State,-2.5,,46.0,,William Hill (New Jersey),1
401428477,2022,8,2022-10-22,Lindenwood,Murray State,-10.0,,63.5,,consensus,2
401428478,2022,5,2022-10-01,UT Martin,Tennessee Tech,-21.5,,54.5,,consensus,2
401428479,2022,10,2022-11-05,Tennessee Tech,Lindenwood,-4.0,,62.5,,consensus,2
401428480,2022,1,2022-09-01,Wagner,Fordham,27.5,28.5,64.0,64.0,Bovada,3
401428481,2022,5,2022-10-01,Fordham,Georgetown,-24.0,,66.5,,consensus,2
401428482,2022,12,2022-11-19,Fordham,Colgate,-22.5,,70.0,,William Hill (New Jersey),1
401428486,2022,5,2022-10-01,Marist,St. Thomas (MN),9.0,,49.0,,consensus,2
401428487,2022,8,2022-10-22,Presbyterian,St. Thomas (MN),23.0,,54.5,,consensus,2
401431402,2022,11,2022-11-12,Yale,Princeton,3.0,,45.5,,median,1
401431403,2022,1,2022-09-03,Marist,Georgetown,0.0,,43.0,,William Hill (New Jersey),1
401431404,2022,8,2022-10-22,Colgate,Georgetown,-13.0,,50.0,,consensus,2
401431406,2022,9,2022-10-29,Marist,Presbyterian,-13.0,,48.5,,William Hill (New Jersey),1
401431407,2022,10,2022-11-05,Presbyterian,Dayton,20.5,,50.5,,consensus,2
401432241,2022,6,2022-10-08,Duquesne,Merrimack,-4.5,,45.5,,consensus,2
401432242,2022,9,2022-10-29,Duquesne,Long Island University,-13.0,,52.5,,William Hill (New Jersey),1
401435072,2022,1,2022-09-02,Merrimack,Holy Cross,23.5,23.0,50.0,50.5,Bovada,3
401435074,2022,3,2022-09-16,Harvard,Merrimack,-28.5,-28.0,50.5,52.5,Bovada,3
401435075,2022,4,2022-09-24,Delaware State,Merrimack,6.0,,46.5,,consensus,2
401435076,2022,5,2022-10-01,Merrimack,Long Island University,-13.0,,50.5,,consensus,2
401435080,2022,7,2022-10-15,Marist,Dayton,4.0,,53.0,,consensus,2
401435487,2022,5,2022-10-01,North Carolina A&T,Bryant,-5.5,,54.5,,consensus,2
401437008,2022,14,2022-12-03,Tulane,UCF,-3.5,-2.5,57.0,57.5,Bovada,4
401437009,2022,14,2022-12-03,North Carolina,Clemson,7.0,7.5,64.0,62.0,Bovada,4
401437030,2022,14,2022-12-03,TCU,Kansas State,1.0,-1.5,61.0,60.5,Bovada,4
401437031,2022,14,2022-12-03,Michigan,Purdue,-15.0,-15.5,54.0,50.0,Bovada,4
401437032,2022,14,2022-12-02,UTSA,North Texas,-8.0,-8.5,70.0,66.5,Bovada,4
401437033,2022,14,2022-12-03,Ohio,Toledo,3.5,4.0,54.5,62.0,Bovada,4
401437034,2022,14,2022-12-03,Boise State,Fresno State,-3.0,-4.5,54.5,50.5,Bovada,4
401437035,2022,14,2022-12-02,USC,Utah,-3.0,-1.0,67.5,65.5,Bovada,4
401437036,2022,14,2022-12-03,Georgia,LSU,-17.0,-15.0,52.0,50.5,Bovada,4
401437037,2022,14,2022-12-03,Troy,Coastal Carolina,-6.5,-4.5,49.0,48.5,Bovada,4
401437132,2022,14,2022-12-03,Jackson State,Southern,-20.5,-14.5,51.0,49.5,Bovada,3
401441990,2022,1,2022-09-01,Toledo,Long Island University,-47.0,-47.0,57.5,55.5,Bovada,3
401441991,2022,4,2022-09-24,Long Island University,Bryant,14.0,,55.5,,median,1
401443323,2022,11,2022-11-12,Holy Cross,Bryant,-21.5,,63.5,,consensus,2
401455633,2022,7,2022-10-14,Princeton,Brown,-22.5,,54.5,,consensus,2
401462216,2022,5,2022-10-01,Lamar,Houston Christian,-1.5,,54.5,,consensus,2
401462217,2022,5,2022-10-01,Incarnate Word,McNeese,-24.5,,70.5,,consensus,2
401462218,2022,5,2022-10-01,Northwestern State,Nicholls,8.0,,63.5,,consensus,2
401462219,2022,6,2022-10-08,Houston Christian,Nicholls,7.0,,61.5,,consensus,2
401462221,2022,7,2022-10-15,Houston Christian,Northwestern State,-2.5,,65.0,,William Hill (New Jersey),1
401462224,2022,8,2022-10-22,Nicholls,McNeese,-2.5,,54.5,,consensus,2
401462225,2022,9,2022-10-29,McNeese,SE Louisiana,18.0,,60.5,,consensus,2
401462226,2022,10,2022-11-05,Incarnate Word,Houston Christian,-38.5,,65.0,,consensus,2
401462228,2022,10,2022-11-05,Lamar,SE Louisiana,24.5,,60.5,,consensus,2
401462513,2022,4,2022-09-24,Northwestern State,Lamar,2.0,,52.5,,William Hill (New Jersey),1
401462517,2022,6,2022-10-08,Stephen F. Austin,Abilene Christian,-3.5,,48.5,,consensus,2
401462518,2022,9,2022-10-29,Tarleton State,Sam Houston,7.5,,46.5,,consensus,2
401462519,2022,10,2022-11-05,Tarleton State,Abilene Christian,4.0,,53.5,,consensus,2
401462531,2022,11,2022-11-12,SE Louisiana,Northwestern State,-24.0,,66.5,,William Hill (New Jersey),1
401462532,2022,12,2022-11-17,Nicholls,SE Louisiana,13.5,,57.5,,consensus,2
401505430,2022,13,2022-11-26,Delaware,Saint Francis,-7.0,,47.5,,consensus,2
401505431,2022,13,2022-11-26,New Hampshire,Fordham,1.0,,76.5,,consensus,2
401505432,2022,13,2022-11-26,Eastern Kentucky,Gardner-Webb,-3.5,,65.0,,consensus,2
401505433,2022,13,2022-11-26,Weber State,North Dakota,-11.0,,57.5,,William Hill (New Jersey),1
401505434,2022,13,2022-11-26,Montana,Southeast Missouri State,-13.0,,56.0,,consensus,2
401505435,2022,13,2022-11-26,SE Louisiana,Idaho,4.0,,61.5,,consensus,2
401505436,2022,13,2022-11-26,Furman,Elon,-4.5,,48.0,,consensus,2
401505437,2022,13,2022-11-26,Richmond,Davidson,-22.0,,56.5,,consensus,2
401506450,2022,14,2022-12-02,Buffalo,Akron,-12.0,-14.5,55.0,57.5,Bovada,4
401506571,2022,14,2022-12-03,Incarnate Word,Furman,-9.5,,64.5,,William Hill (New Jersey),1
401506577,2022,14,2022-12-03,Sacramento State,Richmond,-14.5,,54.0,,William Hill (New Jersey),1
401506578,2022,14,2022-12-03,South Dakota State,Delaware,-17.0,,47.5,,William Hill (New Jersey),1
401506610,2022,14,2022-12-03,Holy Cross,New Hampshire,-7.0,,55.5,,William Hill (New Jersey),1
401506611,2022,14,2022-12-03,Montana State,Weber State,-6.5,,62.5,,William Hill (New Jersey),1
401506630,2022,14,2022-12-03,William & Mary,Gardner-Webb,-10.0,,61.5,,William Hill (New Jersey),1
401506655,2022,14,2022-12-03,Samford,SE Louisiana,-7.0,,65.5,,William Hill (New Jersey),1
401506690,2022,14,2022-12-03,North Dakota State,Montana,-9.0,,52.0,,William Hill (New Jersey),1
401507088,2022,14,2022-12-03,New Mexico State,Valparaiso,-31.5,,55.0,,William Hill (New Jersey),1
401507650,2022,15,2022-12-09,North Dakota State,Samford,-19.0,-17.0,62.5,62.5,Bovada,2
401507651,2022,15,2022-12-10,South Dakota State,Holy Cross,-19.0,-17.5,54.0,54.0,Bovada,2
401507652,2022,15,2022-12-09,Sacramento State,Incarnate Word,-6.5,-7.0,77.5,77.5,Bovada,2
401507670,2022,15,2022-12-09,Montana State,William & Mary,-9.0,-8.0,65.0,65.0,Bovada,2
401441993,2022,1,2022-12-16,UAB,Miami (OH),-11.0,-11.0,44.5,44.0,Bovada,4
401441994,2022,1,2022-12-16,Troy,UTSA,-2.0,1.5,55.5,55.0,Bovada,4
401441995,2022,1,2022-12-17,Louisville,Cincinnati,-2.5,-1.5,38.5,43.5,Bovada,4
401441996,2022,1,2022-12-17,North Carolina Central,Jackson State,16.0,16.5,56.0,,Bovada,3
401441997,2022,1,2022-12-17,BYU,SMU,4.5,-1.5,65.0,74.0,Bovada,4
401441998,2022,1,2022-12-27,Buffalo,Georgia Southern,6.0,4.0,67.0,63.5,Bovada,4
401441999,2022,1,2022-12-17,Oregon State,Florida,-7.5,-5.5,52.0,55.5,Bovada,4
401442000,2022,1,2022-12-27,Utah State,Memphis,8.0,9.5,57.0,61.5,Bovada,4
401442001,2022,1,2022-12-17,Boise State,North Texas,-12.0,-8.5,63.0,55.5,Bovada,4
401442002,2022,1,2022-12-27,East Carolina,Coastal Carolina,-7.0,-7.0,67.5,63.0,Bovada,4
401442003,2022,1,2022-12-19,UConn,Marshall,11.5,10.5,42.0,40.0,Bovada,4
401442004,2022,1,2022-12-20,San José State,Eastern Michigan,-3.5,-4.5,54.0,53.5,Bovada,4
401442005,2022,1,2022-12-27,Oklahoma State,Wisconsin,5.0,3.5,45.0,48.5,Bovada,4
401442006,2022,1,2022-12-20,Toledo,Liberty,-4.0,-1.5,51.5,54.0,Bovada,4
401442007,2022,1,2022-12-23,Missouri,Wake Forest,3.0,3.5,59.0,62.0,Bovada,4
401442008,2022,1,2022-12-28,Duke,UCF,-3.5,2.5,63.0,61.5,Bovada,4
401442009,2022,1,2022-12-24,San Diego State,Middle Tennessee,-7.0,-3.5,47.0,47.0,Bovada,4
401442010,2022,1,2023-01-09,Georgia,TCU,-13.5,-13.5,62.0,62.5,Bovada,4
401442011,2022,1,2023-01-02,Illinois,Mississippi State,3.5,0.0,46.5,46.0,Bovada,4
401442012,2022,1,2023-01-02,Purdue,LSU,15.0,10.0,54.0,58.5,Bovada,4
401442013,2022,1,2023-01-02,USC,Tulane,-1.5,0.0,67.0,63.5,Bovada,4
401442014,2022,1,2023-01-02,Utah,Penn State,1.5,0.0,55.5,49.0,Bovada,4
401442015,2022,1,2022-12-31,Georgia,Ohio State,-5.5,-7.0,62.0,61.0,Bovada,4
401442016,2022,1,2022-12-31,Michigan,TCU,-8.0,-9.0,56.0,60.0,Bovada,4
401442017,2022,1,2022-12-31,Kentucky,Iowa,3.0,-3.0,31.5,31.5,Bovada,4
401442018,2022,1,2022-12-31,Kansas State,Alabama,8.0,5.5,58.5,55.0,Bovada,4
401442019,2022,1,2022-12-30,Clemson,Tennessee,-4.0,-4.5,62.0,64.0,Bovada,4
401442030,2022,1,2022-12-28,Arkansas,Kansas,-1.5,-5.0,70.5,67.5,Bovada,4
401442031,2022,1,2022-12-28,Ole Miss,Texas Tech,-4.5,-4.0,73.0,65.5,Bovada,4
401442032,2022,1,2022-12-29,Minnesota,Syracuse,-10.5,-7.0,45.0,42.0,Bovada,4
401442033,2022,1,2022-12-29,Florida State,Oklahoma,-10.5,-8.0,67.0,62.0,Bovada,4
401442034,2022,1,2022-12-29,Washington,Texas,3.0,6.0,67.0,68.5,Bovada,4
401442035,2022,1,2022-12-30,NC State,Maryland,-2.5,1.0,45.0,46.0,Bovada,4
401442036,2022,1,2022-12-30,South Carolina,Notre Dame,5.0,3.0,50.5,51.5,Bovada,4
401442037,2022,1,2022-12-26,Bowling Green,New Mexico State,-3.0,1.0,51.0,49.5,Bovada,4
401442038,2022,1,2022-12-17,Fresno State,Washington State,-5.5,-4.5,54.0,54.0,Bovada,4
401442039,2022,1,2022-12-21,South Alabama,Western Kentucky,-4.0,-5.0,58.0,60.5,Bovada,4
401442040,2022,1,2022-12-22,Air Force,Baylor,3.5,6.5,42.0,47.0,Bovada,4
401442041,2022,1,2022-12-17,Southern Miss,Rice,-7.0,-6.0,46.5,48.0,Bovada,4
401442042,2022,1,2022-12-23,Houston,Louisiana,-5.5,-6.5,56.5,60.5,Bovada,4
401443542,2022,1,2022-12-30,UCLA,Pittsburgh,-9.0,-4.0,55.0,60.5,Bovada,4
401443543,2022,1,2022-12-30,Wyoming,Ohio,3.0,0.0,43.0,42.5,Bovada,4
401445817,2022,1,2023-01-08,South Dakota State,North Dakota State,-5.0,-4.0,47.0,47.5,Bovada,2
401470891,2022,1,2022-12-28,North Carolina,Oregon,13.0,10.5,76.0,74.0,Bovada,4
401508850,2022,1,2022-12-16,North Dakota State,Incarnate Word,-7.5,,70.0,,William Hill (New Jersey),1
401508851,2022,1,2022-12-17,South Dakota State,Montana State,-4.0,-5.0,56.5,57.5,Bovada,2
401520145,2023,1,2023-08-26,Jacksonville State,UTEP,1.0,-2.5,53.5,52.5,Bovada,4
401520146,2023,1,2023-08-26,Louisiana Tech,Florida International,-11.0,-9.5,58.5,59.0,Bovada,5
401520147,2023,1,2023-08-26,Vanderbilt,Hawai'i,-18.0,-18.0,56.0,56.0,Bovada,4
401520148,2023,1,2023-08-31,Minnesota,Nebraska,-7.5,-6.5,43.0,47.0,Bovada,5
401520149,2023,1,2023-09-02,Alabama,Middle Tennessee,-39.5,-39.0,51.5,54.0,Bovada,4
401520150,2023,1,2023-09-02,Arkansas,Western Carolina,-38.0,-35.0,61.5,61.5,Bovada,2
401520151,2023,1,2023-09-02,Auburn,Massachusetts,-35.0,-37.0,51.0,51.5,Bovada,5
401520152,2023,1,2023-09-02,BYU,Sam Houston,-20.0,-20.0,46.5,51.0,Bovada,4
401520153,2023,1,2023-09-02,Florida International,Maine,-15.0,-10.0,46.5,49.5,Bovada,2
401520154,2023,1,2023-09-02,Georgia,UT Martin,-51.0,-50.0,58.0,55.5,Bovada,2
401520155,2023,1,2023-09-02,Illinois,Toledo,-7.5,-9.5,45.0,46.0,Bovada,5
401520156,2023,1,2023-09-02,Indiana,Ohio State,30.0,28.0,59.5,59.5,Bovada,5
401520157,2023,1,2023-09-02,Iowa,Utah State,-24.0,-26.0,43.5,43.5,Bovada,4
401520158,2023,1,2023-09-02,Jacksonville State,East Tennessee State,-20.0,-13.5,55.0,54.5,Bovada,2
401520159,2023,1,2023-09-02,Kentucky,Ball State,-25.5,-26.0,48.5,49.0,Bovada,4
401520160,2023,1,2023-09-02,Liberty,Bowling Green,-7.0,-12.5,48.0,50.0,Bovada,4
401520161,2023,1,2023-09-02,Maryland,Towson,-38.5,-38.5,56.5,49.0,Bovada,2
401520162,2023,1,2023-09-02,Michigan,East Carolina,-35.5,-34.0,53.5,52.0,Bovada,5
401520163,2023,1,2023-09-01,Michigan State,Central Michigan,-14.0,-14.0,44.5,52.0,Bovada,5
401520164,2023,1,2023-09-02,Mississippi State,SE Louisiana,-31.5,-28.0,59.5,58.5,Bovada,2
401520165,2023,1,2023-08-31,Missouri,South Dakota,-28.0,-29.0,45.5,46.5,Bovada,3
401520166,2023,1,2023-09-02,New Mexico State,Western Illinois,-21.0,-17.0,55.0,53.0,Bovada,2
401520167,2023,1,2023-09-02,North Carolina,South Carolina,-2.0,-3.0,63.5,62.5,Bovada,5
401520168,2023,1,2023-09-02,Ole Miss,Mercer,-34.0,-31.5,58.5,55.0,Bovada,2
401520169,2023,1,2023-09-02,Penn State,West Virginia,-20.5,-20.0,48.0,53.5,Bovada,5
401520170,2023,1,2023-09-02,Purdue,Fresno State,-4.0,-5.5,46.5,51.5,Bovada,5
401520171,2023,1,2023-09-03,Rutgers,Northwestern,-5.0,-6.0,38.0,40.5,Bovada,5
401520172,2023,1,2023-09-02,SMU,Louisiana Tech,-21.0,-17.0,66.5,65.5,Bovada,4
401520173,2023,1,2023-09-02,Texas A&M,New Mexico,-38.0,-38.5,49.0,49.0,Bovada,4
401520174,2023,1,2023-08-31,UConn,NC State,14.5,16.0,48.0,50.0,Bovada,5
401520175,2023,1,2023-09-02,UL Monroe,Army,8.5,10.0,47.5,47.5,Bovada,4
401520176,2023,1,2023-08-31,Utah,Florida,-5.5,-8.5,44.0,51.0,Bovada,5
401520177,2023,1,2023-09-02,UTEP,Incarnate Word,-7.5,-7.0,57.5,57.5,Bovada,2
401520178,2023,1,2023-09-02,Vanderbilt,Alabama A&M,-35.0,-36.0,53.5,57.0,Bovada,2
401520179,2023,1,2023-09-02,Tennessee,Virginia,-27.0,-27.5,55.5,56.5,Bovada,5
401520180,2023,1,2023-09-02,Wisconsin,Buffalo,-28.5,-24.5,52.5,54.5,Bovada,5
401520181,2023,1,2023-09-02,Western Kentucky,South Florida,-13.0,-11.5,71.5,70.0,Bovada,4
401520182,2023,1,2023-09-03,Florida State,LSU,1.5,2.0,57.0,56.5,Bovada,5
401520183,2023,2,2023-09-09,Alabama,Texas,-7.5,-6.5,53.5,56.0,Bovada,3
401520184,2023,2,2023-09-09,Arkansas,Kent State,-38.5,-38.0,57.5,59.5,Bovada,3
401520185,2023,2,2023-09-09,Army,Delaware State,-39.5,-39.5,44.0,44.0,DraftKings,2
401520186,2023,2,2023-09-09,California,Auburn,5.0,7.0,55.5,57.0,Bovada,3
401520187,2023,2,2023-09-09,Coastal Carolina,Jacksonville State,-14.0,-13.0,61.0,56.5,Bovada,3
401520188,2023,2,2023-09-09,Colorado,Nebraska,-3.0,-2.5,56.5,58.5,Bovada,3
401520189,2023,2,2023-09-09,Florida International,North Texas,10.5,14.0,51.5,53.5,Bovada,3
401520190,2023,2,2023-09-09,Florida,McNeese,,,54.5,54.5,DraftKings,2
401520191,2023,2,2023-09-09,Georgia,Ball State,-42.0,-41.5,53.0,53.0,Bovada,3
401520192,2023,2,2023-09-09,Georgia State,UConn,-3.0,-5.0,54.5,54.5,Bovada,3
401520193,2023,2,2023-09-08,Indiana,Indiana State,-31.0,-31.0,45.5,45.5,DraftKings,2
401520194,2023,2,2023-09-09,Iowa State,Iowa,3.5,3.5,35.5,36.0,Bovada,3
401520195,2023,2,2023-09-08,Kansas,Illinois,-4.0,-3.0,57.5,55.5,Bovada,3
401520196,2023,2,2023-09-09,Kentucky,Eastern Kentucky,-35.5,-35.5,62.5,62.5,DraftKings,2
401520197,2023,2,2023-09-09,Louisiana Tech,Northwestern State,-23.0,,58.5,,William Hill (New Jersey),1
401520198,2023,2,2023-09-09,Liberty,New Mexico State,-9.5,-13.0,54.5,56.5,Bovada,3
401520199,2023,2,2023-09-09,LSU,Grambling,-56.5,,61.5,,William Hill (New Jersey),1
401520200,2023,2,2023-09-09,Maryland,Charlotte,-24.5,-24.5,50.0,50.5,Bovada,3
401520201,2023,2,2023-09-09,Miami,Texas A&M,2.5,4.5,50.0,49.5,Bovada,3
401520202,2023,2,2023-09-09,Michigan,UNLV,-37.5,-36.0,57.5,58.5,Bovada,3
401520203,2023,2,2023-09-09,Michigan State,Richmond,-29.5,-29.5,43.5,43.5,DraftKings,2
401520204,2023,2,2023-09-09,Minnesota,Eastern Michigan,-19.5,-19.5,48.0,47.0,Bovada,3
401520205,2023,2,2023-09-09,Mississippi State,Arizona,-9.0,-13.0,60.0,58.0,Bovada,3
401520206,2023,2,2023-09-09,Missouri,Middle Tennessee,-21.0,-20.5,47.0,51.0,Bovada,3
401520207,2023,2,2023-09-09,Northwestern,UTEP,-1.0,0.0,39.5,37.5,Bovada,3
401520208,2023,2,2023-09-09,Ohio State,Youngstown State,-45.0,-41.0,56.5,56.5,DraftKings,2
401520209,2023,2,2023-09-09,Penn State,Delaware,-43.5,-43.5,56.5,56.5,DraftKings,2
401520210,2023,2,2023-09-09,Rutgers,Temple,-7.5,-10.0,43.5,46.5,Bovada,3
401520211,2023,2,2023-09-09,Sam Houston,Air Force,12.5,15.0,36.5,37.0,Bovada,3
401520212,2023,2,2023-09-09,South Carolina,Furman,-18.0,,52.5,,William Hill (New Jersey),1
401520213,2023,2,2023-09-09,Tennessee,Austin Peay,-45.5,-45.5,65.5,65.5,DraftKings,2
401520214,2023,2,2023-09-09,Tulane,Ole Miss,13.0,3.5,61.0,62.5,Bovada,3
401520215,2023,2,2023-09-09,Virginia Tech,Purdue,-1.5,0.0,49.0,50.0,Bovada,3
401520216,2023,2,2023-09-09,Wake Forest,Vanderbilt,-9.5,-10.0,56.5,58.5,Bovada,3
401520217,2023,2,2023-09-09,Washington State,Wisconsin,5.5,4.5,57.5,55.0,Bovada,3
401520218,2023,2,2023-09-09,Western Kentucky,Houston Christian,-41.5,,64.5,,William Hill (New Jersey),1
401520219,2023,3,2023-09-16,Arizona,UTEP,-18.5,-17.0,57.5,55.5,Bovada,2
401520220,2023,3,2023-09-16,Arkansas,BYU,-7.5,-10.0,47.5,52.0,Bovada,2
401520221,2023,3,2023-09-16,Auburn,Samford,-37.5,,62.0,,William Hill (New Jersey),1
401520222,2023,3,2023-09-16,Buffalo,Liberty,3.0,4.5,54.0,56.5,Bovada,2
401520223,2023,3,2023-09-16,Duke,Northwestern,-17.0,-19.0,48.0,46.5,Bovada,2
401520224,2023,3,2023-09-16,Florida,Tennessee,5.0,7.5,56.0,57.5,Bovada,3
401520225,2023,3,2023-09-16,Georgia,South Carolina,-26.5,-27.0,53.5,55.0,Bovada,3
401520226,2023,3,2023-09-16,Illinois,Penn State,14.0,15.0,47.5,48.0,Bovada,3
401520227,2023,3,2023-09-16,Iowa,Western Michigan,-28.5,-25.0,43.0,43.5,Bovada,2
401520228,2023,3,2023-09-16,Kentucky,Akron,-25.5,-24.5,48.5,50.5,Bovada,2
401520229,2023,3,2023-09-16,Louisiana Tech,North Texas,-4.5,-3.0,66.5,68.5,Bovada,2
401520230,2023,3,2023-09-16,Indiana,Louisville,10.0,9.5,50.0,54.0,Bovada,2
401520231,2023,3,2023-09-15,Maryland,Virginia,-16.0,-14.0,48.0,50.0,Bovada,2
401520232,2023,3,2023-09-16,Michigan,Bowling Green,-41.0,-40.0,53.5,51.0,Bovada,2
401520233,2023,3,2023-09-16,Michigan State,Washington,15.0,12.0,57.5,58.0,Bovada,3
401520234,2023,3,2023-09-16,Middle Tennessee,Murray State,-34.5,,51.0,,William Hill (New Jersey),1
401520235,2023,3,2023-09-16,Mississippi State,LSU,9.5,9.0,54.0,54.5,Bovada,3
401520236,2023,3,2023-09-16,Missouri,Kansas State,3.5,5.5,49.0,46.0,Bovada,3
401520237,2023,3,2023-09-16,Nebraska,Northern Illinois,-11.5,-13.0,43.0,46.0,Bovada,2
401520238,2023,3,2023-09-16,New Mexico,New Mexico State,-3.0,-1.5,52.5,51.0,Bovada,2
401520239,2023,3,2023-09-16,North Carolina,Minnesota,-7.0,-6.5,52.0,49.0,Bovada,3
401520240,2023,3,2023-09-16,Ohio State,Western Kentucky,-29.5,-27.5,64.5,64.0,Bovada,2
401520241,2023,3,2023-09-16,Ole Miss,Georgia Tech,-17.0,-19.0,61.5,63.0,Bovada,2
401520242,2023,3,2023-09-16,Purdue,Syracuse,1.0,0.0,56.5,57.0,Bovada,2
401520243,2023,3,2023-09-16,Rutgers,Virginia Tech,-6.5,-4.5,37.5,39.5,Bovada,2
401520244,2023,3,2023-09-16,South Florida,Alabama,34.5,31.5,60.5,61.5,Bovada,2
401520245,2023,3,2023-09-16,Texas A&M,UL Monroe,-36.5,-32.0,53.5,53.5,Bovada,2
401520246,2023,3,2023-09-16,UConn,Florida International,-7.0,-10.0,44.0,46.5,Bovada,2
401520247,2023,3,2023-09-16,UNLV,Vanderbilt,4.5,4.0,57.0,57.0,Bovada,2
401520249,2023,3,2023-09-16,Wisconsin,Georgia Southern,-20.5,-15.0,65.5,63.0,Bovada,2
401520250,2023,4,2023-09-23,Alabama,Ole Miss,-7.0,-14.5,55.5,55.0,Bovada,3
401520251,2023,4,2023-09-23,Florida,Charlotte,-27.5,-27.0,48.5,51.0,Bovada,3
401520252,2023,4,2023-09-23,Georgia,UAB,-41.0,-39.5,57.0,53.5,Bovada,3
401520253,2023,4,2023-09-23,Hawai'i,New Mexico State,-4.0,-3.0,55.0,58.5,Bovada,3
401520254,2023,4,2023-09-23,Houston,Sam Houston,-11.5,-14.0,37.0,39.0,Bovada,3
401520255,2023,4,2023-09-23,Illinois,Florida Atlantic,-16.5,-12.0,45.5,49.0,Bovada,3
401520256,2023,4,2023-09-23,Indiana,Akron,-16.5,-17.5,46.0,45.0,Bovada,3
401520257,2023,4,2023-09-23,Jacksonville State,Eastern Michigan,-6.5,-4.5,51.0,50.5,Bovada,3
401520258,2023,4,2023-09-23,LSU,Arkansas,-18.0,-12.5,56.0,56.0,Bovada,3
401520259,2023,4,2023-09-23,Missouri,Memphis,-6.5,-6.5,52.5,53.0,Bovada,3
401520260,2023,4,2023-09-23,Michigan,Rutgers,-23.5,-26.0,43.0,45.0,Bovada,3
401520261,2023,4,2023-09-23,Michigan State,Maryland,7.5,6.0,52.5,53.0,Bovada,3
401520262,2023,4,2023-09-23,Middle Tennessee,Colorado State,-4.0,-2.0,50.0,53.0,Bovada,3
401520263,2023,4,2023-09-23,Nebraska,Louisiana Tech,-21.0,-19.5,45.0,48.5,Bovada,3
401520264,2023,4,2023-09-23,Northwestern,Minnesota,10.5,13.0,39.5,39.0,Bovada,3
401520265,2023,4,2023-09-23,Penn State,Iowa,-14.0,-14.0,38.0,42.0,Bovada,3
401520266,2023,4,2023-09-22,Purdue,Wisconsin,6.0,7.0,54.0,54.0,Bovada,3
401520267,2023,4,2023-09-23,South Carolina,Mississippi State,-6.0,-5.0,47.0,51.0,Bovada,3
401520268,2023,4,2023-09-23,Syracuse,Army,-13.0,-13.0,50.5,50.5,Bovada,3
401520269,2023,4,2023-09-23,Tennessee,UTSA,-24.5,-20.0,59.5,56.0,Bovada,3
401520270,2023,4,2023-09-23,Texas A&M,Auburn,-9.0,-7.0,51.5,52.0,Bovada,3
401520271,2023,4,2023-09-23,Troy,Western Kentucky,-3.5,-3.0,57.0,57.0,Bovada,3
401520272,2023,4,2023-09-23,UConn,Duke,22.0,22.5,45.0,47.0,Bovada,3
401520273,2023,4,2023-09-23,UTEP,UNLV,-2.0,3.0,49.5,50.5,Bovada,3
401520274,2023,4,2023-09-23,Vanderbilt,Kentucky,13.0,13.5,50.0,51.0,Bovada,3
401520275,2023,4,2023-09-23,Florida International,Liberty,10.0,13.0,52.0,54.0,Bovada,3
401520276,2023,5,2023-09-28,Sam Houston,Jacksonville State,6.5,6.0,36.0,36.5,Bovada,3
401520277,2023,5,2023-09-28,Western Kentucky,Middle Tennessee,-5.5,-8.0,60.0,60.0,Bovada,3
401520278,2023,5,2023-09-29,UTEP,Louisiana Tech,1.0,-1.0,52.5,52.5,Bovada,3
401520279,2023,5,2023-09-30,Arkansas,Texas A&M,6.5,6.5,54.5,55.5,Bovada,3
401520280,2023,5,2023-09-30,Auburn,Georgia,14.5,18.0,47.0,47.0,Bovada,3
401520281,2023,5,2023-09-30,Iowa,Michigan State,-12.0,-10.0,36.5,36.0,Bovada,3
401520282,2023,5,2023-09-30,Kentucky,Florida,-2.5,-3.0,46.5,46.0,Bovada,3
401520283,2023,5,2023-09-30,Maryland,Indiana,-14.0,-14.5,50.0,50.0,Bovada,3
401520284,2023,5,2023-09-30,Minnesota,Louisiana,-10.0,-9.5,47.5,47.0,Bovada,3
401520285,2023,5,2023-09-30,Mississippi State,Alabama,14.0,15.0,46.5,48.5,Bovada,3
401520286,2023,5,2023-09-30,Nebraska,Michigan,17.5,,40.0,40.5,Bovada,3
401520287,2023,5,2023-09-30,Northwestern,Penn State,25.5,25.5,46.0,46.0,Bovada,3
401520288,2023,5,2023-09-30,Ole Miss,LSU,3.0,2.5,65.5,63.5,Bovada,3
401520289,2023,5,2023-09-30,Purdue,Illinois,-1.0,-1.5,53.0,53.5,Bovada,3
401520290,2023,5,2023-09-30,Rutgers,Wagner,-46.0,,52.5,,median,1
401520291,2023,5,2023-09-30,Tennessee,South Carolina,-13.0,-11.0,63.0,62.5,Bovada,3
401520292,2023,5,2023-09-30,UConn,Utah State,4.5,6.0,51.0,51.0,Bovada,3
401520293,2023,5,2023-09-30,Vanderbilt,Missouri,13.5,12.0,56.0,56.5,Bovada,3
401520294,2023,6,2023-10-04,Middle Tennessee,Jacksonville State,-3.0,-4.0,52.0,51.0,Bovada,3
401520295,2023,6,2023-10-05,Louisiana Tech,Western Kentucky,6.0,5.0,59.0,58.5,Bovada,3
401520296,2023,6,2023-10-05,Liberty,Sam Houston,-21.5,-18.5,46.5,47.0,Bovada,3
401520297,2023,6,2023-10-04,New Mexico State,Florida International,-6.5,-6.0,49.5,50.0,Bovada,3
401520298,2023,6,2023-10-07,Army,Boston College,-2.0,-3.0,47.0,51.0,Bovada,3
401520299,2023,6,2023-10-07,Florida,Vanderbilt,-18.5,-18.0,51.0,53.5,Bovada,3
401520300,2023,6,2023-10-07,Georgia,Kentucky,-14.5,-14.0,46.5,47.5,Bovada,3
401520301,2023,6,2023-10-06,Illinois,Nebraska,-3.0,-3.0,41.5,44.0,Bovada,3
401520302,2023,6,2023-10-07,Iowa,Purdue,-2.0,-2.0,38.5,41.0,Bovada,3
401520303,2023,6,2023-10-07,Minnesota,Michigan,18.5,20.0,46.0,46.0,Bovada,3
401520304,2023,6,2023-10-07,Mississippi State,Western Michigan,-21.0,-20.0,55.0,56.0,Bovada,3
401520305,2023,6,2023-10-07,Missouri,LSU,6.5,6.0,63.5,63.5,Bovada,3
401520306,2023,6,2023-10-07,Northwestern,Howard,-23.0,,51.0,,William Hill (New Jersey),1
401520307,2023,6,2023-10-07,Ohio State,Maryland,-17.0,-18.0,57.0,55.0,Bovada,3
401520308,2023,6,2023-10-07,Ole Miss,Arkansas,-13.5,-11.5,62.0,62.5,Bovada,3
401520309,2023,6,2023-10-07,Rice,UConn,-10.0,-10.0,47.5,49.5,Bovada,3
401520310,2023,6,2023-10-07,Texas A&M,Alabama,2.5,3.0,45.5,49.5,Bovada,3
401520311,2023,6,2023-10-07,Wisconsin,Rutgers,-13.0,-13.5,44.0,46.5,Bovada,3
401520312,2023,7,2023-10-10,Jacksonville State,Liberty,7.0,6.5,59.0,56.0,Bovada,3
401520313,2023,7,2023-10-10,Middle Tennessee,Louisiana Tech,-3.0,-2.5,54.0,54.5,Bovada,3
401520314,2023,7,2023-10-11,Florida International,UTEP,-3.5,1.5,43.0,44.0,Bovada,3
401520315,2023,7,2023-10-11,New Mexico State,Sam Houston,-4.0,-6.0,42.5,43.0,Bovada,3
401520316,2023,7,2023-10-14,Alabama,Arkansas,-19.5,-19.0,45.5,48.5,Bovada,3
401520317,2023,7,2023-10-14,Army,Troy,6.5,3.0,42.0,44.0,Bovada,3
401520318,2023,7,2023-10-14,Kentucky,Missouri,-2.0,-3.0,50.5,53.5,Bovada,3
401520319,2023,7,2023-10-14,LSU,Auburn,-11.0,-16.0,60.0,63.5,Bovada,3
401520320,2023,7,2023-10-14,Maryland,Illinois,-13.0,-14.5,52.0,52.5,Bovada,3
401520321,2023,7,2023-10-14,Michigan,Indiana,-33.5,-34.0,45.5,49.5,Bovada,3
401520322,2023,7,2023-10-14,Penn State,Massachusetts,-42.0,-42.5,54.5,58.0,Bovada,3
401520323,2023,7,2023-10-14,Purdue,Ohio State,17.5,21.0,53.0,51.5,Bovada,3
401520324,2023,7,2023-10-14,Rutgers,Michigan State,-4.5,-5.0,40.0,41.5,Bovada,3
401520325,2023,7,2023-10-14,South Carolina,Florida,1.0,-2.5,50.0,53.5,Bovada,3
401520326,2023,7,2023-10-14,Tennessee,Texas A&M,-3.0,-3.5,54.0,56.5,Bovada,3
401520327,2023,7,2023-10-14,Vanderbilt,Georgia,32.5,32.0,55.0,57.0,Bovada,3
401520328,2023,7,2023-10-14,Wisconsin,Iowa,-8.0,-10.0,33.5,37.0,Bovada,3
401520329,2023,8,2023-10-17,Jacksonville State,Western Kentucky,7.5,8.0,60.5,59.0,Bovada,3
401520330,2023,8,2023-10-17,Liberty,Middle Tennessee,-16.0,-14.5,56.5,56.5,Bovada,3
401520331,2023,8,2023-10-18,Sam Houston,Florida International,-5.5,-5.5,42.0,41.0,Bovada,3
401520332,2023,8,2023-10-18,UTEP,New Mexico State,3.0,3.0,49.0,48.0,Bovada,3
401520333,2023,8,2023-10-21,Alabama,Tennessee,-8.5,-8.0,47.5,49.0,Bovada,3
401520334,2023,8,2023-10-21,Arkansas,Mississippi State,-7.0,-6.5,45.5,48.5,Bovada,3
401520335,2023,8,2023-10-21,Auburn,Ole Miss,6.5,7.0,55.5,57.0,Bovada,3
401520336,2023,8,2023-10-21,Illinois,Wisconsin,3.0,2.0,41.0,41.5,Bovada,3
401520337,2023,8,2023-10-21,Indiana,Rutgers,6.0,5.5,39.5,39.5,Bovada,3
401520338,2023,8,2023-10-21,Iowa,Minnesota,-3.0,-4.0,30.5,32.0,Bovada,3
401520339,2023,8,2023-10-21,LSU,Army,-33.0,-30.5,60.5,58.5,Bovada,3
401520340,2023,8,2023-10-21,Michigan State,Michigan,25.5,17.0,47.0,47.5,Bovada,3
401520341,2023,8,2023-10-21,Missouri,South Carolina,-7.0,-7.5,57.5,59.5,Bovada,3
401520342,2023,8,2023-10-21,Nebraska,Northwestern,-10.5,-12.0,40.0,41.0,Bovada,3
401520343,2023,8,2023-10-21,Ohio State,Penn State,-4.0,-10.0,47.0,45.5,Bovada,3
401520344,2023,8,2023-10-21,UConn,South Florida,-1.0,1.5,57.0,54.5,Bovada,3
401520345,2023,9,2023-10-24,Louisiana Tech,New Mexico State,-3.0,-2.0,55.0,51.5,Bovada,3
401520346,2023,9,2023-10-24,Western Kentucky,Liberty,4.0,3.0,61.5,60.5,Bovada,3
401520347,2023,9,2023-10-25,Florida International,Jacksonville State,9.5,7.5,48.0,44.0,Bovada,3
401520348,2023,9,2023-10-25,Sam Houston,UTEP,-4.0,-3.0,38.0,36.0,Bovada,3
401520349,2023,9,2023-10-28,Army,Massachusetts,-10.0,-9.0,49.0,48.0,Bovada,3
401520350,2023,9,2023-10-28,Auburn,Mississippi State,-6.5,-6.0,40.0,43.0,Bovada,3
401520351,2023,9,2023-10-28,Boston College,UConn,-14.5,-12.0,49.0,52.5,Bovada,3
401520352,2023,9,2023-10-28,Florida,Georgia,14.0,14.5,50.5,49.0,Bovada,3
401520353,2023,9,2023-10-28,Kentucky,Tennessee,3.5,4.0,50.0,51.5,Bovada,3
401520354,2023,9,2023-10-28,Minnesota,Michigan State,-6.5,-7.0,41.0,40.5,Bovada,3
401520355,2023,9,2023-10-28,Nebraska,Purdue,1.5,-3.0,39.5,42.0,Bovada,3
401520356,2023,9,2023-10-28,Northwestern,Maryland,14.5,13.0,49.0,48.5,Bovada,3
401520357,2023,9,2023-10-28,Ole Miss,Vanderbilt,-24.0,-25.0,63.0,63.5,Bovada,3
401520358,2023,9,2023-10-28,Penn State,Indiana,-31.0,-31.0,45.0,44.5,Bovada,3
401520359,2023,9,2023-10-28,Texas A&M,South Carolina,-17.0,-13.5,51.5,54.5,Bovada,3
401520360,2023,9,2023-10-28,Wisconsin,Ohio State,14.5,9.5,48.0,44.0,Bovada,3
401520361,2023,10,2023-11-04,Air Force,Army,-18.0,-19.0,32.0,35.0,Bovada,3
401520362,2023,10,2023-11-04,Alabama,LSU,-3.0,-6.5,60.5,60.0,Bovada,3
401520363,2023,10,2023-11-04,Florida,Arkansas,-3.0,-6.0,49.0,49.0,Bovada,3
401520364,2023,10,2023-11-04,Georgia,Missouri,-14.5,-16.0,55.5,56.0,Bovada,3
401520365,2023,10,2023-11-04,Indiana,Wisconsin,9.5,9.5,45.5,44.5,Bovada,3
401520366,2023,10,2023-11-04,Liberty,Louisiana Tech,-14.0,-17.0,59.0,57.0,Bovada,3
401520367,2023,10,2023-11-04,Maryland,Penn State,8.5,10.0,50.5,50.0,Bovada,3
401520368,2023,10,2023-11-04,Michigan,Purdue,-31.0,-32.5,54.0,48.5,Bovada,3
401520369,2023,10,2023-11-04,Michigan State,Nebraska,3.0,3.5,34.5,35.0,Bovada,3
401520370,2023,10,2023-11-04,Minnesota,Illinois,-2.0,-3.0,44.0,42.5,Bovada,3
401520371,2023,10,2023-11-04,Mississippi State,Kentucky,5.5,3.5,44.5,46.0,Bovada,3
401520372,2023,10,2023-11-04,New Mexico State,Middle Tennessee,-3.0,-3.0,55.5,56.5,Bovada,3
401520373,2023,10,2023-11-04,Northwestern,Iowa,5.0,5.5,31.0,31.0,Bovada,3
401520374,2023,10,2023-11-04,Ole Miss,Texas A&M,-3.0,-4.5,52.5,53.5,Bovada,3
401520375,2023,10,2023-11-04,Rutgers,Ohio State,19.0,18.0,43.0,43.5,Bovada,3
401520376,2023,10,2023-11-04,South Carolina,Jacksonville State,-15.5,-14.5,55.0,55.0,Bovada,3
401520377,2023,10,2023-11-04,Tennessee,UConn,-35.0,-35.5,55.5,53.0,Bovada,3
401520378,2023,10,2023-11-04,UTEP,Western Kentucky,10.0,10.5,54.0,54.5,Bovada,3
401520379,2023,10,2023-11-04,Vanderbilt,Auburn,12.5,12.5,50.0,49.0,Bovada,2
401520380,2023,11,2023-11-11,Arkansas,Auburn,-2.0,-3.0,47.0,51.0,Bovada,3
401520381,2023,11,2023-11-11,Army,Holy Cross,-11.5,,55.5,,ESPN Bet,1
401520382,2023,11,2023-11-11,Georgia,Ole Miss,-11.0,-19.5,59.0,58.5,Bovada,3
401520383,2023,11,2023-11-11,Illinois,Indiana,-4.5,-5.5,44.0,43.5,Bovada,3
401520384,2023,11,2023-11-11,Iowa,Rutgers,-1.0,-2.5,27.5,29.0,Bovada,3
401520385,2023,11,2023-11-11,James Madison,UConn,-25.0,-27.0,47.5,49.0,Bovada,3
401520386,2023,11,2023-11-11,Kentucky,Alabama,10.5,-3.0,47.0,49.0,Bovada,3
401520387,2023,11,2023-11-11,Louisiana Tech,Sam Houston,-8.0,-7.5,49.0,49.0,Bovada,3
401520388,2023,11,2023-11-11,Liberty,Old Dominion,-14.0,-13.0,59.5,58.5,Bovada,3
401520389,2023,11,2023-11-11,LSU,Florida,-16.0,-15.5,67.5,63.0,Bovada,3
401520390,2023,11,2023-11-11,Middle Tennessee,Florida International,-10.5,-11.0,51.5,52.5,Bovada,3
401520391,2023,11,2023-11-11,Missouri,Tennessee,2.0,1.0,59.0,58.5,Bovada,3
401520392,2023,11,2023-11-11,Nebraska,Maryland,1.5,1.0,42.5,45.5,Bovada,3
401520393,2023,11,2023-11-11,Ohio State,Michigan State,-32.0,-25.0,48.0,46.5,Bovada,3
401520394,2023,11,2023-11-11,Penn State,Michigan,4.0,3.0,44.5,43.5,Bovada,3
401520395,2023,11,2023-11-11,Purdue,Minnesota,2.0,0.0,48.5,46.5,Bovada,3
401520396,2023,11,2023-11-11,South Carolina,Vanderbilt,-13.0,-14.5,53.5,58.0,Bovada,3
401520397,2023,11,2023-11-11,Texas A&M,Mississippi State,-16.5,-18.0,40.5,44.5,Bovada,3
401520398,2023,11,2023-11-11,Wisconsin,Northwestern,-12.0,-11.5,44.0,42.5,Bovada,3
401520399,2023,11,2023-11-11,Western Kentucky,New Mexico State,-5.0,-5.5,53.5,57.5,Bovada,3
401520400,2023,10,2023-11-04,Massachusetts,Merrimack,-16.5,,57.5,,ESPN Bet,1
401520401,2023,12,2023-11-18,Alabama,Chattanooga,-44.5,,54.5,,ESPN Bet,1
401520402,2023,12,2023-11-18,Arkansas,Florida International,-26.5,-31.5,49.5,51.5,Bovada,3
401520403,2023,12,2023-11-18,Army,Coastal Carolina,1.0,5.0,40.5,44.5,Bovada,3
401520404,2023,12,2023-11-18,Auburn,New Mexico State,-25.0,-22.0,48.0,48.5,Bovada,3
401520405,2023,12,2023-11-18,Indiana,Michigan State,-3.5,-5.0,46.5,46.5,Bovada,3
401520406,2023,12,2023-11-18,Iowa,Illinois,-3.0,-4.0,33.5,31.5,Bovada,3
401520407,2023,12,2023-11-18,Jacksonville State,Louisiana Tech,-9.5,-8.0,54.5,55.5,Bovada,3
401520408,2023,12,2023-11-18,Liberty,Massachusetts,-25.5,-28.0,63.5,63.0,Bovada,3
401520409,2023,12,2023-11-18,LSU,Georgia State,-32.0,-31.0,75.0,72.5,Bovada,3
401520410,2023,12,2023-11-18,Maryland,Michigan,17.5,21.0,51.0,50.5,Bovada,3
401520411,2023,12,2023-11-18,Middle Tennessee,UTEP,-8.0,-7.5,48.5,48.0,Bovada,3
401520412,2023,12,2023-11-18,Mississippi State,Southern Miss,-18.5,-14.0,48.5,47.0,Bovada,3
401520413,2023,12,2023-11-18,Missouri,Florida,-12.5,-11.0,55.0,57.5,Bovada,3
401520414,2023,12,2023-11-18,Northwestern,Purdue,-2.5,-1.5,47.5,47.5,Bovada,3
401520415,2023,12,2023-11-18,Ohio State,Minnesota,-27.5,-28.5,51.5,49.0,Bovada,3
401520416,2023,12,2023-11-18,Ole Miss,UL Monroe,-36.0,-36.5,60.5,61.5,Bovada,3
401520417,2023,12,2023-11-18,Penn State,Rutgers,-19.5,-19.0,40.0,43.0,Bovada,3
401520418,2023,12,2023-11-18,South Carolina,Kentucky,-2.5,2.0,52.5,54.5,Bovada,3
401520419,2023,12,2023-11-18,Tennessee,Georgia,9.0,7.5,59.0,59.5,Bovada,3
401520420,2023,12,2023-11-18,Texas A&M,Abilene Christian,-40.5,,54.5,,ESPN Bet,1
401520421,2023,12,2023-11-18,UConn,Sacred Heart,-25.5,,40.5,,ESPN Bet,1
401520422,2023,12,2023-11-18,Wisconsin,Nebraska,-7.0,-5.0,36.5,37.5,Bovada,3
401520423,2023,12,2023-11-18,Western Kentucky,Sam Houston,-9.5,-13.0,52.5,51.5,Bovada,2
401520424,2023,13,2023-11-23,Mississippi State,Ole Miss,10.0,1.5,55.0,56.0,Bovada,3
401520425,2023,13,2023-11-24,Nebraska,Iowa,-3.0,0.0,26.0,27.5,Bovada,3
401520426,2023,13,2023-11-24,Arkansas,Missouri,10.0,7.5,53.5,55.0,Bovada,3
401520427,2023,13,2023-11-25,Auburn,Alabama,14.0,13.0,48.0,49.0,Bovada,3
401520428,2023,13,2023-11-25,Florida International,Western Kentucky,11.5,10.0,54.0,55.0,Bovada,3
401520429,2023,13,2023-11-25,Florida,Florida State,6.5,9.5,48.5,51.0,Bovada,3
401520430,2023,13,2023-11-25,Georgia Tech,Georgia,25.0,23.0,59.5,60.0,Bovada,3
401520431,2023,13,2023-11-25,Illinois,Northwestern,-6.0,-5.5,47.0,47.0,Bovada,3
401520432,2023,13,2023-11-25,Louisville,Kentucky,-7.5,-7.0,47.5,51.0,Bovada,3
401520433,2023,13,2023-11-25,LSU,Texas A&M,-11.0,-10.5,68.0,66.0,Bovada,3
401520434,2023,13,2023-11-25,Michigan,Ohio State,-3.0,-3.0,47.0,46.5,Bovada,3
401520435,2023,13,2023-11-24,Michigan State,Penn State,23.5,10.5,43.0,43.0,Bovada,2
401520436,2023,13,2023-11-25,Minnesota,Wisconsin,3.0,2.0,46.0,42.0,Bovada,2
401520437,2023,13,2023-11-25,New Mexico State,Jacksonville State,2.5,-2.5,48.5,50.0,Bovada,2
401520438,2023,13,2023-11-25,Purdue,Indiana,-6.5,-2.5,55.5,50.0,Bovada,3
401520439,2023,13,2023-11-25,Rutgers,Maryland,2.0,1.5,45.5,45.5,Bovada,2
401520440,2023,13,2023-11-25,Sam Houston,Middle Tennessee,3.5,4.5,50.5,49.0,Bovada,3
401520441,2023,13,2023-11-25,South Carolina,Clemson,7.5,6.5,48.0,52.0,Bovada,3
401520442,2023,13,2023-11-25,Tennessee,Vanderbilt,-27.0,-25.5,58.0,56.5,Bovada,3
401520443,2023,13,2023-11-25,Massachusetts,UConn,-2.5,2.5,51.0,50.5,Bovada,3
401520444,2023,13,2023-11-25,UTEP,Liberty,18.0,16.0,54.5,59.0,Bovada,3
401520445,2023,15,2023-12-09,Army,Navy,-2.5,-1.5,28.0,30.5,Bovada,3
401521330,2023,4,2023-09-23,Notre Dame,Ohio State,3.0,7.5,55.5,54.0,Bovada,3
401523986,2023,1,2023-08-26,USC,San José State,-30.5,-31.0,66.5,63.5,Bovada,5
401523987,2023,1,2023-08-31,Arizona State,Southern Utah,-31.0,-31.5,53.0,53.5,Bovada,3
401523988,2023,1,2023-09-01,Hawai'i,Stanford,2.5,8.0,54.5,58.5,Bovada,4
401523989,2023,1,2023-09-02,Arizona,Northern Arizona,-28.5,-28.0,61.0,60.0,Bovada,2
401523990,2023,1,2023-09-02,Colorado State,Washington State,8.5,14.5,53.5,54.5,Bovada,4
401523991,2023,1,2023-09-02,North Texas,California,4.5,9.0,53.5,56.0,Bovada,5
401523992,2023,1,2023-09-02,Oregon,Portland State,-48.5,-48.0,65.0,64.5,Bovada,2
401523994,2023,1,2023-09-02,TCU,Colorado,-21.0,-21.0,63.5,59.0,Bovada,5
401523995,2023,1,2023-09-02,UCLA,Coastal Carolina,-15.5,-15.5,67.5,65.0,Bovada,4
401523996,2023,1,2023-09-02,USC,Nevada,-38.0,-38.0,63.5,66.0,Bovada,4
401523997,2023,1,2023-09-02,Washington,Boise State,-14.5,-14.5,59.0,58.5,Bovada,5
401523998,2023,2,2023-09-09,Arizona State,Oklahoma State,2.5,3.5,53.5,53.0,Bovada,3
401523999,2023,2,2023-09-09,Baylor,Utah,7.0,7.0,45.5,51.0,Bovada,3
401524000,2023,2,2023-09-09,Oregon State,UC Davis,-23.0,-23.0,56.0,56.0,DraftKings,2
401524001,2023,2,2023-09-09,San Diego State,UCLA,13.5,13.0,49.0,49.0,Bovada,3
401524002,2023,2,2023-09-09,Texas Tech,Oregon,4.5,7.5,68.5,67.0,Bovada,3
401524003,2023,2,2023-09-09,USC,Stanford,-28.5,-30.0,70.0,71.0,Bovada,3
401524004,2023,2,2023-09-09,Washington,Tulsa,-34.0,-35.5,67.0,64.5,Bovada,3
401524005,2023,3,2023-09-16,Arizona State,Fresno State,3.5,2.5,48.0,51.5,Bovada,2
401524006,2023,3,2023-09-16,California,Idaho,-14.5,,52.5,,William Hill (New Jersey),1
401524007,2023,3,2023-09-16,Colorado,Colorado State,-24.0,-21.0,63.5,59.5,Bovada,3
401524008,2023,3,2023-09-16,Oregon,Hawai'i,-38.0,-37.0,68.0,68.0,Bovada,2
401524009,2023,3,2023-09-16,Oregon State,San Diego State,-24.5,-22.0,48.5,47.5,Bovada,2
401524010,2023,3,2023-09-16,Stanford,Sacramento State,-7.0,,60.5,,William Hill (New Jersey),1
401524011,2023,3,2023-09-16,UCLA,North Carolina Central,-35.0,,60.5,,William Hill (New Jersey),1
401524012,2023,3,2023-09-16,Utah,Weber State,-26.5,,44.0,,William Hill (New Jersey),1
401524013,2023,3,2023-09-16,Washington State,Northern Colorado,-48.0,,55.0,,William Hill (New Jersey),1
401524014,2023,4,2023-09-23,Arizona State,USC,34.0,33.0,62.0,61.5,Bovada,3
401524015,2023,4,2023-09-23,Oregon,Colorado,-21.0,-16.5,70.0,71.5,Bovada,3
401524016,2023,4,2023-09-23,Stanford,Arizona,13.0,10.0,59.5,59.0,Bovada,3
401524017,2023,4,2023-09-23,Utah,UCLA,-3.0,-5.0,51.0,51.0,Bovada,3
401524018,2023,4,2023-09-23,Washington,California,-20.0,-21.5,55.5,63.0,Bovada,3
401524019,2023,4,2023-09-23,Washington State,Oregon State,3.0,2.5,58.0,55.5,Bovada,3
401524020,2023,5,2023-09-29,Oregon State,Utah,-3.0,1.0,44.5,45.5,Bovada,3
401524021,2023,5,2023-09-30,Arizona,Washington,17.5,18.5,68.5,69.5,Bovada,3
401524022,2023,5,2023-09-30,California,Arizona State,-11.5,-11.5,49.5,50.5,Bovada,3
401524023,2023,5,2023-09-30,Colorado,USC,21.5,27.0,74.5,73.5,Bovada,3
401524024,2023,5,2023-09-30,Stanford,Oregon,27.0,27.0,61.0,61.0,Bovada,3
401524025,2023,6,2023-10-07,USC,Arizona,-21.0,-22.0,69.5,71.0,Bovada,3
401524026,2023,6,2023-10-07,Arizona State,Colorado,3.0,4.0,58.5,59.0,Bovada,3
401524027,2023,6,2023-10-07,California,Oregon State,7.5,9.5,51.0,51.0,Bovada,3
401524028,2023,6,2023-10-07,UCLA,Washington State,-3.5,-4.0,59.5,60.0,Bovada,3
401524029,2023,7,2023-10-13,Colorado,Stanford,-13.0,-11.5,59.0,59.0,Bovada,3
401524030,2023,7,2023-10-14,Washington State,Arizona,-8.0,-9.0,56.5,60.5,Bovada,3
401524031,2023,7,2023-10-14,Notre Dame,USC,-3.0,0.0,61.0,62.5,Bovada,3
401524032,2023,7,2023-10-14,Oregon State,UCLA,-4.0,-5.0,53.5,53.5,Bovada,3
401524033,2023,7,2023-10-14,Utah,California,-9.0,-13.5,42.5,45.0,Bovada,3
401524034,2023,7,2023-10-14,Washington,Oregon,-3.5,-1.5,67.0,67.5,Bovada,3
401524035,2023,8,2023-10-21,Oregon,Washington State,-19.0,-19.5,61.5,62.5,Bovada,3
401524036,2023,8,2023-10-21,Stanford,UCLA,17.0,16.5,51.5,54.0,Bovada,3
401524037,2023,8,2023-10-21,USC,Utah,-7.0,-6.0,52.0,56.0,Bovada,3
401524038,2023,8,2023-10-21,Washington,Arizona State,-28.0,-27.5,60.0,59.0,Bovada,3
401524039,2023,9,2023-10-28,Arizona,Oregon State,3.0,4.0,57.5,57.0,Bovada,3
401524040,2023,9,2023-10-28,Arizona State,Washington State,4.0,6.5,48.5,51.5,Bovada,3
401524041,2023,9,2023-10-28,California,USC,10.5,10.5,67.5,67.0,Bovada,3
401524042,2023,9,2023-10-28,Stanford,Washington,28.0,26.5,62.0,59.5,Bovada,3
401524043,2023,9,2023-10-28,UCLA,Colorado,-14.0,-17.0,60.5,64.0,Bovada,3
401524044,2023,9,2023-10-28,Utah,Oregon,6.5,5.0,47.5,49.0,Bovada,3
401524045,2023,10,2023-11-04,Arizona,UCLA,2.5,2.5,49.0,53.5,Bovada,3
401524046,2023,10,2023-11-04,Colorado,Oregon State,13.0,-23.5,60.5,59.0,Bovada,3
401524047,2023,10,2023-11-04,Oregon,California,-26.5,-24.0,61.5,59.0,Bovada,3
401524048,2023,10,2023-11-04,USC,Washington,3.0,-6.0,76.0,76.5,Bovada,3
401524049,2023,10,2023-11-04,Utah,Arizona State,-10.5,-11.5,39.0,41.5,Bovada,3
401524050,2023,10,2023-11-04,Washington State,Stanford,-14.0,-13.5,58.0,61.0,Bovada,3
401524051,2023,11,2023-11-11,California,Washington State,-2.0,0.0,60.0,58.5,Bovada,3
401524052,2023,11,2023-11-11,Colorado,Arizona,8.0,10.0,55.5,55.5,Bovada,3
401524053,2023,11,2023-11-11,Oregon,USC,-16.5,-3.0,77.5,74.0,Bovada,3
401524054,2023,11,2023-11-11,Oregon State,Stanford,-21.5,-20.5,52.5,54.5,Bovada,3
401524055,2023,11,2023-11-11,UCLA,Arizona State,-14.0,-16.5,45.5,47.5,Bovada,3
401524056,2023,11,2023-11-11,Washington,Utah,-9.5,-3.5,48.5,54.5,Bovada,3
401524057,2023,12,2023-11-17,Washington State,Colorado,-4.0,-5.0,59.0,64.0,Bovada,3
401524058,2023,12,2023-11-18,Arizona,Utah,-2.5,0.0,47.0,46.0,Bovada,3
401524059,2023,12,2023-11-18,Arizona State,Oregon,24.5,22.5,53.5,54.5,Bovada,3
401524060,2023,12,2023-11-18,Oregon State,Washington,-1.0,-1.0,62.0,64.0,Bovada,3
401524061,2023,12,2023-11-18,Stanford,California,7.0,4.5,53.5,57.5,Bovada,3
401524062,2023,12,2023-11-18,USC,UCLA,-5.0,-12.0,62.5,65.5,Bovada,3
401524063,2023,13,2023-11-24,Oregon,Oregon State,-14.0,-8.0,61.0,62.5,Bovada,3
401524064,2023,13,2023-11-25,Arizona State,Arizona,13.0,12.5,50.0,51.0,Bovada,3
401524065,2023,13,2023-11-25,Stanford,Notre Dame,26.0,24.5,50.5,52.0,Bovada,3
401524066,2023,13,2023-11-25,UCLA,California,-9.5,-10.0,50.5,52.0,Bovada,3
401524067,2023,13,2023-11-25,Utah,Colorado,-21.5,-22.0,43.5,52.5,Bovada,3
401524068,2023,13,2023-11-25,Washington,Washington State,-14.5,-16.5,64.5,68.0,Bovada,3
401525434,2023,1,2023-08-26,Notre Dame,Navy,-20.5,-19.5,50.5,49.0,Bovada,5
401525435,2023,1,2023-09-02,Notre Dame,Tennessee State,-48.0,-48.0,54.5,52.5,Bovada,2
401525436,2023,2,2023-09-09,NC State,Notre Dame,7.0,7.5,49.0,50.5,Bovada,3
401525437,2023,3,2023-09-16,Notre Dame,Central Michigan,-35.0,-33.0,51.0,55.0,Bovada,2
401525438,2023,5,2023-09-30,Duke,Notre Dame,5.5,6.5,52.5,51.5,Bovada,3
401525439,2023,6,2023-10-07,Louisville,Notre Dame,6.0,7.0,54.5,51.5,Bovada,3
401525440,2023,9,2023-10-28,Notre Dame,Pittsburgh,-21.0,-18.0,46.5,46.5,Bovada,3
401525441,2023,10,2023-11-04,Clemson,Notre Dame,3.0,-5.0,44.5,46.0,Bovada,3
401525442,2023,12,2023-11-18,Notre Dame,Wake Forest,-23.5,-25.0,47.5,47.0,Bovada,3
401525450,2023,1,2023-08-26,New Mexico State,Massachusetts,-7.5,-8.5,45.5,44.5,Bovada,5
401525451,2023,10,2023-11-04,Sam Houston,Kennesaw State,-16.5,,41.5,,ESPN Bet,1
401525461,2023,1,2023-08-31,Wake Forest,Elon,-30.5,-28.5,56.0,55.5,Bovada,3
401525462,2023,1,2023-09-01,Georgia Tech,Louisville,7.5,8.0,49.5,52.0,Bovada,5
401525463,2023,1,2023-09-01,Miami,Miami (OH),-16.5,-17.5,45.0,48.5,Bovada,4
401525464,2023,1,2023-09-02,Boston College,Northern Illinois,-8.0,-9.5,50.0,52.0,Bovada,5
401525465,2023,1,2023-09-02,Pittsburgh,Wofford,-37.5,-38.5,48.5,52.0,Bovada,2
401525466,2023,1,2023-09-02,Syracuse,Colgate,-40.0,-37.0,49.5,49.5,Bovada,2
401525467,2023,1,2023-09-02,Virginia Tech,Old Dominion,-17.0,-14.0,47.5,49.5,Bovada,4
401525468,2023,1,2023-09-04,Duke,Clemson,12.5,13.5,55.0,55.5,Bovada,5
401525469,2023,2,2023-09-07,Louisville,Murray State,-43.5,,55.5,,William Hill (New Jersey),1
401525490,2023,2,2023-09-09,Boston College,Holy Cross,-10.0,-10.0,52.5,52.5,DraftKings,2
401525491,2023,2,2023-09-09,Clemson,Charleston Southern,-50.5,-50.5,53.0,53.0,DraftKings,1
401525492,2023,2,2023-09-09,Duke,Lafayette,-41.0,-41.0,48.0,48.0,DraftKings,2
401525493,2023,2,2023-09-09,Florida State,Southern Miss,-31.0,-28.0,54.0,52.0,Bovada,3
401525494,2023,2,2023-09-09,Georgia Tech,South Carolina State,-41.0,-41.0,52.5,52.5,Bovada,3
401525495,2023,2,2023-09-09,North Carolina,App State,-19.5,-14.5,58.0,61.0,Bovada,3
401525496,2023,2,2023-09-09,Pittsburgh,Cincinnati,-6.5,-7.0,44.5,48.5,Bovada,3
401525497,2023,2,2023-09-09,Syracuse,Western Michigan,-24.5,-21.0,56.5,52.5,Bovada,3
401525498,2023,2,2023-09-09,Virginia,James Madison,6.0,6.0,39.5,44.0,Bovada,3
401525499,2023,3,2023-09-14,Miami,Bethune-Cookman,-54.0,,63.5,,William Hill (New Jersey),1
401525500,2023,3,2023-09-16,Boston College,Florida State,25.0,28.5,47.5,56.5,Bovada,2
401525501,2023,3,2023-09-16,Clemson,Florida Atlantic,-25.0,-24.0,51.5,52.5,Bovada,2
401525502,2023,3,2023-09-16,NC State,VMI,-42.5,,51.0,,William Hill (New Jersey),1
401525503,2023,3,2023-09-16,West Virginia,Pittsburgh,-2.5,1.5,47.5,50.0,Bovada,3
401525504,2023,3,2023-09-16,Old Dominion,Wake Forest,14.0,14.0,61.0,59.5,Bovada,2
401525505,2023,4,2023-09-22,Virginia,NC State,8.0,9.0,47.0,45.5,Bovada,3
401525506,2023,4,2023-09-23,Louisville,Boston College,-13.5,-13.5,53.5,55.0,Bovada,3
401525507,2023,4,2023-09-23,Clemson,Florida State,2.0,1.5,55.0,55.0,Bovada,3
401525508,2023,4,2023-09-23,Wake Forest,Georgia Tech,-3.5,-7.0,58.5,60.5,Bovada,3
401525509,2023,4,2023-09-23,Temple,Miami,23.5,25.0,46.0,52.5,Bovada,3
401525510,2023,4,2023-09-23,Pittsburgh,North Carolina,7.0,5.5,49.5,50.0,Bovada,3
401525511,2023,4,2023-09-23,Marshall,Virginia Tech,-6.0,-7.5,41.5,41.5,Bovada,3
401525512,2023,5,2023-09-29,NC State,Louisville,3.0,3.0,55.5,55.5,Bovada,3
401525513,2023,5,2023-09-30,Boston College,Virginia,-3.0,-2.0,55.0,56.0,Bovada,3
401525514,2023,5,2023-09-30,Syracuse,Clemson,7.0,7.5,53.5,52.5,Bovada,3
401525515,2023,5,2023-09-30,Georgia Tech,Bowling Green,-22.5,-20.0,52.5,54.5,Bovada,3
401525516,2023,5,2023-09-30,Virginia Tech,Pittsburgh,2.5,2.0,40.0,42.5,Bovada,3
401525517,2023,6,2023-10-07,Clemson,Wake Forest,-21.0,-21.0,53.0,51.5,Bovada,3
401525518,2023,6,2023-10-07,Florida State,Virginia Tech,-24.0,-24.0,52.5,52.5,Bovada,3
401525519,2023,6,2023-10-07,Miami,Georgia Tech,-19.0,-20.5,57.0,59.0,Bovada,3
401525520,2023,6,2023-10-07,North Carolina,Syracuse,-9.0,-8.5,59.0,58.0,Bovada,3
401525521,2023,6,2023-10-07,NC State,Marshall,-6.5,-6.5,44.0,45.5,Bovada,3
401525522,2023,6,2023-10-07,Virginia,William & Mary,-10.0,,42.0,,William Hill (New Jersey),1
401525523,2023,7,2023-10-14,Duke,NC State,-3.5,-3.5,42.5,48.0,Bovada,3
401525524,2023,7,2023-10-14,Florida State,Syracuse,-19.5,-18.0,53.0,56.5,Bovada,3
401525525,2023,7,2023-10-14,Pittsburgh,Louisville,7.0,9.5,45.0,47.5,Bovada,3
401525526,2023,7,2023-10-14,North Carolina,Miami,-2.5,-4.0,57.5,56.0,Bovada,3
401525527,2023,7,2023-10-14,Virginia Tech,Wake Forest,-1.5,1.0,48.5,49.0,Bovada,3
401525528,2023,8,2023-10-21,Georgia Tech,Boston College,-6.0,-4.0,57.0,58.0,Bovada,3
401525529,2023,8,2023-10-21,Miami,Clemson,6.5,9.5,44.5,49.0,Bovada,3
401525530,2023,8,2023-10-21,Florida State,Duke,-14.0,-13.5,49.0,48.5,Bovada,3
401525531,2023,8,2023-10-21,North Carolina,Virginia,-24.0,-23.5,57.5,56.5,Bovada,3
401525532,2023,8,2023-10-21,Wake Forest,Pittsburgh,3.0,-1.0,45.0,47.0,Bovada,3
401525533,2023,9,2023-10-26,Virginia Tech,Syracuse,-2.5,-3.0,47.0,47.0,Bovada,3
401525534,2023,9,2023-10-28,NC State,Clemson,10.0,10.0,44.5,43.5,Bovada,3
401525535,2023,9,2023-10-28,Louisville,Duke,-5.0,-4.0,47.0,47.0,Bovada,3
401525536,2023,9,2023-10-28,Wake Forest,Florida State,21.0,20.0,53.0,53.0,Bovada,3
401525537,2023,9,2023-10-28,Georgia Tech,North Carolina,12.5,12.0,65.0,63.5,Bovada,3
401525538,2023,9,2023-10-28,Miami,Virginia,-19.0,-18.0,48.0,50.0,Bovada,3
401525539,2023,10,2023-11-02,Duke,Wake Forest,-7.0,-12.5,41.0,45.5,Bovada,3
401525540,2023,10,2023-11-03,Syracuse,Boston College,1.0,-3.0,47.0,51.0,Bovada,3
401525541,2023,10,2023-11-04,Pittsburgh,Florida State,21.5,21.5,50.0,51.5,Bovada,3
401525542,2023,10,2023-11-04,Virginia,Georgia Tech,-1.0,-2.5,56.0,54.5,Bovada,3
401525543,2023,10,2023-11-04,Louisville,Virginia Tech,-10.0,-10.5,48.5,48.5,Bovada,2
401525544,2023,10,2023-11-04,NC State,Miami,6.5,3.5,44.0,45.5,Bovada,3
401525545,2023,10,2023-11-04,North Carolina,Campbell,-45.5,,68.5,,ESPN Bet,1
401525546,2023,11,2023-11-09,Louisville,Virginia,-20.0,-19.5,49.5,51.5,Bovada,3
401525547,2023,11,2023-11-11,Boston College,Virginia Tech,2.5,-2.5,48.0,49.5,Bovada,3
401525548,2023,11,2023-11-11,Clemson,Georgia Tech,-14.5,-14.5,53.5,55.5,Bovada,3
401525549,2023,11,2023-11-11,North Carolina,Duke,-10.0,-8.5,53.5,50.5,Bovada,3
401525550,2023,11,2023-11-11,Florida State,Miami,-14.5,-15.5,50.5,50.0,Bovada,3
401525551,2023,11,2023-11-11,Wake Forest,NC State,2.0,2.5,43.5,45.0,Bovada,3
401525552,2023,11,2023-11-11,Syracuse,Pittsburgh,3.0,1.5,38.0,37.5,Bovada,3
401525553,2023,12,2023-11-16,Pittsburgh,Boston College,-2.5,-2.0,46.5,47.5,Bovada,2
401525554,2023,12,2023-11-18,Clemson,North Carolina,-8.0,-10.5,59.5,58.5,Bovada,3
401525555,2023,12,2023-11-18,Virginia,Duke,3.0,3.5,45.5,47.0,Bovada,2
401525557,2023,12,2023-11-18,Georgia Tech,Syracuse,-6.0,-6.0,51.5,52.5,Bovada,3
401525558,2023,12,2023-11-18,Miami,Louisville,-1.0,2.0,46.0,46.5,Bovada,3
401525559,2023,12,2023-11-18,Virginia Tech,NC State,-2.5,-3.0,41.0,44.0,Bovada,3
401525560,2023,13,2023-11-24,Boston College,Miami,10.0,9.0,50.0,48.5,Bovada,3
401525561,2023,13,2023-11-25,Duke,Pittsburgh,-4.5,-6.0,41.0,42.5,Bovada,3
401525562,2023,13,2023-11-25,NC State,North Carolina,3.0,4.0,56.0,55.0,Bovada,2
401525563,2023,13,2023-11-25,Syracuse,Wake Forest,-2.0,-2.5,43.5,44.0,Bovada,3
401525564,2023,13,2023-11-25,Virginia,Virginia Tech,1.0,2.5,53.5,53.0,Bovada,2
401525815,2023,1,2023-09-01,Kansas,Missouri State,-32.5,,60.5,,William Hill (New Jersey),1
401525816,2023,1,2023-08-31,UCF,Kent State,-35.5,-36.5,53.5,59.0,Bovada,5
401525817,2023,1,2023-09-02,Baylor,Texas State,-27.0,-26.5,59.0,58.5,Bovada,4
401525818,2023,1,2023-09-02,Cincinnati,Eastern Kentucky,-21.5,-23.5,58.0,55.5,Bovada,2
401525819,2023,1,2023-09-02,Houston,UTSA,2.5,1.5,59.0,59.5,Bovada,5
401525820,2023,1,2023-09-02,Iowa State,Northern Iowa,-7.5,-8.5,41.5,42.5,Bovada,2
401525821,2023,1,2023-09-02,Kansas State,Southeast Missouri State,-28.5,,56.5,,William Hill (New Jersey),1
401525822,2023,1,2023-09-02,Oklahoma,Arkansas State,-36.5,-35.5,58.0,61.0,Bovada,4
401525823,2023,1,2023-09-02,Oklahoma State,Central Arkansas,-26.5,-27.0,59.5,60.0,Bovada,2
401525824,2023,1,2023-09-02,Texas,Rice,-35.5,-35.0,58.5,59.0,Bovada,4
401525825,2023,1,2023-09-02,Wyoming,Texas Tech,13.5,13.5,50.5,52.5,Bovada,5
401525827,2023,2,2023-09-09,Boise State,UCF,3.0,2.0,58.5,58.5,Bovada,3
401525828,2023,2,2023-09-09,BYU,Southern Utah,-31.0,-31.0,49.5,49.5,DraftKings,2
401525829,2023,2,2023-09-09,Kansas State,Troy,-15.0,-17.0,50.0,50.0,Bovada,3
401525830,2023,2,2023-09-09,Oklahoma,SMU,-16.5,-14.0,68.5,70.5,Bovada,3
401525831,2023,2,2023-09-09,Rice,Houston,7.0,9.0,51.0,52.5,Bovada,3
401525832,2023,2,2023-09-09,TCU,Nicholls,-41.5,,59.5,,William Hill (New Jersey),1
401525833,2023,2,2023-09-09,West Virginia,Duquesne,-38.5,,55.5,,William Hill (New Jersey),1
401525834,2023,3,2023-09-16,Baylor,Long Island University,-44.0,,54.0,,William Hill (New Jersey),1
401525835,2023,3,2023-09-16,Cincinnati,Miami (OH),-14.0,-16.5,44.0,47.5,Bovada,2
401525836,2023,3,2023-09-16,Houston,TCU,7.0,8.0,64.0,62.0,Bovada,2
401525837,2023,3,2023-09-16,Nevada,Kansas,28.5,28.0,58.0,60.5,Bovada,2
401525838,2023,3,2023-09-16,Ohio,Iowa State,2.5,2.0,41.5,44.5,Bovada,2
401525839,2023,3,2023-09-16,Oklahoma State,South Alabama,-7.0,-9.0,49.0,47.5,Bovada,2
401525840,2023,3,2023-09-16,Texas,Wyoming,-31.0,-28.0,48.5,49.0,Bovada,2
401525841,2023,3,2023-09-16,Texas Tech,Tarleton State,-36.5,,75.5,,William Hill (New Jersey),1
401525842,2023,3,2023-09-16,Tulsa,Oklahoma,28.0,26.0,59.0,59.5,Bovada,2
401525843,2023,3,2023-09-16,UCF,Villanova,-26.5,,54.0,,William Hill (New Jersey),1
401525844,2023,4,2023-09-23,Baylor,Texas,17.5,14.5,49.5,52.0,Bovada,3
401525845,2023,4,2023-09-23,Cincinnati,Oklahoma,14.0,13.5,57.0,61.0,Bovada,3
401525846,2023,4,2023-09-23,Iowa State,Oklahoma State,-3.5,-2.5,36.0,37.0,Bovada,3
401525847,2023,4,2023-09-23,Kansas,BYU,-9.5,-8.0,54.5,55.5,Bovada,3
401525848,2023,4,2023-09-23,Kansas State,UCF,-6.5,-7.0,52.5,57.0,Bovada,3
401525849,2023,4,2023-09-23,TCU,SMU,-7.0,-6.0,63.0,64.0,Bovada,3
401525850,2023,4,2023-09-23,West Virginia,Texas Tech,5.5,5.0,54.5,55.0,Bovada,3
401525851,2023,5,2023-09-29,BYU,Cincinnati,-2.5,-3.0,48.0,50.0,Bovada,3
401525852,2023,5,2023-09-30,Oklahoma,Iowa State,-20.0,-21.0,48.5,48.5,Bovada,3
401525853,2023,5,2023-09-30,TCU,West Virginia,-11.0,-10.0,51.0,51.0,Bovada,3
401525854,2023,5,2023-09-30,Texas,Kansas,-17.0,-18.5,63.0,62.0,Bovada,3
401525855,2023,5,2023-09-30,Texas Tech,Houston,-10.0,-10.0,51.5,56.0,Bovada,3
401525856,2023,5,2023-09-30,UCF,Baylor,-11.5,-12.0,56.0,56.0,Bovada,3
401525857,2023,6,2023-10-06,Oklahoma State,Kansas State,11.5,11.5,54.0,54.5,Bovada,3
401525858,2023,6,2023-10-07,Baylor,Texas Tech,2.5,1.5,59.5,60.0,Bovada,3
401525859,2023,6,2023-10-07,Iowa State,TCU,6.5,7.0,52.5,51.0,Bovada,3
401525860,2023,6,2023-10-07,Kansas,UCF,2.0,-3.0,64.5,62.0,Bovada,3
401525861,2023,6,2023-10-07,Texas,Oklahoma,-4.0,6.0,61.5,60.0,Bovada,3
401525862,2023,7,2023-10-12,Houston,West Virginia,3.0,3.0,49.5,52.5,Bovada,3
401525863,2023,7,2023-10-14,Cincinnati,Iowa State,-5.0,-3.5,43.0,49.0,Bovada,3
401525864,2023,7,2023-10-14,Oklahoma State,Kansas,3.0,3.5,53.5,58.0,Bovada,3
401525865,2023,7,2023-10-14,TCU,BYU,-5.0,-5.0,53.5,52.0,Bovada,3
401525866,2023,7,2023-10-14,Texas Tech,Kansas State,-1.0,-1.0,57.5,56.0,Bovada,3
401525867,2023,8,2023-10-21,BYU,Texas Tech,3.0,4.0,50.0,51.5,Bovada,3
401525868,2023,8,2023-10-21,Cincinnati,Baylor,-2.5,-3.0,50.5,50.0,Bovada,3
401525869,2023,8,2023-10-21,Houston,Texas,23.0,23.0,60.5,61.0,Bovada,3
401525870,2023,8,2023-10-21,Kansas State,TCU,-5.5,-5.0,60.0,58.5,Bovada,3
401525871,2023,8,2023-10-21,Oklahoma,UCF,-17.0,-19.5,68.0,65.0,Bovada,3
401525872,2023,8,2023-10-21,West Virginia,Oklahoma State,-3.0,-3.0,48.5,50.0,Bovada,3
401525873,2023,9,2023-10-28,Baylor,Iowa State,3.0,-1.5,46.5,47.0,Bovada,3
401525874,2023,9,2023-10-28,Kansas,Oklahoma,7.0,7.0,67.0,66.0,Bovada,3
401525875,2023,9,2023-10-28,Kansas State,Houston,-18.5,-17.0,60.5,60.5,Bovada,3
401525876,2023,9,2023-10-28,Oklahoma State,Cincinnati,-7.5,-8.0,53.0,54.5,Bovada,3
401525877,2023,9,2023-10-28,Texas,BYU,-20.5,-19.0,49.5,50.5,Bovada,3
401525878,2023,9,2023-10-28,UCF,West Virginia,-6.5,-6.0,59.0,59.5,Bovada,3
401525879,2023,10,2023-11-02,Texas Tech,TCU,-2.5,-3.0,59.0,59.0,Bovada,3
401525880,2023,10,2023-11-04,Baylor,Houston,-2.5,-3.0,58.5,57.5,Bovada,3
401525881,2023,10,2023-11-04,Cincinnati,UCF,3.5,4.5,60.0,59.0,Bovada,3
401525882,2023,10,2023-11-04,Iowa State,Kansas,-2.5,-2.5,53.5,54.0,Bovada,3
401525883,2023,10,2023-11-04,Oklahoma State,Oklahoma,5.0,8.0,62.5,62.0,Bovada,3
401525884,2023,10,2023-11-04,Texas,Kansas State,-3.5,-8.5,49.0,51.5,Bovada,2
401525885,2023,10,2023-11-04,West Virginia,BYU,-12.5,-9.0,49.0,51.0,Bovada,3
401525886,2023,11,2023-11-11,BYU,Iowa State,7.5,7.0,41.5,42.5,Bovada,3
401525887,2023,11,2023-11-11,Houston,Cincinnati,-3.0,-2.0,54.0,55.5,Bovada,3
401525888,2023,11,2023-11-11,Kansas,Texas Tech,-3.5,-3.5,62.5,60.5,Bovada,3
401525889,2023,11,2023-11-11,Kansas State,Baylor,-21.0,-20.0,55.5,55.0,Bovada,3
401525890,2023,11,2023-11-11,Oklahoma,West Virginia,-13.0,-13.0,59.5,58.0,Bovada,3
401525891,2023,11,2023-11-11,TCU,Texas,13.0,5.0,56.0,53.0,Bovada,3
401525892,2023,11,2023-11-11,UCF,Oklahoma State,2.0,2.5,64.0,64.0,Bovada,3
401525893,2023,12,2023-11-18,BYU,Oklahoma,24.5,24.0,58.5,57.5,Bovada,3
401525894,2023,12,2023-11-18,Houston,Oklahoma State,6.5,7.5,57.5,59.0,Bovada,3
401525895,2023,12,2023-11-18,Iowa State,Texas,6.5,8.5,44.5,47.5,Bovada,3
401525896,2023,12,2023-11-18,Kansas,Kansas State,7.0,6.0,60.5,55.5,Bovada,3
401525897,2023,12,2023-11-18,TCU,Baylor,-13.0,-3.5,62.0,58.5,Bovada,3
401525898,2023,12,2023-11-18,Texas Tech,UCF,-2.0,-3.0,59.0,59.5,Bovada,2
401525899,2023,12,2023-11-18,West Virginia,Cincinnati,-5.0,-6.0,52.0,54.5,Bovada,3
401525900,2023,13,2023-11-24,Oklahoma,TCU,-10.0,-7.0,65.5,63.0,Bovada,3
401525901,2023,13,2023-11-24,Texas,Texas Tech,-16.0,-14.0,53.5,53.5,Bovada,3
401525902,2023,13,2023-11-25,Baylor,West Virginia,13.0,6.5,54.5,57.0,Bovada,3
401525903,2023,13,2023-11-25,Cincinnati,Kansas,7.5,6.0,59.0,58.0,Bovada,3
401525904,2023,13,2023-11-25,Kansas State,Iowa State,-9.5,-11.0,46.0,48.0,Bovada,3
401525905,2023,13,2023-11-25,Oklahoma State,BYU,-15.5,-17.5,55.5,57.0,Bovada,3
401525906,2023,13,2023-11-25,UCF,Houston,-15.5,-13.0,61.0,60.5,Bovada,3
401526833,2023,2,2023-09-09,Massachusetts,Miami (OH),7.0,6.5,44.0,47.0,Bovada,3
401526834,2023,3,2023-09-16,Eastern Michigan,Massachusetts,-8.0,-10.0,49.5,53.0,Bovada,2
401526835,2023,4,2023-09-23,Massachusetts,New Mexico,-3.5,-1.0,48.5,49.5,Bovada,3
401526836,2023,5,2023-09-30,Massachusetts,Arkansas State,-1.5,0.0,55.0,55.5,Bovada,3
401526837,2023,6,2023-10-07,Massachusetts,Toledo,19.0,18.5,55.5,59.5,Bovada,3
401531337,2023,1,2023-08-31,Tulsa,Arkansas-Pine Bluff,-38.5,-37.0,55.0,55.0,Bovada,3
401531338,2023,4,2023-09-23,Northern Illinois,Tulsa,-4.0,-3.0,54.5,53.5,Bovada,3
401531339,2023,5,2023-09-28,Tulsa,Temple,-3.5,-4.5,54.5,54.5,Bovada,3
401531340,2023,6,2023-10-07,Florida Atlantic,Tulsa,-2.5,-4.0,54.5,55.0,Bovada,3
401531341,2023,8,2023-10-19,Tulsa,Rice,-3.5,-3.0,56.5,57.5,Bovada,3
401531342,2023,9,2023-10-28,SMU,Tulsa,-20.5,-19.5,55.0,57.0,Bovada,3
401531343,2023,10,2023-11-04,Tulsa,Charlotte,-4.0,-3.5,48.0,49.0,Bovada,3
401531344,2023,11,2023-11-11,Tulane,Tulsa,-25.0,-22.5,53.0,53.5,Bovada,3
401531345,2023,12,2023-11-18,Tulsa,North Texas,2.0,2.5,69.5,68.0,Bovada,3
401531346,2023,13,2023-11-25,East Carolina,Tulsa,-3.0,-3.0,44.0,44.5,Bovada,3
401531347,2023,1,2023-09-02,Tulane,South Alabama,-6.0,-7.0,51.0,55.0,Bovada,4
401531348,2023,3,2023-09-16,Southern Miss,Tulane,7.5,11.0,47.5,52.5,Bovada,2
401531349,2023,4,2023-09-23,Tulane,Nicholls,-38.0,,55.5,,William Hill (New Jersey),1
401531370,2023,5,2023-09-30,Tulane,UAB,-22.0,-20.0,57.0,57.0,Bovada,3
401531371,2023,7,2023-10-13,Memphis,Tulane,4.5,3.0,54.5,56.5,Bovada,3
401531372,2023,8,2023-10-21,Tulane,North Texas,-20.5,-20.0,64.5,63.5,Bovada,3
401531373,2023,9,2023-10-28,Rice,Tulane,10.0,10.5,55.0,54.5,Bovada,3
401531374,2023,10,2023-11-04,East Carolina,Tulane,17.0,16.5,44.5,48.0,Bovada,3
401531375,2023,12,2023-11-18,Florida Atlantic,Tulane,9.0,9.5,47.0,48.0,Bovada,3
401531376,2023,13,2023-11-24,Tulane,UTSA,-3.5,-2.5,53.5,52.0,Bovada,3
401531377,2023,1,2023-08-31,UAB,North Carolina A&T,-24.0,-22.5,50.5,50.5,Bovada,3
401531378,2023,2,2023-09-09,Georgia Southern,UAB,-6.5,-5.0,63.5,59.0,Bovada,3
401531379,2023,3,2023-09-16,UAB,Louisiana,-2.0,-1.0,59.0,58.0,Bovada,2
401531380,2023,6,2023-10-07,UAB,South Florida,3.0,4.0,67.5,67.0,Bovada,3
401531381,2023,7,2023-10-14,UTSA,UAB,-8.5,-8.5,66.5,64.5,Bovada,3
401531382,2023,8,2023-10-21,UAB,Memphis,7.5,6.5,62.0,62.0,Bovada,3
401531383,2023,10,2023-11-04,UAB,Florida Atlantic,1.0,2.0,59.0,60.0,Bovada,3
401531384,2023,11,2023-11-11,Navy,UAB,3.0,5.0,51.5,54.0,Bovada,3
401531385,2023,12,2023-11-18,UAB,Temple,-8.5,-7.5,61.0,64.5,Bovada,3
401531386,2023,13,2023-11-25,North Texas,UAB,-2.5,-3.0,73.5,73.5,Bovada,3
401531387,2023,1,2023-09-02,Temple,Akron,-9.5,-9.5,55.0,55.0,Bovada,4
401531388,2023,3,2023-09-16,Temple,Norfolk State,-30.5,,55.0,,William Hill (New Jersey),1
401531389,2023,6,2023-10-07,Temple,UTSA,14.0,13.5,56.5,56.0,Bovada,3
401531390,2023,7,2023-10-14,North Texas,Temple,-6.0,-8.0,68.0,70.5,Bovada,3
401531391,2023,8,2023-10-20,Temple,SMU,24.0,20.5,53.0,54.5,Bovada,3
401531392,2023,10,2023-11-04,Temple,Navy,7.0,7.0,46.0,41.5,Bovada,3
401531393,2023,11,2023-11-11,South Florida,Temple,-7.0,-8.0,69.5,66.5,Bovada,3
401531394,2023,13,2023-11-24,Temple,Memphis,13.5,11.0,65.0,65.0,Bovada,3
401531395,2023,2,2023-09-09,UTSA,Texas State,-14.0,-11.0,66.5,62.0,Bovada,3
401531396,2023,3,2023-09-15,UTSA,Army,-7.0,-10.0,41.5,46.5,Bovada,2
401531397,2023,8,2023-10-21,Florida Atlantic,UTSA,2.5,3.0,59.0,59.5,Bovada,3
401531398,2023,9,2023-10-28,UTSA,East Carolina,-17.5,-17.5,48.0,46.0,Bovada,3
401531399,2023,10,2023-11-04,North Texas,UTSA,7.5,8.0,71.0,70.0,Bovada,3
401531400,2023,11,2023-11-11,UTSA,Rice,-13.5,-12.5,55.0,60.0,Bovada,3
401531401,2023,12,2023-11-17,UTSA,South Florida,-14.5,-16.0,66.5,66.5,Bovada,3
401531402,2023,1,2023-09-02,Charlotte,South Carolina State,-23.5,-28.0,44.5,48.5,Bovada,2
401531403,2023,3,2023-09-16,Charlotte,Georgia State,6.0,8.5,52.0,55.5,Bovada,2
401531404,2023,5,2023-09-30,SMU,Charlotte,-23.5,-23.0,56.0,56.5,Bovada,3
401531405,2023,7,2023-10-14,Charlotte,Navy,3.0,4.5,44.5,45.0,Bovada,3
401531406,2023,8,2023-10-21,East Carolina,Charlotte,-6.0,-6.5,38.5,40.5,Bovada,3
401531407,2023,9,2023-10-27,Charlotte,Florida Atlantic,3.5,6.0,45.0,42.0,Bovada,3
401531408,2023,11,2023-11-11,Charlotte,Memphis,10.0,11.5,51.5,53.0,Bovada,3
401531409,2023,12,2023-11-18,Charlotte,Rice,1.0,1.5,46.5,47.0,Bovada,3
401531410,2023,13,2023-11-25,South Florida,Charlotte,-7.0,-5.0,57.0,56.5,Bovada,3
401531411,2023,2,2023-09-09,East Carolina,Marshall,3.0,0.0,43.5,46.5,Bovada,3
401531412,2023,3,2023-09-16,App State,East Carolina,-7.5,-9.5,48.0,50.5,Bovada,2
401531413,2023,4,2023-09-23,East Carolina,Gardner-Webb,-13.0,,51.0,,William Hill (New Jersey),1
401531414,2023,5,2023-09-30,Rice,East Carolina,-3.0,-5.5,48.5,51.5,Bovada,3
401531415,2023,7,2023-10-12,East Carolina,SMU,11.5,9.0,48.5,50.5,Bovada,3
401531416,2023,11,2023-11-11,Florida Atlantic,East Carolina,-7.5,-10.0,45.0,45.5,Bovada,3
401531417,2023,12,2023-11-18,Navy,East Carolina,-2.0,-3.0,30.5,32.5,Bovada,3
401531418,2023,1,2023-09-02,Florida Atlantic,Monmouth,-26.0,-21.5,56.0,59.5,Bovada,2
401531419,2023,2,2023-09-09,Florida Atlantic,Ohio,-3.5,-5.0,62.0,59.0,Bovada,3
401531420,2023,7,2023-10-14,South Florida,Florida Atlantic,-2.5,-2.0,61.5,59.5,Bovada,3
401531421,2023,13,2023-11-25,Rice,Florida Atlantic,-3.0,-5.0,47.0,48.5,Bovada,3
401531422,2023,2,2023-09-09,South Florida,Florida A&M,-20.0,,63.0,,William Hill (New Jersey),1
401531423,2023,4,2023-09-23,South Florida,Rice,2.5,2.0,57.5,55.5,Bovada,3
401531424,2023,5,2023-09-30,Navy,South Florida,-4.0,-4.0,54.5,53.0,Bovada,3
401531425,2023,10,2023-11-04,Memphis,South Florida,-13.5,-13.5,68.0,67.0,Bovada,3
401531426,2023,1,2023-09-02,Memphis,Bethune-Cookman,-49.0,,59.5,,William Hill (New Jersey),1
401531427,2023,2,2023-09-09,Arkansas State,Memphis,21.0,21.5,57.5,58.5,Bovada,3
401531428,2023,3,2023-09-14,Memphis,Navy,-12.0,-16.0,46.5,47.0,Bovada,2
401531429,2023,5,2023-09-30,Memphis,Boise State,-3.5,-1.0,59.5,60.0,Bovada,3
401531430,2023,9,2023-10-28,North Texas,Memphis,6.5,7.5,69.5,67.5,Bovada,3
401531431,2023,12,2023-11-18,Memphis,SMU,9.5,7.5,64.5,67.0,Bovada,3
401531432,2023,2,2023-09-09,Navy,Wagner,-42.0,-42.0,50.0,50.0,DraftKings,2
401531433,2023,6,2023-10-07,Navy,North Texas,-6.5,-6.5,60.0,61.5,Bovada,3
401531434,2023,8,2023-10-21,Navy,Air Force,10.5,10.5,34.5,36.5,Bovada,3
401531435,2023,13,2023-11-25,SMU,Navy,-20.5,-20.0,46.0,45.5,Bovada,2
401531436,2023,5,2023-09-30,North Texas,Abilene Christian,-15.5,,70.5,,William Hill (New Jersey),1
401531437,2023,11,2023-11-10,SMU,North Texas,-20.5,-15.5,67.0,67.5,Bovada,3
401531438,2023,3,2023-09-16,SMU,Prairie View A&M,-42.5,,63.5,,William Hill (New Jersey),1
401531440,2023,10,2023-11-04,Rice,SMU,13.0,11.0,59.0,58.5,Bovada,3
401531441,2023,3,2023-09-16,Rice,Texas Southern,-35.5,,60.0,,William Hill (New Jersey),1
401531834,2023,1,2023-08-31,Georgia State,Rhode Island,-16.5,-19.0,56.0,55.5,Bovada,3
401531835,2023,1,2023-09-02,App State,Gardner-Webb,-22.5,-23.0,51.5,57.0,Bovada,2
401531836,2023,1,2023-09-02,Georgia Southern,The Citadel,-34.5,-30.0,53.5,53.5,Bovada,2
401531837,2023,1,2023-09-02,James Madison,Bucknell,-47.5,-46.5,53.5,50.0,Bovada,2
401531838,2023,1,2023-09-02,Marshall,UAlbany,-22.0,-24.5,48.0,46.5,Bovada,2
401531839,2023,1,2023-09-02,Louisiana,Northwestern State,-35.0,-35.0,54.5,54.5,Bovada,2
401531840,2023,1,2023-09-02,Southern Miss,Alcorn State,-24.5,-24.0,47.5,46.5,Bovada,2
401531841,2023,1,2023-09-02,Troy,Stephen F. Austin,-26.0,-27.0,48.0,49.5,Bovada,2
401531842,2023,2,2023-09-09,Old Dominion,Louisiana,6.5,8.0,51.0,48.5,Bovada,3
401531843,2023,2,2023-09-09,UL Monroe,Lamar,-26.0,,48.5,,William Hill (New Jersey),1
401531844,2023,2,2023-09-09,South Alabama,SE Louisiana,-24.0,,59.5,,William Hill (New Jersey),1
401531845,2023,3,2023-09-16,Coastal Carolina,Duquesne,-35.0,,55.5,,William Hill (New Jersey),1
401531846,2023,3,2023-09-16,Arkansas State,Stony Brook,-24.0,,47.5,,William Hill (New Jersey),1
401531847,2023,3,2023-09-16,Texas State,Jackson State,-17.5,,61.5,,William Hill (New Jersey),1
401531848,2023,3,2023-09-16,Troy,James Madison,-2.5,-1.0,46.0,49.5,Bovada,3
401531849,2023,4,2023-09-21,Coastal Carolina,Georgia State,-6.5,-6.5,63.0,61.0,Bovada,3
401531870,2023,4,2023-09-23,Wyoming,App State,-3.0,-1.5,45.0,44.0,Bovada,3
401531871,2023,4,2023-09-23,Ball State,Georgia Southern,6.0,7.0,61.5,58.5,Bovada,3
401531872,2023,4,2023-09-23,Utah State,James Madison,5.0,6.5,52.5,53.5,Bovada,3
401531874,2023,4,2023-09-23,Arkansas State,Southern Miss,7.0,5.0,46.5,48.5,Bovada,3
401531875,2023,4,2023-09-23,Louisiana,Buffalo,-10.5,-9.5,57.5,58.0,Bovada,3
401531876,2023,4,2023-09-23,South Alabama,Central Michigan,-16.0,-14.5,47.5,52.5,Bovada,3
401531877,2023,4,2023-09-23,Texas State,Nevada,-17.0,-16.5,59.5,62.0,Bovada,3
401531878,2023,5,2023-09-30,Georgia Southern,Coastal Carolina,-6.0,-5.0,62.0,62.5,Bovada,3
401531879,2023,5,2023-09-30,Georgia State,Troy,-1.0,-3.5,51.5,52.0,Bovada,3
401531880,2023,5,2023-09-30,James Madison,South Alabama,-3.5,-5.0,52.0,52.0,Bovada,3
401531881,2023,5,2023-09-30,Marshall,Old Dominion,-14.0,-13.0,47.0,46.5,Bovada,3
401531882,2023,5,2023-09-30,UL Monroe,App State,13.5,13.5,53.0,53.5,Bovada,3
401531883,2023,5,2023-09-30,Southern Miss,Texas State,7.0,7.5,60.5,62.5,Bovada,3
401531884,2023,6,2023-10-07,Louisiana,Texas State,-1.0,-2.5,66.5,67.0,Bovada,3
401531885,2023,6,2023-10-07,UL Monroe,South Alabama,11.0,12.0,50.5,51.5,Bovada,3
401531886,2023,6,2023-10-07,Southern Miss,Old Dominion,-3.0,-1.5,56.5,57.5,Bovada,3
401531887,2023,6,2023-10-07,Troy,Arkansas State,-15.5,-16.0,52.5,52.0,Bovada,3
401531888,2023,7,2023-10-10,App State,Coastal Carolina,-4.5,-6.0,59.0,63.0,Bovada,3
401531889,2023,7,2023-10-14,Georgia State,Marshall,-1.5,-1.0,54.5,57.0,Bovada,3
401531890,2023,7,2023-10-14,James Madison,Georgia Southern,-6.0,-3.5,59.5,58.5,Bovada,3
401531891,2023,7,2023-10-14,Texas State,UL Monroe,-19.0,-15.5,64.5,62.0,Bovada,3
401531892,2023,8,2023-10-17,South Alabama,Southern Miss,-18.5,-19.0,51.0,51.5,Bovada,3
401531893,2023,8,2023-10-19,Marshall,James Madison,5.0,4.0,49.5,51.0,Bovada,3
401531894,2023,8,2023-10-21,Georgia Southern,UL Monroe,-16.0,-16.5,61.0,60.0,Bovada,3
401531895,2023,8,2023-10-21,Old Dominion,App State,6.0,6.5,56.5,54.0,Bovada,3
401531896,2023,8,2023-10-21,Arkansas State,Coastal Carolina,8.5,10.0,59.5,59.0,Bovada,3
401531897,2023,8,2023-10-21,Louisiana,Georgia State,-3.0,-3.5,62.0,62.5,Bovada,3
401531898,2023,9,2023-10-28,App State,Southern Miss,-16.0,-17.0,55.5,55.5,Bovada,3
401531899,2023,9,2023-10-28,Coastal Carolina,Marshall,3.5,3.5,47.0,48.0,Bovada,3
401531900,2023,9,2023-10-28,James Madison,Old Dominion,-19.5,-17.5,48.0,49.0,Bovada,3
401531901,2023,9,2023-10-28,UL Monroe,Arkansas State,-1.0,-1.5,55.5,58.5,Bovada,3
401531902,2023,9,2023-10-28,South Alabama,Louisiana,-11.5,-9.5,55.0,52.0,Bovada,3
401531903,2023,9,2023-10-28,Texas State,Troy,6.5,5.5,53.5,52.5,Bovada,3
401531904,2023,10,2023-11-02,Troy,South Alabama,-6.5,-5.5,43.5,46.5,Bovada,3
401531905,2023,10,2023-11-04,App State,Marshall,-3.0,-3.5,57.5,55.5,Bovada,3
401531906,2023,10,2023-11-04,Georgia State,James Madison,6.0,5.5,53.0,55.0,Bovada,3
401531907,2023,10,2023-11-04,Old Dominion,Coastal Carolina,-1.0,-35.0,51.5,53.0,Bovada,3
401531908,2023,10,2023-11-04,Arkansas State,Louisiana,7.0,9.5,59.5,60.5,Bovada,3
401531909,2023,10,2023-11-04,Southern Miss,UL Monroe,-3.0,-2.5,56.0,55.0,Bovada,3
401531910,2023,10,2023-11-04,Texas State,Georgia Southern,-2.5,1.5,68.5,71.0,Bovada,2
401531911,2023,11,2023-11-09,Louisiana,Southern Miss,-7.5,-12.0,52.5,53.5,Bovada,3
401531912,2023,11,2023-11-11,Coastal Carolina,Texas State,3.0,-1.5,55.5,60.5,Bovada,2
401531913,2023,11,2023-11-11,Georgia State,App State,-3.0,-2.0,62.5,60.0,Bovada,3
401531914,2023,11,2023-11-11,Marshall,Georgia Southern,1.5,1.5,56.5,56.5,Bovada,3
401531915,2023,11,2023-11-11,UL Monroe,Troy,21.5,20.5,46.0,45.5,Bovada,3
401531916,2023,11,2023-11-11,South Alabama,Arkansas State,-15.0,-11.0,55.5,55.0,Bovada,3
401531917,2023,12,2023-11-18,Georgia Southern,Old Dominion,-5.5,-7.0,62.5,62.0,Bovada,3
401531918,2023,12,2023-11-18,James Madison,App State,-10.0,-12.0,56.5,55.5,Bovada,2
401531919,2023,12,2023-11-18,Arkansas State,Texas State,3.0,3.5,59.5,59.0,Bovada,2
401531920,2023,12,2023-11-18,South Alabama,Marshall,-10.0,-8.5,45.0,50.0,Bovada,3
401531921,2023,12,2023-11-18,Troy,Louisiana,-15.5,-15.0,47.5,47.0,Bovada,3
401531922,2023,13,2023-11-25,App State,Georgia Southern,-10.5,-8.0,63.5,63.0,Bovada,3
401531923,2023,13,2023-11-25,Coastal Carolina,James Madison,4.0,9.5,51.0,50.5,Bovada,3
401531924,2023,13,2023-11-25,Marshall,Arkansas State,1.0,-3.0,52.0,54.0,Bovada,3
401531925,2023,13,2023-11-25,Old Dominion,Georgia State,-1.5,-2.0,50.5,54.5,Bovada,3
401531926,2023,13,2023-11-25,Louisiana,UL Monroe,-12.5,-12.0,53.0,52.0,Bovada,3
401531927,2023,13,2023-11-25,Southern Miss,Troy,17.5,17.0,48.5,48.0,Bovada,2
401531928,2023,13,2023-11-25,Texas State,South Alabama,6.5,5.0,57.0,58.0,Bovada,3
401531929,2023,9,2023-10-26,Georgia Southern,Georgia State,1.0,-2.5,63.5,62.0,Bovada,3
401532392,2023,1,2023-08-26,San Diego State,Ohio,-2.5,-3.0,48.5,50.0,Bovada,5
401532393,2023,1,2023-08-31,Western Michigan,Saint Francis,-14.0,,58.0,,William Hill (New Jersey),1
401532394,2023,1,2023-09-01,Eastern Michigan,Howard,-20.0,,55.5,,William Hill (New Jersey),1
401532395,2023,1,2023-09-02,Ohio,Long Island University,-35.5,-38.0,57.5,57.5,Bovada,2
401532396,2023,2,2023-09-09,Central Michigan,New Hampshire,-7.0,,48.5,,William Hill (New Jersey),1
401532397,2023,2,2023-09-09,Northern Illinois,Southern Illinois,-7.0,-7.0,59.0,59.0,DraftKings,2
401532398,2023,2,2023-09-09,Toledo,Texas Southern,-38.0,-38.0,59.5,59.5,DraftKings,2
401532399,2023,2,2023-09-09,Akron,Morgan State,-25.0,,46.0,,William Hill (New Jersey),1
401532400,2023,2,2023-09-09,Bowling Green,Eastern Illinois,-17.0,-17.0,48.0,48.0,DraftKings,2
401532401,2023,2,2023-09-09,Buffalo,Fordham,-23.5,,55.5,,William Hill (New Jersey),1
401532402,2023,3,2023-09-16,Ball State,Indiana State,-26.0,,45.0,,William Hill (New Jersey),1
401532403,2023,3,2023-09-16,Toledo,San José State,-9.0,-7.5,56.5,57.0,Bovada,2
401532404,2023,3,2023-09-16,Kent State,Central Connecticut,-21.5,,46.5,,William Hill (New Jersey),1
401532405,2023,4,2023-09-23,Bowling Green,Ohio,13.0,9.0,45.0,46.0,Bovada,3
401532406,2023,4,2023-09-23,Toledo,Western Michigan,-21.5,-20.5,52.0,55.0,Bovada,3
401532407,2023,4,2023-09-23,Fresno State,Kent State,-27.0,-27.0,47.0,51.0,Bovada,3
401532408,2023,4,2023-09-23,Miami (OH),Delaware State,-40.5,,49.5,,median,1
401532409,2023,5,2023-09-30,Western Michigan,Ball State,-1.0,-1.0,52.0,53.0,Bovada,3
401532410,2023,5,2023-09-30,Central Michigan,Eastern Michigan,-7.5,-6.0,47.5,47.5,Bovada,3
401532411,2023,5,2023-09-30,Toledo,Northern Illinois,-13.5,-14.0,50.0,50.0,Bovada,3
401532412,2023,5,2023-09-30,Akron,Buffalo,-2.5,-1.5,55.5,56.0,Bovada,3
401532413,2023,5,2023-09-30,Kent State,Miami (OH),14.5,15.5,49.5,51.5,Bovada,3
401532414,2023,6,2023-10-07,Eastern Michigan,Ball State,-2.0,-3.0,43.5,42.5,Bovada,3
401532415,2023,6,2023-10-07,Buffalo,Central Michigan,2.5,3.0,52.0,57.0,Bovada,3
401532416,2023,6,2023-10-07,Miami (OH),Bowling Green,-7.5,-11.0,43.0,48.0,Bovada,3
401532417,2023,6,2023-10-07,Ohio,Kent State,-24.0,-26.0,45.5,45.5,Bovada,3
401532418,2023,6,2023-10-07,Akron,Northern Illinois,4.0,5.0,42.5,44.5,Bovada,3
401532419,2023,7,2023-10-14,Ball State,Toledo,17.5,16.0,48.0,52.0,Bovada,3
401532420,2023,7,2023-10-14,Central Michigan,Akron,-10.5,-13.0,44.0,48.0,Bovada,3
401532421,2023,7,2023-10-14,Buffalo,Bowling Green,-3.0,-6.0,44.5,49.0,Bovada,3
401532422,2023,7,2023-10-14,Eastern Michigan,Kent State,-7.5,-11.0,40.0,45.0,Bovada,3
401532423,2023,7,2023-10-14,Western Michigan,Miami (OH),7.5,9.5,44.5,53.5,Bovada,3
401532424,2023,7,2023-10-14,Northern Illinois,Ohio,5.5,7.0,45.0,47.0,Bovada,3
401532425,2023,8,2023-10-21,Ball State,Central Michigan,5.0,5.5,42.0,40.5,Bovada,3
401532426,2023,8,2023-10-21,Northern Illinois,Eastern Michigan,-12.0,-11.5,43.0,45.5,Bovada,3
401532427,2023,8,2023-10-21,Miami (OH),Toledo,2.5,1.0,46.5,48.0,Bovada,3
401532428,2023,8,2023-10-21,Ohio,Western Michigan,-16.5,-17.5,52.0,53.0,Bovada,3
401532429,2023,8,2023-10-21,Bowling Green,Akron,-7.0,-8.0,37.0,39.5,Bovada,3
401532430,2023,8,2023-10-21,Kent State,Buffalo,6.5,,44.0,44.5,Bovada,3
401532431,2023,9,2023-10-28,Eastern Michigan,Western Michigan,3.0,0.0,49.5,44.5,Bovada,3
401532432,2023,9,2023-10-28,Ohio,Miami (OH),-7.5,-7.0,39.0,40.0,Bovada,3
401532433,2023,10,2023-10-31,Central Michigan,Northern Illinois,6.5,3.5,48.0,45.5,Bovada,2
401532434,2023,10,2023-10-31,Toledo,Buffalo,-14.5,-15.5,47.0,52.5,Bovada,3
401532435,2023,10,2023-11-01,Bowling Green,Ball State,-4.5,-6.5,39.5,39.5,Bovada,3
401532436,2023,10,2023-11-01,Akron,Kent State,-3.5,-4.5,39.0,39.0,Bovada,3
401532437,2023,11,2023-11-07,Northern Illinois,Ball State,-8.0,-10.0,43.0,43.0,Bovada,3
401532438,2023,11,2023-11-07,Western Michigan,Central Michigan,-3.0,-3.5,58.0,56.0,Bovada,3
401532439,2023,11,2023-11-07,Buffalo,Ohio,9.5,6.5,45.0,44.0,Bovada,3
401532440,2023,11,2023-11-08,Toledo,Eastern Michigan,-20.0,-18.0,45.0,46.5,Bovada,3
401532441,2023,11,2023-11-08,Miami (OH),Akron,-17.0,-17.0,37.5,43.5,Bovada,3
401532442,2023,11,2023-11-08,Kent State,Bowling Green,11.0,8.5,41.5,41.0,Bovada,3
401532443,2023,12,2023-11-14,Bowling Green,Toledo,10.0,10.0,49.5,52.0,Bovada,3
401532444,2023,12,2023-11-14,Northern Illinois,Western Michigan,-4.0,-3.0,56.5,55.5,Bovada,3
401532445,2023,12,2023-11-14,Eastern Michigan,Akron,-3.0,-4.5,39.5,39.0,Bovada,3
401532446,2023,12,2023-11-15,Ohio,Central Michigan,-10.5,-8.5,50.0,46.0,Bovada,3
401532447,2023,12,2023-11-15,Miami (OH),Buffalo,-7.5,-9.0,37.0,41.5,Bovada,3
401532448,2023,12,2023-11-18,Ball State,Kent State,-10.5,-11.5,43.0,41.5,Bovada,3
401532449,2023,13,2023-11-21,Buffalo,Eastern Michigan,-5.5,-6.5,38.0,41.0,Bovada,3
401532450,2023,13,2023-11-21,Western Michigan,Bowling Green,3.0,1.5,51.5,54.0,Bovada,3
401532451,2023,13,2023-11-24,Central Michigan,Toledo,10.0,12.5,54.5,55.5,Bovada,3
401532452,2023,13,2023-11-24,Akron,Ohio,16.0,14.0,42.0,41.0,Bovada,3
401532453,2023,13,2023-11-25,Kent State,Northern Illinois,20.5,18.0,45.0,44.5,Bovada,3
401532454,2023,13,2023-11-25,Ball State,Miami (OH),4.0,7.0,34.0,36.0,Bovada,3
401532570,2023,1,2023-09-02,Air Force,Robert Morris,-46.0,-46.0,51.5,51.0,Bovada,2
401532571,2023,1,2023-09-02,San Diego State,Idaho State,-34.5,-34.0,51.5,46.5,Bovada,2
401532572,2023,1,2023-09-02,UNLV,Bryant,-17.0,-16.5,66.0,58.0,Bovada,2
401532573,2023,1,2023-09-03,San José State,Oregon State,14.0,16.5,56.5,55.0,Bovada,4
401532574,2023,2,2023-09-09,Fresno State,Eastern Washington,,,63.0,63.0,DraftKings,2
401532575,2023,2,2023-09-09,Hawai'i,UAlbany,-10.5,,58.5,,William Hill (New Jersey),1
401532576,2023,2,2023-09-09,Nevada,Idaho,2.5,2.5,52.0,52.0,DraftKings,2
401532577,2023,2,2023-09-09,New Mexico,Tennessee Tech,-16.0,,51.5,,William Hill (New Jersey),1
401532578,2023,2,2023-09-09,San José State,Cal Poly,-22.5,-22.5,56.0,56.0,DraftKings,2
401532579,2023,2,2023-09-09,Utah State,Idaho State,-24.0,,61.0,,William Hill (New Jersey),1
401532580,2023,2,2023-09-09,Wyoming,Portland State,-28.0,-28.0,51.5,51.5,DraftKings,2
401532581,2023,3,2023-09-15,Air Force,Utah State,-8.5,-8.5,45.5,47.0,Bovada,2
401532582,2023,3,2023-09-16,Boise State,North Dakota,-15.0,,58.0,,William Hill (New Jersey),1
401532583,2023,4,2023-09-22,San Diego State,Boise State,4.5,7.0,47.5,45.5,Bovada,3
401532584,2023,4,2023-09-22,San José State,Air Force,6.5,4.0,45.0,47.0,Bovada,3
401532586,2023,5,2023-09-30,UNLV,Hawai'i,-11.0,-10.0,59.0,61.0,Bovada,3
401532587,2023,5,2023-09-30,Fresno State,Nevada,-24.5,-23.0,53.0,54.0,Bovada,3
401532588,2023,5,2023-09-30,Wyoming,New Mexico,-14.0,-12.0,41.0,41.0,Bovada,3
401532589,2023,5,2023-09-30,Air Force,San Diego State,-11.0,-10.0,44.0,43.0,Bovada,3
401532590,2023,6,2023-10-07,Utah State,Colorado State,3.0,1.0,62.0,64.0,Bovada,3
401532591,2023,6,2023-10-07,Wyoming,Fresno State,6.0,6.0,42.5,46.0,Bovada,3
401532592,2023,6,2023-10-07,Boise State,San José State,-7.5,-9.5,57.0,57.5,Bovada,3
401532593,2023,7,2023-10-14,Colorado State,Boise State,7.5,7.0,59.0,62.5,Bovada,3
401532594,2023,7,2023-10-13,Utah State,Fresno State,5.5,7.0,55.5,61.5,Bovada,3
401532595,2023,7,2023-10-14,Hawai'i,San Diego State,6.0,5.0,52.0,52.0,Bovada,3
401532596,2023,7,2023-10-14,New Mexico,San José State,6.0,9.0,54.5,57.5,Bovada,3
401532597,2023,7,2023-10-14,Nevada,UNLV,7.5,9.5,51.5,56.0,Bovada,3
401532598,2023,7,2023-10-14,Air Force,Wyoming,-13.0,-10.0,41.0,45.0,Bovada,3
401532599,2023,8,2023-10-21,UNLV,Colorado State,-6.5,-8.0,60.0,63.0,Bovada,3
401532600,2023,8,2023-10-21,New Mexico,Hawai'i,1.5,2.0,59.5,60.0,Bovada,3
401532601,2023,8,2023-10-21,San Diego State,Nevada,-11.0,-12.5,48.5,47.5,Bovada,3
401532602,2023,8,2023-10-21,San José State,Utah State,-4.0,-3.5,64.5,65.5,Bovada,3
401532603,2023,9,2023-10-28,Colorado State,Air Force,14.5,11.5,47.5,50.0,Bovada,3
401532604,2023,9,2023-10-28,Nevada,New Mexico,1.0,-1.0,49.5,51.0,Bovada,3
401532605,2023,9,2023-10-28,Hawai'i,San José State,10.0,8.5,57.0,61.0,Bovada,3
401532606,2023,9,2023-10-28,Fresno State,UNLV,-10.5,-8.5,55.5,58.5,Bovada,3
401532607,2023,9,2023-10-28,Boise State,Wyoming,-4.5,-5.0,48.5,49.0,Bovada,3
401532608,2023,10,2023-11-04,Fresno State,Boise State,-2.5,-3.0,53.5,55.0,Bovada,3
401532609,2023,10,2023-11-03,Wyoming,Colorado State,-6.0,-7.0,44.0,43.5,Bovada,3
401532610,2023,10,2023-11-04,Nevada,Hawai'i,-3.0,-3.5,50.0,50.5,Bovada,3
401532611,2023,10,2023-11-04,New Mexico,UNLV,15.0,10.0,58.0,61.5,Bovada,3
401532612,2023,10,2023-11-04,San Diego State,Utah State,2.0,2.5,56.5,56.0,Bovada,2
401532613,2023,11,2023-11-11,Hawai'i,Air Force,20.5,19.0,46.5,49.5,Bovada,3
401532614,2023,11,2023-11-11,San José State,Fresno State,-2.5,1.0,51.5,56.0,Bovada,3
401532615,2023,11,2023-11-11,Utah State,Nevada,-14.5,-16.0,54.0,56.0,Bovada,3
401532616,2023,11,2023-11-11,Boise State,New Mexico,-27.5,-25.0,59.5,60.5,Bovada,3
401532617,2023,11,2023-11-11,Colorado State,San Diego State,-3.5,-4.0,46.5,47.5,Bovada,3
401532618,2023,11,2023-11-10,UNLV,Wyoming,-3.0,-3.0,48.0,51.5,Bovada,3
401532619,2023,12,2023-11-18,Utah State,Boise State,5.0,4.0,63.5,64.0,Bovada,3
401532620,2023,12,2023-11-18,Wyoming,Hawai'i,-13.0,-14.0,45.0,45.5,Bovada,3
401532621,2023,12,2023-11-18,Colorado State,Nevada,-12.5,-11.0,45.0,47.5,Bovada,3
401532622,2023,12,2023-11-18,Fresno State,New Mexico,-22.0,-24.0,58.5,57.0,Bovada,3
401532623,2023,12,2023-11-18,San José State,San Diego State,-16.5,-14.0,48.0,49.5,Bovada,3
401532624,2023,12,2023-11-18,Air Force,UNLV,-3.0,-4.0,46.5,46.5,Bovada,3
401532625,2023,13,2023-11-24,Boise State,Air Force,-6.5,-6.0,45.0,46.0,Bovada,3
401532626,2023,13,2023-11-25,Hawai'i,Colorado State,5.5,6.0,54.0,54.5,Bovada,3
401532627,2023,13,2023-11-25,San Diego State,Fresno State,4.5,6.0,47.0,46.0,Bovada,3
401532628,2023,13,2023-11-25,UNLV,San José State,-1.0,-3.0,58.0,58.0,Bovada,3
401532629,2023,13,2023-11-24,New Mexico,Utah State,4.5,8.5,58.5,62.0,Bovada,3
401532630,2023,13,2023-11-25,Nevada,Wyoming,11.5,11.0,42.0,41.5,Bovada,3
401534852,2023,5,2023-09-30,Robert Morris,Howard,9.5,,59.0,,William Hill (New Jersey),1
401534853,2023,7,2023-10-14,Harvard,Howard,-8.0,,60.5,,William Hill (New Jersey),1
401534854,2023,8,2023-10-21,Howard,Norfolk State,-10.0,,48.0,,William Hill (New Jersey),1
401534855,2023,9,2023-10-28,Delaware State,Howard,19.0,,53.5,,William Hill (New Jersey),1
401534856,2023,10,2023-11-04,South Carolina State,Howard,6.5,,47.5,,ESPN Bet,1
401534857,2023,11,2023-11-11,Howard,North Carolina Central,7.5,,59.5,,ESPN Bet,1
401534858,2023,12,2023-11-18,Howard,Morgan State,-7.5,,40.5,,ESPN Bet,1
401539475,2023,14,2023-12-01,Washington,Oregon,10.0,9.0,65.5,67.0,Bovada,3
401539476,2023,14,2023-12-01,Liberty,New Mexico State,-9.5,-10.0,58.0,53.5,Bovada,3
401539477,2023,14,2023-12-02,Tulane,SMU,-2.5,-3.0,47.5,52.5,Bovada,3
401539478,2023,14,2023-12-02,Florida State,Louisville,1.5,-5.0,45.5,53.5,Bovada,3
401539479,2023,14,2023-12-02,Texas,Oklahoma State,-14.5,-11.5,57.5,53.5,Bovada,3
401539480,2023,14,2023-12-02,Iowa,Michigan,21.0,23.5,36.0,35.0,Bovada,3
401539481,2023,14,2023-12-02,Toledo,Miami (OH),-7.0,-7.5,43.0,46.5,Bovada,3
401539482,2023,14,2023-12-02,UNLV,Boise State,2.5,2.5,62.0,59.0,Bovada,3
401539483,2023,14,2023-12-02,Alabama,Georgia,5.0,4.5,53.5,56.0,Bovada,3
401539484,2023,14,2023-12-02,Troy,App State,-5.5,-6.5,53.0,51.5,Bovada,3
401539973,2023,6,2023-10-07,Central Connecticut,Delaware State,-4.5,,51.0,,William Hill (New Jersey),1
401539974,2023,8,2023-10-21,Delaware State,South Carolina State,7.0,,46.5,,William Hill (New Jersey),1
401539975,2023,10,2023-11-04,Morgan State,Delaware State,-17.5,,41.5,,ESPN Bet,1
401539976,2023,11,2023-11-11,Delaware State,Norfolk State,7.0,,51.5,,ESPN Bet,1
401539977,2023,12,2023-11-18,North Carolina Central,Delaware State,-25.0,,64.5,,ESPN Bet,1
401539978,2023,1,2023-09-02,Richmond,Morgan State,-25.5,-25.5,43.5,47.0,Bovada,1
401539980,2023,4,2023-09-23,Morgan State,UAlbany,13.0,,35.5,,William Hill (New Jersey),1
401539981,2023,5,2023-09-30,Yale,Morgan State,-15.5,,39.0,,William Hill (New Jersey),1
401539983,2023,8,2023-10-19,Morgan State,North Carolina Central,14.0,,47.5,,William Hill (New Jersey),1
401539984,2023,9,2023-10-28,Norfolk State,Morgan State,0.0,,38.0,,William Hill (New Jersey),1
401539985,2023,11,2023-11-11,South Carolina State,Morgan State,-2.0,,39.5,,ESPN Bet,1
401539988,2023,4,2023-09-23,Towson,Norfolk State,-17.5,,40.5,,William Hill (New Jersey),1
401539990,2023,7,2023-10-14,Tennessee State,Norfolk State,-9.5,,50.5,,William Hill (New Jersey),1
401539991,2023,10,2023-11-04,North Carolina Central,Norfolk State,-18.0,,60.5,,ESPN Bet,1
401539992,2023,12,2023-11-18,Norfolk State,South Carolina State,-4.5,,46.5,,ESPN Bet,1
401539994,2023,2,2023-09-09,North Carolina A&T,North Carolina Central,-6.5,-6.5,57.5,57.5,Bovada,1
401539995,2023,4,2023-09-23,North Carolina Central,Mississippi Valley State,-24.5,,47.5,,median,1
401539996,2023,5,2023-09-30,North Carolina Central,Campbell,2.5,,62.5,,William Hill (New Jersey),1
401539997,2023,6,2023-10-07,Elon,North Carolina Central,-6.5,,51.0,,William Hill (New Jersey),1
401539998,2023,9,2023-10-26,North Carolina Central,South Carolina State,-14.5,,51.5,,William Hill (New Jersey),1
401539999,2023,1,2023-08-26,Jackson State,South Carolina State,-9.5,,45.5,,William Hill (New Jersey),1
401540000,2023,4,2023-09-23,South Carolina State,The Citadel,-4.5,,40.5,,William Hill (New Jersey),1
401540002,2023,7,2023-10-14,South Carolina State,Tennessee Tech,-4.0,,37.5,,William Hill (New Jersey),1
401540005,2023,5,2023-09-30,Brown,Central Connecticut,-14.5,,53.5,,William Hill (New Jersey),1
401540006,2023,7,2023-10-14,Duquesne,Central Connecticut,-9.0,,54.5,,William Hill (New Jersey),1
401540007,2023,8,2023-10-21,Wagner,Central Connecticut,2.5,,43.5,,William Hill (New Jersey),1
401540008,2023,9,2023-10-26,Central Connecticut,Long Island University,2.5,,45.5,,William Hill (New Jersey),1
401540009,2023,10,2023-11-04,Sacred Heart,Central Connecticut,-3.0,,41.5,,ESPN Bet,1
401540011,2023,12,2023-11-18,Central Connecticut,Saint Francis,7.0,,57.5,,ESPN Bet,1
401540013,2023,5,2023-09-30,Long Island University,Duquesne,-3.5,,47.5,,William Hill (New Jersey),1
401540014,2023,6,2023-10-07,Delaware,Duquesne,-21.5,,60.0,,William Hill (New Jersey),1
401540015,2023,8,2023-10-21,Duquesne,Saint Francis,-3.0,,57.5,,William Hill (New Jersey),1
401540016,2023,9,2023-10-28,Sacred Heart,Duquesne,5.5,,49.0,,William Hill (New Jersey),1
401540017,2023,10,2023-11-04,Wagner,Duquesne,13.5,,49.5,,ESPN Bet,1
401540018,2023,11,2023-11-11,Duquesne,Stonehill,-12.5,,53.5,,ESPN Bet,1
401540019,2023,12,2023-11-18,Merrimack,Duquesne,-2.5,,55.5,,ESPN Bet,1
401540021,2023,6,2023-10-07,Long Island University,Sacred Heart,-7.5,,42.0,,William Hill (New Jersey),1
401540022,2023,7,2023-10-14,Maine,Long Island University,-7.5,,50.0,,William Hill (New Jersey),1
401540023,2023,8,2023-10-21,Long Island University,Merrimack,-2.5,,40.0,,William Hill (New Jersey),1
401540027,2023,1,2023-09-02,Sacred Heart,Lafayette,-5.5,-6.5,38.5,41.5,Bovada,1
401540029,2023,4,2023-09-23,Saint Francis,Sacred Heart,-9.5,,41.5,,median,1
401540030,2023,5,2023-09-30,Sacred Heart,Merrimack,-2.5,,41.5,,William Hill (New Jersey),1
401540031,2023,7,2023-10-14,Yale,Sacred Heart,-22.5,,44.0,,William Hill (New Jersey),1
401540036,2023,7,2023-10-12,Saint Francis,Wagner,-11.0,,50.0,,William Hill (New Jersey),1
401540037,2023,9,2023-10-28,Saint Francis,Merrimack,-1.5,,48.5,,William Hill (New Jersey),1
401540043,2023,1,2023-09-02,Fordham,Wagner,-28.0,-27.0,56.5,58.0,Bovada,1
401540044,2023,3,2023-09-16,Sacred Heart,Wagner,-11.5,,39.5,,William Hill (New Jersey),1
401540045,2023,4,2023-09-23,Wagner,Merrimack,11.5,,35.0,,William Hill (New Jersey),1
401540048,2023,4,2023-09-23,Bucknell,Pennsylvania,12.0,,35.5,,median,1
401540049,2023,5,2023-09-30,Lafayette,Bucknell,-13.0,,40.0,,median,1
401540050,2023,6,2023-10-07,Bucknell,Holy Cross,29.0,,64.5,,William Hill (New Jersey),1
401540051,2023,7,2023-10-14,Cornell,Bucknell,-11.0,,53.5,,William Hill (New Jersey),1
401540052,2023,8,2023-10-21,Bucknell,Lehigh,-3.0,,47.0,,William Hill (New Jersey),1
401540053,2023,9,2023-10-28,Colgate,Bucknell,-7.5,,50.5,,William Hill (New Jersey),1
401540054,2023,10,2023-11-04,Fordham,Bucknell,-18.5,,67.5,,ESPN Bet,1
401540055,2023,11,2023-11-11,Bucknell,Georgetown,2.0,,51.5,,ESPN Bet,1
401540057,2023,1,2023-09-02,Georgetown,Marist,-7.0,-7.5,46.0,50.0,Bovada,2
401540058,2023,4,2023-09-23,Columbia,Georgetown,-6.5,,35.0,,median,1
401540060,2023,6,2023-10-07,Pennsylvania,Georgetown,-15.5,,41.5,,William Hill (New Jersey),1
401540061,2023,7,2023-10-14,Lehigh,Georgetown,3.5,,42.5,,William Hill (New Jersey),1
401540062,2023,8,2023-10-21,Georgetown,Colgate,-4.0,,44.0,,William Hill (New Jersey),1
401540063,2023,9,2023-10-28,Georgetown,Lafayette,9.5,,45.0,,William Hill (New Jersey),1
401540064,2023,12,2023-11-18,Holy Cross,Georgetown,-21.0,,64.5,,ESPN Bet,1
401540066,2023,3,2023-09-16,Yale,Holy Cross,2.5,,50.0,,William Hill (New Jersey),1
401540067,2023,4,2023-09-23,Holy Cross,Colgate,-31.0,,55.0,,median,1
401540069,2023,8,2023-10-21,Holy Cross,Lafayette,-14.5,,52.0,,William Hill (New Jersey),1
401540070,2023,9,2023-10-28,Fordham,Holy Cross,10.0,,71.0,,William Hill (New Jersey),1
401540071,2023,10,2023-11-04,Lehigh,Holy Cross,22.0,,58.5,,ESPN Bet,1
401540072,2023,3,2023-09-16,Lafayette,Columbia,5.5,,40.5,,William Hill (New Jersey),1
401540073,2023,4,2023-09-23,Lafayette,Monmouth,7.0,,43.0,,median,1
401540074,2023,6,2023-10-07,Princeton,Lafayette,-5.5,,39.5,,median,1
401540075,2023,10,2023-11-04,Lafayette,Colgate,-15.5,,49.5,,ESPN Bet,1
401540076,2023,11,2023-11-11,Lafayette,Fordham,-2.5,,63.5,,ESPN Bet,1
401540077,2023,12,2023-11-18,Lehigh,Lafayette,10.5,,44.5,,ESPN Bet,1
401540078,2023,1,2023-09-02,Lehigh,Villanova,19.0,,50.5,,William Hill (New Jersey),1
401540080,2023,3,2023-09-16,Lehigh,Cornell,3.5,,45.5,,William Hill (New Jersey),1
401540081,2023,4,2023-09-23,Dartmouth,Lehigh,-17.0,,41.0,,median,1
401540082,2023,5,2023-09-30,Monmouth,Lehigh,-15.5,,53.0,,median,1
401540083,2023,6,2023-10-07,Fordham,Lehigh,-20.5,,55.5,,William Hill (New Jersey),1
401540084,2023,11,2023-11-11,Colgate,Lehigh,-3.5,,51.5,,ESPN Bet,1
401540087,2023,4,2023-09-21,Alabama A&M,Arkansas-Pine Bluff,-9.5,,50.5,,William Hill (New Jersey),1
401540089,2023,6,2023-10-07,Alabama A&M,Jackson State,10.0,,54.5,,William Hill (New Jersey),1
401540099,2023,1,2023-09-02,Illinois State,Dayton,-19.0,-21.5,45.0,45.0,Bovada,2
401540101,2023,3,2023-09-16,Eastern Illinois,Illinois State,11.5,,41.5,,William Hill (New Jersey),1
401540102,2023,4,2023-09-23,Illinois State,Lindenwood,-21.0,,55.5,,median,1
401540103,2023,6,2023-10-07,Illinois State,South Dakota State,21.0,,47.0,,William Hill (New Jersey),1
401540104,2023,7,2023-10-14,Illinois State,Indiana State,-15.5,,42.5,,William Hill (New Jersey),1
401540105,2023,8,2023-10-21,Youngstown State,Illinois State,-8.0,,57.0,,William Hill (New Jersey),1
401540106,2023,9,2023-10-28,Illinois State,Northern Iowa,1.5,,54.5,,William Hill (New Jersey),1
401540107,2023,10,2023-11-04,Missouri State,Illinois State,1.5,,57.5,,ESPN Bet,1
401540108,2023,11,2023-11-11,Illinois State,Murray State,-16.5,,54.5,,ESPN Bet,1
401540110,2023,7,2023-10-14,Grambling,Alabama A&M,-4.5,,57.0,,William Hill (New Jersey),1
401540111,2023,9,2023-10-28,Alabama State,Alabama A&M,-2.5,,47.5,,William Hill (New Jersey),1
401540112,2023,10,2023-11-04,Alabama A&M,Florida A&M,13.5,,50.5,,ESPN Bet,1
401540113,2023,11,2023-11-11,Bethune-Cookman,Alabama A&M,3.5,,54.5,,ESPN Bet,1
401540114,2023,12,2023-11-16,Alabama A&M,Mississippi Valley State,-14.0,,47.5,,ESPN Bet,1
401540115,2023,1,2023-09-02,Alabama State,Southern,2.5,6.0,42.5,42.5,Bovada,1
401540117,2023,4,2023-09-23,Florida A&M,Alabama State,-17.0,,44.0,,William Hill (New Jersey),1
401540118,2023,5,2023-09-30,Alabama State,Alcorn State,-2.0,,37.5,,William Hill (New Jersey),1
401540119,2023,6,2023-10-07,Alabama State,Bethune-Cookman,-7.0,,41.0,,William Hill (New Jersey),1
401540120,2023,7,2023-10-14,Jackson State,Alabama State,-11.5,,45.0,,William Hill (New Jersey),1
401540121,2023,10,2023-11-04,Alabama State,Grambling,-1.5,,46.5,,ESPN Bet,1
401540122,2023,11,2023-11-11,Mississippi Valley State,Alabama State,14.0,,35.5,,ESPN Bet,1
401540123,2023,12,2023-11-18,Prairie View A&M,Alabama State,6.0,,43.5,,ESPN Bet,1
401540126,2023,4,2023-09-23,Alcorn State,Prairie View A&M,-6.5,,50.5,,William Hill (New Jersey),1
401540127,2023,6,2023-10-07,Alcorn State,Grambling,-1.5,,48.0,,William Hill (New Jersey),1
401540128,2023,8,2023-10-21,Arkansas-Pine Bluff,Alcorn State,14.0,,45.5,,William Hill (New Jersey),1
401540129,2023,9,2023-10-28,Alcorn State,Mississippi Valley State,-19.5,,39.5,,median,1
401540130,2023,10,2023-11-04,Alcorn State,Southern,-3.0,,37.5,,ESPN Bet,1
401540131,2023,11,2023-11-12,Texas Southern,Alcorn State,5.5,,51.5,,ESPN Bet,1
401540136,2023,7,2023-10-14,Mississippi Valley State,Arkansas-Pine Bluff,2.0,,41.5,,William Hill (New Jersey),1
401540137,2023,9,2023-10-28,Arkansas-Pine Bluff,Jackson State,21.0,,50.0,,median,1
401540138,2023,10,2023-11-04,Prairie View A&M,Arkansas-Pine Bluff,-12.0,,49.5,,ESPN Bet,1
401540139,2023,11,2023-11-10,Arkansas-Pine Bluff,Grambling,15.5,,51.5,,ESPN Bet,1
401540140,2023,12,2023-11-18,Texas Southern,Arkansas-Pine Bluff,-20.0,,52.5,,ESPN Bet,1
401540142,2023,4,2023-09-23,Jackson State,Bethune-Cookman,-20.5,,50.5,,William Hill (New Jersey),1
401540143,2023,7,2023-10-14,Bethune-Cookman,Texas Southern,-3.5,,55.0,,William Hill (New Jersey),1
401540144,2023,8,2023-10-21,Bethune-Cookman,Southern,7.5,,42.5,,William Hill (New Jersey),1
401540145,2023,9,2023-10-28,Grambling,Bethune-Cookman,-7.0,,54.5,,median,1
401540146,2023,10,2023-11-02,Bethune-Cookman,Mississippi Valley State,-10.5,,40.5,,ESPN Bet,1
401540147,2023,12,2023-11-18,Florida A&M,Bethune-Cookman,16.5,,44.5,,ESPN Bet,1
401540148,2023,1,2023-09-03,Florida A&M,Jackson State,3.5,4.5,47.5,49.0,Bovada,2
401540150,2023,5,2023-09-30,Mississippi Valley State,Florida A&M,30.5,,45.5,,William Hill (New Jersey),1
401540151,2023,6,2023-10-07,Southern,Florida A&M,8.0,,38.0,,William Hill (New Jersey),1
401540152,2023,8,2023-10-21,Texas Southern,Florida A&M,17.5,,55.5,,William Hill (New Jersey),1
401540153,2023,9,2023-10-28,Florida A&M,Prairie View A&M,-20.0,,51.0,,William Hill (New Jersey),1
401540157,2023,4,2023-09-23,Grambling,Texas Southern,-3.0,,63.5,,median,1
401540158,2023,5,2023-09-30,Prairie View A&M,Grambling,2.0,,60.5,,William Hill (New Jersey),1
401540159,2023,13,2023-11-25,Grambling,Southern,-1.5,,49.5,,ESPN Bet,1
401540161,2023,8,2023-10-21,Mississippi Valley State,Jackson State,19.5,,48.0,,William Hill (New Jersey),1
401540162,2023,10,2023-11-04,Jackson State,Texas Southern,-15.5,,57.5,,ESPN Bet,1
401540165,2023,6,2023-10-07,Prairie View A&M,Mississippi Valley State,-18.5,,50.5,,William Hill (New Jersey),1
401540168,2023,7,2023-10-14,Houston Christian,Prairie View A&M,2.0,,56.0,,William Hill (New Jersey),1
401540169,2023,11,2023-11-11,Southern,Prairie View A&M,-9.5,,49.5,,ESPN Bet,1
401540171,2023,9,2023-10-28,Southern,Texas Southern,-11.0,,50.0,,William Hill (New Jersey),1
401540173,2023,1,2023-09-02,Southern Illinois,Austin Peay,-7.5,-6.0,55.0,54.0,Bovada,1
401540175,2023,4,2023-09-23,Stephen F. Austin,Austin Peay,1.5,,61.5,,William Hill (New Jersey),1
401540177,2023,7,2023-10-14,Austin Peay,Gardner-Webb,-14.0,,54.0,,William Hill (New Jersey),1
401540178,2023,8,2023-10-21,Southern Utah,Austin Peay,8.0,,51.5,,William Hill (New Jersey),1
401540179,2023,9,2023-10-28,Austin Peay,North Alabama,-21.0,,60.5,,William Hill (New Jersey),1
401540182,2023,12,2023-11-18,Austin Peay,Central Arkansas,-6.0,,61.5,,ESPN Bet,1
401540185,2023,4,2023-09-23,Central Arkansas,Abilene Christian,-7.0,,55.5,,William Hill (New Jersey),1
401540186,2023,5,2023-09-30,Southern Utah,Central Arkansas,8.0,,57.5,,William Hill (New Jersey),1
401540187,2023,6,2023-10-07,Central Arkansas,Southeast Missouri State,-3.5,,65.5,,William Hill (New Jersey),1
401540188,2023,7,2023-10-14,Central Arkansas,Stephen F. Austin,-7.5,,64.5,,William Hill (New Jersey),1
401540189,2023,9,2023-10-28,Central Arkansas,Tarleton State,-11.0,,61.0,,William Hill (New Jersey),1
401540190,2023,10,2023-11-04,North Alabama,Central Arkansas,13.5,,59.5,,ESPN Bet,1
401540191,2023,11,2023-11-11,Central Arkansas,Eastern Kentucky,-9.5,,62.5,,ESPN Bet,1
401540193,2023,4,2023-09-23,Eastern Kentucky,Southeast Missouri State,3.5,,61.5,,William Hill (New Jersey),1
401540194,2023,5,2023-09-30,North Alabama,Eastern Kentucky,7.0,,62.5,,William Hill (New Jersey),1
401540195,2023,7,2023-10-14,Eastern Kentucky,Tarleton State,-8.0,,64.5,,William Hill (New Jersey),1
401540196,2023,8,2023-10-21,Gardner-Webb,Eastern Kentucky,4.0,,61.5,,William Hill (New Jersey),1
401540198,2023,12,2023-11-18,Eastern Kentucky,Stephen F. Austin,-7.0,,65.5,,ESPN Bet,1
401540199,2023,1,2023-08-26,Mercer,North Alabama,-23.5,,58.5,,William Hill (New Jersey),1
401540200,2023,1,2023-09-02,North Alabama,Chattanooga,19.5,21.0,52.5,53.0,Bovada,1
401540203,2023,4,2023-09-23,North Alabama,UT Martin,12.0,,61.5,,William Hill (New Jersey),1
401540204,2023,7,2023-10-14,Abilene Christian,North Alabama,-7.5,,58.0,,William Hill (New Jersey),1
401540207,2023,4,2023-09-23,Southern Utah,Western Illinois,-18.5,,58.5,,William Hill (New Jersey),1
401540208,2023,6,2023-10-07,Tarleton State,Southern Utah,1.0,,53.5,,William Hill (New Jersey),1
401540209,2023,9,2023-10-28,Southern Utah,Abilene Christian,-3.5,,56.0,,median,1
401540211,2023,11,2023-11-11,Stephen F. Austin,Southern Utah,2.0,,60.5,,ESPN Bet,1
401540212,2023,12,2023-11-18,Utah Tech,Southern Utah,12.0,,62.5,,ESPN Bet,1
401540213,2023,1,2023-09-02,McNeese,Tarleton State,3.5,-1.5,54.5,54.5,Bovada,1
401540215,2023,5,2023-09-30,SE Louisiana,Tarleton State,-3.5,,67.5,,William Hill (New Jersey),1
401540216,2023,8,2023-10-21,Tarleton State,Morehead State,-22.0,,60.5,,William Hill (New Jersey),1
401540217,2023,10,2023-11-04,Tarleton State,Stephen F. Austin,-1.0,,60.5,,ESPN Bet,1
401540218,2023,11,2023-11-11,Abilene Christian,Tarleton State,6.0,,54.5,,ESPN Bet,1
401540224,2023,10,2023-11-04,Abilene Christian,Utah Tech,-9.0,,64.5,,ESPN Bet,1
401540227,2023,4,2023-09-23,Portland State,Cal Poly,-10.5,,65.5,,William Hill (New Jersey),1
401540228,2023,5,2023-09-30,Cal Poly,UC Davis,23.0,,58.0,,William Hill (New Jersey),1
401540229,2023,6,2023-10-07,Cal Poly,Idaho,28.0,,56.0,,William Hill (New Jersey),1
401540230,2023,7,2023-10-14,Montana State,Cal Poly,-39.0,,60.5,,William Hill (New Jersey),1
401540231,2023,8,2023-10-21,Cal Poly,Northern Colorado,2.5,,55.0,,William Hill (New Jersey),1
401540232,2023,10,2023-11-04,Eastern Washington,Cal Poly,-21.5,,62.5,,ESPN Bet,1
401540234,2023,12,2023-11-18,Cal Poly,Weber State,16.5,,53.5,,ESPN Bet,1
401540235,2023,1,2023-09-02,North Dakota State,Eastern Washington,-23.0,-20.5,59.0,59.0,Bovada,2
401540237,2023,4,2023-09-23,UC Davis,Eastern Washington,-7.0,,62.5,,William Hill (New Jersey),1
401540238,2023,5,2023-09-30,Eastern Washington,Idaho,7.5,,63.0,,William Hill (New Jersey),1
401540239,2023,7,2023-10-14,Idaho State,Eastern Washington,12.5,,69.0,,William Hill (New Jersey),1
401540240,2023,8,2023-10-21,Eastern Washington,Weber State,-5.0,,57.0,,William Hill (New Jersey),1
401540241,2023,9,2023-10-28,Portland State,Eastern Washington,2.5,,68.5,,William Hill (New Jersey),1
401540242,2023,11,2023-11-11,Montana State,Eastern Washington,-19.5,,65.5,,ESPN Bet,1
401540243,2023,12,2023-11-18,Eastern Washington,Northern Arizona,-3.5,,64.5,,ESPN Bet,1
401540244,2023,1,2023-08-31,Lamar,Idaho,25.5,,55.5,,William Hill (New Jersey),1
401540245,2023,4,2023-09-23,Idaho,Sacramento State,-2.5,,57.5,,William Hill (New Jersey),1
401540246,2023,7,2023-10-14,Idaho,Montana,-13.0,,53.0,,William Hill (New Jersey),1
401540247,2023,9,2023-10-28,Idaho,Montana State,6.0,,60.0,,William Hill (New Jersey),1
401540248,2023,10,2023-11-04,Northern Colorado,Idaho,27.5,,52.5,,ESPN Bet,1
401540249,2023,11,2023-11-11,Weber State,Idaho,10.5,,50.5,,ESPN Bet,1
401540250,2023,12,2023-11-18,Idaho,Idaho State,-22.0,,60.5,,ESPN Bet,1
401540252,2023,4,2023-09-23,Idaho State,Northern Colorado,-6.5,,67.0,,William Hill (New Jersey),1
401540253,2023,5,2023-09-30,Montana,Idaho State,-21.0,,56.5,,William Hill (New Jersey),1
401540254,2023,8,2023-10-21,Portland State,Idaho State,-12.0,,68.5,,William Hill (New Jersey),1
401540255,2023,9,2023-10-28,Sacramento State,Idaho State,-16.5,,63.5,,William Hill (New Jersey),1
401540256,2023,10,2023-11-04,Idaho State,Weber State,8.0,,56.5,,ESPN Bet,1
401540257,2023,11,2023-11-11,Idaho State,UC Davis,11.5,,58.5,,ESPN Bet,1
401540260,2023,4,2023-09-23,Northern Arizona,Montana,17.0,,52.5,,William Hill (New Jersey),1
401540261,2023,6,2023-10-07,UC Davis,Montana,-7.5,,50.5,,William Hill (New Jersey),1
401540262,2023,9,2023-10-28,Montana,Northern Colorado,-23.5,,46.5,,median,1
401540263,2023,10,2023-11-04,Montana,Sacramento State,-2.5,,53.5,,ESPN Bet,1
401540264,2023,11,2023-11-11,Portland State,Montana,10.5,,58.5,,ESPN Bet,1
401540265,2023,12,2023-11-18,Montana,Montana State,6.5,,52.5,,ESPN Bet,1
401540267,2023,3,2023-09-16,Montana State,Stetson,-45.5,,59.5,,William Hill (New Jersey),1
401540268,2023,4,2023-09-23,Weber State,Montana State,7.0,,54.5,,William Hill (New Jersey),1
401540269,2023,5,2023-09-30,Montana State,Portland State,-24.5,,65.5,,William Hill (New Jersey),1
401540270,2023,8,2023-10-21,Sacramento State,Montana State,10.0,,59.0,,William Hill (New Jersey),1
401540273,2023,5,2023-09-30,Sacramento State,Northern Arizona,-20.0,,59.5,,William Hill (New Jersey),1
401540274,2023,6,2023-10-07,Weber State,Northern Arizona,-8.5,,50.5,,William Hill (New Jersey),1
401540275,2023,7,2023-10-14,Northern Arizona,Portland State,-7.0,,57.5,,William Hill (New Jersey),1
401540276,2023,9,2023-10-28,Northern Arizona,UC Davis,3.0,,54.0,,William Hill (New Jersey),1
401540278,2023,1,2023-08-31,Abilene Christian,Northern Colorado,-13.5,,51.5,,William Hill (New Jersey),1
401540280,2023,5,2023-09-30,Northern Colorado,Weber State,22.5,,50.5,,median,1
401540281,2023,7,2023-10-14,Northern Colorado,Sacramento State,24.0,,58.0,,William Hill (New Jersey),1
401540282,2023,12,2023-11-18,Northern Colorado,Portland State,11.5,,55.5,,ESPN Bet,1
401540284,2023,10,2023-11-04,UC Davis,Portland State,-6.5,,60.5,,ESPN Bet,1
401540285,2023,1,2023-09-02,Nicholls,Sacramento State,23.5,,54.5,,William Hill (New Jersey),1
401540286,2023,2,2023-09-09,Sacramento State,East Texas A&M,-34.5,-34.5,,,Bovada,1
401540287,2023,12,2023-11-18,UC Davis,Sacramento State,-2.0,,53.5,,ESPN Bet,1
401540289,2023,7,2023-10-14,Weber State,UC Davis,2.0,,46.5,,William Hill (New Jersey),1
401540291,2023,4,2023-09-22,Harvard,Brown,-16.5,-18.5,54.5,56.5,Bovada,2
401540292,2023,6,2023-10-07,Brown,Rhode Island,10.0,,63.5,,William Hill (New Jersey),1
401540293,2023,7,2023-10-14,Brown,Princeton,3.0,,51.0,,median,1
401540294,2023,8,2023-10-21,Cornell,Brown,5.5,,57.0,,William Hill (New Jersey),1
401540295,2023,9,2023-10-27,Pennsylvania,Brown,-10.0,,57.0,,William Hill (New Jersey),1
401540296,2023,10,2023-11-04,Brown,Yale,5.5,,61.5,,ESPN Bet,1
401540297,2023,11,2023-11-11,Columbia,Brown,-2.0,,46.5,,ESPN Bet,1
401540300,2023,5,2023-09-30,Murray State,Indiana State,2.0,,45.5,,William Hill (New Jersey),1
401540301,2023,6,2023-10-07,Indiana State,Northern Iowa,17.5,,50.0,,William Hill (New Jersey),1
401540302,2023,8,2023-10-21,Indiana State,South Dakota,20.0,,43.0,,William Hill (New Jersey),1
401540303,2023,9,2023-10-28,North Dakota,Indiana State,-26.0,,52.5,,William Hill (New Jersey),1
401540304,2023,10,2023-11-04,Indiana State,Youngstown State,19.5,,59.5,,ESPN Bet,1
401540305,2023,11,2023-11-11,Indiana State,Western Illinois,-14.5,,49.5,,ESPN Bet,1
401540306,2023,12,2023-11-18,Southern Illinois,Indiana State,-24.0,,37.5,,ESPN Bet,1
401540307,2023,4,2023-09-23,Yale,Cornell,-14.5,,46.0,,median,1
401540309,2023,6,2023-10-06,Harvard,Cornell,-12.5,,48.0,,William Hill (New Jersey),1
401540310,2023,2,2023-09-09,Northern Iowa,Weber State,-7.5,,50.5,,William Hill (New Jersey),1
401540311,2023,1,2023-08-31,Campbell,William & Mary,17.5,,54.5,,William Hill (New Jersey),1
401540313,2023,3,2023-09-16,Monmouth,Campbell,-3.0,,61.5,,median,1
401540314,2023,4,2023-09-23,Campbell,Elon,-4.5,,57.5,,William Hill (New Jersey),1
401540315,2023,6,2023-10-07,Hampton,Campbell,7.5,,64.0,,William Hill (New Jersey),1
401540316,2023,8,2023-10-21,Campbell,Maine,-13.0,,61.0,,William Hill (New Jersey),1
401540317,2023,9,2023-10-28,Richmond,Campbell,-2.0,,58.5,,William Hill (New Jersey),1
401540318,2023,11,2023-11-11,Campbell,Delaware,11.5,,61.5,,ESPN Bet,1
401540319,2023,12,2023-11-18,North Carolina A&T,Campbell,3.0,,53.5,,ESPN Bet,1
401540323,2023,1,2023-08-31,Stony Brook,Delaware,15.0,,45.5,,William Hill (New Jersey),1
401540324,2023,4,2023-09-23,Delaware,New Hampshire,2.5,,47.5,,William Hill (New Jersey),1
401540325,2023,7,2023-10-14,Delaware,North Carolina A&T,-21.0,,47.5,,William Hill (New Jersey),1
401540326,2023,8,2023-10-21,Hampton,Delaware,14.0,,52.0,,William Hill (New Jersey),1
401540327,2023,9,2023-10-28,Towson,Delaware,9.5,,52.5,,William Hill (New Jersey),1
401540328,2023,10,2023-11-04,Delaware,Elon,-14.5,,47.5,,ESPN Bet,1
401540329,2023,12,2023-11-18,Delaware,Villanova,-1.5,,47.5,,ESPN Bet,1
401540330,2023,9,2023-10-28,Cornell,Princeton,5.5,,41.0,,median,1
401540331,2023,10,2023-11-04,Pennsylvania,Cornell,-10.5,,44.5,,ESPN Bet,1
401540332,2023,11,2023-11-11,Dartmouth,Cornell,-7.5,,43.5,,ESPN Bet,1
401540333,2023,12,2023-11-18,Cornell,Columbia,-2.0,,32.5,,ESPN Bet,1
401540335,2023,5,2023-09-30,Pennsylvania,Dartmouth,-2.0,,38.5,,William Hill (New Jersey),1
401540336,2023,6,2023-10-07,Dartmouth,Yale,4.5,,42.0,,William Hill (New Jersey),1
401540337,2023,7,2023-10-14,Colgate,Dartmouth,10.5,,44.5,,William Hill (New Jersey),1
401540338,2023,8,2023-10-21,Dartmouth,Columbia,-6.0,,33.5,,William Hill (New Jersey),1
401540339,2023,9,2023-10-28,Harvard,Dartmouth,-8.5,,45.5,,William Hill (New Jersey),1
401540340,2023,10,2023-11-03,Dartmouth,Princeton,2.5,,33.5,,ESPN Bet,1
401540342,2023,8,2023-10-21,Princeton,Harvard,8.0,,38.0,,median,1
401540343,2023,10,2023-11-04,Columbia,Harvard,13.5,,40.5,,ESPN Bet,1
401540344,2023,11,2023-11-11,Harvard,Pennsylvania,-7.0,,50.5,,ESPN Bet,1
401540345,2023,12,2023-11-18,Yale,Harvard,-3.0,,54.5,,ESPN Bet,1
401540348,2023,6,2023-10-07,Missouri State,North Dakota State,15.5,,56.0,,William Hill (New Jersey),1
401540349,2023,7,2023-10-14,Western Illinois,Missouri State,17.0,,56.0,,William Hill (New Jersey),1
401540350,2023,8,2023-10-21,Missouri State,Murray State,-19.0,,55.0,,William Hill (New Jersey),1
401540351,2023,9,2023-10-28,Youngstown State,Missouri State,-10.0,,64.5,,William Hill (New Jersey),1
401540352,2023,11,2023-11-11,Missouri State,Northern Iowa,6.5,,56.5,,ESPN Bet,1
401540356,2023,4,2023-09-23,SE Louisiana,Houston Christian,-28.5,,64.5,,William Hill (New Jersey),1
401540357,2023,5,2023-09-30,Houston Christian,Lamar,-2.5,,55.5,,William Hill (New Jersey),1
401540358,2023,6,2023-10-07,Nicholls,Houston Christian,-14.5,,55.0,,William Hill (New Jersey),1
401540363,2023,1,2023-09-02,Murray State,Presbyterian,-28.5,-25.5,54.5,54.5,Bovada,1
401540364,2023,6,2023-10-07,South Dakota,Murray State,-20.0,,45.5,,William Hill (New Jersey),1
401540365,2023,7,2023-10-14,Murray State,Southern Illinois,21.0,,47.5,,William Hill (New Jersey),1
401540366,2023,9,2023-10-28,North Dakota State,Murray State,-32.5,,54.5,,William Hill (New Jersey),1
401540367,2023,10,2023-11-04,Murray State,North Dakota,19.5,,56.5,,ESPN Bet,1
401540369,2023,1,2023-09-02,North Dakota,Drake,-34.5,-34.5,50.5,50.5,Bovada,1
401540370,2023,5,2023-09-30,South Dakota State,North Dakota,-18.5,,54.5,,median,1
401540371,2023,6,2023-10-07,North Dakota,Western Illinois,-27.0,,64.0,,William Hill (New Jersey),1
401540372,2023,7,2023-10-14,North Dakota,North Dakota State,7.0,,58.0,,William Hill (New Jersey),1
401540373,2023,8,2023-10-21,Northern Iowa,North Dakota,4.5,,59.0,,William Hill (New Jersey),1
401540374,2023,11,2023-11-11,South Dakota,North Dakota,-2.0,,50.5,,ESPN Bet,1
401540375,2023,3,2023-09-16,South Dakota,Lamar,-24.0,,48.0,,William Hill (New Jersey),1
401540377,2023,6,2023-10-07,Lamar,Northwestern State,-3.0,,46.0,,William Hill (New Jersey),1
401540378,2023,7,2023-10-14,SE Louisiana,Lamar,-15.0,,47.5,,William Hill (New Jersey),1
401540379,2023,9,2023-10-28,Lamar,Incarnate Word,15.0,,51.0,,William Hill (New Jersey),1
401540380,2023,10,2023-11-04,Lamar,East Texas A&M,-3.5,,38.5,,ESPN Bet,1
401540381,2023,11,2023-11-11,Nicholls,Lamar,-14.5,,49.5,,ESPN Bet,1
401540382,2023,12,2023-11-18,Lamar,McNeese,-10.0,,50.5,,ESPN Bet,1
401540383,2023,2,2023-09-09,North Dakota State,Maine,-35.5,,50.5,,median,1
401540385,2023,8,2023-10-21,North Dakota State,Western Illinois,-36.5,,60.5,,William Hill (New Jersey),1
401540386,2023,10,2023-11-04,South Dakota State,North Dakota State,-14.0,,51.5,,ESPN Bet,1
401540387,2023,11,2023-11-11,North Dakota State,Southern Illinois,-8.0,,46.5,,ESPN Bet,1
401540388,2023,12,2023-11-18,Northern Iowa,North Dakota State,8.5,,50.5,,ESPN Bet,1
401540390,2023,4,2023-09-23,Eastern Illinois,McNeese,-12.0,,47.5,,median,1
401540391,2023,5,2023-09-30,McNeese,Nicholls,7.0,,53.5,,William Hill (New Jersey),1
401540393,2023,8,2023-10-21,McNeese,Incarnate Word,22.0,,56.5,,William Hill (New Jersey),1
401540395,2023,10,2023-11-04,SE Louisiana,McNeese,-15.0,,57.5,,ESPN Bet,1
401540398,2023,3,2023-09-16,Marist,Davidson,8.0,,51.0,,William Hill (New Jersey),1
401540400,2023,5,2023-09-30,Davidson,San Diego,-6.0,,49.0,,William Hill (New Jersey),1
401540401,2023,7,2023-10-14,Butler,Davidson,4.0,,51.5,,William Hill (New Jersey),1
401540402,2023,8,2023-10-21,Davidson,Valparaiso,-15.5,,56.5,,William Hill (New Jersey),1
401540403,2023,9,2023-10-28,Davidson,Presbyterian,-20.5,,60.5,,William Hill (New Jersey),1
401540404,2023,10,2023-11-04,Stetson,Davidson,16.5,,64.5,,ESPN Bet,1
401540405,2023,11,2023-11-11,Morehead State,Davidson,14.0,,64.5,,ESPN Bet,1
401540408,2023,7,2023-10-14,South Dakota State,Northern Iowa,-24.0,,54.5,,William Hill (New Jersey),1
401540413,2023,7,2023-10-14,Villanova,Elon,-7.5,,45.0,,William Hill (New Jersey),1
401540414,2023,8,2023-10-21,Elon,Monmouth,3.0,,52.0,,median,1
401540415,2023,11,2023-11-11,Richmond,Elon,-3.0,,45.5,,ESPN Bet,1
401540416,2023,12,2023-11-18,Elon,Hampton,-14.5,,54.5,,ESPN Bet,1
401540418,2023,7,2023-10-14,Monmouth,Hampton,-8.5,,57.0,,median,1
401540419,2023,9,2023-10-28,Hampton,North Carolina A&T,-4.0,,44.0,,William Hill (New Jersey),1
401540421,2023,11,2023-11-11,Hampton,William & Mary,11.5,,51.5,,ESPN Bet,1
401540422,2023,4,2023-09-23,Princeton,Bryant,-10.5,,38.0,,median,1
401540423,2023,5,2023-09-30,Rhode Island,Bryant,-11.5,,56.5,,William Hill (New Jersey),1
401540424,2023,7,2023-10-14,Bryant,Robert Morris,-10.5,,51.0,,William Hill (New Jersey),1
401540425,2023,8,2023-10-21,Eastern Illinois,Bryant,-4.0,,46.0,,William Hill (New Jersey),1
401540426,2023,9,2023-10-28,Charleston Southern,Bryant,1.5,,46.5,,William Hill (New Jersey),1
401540427,2023,10,2023-11-04,Bryant,Gardner-Webb,2.0,,56.5,,ESPN Bet,1
401540428,2023,11,2023-11-11,Lindenwood,Bryant,10.0,,61.5,,ESPN Bet,1
401540429,2023,12,2023-11-18,Bryant,Southeast Missouri State,-1.0,,58.5,,ESPN Bet,1
401540430,2023,5,2023-09-30,Northwestern State,Eastern Illinois,6.5,,49.5,,William Hill (New Jersey),1
401540432,2023,8,2023-10-19,Northwestern State,SE Louisiana,12.5,12.0,51.0,51.0,Bovada,2
401540435,2023,6,2023-10-07,Incarnate Word,SE Louisiana,-19.5,,61.0,,William Hill (New Jersey),1
401540436,2023,11,2023-11-11,East Texas A&M,SE Louisiana,10.0,,52.5,,ESPN Bet,1
401540437,2023,12,2023-11-16,SE Louisiana,Nicholls,-2.5,,58.5,,ESPN Bet,1
401540442,2023,7,2023-10-14,South Dakota,Youngstown State,-1.0,,46.0,,William Hill (New Jersey),1
401540443,2023,9,2023-10-28,South Dakota,South Dakota State,14.5,,47.0,,William Hill (New Jersey),1
401540444,2023,10,2023-11-04,Southern Illinois,South Dakota,-8.0,,41.5,,ESPN Bet,1
401540447,2023,6,2023-10-07,Youngstown State,Southern Illinois,4.0,,57.0,,William Hill (New Jersey),1
401540448,2023,8,2023-10-21,Southern Illinois,South Dakota State,14.0,,47.5,,William Hill (New Jersey),1
401540449,2023,9,2023-10-28,Western Illinois,Southern Illinois,28.0,,51.5,,William Hill (New Jersey),1
401540451,2023,1,2023-08-31,Youngstown State,Valparaiso,-36.0,,51.5,,William Hill (New Jersey),1
401540452,2023,3,2023-09-16,Youngstown State,Robert Morris,-28.5,,50.5,,William Hill (New Jersey),1
401540453,2023,11,2023-11-11,Youngstown State,South Dakota State,16.0,,57.5,,ESPN Bet,1
401540455,2023,4,2023-09-23,Valparaiso,Marist,-9.0,,53.0,,median,1
401540457,2023,6,2023-10-07,Drake,Valparaiso,-4.5,,47.0,,William Hill (New Jersey),1
401540458,2023,7,2023-10-14,Valparaiso,Morehead State,1.5,,46.0,,William Hill (New Jersey),1
401540459,2023,9,2023-10-28,Butler,Valparaiso,-13.0,,47.5,,William Hill (New Jersey),1
401540460,2023,10,2023-11-04,Valparaiso,Dayton,-3.0,,45.5,,ESPN Bet,1
401540467,2023,4,2023-09-23,San Diego,Dayton,-3.5,,47.5,,William Hill (New Jersey),1
401540468,2023,5,2023-09-30,Dayton,St. Thomas (MN),4.0,,54.5,,William Hill (New Jersey),1
401540469,2023,6,2023-10-07,Morehead State,Dayton,4.0,,54.5,,William Hill (New Jersey),1
401540472,2023,4,2023-09-23,Western Carolina,Charleston Southern,-22.0,,48.0,,median,1
401540474,2023,7,2023-10-14,Charleston Southern,Lindenwood,-2.5,,,,William Hill (New Jersey),1
401540475,2023,8,2023-10-21,UT Martin,Charleston Southern,-20.0,,53.5,,William Hill (New Jersey),1
401540476,2023,10,2023-11-04,Charleston Southern,Tennessee State,8.0,,42.5,,ESPN Bet,1
401540477,2023,11,2023-11-11,Robert Morris,Charleston Southern,2.0,,44.5,,ESPN Bet,1
401540478,2023,12,2023-11-18,Gardner-Webb,Charleston Southern,-14.0,,50.5,,ESPN Bet,1
401540479,2023,6,2023-10-07,Eastern Illinois,UT Martin,14.0,,50.5,,William Hill (New Jersey),1
401540480,2023,7,2023-10-14,Southeast Missouri State,Eastern Illinois,-12.0,,49.5,,William Hill (New Jersey),1
401540481,2023,10,2023-11-04,Lindenwood,Eastern Illinois,10.0,,52.5,,ESPN Bet,1
401540482,2023,11,2023-11-11,Eastern Illinois,Tennessee State,-4.0,,45.5,,ESPN Bet,1
401540483,2023,12,2023-11-18,Robert Morris,Eastern Illinois,10.5,,43.5,,ESPN Bet,1
401540485,2023,6,2023-10-07,Gardner-Webb,Robert Morris,-21.0,,52.0,,William Hill (New Jersey),1
401540486,2023,9,2023-10-28,Gardner-Webb,UT Martin,6.0,,51.5,,William Hill (New Jersey),1
401540488,2023,3,2023-09-16,Maine,Rhode Island,11.0,,53.0,,median,1
401540489,2023,4,2023-09-23,William & Mary,Maine,-17.5,,35.5,,median,1
401540490,2023,5,2023-09-30,Maine,Stony Brook,-6.0,,40.5,,median,1
401540491,2023,6,2023-10-07,Richmond,Maine,-3.5,,45.0,,William Hill (New Jersey),1
401540492,2023,9,2023-10-28,Maine,UAlbany,11.0,,48.5,,William Hill (New Jersey),1
401540493,2023,12,2023-11-18,New Hampshire,Maine,-18.0,,71.5,,ESPN Bet,1
401540495,2023,6,2023-10-07,Lindenwood,Tennessee Tech,2.5,,55.0,,William Hill (New Jersey),1
401540496,2023,9,2023-10-28,Tennessee State,Lindenwood,-11.5,,54.0,,median,1
401540497,2023,9,2023-10-28,Robert Morris,Tennessee Tech,0.0,,42.5,,William Hill (New Jersey),1
401540500,2023,8,2023-10-21,Tennessee Tech,Southeast Missouri State,17.5,,49.0,,William Hill (New Jersey),1
401540501,2023,9,2023-10-28,Nicholls,Southeast Missouri State,3.5,,49.0,,median,1
401540502,2023,11,2023-11-11,UT Martin,Southeast Missouri State,-3.0,,61.5,,ESPN Bet,1
401540504,2023,9,2023-10-28,William & Mary,Monmouth,-2.5,,52.5,,median,1
401540505,2023,10,2023-11-04,Monmouth,Stony Brook,-24.5,,56.5,,ESPN Bet,1
401540506,2023,11,2023-11-11,Monmouth,New Hampshire,-3.5,,70.5,,ESPN Bet,1
401540507,2023,12,2023-11-18,UAlbany,Monmouth,-3.5,,56.5,,ESPN Bet,1
401540508,2023,1,2023-09-02,Stonehill,New Hampshire,21.0,21.0,53.0,53.0,Bovada,1
401540509,2023,5,2023-09-30,New Hampshire,Towson,-20.0,,55.0,,median,1
401540510,2023,7,2023-10-14,Dayton,Presbyterian,-8.0,,51.0,,William Hill (New Jersey),1
401540511,2023,8,2023-10-21,Dayton,Butler,7.0,,48.5,,William Hill (New Jersey),1
401540512,2023,11,2023-11-11,Dayton,Marist,-1.5,,45.5,,ESPN Bet,1
401540515,2023,7,2023-10-14,Drake,St. Thomas (MN),6.0,,38.5,,William Hill (New Jersey),1
401540516,2023,8,2023-10-21,San Diego,Drake,4.0,,50.0,,William Hill (New Jersey),1
401540517,2023,9,2023-10-28,Drake,Stetson,-14.0,,51.0,,William Hill (New Jersey),1
401540518,2023,10,2023-11-04,Marist,Drake,8.0,,46.5,,ESPN Bet,1
401540519,2023,11,2023-11-11,Drake,Presbyterian,-14.5,,43.5,,ESPN Bet,1
401540520,2023,12,2023-11-18,Butler,Drake,-5.5,,42.5,,ESPN Bet,1
401540522,2023,5,2023-09-30,Marist,Stetson,2.5,,54.5,,William Hill (New Jersey),1
401540523,2023,6,2023-10-07,Columbia,Marist,-21.5,,45.0,,William Hill (New Jersey),1
401540524,2023,7,2023-10-14,Marist,San Diego,3.0,,54.5,,William Hill (New Jersey),1
401540525,2023,8,2023-10-21,Presbyterian,Marist,1.0,,49.5,,William Hill (New Jersey),1
401540526,2023,9,2023-10-28,St. Thomas (MN),Marist,-10.5,,46.5,,William Hill (New Jersey),1
401540529,2023,4,2023-09-23,St. Thomas (MN),Morehead State,-16.0,,49.5,,median,1
401540530,2023,7,2023-10-14,New Hampshire,UAlbany,-2.5,,55.0,,William Hill (New Jersey),1
401540531,2023,8,2023-10-21,Stony Brook,New Hampshire,17.5,,52.0,,William Hill (New Jersey),1
401540532,2023,9,2023-10-28,Rhode Island,New Hampshire,4.5,,64.0,,William Hill (New Jersey),1
401540533,2023,10,2023-11-04,New Hampshire,Villanova,1.5,,58.5,,ESPN Bet,1
401540534,2023,1,2023-08-31,Furman,Tennessee Tech,-27.0,,49.5,,William Hill (New Jersey),1
401540536,2023,10,2023-11-04,Tennessee Tech,UT Martin,16.5,,45.5,,ESPN Bet,1
401540537,2023,12,2023-11-18,Tennessee State,Tennessee Tech,-8.0,,40.5,,ESPN Bet,1
401540542,2023,5,2023-09-30,UT Martin,Tennessee State,-20.5,,55.5,,William Hill (New Jersey),1
401540543,2023,12,2023-11-18,Samford,UT Martin,5.5,,57.5,,ESPN Bet,1
401540544,2023,6,2023-10-07,North Carolina A&T,Villanova,15.0,,46.0,,William Hill (New Jersey),1
401540545,2023,8,2023-10-21,North Carolina A&T,Richmond,8.0,,42.0,,William Hill (New Jersey),1
401540546,2023,10,2023-11-04,North Carolina A&T,Towson,6.0,,45.5,,ESPN Bet,1
401540547,2023,11,2023-11-11,Rhode Island,North Carolina A&T,-17.0,,51.5,,ESPN Bet,1
401540548,2023,2,2023-09-08,Rhode Island,Stony Brook,-24.5,,55.0,,William Hill (New Jersey),1
401540549,2023,4,2023-09-23,Villanova,Rhode Island,-3.5,,48.0,,median,1
401540550,2023,9,2023-10-28,San Diego,Morehead State,-4.5,,48.0,,William Hill (New Jersey),1
401540551,2023,10,2023-11-04,Morehead State,Butler,7.5,,46.5,,ESPN Bet,1
401540552,2023,12,2023-11-18,Presbyterian,Morehead State,1.5,,46.5,,ESPN Bet,1
401540555,2023,5,2023-09-30,Butler,Presbyterian,-21.0,,50.5,,William Hill (New Jersey),1
401540556,2023,6,2023-10-07,Presbyterian,Stetson,-1.5,,53.5,,William Hill (New Jersey),1
401540557,2023,10,2023-11-04,Presbyterian,San Diego,5.0,,46.5,,ESPN Bet,1
401540561,2023,12,2023-11-18,Stetson,San Diego,6.0,,50.5,,ESPN Bet,1
401540563,2023,6,2023-10-07,St. Thomas (MN),Butler,-2.0,,45.5,,William Hill (New Jersey),1
401540564,2023,8,2023-10-21,Stetson,St. Thomas (MN),6.0,,51.0,,William Hill (New Jersey),1
401540567,2023,4,2023-09-23,Stetson,Butler,9.0,,57.5,,median,1
401540568,2023,11,2023-11-11,Valparaiso,Stetson,-7.5,,53.5,,ESPN Bet,1
401540570,2023,7,2023-10-14,Rhode Island,Richmond,-8.5,,59.0,,William Hill (New Jersey),1
401540571,2023,8,2023-10-21,UAlbany,Rhode Island,-3.5,,52.0,,William Hill (New Jersey),1
401540572,2023,12,2023-11-18,Towson,Rhode Island,3.5,,59.5,,ESPN Bet,1
401540573,2023,4,2023-09-23,Stony Brook,Richmond,13.0,,34.5,,median,1
401540574,2023,12,2023-11-18,William & Mary,Richmond,-3.5,,39.5,,ESPN Bet,1
401540575,2023,7,2023-10-14,Stony Brook,Fordham,10.5,,57.0,,William Hill (New Jersey),1
401540576,2023,9,2023-10-28,Villanova,Stony Brook,-27.5,,46.5,,William Hill (New Jersey),1
401540577,2023,11,2023-11-11,Stony Brook,UAlbany,23.5,,50.5,,ESPN Bet,1
401540578,2023,6,2023-10-07,Towson,UAlbany,9.5,,46.5,,William Hill (New Jersey),1
401540579,2023,8,2023-10-21,William & Mary,Towson,-12.5,,41.0,,William Hill (New Jersey),1
401540580,2023,11,2023-11-11,Villanova,Towson,-18.0,,58.5,,ESPN Bet,1
401540583,2023,4,2023-09-23,Samford,Chattanooga,-6.5,,56.0,,median,1
401540584,2023,5,2023-09-30,Wofford,Chattanooga,17.5,,49.5,,William Hill (New Jersey),1
401540585,2023,6,2023-10-07,Chattanooga,Western Carolina,3.5,,60.5,,William Hill (New Jersey),1
401540586,2023,7,2023-10-14,Mercer,Chattanooga,-1.0,,50.0,,William Hill (New Jersey),1
401540587,2023,8,2023-10-21,Chattanooga,East Tennessee State,-18.0,,55.0,,William Hill (New Jersey),1
401540588,2023,9,2023-10-28,VMI,Chattanooga,18.5,,45.5,,William Hill (New Jersey),1
401540589,2023,10,2023-11-04,Chattanooga,Furman,1.5,,52.5,,ESPN Bet,1
401540591,2023,5,2023-09-30,Samford,East Tennessee State,-17.5,,59.5,,William Hill (New Jersey),1
401540592,2023,6,2023-10-07,East Tennessee State,Mercer,14.5,,54.0,,William Hill (New Jersey),1
401540593,2023,7,2023-10-14,East Tennessee State,Wofford,-4.0,,42.0,,William Hill (New Jersey),1
401540594,2023,9,2023-10-28,Furman,East Tennessee State,-24.0,,51.5,,William Hill (New Jersey),1
401540595,2023,10,2023-11-04,East Tennessee State,VMI,-3.5,,37.5,,ESPN Bet,1
401540596,2023,11,2023-11-11,Western Carolina,East Tennessee State,-17.0,,60.5,,ESPN Bet,1
401540597,2023,12,2023-11-18,East Tennessee State,The Citadel,-9.5,,39.5,,ESPN Bet,1
401540599,2023,4,2023-09-23,Furman,Mercer,-10.5,,50.5,,median,1
401540600,2023,6,2023-10-07,Furman,The Citadel,-34.5,,51.5,,William Hill (New Jersey),1
401540601,2023,7,2023-10-14,Samford,Furman,6.0,,59.0,,William Hill (New Jersey),1
401540602,2023,8,2023-10-21,Western Carolina,Furman,-3.0,,64.0,,William Hill (New Jersey),1
401540603,2023,11,2023-11-11,Furman,VMI,-21.5,,44.5,,ESPN Bet,1
401540604,2023,12,2023-11-18,Wofford,Furman,20.0,,42.5,,ESPN Bet,1
401540606,2023,5,2023-09-30,UAlbany,Villanova,4.0,,49.5,,median,1
401540611,2023,5,2023-09-30,Mercer,VMI,-20.0,,41.0,,William Hill (New Jersey),1
401540612,2023,8,2023-10-21,Mercer,Wofford,-18.5,,42.5,,William Hill (New Jersey),1
401540613,2023,9,2023-10-28,Western Carolina,Mercer,-8.0,,56.0,,median,1
401540614,2023,10,2023-11-04,The Citadel,Mercer,20.0,,45.5,,ESPN Bet,1
401540615,2023,11,2023-11-11,Mercer,Samford,-2.5,,55.5,,ESPN Bet,1
401540617,2023,10,2023-11-04,UAlbany,William & Mary,-5.0,,41.5,,ESPN Bet,1
401540619,2023,7,2023-10-14,The Citadel,VMI,2.0,,35.0,,William Hill (New Jersey),1
401540620,2023,9,2023-10-28,Samford,The Citadel,-24.0,,51.5,,median,1
401540621,2023,11,2023-11-11,The Citadel,Wofford,3.5,,42.5,,ESPN Bet,1
401540622,2023,4,2023-09-23,VMI,Wofford,-4.0,,35.5,,median,1
401540623,2023,8,2023-10-21,VMI,Samford,14.0,,45.0,,William Hill (New Jersey),1
401540624,2023,12,2023-11-18,VMI,Western Carolina,16.5,,54.5,,ESPN Bet,1
401540626,2023,10,2023-11-04,Wofford,Western Carolina,20.5,,56.5,,ESPN Bet,1
401540627,2023,6,2023-10-07,Wofford,Samford,12.5,,49.5,,William Hill (New Jersey),1
401540628,2023,1,2023-08-26,UAlbany,Fordham,-4.5,,59.0,,William Hill (New Jersey),1
401541631,2023,8,2023-10-21,Stephen F. Austin,Abilene Christian,-7.5,,58.0,,William Hill (New Jersey),1
401541632,2023,5,2023-09-29,Princeton,Columbia,-6.5,,40.5,,median,1
401541633,2023,7,2023-10-14,Columbia,Pennsylvania,3.0,,34.5,,William Hill (New Jersey),1
401541634,2023,9,2023-10-28,Yale,Columbia,-7.5,,40.5,,William Hill (New Jersey),1
401541635,2023,12,2023-11-18,Colgate,Fordham,6.0,,63.5,,ESPN Bet,1
401544197,2023,8,2023-10-21,Yale,Pennsylvania,-6.0,,46.0,,William Hill (New Jersey),1
401544198,2023,11,2023-11-11,Princeton,Yale,2.5,,38.5,,ESPN Bet,1
401544202,2023,10,2023-11-04,Incarnate Word,Nicholls,-7.5,,50.5,,ESPN Bet,1
401549200,2023,3,2023-09-16,Colgate,Pennsylvania,9.5,,46.5,,William Hill (New Jersey),1
401552541,2023,12,2023-11-18,Pennsylvania,Princeton,-3.0,,36.5,,ESPN Bet,1
401553854,2023,10,2023-11-04,Montana State,Northern Arizona,-23.5,,63.5,,ESPN Bet,1
401539485,2023,14,2023-12-02,Florida A&M,Prairie View A&M,-17.5,-17.5,48.0,51.0,Bovada,2
401551469,2023,1,2023-12-18,Old Dominion,Western Kentucky,-4.0,-2.5,49.0,56.0,Bovada,3
401551470,2023,1,2023-12-16,Florida A&M,Howard,-7.5,,48.5,,ESPN Bet,1
401551731,2023,1,2023-12-16,App State,Miami (OH),-6.5,-4.5,41.0,48.5,Bovada,3
401551732,2023,1,2023-12-16,Fresno State,New Mexico State,3.0,1.5,52.5,51.5,Bovada,3
401551733,2023,1,2023-12-16,Ohio,Georgia Southern,1.5,-1.5,48.5,52.5,Bovada,3
401551735,2023,1,2023-12-19,Marshall,UTSA,7.0,9.5,47.0,55.0,Bovada,3
401551737,2023,1,2023-12-21,Syracuse,South Florida,-3.0,-3.0,56.0,59.0,Bovada,2
401551739,2023,1,2023-12-23,Duke,Troy,7.0,7.0,44.0,44.0,Bovada,2
401551741,2023,1,2023-12-23,Northern Illinois,Arkansas State,2.5,1.5,54.0,53.5,Bovada,2
401551742,2023,1,2023-12-23,Air Force,James Madison,-2.5,3.0,44.5,41.0,Bovada,2
401551743,2023,1,2023-12-23,Utah State,Georgia State,-2.0,2.0,58.0,63.0,Bovada,2
401551744,2023,1,2023-12-23,Northwestern,Utah,6.5,7.0,44.5,42.0,Bovada,2
401551746,2023,1,2023-12-23,San José State,Coastal Carolina,-7.5,-9.0,48.0,54.5,Bovada,3
401551748,2023,1,2023-12-26,Rice,Texas State,3.5,4.5,58.5,60.0,Bovada,2
401551749,2023,1,2023-12-27,Oklahoma State,Texas A&M,-4.0,3.5,56.0,53.0,Bovada,3
401551750,2023,1,2023-12-28,Boston College,SMU,13.5,11.0,49.0,51.0,Bovada,2
401551751,2023,1,2023-12-16,Louisiana,Jacksonville State,3.5,3.0,58.5,56.0,Bovada,3
401551752,2023,1,2023-12-16,Boise State,UCLA,6.5,2.5,46.0,50.5,Bovada,3
401551753,2023,1,2023-12-16,Texas Tech,California,-3.5,-3.0,54.5,58.5,Bovada,3
401551754,2023,1,2023-12-22,UCF,Georgia Tech,-6.0,-4.5,66.5,63.0,Bovada,2
401551755,2023,1,2023-12-23,Eastern Michigan,South Alabama,18.0,15.0,43.0,48.0,Bovada,2
401551756,2023,1,2023-12-26,Minnesota,Bowling Green,-2.5,-6.0,45.0,37.5,Bovada,2
401551757,2023,1,2023-12-26,UNLV,Kansas,8.0,10.5,64.5,65.0,Bovada,3
401551758,2023,1,2023-12-27,Tulane,Virginia Tech,13.5,6.0,43.5,47.0,Bovada,2
401551761,2023,1,2023-12-27,West Virginia,North Carolina,-4.5,-3.0,62.0,56.5,Bovada,2
401551762,2023,1,2023-12-28,Miami,Rutgers,3.0,-3.5,41.0,41.5,Bovada,2
401551764,2023,1,2023-12-28,Kansas State,NC State,-3.0,-4.0,48.5,48.0,Bovada,3
401551765,2023,1,2023-12-28,Oklahoma,Arizona,2.5,3.5,59.5,62.0,Bovada,3
401551766,2023,1,2023-12-29,Kentucky,Clemson,3.5,7.0,44.5,47.0,Bovada,3
401551767,2023,1,2023-12-29,Iowa State,Memphis,-10.5,-7.0,58.0,57.5,Bovada,3
401551768,2023,1,2023-12-29,Ohio State,Missouri,-4.0,-2.5,51.0,49.0,Bovada,3
401551769,2023,1,2023-12-30,Penn State,Ole Miss,-5.5,-4.0,53.0,49.5,Bovada,3
401551770,2023,1,2023-12-30,Maryland,Auburn,4.0,2.5,47.5,50.0,Bovada,3
401551773,2023,1,2023-12-30,Florida State,Georgia,23.5,14.0,47.0,45.5,Bovada,3
401551778,2023,1,2024-01-01,LSU,Wisconsin,-9.5,-10.0,59.5,56.0,Bovada,3
401551780,2023,1,2024-01-01,Tennessee,Iowa,-4.5,-7.5,37.0,36.5,Bovada,3
401551782,2023,1,2024-01-01,Oregon,Liberty,-18.5,-15.0,71.5,65.5,Bovada,3
401551786,2023,1,2024-01-01,Michigan,Alabama,-2.0,-2.5,46.0,45.5,Bovada,3
401551788,2023,1,2024-01-01,Washington,Texas,3.0,4.0,61.5,64.5,Bovada,3
401551789,2023,1,2024-01-08,Michigan,Washington,-5.5,-4.0,55.5,54.5,Bovada,2
401551798,2023,1,2023-12-29,Notre Dame,Oregon State,-5.5,-11.0,40.5,45.5,Bovada,2
401554566,2023,1,2023-12-30,Wyoming,Toledo,-4.5,2.0,43.5,46.0,Bovada,2
401555031,2023,1,2024-01-07,South Dakota State,Montana,-12.5,-12.5,49.5,49.5,Bovada,2
401581109,2023,1,2023-12-27,USC,Louisville,4.5,8.0,58.0,57.0,Bovada,2
401614599,2023,13,2023-11-25,Mercer,Gardner-Webb,-4.0,,54.5,,ESPN Bet,1
401614600,2023,13,2023-11-25,Youngstown State,Duquesne,-21.5,,63.5,,ESPN Bet,1
401614601,2023,13,2023-11-25,Richmond,North Carolina Central,-5.0,,57.5,,ESPN Bet,1
401614602,2023,13,2023-11-25,Southern Illinois,Nicholls,-14.0,,44.5,,ESPN Bet,1
401614603,2023,13,2023-11-25,North Dakota,Sacramento State,-3.0,,59.5,,ESPN Bet,1
401614604,2023,13,2023-11-25,North Dakota State,Drake,-40.5,,48.5,,ESPN Bet,1
401614615,2023,13,2023-11-25,Austin Peay,Chattanooga,-5.5,,55.5,,ESPN Bet,1
401614616,2023,13,2023-11-25,Delaware,Lafayette,-7.5,,49.5,,ESPN Bet,1
401615819,2023,14,2023-12-02,South Dakota,Sacramento State,-4.0,,50.5,,ESPN Bet,1
401615859,2023,14,2023-12-02,Montana,Delaware,-21.0,,47.5,,ESPN Bet,1
401615860,2023,14,2023-12-02,UAlbany,Richmond,-7.5,,48.5,,ESPN Bet,1
401615899,2023,14,2023-12-02,South Dakota State,Mercer,-33.5,,47.5,,ESPN Bet,1
401615900,2023,14,2023-12-02,Montana State,North Dakota State,-3.5,,55.5,,ESPN Bet,1
401615901,2023,14,2023-12-02,Furman,Chattanooga,-5.5,,41.5,,ESPN Bet,1
401615939,2023,14,2023-12-02,Villanova,Youngstown State,-6.0,,57.5,,ESPN Bet,1
401617307,2023,15,2023-12-09,South Dakota State,Villanova,-20.5,-20.5,50.5,50.5,Bovada,2
401617308,2023,15,2023-12-09,South Dakota,North Dakota State,6.5,6.5,49.5,49.5,Bovada,2
401617309,2023,15,2023-12-09,Idaho,UAlbany,-4.5,-4.5,51.5,51.5,Bovada,2
401617310,2023,15,2023-12-08,Montana,Furman,-18.0,-17.5,44.0,45.0,Bovada,2
401618099,2023,1,2023-12-16,Montana,North Dakota State,1.5,,51.5,,ESPN Bet,1
401618179,2023,1,2023-12-15,South Dakota State,UAlbany,-17.5,,48.5,,ESPN Bet,1
401628319,2024,1,2024-08-31,Alabama,Western Kentucky,-34.0,-31.5,59.5,60.0,Bovada,3
401628320,2024,1,2024-08-29,Arkansas,Arkansas-Pine Bluff,-50.5,,60.5,,ESPN Bet,1
401628321,2024,1,2024-08-31,Auburn,Alabama A&M,-48.5,,58.5,,ESPN Bet,1
401628322,2024,1,2024-08-31,Florida,Miami,2.5,2.5,54.5,54.5,Bovada,3
401628323,2024,1,2024-08-31,Georgia,Clemson,-10.5,-13.5,49.0,49.0,Bovada,3
401628324,2024,1,2024-08-31,Kentucky,Southern Miss,-25.5,-27.0,50.0,51.5,Bovada,3
401628325,2024,1,2024-08-31,Ole Miss,Furman,-45.5,,58.5,,ESPN Bet,1
401628326,2024,1,2024-08-31,Mississippi State,Eastern Kentucky,-26.5,,61.5,,ESPN Bet,1
401628327,2024,1,2024-08-29,Missouri,Murray State,-50.5,,62.5,,ESPN Bet,1
401628328,2024,1,2024-08-30,Oklahoma,Temple,-43.0,-43.0,57.5,59.0,Bovada,3
401628329,2024,1,2024-08-31,South Carolina,Old Dominion,-20.5,-20.5,49.5,54.0,Bovada,3
401628330,2024,1,2024-08-31,Tennessee,Chattanooga,-38.5,,56.5,,ESPN Bet,1
401628331,2024,1,2024-08-31,Texas,Colorado State,-35.0,-33.5,62.5,60.0,Bovada,3
401628332,2024,1,2024-08-31,Texas A&M,Notre Dame,-3.0,-2.5,47.0,46.5,Bovada,3
401628333,2024,1,2024-08-31,Vanderbilt,Virginia Tech,13.0,13.0,49.0,53.5,Bovada,3
401628334,2024,1,2024-09-01,LSU,USC,-4.0,-4.5,67.0,63.0,Bovada,3
401628335,2024,2,2024-09-07,Alabama,South Florida,-30.5,-31.0,64.5,64.5,Bovada,3
401628336,2024,2,2024-09-07,Oklahoma State,Arkansas,-10.0,-9.5,61.0,60.5,Bovada,3
401628337,2024,2,2024-09-07,Auburn,California,-12.5,-12.5,52.5,53.5,Bovada,3
401628338,2024,2,2024-09-07,Florida,Samford,-38.5,-37.0,55.5,53.5,ESPN Bet,1
401628339,2024,2,2024-09-07,Georgia,Tennessee Tech,-54.5,-54.5,62.5,62.5,DraftKings,2
401628340,2024,2,2024-09-07,Kentucky,South Carolina,-9.5,-8.5,41.5,46.0,Bovada,3
401628341,2024,2,2024-09-07,LSU,Nicholls,-50.5,-50.5,62.0,62.0,DraftKings,2
401628342,2024,2,2024-09-07,Ole Miss,Middle Tennessee,-42.0,-40.5,61.5,62.5,Bovada,3
401628343,2024,2,2024-09-07,Arizona State,Mississippi State,-6.5,-4.5,58.5,58.5,Bovada,3
401628344,2024,2,2024-09-07,Missouri,Buffalo,-32.0,-34.0,51.5,51.0,Bovada,3
401628345,2024,2,2024-09-07,Oklahoma,Houston,-27.5,-28.0,49.5,52.5,Bovada,3
401628346,2024,2,2024-09-07,NC State,Tennessee,8.5,7.0,60.5,60.0,Bovada,3
401628347,2024,2,2024-09-07,Michigan,Texas,6.5,6.0,42.0,45.5,Bovada,3
401628348,2024,2,2024-09-07,Texas A&M,McNeese,-48.5,-48.0,56.5,55.5,ESPN Bet,1
401628349,2024,2,2024-09-07,Vanderbilt,Alcorn State,-32.5,-31.0,47.5,49.5,ESPN Bet,1
401628350,2024,3,2024-09-14,Wisconsin,Alabama,14.5,9.5,47.0,50.0,Bovada,3
401628351,2024,3,2024-09-14,Arkansas,UAB,-23.5,-24.0,61.0,60.5,Bovada,3
401628352,2024,3,2024-09-14,Auburn,New Mexico,-24.0,-28.0,58.0,60.0,Bovada,3
401628353,2024,3,2024-09-14,Florida,Texas A&M,3.0,4.0,45.5,46.5,Bovada,3
401628354,2024,3,2024-09-14,Kentucky,Georgia,22.0,23.5,45.5,44.5,Bovada,3
401628355,2024,3,2024-09-14,Wake Forest,Ole Miss,20.5,23.0,66.0,63.5,Bovada,3
401628356,2024,3,2024-09-14,Mississippi State,Toledo,-10.5,-11.5,57.5,60.0,Bovada,3
401628357,2024,3,2024-09-14,Missouri,Boston College,-14.5,-17.0,52.0,53.5,Bovada,3
401628358,2024,3,2024-09-14,Oklahoma,Tulane,-13.0,-14.0,49.0,47.5,Bovada,3
401628359,2024,3,2024-09-14,South Carolina,LSU,6.5,7.0,48.5,49.5,Bovada,3
401628360,2024,3,2024-09-14,Tennessee,Kent State,-49.5,-49.5,62.5,62.5,Bovada,3
401628361,2024,3,2024-09-14,Texas,UTSA,-35.5,-35.0,56.5,54.5,Bovada,3
401628362,2024,3,2024-09-14,Georgia State,Vanderbilt,9.0,10.0,45.0,44.0,Bovada,3
401628363,2024,4,2024-09-21,Auburn,Arkansas,-2.5,-3.5,54.0,58.0,Bovada,3
401628364,2024,4,2024-09-21,Kentucky,Ohio,-19.0,-18.5,42.0,42.5,Bovada,3
401628365,2024,4,2024-09-21,LSU,UCLA,-21.5,-23.0,56.5,56.5,Bovada,3
401628366,2024,4,2024-09-21,Ole Miss,Georgia Southern,-35.0,-35.5,68.5,64.5,Bovada,3
401628367,2024,4,2024-09-21,Mississippi State,Florida,6.5,4.5,58.0,57.0,Bovada,3
401628368,2024,4,2024-09-21,Missouri,Vanderbilt,-18.0,-21.0,52.0,53.5,Bovada,3
401628369,2024,4,2024-09-21,Oklahoma,Tennessee,6.5,-3.5,57.0,58.0,Bovada,3
401628370,2024,4,2024-09-21,South Carolina,Akron,-26.0,-27.0,41.5,47.0,Bovada,3
401628371,2024,4,2024-09-21,Texas,UL Monroe,-44.0,-45.0,53.5,53.0,Bovada,3
401628372,2024,4,2024-09-21,Texas A&M,Bowling Green,-21.5,-23.0,50.5,52.5,Bovada,3
401628373,2024,5,2024-09-28,Texas A&M,Arkansas,-6.5,-4.0,50.5,52.5,Bovada,3
401628374,2024,5,2024-09-28,Alabama,Georgia,2.0,2.0,50.0,49.5,Bovada,3
401628375,2024,5,2024-09-28,Auburn,Oklahoma,-2.0,2.0,43.0,45.0,Bovada,3
401628376,2024,5,2024-09-28,LSU,South Alabama,-21.0,-21.0,64.5,67.0,Bovada,3
401628377,2024,5,2024-09-28,Ole Miss,Kentucky,-14.5,-17.0,51.5,54.5,Bovada,3
401628378,2024,5,2024-09-28,Texas,Mississippi State,-37.0,-38.0,59.0,62.0,Bovada,3
401628379,2024,6,2024-10-05,Arkansas,Tennessee,14.0,13.5,57.0,60.0,Bovada,3
401628380,2024,6,2024-10-05,Florida,UCF,1.0,-1.0,62.0,60.0,Bovada,3
401628381,2024,6,2024-10-05,Georgia,Auburn,-21.0,-23.5,50.5,52.0,Bovada,3
401628382,2024,6,2024-10-05,South Carolina,Ole Miss,10.0,9.5,53.5,51.5,Bovada,3
401628383,2024,6,2024-10-05,Texas A&M,Missouri,-2.5,-1.5,47.5,49.5,Bovada,3
401628384,2024,6,2024-10-05,Vanderbilt,Alabama,23.0,24.0,53.5,55.0,Bovada,3
401628385,2024,7,2024-10-12,Alabama,South Carolina,-21.5,-22.0,50.0,50.5,Bovada,3
401628386,2024,7,2024-10-12,Georgia,Mississippi State,-33.0,-34.0,53.5,54.0,Bovada,3
401628387,2024,7,2024-10-12,Kentucky,Vanderbilt,-13.0,-13.5,44.5,45.5,Bovada,3
401628388,2024,7,2024-10-12,LSU,Ole Miss,4.0,3.0,64.5,64.0,Bovada,3
401628389,2024,7,2024-10-12,Massachusetts,Missouri,27.0,27.5,53.5,53.5,Bovada,3
401628390,2024,7,2024-10-12,Oklahoma,Texas,17.0,7.5,49.0,60.5,Bovada,3
401628391,2024,7,2024-10-12,Tennessee,Florida,-14.0,-15.0,55.5,54.0,Bovada,3
401628392,2024,8,2024-10-19,Arkansas,LSU,3.0,3.0,57.0,57.0,Bovada,3
401628393,2024,8,2024-10-19,Florida,Kentucky,2.5,-2.0,42.5,42.5,Bovada,3
401628394,2024,8,2024-10-19,Mississippi State,Texas A&M,21.0,15.0,55.5,55.5,Bovada,3
401628395,2024,8,2024-10-19,Missouri,Auburn,-3.5,-9.5,49.5,51.5,Bovada,3
401628396,2024,8,2024-10-19,Oklahoma,South Carolina,1.0,-3.0,40.0,40.5,Bovada,3
401628397,2024,8,2024-10-19,Tennessee,Alabama,3.5,3.0,57.5,56.0,Bovada,3
401628398,2024,8,2024-10-19,Texas,Georgia,-4.0,-3.5,57.0,56.5,Bovada,3
401628399,2024,8,2024-10-19,Vanderbilt,Ball State,-27.5,-24.5,57.5,58.5,Bovada,3
401628400,2024,9,2024-10-26,Alabama,Missouri,-15.5,-13.5,51.5,56.0,Bovada,3
401628401,2024,9,2024-10-26,Kentucky,Auburn,-2.0,-2.0,43.5,43.5,Bovada,3
401628402,2024,9,2024-10-26,Ole Miss,Oklahoma,-19.5,-20.5,50.0,48.0,Bovada,3
401628403,2024,9,2024-10-26,Mississippi State,Arkansas,7.5,7.0,55.0,58.0,Bovada,3
401628404,2024,9,2024-10-26,Texas A&M,LSU,-2.0,-3.5,54.5,54.5,Bovada,3
401628405,2024,9,2024-10-26,Vanderbilt,Texas,17.0,17.5,50.5,53.0,Bovada,3
401628406,2024,10,2024-11-02,Arkansas,Ole Miss,8.5,6.5,54.0,55.0,Bovada,3
401628407,2024,10,2024-11-02,Auburn,Vanderbilt,-8.5,-6.0,48.0,48.0,Bovada,3
401628408,2024,10,2024-11-02,Georgia,Florida,-15.0,-16.0,52.5,52.0,Bovada,3
401628409,2024,10,2024-11-02,Mississippi State,Massachusetts,-19.5,-17.5,59.0,58.5,Bovada,3
401628410,2024,10,2024-11-02,Oklahoma,Maine,-37.5,,48.5,44.0,DraftKings,2
401628411,2024,10,2024-11-02,South Carolina,Texas A&M,3.0,3.5,43.5,46.0,Bovada,3
401628412,2024,10,2024-11-02,Tennessee,Kentucky,-17.5,-16.0,45.5,45.5,Bovada,3
401628413,2024,11,2024-11-09,LSU,Alabama,3.0,3.0,58.5,58.5,Bovada,3
401628414,2024,11,2024-11-09,Ole Miss,Georgia,2.0,2.5,55.5,55.0,Bovada,3
401628415,2024,11,2024-11-09,Missouri,Oklahoma,3.5,-2.5,42.5,42.5,Bovada,3
401628416,2024,11,2024-11-09,Tennessee,Mississippi State,-26.5,-24.0,61.5,61.0,Bovada,3
401628417,2024,11,2024-11-09,Texas,Florida,-22.0,-21.5,49.0,47.5,Bovada,3
401628418,2024,11,2024-11-09,Vanderbilt,South Carolina,6.0,3.5,44.5,46.0,Bovada,3
401628419,2024,12,2024-11-16,Arkansas,Texas,12.0,15.0,57.5,57.5,Bovada,3
401628420,2024,12,2024-11-16,Florida,LSU,3.0,5.0,56.5,55.0,Bovada,3
401628421,2024,12,2024-11-16,Georgia,Tennessee,-9.5,-9.5,47.0,48.0,Bovada,3
401628422,2024,12,2024-11-16,Kentucky,Murray State,-41.5,,54.5,49.5,DraftKings,2
401628423,2024,12,2024-11-16,South Carolina,Missouri,-10.5,-13.0,43.0,44.5,Bovada,3
401628424,2024,12,2024-11-16,Texas A&M,New Mexico State,-39.5,-40.0,54.0,55.5,Bovada,3
401628425,2024,12,2024-11-16,Alabama,Mercer,-42.0,,58.5,58.0,DraftKings,2
401628426,2024,12,2024-11-16,Auburn,UL Monroe,-24.5,-23.0,46.0,45.5,Bovada,3
401628427,2024,13,2024-11-23,Arkansas,Louisiana Tech,-23.5,-21.5,48.5,50.0,Bovada,3
401628428,2024,13,2024-11-23,Auburn,Texas A&M,2.5,2.0,47.0,46.5,Bovada,3
401628429,2024,13,2024-11-23,Florida,Ole Miss,12.5,9.5,55.5,55.0,Bovada,3
401628430,2024,13,2024-11-23,Georgia,Massachusetts,-42.0,-43.5,55.5,56.0,Bovada,3
401628431,2024,13,2024-11-23,LSU,Vanderbilt,-9.5,-8.5,52.5,54.5,Bovada,3
401628432,2024,13,2024-11-23,Mississippi State,Missouri,9.5,7.5,57.5,57.5,Bovada,3
401628433,2024,13,2024-11-23,Oklahoma,Alabama,13.5,14.0,46.5,47.5,Bovada,3
401628434,2024,13,2024-11-23,South Carolina,Wofford,-42.5,-42.5,49.5,,DraftKings,2
401628435,2024,13,2024-11-23,Tennessee,UTEP,-41.5,-41.0,53.0,53.0,Bovada,3
401628436,2024,13,2024-11-23,Texas,Kentucky,-19.0,-20.5,47.0,47.0,Bovada,3
401628437,2024,14,2024-11-30,Alabama,Auburn,-11.0,-14.0,51.0,52.0,Bovada,3
401628438,2024,14,2024-11-30,Florida State,Florida,17.0,14.5,46.0,45.5,Bovada,3
401628439,2024,14,2024-11-29,Georgia,Georgia Tech,-17.5,-19.5,49.5,54.5,Bovada,3
401628440,2024,14,2024-11-30,Kentucky,Louisville,4.0,3.5,49.5,48.5,Bovada,3
401628441,2024,14,2024-11-30,LSU,Oklahoma,-6.0,-5.5,48.0,47.0,Bovada,3
401628442,2024,14,2024-11-29,Ole Miss,Mississippi State,-26.0,-26.0,62.0,61.5,Bovada,3
401628443,2024,14,2024-11-30,Missouri,Arkansas,-3.0,-3.5,51.0,54.5,Bovada,3
401628444,2024,14,2024-11-30,Clemson,South Carolina,-2.5,-2.5,49.0,49.0,Bovada,3
401628445,2024,14,2024-11-30,Texas A&M,Texas,4.5,5.5,50.0,48.5,Bovada,3
401628446,2024,14,2024-11-30,Vanderbilt,Tennessee,10.5,10.5,47.0,48.5,Bovada,3
401628448,2024,1,2024-08-29,Minnesota,North Carolina,2.0,-2.5,52.5,51.0,Bovada,3
401628449,2024,1,2024-08-31,Indiana,Florida International,-25.5,-21.0,51.0,51.0,Bovada,3
401628451,2024,1,2024-08-31,Maryland,UConn,-19.0,-20.0,45.5,47.5,Bovada,3
401628452,2024,1,2024-08-31,Michigan,Fresno State,-21.0,-21.0,45.0,47.5,Bovada,2
401628453,2024,1,2024-08-30,Michigan State,Florida Atlantic,-12.0,-11.5,45.0,46.5,Bovada,3
401628454,2024,1,2024-08-31,Nebraska,UTEP,-27.5,-27.0,48.5,48.5,Bovada,2
401628455,2024,1,2024-08-31,Ohio State,Akron,-49.5,-50.5,56.0,58.0,Bovada,3
401628457,2024,1,2024-08-31,West Virginia,Penn State,7.5,10.0,48.0,51.0,Bovada,3
401628458,2024,1,2024-08-29,Rutgers,Howard,-38.5,,51.5,,ESPN Bet,1
401628459,2024,1,2024-08-31,Hawai'i,UCLA,13.5,13.0,52.0,55.0,Bovada,3
401628460,2024,1,2024-08-31,Washington,Weber State,-29.0,,51.5,,ESPN Bet,1
401628461,2024,1,2024-08-30,Wisconsin,Western Michigan,-24.0,-24.0,57.0,56.5,Bovada,3
401628462,2024,2,2024-09-07,Illinois,Kansas,5.5,5.5,58.5,55.0,Bovada,3
401628463,2024,2,2024-09-06,Indiana,Western Illinois,-44.5,-42.5,52.5,52.5,ESPN Bet,1
401628464,2024,2,2024-09-07,Iowa,Iowa State,-3.0,-3.0,36.0,36.0,Bovada,3
401628465,2024,2,2024-09-07,Maryland,Michigan State,-8.0,-9.0,44.5,43.5,Bovada,3
401628466,2024,2,2024-09-07,Minnesota,Rhode Island,-27.5,-24.5,47.5,47.5,ESPN Bet,1
401628467,2024,2,2024-09-07,Nebraska,Colorado,-6.5,-7.0,55.0,56.5,Bovada,3
401628468,2024,2,2024-09-07,Ohio State,Western Michigan,-37.0,-39.0,54.5,54.0,Bovada,3
401628469,2024,2,2024-09-07,Oregon,Boise State,-18.0,-18.0,61.5,62.5,Bovada,3
401628470,2024,2,2024-09-07,Penn State,Bowling Green,-34.0,-32.0,51.5,49.0,Bovada,3
401628471,2024,2,2024-09-07,Rutgers,Akron,-24.5,-23.0,42.0,41.0,Bovada,2
401628472,2024,2,2024-09-07,USC,Utah State,-29.5,-27.0,64.0,61.5,Bovada,3
401628473,2024,2,2024-09-07,Washington,Eastern Michigan,-24.5,-24.0,49.0,47.0,Bovada,3
401628474,2024,2,2024-09-07,Wisconsin,South Dakota,-17.5,-19.5,44.5,47.5,ESPN Bet,1
401628475,2024,3,2024-09-14,Illinois,Central Michigan,-21.0,-19.5,50.0,50.0,Bovada,3
401628476,2024,3,2024-09-14,UCLA,Indiana,3.5,3.5,46.5,46.0,Bovada,3
401628477,2024,3,2024-09-14,Iowa,Troy,-24.0,-22.5,39.0,39.5,Bovada,3
401628478,2024,3,2024-09-14,Virginia,Maryland,-3.0,2.5,55.5,57.0,Bovada,3
401628479,2024,3,2024-09-14,Michigan,Arkansas State,-21.5,-23.5,47.5,47.5,Bovada,3
401628480,2024,3,2024-09-14,Michigan State,Prairie View A&M,-42.5,-40.5,53.5,50.5,ESPN Bet,1
401628481,2024,3,2024-09-14,Minnesota,Nevada,-17.0,-17.5,44.0,43.5,Bovada,3
401628482,2024,3,2024-09-14,Nebraska,Northern Iowa,,,,,DraftKings,2
401628483,2024,3,2024-09-14,Oregon State,Oregon,19.0,16.0,50.0,50.5,Bovada,3
401628484,2024,3,2024-09-14,Washington,Washington State,-6.0,-5.5,54.0,56.5,Bovada,3
401628485,2024,4,2024-09-20,Nebraska,Illinois,-8.0,-9.0,42.0,43.0,Bovada,3
401628486,2024,4,2024-09-21,Indiana,Charlotte,-28.5,-28.0,50.0,48.5,Bovada,3
401628487,2024,4,2024-09-21,Minnesota,Iowa,3.0,2.5,35.0,36.0,Bovada,3
401628488,2024,4,2024-09-21,Maryland,Villanova,-22.0,,47.5,43.5,DraftKings,2
401628489,2024,4,2024-09-21,Michigan,USC,4.0,5.5,44.5,46.5,Bovada,3
401628490,2024,4,2024-09-21,Boston College,Michigan State,-4.5,-6.0,45.5,46.0,Bovada,3
401628491,2024,4,2024-09-21,Washington,Northwestern,-12.0,-10.0,43.0,43.0,Bovada,3
401628492,2024,4,2024-09-21,Ohio State,Marshall,-39.0,-40.0,51.5,51.0,Bovada,3
401628493,2024,4,2024-09-21,Penn State,Kent State,-48.5,-48.5,57.5,54.5,Bovada,3
401628494,2024,4,2024-09-21,Virginia Tech,Rutgers,-3.0,-4.5,45.0,46.0,Bovada,2
401628495,2024,5,2024-09-28,Penn State,Illinois,-19.0,-18.5,48.5,47.5,Bovada,3
401628496,2024,5,2024-09-28,Indiana,Maryland,-7.5,-6.5,49.5,55.0,Bovada,3
401628497,2024,5,2024-09-28,Michigan,Minnesota,-10.5,-9.0,34.5,38.0,Bovada,3
401628498,2024,5,2024-09-28,Michigan State,Ohio State,23.5,24.0,48.5,48.5,Bovada,3
401628499,2024,5,2024-09-28,Purdue,Nebraska,10.0,9.5,47.0,48.5,Bovada,3
401628500,2024,5,2024-09-28,UCLA,Oregon,23.5,24.5,54.0,55.5,Bovada,3
401628501,2024,5,2024-09-27,Rutgers,Washington,-1.0,-3.0,45.5,45.5,Bovada,2
401628502,2024,5,2024-09-28,USC,Wisconsin,-13.5,-16.0,50.0,51.0,Bovada,3
401628503,2024,6,2024-10-05,Northwestern,Indiana,12.5,13.5,40.5,42.5,Bovada,3
401628504,2024,6,2024-10-05,Ohio State,Iowa,-17.0,-20.5,46.0,44.5,Bovada,3
401628505,2024,6,2024-10-05,Washington,Michigan,-1.5,-3.0,39.5,41.0,Bovada,3
401628506,2024,6,2024-10-04,Oregon,Michigan State,-22.5,-24.0,53.0,52.5,Bovada,3
401628507,2024,6,2024-10-05,Minnesota,USC,8.5,8.5,45.5,52.0,Bovada,3
401628508,2024,6,2024-10-05,Nebraska,Rutgers,-7.0,-7.0,39.5,44.0,Bovada,2
401628509,2024,6,2024-10-05,Wisconsin,Purdue,-12.0,-14.0,44.5,47.0,Bovada,3
401628510,2024,6,2024-10-05,Penn State,UCLA,-29.5,-28.5,47.5,45.0,Bovada,3
401628511,2024,7,2024-10-12,Illinois,Purdue,-23.0,-19.0,47.0,50.5,Bovada,3
401628512,2024,7,2024-10-12,Iowa,Washington,-3.0,-3.5,41.5,41.5,Bovada,3
401628513,2024,7,2024-10-11,Maryland,Northwestern,-11.0,-9.5,45.5,45.5,Bovada,3
401628514,2024,7,2024-10-12,UCLA,Minnesota,3.5,5.0,39.0,40.0,Bovada,3
401628515,2024,7,2024-10-12,Oregon,Ohio State,3.5,4.0,54.5,52.5,Bovada,3
401628516,2024,7,2024-10-12,USC,Penn State,4.0,5.0,52.0,47.5,Bovada,3
401628517,2024,7,2024-10-12,Rutgers,Wisconsin,-1.0,-2.5,43.5,40.0,Bovada,2
401628518,2024,8,2024-10-19,Illinois,Michigan,6.0,1.5,44.0,44.0,Bovada,3
401628519,2024,8,2024-10-19,Indiana,Nebraska,-6.5,-6.0,48.5,51.5,Bovada,3
401628520,2024,8,2024-10-19,Michigan State,Iowa,6.5,6.0,39.5,41.5,Bovada,3
401628521,2024,8,2024-10-19,Maryland,USC,7.0,7.0,56.0,57.0,Bovada,3
401628522,2024,8,2024-10-19,Northwestern,Wisconsin,9.5,7.0,42.5,41.5,Bovada,3
401628523,2024,8,2024-10-18,Purdue,Oregon,29.5,28.0,61.0,57.5,Bovada,3
401628524,2024,8,2024-10-19,Rutgers,UCLA,-4.0,-6.5,42.5,41.0,Bovada,2
401628525,2024,9,2024-10-26,Oregon,Illinois,-22.5,-21.0,54.0,53.5,Bovada,3
401628526,2024,9,2024-10-26,Indiana,Washington,-5.5,-7.0,54.0,53.0,Bovada,3
401628527,2024,9,2024-10-26,Iowa,Northwestern,-16.5,-14.0,38.5,38.0,Bovada,3
401628528,2024,9,2024-10-26,Minnesota,Maryland,-6.0,-4.5,45.0,45.5,Bovada,3
401628529,2024,9,2024-10-26,Michigan,Michigan State,-3.0,-4.0,39.0,40.5,Bovada,3
401628530,2024,9,2024-10-26,Ohio State,Nebraska,-25.0,-25.5,49.0,49.0,Bovada,3
401628531,2024,9,2024-10-26,Wisconsin,Penn State,6.0,6.0,47.5,47.5,Bovada,3
401628532,2024,9,2024-10-25,USC,Rutgers,-14.0,-14.5,57.0,56.0,Bovada,2
401628533,2024,10,2024-11-02,Illinois,Minnesota,3.0,2.5,47.0,45.5,Bovada,3
401628534,2024,10,2024-11-02,Michigan State,Indiana,7.5,6.5,53.5,51.0,Bovada,3
401628535,2024,10,2024-11-02,Iowa,Wisconsin,-2.5,-4.0,40.5,42.5,Bovada,3
401628536,2024,10,2024-11-02,Michigan,Oregon,14.5,16.0,45.0,45.0,Bovada,3
401628537,2024,10,2024-11-02,Nebraska,UCLA,-7.5,-7.0,38.5,41.0,Bovada,3
401628538,2024,10,2024-11-02,Purdue,Northwestern,-2.5,1.5,44.0,47.0,Bovada,3
401628539,2024,10,2024-11-02,Penn State,Ohio State,3.0,4.0,47.5,47.0,Bovada,3
401628540,2024,10,2024-11-02,Washington,USC,2.0,2.5,55.0,55.5,Bovada,3
401628541,2024,11,2024-11-09,Indiana,Michigan,-14.5,-14.0,47.5,49.0,Bovada,3
401628542,2024,11,2024-11-08,UCLA,Iowa,6.5,6.0,45.5,44.5,Bovada,3
401628543,2024,11,2024-11-09,Oregon,Maryland,-24.0,-25.0,58.0,57.5,Bovada,3
401628544,2024,11,2024-11-09,Rutgers,Minnesota,6.5,6.0,44.5,47.0,Bovada,2
401628545,2024,11,2024-11-09,Ohio State,Purdue,-37.0,-38.0,56.0,54.0,Bovada,3
401628546,2024,11,2024-11-09,Penn State,Washington,-13.5,-13.5,48.0,46.0,Bovada,3
401628547,2024,12,2024-11-16,Illinois,Michigan State,-2.0,-3.5,48.0,47.0,Bovada,3
401628548,2024,12,2024-11-16,Maryland,Rutgers,-4.5,-4.0,54.5,51.0,Bovada,2
401628549,2024,12,2024-11-16,USC,Nebraska,-6.5,-8.5,50.5,50.0,Bovada,3
401628550,2024,12,2024-11-16,Northwestern,Ohio State,28.5,31.0,44.5,45.0,Bovada,3
401628551,2024,12,2024-11-16,Wisconsin,Oregon,13.5,14.5,50.5,52.5,Bovada,3
401628552,2024,12,2024-11-16,Purdue,Penn State,30.0,28.0,51.5,51.0,Bovada,3
401628553,2024,12,2024-11-15,Washington,UCLA,-5.0,-3.5,47.0,47.5,Bovada,3
401628554,2024,13,2024-11-23,Rutgers,Illinois,-2.0,-2.0,48.0,48.0,Bovada,2
401628555,2024,13,2024-11-23,Ohio State,Indiana,-10.5,-11.0,52.5,52.5,Bovada,3
401628556,2024,13,2024-11-23,Maryland,Iowa,4.0,6.5,42.0,46.5,Bovada,3
401628557,2024,13,2024-11-23,Michigan,Northwestern,-10.5,-12.0,35.0,38.0,Bovada,3
401628558,2024,13,2024-11-22,Michigan State,Purdue,-14.0,-13.0,48.0,48.5,Bovada,3
401628559,2024,13,2024-11-23,Minnesota,Penn State,11.0,11.0,45.0,45.0,Bovada,3
401628560,2024,13,2024-11-23,Nebraska,Wisconsin,-1.0,-2.5,40.5,42.5,Bovada,3
401628561,2024,13,2024-11-23,UCLA,USC,4.5,5.0,52.5,51.5,Bovada,3
401628562,2024,14,2024-11-29,Iowa,Nebraska,-3.0,-5.5,41.0,39.5,Bovada,3
401628563,2024,14,2024-11-30,Northwestern,Illinois,9.0,7.5,43.5,44.0,Bovada,3
401628564,2024,14,2024-11-30,Indiana,Purdue,-29.0,-28.0,56.5,56.5,Bovada,3
401628565,2024,14,2024-11-30,Penn State,Maryland,-25.5,-24.5,50.0,50.5,Bovada,3
401628566,2024,14,2024-11-30,Ohio State,Michigan,-20.0,-20.5,42.0,43.0,Bovada,3
401628567,2024,14,2024-11-30,Michigan State,Rutgers,-1.5,-1.0,46.5,48.0,Bovada,2
401628568,2024,14,2024-11-29,Wisconsin,Minnesota,1.0,-2.0,41.0,43.5,Bovada,3
401628569,2024,14,2024-11-30,Oregon,Washington,-17.5,-18.5,51.0,50.5,Bovada,3
401628570,2024,14,2024-11-30,UCLA,Fresno State,-7.5,-9.5,46.5,46.5,Bovada,3
401628571,2024,14,2024-11-30,USC,Notre Dame,7.0,7.0,52.5,51.0,Bovada,3
401628572,2024,13,2024-11-23,Oregon State,Washington State,11.0,12.5,56.5,56.5,Bovada,3
401628579,2024,1,2024-08-29,Delaware,Bryant,-18.5,,55.5,,ESPN Bet,1
401628580,2024,1,2024-08-29,Villanova,Youngstown State,-11.5,,54.5,,ESPN Bet,1
401628582,2024,1,2024-08-29,UCF,New Hampshire,-38.5,,58.5,,ESPN Bet,1
401628583,2024,1,2024-08-29,Eastern Washington,Monmouth,-14.5,,63.5,,ESPN Bet,1
401628584,2024,1,2024-08-30,Duke,Elon,-24.5,,47.5,,ESPN Bet,1
401628585,2024,1,2024-08-31,UAlbany,Long Island University,-23.5,,48.5,,ESPN Bet,1
401628586,2024,1,2024-08-31,Liberty,Campbell,-41.5,,58.5,,ESPN Bet,1
401628588,2024,1,2024-08-31,Rhode Island,Holy Cross,-2.5,,54.5,,ESPN Bet,1
401628590,2024,1,2024-08-31,Marshall,Stony Brook,-32.5,,56.5,,ESPN Bet,1
401628591,2024,1,2024-08-31,Cincinnati,Towson,-33.5,,56.5,,ESPN Bet,1
401628592,2024,1,2024-08-29,William & Mary,VMI,-17.5,,44.5,,ESPN Bet,1
401628593,2024,2,2024-09-07,West Virginia,UAlbany,-38.5,-33.5,53.5,52.5,ESPN Bet,1
401628594,2024,2,2024-09-07,Western Carolina,Campbell,-14.0,,62.5,,ESPN Bet,1
401628595,2024,2,2024-09-07,North Carolina Central,Elon,7.0,,52.5,,ESPN Bet,1
401628597,2024,2,2024-09-07,Montana State,Maine,-30.5,,52.5,,ESPN Bet,1
401628598,2024,2,2024-09-07,Holy Cross,New Hampshire,-3.0,,54.5,,ESPN Bet,1
401628599,2024,2,2024-09-07,Richmond,Wofford,-17.5,,48.5,,ESPN Bet,1
401628600,2024,2,2024-09-07,Stony Brook,Stonehill,-10.5,,50.5,,ESPN Bet,1
401628601,2024,2,2024-09-07,Towson,Morgan State,-11.0,,48.5,,ESPN Bet,1
401628602,2024,2,2024-09-07,Colgate,Villanova,19.0,,49.5,,ESPN Bet,1
401628603,2024,2,2024-09-07,Coastal Carolina,William & Mary,-17.5,-14.5,,55.5,ESPN Bet,1
401628607,2024,3,2024-09-14,Maine,Monmouth,-2.5,,55.5,,ESPN Bet,1
401628609,2024,3,2024-09-14,North Carolina A&T,Delaware,14.0,,49.5,,ESPN Bet,1
401628610,2024,3,2024-09-14,Villanova,Towson,-19.5,,50.5,,ESPN Bet,1
401628611,2024,3,2024-09-14,Wofford,William & Mary,9.5,,45.5,,ESPN Bet,1
401628612,2024,3,2024-09-14,Elon,Western Carolina,-6.0,,54.5,,ESPN Bet,1
401628613,2024,3,2024-09-14,Norfolk State,Hampton,-2.5,,50.5,,ESPN Bet,1
401628614,2024,3,2024-09-14,New Hampshire,Stonehill,-27.5,,52.5,,ESPN Bet,1
401628615,2024,3,2024-09-14,Richmond,Charleston Southern,-13.5,,46.5,,ESPN Bet,1
401628616,2024,3,2024-09-14,Fordham,Stony Brook,-9.5,,52.5,,ESPN Bet,1
401628617,2024,3,2024-09-14,Idaho,UAlbany,-15.0,,43.5,,ESPN Bet,1
401628618,2024,3,2024-09-14,Bryant,Holy Cross,11.5,,54.5,,ESPN Bet,1
401628620,2024,4,2024-09-21,Campbell,Stony Brook,-7.5,,50.5,,ESPN Bet,1
401628621,2024,4,2024-09-21,Delaware,Pennsylvania,-13.0,,51.5,,ESPN Bet,1
401628622,2024,4,2024-09-21,Elon,East Tennessee State,-7.5,,48.5,,ESPN Bet,1
401628623,2024,4,2024-09-21,Hampton,Howard,-4.0,,55.5,,ESPN Bet,1
401628624,2024,4,2024-09-21,Merrimack,Maine,-0.5,,48.5,,ESPN Bet,1
401628625,2024,4,2024-09-21,Florida International,Monmouth,-12.5,-13.5,59.5,58.5,ESPN Bet,1
401628627,2024,4,2024-09-21,Long Island University,Rhode Island,10.5,,47.5,,ESPN Bet,1
401628628,2024,4,2024-09-21,Delaware State,Richmond,23.5,,47.5,,ESPN Bet,1
401628629,2024,4,2024-09-21,North Dakota State,Towson,-25.0,,53.5,,ESPN Bet,1
401628630,2024,4,2024-09-21,William & Mary,Furman,-10.0,,47.5,,ESPN Bet,1
401628631,2024,5,2024-09-28,UAlbany,Maine,-10.0,,51.5,,ESPN Bet,1
401628632,2024,5,2024-09-28,Elon,Richmond,0.0,,46.5,,ESPN Bet,1
401628633,2024,5,2024-09-28,William & Mary,Hampton,-14.0,,52.5,,ESPN Bet,1
401628634,2024,5,2024-09-28,Campbell,Delaware State,-18.0,,51.5,,ESPN Bet,1
401628635,2024,5,2024-09-28,Delaware,Sacred Heart,-31.0,,47.5,,ESPN Bet,1
401628636,2024,5,2024-09-28,Monmouth,Fordham,-16.0,,54.5,,ESPN Bet,1
401628637,2024,5,2024-09-28,South Carolina State,North Carolina A&T,-3.5,,46.5,,ESPN Bet,1
401628638,2024,5,2024-09-28,Stony Brook,Morgan State,-2.5,,41.5,,ESPN Bet,1
401628639,2024,5,2024-09-28,Villanova,Long Island University,-24.0,,48.5,,ESPN Bet,1
401628640,2024,6,2024-10-05,Monmouth,Delaware,5.5,,63.5,,ESPN Bet,1
401628641,2024,6,2024-10-05,Hampton,Rhode Island,7.5,,50.5,,ESPN Bet,1
401628642,2024,6,2024-10-05,Richmond,North Carolina A&T,-22.5,,50.5,,ESPN Bet,1
401628643,2024,6,2024-10-05,Stony Brook,Villanova,16.5,,45.5,,ESPN Bet,1
401628644,2024,6,2024-10-05,Towson,William & Mary,4.5,,51.5,,ESPN Bet,1
401628645,2024,6,2024-10-05,Cornell,UAlbany,-2.0,,51.5,,ESPN Bet,1
401628646,2024,6,2024-10-05,Brown,Bryant,-13.0,,58.5,,ESPN Bet,1
401628647,2024,6,2024-10-05,Campbell,North Carolina Central,4.5,,58.5,,ESPN Bet,1
401628649,2024,7,2024-10-12,Bryant,UAlbany,7.0,,54.5,,ESPN Bet,1
401628650,2024,7,2024-10-12,Delaware,Maine,-19.5,,55.5,,ESPN Bet,1
401628651,2024,7,2024-10-12,Elon,New Hampshire,-1.0,,51.5,,ESPN Bet,1
401628652,2024,7,2024-10-12,Norfolk State,Towson,18.0,,48.5,,ESPN Bet,1
401628653,2024,7,2024-10-12,Rhode Island,Brown,-3.5,,57.5,,ESPN Bet,1
401628654,2024,8,2024-10-19,William & Mary,Campbell,-17.0,,57.5,,ESPN Bet,1
401628655,2024,8,2024-10-19,Maine,Villanova,13.5,,50.5,,ESPN Bet,1
401628656,2024,8,2024-10-19,North Carolina A&T,Hampton,1.5,,58.5,,ESPN Bet,1
401628657,2024,8,2024-10-19,Towson,Stony Brook,-10.0,,52.5,,ESPN Bet,1
401628658,2024,8,2024-10-19,Richmond,Delaware,10.5,,54.5,,ESPN Bet,1
401628659,2024,8,2024-10-19,New Hampshire,Rhode Island,-5.0,,51.5,,ESPN Bet,1
401628661,2024,8,2024-10-19,UAlbany,Elon,-2.5,,45.5,,ESPN Bet,1
401628662,2024,9,2024-10-26,Delaware,UAlbany,-14.0,,54.5,,ESPN Bet,1
401628663,2024,9,2024-10-26,Bryant,Richmond,16.0,,52.5,,ESPN Bet,1
401628664,2024,9,2024-10-26,Campbell,North Carolina A&T,-10.0,,57.5,,ESPN Bet,1
401628665,2024,9,2024-10-26,Hampton,Elon,7.0,,51.5,,ESPN Bet,1
401628666,2024,9,2024-10-26,Rhode Island,Maine,-4.5,,49.5,,ESPN Bet,1
401628667,2024,9,2024-10-26,Monmouth,Towson,-9.5,,62.5,,ESPN Bet,1
401628668,2024,9,2024-10-26,Villanova,New Hampshire,-8.5,,46.5,,ESPN Bet,1
401628669,2024,9,2024-10-26,Stony Brook,William & Mary,7.5,,52.5,,ESPN Bet,1
401628670,2024,10,2024-11-02,North Carolina A&T,William & Mary,16.5,,55.5,,ESPN Bet,1
401628671,2024,10,2024-11-02,Hampton,Villanova,8.5,,51.5,,ESPN Bet,1
401628673,2024,10,2024-11-02,Bryant,Stony Brook,14.0,,54.5,,ESPN Bet,1
401628674,2024,10,2024-11-02,Rhode Island,Monmouth,2.0,,60.5,,ESPN Bet,1
401628675,2024,10,2024-11-02,UAlbany,New Hampshire,-0.5,,45.5,,ESPN Bet,1
401628677,2024,11,2024-11-09,Stony Brook,UAlbany,-2.5,,48.5,,ESPN Bet,1
401628678,2024,11,2024-11-09,Maine,Bryant,-13.5,,57.5,,ESPN Bet,1
401628679,2024,11,2024-11-09,Campbell,Richmond,9.5,,52.5,,ESPN Bet,1
401628680,2024,11,2024-11-09,Delaware,Rhode Island,-6.0,,54.5,,ESPN Bet,1
401628681,2024,11,2024-11-09,William & Mary,Elon,-7.5,,49.5,,ESPN Bet,1
401628682,2024,11,2024-11-09,Towson,Hampton,-5.5,,55.5,,ESPN Bet,1
401628683,2024,11,2024-11-09,New Hampshire,Monmouth,1.5,,56.5,,ESPN Bet,1
401628684,2024,11,2024-11-09,Villanova,North Carolina A&T,-25.5,,49.5,,ESPN Bet,1
401628685,2024,12,2024-11-16,Hampton,Richmond,7.0,,49.5,,ESPN Bet,1
401628686,2024,12,2024-11-16,Monmouth,Villanova,3.0,,52.5,,ESPN Bet,1
401628687,2024,12,2024-11-16,Elon,Maine,-4.0,,51.5,,ESPN Bet,1
401628688,2024,12,2024-11-16,Towson,North Carolina A&T,-22.0,,48.5,,ESPN Bet,1
401628689,2024,12,2024-11-16,Rhode Island,UAlbany,-13.0,,46.5,,ESPN Bet,1
401628690,2024,12,2024-11-16,William & Mary,Bryant,-21.0,,57.5,,ESPN Bet,1
401628691,2024,12,2024-11-16,Delaware,Campbell,-16.5,,49.5,,ESPN Bet,1
401628692,2024,12,2024-11-16,New Hampshire,Stony Brook,-5.5,,46.5,,ESPN Bet,1
401628693,2024,13,2024-11-23,Maine,New Hampshire,3.0,,45.5,,ESPN Bet,1
401628694,2024,13,2024-11-23,Villanova,Delaware,1.5,,46.5,,ESPN Bet,1
401628695,2024,13,2024-11-23,Richmond,William & Mary,-5.5,,49.5,,ESPN Bet,1
401628696,2024,13,2024-11-23,North Carolina A&T,Elon,17.0,,47.5,,ESPN Bet,1
401628697,2024,13,2024-11-23,Stony Brook,Monmouth,3.0,,59.5,,ESPN Bet,1
401628698,2024,13,2024-11-23,UAlbany,Hampton,-3.0,,44.5,,ESPN Bet,1
401628699,2024,13,2024-11-23,Bryant,Rhode Island,12.0,,45.5,,ESPN Bet,1
401628700,2024,13,2024-11-23,Campbell,Towson,4.5,,50.5,,ESPN Bet,1
401628977,2024,2,2024-09-07,Notre Dame,Northern Illinois,-28.0,-30.0,47.5,46.0,Bovada,3
401628978,2024,3,2024-09-14,Purdue,Notre Dame,7.0,10.5,47.0,45.0,Bovada,3
401628979,2024,4,2024-09-21,Notre Dame,Miami (OH),-27.0,-27.0,44.0,44.0,Bovada,3
401628980,2024,5,2024-09-28,Notre Dame,Louisville,-6.5,-6.5,45.0,47.5,Bovada,3
401628981,2024,7,2024-10-12,Notre Dame,Stanford,-22.5,-23.0,45.0,46.0,Bovada,3
401628982,2024,8,2024-10-19,Georgia Tech,Notre Dame,14.0,8.5,50.0,50.0,Bovada,3
401628983,2024,9,2024-10-26,Navy,Notre Dame,14.0,12.5,50.5,51.5,Bovada,3
401628984,2024,11,2024-11-09,Notre Dame,Florida State,-25.5,-26.0,44.0,42.5,Bovada,3
401628985,2024,12,2024-11-16,Notre Dame,Virginia,-21.5,-23.0,51.0,50.5,Bovada,3
401629030,2024,3,2024-09-14,Duke,UConn,-16.0,-17.5,46.5,47.0,Bovada,3
401629031,2024,4,2024-09-21,UConn,Florida Atlantic,-1.0,,46.0,,Bovada,3
401629032,2024,5,2024-09-28,UConn,Buffalo,-6.0,-5.0,44.5,44.5,Bovada,3
401629033,2024,6,2024-10-05,UConn,Temple,-17.5,-14.0,49.5,50.0,Bovada,3
401629034,2024,8,2024-10-19,UConn,Wake Forest,2.5,-2.0,55.5,58.0,Bovada,3
401629035,2024,9,2024-10-26,UConn,Rice,-6.5,-6.0,47.0,47.0,Bovada,3
401629036,2024,10,2024-11-01,UConn,Georgia State,-7.0,-7.0,48.0,48.5,Bovada,3
401629037,2024,11,2024-11-09,UAB,UConn,7.5,6.0,54.0,56.5,Bovada,3
401629038,2024,14,2024-11-30,Massachusetts,UConn,10.5,10.0,49.5,50.0,Bovada,3
401629039,2024,1,2024-08-31,Massachusetts,Eastern Michigan,-2.5,-1.0,51.0,49.0,Bovada,3
401629040,2024,2,2024-09-07,Toledo,Massachusetts,-17.5,-19.5,51.0,50.5,Bovada,3
401629041,2024,3,2024-09-14,Buffalo,Massachusetts,-3.5,-4.0,46.0,44.5,Bovada,3
401629042,2024,4,2024-09-21,Massachusetts,Central Connecticut,-19.5,,52.0,52.5,DraftKings,2
401629043,2024,5,2024-09-28,Miami (OH),Massachusetts,-14.5,-17.5,44.5,46.0,Bovada,3
401629044,2024,6,2024-10-05,Northern Illinois,Massachusetts,-14.0,-17.0,41.0,45.0,Bovada,3
401629045,2024,11,2024-11-09,North Texas,Army,6.5,5.5,68.0,63.0,Bovada,3
401629046,2024,12,2024-11-16,Massachusetts,Liberty,14.5,14.0,52.0,53.0,Bovada,3
401632062,2024,1,2024-08-31,Louisville,Austin Peay,-38.5,,54.5,,ESPN Bet,1
401632066,2024,1,2024-08-31,Utah Tech,Montana State,30.5,,62.5,,ESPN Bet,1
401632068,2024,2,2024-09-07,Western Kentucky,Eastern Kentucky,-18.5,-20.5,59.5,59.5,ESPN Bet,1
401632069,2024,2,2024-09-07,Lindenwood,Central Arkansas,20.5,,54.5,,ESPN Bet,1
401632070,2024,2,2024-09-07,Austin Peay,Southern Illinois,9.5,,51.5,,ESPN Bet,1
401632071,2024,2,2024-09-07,UNLV,Utah Tech,-41.5,,55.5,54.5,ESPN Bet,1
401632072,2024,2,2024-09-07,UTEP,Southern Utah,-6.5,-6.5,54.5,51.5,ESPN Bet,1
401632073,2024,3,2024-09-14,Central Arkansas,Austin Peay,-15.5,,55.5,,ESPN Bet,1
401632074,2024,3,2024-09-14,Eastern Kentucky,West Georgia,-12.5,,57.5,,ESPN Bet,1
401632075,2024,3,2024-09-14,Southern Utah,UC Davis,6.5,,52.5,,ESPN Bet,1
401632076,2024,3,2024-09-14,Utah Tech,Northern Arizona,20.0,,54.5,,ESPN Bet,1
401632077,2024,11,2024-11-09,West Georgia,Tarleton State,8.5,,53.5,,ESPN Bet,1
401632078,2024,4,2024-09-21,Eastern Kentucky,Morehead State,-28.0,,52.5,,ESPN Bet,1
401632099,2024,4,2024-09-21,Arkansas-Pine Bluff,Central Arkansas,33.0,,57.5,,ESPN Bet,1
401632100,2024,4,2024-09-21,Austin Peay,Alabama A&M,-13.5,,56.5,,ESPN Bet,1
401632102,2024,4,2024-09-21,Idaho State,Southern Utah,2.5,,58.5,,ESPN Bet,1
401632105,2024,5,2024-09-28,West Georgia,North Alabama,3.0,,55.5,,ESPN Bet,1
401632106,2024,5,2024-09-28,Austin Peay,Southern Utah,-1.0,,51.5,,ESPN Bet,1
401632107,2024,5,2024-09-28,Central Arkansas,Lamar,-17.5,,51.5,,ESPN Bet,1
401632108,2024,6,2024-10-05,North Alabama,Utah Tech,-10.0,,55.5,,ESPN Bet,1
401632109,2024,6,2024-10-05,West Georgia,Austin Peay,9.5,,53.5,,ESPN Bet,1
401632110,2024,5,2024-09-28,Eastern Kentucky,Robert Morris,-14.0,,50.5,,ESPN Bet,1
401632112,2024,6,2024-10-05,Southern Utah,Tarleton State,-1.5,,54.5,,ESPN Bet,1
401632113,2024,7,2024-10-12,North Alabama,Abilene Christian,7.5,,58.5,,ESPN Bet,1
401632114,2024,7,2024-10-12,Tarleton State,Utah Tech,-24.0,,58.5,,ESPN Bet,1
401632116,2024,9,2024-10-26,Southern Utah,West Georgia,10.5,,55.5,,ESPN Bet,1
401632117,2024,6,2024-10-05,Abilene Christian,Central Arkansas,3.0,,58.5,,ESPN Bet,1
401632119,2024,12,2024-11-16,Austin Peay,Eastern Kentucky,-1.0,,50.5,,ESPN Bet,1
401632120,2024,9,2024-10-26,Eastern Kentucky,Utah Tech,-20.0,,55.5,,ESPN Bet,1
401632122,2024,9,2024-10-26,Austin Peay,Tarleton State,7.5,,52.5,,ESPN Bet,1
401632123,2024,9,2024-10-26,Central Arkansas,North Alabama,-10.0,,59.5,,ESPN Bet,1
401632124,2024,10,2024-11-02,Tarleton State,Eastern Kentucky,-13.0,,53.5,,ESPN Bet,1
401632125,2024,10,2024-11-02,Utah Tech,Central Arkansas,24.5,,57.5,,ESPN Bet,1
401632126,2024,10,2024-11-02,North Alabama,Austin Peay,-7.5,,53.5,,ESPN Bet,1
401632128,2024,10,2024-11-02,Abilene Christian,Southern Utah,-3.5,,58.5,,ESPN Bet,1
401632129,2024,12,2024-11-16,Utah Tech,West Georgia,4.5,,54.5,,ESPN Bet,1
401632130,2024,11,2024-11-09,Austin Peay,Abilene Christian,4.0,,54.5,,ESPN Bet,1
401632131,2024,13,2024-11-23,Tarleton State,Central Arkansas,-3.0,,57.5,,ESPN Bet,1
401632132,2024,13,2024-11-23,Eastern Kentucky,North Alabama,-4.0,,49.5,,ESPN Bet,1
401632134,2024,8,2024-10-19,Utah Tech,Austin Peay,15.5,,56.5,,ESPN Bet,1
401632135,2024,11,2024-11-09,North Alabama,Southern Utah,-7.5,,55.5,,ESPN Bet,1
401632136,2024,7,2024-10-12,Central Arkansas,West Georgia,-23.5,,57.5,,ESPN Bet,1
401632137,2024,8,2024-10-19,Abilene Christian,Eastern Kentucky,-7.5,,58.5,,ESPN Bet,1
401632139,2024,12,2024-11-16,Tarleton State,Abilene Christian,-3.0,,57.5,,ESPN Bet,1
401632140,2024,11,2024-11-09,Eastern Kentucky,Central Arkansas,4.0,,55.5,,ESPN Bet,1
401632142,2024,13,2024-11-23,Austin Peay,Chattanooga,4.0,,44.5,,ESPN Bet,1
401632143,2024,13,2024-11-23,Southern Utah,Utah Tech,-19.0,,53.5,,ESPN Bet,1
401632459,2024,2,2024-09-07,Georgia State,Chattanooga,-9.5,-10.0,51.5,54.5,ESPN Bet,1
401632460,2024,3,2024-09-14,Chattanooga,Mercer,-5.5,,48.5,,ESPN Bet,1
401632461,2024,5,2024-09-28,Chattanooga,Portland State,-11.5,,56.5,,ESPN Bet,1
401632462,2024,6,2024-10-05,East Tennessee State,Chattanooga,-1.5,,50.5,,ESPN Bet,1
401632463,2024,7,2024-10-12,Furman,Chattanooga,6.5,,47.5,,ESPN Bet,1
401632464,2024,8,2024-10-19,Chattanooga,Wofford,-15.5,,44.5,,ESPN Bet,1
401632465,2024,9,2024-10-26,Chattanooga,VMI,-30.5,,46.5,,ESPN Bet,1
401632466,2024,10,2024-11-02,Western Carolina,Chattanooga,2.0,,56.5,,ESPN Bet,1
401632467,2024,11,2024-11-09,The Citadel,Chattanooga,14.0,,44.5,,ESPN Bet,1
401632468,2024,12,2024-11-16,Chattanooga,Samford,-16.5,,49.5,,ESPN Bet,1
401633979,2024,2,2024-09-07,Southeast Missouri State,UT Martin,-3.0,,54.5,,ESPN Bet,1
401633980,2024,4,2024-09-21,Tennessee Tech,Tennessee State,-6.5,,54.5,,ESPN Bet,1
401633981,2024,5,2024-09-28,Tennessee State,Charleston Southern,-4.0,,47.5,,ESPN Bet,1
401633982,2024,5,2024-09-28,Eastern Illinois,Lindenwood,-3.0,,46.5,,ESPN Bet,1
401633983,2024,5,2024-09-28,Gardner-Webb,Tennessee Tech,-4.0,,55.5,,ESPN Bet,1
401633984,2024,6,2024-10-05,Charleston Southern,Western Illinois,-14.0,,51.5,,ESPN Bet,1
401633985,2024,6,2024-10-05,Eastern Illinois,Southeast Missouri State,10.5,,50.5,,ESPN Bet,1
401633986,2024,6,2024-10-05,UT Martin,Gardner-Webb,-10.5,,53.5,,ESPN Bet,1
401633987,2024,6,2024-10-05,Lindenwood,Tennessee State,-7.5,,50.5,,ESPN Bet,1
401633988,2024,7,2024-10-12,Lindenwood,Charleston Southern,-8.5,,47.5,,ESPN Bet,1
401633989,2024,7,2024-10-12,Tennessee State,Eastern Illinois,2.5,,48.5,,ESPN Bet,1
401633990,2024,7,2024-10-12,Southeast Missouri State,Tennessee Tech,-13.0,,56.5,,ESPN Bet,1
401633991,2024,7,2024-10-12,Western Illinois,UT Martin,21.5,,60.5,,ESPN Bet,1
401633992,2024,8,2024-10-19,Charleston Southern,Southeast Missouri State,19.0,,45.5,,ESPN Bet,1
401633993,2024,8,2024-10-19,Gardner-Webb,Lindenwood,-2.5,,50.5,,ESPN Bet,1
401633994,2024,8,2024-10-19,Western Illinois,Tennessee Tech,10.0,,60.5,,ESPN Bet,1
401633995,2024,9,2024-10-26,Tennessee Tech,Charleston Southern,-7.0,,44.5,,ESPN Bet,1
401633996,2024,9,2024-10-26,UT Martin,Eastern Illinois,-17.0,,54.5,,ESPN Bet,1
401633997,2024,9,2024-10-26,Southeast Missouri State,Gardner-Webb,-18.0,,53.5,,ESPN Bet,1
401633998,2024,9,2024-10-26,Lindenwood,Western Illinois,-8.5,,,,ESPN Bet,1
401634000,2024,10,2024-11-02,Eastern Illinois,Western Illinois,-4.0,,62.5,,ESPN Bet,1
401634001,2024,10,2024-11-02,Tennessee Tech,Lindenwood,-2.5,,53.5,,ESPN Bet,1
401634002,2024,10,2024-11-02,Tennessee State,UT Martin,14.5,,51.5,,ESPN Bet,1
401634003,2024,11,2024-11-09,Charleston Southern,UT Martin,17.5,,45.5,,ESPN Bet,1
401634004,2024,11,2024-11-09,Gardner-Webb,Eastern Illinois,-5.5,,54.5,,ESPN Bet,1
401634005,2024,11,2024-11-09,Lindenwood,Southeast Missouri State,17.0,,56.5,,ESPN Bet,1
401634006,2024,11,2024-11-09,Western Illinois,Tennessee State,4.0,,62.5,,ESPN Bet,1
401634007,2024,12,2024-11-16,Eastern Illinois,Charleston Southern,-5.0,,47.5,,ESPN Bet,1
401634008,2024,12,2024-11-16,Gardner-Webb,Tennessee State,-2.0,,51.5,,ESPN Bet,1
401634009,2024,12,2024-11-16,Southeast Missouri State,Western Illinois,-24.0,,63.5,,ESPN Bet,1
401634010,2024,12,2024-11-16,UT Martin,Tennessee Tech,-13.0,,51.5,,ESPN Bet,1
401634011,2024,13,2024-11-23,Tennessee Tech,Eastern Illinois,-13.0,,47.5,,ESPN Bet,1
401634012,2024,13,2024-11-23,Western Illinois,Gardner-Webb,7.0,,68.5,,ESPN Bet,1
401634013,2024,13,2024-11-23,UT Martin,Lindenwood,-19.5,,56.5,,ESPN Bet,1
401634014,2024,13,2024-11-23,Tennessee State,Southeast Missouri State,6.5,,50.5,,ESPN Bet,1
401634017,2024,9,2024-10-26,Northwestern State,Lamar,17.5,,48.5,,ESPN Bet,1
401634019,2024,7,2024-10-12,Incarnate Word,Nicholls,-3.5,,58.5,,ESPN Bet,1
401634020,2024,10,2024-11-02,McNeese,East Texas A&M,-12.0,,50.5,,ESPN Bet,1
401634021,2024,12,2024-11-16,East Texas A&M,Houston Christian,-3.0,,47.5,,ESPN Bet,1
401634022,2024,8,2024-10-19,Incarnate Word,McNeese,-14.5,,59.5,,ESPN Bet,1
401634023,2024,11,2024-11-09,SE Louisiana,Northwestern State,-28.0,,53.5,,ESPN Bet,1
401634025,2024,10,2024-11-02,Lamar,SE Louisiana,2.0,,48.5,,ESPN Bet,1
401634026,2024,9,2024-10-26,Nicholls,McNeese,-6.5,,48.5,,ESPN Bet,1
401634027,2024,11,2024-11-09,Houston Christian,Nicholls,11.5,,49.5,,ESPN Bet,1
401634028,2024,11,2024-11-09,Incarnate Word,Lamar,-15.5,,55.5,,ESPN Bet,1
401634030,2024,7,2024-10-12,Northwestern State,East Texas A&M,11.5,,51.5,,ESPN Bet,1
401634031,2024,6,2024-10-05,Houston Christian,McNeese,10.5,,53.5,,ESPN Bet,1
401634032,2024,9,2024-10-26,SE Louisiana,Incarnate Word,6.5,,56.5,,ESPN Bet,1
401634033,2024,8,2024-10-19,East Texas A&M,Lamar,6.5,,46.5,,ESPN Bet,1
401634034,2024,8,2024-10-19,Nicholls,Northwestern State,-30.0,,54.5,,ESPN Bet,1
401634035,2024,10,2024-11-02,Incarnate Word,Houston Christian,-23.5,,58.5,,ESPN Bet,1
401634036,2024,12,2024-11-16,Northwestern State,McNeese,25.5,,51.5,,ESPN Bet,1
401634037,2024,12,2024-11-16,Lamar,Nicholls,1.5,,45.5,,ESPN Bet,1
401634039,2024,13,2024-11-21,Nicholls,SE Louisiana,4.5,,47.5,,ESPN Bet,1
401634040,2024,13,2024-11-23,Houston Christian,Northwestern State,-17.5,,55.5,,ESPN Bet,1
401634041,2024,13,2024-11-23,East Texas A&M,Incarnate Word,21.5,,,,ESPN Bet,1
401634042,2024,13,2024-11-23,McNeese,Lamar,-3.0,,45.5,,ESPN Bet,1
401634046,2024,5,2024-09-28,Northern Colorado,Cal Poly,2.5,,47.5,,ESPN Bet,1
401634047,2024,5,2024-09-28,UC Davis,Idaho,4.0,,48.5,,ESPN Bet,1
401634048,2024,5,2024-09-28,Idaho State,Montana State,17.5,,59.5,,ESPN Bet,1
401634049,2024,5,2024-09-28,Eastern Washington,Montana,16.5,,58.5,,ESPN Bet,1
401634050,2024,5,2024-09-28,Northern Arizona,Sacramento State,7.5,,56.5,,ESPN Bet,1
401634051,2024,6,2024-10-05,Cal Poly,Idaho State,3.5,,53.5,,ESPN Bet,1
401634052,2024,6,2024-10-05,Idaho,Northern Arizona,-10.5,,52.5,,ESPN Bet,1
401634053,2024,6,2024-10-05,Montana,Weber State,-13.0,,53.5,,ESPN Bet,1
401634054,2024,6,2024-10-05,Montana State,Northern Colorado,-37.5,,53.5,,ESPN Bet,1
401634055,2024,6,2024-10-05,Portland State,UC Davis,10.5,,60.5,,ESPN Bet,1
401634056,2024,7,2024-10-12,UC Davis,Cal Poly,-17.0,,50.5,,ESPN Bet,1
401634057,2024,7,2024-10-12,Sacramento State,Eastern Washington,-11.5,,65.5,,ESPN Bet,1
401634058,2024,7,2024-10-12,Idaho State,Portland State,-7.0,,65.5,,ESPN Bet,1
401634099,2024,7,2024-10-12,Montana,Northern Arizona,-12.5,,57.5,,ESPN Bet,1
401634100,2024,7,2024-10-12,Montana State,Idaho,-9.5,,54.5,,ESPN Bet,1
401634101,2024,7,2024-10-12,Weber State,Northern Colorado,-27.0,,51.5,,ESPN Bet,1
401634102,2024,8,2024-10-19,Idaho,Cal Poly,-22.0,,53.5,,ESPN Bet,1
401634103,2024,8,2024-10-19,Eastern Washington,UC Davis,4.0,,61.5,,ESPN Bet,1
401634104,2024,8,2024-10-19,Northern Arizona,Idaho State,-7.5,,59.5,,ESPN Bet,1
401634105,2024,8,2024-10-19,Portland State,Montana State,21.5,,63.5,,ESPN Bet,1
401634106,2024,8,2024-10-19,Sacramento State,Weber State,-5.0,,56.5,,ESPN Bet,1
401634107,2024,9,2024-10-26,Idaho,Eastern Washington,-9.0,,61.5,,ESPN Bet,1
401634108,2024,9,2024-10-26,Idaho State,Sacramento State,7.5,,61.5,,ESPN Bet,1
401634109,2024,9,2024-10-26,Northern Colorado,Montana,24.0,,53.5,,ESPN Bet,1
401634110,2024,10,2024-11-02,Cal Poly,Montana,20.5,,56.5,,ESPN Bet,1
401634111,2024,10,2024-11-02,Eastern Washington,Montana State,17.0,,63.5,,ESPN Bet,1
401634112,2024,10,2024-11-02,Northern Arizona,Weber State,-1.5,,54.5,,ESPN Bet,1
401634113,2024,10,2024-11-02,UC Davis,Northern Colorado,-23.5,,49.5,,ESPN Bet,1
401634114,2024,10,2024-11-02,Sacramento State,Portland State,-12.5,,68.5,,ESPN Bet,1
401634115,2024,11,2024-11-09,Cal Poly,Northern Arizona,13.5,,53.5,,ESPN Bet,1
401634116,2024,11,2024-11-09,Northern Colorado,Eastern Washington,13.5,,60.5,,ESPN Bet,1
401634117,2024,11,2024-11-09,Portland State,Idaho,11.0,,61.5,,ESPN Bet,1
401634118,2024,11,2024-11-09,Weber State,Idaho State,-6.5,,56.5,,ESPN Bet,1
401634119,2024,11,2024-11-09,Montana,UC Davis,-5.5,,54.5,,ESPN Bet,1
401634120,2024,11,2024-11-09,Montana State,Sacramento State,-17.5,,62.5,,ESPN Bet,1
401634121,2024,12,2024-11-16,Cal Poly,Sacramento State,7.5,,58.5,,ESPN Bet,1
401634122,2024,12,2024-11-16,Eastern Washington,Idaho State,-5.0,,69.5,,ESPN Bet,1
401634123,2024,12,2024-11-16,Idaho,Weber State,-10.5,,55.5,,ESPN Bet,1
401634124,2024,12,2024-11-16,Montana,Portland State,-15.5,,63.5,,ESPN Bet,1
401634125,2024,12,2024-11-16,UC Davis,Montana State,7.0,,55.5,,ESPN Bet,1
401634126,2024,12,2024-11-16,Northern Colorado,Northern Arizona,19.5,,42.5,,ESPN Bet,1
401634127,2024,13,2024-11-23,Weber State,Cal Poly,-14.0,,54.5,,ESPN Bet,1
401634128,2024,13,2024-11-23,Northern Arizona,Eastern Washington,-5.5,,61.5,,ESPN Bet,1
401634129,2024,13,2024-11-23,Idaho State,Idaho,10.5,,57.5,,ESPN Bet,1
401634130,2024,13,2024-11-23,Montana State,Montana,-16.5,,54.5,,ESPN Bet,1
401634131,2024,13,2024-11-23,Portland State,Northern Colorado,-16.5,,55.5,,ESPN Bet,1
401634132,2024,13,2024-11-23,Sacramento State,UC Davis,13.5,,57.5,,ESPN Bet,1
401634133,2024,1,2024-08-31,App State,East Tennessee State,-35.5,,58.5,,ESPN Bet,1
401634135,2024,3,2024-09-14,East Tennessee State,North Dakota State,27.0,,53.5,,ESPN Bet,1
401634136,2024,5,2024-09-28,The Citadel,East Tennessee State,13.0,,51.5,,ESPN Bet,1
401634137,2024,7,2024-10-12,East Tennessee State,Samford,-9.5,,52.5,,ESPN Bet,1
401634138,2024,9,2024-10-26,Wofford,East Tennessee State,9.5,,49.5,,ESPN Bet,1
401634139,2024,10,2024-11-02,Mercer,East Tennessee State,-6.0,,50.5,,ESPN Bet,1
401634140,2024,11,2024-11-09,East Tennessee State,Western Carolina,-6.5,,58.5,,ESPN Bet,1
401634141,2024,12,2024-11-16,East Tennessee State,Furman,-15.0,,51.5,,ESPN Bet,1
401634142,2024,13,2024-11-23,VMI,East Tennessee State,16.5,,41.5,,ESPN Bet,1
401634143,2024,1,2024-08-29,Mercer,Presbyterian,-27.5,,46.5,,ESPN Bet,1
401634144,2024,2,2024-09-07,Bethune-Cookman,Mercer,21.5,,48.5,,ESPN Bet,1
401634145,2024,4,2024-09-21,Mercer,The Citadel,-20.5,,46.5,,ESPN Bet,1
401634146,2024,5,2024-09-28,Wofford,Mercer,6.5,,46.5,,ESPN Bet,1
401634147,2024,7,2024-10-12,Mercer,Princeton,-13.0,,45.5,,ESPN Bet,1
401634148,2024,8,2024-10-19,Samford,Mercer,9.0,,49.5,,ESPN Bet,1
401634149,2024,9,2024-10-26,Mercer,Western Carolina,-3.5,,55.5,,ESPN Bet,1
401634150,2024,11,2024-11-09,VMI,Mercer,21.0,,47.5,,ESPN Bet,1
401634151,2024,13,2024-11-23,Mercer,Furman,-14.0,,51.5,,ESPN Bet,1
401634152,2024,1,2024-08-29,Gardner-Webb,Wofford,-3.5,,49.5,,ESPN Bet,1
401634153,2024,6,2024-10-05,Western Carolina,Wofford,-13.0,,51.5,,ESPN Bet,1
401634154,2024,7,2024-10-12,Wofford,VMI,-17.5,,43.5,,ESPN Bet,1
401634155,2024,10,2024-11-02,Samford,Wofford,-9.0,,47.5,,ESPN Bet,1
401634156,2024,11,2024-11-09,Furman,Wofford,-4.5,,42.5,,ESPN Bet,1
401634157,2024,12,2024-11-16,Wofford,The Citadel,-6.5,,38.5,,ESPN Bet,1
401634158,2024,2,2024-09-07,North Alabama,Illinois State,13.5,,50.5,,ESPN Bet,1
401634159,2024,3,2024-09-14,Illinois State,Western Illinois,-36.0,,50.5,,ESPN Bet,1
401634161,2024,5,2024-09-28,Illinois State,North Dakota State,10.0,,50.5,,ESPN Bet,1
401634162,2024,6,2024-10-05,Southern Illinois,Illinois State,-2.5,,50.5,,ESPN Bet,1
401634163,2024,7,2024-10-12,Illinois State,Missouri State,-2.5,,53.5,,ESPN Bet,1
401634164,2024,8,2024-10-19,Murray State,Illinois State,19.5,,54.5,,ESPN Bet,1
401634165,2024,10,2024-11-02,Illinois State,Youngstown State,-7.5,,57.5,,ESPN Bet,1
401634166,2024,11,2024-11-09,Northern Iowa,Illinois State,2.5,,52.5,,ESPN Bet,1
401634167,2024,12,2024-11-16,Indiana State,Illinois State,14.5,,45.5,,ESPN Bet,1
401634168,2024,13,2024-11-23,Illinois State,North Dakota,-3.5,,54.5,,ESPN Bet,1
401634169,2024,1,2024-08-31,Purdue,Indiana State,-35.5,,52.5,,ESPN Bet,1
401634170,2024,2,2024-09-07,Eastern Illinois,Indiana State,-8.5,,44.5,,ESPN Bet,1
401634171,2024,3,2024-09-14,Indiana State,Dayton,-10.5,,44.5,,ESPN Bet,1
401634172,2024,5,2024-09-28,Indiana State,Houston Christian,-9.5,,47.5,,ESPN Bet,1
401634173,2024,6,2024-10-05,Youngstown State,Indiana State,-14.0,,51.5,,ESPN Bet,1
401634174,2024,7,2024-10-12,Indiana State,Murray State,-6.5,,46.5,,ESPN Bet,1
401634175,2024,8,2024-10-19,Missouri State,Indiana State,-27.0,,50.5,,ESPN Bet,1
401634176,2024,9,2024-10-26,Indiana State,Southern Illinois,9.5,,47.5,,ESPN Bet,1
401634177,2024,10,2024-11-02,Indiana State,North Dakota,17.0,,52.5,,ESPN Bet,1
401634178,2024,11,2024-11-09,South Dakota,Indiana State,-31.0,,45.5,,ESPN Bet,1
401634179,2024,13,2024-11-23,Northern Iowa,Indiana State,-8.5,,44.5,,ESPN Bet,1
401634180,2024,1,2024-08-31,Montana,Missouri State,-13.5,,54.5,,ESPN Bet,1
401634181,2024,2,2024-09-07,Ball State,Missouri State,-2.5,-2.5,50.5,52.5,ESPN Bet,1
401634182,2024,3,2024-09-14,Missouri State,Lindenwood,-26.5,,54.5,,ESPN Bet,1
401634184,2024,5,2024-09-28,Missouri State,Youngstown State,-10.0,,54.5,,ESPN Bet,1
401634185,2024,9,2024-10-26,Northern Iowa,Missouri State,10.5,,53.5,,ESPN Bet,1
401634186,2024,10,2024-11-02,Missouri State,Southern Illinois,-14.5,,55.5,,ESPN Bet,1
401634187,2024,11,2024-11-09,Murray State,Missouri State,24.0,,58.5,,ESPN Bet,1
401634188,2024,12,2024-11-16,North Dakota State,Missouri State,-13.5,,57.5,,ESPN Bet,1
401634189,2024,13,2024-11-23,Missouri State,South Dakota State,14.5,,58.5,,ESPN Bet,1
401634190,2024,2,2024-09-07,Murray State,Butler,-7.5,,48.5,,ESPN Bet,1
401634191,2024,3,2024-09-14,Murray State,Mississippi Valley State,-14.5,,48.5,,ESPN Bet,1
401634192,2024,5,2024-09-28,North Dakota,Murray State,-21.0,,52.5,,ESPN Bet,1
401634193,2024,6,2024-10-05,Murray State,South Dakota,27.5,,51.5,,ESPN Bet,1
401634194,2024,9,2024-10-26,Murray State,North Dakota State,35.0,,56.5,,ESPN Bet,1
401634195,2024,10,2024-11-02,South Dakota State,Murray State,-42.0,,54.5,,ESPN Bet,1
401634196,2024,13,2024-11-23,Southern Illinois,Murray State,-17.0,,56.5,,ESPN Bet,1
401634197,2024,1,2024-08-31,Iowa State,North Dakota,-30.5,,51.5,,ESPN Bet,1
401634198,2024,2,2024-09-07,North Dakota,Montana,7.0,,50.5,,ESPN Bet,1
401634199,2024,3,2024-09-14,North Dakota,Idaho State,-10.0,,57.5,,ESPN Bet,1
401634200,2024,4,2024-09-21,North Dakota,San Diego,-27.5,,50.5,,ESPN Bet,1
401634201,2024,6,2024-10-05,North Dakota State,North Dakota,-14.5,,60.5,,ESPN Bet,1
401634202,2024,8,2024-10-19,North Dakota,Northern Iowa,-16.0,,55.5,,ESPN Bet,1
401634203,2024,9,2024-10-26,Youngstown State,North Dakota,9.5,,60.5,,ESPN Bet,1
401634204,2024,11,2024-11-09,North Dakota,South Dakota State,17.0,,55.5,,ESPN Bet,1
401634205,2024,12,2024-11-16,North Dakota,South Dakota,14.0,,54.5,,ESPN Bet,1
401634206,2024,1,2024-08-29,Colorado,North Dakota State,-9.5,-9.0,60.5,60.5,Bovada,3
401634207,2024,2,2024-09-07,North Dakota State,Tennessee State,-35.5,,52.5,,ESPN Bet,1
401634208,2024,7,2024-10-12,Southern Illinois,North Dakota State,22.5,,55.5,,ESPN Bet,1
401634209,2024,8,2024-10-19,North Dakota State,South Dakota State,1.5,,52.5,,ESPN Bet,1
401634210,2024,10,2024-11-02,North Dakota State,Northern Iowa,-30.0,,52.5,,ESPN Bet,1
401634211,2024,13,2024-11-23,South Dakota,North Dakota State,3.0,,55.5,,ESPN Bet,1
401634212,2024,1,2024-08-31,Oklahoma State,South Dakota State,-9.5,-9.5,54.5,54.5,Bovada,3
401634213,2024,2,2024-09-07,South Dakota State,Incarnate Word,-25.0,,52.5,,ESPN Bet,1
401634216,2024,6,2024-10-05,Northern Iowa,South Dakota State,24.5,,48.5,,ESPN Bet,1
401634217,2024,7,2024-10-12,South Dakota State,Youngstown State,-33.0,,55.5,,ESPN Bet,1
401634218,2024,9,2024-10-26,South Dakota State,South Dakota,-8.5,,49.5,,ESPN Bet,1
401634239,2024,12,2024-11-16,South Dakota State,Southern Illinois,-30.5,,49.5,,ESPN Bet,1
401634241,2024,3,2024-09-14,Southern Illinois,Incarnate Word,-3.5,,56.5,,ESPN Bet,1
401634242,2024,4,2024-09-21,Southern Illinois,Southeast Missouri State,-6.5,,54.5,,ESPN Bet,1
401634243,2024,5,2024-09-28,South Dakota,Southern Illinois,-13.5,,47.5,,ESPN Bet,1
401634244,2024,11,2024-11-09,Southern Illinois,Youngstown State,-0.5,,54.5,,ESPN Bet,1
401634245,2024,2,2024-09-07,Youngstown State,Valparaiso,-35.5,,50.5,,ESPN Bet,1
401634246,2024,3,2024-09-14,Youngstown State,Duquesne,-17.5,,55.5,,ESPN Bet,1
401634247,2024,4,2024-09-21,Pittsburgh,Youngstown State,-27.0,,60.5,62.5,DraftKings,2
401634248,2024,8,2024-10-19,Youngstown State,South Dakota,23.5,,57.5,,ESPN Bet,1
401634249,2024,12,2024-11-16,Youngstown State,Northern Iowa,-4.5,,58.5,,ESPN Bet,1
401634252,2024,14,2024-11-29,Florida A&M,Alabama A&M,-5.0,,57.5,,ESPN Bet,1
401634253,2024,6,2024-10-05,Jackson State,Alabama A&M,-15.0,,55.5,,ESPN Bet,1
401634254,2024,7,2024-10-12,Alabama A&M,Bethune-Cookman,-3.5,,56.5,,ESPN Bet,1
401634255,2024,9,2024-10-26,Alabama A&M,Alabama State,2.0,,51.5,,ESPN Bet,1
401634256,2024,10,2024-11-02,Alabama A&M,Southern,-2.5,,51.5,,ESPN Bet,1
401634257,2024,11,2024-11-09,Arkansas-Pine Bluff,Alabama A&M,8.0,,60.5,,ESPN Bet,1
401634258,2024,12,2024-11-14,Alabama A&M,Grambling,-6.0,,58.5,,ESPN Bet,1
401634259,2024,13,2024-11-23,Mississippi Valley State,Alabama A&M,14.0,,55.5,,ESPN Bet,1
401634299,2024,1,2024-08-29,NC State,Western Carolina,-32.5,,60.5,,ESPN Bet,1
401634300,2024,1,2024-08-30,Stanford,TCU,8.0,8.5,58.5,58.5,Bovada,3
401634301,2024,1,2024-08-31,California,UC Davis,-20.5,,56.5,,ESPN Bet,1
401634302,2024,1,2024-08-31,Georgia Tech,Georgia State,-20.5,-21.0,55.5,57.0,Bovada,2
401634304,2024,1,2024-08-31,Syracuse,Ohio,-17.0,-17.5,45.0,47.0,Bovada,3
401634305,2024,1,2024-08-31,Pittsburgh,Kent State,-23.5,-24.0,55.5,54.0,Bovada,3
401634306,2024,1,2024-09-02,Florida State,Boston College,-16.5,-21.0,51.5,50.0,Bovada,3
401634765,2024,2,2024-09-06,SMU,BYU,-13.0,-11.5,56.0,52.0,Bovada,3
401634766,2024,4,2024-09-20,Syracuse,Stanford,-7.5,-9.5,57.0,58.5,Bovada,3
401634767,2024,5,2024-09-27,Miami,Virginia Tech,-18.0,-20.0,55.5,54.5,Bovada,3
401634768,2024,8,2024-10-17,Virginia Tech,Boston College,-8.0,-7.0,47.5,49.5,Bovada,3
401634769,2024,8,2024-10-18,Duke,Florida State,-3.0,-3.0,43.0,42.5,Bovada,3
401634770,2024,9,2024-10-24,Pittsburgh,Syracuse,-5.0,-5.0,62.5,61.0,Bovada,3
401634771,2024,9,2024-10-25,Boston College,Louisville,7.0,7.5,54.0,54.0,Bovada,3
401634772,2024,13,2024-11-21,Georgia Tech,NC State,-8.5,-9.0,51.0,52.5,Bovada,3
401634773,2024,11,2024-11-08,Wake Forest,California,7.0,7.0,55.5,54.0,Bovada,3
401634779,2024,6,2024-10-04,UNLV,Syracuse,-5.5,-5.5,55.5,58.0,Bovada,3
401635516,2024,10,2024-11-02,NC State,Stanford,-9.5,-10.0,46.5,47.5,Bovada,3
401635517,2024,12,2024-11-16,Stanford,Louisville,21.0,20.0,58.5,57.5,Bovada,3
401635518,2024,13,2024-11-23,Syracuse,UConn,-10.0,-11.0,54.5,54.5,Bovada,3
401635525,2024,1,2024-08-24,Georgia Tech,Florida State,10.0,12.0,54.5,57.0,Bovada,3
401635531,2024,2,2024-09-07,Boston College,Duquesne,-33.5,-34.5,52.5,52.5,ESPN Bet,1
401635532,2024,2,2024-09-07,Clemson,App State,-17.0,-17.0,52.0,51.5,Bovada,3
401635533,2024,2,2024-09-06,Northwestern,Duke,-2.5,-2.5,37.5,41.0,Bovada,3
401635534,2024,2,2024-09-07,Syracuse,Georgia Tech,3.0,2.0,60.5,58.5,Bovada,3
401635535,2024,2,2024-09-07,Louisville,Jacksonville State,-29.0,-26.0,56.0,58.0,Bovada,3
401635536,2024,2,2024-09-07,Miami,Florida A&M,-46.5,-44.5,55.5,53.5,ESPN Bet,1
401635537,2024,2,2024-09-07,North Carolina,Charlotte,-21.0,-22.0,47.5,48.0,Bovada,3
401635538,2024,2,2024-09-07,Cincinnati,Pittsburgh,-2.0,-2.0,62.0,59.5,Bovada,3
401635539,2024,2,2024-09-07,Stanford,Cal Poly,-33.5,-35.5,59.5,58.5,ESPN Bet,1
401635540,2024,2,2024-09-07,Virginia Tech,Marshall,-21.0,-17.0,53.5,47.5,Bovada,3
401635541,2024,3,2024-09-14,California,San Diego State,-19.5,-19.0,48.5,48.0,Bovada,3
401635542,2024,3,2024-09-14,Florida State,Memphis,-7.0,-7.0,54.5,52.5,Bovada,3
401635543,2024,3,2024-09-14,Georgia Tech,VMI,-42.5,-43.0,53.5,56.5,ESPN Bet,1
401635544,2024,3,2024-09-14,Miami,Ball State,-36.5,-37.0,56.0,54.0,Bovada,3
401635545,2024,3,2024-09-14,North Carolina,North Carolina Central,-37.5,-37.5,57.5,55.5,ESPN Bet,1
401635546,2024,3,2024-09-14,NC State,Louisiana Tech,-20.5,-21.5,48.0,49.5,Bovada,3
401635547,2024,3,2024-09-14,Pittsburgh,West Virginia,2.0,3.0,61.5,60.5,Bovada,3
401635548,2024,3,2024-09-14,Old Dominion,Virginia Tech,16.5,14.5,47.5,49.5,Bovada,3
401635551,2024,4,2024-09-21,Florida State,California,-3.0,-2.5,44.5,45.0,Bovada,3
401635552,2024,4,2024-09-21,Clemson,NC State,-19.0,-17.0,44.0,48.0,Bovada,3
401635553,2024,4,2024-09-21,Middle Tennessee,Duke,15.0,14.0,51.0,54.5,Bovada,3
401635554,2024,4,2024-09-21,Louisville,Georgia Tech,-8.5,-10.0,56.0,57.5,Bovada,3
401635555,2024,4,2024-09-21,South Florida,Miami,16.5,17.5,64.5,65.0,Bovada,3
401635556,2024,4,2024-09-21,North Carolina,James Madison,-10.0,-10.5,48.0,47.5,Bovada,3
401635557,2024,4,2024-09-21,SMU,TCU,2.5,2.5,59.0,57.5,Bovada,3
401635558,2024,4,2024-09-21,Coastal Carolina,Virginia,3.5,3.0,52.0,55.0,Bovada,3
401635560,2024,5,2024-09-28,Boston College,Western Kentucky,-7.5,-13.0,48.0,54.5,Bovada,3
401635561,2024,5,2024-09-28,Clemson,Stanford,-24.0,-21.5,58.0,58.0,Bovada,3
401635562,2024,5,2024-09-28,Duke,North Carolina,1.5,-3.0,55.5,56.5,Bovada,3
401635563,2024,5,2024-09-28,SMU,Florida State,-6.0,-6.5,46.5,47.5,Bovada,3
401635564,2024,5,2024-09-28,NC State,Northern Illinois,-7.0,-5.5,46.5,46.5,Bovada,3
401635565,2024,5,2024-09-28,Syracuse,Holy Cross,-30.0,,59.5,58.5,DraftKings,2
401635567,2024,6,2024-10-05,Virginia,Boston College,-2.0,-3.5,52.5,50.0,Bovada,3
401635568,2024,6,2024-10-05,California,Miami,10.0,12.5,54.0,55.0,Bovada,3
401635569,2024,6,2024-10-05,Florida State,Clemson,16.5,15.0,47.0,47.0,Bovada,3
401635570,2024,6,2024-10-05,Georgia Tech,Duke,-10.0,-7.5,52.5,53.5,Bovada,3
401635571,2024,6,2024-10-05,Louisville,SMU,-7.0,-7.0,55.0,57.5,Bovada,3
401635572,2024,6,2024-10-05,North Carolina,Pittsburgh,2.5,3.0,62.5,64.5,Bovada,3
401635573,2024,6,2024-10-05,Stanford,Virginia Tech,8.5,6.5,49.5,53.5,Bovada,3
401635574,2024,7,2024-10-12,NC State,Syracuse,1.0,4.5,51.5,54.5,Bovada,3
401635575,2024,7,2024-10-12,Pittsburgh,California,-3.5,-4.5,57.5,59.0,Bovada,3
401635576,2024,7,2024-10-12,Wake Forest,Clemson,21.0,20.5,63.0,61.0,Bovada,3
401635577,2024,7,2024-10-12,North Carolina,Georgia Tech,3.5,6.0,61.5,57.5,Bovada,3
401635578,2024,7,2024-10-12,Virginia,Louisville,7.0,7.0,54.0,55.5,Bovada,3
401635580,2024,12,2024-11-16,SMU,Boston College,-19.0,-15.5,54.0,54.0,Bovada,3
401635581,2024,12,2024-11-16,California,Syracuse,-10.0,-7.0,57.0,56.0,Bovada,3
401635582,2024,12,2024-11-16,Pittsburgh,Clemson,11.5,10.0,53.0,54.0,Bovada,3
401635583,2024,12,2024-11-16,North Carolina,Wake Forest,-10.0,-11.0,64.0,64.5,Bovada,3
401635587,2024,8,2024-10-19,California,NC State,-9.5,-10.0,46.0,46.5,Bovada,3
401635588,2024,8,2024-10-19,Clemson,Virginia,-20.0,-21.5,57.5,57.5,Bovada,3
401635589,2024,8,2024-10-19,Louisville,Miami,4.0,3.5,61.0,61.0,Bovada,3
401635590,2024,8,2024-10-19,Stanford,SMU,16.5,14.5,52.5,55.5,Bovada,3
401635594,2024,9,2024-10-26,California,Oregon State,-13.0,-10.5,51.0,49.0,Bovada,3
401635595,2024,9,2024-10-26,Duke,SMU,11.5,12.5,49.5,49.0,Bovada,3
401635596,2024,9,2024-10-26,Miami,Florida State,-22.5,-21.0,55.0,54.5,Bovada,3
401635597,2024,9,2024-10-26,Virginia Tech,Georgia Tech,-11.0,-9.5,52.0,52.0,Bovada,3
401635598,2024,9,2024-10-26,Virginia,North Carolina,-3.5,-5.5,58.5,59.5,Bovada,3
401635599,2024,9,2024-10-26,Stanford,Wake Forest,3.0,3.0,53.0,55.5,Bovada,3
401635600,2024,10,2024-11-02,Clemson,Louisville,-11.0,-10.5,62.5,61.5,Bovada,3
401635601,2024,10,2024-11-02,Miami,Duke,-21.0,-20.0,56.0,54.5,Bovada,3
401635602,2024,10,2024-11-02,Florida State,North Carolina,2.5,2.5,50.5,50.0,Bovada,3
401635604,2024,10,2024-11-02,Syracuse,Virginia Tech,3.5,4.0,53.5,54.0,Bovada,3
401635606,2024,11,2024-11-09,Boston College,Syracuse,-3.0,-2.0,52.0,53.5,Bovada,3
401635607,2024,11,2024-11-09,Virginia Tech,Clemson,5.5,6.5,54.5,53.0,Bovada,3
401635608,2024,11,2024-11-09,NC State,Duke,-3.0,-3.0,51.5,50.0,Bovada,3
401635609,2024,11,2024-11-09,Georgia Tech,Miami,9.5,11.0,65.0,64.0,Bovada,3
401635610,2024,11,2024-11-09,Pittsburgh,Virginia,-7.0,-7.0,58.0,57.5,Bovada,3
401635612,2024,13,2024-11-23,Boston College,North Carolina,3.0,2.5,51.0,56.5,Bovada,3
401635613,2024,13,2024-11-23,California,Stanford,-14.5,-14.0,53.5,55.5,Bovada,3
401635614,2024,13,2024-11-23,Clemson,The Citadel,-49.5,,58.5,58.5,DraftKings,2
401635615,2024,13,2024-11-23,Duke,Virginia Tech,2.5,2.5,46.0,47.0,Bovada,3
401635616,2024,13,2024-11-23,Florida State,Charleston Southern,-33.0,,44.5,,DraftKings,2
401635617,2024,13,2024-11-23,Louisville,Pittsburgh,-7.5,-8.0,57.5,57.5,Bovada,3
401635618,2024,13,2024-11-23,Miami,Wake Forest,-23.5,-24.0,67.5,64.5,Bovada,3
401635619,2024,13,2024-11-23,Virginia,SMU,10.5,9.5,54.5,58.0,Bovada,3
401635620,2024,14,2024-11-30,Boston College,Pittsburgh,-3.5,-4.5,51.0,48.5,Bovada,3
401635621,2024,14,2024-11-30,SMU,California,-12.5,-14.0,54.5,57.0,Bovada,3
401635622,2024,14,2024-11-30,Wake Forest,Duke,3.5,4.0,53.0,53.5,Bovada,3
401635623,2024,14,2024-11-30,Syracuse,Miami,12.0,11.0,68.0,67.0,Bovada,3
401635624,2024,14,2024-11-30,North Carolina,NC State,-2.0,-3.5,53.5,55.5,Bovada,3
401635625,2024,14,2024-11-29,San José State,Stanford,-2.5,-2.5,54.5,56.0,Bovada,3
401635627,2024,10,2024-11-02,SMU,Pittsburgh,-7.0,-7.5,55.5,59.0,Bovada,3
401635638,2024,6,2024-10-05,NC State,Wake Forest,-4.0,-5.5,52.5,54.5,Bovada,3
401635639,2024,2,2024-09-07,Wake Forest,Virginia,1.0,-2.0,55.5,54.5,Bovada,3
401635640,2024,14,2024-11-30,Virginia Tech,Virginia,-4.5,-7.5,44.5,48.5,Bovada,3
401635659,2024,5,2024-09-28,Wake Forest,Louisiana,-3.0,-3.5,60.0,60.5,Bovada,3
401636343,2024,1,2024-09-01,Alabama State,North Carolina Central,4.5,,44.5,,ESPN Bet,1
401636345,2024,3,2024-09-14,Samford,Alabama State,-12.5,,46.5,,ESPN Bet,1
401636346,2024,5,2024-09-28,Bethune-Cookman,Alabama State,6.5,,41.5,,ESPN Bet,1
401636347,2024,6,2024-10-05,Alabama State,Florida A&M,7.5,,42.5,,ESPN Bet,1
401636349,2024,10,2024-11-02,Alabama State,Alcorn State,-4.0,,42.5,,ESPN Bet,1
401636350,2024,11,2024-11-09,Grambling,Alabama State,3.5,,44.5,,ESPN Bet,1
401636351,2024,12,2024-11-16,Alabama State,Jackson State,7.5,,48.5,,ESPN Bet,1
401636352,2024,13,2024-11-23,Alabama State,Prairie View A&M,-9.0,,47.5,,ESPN Bet,1
401636355,2024,3,2024-09-14,Tennessee State,Arkansas-Pine Bluff,-20.0,,56.5,,ESPN Bet,1
401636356,2024,6,2024-10-05,Alcorn State,Arkansas-Pine Bluff,-14.5,,54.5,,ESPN Bet,1
401636357,2024,7,2024-10-11,Arkansas-Pine Bluff,Prairie View A&M,8.5,,58.5,,ESPN Bet,1
401636358,2024,8,2024-10-19,Grambling,Arkansas-Pine Bluff,-13.0,,58.5,,ESPN Bet,1
401636359,2024,9,2024-10-26,Arkansas-Pine Bluff,Mississippi Valley State,-11.0,,54.5,,ESPN Bet,1
401636360,2024,10,2024-11-02,Jackson State,Arkansas-Pine Bluff,-24.5,,58.5,,ESPN Bet,1
401636361,2024,12,2024-11-16,Southern,Arkansas-Pine Bluff,-14.0,,51.5,,ESPN Bet,1
401636362,2024,13,2024-11-23,Arkansas-Pine Bluff,Texas Southern,3.5,,58.5,,ESPN Bet,1
401636364,2024,3,2024-09-14,Western Michigan,Bethune-Cookman,-33.5,-33.0,54.5,51.5,ESPN Bet,1
401636366,2024,8,2024-10-19,Mississippi Valley State,Bethune-Cookman,8.5,,52.5,,ESPN Bet,1
401636367,2024,9,2024-10-26,Bethune-Cookman,Jackson State,17.5,,53.5,,ESPN Bet,1
401636368,2024,10,2024-11-02,Bethune-Cookman,Grambling,5.5,,49.5,,ESPN Bet,1
401636369,2024,11,2024-11-09,Southern,Bethune-Cookman,-7.0,,44.5,,ESPN Bet,1
401636370,2024,12,2024-11-16,Texas Southern,Bethune-Cookman,-2.5,,50.5,,ESPN Bet,1
401636371,2024,13,2024-11-23,Bethune-Cookman,Florida A&M,10.5,,44.5,,ESPN Bet,1
401636372,2024,1,2024-08-24,Norfolk State,Florida A&M,13.5,,50.5,,ESPN Bet,1
401636373,2024,1,2024-08-31,Florida A&M,South Carolina State,-11.5,,47.5,,ESPN Bet,1
401636374,2024,4,2024-09-21,Troy,Florida A&M,-21.5,,49.5,,DraftKings,2
401636375,2024,8,2024-10-19,Jackson State,Florida A&M,-4.0,,51.5,,ESPN Bet,1
401636376,2024,9,2024-10-26,Florida A&M,Southern,-10.5,,47.5,,ESPN Bet,1
401636377,2024,10,2024-11-02,Florida A&M,Texas Southern,-14.5,,47.5,,ESPN Bet,1
401636378,2024,11,2024-11-09,Prairie View A&M,Florida A&M,17.0,,50.5,,ESPN Bet,1
401636379,2024,12,2024-11-16,Florida A&M,Mississippi Valley State,-31.0,,48.5,,ESPN Bet,1
401636383,2024,5,2024-09-28,Prairie View A&M,Grambling,-7.0,,53.5,,ESPN Bet,1
401636384,2024,7,2024-10-12,Grambling,Alcorn State,-4.5,,53.5,,ESPN Bet,1
401636385,2024,9,2024-10-26,Texas Southern,Grambling,-1.0,,49.5,,ESPN Bet,1
401636386,2024,14,2024-11-30,Southern,Grambling,-3.0,,45.5,,ESPN Bet,1
401636387,2024,1,2024-08-29,UL Monroe,Jackson State,-4.5,,45.5,,ESPN Bet,1
401636389,2024,3,2024-09-14,Jackson State,Southern,-10.0,,43.5,,ESPN Bet,1
401636390,2024,5,2024-09-28,Texas Southern,Jackson State,6.5,,49.5,,ESPN Bet,1
401636391,2024,11,2024-11-09,Jackson State,Mississippi Valley State,-31.5,,52.5,,ESPN Bet,1
401636392,2024,13,2024-11-23,Alcorn State,Jackson State,9.5,,49.5,,ESPN Bet,1
401636606,2024,1,2024-08-29,Kansas,Lindenwood,-48.5,,62.5,,ESPN Bet,1
401636607,2024,1,2024-08-29,Utah,Southern Utah,-37.5,,55.5,,ESPN Bet,1
401636608,2024,1,2024-08-31,Arizona,New Mexico,-28.0,-30.5,60.0,55.0,Bovada,3
401636609,2024,1,2024-08-31,Arizona State,Wyoming,-6.5,-6.0,47.0,47.5,Bovada,3
401636610,2024,1,2024-08-31,Baylor,Tarleton State,-33.5,,53.5,,ESPN Bet,1
401636611,2024,1,2024-08-31,Houston,UNLV,-3.0,-2.0,56.0,54.0,Bovada,2
401636612,2024,1,2024-08-31,Kansas State,UT Martin,-36.5,,56.5,,ESPN Bet,1
401636613,2024,1,2024-08-31,Texas Tech,Abilene Christian,-34.5,,58.5,,ESPN Bet,1
401636614,2024,2,2024-09-07,Arizona,Northern Arizona,-43.0,-43.0,65.0,65.0,DraftKings,2
401636615,2024,2,2024-09-07,TCU,Long Island University,-45.5,-45.5,56.5,54.5,ESPN Bet,1
401636616,2024,2,2024-09-07,Tulane,Kansas State,9.0,10.5,47.5,49.5,Bovada,3
401636617,2024,2,2024-09-07,UCF,Sam Houston,-21.5,-23.5,54.0,58.0,Bovada,3
401636618,2024,2,2024-09-07,Utah,Baylor,-15.0,-17.5,54.0,53.5,Bovada,3
401636859,2024,2,2024-09-07,Washington State,Texas Tech,2.5,1.0,66.0,66.0,Bovada,3
401636860,2024,3,2024-09-14,Baylor,Air Force,-17.0,-15.5,41.0,41.5,Bovada,3
401636861,2024,3,2024-09-14,Colorado State,Colorado,7.5,8.0,59.5,58.0,Bovada,3
401636862,2024,3,2024-09-14,Houston,Rice,-4.5,-4.5,45.0,44.5,Bovada,3
401636863,2024,3,2024-09-13,Kansas,UNLV,-9.5,-7.5,57.5,57.5,Bovada,3
401636864,2024,3,2024-09-13,Kansas State,Arizona,-7.0,-8.0,61.0,58.5,Bovada,3
401636865,2024,3,2024-09-14,Miami (OH),Cincinnati,3.0,3.5,47.5,46.5,Bovada,3
401636866,2024,3,2024-09-14,TCU,UCF,-2.5,2.0,61.5,62.5,Bovada,3
401636867,2024,3,2024-09-12,Texas State,Arizona State,-3.0,1.5,58.5,59.5,Bovada,3
401636868,2024,3,2024-09-14,Texas Tech,North Texas,-11.0,-10.0,70.5,68.5,Bovada,3
401636869,2024,3,2024-09-14,Tulsa,Oklahoma State,17.5,20.5,63.5,62.5,Bovada,3
401636870,2024,3,2024-09-14,Utah State,Utah,20.0,21.0,43.0,46.0,Bovada,3
401636871,2024,3,2024-09-14,Wyoming,BYU,9.5,11.0,39.5,40.5,Bovada,3
401636872,2024,4,2024-09-21,BYU,Kansas State,7.0,7.5,49.5,47.5,Bovada,3
401636873,2024,4,2024-09-21,Cincinnati,Houston,-3.5,-5.5,48.0,48.5,Bovada,3
401636874,2024,4,2024-09-21,Colorado,Baylor,-2.0,-1.0,51.5,54.0,Bovada,3
401636875,2024,4,2024-09-21,Iowa State,Arkansas State,-20.5,-21.0,52.0,51.5,Bovada,3
401636876,2024,4,2024-09-21,Oklahoma State,Utah,1.0,-3.0,53.5,51.5,Bovada,3
401636877,2024,4,2024-09-21,Texas Tech,Arizona State,-4.5,-3.5,58.5,60.5,Bovada,3
401636879,2024,4,2024-09-21,West Virginia,Kansas,-1.5,-2.5,56.0,57.5,Bovada,3
401636880,2024,5,2024-09-28,Baylor,BYU,-3.0,-3.5,46.5,45.0,Bovada,3
401636881,2024,5,2024-09-28,Houston,Iowa State,16.5,14.0,43.0,43.0,Bovada,3
401636882,2024,5,2024-09-28,Kansas,TCU,-1.5,-1.5,58.5,59.5,Bovada,3
401636883,2024,5,2024-09-28,Kansas State,Oklahoma State,-6.0,-5.0,58.0,56.0,Bovada,3
401636884,2024,5,2024-09-28,Texas Tech,Cincinnati,-3.0,-2.5,60.0,57.5,Bovada,3
401636885,2024,5,2024-09-28,UCF,Colorado,-12.5,-15.0,60.5,63.5,Bovada,3
401636886,2024,5,2024-09-28,Utah,Arizona,-7.5,-11.0,47.5,50.0,Bovada,3
401636887,2024,6,2024-10-05,Arizona,Texas Tech,-6.0,-6.0,63.5,62.5,Bovada,3
401636888,2024,6,2024-10-05,Arizona State,Kansas,-2.5,-2.5,50.0,50.5,Bovada,3
401636889,2024,6,2024-10-05,Iowa State,Baylor,-13.0,-13.0,45.0,46.5,Bovada,3
401636890,2024,6,2024-10-05,Oklahoma State,West Virginia,-2.5,-4.0,64.5,65.5,Bovada,3
401636891,2024,6,2024-10-04,TCU,Houston,-16.5,-16.0,52.0,50.0,Bovada,3
401636892,2024,7,2024-10-11,Arizona State,Utah,5.5,5.0,46.0,46.0,Bovada,3
401636893,2024,7,2024-10-12,BYU,Arizona,-2.5,-3.5,48.5,49.5,Bovada,3
401636894,2024,7,2024-10-12,Colorado,Kansas State,3.5,6.5,55.0,56.5,Bovada,3
401636895,2024,7,2024-10-12,UCF,Cincinnati,-2.5,-3.5,58.0,58.5,Bovada,3
401636896,2024,7,2024-10-12,West Virginia,Iowa State,3.0,3.0,54.0,51.0,Bovada,3
401636897,2024,8,2024-10-19,Arizona,Colorado,-2.5,-4.0,57.5,56.0,Bovada,3
401636898,2024,8,2024-10-18,BYU,Oklahoma State,-8.5,-8.0,53.0,55.5,Bovada,3
401636899,2024,8,2024-10-19,Cincinnati,Arizona State,-5.0,-3.0,51.5,53.5,Bovada,3
401636900,2024,8,2024-10-19,Iowa State,UCF,-13.0,-12.5,49.5,48.5,Bovada,3
401636901,2024,8,2024-10-19,Kansas,Houston,-4.5,-6.5,45.5,47.0,Bovada,3
401636902,2024,8,2024-10-19,Texas Tech,Baylor,-4.5,-6.5,56.0,57.5,Bovada,3
401636903,2024,8,2024-10-19,Utah,TCU,-3.0,-6.5,51.5,52.0,Bovada,3
401636904,2024,8,2024-10-19,West Virginia,Kansas State,2.5,3.0,56.0,54.5,Bovada,3
401636905,2024,9,2024-10-26,Arizona,West Virginia,-5.5,-3.0,51.5,55.0,Bovada,3
401636906,2024,9,2024-10-26,Baylor,Oklahoma State,-7.0,-4.5,64.5,65.0,Bovada,3
401636907,2024,9,2024-10-26,Colorado,Cincinnati,-6.0,-5.0,57.0,56.5,Bovada,3
401636908,2024,9,2024-10-26,Houston,Utah,4.5,3.5,36.0,38.0,Bovada,3
401636909,2024,9,2024-10-26,Kansas State,Kansas,-10.0,-9.5,56.0,55.0,Bovada,3
401636910,2024,9,2024-10-26,TCU,Texas Tech,-5.0,-6.0,66.0,67.5,Bovada,3
401636911,2024,9,2024-10-26,UCF,BYU,-2.5,-1.0,53.5,54.5,Bovada,3
401636912,2024,10,2024-11-02,Baylor,TCU,-2.5,-3.0,64.5,65.0,Bovada,3
401636913,2024,10,2024-11-02,Houston,Kansas State,13.0,13.0,45.5,46.0,Bovada,3
401636914,2024,10,2024-11-02,Iowa State,Texas Tech,-13.5,-14.0,56.0,57.5,Bovada,3
401636915,2024,10,2024-11-02,Oklahoma State,Arizona State,5.0,-1.0,57.5,57.0,Bovada,3
401636916,2024,10,2024-11-02,UCF,Arizona,-6.5,-6.0,55.0,55.0,Bovada,3
401636917,2024,11,2024-11-09,Arizona State,UCF,-2.5,-4.0,56.0,56.0,Bovada,3
401636918,2024,11,2024-11-09,Cincinnati,West Virginia,-5.0,-4.5,54.5,57.5,Bovada,3
401636919,2024,11,2024-11-09,Kansas,Iowa State,2.5,3.0,53.0,50.5,Bovada,3
401636920,2024,11,2024-11-09,TCU,Oklahoma State,-10.5,-12.0,68.5,67.0,Bovada,3
401636921,2024,11,2024-11-09,Texas Tech,Colorado,5.0,3.0,62.0,63.0,Bovada,3
401636922,2024,11,2024-11-09,Utah,BYU,3.0,4.5,40.5,41.5,Bovada,3
401636923,2024,12,2024-11-15,Arizona,Houston,-1.0,-2.0,46.0,45.0,Bovada,3
401636924,2024,12,2024-11-16,BYU,Kansas,-2.0,-3.5,56.5,55.5,Bovada,3
401636925,2024,12,2024-11-16,Colorado,Utah,-13.5,-10.0,43.5,47.5,Bovada,3
401636926,2024,12,2024-11-16,Iowa State,Cincinnati,-7.0,-10.0,52.5,53.5,Bovada,3
401636927,2024,12,2024-11-16,Kansas State,Arizona State,-7.5,-8.5,51.5,49.5,Bovada,3
401636929,2024,12,2024-11-16,West Virginia,Baylor,2.5,2.0,60.0,58.5,Bovada,3
401636930,2024,13,2024-11-23,Arizona State,BYU,-3.5,-3.5,48.5,48.0,Bovada,3
401636931,2024,13,2024-11-23,Houston,Baylor,7.0,7.5,51.0,50.5,Bovada,3
401636932,2024,13,2024-11-23,Kansas,Colorado,2.5,2.5,59.0,59.5,Bovada,3
401636933,2024,13,2024-11-23,Kansas State,Cincinnati,-7.5,-8.5,54.5,53.0,Bovada,3
401636934,2024,13,2024-11-23,Oklahoma State,Texas Tech,5.0,3.5,64.5,68.0,Bovada,3
401636935,2024,13,2024-11-23,TCU,Arizona,-11.0,-11.0,60.0,59.5,Bovada,3
401636936,2024,13,2024-11-23,Utah,Iowa State,6.5,6.5,42.5,42.5,Bovada,3
401636937,2024,13,2024-11-23,West Virginia,UCF,3.0,3.0,60.5,64.0,Bovada,3
401636938,2024,14,2024-11-29,Colorado,Oklahoma State,-16.5,-16.5,66.0,64.5,Bovada,3
401636939,2024,14,2024-11-29,UCF,Utah,-10.0,-9.0,46.5,49.0,Bovada,3
401636940,2024,14,2024-11-30,Arizona,Arizona State,7.5,8.5,53.5,53.5,Bovada,3
401636941,2024,14,2024-11-30,Baylor,Kansas,-1.0,-1.5,62.0,61.5,Bovada,3
401636942,2024,14,2024-11-30,BYU,Houston,-12.0,-12.0,40.5,41.0,Bovada,3
401636943,2024,14,2024-11-30,Cincinnati,TCU,2.5,3.0,58.5,58.0,Bovada,3
401636944,2024,14,2024-11-30,Iowa State,Kansas State,-1.5,-3.0,52.0,52.0,Bovada,3
401636945,2024,14,2024-11-30,Texas Tech,West Virginia,-3.0,-3.5,64.5,64.5,Bovada,3
401636999,2024,2,2024-09-07,UConn,Merrimack,-14.5,-15.5,44.5,45.5,ESPN Bet,1
401637159,2024,1,2024-08-31,Washington State,Portland State,-26.5,,57.5,,ESPN Bet,1
401637160,2024,2,2024-09-07,Weber State,Portland State,-9.0,,62.5,,ESPN Bet,1
401637162,2024,4,2024-09-21,Boise State,Portland State,-43.0,-41.5,69.5,,DraftKings,2
401638342,2024,6,2024-10-05,Samford,VMI,-17.0,,50.5,,ESPN Bet,1
401638343,2024,6,2024-10-05,The Citadel,Furman,12.5,,45.5,,ESPN Bet,1
401638344,2024,7,2024-10-12,Western Carolina,The Citadel,-17.5,,56.5,,ESPN Bet,1
401638345,2024,8,2024-10-19,Furman,Western Carolina,6.5,,55.5,,ESPN Bet,1
401638346,2024,8,2024-10-19,VMI,The Citadel,4.0,,47.5,,ESPN Bet,1
401638347,2024,9,2024-10-26,The Citadel,Samford,8.5,,49.5,,ESPN Bet,1
401638348,2024,10,2024-11-02,VMI,Furman,10.0,,44.5,,ESPN Bet,1
401638349,2024,12,2024-11-16,Western Carolina,VMI,-24.5,,54.5,,ESPN Bet,1
401638350,2024,13,2024-11-23,Samford,Western Carolina,2.5,,58.5,,ESPN Bet,1
401638359,2024,1,2024-08-31,Incarnate Word,Northern Colorado,-22.5,,54.5,,ESPN Bet,1
401638361,2024,6,2024-10-05,Incarnate Word,Prairie View A&M,-23.5,,55.5,,ESPN Bet,1
401638659,2024,5,2024-09-29,Presbyterian,Davidson,-12.5,,55.5,,ESPN Bet,1
401638660,2024,5,2024-09-28,Marist,Dayton,9.5,,46.5,,ESPN Bet,1
401638661,2024,5,2024-09-28,Drake,San Diego,-3.5,,44.5,,ESPN Bet,1
401638662,2024,5,2024-09-28,Morehead State,Valparaiso,-1.0,,49.5,,ESPN Bet,1
401638663,2024,6,2024-10-05,Valparaiso,Drake,11.5,,43.5,,ESPN Bet,1
401638664,2024,6,2024-10-05,Davidson,Marist,-20.5,,58.5,,ESPN Bet,1
401638665,2024,6,2024-10-05,Butler,Morehead State,-14.5,,47.5,,ESPN Bet,1
401638666,2024,6,2024-10-05,San Diego,Presbyterian,-18.0,,54.5,,ESPN Bet,1
401638667,2024,6,2024-10-05,St. Thomas (MN),Stetson,-10.5,,45.5,,ESPN Bet,1
401638668,2024,7,2024-10-12,Drake,Butler,-2.5,,44.5,,ESPN Bet,1
401638669,2024,7,2024-10-12,Dayton,Davidson,-1.5,,57.5,,ESPN Bet,1
401638670,2024,7,2024-10-12,Morehead State,Presbyterian,2.5,,51.5,,ESPN Bet,1
401638671,2024,7,2024-10-12,Marist,St. Thomas (MN),7.0,,48.5,,ESPN Bet,1
401638673,2024,8,2024-10-19,Butler,Dayton,-5.5,,44.5,,ESPN Bet,1
401638674,2024,8,2024-10-19,Presbyterian,Drake,11.5,,48.5,,ESPN Bet,1
401638675,2024,8,2024-10-19,San Diego,Marist,-16.5,,50.5,,ESPN Bet,1
401638676,2024,8,2024-10-19,Davidson,Stetson,-18.5,,58.5,,ESPN Bet,1
401638678,2024,9,2024-10-26,Davidson,Butler,1.0,,58.5,,ESPN Bet,1
401638679,2024,9,2024-10-26,Dayton,Morehead State,-14.5,,44.5,,ESPN Bet,1
401638680,2024,9,2024-10-26,Stetson,Presbyterian,4.5,,55.5,,ESPN Bet,1
401638682,2024,9,2024-10-26,Marist,Valparaiso,1.0,,47.5,,ESPN Bet,1
401638683,2024,10,2024-11-02,San Diego,Davidson,-3.0,,60.5,,ESPN Bet,1
401638684,2024,10,2024-11-02,Presbyterian,Dayton,5.5,,47.5,,ESPN Bet,1
401638686,2024,10,2024-11-02,Butler,Stetson,-26.5,,49.5,,ESPN Bet,1
401638687,2024,10,2024-11-02,Morehead State,St. Thomas (MN),6.0,,45.5,,ESPN Bet,1
401638688,2024,11,2024-11-09,Valparaiso,Butler,14.5,,45.5,,ESPN Bet,1
401638689,2024,11,2024-11-09,St. Thomas (MN),Drake,4.5,,42.5,,ESPN Bet,1
401638690,2024,11,2024-11-09,Stetson,Marist,-0.5,,53.5,,ESPN Bet,1
401638691,2024,11,2024-11-09,Davidson,Morehead State,-7.0,,55.5,,ESPN Bet,1
401638692,2024,11,2024-11-09,Dayton,San Diego,3.5,,41.5,,ESPN Bet,1
401638693,2024,12,2024-11-16,Drake,Morehead State,-14.5,,37.5,,ESPN Bet,1
401638694,2024,12,2024-11-16,Marist,Presbyterian,10.0,,52.5,,ESPN Bet,1
401638695,2024,12,2024-11-16,San Diego,Stetson,-27.5,,54.5,,ESPN Bet,1
401638696,2024,12,2024-11-16,Butler,St. Thomas (MN),-6.5,,44.5,,ESPN Bet,1
401638697,2024,12,2024-11-16,Dayton,Valparaiso,-13.0,,39.5,,ESPN Bet,1
401638698,2024,13,2024-11-23,Presbyterian,Butler,9.5,,48.5,,ESPN Bet,1
401638699,2024,13,2024-11-23,Valparaiso,Davidson,8.0,,57.5,,ESPN Bet,1
401638700,2024,13,2024-11-23,St. Thomas (MN),Dayton,-2.5,,40.5,,ESPN Bet,1
401638701,2024,13,2024-11-23,Stetson,Drake,19.5,,51.5,,ESPN Bet,1
401638702,2024,13,2024-11-23,Morehead State,San Diego,6.5,,40.5,,ESPN Bet,1
401640959,2024,13,2024-11-23,Notre Dame,Army,-14.5,-15.5,44.5,44.5,Bovada,3
401640979,2024,2,2024-09-07,Florida International,Central Michigan,3.5,5.0,52.0,51.5,Bovada,3
401640980,2024,3,2024-09-14,Florida Atlantic,Florida International,-3.5,-5.0,45.0,43.5,Bovada,3
401640981,2024,5,2024-09-28,Florida International,Louisiana Tech,2.0,3.0,48.5,52.0,Bovada,3
401640982,2024,7,2024-10-08,Liberty,Florida International,-16.0,-19.5,55.5,55.0,Bovada,3
401640983,2024,8,2024-10-16,UTEP,Florida International,7.0,5.0,47.0,49.5,Bovada,3
401640984,2024,9,2024-10-22,Florida International,Sam Houston,5.0,7.0,47.0,46.0,Bovada,3
401640985,2024,10,2024-10-29,Florida International,New Mexico State,-7.0,-7.5,43.5,45.0,Bovada,3
401640986,2024,12,2024-11-16,Jacksonville State,Florida International,-12.5,-14.0,58.5,58.0,Bovada,3
401640987,2024,13,2024-11-23,Kennesaw State,Florida International,9.0,9.0,42.0,44.0,Bovada,3
401640988,2024,14,2024-11-30,Florida International,Middle Tennessee,-8.0,-9.0,51.0,52.0,Bovada,3
401640989,2024,2,2024-09-07,New Mexico State,Liberty,22.0,21.0,54.0,57.0,Bovada,3
401640990,2024,3,2024-09-14,Liberty,UTEP,-24.0,-24.0,57.5,,Bovada,3
401640991,2024,4,2024-09-21,Liberty,East Carolina,-7.5,-7.0,54.5,52.5,Bovada,3
401640993,2024,9,2024-10-23,Kennesaw State,Liberty,27.0,23.5,48.0,45.5,Bovada,3
401640994,2024,10,2024-10-30,Liberty,Jacksonville State,-2.5,-1.5,64.5,63.5,Bovada,3
401640995,2024,11,2024-11-09,Middle Tennessee,Liberty,13.0,10.5,55.0,54.0,Bovada,3
401640996,2024,13,2024-11-23,Liberty,Western Kentucky,-1.0,-1.0,55.5,57.5,Bovada,3
401640997,2024,14,2024-11-29,Sam Houston,Liberty,2.0,2.5,47.5,47.5,Bovada,3
401640998,2024,1,2024-08-29,Jacksonville State,Coastal Carolina,-3.5,-3.5,54.5,56.5,Bovada,3
401640999,2024,3,2024-09-14,Eastern Michigan,Jacksonville State,2.5,-1.5,53.5,50.0,Bovada,3
401641000,2024,4,2024-09-21,Jacksonville State,Southern Miss,-6.0,,59.5,,Bovada,3
401641001,2024,6,2024-10-04,Kennesaw State,Jacksonville State,17.0,14.0,49.5,48.5,Bovada,3
401641002,2024,7,2024-10-09,Jacksonville State,New Mexico State,-21.0,-20.5,59.0,58.5,Bovada,3
401641003,2024,9,2024-10-23,Jacksonville State,Middle Tennessee,-20.5,-21.0,64.5,63.5,Bovada,3
401641004,2024,11,2024-11-09,Louisiana Tech,Jacksonville State,10.0,10.0,55.5,56.0,Bovada,3
401641005,2024,13,2024-11-23,Jacksonville State,Sam Houston,-5.0,-5.5,57.0,56.0,Bovada,3
401641006,2024,14,2024-11-30,Western Kentucky,Jacksonville State,1.0,-1.5,62.5,60.5,Bovada,3
401641008,2024,4,2024-09-21,Louisiana Tech,Tulsa,-2.5,-2.0,56.5,57.5,Bovada,3
401641009,2024,7,2024-10-10,Louisiana Tech,Middle Tennessee,-5.0,-4.0,47.5,48.0,Bovada,3
401641010,2024,8,2024-10-15,New Mexico State,Louisiana Tech,12.5,10.5,48.5,48.0,Bovada,3
401641011,2024,9,2024-10-22,Louisiana Tech,UTEP,-6.5,-7.5,49.0,49.5,Bovada,3
401641012,2024,10,2024-10-29,Sam Houston,Louisiana Tech,-10.5,-10.5,45.5,45.5,Bovada,3
401641013,2024,12,2024-11-16,Western Kentucky,Louisiana Tech,-12.5,-13.0,52.5,53.0,Bovada,3
401641014,2024,14,2024-11-30,Louisiana Tech,Kennesaw State,-10.5,-11.0,41.0,43.0,Bovada,3
401641015,2024,1,2024-08-31,UTSA,Kennesaw State,-24.0,-24.5,48.5,50.0,Bovada,2
401641016,2024,2,2024-09-07,Kennesaw State,Louisiana,14.5,15.0,46.5,46.5,Bovada,3
401641017,2024,3,2024-09-14,San José State,Kennesaw State,-17.0,-18.0,42.0,45.0,Bovada,3
401641018,2024,5,2024-09-28,Kennesaw State,UT Martin,2.0,,45.5,45.5,DraftKings,2
401641019,2024,8,2024-10-15,Middle Tennessee,Kennesaw State,-8.0,-10.0,50.0,51.0,Bovada,3
401641020,2024,10,2024-10-30,Western Kentucky,Kennesaw State,-23.5,-24.0,49.0,50.5,Bovada,3
401641021,2024,11,2024-11-09,UTEP,Kennesaw State,-4.5,-3.5,42.0,42.0,Bovada,3
401641022,2024,12,2024-11-16,Kennesaw State,Sam Houston,21.0,14.0,43.5,42.5,Bovada,3
401641024,2024,3,2024-09-14,Middle Tennessee,Western Kentucky,7.5,7.5,54.0,54.5,Bovada,3
401641025,2024,5,2024-09-28,Memphis,Middle Tennessee,-27.0,-26.0,61.5,61.5,Bovada,3
401641026,2024,10,2024-11-02,UTEP,Middle Tennessee,-2.0,-3.0,48.5,51.5,Bovada,3
401641027,2024,13,2024-11-23,Middle Tennessee,New Mexico State,-3.0,-4.0,53.0,51.5,Bovada,3
401641028,2024,4,2024-09-21,Colorado State,UTEP,-8.5,-10.0,49.0,50.5,Bovada,3
401641029,2024,6,2024-10-03,UTEP,Sam Houston,10.0,10.5,49.5,50.0,Bovada,3
401641030,2024,7,2024-10-10,Western Kentucky,UTEP,-19.5,-19.5,56.0,55.5,Bovada,3
401641031,2024,14,2024-11-30,New Mexico State,UTEP,-3.0,-2.5,51.5,51.5,Bovada,3
401641032,2024,1,2024-08-31,New Mexico State,Southeast Missouri State,-9.5,,52.5,,ESPN Bet,1
401641033,2024,3,2024-09-14,Fresno State,New Mexico State,-20.0,-19.5,48.0,47.5,Bovada,3
401641034,2024,4,2024-09-21,Sam Houston,New Mexico State,-15.5,,44.5,,Bovada,3
401641035,2024,5,2024-09-28,New Mexico State,New Mexico,9.5,9.5,54.5,56.5,Bovada,3
401641036,2024,11,2024-11-09,New Mexico State,Western Kentucky,18.0,17.5,53.5,51.5,Bovada,3
401641037,2024,4,2024-09-21,Western Kentucky,Toledo,2.5,1.0,61.0,59.0,Bovada,3
401641038,2024,8,2024-10-16,Sam Houston,Western Kentucky,-1.0,-2.5,54.5,55.5,Bovada,3
401641039,2024,1,2024-08-31,Rice,Sam Houston,-9.5,-10.5,49.0,49.5,Bovada,3
401641040,2024,3,2024-09-14,Sam Houston,Hawai'i,-4.0,-4.0,48.5,50.0,Bovada,3
401641041,2024,5,2024-09-28,Sam Houston,Texas State,11.0,8.0,55.5,55.5,Bovada,3
401643696,2024,1,2024-08-24,Nevada,SMU,28.0,25.5,55.5,57.5,Bovada,3
401643697,2024,1,2024-08-24,New Mexico,Montana State,10.5,10.0,53.5,53.0,Bovada,3
401643698,2024,1,2024-08-29,San José State,Sacramento State,-2.5,,62.5,,ESPN Bet,1
401643699,2024,1,2024-08-31,Air Force,Merrimack,-30.5,,47.5,,ESPN Bet,1
401643700,2024,1,2024-08-31,Georgia Southern,Boise State,13.0,12.0,57.5,57.0,Bovada,3
401643701,2024,1,2024-08-31,Troy,Nevada,-7.5,-15.0,44.5,45.5,Bovada,3
401643704,2024,1,2024-08-31,Oregon State,Idaho State,-29.5,,57.5,,ESPN Bet,1
401643705,2024,2,2024-09-07,Air Force,San José State,-3.0,-6.0,44.5,46.5,Bovada,3
401643706,2024,2,2024-09-07,Colorado State,Northern Colorado,-31.0,-28.5,52.5,53.5,ESPN Bet,1
401643707,2024,2,2024-09-07,Fresno State,Sacramento State,-18.5,-15.5,55.5,56.5,ESPN Bet,1
401643708,2024,2,2024-09-07,Nevada,Georgia Southern,1.0,3.0,56.0,55.0,Bovada,3
401643709,2024,2,2024-09-07,San Diego State,Oregon State,5.5,3.5,53.5,56.0,Bovada,3
401643710,2024,2,2024-09-07,Wyoming,Idaho,-6.5,-7.5,39.5,41.5,ESPN Bet,1
401643711,2024,4,2024-09-21,New Mexico,Fresno State,13.5,15.0,60.0,61.5,Bovada,3
401643712,2024,4,2024-09-21,Hawai'i,Northern Iowa,-10.0,-8.5,46.0,,DraftKings,2
401643713,2024,4,2024-09-21,Nevada,Eastern Washington,-13.5,-9.5,55.5,,DraftKings,2
401643714,2024,4,2024-09-20,Washington State,San José State,-13.0,-14.5,55.5,55.5,Bovada,3
401643715,2024,4,2024-09-21,Temple,Utah State,6.5,6.0,53.5,52.0,Bovada,3
401643716,2024,4,2024-09-21,North Texas,Wyoming,-6.5,-9.0,55.0,55.5,Bovada,3
401643717,2024,4,2024-09-21,Oregon State,Purdue,-2.5,-6.0,50.5,50.5,Bovada,3
401643718,2024,5,2024-09-28,Wyoming,Air Force,4.0,3.5,33.0,34.5,Bovada,3
401643719,2024,5,2024-09-28,Boise State,Washington State,-6.5,-7.0,66.0,65.5,Bovada,3
401643720,2024,5,2024-09-28,UNLV,Fresno State,-2.5,-4.0,50.5,50.5,Bovada,3
401643721,2024,5,2024-09-28,Central Michigan,San Diego State,-2.5,-2.5,47.0,53.0,Bovada,3
401643722,2024,6,2024-10-05,Air Force,Navy,10.0,8.5,37.0,36.0,Bovada,3
401643723,2024,6,2024-10-05,Boise State,Utah State,-28.0,-26.5,66.5,65.5,Bovada,3
401643724,2024,6,2024-10-05,Oregon State,Colorado State,-10.5,-14.0,47.0,47.5,Bovada,3
401643725,2024,6,2024-10-05,San Diego State,Hawai'i,-1.5,-3.0,47.5,47.0,Bovada,3
401643726,2024,6,2024-10-05,San José State,Nevada,-7.0,-7.0,51.0,48.0,Bovada,3
401643727,2024,7,2024-10-12,New Mexico,Air Force,-7.0,-6.5,56.0,54.5,Bovada,3
401643728,2024,7,2024-10-12,Hawai'i,Boise State,21.0,21.0,60.0,60.5,Bovada,3
401643729,2024,7,2024-10-12,Colorado State,San José State,-2.5,2.0,55.5,55.0,Bovada,3
401643730,2024,7,2024-10-12,Fresno State,Washington State,3.5,3.5,60.0,61.5,Bovada,3
401643731,2024,7,2024-10-12,Nevada,Oregon State,3.0,3.5,47.0,48.5,Bovada,3
401643732,2024,7,2024-10-12,Wyoming,San Diego State,-2.0,1.0,43.0,42.5,Bovada,3
401643733,2024,7,2024-10-11,Utah State,UNLV,18.5,19.0,67.0,64.5,Bovada,3
401643734,2024,8,2024-10-19,Air Force,Colorado State,6.0,7.5,44.0,47.0,Bovada,3
401643735,2024,8,2024-10-18,Nevada,Fresno State,3.0,3.0,50.0,51.0,Bovada,3
401643736,2024,8,2024-10-19,Washington State,Hawai'i,-19.0,-19.5,55.5,55.5,Bovada,3
401643737,2024,8,2024-10-19,Utah State,New Mexico,1.0,2.5,78.5,78.0,Bovada,3
401643738,2024,8,2024-10-19,San José State,Wyoming,-13.0,-11.0,53.5,50.0,Bovada,3
401643739,2024,8,2024-10-19,Oregon State,UNLV,6.5,6.5,61.5,61.0,Bovada,3
401643740,2024,9,2024-10-25,UNLV,Boise State,4.0,3.0,64.0,65.5,Bovada,3
401643741,2024,9,2024-10-26,Colorado State,New Mexico,-3.5,-6.0,62.0,65.0,Bovada,3
401643742,2024,9,2024-10-26,Fresno State,San José State,-6.5,-6.0,55.0,54.5,Bovada,3
401643743,2024,9,2024-10-26,Hawai'i,Nevada,-2.5,2.5,42.0,47.5,Bovada,3
401643744,2024,9,2024-10-26,San Diego State,Washington State,17.0,14.5,56.5,57.0,Bovada,3
401643745,2024,9,2024-10-26,Wyoming,Utah State,2.5,-2.5,57.0,57.0,Bovada,3
401643746,2024,10,2024-11-02,Army,Air Force,-18.0,-24.0,38.0,41.5,Bovada,3
401643747,2024,10,2024-11-01,Boise State,San Diego State,-24.5,-24.0,55.5,57.0,Bovada,3
401643748,2024,10,2024-11-02,Nevada,Colorado State,2.0,1.0,45.0,45.0,Bovada,3
401643749,2024,10,2024-11-02,Fresno State,Hawai'i,-12.5,-13.0,46.0,48.5,Bovada,3
401643750,2024,10,2024-11-02,New Mexico,Wyoming,-8.0,-7.0,60.5,59.5,Bovada,3
401643751,2024,11,2024-11-09,Air Force,Fresno State,9.5,10.5,40.5,41.0,Bovada,3
401643752,2024,11,2024-11-09,Boise State,Nevada,-23.5,-24.5,61.5,61.0,Bovada,3
401643753,2024,11,2024-11-09,Hawai'i,UNLV,12.0,13.5,51.5,50.5,Bovada,3
401643754,2024,11,2024-11-08,San Diego State,New Mexico,-1.0,-3.0,65.0,68.0,Bovada,3
401643755,2024,11,2024-11-09,Oregon State,San José State,-3.0,-3.5,58.5,55.5,Bovada,3
401643756,2024,11,2024-11-09,Washington State,Utah State,-20.5,-20.5,69.0,69.5,Bovada,3
401643757,2024,12,2024-11-16,Air Force,Oregon State,2.5,4.5,44.5,45.0,Bovada,3
401643758,2024,12,2024-11-16,San José State,Boise State,14.0,13.5,62.5,61.0,Bovada,3
401643759,2024,12,2024-11-15,Colorado State,Wyoming,-9.0,-10.0,47.0,48.0,Bovada,3
401643760,2024,12,2024-11-16,Utah State,Hawai'i,2.5,2.0,62.0,60.0,Bovada,3
401643761,2024,12,2024-11-16,New Mexico,Washington State,10.5,13.0,72.0,72.0,Bovada,3
401643762,2024,12,2024-11-16,UNLV,San Diego State,-21.5,-20.5,55.0,54.5,Bovada,3
401643763,2024,13,2024-11-23,Nevada,Air Force,-2.5,-4.0,45.0,44.5,Bovada,3
401643764,2024,13,2024-11-23,Wyoming,Boise State,22.0,22.5,54.0,57.5,Bovada,3
401643765,2024,13,2024-11-23,Fresno State,Colorado State,-3.0,-3.0,43.5,46.5,Bovada,3
401643766,2024,13,2024-11-23,Utah State,San Diego State,-5.0,-4.0,60.0,62.0,Bovada,3
401643767,2024,13,2024-11-22,San José State,UNLV,7.5,7.0,60.0,62.5,Bovada,3
401643768,2024,14,2024-11-30,San Diego State,Air Force,5.5,3.5,43.5,43.5,Bovada,3
401643769,2024,14,2024-11-29,Boise State,Oregon State,-18.0,-20.0,57.5,56.5,Bovada,3
401643770,2024,14,2024-11-29,Colorado State,Utah State,-5.5,-6.0,58.5,60.5,Bovada,3
401643771,2024,14,2024-11-30,Hawai'i,New Mexico,4.0,2.5,62.5,61.0,Bovada,3
401643772,2024,14,2024-11-30,UNLV,Nevada,-17.5,-17.5,55.0,55.0,Bovada,3
401643773,2024,14,2024-11-30,Washington State,Wyoming,-18.5,-17.0,55.0,58.5,Bovada,3
401643774,2024,1,2024-08-31,Charlotte,James Madison,6.5,7.5,47.5,51.0,Bovada,2
401643775,2024,1,2024-08-31,South Alabama,North Texas,-6.0,-6.0,61.5,64.5,Bovada,3
401643777,2024,2,2024-09-07,James Madison,Gardner-Webb,-35.5,-33.0,50.5,54.5,ESPN Bet,1
401643778,2024,2,2024-09-07,Old Dominion,East Carolina,-2.0,-2.0,54.0,51.0,Bovada,3
401643779,2024,2,2024-09-07,Arkansas State,Tulsa,-9.0,-6.5,66.0,64.5,Bovada,3
401643780,2024,2,2024-09-07,UL Monroe,UAB,11.0,11.5,55.0,54.5,Bovada,3
401643781,2024,2,2024-09-07,Ohio,South Alabama,-1.0,0.0,55.0,54.5,Bovada,3
401643782,2024,2,2024-09-07,Southern Miss,SE Louisiana,-17.5,-14.5,53.5,54.5,ESPN Bet,1
401643783,2024,2,2024-09-07,Texas State,UTSA,-2.5,-2.0,59.0,60.5,Bovada,3
401643784,2024,2,2024-09-07,Memphis,Troy,-18.5,-17.0,56.0,55.5,Bovada,3
401643785,2024,3,2024-09-14,East Carolina,App State,1.5,3.0,59.5,61.0,Bovada,3
401643786,2024,3,2024-09-14,Temple,Coastal Carolina,17.0,18.5,52.0,51.5,Bovada,3
401643787,2024,3,2024-09-14,Georgia Southern,South Carolina State,,,,,DraftKings,2
401643788,2024,3,2024-09-12,South Alabama,Northwestern State,-36.5,-38.0,60.5,60.5,ESPN Bet,1
401643789,2024,3,2024-09-14,Southern Miss,South Florida,10.5,10.5,58.5,57.5,Bovada,3
401643790,2024,4,2024-09-19,App State,South Alabama,-7.5,-8.0,62.5,,Bovada,3
401643791,2024,4,2024-09-21,Louisiana,Tulane,1.5,3.5,53.5,55.0,Bovada,3
401643792,2024,5,2024-09-28,Georgia State,Georgia Southern,-3.5,-3.0,57.0,58.0,Bovada,3
401643793,2024,5,2024-09-28,James Madison,Ball State,-22.0,-21.0,56.5,57.0,Bovada,3
401643794,2024,5,2024-09-28,Marshall,Western Michigan,-3.5,-3.5,53.5,54.5,Bovada,3
401643795,2024,5,2024-09-28,Bowling Green,Old Dominion,-11.0,-10.0,51.5,51.0,Bovada,3
401643796,2024,5,2024-09-28,Troy,UL Monroe,-6.0,-7.0,46.0,45.5,Bovada,3
401643797,2024,6,2024-10-03,Troy,Texas State,14.5,14.5,56.0,58.0,Bovada,3
401643798,2024,6,2024-10-05,Coastal Carolina,Old Dominion,-4.0,-5.0,51.5,55.0,Bovada,3
401643799,2024,6,2024-10-05,Marshall,App State,-3.0,-2.0,56.5,58.0,Bovada,3
401643800,2024,6,2024-10-05,Arkansas State,South Alabama,2.5,2.5,62.5,62.0,Bovada,3
401643801,2024,6,2024-10-05,UL Monroe,James Madison,16.5,16.0,48.0,49.0,Bovada,3
401643802,2024,6,2024-10-05,Southern Miss,Louisiana,17.5,15.0,57.5,57.5,Bovada,3
401643803,2024,7,2024-10-10,James Madison,Coastal Carolina,-7.0,-9.5,59.0,58.5,Bovada,3
401643804,2024,7,2024-10-12,Georgia Southern,Marshall,1.0,2.5,58.0,61.0,Bovada,3
401643805,2024,7,2024-10-12,Georgia State,Old Dominion,-3.0,-1.5,53.5,54.5,Bovada,3
401643806,2024,7,2024-10-12,Louisiana,App State,-10.0,-10.5,64.5,65.0,Bovada,3
401643807,2024,7,2024-10-12,UL Monroe,Southern Miss,-4.0,-6.0,41.0,41.0,Bovada,3
401643808,2024,7,2024-10-12,Texas State,Arkansas State,-13.5,-14.5,66.0,63.0,Bovada,3
401643809,2024,8,2024-10-15,South Alabama,Troy,-10.0,-11.5,53.5,56.5,Bovada,3
401643810,2024,8,2024-10-17,Marshall,Georgia State,-9.5,-9.0,51.5,53.5,Bovada,3
401643811,2024,8,2024-10-19,Coastal Carolina,Louisiana,6.5,3.5,57.0,56.5,Bovada,3
401643812,2024,8,2024-10-19,Georgia Southern,James Madison,10.0,10.0,58.5,59.5,Bovada,3
401643813,2024,8,2024-10-19,Old Dominion,Texas State,10.5,10.0,60.5,62.5,Bovada,3
401643814,2024,8,2024-10-19,Southern Miss,Arkansas State,7.0,6.5,56.5,53.5,Bovada,3
401643815,2024,9,2024-10-24,Old Dominion,Georgia Southern,1.0,-2.0,52.0,54.0,Bovada,3
401643816,2024,9,2024-10-26,App State,Georgia State,-7.5,-8.0,59.0,63.0,Bovada,3
401643817,2024,9,2024-10-26,James Madison,Southern Miss,-24.0,-24.0,54.0,54.5,Bovada,3
401643818,2024,9,2024-10-26,Arkansas State,Troy,-8.5,-7.5,50.0,51.5,Bovada,3
401643819,2024,9,2024-10-26,South Alabama,UL Monroe,-7.0,-7.5,45.0,46.5,Bovada,3
401643820,2024,10,2024-10-29,Texas State,Louisiana,-4.0,-3.0,60.5,59.0,Bovada,3
401643821,2024,10,2024-11-02,App State,Old Dominion,3.0,2.0,58.0,60.5,Bovada,3
401643822,2024,10,2024-11-02,Marshall,UL Monroe,-10.5,-10.0,48.0,47.0,Bovada,3
401643823,2024,10,2024-11-02,South Alabama,Georgia Southern,-5.5,-6.0,60.0,61.0,Bovada,3
401643824,2024,10,2024-11-02,Troy,Coastal Carolina,4.5,4.0,51.5,52.5,Bovada,3
401643825,2024,11,2024-11-07,Coastal Carolina,App State,2.5,-1.0,63.0,63.0,Bovada,3
401643826,2024,11,2024-11-09,James Madison,Georgia State,-14.5,-16.5,53.5,54.0,Bovada,3
401643827,2024,11,2024-11-09,Louisiana,Arkansas State,-14.0,-14.5,60.0,60.5,Bovada,3
401643828,2024,11,2024-11-09,UL Monroe,Texas State,9.5,7.0,50.0,48.5,Bovada,3
401643829,2024,11,2024-11-09,Southern Miss,Marshall,13.5,13.5,53.5,55.5,Bovada,3
401643830,2024,12,2024-11-16,Georgia Southern,Troy,-7.0,-7.5,53.5,54.0,Bovada,3
401643831,2024,12,2024-11-16,Georgia State,Arkansas State,-3.0,-2.0,59.5,58.5,Bovada,3
401643832,2024,12,2024-11-16,Marshall,Coastal Carolina,-7.5,-8.0,57.0,56.0,Bovada,3
401643833,2024,12,2024-11-16,Old Dominion,James Madison,2.5,4.0,50.5,52.0,Bovada,3
401643834,2024,12,2024-11-16,Louisiana,South Alabama,-6.5,-9.0,60.0,58.5,Bovada,3
401643835,2024,12,2024-11-16,Texas State,Southern Miss,-27.5,-26.5,56.5,56.0,Bovada,3
401643836,2024,13,2024-11-23,App State,James Madison,7.0,7.0,57.5,60.5,Bovada,3
401643837,2024,13,2024-11-23,Coastal Carolina,Georgia Southern,-2.0,-2.5,59.0,57.0,Bovada,3
401643838,2024,13,2024-11-23,Old Dominion,Marshall,-3.0,-2.0,51.5,51.5,Bovada,3
401643839,2024,13,2024-11-23,Arkansas State,UL Monroe,-3.0,-3.0,51.5,52.5,Bovada,3
401643840,2024,13,2024-11-23,Louisiana,Troy,-7.5,-11.5,51.5,53.0,Bovada,3
401643841,2024,13,2024-11-23,Southern Miss,South Alabama,24.0,21.5,54.0,55.0,Bovada,3
401643842,2024,13,2024-11-23,Texas State,Georgia State,-23.0,-20.5,59.5,58.0,Bovada,3
401643843,2024,14,2024-11-29,South Alabama,Texas State,1.5,1.0,61.0,61.5,Bovada,3
401643844,2024,14,2024-11-30,Georgia Southern,App State,-2.5,-2.5,60.5,62.0,Bovada,3
401643845,2024,14,2024-11-30,Georgia State,Coastal Carolina,1.0,1.5,54.0,55.5,Bovada,3
401643846,2024,14,2024-11-30,James Madison,Marshall,-3.5,-3.5,52.0,52.5,Bovada,3
401643847,2024,14,2024-11-30,Arkansas State,Old Dominion,5.5,4.0,58.5,58.5,Bovada,3
401643848,2024,14,2024-11-30,UL Monroe,Louisiana,10.0,9.5,49.5,48.5,Bovada,3
401643849,2024,14,2024-11-30,Troy,Southern Miss,-17.5,-17.0,49.0,48.5,Bovada,3
401643858,2024,1,2024-08-24,Hawai'i,Delaware State,-38.5,-38.0,57.5,57.0,Bovada,3
401644596,2024,4,2024-09-21,Harvard,Stetson,-34.5,,52.5,,ESPN Bet,1
401644597,2024,5,2024-09-28,Brown,Harvard,7.0,,53.5,,ESPN Bet,1
401644598,2024,6,2024-10-04,Harvard,New Hampshire,1.5,,50.5,,ESPN Bet,1
401644599,2024,7,2024-10-11,Cornell,Harvard,8.5,,51.5,,ESPN Bet,1
401644600,2024,8,2024-10-19,Harvard,Holy Cross,-6.5,,53.5,,ESPN Bet,1
401644601,2024,9,2024-10-26,Harvard,Princeton,-9.5,,47.5,,ESPN Bet,1
401644602,2024,10,2024-11-02,Dartmouth,Harvard,3.0,,49.5,,ESPN Bet,1
401644604,2024,12,2024-11-16,Pennsylvania,Harvard,8.5,,52.5,,ESPN Bet,1
401644605,2024,13,2024-11-23,Harvard,Yale,-3.5,,49.5,,ESPN Bet,1
401644683,2024,1,2024-08-31,Northwestern,Miami (OH),-3.0,-3.5,39.5,42.5,Bovada,3
401644684,2024,6,2024-10-05,Toledo,Miami (OH),-4.5,-7.0,43.5,44.0,Bovada,3
401644685,2024,7,2024-10-12,Eastern Michigan,Miami (OH),3.0,3.5,45.5,44.0,Bovada,3
401644686,2024,8,2024-10-19,Miami (OH),Ohio,-3.5,-4.0,43.5,44.0,Bovada,3
401644687,2024,9,2024-10-26,Miami (OH),Central Michigan,-10.5,-12.0,48.5,47.0,Bovada,3
401644688,2024,11,2024-11-05,Ball State,Miami (OH),13.0,12.0,48.0,50.0,Bovada,3
401644689,2024,12,2024-11-13,Miami (OH),Kent State,-30.5,-31.0,47.5,46.0,Bovada,3
401644690,2024,13,2024-11-19,Miami (OH),Northern Illinois,-1.5,-3.0,43.0,41.5,Bovada,3
401644691,2024,14,2024-11-29,Bowling Green,Miami (OH),-2.5,-3.0,39.0,42.5,Bovada,3
401644727,2024,1,2024-08-29,Buffalo,Lafayette,-3.5,,45.5,,ESPN Bet,1
401644728,2024,1,2024-08-29,Toledo,Duquesne,-27.5,,53.5,,ESPN Bet,1
401644729,2024,1,2024-08-29,Bowling Green,Fordham,-15.5,,60.5,,ESPN Bet,1
401644730,2024,1,2024-08-29,Central Michigan,Central Connecticut,-33.5,,54.5,,ESPN Bet,1
401644731,2024,1,2024-08-31,Northern Illinois,Western Illinois,-36.5,,55.5,,ESPN Bet,1
401644732,2024,2,2024-09-07,Kent State,Saint Francis,-17.5,-17.0,49.5,52.5,ESPN Bet,1
401644733,2024,3,2024-09-14,Akron,Colgate,,,,,DraftKings,2
401644734,2024,3,2024-09-14,Ohio,Morgan State,,,,,DraftKings,2
401644735,2024,4,2024-09-21,Central Michigan,Ball State,-6.5,-6.5,51.0,53.0,Bovada,3
401644736,2024,4,2024-09-21,Northern Illinois,Buffalo,-13.0,-15.5,42.5,45.0,Bovada,3
401644737,2024,4,2024-09-21,Eastern Michigan,Saint Francis,-25.5,-24.0,45.5,42.5,ESPN Bet,1
401644738,2024,5,2024-09-28,Ohio,Akron,-8.0,-12.5,46.5,47.0,Bovada,3
401644739,2024,5,2024-09-28,Kent State,Eastern Michigan,14.0,14.5,46.0,48.0,Bovada,3
401644740,2024,6,2024-10-05,Akron,Bowling Green,16.5,15.5,48.5,51.0,Bovada,3
401644741,2024,6,2024-10-05,Ball State,Western Michigan,10.0,7.5,58.0,56.5,Bovada,3
401644742,2024,7,2024-10-12,Western Michigan,Akron,-9.5,-9.5,48.5,53.5,Bovada,3
401644743,2024,7,2024-10-12,Kent State,Ball State,3.0,5.5,58.0,60.0,Bovada,3
401644744,2024,7,2024-10-12,Bowling Green,Northern Illinois,-3.0,-3.0,46.5,47.5,Bovada,3
401644745,2024,7,2024-10-12,Buffalo,Toledo,10.5,9.5,44.0,44.0,Bovada,3
401644746,2024,7,2024-10-12,Central Michigan,Ohio,3.0,3.5,50.5,48.5,Bovada,3
401644748,2024,8,2024-10-19,Bowling Green,Kent State,-24.0,-21.0,54.5,56.0,Bovada,3
401644749,2024,8,2024-10-19,Buffalo,Western Michigan,1.5,-1.5,49.5,49.5,Bovada,3
401644750,2024,8,2024-10-19,Eastern Michigan,Central Michigan,-3.5,-2.0,52.0,54.5,Bovada,3
401644751,2024,8,2024-10-19,Northern Illinois,Toledo,-3.0,-2.5,43.0,45.5,Bovada,3
401644752,2024,9,2024-10-26,Akron,Eastern Michigan,2.5,3.0,50.5,52.0,Bovada,3
401644753,2024,9,2024-10-26,Ball State,Northern Illinois,13.5,12.0,47.5,48.5,Bovada,3
401644754,2024,9,2024-10-26,Toledo,Bowling Green,-2.5,-2.5,48.0,49.0,Bovada,3
401644755,2024,9,2024-10-26,Ohio,Buffalo,-4.0,-6.0,46.5,46.0,Bovada,3
401644756,2024,9,2024-10-26,Western Michigan,Kent State,-19.0,-17.0,61.0,59.0,Bovada,3
401644757,2024,10,2024-11-02,Akron,Buffalo,1.0,-1.0,48.0,48.0,Bovada,3
401644758,2024,10,2024-11-02,Eastern Michigan,Toledo,10.0,7.5,54.5,52.5,Bovada,3
401644760,2024,11,2024-11-05,Central Michigan,Bowling Green,16.0,12.5,48.5,48.5,Bovada,3
401644761,2024,11,2024-11-06,Kent State,Ohio,20.5,18.5,53.0,52.0,Bovada,3
401644762,2024,11,2024-11-06,Western Michigan,Northern Illinois,2.0,1.5,52.0,52.5,Bovada,3
401644763,2024,12,2024-11-12,Buffalo,Ball State,-3.0,-6.0,55.5,53.5,Bovada,3
401644764,2024,12,2024-11-12,Bowling Green,Western Michigan,-9.5,-9.5,57.5,56.5,Bovada,3
401644765,2024,12,2024-11-12,Toledo,Central Michigan,-15.0,-15.0,52.0,49.5,Bovada,3
401644766,2024,12,2024-11-13,Northern Illinois,Akron,-14.0,-16.0,43.5,47.0,Bovada,3
401644767,2024,12,2024-11-13,Ohio,Eastern Michigan,-10.5,-8.0,51.5,49.0,Bovada,3
401644769,2024,13,2024-11-19,Kent State,Akron,10.5,9.5,49.0,49.0,Bovada,3
401644770,2024,13,2024-11-19,Central Michigan,Western Michigan,6.0,6.5,56.0,56.0,Bovada,3
401644772,2024,13,2024-11-20,Eastern Michigan,Buffalo,-1.0,-3.0,51.0,54.0,Bovada,3
401644773,2024,13,2024-11-20,Toledo,Ohio,-1.5,-2.5,45.0,46.0,Bovada,3
401644774,2024,13,2024-11-23,Ball State,Bowling Green,12.5,11.0,54.5,56.5,Bovada,3
401644775,2024,14,2024-11-26,Akron,Toledo,9.5,8.0,49.0,49.0,Bovada,3
401644776,2024,14,2024-11-26,Buffalo,Kent State,-24.0,-21.0,50.0,49.0,Bovada,3
401644777,2024,14,2024-11-29,Ohio,Ball State,-17.5,-14.5,52.5,53.0,Bovada,3
401644779,2024,14,2024-11-30,Northern Illinois,Central Michigan,-13.5,-12.5,40.0,45.0,Bovada,3
401644780,2024,14,2024-11-30,Western Michigan,Eastern Michigan,-6.5,-6.5,55.5,57.5,Bovada,3
401645308,2024,9,2024-10-26,Massachusetts,Wagner,-23.0,-23.0,48.0,,DraftKings,2
401645316,2024,1,2024-08-29,UAB,Alcorn State,-29.5,,55.5,,ESPN Bet,1
401645317,2024,1,2024-08-29,Tulane,SE Louisiana,-28.5,,55.5,,ESPN Bet,1
401645318,2024,1,2024-08-29,Tulsa,Northwestern State,-37.5,,55.5,,ESPN Bet,1
401645320,2024,1,2024-08-31,East Carolina,Norfolk State,-31.5,,51.5,,ESPN Bet,1
401645321,2024,1,2024-08-31,Memphis,North Alabama,-38.5,,62.5,,ESPN Bet,1
401645322,2024,1,2024-08-31,Navy,Bucknell,-31.5,,48.5,,ESPN Bet,1
401645323,2024,2,2024-09-07,Florida Atlantic,Army,-1.0,-2.5,41.5,44.5,Bovada,3
401645324,2024,2,2024-09-07,Navy,Temple,-11.5,-12.5,42.0,44.0,Bovada,3
401645325,2024,2,2024-09-07,North Texas,Stephen F. Austin,-21.5,-23.5,72.5,67.5,ESPN Bet,1
401645326,2024,2,2024-09-07,Rice,Texas Southern,-30.0,-29.5,52.5,54.5,ESPN Bet,1
401645327,2024,3,2024-09-14,Charlotte,Gardner-Webb,,,,,DraftKings,2
401645328,2024,4,2024-09-21,Army,Rice,-7.0,-6.0,44.0,42.5,Bovada,3
401645329,2024,4,2024-09-21,Navy,Memphis,8.5,10.5,47.5,50.5,Bovada,3
401645330,2024,4,2024-09-21,UTSA,Houston Christian,-35.5,-35.5,54.5,,DraftKings,2
401645331,2024,5,2024-09-26,Temple,Army,11.0,13.0,47.0,46.5,Bovada,3
401645332,2024,5,2024-09-28,UAB,Navy,4.5,4.0,56.5,57.5,Bovada,3
401645333,2024,5,2024-09-28,Rice,Charlotte,-4.0,-6.5,48.0,47.5,Bovada,3
401645334,2024,5,2024-09-28,East Carolina,UTSA,-2.5,-4.0,53.5,54.5,Bovada,3
401645335,2024,5,2024-09-28,Florida Atlantic,Wagner,-35.0,-31.5,52.0,,DraftKings,2
401645336,2024,5,2024-09-28,North Texas,Tulsa,-7.0,-7.0,65.5,68.0,Bovada,3
401645337,2024,5,2024-09-28,Tulane,South Florida,-4.0,-6.0,60.5,64.0,Bovada,3
401645338,2024,6,2024-10-05,UAB,Tulane,20.0,14.5,52.0,55.0,Bovada,3
401645339,2024,6,2024-10-05,Tulsa,Army,14.0,10.5,50.5,,Bovada,3
401645340,2024,6,2024-10-05,Charlotte,East Carolina,9.5,7.5,47.5,47.0,Bovada,3
401645341,2024,7,2024-10-12,South Florida,Memphis,10.0,6.5,61.0,59.5,Bovada,3
401645342,2024,7,2024-10-12,Army,UAB,-27.0,-25.0,55.5,55.5,Bovada,3
401645343,2024,7,2024-10-12,Florida Atlantic,North Texas,5.5,6.5,58.5,60.0,Bovada,3
401645344,2024,7,2024-10-12,Rice,UTSA,3.5,4.0,51.0,47.5,Bovada,3
401645345,2024,8,2024-10-19,South Florida,UAB,-14.0,-13.5,55.5,58.0,Bovada,3
401645346,2024,8,2024-10-19,Army,East Carolina,-17.5,-17.0,54.5,51.5,Bovada,3
401645347,2024,8,2024-10-19,Navy,Charlotte,-16.5,-17.0,57.5,56.0,Bovada,3
401645348,2024,8,2024-10-19,UTSA,Florida Atlantic,-4.0,-4.5,52.5,55.5,Bovada,3
401645349,2024,8,2024-10-19,Memphis,North Texas,-10.5,-10.5,67.5,66.5,Bovada,3
401645350,2024,8,2024-10-19,Tulane,Rice,-21.5,-22.5,53.0,53.5,Bovada,3
401645351,2024,8,2024-10-19,Temple,Tulsa,-3.0,-3.0,51.0,52.0,Bovada,3
401645352,2024,9,2024-10-26,East Carolina,Temple,-8.5,-7.0,48.5,49.0,Bovada,3
401645353,2024,9,2024-10-26,Memphis,Charlotte,-17.0,-18.0,56.5,57.0,Bovada,3
401645354,2024,9,2024-10-26,North Texas,Tulane,7.5,7.5,70.5,65.5,Bovada,3
401645355,2024,9,2024-10-26,Tulsa,UTSA,9.5,8.0,52.5,55.5,Bovada,3
401645356,2024,10,2024-10-31,Charlotte,Tulane,14.5,16.0,55.0,55.5,Bovada,3
401645357,2024,10,2024-11-01,Florida Atlantic,South Florida,1.5,2.0,48.0,53.5,Bovada,3
401645358,2024,10,2024-11-02,UAB,Tulsa,-2.5,-3.0,58.0,58.0,Bovada,3
401645359,2024,10,2024-11-02,UTSA,Memphis,7.0,7.5,61.5,60.5,Bovada,3
401645360,2024,10,2024-11-02,Rice,Navy,12.5,12.5,48.5,51.5,Bovada,3
401645361,2024,11,2024-11-07,East Carolina,Florida Atlantic,-7.5,-7.5,58.5,55.5,Bovada,3
401645362,2024,11,2024-11-08,Memphis,Rice,-7.0,-10.5,50.5,52.5,Bovada,3
401645363,2024,11,2024-11-09,South Florida,Navy,4.5,3.5,58.0,56.5,Bovada,3
401645364,2024,11,2024-11-09,Tulane,Temple,-25.5,-26.5,50.5,49.0,Bovada,3
401645365,2024,12,2024-11-14,Tulsa,East Carolina,16.5,14.0,64.0,61.0,Bovada,3
401645366,2024,12,2024-11-15,UTSA,North Texas,-1.5,2.0,72.5,72.5,Bovada,3
401645367,2024,12,2024-11-16,Memphis,UAB,-16.5,-14.0,63.0,62.5,Bovada,3
401645368,2024,12,2024-11-16,Charlotte,South Florida,-1.5,3.0,53.5,53.0,Bovada,3
401645369,2024,12,2024-11-16,Temple,Florida Atlantic,-2.0,-2.5,50.5,50.0,Bovada,3
401645370,2024,12,2024-11-16,Navy,Tulane,7.0,7.0,50.0,53.5,Bovada,3
401645371,2024,13,2024-11-23,Florida Atlantic,Charlotte,3.0,2.5,49.5,48.0,Bovada,3
401645372,2024,13,2024-11-23,North Texas,East Carolina,-2.5,-3.0,73.5,73.0,Bovada,3
401645373,2024,13,2024-11-23,UAB,Rice,7.0,6.5,52.0,51.0,Bovada,3
401645374,2024,13,2024-11-22,UTSA,Temple,-16.5,-16.5,56.0,56.0,Bovada,3
401645375,2024,13,2024-11-23,South Florida,Tulsa,-17.0,-16.0,60.0,60.0,Bovada,3
401645376,2024,14,2024-11-28,Tulane,Memphis,-13.5,-14.0,54.0,55.5,Bovada,3
401645377,2024,14,2024-11-30,Charlotte,UAB,-1.0,-3.0,60.0,58.5,Bovada,3
401645378,2024,14,2024-11-30,Army,UTSA,-6.5,-7.5,53.0,54.5,Bovada,3
401645379,2024,14,2024-11-29,East Carolina,Navy,-2.5,1.0,54.0,55.5,Bovada,3
401645380,2024,14,2024-11-30,Tulsa,Florida Atlantic,-1.0,1.5,57.5,57.0,Bovada,3
401645381,2024,14,2024-11-30,Temple,North Texas,11.0,11.0,63.5,64.5,Bovada,3
401645382,2024,14,2024-11-30,Rice,South Florida,6.0,4.5,54.0,53.0,Bovada,3
401645383,2024,16,2024-12-14,Army,Navy,-6.0,-5.5,39.0,40.5,Bovada,3
401654456,2024,4,2024-09-21,Georgetown,Brown,3.0,,56.5,,ESPN Bet,1
401654457,2024,8,2024-10-18,Princeton,Brown,-2.5,,49.5,,ESPN Bet,1
401654458,2024,9,2024-10-26,Brown,Cornell,-3.5,,56.5,,ESPN Bet,1
401654459,2024,10,2024-11-02,Brown,Pennsylvania,1.5,,49.5,,ESPN Bet,1
401654460,2024,11,2024-11-09,Yale,Brown,-10.0,,57.5,,ESPN Bet,1
401654462,2024,13,2024-11-23,Dartmouth,Brown,-13.5,,52.5,,ESPN Bet,1
401654463,2024,4,2024-09-21,Lehigh,Princeton,12.5,,46.5,,ESPN Bet,1
401654464,2024,5,2024-09-28,Princeton,Howard,-13.5,,48.5,,ESPN Bet,1
401654466,2024,10,2024-11-02,Princeton,Cornell,-3.5,,47.5,,ESPN Bet,1
401654467,2024,11,2024-11-08,Princeton,Dartmouth,9.5,,48.5,,ESPN Bet,1
401654468,2024,12,2024-11-16,Yale,Princeton,-12.5,,54.5,,ESPN Bet,1
401654469,2024,13,2024-11-23,Princeton,Pennsylvania,4.5,,46.5,,ESPN Bet,1
401654470,2024,4,2024-09-21,Dartmouth,Fordham,-8.0,,50.5,,ESPN Bet,1
401654471,2024,5,2024-09-28,Merrimack,Dartmouth,11.5,,43.5,,ESPN Bet,1
401654472,2024,6,2024-10-05,Dartmouth,Pennsylvania,3.0,,44.5,,ESPN Bet,1
401654473,2024,7,2024-10-12,Yale,Dartmouth,3.0,,47.5,,ESPN Bet,1
401654474,2024,8,2024-10-19,Dartmouth,Central Connecticut,-12.5,,50.5,,ESPN Bet,1
401654476,2024,12,2024-11-16,Cornell,Dartmouth,9.5,,54.5,,ESPN Bet,1
401654487,2024,4,2024-09-21,Columbia,Lafayette,8.0,,41.5,,ESPN Bet,1
401654488,2024,5,2024-09-28,Georgetown,Columbia,7.5,,45.5,,ESPN Bet,1
401654489,2024,6,2024-10-05,Columbia,Princeton,1.5,,43.5,,ESPN Bet,1
401654490,2024,7,2024-10-12,Wagner,Columbia,14.5,,45.5,,ESPN Bet,1
401654491,2024,8,2024-10-19,Pennsylvania,Columbia,-3.5,,45.5,,ESPN Bet,1
401654492,2024,9,2024-10-26,Columbia,Dartmouth,-3.5,,,,ESPN Bet,1
401654493,2024,10,2024-11-01,Columbia,Yale,-1.5,,51.5,,ESPN Bet,1
401654494,2024,11,2024-11-09,Harvard,Columbia,-7.0,,46.5,,ESPN Bet,1
401654495,2024,12,2024-11-16,Brown,Columbia,5.0,,49.5,,ESPN Bet,1
401654496,2024,13,2024-11-23,Columbia,Cornell,-7.5,,45.5,,ESPN Bet,1
401654497,2024,1,2024-08-31,Sacred Heart,Delaware State,-5.5,,45.5,,ESPN Bet,1
401654498,2024,3,2024-09-14,Delaware State,Wagner,-9.5,,49.5,,ESPN Bet,1
401654499,2024,7,2024-10-12,Robert Morris,Delaware State,-7.5,,49.5,,ESPN Bet,1
401654500,2024,9,2024-10-26,South Carolina State,Delaware State,-14.5,,47.5,,ESPN Bet,1
401654501,2024,10,2024-11-02,Howard,Delaware State,-11.5,,51.5,,ESPN Bet,1
401654502,2024,11,2024-11-09,Delaware State,Morgan State,14.5,,44.5,,ESPN Bet,1
401654503,2024,12,2024-11-16,Norfolk State,Delaware State,-13.5,,51.5,,ESPN Bet,1
401654504,2024,13,2024-11-23,Delaware State,North Carolina Central,23.5,,52.5,,ESPN Bet,1
401654505,2024,4,2024-09-21,Colgate,Cornell,-2.5,,47.5,,ESPN Bet,1
401654506,2024,5,2024-09-28,Cornell,Yale,12.0,,49.5,,ESPN Bet,1
401654507,2024,8,2024-10-19,Bucknell,Cornell,1.5,,58.5,,ESPN Bet,1
401654508,2024,11,2024-11-09,Cornell,Pennsylvania,2.5,,51.5,,ESPN Bet,1
401654509,2024,6,2024-10-05,Delaware State,Saint Francis,2.5,,45.5,,ESPN Bet,1
401654510,2024,1,2024-08-31,Hampton,Morgan State,-2.5,,46.5,,ESPN Bet,1
401654513,2024,7,2024-10-12,Morgan State,Merrimack,-2.5,,41.5,,ESPN Bet,1
401654514,2024,9,2024-10-26,North Carolina Central,Morgan State,-11.0,,49.5,,ESPN Bet,1
401654515,2024,10,2024-11-02,Morgan State,Norfolk State,-6.5,,40.5,,ESPN Bet,1
401654536,2024,12,2024-11-16,Morgan State,South Carolina State,8.0,,47.5,,ESPN Bet,1
401654537,2024,13,2024-11-23,Morgan State,Howard,-1.5,,41.5,,ESPN Bet,1
401654538,2024,2,2024-09-07,The Citadel,South Carolina State,3.5,,42.5,,ESPN Bet,1
401654539,2024,6,2024-10-05,Tennessee Tech,South Carolina State,-8.0,,49.5,,ESPN Bet,1
401654541,2024,10,2024-10-31,South Carolina State,North Carolina Central,3.5,,56.5,,ESPN Bet,1
401654542,2024,11,2024-11-09,Howard,South Carolina State,4.5,,48.5,,ESPN Bet,1
401654543,2024,13,2024-11-23,South Carolina State,Norfolk State,-18.0,,53.5,,ESPN Bet,1
401654547,2024,7,2024-10-12,Texas Southern,Southern,1.5,,45.5,,ESPN Bet,1
401654550,2024,4,2024-09-21,VMI,Norfolk State,-6.5,,47.5,,ESPN Bet,1
401654551,2024,6,2024-10-05,Sacred Heart,Norfolk State,3.5,,45.5,,ESPN Bet,1
401654552,2024,9,2024-10-26,Norfolk State,Howard,-1.0,,47.5,,ESPN Bet,1
401654553,2024,5,2024-09-28,Norfolk State,North Carolina Central,10.0,,53.5,,ESPN Bet,1
401654556,2024,12,2024-11-15,North Carolina Central,Howard,-15.5,,51.5,,ESPN Bet,1
401654557,2024,1,2024-08-31,McNeese,Southern,-8.0,,49.5,,ESPN Bet,1
401654559,2024,4,2024-09-21,Prairie View A&M,Southern,3.0,,46.5,,ESPN Bet,1
401654560,2024,6,2024-10-05,Southern,Nicholls,18.5,,49.5,,ESPN Bet,1
401654561,2024,8,2024-10-19,Southern,Alcorn State,-2.5,,44.5,,ESPN Bet,1
401654563,2024,4,2024-09-21,South Dakota,Drake,-28.0,,50.5,,ESPN Bet,1
401654564,2024,7,2024-10-12,South Dakota,Northern Iowa,-21.5,,49.5,,ESPN Bet,1
401654565,2024,1,2024-08-31,Prairie View A&M,Texas Southern,-1.5,,55.5,,ESPN Bet,1
401654566,2024,4,2024-09-21,Lamar,Texas Southern,-12.0,,48.5,,ESPN Bet,1
401654568,2024,11,2024-11-09,Alcorn State,Texas Southern,-5.0,,48.5,,ESPN Bet,1
401654569,2024,2,2024-09-07,Northwestern State,Prairie View A&M,2.0,,53.5,,ESPN Bet,1
401654570,2024,9,2024-10-26,Prairie View A&M,East Texas A&M,3.0,,50.5,,ESPN Bet,1
401654571,2024,10,2024-11-02,Mississippi Valley State,Prairie View A&M,14.0,,52.5,,ESPN Bet,1
401654572,2024,12,2024-11-16,Prairie View A&M,Alcorn State,2.5,,49.5,,ESPN Bet,1
401654573,2024,2,2024-09-07,Central Connecticut,Fordham,23.5,,59.5,,ESPN Bet,1
401654574,2024,3,2024-09-14,Saint Francis,Central Connecticut,-7.0,,48.5,,ESPN Bet,1
401654575,2024,6,2024-10-05,Yale,Central Connecticut,-14.0,,50.5,,ESPN Bet,1
401654576,2024,7,2024-10-12,Central Connecticut,Mercyhurst,-16.5,,57.5,,ESPN Bet,1
401654577,2024,9,2024-10-26,Long Island University,Central Connecticut,2.5,,49.5,,ESPN Bet,1
401654578,2024,10,2024-11-02,Central Connecticut,Wagner,-8.0,,46.5,,ESPN Bet,1
401654579,2024,11,2024-11-09,Stonehill,Central Connecticut,15.0,,52.5,,ESPN Bet,1
401654580,2024,12,2024-11-16,Central Connecticut,Robert Morris,-1.0,,44.5,,ESPN Bet,1
401654581,2024,13,2024-11-23,Central Connecticut,Duquesne,5.5,,48.5,,ESPN Bet,1
401654584,2024,1,2024-08-31,Tennessee State,Mississippi Valley State,-20.0,,44.5,,ESPN Bet,1
401654585,2024,2,2024-09-07,Lamar,Mississippi Valley State,-27.0,,48.5,,ESPN Bet,1
401654586,2024,4,2024-09-21,Nicholls,Mississippi Valley State,-30.0,,48.5,,ESPN Bet,1
401654587,2024,5,2024-09-28,Mississippi Valley State,Alcorn State,14.5,,46.5,,ESPN Bet,1
401654589,2024,6,2024-10-05,Duquesne,Long Island University,-4.5,,48.5,,ESPN Bet,1
401654590,2024,7,2024-10-12,Saint Francis,Duquesne,3.0,,49.5,,ESPN Bet,1
401654591,2024,9,2024-10-26,Stonehill,Duquesne,21.0,,51.5,,ESPN Bet,1
401654592,2024,10,2024-11-02,Duquesne,Mercyhurst,-26.5,,58.5,,ESPN Bet,1
401654593,2024,11,2024-11-09,Duquesne,Robert Morris,-4.5,,52.5,,ESPN Bet,1
401654594,2024,12,2024-11-16,Duquesne,Wagner,-14.5,,47.5,,ESPN Bet,1
401654595,2024,3,2024-09-14,Long Island University,Lehigh,-2.5,,49.5,,ESPN Bet,1
401654596,2024,7,2024-10-12,Long Island University,Stonehill,-9.5,,47.5,,ESPN Bet,1
401654597,2024,8,2024-10-19,Robert Morris,Long Island University,-2.5,,46.5,,ESPN Bet,1
401654598,2024,11,2024-11-09,Sacred Heart,Long Island University,3.0,,42.5,,ESPN Bet,1
401654599,2024,12,2024-11-16,Long Island University,Saint Francis,-3.5,,42.5,,ESPN Bet,1
401654600,2024,13,2024-11-23,Wagner,Long Island University,4.5,,41.5,,ESPN Bet,1
401654603,2024,3,2024-09-14,Northern Colorado,Abilene Christian,14.5,,54.5,,ESPN Bet,1
401654606,2024,4,2024-09-21,Wagner,Robert Morris,6.5,,51.5,,ESPN Bet,1
401654608,2024,9,2024-10-26,Robert Morris,Saint Francis,-6.5,,46.5,,ESPN Bet,1
401654609,2024,10,2024-11-02,Robert Morris,Merrimack,1.5,,48.5,,ESPN Bet,1
401654610,2024,13,2024-11-23,Robert Morris,Stonehill,-14.0,,47.5,,ESPN Bet,1
401654612,2024,8,2024-10-19,Merrimack,Stonehill,-17.5,,49.5,,ESPN Bet,1
401654613,2024,9,2024-10-26,Merrimack,Colgate,-2.5,,48.5,,ESPN Bet,1
401654614,2024,12,2024-11-16,Merrimack,Sacred Heart,-15.5,,41.5,,ESPN Bet,1
401654615,2024,13,2024-11-23,Fordham,Merrimack,-3.0,,45.5,,ESPN Bet,1
401654616,2024,2,2024-09-07,Lehigh,Wagner,-13.5,,43.5,,ESPN Bet,1
401654617,2024,5,2024-09-28,Lehigh,Bucknell,-6.0,,53.5,,ESPN Bet,1
401654618,2024,8,2024-10-19,Yale,Lehigh,-7.0,,54.5,,ESPN Bet,1
401654619,2024,9,2024-10-26,Lehigh,Fordham,-8.5,,51.5,,ESPN Bet,1
401654620,2024,10,2024-11-02,Georgetown,Lehigh,-0.5,,46.5,,ESPN Bet,1
401654621,2024,11,2024-11-09,Holy Cross,Lehigh,-6.5,,52.5,,ESPN Bet,1
401654622,2024,12,2024-11-16,Lehigh,Colgate,-10.5,,47.5,,ESPN Bet,1
401654623,2024,13,2024-11-23,Lehigh,Lafayette,-6.0,,52.5,,ESPN Bet,1
401654624,2024,3,2024-09-14,Lafayette,Marist,-33.0,,50.5,,ESPN Bet,1
401654625,2024,6,2024-10-05,Fordham,Lafayette,17.5,,56.5,,ESPN Bet,1
401654626,2024,7,2024-10-12,Lafayette,Georgetown,-13.5,,50.5,,ESPN Bet,1
401654627,2024,8,2024-10-19,Lafayette,Sacred Heart,-17.0,,44.5,,ESPN Bet,1
401654628,2024,9,2024-10-26,Lafayette,Holy Cross,2.5,,52.5,,ESPN Bet,1
401654629,2024,10,2024-11-02,Bucknell,Lafayette,6.0,,54.5,,ESPN Bet,1
401654630,2024,11,2024-11-09,Colgate,Lafayette,3.5,,50.5,,ESPN Bet,1
401654631,2024,12,2024-11-16,Lafayette,Stonehill,-22.0,,49.5,,ESPN Bet,1
401654633,2024,3,2024-09-14,Sacred Heart,Georgetown,10.5,,44.5,,ESPN Bet,1
401654634,2024,4,2024-09-21,Stonehill,Sacred Heart,6.5,,43.5,,ESPN Bet,1
401654635,2024,13,2024-11-23,Mercyhurst,Saint Francis,10.0,,48.5,,ESPN Bet,1
401654636,2024,4,2024-09-21,Holy Cross,Yale,-2.5,,50.5,,ESPN Bet,1
401654637,2024,6,2024-10-05,Colgate,Holy Cross,3.0,,55.5,,ESPN Bet,1
401654638,2024,7,2024-10-12,Holy Cross,Fordham,-16.5,,56.5,,ESPN Bet,1
401654639,2024,12,2024-11-16,Holy Cross,Bucknell,-14.0,,54.5,,ESPN Bet,1
401654640,2024,13,2024-11-23,Georgetown,Holy Cross,13.5,,47.5,,ESPN Bet,1
401654641,2024,1,2024-08-31,Georgetown,Davidson,-5.5,,57.5,,ESPN Bet,1
401654642,2024,2,2024-09-07,Marist,Georgetown,17.5,,50.5,,ESPN Bet,1
401654643,2024,8,2024-10-19,Colgate,Georgetown,1.5,,48.5,,ESPN Bet,1
401654644,2024,9,2024-10-26,Georgetown,Bucknell,-5.5,,52.5,,ESPN Bet,1
401654645,2024,12,2024-11-16,Fordham,Georgetown,-3.5,,49.5,,ESPN Bet,1
401654646,2024,1,2024-08-31,Dayton,Saint Francis,6.5,,51.5,,ESPN Bet,1
401654647,2024,8,2024-10-19,Wagner,Saint Francis,3.5,,44.5,,ESPN Bet,1
401654648,2024,10,2024-11-02,Saint Francis,Stonehill,-10.0,,47.5,,ESPN Bet,1
401654649,2024,2,2024-09-07,VMI,Bucknell,1.5,,52.5,,ESPN Bet,1
401654650,2024,4,2024-09-21,Bucknell,Marist,-17.0,,55.5,,ESPN Bet,1
401654651,2024,7,2024-10-12,Pennsylvania,Bucknell,-19.0,,53.5,,ESPN Bet,1
401654652,2024,11,2024-11-09,Bucknell,Fordham,-3.0,,55.5,,ESPN Bet,1
401654653,2024,13,2024-11-23,Bucknell,Colgate,-5.5,,48.5,,ESPN Bet,1
401654654,2024,6,2024-10-05,Stonehill,Wagner,-3.0,,51.5,,ESPN Bet,1
401654662,2024,1,2024-08-24,Southeast Missouri State,North Alabama,-7.5,,58.5,,ESPN Bet,1
401654663,2024,3,2024-09-14,UT Martin,North Alabama,-13.5,,56.5,,ESPN Bet,1
401654664,2024,2,2024-09-07,Houston Christian,Tarleton State,14.0,,51.5,,ESPN Bet,1
401654665,2024,1,2024-08-24,Tarleton State,McNeese,-15.5,,63.5,,ESPN Bet,1
401654666,2024,5,2024-09-28,Tarleton State,SE Louisiana,-8.5,,55.5,,ESPN Bet,1
401654674,2024,3,2024-09-14,East Texas A&M,Grambling,-3.5,,51.5,,ESPN Bet,1
401654677,2024,2,2024-09-07,Furman,Charleston Southern,-20.0,,47.5,,ESPN Bet,1
401654678,2024,3,2024-09-14,Furman,Stetson,-30.5,,47.5,,ESPN Bet,1
401654844,2024,1,2024-08-31,Charleston Southern,The Citadel,-6.5,,46.5,,ESPN Bet,1
401654845,2024,1,2024-08-29,Illinois,Eastern Illinois,-28.5,,50.5,,ESPN Bet,1
401654846,2024,5,2024-09-28,Southeast Missouri State,Northwestern State,-33.5,,54.5,,ESPN Bet,1
401654850,2024,2,2024-09-07,UC Davis,East Texas A&M,-28.0,,48.5,,ESPN Bet,1
401654851,2024,4,2024-09-21,East Texas A&M,Sacramento State,19.5,,58.5,,ESPN Bet,1
401655616,2024,3,2024-09-14,Lamar,Weber State,10.5,,49.5,,ESPN Bet,1
401655617,2024,5,2024-09-28,Weber State,McNeese,-13.5,,49.5,,ESPN Bet,1
401655618,2024,3,2024-09-14,Sacramento State,Nicholls,-8.5,,61.5,,ESPN Bet,1
401655619,2024,4,2024-09-21,Northwestern State,Weber State,31.5,,55.5,,ESPN Bet,1
401655620,2024,3,2024-09-14,SE Louisiana,Eastern Washington,7.5,,61.5,,ESPN Bet,1
401655623,2024,2,2024-09-07,Eastern Washington,Drake,-35.0,,60.5,,ESPN Bet,1
401655625,2024,3,2024-09-14,Montana,Morehead State,-37.0,,50.5,,ESPN Bet,1
401655626,2024,4,2024-09-21,Montana,Western Carolina,-18.5,,57.5,,ESPN Bet,1
401655632,2024,3,2024-09-14,Northwestern,Eastern Illinois,,,,,DraftKings,2
401655634,2024,4,2024-09-21,Lindenwood,St. Thomas (MN),-4.5,,47.5,,ESPN Bet,1
401655635,2024,8,2024-10-19,Howard,Tennessee State,2.5,,51.5,,ESPN Bet,1
401655656,2024,11,2024-11-09,Samford,Tennessee Tech,-2.5,,53.5,,ESPN Bet,1
401656600,2024,1,2024-08-30,Maine,Colgate,-3.5,,58.5,,ESPN Bet,1
401656601,2024,5,2024-09-28,Pennsylvania,Colgate,-10.5,,49.5,,ESPN Bet,1
401656602,2024,10,2024-11-02,Fordham,Colgate,-1.5,,53.5,,ESPN Bet,1
401656951,2024,9,2024-10-26,Sacred Heart,Mercyhurst,-7.5,,48.5,,ESPN Bet,1
401673031,2024,7,2024-10-12,Howard,Sacred Heart,-7.5,,45.5,,ESPN Bet,1
401673036,2024,9,2024-10-25,Pennsylvania,Yale,-3.0,,51.5,,ESPN Bet,1
401673462,2024,15,2024-12-06,Army,Tulane,5.0,4.0,46.0,47.5,Bovada,3
401673463,2024,15,2024-12-07,SMU,Clemson,-3.0,-2.5,56.0,55.0,Bovada,3
401673464,2024,15,2024-12-07,Oregon,Penn State,-3.0,-3.5,51.0,49.5,Bovada,3
401673465,2024,15,2024-12-07,Arizona State,Iowa State,-1.5,-2.5,50.5,50.5,Bovada,3
401673466,2024,15,2024-12-06,Jacksonville State,Western Kentucky,-4.0,-3.0,58.0,59.0,Bovada,3
401673467,2024,15,2024-12-07,Miami (OH),Ohio,-2.5,-2.5,44.0,44.5,Bovada,3
401673468,2024,15,2024-12-06,Boise State,UNLV,-4.0,-4.0,57.5,58.5,Bovada,3
401673469,2024,15,2024-12-07,Texas,Georgia,-3.0,-2.5,51.0,49.0,Bovada,3
401673470,2024,15,2024-12-07,Louisiana,Marshall,-5.0,-4.5,57.0,56.5,Bovada,3
401673471,2024,15,2024-12-07,Jackson State,Southern,-13.5,,47.5,,ESPN Bet,1
401675115,2024,3,2024-09-14,McNeese,Stephen F. Austin,4.5,,56.5,,ESPN Bet,1
401675117,2024,6,2024-10-05,Stephen F. Austin,Northwestern State,-35.0,,52.5,,ESPN Bet,1
401675118,2024,7,2024-10-12,Lamar,Stephen F. Austin,7.5,,50.5,,ESPN Bet,1
401675119,2024,8,2024-10-19,SE Louisiana,Stephen F. Austin,3.0,,55.5,,ESPN Bet,1
401675120,2024,9,2024-10-26,Stephen F. Austin,Houston Christian,-14.5,,55.5,,ESPN Bet,1
401675121,2024,10,2024-11-02,Nicholls,Stephen F. Austin,2.0,,53.5,,ESPN Bet,1
401675122,2024,11,2024-11-09,East Texas A&M,Stephen F. Austin,16.5,,52.5,,ESPN Bet,1
401675123,2024,12,2024-11-16,Stephen F. Austin,Incarnate Word,8.0,,60.5,,ESPN Bet,1
401677764,2024,4,2024-09-21,Montana State,Mercyhurst,-49.5,,59.5,,ESPN Bet,1
401678896,2024,13,2024-11-23,Stephen F. Austin,Abilene Christian,-1.0,,58.5,,ESPN Bet,1
401678917,2024,7,2024-10-12,Southern Utah,Eastern Kentucky,-3.5,,55.5,,ESPN Bet,1
401729729,2024,14,2024-11-30,New Hampshire,UT Martin,-0.5,,46.5,,ESPN Bet,1
401729730,2024,14,2024-11-30,Richmond,Lehigh,-10.5,,49.5,,ESPN Bet,1
401729731,2024,14,2024-11-30,Southeast Missouri State,Illinois State,3.0,,53.5,,ESPN Bet,1
401729732,2024,14,2024-11-30,Tarleton State,Drake,-18.5,,49.5,,ESPN Bet,1
401729734,2024,14,2024-11-30,Montana,Tennessee State,-18.0,,48.5,,ESPN Bet,1
401729736,2024,14,2024-11-30,Villanova,Eastern Kentucky,-9.0,,47.5,,ESPN Bet,1
401729737,2024,14,2024-11-30,Rhode Island,Central Connecticut,-15.0,,45.5,,ESPN Bet,1
401729738,2024,14,2024-11-30,Abilene Christian,Northern Arizona,2.5,,55.5,,ESPN Bet,1
401729743,2024,15,2024-12-07,Montana State,UT Martin,-19.0,,54.5,,ESPN Bet,1
401729745,2024,15,2024-12-07,North Dakota State,Abilene Christian,-21.5,,58.5,,ESPN Bet,1
401729750,2024,15,2024-12-07,South Dakota State,Montana,-22.5,,44.5,,ESPN Bet,1
401729752,2024,15,2024-12-07,South Dakota,Tarleton State,-18.5,,56.5,,ESPN Bet,1
401729753,2024,15,2024-12-07,UC Davis,Illinois State,-10.5,,55.5,,ESPN Bet,1
401729754,2024,15,2024-12-07,Incarnate Word,Villanova,-11.5,,54.5,,ESPN Bet,1
401729756,2024,15,2024-12-07,Mercer,Rhode Island,-7.5,,48.5,,ESPN Bet,1
401729780,2024,16,2024-12-13,Montana State,Idaho,-14.5,-13.5,55.5,55.5,Bovada,2
401729781,2024,16,2024-12-14,South Dakota State,Incarnate Word,-20.5,,54.5,,ESPN Bet,1
401729783,2024,16,2024-12-14,South Dakota,UC Davis,-7.0,,58.5,,ESPN Bet,1
401729785,2024,16,2024-12-14,North Dakota State,Mercer,-23.5,,52.5,,ESPN Bet,1
401677076,2024,1,2024-12-14,South Carolina State,Jackson State,-3.5,1.5,54.5,54.5,ESPN Bet,1
401677077,2024,1,2024-12-14,Western Michigan,South Alabama,9.0,7.0,57.5,57.0,Bovada,3
401677079,2024,1,2024-12-18,James Madison,Western Kentucky,-7.0,-8.0,50.5,52.5,Bovada,3
401677080,2024,1,2024-12-17,West Virginia,Memphis,5.0,3.0,60.5,56.5,Bovada,3
401677081,2024,1,2024-12-18,UNLV,California,-3.0,3.5,45.5,51.5,Bovada,3
401677082,2024,1,2024-12-19,Sam Houston,Georgia Southern,4.5,6.0,48.5,47.0,Bovada,3
401677083,2024,1,2024-12-20,Jacksonville State,Ohio,6.5,2.0,58.0,54.0,Bovada,3
401677084,2024,1,2024-12-20,Florida,Tulane,-10.0,-13.0,49.5,50.5,Bovada,3
401677085,2024,1,2024-12-23,UTSA,Coastal Carolina,-12.5,-8.0,57.0,57.0,Bovada,3
401677086,2024,1,2024-12-23,Fresno State,Northern Illinois,3.0,3.0,40.5,40.5,Bovada,3
401677087,2024,1,2024-12-24,San José State,South Florida,2.0,-3.0,66.5,61.5,Bovada,3
401677088,2024,1,2024-12-26,Kansas State,Rutgers,-7.0,-7.0,52.5,51.0,Bovada,2
401677089,2024,1,2024-12-26,Bowling Green,Arkansas State,-10.0,-7.0,53.5,50.5,Bovada,3
401677090,2024,1,2024-12-27,Navy,Oklahoma,2.5,7.0,42.5,43.5,Bovada,3
401677091,2024,1,2024-12-27,Vanderbilt,Georgia Tech,3.0,2.5,50.0,51.5,Bovada,3
401677092,2024,1,2024-12-27,Arkansas,Texas Tech,3.0,-3.0,52.5,60.5,Bovada,3
401677093,2024,1,2024-12-27,USC,Texas A&M,3.5,3.0,55.5,52.0,Bovada,3
401677094,2024,1,2024-12-28,North Carolina,UConn,-2.5,-5.0,53.5,54.5,Bovada,3
401677095,2024,1,2024-12-28,Nebraska,Boston College,-3.5,-3.0,46.5,45.5,Bovada,3
401677096,2024,1,2024-12-28,TCU,Louisiana,-10.0,-12.0,59.0,60.0,Bovada,3
401677097,2024,1,2024-12-28,Miami,Iowa State,-4.5,-4.0,58.5,55.0,Bovada,3
401677098,2024,1,2024-12-28,NC State,East Carolina,-7.0,-5.0,60.0,58.0,Bovada,3
401677099,2024,1,2024-12-28,Colorado,BYU,-3.0,-3.0,55.5,54.0,Bovada,3
401677100,2024,1,2024-12-28,Army,Louisiana Tech,-14.0,-17.0,44.0,44.0,Bovada,3
401677101,2024,1,2024-12-30,Missouri,Iowa,-2.5,-3.5,40.0,40.0,Bovada,3
401677102,2024,1,2024-12-31,Michigan,Alabama,16.5,10.0,45.0,43.0,Bovada,3
401677103,2024,1,2024-12-31,Illinois,South Carolina,9.5,11.0,50.0,48.0,Bovada,3
401677104,2024,1,2024-12-31,LSU,Baylor,3.5,-1.5,62.5,59.5,Bovada,3
401677105,2024,1,2025-01-02,Ole Miss,Duke,-17.0,-14.5,50.5,52.5,Bovada,3
401677106,2024,1,2025-01-03,Texas State,North Texas,-14.0,-10.0,63.5,68.0,Bovada,3
401677107,2024,1,2025-01-03,Virginia Tech,Minnesota,10.0,5.5,43.0,42.5,Bovada,3
401677108,2024,1,2025-01-04,Liberty,Buffalo,4.0,-2.5,50.5,52.5,Bovada,3
401677176,2024,1,2024-12-21,Texas,Clemson,-13.5,-10.5,49.5,52.0,Bovada,3
401677177,2024,1,2024-12-21,Ohio State,Tennessee,-8.0,-7.0,47.0,48.0,Bovada,3
401677178,2024,1,2024-12-21,Penn State,SMU,-7.5,-9.0,53.0,53.0,Bovada,3
401677179,2024,1,2024-12-20,Notre Dame,Indiana,-7.0,-7.5,50.0,50.5,Bovada,3
401677180,2024,1,2024-12-26,Toledo,Pittsburgh,7.0,9.0,50.0,51.5,Bovada,3
401677181,2024,1,2024-12-31,Boise State,Penn State,12.5,9.5,54.5,52.0,Bovada,3
401677182,2024,1,2025-01-01,Arizona State,Texas,13.0,13.5,51.5,52.0,Bovada,3
401677183,2024,1,2025-01-01,Oregon,Ohio State,2.5,2.0,55.5,54.5,Bovada,3
401677184,2024,1,2025-01-02,Georgia,Notre Dame,1.0,-1.5,46.0,44.0,Bovada,3
401677188,2024,1,2024-12-28,Colorado State,Miami (OH),2.5,2.5,40.5,43.5,Bovada,3
401677189,2024,1,2025-01-09,Penn State,Notre Dame,-1.0,1.5,46.0,46.0,Bovada,3
401677190,2024,1,2024-12-31,Washington,Louisville,-1.0,5.5,49.5,52.0,Bovada,3
401677191,2024,1,2025-01-10,Texas,Ohio State,5.5,6.0,51.5,53.5,Bovada,3
401677192,2024,1,2025-01-20,Notre Dame,Ohio State,8.5,9.0,45.5,45.5,Bovada,3
401680057,2024,1,2025-01-06,Montana State,North Dakota State,-4.0,-3.5,58.5,58.5,Bovada,2
401729786,2024,1,2024-12-21,North Dakota State,South Dakota State,3.5,,49.5,,ESPN Bet,1
401729787,2024,1,2024-12-21,Montana State,South Dakota,-9.5,,56.5,,ESPN Bet,1
401729867,2024,1,2024-12-27,Washington State,Syracuse,19.0,6.5,58.5,61.5,Bovada,3
401752665,2025,1,2025-08-30,Florida State,Alabama,13.5,9.5,47.0,50.5,Bovada,3
401752666,2025,1,2025-08-30,Arkansas,Alabama A&M,-48.5,-46.5,65.0,62.5,Bovada,2
401752667,2025,1,2025-08-29,Baylor,Auburn,1.0,1.5,56.5,56.5,Bovada,3
401752668,2025,1,2025-08-30,Florida,Long Island University,-47.0,-45.5,56.5,56.5,Bovada,2
401752669,2025,1,2025-08-30,Georgia,Marshall,-38.5,-38.5,51.5,55.5,Bovada,3
401752670,2025,1,2025-08-30,Kentucky,Toledo,-10.0,-12.5,49.0,48.5,Bovada,3
401752671,2025,1,2025-08-30,Clemson,LSU,-5.5,-2.5,55.5,56.5,Bovada,3
401752672,2025,1,2025-08-30,Ole Miss,Georgia State,-33.5,-35.5,61.0,62.5,Bovada,3
401752673,2025,1,2025-08-30,Southern Miss,Mississippi State,14.5,15.5,60.0,57.5,Bovada,3
401752674,2025,1,2025-08-28,Missouri,Central Arkansas,-38.5,-36.5,52.5,51.5,Bovada,2
401752675,2025,1,2025-08-30,Oklahoma,Illinois State,-39.5,-35.5,61.0,61.5,Bovada,2
401752676,2025,1,2025-08-30,Tennessee,Syracuse,-13.5,-14.5,51.5,56.5,Bovada,3
401752677,2025,1,2025-08-30,Ohio State,Texas,-2.0,-3.0,46.5,50.5,Bovada,3
401752678,2025,1,2025-08-30,Texas A&M,UTSA,-24.0,-21.0,58.5,56.5,Bovada,3
401752679,2025,1,2025-08-30,Vanderbilt,Charleston Southern,-37.5,-37.5,49.5,48.5,Bovada,2
401752680,2025,1,2025-08-31,South Carolina,Virginia Tech,-7.0,-10.5,52.0,45.5,Bovada,3
401752681,2025,2,2025-09-06,Alabama,UL Monroe,-34.0,-37.5,50.0,50.0,Bovada,2
401752682,2025,2,2025-09-06,Arkansas,Arkansas State,-23.5,-21.5,62.0,64.5,Bovada,2
401752683,2025,2,2025-09-06,Auburn,Ball State,-43.0,-43.5,52.5,55.5,Bovada,2
401752684,2025,2,2025-09-06,Florida,South Florida,-18.5,-18.0,58.0,55.0,Bovada,2
401752685,2025,2,2025-09-06,Georgia,Austin Peay,-47.0,-48.0,55.5,55.5,Bovada,2
401752686,2025,2,2025-09-06,Kentucky,Ole Miss,8.0,8.5,51.5,51.5,Bovada,2
401752687,2025,2,2025-09-06,LSU,Louisiana Tech,-36.5,-38.0,49.5,52.5,Bovada,2
401752688,2025,2,2025-09-06,Mississippi State,Arizona State,6.0,7.0,58.5,59.0,Bovada,2
401752689,2025,2,2025-09-06,Missouri,Kansas,-5.5,-6.5,51.0,54.5,Bovada,3
401752690,2025,2,2025-09-06,Oklahoma,Michigan,-4.0,-5.5,44.0,48.0,Bovada,3
401752691,2025,2,2025-09-06,South Carolina,South Carolina State,-43.0,-42.5,54.0,52.5,Bovada,2
401752692,2025,2,2025-09-06,Tennessee,East Tennessee State,-39.5,-41.0,58.5,56.5,Bovada,2
401752693,2025,2,2025-09-06,Texas,San José State,-37.0,-36.0,52.5,51.0,Bovada,2
401752694,2025,2,2025-09-06,Texas A&M,Utah State,-34.5,-29.5,57.5,55.5,Bovada,2
401752695,2025,2,2025-09-06,Virginia Tech,Vanderbilt,-1.5,-1.0,44.5,47.5,Bovada,2
401752696,2025,3,2025-09-13,Alabama,Wisconsin,-19.5,-20.0,45.0,47.0,Bovada,3
401752697,2025,3,2025-09-13,Auburn,South Alabama,-26.0,-26.0,56.0,53.5,Bovada,3
401752698,2025,3,2025-09-13,Kentucky,Eastern Michigan,-27.0,-25.5,49.5,46.5,Bovada,3
401752699,2025,3,2025-09-13,LSU,Florida,-5.0,-9.5,47.0,50.5,Bovada,3
401752700,2025,3,2025-09-13,Ole Miss,Arkansas,-3.5,-8.5,60.5,63.5,Bovada,3
401752701,2025,3,2025-09-13,Mississippi State,Alcorn State,-43.0,-39.5,55.5,52.5,Bovada,3
401752702,2025,3,2025-09-13,Missouri,Louisiana,-27.5,-24.5,47.5,48.0,Bovada,3
401752703,2025,3,2025-09-13,Temple,Oklahoma,23.5,24.5,51.0,51.5,Bovada,3
401752704,2025,3,2025-09-13,South Carolina,Vanderbilt,-3.0,-5.5,48.5,47.5,Bovada,3
401752705,2025,3,2025-09-13,Tennessee,Georgia,3.5,6.5,50.5,50.5,Bovada,3
401752706,2025,3,2025-09-13,Texas,UTEP,-39.5,-41.5,52.0,51.0,Bovada,3
401752707,2025,3,2025-09-13,Notre Dame,Texas A&M,-6.5,-6.5,50.0,48.5,Bovada,3
401752708,2025,4,2025-09-20,Memphis,Arkansas,7.0,6.5,60.0,62.5,Bovada,3
401752709,2025,4,2025-09-20,Miami,Florida,-8.5,-9.5,51.0,52.5,Bovada,3
401752710,2025,4,2025-09-20,LSU,SE Louisiana,-49.0,-40.5,60.0,51.5,Bovada,2
401752711,2025,4,2025-09-20,Ole Miss,Tulane,-12.5,-12.5,61.5,60.5,Bovada,3
401752712,2025,4,2025-09-20,Mississippi State,Northern Illinois,-24.0,-22.0,48.0,49.0,Bovada,3
401752713,2025,4,2025-09-20,Missouri,South Carolina,-10.0,-11.5,48.5,46.5,Bovada,3
401752714,2025,4,2025-09-20,Oklahoma,Auburn,-6.5,-6.0,47.5,49.5,Bovada,3
401752715,2025,4,2025-09-20,Tennessee,UAB,-39.0,-38.0,68.5,67.0,Bovada,3
401752716,2025,4,2025-09-20,Vanderbilt,Georgia State,-28.0,-27.0,53.5,53.0,Bovada,3
401752717,2025,5,2025-09-27,Arkansas,Notre Dame,5.0,6.0,63.5,64.5,Bovada,3
401752718,2025,5,2025-09-27,Georgia,Alabama,-2.0,-3.0,54.0,53.5,Bovada,3
401752719,2025,5,2025-09-27,Ole Miss,LSU,-2.5,-1.5,58.0,55.5,Bovada,3
401752720,2025,5,2025-09-27,Mississippi State,Tennessee,7.5,9.0,63.5,62.5,Bovada,3
401752721,2025,5,2025-09-27,Missouri,Massachusetts,-44.5,-42.5,57.0,55.0,Bovada,3
401752722,2025,5,2025-09-27,South Carolina,Kentucky,-5.0,-6.5,47.0,47.0,Bovada,3
401752723,2025,4,2025-09-20,Texas,Sam Houston,-39.5,-41.5,51.5,51.5,Bovada,3
401752724,2025,5,2025-09-27,Texas A&M,Auburn,-6.5,-7.0,51.5,51.5,Bovada,3
401752725,2025,5,2025-09-27,Vanderbilt,Utah State,-23.0,-22.5,57.5,59.5,Bovada,3
401752726,2025,6,2025-10-04,Alabama,Vanderbilt,-13.5,-10.5,57.5,56.5,Bovada,3
401752727,2025,6,2025-10-04,Florida,Texas,4.5,7.0,42.5,44.0,Bovada,3
401752728,2025,6,2025-10-04,Georgia,Kentucky,-20.0,-21.0,49.0,48.5,Bovada,3
401752729,2025,6,2025-10-04,Oklahoma,Kent State,-46.5,-45.5,54.0,53.5,Bovada,3
401752730,2025,6,2025-10-04,Texas A&M,Mississippi State,-17.5,-14.0,56.5,58.0,Bovada,3
401752731,2025,7,2025-10-11,Auburn,Georgia,4.5,3.5,46.5,46.5,Bovada,3
401752732,2025,7,2025-10-11,LSU,South Carolina,-8.0,-10.0,44.5,44.5,Bovada,3
401752733,2025,7,2025-10-11,Ole Miss,Washington State,-33.0,-32.5,58.5,59.0,Bovada,3
401752734,2025,7,2025-10-11,Missouri,Alabama,3.0,4.0,52.0,53.5,Bovada,3
401752735,2025,7,2025-10-11,Tennessee,Arkansas,-10.0,-13.5,68.5,69.5,Bovada,3
401752736,2025,7,2025-10-11,Texas,Oklahoma,-2.5,-3.0,44.5,42.5,Bovada,3
401752737,2025,7,2025-10-11,Texas A&M,Florida,-7.0,-7.5,48.0,45.0,Bovada,3
401752738,2025,8,2025-10-18,Alabama,Tennessee,-9.0,-8.0,60.5,60.5,Bovada,3
401752739,2025,8,2025-10-18,Arkansas,Texas A&M,7.0,8.0,57.5,61.0,Bovada,3
401752740,2025,8,2025-10-18,Auburn,Missouri,1.5,-1.5,44.0,44.5,Bovada,3
401752741,2025,8,2025-10-18,Florida,Mississippi State,-9.5,-10.0,51.0,52.5,Bovada,3
401752742,2025,8,2025-10-18,Georgia,Ole Miss,-7.5,-6.5,56.5,54.0,Bovada,3
401752743,2025,8,2025-10-18,Kentucky,Texas,12.0,12.0,45.0,43.5,Bovada,3
401752744,2025,8,2025-10-18,South Carolina,Oklahoma,4.0,5.0,43.0,42.5,Bovada,3
401752745,2025,8,2025-10-18,Vanderbilt,LSU,-1.5,-1.5,48.0,49.5,Bovada,3
401752746,2025,9,2025-10-25,Arkansas,Auburn,-2.5,0.0,56.0,57.0,Bovada,3
401752747,2025,9,2025-10-25,Kentucky,Tennessee,7.5,9.0,55.0,52.5,Bovada,3
401752748,2025,9,2025-10-25,LSU,Texas A&M,1.5,2.5,50.5,48.5,Bovada,3
401752749,2025,9,2025-10-25,Mississippi State,Texas,8.0,6.5,48.5,46.0,Bovada,3
401752750,2025,9,2025-10-25,Oklahoma,Ole Miss,-5.5,-4.5,52.5,51.5,Bovada,3
401752751,2025,9,2025-10-25,South Carolina,Alabama,11.5,13.0,48.0,47.0,Bovada,3
401752752,2025,9,2025-10-25,Vanderbilt,Missouri,-3.0,-3.0,52.5,52.5,Bovada,3
401752753,2025,10,2025-11-01,Arkansas,Mississippi State,-5.0,-4.5,66.5,68.5,Bovada,3
401752754,2025,10,2025-11-01,Auburn,Kentucky,-12.0,-10.0,44.5,47.5,Bovada,3
401752755,2025,10,2025-11-01,Florida,Georgia,7.0,7.5,50.0,50.5,Bovada,3
401752756,2025,10,2025-11-01,Ole Miss,South Carolina,-13.0,-13.5,55.5,54.5,Bovada,3
401752757,2025,10,2025-11-01,Tennessee,Oklahoma,-3.0,-3.5,56.0,56.0,Bovada,3
401752758,2025,10,2025-11-01,Texas,Vanderbilt,-3.5,-3.0,48.5,45.5,Bovada,3
401752759,2025,11,2025-11-08,Alabama,LSU,-10.0,-11.0,49.5,49.5,Bovada,3
401752760,2025,11,2025-11-08,Kentucky,Florida,4.5,3.5,44.5,45.5,Bovada,3
401752761,2025,11,2025-11-08,Ole Miss,The Citadel,-51.5,-52.5,63.5,63.5,Bovada,3
401752762,2025,11,2025-11-08,Mississippi State,Georgia,9.5,7.5,56.5,57.5,Bovada,3
401752763,2025,11,2025-11-08,Missouri,Texas A&M,7.0,6.0,48.0,49.5,Bovada,3
401752764,2025,11,2025-11-08,Vanderbilt,Auburn,-6.0,-7.5,46.0,45.5,Bovada,3
401752765,2025,12,2025-11-15,Alabama,Oklahoma,-6.5,-7.0,45.5,45.5,Bovada,3
401752766,2025,12,2025-11-15,Georgia,Texas,-4.0,-6.5,50.5,47.5,Bovada,3
401752767,2025,12,2025-11-15,Kentucky,Tennessee Tech,-23.5,-22.5,51.0,52.0,Bovada,3
401752768,2025,12,2025-11-15,LSU,Arkansas,-4.0,-6.5,58.0,55.5,Bovada,3
401752769,2025,12,2025-11-15,Ole Miss,Florida,-10.5,-14.0,53.5,53.0,Bovada,3
401752770,2025,12,2025-11-15,Missouri,Mississippi State,-7.0,-6.5,50.0,51.5,Bovada,3
401752771,2025,12,2025-11-15,Tennessee,New Mexico State,-41.5,-38.5,60.0,61.5,Bovada,3
401752772,2025,12,2025-11-15,Texas A&M,South Carolina,-16.5,-18.5,49.5,48.0,Bovada,3
401752773,2025,13,2025-11-22,Alabama,Eastern Illinois,-49.0,-50.5,57.0,57.0,Bovada,3
401752774,2025,13,2025-11-22,Auburn,Mercer,-26.0,-27.5,50.5,50.5,Bovada,3
401752775,2025,13,2025-11-22,Florida,Tennessee,3.0,3.5,58.0,57.5,Bovada,3
401752776,2025,13,2025-11-22,Georgia,Charlotte,-42.5,-45.0,53.0,54.0,Bovada,3
401752777,2025,13,2025-11-22,LSU,Western Kentucky,-24.5,-21.5,52.0,50.5,Bovada,3
401752778,2025,13,2025-11-22,Oklahoma,Missouri,-4.5,-9.5,42.5,42.5,Bovada,3
401752779,2025,13,2025-11-22,South Carolina,Coastal Carolina,-24.0,-23.0,50.0,53.0,Bovada,3
401752780,2025,13,2025-11-22,Texas,Arkansas,-8.5,-10.0,58.0,56.5,Bovada,3
401752781,2025,13,2025-11-22,Texas A&M,Samford,-54.5,-54.5,59.5,59.5,Bovada,3
401752782,2025,13,2025-11-22,Vanderbilt,Kentucky,-7.0,-10.0,53.5,53.5,Bovada,3
401752783,2025,14,2025-11-29,Arkansas,Missouri,4.5,2.0,54.5,57.5,Bovada,3
401752784,2025,14,2025-11-29,Auburn,Alabama,7.0,5.5,48.0,48.5,Bovada,3
401752785,2025,14,2025-11-29,Florida,Florida State,1.0,-2.5,49.0,50.5,Bovada,3
401752786,2025,14,2025-11-28,Georgia Tech,Georgia,16.5,13.0,59.5,59.5,Bovada,3
401752787,2025,14,2025-11-29,Louisville,Kentucky,-1.0,-4.0,45.5,47.5,Bovada,3
401752788,2025,14,2025-11-28,Mississippi State,Ole Miss,7.0,8.0,63.0,63.5,Bovada,3
401752789,2025,14,2025-11-29,Oklahoma,LSU,-11.5,-10.0,36.0,38.5,Bovada,3
401752790,2025,14,2025-11-29,South Carolina,Clemson,-2.5,-2.0,46.0,46.5,Bovada,3
401752791,2025,14,2025-11-29,Tennessee,Vanderbilt,-2.0,-3.5,66.5,64.5,Bovada,3
401752792,2025,14,2025-11-28,Texas,Texas A&M,2.5,3.0,54.5,51.5,Bovada,3
401752793,2025,1,2025-08-28,Minnesota,Buffalo,-18.5,-18.5,43.0,45.5,Bovada,3
401752794,2025,1,2025-08-28,Rutgers,Ohio,-15.5,-10.5,52.0,47.5,Bovada,3
401752795,2025,1,2025-08-29,Illinois,Western Illinois,-48.5,-45.5,62.5,63.5,Bovada,2
401752796,2025,1,2025-08-28,Cincinnati,Nebraska,6.0,6.5,50.5,50.5,Bovada,3
401752797,2025,1,2025-08-30,Maryland,Florida Atlantic,-12.5,-17.5,60.0,57.5,Bovada,3
401752798,2025,1,2025-08-30,USC,Missouri State,-36.5,-31.5,60.0,59.5,Bovada,3
401752799,2025,1,2025-08-30,Iowa,UAlbany,-39.5,-37.5,48.5,48.5,ESPN Bet,1
401752800,2025,1,2025-08-30,UCLA,Utah,6.5,3.0,49.0,48.5,Bovada,3
401752801,2025,1,2025-08-30,Purdue,Ball State,-16.5,-16.5,48.5,50.5,Bovada,3
401752802,2025,1,2025-08-29,Michigan State,Western Michigan,-21.5,-17.5,50.0,49.5,Bovada,3
401752803,2025,1,2025-08-30,Tulane,Northwestern,-5.0,-7.5,46.0,47.5,Bovada,3
401752804,2025,1,2025-08-30,Oregon,Montana State,-28.0,-26.5,56.5,55.5,Bovada,2
401752805,2025,1,2025-08-30,Washington,Colorado State,-22.5,-18.5,52.0,52.5,Bovada,3
401752806,2025,1,2025-08-30,Indiana,Old Dominion,-23.0,-23.5,53.0,54.5,Bovada,3
401752807,2025,1,2025-08-30,Penn State,Nevada,-43.5,-43.5,54.5,60.5,Bovada,3
401752808,2025,1,2025-08-30,Michigan,New Mexico,-34.5,-34.5,49.5,52.5,Bovada,3
401752810,2025,2,2025-09-06,Nebraska,Akron,-34.0,-34.0,47.5,48.0,Bovada,2
401752811,2025,2,2025-09-06,Penn State,Florida International,-42.0,-42.0,53.5,54.5,Bovada,2
401752812,2025,2,2025-09-06,Indiana,Kennesaw State,-35.5,-35.5,51.5,51.0,Bovada,2
401752813,2025,2,2025-09-06,Minnesota,Northwestern State,-43.0,-43.0,50.5,50.5,Bovada,2
401752814,2025,2,2025-09-06,USC,Georgia Southern,-29.0,-28.0,61.5,64.0,Bovada,2
401752815,2025,2,2025-09-06,Ohio State,Grambling,-55.5,-55.5,62.5,62.5,Bovada,2
401752816,2025,2,2025-09-06,Michigan State,Boston College,-3.5,-3.0,45.5,49.5,Bovada,2
401752817,2025,2,2025-09-05,Northwestern,Western Illinois,-31.5,-28.5,49.5,51.5,Bovada,2
401752818,2025,2,2025-09-06,Rutgers,Miami (OH),-15.5,-14.0,45.5,48.0,Bovada,2
401752819,2025,2,2025-09-06,Purdue,Southern Illinois,-19.5,-20.0,52.0,51.5,Bovada,2
401752820,2025,2,2025-09-06,Wisconsin,Middle Tennessee,-28.5,-27.5,45.5,46.5,Bovada,2
401752821,2025,2,2025-09-06,Washington,UC Davis,-28.0,-28.5,54.0,53.5,Bovada,2
401752822,2025,2,2025-09-06,Iowa State,Iowa,-3.0,-3.0,43.0,43.0,Bovada,3
401752823,2025,2,2025-09-06,UNLV,UCLA,2.5,2.0,54.5,56.5,Bovada,2
401752824,2025,2,2025-09-06,Oregon,Oklahoma State,-28.5,-28.0,55.5,58.5,Bovada,2
401752825,2025,2,2025-09-06,Duke,Illinois,2.5,2.5,49.0,50.0,Bovada,2
401752826,2025,2,2025-09-05,Maryland,Northern Illinois,-17.0,-15.5,44.5,48.5,Bovada,2
401752827,2025,3,2025-09-13,Ohio State,Ohio,-28.0,-33.5,49.0,53.5,Bovada,3
401752828,2025,3,2025-09-13,Nebraska,Houston Christian,-48.5,-42.5,59.0,54.5,Bovada,3
401752829,2025,3,2025-09-13,Illinois,Western Michigan,-27.5,-28.0,51.0,51.5,Bovada,3
401752830,2025,3,2025-09-13,Iowa,Massachusetts,-35.0,-33.5,44.0,44.5,Bovada,3
401752831,2025,3,2025-09-13,Northwestern,Oregon,26.5,28.0,50.5,51.5,Bovada,3
401752832,2025,3,2025-09-13,Purdue,USC,20.5,21.0,59.0,58.0,Bovada,3
401752833,2025,3,2025-09-13,Rutgers,Norfolk State,-44.5,-44.0,56.0,51.5,Bovada,3
401752834,2025,3,2025-09-13,Michigan State,Youngstown State,-23.5,-23.5,55.0,52.5,Bovada,3
401752835,2025,3,2025-09-13,Penn State,Villanova,-47.5,-48.5,56.5,55.5,Bovada,3
401752836,2025,3,2025-09-12,Indiana,Indiana State,-47.5,-48.5,60.0,59.5,Bovada,3
401752837,2025,3,2025-09-12,UCLA,New Mexico,-15.5,-15.0,53.0,53.0,Bovada,3
401752838,2025,3,2025-09-13,Maryland,Towson,-28.5,-29.5,52.5,50.5,Bovada,3
401752839,2025,3,2025-09-13,Michigan,Central Michigan,-28.0,-27.5,43.0,42.5,Bovada,3
401752840,2025,3,2025-09-13,California,Minnesota,3.0,2.5,40.5,44.0,Bovada,3
401752841,2025,4,2025-09-20,Oregon,Oregon State,-34.0,-35.0,58.0,56.5,Bovada,3
401752842,2025,4,2025-09-20,Washington State,Washington,21.0,20.5,52.0,53.5,Bovada,3
401752843,2025,4,2025-09-20,Indiana,Illinois,-6.5,-4.5,51.0,52.5,Bovada,3
401752844,2025,4,2025-09-19,Rutgers,Iowa,2.0,2.0,46.5,45.5,Bovada,3
401752845,2025,4,2025-09-20,Wisconsin,Maryland,-10.5,-7.0,44.5,43.5,Bovada,3
401752846,2025,4,2025-09-20,Nebraska,Michigan,-1.0,1.5,47.5,44.5,Bovada,3
401752847,2025,4,2025-09-20,USC,Michigan State,-18.5,-15.5,55.5,55.5,Bovada,3
401752848,2025,4,2025-09-20,Notre Dame,Purdue,-24.5,-27.0,51.5,52.5,Bovada,3
401752849,2025,5,2025-09-27,Minnesota,Rutgers,-4.0,-5.5,51.5,51.5,Bovada,3
401752850,2025,5,2025-09-27,Illinois,USC,6.5,6.5,62.0,58.5,Bovada,3
401752851,2025,5,2025-09-27,Northwestern,UCLA,-6.0,-6.5,46.0,46.0,Bovada,3
401752852,2025,5,2025-09-27,Washington,Ohio State,9.0,9.5,53.5,52.5,Bovada,3
401752853,2025,5,2025-09-27,Iowa,Indiana,9.5,7.5,47.5,50.0,Bovada,3
401752854,2025,5,2025-09-27,Penn State,Oregon,-4.0,-3.5,53.0,52.5,Bovada,3
401752855,2025,6,2025-10-04,UCLA,Penn State,24.5,25.0,48.0,50.0,Bovada,3
401752856,2025,6,2025-10-04,Michigan,Wisconsin,-17.0,-17.0,42.5,41.5,Bovada,3
401752857,2025,6,2025-10-04,Maryland,Washington,5.5,4.5,52.0,53.5,Bovada,3
401752858,2025,6,2025-10-04,Northwestern,UL Monroe,-12.5,-12.0,43.0,40.5,Bovada,3
401752859,2025,6,2025-10-04,Ohio State,Minnesota,-23.5,-24.0,42.0,44.5,Bovada,3
401752860,2025,6,2025-10-04,Nebraska,Michigan State,-13.5,-10.5,48.5,53.5,Bovada,3
401752861,2025,6,2025-10-04,Purdue,Illinois,7.0,10.0,54.5,55.5,Bovada,3
401752862,2025,7,2025-10-10,Washington,Rutgers,-9.5,-10.0,62.0,59.0,Bovada,3
401752863,2025,7,2025-10-11,Michigan State,UCLA,-7.0,-7.5,52.0,55.5,Bovada,3
401752864,2025,7,2025-10-11,Minnesota,Purdue,-7.0,-10.0,49.5,51.5,Bovada,3
401752865,2025,7,2025-10-11,Illinois,Ohio State,15.0,14.5,51.0,50.5,Bovada,3
401752866,2025,7,2025-10-11,Penn State,Northwestern,-20.5,-22.5,46.5,48.5,Bovada,3
401752867,2025,7,2025-10-11,Maryland,Nebraska,7.0,5.5,47.0,48.0,Bovada,3
401752868,2025,7,2025-10-11,USC,Michigan,-3.0,-2.5,58.0,54.5,Bovada,3
401752869,2025,7,2025-10-11,Wisconsin,Iowa,5.0,4.5,37.5,37.5,Bovada,3
401752870,2025,7,2025-10-11,Oregon,Indiana,-6.5,-9.5,51.0,54.5,Bovada,3
401752871,2025,8,2025-10-18,Notre Dame,USC,-11.0,-8.0,60.5,61.5,Bovada,3
401752872,2025,8,2025-10-17,Minnesota,Nebraska,7.0,6.5,47.5,48.0,Bovada,3
401752873,2025,8,2025-10-18,Michigan,Washington,-4.0,-6.0,50.5,51.0,Bovada,3
401752874,2025,8,2025-10-18,Northwestern,Purdue,-3.5,-3.5,47.0,48.5,Bovada,3
401752875,2025,8,2025-10-18,Iowa,Penn State,-3.0,-3.0,41.0,38.5,Bovada,3
401752876,2025,8,2025-10-18,Rutgers,Oregon,17.5,15.5,62.0,59.0,Bovada,3
401752877,2025,8,2025-10-18,Wisconsin,Ohio State,24.5,27.0,41.0,42.0,Bovada,3
401752878,2025,8,2025-10-18,Indiana,Michigan State,-26.5,-26.5,49.5,52.5,Bovada,3
401752879,2025,8,2025-10-18,UCLA,Maryland,-3.5,-2.5,52.5,52.5,Bovada,3
401752880,2025,9,2025-10-25,Washington,Illinois,-3.0,-5.0,54.5,56.5,Bovada,3
401752881,2025,9,2025-10-25,Michigan State,Michigan,13.5,13.5,47.5,49.0,Bovada,3
401752882,2025,9,2025-10-25,Iowa,Minnesota,-7.0,-7.5,38.5,38.5,Bovada,3
401752883,2025,9,2025-10-25,Nebraska,Northwestern,-7.0,-7.5,44.5,44.0,Bovada,3
401752884,2025,9,2025-10-25,Purdue,Rutgers,-2.5,2.5,60.0,59.5,Bovada,3
401752885,2025,9,2025-10-25,Indiana,UCLA,-27.5,-24.5,53.5,54.5,Bovada,3
401752886,2025,9,2025-10-25,Oregon,Wisconsin,-31.0,-34.0,45.0,46.0,Bovada,3
401752887,2025,10,2025-11-01,Maryland,Indiana,21.0,21.0,51.0,51.5,Bovada,3
401752888,2025,10,2025-11-01,Minnesota,Michigan State,-3.5,-4.0,44.5,43.5,Bovada,3
401752889,2025,10,2025-11-01,Ohio State,Penn State,-18.0,-21.0,45.5,43.5,Bovada,3
401752890,2025,10,2025-11-01,Michigan,Purdue,-21.0,-21.0,49.0,51.5,Bovada,3
401752891,2025,10,2025-11-01,Illinois,Rutgers,-13.0,-13.0,63.5,63.5,Bovada,3
401752892,2025,10,2025-11-01,Nebraska,USC,4.5,6.0,60.0,58.0,Bovada,3
401752893,2025,11,2025-11-08,Penn State,Indiana,14.0,13.5,50.5,49.5,Bovada,3
401752894,2025,11,2025-11-08,Rutgers,Maryland,-1.5,-1.0,57.0,58.5,Bovada,3
401752895,2025,11,2025-11-08,UCLA,Nebraska,-2.0,-3.0,46.0,44.0,Bovada,3
401752896,2025,11,2025-11-07,USC,Northwestern,-14.5,-15.0,54.0,51.5,Bovada,3
401752897,2025,11,2025-11-08,Purdue,Ohio State,29.0,28.5,50.0,48.5,Bovada,3
401752898,2025,11,2025-11-08,Iowa,Oregon,4.5,6.0,41.0,43.5,Bovada,3
401752899,2025,11,2025-11-08,Wisconsin,Washington,10.5,11.0,44.5,45.5,Bovada,3
401752900,2025,12,2025-11-15,Ohio State,UCLA,-33.0,-31.5,46.5,48.5,Bovada,3
401752901,2025,12,2025-11-15,Indiana,Wisconsin,-28.0,-30.5,43.5,44.5,Bovada,3
401752902,2025,12,2025-11-15,Washington,Purdue,-15.5,-16.5,51.0,55.0,Bovada,3
401752903,2025,12,2025-11-15,Michigan State,Penn State,7.0,7.0,49.0,50.5,Bovada,3
401752904,2025,12,2025-11-14,Oregon,Minnesota,-27.0,-23.0,46.0,45.5,Bovada,3
401752905,2025,12,2025-11-15,Northwestern,Michigan,10.0,10.0,42.0,40.5,Bovada,3
401752906,2025,12,2025-11-15,Illinois,Maryland,-16.5,-14.0,52.0,53.5,Bovada,3
401752907,2025,12,2025-11-15,USC,Iowa,-6.5,-6.5,48.5,49.5,Bovada,3
401752908,2025,13,2025-11-22,Penn State,Nebraska,-7.0,-9.5,45.0,43.5,Bovada,3
401752909,2025,13,2025-11-22,Northwestern,Minnesota,-4.0,-5.5,41.0,40.5,Bovada,3
401752910,2025,13,2025-11-22,UCLA,Washington,11.0,10.5,51.0,52.5,Bovada,3
401752911,2025,13,2025-11-22,Oregon,USC,-11.0,-9.5,59.0,60.0,Bovada,3
401752912,2025,13,2025-11-22,Ohio State,Rutgers,-29.0,-32.5,54.0,56.0,Bovada,3
401752913,2025,13,2025-11-22,Iowa,Michigan State,-17.5,-16.5,43.0,42.5,Bovada,3
401752914,2025,13,2025-11-22,Maryland,Michigan,14.0,11.5,46.5,45.5,Bovada,3
401752915,2025,13,2025-11-22,Wisconsin,Illinois,9.5,9.0,42.0,41.0,Bovada,3
401752916,2025,14,2025-11-28,Nebraska,Iowa,6.0,5.0,39.5,39.5,Bovada,3
401752917,2025,14,2025-11-29,Washington,Oregon,7.0,7.5,51.0,52.5,Bovada,3
401752918,2025,14,2025-11-29,Minnesota,Wisconsin,2.5,-2.0,38.5,37.5,Bovada,3
401752919,2025,14,2025-11-29,USC,UCLA,-21.0,-21.0,59.0,60.5,Bovada,3
401752920,2025,14,2025-11-29,Rutgers,Penn State,14.0,10.5,55.5,55.5,Bovada,3
401752921,2025,14,2025-11-29,Michigan,Ohio State,9.5,5.5,43.0,47.5,Bovada,3
401752922,2025,14,2025-11-29,Illinois,Northwestern,-7.0,-7.0,44.0,47.5,Bovada,3
401752923,2025,14,2025-11-29,Michigan State,Maryland,-4.0,-4.5,49.5,48.5,Bovada,3
401752924,2025,14,2025-11-28,Purdue,Indiana,28.5,28.5,54.5,54.5,Bovada,3
401752936,2025,1,2025-08-30,Oregon State,California,3.0,-1.5,48.0,52.5,Bovada,3
401752937,2025,2,2025-09-06,Oregon State,Fresno State,-1.0,-2.0,45.5,48.5,Bovada,2
401752938,2025,3,2025-09-13,Texas Tech,Oregon State,-24.0,-24.0,61.5,60.5,Bovada,3
401752939,2025,5,2025-09-26,Oregon State,Houston,12.5,12.5,47.5,48.5,Bovada,3
401752940,2025,6,2025-10-04,App State,Oregon State,-2.0,1.5,53.5,55.0,Bovada,3
401752941,2025,8,2025-10-18,Oregon State,Lafayette,-21.0,-22.5,56.5,54.5,Bovada,3
401752942,2025,9,2025-10-25,Wake Forest,SMU,5.5,3.5,53.0,53.5,Bovada,3
401752943,2025,10,2025-11-01,Oregon State,Washington State,3.0,4.5,47.5,49.5,Bovada,3
401752944,2025,11,2025-11-08,Oregon State,Sam Houston,-21.0,-18.5,51.5,51.5,Bovada,3
401752945,2025,12,2025-11-15,Tulsa,Oregon State,-1.0,1.0,50.5,50.5,Bovada,3
401752946,2025,14,2025-11-29,Washington State,Oregon State,-14.0,-13.5,42.5,43.5,Bovada,3
401752947,2025,1,2025-08-30,Washington State,Idaho,-17.0,-14.5,51.0,50.5,Bovada,2
401752948,2025,2,2025-09-06,Washington State,San Diego State,-2.0,-3.0,46.5,45.0,Bovada,2
401752949,2025,3,2025-09-13,North Texas,Washington State,-6.5,-5.5,57.5,58.0,Bovada,3
401752950,2025,5,2025-09-27,Colorado State,Washington State,-4.5,-4.5,48.5,50.5,Bovada,3
401752951,2025,8,2025-10-18,Virginia,Washington State,-16.5,-18.0,56.5,56.5,Bovada,3
401752952,2025,9,2025-10-25,Washington State,Toledo,2.0,-1.5,44.5,51.0,Bovada,3
401752953,2025,12,2025-11-15,Washington State,Louisiana Tech,-10.0,-6.5,43.5,47.0,Bovada,3
401752954,2025,13,2025-11-22,James Madison,Washington State,-15.0,-13.5,44.5,44.5,Bovada,3
401754371,2025,8,2025-10-17,California,North Carolina,-7.5,-11.5,46.5,47.5,Bovada,3
401754372,2025,9,2025-10-24,Virginia Tech,California,-6.0,-4.5,51.0,49.5,Bovada,3
401754373,2025,1,2025-08-28,NC State,East Carolina,-14.0,-14.0,61.0,56.5,Bovada,3
401754374,2025,1,2025-08-29,Wake Forest,Kennesaw State,-18.5,-17.5,51.0,53.5,Bovada,3
401754375,2025,1,2025-08-29,Colorado,Georgia Tech,3.5,3.5,50.0,57.5,Bovada,3
401754516,2025,1,2025-08-23,Hawai'i,Stanford,-2.0,2.5,50.0,55.5,Bovada,3
401754517,2025,1,2025-08-28,Duke,Elon,-36.5,-33.5,51.5,47.5,Bovada,2
401754518,2025,1,2025-08-30,Boston College,Fordham,-35.0,-34.5,53.5,53.5,Bovada,2
401754519,2025,1,2025-08-30,Louisville,Eastern Kentucky,-38.0,-37.5,56.5,56.5,Bovada,2
401754520,2025,1,2025-08-30,Pittsburgh,Duquesne,-39.0,-39.0,58.0,57.0,Bovada,2
401754521,2025,1,2025-08-30,SMU,East Texas A&M,-51.0,-50.5,65.0,63.5,Bovada,2
401754522,2025,1,2025-08-31,Miami,Notre Dame,3.0,2.5,50.5,54.5,Bovada,3
401754523,2025,1,2025-09-01,North Carolina,TCU,3.5,-2.5,55.0,58.5,Bovada,3
401754524,2025,2,2025-09-06,NC State,Virginia,-3.0,-3.0,53.0,55.5,Bovada,2
401754525,2025,2,2025-09-06,SMU,Baylor,-3.0,-4.0,65.5,65.0,Bovada,2
401754526,2025,2,2025-09-06,BYU,Stanford,-20.5,-18.5,44.5,48.0,Bovada,2
401754527,2025,2,2025-09-06,Charlotte,North Carolina,15.0,13.0,49.5,49.5,Bovada,2
401754528,2025,2,2025-09-05,Louisville,James Madison,-15.0,-15.0,57.0,57.5,Bovada,2
401754529,2025,2,2025-09-06,Pittsburgh,Central Michigan,-21.5,-21.5,48.5,53.0,Bovada,2
401754530,2025,2,2025-09-06,California,Texas Southern,-44.5,-45.0,54.5,54.0,Bovada,2
401754531,2025,3,2025-09-11,Wake Forest,NC State,7.0,7.0,53.0,54.5,Bovada,3
401754532,2025,3,2025-09-12,Syracuse,Colgate,-36.5,-37.5,64.0,66.5,Bovada,3
401754533,2025,3,2025-09-13,Stanford,Boston College,14.0,10.5,44.5,44.5,Bovada,3
401754534,2025,3,2025-09-13,Tulane,Duke,-1.5,-2.5,52.5,52.5,Bovada,3
401754535,2025,3,2025-09-13,Miami,South Florida,-18.0,-16.0,56.5,54.5,Bovada,3
401754536,2025,3,2025-09-13,Virginia Tech,Old Dominion,-5.5,-8.0,51.0,50.5,Bovada,3
401754537,2025,4,2025-09-20,Clemson,Syracuse,-17.5,-17.0,54.5,55.0,Bovada,3
401754538,2025,4,2025-09-20,Duke,NC State,-3.0,-2.5,57.0,59.5,Bovada,3
401754539,2025,4,2025-09-20,Virginia,Stanford,-15.5,-16.0,48.5,49.0,Bovada,3
401754540,2025,4,2025-09-20,San Diego State,California,14.0,13.5,47.0,48.5,Bovada,3
401754541,2025,4,2025-09-20,Florida State,Kent State,-45.0,-43.5,56.0,56.0,Bovada,3
401754542,2025,4,2025-09-20,Georgia Tech,Temple,-24.5,-24.0,53.5,53.5,Bovada,3
401754543,2025,5,2025-09-26,Virginia,Florida State,7.0,7.0,60.5,57.5,Bovada,3
401754544,2025,5,2025-09-27,Boston College,California,-6.0,-6.0,53.5,52.0,Bovada,3
401754545,2025,5,2025-09-27,Syracuse,Duke,4.5,5.5,59.5,59.0,Bovada,3
401754546,2025,5,2025-09-27,Wake Forest,Georgia Tech,13.0,15.5,53.0,54.0,Bovada,3
401754547,2025,5,2025-09-27,Pittsburgh,Louisville,3.0,3.5,54.0,56.5,Bovada,3
401754548,2025,5,2025-09-27,NC State,Virginia Tech,-10.0,-10.5,57.5,57.0,Bovada,3
401754549,2025,5,2025-09-27,Stanford,San José State,-3.0,-1.5,50.0,49.5,Bovada,3
401754550,2025,6,2025-10-04,Pittsburgh,Boston College,-6.5,-6.0,55.0,57.5,Bovada,3
401754551,2025,6,2025-10-04,California,Duke,3.5,3.0,54.5,56.0,Bovada,3
401754552,2025,6,2025-10-04,North Carolina,Clemson,14.5,13.5,48.0,46.5,Bovada,3
401754553,2025,6,2025-10-04,Florida State,Miami,3.5,5.5,54.5,53.5,Bovada,3
401754554,2025,6,2025-10-04,Louisville,Virginia,-6.5,-6.0,60.0,61.5,Bovada,3
401754555,2025,6,2025-10-04,SMU,Syracuse,-17.5,-16.5,57.0,58.5,Bovada,3
401754556,2025,6,2025-10-04,Virginia Tech,Wake Forest,-6.0,-5.0,51.0,50.5,Bovada,3
401754557,2025,6,2025-10-04,NC State,Campbell,-42.5,-42.5,61.5,61.0,Bovada,3
401754558,2025,7,2025-10-11,Boston College,Clemson,14.0,13.5,54.0,53.5,Bovada,3
401754559,2025,7,2025-10-11,Florida State,Pittsburgh,-10.5,-9.5,57.0,58.0,Bovada,3
401754560,2025,7,2025-10-11,Georgia Tech,Virginia Tech,-14.0,-14.5,55.5,55.5,Bovada,3
401754561,2025,7,2025-10-11,SMU,Stanford,-19.5,-18.0,55.5,56.5,Bovada,3
401754562,2025,7,2025-10-11,Notre Dame,NC State,-23.5,-22.5,59.5,62.5,Bovada,3
401754563,2025,7,2025-10-11,Oregon State,Wake Forest,1.5,2.5,48.0,52.5,Bovada,3
401754564,2025,8,2025-10-17,Miami,Louisville,-10.5,-13.0,49.5,53.5,Bovada,3
401754565,2025,8,2025-10-18,Clemson,SMU,-3.5,-10.0,50.0,55.0,Bovada,3
401754566,2025,8,2025-10-18,Duke,Georgia Tech,-3.5,-2.5,60.5,61.0,Bovada,3
401754567,2025,8,2025-10-18,Stanford,Florida State,17.5,17.5,55.0,54.5,Bovada,3
401754568,2025,8,2025-10-18,Syracuse,Pittsburgh,9.5,11.5,54.5,57.0,Bovada,3
401754569,2025,8,2025-10-18,Boston College,UConn,2.5,-2.0,58.0,55.5,Bovada,3
401754570,2025,9,2025-10-25,Louisville,Boston College,-25.5,-24.5,54.5,55.5,Bovada,3
401754571,2025,9,2025-10-25,Georgia Tech,Syracuse,-17.5,-18.0,52.5,55.0,Bovada,3
401754572,2025,9,2025-10-25,Miami,Stanford,-30.0,-30.0,46.0,48.5,Bovada,3
401754573,2025,9,2025-10-25,North Carolina,Virginia,11.0,9.0,50.5,53.0,Bovada,3
401754574,2025,9,2025-10-25,Pittsburgh,NC State,-5.0,-8.5,53.0,58.5,Bovada,3
401754575,2025,10,2025-10-31,Syracuse,North Carolina,-1.5,-2.0,45.5,46.0,Bovada,3
401754576,2025,10,2025-11-01,California,Virginia,6.5,4.5,52.0,54.0,Bovada,3
401754577,2025,10,2025-11-01,Clemson,Duke,-4.0,-3.5,55.0,56.0,Bovada,3
401754578,2025,10,2025-11-01,Florida State,Wake Forest,-13.0,-7.5,51.0,52.0,Bovada,3
401754579,2025,10,2025-11-01,NC State,Georgia Tech,4.0,6.5,58.5,57.5,Bovada,3
401754580,2025,10,2025-11-01,Virginia Tech,Louisville,10.5,10.0,52.5,54.0,Bovada,3
401754581,2025,10,2025-11-01,SMU,Miami,8.5,10.5,50.5,50.5,Bovada,3
401754582,2025,10,2025-11-01,Stanford,Pittsburgh,13.5,14.0,51.5,51.5,Bovada,3
401754583,2025,10,2025-11-01,Boston College,Notre Dame,31.0,28.5,55.0,57.5,Bovada,3
401754584,2025,11,2025-11-08,Boston College,SMU,10.5,12.0,54.5,55.0,Bovada,3
401754585,2025,11,2025-11-08,Louisville,California,-18.0,-18.5,49.0,50.5,Bovada,3
401754586,2025,11,2025-11-08,Clemson,Florida State,-1.5,-2.5,56.5,56.0,Bovada,3
401754587,2025,11,2025-11-08,Miami,Syracuse,-28.5,-28.0,46.5,46.5,Bovada,3
401754588,2025,11,2025-11-08,North Carolina,Stanford,-8.5,-9.0,42.0,43.5,Bovada,3
401754589,2025,11,2025-11-08,Virginia,Wake Forest,-7.0,-7.0,48.5,48.5,Bovada,3
401754590,2025,11,2025-11-08,UConn,Duke,8.0,8.5,63.0,66.5,Bovada,3
401754591,2025,12,2025-11-14,Louisville,Clemson,-1.5,-3.5,51.0,51.5,Bovada,3
401754592,2025,12,2025-11-15,Boston College,Georgia Tech,16.5,16.5,61.0,58.0,Bovada,3
401754593,2025,12,2025-11-15,Duke,Virginia,-5.0,-6.5,60.0,58.5,Bovada,3
401754594,2025,12,2025-11-15,Florida State,Virginia Tech,-14.0,-11.5,55.0,54.5,Bovada,3
401754595,2025,12,2025-11-15,Miami,NC State,-15.5,-14.5,55.0,55.0,Bovada,3
401754596,2025,12,2025-11-15,Wake Forest,North Carolina,-3.5,-6.0,38.0,39.5,Bovada,3
401754597,2025,12,2025-11-15,Pittsburgh,Notre Dame,13.0,10.5,55.0,56.5,Bovada,3
401754598,2025,13,2025-11-21,NC State,Florida State,6.5,5.5,58.5,61.5,Bovada,3
401754599,2025,13,2025-11-22,Stanford,California,4.5,3.0,47.5,49.5,Bovada,3
401754600,2025,13,2025-11-22,North Carolina,Duke,7.0,6.5,50.0,52.0,Bovada,3
401754601,2025,13,2025-11-22,Georgia Tech,Pittsburgh,-2.5,-2.5,60.0,62.0,Bovada,3
401754602,2025,13,2025-11-22,SMU,Louisville,-4.0,-3.0,49.5,53.0,Bovada,3
401754603,2025,13,2025-11-22,Virginia Tech,Miami,18.5,17.0,49.0,48.5,Bovada,3
401754604,2025,13,2025-11-22,Notre Dame,Syracuse,-37.0,-35.0,51.0,51.5,Bovada,3
401754605,2025,13,2025-11-22,Clemson,Furman,-41.5,-41.5,55.0,54.5,Bovada,3
401754606,2025,13,2025-11-22,Wake Forest,Delaware,-17.5,-18.0,49.5,52.0,Bovada,3
401754608,2025,14,2025-11-29,Syracuse,Boston College,3.0,3.0,54.0,53.0,Bovada,3
401754609,2025,14,2025-11-29,California,SMU,13.5,11.0,53.5,53.0,Bovada,3
401754610,2025,14,2025-11-29,Duke,Wake Forest,-2.5,-3.0,54.0,55.0,Bovada,3
401754611,2025,14,2025-11-29,Pittsburgh,Miami,6.5,7.0,49.0,51.5,Bovada,3
401754612,2025,14,2025-11-29,NC State,North Carolina,-7.0,-7.5,49.0,47.5,Bovada,3
401754613,2025,14,2025-11-29,Virginia,Virginia Tech,-8.0,-10.5,52.5,52.5,Bovada,3
401754614,2025,14,2025-11-29,Stanford,Notre Dame,32.5,32.5,50.5,52.5,Bovada,3
401754615,2025,3,2025-09-13,Missouri State,SMU,28.5,28.0,61.0,61.5,Bovada,3
401754616,2025,1,2025-08-30,Virginia,Coastal Carolina,-13.5,-12.5,55.0,57.5,Bovada,3
401754617,2025,4,2025-09-20,Virginia Tech,Wofford,-35.5,-35.5,51.5,49.0,Bovada,3
401754618,2025,2,2025-09-06,Syracuse,UConn,-7.0,-9.0,57.5,59.0,Bovada,2
401754619,2025,3,2025-09-13,Virginia,William & Mary,-31.0,-26.5,53.5,51.5,Bovada,3
401754620,2025,2,2025-09-06,Wake Forest,Western Carolina,-17.5,-20.0,60.5,61.5,Bovada,2
401754621,2025,2,2025-09-06,Florida State,East Texas A&M,-45.5,-43.5,58.5,57.5,Bovada,2
401754622,2025,2,2025-09-06,Georgia Tech,Gardner-Webb,-37.5,-37.5,60.5,58.5,Bovada,2
401754623,2025,3,2025-09-13,Georgia Tech,Clemson,3.0,6.5,51.0,52.5,Bovada,3
401754636,2025,4,2025-09-20,TCU,SMU,-6.5,-7.0,63.5,63.0,Bovada,3
401754637,2025,2,2025-09-06,Clemson,Troy,-31.0,-32.0,51.5,51.5,Bovada,2
401754638,2025,3,2025-09-13,West Virginia,Pittsburgh,7.0,4.5,55.0,58.0,Bovada,3
401754639,2025,3,2025-09-13,North Carolina,Richmond,-24.5,-21.5,48.0,46.5,Bovada,3
401754640,2025,4,2025-09-20,UCF,North Carolina,-7.0,-6.5,47.0,50.0,Bovada,3
401754641,2025,2,2025-09-06,Miami,Bethune-Cookman,-54.5,-56.5,64.5,64.5,ESPN Bet,1
401754642,2025,4,2025-09-20,Louisville,Bowling Green,-26.5,-27.0,51.0,52.0,Bovada,3
401756846,2025,1,2025-08-23,Kansas State,Iowa State,-3.0,-2.5,51.0,49.5,Bovada,3
401756847,2025,1,2025-08-23,Kansas,Fresno State,-14.0,-14.5,50.0,51.5,Bovada,3
401756848,2025,1,2025-08-28,UCF,Jacksonville State,-20.5,-16.5,52.5,56.5,Bovada,3
401756849,2025,1,2025-08-30,Arizona,Hawai'i,-15.5,-10.5,55.0,53.5,Bovada,3
401756850,2025,1,2025-08-30,Arizona State,Northern Arizona,-30.5,-28.5,52.5,52.5,Bovada,2
401756851,2025,1,2025-08-30,BYU,Portland State,-43.5,-43.5,61.5,61.5,Bovada,2
401756852,2025,1,2025-08-28,Houston,Stephen F. Austin,-24.5,-22.5,54.5,55.5,Bovada,2
401756853,2025,1,2025-08-30,Iowa State,South Dakota,-16.5,-14.5,47.5,46.5,Bovada,2
401756854,2025,1,2025-08-29,Kansas,Wagner,-46.5,-46.5,57.5,56.5,Bovada,2
401756855,2025,1,2025-08-30,Kansas State,North Dakota,-27.5,-25.5,55.5,55.5,Bovada,2
401756876,2025,1,2025-08-28,Oklahoma State,UT Martin,-26.0,-19.5,56.5,55.5,Bovada,2
401756877,2025,1,2025-08-30,Texas Tech,Arkansas-Pine Bluff,-54.5,-52.5,63.5,62.5,Bovada,2
401756878,2025,1,2025-08-30,West Virginia,Robert Morris,-40.0,-37.5,56.5,55.5,Bovada,2
401756879,2025,2,2025-09-06,Arizona,Weber State,-31.5,-31.5,56.5,56.5,Bovada,2
401756880,2025,2,2025-09-06,Cincinnati,Bowling Green,-22.5,-18.0,46.5,49.5,Bovada,2
401756881,2025,2,2025-09-06,Colorado,Delaware,-23.5,-23.5,49.5,50.0,Bovada,2
401756882,2025,2,2025-09-06,Kansas State,Army,-17.0,-14.5,48.5,49.0,Bovada,2
401756883,2025,2,2025-09-06,Ohio,West Virginia,3.5,3.0,58.5,57.5,Bovada,2
401756884,2025,2,2025-09-06,Rice,Houston,13.5,13.5,38.5,41.5,Bovada,2
401756885,2025,2,2025-09-06,Texas Tech,Kent State,-48.5,-49.0,60.0,60.5,Bovada,2
401756886,2025,2,2025-09-06,UCF,North Carolina A&T,-38.0,-39.5,51.0,50.5,Bovada,2
401756887,2025,2,2025-09-06,Utah,Cal Poly,-42.5,-41.5,53.5,52.0,Bovada,2
401756888,2025,3,2025-09-12,Arizona,Kansas State,1.5,0.0,55.5,54.5,Bovada,3
401756889,2025,3,2025-09-13,Arizona State,Texas State,-18.5,-14.5,61.5,59.5,Bovada,3
401756890,2025,3,2025-09-13,Arkansas State,Iowa State,21.5,21.0,56.0,55.5,Bovada,3
401756891,2025,3,2025-09-13,Baylor,Samford,-52.0,-48.5,64.5,59.5,Bovada,3
401756892,2025,3,2025-09-13,Cincinnati,Northwestern State,-48.5,-46.5,55.5,53.5,Bovada,3
401756893,2025,3,2025-09-12,Houston,Colorado,-4.0,-4.5,45.0,43.5,Bovada,3
401756894,2025,3,2025-09-13,TCU,Abilene Christian,-42.0,-37.5,60.5,56.5,Bovada,3
401756895,2025,3,2025-09-13,Wyoming,Utah,24.5,22.5,47.0,48.0,Bovada,3
401756896,2025,4,2025-09-20,Baylor,Arizona State,-3.0,-2.5,60.5,59.5,Bovada,3
401756897,2025,4,2025-09-20,Colorado,Wyoming,-12.0,-13.5,46.0,44.0,Bovada,3
401756898,2025,4,2025-09-20,East Carolina,BYU,6.5,7.0,50.0,49.5,Bovada,3
401756899,2025,4,2025-09-20,Kansas,West Virginia,-12.5,-13.0,54.0,55.0,Bovada,3
401756900,2025,4,2025-09-19,Oklahoma State,Tulsa,-10.0,-13.5,55.0,56.5,Bovada,3
401756901,2025,4,2025-09-20,Utah,Texas Tech,-3.5,-4.0,58.0,55.5,Bovada,3
401756902,2025,5,2025-09-26,Arizona State,TCU,-3.0,-2.5,54.5,55.5,Bovada,3
401756903,2025,5,2025-09-27,Colorado,BYU,6.5,6.5,49.0,47.5,Bovada,3
401756904,2025,5,2025-09-27,Iowa State,Arizona,-3.5,-6.5,48.5,49.5,Bovada,3
401756905,2025,5,2025-09-27,Kansas,Cincinnati,-5.5,-6.0,56.0,55.5,Bovada,3
401756906,2025,5,2025-09-27,Kansas State,UCF,-6.0,-5.5,48.5,49.0,Bovada,3
401756907,2025,5,2025-09-27,Oklahoma State,Baylor,21.0,20.5,59.0,59.5,Bovada,3
401756908,2025,5,2025-09-27,West Virginia,Utah,13.5,10.5,47.0,50.5,Bovada,3
401756909,2025,6,2025-10-03,BYU,West Virginia,-20.0,-19.5,47.0,48.0,Bovada,3
401756910,2025,6,2025-10-04,Arizona,Oklahoma State,-21.5,-18.5,56.5,55.5,Bovada,3
401756911,2025,6,2025-10-04,Baylor,Kansas State,-5.0,-6.5,60.0,61.5,Bovada,3
401756912,2025,6,2025-10-04,Cincinnati,Iowa State,-2.0,-1.5,55.5,51.5,Bovada,3
401756913,2025,6,2025-10-04,Houston,Texas Tech,13.0,12.0,51.5,50.0,Bovada,3
401756914,2025,6,2025-10-04,TCU,Colorado,-13.5,-14.5,57.0,58.0,Bovada,3
401756915,2025,6,2025-10-04,UCF,Kansas,4.0,4.0,54.0,55.5,Bovada,3
401756916,2025,7,2025-10-11,Arizona,BYU,2.5,2.5,47.0,48.5,Bovada,3
401756917,2025,7,2025-10-11,Cincinnati,UCF,-10.5,-10.5,55.5,55.5,Bovada,3
401756918,2025,7,2025-10-11,Colorado,Iowa State,3.0,5.0,52.5,51.5,Bovada,3
401756919,2025,7,2025-10-11,Kansas State,TCU,3.0,1.5,54.5,57.5,Bovada,3
401756920,2025,7,2025-10-11,Oklahoma State,Houston,14.5,13.5,48.0,47.5,Bovada,3
401756921,2025,7,2025-10-11,Texas Tech,Kansas,-13.5,-14.5,58.5,60.5,Bovada,3
401756922,2025,7,2025-10-11,Utah,Arizona State,-9.5,-5.5,44.5,49.5,Bovada,3
401756923,2025,8,2025-10-18,Arizona State,Texas Tech,8.0,10.5,52.0,49.5,Bovada,3
401756924,2025,8,2025-10-18,BYU,Utah,4.0,3.5,49.5,47.5,Bovada,3
401756925,2025,8,2025-10-18,Houston,Arizona,2.0,-2.0,47.0,47.0,Bovada,3
401756926,2025,8,2025-10-18,Oklahoma State,Cincinnati,24.0,20.5,58.0,57.0,Bovada,3
401756927,2025,8,2025-10-18,TCU,Baylor,-3.5,-3.0,66.5,66.5,Bovada,3
401756928,2025,8,2025-10-18,UCF,West Virginia,-6.5,-7.0,46.0,48.5,Bovada,3
401756929,2025,9,2025-10-25,Arizona State,Houston,-7.5,-8.5,47.0,47.5,Bovada,3
401756930,2025,9,2025-10-25,Cincinnati,Baylor,-3.5,-5.5,68.5,66.5,Bovada,3
401756931,2025,9,2025-10-25,Iowa State,BYU,-2.5,-2.0,49.0,49.0,Bovada,3
401756932,2025,9,2025-10-25,Kansas,Kansas State,-3.5,-2.5,56.0,55.0,Bovada,3
401756933,2025,9,2025-10-25,Texas Tech,Oklahoma State,-38.0,-39.0,56.0,57.0,Bovada,3
401756934,2025,9,2025-10-25,Utah,Colorado,-14.0,-15.5,50.0,51.0,Bovada,3
401756935,2025,9,2025-10-25,West Virginia,TCU,16.5,15.0,55.5,57.0,Bovada,3
401756936,2025,10,2025-11-01,Baylor,UCF,-3.0,-4.5,58.5,60.5,Bovada,3
401756937,2025,10,2025-11-01,Colorado,Arizona,3.5,4.5,52.5,52.5,Bovada,3
401756938,2025,10,2025-11-01,Houston,West Virginia,-13.0,-14.5,48.5,49.5,Bovada,3
401756939,2025,10,2025-11-01,Iowa State,Arizona State,-7.5,-4.0,48.5,50.5,Bovada,3
401756940,2025,10,2025-11-01,Kansas,Oklahoma State,-25.0,-24.5,54.5,58.0,Bovada,3
401756941,2025,10,2025-11-01,Kansas State,Texas Tech,7.0,7.0,52.0,52.5,Bovada,3
401756942,2025,10,2025-11-01,Utah,Cincinnati,-11.0,-7.0,57.5,56.0,Bovada,3
401756943,2025,11,2025-11-08,Arizona,Kansas,-5.5,-6.0,56.5,56.5,Bovada,3
401756944,2025,11,2025-11-08,TCU,Iowa State,-7.5,-6.5,58.0,57.5,Bovada,3
401756945,2025,11,2025-11-08,Texas Tech,BYU,-13.5,-10.5,50.0,53.5,Bovada,3
401756946,2025,11,2025-11-07,UCF,Houston,-1.0,0.0,47.5,47.5,Bovada,3
401756947,2025,11,2025-11-08,West Virginia,Colorado,-6.5,-6.5,51.5,56.5,Bovada,3
401756948,2025,12,2025-11-15,Arizona State,West Virginia,-10.0,-11.0,46.5,47.5,Bovada,3
401756949,2025,12,2025-11-15,Baylor,Utah,9.5,9.0,60.5,60.5,Bovada,3
401756950,2025,12,2025-11-15,BYU,TCU,-3.0,-6.0,52.0,52.5,Bovada,3
401756951,2025,12,2025-11-15,Cincinnati,Arizona,-6.0,-6.0,56.0,56.5,Bovada,3
401756952,2025,12,2025-11-15,Oklahoma State,Kansas State,19.5,20.0,50.0,54.5,Bovada,3
401756953,2025,12,2025-11-15,Texas Tech,UCF,-24.0,-23.5,48.5,48.5,Bovada,3
401756954,2025,13,2025-11-22,Arizona,Baylor,-6.5,-6.5,61.5,63.0,Bovada,3
401756955,2025,13,2025-11-22,Cincinnati,BYU,2.5,2.0,56.5,54.0,Bovada,3
401756956,2025,13,2025-11-22,Colorado,Arizona State,7.0,7.5,47.5,49.0,Bovada,3
401756957,2025,13,2025-11-22,Houston,TCU,1.5,-2.5,55.5,55.0,Bovada,3
401756958,2025,13,2025-11-22,Iowa State,Kansas,-3.5,-4.0,55.5,56.0,Bovada,3
401756959,2025,13,2025-11-22,UCF,Oklahoma State,-13.5,-14.5,47.5,48.5,Bovada,3
401756960,2025,13,2025-11-22,Utah,Kansas State,-17.5,-17.0,52.5,52.5,Bovada,3
401756961,2025,14,2025-11-28,Arizona State,Arizona,2.0,0.0,48.5,48.0,Bovada,3
401756962,2025,14,2025-11-29,Baylor,Houston,-2.5,-2.5,57.0,61.5,Bovada,3
401756963,2025,14,2025-11-29,BYU,UCF,-17.5,-17.5,46.5,48.5,Bovada,3
401756964,2025,14,2025-11-28,Kansas,Utah,10.0,13.5,60.5,60.5,Bovada,3
401756965,2025,14,2025-11-29,Kansas State,Colorado,-16.5,-17.0,49.5,51.5,Bovada,3
401756966,2025,14,2025-11-29,Oklahoma State,Iowa State,14.0,14.5,46.5,49.5,Bovada,3
401756967,2025,14,2025-11-29,TCU,Cincinnati,-3.0,-4.5,58.5,58.0,Bovada,3
401756968,2025,14,2025-11-29,West Virginia,Texas Tech,24.0,21.0,53.0,53.5,Bovada,3
401757165,2025,6,2025-10-04,Notre Dame,Boise State,-21.5,-18.0,63.0,64.5,Bovada,3
401757166,2025,11,2025-11-08,Notre Dame,Navy,-30.5,-24.5,55.0,56.5,Bovada,3
401757167,2025,1,2025-08-30,UConn,Central Connecticut,-28.0,-26.5,51.5,51.5,Bovada,2
401757168,2025,3,2025-09-13,Delaware,UConn,8.0,10.0,52.5,51.5,Bovada,3
401757169,2025,4,2025-09-20,UConn,Ball State,-21.5,-21.0,54.0,52.5,Bovada,3
401757170,2025,5,2025-09-27,Buffalo,UConn,3.0,3.0,51.0,51.5,Bovada,3
401757171,2025,6,2025-10-04,UConn,Florida International,-7.0,-8.5,52.0,54.5,Bovada,3
401757172,2025,9,2025-10-25,Rice,UConn,10.0,10.0,48.5,48.5,Bovada,3
401757173,2025,10,2025-11-01,UConn,UAB,-10.5,-11.5,61.5,64.0,Bovada,3
401757174,2025,12,2025-11-15,UConn,Air Force,-7.5,-8.0,64.5,63.5,Bovada,3
401757175,2025,13,2025-11-22,Florida Atlantic,UConn,6.0,7.0,64.0,67.5,Bovada,3
401757218,2025,1,2025-08-23,Western Kentucky,Sam Houston,-9.5,-7.0,60.0,61.5,Bovada,3
401757219,2025,1,2025-08-28,Delaware,Delaware State,-30.5,-29.5,55.5,54.5,Bovada,2
401757220,2025,1,2025-08-30,Liberty,Maine,-25.5,-25.5,51.0,52.5,Bovada,2
401757221,2025,1,2025-08-30,Louisiana Tech,SE Louisiana,-14.5,-14.5,51.0,50.0,Bovada,2
401757222,2025,1,2025-08-30,Middle Tennessee,Austin Peay,-14.5,-13.5,53.5,53.5,Bovada,2
401757223,2025,1,2025-08-30,New Mexico State,Bryant,-19.5,-19.5,53.5,53.5,Bovada,2
401757224,2025,1,2025-08-29,Sam Houston,UNLV,9.0,13.5,60.5,58.5,Bovada,3
401757225,2025,1,2025-08-30,Utah State,UTEP,-5.5,-3.5,58.5,59.5,Bovada,3
401757226,2025,1,2025-08-30,Western Kentucky,North Alabama,-27.5,-28.5,60.5,60.5,Bovada,2
401757227,2025,2,2025-09-06,Jacksonville State,Liberty,6.0,6.0,50.5,51.0,Bovada,2
401757228,2025,2,2025-09-06,Marshall,Missouri State,-7.0,-10.0,53.5,56.5,Bovada,2
401757229,2025,2,2025-09-06,New Mexico State,Tulsa,3.0,2.5,52.5,53.5,Bovada,2
401757230,2025,2,2025-09-06,Hawai'i,Sam Houston,-7.0,-10.0,47.5,49.0,Bovada,2
401757231,2025,2,2025-09-06,UTEP,UT Martin,-7.5,-6.5,49.5,51.5,Bovada,2
401757232,2025,2,2025-09-06,Toledo,Western Kentucky,-8.5,-5.5,57.5,59.5,Bovada,2
401757233,2025,3,2025-09-13,Florida International,Florida Atlantic,-2.0,-1.5,56.5,57.0,Bovada,3
401757234,2025,3,2025-09-13,Georgia Southern,Jacksonville State,-3.0,-3.5,59.0,56.5,Bovada,3
401757235,2025,3,2025-09-13,Kennesaw State,Merrimack,-17.0,-10.5,44.5,44.5,Bovada,3
401757256,2025,3,2025-09-13,Bowling Green,Liberty,5.5,6.5,51.5,51.0,Bovada,3
401757257,2025,3,2025-09-13,Louisiana Tech,New Mexico State,-10.0,-10.0,43.0,42.5,Bovada,3
401757258,2025,3,2025-09-13,Nevada,Middle Tennessee,-9.0,-8.5,50.0,46.5,Bovada,3
401757259,2025,4,2025-09-20,Florida International,Delaware,-4.0,-4.5,55.5,54.5,Bovada,3
401757260,2025,4,2025-09-20,Jacksonville State,Murray State,-35.5,-35.5,60.5,60.5,Bovada,3
401757261,2025,4,2025-09-20,Kennesaw State,Arkansas State,4.5,7.0,58.0,54.5,Bovada,3
401757262,2025,4,2025-09-20,Liberty,James Madison,7.5,10.5,47.0,48.5,Bovada,3
401757263,2025,4,2025-09-20,Louisiana Tech,Southern Miss,-3.0,-1.5,51.5,51.5,Bovada,3
401757264,2025,4,2025-09-20,Middle Tennessee,Marshall,2.5,3.0,46.5,47.0,Bovada,3
401757265,2025,4,2025-09-20,Missouri State,UT Martin,-14.0,-13.5,55.5,52.5,Bovada,3
401757267,2025,4,2025-09-20,UTEP,UL Monroe,-5.0,-4.5,47.0,47.5,Bovada,3
401757268,2025,4,2025-09-20,Western Kentucky,Nevada,-7.5,-11.5,54.5,54.5,Bovada,3
401757269,2025,5,2025-09-27,Southern Miss,Jacksonville State,-4.5,-3.5,56.0,57.0,Bovada,3
401757270,2025,5,2025-09-27,Kennesaw State,Middle Tennessee,-7.0,-6.5,53.5,51.0,Bovada,3
401757271,2025,5,2025-09-27,Old Dominion,Liberty,-14.5,-15.5,53.5,51.0,Bovada,3
401757272,2025,5,2025-09-27,UTEP,Louisiana Tech,3.5,3.0,48.0,48.5,Bovada,3
401757273,2025,5,2025-09-27,Missouri State,Western Kentucky,3.5,5.5,59.5,59.5,Bovada,3
401757274,2025,5,2025-09-27,New Mexico,New Mexico State,-16.5,-14.0,53.5,54.5,Bovada,3
401757275,2025,6,2025-10-02,New Mexico State,Sam Houston,2.0,1.5,52.0,53.0,Bovada,3
401757276,2025,6,2025-10-03,Delaware,Western Kentucky,-3.0,-2.0,63.0,61.5,Bovada,3
401757277,2025,7,2025-10-08,UTEP,Liberty,2.0,2.5,46.5,47.0,Bovada,3
401757278,2025,7,2025-10-08,Middle Tennessee,Missouri State,3.0,3.0,51.5,52.0,Bovada,3
401757279,2025,7,2025-10-09,Sam Houston,Jacksonville State,7.0,9.0,54.0,55.5,Bovada,3
401757280,2025,7,2025-10-09,Kennesaw State,Louisiana Tech,4.5,6.5,46.5,45.5,Bovada,3
401757281,2025,8,2025-10-14,Western Kentucky,Florida International,-10.0,-8.5,55.5,57.5,Bovada,3
401757282,2025,8,2025-10-14,Liberty,New Mexico State,-10.5,-10.5,47.5,46.5,Bovada,3
401757283,2025,8,2025-10-15,Jacksonville State,Delaware,3.0,1.5,56.0,57.5,Bovada,3
401757284,2025,8,2025-10-15,Sam Houston,UTEP,3.5,2.5,46.5,47.5,Bovada,3
401757285,2025,9,2025-10-21,Florida International,Kennesaw State,3.0,1.5,48.5,48.5,Bovada,3
401757286,2025,9,2025-10-21,Louisiana Tech,Western Kentucky,-5.0,-3.0,50.0,50.0,Bovada,3
401757287,2025,9,2025-10-22,Delaware,Middle Tennessee,-8.0,-10.0,55.0,55.0,Bovada,3
401757288,2025,9,2025-10-22,New Mexico State,Missouri State,2.5,2.0,51.5,52.0,Bovada,3
401757289,2025,10,2025-10-28,Kennesaw State,UTEP,-11.5,-9.5,53.0,51.0,Bovada,3
401757290,2025,10,2025-10-31,Louisiana Tech,Sam Houston,-16.5,-17.0,48.0,50.0,Bovada,3
401757291,2025,10,2025-10-29,Missouri State,Florida International,-3.0,-4.0,50.0,51.5,Bovada,3
401757292,2025,10,2025-10-29,Middle Tennessee,Jacksonville State,4.5,6.5,54.0,54.5,Bovada,3
401757293,2025,10,2025-11-01,Liberty,Delaware,-3.5,-3.0,52.0,51.0,Bovada,3
401757294,2025,10,2025-11-01,Western Kentucky,New Mexico State,-7.5,-8.5,53.5,54.5,Bovada,3
401757295,2025,11,2025-11-08,Delaware,Louisiana Tech,5.5,4.5,56.5,57.5,Bovada,3
401757296,2025,11,2025-11-08,Middle Tennessee,Florida International,-2.0,1.0,51.0,52.5,Bovada,3
401757297,2025,11,2025-11-08,UTEP,Jacksonville State,1.5,1.5,46.5,49.0,Bovada,3
401757298,2025,11,2025-11-08,New Mexico State,Kennesaw State,10.5,7.0,52.0,54.5,Bovada,3
401757299,2025,11,2025-11-08,Liberty,Missouri State,-8.0,-8.0,51.5,50.5,Bovada,3
401757300,2025,12,2025-11-15,Sam Houston,Delaware,11.5,8.5,56.0,56.5,Bovada,3
401757301,2025,12,2025-11-15,Florida International,Liberty,2.5,3.0,51.5,54.5,Bovada,3
401757302,2025,12,2025-11-15,Jacksonville State,Kennesaw State,4.0,2.5,56.0,51.5,Bovada,3
401757303,2025,12,2025-11-15,Western Kentucky,Middle Tennessee,-13.5,-14.0,52.5,56.0,Bovada,3
401757304,2025,12,2025-11-15,Missouri State,UTEP,-6.5,-4.0,48.5,50.5,Bovada,3
401757305,2025,13,2025-11-22,Florida International,Jacksonville State,-2.5,-1.0,56.0,56.5,Bovada,3
401757306,2025,13,2025-11-22,Kennesaw State,Missouri State,-6.5,-6.5,54.0,58.5,Bovada,3
401757307,2025,13,2025-11-22,Louisiana Tech,Liberty,1.0,0.0,45.0,45.0,Bovada,3
401757308,2025,13,2025-11-22,Middle Tennessee,Sam Houston,-7.0,-6.5,53.5,54.0,Bovada,3
401757309,2025,13,2025-11-22,UTEP,New Mexico State,-4.0,-3.0,44.5,45.0,Bovada,3
401757310,2025,14,2025-11-29,Delaware,UTEP,-4.5,-5.0,55.5,55.0,Bovada,3
401757311,2025,14,2025-11-29,Sam Houston,Florida International,10.5,10.0,51.0,51.5,Bovada,3
401757312,2025,14,2025-11-29,Jacksonville State,Western Kentucky,1.5,2.5,56.5,54.5,Bovada,3
401757313,2025,14,2025-11-29,Liberty,Kennesaw State,2.5,2.0,55.5,54.5,Bovada,3
401757314,2025,14,2025-11-29,Missouri State,Louisiana Tech,-2.5,-3.0,45.0,51.5,Bovada,3
401757315,2025,14,2025-11-29,New Mexico State,Middle Tennessee,-3.5,-4.5,52.0,54.5,Bovada,3
401760357,2025,1,2025-08-28,San Diego State,Stony Brook,-19.5,-18.5,53.5,53.5,Bovada,2
401760358,2025,1,2025-08-29,San José State,Central Michigan,-14.5,-10.5,51.5,51.0,Bovada,3
401760359,2025,1,2025-08-30,Air Force,Bucknell,-31.0,-32.0,54.5,54.5,Bovada,2
401760361,2025,1,2025-08-30,Fresno State,Georgia Southern,-2.0,-1.5,49.5,55.5,Bovada,3
401760363,2025,2,2025-09-05,Boise State,Eastern Washington,-33.0,-29.5,59.5,56.5,Bovada,2
401760364,2025,2,2025-09-06,Colorado State,Northern Colorado,-35.0,-35.0,52.5,52.5,Bovada,2
401760365,2025,2,2025-09-06,Nevada,Sacramento State,-8.0,-7.5,56.0,54.5,Bovada,2
401760366,2025,2,2025-09-06,New Mexico,Idaho State,-17.5,-15.5,60.0,63.5,Bovada,2
401760367,2025,2,2025-09-06,Wyoming,Northern Iowa,-14.0,-13.5,47.5,47.5,Bovada,2
401760368,2025,3,2025-09-13,Utah State,Air Force,4.5,3.5,51.5,51.5,Bovada,3
401760369,2025,3,2025-09-13,Fresno State,Southern,-38.5,-35.5,51.0,48.5,Bovada,3
401760370,2025,3,2025-09-13,Hawai'i,Portland State,-37.5,-38.0,54.5,53.5,Bovada,3
401760371,2025,1,2025-08-23,UNLV,Idaho State,-30.5,-24.5,67.0,64.5,Bovada,2
401760372,2025,4,2025-09-20,Air Force,Boise State,11.0,9.0,52.0,51.5,Bovada,3
401760373,2025,4,2025-09-20,Colorado State,UTSA,5.0,4.0,58.5,58.0,Bovada,3
401760374,2025,4,2025-09-20,Hawai'i,Fresno State,2.5,3.5,47.0,47.5,Bovada,3
401760375,2025,4,2025-09-20,San José State,Idaho,-14.5,-14.5,51.5,50.5,Bovada,3
401760376,2025,4,2025-09-20,Miami (OH),UNLV,1.5,3.5,49.0,48.5,Bovada,3
401760377,2025,4,2025-09-20,Utah State,McNeese,-23.5,-23.5,63.0,61.5,Bovada,3
401760378,2025,5,2025-09-27,Air Force,Hawai'i,-7.0,-4.5,52.0,54.0,Bovada,3
401760379,2025,5,2025-09-27,Boise State,App State,-16.5,-17.5,59.5,58.5,Bovada,3
401760380,2025,5,2025-09-27,Northern Illinois,San Diego State,2.0,3.0,42.0,43.0,Bovada,3
401760381,2025,6,2025-10-04,Navy,Air Force,-13.5,-10.0,51.0,49.0,Bovada,3
401760382,2025,6,2025-10-03,San Diego State,Colorado State,-4.5,-6.0,40.5,39.0,Bovada,3
401760383,2025,6,2025-10-04,Fresno State,Nevada,-11.5,-12.5,45.5,44.0,Bovada,3
401760384,2025,6,2025-10-03,San José State,New Mexico,-2.0,-2.5,59.5,55.5,Bovada,3
401760385,2025,6,2025-10-04,Wyoming,UNLV,4.0,6.0,51.0,53.0,Bovada,3
401760386,2025,7,2025-10-11,UNLV,Air Force,-7.0,-7.0,65.5,68.5,Bovada,3
401760387,2025,7,2025-10-11,Boise State,New Mexico,-14.5,-16.5,58.5,59.5,Bovada,3
401760388,2025,7,2025-10-10,Colorado State,Fresno State,6.0,6.5,47.5,45.5,Bovada,3
401760389,2025,7,2025-10-11,Hawai'i,Utah State,2.0,-2.0,56.5,58.5,Bovada,3
401760390,2025,7,2025-10-11,Nevada,San Diego State,6.5,6.5,42.5,41.5,Bovada,3
401760391,2025,7,2025-10-11,Wyoming,San José State,1.5,1.5,49.5,49.5,Bovada,3
401760392,2025,8,2025-10-18,Air Force,Wyoming,-4.0,-5.0,56.5,58.5,Bovada,3
401760393,2025,8,2025-10-18,Boise State,UNLV,-13.0,-10.5,61.0,63.5,Bovada,3
401760394,2025,8,2025-10-18,Colorado State,Hawai'i,-3.0,0.0,53.5,53.5,Bovada,3
401760395,2025,8,2025-10-18,New Mexico,Nevada,-14.0,-10.5,49.5,48.5,Bovada,3
401760396,2025,8,2025-10-17,Utah State,San José State,-3.0,-4.0,63.5,54.0,Bovada,3
401760397,2025,9,2025-10-24,Nevada,Boise State,21.0,22.0,50.5,51.5,Bovada,3
401760398,2025,9,2025-10-25,Wyoming,Colorado State,-6.0,-5.0,46.5,46.5,Bovada,3
401760399,2025,9,2025-10-25,Fresno State,San Diego State,3.0,2.5,46.0,48.5,Bovada,3
401760400,2025,9,2025-10-25,New Mexico,Utah State,-3.0,-2.5,61.0,62.5,Bovada,3
401760401,2025,10,2025-11-01,Air Force,Army,1.0,1.0,48.5,49.5,Bovada,3
401760402,2025,10,2025-11-01,Boise State,Fresno State,-17.5,-18.5,48.0,51.0,Bovada,3
401760403,2025,10,2025-11-01,San José State,Hawai'i,-2.5,-2.5,56.0,57.0,Bovada,3
401760404,2025,10,2025-11-01,UNLV,New Mexico,-3.5,-5.0,61.5,62.0,Bovada,3
401760405,2025,10,2025-11-01,San Diego State,Wyoming,-9.5,-11.0,42.0,41.5,Bovada,3
401760406,2025,11,2025-11-08,San José State,Air Force,-6.0,-3.5,67.5,65.5,Bovada,3
401760407,2025,11,2025-11-08,Colorado State,UNLV,5.5,6.0,61.0,61.5,Bovada,3
401760408,2025,11,2025-11-08,Hawai'i,San Diego State,6.5,4.5,48.0,51.5,Bovada,3
401760409,2025,11,2025-11-08,Utah State,Nevada,-10.0,-11.0,52.0,52.5,Bovada,3
401760410,2025,12,2025-11-15,San Diego State,Boise State,-2.0,-2.5,41.5,42.5,Bovada,3
401760411,2025,12,2025-11-15,New Mexico,Colorado State,-15.0,-14.5,54.0,53.5,Bovada,3
401760412,2025,12,2025-11-15,Fresno State,Wyoming,-3.0,-4.0,40.5,39.5,Bovada,3
401760413,2025,12,2025-11-15,Nevada,San José State,9.5,8.5,49.5,52.5,Bovada,3
401760414,2025,12,2025-11-15,UNLV,Utah State,-5.0,-4.5,68.5,71.5,Bovada,3
401760415,2025,13,2025-11-22,Air Force,New Mexico,3.5,2.0,53.5,58.0,Bovada,3
401760416,2025,13,2025-11-22,Boise State,Colorado State,-17.0,-16.5,45.5,45.5,Bovada,3
401760417,2025,13,2025-11-22,Fresno State,Utah State,-2.0,-2.5,50.0,50.5,Bovada,3
401760418,2025,13,2025-11-21,UNLV,Hawai'i,-2.5,-2.5,64.5,64.5,Bovada,3
401760419,2025,13,2025-11-22,Wyoming,Nevada,-6.5,-6.5,39.5,41.5,Bovada,3
401760420,2025,13,2025-11-22,San Diego State,San José State,-10.0,-12.0,51.5,49.5,Bovada,3
401760421,2025,14,2025-11-28,Colorado State,Air Force,2.5,3.0,47.5,48.5,Bovada,3
401760422,2025,14,2025-11-28,Utah State,Boise State,2.0,3.0,55.0,55.5,Bovada,3
401760423,2025,14,2025-11-29,San José State,Fresno State,3.5,2.5,46.0,47.5,Bovada,3
401760424,2025,14,2025-11-29,Hawai'i,Wyoming,-8.5,-10.5,45.0,44.5,Bovada,3
401760425,2025,14,2025-11-29,Nevada,UNLV,7.5,9.5,53.0,53.5,Bovada,3
401760426,2025,14,2025-11-28,New Mexico,San Diego State,1.0,1.5,41.5,41.5,Bovada,3
401761588,2025,1,2025-08-28,UL Monroe,Saint Francis,-31.0,-23.5,47.0,45.5,Bovada,2
401761589,2025,1,2025-08-29,Charlotte,App State,3.0,8.5,49.0,53.5,Bovada,3
401761590,2025,1,2025-08-30,James Madison,Weber State,-26.5,-27.5,54.5,54.5,Bovada,2
401761591,2025,1,2025-08-30,Arkansas State,Southeast Missouri State,-15.5,-10.5,59.5,59.5,ESPN Bet,1
401761592,2025,1,2025-08-30,Louisiana,Rice,-9.5,-14.5,48.0,51.5,Bovada,3
401761593,2025,1,2025-08-30,South Alabama,Morgan State,-28.5,-28.5,51.5,51.5,Bovada,2
401761594,2025,1,2025-08-30,Texas State,Eastern Michigan,-14.0,-14.5,56.0,58.5,Bovada,3
401761595,2025,1,2025-08-30,Troy,Nicholls,-19.5,-21.5,47.5,48.5,Bovada,2
401761596,2025,2,2025-09-06,App State,Lindenwood,-31.5,-31.0,56.0,53.0,Bovada,2
401761597,2025,2,2025-09-06,Coastal Carolina,Charleston Southern,-28.5,-28.5,49.0,49.5,Bovada,2
401761598,2025,2,2025-09-06,Georgia State,Memphis,14.5,14.0,57.5,54.0,Bovada,2
401761599,2025,2,2025-09-06,Old Dominion,North Carolina Central,-22.0,-20.0,50.5,50.5,Bovada,2
401761600,2025,2,2025-09-06,Louisiana,McNeese,-19.0,-20.5,50.0,52.5,Bovada,2
401761601,2025,2,2025-09-06,South Alabama,Tulane,13.5,10.0,51.5,51.5,Bovada,2
401761602,2025,2,2025-09-06,Southern Miss,Jackson State,-13.5,-14.0,53.0,52.5,Bovada,2
401761603,2025,2,2025-09-06,UTSA,Texas State,-4.5,-5.0,64.5,64.5,Bovada,2
401761604,2025,3,2025-09-13,Coastal Carolina,East Carolina,7.0,6.0,58.0,55.5,Bovada,3
401761605,2025,3,2025-09-13,Georgia State,Murray State,-32.0,-28.5,63.5,63.5,Bovada,3
401761606,2025,3,2025-09-13,Marshall,Eastern Kentucky,-15.0,-14.0,49.0,50.5,Bovada,3
401761607,2025,3,2025-09-13,Southern Miss,App State,3.0,1.0,56.5,51.5,Bovada,3
401761608,2025,3,2025-09-13,Troy,Memphis,4.5,6.5,51.0,51.5,Bovada,3
401761609,2025,4,2025-09-20,Georgia Southern,Maine,-22.0,-22.0,57.5,55.5,Bovada,3
401761610,2025,4,2025-09-20,Eastern Michigan,Louisiana,2.5,3.0,51.0,52.0,Bovada,3
401761611,2025,4,2025-09-20,South Alabama,Coastal Carolina,-15.0,-14.5,51.5,51.5,Bovada,3
401761612,2025,4,2025-09-20,Texas State,Nicholls,-32.5,-29.5,57.0,54.5,Bovada,3
401761613,2025,4,2025-09-20,Buffalo,Troy,-5.5,-7.0,44.0,43.5,Bovada,3
401761614,2025,5,2025-09-27,James Madison,Georgia Southern,-15.0,-16.0,54.5,54.0,Bovada,3
401761615,2025,5,2025-09-27,Louisiana,Marshall,2.5,-2.5,48.0,46.5,Bovada,3
401761616,2025,5,2025-09-27,UL Monroe,Arkansas State,-1.5,-3.0,55.5,56.5,Bovada,3
401761617,2025,5,2025-09-27,North Texas,South Alabama,-13.0,-13.0,63.5,63.0,Bovada,3
401761618,2025,6,2025-10-04,Georgia State,James Madison,20.0,20.0,53.0,54.0,Bovada,3
401761619,2025,6,2025-10-04,Old Dominion,Coastal Carolina,-20.0,-17.5,53.0,55.0,Bovada,3
401761620,2025,6,2025-10-04,Arkansas State,Texas State,14.0,12.5,63.5,64.5,Bovada,3
401761621,2025,6,2025-10-04,Troy,South Alabama,2.5,-3.0,47.0,47.5,Bovada,3
401761622,2025,7,2025-10-09,Georgia Southern,Southern Miss,3.0,2.5,60.0,60.5,Bovada,3
401761623,2025,7,2025-10-11,Coastal Carolina,UL Monroe,3.0,2.5,46.5,44.5,Bovada,3
401761624,2025,7,2025-10-11,Georgia State,App State,3.0,3.0,55.5,55.0,Bovada,3
401761625,2025,7,2025-10-11,James Madison,Louisiana,-18.5,-17.5,45.0,46.5,Bovada,3
401761626,2025,7,2025-10-11,Marshall,Old Dominion,14.5,14.0,57.5,55.0,Bovada,3
401761627,2025,7,2025-10-11,Texas State,Troy,-7.5,-10.5,53.5,53.5,Bovada,3
401761628,2025,8,2025-10-14,South Alabama,Arkansas State,-8.5,-7.5,57.0,60.5,Bovada,3
401761629,2025,8,2025-10-18,App State,Coastal Carolina,-10.5,-11.5,48.0,49.5,Bovada,3
401761630,2025,8,2025-10-18,Georgia Southern,Georgia State,-6.5,-6.5,59.0,58.0,Bovada,3
401761631,2025,8,2025-10-18,James Madison,Old Dominion,-3.0,-2.5,47.5,47.5,Bovada,3
401761632,2025,8,2025-10-18,Marshall,Texas State,3.0,4.0,66.0,65.0,Bovada,3
401761633,2025,8,2025-10-18,UL Monroe,Troy,4.5,5.5,46.0,46.5,Bovada,3
401761634,2025,9,2025-10-23,Georgia State,South Alabama,6.0,6.0,54.0,55.5,Bovada,3
401761635,2025,9,2025-10-25,Old Dominion,App State,-13.5,-13.0,62.5,62.0,Bovada,3
401761636,2025,9,2025-10-25,Arkansas State,Georgia Southern,1.0,-2.0,59.5,62.5,Bovada,3
401761637,2025,9,2025-10-25,Southern Miss,UL Monroe,-14.0,-11.5,49.0,50.5,Bovada,3
401761638,2025,9,2025-10-25,Troy,Louisiana,-7.0,-9.5,47.0,51.0,Bovada,3
401761639,2025,10,2025-10-28,Texas State,James Madison,7.5,6.0,55.0,58.5,Bovada,3
401761640,2025,10,2025-10-30,Coastal Carolina,Marshall,7.0,4.0,54.5,54.0,Bovada,3
401761641,2025,10,2025-11-01,UL Monroe,Old Dominion,17.0,15.0,55.5,53.5,Bovada,3
401761642,2025,10,2025-11-01,South Alabama,Louisiana,-3.5,-4.0,53.0,55.0,Bovada,3
401761643,2025,10,2025-11-01,Troy,Arkansas State,-8.0,-8.0,52.5,54.0,Bovada,3
401761644,2025,11,2025-11-06,App State,Georgia Southern,-5.0,-6.0,61.5,62.5,Bovada,3
401761645,2025,11,2025-11-08,Coastal Carolina,Georgia State,-7.0,-7.5,57.0,56.5,Bovada,3
401761646,2025,11,2025-11-08,Marshall,James Madison,13.5,12.5,53.5,56.5,Bovada,3
401761647,2025,11,2025-11-08,Arkansas State,Southern Miss,6.5,6.0,55.0,59.5,Bovada,3
401761648,2025,11,2025-11-08,Louisiana,Texas State,3.5,2.5,63.5,64.5,Bovada,3
401761649,2025,12,2025-11-13,Old Dominion,Troy,-10.0,-11.5,53.0,53.0,Bovada,3
401761650,2025,12,2025-11-15,Georgia Southern,Coastal Carolina,-3.0,-3.0,59.5,58.0,Bovada,3
401761651,2025,12,2025-11-15,Georgia State,Marshall,9.5,6.5,60.5,63.5,Bovada,3
401761652,2025,12,2025-11-15,James Madison,App State,-21.5,-19.5,53.5,54.0,Bovada,3
401761653,2025,12,2025-11-15,UL Monroe,South Alabama,3.5,4.0,49.5,51.5,Bovada,3
401761654,2025,12,2025-11-15,Southern Miss,Texas State,-3.0,-6.5,66.0,65.0,Bovada,3
401761655,2025,13,2025-11-20,Arkansas State,Louisiana,-2.5,-3.0,54.0,54.5,Bovada,3
401761656,2025,13,2025-11-22,App State,Marshall,4.0,3.0,56.5,53.5,Bovada,3
401761657,2025,13,2025-11-22,Georgia Southern,Old Dominion,10.0,10.0,62.0,62.0,Bovada,3
401761658,2025,13,2025-11-22,South Alabama,Southern Miss,2.5,3.0,53.0,55.5,Bovada,3
401761659,2025,13,2025-11-22,Texas State,UL Monroe,-20.5,-19.5,59.5,56.0,Bovada,3
401761660,2025,13,2025-11-22,Troy,Georgia State,-9.5,-10.5,51.0,51.0,Bovada,3
401761661,2025,14,2025-11-29,App State,Arkansas State,-1.0,-2.0,54.5,56.5,Bovada,3
401761662,2025,14,2025-11-29,Coastal Carolina,James Madison,24.0,22.5,54.5,53.5,Bovada,3
401761663,2025,14,2025-11-29,Marshall,Georgia Southern,-10.0,-7.0,62.5,62.0,Bovada,3
401761664,2025,14,2025-11-29,Old Dominion,Georgia State,-29.0,-26.5,58.5,59.5,Bovada,3
401761665,2025,14,2025-11-29,Louisiana,UL Monroe,-11.0,-12.5,47.5,48.5,Bovada,3
401761666,2025,14,2025-11-29,Southern Miss,Troy,-7.0,-6.5,50.0,49.5,Bovada,3
401761667,2025,14,2025-11-29,Texas State,South Alabama,-10.0,-9.0,62.5,63.5,Bovada,3
401761668,2025,8,2025-10-18,Louisiana,Southern Miss,4.0,4.0,54.5,54.5,Bovada,3
401762430,2025,1,2025-08-28,UAB,Alabama State,-21.0,-20.0,53.5,53.5,Bovada,2
401762432,2025,1,2025-08-29,Army,Tarleton State,-14.0,-16.5,47.5,51.5,Bovada,2
401762433,2025,1,2025-08-30,Memphis,Chattanooga,-30.5,-28.0,55.5,55.5,Bovada,2
401762434,2025,1,2025-08-30,Navy,VMI,-42.0,-41.0,53.0,53.0,Bovada,2
401762435,2025,1,2025-08-30,North Texas,Lamar,-27.5,-24.5,63.5,63.5,Bovada,2
401762441,2025,14,2025-11-29,UTSA,Army,-8.5,-7.0,50.0,52.5,Bovada,3
401762442,2025,14,2025-11-28,North Texas,Temple,-20.0,-19.5,65.5,66.5,Bovada,3
401762443,2025,10,2025-10-30,UTSA,Tulane,6.0,4.0,54.0,55.5,Bovada,3
401762456,2025,1,2025-08-30,Massachusetts,Temple,1.5,-1.5,48.5,52.5,Bovada,3
401762457,2025,1,2025-08-30,Tulsa,Abilene Christian,-5.0,-4.5,59.5,62.5,Bovada,2
401762458,2025,2,2025-09-06,Navy,UAB,-20.5,-21.0,59.0,58.5,Bovada,2
401762459,2025,2,2025-09-06,East Carolina,Campbell,-30.0,-29.5,56.0,52.5,Bovada,2
401762460,2025,2,2025-09-06,Florida Atlantic,Florida A&M,-21.0,-20.0,51.0,46.5,Bovada,2
401762461,2025,2,2025-09-06,Western Michigan,North Texas,12.0,10.0,56.0,60.0,Bovada,2
401762462,2025,2,2025-09-06,Temple,Howard,-28.0,-27.5,47.0,46.5,Bovada,2
401762463,2025,3,2025-09-13,UAB,Akron,-12.0,-11.5,59.0,52.5,Bovada,3
401762464,2025,3,2025-09-13,Charlotte,Monmouth,-2.5,-3.5,66.0,67.5,Bovada,3
401762465,2025,3,2025-09-13,Tulsa,Navy,13.5,14.5,52.0,54.0,Bovada,3
401762466,2025,3,2025-09-13,Rice,Prairie View A&M,-28.0,-29.5,48.0,48.5,Bovada,3
401762467,2025,3,2025-09-13,UTSA,Incarnate Word,-21.0,-17.5,62.0,61.5,Bovada,3
401762468,2025,4,2025-09-18,Charlotte,Rice,2.0,4.5,42.0,42.5,Bovada,3
401762469,2025,4,2025-09-20,Army,North Texas,2.5,1.0,51.0,52.0,Bovada,3
401762470,2025,4,2025-09-20,South Florida,South Carolina State,-36.0,-33.5,56.5,56.0,Bovada,3
401762471,2025,5,2025-09-25,East Carolina,Army,-3.5,-3.0,52.5,52.5,Bovada,3
401762472,2025,5,2025-09-27,Florida Atlantic,Memphis,14.0,13.5,63.0,61.5,Bovada,3
401762473,2025,5,2025-09-27,Navy,Rice,-14.0,-14.5,46.0,45.5,Bovada,3
401762474,2025,5,2025-09-27,Tulsa,Tulane,14.5,13.5,52.0,55.0,Bovada,3
401762475,2025,6,2025-10-03,South Florida,Charlotte,-28.0,-27.5,55.5,55.0,Bovada,3
401762476,2025,6,2025-10-04,UAB,Army,6.5,7.0,55.5,57.5,Bovada,3
401762477,2025,6,2025-10-04,Rice,Florida Atlantic,-5.0,-4.0,55.0,52.5,Bovada,3
401762478,2025,6,2025-10-04,Memphis,Tulsa,-21.0,-21.0,54.5,56.5,Bovada,3
401762479,2025,6,2025-10-04,Temple,UTSA,6.5,6.5,58.5,58.5,Bovada,3
401762480,2025,7,2025-10-09,Tulane,East Carolina,-7.0,-7.0,53.5,54.5,Bovada,3
401762481,2025,7,2025-10-10,North Texas,South Florida,-2.5,-1.5,68.5,66.0,Bovada,3
401762482,2025,7,2025-10-11,Florida Atlantic,UAB,-4.5,-5.5,66.0,69.5,Bovada,3
401762483,2025,7,2025-10-11,Army,Charlotte,-17.5,-17.5,45.5,47.0,Bovada,3
401762484,2025,7,2025-10-11,Temple,Navy,10.0,7.5,52.5,52.5,Bovada,3
401762485,2025,7,2025-10-11,UTSA,Rice,-9.5,-13.0,48.5,49.5,Bovada,3
401762486,2025,8,2025-10-16,East Carolina,Tulsa,-16.5,-16.5,55.0,54.5,Bovada,3
401762487,2025,8,2025-10-18,UAB,Memphis,23.5,21.5,59.5,64.5,Bovada,3
401762488,2025,8,2025-10-18,Tulane,Army,-9.5,-10.5,44.5,46.5,Bovada,3
401762489,2025,8,2025-10-18,Charlotte,Temple,9.5,11.0,48.0,47.5,Bovada,3
401762490,2025,8,2025-10-18,South Florida,Florida Atlantic,-20.5,-22.5,72.5,73.0,Bovada,3
401762491,2025,8,2025-10-18,North Texas,UTSA,-4.0,-5.5,64.0,67.5,Bovada,3
401762492,2025,9,2025-10-24,Charlotte,North Texas,25.0,27.0,61.5,59.0,Bovada,3
401762493,2025,9,2025-10-25,Navy,Florida Atlantic,-14.5,-14.0,63.5,63.0,Bovada,3
401762494,2025,9,2025-10-25,Memphis,South Florida,3.5,3.5,59.5,65.5,Bovada,3
401762495,2025,9,2025-10-25,Tulsa,Temple,5.0,6.0,52.5,53.5,Bovada,3
401762497,2025,10,2025-10-31,Rice,Memphis,14.0,14.0,48.0,49.5,Bovada,3
401762498,2025,10,2025-11-01,Temple,East Carolina,5.0,4.5,58.0,57.5,Bovada,3
401762499,2025,10,2025-11-01,North Texas,Navy,-6.5,-6.5,68.5,64.0,Bovada,3
401762500,2025,11,2025-11-06,South Florida,UTSA,-14.0,-13.0,68.0,68.5,Bovada,3
401762501,2025,11,2025-11-07,Memphis,Tulane,-3.0,-6.5,54.0,55.5,Bovada,3
401762502,2025,11,2025-11-08,Rice,UAB,-1.0,-3.0,51.5,53.5,Bovada,3
401762503,2025,11,2025-11-08,Army,Temple,-7.0,-6.5,45.0,47.5,Bovada,3
401762504,2025,11,2025-11-08,East Carolina,Charlotte,-28.0,-28.5,56.5,55.5,Bovada,3
401762505,2025,11,2025-11-08,Florida Atlantic,Tulsa,-4.5,-4.5,61.5,65.5,Bovada,3
401762506,2025,12,2025-11-15,UAB,North Texas,17.5,18.0,69.0,69.5,Bovada,3
401762507,2025,12,2025-11-15,Charlotte,UTSA,17.0,18.0,57.5,61.0,Bovada,3
401762508,2025,12,2025-11-15,East Carolina,Memphis,-3.0,-3.0,57.0,60.5,Bovada,3
401762509,2025,12,2025-11-15,Tulane,Florida Atlantic,-16.5,-16.5,60.5,63.5,Bovada,3
401762510,2025,12,2025-11-15,Navy,South Florida,8.5,10.0,63.0,64.5,Bovada,3
401762511,2025,13,2025-11-22,UAB,South Florida,21.0,21.0,69.0,69.0,Bovada,3
401762512,2025,13,2025-11-22,Army,Tulsa,-10.0,-11.0,43.5,46.5,Bovada,3
401762513,2025,13,2025-11-22,UTSA,East Carolina,2.0,3.0,62.5,62.0,Bovada,3
401762514,2025,13,2025-11-22,Rice,North Texas,18.5,18.0,57.0,54.5,Bovada,3
401762515,2025,13,2025-11-22,Temple,Tulane,7.5,8.0,54.0,55.0,Bovada,3
401762516,2025,14,2025-11-27,Memphis,Navy,-3.5,-6.0,57.5,59.5,Bovada,3
401762517,2025,14,2025-11-29,Tulsa,UAB,-9.0,-8.5,56.5,59.5,Bovada,3
401762518,2025,14,2025-11-29,Tulane,Charlotte,-31.0,-30.0,52.5,52.5,Bovada,3
401762519,2025,14,2025-11-29,Florida Atlantic,East Carolina,7.0,6.5,66.0,67.5,Bovada,3
401762520,2025,14,2025-11-29,South Florida,Rice,-28.0,-26.0,57.5,59.5,Bovada,3
401762521,2025,16,2025-12-13,Navy,Army,-6.0,-4.5,38.0,37.5,Bovada,4
401762522,2025,1,2025-08-28,South Florida,Boise State,4.5,9.5,62.0,63.5,Bovada,3
401762789,2025,1,2025-08-28,Akron,Wyoming,5.0,9.5,48.0,49.5,Bovada,3
401762790,2025,1,2025-08-28,Bowling Green,Lafayette,-21.0,-14.5,53.0,52.5,Bovada,2
401762791,2025,1,2025-08-28,Wisconsin,Miami (OH),-18.0,-17.5,41.0,41.5,Bovada,3
401762792,2025,1,2025-08-30,Kent State,Merrimack,-5.5,-6.5,50.5,50.5,Bovada,1
401762793,2025,1,2025-08-30,Northern Illinois,Holy Cross,-13.5,-13.0,48.5,51.5,Bovada,2
401762794,2025,2,2025-09-06,Buffalo,Saint Francis,-37.0,-35.5,48.0,49.5,Bovada,2
401762795,2025,2,2025-09-06,Eastern Michigan,Long Island University,-22.5,-22.5,54.5,54.5,Bovada,2
401762816,2025,2,2025-09-06,Massachusetts,Bryant,-14.5,-13.0,52.0,52.5,Bovada,2
401762817,2025,3,2025-09-13,Kent State,Buffalo,24.0,23.0,48.5,49.0,Bovada,3
401762818,2025,3,2025-09-13,Ball State,New Hampshire,-3.0,-3.0,46.5,48.0,Bovada,3
401762819,2025,3,2025-09-13,Toledo,Morgan State,-34.0,-33.5,54.5,53.5,Bovada,3
401762820,2025,4,2025-09-20,Western Michigan,Toledo,13.0,13.0,48.5,51.5,Bovada,3
401762821,2025,4,2025-09-20,Akron,Duquesne,-10.5,-9.0,51.0,51.5,Bovada,3
401762822,2025,4,2025-09-20,Central Michigan,Wagner,-29.0,-29.5,47.0,45.5,Bovada,3
401762823,2025,4,2025-09-20,Ohio,Gardner-Webb,-30.5,-28.0,55.0,51.5,Bovada,3
401762824,2025,5,2025-09-27,Toledo,Akron,-21.0,-21.0,50.0,48.5,Bovada,3
401762825,2025,5,2025-09-27,Ohio,Bowling Green,-8.0,-11.0,50.0,51.0,Bovada,3
401762826,2025,5,2025-09-27,Central Michigan,Eastern Michigan,-3.0,-6.0,54.5,54.0,Bovada,3
401762827,2025,5,2025-09-27,Miami (OH),Lindenwood,-22.0,-20.0,49.0,49.0,Bovada,3
401762828,2025,5,2025-09-27,Western Michigan,Rhode Island,-7.5,-7.5,45.5,43.5,Bovada,3
401762829,2025,6,2025-10-04,Akron,Central Michigan,7.5,6.5,47.5,45.5,Bovada,3
401762830,2025,6,2025-10-04,Ball State,Ohio,14.0,16.5,51.5,51.5,Bovada,3
401762831,2025,6,2025-10-04,Buffalo,Eastern Michigan,-9.5,-9.5,53.5,48.5,Bovada,3
401762832,2025,6,2025-10-04,Massachusetts,Western Michigan,12.0,11.5,46.5,47.5,Bovada,3
401762833,2025,7,2025-10-11,Akron,Miami (OH),12.0,10.0,47.5,45.5,Bovada,3
401762834,2025,7,2025-10-11,Western Michigan,Ball State,-9.5,-9.5,43.0,43.0,Bovada,3
401762835,2025,7,2025-10-11,Bowling Green,Toledo,11.0,8.5,46.0,49.5,Bovada,3
401762836,2025,7,2025-10-11,Eastern Michigan,Northern Illinois,1.5,-1.0,48.0,48.5,Bovada,3
401762837,2025,7,2025-10-11,Kent State,Massachusetts,-1.0,-2.5,50.0,48.0,Bovada,3
401762838,2025,8,2025-10-18,Ball State,Akron,2.0,-1.5,44.0,43.5,Bovada,3
401762839,2025,8,2025-10-18,Bowling Green,Central Michigan,-3.0,-6.0,43.5,43.5,Bovada,3
401762840,2025,8,2025-10-18,Massachusetts,Buffalo,16.5,17.5,47.5,45.5,Bovada,3
401762841,2025,8,2025-10-18,Miami (OH),Eastern Michigan,-12.5,-11.5,47.0,47.5,Bovada,3
401762842,2025,8,2025-10-18,Toledo,Kent State,-25.0,-24.5,48.5,52.5,Bovada,3
401762843,2025,8,2025-10-18,Ohio,Northern Illinois,-10.5,-12.0,41.5,43.5,Bovada,3
401762844,2025,9,2025-10-25,Buffalo,Akron,-10.0,-11.0,49.0,47.5,Bovada,3
401762845,2025,9,2025-10-25,Northern Illinois,Ball State,-6.5,-5.0,42.0,41.5,Bovada,3
401762846,2025,9,2025-10-25,Kent State,Bowling Green,7.5,8.5,48.0,51.0,Bovada,3
401762847,2025,9,2025-10-25,Central Michigan,Massachusetts,-16.5,-16.0,46.5,47.0,Bovada,3
401762848,2025,9,2025-10-25,Eastern Michigan,Ohio,12.0,10.5,60.0,59.0,Bovada,3
401762849,2025,10,2025-11-01,Bowling Green,Buffalo,-2.5,-2.0,44.0,43.5,Bovada,3
401762850,2025,10,2025-11-01,Western Michigan,Central Michigan,-5.5,-5.5,43.0,41.5,Bovada,3
401762851,2025,11,2025-11-04,Akron,Massachusetts,-11.5,-10.0,51.0,49.0,Bovada,3
401762852,2025,11,2025-11-04,Ohio,Miami (OH),-3.0,-3.5,51.0,49.5,Bovada,3
401762853,2025,11,2025-11-05,Ball State,Kent State,-3.0,-2.5,48.0,45.5,Bovada,3
401762854,2025,11,2025-11-05,Toledo,Northern Illinois,-15.5,-14.5,42.0,41.5,Bovada,3
401762855,2025,11,2025-11-08,Eastern Michigan,Bowling Green,-3.0,-1.5,49.0,51.5,Bovada,3
401762856,2025,12,2025-11-11,Akron,Kent State,-7.5,-5.0,49.5,47.5,Bovada,3
401762857,2025,12,2025-11-11,Western Michigan,Ohio,-1.5,1.5,47.0,47.5,Bovada,3
401762858,2025,12,2025-11-12,Central Michigan,Buffalo,-2.0,-2.0,45.0,43.5,Bovada,3
401762859,2025,12,2025-11-12,Massachusetts,Northern Illinois,9.5,11.0,43.0,43.0,Bovada,3
401762860,2025,12,2025-11-12,Miami (OH),Toledo,5.5,3.0,44.0,44.5,Bovada,3
401762861,2025,12,2025-11-15,Ball State,Eastern Michigan,3.0,3.0,49.0,50.5,Bovada,3
401762862,2025,13,2025-11-18,Bowling Green,Akron,-2.0,-4.0,48.0,47.0,Bovada,3
401762863,2025,13,2025-11-18,Ohio,Massachusetts,-33.5,-32.5,53.0,51.0,Bovada,3
401762864,2025,13,2025-11-18,Northern Illinois,Western Michigan,7.0,6.0,39.5,38.5,Bovada,3
401762865,2025,13,2025-11-19,Buffalo,Miami (OH),2.5,-2.0,38.5,39.5,Bovada,3
401762866,2025,13,2025-11-19,Kent State,Central Michigan,7.5,8.0,50.5,46.5,Bovada,3
401762867,2025,13,2025-11-22,Toledo,Ball State,-29.5,-27.5,45.5,48.0,Bovada,3
401762868,2025,14,2025-11-25,Massachusetts,Bowling Green,14.0,14.5,44.5,45.5,Bovada,3
401762869,2025,14,2025-11-25,Eastern Michigan,Western Michigan,10.0,6.5,49.0,46.5,Bovada,3
401762870,2025,14,2025-11-28,Buffalo,Ohio,7.0,6.0,44.5,47.5,Bovada,3
401762871,2025,14,2025-11-28,Northern Illinois,Kent State,-5.0,-5.0,45.0,45.0,Bovada,3
401762872,2025,14,2025-11-29,Central Michigan,Toledo,11.5,9.5,46.5,44.5,Bovada,3
401762873,2025,6,2025-10-04,Northern Illinois,Miami (OH),5.0,3.5,37.5,39.5,Bovada,3
401762874,2025,9,2025-10-25,Miami (OH),Western Michigan,-2.5,-2.0,40.0,41.5,Bovada,3
401762875,2025,14,2025-11-29,Miami (OH),Ball State,-17.0,-17.5,40.5,42.5,Bovada,3
401766898,2025,1,2025-08-29,Florida International,Bethune-Cookman,-26.5,-31.0,54.5,54.5,ESPN Bet,1
401767031,2025,4,2025-09-20,Campbell,Bryant,1.5,,51.5,,ESPN Bet,1
401767032,2025,5,2025-09-27,Bryant,Towson,9.5,,54.5,,ESPN Bet,1
401767033,2025,6,2025-10-04,Bryant,Maine,-2.5,,49.5,,ESPN Bet,1
401767034,2025,7,2025-10-10,Bryant,Brown,4.5,,54.5,,ESPN Bet,1
401767035,2025,9,2025-10-25,Rhode Island,Bryant,-18.5,,,,ESPN Bet,1
401767059,2025,1,2025-08-30,Incarnate Word,Eastern Washington,-10.0,,57.5,,ESPN Bet,1
401767060,2025,3,2025-09-13,Northern Iowa,Eastern Washington,-4.5,,54.5,,ESPN Bet,1
401767061,2025,4,2025-09-20,Eastern Washington,Western Illinois,-13.0,,58.5,,ESPN Bet,1
401767062,2025,5,2025-09-27,Montana State,Eastern Washington,-21.0,,57.5,,ESPN Bet,1
401767063,2025,6,2025-10-04,Eastern Washington,Portland State,-11.0,,59.5,,ESPN Bet,1
401767065,2025,9,2025-10-25,Weber State,Eastern Washington,1.5,,57.5,,ESPN Bet,1
401767066,2025,10,2025-11-01,Eastern Washington,Sacramento State,8.5,,59.5,,ESPN Bet,1
401767067,2025,12,2025-11-15,Eastern Washington,Northern Colorado,-3.5,,54.5,,ESPN Bet,1
401767068,2025,13,2025-11-22,Cal Poly,Eastern Washington,-2.5,,56.5,,ESPN Bet,1
401767069,2025,11,2025-11-08,Montana,Eastern Washington,-27.0,,62.5,,ESPN Bet,1
401767070,2025,1,2025-08-30,San Diego,Cal Poly,-1.5,,49.5,,ESPN Bet,1
401767072,2025,4,2025-09-20,Stephen F. Austin,Cal Poly,-10.5,,54.5,,ESPN Bet,1
401767073,2025,5,2025-09-27,Sacramento State,Cal Poly,-18.0,,57.5,,ESPN Bet,1
401767075,2025,9,2025-10-25,Cal Poly,Montana State,21.5,,55.5,,ESPN Bet,1
401767076,2025,10,2025-11-01,Cal Poly,Portland State,-18.0,,54.5,,ESPN Bet,1
401767077,2025,11,2025-11-08,Idaho State,Cal Poly,-7.5,,62.5,,ESPN Bet,1
401767078,2025,12,2025-11-15,Northern Arizona,Cal Poly,-11.5,,57.5,,ESPN Bet,1
401767079,2025,7,2025-10-11,Montana,Cal Poly,-17.5,,63.5,,ESPN Bet,1
401767080,2025,1,2025-08-30,Southern Utah,Idaho State,-4.5,-4.5,63.5,63.5,Bovada,2
401767082,2025,5,2025-09-27,Northern Colorado,Idaho State,3.5,,54.5,,ESPN Bet,1
401767083,2025,6,2025-10-04,Idaho State,Montana,13.5,,62.5,,ESPN Bet,1
401767084,2025,7,2025-10-11,Montana State,Idaho State,-22.5,,58.5,,ESPN Bet,1
401767085,2025,9,2025-10-25,Idaho State,Northern Arizona,3.0,,62.5,,ESPN Bet,1
401767086,2025,10,2025-11-01,UC Davis,Idaho State,-11.5,,64.5,,ESPN Bet,1
401767087,2025,12,2025-11-15,Idaho State,Weber State,-13.5,,59.5,,ESPN Bet,1
401767088,2025,13,2025-11-22,Idaho,Idaho State,-2.5,,59.5,,ESPN Bet,1
401767089,2025,2,2025-09-06,Idaho,St. Thomas (MN),-21.5,,47.5,,ESPN Bet,1
401767090,2025,3,2025-09-13,Idaho,Utah Tech,-16.5,,52.5,,ESPN Bet,1
401767091,2025,5,2025-09-27,Montana,Idaho,-7.5,,55.5,,ESPN Bet,1
401767092,2025,8,2025-10-18,Eastern Washington,Idaho,7.5,,59.5,,ESPN Bet,1
401767093,2025,9,2025-10-25,Idaho,Portland State,-21.5,,55.5,,ESPN Bet,1
401767094,2025,10,2025-10-31,Northern Arizona,Idaho,-5.5,,52.5,,ESPN Bet,1
401767095,2025,11,2025-11-08,Idaho,UC Davis,2.5,,59.5,,ESPN Bet,1
401767096,2025,12,2025-11-15,Sacramento State,Idaho,-7.0,,59.5,,ESPN Bet,1
401767098,2025,3,2025-09-13,Montana,North Dakota,-1.5,,54.5,,ESPN Bet,1
401767099,2025,4,2025-09-20,Montana,Indiana State,-21.0,,56.5,,ESPN Bet,1
401767100,2025,8,2025-10-18,Montana,Sacred Heart,-26.5,,57.5,,ESPN Bet,1
401767101,2025,9,2025-10-24,Sacramento State,Montana,6.0,,61.5,,ESPN Bet,1
401767102,2025,10,2025-11-01,Weber State,Montana,19.5,,61.5,,ESPN Bet,1
401767103,2025,12,2025-11-15,Portland State,Montana,30.5,,60.5,,ESPN Bet,1
401767104,2025,13,2025-11-22,Montana,Montana State,4.5,,59.5,,ESPN Bet,1
401767105,2025,2,2025-09-06,Montana State,South Dakota State,3.0,,50.5,,ESPN Bet,1
401767106,2025,3,2025-09-13,Montana State,San Diego,-31.0,,52.5,,ESPN Bet,1
401767107,2025,4,2025-09-20,Montana State,Mercyhurst,-29.5,,60.5,,ESPN Bet,1
401767108,2025,6,2025-10-04,Northern Arizona,Montana State,7.5,,59.5,,ESPN Bet,1
401767109,2025,10,2025-11-01,Northern Colorado,Montana State,23.5,,52.5,,ESPN Bet,1
401767110,2025,11,2025-11-08,Montana State,Weber State,-28.5,,57.5,,ESPN Bet,1
401767111,2025,12,2025-11-15,Montana State,UC Davis,-19.0,,61.5,,ESPN Bet,1
401767112,2025,2,2025-09-06,Northern Arizona,Utah Tech,-21.0,,55.5,,ESPN Bet,1
401767113,2025,3,2025-09-13,Southern Utah,Northern Arizona,3.5,,55.5,,ESPN Bet,1
401767114,2025,4,2025-09-20,Northern Arizona,Incarnate Word,-5.5,,54.5,,ESPN Bet,1
401767115,2025,5,2025-09-27,Portland State,Northern Arizona,21.0,,54.5,,ESPN Bet,1
401767116,2025,7,2025-10-11,UC Davis,Northern Arizona,-7.0,,62.5,,ESPN Bet,1
401767117,2025,11,2025-11-08,Northern Arizona,Northern Colorado,-12.5,,56.5,,ESPN Bet,1
401767118,2025,13,2025-11-22,Weber State,Northern Arizona,14.0,,58.5,,ESPN Bet,1
401767120,2025,3,2025-09-13,South Dakota,Northern Colorado,-21.5,,50.5,,ESPN Bet,1
401767121,2025,4,2025-09-20,Houston Christian,Northern Colorado,-1.5,,47.5,,ESPN Bet,1
401767122,2025,7,2025-10-11,Idaho,Northern Colorado,-18.5,,47.5,,ESPN Bet,1
401767123,2025,8,2025-10-18,Sacramento State,Northern Colorado,-15.0,,54.5,,ESPN Bet,1
401767124,2025,9,2025-10-25,Northern Colorado,UC Davis,8.5,,57.5,,ESPN Bet,1
401767125,2025,13,2025-11-22,Northern Colorado,Portland State,-10.5,,56.5,,ESPN Bet,1
401767126,2025,1,2025-08-23,Portland State,Tarleton State,17.5,17.5,60.5,60.5,Bovada,2
401767127,2025,2,2025-09-06,North Dakota,Portland State,-36.5,,58.5,,ESPN Bet,1
401767128,2025,8,2025-10-18,Portland State,Weber State,6.0,,53.5,,ESPN Bet,1
401767129,2025,11,2025-11-08,Portland State,Sacramento State,20.5,,59.5,,ESPN Bet,1
401767130,2025,1,2025-08-30,South Dakota State,Sacramento State,-11.5,,57.5,,ESPN Bet,1
401767131,2025,3,2025-09-13,Sacramento State,Mercyhurst,-21.5,,57.5,,ESPN Bet,1
401767132,2025,4,2025-09-20,Sacramento State,Central Arkansas,-15.5,,59.5,,ESPN Bet,1
401767133,2025,7,2025-10-11,Weber State,Sacramento State,8.5,,55.5,,ESPN Bet,1
401767134,2025,13,2025-11-22,UC Davis,Sacramento State,-5.0,,63.5,,ESPN Bet,1
401767136,2025,10,2025-11-01,Bryant,Monmouth,14.0,,59.5,,ESPN Bet,1
401767137,2025,11,2025-11-08,UAlbany,Bryant,3.5,,44.5,,ESPN Bet,1
401767138,2025,12,2025-11-15,Bryant,New Hampshire,11.0,,46.5,,ESPN Bet,1
401767139,2025,13,2025-11-22,Stony Brook,Bryant,-18.5,,52.5,,ESPN Bet,1
401767140,2025,1,2025-08-29,Rhode Island,Campbell,-11.5,,56.5,,ESPN Bet,1
401767141,2025,3,2025-09-13,Campbell,Furman,1.5,,53.5,,ESPN Bet,1
401767142,2025,5,2025-09-27,Campbell,Western Carolina,6.5,,68.5,,ESPN Bet,1
401767143,2025,7,2025-10-11,Hampton,Campbell,3.5,,56.5,,ESPN Bet,1
401767144,2025,8,2025-10-18,Campbell,New Hampshire,2.5,,52.5,,ESPN Bet,1
401767145,2025,9,2025-10-25,North Carolina A&T,Campbell,3.0,,55.5,,ESPN Bet,1
401767146,2025,11,2025-11-08,Campbell,William & Mary,6.5,,56.5,,ESPN Bet,1
401767147,2025,12,2025-11-15,Campbell,Elon,4.0,,52.5,,ESPN Bet,1
401767148,2025,13,2025-11-22,Towson,Campbell,-8.5,,54.5,,ESPN Bet,1
401767149,2025,2,2025-09-06,Elon,Davidson,-27.5,,59.5,,ESPN Bet,1
401767150,2025,3,2025-09-13,Western Carolina,Elon,2.5,,59.5,,ESPN Bet,1
401767151,2025,4,2025-09-20,East Tennessee State,Elon,-2.0,,56.5,,ESPN Bet,1
401767152,2025,5,2025-09-27,Elon,Hampton,-17.5,,55.5,,ESPN Bet,1
401767154,2025,7,2025-10-11,Elon,Villanova,6.5,,50.5,,ESPN Bet,1
401767155,2025,8,2025-10-18,William & Mary,Elon,1.5,,53.5,,ESPN Bet,1
401767156,2025,1,2025-08-30,Utah Tech,UC Davis,18.5,,56.5,,ESPN Bet,1
401767157,2025,4,2025-09-20,UC Davis,Southern Utah,-6.5,,61.5,,ESPN Bet,1
401767158,2025,5,2025-09-27,UC Davis,Weber State,-16.5,,63.5,,ESPN Bet,1
401767159,2025,3,2025-09-13,McNeese,Weber State,3.0,,52.5,,ESPN Bet,1
401767160,2025,4,2025-09-20,Weber State,Butler,-16.0,,53.5,,ESPN Bet,1
401767161,2025,3,2025-09-13,Charleston Southern,Lindenwood,2.5,,47.5,,ESPN Bet,1
401767162,2025,4,2025-09-20,William & Mary,Charleston Southern,-11.5,,45.5,,ESPN Bet,1
401767163,2025,5,2025-09-27,Charleston Southern,South Carolina State,10.5,,51.5,,ESPN Bet,1
401767164,2025,6,2025-10-04,Gardner-Webb,Charleston Southern,-13.5,,51.5,,ESPN Bet,1
401767165,2025,7,2025-10-11,Charleston Southern,Tennessee Tech,30.5,,53.5,,ESPN Bet,1
401767166,2025,8,2025-10-18,Western Illinois,Charleston Southern,2.0,,55.5,,ESPN Bet,1
401767167,2025,9,2025-10-25,Charleston Southern,Eastern Illinois,-3.0,,46.5,,ESPN Bet,1
401767168,2025,10,2025-11-01,Southeast Missouri State,Charleston Southern,-10.5,,50.5,,ESPN Bet,1
401767169,2025,12,2025-11-15,UT Martin,Charleston Southern,-10.0,,45.5,,ESPN Bet,1
401767170,2025,13,2025-11-22,Charleston Southern,Tennessee State,-12.5,,43.5,,ESPN Bet,1
401767171,2025,1,2025-08-28,Eastern Illinois,Dayton,-9.5,,47.5,,ESPN Bet,1
401767172,2025,2,2025-09-06,Indiana State,Eastern Illinois,-3.5,,50.5,,ESPN Bet,1
401767173,2025,3,2025-09-13,Eastern Illinois,Illinois State,20.5,,50.5,,ESPN Bet,1
401767174,2025,5,2025-09-27,Western Illinois,Eastern Illinois,-2.5,,62.5,,ESPN Bet,1
401767175,2025,6,2025-10-04,Eastern Illinois,Tennessee State,-5.0,,50.5,,ESPN Bet,1
401767176,2025,9,2025-10-25,Maine,Elon,4.5,,49.5,,ESPN Bet,1
401767177,2025,11,2025-11-08,Elon,Rhode Island,4.5,,49.5,,ESPN Bet,1
401767178,2025,13,2025-11-22,Elon,North Carolina A&T,-21.0,,54.5,,ESPN Bet,1
401767179,2025,1,2025-08-30,Jackson State,Hampton,-18.5,,58.5,,ESPN Bet,1
401767181,2025,3,2025-09-13,North Carolina A&T,Hampton,3.0,,48.5,,ESPN Bet,1
401767182,2025,4,2025-09-20,Howard,Hampton,3.0,,46.5,,ESPN Bet,1
401767183,2025,6,2025-10-04,Hampton,Norfolk State,-4.5,,54.5,,ESPN Bet,1
401767184,2025,8,2025-10-18,Villanova,Hampton,-24.5,,55.5,,ESPN Bet,1
401767185,2025,9,2025-10-25,Hampton,Monmouth,25.0,,68.5,,ESPN Bet,1
401767186,2025,11,2025-11-08,Hampton,Maine,14.5,,50.5,,ESPN Bet,1
401767187,2025,12,2025-11-15,Hampton,William & Mary,18.5,,53.5,,ESPN Bet,1
401767188,2025,13,2025-11-22,Rhode Island,Hampton,-31.5,,52.5,,ESPN Bet,1
401767189,2025,2,2025-09-06,William & Mary,Maine,-7.0,,48.5,,ESPN Bet,1
401767190,2025,3,2025-09-13,Maine,Stonehill,-21.0,,51.5,,ESPN Bet,1
401767191,2025,5,2025-09-27,Maine,North Carolina A&T,-13.5,,48.5,,ESPN Bet,1
401767192,2025,7,2025-10-11,Merrimack,Maine,2.5,,45.5,,ESPN Bet,1
401767193,2025,10,2025-11-01,Maine,Stony Brook,-1.0,,46.5,,ESPN Bet,1
401767194,2025,12,2025-11-15,Maine,Rhode Island,4.0,,49.5,,ESPN Bet,1
401767195,2025,13,2025-11-22,New Hampshire,Maine,-7.5,,47.5,,ESPN Bet,1
401767196,2025,7,2025-10-11,Eastern Illinois,Gardner-Webb,4.5,,58.5,,ESPN Bet,1
401767197,2025,8,2025-10-18,Southeast Missouri State,Eastern Illinois,-7.5,,52.5,,ESPN Bet,1
401767198,2025,10,2025-11-01,Eastern Illinois,UT Martin,4.5,,50.5,,ESPN Bet,1
401767199,2025,11,2025-11-08,Eastern Illinois,Tennessee Tech,24.5,,52.5,,ESPN Bet,1
401767200,2025,12,2025-11-15,Lindenwood,Eastern Illinois,-5.5,,49.5,,ESPN Bet,1
401767201,2025,1,2025-08-30,Western Carolina,Gardner-Webb,-6.5,,57.5,,ESPN Bet,1
401767202,2025,3,2025-09-13,Gardner-Webb,The Citadel,-3.5,,54.5,,ESPN Bet,1
401767203,2025,8,2025-10-18,Gardner-Webb,UT Martin,-8.0,,55.5,,ESPN Bet,1
401767204,2025,9,2025-10-25,Lindenwood,Gardner-Webb,1.5,,57.5,,ESPN Bet,1
401767205,2025,10,2025-11-01,Tennessee Tech,Gardner-Webb,-19.0,,62.5,,ESPN Bet,1
401767206,2025,11,2025-11-08,Gardner-Webb,Southeast Missouri State,-4.5,,56.5,,ESPN Bet,1
401767207,2025,12,2025-11-15,Tennessee State,Gardner-Webb,15.0,,50.5,,ESPN Bet,1
401767208,2025,13,2025-11-22,Gardner-Webb,Western Illinois,-13.5,,59.5,,ESPN Bet,1
401767209,2025,1,2025-08-28,St. Thomas (MN),Lindenwood,6.5,,51.5,,ESPN Bet,1
401767210,2025,4,2025-09-20,Lindenwood,Stony Brook,3.5,,58.5,,ESPN Bet,1
401767211,2025,6,2025-10-04,Lindenwood,UT Martin,1.5,,52.5,,ESPN Bet,1
401767212,2025,8,2025-10-18,Lindenwood,Tennessee Tech,16.5,,54.5,,ESPN Bet,1
401767213,2025,10,2025-11-01,Tennessee State,Lindenwood,3.5,,47.5,,ESPN Bet,1
401767214,2025,11,2025-11-08,Western Illinois,Lindenwood,7.5,,57.5,,ESPN Bet,1
401767215,2025,13,2025-11-22,Southeast Missouri State,Lindenwood,1.5,,52.5,,ESPN Bet,1
401767216,2025,2,2025-09-06,Southeast Missouri State,North Alabama,-15.5,,55.5,,ESPN Bet,1
401767217,2025,3,2025-09-13,North Dakota State,Southeast Missouri State,-31.5,,54.5,,ESPN Bet,1
401767218,2025,4,2025-09-20,Southeast Missouri State,Southern Illinois,5.5,,54.5,,ESPN Bet,1
401767219,2025,5,2025-09-27,UT Martin,Southeast Missouri State,3.0,,56.5,,ESPN Bet,1
401767220,2025,7,2025-10-11,Southeast Missouri State,Tennessee State,-16.5,,50.5,,ESPN Bet,1
401767221,2025,9,2025-10-25,Tennessee Tech,Southeast Missouri State,-21.5,,60.5,,ESPN Bet,1
401767222,2025,12,2025-11-15,Western Illinois,Southeast Missouri State,8.0,,57.5,,ESPN Bet,1
401767223,2025,1,2025-08-30,Tennessee State,North Carolina A&T,-6.5,,50.5,,ESPN Bet,1
401767224,2025,2,2025-09-06,Tennessee State,North Dakota State,32.5,,49.5,,ESPN Bet,1
401767225,2025,3,2025-09-13,Tennessee State,Alabama A&M,1.0,,55.5,,ESPN Bet,1
401767226,2025,5,2025-09-27,Tennessee State,Tennessee Tech,31.5,,56.5,,ESPN Bet,1
401767227,2025,8,2025-10-18,Tennessee State,Howard,2.0,,41.5,,ESPN Bet,1
401767228,2025,9,2025-10-25,Tennessee State,Western Illinois,-3.0,,54.5,,ESPN Bet,1
401767229,2025,11,2025-11-08,UT Martin,Tennessee State,-14.5,,48.5,,ESPN Bet,1
401767231,2025,2,2025-09-06,Tennessee Tech,Chattanooga,-5.5,,48.5,,ESPN Bet,1
401767232,2025,3,2025-09-13,Tennessee Tech,Davidson,-40.5,,65.5,,ESPN Bet,1
401767233,2025,6,2025-10-04,Tennessee Tech,Western Illinois,-35.5,,66.5,,ESPN Bet,1
401767234,2025,13,2025-11-22,Tennessee Tech,UT Martin,-17.5,,55.5,,ESPN Bet,1
401767235,2025,3,2025-09-13,UT Martin,Southern Illinois,3.0,,52.5,,ESPN Bet,1
401767236,2025,7,2025-10-11,UT Martin,Western Illinois,-14.5,,62.5,,ESPN Bet,1
401767237,2025,3,2025-09-13,Western Illinois,Valparaiso,-17.0,,49.5,,ESPN Bet,1
401767238,2025,2,2025-09-06,Abilene Christian,Stephen F. Austin,2.5,,51.5,,ESPN Bet,1
401767239,2025,4,2025-09-20,Abilene Christian,Austin Peay,2.0,,54.5,,ESPN Bet,1
401767240,2025,5,2025-09-27,Incarnate Word,Abilene Christian,-2.0,,56.5,,ESPN Bet,1
401767241,2025,6,2025-10-04,Abilene Christian,North Alabama,-11.5,,58.5,,ESPN Bet,1
401767242,2025,7,2025-10-11,West Georgia,Abilene Christian,-1.5,,53.5,,ESPN Bet,1
401767243,2025,8,2025-10-18,Southern Utah,Abilene Christian,3.0,,62.5,,ESPN Bet,1
401767244,2025,10,2025-11-01,Abilene Christian,Tarleton State,13.5,,60.5,,ESPN Bet,1
401767245,2025,11,2025-11-08,Abilene Christian,Utah Tech,-20.5,,53.5,,ESPN Bet,1
401767246,2025,12,2025-11-15,Eastern Kentucky,Abilene Christian,9.0,,48.5,,ESPN Bet,1
401767247,2025,13,2025-11-22,Central Arkansas,Abilene Christian,9.5,,54.5,,ESPN Bet,1
401767248,2025,3,2025-09-13,Austin Peay,Morehead State,-25.5,,49.5,,ESPN Bet,1
401767249,2025,5,2025-09-27,Austin Peay,Utah Tech,-14.0,,46.5,,ESPN Bet,1
401767251,2025,7,2025-10-11,Eastern Kentucky,Austin Peay,10.0,,46.5,,ESPN Bet,1
401767252,2025,9,2025-10-25,Austin Peay,North Alabama,-19.5,,57.5,,ESPN Bet,1
401767253,2025,10,2025-11-01,Southern Utah,Austin Peay,1.5,,61.5,,ESPN Bet,1
401767254,2025,11,2025-11-08,Austin Peay,Central Arkansas,-13.5,,55.5,,ESPN Bet,1
401767255,2025,12,2025-11-15,Austin Peay,Samford,-25.5,,55.5,,ESPN Bet,1
401767256,2025,1,2025-08-29,Colgate,Monmouth,14.5,,65.5,,ESPN Bet,1
401767257,2025,2,2025-09-06,Fordham,Monmouth,14.5,,65.5,,ESPN Bet,1
401767258,2025,4,2025-09-20,Monmouth,Villanova,-3.5,,65.5,,ESPN Bet,1
401767259,2025,6,2025-10-04,Monmouth,Delaware State,-21.5,,76.5,,ESPN Bet,1
401767260,2025,7,2025-10-11,Towson,Monmouth,7.0,,75.5,,ESPN Bet,1
401767261,2025,8,2025-10-18,Monmouth,Stony Brook,-9.0,,73.5,,ESPN Bet,1
401767262,2025,11,2025-11-08,Monmouth,New Hampshire,-12.5,,61.5,,ESPN Bet,1
401767263,2025,12,2025-11-15,North Carolina A&T,Monmouth,21.5,,58.5,,ESPN Bet,1
401767264,2025,13,2025-11-22,Monmouth,UAlbany,-29.5,,62.5,,ESPN Bet,1
401767265,2025,1,2025-08-30,North Carolina Central,New Hampshire,-4.5,,50.5,,ESPN Bet,1
401767266,2025,2,2025-09-06,New Hampshire,Holy Cross,-1.5,,46.5,,ESPN Bet,1
401767267,2025,4,2025-09-20,Dartmouth,New Hampshire,2.0,,45.5,,ESPN Bet,1
401767268,2025,5,2025-09-27,New Hampshire,UAlbany,-13.0,,44.5,,ESPN Bet,1
401767269,2025,6,2025-10-04,New Hampshire,Villanova,5.5,,47.5,,ESPN Bet,1
401767270,2025,7,2025-10-11,Rhode Island,New Hampshire,-9.5,,45.5,,ESPN Bet,1
401767271,2025,9,2025-10-25,New Hampshire,William & Mary,-1.5,,48.5,,ESPN Bet,1
401767272,2025,4,2025-09-20,North Carolina A&T,North Carolina Central,13.0,,48.5,,ESPN Bet,1
401767273,2025,6,2025-10-04,William & Mary,North Carolina A&T,-20.5,,53.5,,ESPN Bet,1
401767274,2025,7,2025-10-11,North Carolina A&T,South Carolina State,9.5,,58.5,,ESPN Bet,1
401767275,2025,10,2025-11-01,North Carolina A&T,Towson,7.5,,49.5,,ESPN Bet,1
401767276,2025,13,2025-11-22,Tarleton State,Austin Peay,-18.5,,60.5,,ESPN Bet,1
401767277,2025,2,2025-09-06,Eastern Kentucky,Houston Christian,-18.0,,53.5,,ESPN Bet,1
401767278,2025,4,2025-09-20,West Georgia,Eastern Kentucky,-10.5,,49.5,,ESPN Bet,1
401767279,2025,5,2025-09-27,Eastern Kentucky,Nicholls,-2.5,,42.5,,ESPN Bet,1
401767280,2025,8,2025-10-18,North Alabama,Eastern Kentucky,11.5,,51.5,,ESPN Bet,1
401767281,2025,9,2025-10-25,Eastern Kentucky,Tarleton State,24.0,,58.5,,ESPN Bet,1
401767282,2025,10,2025-11-01,Central Arkansas,Eastern Kentucky,-6.5,,52.5,,ESPN Bet,1
401767283,2025,11,2025-11-08,Eastern Kentucky,Southern Utah,6.5,,55.5,,ESPN Bet,1
401767284,2025,13,2025-11-22,Utah Tech,Eastern Kentucky,6.5,,45.5,,ESPN Bet,1
401767286,2025,4,2025-09-20,Illinois State,North Alabama,-17.0,,58.5,,ESPN Bet,1
401767287,2025,7,2025-10-11,North Alabama,Central Arkansas,4.0,,59.5,,ESPN Bet,1
401767288,2025,10,2025-11-01,Utah Tech,North Alabama,-3.5,,54.5,,ESPN Bet,1
401767289,2025,11,2025-11-08,North Alabama,West Georgia,9.5,,57.5,,ESPN Bet,1
401767290,2025,12,2025-11-15,Tarleton State,North Alabama,-33.5,,61.5,,ESPN Bet,1
401767291,2025,13,2025-11-22,North Alabama,Southern Utah,18.0,,58.5,,ESPN Bet,1
401767292,2025,2,2025-09-06,San Diego,Southern Utah,20.5,,53.5,,ESPN Bet,1
401767293,2025,5,2025-09-27,Southern Utah,West Georgia,1.0,,59.5,,ESPN Bet,1
401767294,2025,6,2025-10-04,Tarleton State,Southern Utah,-20.5,,64.5,,ESPN Bet,1
401767295,2025,9,2025-10-25,Utah Tech,Southern Utah,9.5,,59.5,,ESPN Bet,1
401767296,2025,12,2025-11-15,Southern Utah,Central Arkansas,-12.5,,63.5,,ESPN Bet,1
401767298,2025,1,2025-08-28,Samford,West Georgia,-6.5,,55.5,,ESPN Bet,1
401767300,2025,3,2025-09-13,West Georgia,East Tennessee State,-5.5,,52.5,,ESPN Bet,1
401767301,2025,8,2025-10-18,Tarleton State,West Georgia,-20.0,,56.5,,ESPN Bet,1
401767302,2025,9,2025-10-25,West Georgia,Central Arkansas,-5.5,,53.5,,ESPN Bet,1
401767303,2025,12,2025-11-15,West Georgia,Utah Tech,-15.0,,48.5,,ESPN Bet,1
401767304,2025,2,2025-09-06,Tarleton State,Mississippi Valley State,-44.5,,57.5,,ESPN Bet,1
401767305,2025,3,2025-09-13,Central Arkansas,Tarleton State,13.0,,56.5,,ESPN Bet,1
401767306,2025,4,2025-09-20,Tarleton State,Chattanooga,-27.0,,55.5,,ESPN Bet,1
401767307,2025,7,2025-10-11,Utah Tech,Tarleton State,28.0,,59.5,,ESPN Bet,1
401767308,2025,4,2025-09-20,Utah Tech,Northern Iowa,6.5,,49.5,,ESPN Bet,1
401767309,2025,2,2025-09-06,Alabama A&M,Alcorn State,-3.5,,49.5,,ESPN Bet,1
401767311,2025,5,2025-09-27,Bethune-Cookman,Alabama A&M,4.5,,58.5,,ESPN Bet,1
401767312,2025,6,2025-10-04,Alabama A&M,Jackson State,14.5,,55.5,,ESPN Bet,1
401767313,2025,7,2025-10-11,Alabama A&M,Mississippi Valley State,-21.0,,60.5,,ESPN Bet,1
401767314,2025,9,2025-10-25,Alabama A&M,Alabama State,14.0,,61.5,,ESPN Bet,1
401767315,2025,10,2025-11-01,Grambling,Alabama A&M,-3.5,,56.5,,ESPN Bet,1
401767316,2025,11,2025-11-08,Stony Brook,North Carolina A&T,-18.5,,53.5,,ESPN Bet,1
401767317,2025,2,2025-09-06,Stony Brook,Rhode Island,7.0,,47.5,,ESPN Bet,1
401767318,2025,3,2025-09-13,Holy Cross,Rhode Island,3.5,,46.5,,ESPN Bet,1
401767319,2025,4,2025-09-20,Rhode Island,Long Island University,-16.5,,45.5,,ESPN Bet,1
401767320,2025,6,2025-10-03,Brown,Rhode Island,14.5,,48.5,,ESPN Bet,1
401767321,2025,8,2025-10-18,UAlbany,Rhode Island,13.5,,47.5,,ESPN Bet,1
401767322,2025,3,2025-09-13,Stony Brook,Fordham,-4.0,,54.5,,ESPN Bet,1
401767323,2025,5,2025-09-27,Stony Brook,Merrimack,-7.0,,47.5,,ESPN Bet,1
401767324,2025,6,2025-10-04,UAlbany,Stony Brook,7.0,,48.5,,ESPN Bet,1
401767325,2025,9,2025-10-25,Stony Brook,Towson,-3.0,,52.5,,ESPN Bet,1
401767326,2025,12,2025-11-15,Villanova,Stony Brook,-10.5,,51.5,,ESPN Bet,1
401767327,2025,1,2025-08-28,Norfolk State,Towson,8.5,,49.5,,ESPN Bet,1
401767328,2025,2,2025-09-06,Morgan State,Towson,10.0,,48.5,,ESPN Bet,1
401767329,2025,4,2025-09-20,Towson,Youngstown State,3.0,,54.5,,ESPN Bet,1
401767330,2025,11,2025-11-08,Towson,Villanova,3.5,,51.5,,ESPN Bet,1
401767331,2025,12,2025-11-15,UAlbany,Towson,13.5,,47.5,,ESPN Bet,1
401767332,2025,2,2025-09-06,Delaware State,UAlbany,12.5,,50.5,,ESPN Bet,1
401767333,2025,4,2025-09-20,UAlbany,Cornell,3.0,,50.5,,ESPN Bet,1
401767334,2025,9,2025-10-25,Villanova,UAlbany,-31.5,,51.5,,ESPN Bet,1
401767335,2025,10,2025-11-01,William & Mary,UAlbany,-19.0,,50.5,,ESPN Bet,1
401767336,2025,2,2025-09-06,Villanova,Colgate,-20.0,,50.5,,ESPN Bet,1
401767337,2025,5,2025-09-27,Villanova,William & Mary,-6.5,,50.5,,ESPN Bet,1
401767338,2025,13,2025-11-22,Villanova,Sacred Heart,-16.0,,54.5,,ESPN Bet,1
401767339,2025,1,2025-08-30,Furman,William & Mary,-2.5,,49.5,,ESPN Bet,1
401767340,2025,13,2025-11-22,William & Mary,Richmond,-6.5,,49.5,,ESPN Bet,1
401767342,2025,4,2025-09-20,Saint Francis,Delaware State,7.5,,47.5,,ESPN Bet,1
401767343,2025,5,2025-09-27,Sacred Heart,Delaware State,5.0,,54.5,,ESPN Bet,1
401767345,2025,9,2025-10-25,North Carolina Central,Delaware State,-18.0,,63.5,,ESPN Bet,1
401767346,2025,10,2025-10-30,Delaware State,Norfolk State,-17.5,,57.5,,ESPN Bet,1
401767347,2025,11,2025-11-07,Morgan State,Delaware State,3.5,,54.5,,ESPN Bet,1
401767348,2025,12,2025-11-15,Delaware State,Howard,-13.5,,50.5,,ESPN Bet,1
401767349,2025,13,2025-11-22,Delaware State,South Carolina State,5.5,,56.5,,ESPN Bet,1
401767350,2025,1,2025-08-30,Florida A&M,Howard,-7.5,,48.5,,ESPN Bet,1
401767352,2025,5,2025-09-27,Richmond,Howard,-16.0,,43.5,,ESPN Bet,1
401767353,2025,7,2025-10-11,Sacred Heart,Howard,-2.5,,47.5,,ESPN Bet,1
401767354,2025,9,2025-10-25,Howard,Morgan State,1.0,,44.5,,ESPN Bet,1
401767355,2025,10,2025-11-01,Howard,North Carolina Central,15.0,,51.5,,ESPN Bet,1
401767356,2025,11,2025-11-08,Alabama A&M,Prairie View A&M,3.5,,52.5,,ESPN Bet,1
401767357,2025,12,2025-11-15,Alabama A&M,Florida A&M,2.5,,54.5,,ESPN Bet,1
401767358,2025,13,2025-11-22,Texas Southern,Alabama A&M,-3.5,,52.5,,ESPN Bet,1
401767359,2025,2,2025-09-06,Southern,Alabama State,6.5,,56.5,,ESPN Bet,1
401767361,2025,5,2025-09-27,Florida A&M,Alabama State,4.0,,50.5,,ESPN Bet,1
401767362,2025,6,2025-10-04,Alabama State,Bethune-Cookman,-13.0,,57.5,,ESPN Bet,1
401767363,2025,7,2025-10-11,Jackson State,Alabama State,-8.5,,56.5,,ESPN Bet,1
401767364,2025,10,2025-11-01,Prairie View A&M,Alabama State,10.5,,52.5,,ESPN Bet,1
401767365,2025,11,2025-11-08,Alabama State,Texas Southern,-17.5,,53.5,,ESPN Bet,1
401767366,2025,12,2025-11-15,Mississippi Valley State,Alabama State,29.5,,54.5,,ESPN Bet,1
401767367,2025,13,2025-11-22,Alabama State,Arkansas-Pine Bluff,-26.5,,59.5,,ESPN Bet,1
401767369,2025,1,2025-08-28,Northwestern State,Alcorn State,10.5,,49.5,,ESPN Bet,1
401767370,2025,5,2025-09-27,Alcorn State,Arkansas-Pine Bluff,7.0,,50.5,,ESPN Bet,1
401767371,2025,6,2025-10-04,Alcorn State,Prairie View A&M,3.0,,47.5,,ESPN Bet,1
401767373,2025,8,2025-10-18,Florida A&M,Alcorn State,-4.5,,45.5,,ESPN Bet,1
401767374,2025,9,2025-10-25,Alcorn State,Mississippi Valley State,-10.5,,50.5,,ESPN Bet,1
401767375,2025,10,2025-11-01,Texas Southern,Alcorn State,-6.5,,47.5,,ESPN Bet,1
401767376,2025,11,2025-11-08,Alcorn State,Southern,-11.0,,47.5,,ESPN Bet,1
401767377,2025,12,2025-11-15,Alcorn State,Grambling,1.5,,45.5,,ESPN Bet,1
401767378,2025,13,2025-11-22,Alcorn State,Jackson State,-19.5,,51.5,,ESPN Bet,1
401767379,2025,2,2025-09-06,Central Arkansas,Arkansas-Pine Bluff,-27.0,,55.5,,ESPN Bet,1
401767381,2025,6,2025-10-04,Texas Southern,Arkansas-Pine Bluff,-6.0,,48.5,,ESPN Bet,1
401767383,2025,8,2025-10-18,Arkansas-Pine Bluff,Grambling,8.0,,54.5,,ESPN Bet,1
401767384,2025,9,2025-10-25,Bethune-Cookman,Arkansas-Pine Bluff,-13.5,,56.5,,ESPN Bet,1
401767385,2025,10,2025-11-01,Arkansas-Pine Bluff,Southern,1.0,,52.5,,ESPN Bet,1
401767386,2025,11,2025-11-08,Arkansas-Pine Bluff,Florida A&M,3.5,,52.5,,ESPN Bet,1
401767387,2025,12,2025-11-15,Prairie View A&M,Arkansas-Pine Bluff,-21.0,,50.5,,ESPN Bet,1
401767388,2025,3,2025-09-13,South Carolina State,Bethune-Cookman,-18.0,,47.5,,ESPN Bet,1
401767390,2025,7,2025-10-11,Bethune-Cookman,Southern,-1.0,,53.5,,ESPN Bet,1
401767391,2025,10,2025-11-01,Bethune-Cookman,Mississippi Valley State,-22.0,,58.5,,ESPN Bet,1
401767392,2025,11,2025-11-08,Grambling,Bethune-Cookman,-1.5,,53.5,,ESPN Bet,1
401767393,2025,12,2025-11-15,Jackson State,Bethune-Cookman,-23.5,,59.5,,ESPN Bet,1
401767394,2025,13,2025-11-22,Florida A&M,Bethune-Cookman,-2.5,,56.5,,ESPN Bet,1
401767396,2025,11,2025-11-08,South Carolina State,Howard,-15.5,,49.5,,ESPN Bet,1
401767397,2025,13,2025-11-22,Howard,Norfolk State,-3.5,,48.5,,ESPN Bet,1
401767399,2025,6,2025-10-04,Georgetown,Morgan State,2.5,,47.5,,ESPN Bet,1
401767401,2025,10,2025-11-01,South Carolina State,Morgan State,-11.5,,53.5,,ESPN Bet,1
401767402,2025,12,2025-11-15,Norfolk State,Morgan State,5.5,,50.5,,ESPN Bet,1
401767403,2025,13,2025-11-22,Morgan State,North Carolina Central,9.5,,54.5,,ESPN Bet,1
401767405,2025,4,2025-09-20,Norfolk State,Sacred Heart,-1.0,,47.5,,ESPN Bet,1
401767406,2025,5,2025-09-27,Wagner,Norfolk State,2.5,,47.5,,ESPN Bet,1
401767407,2025,7,2025-10-11,Wofford,Norfolk State,-7.5,,44.5,,ESPN Bet,1
401767408,2025,9,2025-10-25,Norfolk State,South Carolina State,14.5,,53.5,,ESPN Bet,1
401767409,2025,11,2025-11-08,North Carolina Central,Norfolk State,-25.5,,56.5,,ESPN Bet,1
401767410,2025,1,2025-08-23,Southern,North Carolina Central,10.5,,47.5,,ESPN Bet,1
401767412,2025,5,2025-09-27,East Texas A&M,North Carolina Central,14.5,,56.5,,ESPN Bet,1
401767413,2025,7,2025-10-11,Florida A&M,North Carolina Central,12.0,,51.5,,ESPN Bet,1
401767414,2025,12,2025-11-14,North Carolina Central,South Carolina State,-7.0,,57.5,,ESPN Bet,1
401767415,2025,1,2025-08-30,South Carolina State,Wofford,-9.5,,49.5,,ESPN Bet,1
401767416,2025,4,2025-09-20,Grambling,East Texas A&M,3.5,,54.5,,ESPN Bet,1
401767417,2025,5,2025-09-27,Prairie View A&M,Grambling,3.0,,52.5,,ESPN Bet,1
401767418,2025,7,2025-10-11,Grambling,Texas Southern,-3.5,,49.5,,ESPN Bet,1
401767419,2025,9,2025-10-25,Grambling,Jackson State,21.0,,56.5,,ESPN Bet,1
401767420,2025,14,2025-11-29,Southern,Grambling,-13.5,,48.5,,ESPN Bet,1
401767422,2025,5,2025-09-27,Southern,Jackson State,9.5,,50.5,,ESPN Bet,1
401767423,2025,10,2025-11-01,Florida A&M,Jackson State,17.0,,53.5,,ESPN Bet,1
401767424,2025,11,2025-11-08,Mississippi Valley State,Jackson State,27.5,,56.5,,ESPN Bet,1
401767425,2025,1,2025-08-30,Mississippi Valley State,Southern,12.5,,49.5,,ESPN Bet,1
401767426,2025,3,2025-09-13,SE Louisiana,Mississippi Valley State,-32.5,,51.5,,ESPN Bet,1
401767427,2025,5,2025-09-27,Mississippi Valley State,Texas Southern,13.5,,47.5,,ESPN Bet,1
401767428,2025,14,2025-11-29,Mississippi Valley State,Florida A&M,13.5,,51.5,,ESPN Bet,1
401767430,2025,13,2025-11-22,Prairie View A&M,Mississippi Valley State,-29.5,,50.5,,ESPN Bet,1
401767431,2025,1,2025-08-30,Texas Southern,Prairie View A&M,-1.5,,47.5,,ESPN Bet,1
401767433,2025,4,2025-09-20,Prairie View A&M,Northwestern State,-10.5,,46.5,,ESPN Bet,1
401767434,2025,8,2025-10-18,Southern,Prairie View A&M,8.5,,46.5,,ESPN Bet,1
401767437,2025,2,2025-09-06,Illinois State,Morehead State,-31.5,,52.5,,ESPN Bet,1
401767439,2025,7,2025-10-11,Murray State,Illinois State,23.5,,58.5,,ESPN Bet,1
401767440,2025,8,2025-10-18,Illinois State,Youngstown State,-2.0,,56.5,,ESPN Bet,1
401767441,2025,9,2025-10-25,South Dakota,Illinois State,-3.5,,54.5,,ESPN Bet,1
401767442,2025,10,2025-11-01,Illinois State,Northern Iowa,-12.5,,49.5,,ESPN Bet,1
401767443,2025,11,2025-11-08,Indiana State,Illinois State,10.5,,58.5,,ESPN Bet,1
401767444,2025,12,2025-11-15,South Dakota State,Illinois State,-3.5,,50.5,,ESPN Bet,1
401767445,2025,13,2025-11-22,Illinois State,Southern Illinois,-4.5,,59.5,,ESPN Bet,1
401767448,2025,7,2025-10-11,Indiana State,South Dakota,15.5,,56.5,,ESPN Bet,1
401767449,2025,8,2025-10-18,Indiana State,North Dakota State,33.5,,56.5,,ESPN Bet,1
401767450,2025,9,2025-10-25,North Dakota,Indiana State,-30.0,,55.5,,ESPN Bet,1
401767451,2025,10,2025-11-01,South Dakota State,Indiana State,-31.0,,53.5,,ESPN Bet,1
401767452,2025,12,2025-11-15,Youngstown State,Indiana State,-20.5,,61.5,,ESPN Bet,1
401767453,2025,13,2025-11-22,Indiana State,Murray State,-13.0,,58.5,,ESPN Bet,1
401767454,2025,1,2025-08-30,East Tennessee State,Murray State,-31.0,,54.5,,ESPN Bet,1
401767455,2025,2,2025-09-06,Murray State,SE Louisiana,21.5,,51.5,,ESPN Bet,1
401767456,2025,9,2025-10-25,Southern,Florida A&M,3.0,,48.5,,ESPN Bet,1
401767457,2025,12,2025-11-15,Southern,Texas Southern,6.5,,52.5,,ESPN Bet,1
401767458,2025,3,2025-09-13,Texas Southern,Lamar,9.5,,45.5,,ESPN Bet,1
401767460,2025,6,2025-10-04,Northwestern State,East Texas A&M,7.0,,54.5,,ESPN Bet,1
401767461,2025,7,2025-10-11,East Texas A&M,Lamar,7.5,,53.5,,ESPN Bet,1
401767462,2025,8,2025-10-18,Incarnate Word,East Texas A&M,-18.5,,56.5,,ESPN Bet,1
401767463,2025,9,2025-10-25,East Texas A&M,Stephen F. Austin,14.0,,59.5,,ESPN Bet,1
401767464,2025,10,2025-11-01,SE Louisiana,East Texas A&M,-17.5,,55.5,,ESPN Bet,1
401767465,2025,11,2025-11-08,East Texas A&M,McNeese,-2.5,,53.5,,ESPN Bet,1
401767466,2025,12,2025-11-15,East Texas A&M,Houston Christian,-9.5,,51.5,,ESPN Bet,1
401767470,2025,7,2025-10-11,Houston Christian,Northwestern State,-12.5,,52.5,,ESPN Bet,1
401767471,2025,8,2025-10-18,McNeese,Houston Christian,-6.5,,49.5,,ESPN Bet,1
401767472,2025,9,2025-10-25,Houston Christian,SE Louisiana,21.5,,52.5,,ESPN Bet,1
401767473,2025,10,2025-11-01,Nicholls,Houston Christian,-11.5,,41.5,,ESPN Bet,1
401767474,2025,11,2025-11-08,Houston Christian,Stephen F. Austin,24.5,,48.5,,ESPN Bet,1
401767475,2025,13,2025-11-22,Houston Christian,Incarnate Word,17.5,,49.5,,ESPN Bet,1
401767476,2025,1,2025-08-23,Nicholls,Incarnate Word,13.5,13.5,51.5,51.5,Bovada,2
401767478,2025,9,2025-10-25,UT Rio Grande Valley,Incarnate Word,4.5,,54.5,,ESPN Bet,1
401767479,2025,10,2025-11-01,Incarnate Word,Lamar,-2.5,,52.5,,ESPN Bet,1
401767480,2025,11,2025-11-08,Northwestern State,Incarnate Word,24.5,,54.5,,ESPN Bet,1
401767481,2025,12,2025-11-15,Incarnate Word,SE Louisiana,5.5,,54.5,,ESPN Bet,1
401767482,2025,2,2025-09-06,Lamar,South Dakota,17.0,,51.5,,ESPN Bet,1
401767483,2025,5,2025-09-27,Lamar,Central Arkansas,-6.5,,48.5,,ESPN Bet,1
401767484,2025,6,2025-10-04,Lamar,Nicholls,-3.5,,41.5,,ESPN Bet,1
401767485,2025,8,2025-10-18,Lamar,UT Rio Grande Valley,-3.5,,51.5,,ESPN Bet,1
401767486,2025,9,2025-10-25,Northwestern State,Lamar,24.5,,47.5,,ESPN Bet,1
401767487,2025,11,2025-11-08,Lamar,SE Louisiana,8.0,,49.5,,ESPN Bet,1
401767488,2025,12,2025-11-15,Stephen F. Austin,Lamar,-11.0,,45.5,,ESPN Bet,1
401767489,2025,13,2025-11-22,Lamar,McNeese,-13.5,,47.5,,ESPN Bet,1
401767491,2025,5,2025-09-27,Stephen F. Austin,McNeese,-13.5,,55.5,,ESPN Bet,1
401767493,2025,9,2025-10-25,Nicholls,McNeese,-5.5,,43.5,,ESPN Bet,1
401767494,2025,10,2025-11-01,McNeese,Northwestern State,-16.5,,48.5,,ESPN Bet,1
401767497,2025,8,2025-10-18,Murray State,South Dakota State,37.5,,56.5,,ESPN Bet,1
401767498,2025,9,2025-10-25,Youngstown State,Murray State,-24.5,,,,ESPN Bet,1
401767499,2025,10,2025-11-01,Murray State,Southern Illinois,24.5,,58.5,,ESPN Bet,1
401767500,2025,11,2025-11-08,Northern Iowa,Murray State,-12.5,,49.5,,ESPN Bet,1
401767501,2025,12,2025-11-15,Murray State,North Dakota,34.0,,55.5,,ESPN Bet,1
401767502,2025,4,2025-09-20,North Dakota,Valparaiso,-44.0,,59.5,,ESPN Bet,1
401767503,2025,6,2025-10-04,Northern Iowa,North Dakota,15.0,,53.5,,ESPN Bet,1
401767504,2025,7,2025-10-11,North Dakota,Youngstown State,-9.0,,63.5,,ESPN Bet,1
401767505,2025,8,2025-10-18,Southern Illinois,North Dakota,3.0,,59.5,,ESPN Bet,1
401767506,2025,10,2025-11-01,South Dakota,North Dakota,13.5,,51.5,,ESPN Bet,1
401767507,2025,11,2025-11-08,North Dakota,North Dakota State,10.5,,53.5,,ESPN Bet,1
401767508,2025,13,2025-11-22,North Dakota,South Dakota State,-9.5,,48.5,,ESPN Bet,1
401767510,2025,5,2025-09-27,North Dakota State,South Dakota,-25.5,,50.5,,ESPN Bet,1
401767511,2025,7,2025-10-11,North Dakota State,Southern Illinois,-20.0,,58.5,,ESPN Bet,1
401767512,2025,9,2025-10-25,South Dakota State,North Dakota State,9.0,,45.5,,ESPN Bet,1
401767513,2025,10,2025-11-01,North Dakota State,Youngstown State,-26.5,,60.5,,ESPN Bet,1
401767514,2025,12,2025-11-15,North Dakota State,Northern Iowa,-34.0,,47.5,,ESPN Bet,1
401767515,2025,13,2025-11-22,North Dakota State,St. Thomas (MN),-33.5,,51.5,,ESPN Bet,1
401767517,2025,8,2025-10-18,Stephen F. Austin,Nicholls,-13.5,,47.5,,ESPN Bet,1
401767519,2025,12,2025-11-15,Nicholls,Northwestern State,-23.5,,45.5,,ESPN Bet,1
401767520,2025,13,2025-11-20,SE Louisiana,Nicholls,-17.5,,49.5,,ESPN Bet,1
401767521,2025,8,2025-10-18,SE Louisiana,Northwestern State,-31.0,,53.5,,ESPN Bet,1
401767522,2025,13,2025-11-20,Northwestern State,Stephen F. Austin,37.5,,50.5,,ESPN Bet,1
401767523,2025,5,2025-09-27,SE Louisiana,UT Rio Grande Valley,-18.0,,53.5,,ESPN Bet,1
401767525,2025,10,2025-11-01,Stephen F. Austin,UT Rio Grande Valley,-10.0,,55.5,,ESPN Bet,1
401767529,2025,3,2025-09-13,Chattanooga,Stetson,-27.5,,54.5,,ESPN Bet,1
401767530,2025,5,2025-09-27,Chattanooga,The Citadel,-15.5,,47.5,,ESPN Bet,1
401767531,2025,6,2025-10-04,VMI,Chattanooga,8.0,,52.5,,ESPN Bet,1
401767532,2025,8,2025-10-18,Chattanooga,East Tennessee State,4.5,,52.5,,ESPN Bet,1
401767533,2025,9,2025-10-25,Samford,Chattanooga,10.0,,54.5,,ESPN Bet,1
401767534,2025,10,2025-11-01,Chattanooga,Western Carolina,3.5,,62.5,,ESPN Bet,1
401767535,2025,11,2025-11-08,Chattanooga,Furman,-6.0,,51.5,,ESPN Bet,1
401767536,2025,1,2025-08-30,Northern Iowa,Butler,-16.5,,53.5,,ESPN Bet,1
401767537,2025,7,2025-10-11,South Dakota State,Northern Iowa,-28.5,,47.5,,ESPN Bet,1
401767538,2025,8,2025-10-18,Northern Iowa,South Dakota,6.5,,46.5,,ESPN Bet,1
401767539,2025,9,2025-10-25,Southern Illinois,Northern Iowa,-15.0,,50.5,,ESPN Bet,1
401767540,2025,13,2025-11-22,Northern Iowa,Youngstown State,14.0,,57.5,,ESPN Bet,1
401767541,2025,4,2025-09-20,South Dakota,Drake,-17.0,,46.5,,ESPN Bet,1
401767542,2025,11,2025-11-08,South Dakota,South Dakota State,7.5,,46.5,,ESPN Bet,1
401767543,2025,12,2025-11-15,Southern Illinois,South Dakota,-4.5,,50.5,,ESPN Bet,1
401767544,2025,3,2025-09-13,South Dakota State,Drake,-34.0,,47.5,,ESPN Bet,1
401767545,2025,5,2025-09-27,South Dakota State,Mercyhurst,-32.5,,58.5,,ESPN Bet,1
401767546,2025,6,2025-10-04,Youngstown State,South Dakota State,15.0,,55.5,,ESPN Bet,1
401767548,2025,11,2025-11-08,Youngstown State,Southern Illinois,-5.0,,59.5,,ESPN Bet,1
401767549,2025,1,2025-08-28,Youngstown State,Mercyhurst,-24.0,,59.5,,ESPN Bet,1
401767550,2025,2,2025-09-06,Youngstown State,Robert Morris,-19.5,,50.5,,ESPN Bet,1
401767551,2025,4,2025-09-20,Brown,Georgetown,3.5,,57.5,,ESPN Bet,1
401767552,2025,5,2025-09-27,Harvard,Brown,-16.5,,57.5,,ESPN Bet,1
401767553,2025,8,2025-10-18,Brown,Princeton,-3.5,,51.5,,ESPN Bet,1
401767554,2025,9,2025-10-25,Cornell,Brown,2.5,,50.5,,ESPN Bet,1
401767555,2025,10,2025-10-31,Pennsylvania,Brown,-11.5,,50.5,,ESPN Bet,1
401767556,2025,12,2025-11-15,Mercer,Chattanooga,-15.5,,57.5,,ESPN Bet,1
401767557,2025,13,2025-11-22,Wofford,Chattanooga,-4.5,,47.5,,ESPN Bet,1
401767558,2025,5,2025-09-27,East Tennessee State,Mercer,2.0,,52.5,,ESPN Bet,1
401767559,2025,6,2025-10-04,Furman,East Tennessee State,-0.5,,54.5,,ESPN Bet,1
401767560,2025,7,2025-10-11,East Tennessee State,VMI,-16.5,,55.5,,ESPN Bet,1
401767561,2025,9,2025-10-25,East Tennessee State,Wofford,-9.0,,50.5,,ESPN Bet,1
401767562,2025,11,2025-11-08,Samford,East Tennessee State,18.5,,56.5,,ESPN Bet,1
401767563,2025,12,2025-11-15,Western Carolina,East Tennessee State,-6.0,,69.5,,ESPN Bet,1
401767564,2025,13,2025-11-22,East Tennessee State,The Citadel,-11.5,,54.5,,ESPN Bet,1
401767565,2025,2,2025-09-06,Furman,Presbyterian,-8.5,,44.5,,ESPN Bet,1
401767566,2025,5,2025-09-27,Samford,Furman,7.0,,54.5,,ESPN Bet,1
401767567,2025,7,2025-10-11,Western Carolina,Furman,-3.5,,67.5,,ESPN Bet,1
401767568,2025,8,2025-10-18,Wofford,Furman,-2.5,,41.5,,ESPN Bet,1
401767569,2025,9,2025-10-25,Furman,The Citadel,-2.5,,47.5,,ESPN Bet,1
401767570,2025,10,2025-11-01,Furman,Mercer,15.5,,52.5,,ESPN Bet,1
401767571,2025,12,2025-11-15,Furman,VMI,-20.5,,51.5,,ESPN Bet,1
401767572,2025,1,2025-08-30,Mercer,Presbyterian,-22.5,,51.5,,ESPN Bet,1
401767573,2025,3,2025-09-13,Mercer,Wofford,-10.5,,42.5,,ESPN Bet,1
401767574,2025,4,2025-09-20,The Citadel,Mercer,2.5,,42.5,,ESPN Bet,1
401767576,2025,7,2025-10-11,Princeton,Mercer,9.5,,53.5,,ESPN Bet,1
401767577,2025,9,2025-10-25,Mercer,VMI,-27.5,,51.5,,ESPN Bet,1
401767578,2025,11,2025-11-08,Western Carolina,Mercer,8.0,,65.5,,ESPN Bet,1
401767579,2025,2,2025-09-06,Samford,The Citadel,-2.5,,45.5,,ESPN Bet,1
401767580,2025,4,2025-09-20,Western Carolina,Samford,-10.5,,58.5,,ESPN Bet,1
401767581,2025,8,2025-10-18,VMI,Samford,3.5,,53.5,,ESPN Bet,1
401767582,2025,10,2025-11-01,Wofford,Samford,-12.5,,47.5,,ESPN Bet,1
401767585,2025,10,2025-11-01,The Citadel,VMI,-14.0,,48.5,,ESPN Bet,1
401767586,2025,12,2025-11-15,The Citadel,Wofford,3.5,,43.5,,ESPN Bet,1
401767588,2025,3,2025-09-13,Bucknell,VMI,-8.5,,53.5,,ESPN Bet,1
401767589,2025,4,2025-09-20,Richmond,VMI,-17.0,,42.5,,ESPN Bet,1
401767590,2025,11,2025-11-08,VMI,Wofford,11.0,,44.5,,ESPN Bet,1
401767591,2025,13,2025-11-22,VMI,Western Carolina,25.5,,63.5,,ESPN Bet,1
401767592,2025,6,2025-10-04,Wofford,Western Carolina,10.5,,53.5,,ESPN Bet,1
401767593,2025,2,2025-09-06,Wofford,Richmond,6.5,,40.5,,ESPN Bet,1
401767594,2025,5,2025-09-27,Butler,Marist,-6.5,,47.5,,ESPN Bet,1
401767595,2025,6,2025-10-04,St. Thomas (MN),Butler,-6.5,,48.5,,ESPN Bet,1
401767596,2025,7,2025-10-11,Butler,Presbyterian,10.5,,51.5,,ESPN Bet,1
401767597,2025,8,2025-10-18,Dayton,Butler,-2.5,,46.5,,ESPN Bet,1
401767598,2025,10,2025-11-01,Butler,Drake,6.5,,47.5,,ESPN Bet,1
401767599,2025,11,2025-11-08,Morehead State,Butler,12.5,,47.5,,ESPN Bet,1
401767600,2025,12,2025-11-15,San Diego,Butler,-7.5,,46.5,,ESPN Bet,1
401767601,2025,13,2025-11-22,Butler,Valparaiso,-16.5,,48.5,,ESPN Bet,1
401767602,2025,1,2025-08-30,Davidson,Georgetown,3.5,,55.5,,ESPN Bet,1
401767604,2025,6,2025-10-04,Stetson,Davidson,6.5,,61.5,,ESPN Bet,1
401767605,2025,7,2025-10-11,Davidson,St. Thomas (MN),21.5,,56.5,,ESPN Bet,1
401767606,2025,8,2025-10-18,Drake,Davidson,-33.5,,58.5,,ESPN Bet,1
401767607,2025,9,2025-10-25,Davidson,San Diego,28.5,,56.5,,ESPN Bet,1
401767608,2025,10,2025-11-01,Morehead State,Davidson,-10.5,,58.5,,ESPN Bet,1
401767609,2025,11,2025-11-08,Davidson,Presbyterian,22.5,,57.5,,ESPN Bet,1
401767610,2025,12,2025-11-15,Marist,Davidson,-14.0,,55.5,,ESPN Bet,1
401767611,2025,13,2025-11-22,Davidson,Dayton,17.5,,51.5,,ESPN Bet,1
401767613,2025,4,2025-09-20,Robert Morris,Dayton,-2.5,,41.5,,ESPN Bet,1
401767614,2025,5,2025-09-27,Dayton,Stetson,-25.5,,49.5,,ESPN Bet,1
401767615,2025,6,2025-10-04,Morehead State,Dayton,9.5,,46.5,,ESPN Bet,1
401767616,2025,7,2025-10-11,Valparaiso,Dayton,15.0,,44.5,,ESPN Bet,1
401767617,2025,9,2025-10-25,Dayton,Presbyterian,8.5,,50.5,,ESPN Bet,1
401767618,2025,10,2025-11-01,San Diego,Dayton,-3.5,,48.5,,ESPN Bet,1
401767619,2025,12,2025-11-15,Dayton,Drake,3.5,,43.5,,ESPN Bet,1
401767621,2025,6,2025-10-04,Drake,Valparaiso,-25.0,,47.5,,ESPN Bet,1
401767622,2025,7,2025-10-11,San Diego,Drake,-1.5,,,,ESPN Bet,1
401767623,2025,9,2025-10-25,Marist,Drake,12.5,,47.5,,ESPN Bet,1
401767624,2025,11,2025-11-08,Drake,St. Thomas (MN),-2.5,,47.5,,ESPN Bet,1
401767625,2025,13,2025-11-22,Drake,Morehead State,-21.5,,49.5,,ESPN Bet,1
401767626,2025,2,2025-09-06,Marist,Bucknell,12.0,,56.5,,ESPN Bet,1
401767627,2025,3,2025-09-13,Wagner,Marist,-7.5,,50.5,,ESPN Bet,1
401767628,2025,6,2025-10-04,Marist,San Diego,8.5,,51.5,,ESPN Bet,1
401767629,2025,7,2025-10-10,Pennsylvania,Marist,-16.5,,52.5,,ESPN Bet,1
401767630,2025,8,2025-10-18,Morehead State,Marist,8.5,,46.5,,ESPN Bet,1
401767631,2025,10,2025-11-01,St. Thomas (MN),Marist,-14.0,,50.5,,ESPN Bet,1
401767632,2025,11,2025-11-08,Marist,Stetson,-12.5,,47.5,,ESPN Bet,1
401767633,2025,13,2025-11-22,Presbyterian,Marist,-17.5,,49.5,,ESPN Bet,1
401767636,2025,5,2025-09-27,Presbyterian,Morehead State,-23.5,,54.5,,ESPN Bet,1
401767637,2025,7,2025-10-11,Stetson,Morehead State,7.0,,54.5,,ESPN Bet,1
401767638,2025,9,2025-10-25,Valparaiso,Morehead State,6.5,,48.5,,ESPN Bet,1
401767641,2025,8,2025-10-18,Presbyterian,Stetson,-34.5,,56.5,,ESPN Bet,1
401767642,2025,10,2025-11-01,Presbyterian,Valparaiso,-31.5,,51.5,,ESPN Bet,1
401767643,2025,12,2025-11-15,St. Thomas (MN),Presbyterian,-5.5,,47.5,,ESPN Bet,1
401767644,2025,4,2025-09-20,Princeton,San Diego,-7.5,,48.5,,ESPN Bet,1
401767645,2025,5,2025-09-27,San Diego,St. Thomas (MN),-1.0,,53.5,,ESPN Bet,1
401767646,2025,11,2025-11-08,Valparaiso,San Diego,23.5,,48.5,,ESPN Bet,1
401767647,2025,13,2025-11-22,Stetson,San Diego,22.0,,53.5,,ESPN Bet,1
401767649,2025,8,2025-10-18,St. Thomas (MN),Valparaiso,-27.5,,48.5,,ESPN Bet,1
401767650,2025,9,2025-10-25,Stetson,St. Thomas (MN),25.5,,54.5,,ESPN Bet,1
401767653,2025,4,2025-09-20,Stetson,Harvard,35.5,,56.5,,ESPN Bet,1
401767654,2025,12,2025-11-15,Valparaiso,Stetson,-2.5,,48.5,,ESPN Bet,1
401767657,2025,1,2025-08-30,Sacred Heart,Stonehill,-6.5,,45.5,,ESPN Bet,1
401767658,2025,2,2025-09-06,Lehigh,Sacred Heart,-20.0,,42.5,,ESPN Bet,1
401767659,2025,3,2025-09-13,Long Island University,Sacred Heart,-13.5,,42.5,,ESPN Bet,1
401767660,2025,6,2025-10-04,Central Connecticut,Sacred Heart,-5.5,,45.5,,ESPN Bet,1
401767661,2025,10,2025-11-01,Sacred Heart,New Haven,-15.5,,49.5,,ESPN Bet,1
401767663,2025,12,2025-11-15,Sacred Heart,Merrimack,-6.5,,45.5,,ESPN Bet,1
401767664,2025,4,2025-09-20,Bucknell,Lehigh,14.0,,54.5,,ESPN Bet,1
401767665,2025,5,2025-09-27,Bucknell,Saint Francis,-18.5,,49.5,,ESPN Bet,1
401767666,2025,6,2025-10-04,Bucknell,Richmond,5.0,,50.5,,ESPN Bet,1
401767667,2025,7,2025-10-11,Lafayette,Bucknell,-10.0,,62.5,,ESPN Bet,1
401767668,2025,9,2025-10-25,Bucknell,Georgetown,-1.5,,57.5,,ESPN Bet,1
401767669,2025,11,2025-11-08,Fordham,Bucknell,-3.5,,56.5,,ESPN Bet,1
401767670,2025,12,2025-11-15,Bucknell,Holy Cross,-2.5,,52.5,,ESPN Bet,1
401767671,2025,13,2025-11-22,Colgate,Bucknell,-9.5,,60.5,,ESPN Bet,1
401767672,2025,4,2025-09-20,Colgate,Fordham,-7.0,,59.5,,ESPN Bet,1
401767673,2025,5,2025-09-27,Fordham,Holy Cross,14.5,,45.5,,ESPN Bet,1
401767674,2025,6,2025-10-04,Lafayette,Fordham,-15.5,,55.5,,ESPN Bet,1
401767675,2025,9,2025-10-25,Fordham,Lehigh,24.5,,51.5,,ESPN Bet,1
401767676,2025,11,2025-11-08,Brown,Yale,13.5,,50.5,,ESPN Bet,1
401767677,2025,12,2025-11-15,Columbia,Brown,2.5,,47.5,,ESPN Bet,1
401767678,2025,13,2025-11-22,Brown,Dartmouth,8.0,,51.5,,ESPN Bet,1
401767679,2025,4,2025-09-19,Lafayette,Columbia,-3.5,,54.5,,ESPN Bet,1
401767681,2025,6,2025-10-03,Princeton,Columbia,-3.5,,48.5,,ESPN Bet,1
401767683,2025,8,2025-10-18,Columbia,Pennsylvania,7.5,,46.5,,ESPN Bet,1
401767685,2025,10,2025-11-01,Yale,Columbia,-21.5,,46.5,,ESPN Bet,1
401767689,2025,5,2025-09-27,Yale,Cornell,-19.5,,48.5,,ESPN Bet,1
401767690,2025,6,2025-10-04,Cornell,Colgate,1.5,,54.5,,ESPN Bet,1
401767691,2025,7,2025-10-10,Harvard,Cornell,-32.5,,58.5,,ESPN Bet,1
401767692,2025,8,2025-10-18,Cornell,Bucknell,-4.0,,60.5,,ESPN Bet,1
401767693,2025,10,2025-11-01,Cornell,Princeton,3.5,,50.5,,ESPN Bet,1
401767694,2025,11,2025-11-08,Pennsylvania,Cornell,-8.0,,50.5,,ESPN Bet,1
401767695,2025,12,2025-11-15,Dartmouth,Cornell,-10.0,,47.5,,ESPN Bet,1
401767696,2025,13,2025-11-22,Cornell,Columbia,-9.5,,43.5,,ESPN Bet,1
401767697,2025,5,2025-09-27,Central Connecticut,Dartmouth,7.5,,45.5,,ESPN Bet,1
401767698,2025,6,2025-10-04,Pennsylvania,Dartmouth,3.0,,56.5,,ESPN Bet,1
401767699,2025,7,2025-10-11,Dartmouth,Yale,-2.5,,53.5,,ESPN Bet,1
401767700,2025,8,2025-10-18,Fordham,Dartmouth,12.5,,54.5,,ESPN Bet,1
401767701,2025,9,2025-10-24,Dartmouth,Columbia,-12.5,,46.5,,ESPN Bet,1
401767702,2025,10,2025-11-01,Harvard,Dartmouth,-11.5,,48.5,,ESPN Bet,1
401767703,2025,11,2025-11-08,Dartmouth,Princeton,-10.5,,49.5,,ESPN Bet,1
401767704,2025,8,2025-10-18,Harvard,Merrimack,-27.5,,49.5,,ESPN Bet,1
401767705,2025,9,2025-10-25,Princeton,Harvard,17.5,,53.5,,ESPN Bet,1
401767706,2025,11,2025-11-07,Columbia,Harvard,29.5,,48.5,,ESPN Bet,1
401767707,2025,12,2025-11-15,Harvard,Pennsylvania,-23.0,,51.5,,ESPN Bet,1
401767708,2025,13,2025-11-22,Yale,Harvard,6.5,,50.5,,ESPN Bet,1
401767716,2025,10,2025-11-01,Richmond,Fordham,-13.5,,48.5,,ESPN Bet,1
401767717,2025,12,2025-11-15,Georgetown,Fordham,-5.5,,49.5,,ESPN Bet,1
401767718,2025,13,2025-11-22,Merrimack,Fordham,-5.5,,45.5,,ESPN Bet,1
401767719,2025,2,2025-09-06,Georgetown,Wagner,-16.0,,48.5,,ESPN Bet,1
401767720,2025,3,2025-09-13,Georgetown,Lafayette,-1.5,,53.5,,ESPN Bet,1
401767721,2025,5,2025-09-27,Columbia,Georgetown,-11.5,,50.5,,ESPN Bet,1
401767722,2025,8,2025-10-18,Georgetown,Colgate,7.0,,55.5,,ESPN Bet,1
401767723,2025,10,2025-11-01,Lehigh,Georgetown,-24.0,,47.5,,ESPN Bet,1
401767724,2025,11,2025-11-08,Georgetown,Richmond,5.5,,45.5,,ESPN Bet,1
401767725,2025,13,2025-11-22,Holy Cross,Georgetown,-5.5,,45.5,,ESPN Bet,1
401767726,2025,4,2025-09-20,Yale,Holy Cross,-6.5,,44.5,,ESPN Bet,1
401767727,2025,6,2025-10-04,Holy Cross,Harvard,14.0,,48.5,,ESPN Bet,1
401767728,2025,8,2025-10-18,Richmond,Holy Cross,-5.5,,42.5,,ESPN Bet,1
401767729,2025,9,2025-10-25,Holy Cross,Colgate,-3.0,,51.5,,ESPN Bet,1
401767730,2025,10,2025-11-01,Holy Cross,Lafayette,3.0,,49.5,,ESPN Bet,1
401767731,2025,11,2025-11-08,Lehigh,Holy Cross,-20.0,,45.5,,ESPN Bet,1
401767733,2025,3,2025-09-13,Duquesne,Lehigh,7.5,,44.5,,ESPN Bet,1
401767734,2025,5,2025-09-27,Lehigh,Pennsylvania,-9.5,,47.5,,ESPN Bet,1
401767735,2025,6,2025-10-04,Lehigh,Yale,-4.5,,50.5,,ESPN Bet,1
401767736,2025,7,2025-10-11,Columbia,Lehigh,12.5,,46.5,,ESPN Bet,1
401767737,2025,12,2025-11-15,Colgate,Lehigh,18.5,,54.5,,ESPN Bet,1
401767738,2025,13,2025-11-22,Lafayette,Lehigh,10.0,,52.5,,ESPN Bet,1
401767739,2025,7,2025-10-11,Colgate,Richmond,-1.5,,55.5,,ESPN Bet,1
401767740,2025,12,2025-11-15,Richmond,Lafayette,3.5,,49.5,,ESPN Bet,1
401767742,2025,3,2025-09-13,Central Connecticut,Saint Francis,-11.5,,44.5,,ESPN Bet,1
401767743,2025,4,2025-09-20,Merrimack,Central Connecticut,-1.5,,42.5,,ESPN Bet,1
401767744,2025,7,2025-10-11,Robert Morris,Central Connecticut,9.5,,45.5,,ESPN Bet,1
401767746,2025,10,2025-11-01,Central Connecticut,Long Island University,-5.5,,42.5,,ESPN Bet,1
401767747,2025,11,2025-11-08,Central Connecticut,Stonehill,-10.0,,41.5,,ESPN Bet,1
401767748,2025,12,2025-11-15,Duquesne,Central Connecticut,1.5,,46.5,,ESPN Bet,1
401767749,2025,13,2025-11-22,Central Connecticut,Mercyhurst,-10.5,,47.5,,ESPN Bet,1
401767751,2025,6,2025-10-04,Duquesne,Stonehill,-7.5,,49.5,,ESPN Bet,1
401767752,2025,7,2025-10-11,Duquesne,Saint Francis,-14.5,,48.5,,ESPN Bet,1
401767753,2025,8,2025-10-18,Mercyhurst,Duquesne,3.0,,51.5,,ESPN Bet,1
401767754,2025,9,2025-10-25,Wagner,Duquesne,23.5,,47.5,,ESPN Bet,1
401767755,2025,11,2025-11-08,Long Island University,Duquesne,7.0,,43.5,,ESPN Bet,1
401767756,2025,13,2025-11-22,Robert Morris,Duquesne,13.5,,42.5,,ESPN Bet,1
401767757,2025,6,2025-10-04,Mercyhurst,Long Island University,-3.5,,50.5,,ESPN Bet,1
401767758,2025,5,2025-09-27,Stonehill,Long Island University,6.0,,46.5,,ESPN Bet,1
401767759,2025,8,2025-10-18,Long Island University,Robert Morris,-9.5,,42.5,,ESPN Bet,1
401767760,2025,12,2025-11-15,Saint Francis,Long Island University,14.0,,37.5,,ESPN Bet,1
401767761,2025,13,2025-11-22,Long Island University,Wagner,-10.0,,36.5,,ESPN Bet,1
401767763,2025,6,2025-10-04,Merrimack,Robert Morris,-8.0,,44.5,,ESPN Bet,1
401767764,2025,9,2025-10-25,Saint Francis,Robert Morris,2.5,,39.5,,ESPN Bet,1
401767765,2025,10,2025-11-01,Stonehill,Robert Morris,-6.5,,40.5,,ESPN Bet,1
401767766,2025,11,2025-11-08,Robert Morris,Wagner,-2.5,,37.5,,ESPN Bet,1
401767767,2025,12,2025-11-15,Mercyhurst,Robert Morris,-4.5,,37.5,,ESPN Bet,1
401767768,2025,10,2025-11-01,Saint Francis,Wagner,6.5,,37.5,,ESPN Bet,1
401767769,2025,11,2025-11-08,Saint Francis,Mercyhurst,10.0,,43.5,,ESPN Bet,1
401767770,2025,13,2025-11-22,Stonehill,Saint Francis,-7.5,,37.5,,ESPN Bet,1
401767771,2025,2,2025-09-06,Stonehill,Lafayette,14.0,,45.5,,ESPN Bet,1
401767772,2025,4,2025-09-20,Stonehill,Pennsylvania,17.5,,49.5,,ESPN Bet,1
401767773,2025,8,2025-10-18,Yale,Stonehill,-21.5,,44.5,,ESPN Bet,1
401767774,2025,9,2025-10-25,Mercyhurst,Stonehill,-7.5,,44.5,,ESPN Bet,1
401767775,2025,12,2025-11-15,Wagner,Stonehill,-1.0,,38.5,,ESPN Bet,1
401767776,2025,7,2025-10-11,Wagner,Mercyhurst,6.0,,46.5,,ESPN Bet,1
401769068,2025,10,2025-11-01,Colgate,Merrimack,-7.0,,47.5,,ESPN Bet,1
401769849,2025,11,2025-11-08,Lafayette,Colgate,-6.5,,58.5,,ESPN Bet,1
401769866,2025,5,2025-09-27,Lafayette,Princeton,-7.0,,60.5,,ESPN Bet,1
401769868,2025,2,2025-09-06,Nicholls,West Georgia,-6.5,,44.5,,ESPN Bet,1
401777324,2025,15,2025-12-05,Tulane,North Texas,1.0,3.0,66.5,66.0,Bovada,4
401777325,2025,15,2025-12-05,Jacksonville State,Kennesaw State,3.0,-1.0,62.5,57.5,Bovada,4
401777326,2025,15,2025-12-05,Boise State,UNLV,-6.0,-3.0,60.0,57.5,Bovada,4
401777327,2025,15,2025-12-06,Texas Tech,BYU,-12.5,-12.5,49.0,50.5,Bovada,4
401777328,2025,15,2025-12-06,Virginia,Duke,-3.5,-2.5,58.5,57.5,Bovada,4
401777329,2025,15,2025-12-06,Western Michigan,Miami (OH),-2.0,-2.5,44.0,43.5,Bovada,4
401777351,2025,15,2025-12-06,Alabama,Georgia,1.5,1.5,48.5,47.5,Bovada,4
401777352,2025,15,2025-12-05,James Madison,Troy,-24.5,-21.5,47.5,47.5,Bovada,4
401777353,2025,15,2025-12-06,Ohio State,Indiana,-3.5,-5.5,46.0,48.5,Bovada,4
401779328,2025,5,2025-09-27,Duquesne,New Haven,-18.0,,54.5,,ESPN Bet,1
401779329,2025,1,2025-08-29,Marist,New Haven,3.5,,48.5,,ESPN Bet,1
401779510,2025,9,2025-10-25,Long Island University,New Haven,-10.0,,46.5,,ESPN Bet,1
401779511,2025,2,2025-09-06,Mercyhurst,New Haven,-12.5,,52.5,,ESPN Bet,1
401783278,2025,3,2025-09-13,UAlbany,New Haven,-19.5,,45.5,,ESPN Bet,1
401783279,2025,11,2025-11-08,New Haven,Merrimack,9.5,,44.5,,ESPN Bet,1
401788996,2025,13,2025-11-22,Pennsylvania,Princeton,-3.5,,50.5,,ESPN Bet,1
401788997,2025,9,2025-10-25,Yale,Pennsylvania,-6.5,,53.5,,ESPN Bet,1
401788998,2025,12,2025-11-15,Princeton,Yale,8.5,,51.5,,ESPN Bet,1
401833969,2025,14,2025-11-29,Abilene Christian,Lamar,-12.5,,45.5,,ESPN Bet,1
401833975,2025,14,2025-11-29,Youngstown State,Yale,-4.5,,61.5,,ESPN Bet,1
401833985,2025,16,2025-12-12,Montana State,Stephen F. Austin,-15.5,,56.5,,median,1
401833986,2025,16,2025-12-13,Tarleton State,Villanova,-14.5,,54.5,,median,1
401833987,2025,16,2025-12-13,Montana,South Dakota,-7.5,,59.5,,median,1
401836055,2025,14,2025-11-29,Villanova,Harvard,2.0,,53.5,,ESPN Bet,1
401836095,2025,14,2025-11-29,SE Louisiana,Illinois State,-2.5,,54.5,,ESPN Bet,1
401836102,2025,14,2025-11-29,Rhode Island,Central Connecticut,-19.5,,52.5,,ESPN Bet,1
401836115,2025,14,2025-11-29,Tennessee Tech,North Dakota,2.0,,48.5,,ESPN Bet,1
401836116,2025,14,2025-11-29,South Dakota State,New Hampshire,-11.0,,43.5,,ESPN Bet,1
401836195,2025,14,2025-11-29,South Dakota,Drake,-21.0,,46.5,,ESPN Bet,1
401836219,2025,16,2025-12-13,UC Davis,Illinois State,-3.0,,57.5,,median,1
401769070,2025,1,2025-12-31,Ohio State,Miami,-8.0,-9.0,40.0,41.5,Bovada,3
401769071,2025,1,2026-01-01,Texas Tech,Oregon,-1.0,1.5,51.0,52.5,Bovada,3
401769072,2025,1,2026-01-01,Indiana,Alabama,-7.5,-7.0,46.5,48.0,Bovada,3
401769073,2025,1,2026-01-01,Georgia,Ole Miss,-6.0,-6.5,54.0,56.0,Bovada,3
401769074,2025,1,2026-01-09,Indiana,Oregon,-3.0,-3.5,50.0,46.5,Bovada,3
401769075,2025,1,2026-01-08,Ole Miss,Miami,3.0,3.0,53.0,52.0,Bovada,3
401769076,2025,1,2026-01-19,Indiana,Miami,-7.0,-8.0,47.0,48.5,Bovada,3
401778123,2025,1,2025-12-13,Prairie View A&M,South Carolina State,-3.0,,53.5,,median,1
401778302,2025,1,2025-12-13,Washington,Boise State,-9.5,-8.5,55.5,51.5,Bovada,3
401778303,2025,1,2025-12-16,Jacksonville State,Troy,-3.0,4.0,47.5,46.5,Bovada,3
401778304,2025,1,2025-12-17,South Florida,Old Dominion,-3.0,-6.0,54.0,55.5,Bovada,3
401778305,2025,1,2025-12-17,Delaware,Louisiana,1.5,3.0,60.5,58.0,Bovada,3
401778306,2025,1,2025-12-19,Western Michigan,Kennesaw State,-3.0,-4.0,47.0,49.5,Bovada,3
401778307,2025,1,2025-12-19,NC State,Memphis,-6.0,-5.5,56.5,58.5,Bovada,3
401778308,2025,1,2025-12-22,Utah State,Washington State,-1.0,-4.0,50.0,52.5,Bovada,3
401778309,2025,1,2025-12-23,Louisville,Toledo,-8.5,-8.0,44.5,45.5,Bovada,3
401778310,2025,1,2025-12-23,Southern Miss,Western Kentucky,-3.0,4.0,59.0,55.5,Bovada,3
401778311,2025,1,2025-12-23,Ohio,UNLV,6.0,4.0,64.5,62.5,Bovada,3
401778312,2025,1,2025-12-24,Hawai'i,California,-1.5,3.0,54.5,55.5,Bovada,3
401778313,2025,1,2025-12-26,Northwestern,Central Michigan,-12.0,-12.5,43.0,43.5,Bovada,3
401778314,2025,1,2025-12-26,Minnesota,New Mexico,-2.0,-3.0,44.5,47.5,Bovada,3
401778315,2025,1,2025-12-26,UTSA,Florida International,-7.0,-8.5,62.5,59.0,Bovada,3
401778316,2025,1,2025-12-27,East Carolina,Pittsburgh,6.0,6.0,59.0,58.5,Bovada,3
401778317,2025,1,2025-12-27,Clemson,Penn State,-2.5,-3.0,47.5,48.5,Bovada,3
401778318,2025,1,2025-12-27,Army,UConn,-5.5,-3.0,41.5,50.5,Bovada,3
401778319,2025,1,2025-12-27,BYU,Georgia Tech,-3.5,-3.0,55.0,56.0,Bovada,3
401778320,2025,1,2025-12-27,Fresno State,Miami (OH),-5.0,-3.5,41.0,42.0,Bovada,3
401778321,2025,1,2025-12-27,San Diego State,North Texas,3.0,3.0,54.5,56.0,Bovada,3
401778322,2025,1,2025-12-27,Missouri,Virginia,-4.0,-7.0,43.5,48.5,Bovada,3
401778323,2025,1,2025-12-27,Houston,LSU,-1.0,-3.0,44.0,41.5,Bovada,3
401778324,2025,1,2025-12-29,App State,Georgia Southern,10.0,2.0,58.0,59.5,Bovada,3
401778325,2025,1,2025-12-30,Louisiana Tech,Coastal Carolina,-10.0,-7.0,51.0,50.5,Bovada,3
401778326,2025,1,2025-12-30,Illinois,Tennessee,2.5,5.5,62.0,61.5,Bovada,3
401778327,2025,1,2025-12-30,TCU,USC,4.5,6.0,56.5,59.5,Bovada,3
401778328,2025,1,2025-12-31,Vanderbilt,Iowa,-3.0,-5.0,47.0,49.0,Bovada,3
401778329,2025,1,2025-12-31,Duke,Arizona State,-2.0,-1.5,49.5,49.5,Bovada,3
401778330,2025,1,2025-12-31,Texas,Michigan,-7.0,-5.5,50.0,46.0,Bovada,3
401778331,2025,1,2025-12-31,Utah,Nebraska,-14.0,-14.5,51.0,49.5,Bovada,3
401778332,2025,1,2026-01-02,Texas State,Rice,-19.5,-10.5,55.5,59.5,Bovada,3
401778333,2025,1,2026-01-02,Cincinnati,Navy,4.0,-1.5,57.5,55.5,Bovada,3
401778334,2025,1,2026-01-02,Mississippi State,Wake Forest,-2.5,-3.0,52.5,56.5,Bovada,3
401779840,2025,1,2025-12-19,Oklahoma,Alabama,-1.5,1.0,42.0,41.0,Bovada,3
401779841,2025,1,2025-12-20,Texas A&M,Miami,-3.0,-4.5,48.5,50.5,Bovada,3
401779842,2025,1,2025-12-20,Ole Miss,Tulane,-17.5,-17.0,57.5,57.0,Bovada,3
401779843,2025,1,2025-12-20,Oregon,James Madison,-22.5,-21.0,47.5,50.0,Bovada,3
401831583,2025,1,2026-01-02,SMU,Arizona,-2.5,3.0,55.0,52.5,Bovada,3
401833680,2025,1,2026-01-05,Montana State,Illinois State,-10.5,,58.5,,median,1
401833989,2025,1,2025-12-20,Montana State,Montana,-4.5,-4.5,55.5,55.5,Bovada,2
401833990,2025,1,2025-12-20,Villanova,Illinois State,-1.5,,51.5,,median,1
401838053,2025,1,2025-12-18,Arkansas State,Missouri State,-1.5,-2.5,55.0,56.5,Bovada,3
401856634,2026,1,2026-09-05,Alabama,East Carolina,-28.0,-25.5,52.5,53.5,Bovada,2
401856635,2026,1,2026-09-05,Arkansas,North Alabama,-40.5,-40.5,63.5,63.5,DraftKings,1
401856636,2026,1,2026-09-05,Auburn,Baylor,-7.5,-7.5,59.5,58.5,Bovada,2
401856637,2026,1,2026-09-05,Florida,Florida Atlantic,-26.5,-25.5,59.5,56.5,Bovada,2
401856658,2026,1,2026-09-05,Georgia,Tennessee State,-47.5,-46.5,54.5,56.5,DraftKings,1
401856659,2026,1,2026-09-05,Kentucky,Youngstown State,-22.5,-23.5,62.5,62.5,DraftKings,1
401856660,2026,1,2026-09-05,LSU,Clemson,-10.0,-11.5,50.5,51.5,Bovada,2
401856661,2026,1,2026-09-06,Ole Miss,Louisville,-7.0,-8.5,55.0,52.5,Bovada,2
401856662,2026,1,2026-09-05,Mississippi State,UL Monroe,-28.5,-28.5,55.0,55.5,Bovada,2
401856663,2026,1,2026-09-03,Missouri,Arkansas-Pine Bluff,-55.5,-54.5,62.5,60.5,DraftKings,2
401856664,2026,1,2026-09-04,Oklahoma,UTEP,-41.5,-40.5,51.5,50.5,Bovada,2
401856665,2026,1,2026-09-05,South Carolina,Kent State,-36.5,-34.5,53.5,52.5,Bovada,2
401856666,2026,1,2026-09-05,Tennessee,Furman,-48.5,-46.5,66.5,66.5,DraftKings,1
401856667,2026,1,2026-09-05,Texas,Texas State,-29.5,-30.5,60.0,59.5,Bovada,2
401856668,2026,1,2026-09-05,Texas A&M,Missouri State,-40.5,-38.5,53.5,52.5,Bovada,2
401856669,2026,1,2026-09-05,Vanderbilt,Austin Peay,-28.5,-30.5,60.5,61.5,DraftKings,1
401856670,2026,2,2026-09-12,Utah,Arkansas,-9.5,-9.5,56.5,54.5,DraftKings,1
401856673,2026,2,2026-09-12,Georgia,Western Kentucky,-35.5,-35.5,52.5,52.5,DraftKings,1
401856674,2026,2,2026-09-12,Kentucky,Alabama,10.5,10.5,48.5,,DraftKings,1
401856677,2026,2,2026-09-12,Minnesota,Mississippi State,-2.5,-2.5,53.5,,DraftKings,1
401856678,2026,2,2026-09-11,Kansas,Missouri,6.5,7.0,51.5,52.5,DraftKings,1
401856679,2026,2,2026-09-12,Michigan,Oklahoma,-2.5,-1.5,45.5,45.5,Bovada,2
401856681,2026,2,2026-09-12,Georgia Tech,Tennessee,10.5,8.5,56.5,,DraftKings,1
401856682,2026,2,2026-09-12,Texas,Ohio State,-1.5,-2.5,47.5,47.5,Bovada,2
401856683,2026,2,2026-09-12,Texas A&M,Arizona State,-14.5,-14.5,50.5,51.5,DraftKings,1
401856684,2026,2,2026-09-12,Vanderbilt,Delaware,-21.5,-21.5,55.5,55.5,DraftKings,1
401856685,2026,3,2026-09-19,Alabama,Florida State,-15.5,-15.5,52.5,52.5,DraftKings,1
401856687,2026,3,2026-09-19,Auburn,Florida,1.5,-1.5,53.5,53.5,DraftKings,1
401856688,2026,3,2026-09-19,Ole Miss,LSU,-1.5,-1.5,57.5,57.5,DraftKings,1
401856700,2026,4,2026-09-26,Georgia,Oklahoma,-10.0,-10.0,52.5,52.5,DraftKings,1
401856702,2026,4,2026-09-26,LSU,Texas A&M,-3.0,-3.0,56.5,57.5,DraftKings,1
401856704,2026,4,2026-09-26,Tennessee,Texas,6.5,6.5,56.5,56.5,DraftKings,1
401856712,2026,6,2026-10-10,Alabama,Georgia,3.0,3.0,50.5,50.5,DraftKings,1
401856717,2026,6,2026-10-10,Oklahoma,Texas,6.0,6.0,48.5,48.5,DraftKings,1
401856719,2026,7,2026-10-17,Georgia,Auburn,-16.5,-16.5,54.5,54.5,DraftKings,1
401856723,2026,7,2026-10-17,Tennessee,Alabama,1.5,1.5,56.5,56.5,DraftKings,1
401856727,2026,8,2026-10-24,Alabama,Texas A&M,-2.5,-2.5,54.5,54.5,DraftKings,1
401856732,2026,8,2026-10-24,Texas,Ole Miss,-8.5,-8.5,54.5,54.5,DraftKings,1
401856734,2026,9,2026-10-31,Georgia,Florida,-12.5,-12.5,53.5,53.5,DraftKings,1
401856740,2026,10,2026-11-07,LSU,Alabama,-3.5,-3.5,54.5,54.5,DraftKings,1
401856741,2026,10,2026-11-07,Ole Miss,Georgia,4.5,4.5,55.5,55.5,DraftKings,1
401856752,2026,12,2026-11-21,Oklahoma,Texas A&M,-2.5,-2.5,51.5,51.5,DraftKings,1
401856754,2026,12,2026-11-21,Tennessee,LSU,1.5,1.5,57.5,57.5,DraftKings,1
401856756,2026,13,2026-11-27,Texas A&M,Texas,2.5,2.5,53.5,53.5,DraftKings,1
401856757,2026,13,2026-11-28,Alabama,Auburn,-10.0,-10.0,52.5,53.5,DraftKings,1
401856759,2026,13,2026-11-27,Florida State,Florida,4.5,4.5,52.5,52.5,DraftKings,1
401856762,2026,13,2026-11-27,Ole Miss,Mississippi State,-14.5,-14.5,57.5,56.5,DraftKings,1
401856764,2026,13,2026-11-28,Clemson,South Carolina,-3.0,-3.0,53.5,53.5,DraftKings,1
401856765,2026,13,2026-11-28,Vanderbilt,Tennessee,3.0,3.0,57.5,57.5,DraftKings,1
401856766,2026,1,2026-08-29,TCU,North Carolina,-7.5,-7.5,46.0,50.5,Bovada,3
401856767,2026,1,2026-09-03,UCF,Bethune-Cookman,-43.5,-41.5,58.5,,DraftKings,2
401856768,2026,1,2026-09-03,Utah,Idaho,-37.5,-32.5,60.5,56.5,DraftKings,2
401856769,2026,1,2026-09-04,Kansas,Long Island University,-42.0,-42.0,54.5,54.5,Bovada,2
401856770,2026,1,2026-09-05,Texas Tech,Abilene Christian,-42.5,-42.5,59.5,59.5,DraftKings,1
401856771,2026,1,2026-09-05,Kansas State,Nicholls,-40.5,-40.5,54.5,55.5,DraftKings,1
401856772,2026,1,2026-09-05,Tulsa,Oklahoma State,13.5,11.5,59.0,61.5,Bovada,2
401856773,2026,1,2026-09-05,Arizona,Northern Arizona,-31.5,-31.5,58.5,56.5,DraftKings,1
401856774,2026,1,2026-09-05,Arizona State,Morgan State,-44.5,-41.5,52.5,52.5,DraftKings,1
401856775,2026,1,2026-09-05,BYU,Utah Tech,-51.5,-47.5,61.5,54.5,DraftKings,1
401856776,2026,1,2026-09-03,Georgia Tech,Colorado,-6.5,-7.0,52.5,51.5,Bovada,3
401856777,2026,1,2026-09-05,Cincinnati,Boston College,-7.5,-9.5,50.0,54.5,Bovada,2
401856778,2026,1,2026-09-05,Houston,Oregon State,-21.0,-18.5,49.5,51.5,Bovada,2
401856779,2026,1,2026-09-05,Iowa State,Southeast Missouri State,-30.5,-29.5,53.5,53.5,DraftKings,1
401856780,2026,1,2026-09-05,West Virginia,Coastal Carolina,-21.0,-17.5,56.0,57.5,Bovada,2
401856781,2026,2,2026-09-12,Kansas State,Washington State,-16.5,-16.5,51.5,51.5,DraftKings,1
401856782,2026,2,2026-09-12,Oklahoma State,Oregon,18.5,18.5,60.5,60.5,DraftKings,1
401856783,2026,2,2026-09-12,Oregon State,Texas Tech,27.5,27.5,49.5,49.5,DraftKings,1
401856788,2026,2,2026-09-12,Iowa,Iowa State,-12.5,-11.5,41.5,41.5,DraftKings,1
401856790,2026,2,2026-09-12,Pittsburgh,UCF,-8.5,-8.5,51.5,51.5,DraftKings,1
401856809,2026,7,2026-10-17,BYU,Notre Dame,10.0,10.0,54.5,54.5,DraftKings,1
401856810,2026,2,2026-09-12,BYU,Arizona,-7.0,-6.5,51.5,,DraftKings,1
401856811,2026,3,2026-09-18,Texas Tech,Houston,-13.5,-13.5,,,DraftKings,1
401856830,2026,7,2026-10-17,Kansas State,Kansas,-7.5,-7.5,54.5,54.5,DraftKings,1
401856837,2026,8,2026-10-24,Utah,Houston,-6.5,-6.5,50.5,50.5,DraftKings,1
401856849,2026,10,2026-11-07,Utah,BYU,-3.0,-3.0,51.5,51.5,DraftKings,1
401856863,2026,11,2026-11-14,Oklahoma State,Texas Tech,15.5,15.5,61.5,61.5,DraftKings,1
401856873,2026,13,2026-11-28,Arizona,Arizona State,-4.5,-4.5,52.5,52.5,DraftKings,1
401856879,2026,13,2026-11-26,Texas Tech,TCU,-16.5,-16.5,55.5,55.5,DraftKings,1
401856885,2026,11,2026-11-14,LSU,Texas,2.5,2.5,54.5,54.5,DraftKings,1
401856887,2026,11,2026-11-14,Oklahoma,Ole Miss,-4.0,-4.0,53.5,53.5,DraftKings,1
401856888,2026,11,2026-11-14,Texas A&M,Tennessee,-8.5,-8.5,55.5,55.5,DraftKings,1
401858201,2026,1,2026-08-29,Stanford,Hawai'i,-5.0,-3.0,48.5,50.5,Bovada,3
401858202,2026,1,2026-08-29,Virginia,NC State,-4.0,-3.5,50.5,54.5,Bovada,3
401858204,2026,1,2026-09-03,Wake Forest,Akron,-27.5,-22.5,50.5,49.5,Bovada,3
401858206,2026,1,2026-09-04,Stanford,Miami,23.5,21.5,48.0,48.5,Bovada,2
401858207,2026,1,2026-09-05,Pittsburgh,Miami (OH),-16.0,-16.5,47.0,50.5,Bovada,2
401858208,2026,1,2026-09-05,Syracuse,New Hampshire,-34.5,-32.5,55.5,55.5,DraftKings,1
401858209,2026,1,2026-09-05,Duke,Tulane,-7.5,-8.5,50.5,53.5,Bovada,2
401858210,2026,1,2026-09-05,California,UCLA,2.5,-3.5,53.5,53.5,Bovada,2
401858211,2026,1,2026-09-05,Virginia Tech,VMI,-55.5,-50.5,62.5,57.5,DraftKings,1
401858212,2026,1,2026-09-07,Florida State,SMU,3.0,2.5,53.0,52.5,Bovada,2
401858216,2026,2,2026-09-12,Syracuse,California,1.5,1.5,52.5,52.5,DraftKings,1
401858217,2026,2,2026-09-12,Illinois,Duke,-8.5,-8.5,56.5,,DraftKings,1
401858221,2026,2,2026-09-12,Virginia Tech,Old Dominion,-14.5,-14.0,51.5,,DraftKings,1
401858224,2026,2,2026-09-12,Purdue,Wake Forest,3.5,3.5,49.5,49.5,DraftKings,1
401858230,2026,3,2026-09-19,Louisville,SMU,-1.5,-1.5,56.5,56.5,DraftKings,1
401858249,2026,5,2026-10-03,Clemson,Miami,7.0,7.0,55.5,55.5,DraftKings,1
401858250,2026,5,2026-10-03,North Carolina,Notre Dame,23.5,23.5,55.5,55.5,DraftKings,1
401858263,2026,7,2026-10-17,Miami,Florida State,-16.5,-16.5,53.5,53.5,DraftKings,1
401858266,2026,7,2026-10-17,Duke,North Carolina,-4.5,-4.5,54.5,54.5,DraftKings,1
401858271,2026,8,2026-10-23,Virginia,Duke,-6.5,-6.5,53.5,53.5,DraftKings,1
401858280,2026,9,2026-10-31,Florida State,Clemson,1.5,1.5,51.5,51.5,DraftKings,1
401858291,2026,10,2026-11-07,Notre Dame,Miami,-6.5,-6.5,54.5,54.5,DraftKings,1
401858296,2026,11,2026-11-14,Miami,Duke,-21.0,-21.0,55.5,55.5,DraftKings,1
401858302,2026,12,2026-11-21,Miami,Virginia Tech,-16.5,-16.5,56.5,56.5,DraftKings,1
401858307,2026,12,2026-11-21,Notre Dame,SMU,-17.5,-17.5,56.5,56.5,DraftKings,1
401858313,2026,13,2026-11-28,North Carolina,NC State,1.5,1.5,55.5,55.5,DraftKings,1
401858317,2026,13,2026-11-28,Virginia Tech,Virginia,-1.5,-1.5,53.5,53.5,DraftKings,1
401858422,2026,1,2026-09-03,Minnesota,Eastern Illinois,-42.5,-43.5,52.5,,DraftKings,2
401858423,2026,1,2026-09-03,Rutgers,Massachusetts,-29.0,-30.5,54.5,54.5,Bovada,3
401858424,2026,1,2026-09-03,Illinois,UAB,-26.5,-27.5,54.5,56.5,Bovada,3
401858425,2026,1,2026-09-05,Indiana,North Texas,-41.0,-40.5,57.0,55.5,Bovada,2
401858426,2026,1,2026-09-05,Iowa,Northern Illinois,-32.0,-29.5,44.5,43.5,Bovada,2
401858427,2026,1,2026-09-05,Maryland,Hampton,-45.5,-45.5,55.5,56.5,DraftKings,1
401858428,2026,1,2026-09-05,Michigan,Western Michigan,-27.5,-26.5,49.5,47.5,Bovada,2
401858429,2026,1,2026-09-04,Michigan State,Toledo,-10.5,-10.5,47.5,49.5,Bovada,2
401858430,2026,1,2026-09-05,Nebraska,Ohio,-23.5,-23.5,46.0,47.5,Bovada,2
401858431,2026,1,2026-09-05,Northwestern,South Dakota State,-12.5,-12.5,46.5,46.5,DraftKings,1
401858432,2026,1,2026-09-05,Ohio State,Ball State,-51.0,-50.5,56.5,56.5,Bovada,2
401858433,2026,1,2026-09-05,Oregon,Boise State,-25.0,-24.5,51.5,53.5,Bovada,2
401858434,2026,1,2026-09-05,Penn State,Marshall,-23.5,-23.5,52.0,54.5,Bovada,2
401858435,2026,1,2026-09-04,Purdue,Indiana State,-35.5,-35.5,56.0,56.0,Bovada,2
401858436,2026,1,2026-09-04,USC,Fresno State,-21.5,-23.0,51.5,51.5,Bovada,2
401858437,2026,1,2026-09-06,Washington,Washington State,-23.0,-21.5,51.0,50.5,Bovada,2
401858438,2026,1,2026-09-06,Notre Dame,Wisconsin,-20.5,-16.5,46.5,46.5,Bovada,2
401858440,2026,2,2026-09-12,Michigan State,Eastern Michigan,-15.5,-15.5,51.5,51.5,DraftKings,1
401858441,2026,2,2026-09-12,Nebraska,Bowling Green,-25.5,-25.5,48.5,48.5,DraftKings,1
401858442,2026,2,2026-09-12,Temple,Penn State,21.5,21.5,51.5,51.5,DraftKings,1
401858443,2026,2,2026-09-12,UCLA,San Diego State,-10.0,-8.5,48.5,,DraftKings,1
401858444,2026,2,2026-09-12,UConn,Maryland,12.5,12.5,53.5,53.5,DraftKings,1
401858446,2026,2,2026-09-12,Washington,Utah State,-24.5,-24.5,56.5,56.5,DraftKings,1
401858469,2026,4,2026-09-26,USC,Oregon,5.5,5.5,58.5,58.5,DraftKings,1
401858485,2026,6,2026-10-10,Penn State,USC,-1.5,-1.5,56.5,56.5,DraftKings,1
401858488,2026,7,2026-10-17,Indiana,Ohio State,-1.5,1.5,48.5,48.5,DraftKings,1
401858490,2026,7,2026-10-17,Michigan,Penn State,-6.5,-6.5,51.5,51.5,DraftKings,1
401858492,2026,7,2026-10-17,Oregon,Nebraska,-21.5,-21.5,51.5,51.5,DraftKings,1
401858496,2026,8,2026-10-24,Michigan,Indiana,6.0,6.0,52.5,52.5,DraftKings,1
401858509,2026,9,2026-10-31,USC,Ohio State,7.5,7.5,54.5,54.5,DraftKings,1
401858511,2026,10,2026-11-07,Michigan,Michigan State,-16.5,-16.5,50.5,50.5,DraftKings,1
401858514,2026,10,2026-11-07,Ohio State,Oregon,-6.0,-6.0,52.5,52.5,DraftKings,1
401858518,2026,11,2026-11-14,Indiana,USC,-10.0,-10.0,58.5,58.5,DraftKings,1
401858523,2026,11,2026-11-14,Oregon,Michigan,-13.5,-13.5,53.5,53.5,DraftKings,1
401858537,2026,13,2026-11-28,Northwestern,Illinois,3.5,3.5,52.5,52.5,DraftKings,1
401858540,2026,13,2026-11-28,Ohio State,Michigan,-13.5,-13.5,46.5,46.5,DraftKings,1
401858541,2026,13,2026-11-28,Oregon,Washington,-15.5,-15.5,54.5,54.5,DraftKings,1
401858543,2026,13,2026-11-28,UCLA,USC,10.5,10.5,55.5,55.5,DraftKings,1
401860878,2026,1,2026-09-05,Colorado State,Wyoming,-3.0,-4.0,46.5,47.5,Bovada,2
401860879,2026,1,2026-09-05,San Diego State,Portland State,-40.5,-38.5,61.5,57.5,DraftKings,1
401860880,2026,1,2026-09-05,Utah State,Idaho State,-14.0,-11.5,62.5,64.5,DraftKings,1
401860881,2026,2,2026-09-12,Boise State,Memphis,-6.5,-6.5,52.5,,DraftKings,1
401860884,2026,2,2026-09-12,Texas State,UTSA,-1.5,-1.5,64.5,,DraftKings,1
401861962,2026,1,2026-09-05,UConn,Lafayette,-19.5,-19.5,51.5,58.5,DraftKings,1
401862693,2026,1,2026-08-29,UNLV,Memphis,-5.0,-3.0,55.5,60.5,Bovada,3
401862694,2026,1,2026-09-05,Charlotte,The Citadel,-20.5,-15.5,46.5,46.5,DraftKings,1
401862695,2026,1,2026-09-05,Memphis,Arkansas State,-10.5,-10.5,51.5,55.5,Bovada,2
401862696,2026,1,2026-09-05,Navy,Towson,-30.5,-30.5,50.5,53.5,DraftKings,1
401862697,2026,1,2026-09-05,Rice,Houston Christian,-22.5,-24.5,47.5,47.5,DraftKings,1
401862698,2026,1,2026-09-05,Temple,Rhode Island,-14.5,-10.0,51.5,51.5,DraftKings,1
401862699,2026,1,2026-09-05,South Florida,Florida International,-14.5,-12.5,52.0,54.5,Bovada,2
401862700,2026,1,2026-09-05,UTSA,UT Rio Grande Valley,-28.5,-28.5,59.5,59.5,DraftKings,1
401862701,2026,1,2026-09-05,Army,Bryant,-36.5,-36.5,50.5,,DraftKings,1
401862702,2026,2,2026-09-12,Army,South Florida,-1.5,-1.5,52.5,52.5,DraftKings,1
401862705,2026,2,2026-09-12,North Texas,UNLV,6.5,6.5,61.5,61.5,DraftKings,1
401862707,2026,2,2026-09-12,Sam Houston,Tulsa,10.5,10.5,53.5,53.5,DraftKings,1
401862708,2026,2,2026-09-12,UAB,UL Monroe,-7.5,-7.5,54.5,54.5,DraftKings,1
401862844,2026,15,2026-12-12,Army,Navy,2.5,2.5,37.5,37.5,DraftKings,1
401864424,2026,1,2026-09-03,Delaware,Merrimack,-31.5,-28.5,56.5,55.5,DraftKings,2
401864425,2026,1,2026-09-03,Kennesaw State,West Georgia,-22.5,-22.5,50.5,51.5,DraftKings,2
401864432,2026,1,2026-09-05,Nevada,Western Kentucky,1.0,4.0,52.5,53.5,Bovada,2
401864494,2026,1,2026-08-29,USC,San José State,-37.0,-35.5,60.5,57.5,Bovada,3
401864495,2026,1,2026-09-04,Eastern Michigan,San José State,-3.0,-3.5,56.0,53.5,Bovada,2
401864496,2026,1,2026-09-05,Air Force,Duquesne,-29.5,-30.5,57.5,58.5,DraftKings,1
401864497,2026,1,2026-09-05,Hawai'i,UNLV,3.0,1.5,55.5,58.5,Bovada,2
401864498,2026,1,2026-09-05,New Mexico,Central Michigan,-10.0,-12.5,46.5,49.0,Bovada,2
401864499,2026,1,2026-09-05,North Dakota State,Fordham,-41.5,-39.5,56.5,57.5,DraftKings,1
401864570,2026,1,2026-08-29,Florida State,New Mexico State,-31.0,-29.5,53.5,53.5,Bovada,3
401864571,2026,2,2026-09-12,East Carolina,App State,-11.5,-11.5,56.5,56.5,DraftKings,1
401864577,2026,1,2026-08-29,North Dakota State,Jacksonville State,-7.0,-10.0,46.5,48.5,Bovada,3
401866408,2026,1,2026-08-29,Eastern Michigan,Sacramento State,-9.0,-8.5,53.0,52.5,Bovada,3
401866409,2026,1,2026-09-03,Buffalo,UAlbany,-18.5,-24.5,47.5,48.5,DraftKings,2
401866410,2026,1,2026-09-05,Bowling Green,Tarleton State,-2.5,-2.5,48.5,47.5,DraftKings,1
401866411,2026,1,2026-09-05,Sacramento State,Mississippi Valley State,-37.5,-35.5,56.5,56.5,DraftKings,1
401866418,2026,2,2026-09-12,Ohio,Jacksonville State,-2.5,-2.5,48.5,48.5,DraftKings,1
401866532,2026,1,2026-08-27,Towson,Maine,-2.5,,46.5,,median,1
401866615,2026,1,2026-08-27,Delaware State,Stony Brook,4.5,,50.5,,median,1
401866616,2026,1,2026-08-28,UAlbany,New Hampshire,10.0,11.5,46.5,45.5,DraftKings,2
401866617,2026,1,2026-08-28,Merrimack,Rhode Island,20.5,20.5,47.5,53.5,DraftKings,2
401866618,2026,1,2026-08-29,North Carolina A&T,Morgan State,7.0,8.5,49.5,50.5,DraftKings,2
401866619,2026,1,2026-08-29,Stonehill,Bryant,4.5,4.5,45.5,44.5,DraftKings,2
401866620,2026,1,2026-08-29,East Tennessee State,Campbell,-7.0,-7.0,56.5,55.5,DraftKings,2
401866621,2026,1,2026-08-29,Tennessee Tech,Monmouth,-8.5,-8.5,58.5,58.5,DraftKings,2
401866622,2026,1,2026-09-03,Stony Brook,Lindenwood,-4.0,-4.0,50.5,50.5,DraftKings,2
401866623,2026,1,2026-09-04,Georgia State,North Carolina A&T,-28.0,-28.0,61.0,61.0,Bovada,2
401866624,2026,1,2026-09-05,Monmouth,Sacred Heart,-15.5,-15.5,58.5,58.5,DraftKings,1
401866625,2026,1,2026-09-05,Campbell,Western Carolina,4.0,4.0,67.5,67.5,DraftKings,1
401866626,2026,1,2026-09-05,Davidson,Elon,32.5,31.5,58.5,57.5,DraftKings,1
401866627,2026,1,2026-09-05,App State,Maine,-19.5,-17.5,53.5,53.5,DraftKings,1
401867684,2026,1,2026-09-05,UT Martin,Chicago State,-44.5,-44.5,61.5,61.5,DraftKings,1
401867692,2026,1,2026-09-05,William & Mary,Delaware State,-10.0,-10.0,56.5,56.5,DraftKings,1
401867845,2026,1,2026-09-05,Western Illinois,Illinois State,23.5,23.5,59.5,59.5,DraftKings,1
401867855,2026,1,2026-08-29,Indiana State,Southeast Missouri State,-2.5,-2.5,52.5,52.5,DraftKings,2
401867865,2026,1,2026-08-27,Murray State,Eastern Illinois,-4.5,,49.5,,median,1
401867866,2026,1,2026-09-05,Middle Tennessee,Murray State,-20.5,-20.5,57.5,59.5,DraftKings,1
401867874,2026,1,2026-08-27,North Dakota,Long Island University,-27.5,,44.5,,median,1
401867875,2026,1,2026-09-05,North Dakota,St. Thomas (MN),-27.5,-27.5,52.5,52.5,DraftKings,1
401867882,2026,1,2026-08-29,South Dakota,Central Connecticut,-21.5,-22.5,49.5,53.5,DraftKings,2
401867883,2026,1,2026-09-05,Northern Colorado,South Dakota,20.5,20.5,56.5,56.5,DraftKings,1
401867889,2026,1,2026-09-03,Samford,Southern Illinois,20.5,24.5,54.5,49.5,DraftKings,2
401867894,2026,1,2026-08-27,Youngstown State,Mercyhurst,-30.5,,57.5,,median,1
401867916,2026,1,2026-08-29,Wagner,Robert Morris,-5.5,-5.5,40.5,39.5,DraftKings,2
401867924,2026,1,2026-09-05,New Haven,Stonehill,-7.0,-7.0,41.5,41.5,DraftKings,1
401867935,2026,1,2026-08-29,Howard,Alabama A&M,-1.5,-2.5,46.5,46.5,DraftKings,2
401867939,2026,1,2026-09-06,Florida A&M,South Carolina State,17.5,17.5,,,DraftKings,1
401867973,2026,1,2026-09-05,Old Dominion,Norfolk State,-40.5,-41.5,52.5,55.5,DraftKings,1
401867977,2026,1,2026-08-29,Texas Southern,North Carolina Central,10.5,11.5,51.5,51.5,DraftKings,2
401867988,2026,1,2026-08-29,Richmond,Bucknell,-12.5,-10.5,48.5,49.5,DraftKings,2
401867989,2026,1,2026-09-05,Bucknell,Villanova,26.5,26.5,56.5,56.5,DraftKings,1
401868000,2026,1,2026-09-05,Colgate,Holy Cross,-4.5,-4.5,47.5,47.5,DraftKings,1
401868007,2026,1,2026-08-28,Fordham,Colgate,8.5,10.0,55.5,50.5,DraftKings,2
401868017,2026,1,2026-09-05,Georgetown,Lehigh,22.5,20.5,49.5,49.5,DraftKings,1
401868022,2026,1,2026-08-29,Holy Cross,Lehigh,14.0,14.0,47.5,47.5,DraftKings,2
401868040,2026,1,2026-08-28,Villanova,William & Mary,-12.5,-11.5,47.5,50.5,DraftKings,2
401868049,2026,1,2026-08-29,Lamar,Abilene Christian,7.5,7.5,49.5,49.5,DraftKings,2
401868060,2026,1,2026-08-27,Austin Peay,Gardner-Webb,-14.5,,59.5,,median,1
401868070,2026,1,2026-08-27,UT Martin,Central Arkansas,-3.0,,50.5,,median,1
401868071,2026,1,2026-09-05,Central Arkansas,West Florida,-7.5,-7.5,55.5,55.5,DraftKings,1
401868073,2026,1,2026-08-28,Cal Poly,Idaho,5.5,3.5,53.5,55.5,DraftKings,2
401868084,2026,1,2026-08-29,Northern Arizona,Eastern Washington,-5.5,-3.0,55.5,56.5,DraftKings,2
401868085,2026,1,2026-09-05,Eastern Washington,Northern Iowa,-6.5,-6.5,52.5,52.5,DraftKings,1
401868101,2026,1,2026-08-29,Idaho State,VMI,-34.5,-34.5,53.5,60.5,DraftKings,2
401868110,2026,1,2026-08-29,Montana,Southern Utah,-15.5,-16.5,59.5,58.5,DraftKings,2
401868111,2026,1,2026-09-05,Montana,Drake,-35.5,-34.5,57.5,57.5,DraftKings,1
401868118,2026,1,2026-08-29,Utah Tech,Montana State,32.5,31.5,57.5,56.5,DraftKings,2
401868119,2026,1,2026-09-05,Montana State,Butler,-45.5,-45.5,59.5,59.5,DraftKings,1
401868129,2026,1,2026-08-28,Northern Colorado,Weber State,-3.0,-3.5,50.5,49.5,DraftKings,2
401868139,2026,1,2026-08-29,Western Carolina,Eastern Kentucky,-3.0,-4.5,54.5,50.5,DraftKings,2
401868140,2026,1,2026-09-05,Jacksonville State,Eastern Kentucky,-20.5,-19.5,53.5,52.5,DraftKings,1
401868149,2026,1,2026-08-29,North Alabama,Samford,-7.0,-7.5,55.5,55.5,DraftKings,2
401868154,2026,1,2026-08-29,Portland State,UC Davis,25.5,24.5,60.5,62.5,DraftKings,2
401868158,2026,1,2026-09-05,Southern Utah,Weber State,-14.5,-14.5,58.5,58.5,DraftKings,1
401868163,2026,1,2026-09-05,San Diego,UC Davis,15.5,15.5,57.5,57.5,DraftKings,1
401868169,2026,1,2026-08-27,Lindenwood,Charleston Southern,-7.5,,45.5,,median,1
401868170,2026,1,2026-09-05,Georgia Southern,Charleston Southern,-25.5,-25.5,51.5,51.5,DraftKings,1
401868186,2026,1,2026-09-05,Wofford,Gardner-Webb,-7.0,-7.0,47.5,47.5,DraftKings,1
401868194,2026,1,2026-08-29,Tennessee State,Jackson State,12.5,15.5,49.5,49.5,DraftKings,2
401868235,2026,1,2026-08-29,Tarleton State,Prairie View A&M,-19.5,-21.5,54.5,54.5,DraftKings,2
401868240,2026,1,2026-08-27,West Georgia,Chattanooga,3.5,,50.5,,median,1
401868261,2026,1,2026-08-28,New Haven,Marist,-2.5,1.5,46.5,44.5,DraftKings,2
401868274,2026,1,2026-09-05,Mercer,Presbyterian,-21.5,-21.5,56.5,56.5,DraftKings,1
401868305,2026,1,2026-08-29,McNeese,Stephen F. Austin,12.5,13.5,49.5,49.5,DraftKings,2
401868306,2026,1,2026-09-05,Stephen F. Austin,East Texas A&M,-25.5,-25.5,56.5,56.5,DraftKings,1
401868315,2026,1,2026-08-27,SE Louisiana,Houston Christian,-24.5,,51.5,,median,1
401868316,2026,1,2026-09-05,South Alabama,SE Louisiana,-13.5,-12.5,52.5,52.5,DraftKings,1
401868324,2026,1,2026-08-29,Alabama State,Southern,-19.5,-19.5,56.5,56.5,DraftKings,2
401868336,2026,1,2026-09-05,Chattanooga,Tennessee Tech,10.5,10.5,49.5,49.5,DraftKings,1
401868356,2026,1,2026-09-05,Southern Miss,Alcorn State,-19.5,-21.0,50.5,50.5,DraftKings,1
401868394,2026,1,2026-08-29,Wofford,The Citadel,-7.5,-8.5,45.5,45.5,DraftKings,2
401868962,2026,1,2026-08-27,Nicholls,Mississippi Valley State,-28.5,,51.5,,median,1
401868967,2026,1,2026-09-06,Prairie View A&M,Texas Southern,-10.5,-10.5,54.5,54.5,DraftKings,1
401869127,2026,1,2026-09-05,Howard,Richmond,14.5,14.5,45.5,45.5,DraftKings,1
401869129,2026,1,2026-09-05,Louisiana Tech,Northwestern State,-44.5,-41.5,55.5,52.5,DraftKings,1
401869142,2026,1,2026-09-05,Louisiana,Lamar,-20.5,-18.5,48.5,48.5,DraftKings,1
401869960,2026,1,2026-09-05,James Madison,Liberty,-6.5,-6.0,50.5,50.5,Bovada,2
401870763,2026,1,2026-09-05,Troy,Sam Houston,-17.0,-17.0,55.0,50.5,Bovada,2
401870790,2026,1,2026-09-05,New Mexico State,Mercyhurst,-28.5,-24.5,52.5,50.5,DraftKings,1
401872615,2026,1,2026-08-29,South Dakota State,Stetson,-50.5,-47.5,58.5,56.5,DraftKings,2
401874035,2026,1,2026-08-27,West Florida,Southern Illinois,19.5,,55.5,,median,1
401874042,2026,1,2026-08-29,Mercer,East Texas A&M,-22.5,-23.5,57.5,60.5,DraftKings,2
